cp: warning: behavior of -n is non-portable and may change in future; use --update=none instead
=== ladder T1 S s1 RESUME from round 2 2026-09-28T05:22:58Z
resumed round 1: 3144 target proofs; ckpt ckpts/se/ladder/la_T1_S_s1_r1.pt
[lean_gate] 143840 samples, parse-fail 15157, distinct checked 112412: lean ok 55726, lean rej 56686; lean 175.9s wall (5369.9s proc, 32 workers)
[la_T1_S_s1 r2] targets (this round) SOLVED 2831/4495 = 0.630 [0.616,0.644]
  len 7: 1457/1800 = 0.809 [0.791,0.827]
  len 8: 765/1000 = 0.765 [0.738,0.790]
  len 9: 498/1004 = 0.496 [0.465,0.527]
  len 10: 101/456 = 0.221 [0.186,0.262]
  len 11: 8/99 = 0.081 [0.042,0.151]
  len 12: 2/106 = 0.019 [0.005,0.066]
  len 13: 0/16 = 0.000 [0.000,0.194]
  len 14: 0/14 = 0.000 [0.000,0.215]
  written hist {5: 1, 6: 1, 7: 1630, 8: 1399, 9: 947, 10: 270, 11: 53, 12: 21, 13: 4, 14: 2}
  pruned hist {4: 1, 5: 79, 6: 376, 7: 1624, 8: 1265, 9: 736, 10: 187, 11: 46, 12: 12, 13: 1, 14: 1}
  frontier written 12 pruned 12
  reasons [('lean rejected', 62102), ('lean_seq parse: env: unbound', 6666), ('lean_seq parse: env: exact goal mismatch', 2219), ('lean_seq parse: env: binder mismatch', 1457), ('lean_seq parse: env: exact not last', 1442), ('lean_seq parse: env: Or.elim on non-or', 909)]
[lean_gate] 73120 samples, parse-fail 11101, distinct checked 55654: lean ok 12515, lean rej 43139; lean 95.7s wall (2871.1s proc, 32 workers)
[la_T1_S_s1 r2] transfer (this round, pass@32) SOLVED 849/2285 = 0.372 [0.352,0.392]
  len 7: 142/300 = 0.473 [0.418,0.530]
  len 8: 159/300 = 0.530 [0.473,0.586]
  len 9: 471/1010 = 0.466 [0.436,0.497]
  len 10: 69/451 = 0.153 [0.123,0.189]
  len 11: 7/99 = 0.071 [0.035,0.139]
  len 12: 1/102 = 0.010 [0.002,0.053]
  len 13: 0/13 = 0.000 [0.000,0.228]
  len 14: 0/10 = 0.000 [0.000,0.278]
  written hist {7: 155, 8: 221, 9: 739, 10: 167, 11: 28, 12: 5, 13: 1, 14: 1, 15: 1, 18: 1}
  pruned hist {5: 8, 6: 16, 7: 198, 8: 367, 9: 584, 10: 120, 11: 18, 12: 4, 13: 1, 14: 1, 15: 1, 18: 1}
  frontier written 12 pruned 11
  reasons [('lean rejected', 47323), ('lean_seq parse: env: unbound', 4645), ('lean_seq parse: env: exact goal mismatch', 1679), ('lean_seq parse: env: binder mismatch', 1526), ('lean_seq parse: env: exact not last', 783), ('lean_seq parse: env: formula', 661)]
[lean_gate] 2285 samples, parse-fail 240, distinct checked 2045: lean ok 541, lean rej 1504; lean 4.4s wall (21.6s proc, 32 workers)
[la_T1_S_s1 r2] transfer greedy SOLVED 541/2285 = 0.237 [0.220,0.255]
  len 7: 98/300 = 0.327 [0.276,0.382]
  len 8: 121/300 = 0.403 [0.349,0.460]
  len 9: 289/1010 = 0.286 [0.259,0.315]
  len 10: 29/451 = 0.064 [0.045,0.091]
  len 11: 4/99 = 0.040 [0.016,0.099]
  len 12: 0/102 = 0.000 [0.000,0.036]
  len 13: 0/13 = 0.000 [0.000,0.228]
  len 14: 0/10 = 0.000 [0.000,0.278]
  written hist {7: 94, 8: 113, 9: 292, 10: 35, 11: 7}
  pruned hist {5: 3, 6: 5, 7: 98, 8: 160, 9: 242, 10: 27, 11: 6}
  frontier written 11 pruned 11
  reasons [('lean rejected', 1504), ('lean_seq parse: env: unbound', 83), ('lean_seq parse: env: exact goal mismatch', 48), ('lean_seq parse: env: binder mismatch', 38), ('lean_seq parse: env: Or.elim on non-or', 21), ('lean_seq parse: env: box on non-arrow', 17)]
[lean_gate] 5000 samples, parse-fail 202, distinct checked 4798: lean ok 4629, lean rej 169; lean 5.2s wall (53.1s proc, 32 workers)
[la_T1_S_s1 r2] heldout greedy SOLVED 4629/5000 = 0.926 [0.918,0.933]
  len 2: 996/1000 = 0.996 [0.990,0.998]
  len 3: 941/1000 = 0.941 [0.925,0.954]
  len 4: 908/1000 = 0.908 [0.888,0.924]
  len 5: 894/1000 = 0.894 [0.873,0.912]
  len 6: 890/1000 = 0.890 [0.869,0.908]
  written hist {2: 1020, 3: 941, 4: 890, 5: 921, 6: 851, 7: 4, 8: 1, 13: 1}
  pruned hist {2: 1022, 3: 942, 4: 894, 5: 922, 6: 845, 7: 3, 8: 1}
  frontier written 6 pruned 6
  reasons [('lean_seq parse: env: unbound', 176), ('lean rejected', 169), ('lean_seq parse: env: exact goal mismatch', 11), ('lean_seq parse: env: binder mismatch', 4), ('lean_seq parse: env: names exhausted', 3), ('lean_seq parse: env: Or.elim on non-or', 2)]
[la_T1_S_s1 r2] targets cumulative: solved 2836/4495 L*=11 ge={7: 2836, 8: 1378, 9: 610, 10: 111, 11: 10, 12: 2}
[la_T1_S_s1 r2] transfer cumulative: solved 886/2285 L*=11 ge={7: 886, 8: 740, 9: 575, 10: 82, 11: 8, 12: 1}
python3 state_train.py --data artifacts/se/la_T1_S_s1/mix_2.jsonl --init ckpts/se/ladder/la_T1_S_s1_r1.pt --steps 600 --lr 0.0003 --min_lr 2.9999999999999997e-05 --warmup 50 --cap 0 --out ckpts/se/ladder/la_T1_S_s1_r2.pt --seed 1002 --log_every 200 --recs 128
params 3216384 mode lean_state
train records 37000 (skipped 0); pairs 253446; mean 6.850 per proof; max pair len 322; load 12s
step 200 loss 0.0404 lr 2.53e-04 pairs/batch 878 50s
step 400 loss 0.0380 lr 1.09e-04 pairs/batch 877 98s
step 600 loss 0.0381 lr 3.00e-05 pairs/batch 875 146s
saved ckpts/se/ladder/la_T1_S_s1_r2.pt
=== round 2 done in 1278s; new proofs 1252; cum targets solved 2836 L*=11; transfer L*=11
[lean_gate] 143840 samples, parse-fail 14741, distinct checked 112586: lean ok 66013, lean rej 46573; lean 180.4s wall (5551.5s proc, 32 workers)
[la_T1_S_s1 r3] targets (this round) SOLVED 3061/4495 = 0.681 [0.667,0.694]
  len 7: 1498/1800 = 0.832 [0.814,0.849]
  len 8: 815/1000 = 0.815 [0.790,0.838]
  len 9: 587/1004 = 0.585 [0.554,0.615]
  len 10: 147/456 = 0.322 [0.281,0.367]
  len 11: 12/99 = 0.121 [0.071,0.200]
  len 12: 2/106 = 0.019 [0.005,0.066]
  len 13: 0/16 = 0.000 [0.000,0.194]
  len 14: 0/14 = 0.000 [0.000,0.215]
  written hist {5: 1, 6: 1, 7: 1730, 8: 1562, 9: 1192, 10: 420, 11: 94, 12: 45, 13: 10, 14: 8, 15: 1, 18: 1}
  pruned hist {4: 1, 5: 92, 6: 418, 7: 1768, 8: 1442, 9: 932, 10: 299, 11: 70, 12: 30, 13: 6, 14: 6, 15: 1}
  frontier written 14 pruned 14
  reasons [('lean rejected', 50857), ('lean_seq parse: env: unbound', 6602), ('lean_seq parse: env: exact not last', 1762), ('lean_seq parse: env: exact goal mismatch', 1647), ('lean_seq parse: env: binder mismatch', 1556), ('lean_seq parse: env: Or.elim on non-or', 1054)]
[lean_gate] 73120 samples, parse-fail 10873, distinct checked 55716: lean ok 16052, lean rej 39664; lean 99.6s wall (2965.7s proc, 32 workers)
[la_T1_S_s1 r3] transfer (this round, pass@32) SOLVED 1024/2285 = 0.448 [0.428,0.469]
  len 7: 156/300 = 0.520 [0.464,0.576]
  len 8: 178/300 = 0.593 [0.537,0.647]
  len 9: 561/1010 = 0.555 [0.525,0.586]
  len 10: 109/451 = 0.242 [0.204,0.283]
  len 11: 17/99 = 0.172 [0.110,0.258]
  len 12: 3/102 = 0.029 [0.010,0.083]
  len 13: 0/13 = 0.000 [0.000,0.228]
  len 14: 0/10 = 0.000 [0.000,0.278]
  written hist {7: 164, 8: 243, 9: 906, 10: 282, 11: 61, 12: 19, 13: 12, 14: 2, 15: 2, 23: 1}
  pruned hist {5: 10, 6: 14, 7: 221, 8: 418, 9: 739, 10: 215, 11: 48, 12: 15, 13: 9, 14: 1, 15: 2}
  frontier written 13 pruned 13
  reasons [('lean rejected', 43511), ('lean_seq parse: env: unbound', 4499), ('lean_seq parse: env: binder mismatch', 1568), ('lean_seq parse: env: exact goal mismatch', 1484), ('lean_seq parse: env: exact not last', 918), ('lean_seq parse: env: Or.elim on non-or', 754)]
[lean_gate] 2285 samples, parse-fail 203, distinct checked 2082: lean ok 662, lean rej 1420; lean 4.6s wall (22.7s proc, 32 workers)
[la_T1_S_s1 r3] transfer greedy SOLVED 662/2285 = 0.290 [0.271,0.309]
  len 7: 117/300 = 0.390 [0.337,0.446]
  len 8: 134/300 = 0.447 [0.391,0.503]
  len 9: 349/1010 = 0.346 [0.317,0.375]
  len 10: 57/451 = 0.126 [0.099,0.160]
  len 11: 5/99 = 0.051 [0.022,0.113]
  len 12: 0/102 = 0.000 [0.000,0.036]
  len 13: 0/13 = 0.000 [0.000,0.228]
  len 14: 0/10 = 0.000 [0.000,0.278]
  written hist {7: 109, 8: 128, 9: 341, 10: 71, 11: 12, 12: 1}
  pruned hist {5: 2, 6: 6, 7: 115, 8: 186, 9: 291, 10: 54, 11: 7, 12: 1}
  frontier written 11 pruned 11
  reasons [('lean rejected', 1420), ('lean_seq parse: env: unbound', 59), ('lean_seq parse: env: binder mismatch', 48), ('lean_seq parse: env: exact goal mismatch', 35), ('lean_seq parse: env: Or.elim on non-or', 24), ('lean_seq parse: env: formula', 19)]
[lean_gate] 5000 samples, parse-fail 33, distinct checked 4967: lean ok 4830, lean rej 137; lean 5.4s wall (57.6s proc, 32 workers)
[la_T1_S_s1 r3] heldout greedy SOLVED 4830/5000 = 0.966 [0.961,0.971]
  len 2: 997/1000 = 0.997 [0.991,0.999]
  len 3: 985/1000 = 0.985 [0.975,0.991]
  len 4: 971/1000 = 0.971 [0.959,0.980]
  len 5: 942/1000 = 0.942 [0.926,0.955]
  len 6: 935/1000 = 0.935 [0.918,0.949]
  written hist {2: 1021, 3: 986, 4: 947, 5: 958, 6: 910, 7: 5, 8: 1, 10: 1, 13: 1}
  pruned hist {2: 1024, 3: 990, 4: 951, 5: 959, 6: 901, 7: 3, 8: 1, 13: 1}
  frontier written 7 pruned 6
  reasons [('lean rejected', 137), ('lean_seq parse: env: exact goal mismatch', 12), ('lean_seq parse: env: binder mismatch', 6), ('lean_seq parse: env: formula', 6), ('lean_seq parse: env: unbound', 3), ('lean_seq parse: env: box head', 2)]
[la_T1_S_s1 r3] targets cumulative: solved 3061/4495 L*=11 ge={7: 3061, 8: 1563, 9: 748, 10: 161, 11: 14, 12: 2}
[la_T1_S_s1 r3] transfer cumulative: solved 1069/2285 L*=11 ge={7: 1069, 8: 907, 9: 721, 10: 135, 11: 20, 12: 3}
python3 state_train.py --data artifacts/se/la_T1_S_s1/mix_3.jsonl --init ckpts/se/ladder/la_T1_S_s1_r2.pt --steps 600 --lr 0.0003 --min_lr 2.9999999999999997e-05 --warmup 50 --cap 0 --out ckpts/se/ladder/la_T1_S_s1_r3.pt --seed 1003 --log_every 200 --recs 128
params 3216384 mode lean_state
train records 39628 (skipped 0); pairs 279931; mean 7.064 per proof; max pair len 302; load 13s
step 200 loss 0.0410 lr 2.53e-04 pairs/batch 902 51s
step 400 loss 0.0371 lr 1.09e-04 pairs/batch 905 101s
step 600 loss 0.0392 lr 3.00e-05 pairs/batch 905 151s
saved ckpts/se/ladder/la_T1_S_s1_r3.pt
=== round 3 done in 1323s; new proofs 771; cum targets solved 3061 L*=11; transfer L*=11
[lean_gate] 143840 samples, parse-fail 14388, distinct checked 113088: lean ok 71392, lean rej 41696; lean 176.1s wall (5388.1s proc, 32 workers)
[la_T1_S_s1 r4] targets (this round) SOLVED 3213/4495 = 0.715 [0.701,0.728]
  len 7: 1531/1800 = 0.851 [0.833,0.866]
  len 8: 844/1000 = 0.844 [0.820,0.865]
  len 9: 651/1004 = 0.648 [0.618,0.677]
  len 10: 170/456 = 0.373 [0.330,0.418]
  len 11: 15/99 = 0.152 [0.094,0.235]
  len 12: 2/106 = 0.019 [0.005,0.066]
  len 13: 0/16 = 0.000 [0.000,0.194]
  len 14: 0/14 = 0.000 [0.000,0.215]
  written hist {5: 1, 6: 1, 7: 1787, 8: 1730, 9: 1437, 10: 571, 11: 148, 12: 69, 13: 24, 14: 19, 15: 2, 16: 3, 17: 1, 18: 2, 19: 2}
  pruned hist {4: 1, 5: 103, 6: 461, 7: 1906, 8: 1631, 9: 1119, 10: 392, 11: 95, 12: 51, 13: 16, 14: 13, 15: 2, 16: 3, 17: 1, 18: 3}
  frontier written 14 pruned 14
  reasons [('lean rejected', 45338), ('lean_seq parse: env: unbound', 6545), ('lean_seq parse: env: exact goal mismatch', 1649), ('lean_seq parse: env: exact not last', 1460), ('lean_seq parse: env: binder mismatch', 1172), ('lean_seq parse: env: Or.elim on non-or', 1014)]
[lean_gate] 73120 samples, parse-fail 10584, distinct checked 56024: lean ok 17996, lean rej 38028; lean 97.6s wall (2917.9s proc, 32 workers)
[la_T1_S_s1 r4] transfer (this round, pass@32) SOLVED 1124/2285 = 0.492 [0.471,0.512]
  len 7: 162/300 = 0.540 [0.483,0.596]
  len 8: 191/300 = 0.637 [0.581,0.689]
  len 9: 617/1010 = 0.611 [0.580,0.640]
  len 10: 133/451 = 0.295 [0.255,0.339]
  len 11: 16/99 = 0.162 [0.102,0.247]
  len 12: 5/102 = 0.049 [0.021,0.110]
  len 13: 0/13 = 0.000 [0.000,0.228]
  len 14: 0/10 = 0.000 [0.000,0.278]
  written hist {7: 170, 8: 273, 9: 1025, 10: 351, 11: 104, 12: 42, 13: 15, 14: 6, 15: 4, 16: 1, 18: 2}
  pruned hist {5: 8, 6: 17, 7: 237, 8: 469, 9: 866, 10: 270, 11: 72, 12: 36, 13: 11, 14: 2, 15: 3, 18: 2}
  frontier written 14 pruned 13
  reasons [('lean rejected', 41472), ('lean_seq parse: env: unbound', 4444), ('lean_seq parse: env: exact goal mismatch', 1451), ('lean_seq parse: env: binder mismatch', 1129), ('lean_seq parse: env: Or.elim on non-or', 769), ('lean_seq parse: env: exact not last', 751)]
[lean_gate] 2285 samples, parse-fail 267, distinct checked 2018: lean ok 693, lean rej 1325; lean 4.3s wall (20.9s proc, 32 workers)
[la_T1_S_s1 r4] transfer greedy SOLVED 693/2285 = 0.303 [0.285,0.322]
  len 7: 126/300 = 0.420 [0.366,0.477]
  len 8: 133/300 = 0.443 [0.388,0.500]
  len 9: 358/1010 = 0.354 [0.326,0.384]
  len 10: 69/451 = 0.153 [0.123,0.189]
  len 11: 5/99 = 0.051 [0.022,0.113]
  len 12: 2/102 = 0.020 [0.005,0.069]
  len 13: 0/13 = 0.000 [0.000,0.228]
  len 14: 0/10 = 0.000 [0.000,0.278]
  written hist {7: 117, 8: 134, 9: 341, 10: 82, 11: 13, 12: 4, 13: 2}
  pruned hist {5: 2, 6: 6, 7: 127, 8: 188, 9: 283, 10: 72, 11: 9, 12: 4, 13: 2}
  frontier written 11 pruned 11
  reasons [('lean rejected', 1325), ('lean_seq parse: env: unbound', 104), ('lean_seq parse: env: exact goal mismatch', 39), ('lean_seq parse: env: binder mismatch', 38), ('lean_seq parse: env: exact not last', 28), ('lean_seq parse: env: Or.elim on non-or', 21)]
[lean_gate] 5000 samples, parse-fail 85, distinct checked 4915: lean ok 4750, lean rej 165; lean 5.2s wall (55.2s proc, 32 workers)
[la_T1_S_s1 r4] heldout greedy SOLVED 4750/5000 = 0.950 [0.944,0.956]
  len 2: 997/1000 = 0.997 [0.991,0.999]
  len 3: 966/1000 = 0.966 [0.953,0.976]
  len 4: 952/1000 = 0.952 [0.937,0.964]
  len 5: 920/1000 = 0.920 [0.902,0.935]
  len 6: 915/1000 = 0.915 [0.896,0.931]
  written hist {2: 1024, 3: 962, 4: 937, 5: 953, 6: 863, 7: 6, 8: 2, 10: 2, 16: 1}
  pruned hist {2: 1027, 3: 963, 4: 948, 5: 949, 6: 859, 7: 1, 8: 1, 10: 1, 16: 1}
  frontier written 7 pruned 6
  reasons [('lean rejected', 165), ('lean_seq parse: env: unbound', 61), ('lean_seq parse: env: exact goal mismatch', 12), ('lean_seq parse: env: binder mismatch', 3), ('lean_seq parse: env: formula', 3), ('lean_seq parse: env: Or.elim on non-or', 2)]
[la_T1_S_s1 r4] targets cumulative: solved 3214/4495 L*=11 ge={7: 3214, 8: 1683, 9: 839, 10: 187, 11: 17, 12: 2}
[la_T1_S_s1 r4] transfer cumulative: solved 1190/2285 L*=12 ge={7: 1190, 8: 1019, 9: 817, 10: 167, 11: 26, 12: 7}
python3 state_train.py --data artifacts/se/la_T1_S_s1/mix_4.jsonl --init ckpts/se/ladder/la_T1_S_s1_r3.pt --steps 600 --lr 0.0003 --min_lr 2.9999999999999997e-05 --warmup 50 --cap 0 --out ckpts/se/ladder/la_T1_S_s1_r4.pt --seed 1004 --log_every 200 --recs 128
params 3216384 mode lean_state
train records 42380 (skipped 0); pairs 308480; mean 7.279 per proof; max pair len 302; load 14s
step 200 loss 0.0409 lr 2.53e-04 pairs/batch 931 53s
step 400 loss 0.0329 lr 1.09e-04 pairs/batch 931 106s
step 600 loss 0.0362 lr 3.00e-05 pairs/batch 934 159s
saved ckpts/se/ladder/la_T1_S_s1_r4.pt
=== round 4 done in 1334s; new proofs 822; cum targets solved 3214 L*=11; transfer L*=12
[lean_gate] 143840 samples, parse-fail 13526, distinct checked 114300: lean ok 76085, lean rej 38215; lean 175.9s wall (5411.3s proc, 32 workers)
[la_T1_S_s1 r5] targets (this round) SOLVED 3303/4495 = 0.735 [0.722,0.748]
  len 7: 1557/1800 = 0.865 [0.848,0.880]
  len 8: 866/1000 = 0.866 [0.843,0.886]
  len 9: 680/1004 = 0.677 [0.648,0.705]
  len 10: 179/456 = 0.393 [0.349,0.438]
  len 11: 19/99 = 0.192 [0.126,0.280]
  len 12: 2/106 = 0.019 [0.005,0.066]
  len 13: 0/16 = 0.000 [0.000,0.194]
  len 14: 0/14 = 0.000 [0.000,0.215]
  written hist {5: 1, 6: 1, 7: 1829, 8: 1889, 9: 1645, 10: 741, 11: 212, 12: 114, 13: 51, 14: 29, 15: 7, 16: 17, 17: 5, 18: 3, 19: 3, 21: 1}
  pruned hist {3: 1, 4: 1, 5: 105, 6: 498, 7: 2047, 8: 1777, 9: 1305, 10: 515, 11: 120, 12: 90, 13: 36, 14: 20, 15: 8, 16: 14, 17: 5, 18: 5, 21: 1}
  frontier written 17 pruned 18
  reasons [('lean rejected', 41304), ('lean_seq parse: env: unbound', 6001), ('lean_seq parse: env: exact goal mismatch', 1324), ('lean_seq parse: env: exact not last', 1240), ('lean_seq parse: env: Or.elim on non-or', 1240), ('lean_seq parse: env: binder mismatch', 1226)]
[lean_gate] 73120 samples, parse-fail 10563, distinct checked 56192: lean ok 19242, lean rej 36950; lean 96.8s wall (2884.0s proc, 32 workers)
[la_T1_S_s1 r5] transfer (this round, pass@32) SOLVED 1168/2285 = 0.511 [0.491,0.532]
  len 7: 168/300 = 0.560 [0.503,0.615]
  len 8: 198/300 = 0.660 [0.605,0.711]
  len 9: 628/1010 = 0.622 [0.591,0.651]
  len 10: 147/451 = 0.326 [0.284,0.371]
  len 11: 20/99 = 0.202 [0.135,0.292]
  len 12: 6/102 = 0.059 [0.027,0.122]
  len 13: 1/13 = 0.077 [0.014,0.333]
  len 14: 0/10 = 0.000 [0.000,0.278]
  written hist {7: 177, 8: 279, 9: 1075, 10: 403, 11: 129, 12: 62, 13: 23, 14: 11, 15: 6, 16: 3}
  pruned hist {5: 7, 6: 17, 7: 250, 8: 474, 9: 938, 10: 307, 11: 86, 12: 54, 13: 24, 14: 5, 15: 5, 16: 1}
  frontier written 15 pruned 15
  reasons [('lean rejected', 40150), ('lean_seq parse: env: unbound', 4047), ('lean_seq parse: env: exact goal mismatch', 1400), ('lean_seq parse: env: binder mismatch', 1380), ('lean_seq parse: env: Or.elim on non-or', 1043), ('lean_seq parse: env: exact not last', 697)]
[lean_gate] 2285 samples, parse-fail 279, distinct checked 2006: lean ok 686, lean rej 1320; lean 4.6s wall (21.5s proc, 32 workers)
[la_T1_S_s1 r5] transfer greedy SOLVED 686/2285 = 0.300 [0.282,0.319]
  len 7: 122/300 = 0.407 [0.353,0.463]
  len 8: 129/300 = 0.430 [0.375,0.487]
  len 9: 351/1010 = 0.348 [0.319,0.377]
  len 10: 75/451 = 0.166 [0.135,0.203]
  len 11: 8/99 = 0.081 [0.042,0.151]
  len 12: 1/102 = 0.010 [0.002,0.053]
  len 13: 0/13 = 0.000 [0.000,0.228]
  len 14: 0/10 = 0.000 [0.000,0.278]
  written hist {7: 118, 8: 121, 9: 331, 10: 92, 11: 15, 12: 5, 13: 1, 14: 2, 15: 1}
  pruned hist {5: 2, 6: 6, 7: 130, 8: 173, 9: 281, 10: 77, 11: 11, 12: 3, 13: 1, 14: 1, 15: 1}
  frontier written 12 pruned 11
  reasons [('lean rejected', 1320), ('lean_seq parse: env: unbound', 89), ('lean_seq parse: env: binder mismatch', 46), ('lean_seq parse: env: exact not last', 37), ('lean_seq parse: env: exact goal mismatch', 33), ('lean_seq parse: env: Or.elim on non-or', 27)]
[lean_gate] 5000 samples, parse-fail 100, distinct checked 4900: lean ok 4699, lean rej 201; lean 5.3s wall (57.5s proc, 32 workers)
[la_T1_S_s1 r5] heldout greedy SOLVED 4699/5000 = 0.940 [0.933,0.946]
  len 2: 998/1000 = 0.998 [0.993,0.999]
  len 3: 979/1000 = 0.979 [0.968,0.986]
  len 4: 927/1000 = 0.927 [0.909,0.942]
  len 5: 894/1000 = 0.894 [0.873,0.912]
  len 6: 901/1000 = 0.901 [0.881,0.918]
  written hist {2: 1025, 3: 974, 4: 918, 5: 912, 6: 856, 7: 7, 8: 4, 10: 3}
  pruned hist {2: 1029, 3: 978, 4: 915, 5: 916, 6: 855, 7: 2, 8: 2, 10: 2}
  frontier written 7 pruned 6
  reasons [('lean rejected', 201), ('lean_seq parse: env: unbound', 74), ('lean_seq parse: env: exact goal mismatch', 10), ('lean_seq parse: env: binder mismatch', 4), ('lean_seq parse: env: formula', 4), ('lean_seq parse: env: Or.elim on non-or', 2)]
[la_T1_S_s1 r5] targets cumulative: solved 3303/4495 L*=11 ge={7: 3303, 8: 1746, 9: 880, 10: 200, 11: 21, 12: 2}
[la_T1_S_s1 r5] transfer cumulative: solved 1251/2285 L*=12 ge={7: 1251, 8: 1075, 9: 866, 10: 188, 11: 32, 12: 9}
python3 state_train.py --data artifacts/se/la_T1_S_s1/mix_5.jsonl --init ckpts/se/ladder/la_T1_S_s1_r4.pt --steps 600 --lr 0.0003 --min_lr 2.9999999999999997e-05 --warmup 50 --cap 0 --out ckpts/se/ladder/la_T1_S_s1_r5.pt --seed 1005 --log_every 200 --recs 128
params 3216384 mode lean_state
train records 44864 (skipped 0); pairs 334452; mean 7.455 per proof; max pair len 362; load 15s
step 200 loss 0.0411 lr 2.53e-04 pairs/batch 953 55s
step 400 loss 0.0419 lr 1.09e-04 pairs/batch 954 109s
step 600 loss 0.0359 lr 3.00e-05 pairs/batch 956 163s
saved ckpts/se/ladder/la_T1_S_s1_r5.pt
=== round 5 done in 1345s; new proofs 835; cum targets solved 3303 L*=11; transfer L*=12
[lean_gate] 143840 samples, parse-fail 14867, distinct checked 113489: lean ok 77836, lean rej 35653; lean 172.6s wall (5300.2s proc, 32 workers)
[la_T1_S_s1 r6] targets (this round) SOLVED 3380/4495 = 0.752 [0.739,0.764]
  len 7: 1580/1800 = 0.878 [0.862,0.892]
  len 8: 881/1000 = 0.881 [0.859,0.900]
  len 9: 701/1004 = 0.698 [0.669,0.726]
  len 10: 193/456 = 0.423 [0.379,0.469]
  len 11: 23/99 = 0.232 [0.160,0.325]
  len 12: 2/106 = 0.019 [0.005,0.066]
  len 13: 0/16 = 0.000 [0.000,0.194]
  len 14: 0/14 = 0.000 [0.000,0.215]
  written hist {5: 1, 6: 1, 7: 1864, 8: 2089, 9: 1840, 10: 907, 11: 281, 12: 158, 13: 81, 14: 52, 15: 21, 16: 24, 17: 2, 18: 6, 19: 4, 20: 2, 21: 2, 24: 1}
  pruned hist {3: 1, 4: 2, 5: 116, 6: 544, 7: 2221, 8: 1947, 9: 1471, 10: 599, 11: 168, 12: 122, 13: 58, 14: 35, 15: 18, 16: 20, 17: 2, 18: 7, 19: 1, 20: 2, 21: 1, 24: 1}
  frontier written 18 pruned 18
  reasons [('lean rejected', 38361), ('lean_seq parse: env: unbound', 6297), ('lean_seq parse: env: exact not last', 2266), ('lean_seq parse: env: exact goal mismatch', 1463), ('lean_seq parse: env: binder mismatch', 1259), ('lean_seq parse: env: names exhausted', 1160)]
[lean_gate] 73120 samples, parse-fail 10991, distinct checked 56079: lean ok 20364, lean rej 35715; lean 95.7s wall (2852.3s proc, 32 workers)
[la_T1_S_s1 r6] transfer (this round, pass@32) SOLVED 1220/2285 = 0.534 [0.513,0.554]
  len 7: 173/300 = 0.577 [0.520,0.631]
  len 8: 205/300 = 0.683 [0.629,0.733]
  len 9: 659/1010 = 0.652 [0.623,0.681]
  len 10: 156/451 = 0.346 [0.303,0.391]
  len 11: 20/99 = 0.202 [0.135,0.292]
  len 12: 6/102 = 0.059 [0.027,0.122]
  len 13: 1/13 = 0.077 [0.014,0.333]
  len 14: 0/10 = 0.000 [0.000,0.278]
  written hist {7: 186, 8: 302, 9: 1153, 10: 493, 11: 158, 12: 83, 13: 41, 14: 29, 15: 6, 16: 4, 18: 2, 20: 1, 21: 1, 23: 1}
  pruned hist {5: 12, 6: 19, 7: 262, 8: 551, 9: 995, 10: 377, 11: 113, 12: 71, 13: 32, 14: 18, 15: 5, 16: 1, 18: 2, 20: 1, 21: 1}
  frontier written 15 pruned 15
  reasons [('lean rejected', 38656), ('lean_seq parse: env: unbound', 4264), ('lean_seq parse: env: exact goal mismatch', 1608), ('lean_seq parse: env: binder mismatch', 1314), ('lean_seq parse: env: exact not last', 1107), ('lean_seq parse: env: Or.elim on non-or', 947)]
[lean_gate] 2285 samples, parse-fail 218, distinct checked 2067: lean ok 812, lean rej 1255; lean 4.5s wall (21.8s proc, 32 workers)
[la_T1_S_s1 r6] transfer greedy SOLVED 812/2285 = 0.355 [0.336,0.375]
  len 7: 124/300 = 0.413 [0.359,0.470]
  len 8: 161/300 = 0.537 [0.480,0.592]
  len 9: 434/1010 = 0.430 [0.399,0.460]
  len 10: 83/451 = 0.184 [0.151,0.222]
  len 11: 8/99 = 0.081 [0.042,0.151]
  len 12: 2/102 = 0.020 [0.005,0.069]
  len 13: 0/13 = 0.000 [0.000,0.228]
  len 14: 0/10 = 0.000 [0.000,0.278]
  written hist {7: 111, 8: 152, 9: 402, 10: 112, 11: 22, 12: 6, 13: 5, 14: 2}
  pruned hist {5: 2, 6: 8, 7: 127, 8: 210, 9: 347, 10: 89, 11: 18, 12: 6, 13: 4, 14: 1}
  frontier written 13 pruned 12
  reasons [('lean rejected', 1255), ('lean_seq parse: env: unbound', 70), ('lean_seq parse: env: exact goal mismatch', 38), ('lean_seq parse: env: binder mismatch', 34), ('lean_seq parse: env: Or.elim on non-or', 30), ('lean_seq parse: env: exact not last', 23)]
[lean_gate] 5000 samples, parse-fail 59, distinct checked 4941: lean ok 4803, lean rej 138; lean 5.4s wall (57.2s proc, 32 workers)
[la_T1_S_s1 r6] heldout greedy SOLVED 4803/5000 = 0.961 [0.955,0.966]
  len 2: 998/1000 = 0.998 [0.993,0.999]
  len 3: 988/1000 = 0.988 [0.979,0.993]
  len 4: 965/1000 = 0.965 [0.952,0.975]
  len 5: 936/1000 = 0.936 [0.919,0.950]
  len 6: 916/1000 = 0.916 [0.897,0.932]
  written hist {2: 1024, 3: 985, 4: 956, 5: 954, 6: 868, 7: 10, 8: 1, 9: 2, 10: 2, 13: 1}
  pruned hist {2: 1028, 3: 991, 4: 953, 5: 958, 6: 868, 7: 2, 9: 1, 10: 1, 13: 1}
  frontier written 7 pruned 6
  reasons [('lean rejected', 138), ('lean_seq parse: env: unbound', 35), ('lean_seq parse: env: exact goal mismatch', 11), ('lean_seq parse: env: exact not last', 5), ('lean_seq parse: env: binder mismatch', 4), ('lean_seq parse: env: formula', 2)]
[la_T1_S_s1 r6] targets cumulative: solved 3381/4495 L*=11 ge={7: 3381, 8: 1801, 9: 920, 10: 218, 11: 25, 12: 2}
[la_T1_S_s1 r6] transfer cumulative: solved 1310/2285 L*=12 ge={7: 1310, 8: 1128, 9: 909, 10: 202, 11: 34, 12: 10}
python3 state_train.py --data artifacts/se/la_T1_S_s1/mix_6.jsonl --init ckpts/se/ladder/la_T1_S_s1_r5.pt --steps 600 --lr 0.0003 --min_lr 2.9999999999999997e-05 --warmup 50 --cap 0 --out ckpts/se/ladder/la_T1_S_s1_r6.pt --seed 1006 --log_every 200 --recs 128
params 3216384 mode lean_state
train records 47492 (skipped 0); pairs 363262; mean 7.649 per proof; max pair len 318; load 16s
step 200 loss 0.0405 lr 2.53e-04 pairs/batch 978 56s
step 400 loss 0.0379 lr 1.09e-04 pairs/batch 980 111s
step 600 loss 0.0365 lr 3.00e-05 pairs/batch 979 165s
saved ckpts/se/ladder/la_T1_S_s1_r6.pt
=== round 6 done in 1354s; new proofs 908; cum targets solved 3381 L*=11; transfer L*=12
[lean_gate] 143840 samples, parse-fail 15026, distinct checked 113831: lean ok 80713, lean rej 33118; lean 171.3s wall (5244.3s proc, 32 workers)
[la_T1_S_s1 r7] targets (this round) SOLVED 3450/4495 = 0.768 [0.755,0.780]
  len 7: 1596/1800 = 0.887 [0.871,0.900]
  len 8: 897/1000 = 0.897 [0.877,0.914]
  len 9: 722/1004 = 0.719 [0.691,0.746]
  len 10: 203/456 = 0.445 [0.400,0.491]
  len 11: 29/99 = 0.293 [0.212,0.389]
  len 12: 3/106 = 0.028 [0.010,0.080]
  len 13: 0/16 = 0.000 [0.000,0.194]
  len 14: 0/14 = 0.000 [0.000,0.215]
  written hist {5: 1, 6: 1, 7: 1906, 8: 2249, 9: 1987, 10: 1064, 11: 367, 12: 192, 13: 131, 14: 75, 15: 39, 16: 35, 17: 8, 18: 7, 19: 4, 20: 4, 21: 3, 22: 1, 24: 3}
  pruned hist {3: 1, 4: 2, 5: 117, 6: 595, 7: 2366, 8: 2087, 9: 1599, 10: 714, 11: 200, 12: 161, 13: 97, 14: 51, 15: 33, 16: 28, 17: 8, 18: 8, 19: 2, 20: 4, 21: 2, 24: 2}
  frontier written 18 pruned 18
  reasons [('lean rejected', 35563), ('lean_seq parse: env: unbound', 6121), ('lean_seq parse: env: exact not last', 2175), ('lean_seq parse: env: binder mismatch', 1585), ('lean_seq parse: env: Or.elim on non-or', 1409), ('lean_seq parse: env: exact goal mismatch', 1219)]
[lean_gate] 73120 samples, parse-fail 11492, distinct checked 55611: lean ok 21115, lean rej 34496; lean 95.2s wall (2844.0s proc, 32 workers)
[la_T1_S_s1 r7] transfer (this round, pass@32) SOLVED 1232/2285 = 0.539 [0.519,0.560]
  len 7: 178/300 = 0.593 [0.537,0.647]
  len 8: 216/300 = 0.720 [0.667,0.768]
  len 9: 659/1010 = 0.652 [0.623,0.681]
  len 10: 155/451 = 0.344 [0.301,0.389]
  len 11: 19/99 = 0.192 [0.126,0.280]
  len 12: 4/102 = 0.039 [0.015,0.097]
  len 13: 1/13 = 0.077 [0.014,0.333]
  len 14: 0/10 = 0.000 [0.000,0.278]
  written hist {7: 186, 8: 320, 9: 1177, 10: 531, 11: 179, 12: 94, 13: 63, 14: 33, 15: 19, 16: 8, 17: 2, 18: 2, 19: 1, 21: 1}
  pruned hist {5: 12, 6: 19, 7: 282, 8: 559, 9: 1058, 10: 383, 11: 126, 12: 80, 13: 51, 14: 18, 15: 16, 16: 7, 17: 1, 18: 3, 21: 1}
  frontier written 16 pruned 16
  reasons [('lean rejected', 37248), ('lean_seq parse: env: unbound', 3890), ('lean_seq parse: env: binder mismatch', 1885), ('lean_seq parse: env: exact goal mismatch', 1363), ('lean_seq parse: env: Or.elim on non-or', 1216), ('lean_seq parse: env: exact not last', 1139)]
[lean_gate] 2285 samples, parse-fail 202, distinct checked 2083: lean ok 884, lean rej 1199; lean 4.7s wall (23.3s proc, 32 workers)
[la_T1_S_s1 r7] transfer greedy SOLVED 884/2285 = 0.387 [0.367,0.407]
  len 7: 137/300 = 0.457 [0.401,0.513]
  len 8: 178/300 = 0.593 [0.537,0.647]
  len 9: 463/1010 = 0.458 [0.428,0.489]
  len 10: 94/451 = 0.208 [0.173,0.248]
  len 11: 10/99 = 0.101 [0.056,0.176]
  len 12: 1/102 = 0.010 [0.002,0.053]
  len 13: 1/13 = 0.077 [0.014,0.333]
  len 14: 0/10 = 0.000 [0.000,0.278]
  written hist {7: 115, 8: 168, 9: 423, 10: 119, 11: 31, 12: 14, 13: 10, 14: 3, 15: 1}
  pruned hist {5: 4, 6: 6, 7: 134, 8: 226, 9: 368, 10: 99, 11: 23, 12: 11, 13: 11, 14: 1, 15: 1}
  frontier written 13 pruned 13
  reasons [('lean rejected', 1199), ('lean_seq parse: env: binder mismatch', 55), ('lean_seq parse: env: unbound', 52), ('lean_seq parse: env: exact goal mismatch', 36), ('lean_seq parse: env: Or.elim on non-or', 23), ('lean_seq parse: env: formula', 16)]
[lean_gate] 5000 samples, parse-fail 133, distinct checked 4867: lean ok 4705, lean rej 162; lean 5.2s wall (54.3s proc, 32 workers)
[la_T1_S_s1 r7] heldout greedy SOLVED 4705/5000 = 0.941 [0.934,0.947]
  len 2: 997/1000 = 0.997 [0.991,0.999]
  len 3: 975/1000 = 0.975 [0.963,0.983]
  len 4: 932/1000 = 0.932 [0.915,0.946]
  len 5: 911/1000 = 0.911 [0.892,0.927]
  len 6: 890/1000 = 0.890 [0.869,0.908]
  written hist {2: 1023, 3: 973, 4: 907, 5: 934, 6: 840, 7: 18, 8: 6, 9: 1, 10: 2, 13: 1}
  pruned hist {2: 1029, 3: 976, 4: 906, 5: 939, 6: 844, 7: 5, 8: 3, 9: 1, 10: 1, 13: 1}
  frontier written 8 pruned 7
  reasons [('lean rejected', 162), ('lean_seq parse: env: unbound', 108), ('lean_seq parse: env: exact goal mismatch', 8), ('lean_seq parse: env: binder mismatch', 5), ('lean_seq parse: env: formula', 5), ('lean_seq parse: env: action truncated', 2)]
[la_T1_S_s1 r7] targets cumulative: solved 3451/4495 L*=11 ge={7: 3451, 8: 1855, 9: 958, 10: 236, 11: 32, 12: 3}
[la_T1_S_s1 r7] transfer cumulative: solved 1346/2285 L*=12 ge={7: 1346, 8: 1162, 9: 933, 10: 210, 11: 35, 12: 10}
python3 state_train.py --data artifacts/se/la_T1_S_s1/mix_7.jsonl --init ckpts/se/ladder/la_T1_S_s1_r6.pt --steps 600 --lr 0.0003 --min_lr 2.9999999999999997e-05 --warmup 50 --cap 0 --out ckpts/se/ladder/la_T1_S_s1_r7.pt --seed 1007 --log_every 200 --recs 128
params 3216384 mode lean_state
train records 49784 (skipped 0); pairs 389053; mean 7.815 per proof; max pair len 302; load 17s
step 200 loss 0.0405 lr 2.53e-04 pairs/batch 998 57s
step 400 loss 0.0395 lr 1.09e-04 pairs/batch 1002 114s
step 600 loss 0.0389 lr 3.00e-05 pairs/batch 999 170s
saved ckpts/se/ladder/la_T1_S_s1_r7.pt
=== round 7 done in 1384s; new proofs 902; cum targets solved 3451 L*=11; transfer L*=12
[lean_gate] 143840 samples, parse-fail 13442, distinct checked 116068: lean ok 83212, lean rej 32856; lean 177.0s wall (5395.6s proc, 32 workers)
[la_T1_S_s1 r8] targets (this round) SOLVED 3497/4495 = 0.778 [0.766,0.790]
  len 7: 1608/1800 = 0.893 [0.878,0.907]
  len 8: 907/1000 = 0.907 [0.887,0.923]
  len 9: 738/1004 = 0.735 [0.707,0.761]
  len 10: 210/456 = 0.461 [0.415,0.506]
  len 11: 29/99 = 0.293 [0.212,0.389]
  len 12: 4/106 = 0.038 [0.015,0.093]
  len 13: 1/16 = 0.062 [0.011,0.283]
  len 14: 0/14 = 0.000 [0.000,0.215]
  written hist {5: 1, 6: 1, 7: 1937, 8: 2426, 9: 2190, 10: 1234, 11: 441, 12: 261, 13: 167, 14: 111, 15: 63, 16: 56, 17: 15, 18: 24, 19: 11, 20: 5, 21: 7, 24: 3, 32: 1}
  pruned hist {3: 1, 4: 2, 5: 132, 6: 656, 7: 2543, 8: 2258, 9: 1733, 10: 824, 11: 239, 12: 209, 13: 130, 14: 67, 15: 56, 16: 47, 17: 14, 18: 22, 19: 8, 20: 5, 21: 6, 24: 1, 32: 1}
  frontier written 21 pruned 21
  reasons [('lean rejected', 35066), ('lean_seq parse: env: unbound', 5966), ('lean_seq parse: env: names exhausted', 1419), ('lean_seq parse: env: exact not last', 1301), ('lean_seq parse: env: exact goal mismatch', 1291), ('lean_seq parse: env: Or.elim on non-or', 1142)]
[lean_gate] 73120 samples, parse-fail 10971, distinct checked 56482: lean ok 21797, lean rej 34685; lean 97.8s wall (2903.2s proc, 32 workers)
[la_T1_S_s1 r8] transfer (this round, pass@32) SOLVED 1271/2285 = 0.556 [0.536,0.576]
  len 7: 176/300 = 0.587 [0.530,0.641]
  len 8: 222/300 = 0.740 [0.688,0.786]
  len 9: 683/1010 = 0.676 [0.647,0.704]
  len 10: 159/451 = 0.353 [0.310,0.398]
  len 11: 24/99 = 0.242 [0.169,0.335]
  len 12: 5/102 = 0.049 [0.021,0.110]
  len 13: 2/13 = 0.154 [0.043,0.422]
  len 14: 0/10 = 0.000 [0.000,0.278]
  written hist {7: 191, 8: 320, 9: 1268, 10: 563, 11: 222, 12: 135, 13: 75, 14: 50, 15: 25, 16: 8, 17: 7, 18: 6, 19: 1, 20: 1, 21: 1, 23: 2, 24: 2, 25: 2}
  pruned hist {5: 13, 6: 23, 7: 290, 8: 600, 9: 1132, 10: 413, 11: 163, 12: 101, 13: 67, 14: 33, 15: 19, 16: 7, 17: 6, 18: 6, 19: 1, 20: 1, 21: 1, 24: 1, 25: 2}
  frontier written 18 pruned 18
  reasons [('lean rejected', 37280), ('lean_seq parse: env: unbound', 4206), ('lean_seq parse: env: binder mismatch', 1561), ('lean_seq parse: env: exact goal mismatch', 1424), ('lean_seq parse: env: Or.elim on non-or', 1074), ('lean_seq parse: env: names exhausted', 795)]
[lean_gate] 2285 samples, parse-fail 256, distinct checked 2029: lean ok 840, lean rej 1189; lean 4.4s wall (21.1s proc, 32 workers)
[la_T1_S_s1 r8] transfer greedy SOLVED 840/2285 = 0.368 [0.348,0.388]
  len 7: 134/300 = 0.447 [0.391,0.503]
  len 8: 150/300 = 0.500 [0.444,0.556]
  len 9: 447/1010 = 0.443 [0.412,0.473]
  len 10: 95/451 = 0.211 [0.176,0.251]
  len 11: 11/99 = 0.111 [0.063,0.188]
  len 12: 1/102 = 0.010 [0.002,0.053]
  len 13: 2/13 = 0.154 [0.043,0.422]
  len 14: 0/10 = 0.000 [0.000,0.278]
  written hist {7: 113, 8: 142, 9: 410, 10: 112, 11: 32, 12: 12, 13: 12, 14: 5, 15: 1, 23: 1}
  pruned hist {5: 4, 6: 6, 7: 126, 8: 207, 9: 349, 10: 97, 11: 23, 12: 13, 13: 12, 14: 2, 15: 1}
  frontier written 14 pruned 13
  reasons [('lean rejected', 1189), ('lean_seq parse: env: unbound', 112), ('lean_seq parse: env: binder mismatch', 40), ('lean_seq parse: env: exact goal mismatch', 31), ('lean_seq parse: env: Or.elim on non-or', 27), ('lean_seq parse: env: exact not last', 19)]
[lean_gate] 5000 samples, parse-fail 313, distinct checked 4687: lean ok 4484, lean rej 203; lean 5.0s wall (52.4s proc, 32 workers)
[la_T1_S_s1 r8] heldout greedy SOLVED 4484/5000 = 0.897 [0.888,0.905]
  len 2: 997/1000 = 0.997 [0.991,0.999]
  len 3: 887/1000 = 0.887 [0.866,0.905]
  len 4: 900/1000 = 0.900 [0.880,0.917]
  len 5: 881/1000 = 0.881 [0.859,0.900]
  len 6: 819/1000 = 0.819 [0.794,0.842]
  written hist {2: 1025, 3: 877, 4: 880, 5: 884, 6: 794, 7: 13, 8: 6, 9: 2, 10: 2, 16: 1}
  pruned hist {2: 1029, 3: 882, 4: 877, 5: 891, 6: 794, 7: 5, 8: 3, 9: 1, 10: 1, 16: 1}
  frontier written 8 pruned 7
  reasons [('lean_seq parse: env: unbound', 289), ('lean rejected', 203), ('lean_seq parse: env: exact goal mismatch', 11), ('lean_seq parse: env: Or.elim on non-or', 3), ('lean_seq parse: env: action truncated', 2), ('lean_seq parse: env: assign', 2)]
[la_T1_S_s1 r8] targets cumulative: solved 3498/4495 L*=12 ge={7: 3498, 8: 1890, 9: 983, 10: 244, 11: 34, 12: 5}
[la_T1_S_s1 r8] transfer cumulative: solved 1389/2285 L*=12 ge={7: 1389, 8: 1202, 9: 968, 10: 223, 11: 39, 12: 11}
python3 state_train.py --data artifacts/se/la_T1_S_s1/mix_8.jsonl --init ckpts/se/ladder/la_T1_S_s1_r7.pt --steps 600 --lr 0.0003 --min_lr 2.9999999999999997e-05 --warmup 50 --cap 0 --out ckpts/se/ladder/la_T1_S_s1_r8.pt --seed 1008 --log_every 200 --recs 128
params 3216384 mode lean_state
train records 51912 (skipped 0); pairs 413299; mean 7.962 per proof; max pair len 318; load 18s
step 200 loss 0.0402 lr 2.53e-04 pairs/batch 1020 59s
step 400 loss 0.0385 lr 1.09e-04 pairs/batch 1018 117s
step 600 loss 0.0393 lr 3.00e-05 pairs/batch 1019 175s
saved ckpts/se/ladder/la_T1_S_s1_r8.pt
=== round 8 done in 1426s; new proofs 1044; cum targets solved 3498 L*=12; transfer L*=12
=== ladder frozen S s1 2026-09-28T08:00:37Z
[lean_gate] 143840 samples, parse-fail 22909, distinct checked 108802: lean ok 29942, lean rej 78860; lean 174.8s wall (5348.5s proc, 32 workers)
[la_frozen_S_s1 r1] targets (this round) SOLVED 2259/4495 = 0.503 [0.488,0.517]
  len 7: 1269/1800 = 0.705 [0.684,0.726]
  len 8: 638/1000 = 0.638 [0.608,0.667]
  len 9: 316/1004 = 0.315 [0.287,0.344]
  len 10: 35/456 = 0.077 [0.056,0.105]
  len 11: 1/99 = 0.010 [0.002,0.055]
  len 12: 0/106 = 0.000 [0.000,0.035]
  len 13: 0/16 = 0.000 [0.000,0.194]
  len 14: 0/14 = 0.000 [0.000,0.215]
  written hist {5: 1, 6: 1, 7: 1396, 8: 1088, 9: 551, 10: 83, 11: 14, 12: 7, 13: 2, 14: 1}
  pruned hist {4: 1, 5: 61, 6: 285, 7: 1326, 8: 962, 9: 436, 10: 56, 11: 12, 12: 4, 13: 1}
  frontier written 12 pruned 11
  reasons [('lean rejected', 85700), ('lean_seq parse: env: unbound', 8394), ('lean_seq parse: env: exact goal mismatch', 7183), ('lean_seq parse: env: exact not last', 2278), ('lean_seq parse: env: formula', 1543), ('lean_seq parse: env: binder mismatch', 1296)]
[lean_gate] 73120 samples, parse-fail 14683, distinct checked 53693: lean ok 5547, lean rej 48146; lean 93.1s wall (2789.8s proc, 32 workers)
[la_frozen_S_s1 r1] transfer (this round, pass@32) SOLVED 588/2285 = 0.257 [0.240,0.276]
  len 7: 107/300 = 0.357 [0.305,0.412]
  len 8: 131/300 = 0.437 [0.382,0.493]
  len 9: 314/1010 = 0.311 [0.283,0.340]
  len 10: 35/451 = 0.078 [0.056,0.106]
  len 11: 1/99 = 0.010 [0.002,0.055]
  len 12: 0/102 = 0.000 [0.000,0.036]
  len 13: 0/13 = 0.000 [0.000,0.228]
  len 14: 0/10 = 0.000 [0.000,0.278]
  written hist {7: 118, 8: 178, 9: 454, 10: 66, 11: 7, 12: 3, 13: 1}
  pruned hist {5: 9, 6: 15, 7: 139, 8: 253, 9: 356, 10: 47, 11: 5, 12: 2, 13: 1}
  frontier written 11 pruned 11
  reasons [('lean rejected', 52147), ('lean_seq parse: env: unbound', 5266), ('lean_seq parse: env: exact goal mismatch', 4157), ('lean_seq parse: env: formula', 1387), ('lean_seq parse: env: exact not last', 1114), ('lean_seq parse: env: binder mismatch', 1079)]
[lean_gate] 2285 samples, parse-fail 799, distinct checked 1486: lean ok 144, lean rej 1342; lean 3.4s wall (12.4s proc, 32 workers)
[la_frozen_S_s1 r1] transfer greedy SOLVED 144/2285 = 0.063 [0.054,0.074]
  len 7: 41/300 = 0.137 [0.102,0.180]
  len 8: 46/300 = 0.153 [0.117,0.198]
  len 9: 55/1010 = 0.054 [0.042,0.070]
  len 10: 2/451 = 0.004 [0.001,0.016]
  len 11: 0/99 = 0.000 [0.000,0.037]
  len 12: 0/102 = 0.000 [0.000,0.036]
  len 13: 0/13 = 0.000 [0.000,0.228]
  len 14: 0/10 = 0.000 [0.000,0.278]
  written hist {7: 42, 8: 43, 9: 55, 10: 3, 11: 1}
  pruned hist {5: 3, 6: 2, 7: 41, 8: 56, 9: 42}
  frontier written 9 pruned 9
  reasons [('lean rejected', 1342), ('lean_seq parse: env: unbound', 386), ('lean_seq parse: env: exact not last', 172), ('lean_seq parse: env: exact goal mismatch', 99), ('lean_seq parse: env: formula', 31), ('lean_seq parse: env: binder mismatch', 29)]
[lean_gate] 5000 samples, parse-fail 651, distinct checked 4349: lean ok 4006, lean rej 343; lean 4.8s wall (45.3s proc, 32 workers)
[la_frozen_S_s1 r1] heldout greedy SOLVED 4006/5000 = 0.801 [0.790,0.812]
  len 2: 991/1000 = 0.991 [0.983,0.995]
  len 3: 878/1000 = 0.878 [0.856,0.897]
  len 4: 757/1000 = 0.757 [0.729,0.783]
  len 5: 702/1000 = 0.702 [0.673,0.730]
  len 6: 678/1000 = 0.678 [0.648,0.706]
  written hist {2: 1019, 3: 869, 4: 745, 5: 726, 6: 644, 7: 2, 8: 1}
  pruned hist {2: 1020, 3: 874, 4: 752, 5: 715, 6: 643, 7: 1, 8: 1}
  frontier written 6 pruned 6
  reasons [('lean_seq parse: env: unbound', 581), ('lean rejected', 343), ('lean_seq parse: env: exact not last', 35), ('lean_seq parse: env: names exhausted', 12), ('lean_seq parse: env: exact goal mismatch', 9), ('lean_seq parse: env: binder mismatch', 5)]
[la_frozen_S_s1 r1] targets cumulative: solved 2259/4495 L*=10 ge={7: 2259, 8: 990, 9: 352, 10: 36, 11: 1, 12: 0}
[la_frozen_S_s1 r1] transfer cumulative: solved 588/2285 L*=10 ge={7: 588, 8: 481, 9: 350, 10: 36, 11: 1, 12: 0}
=== round 1 done in 1126s; new proofs 3144; cum targets solved 2259 L*=10; transfer L*=10
[lean_gate] 143840 samples, parse-fail 22902, distinct checked 108905: lean ok 30104, lean rej 78801; lean 175.9s wall (5384.9s proc, 32 workers)
[la_frozen_S_s1 r2] targets (this round) SOLVED 2249/4495 = 0.500 [0.486,0.515]
  len 7: 1268/1800 = 0.704 [0.683,0.725]
  len 8: 629/1000 = 0.629 [0.599,0.658]
  len 9: 314/1004 = 0.313 [0.285,0.342]
  len 10: 36/456 = 0.079 [0.058,0.107]
  len 11: 2/99 = 0.020 [0.006,0.071]
  len 12: 0/106 = 0.000 [0.000,0.035]
  len 13: 0/16 = 0.000 [0.000,0.194]
  len 14: 0/14 = 0.000 [0.000,0.215]
  written hist {7: 1411, 8: 1071, 9: 556, 10: 80, 11: 21, 12: 7}
  pruned hist {4: 1, 5: 59, 6: 280, 7: 1347, 8: 955, 9: 431, 10: 51, 11: 18, 12: 4}
  frontier written 12 pruned 11
  reasons [('lean rejected', 85647), ('lean_seq parse: env: unbound', 8442), ('lean_seq parse: env: exact goal mismatch', 7276), ('lean_seq parse: env: exact not last', 2180), ('lean_seq parse: env: formula', 1530), ('lean_seq parse: env: binder mismatch', 1295)]
[lean_gate] 73120 samples, parse-fail 14662, distinct checked 53582: lean ok 5450, lean rej 48132; lean 92.4s wall (2778.5s proc, 32 workers)
[la_frozen_S_s1 r2] transfer (this round, pass@32) SOLVED 575/2285 = 0.252 [0.234,0.270]
  len 7: 109/300 = 0.363 [0.311,0.419]
  len 8: 126/300 = 0.420 [0.366,0.477]
  len 9: 307/1010 = 0.304 [0.276,0.333]
  len 10: 31/451 = 0.069 [0.049,0.096]
  len 11: 2/99 = 0.020 [0.006,0.071]
  len 12: 0/102 = 0.000 [0.000,0.036]
  len 13: 0/13 = 0.000 [0.000,0.228]
  len 14: 0/10 = 0.000 [0.000,0.278]
  written hist {7: 124, 8: 179, 9: 453, 10: 60, 11: 6, 12: 4}
  pruned hist {5: 7, 6: 16, 7: 147, 8: 259, 9: 346, 10: 42, 11: 6, 12: 3}
  frontier written 11 pruned 11
  reasons [('lean rejected', 52245), ('lean_seq parse: env: unbound', 5247), ('lean_seq parse: env: exact goal mismatch', 4112), ('lean_seq parse: env: formula', 1398), ('lean_seq parse: env: exact not last', 1133), ('lean_seq parse: env: binder mismatch', 1092)]
[lean_gate] 2285 samples, parse-fail 799, distinct checked 1486: lean ok 144, lean rej 1342; lean 3.5s wall (12.6s proc, 32 workers)
[la_frozen_S_s1 r2] transfer greedy SOLVED 144/2285 = 0.063 [0.054,0.074]
  len 7: 41/300 = 0.137 [0.102,0.180]
  len 8: 46/300 = 0.153 [0.117,0.198]
  len 9: 55/1010 = 0.054 [0.042,0.070]
  len 10: 2/451 = 0.004 [0.001,0.016]
  len 11: 0/99 = 0.000 [0.000,0.037]
  len 12: 0/102 = 0.000 [0.000,0.036]
  len 13: 0/13 = 0.000 [0.000,0.228]
  len 14: 0/10 = 0.000 [0.000,0.278]
  written hist {7: 42, 8: 43, 9: 55, 10: 3, 11: 1}
  pruned hist {5: 3, 6: 2, 7: 41, 8: 56, 9: 42}
  frontier written 9 pruned 9
  reasons [('lean rejected', 1342), ('lean_seq parse: env: unbound', 386), ('lean_seq parse: env: exact not last', 172), ('lean_seq parse: env: exact goal mismatch', 99), ('lean_seq parse: env: formula', 31), ('lean_seq parse: env: binder mismatch', 29)]
[lean_gate] 5000 samples, parse-fail 651, distinct checked 4349: lean ok 4006, lean rej 343; lean 4.6s wall (44.4s proc, 32 workers)
[la_frozen_S_s1 r2] heldout greedy SOLVED 4006/5000 = 0.801 [0.790,0.812]
  len 2: 991/1000 = 0.991 [0.983,0.995]
  len 3: 878/1000 = 0.878 [0.856,0.897]
  len 4: 757/1000 = 0.757 [0.729,0.783]
  len 5: 702/1000 = 0.702 [0.673,0.730]
  len 6: 678/1000 = 0.678 [0.648,0.706]
  written hist {2: 1019, 3: 869, 4: 745, 5: 726, 6: 644, 7: 2, 8: 1}
  pruned hist {2: 1020, 3: 874, 4: 752, 5: 715, 6: 643, 7: 1, 8: 1}
  frontier written 6 pruned 6
  reasons [('lean_seq parse: env: unbound', 581), ('lean rejected', 343), ('lean_seq parse: env: exact not last', 35), ('lean_seq parse: env: names exhausted', 12), ('lean_seq parse: env: exact goal mismatch', 9), ('lean_seq parse: env: binder mismatch', 5)]
[la_frozen_S_s1 r2] targets cumulative: solved 2398/4495 L*=10 ge={7: 2398, 8: 1073, 9: 406, 10: 46, 11: 2, 12: 0}
[la_frozen_S_s1 r2] transfer cumulative: solved 653/2285 L*=10 ge={7: 653, 8: 535, 9: 400, 10: 47, 11: 2, 12: 0}
=== round 2 done in 1126s; new proofs 476; cum targets solved 2398 L*=10; transfer L*=10
[lean_gate] 143840 samples, parse-fail 22919, distinct checked 108799: lean ok 29973, lean rej 78826; lean 175.1s wall (5389.6s proc, 32 workers)
[la_frozen_S_s1 r3] targets (this round) SOLVED 2236/4495 = 0.497 [0.483,0.512]
  len 7: 1269/1800 = 0.705 [0.684,0.726]
  len 8: 627/1000 = 0.627 [0.597,0.656]
  len 9: 301/1004 = 0.300 [0.272,0.329]
  len 10: 36/456 = 0.079 [0.058,0.107]
  len 11: 3/99 = 0.030 [0.010,0.085]
  len 12: 0/106 = 0.000 [0.000,0.035]
  len 13: 0/16 = 0.000 [0.000,0.194]
  len 14: 0/14 = 0.000 [0.000,0.215]
  written hist {7: 1388, 8: 1059, 9: 519, 10: 88, 11: 17, 12: 9, 13: 4, 14: 1}
  pruned hist {4: 1, 5: 57, 6: 273, 7: 1306, 8: 957, 9: 407, 10: 59, 11: 19, 12: 5, 13: 1}
  frontier written 12 pruned 12
  reasons [('lean rejected', 85735), ('lean_seq parse: env: unbound', 8494), ('lean_seq parse: env: exact goal mismatch', 7273), ('lean_seq parse: env: exact not last', 2239), ('lean_seq parse: env: formula', 1529), ('lean_seq parse: env: binder mismatch', 1209)]
[lean_gate] 73120 samples, parse-fail 14580, distinct checked 53686: lean ok 5471, lean rej 48215; lean 92.6s wall (2792.9s proc, 32 workers)
[la_frozen_S_s1 r3] transfer (this round, pass@32) SOLVED 574/2285 = 0.251 [0.234,0.269]
  len 7: 108/300 = 0.360 [0.308,0.416]
  len 8: 131/300 = 0.437 [0.382,0.493]
  len 9: 307/1010 = 0.304 [0.276,0.333]
  len 10: 27/451 = 0.060 [0.041,0.086]
  len 11: 1/99 = 0.010 [0.002,0.055]
  len 12: 0/102 = 0.000 [0.000,0.036]
  len 13: 0/13 = 0.000 [0.000,0.228]
  len 14: 0/10 = 0.000 [0.000,0.278]
  written hist {7: 122, 8: 179, 9: 450, 10: 56, 11: 5, 12: 4}
  pruned hist {5: 8, 6: 16, 7: 139, 8: 261, 9: 348, 10: 37, 11: 4, 12: 3}
  frontier written 11 pruned 10
  reasons [('lean rejected', 52318), ('lean_seq parse: env: unbound', 5160), ('lean_seq parse: env: exact goal mismatch', 4138), ('lean_seq parse: env: formula', 1378), ('lean_seq parse: env: exact not last', 1128), ('lean_seq parse: env: binder mismatch', 1070)]
[lean_gate] 2285 samples, parse-fail 799, distinct checked 1486: lean ok 144, lean rej 1342; lean 3.5s wall (12.9s proc, 32 workers)
[la_frozen_S_s1 r3] transfer greedy SOLVED 144/2285 = 0.063 [0.054,0.074]
  len 7: 41/300 = 0.137 [0.102,0.180]
  len 8: 46/300 = 0.153 [0.117,0.198]
  len 9: 55/1010 = 0.054 [0.042,0.070]
  len 10: 2/451 = 0.004 [0.001,0.016]
  len 11: 0/99 = 0.000 [0.000,0.037]
  len 12: 0/102 = 0.000 [0.000,0.036]
  len 13: 0/13 = 0.000 [0.000,0.228]
  len 14: 0/10 = 0.000 [0.000,0.278]
  written hist {7: 42, 8: 43, 9: 55, 10: 3, 11: 1}
  pruned hist {5: 3, 6: 2, 7: 41, 8: 56, 9: 42}
  frontier written 9 pruned 9
  reasons [('lean rejected', 1342), ('lean_seq parse: env: unbound', 386), ('lean_seq parse: env: exact not last', 172), ('lean_seq parse: env: exact goal mismatch', 99), ('lean_seq parse: env: formula', 31), ('lean_seq parse: env: binder mismatch', 29)]
[lean_gate] 5000 samples, parse-fail 651, distinct checked 4349: lean ok 4006, lean rej 343; lean 5.0s wall (47.3s proc, 32 workers)
[la_frozen_S_s1 r3] heldout greedy SOLVED 4006/5000 = 0.801 [0.790,0.812]
  len 2: 991/1000 = 0.991 [0.983,0.995]
  len 3: 878/1000 = 0.878 [0.856,0.897]
  len 4: 757/1000 = 0.757 [0.729,0.783]
  len 5: 702/1000 = 0.702 [0.673,0.730]
  len 6: 678/1000 = 0.678 [0.648,0.706]
  written hist {2: 1019, 3: 869, 4: 745, 5: 726, 6: 644, 7: 2, 8: 1}
  pruned hist {2: 1020, 3: 874, 4: 752, 5: 715, 6: 643, 7: 1, 8: 1}
  frontier written 6 pruned 6
  reasons [('lean_seq parse: env: unbound', 581), ('lean rejected', 343), ('lean_seq parse: env: exact not last', 35), ('lean_seq parse: env: names exhausted', 12), ('lean_seq parse: env: exact goal mismatch', 9), ('lean_seq parse: env: binder mismatch', 5)]
[la_frozen_S_s1 r3] targets cumulative: solved 2463/4495 L*=10 ge={7: 2463, 8: 1108, 9: 428, 10: 55, 11: 3, 12: 0}
[la_frozen_S_s1 r3] transfer cumulative: solved 681/2285 L*=10 ge={7: 681, 8: 558, 9: 417, 10: 49, 11: 2, 12: 0}
=== round 3 done in 1126s; new proofs 252; cum targets solved 2463 L*=10; transfer L*=10
[lean_gate] 143840 samples, parse-fail 22955, distinct checked 108777: lean ok 30042, lean rej 78735; lean 175.7s wall (5372.7s proc, 32 workers)
[la_frozen_S_s1 r4] targets (this round) SOLVED 2246/4495 = 0.500 [0.485,0.514]
  len 7: 1267/1800 = 0.704 [0.682,0.725]
  len 8: 633/1000 = 0.633 [0.603,0.662]
  len 9: 314/1004 = 0.313 [0.285,0.342]
  len 10: 31/456 = 0.068 [0.048,0.095]
  len 11: 1/99 = 0.010 [0.002,0.055]
  len 12: 0/106 = 0.000 [0.000,0.035]
  len 13: 0/16 = 0.000 [0.000,0.194]
  len 14: 0/14 = 0.000 [0.000,0.215]
  written hist {5: 1, 7: 1390, 8: 1071, 9: 521, 10: 87, 11: 18, 12: 4, 13: 3, 14: 1}
  pruned hist {4: 1, 5: 55, 6: 270, 7: 1334, 8: 951, 9: 409, 10: 56, 11: 16, 12: 1, 13: 2, 14: 1}
  frontier written 11 pruned 11
  reasons [('lean rejected', 85631), ('lean_seq parse: env: unbound', 8483), ('lean_seq parse: env: exact goal mismatch', 7267), ('lean_seq parse: env: exact not last', 2264), ('lean_seq parse: env: formula', 1518), ('lean_seq parse: env: binder mismatch', 1228)]
[lean_gate] 73120 samples, parse-fail 14671, distinct checked 53564: lean ok 5609, lean rej 47955; lean 92.4s wall (2774.5s proc, 32 workers)
[la_frozen_S_s1 r4] transfer (this round, pass@32) SOLVED 605/2285 = 0.265 [0.247,0.283]
  len 7: 119/300 = 0.397 [0.343,0.453]
  len 8: 130/300 = 0.433 [0.378,0.490]
  len 9: 323/1010 = 0.320 [0.292,0.349]
  len 10: 32/451 = 0.071 [0.051,0.098]
  len 11: 1/99 = 0.010 [0.002,0.055]
  len 12: 0/102 = 0.000 [0.000,0.036]
  len 13: 0/13 = 0.000 [0.000,0.228]
  len 14: 0/10 = 0.000 [0.000,0.278]
  written hist {5: 1, 7: 125, 8: 172, 9: 469, 10: 62, 11: 2, 12: 4}
  pruned hist {5: 10, 6: 13, 7: 152, 8: 259, 9: 353, 10: 43, 11: 2, 12: 3}
  frontier written 10 pruned 10
  reasons [('lean rejected', 52089), ('lean_seq parse: env: unbound', 5178), ('lean_seq parse: env: exact goal mismatch', 4182), ('lean_seq parse: env: formula', 1395), ('lean_seq parse: env: exact not last', 1186), ('lean_seq parse: env: binder mismatch', 1070)]
[lean_gate] 2285 samples, parse-fail 799, distinct checked 1486: lean ok 144, lean rej 1342; lean 3.0s wall (10.7s proc, 32 workers)
[la_frozen_S_s1 r4] transfer greedy SOLVED 144/2285 = 0.063 [0.054,0.074]
  len 7: 41/300 = 0.137 [0.102,0.180]
  len 8: 46/300 = 0.153 [0.117,0.198]
  len 9: 55/1010 = 0.054 [0.042,0.070]
  len 10: 2/451 = 0.004 [0.001,0.016]
  len 11: 0/99 = 0.000 [0.000,0.037]
  len 12: 0/102 = 0.000 [0.000,0.036]
  len 13: 0/13 = 0.000 [0.000,0.228]
  len 14: 0/10 = 0.000 [0.000,0.278]
  written hist {7: 42, 8: 43, 9: 55, 10: 3, 11: 1}
  pruned hist {5: 3, 6: 2, 7: 41, 8: 56, 9: 42}
  frontier written 9 pruned 9
  reasons [('lean rejected', 1342), ('lean_seq parse: env: unbound', 386), ('lean_seq parse: env: exact not last', 172), ('lean_seq parse: env: exact goal mismatch', 99), ('lean_seq parse: env: formula', 31), ('lean_seq parse: env: binder mismatch', 29)]
[lean_gate] 5000 samples, parse-fail 651, distinct checked 4349: lean ok 4006, lean rej 343; lean 5.2s wall (48.8s proc, 32 workers)
[la_frozen_S_s1 r4] heldout greedy SOLVED 4006/5000 = 0.801 [0.790,0.812]
  len 2: 991/1000 = 0.991 [0.983,0.995]
  len 3: 878/1000 = 0.878 [0.856,0.897]
  len 4: 757/1000 = 0.757 [0.729,0.783]
  len 5: 702/1000 = 0.702 [0.673,0.730]
  len 6: 678/1000 = 0.678 [0.648,0.706]
  written hist {2: 1019, 3: 869, 4: 745, 5: 726, 6: 644, 7: 2, 8: 1}
  pruned hist {2: 1020, 3: 874, 4: 752, 5: 715, 6: 643, 7: 1, 8: 1}
  frontier written 6 pruned 6
  reasons [('lean_seq parse: env: unbound', 581), ('lean rejected', 343), ('lean_seq parse: env: exact not last', 35), ('lean_seq parse: env: names exhausted', 12), ('lean_seq parse: env: exact goal mismatch', 9), ('lean_seq parse: env: binder mismatch', 5)]
[la_frozen_S_s1 r4] targets cumulative: solved 2517/4495 L*=10 ge={7: 2517, 8: 1143, 9: 452, 10: 58, 11: 3, 12: 0}
[la_frozen_S_s1 r4] transfer cumulative: solved 716/2285 L*=10 ge={7: 716, 8: 586, 9: 439, 10: 54, 11: 2, 12: 0}
=== round 4 done in 1124s; new proofs 187; cum targets solved 2517 L*=10; transfer L*=10
[lean_gate] 143840 samples, parse-fail 22862, distinct checked 108896: lean ok 30097, lean rej 78799; lean 175.9s wall (5391.2s proc, 32 workers)
[la_frozen_S_s1 r5] targets (this round) SOLVED 2251/4495 = 0.501 [0.486,0.515]
  len 7: 1272/1800 = 0.707 [0.685,0.727]
  len 8: 639/1000 = 0.639 [0.609,0.668]
  len 9: 300/1004 = 0.299 [0.271,0.328]
  len 10: 37/456 = 0.081 [0.059,0.110]
  len 11: 3/99 = 0.030 [0.010,0.085]
  len 12: 0/106 = 0.000 [0.000,0.035]
  len 13: 0/16 = 0.000 [0.000,0.194]
  len 14: 0/14 = 0.000 [0.000,0.215]
  written hist {7: 1412, 8: 1056, 9: 528, 10: 90, 11: 20, 12: 7, 13: 1, 14: 2}
  pruned hist {4: 1, 5: 55, 6: 275, 7: 1340, 8: 959, 9: 405, 10: 60, 11: 15, 12: 4, 13: 1, 14: 1}
  frontier written 12 pruned 11
  reasons [('lean rejected', 85707), ('lean_seq parse: env: unbound', 8371), ('lean_seq parse: env: exact goal mismatch', 7252), ('lean_seq parse: env: exact not last', 2256), ('lean_seq parse: env: formula', 1541), ('lean_seq parse: env: binder mismatch', 1251)]
[lean_gate] 73120 samples, parse-fail 14633, distinct checked 53633: lean ok 5484, lean rej 48149; lean 92.3s wall (2772.1s proc, 32 workers)
[la_frozen_S_s1 r5] transfer (this round, pass@32) SOLVED 578/2285 = 0.253 [0.236,0.271]
  len 7: 106/300 = 0.353 [0.301,0.409]
  len 8: 125/300 = 0.417 [0.362,0.473]
  len 9: 318/1010 = 0.315 [0.287,0.344]
  len 10: 29/451 = 0.064 [0.045,0.091]
  len 11: 0/99 = 0.000 [0.000,0.037]
  len 12: 0/102 = 0.000 [0.000,0.036]
  len 13: 0/13 = 0.000 [0.000,0.228]
  len 14: 0/10 = 0.000 [0.000,0.278]
  written hist {7: 119, 8: 169, 9: 453, 10: 60, 11: 1, 12: 5}
  pruned hist {5: 7, 6: 16, 7: 136, 8: 248, 9: 353, 10: 43, 11: 2, 12: 2}
  frontier written 12 pruned 10
  reasons [('lean rejected', 52194), ('lean_seq parse: env: unbound', 5244), ('lean_seq parse: env: exact goal mismatch', 4063), ('lean_seq parse: env: formula', 1394), ('lean_seq parse: env: exact not last', 1119), ('lean_seq parse: env: binder mismatch', 1099)]
[lean_gate] 2285 samples, parse-fail 799, distinct checked 1486: lean ok 144, lean rej 1342; lean 3.1s wall (11.0s proc, 32 workers)
[la_frozen_S_s1 r5] transfer greedy SOLVED 144/2285 = 0.063 [0.054,0.074]
  len 7: 41/300 = 0.137 [0.102,0.180]
  len 8: 46/300 = 0.153 [0.117,0.198]
  len 9: 55/1010 = 0.054 [0.042,0.070]
  len 10: 2/451 = 0.004 [0.001,0.016]
  len 11: 0/99 = 0.000 [0.000,0.037]
  len 12: 0/102 = 0.000 [0.000,0.036]
  len 13: 0/13 = 0.000 [0.000,0.228]
  len 14: 0/10 = 0.000 [0.000,0.278]
  written hist {7: 42, 8: 43, 9: 55, 10: 3, 11: 1}
  pruned hist {5: 3, 6: 2, 7: 41, 8: 56, 9: 42}
  frontier written 9 pruned 9
  reasons [('lean rejected', 1342), ('lean_seq parse: env: unbound', 386), ('lean_seq parse: env: exact not last', 172), ('lean_seq parse: env: exact goal mismatch', 99), ('lean_seq parse: env: formula', 31), ('lean_seq parse: env: binder mismatch', 29)]
[lean_gate] 5000 samples, parse-fail 651, distinct checked 4349: lean ok 4006, lean rej 343; lean 4.9s wall (46.8s proc, 32 workers)
[la_frozen_S_s1 r5] heldout greedy SOLVED 4006/5000 = 0.801 [0.790,0.812]
  len 2: 991/1000 = 0.991 [0.983,0.995]
  len 3: 878/1000 = 0.878 [0.856,0.897]
  len 4: 757/1000 = 0.757 [0.729,0.783]
  len 5: 702/1000 = 0.702 [0.673,0.730]
  len 6: 678/1000 = 0.678 [0.648,0.706]
  written hist {2: 1019, 3: 869, 4: 745, 5: 726, 6: 644, 7: 2, 8: 1}
  pruned hist {2: 1020, 3: 874, 4: 752, 5: 715, 6: 643, 7: 1, 8: 1}
  frontier written 6 pruned 6
  reasons [('lean_seq parse: env: unbound', 581), ('lean rejected', 343), ('lean_seq parse: env: exact not last', 35), ('lean_seq parse: env: names exhausted', 12), ('lean_seq parse: env: exact goal mismatch', 9), ('lean_seq parse: env: binder mismatch', 5)]
[la_frozen_S_s1 r5] targets cumulative: solved 2556/4495 L*=10 ge={7: 2556, 8: 1170, 9: 468, 10: 63, 11: 3, 12: 0}
[la_frozen_S_s1 r5] transfer cumulative: solved 732/2285 L*=10 ge={7: 732, 8: 601, 9: 451, 10: 55, 11: 2, 12: 0}
=== round 5 done in 1130s; new proofs 170; cum targets solved 2556 L*=10; transfer L*=10
[lean_gate] 143840 samples, parse-fail 22815, distinct checked 108944: lean ok 30180, lean rej 78764; lean 175.9s wall (5395.9s proc, 32 workers)
[la_frozen_S_s1 r6] targets (this round) SOLVED 2252/4495 = 0.501 [0.486,0.516]
  len 7: 1262/1800 = 0.701 [0.680,0.722]
  len 8: 647/1000 = 0.647 [0.617,0.676]
  len 9: 303/1004 = 0.302 [0.274,0.331]
  len 10: 38/456 = 0.083 [0.061,0.112]
  len 11: 2/99 = 0.020 [0.006,0.071]
  len 12: 0/106 = 0.000 [0.000,0.035]
  len 13: 0/16 = 0.000 [0.000,0.194]
  len 14: 0/14 = 0.000 [0.000,0.215]
  written hist {7: 1369, 8: 1078, 9: 538, 10: 96, 11: 15, 12: 6, 13: 5, 14: 1}
  pruned hist {4: 1, 5: 55, 6: 269, 7: 1303, 8: 979, 9: 424, 10: 58, 11: 12, 12: 2, 13: 4, 14: 1}
  frontier written 13 pruned 11
  reasons [('lean rejected', 85669), ('lean_seq parse: env: unbound', 8399), ('lean_seq parse: env: exact goal mismatch', 7159), ('lean_seq parse: env: exact not last', 2248), ('lean_seq parse: env: formula', 1534), ('lean_seq parse: env: binder mismatch', 1264)]
[lean_gate] 73120 samples, parse-fail 14635, distinct checked 53645: lean ok 5501, lean rej 48144; lean 92.3s wall (2770.8s proc, 32 workers)
[la_frozen_S_s1 r6] transfer (this round, pass@32) SOLVED 563/2285 = 0.246 [0.229,0.264]
  len 7: 109/300 = 0.363 [0.311,0.419]
  len 8: 128/300 = 0.427 [0.372,0.483]
  len 9: 298/1010 = 0.295 [0.268,0.324]
  len 10: 27/451 = 0.060 [0.041,0.086]
  len 11: 1/99 = 0.010 [0.002,0.055]
  len 12: 0/102 = 0.000 [0.000,0.036]
  len 13: 0/13 = 0.000 [0.000,0.228]
  len 14: 0/10 = 0.000 [0.000,0.278]
  written hist {6: 1, 7: 119, 8: 183, 9: 440, 10: 59, 11: 3, 12: 6}
  pruned hist {5: 5, 6: 14, 7: 145, 8: 260, 9: 340, 10: 38, 11: 5, 12: 4}
  frontier written 12 pruned 11
  reasons [('lean rejected', 52213), ('lean_seq parse: env: unbound', 5287), ('lean_seq parse: env: exact goal mismatch', 4129), ('lean_seq parse: env: formula', 1362), ('lean_seq parse: env: exact not last', 1110), ('lean_seq parse: env: binder mismatch', 1107)]
[lean_gate] 2285 samples, parse-fail 799, distinct checked 1486: lean ok 144, lean rej 1342; lean 3.6s wall (12.7s proc, 32 workers)
[la_frozen_S_s1 r6] transfer greedy SOLVED 144/2285 = 0.063 [0.054,0.074]
  len 7: 41/300 = 0.137 [0.102,0.180]
  len 8: 46/300 = 0.153 [0.117,0.198]
  len 9: 55/1010 = 0.054 [0.042,0.070]
  len 10: 2/451 = 0.004 [0.001,0.016]
  len 11: 0/99 = 0.000 [0.000,0.037]
  len 12: 0/102 = 0.000 [0.000,0.036]
  len 13: 0/13 = 0.000 [0.000,0.228]
  len 14: 0/10 = 0.000 [0.000,0.278]
  written hist {7: 42, 8: 43, 9: 55, 10: 3, 11: 1}
  pruned hist {5: 3, 6: 2, 7: 41, 8: 56, 9: 42}
  frontier written 9 pruned 9
  reasons [('lean rejected', 1342), ('lean_seq parse: env: unbound', 386), ('lean_seq parse: env: exact not last', 172), ('lean_seq parse: env: exact goal mismatch', 99), ('lean_seq parse: env: formula', 31), ('lean_seq parse: env: binder mismatch', 29)]
[lean_gate] 5000 samples, parse-fail 651, distinct checked 4349: lean ok 4006, lean rej 343; lean 4.8s wall (43.9s proc, 32 workers)
[la_frozen_S_s1 r6] heldout greedy SOLVED 4006/5000 = 0.801 [0.790,0.812]
  len 2: 991/1000 = 0.991 [0.983,0.995]
  len 3: 878/1000 = 0.878 [0.856,0.897]
  len 4: 757/1000 = 0.757 [0.729,0.783]
  len 5: 702/1000 = 0.702 [0.673,0.730]
  len 6: 678/1000 = 0.678 [0.648,0.706]
  written hist {2: 1019, 3: 869, 4: 745, 5: 726, 6: 644, 7: 2, 8: 1}
  pruned hist {2: 1020, 3: 874, 4: 752, 5: 715, 6: 643, 7: 1, 8: 1}
  frontier written 6 pruned 6
  reasons [('lean_seq parse: env: unbound', 581), ('lean rejected', 343), ('lean_seq parse: env: exact not last', 35), ('lean_seq parse: env: names exhausted', 12), ('lean_seq parse: env: exact goal mismatch', 9), ('lean_seq parse: env: binder mismatch', 5)]
[la_frozen_S_s1 r6] targets cumulative: solved 2585/4495 L*=10 ge={7: 2585, 8: 1187, 9: 478, 10: 67, 11: 3, 12: 0}
[la_frozen_S_s1 r6] transfer cumulative: solved 744/2285 L*=10 ge={7: 744, 8: 612, 9: 459, 10: 56, 11: 2, 12: 0}
=== round 6 done in 1127s; new proofs 135; cum targets solved 2585 L*=10; transfer L*=10
[lean_gate] 143840 samples, parse-fail 22899, distinct checked 108790: lean ok 30101, lean rej 78689; lean 176.0s wall (5395.8s proc, 32 workers)
[la_frozen_S_s1 r7] targets (this round) SOLVED 2253/4495 = 0.501 [0.487,0.516]
  len 7: 1277/1800 = 0.709 [0.688,0.730]
  len 8: 635/1000 = 0.635 [0.605,0.664]
  len 9: 304/1004 = 0.303 [0.275,0.332]
  len 10: 35/456 = 0.077 [0.056,0.105]
  len 11: 2/99 = 0.020 [0.006,0.071]
  len 12: 0/106 = 0.000 [0.000,0.035]
  len 13: 0/16 = 0.000 [0.000,0.194]
  len 14: 0/14 = 0.000 [0.000,0.215]
  written hist {7: 1424, 8: 1082, 9: 529, 10: 82, 11: 15, 12: 6, 13: 1, 14: 1}
  pruned hist {4: 1, 5: 57, 6: 279, 7: 1354, 8: 958, 9: 418, 10: 54, 11: 13, 12: 4, 13: 1, 14: 1}
  frontier written 12 pruned 11
  reasons [('lean rejected', 85653), ('lean_seq parse: env: unbound', 8430), ('lean_seq parse: env: exact goal mismatch', 7336), ('lean_seq parse: env: exact not last', 2219), ('lean_seq parse: env: formula', 1519), ('lean_seq parse: env: binder mismatch', 1251)]
[lean_gate] 73120 samples, parse-fail 14644, distinct checked 53455: lean ok 5502, lean rej 47953; lean 92.4s wall (2769.8s proc, 32 workers)
[la_frozen_S_s1 r7] transfer (this round, pass@32) SOLVED 591/2285 = 0.259 [0.241,0.277]
  len 7: 112/300 = 0.373 [0.321,0.429]
  len 8: 129/300 = 0.430 [0.375,0.487]
  len 9: 313/1010 = 0.310 [0.282,0.339]
  len 10: 34/451 = 0.075 [0.054,0.104]
  len 11: 3/99 = 0.030 [0.010,0.085]
  len 12: 0/102 = 0.000 [0.000,0.036]
  len 13: 0/13 = 0.000 [0.000,0.228]
  len 14: 0/10 = 0.000 [0.000,0.278]
  written hist {7: 128, 8: 172, 9: 442, 10: 65, 11: 7, 12: 3, 13: 1, 14: 1}
  pruned hist {5: 6, 6: 14, 7: 151, 8: 251, 9: 343, 10: 43, 11: 6, 12: 4, 13: 1}
  frontier written 11 pruned 11
  reasons [('lean rejected', 52193), ('lean_seq parse: env: unbound', 5196), ('lean_seq parse: env: exact goal mismatch', 4109), ('lean_seq parse: env: formula', 1399), ('lean_seq parse: env: exact not last', 1134), ('lean_seq parse: env: binder mismatch', 1096)]
[lean_gate] 2285 samples, parse-fail 799, distinct checked 1486: lean ok 144, lean rej 1342; lean 3.2s wall (11.5s proc, 32 workers)
[la_frozen_S_s1 r7] transfer greedy SOLVED 144/2285 = 0.063 [0.054,0.074]
  len 7: 41/300 = 0.137 [0.102,0.180]
  len 8: 46/300 = 0.153 [0.117,0.198]
  len 9: 55/1010 = 0.054 [0.042,0.070]
  len 10: 2/451 = 0.004 [0.001,0.016]
  len 11: 0/99 = 0.000 [0.000,0.037]
  len 12: 0/102 = 0.000 [0.000,0.036]
  len 13: 0/13 = 0.000 [0.000,0.228]
  len 14: 0/10 = 0.000 [0.000,0.278]
  written hist {7: 42, 8: 43, 9: 55, 10: 3, 11: 1}
  pruned hist {5: 3, 6: 2, 7: 41, 8: 56, 9: 42}
  frontier written 9 pruned 9
  reasons [('lean rejected', 1342), ('lean_seq parse: env: unbound', 386), ('lean_seq parse: env: exact not last', 172), ('lean_seq parse: env: exact goal mismatch', 99), ('lean_seq parse: env: formula', 31), ('lean_seq parse: env: binder mismatch', 29)]
[lean_gate] 5000 samples, parse-fail 651, distinct checked 4349: lean ok 4006, lean rej 343; lean 5.0s wall (47.3s proc, 32 workers)
[la_frozen_S_s1 r7] heldout greedy SOLVED 4006/5000 = 0.801 [0.790,0.812]
  len 2: 991/1000 = 0.991 [0.983,0.995]
  len 3: 878/1000 = 0.878 [0.856,0.897]
  len 4: 757/1000 = 0.757 [0.729,0.783]
  len 5: 702/1000 = 0.702 [0.673,0.730]
  len 6: 678/1000 = 0.678 [0.648,0.706]
  written hist {2: 1019, 3: 869, 4: 745, 5: 726, 6: 644, 7: 2, 8: 1}
  pruned hist {2: 1020, 3: 874, 4: 752, 5: 715, 6: 643, 7: 1, 8: 1}
  frontier written 6 pruned 6
  reasons [('lean_seq parse: env: unbound', 581), ('lean rejected', 343), ('lean_seq parse: env: exact not last', 35), ('lean_seq parse: env: names exhausted', 12), ('lean_seq parse: env: exact goal mismatch', 9), ('lean_seq parse: env: binder mismatch', 5)]
[la_frozen_S_s1 r7] targets cumulative: solved 2613/4495 L*=10 ge={7: 2613, 8: 1203, 9: 486, 10: 72, 11: 3, 12: 0}
[la_frozen_S_s1 r7] transfer cumulative: solved 765/2285 L*=10 ge={7: 765, 8: 630, 9: 476, 10: 60, 11: 3, 12: 0}
=== round 7 done in 1134s; new proofs 131; cum targets solved 2613 L*=10; transfer L*=10
[lean_gate] 143840 samples, parse-fail 22924, distinct checked 108766: lean ok 30116, lean rej 78650; lean 176.0s wall (5381.9s proc, 32 workers)
[la_frozen_S_s1 r8] targets (this round) SOLVED 2243/4495 = 0.499 [0.484,0.514]
  len 7: 1261/1800 = 0.701 [0.679,0.721]
  len 8: 641/1000 = 0.641 [0.611,0.670]
  len 9: 304/1004 = 0.303 [0.275,0.332]
  len 10: 33/456 = 0.072 [0.052,0.100]
  len 11: 4/99 = 0.040 [0.016,0.099]
  len 12: 0/106 = 0.000 [0.000,0.035]
  len 13: 0/16 = 0.000 [0.000,0.194]
  len 14: 0/14 = 0.000 [0.000,0.215]
  written hist {6: 1, 7: 1397, 8: 1090, 9: 529, 10: 87, 11: 24, 12: 8, 13: 2, 14: 1, 15: 1}
  pruned hist {4: 1, 5: 63, 6: 280, 7: 1321, 8: 979, 9: 421, 10: 54, 11: 16, 12: 4, 13: 1}
  frontier written 12 pruned 11
  reasons [('lean rejected', 85583), ('lean_seq parse: env: unbound', 8495), ('lean_seq parse: env: exact goal mismatch', 7308), ('lean_seq parse: env: exact not last', 2239), ('lean_seq parse: env: formula', 1496), ('lean_seq parse: env: binder mismatch', 1238)]
[lean_gate] 73120 samples, parse-fail 14650, distinct checked 53640: lean ok 5579, lean rej 48061; lean 92.8s wall (2781.2s proc, 32 workers)
[la_frozen_S_s1 r8] transfer (this round, pass@32) SOLVED 599/2285 = 0.262 [0.245,0.281]
  len 7: 114/300 = 0.380 [0.327,0.436]
  len 8: 128/300 = 0.427 [0.372,0.483]
  len 9: 324/1010 = 0.321 [0.293,0.350]
  len 10: 31/451 = 0.069 [0.049,0.096]
  len 11: 2/99 = 0.020 [0.006,0.071]
  len 12: 0/102 = 0.000 [0.000,0.036]
  len 13: 0/13 = 0.000 [0.000,0.228]
  len 14: 0/10 = 0.000 [0.000,0.278]
  written hist {6: 1, 7: 125, 8: 170, 9: 467, 10: 59, 11: 5, 12: 6, 13: 1}
  pruned hist {5: 7, 6: 17, 7: 148, 8: 245, 9: 363, 10: 42, 11: 7, 12: 4, 13: 1}
  frontier written 12 pruned 11
  reasons [('lean rejected', 52142), ('lean_seq parse: env: unbound', 5199), ('lean_seq parse: env: exact goal mismatch', 4215), ('lean_seq parse: env: formula', 1378), ('lean_seq parse: env: exact not last', 1116), ('lean_seq parse: env: binder mismatch', 1077)]
[lean_gate] 2285 samples, parse-fail 799, distinct checked 1486: lean ok 144, lean rej 1342; lean 2.9s wall (10.3s proc, 32 workers)
[la_frozen_S_s1 r8] transfer greedy SOLVED 144/2285 = 0.063 [0.054,0.074]
  len 7: 41/300 = 0.137 [0.102,0.180]
  len 8: 46/300 = 0.153 [0.117,0.198]
  len 9: 55/1010 = 0.054 [0.042,0.070]
  len 10: 2/451 = 0.004 [0.001,0.016]
  len 11: 0/99 = 0.000 [0.000,0.037]
  len 12: 0/102 = 0.000 [0.000,0.036]
  len 13: 0/13 = 0.000 [0.000,0.228]
  len 14: 0/10 = 0.000 [0.000,0.278]
  written hist {7: 42, 8: 43, 9: 55, 10: 3, 11: 1}
  pruned hist {5: 3, 6: 2, 7: 41, 8: 56, 9: 42}
  frontier written 9 pruned 9
  reasons [('lean rejected', 1342), ('lean_seq parse: env: unbound', 386), ('lean_seq parse: env: exact not last', 172), ('lean_seq parse: env: exact goal mismatch', 99), ('lean_seq parse: env: formula', 31), ('lean_seq parse: env: binder mismatch', 29)]
[lean_gate] 5000 samples, parse-fail 651, distinct checked 4349: lean ok 4006, lean rej 343; lean 5.2s wall (48.8s proc, 32 workers)
[la_frozen_S_s1 r8] heldout greedy SOLVED 4006/5000 = 0.801 [0.790,0.812]
  len 2: 991/1000 = 0.991 [0.983,0.995]
  len 3: 878/1000 = 0.878 [0.856,0.897]
  len 4: 757/1000 = 0.757 [0.729,0.783]
  len 5: 702/1000 = 0.702 [0.673,0.730]
  len 6: 678/1000 = 0.678 [0.648,0.706]
  written hist {2: 1019, 3: 869, 4: 745, 5: 726, 6: 644, 7: 2, 8: 1}
  pruned hist {2: 1020, 3: 874, 4: 752, 5: 715, 6: 643, 7: 1, 8: 1}
  frontier written 6 pruned 6
  reasons [('lean_seq parse: env: unbound', 581), ('lean rejected', 343), ('lean_seq parse: env: exact not last', 35), ('lean_seq parse: env: names exhausted', 12), ('lean_seq parse: env: exact goal mismatch', 9), ('lean_seq parse: env: binder mismatch', 5)]
[la_frozen_S_s1 r8] targets cumulative: solved 2636/4495 L*=11 ge={7: 2636, 8: 1219, 9: 495, 10: 74, 11: 5, 12: 0}
[la_frozen_S_s1 r8] transfer cumulative: solved 787/2285 L*=10 ge={7: 787, 8: 645, 9: 491, 10: 64, 11: 3, 12: 0}
=== round 8 done in 1131s; new proofs 126; cum targets solved 2636 L*=11; transfer L*=10
=== arm SH s1 2026-09-28T10:31:09Z
params 3216384 mode lean_stateh
train records 155000 (skipped 0); pairs 775000; mean 5.000 per proof; max pair len 576; load 40s
step 200 loss 0.7199 lr 1.00e-03 pairs/batch 640 60s val 0.6965
step 400 loss 0.1583 lr 9.97e-04 pairs/batch 640 120s val 0.1145
step 600 loss 0.0992 lr 9.89e-04 pairs/batch 641 181s val 0.0911
step 800 loss 0.0966 lr 9.76e-04 pairs/batch 640 241s val 0.0873
step 1000 loss 0.0725 lr 9.58e-04 pairs/batch 640 301s val 0.0822
step 1200 loss 0.0754 lr 9.36e-04 pairs/batch 640 362s val 0.0818
step 1400 loss 0.0754 lr 9.08e-04 pairs/batch 641 422s val 0.0789
step 1600 loss 0.0706 lr 8.77e-04 pairs/batch 641 483s val 0.0757
step 1800 loss 0.0763 lr 8.41e-04 pairs/batch 641 543s val 0.0758
step 2000 loss 0.0651 lr 8.03e-04 pairs/batch 639 604s val 0.0745
step 2200 loss 0.0612 lr 7.61e-04 pairs/batch 640 664s val 0.0744
step 2400 loss 0.0666 lr 7.17e-04 pairs/batch 638 724s val 0.0742
step 2600 loss 0.0658 lr 6.70e-04 pairs/batch 639 785s val 0.0725
step 2800 loss 0.0664 lr 6.23e-04 pairs/batch 640 845s val 0.0740
step 3000 loss 0.0597 lr 5.74e-04 pairs/batch 640 905s val 0.0724
step 3200 loss 0.0594 lr 5.26e-04 pairs/batch 642 966s val 0.0721
step 3400 loss 0.0574 lr 4.77e-04 pairs/batch 640 1027s val 0.0719
step 3600 loss 0.0553 lr 4.30e-04 pairs/batch 640 1088s val 0.0710
step 3800 loss 0.0564 lr 3.83e-04 pairs/batch 639 1147s val 0.0713
step 4000 loss 0.0561 lr 3.39e-04 pairs/batch 641 1208s val 0.0718
step 4200 loss 0.0536 lr 2.97e-04 pairs/batch 641 1269s val 0.0712
step 4400 loss 0.0559 lr 2.59e-04 pairs/batch 640 1330s val 0.0703
step 4600 loss 0.0555 lr 2.23e-04 pairs/batch 639 1389s val 0.0704
step 4800 loss 0.0502 lr 1.92e-04 pairs/batch 640 1450s val 0.0709
step 5000 loss 0.0554 lr 1.64e-04 pairs/batch 640 1510s val 0.0700
step 5200 loss 0.0513 lr 1.42e-04 pairs/batch 639 1571s val 0.0701
step 5400 loss 0.0519 lr 1.24e-04 pairs/batch 639 1630s val 0.0701
step 5600 loss 0.0535 lr 1.11e-04 pairs/batch 640 1691s val 0.0699
step 5800 loss 0.0516 lr 1.03e-04 pairs/batch 640 1751s val 0.0702
step 6000 loss 0.0538 lr 1.00e-04 pairs/batch 641 1811s val 0.0701
saved ckpts/se/stage1_SH_s1.pt
=== heldout SH s1 2026-09-28T11:02:06Z
[lean_gate] 5000 samples, parse-fail 21, distinct checked 4979: lean ok 4777, lean rej 202; lean 7.4s wall (83.7s proc, 32 workers)
[stage1_SH_s1.pt on heldout.jsonl k=1 T=0.0] SOLVED 4777/5000 = 0.955 [0.949,0.961]
  len 2: 1000/1000 = 1.000 [0.996,1.000]
  len 3: 985/1000 = 0.985 [0.975,0.991]
  len 4: 961/1000 = 0.961 [0.947,0.971]
  len 5: 936/1000 = 0.936 [0.919,0.950]
  len 6: 895/1000 = 0.895 [0.874,0.913]
  written hist {2: 1020, 3: 991, 4: 942, 5: 974, 6: 849, 7: 1}
  pruned hist {2: 1020, 3: 995, 4: 939, 5: 973, 6: 849, 7: 1}
  frontier written 6 pruned 6
  reasons [('lean rejected', 202), ('lean_seq parse: env: exact goal mismatch', 14), ('lean_seq parse: env: formula', 3), ('lean_seq parse: env: box head', 2), ('lean_seq parse: env: binder mismatch', 1), ('lean_seq parse: env: assign', 1)]
env {"env_end": {"syntax": 21, "done": 4979}, "env_fail_reason": {"formula": 3, "binder mismatch": 1, "exact goal mismatch": 14, "box head": 2, "assign": 1}, "env_steps": {"1": 3, "3": 1034, "4": 1013, "5": 979, "6": 1062, "7": 896, "8": 7, "2": 3, "9": 2, "11": 1}, "prompt_tokens": 3022637, "steps": 1456, "rows": 24787, "rowsteps": 696176, "prompt_len_max": 493, "chunks": 16, "stop_eos": 24787, "stop_exact": 0, "stop_goal": 0, "env_waves": 16, "env_wall_s": 17.74645185470581, "peak_alloc_gb": 14.33854341506958, "peak_reserved_gb": 18.796875, "action_declen_mean": 18.789688142978175}
=== ladder T1 SH s1 2026-09-28T11:02:41Z
[lean_gate] 143840 samples, parse-fail 24459, distinct checked 105957: lean ok 23935, lean rej 82022; lean 178.7s wall (5498.5s proc, 32 workers)
[la_T1_SH_s1 r1] targets (this round) SOLVED 1786/4495 = 0.397 [0.383,0.412]
  len 7: 1108/1800 = 0.616 [0.593,0.638]
  len 8: 499/1000 = 0.499 [0.468,0.530]
  len 9: 163/1004 = 0.162 [0.141,0.186]
  len 10: 16/456 = 0.035 [0.022,0.056]
  len 11: 0/99 = 0.000 [0.000,0.037]
  len 12: 0/106 = 0.000 [0.000,0.035]
  len 13: 0/16 = 0.000 [0.000,0.194]
  len 14: 0/14 = 0.000 [0.000,0.215]
  written hist {6: 4, 7: 1229, 8: 841, 9: 244, 10: 31, 11: 1}
  pruned hist {5: 25, 6: 229, 7: 1114, 8: 784, 9: 173, 10: 24, 11: 1}
  frontier written 10 pruned 10
  reasons [('lean rejected', 90964), ('lean_seq parse: env: exact goal mismatch', 8295), ('lean_seq parse: env: binder mismatch', 5832), ('lean_seq parse: env: unbound', 5555), ('lean_seq parse: env: formula', 1544), ('lean_seq parse: env: assign', 934)]
[lean_gate] 73120 samples, parse-fail 16575, distinct checked 50880: lean ok 3337, lean rej 47543; lean 90.1s wall (2696.8s proc, 32 workers)
[la_T1_SH_s1 r1] transfer (this round, pass@32) SOLVED 332/2285 = 0.145 [0.131,0.160]
  len 7: 83/300 = 0.277 [0.229,0.330]
  len 8: 97/300 = 0.323 [0.273,0.378]
  len 9: 137/1010 = 0.136 [0.116,0.158]
  len 10: 15/451 = 0.033 [0.020,0.054]
  len 11: 0/99 = 0.000 [0.000,0.037]
  len 12: 0/102 = 0.000 [0.000,0.036]
  len 13: 0/13 = 0.000 [0.000,0.228]
  len 14: 0/10 = 0.000 [0.000,0.278]
  written hist {6: 2, 7: 88, 8: 125, 9: 180, 10: 31, 11: 1, 12: 1, 13: 1}
  pruned hist {5: 2, 6: 7, 7: 104, 8: 149, 9: 140, 10: 25, 11: 1, 13: 1}
  frontier written 10 pruned 10
  reasons [('lean rejected', 52657), ('lean_seq parse: env: exact goal mismatch', 5503), ('lean_seq parse: env: binder mismatch', 4274), ('lean_seq parse: env: unbound', 3252), ('lean_seq parse: env: formula', 1250), ('lean_seq parse: env: assign', 597)]
[lean_gate] 2285 samples, parse-fail 389, distinct checked 1896: lean ok 149, lean rej 1747; lean 4.0s wall (18.5s proc, 32 workers)
[la_T1_SH_s1 r1] transfer greedy SOLVED 149/2285 = 0.065 [0.056,0.076]
  len 7: 37/300 = 0.123 [0.091,0.165]
  len 8: 55/300 = 0.183 [0.144,0.231]
  len 9: 54/1010 = 0.053 [0.041,0.069]
  len 10: 3/451 = 0.007 [0.002,0.019]
  len 11: 0/99 = 0.000 [0.000,0.037]
  len 12: 0/102 = 0.000 [0.000,0.036]
  len 13: 0/13 = 0.000 [0.000,0.228]
  len 14: 0/10 = 0.000 [0.000,0.278]
  written hist {7: 34, 8: 55, 9: 57, 10: 3}
  pruned hist {6: 3, 7: 34, 8: 64, 9: 45, 10: 3}
  frontier written 9 pruned 9
  reasons [('lean rejected', 1747), ('lean_seq parse: env: exact goal mismatch', 159), ('lean_seq parse: env: binder mismatch', 126), ('lean_seq parse: env: unbound', 41), ('lean_seq parse: env: formula', 26), ('lean_seq parse: env: assign', 17)]
[lean_gate] 5000 samples, parse-fail 21, distinct checked 4979: lean ok 4777, lean rej 202; lean 5.4s wall (58.3s proc, 32 workers)
[la_T1_SH_s1 r1] heldout greedy SOLVED 4777/5000 = 0.955 [0.949,0.961]
  len 2: 1000/1000 = 1.000 [0.996,1.000]
  len 3: 985/1000 = 0.985 [0.975,0.991]
  len 4: 961/1000 = 0.961 [0.947,0.971]
  len 5: 936/1000 = 0.936 [0.919,0.950]
  len 6: 895/1000 = 0.895 [0.874,0.913]
  written hist {2: 1020, 3: 991, 4: 942, 5: 974, 6: 849, 7: 1}
  pruned hist {2: 1020, 3: 995, 4: 939, 5: 973, 6: 849, 7: 1}
  frontier written 6 pruned 6
  reasons [('lean rejected', 202), ('lean_seq parse: env: exact goal mismatch', 14), ('lean_seq parse: env: formula', 3), ('lean_seq parse: env: box head', 2), ('lean_seq parse: env: binder mismatch', 1), ('lean_seq parse: env: assign', 1)]
[la_T1_SH_s1 r1] targets cumulative: solved 1786/4495 L*=10 ge={7: 1786, 8: 678, 9: 179, 10: 16, 11: 0, 12: 0}
[la_T1_SH_s1 r1] transfer cumulative: solved 332/2285 L*=10 ge={7: 332, 8: 249, 9: 152, 10: 15, 11: 0, 12: 0}
python3 state_train.py --data artifacts/se/la_T1_SH_s1/mix_1.jsonl --init ckpts/se/stage1_SH_s1.pt --steps 600 --lr 0.0003 --min_lr 2.9999999999999997e-05 --warmup 50 --cap 0 --out ckpts/se/ladder/la_T1_SH_s1_r1.pt --seed 1001 --log_every 200 --recs 128
params 3216384 mode lean_stateh
train records 29216 (skipped 0); pairs 179271; mean 6.136 per proof; max pair len 526; load 9s
step 200 loss 0.0417 lr 2.53e-04 pairs/batch 786 93s
step 400 loss 0.0435 lr 1.09e-04 pairs/batch 784 185s
step 600 loss 0.0380 lr 3.00e-05 pairs/batch 784 277s
saved ckpts/se/ladder/la_T1_SH_s1_r1.pt
=== round 1 done in 1810s; new proofs 2350; cum targets solved 1786 L*=10; transfer L*=10
[lean_gate] 143840 samples, parse-fail 15786, distinct checked 110786: lean ok 45915, lean rej 64871; lean 197.5s wall (6091.0s proc, 32 workers)
[la_T1_SH_s1 r2] targets (this round) SOLVED 2389/4495 = 0.531 [0.517,0.546]
  len 7: 1348/1800 = 0.749 [0.728,0.768]
  len 8: 650/1000 = 0.650 [0.620,0.679]
  len 9: 338/1004 = 0.337 [0.308,0.366]
  len 10: 48/456 = 0.105 [0.080,0.137]
  len 11: 5/99 = 0.051 [0.022,0.113]
  len 12: 0/106 = 0.000 [0.000,0.035]
  len 13: 0/16 = 0.000 [0.000,0.194]
  len 14: 0/14 = 0.000 [0.000,0.215]
  written hist {6: 5, 7: 1503, 8: 1109, 9: 605, 10: 126, 11: 20, 12: 1}
  pruned hist {3: 1, 5: 49, 6: 308, 7: 1402, 8: 1031, 9: 473, 10: 95, 11: 10}
  frontier written 11 pruned 11
  reasons [('lean rejected', 72689), ('lean_seq parse: env: unbound', 5283), ('lean_seq parse: env: exact goal mismatch', 4618), ('lean_seq parse: env: binder mismatch', 1947), ('lean_seq parse: env: formula', 805), ('lean_seq parse: env: no semicolon', 533)]
[lean_gate] 73120 samples, parse-fail 12149, distinct checked 53975: lean ok 9332, lean rej 44643; lean 92.6s wall (2766.2s proc, 32 workers)
[la_T1_SH_s1 r2] transfer (this round, pass@32) SOLVED 649/2285 = 0.284 [0.266,0.303]
  len 7: 133/300 = 0.443 [0.388,0.500]
  len 8: 134/300 = 0.447 [0.391,0.503]
  len 9: 337/1010 = 0.334 [0.305,0.363]
  len 10: 43/451 = 0.095 [0.072,0.126]
  len 11: 2/99 = 0.020 [0.006,0.071]
  len 12: 0/102 = 0.000 [0.000,0.036]
  len 13: 0/13 = 0.000 [0.000,0.228]
  len 14: 0/10 = 0.000 [0.000,0.278]
  written hist {6: 5, 7: 144, 8: 181, 9: 523, 10: 127, 11: 12, 12: 2}
  pruned hist {5: 9, 6: 11, 7: 186, 8: 257, 9: 426, 10: 94, 11: 10, 12: 1}
  frontier written 11 pruned 11
  reasons [('lean rejected', 49935), ('lean_seq parse: env: exact goal mismatch', 3543), ('lean_seq parse: env: unbound', 3472), ('lean_seq parse: env: binder mismatch', 1682), ('lean_seq parse: env: formula', 939), ('lean_seq parse: env: no semicolon', 468)]
[lean_gate] 2285 samples, parse-fail 352, distinct checked 1933: lean ok 370, lean rej 1563; lean 4.4s wall (20.5s proc, 32 workers)
[la_T1_SH_s1 r2] transfer greedy SOLVED 370/2285 = 0.162 [0.147,0.178]
  len 7: 82/300 = 0.273 [0.226,0.326]
  len 8: 91/300 = 0.303 [0.254,0.358]
  len 9: 180/1010 = 0.178 [0.156,0.203]
  len 10: 17/451 = 0.038 [0.024,0.060]
  len 11: 0/99 = 0.000 [0.000,0.037]
  len 12: 0/102 = 0.000 [0.000,0.036]
  len 13: 0/13 = 0.000 [0.000,0.228]
  len 14: 0/10 = 0.000 [0.000,0.278]
  written hist {7: 76, 8: 92, 9: 181, 10: 21}
  pruned hist {5: 2, 6: 4, 7: 75, 8: 107, 9: 164, 10: 18}
  frontier written 10 pruned 10
  reasons [('lean rejected', 1563), ('lean_seq parse: env: unbound', 92), ('lean_seq parse: env: exact goal mismatch', 91), ('lean_seq parse: env: Or.elim on non-or', 41), ('lean_seq parse: env: binder mismatch', 38), ('lean_seq parse: env: formula', 22)]
[lean_gate] 5000 samples, parse-fail 143, distinct checked 4857: lean ok 4407, lean rej 450; lean 5.5s wall (58.6s proc, 32 workers)
[la_T1_SH_s1 r2] heldout greedy SOLVED 4407/5000 = 0.881 [0.872,0.890]
  len 2: 997/1000 = 0.997 [0.991,0.999]
  len 3: 897/1000 = 0.897 [0.877,0.914]
  len 4: 855/1000 = 0.855 [0.832,0.875]
  len 5: 848/1000 = 0.848 [0.824,0.869]
  len 6: 810/1000 = 0.810 [0.785,0.833]
  written hist {2: 1017, 3: 895, 4: 832, 5: 889, 6: 770, 7: 3, 8: 1}
  pruned hist {2: 1017, 3: 898, 4: 832, 5: 888, 6: 769, 7: 2, 8: 1}
  frontier written 6 pruned 6
  reasons [('lean rejected', 450), ('lean_seq parse: env: unbound', 104), ('lean_seq parse: env: exact goal mismatch', 18), ('lean_seq parse: env: Or.elim on non-or', 6), ('lean_seq parse: env: names exhausted', 4), ('lean_seq parse: env: term', 3)]
[la_T1_SH_s1 r2] targets cumulative: solved 2390/4495 L*=11 ge={7: 2390, 8: 1042, 9: 391, 10: 53, 11: 5, 12: 0}
[la_T1_SH_s1 r2] transfer cumulative: solved 661/2285 L*=10 ge={7: 661, 8: 524, 9: 388, 10: 47, 11: 2, 12: 0}
python3 state_train.py --data artifacts/se/la_T1_SH_s1/mix_2.jsonl --init ckpts/se/ladder/la_T1_SH_s1_r1.pt --steps 600 --lr 0.0003 --min_lr 2.9999999999999997e-05 --warmup 50 --cap 0 --out ckpts/se/ladder/la_T1_SH_s1_r2.pt --seed 1002 --log_every 200 --recs 128
params 3216384 mode lean_stateh
train records 33288 (skipped 0); pairs 217265; mean 6.527 per proof; max pair len 526; load 11s
step 200 loss 0.0392 lr 2.53e-04 pairs/batch 835 102s
step 400 loss 0.0396 lr 1.09e-04 pairs/batch 836 204s
step 600 loss 0.0375 lr 3.00e-05 pairs/batch 834 304s
saved ckpts/se/ladder/la_T1_SH_s1_r2.pt
=== round 2 done in 1966s; new proofs 1052; cum targets solved 2390 L*=11; transfer L*=10
[lean_gate] 143840 samples, parse-fail 15333, distinct checked 110840: lean ok 56822, lean rej 54018; lean 171.4s wall (5275.1s proc, 32 workers)
[la_T1_SH_s1 r3] targets (this round) SOLVED 2712/4495 = 0.603 [0.589,0.618]
  len 7: 1442/1800 = 0.801 [0.782,0.819]
  len 8: 727/1000 = 0.727 [0.699,0.754]
  len 9: 466/1004 = 0.464 [0.433,0.495]
  len 10: 69/456 = 0.151 [0.121,0.187]
  len 11: 7/99 = 0.071 [0.035,0.139]
  len 12: 1/106 = 0.009 [0.002,0.052]
  len 13: 0/16 = 0.000 [0.000,0.194]
  len 14: 0/14 = 0.000 [0.000,0.215]
  written hist {6: 5, 7: 1629, 8: 1301, 9: 884, 10: 239, 11: 47, 12: 12, 13: 2}
  pruned hist {3: 1, 5: 68, 6: 347, 7: 1585, 8: 1217, 9: 703, 10: 163, 11: 24, 12: 9, 13: 2}
  frontier written 12 pruned 12
  reasons [('lean rejected', 60140), ('lean_seq parse: env: unbound', 5176), ('lean_seq parse: env: exact goal mismatch', 4489), ('lean_seq parse: env: binder mismatch', 2066), ('lean_seq parse: env: names exhausted', 724), ('lean_seq parse: env: Or.elim on non-or', 712)]
[lean_gate] 73120 samples, parse-fail 12599, distinct checked 53642: lean ok 12761, lean rej 40881; lean 92.1s wall (2757.2s proc, 32 workers)
[la_T1_SH_s1 r3] transfer (this round, pass@32) SOLVED 863/2285 = 0.378 [0.358,0.398]
  len 7: 160/300 = 0.533 [0.477,0.589]
  len 8: 155/300 = 0.517 [0.460,0.573]
  len 9: 472/1010 = 0.467 [0.437,0.498]
  len 10: 67/451 = 0.149 [0.119,0.184]
  len 11: 7/99 = 0.071 [0.035,0.139]
  len 12: 2/102 = 0.020 [0.005,0.069]
  len 13: 0/13 = 0.000 [0.000,0.228]
  len 14: 0/10 = 0.000 [0.000,0.278]
  written hist {6: 3, 7: 174, 8: 214, 9: 748, 10: 210, 11: 37, 12: 5, 13: 1, 14: 4}
  pruned hist {5: 8, 6: 16, 7: 225, 8: 341, 9: 624, 10: 154, 11: 24, 12: 3, 13: 1}
  frontier written 12 pruned 11
  reasons [('lean rejected', 45406), ('lean_seq parse: env: exact goal mismatch', 4245), ('lean_seq parse: env: unbound', 3444), ('lean_seq parse: env: binder mismatch', 1854), ('lean_seq parse: env: formula', 702), ('lean_seq parse: env: Or.elim on non-or', 499)]
[lean_gate] 2285 samples, parse-fail 397, distinct checked 1888: lean ok 493, lean rej 1395; lean 4.0s wall (18.2s proc, 32 workers)
[la_T1_SH_s1 r3] transfer greedy SOLVED 493/2285 = 0.216 [0.199,0.233]
  len 7: 110/300 = 0.367 [0.314,0.423]
  len 8: 106/300 = 0.353 [0.301,0.409]
  len 9: 245/1010 = 0.243 [0.217,0.270]
  len 10: 29/451 = 0.064 [0.045,0.091]
  len 11: 2/99 = 0.020 [0.006,0.071]
  len 12: 1/102 = 0.010 [0.002,0.053]
  len 13: 0/13 = 0.000 [0.000,0.228]
  len 14: 0/10 = 0.000 [0.000,0.278]
  written hist {6: 1, 7: 107, 8: 101, 9: 236, 10: 41, 11: 5, 12: 1, 14: 1}
  pruned hist {5: 2, 6: 5, 7: 108, 8: 135, 9: 203, 10: 35, 11: 5}
  frontier written 11 pruned 11
  reasons [('lean rejected', 1395), ('lean_seq parse: env: exact goal mismatch', 125), ('lean_seq parse: env: unbound', 110), ('lean_seq parse: env: binder mismatch', 53), ('lean_seq parse: env: Or.elim on non-or', 33), ('lean_seq parse: env: box on non-arrow', 19)]
[lean_gate] 5000 samples, parse-fail 169, distinct checked 4831: lean ok 4192, lean rej 639; lean 5.4s wall (57.9s proc, 32 workers)
[la_T1_SH_s1 r3] heldout greedy SOLVED 4192/5000 = 0.838 [0.828,0.848]
  len 2: 995/1000 = 0.995 [0.988,0.998]
  len 3: 808/1000 = 0.808 [0.782,0.831]
  len 4: 784/1000 = 0.784 [0.757,0.808]
  len 5: 842/1000 = 0.842 [0.818,0.863]
  len 6: 763/1000 = 0.763 [0.736,0.788]
  written hist {2: 1018, 3: 809, 4: 765, 5: 856, 6: 740, 7: 4}
  pruned hist {2: 1020, 3: 812, 4: 766, 5: 853, 6: 738, 7: 3}
  frontier written 6 pruned 6
  reasons [('lean rejected', 639), ('lean_seq parse: env: unbound', 128), ('lean_seq parse: env: exact goal mismatch', 17), ('lean_seq parse: env: Or.elim on non-or', 9), ('lean_seq parse: env: formula', 5), ('lean_seq parse: env: binder mismatch', 4)]
[la_T1_SH_s1 r3] targets cumulative: solved 2712/4495 L*=11 ge={7: 2712, 8: 1270, 9: 543, 10: 77, 11: 8, 12: 1}
[la_T1_SH_s1 r3] transfer cumulative: solved 883/2285 L*=11 ge={7: 883, 8: 720, 9: 561, 10: 82, 11: 9, 12: 2}
python3 state_train.py --data artifacts/se/la_T1_SH_s1/mix_3.jsonl --init ckpts/se/ladder/la_T1_SH_s1_r2.pt --steps 600 --lr 0.0003 --min_lr 2.9999999999999997e-05 --warmup 50 --cap 0 --out ckpts/se/ladder/la_T1_SH_s1_r3.pt --seed 1003 --log_every 200 --recs 128
params 3216384 mode lean_stateh
train records 36128 (skipped 0); pairs 244771; mean 6.775 per proof; max pair len 551; load 12s
step 200 loss 0.0401 lr 2.53e-04 pairs/batch 867 108s
step 400 loss 0.0377 lr 1.09e-04 pairs/batch 867 215s
step 600 loss 0.0393 lr 3.00e-05 pairs/batch 866 323s
saved ckpts/se/ladder/la_T1_SH_s1_r3.pt
=== round 3 done in 1992s; new proofs 779; cum targets solved 2712 L*=11; transfer L*=11
[lean_gate] 143840 samples, parse-fail 14886, distinct checked 111088: lean ok 64510, lean rej 46578; lean 171.3s wall (5244.7s proc, 32 workers)
[la_T1_SH_s1 r4] targets (this round) SOLVED 2976/4495 = 0.662 [0.648,0.676]
  len 7: 1499/1800 = 0.833 [0.815,0.849]
  len 8: 777/1000 = 0.777 [0.750,0.802]
  len 9: 572/1004 = 0.570 [0.539,0.600]
  len 10: 111/456 = 0.243 [0.206,0.285]
  len 11: 15/99 = 0.152 [0.094,0.235]
  len 12: 2/106 = 0.019 [0.005,0.066]
  len 13: 0/16 = 0.000 [0.000,0.194]
  len 14: 0/14 = 0.000 [0.000,0.215]
  written hist {4: 1, 6: 4, 7: 1718, 8: 1450, 9: 1136, 10: 378, 11: 88, 12: 25, 13: 7, 14: 1}
  pruned hist {4: 1, 5: 79, 6: 386, 7: 1726, 8: 1364, 9: 920, 10: 259, 11: 50, 12: 18, 13: 5}
  frontier written 13 pruned 13
  reasons [('lean rejected', 51661), ('lean_seq parse: env: unbound', 5091), ('lean_seq parse: env: exact goal mismatch', 3667), ('lean_seq parse: env: binder mismatch', 2412), ('lean_seq parse: env: names exhausted', 838), ('lean_seq parse: env: Or.elim on non-or', 698)]
[lean_gate] 73120 samples, parse-fail 12400, distinct checked 53745: lean ok 15339, lean rej 38406; lean 91.8s wall (2757.6s proc, 32 workers)
[la_T1_SH_s1 r4] transfer (this round, pass@32) SOLVED 971/2285 = 0.425 [0.405,0.445]
  len 7: 163/300 = 0.543 [0.487,0.599]
  len 8: 174/300 = 0.580 [0.523,0.634]
  len 9: 534/1010 = 0.529 [0.498,0.559]
  len 10: 89/451 = 0.197 [0.163,0.237]
  len 11: 9/99 = 0.091 [0.049,0.164]
  len 12: 2/102 = 0.020 [0.005,0.069]
  len 13: 0/13 = 0.000 [0.000,0.228]
  len 14: 0/10 = 0.000 [0.000,0.278]
  written hist {6: 2, 7: 184, 8: 239, 9: 868, 10: 270, 11: 65, 12: 11, 13: 4, 14: 2, 15: 1}
  pruned hist {5: 12, 6: 20, 7: 234, 8: 379, 9: 747, 10: 198, 11: 45, 12: 6, 13: 3, 14: 2}
  frontier written 12 pruned 12
  reasons [('lean rejected', 42653), ('lean_seq parse: env: unbound', 3580), ('lean_seq parse: env: exact goal mismatch', 3538), ('lean_seq parse: env: binder mismatch', 2210), ('lean_seq parse: env: formula', 699), ('lean_seq parse: env: box on non-arrow', 613)]
[lean_gate] 2285 samples, parse-fail 366, distinct checked 1919: lean ok 608, lean rej 1311; lean 4.1s wall (19.0s proc, 32 workers)
[la_T1_SH_s1 r4] transfer greedy SOLVED 608/2285 = 0.266 [0.248,0.285]
  len 7: 130/300 = 0.433 [0.378,0.490]
  len 8: 117/300 = 0.390 [0.337,0.446]
  len 9: 320/1010 = 0.317 [0.289,0.346]
  len 10: 36/451 = 0.080 [0.058,0.109]
  len 11: 3/99 = 0.030 [0.010,0.085]
  len 12: 2/102 = 0.020 [0.005,0.069]
  len 13: 0/13 = 0.000 [0.000,0.228]
  len 14: 0/10 = 0.000 [0.000,0.278]
  written hist {7: 124, 8: 111, 9: 307, 10: 52, 11: 11, 12: 3}
  pruned hist {5: 1, 6: 5, 7: 127, 8: 152, 9: 269, 10: 45, 11: 9}
  frontier written 11 pruned 11
  reasons [('lean rejected', 1311), ('lean_seq parse: env: exact goal mismatch', 114), ('lean_seq parse: env: unbound', 106), ('lean_seq parse: env: binder mismatch', 58), ('lean_seq parse: env: Or.elim on non-or', 25), ('lean_seq parse: env: box on non-arrow', 19)]
[lean_gate] 5000 samples, parse-fail 116, distinct checked 4884: lean ok 4440, lean rej 444; lean 5.5s wall (58.7s proc, 32 workers)
[la_T1_SH_s1 r4] heldout greedy SOLVED 4440/5000 = 0.888 [0.879,0.896]
  len 2: 995/1000 = 0.995 [0.988,0.998]
  len 3: 861/1000 = 0.861 [0.838,0.881]
  len 4: 904/1000 = 0.904 [0.884,0.921]
  len 5: 835/1000 = 0.835 [0.811,0.857]
  len 6: 845/1000 = 0.845 [0.821,0.866]
  written hist {2: 1022, 3: 859, 4: 888, 5: 864, 6: 799, 7: 7, 9: 1}
  pruned hist {2: 1024, 3: 860, 4: 893, 5: 861, 6: 799, 7: 2, 9: 1}
  frontier written 7 pruned 6
  reasons [('lean rejected', 444), ('lean_seq parse: env: unbound', 73), ('lean_seq parse: env: exact goal mismatch', 23), ('lean_seq parse: env: Or.elim on non-or', 8), ('lean_seq parse: env: formula', 5), ('lean_seq parse: env: no semicolon', 2)]
[la_T1_SH_s1 r4] targets cumulative: solved 2977/4495 L*=11 ge={7: 2977, 8: 1478, 9: 700, 10: 128, 11: 17, 12: 2}
[la_T1_SH_s1 r4] transfer cumulative: solved 1023/2285 L*=11 ge={7: 1023, 8: 849, 9: 671, 10: 110, 11: 12, 12: 2}
python3 state_train.py --data artifacts/se/la_T1_SH_s1/mix_4.jsonl --init ckpts/se/ladder/la_T1_SH_s1_r3.pt --steps 600 --lr 0.0003 --min_lr 2.9999999999999997e-05 --warmup 50 --cap 0 --out ckpts/se/ladder/la_T1_SH_s1_r4.pt --seed 1004 --log_every 200 --recs 128
params 3216384 mode lean_stateh
train records 38708 (skipped 0); pairs 270356; mean 6.984 per proof; max pair len 552; load 13s
/workspace/nd-takehome/state_train.py:138: UserWarning: Converting a tensor with requires_grad=True to a scalar may lead to unexpected behavior.
Consider using tensor.detach() first. (Triggered internally at /pytorch/torch/csrc/autograd/generated/python_variable_methods.cpp:835.)
  loss_sum += float(lb)
step 200 loss 0.0379 lr 2.53e-04 pairs/batch 895 128s
step 400 loss 0.0400 lr 1.09e-04 pairs/batch 894 254s
step 600 loss 0.0365 lr 3.00e-05 pairs/batch 893 382s
saved ckpts/se/ladder/la_T1_SH_s1_r4.pt
=== round 4 done in 2066s; new proofs 725; cum targets solved 2977 L*=11; transfer L*=11
[lean_gate] 143840 samples, parse-fail 13425, distinct checked 112444: lean ok 70924, lean rej 41520; lean 172.7s wall (5267.8s proc, 32 workers)
[la_T1_SH_s1 r5] targets (this round) SOLVED 3187/4495 = 0.709 [0.696,0.722]
  len 7: 1542/1800 = 0.857 [0.840,0.872]
  len 8: 832/1000 = 0.832 [0.808,0.854]
  len 9: 641/1004 = 0.638 [0.608,0.668]
  len 10: 150/456 = 0.329 [0.287,0.373]
  len 11: 20/99 = 0.202 [0.135,0.292]
  len 12: 2/106 = 0.019 [0.005,0.066]
  len 13: 0/16 = 0.000 [0.000,0.194]
  len 14: 0/14 = 0.000 [0.000,0.215]
  written hist {4: 1, 6: 5, 7: 1781, 8: 1631, 9: 1348, 10: 529, 11: 133, 12: 42, 13: 17, 14: 3}
  pruned hist {3: 1, 4: 1, 5: 93, 6: 418, 7: 1855, 8: 1548, 9: 1096, 10: 354, 11: 78, 12: 37, 13: 8, 14: 1}
  frontier written 13 pruned 13
  reasons [('lean rejected', 45799), ('lean_seq parse: env: unbound', 4418), ('lean_seq parse: env: exact goal mismatch', 3032), ('lean_seq parse: env: binder mismatch', 2328), ('lean_seq parse: env: names exhausted', 1056), ('lean_seq parse: env: Or.elim on non-or', 789)]
[lean_gate] 73120 samples, parse-fail 11817, distinct checked 54451: lean ok 17316, lean rej 37135; lean 93.3s wall (2792.6s proc, 32 workers)
[la_T1_SH_s1 r5] transfer (this round, pass@32) SOLVED 1084/2285 = 0.474 [0.454,0.495]
  len 7: 168/300 = 0.560 [0.503,0.615]
  len 8: 192/300 = 0.640 [0.584,0.692]
  len 9: 598/1010 = 0.592 [0.561,0.622]
  len 10: 109/451 = 0.242 [0.204,0.283]
  len 11: 14/99 = 0.141 [0.086,0.223]
  len 12: 3/102 = 0.029 [0.010,0.083]
  len 13: 0/13 = 0.000 [0.000,0.228]
  len 14: 0/10 = 0.000 [0.000,0.278]
  written hist {6: 3, 7: 186, 8: 260, 9: 995, 10: 350, 11: 82, 12: 27, 13: 6, 14: 2, 15: 1}
  pruned hist {5: 9, 6: 18, 7: 254, 8: 436, 9: 864, 10: 253, 11: 54, 12: 20, 13: 2, 14: 2}
  frontier written 13 pruned 12
  reasons [('lean rejected', 41008), ('lean_seq parse: env: unbound', 3345), ('lean_seq parse: env: exact goal mismatch', 3097), ('lean_seq parse: env: binder mismatch', 2097), ('lean_seq parse: env: formula', 704), ('lean_seq parse: env: Or.elim on non-or', 619)]
[lean_gate] 2285 samples, parse-fail 547, distinct checked 1738: lean ok 370, lean rej 1368; lean 3.1s wall (13.1s proc, 32 workers)
[la_T1_SH_s1 r5] transfer greedy SOLVED 370/2285 = 0.162 [0.147,0.178]
  len 7: 70/300 = 0.233 [0.189,0.284]
  len 8: 89/300 = 0.297 [0.248,0.351]
  len 9: 192/1010 = 0.190 [0.167,0.215]
  len 10: 16/451 = 0.035 [0.022,0.057]
  len 11: 2/99 = 0.020 [0.006,0.071]
  len 12: 1/102 = 0.010 [0.002,0.053]
  len 13: 0/13 = 0.000 [0.000,0.228]
  len 14: 0/10 = 0.000 [0.000,0.278]
  written hist {7: 65, 8: 87, 9: 185, 10: 24, 11: 6, 12: 3}
  pruned hist {5: 2, 6: 6, 7: 73, 8: 127, 9: 135, 10: 20, 11: 5, 12: 2}
  frontier written 11 pruned 11
  reasons [('lean rejected', 1368), ('lean_seq parse: env: unbound', 208), ('lean_seq parse: env: exact goal mismatch', 97), ('lean_seq parse: env: names exhausted', 93), ('lean_seq parse: env: binder mismatch', 58), ('lean_seq parse: env: Or.elim on non-or', 20)]
[lean_gate] 5000 samples, parse-fail 206, distinct checked 4794: lean ok 4442, lean rej 352; lean 5.2s wall (53.3s proc, 32 workers)
[la_T1_SH_s1 r5] heldout greedy SOLVED 4442/5000 = 0.888 [0.879,0.897]
  len 2: 995/1000 = 0.995 [0.988,0.998]
  len 3: 929/1000 = 0.929 [0.911,0.943]
  len 4: 865/1000 = 0.865 [0.842,0.885]
  len 5: 802/1000 = 0.802 [0.776,0.826]
  len 6: 851/1000 = 0.851 [0.828,0.872]
  written hist {2: 1021, 3: 929, 4: 851, 5: 824, 6: 810, 7: 5, 10: 2}
  pruned hist {2: 1025, 3: 931, 4: 852, 5: 821, 6: 809, 7: 2, 9: 1, 10: 1}
  frontier written 7 pruned 6
  reasons [('lean rejected', 352), ('lean_seq parse: env: unbound', 157), ('lean_seq parse: env: names exhausted', 19), ('lean_seq parse: env: exact goal mismatch', 13), ('lean_seq parse: env: binder mismatch', 7), ('lean_seq parse: env: Or.elim on non-or', 3)]
[la_T1_SH_s1 r5] targets cumulative: solved 3187/4495 L*=11 ge={7: 3187, 8: 1645, 9: 813, 10: 172, 11: 22, 12: 2}
[la_T1_SH_s1 r5] transfer cumulative: solved 1140/2285 L*=11 ge={7: 1140, 8: 964, 9: 765, 10: 140, 11: 19, 12: 3}
python3 state_train.py --data artifacts/se/la_T1_SH_s1/mix_5.jsonl --init ckpts/se/ladder/la_T1_SH_s1_r4.pt --steps 600 --lr 0.0003 --min_lr 2.9999999999999997e-05 --warmup 50 --cap 0 --out ckpts/se/ladder/la_T1_SH_s1_r5.pt --seed 1005 --log_every 200 --recs 128
params 3216384 mode lean_stateh
train records 41104 (skipped 0); pairs 294540; mean 7.166 per proof; max pair len 577; load 15s
/workspace/nd-takehome/state_train.py:138: UserWarning: Converting a tensor with requires_grad=True to a scalar may lead to unexpected behavior.
Consider using tensor.detach() first. (Triggered internally at /pytorch/torch/csrc/autograd/generated/python_variable_methods.cpp:835.)
  loss_sum += float(lb)
step 200 loss 0.0374 lr 2.53e-04 pairs/batch 918 132s
step 400 loss 0.0371 lr 1.09e-04 pairs/batch 916 264s
step 600 loss 0.0377 lr 3.00e-05 pairs/batch 919 395s
saved ckpts/se/ladder/la_T1_SH_s1_r5.pt
=== round 5 done in 2146s; new proofs 706; cum targets solved 3187 L*=11; transfer L*=11
[lean_gate] 143840 samples, parse-fail 12897, distinct checked 113066: lean ok 75885, lean rej 37181; lean 171.9s wall (5293.3s proc, 32 workers)
[la_T1_SH_s1 r6] targets (this round) SOLVED 3342/4495 = 0.743 [0.731,0.756]
  len 7: 1577/1800 = 0.876 [0.860,0.891]
  len 8: 865/1000 = 0.865 [0.842,0.885]
  len 9: 704/1004 = 0.701 [0.672,0.729]
  len 10: 168/456 = 0.368 [0.325,0.414]
  len 11: 25/99 = 0.253 [0.177,0.346]
  len 12: 3/106 = 0.028 [0.010,0.080]
  len 13: 0/16 = 0.000 [0.000,0.194]
  len 14: 0/14 = 0.000 [0.000,0.215]
  written hist {4: 1, 6: 4, 7: 1838, 8: 1768, 9: 1563, 10: 646, 11: 189, 12: 64, 13: 18, 14: 5, 15: 1}
  pruned hist {3: 1, 4: 1, 5: 100, 6: 461, 7: 1967, 8: 1673, 9: 1279, 10: 435, 11: 116, 12: 51, 13: 9, 14: 3, 15: 1}
  frontier written 14 pruned 13
  reasons [('lean rejected', 40837), ('lean_seq parse: env: unbound', 4532), ('lean_seq parse: env: exact goal mismatch', 2693), ('lean_seq parse: env: binder mismatch', 1907), ('lean_seq parse: env: names exhausted', 986), ('lean_seq parse: env: Or.elim on non-or', 764)]
[lean_gate] 73120 samples, parse-fail 11418, distinct checked 54685: lean ok 19322, lean rej 35363; lean 93.5s wall (2801.4s proc, 32 workers)
[la_T1_SH_s1 r6] transfer (this round, pass@32) SOLVED 1167/2285 = 0.511 [0.490,0.531]
  len 7: 170/300 = 0.567 [0.510,0.622]
  len 8: 206/300 = 0.687 [0.632,0.737]
  len 9: 642/1010 = 0.636 [0.606,0.665]
  len 10: 125/451 = 0.277 [0.238,0.320]
  len 11: 19/99 = 0.192 [0.126,0.280]
  len 12: 5/102 = 0.049 [0.021,0.110]
  len 13: 0/13 = 0.000 [0.000,0.228]
  len 14: 0/10 = 0.000 [0.000,0.278]
  written hist {6: 1, 7: 189, 8: 284, 9: 1101, 10: 428, 11: 124, 12: 40, 13: 15, 14: 2, 15: 8, 16: 1}
  pruned hist {5: 10, 6: 24, 7: 279, 8: 479, 9: 971, 10: 306, 11: 87, 12: 26, 13: 9, 14: 2}
  frontier written 15 pruned 13
  reasons [('lean rejected', 39037), ('lean_seq parse: env: unbound', 3261), ('lean_seq parse: env: exact goal mismatch', 2882), ('lean_seq parse: env: binder mismatch', 1732), ('lean_seq parse: env: formula', 916), ('lean_seq parse: env: Or.elim on non-or', 620)]
[lean_gate] 2285 samples, parse-fail 258, distinct checked 2027: lean ok 794, lean rej 1233; lean 4.5s wall (21.8s proc, 32 workers)
[la_T1_SH_s1 r6] transfer greedy SOLVED 794/2285 = 0.347 [0.328,0.367]
  len 7: 140/300 = 0.467 [0.411,0.523]
  len 8: 157/300 = 0.523 [0.467,0.579]
  len 9: 426/1010 = 0.422 [0.392,0.452]
  len 10: 66/451 = 0.146 [0.117,0.182]
  len 11: 4/99 = 0.040 [0.016,0.099]
  len 12: 1/102 = 0.010 [0.002,0.053]
  len 13: 0/13 = 0.000 [0.000,0.228]
  len 14: 0/10 = 0.000 [0.000,0.278]
  written hist {7: 128, 8: 146, 9: 401, 10: 96, 11: 14, 12: 9}
  pruned hist {5: 3, 6: 8, 7: 134, 8: 205, 9: 352, 10: 76, 11: 11, 12: 5}
  frontier written 12 pruned 12
  reasons [('lean rejected', 1233), ('lean_seq parse: env: exact goal mismatch', 91), ('lean_seq parse: env: binder mismatch', 45), ('lean_seq parse: env: unbound', 38), ('lean_seq parse: env: formula', 26), ('lean_seq parse: env: no semicolon', 15)]
[lean_gate] 5000 samples, parse-fail 40, distinct checked 4960: lean ok 4780, lean rej 180; lean 5.5s wall (59.6s proc, 32 workers)
[la_T1_SH_s1 r6] heldout greedy SOLVED 4780/5000 = 0.956 [0.950,0.961]
  len 2: 995/1000 = 0.995 [0.988,0.998]
  len 3: 973/1000 = 0.973 [0.961,0.981]
  len 4: 962/1000 = 0.962 [0.948,0.972]
  len 5: 919/1000 = 0.919 [0.900,0.934]
  len 6: 931/1000 = 0.931 [0.914,0.945]
  written hist {2: 1020, 3: 966, 4: 947, 5: 957, 6: 877, 7: 9, 8: 3, 9: 1}
  pruned hist {2: 1022, 3: 972, 4: 949, 5: 954, 6: 876, 7: 3, 8: 3, 9: 1}
  frontier written 7 pruned 6
  reasons [('lean rejected', 180), ('lean_seq parse: env: exact goal mismatch', 15), ('lean_seq parse: env: unbound', 10), ('lean_seq parse: env: formula', 5), ('lean_seq parse: env: binder mismatch', 3), ('lean_seq parse: env: box on non-arrow', 2)]
[la_T1_SH_s1 r6] targets cumulative: solved 3342/4495 L*=11 ge={7: 3342, 8: 1765, 9: 900, 10: 196, 11: 28, 12: 3}
[la_T1_SH_s1 r6] transfer cumulative: solved 1237/2285 L*=12 ge={7: 1237, 8: 1057, 9: 843, 10: 165, 11: 28, 12: 5}
python3 state_train.py --data artifacts/se/la_T1_SH_s1/mix_6.jsonl --init ckpts/se/ladder/la_T1_SH_s1_r5.pt --steps 600 --lr 0.0003 --min_lr 2.9999999999999997e-05 --warmup 50 --cap 0 --out ckpts/se/ladder/la_T1_SH_s1_r6.pt --seed 1006 --log_every 200 --recs 128
params 3216384 mode lean_stateh
train records 43340 (skipped 0); pairs 317329; mean 7.322 per proof; max pair len 577; load 15s
/workspace/nd-takehome/state_train.py:138: UserWarning: Converting a tensor with requires_grad=True to a scalar may lead to unexpected behavior.
Consider using tensor.detach() first. (Triggered internally at /pytorch/torch/csrc/autograd/generated/python_variable_methods.cpp:835.)
  loss_sum += float(lb)
step 200 loss 0.0386 lr 2.53e-04 pairs/batch 938 137s
step 400 loss 0.0376 lr 1.09e-04 pairs/batch 938 270s
step 600 loss 0.0375 lr 3.00e-05 pairs/batch 936 405s
saved ckpts/se/ladder/la_T1_SH_s1_r6.pt
=== round 6 done in 2180s; new proofs 675; cum targets solved 3342 L*=11; transfer L*=12
[lean_gate] 143840 samples, parse-fail 12004, distinct checked 114060: lean ok 80158, lean rej 33902; lean 173.4s wall (5294.2s proc, 32 workers)
[la_T1_SH_s1 r7] targets (this round) SOLVED 3426/4495 = 0.762 [0.750,0.774]
  len 7: 1608/1800 = 0.893 [0.878,0.907]
  len 8: 879/1000 = 0.879 [0.857,0.898]
  len 9: 730/1004 = 0.727 [0.699,0.754]
  len 10: 176/456 = 0.386 [0.342,0.431]
  len 11: 29/99 = 0.293 [0.212,0.389]
  len 12: 4/106 = 0.038 [0.015,0.093]
  len 13: 0/16 = 0.000 [0.000,0.194]
  len 14: 0/14 = 0.000 [0.000,0.215]
  written hist {4: 1, 6: 4, 7: 1892, 8: 1920, 9: 1776, 10: 789, 11: 252, 12: 108, 13: 31, 14: 9, 15: 1}
  pruned hist {3: 1, 4: 1, 5: 110, 6: 495, 7: 2121, 8: 1819, 9: 1435, 10: 535, 11: 164, 12: 78, 13: 17, 14: 7}
  frontier written 14 pruned 14
  reasons [('lean rejected', 37184), ('lean_seq parse: env: unbound', 4336), ('lean_seq parse: env: exact goal mismatch', 2237), ('lean_seq parse: env: binder mismatch', 1809), ('lean_seq parse: env: names exhausted', 1163), ('lean_seq parse: env: Or.elim on non-or', 776)]
[lean_gate] 73120 samples, parse-fail 10815, distinct checked 55332: lean ok 20843, lean rej 34489; lean 93.8s wall (2798.5s proc, 32 workers)
[la_T1_SH_s1 r7] transfer (this round, pass@32) SOLVED 1235/2285 = 0.540 [0.520,0.561]
  len 7: 182/300 = 0.607 [0.550,0.660]
  len 8: 214/300 = 0.713 [0.660,0.762]
  len 9: 665/1010 = 0.658 [0.629,0.687]
  len 10: 144/451 = 0.319 [0.278,0.364]
  len 11: 24/99 = 0.242 [0.169,0.335]
  len 12: 6/102 = 0.059 [0.027,0.122]
  len 13: 0/13 = 0.000 [0.000,0.228]
  len 14: 0/10 = 0.000 [0.000,0.278]
  written hist {7: 201, 8: 304, 9: 1201, 10: 524, 11: 155, 12: 59, 13: 19, 14: 4, 16: 2}
  pruned hist {5: 10, 6: 22, 7: 294, 8: 522, 9: 1110, 10: 350, 11: 109, 12: 39, 13: 12, 16: 1}
  frontier written 13 pruned 13
  reasons [('lean rejected', 38007), ('lean_seq parse: env: unbound', 3188), ('lean_seq parse: env: exact goal mismatch', 2766), ('lean_seq parse: env: binder mismatch', 1817), ('lean_seq parse: env: formula', 798), ('lean_seq parse: env: names exhausted', 650)]
[lean_gate] 2285 samples, parse-fail 211, distinct checked 2074: lean ok 882, lean rej 1192; lean 4.6s wall (22.7s proc, 32 workers)
[la_T1_SH_s1 r7] transfer greedy SOLVED 882/2285 = 0.386 [0.366,0.406]
  len 7: 154/300 = 0.513 [0.457,0.569]
  len 8: 174/300 = 0.580 [0.523,0.634]
  len 9: 463/1010 = 0.458 [0.428,0.489]
  len 10: 75/451 = 0.166 [0.135,0.203]
  len 11: 12/99 = 0.121 [0.071,0.200]
  len 12: 4/102 = 0.039 [0.015,0.097]
  len 13: 0/13 = 0.000 [0.000,0.228]
  len 14: 0/10 = 0.000 [0.000,0.278]
  written hist {7: 142, 8: 163, 9: 426, 10: 110, 11: 28, 12: 10, 13: 3}
  pruned hist {5: 3, 6: 7, 7: 156, 8: 242, 9: 365, 10: 79, 11: 22, 12: 6, 13: 2}
  frontier written 12 pruned 12
  reasons [('lean rejected', 1192), ('lean_seq parse: env: exact goal mismatch', 72), ('lean_seq parse: env: binder mismatch', 49), ('lean_seq parse: env: formula', 26), ('lean_seq parse: env: unbound', 23), ('lean_seq parse: env: Or.elim on non-or', 13)]
[lean_gate] 5000 samples, parse-fail 19, distinct checked 4981: lean ok 4853, lean rej 128; lean 5.5s wall (59.2s proc, 32 workers)
[la_T1_SH_s1 r7] heldout greedy SOLVED 4853/5000 = 0.971 [0.966,0.975]
  len 2: 999/1000 = 0.999 [0.994,1.000]
  len 3: 992/1000 = 0.992 [0.984,0.996]
  len 4: 969/1000 = 0.969 [0.956,0.978]
  len 5: 940/1000 = 0.940 [0.924,0.953]
  len 6: 953/1000 = 0.953 [0.938,0.964]
  written hist {2: 1021, 3: 992, 4: 954, 5: 969, 6: 899, 7: 11, 8: 7}
  pruned hist {2: 1023, 3: 997, 4: 954, 5: 970, 6: 895, 7: 7, 8: 7}
  frontier written 8 pruned 8
  reasons [('lean rejected', 128), ('lean_seq parse: env: exact goal mismatch', 9), ('lean_seq parse: env: formula', 4), ('lean_seq parse: env: binder mismatch', 3), ('lean_seq parse: env: unbound', 2), ('lean_seq parse: env: box head', 1)]
[la_T1_SH_s1 r7] targets cumulative: solved 3426/4495 L*=11 ge={7: 3426, 8: 1818, 9: 939, 10: 209, 11: 33, 12: 4}
[la_T1_SH_s1 r7] transfer cumulative: solved 1324/2285 L*=12 ge={7: 1324, 8: 1136, 9: 912, 10: 195, 11: 36, 12: 6}
python3 state_train.py --data artifacts/se/la_T1_SH_s1/mix_7.jsonl --init ckpts/se/ladder/la_T1_SH_s1_r6.pt --steps 600 --lr 0.0003 --min_lr 2.9999999999999997e-05 --warmup 50 --cap 0 --out ckpts/se/ladder/la_T1_SH_s1_r7.pt --seed 1007 --log_every 200 --recs 128
params 3216384 mode lean_stateh
train records 45688 (skipped 0); pairs 341552; mean 7.476 per proof; max pair len 577; load 17s
/workspace/nd-takehome/state_train.py:138: UserWarning: Converting a tensor with requires_grad=True to a scalar may lead to unexpected behavior.
Consider using tensor.detach() first. (Triggered internally at /pytorch/torch/csrc/autograd/generated/python_variable_methods.cpp:835.)
  loss_sum += float(lb)
step 200 loss 0.0389 lr 2.53e-04 pairs/batch 957 138s
step 400 loss 0.0352 lr 1.09e-04 pairs/batch 956 276s
step 600 loss 0.0357 lr 3.00e-05 pairs/batch 958 414s
saved ckpts/se/ladder/la_T1_SH_s1_r7.pt
=== round 7 done in 2231s; new proofs 744; cum targets solved 3426 L*=11; transfer L*=12
[lean_gate] 143840 samples, parse-fail 12119, distinct checked 114580: lean ok 82818, lean rej 31762; lean 173.6s wall (5325.6s proc, 32 workers)
[la_T1_SH_s1 r8] targets (this round) SOLVED 3489/4495 = 0.776 [0.764,0.788]
  len 7: 1622/1800 = 0.901 [0.886,0.914]
  len 8: 891/1000 = 0.891 [0.870,0.909]
  len 9: 753/1004 = 0.750 [0.722,0.776]
  len 10: 188/456 = 0.412 [0.368,0.458]
  len 11: 31/99 = 0.313 [0.230,0.410]
  len 12: 4/106 = 0.038 [0.015,0.093]
  len 13: 0/16 = 0.000 [0.000,0.194]
  len 14: 0/14 = 0.000 [0.000,0.215]
  written hist {4: 1, 6: 5, 7: 1920, 8: 2067, 9: 1980, 10: 915, 11: 331, 12: 141, 13: 38, 14: 13, 15: 2, 16: 1}
  pruned hist {3: 2, 4: 1, 5: 122, 6: 521, 7: 2228, 8: 1972, 9: 1597, 10: 623, 11: 215, 12: 99, 13: 24, 14: 8, 15: 1, 16: 1}
  frontier written 14 pruned 14
  reasons [('lean rejected', 34572), ('lean_seq parse: env: unbound', 4068), ('lean_seq parse: env: binder mismatch', 2153), ('lean_seq parse: env: exact goal mismatch', 1847), ('lean_seq parse: env: names exhausted', 1269), ('lean_seq parse: env: Or.elim on non-or', 1000)]
[lean_gate] 73120 samples, parse-fail 11003, distinct checked 55522: lean ok 21967, lean rej 33555; lean 94.9s wall (2825.8s proc, 32 workers)
[la_T1_SH_s1 r8] transfer (this round, pass@32) SOLVED 1290/2285 = 0.565 [0.544,0.585]
  len 7: 188/300 = 0.627 [0.571,0.679]
  len 8: 222/300 = 0.740 [0.688,0.786]
  len 9: 689/1010 = 0.682 [0.653,0.710]
  len 10: 155/451 = 0.344 [0.301,0.389]
  len 11: 28/99 = 0.283 [0.204,0.378]
  len 12: 8/102 = 0.078 [0.040,0.147]
  len 13: 0/13 = 0.000 [0.000,0.228]
  len 14: 0/10 = 0.000 [0.000,0.278]
  written hist {6: 1, 7: 206, 8: 316, 9: 1276, 10: 594, 11: 162, 12: 73, 13: 24, 14: 7, 15: 1, 16: 2}
  pruned hist {5: 11, 6: 33, 7: 297, 8: 559, 9: 1172, 10: 390, 11: 123, 12: 49, 13: 19, 14: 6, 15: 1, 16: 2}
  frontier written 14 pruned 14
  reasons [('lean rejected', 36655), ('lean_seq parse: env: unbound', 3042), ('lean_seq parse: env: exact goal mismatch', 2609), ('lean_seq parse: env: binder mismatch', 2014), ('lean_seq parse: env: formula', 895), ('lean_seq parse: env: names exhausted', 696)]
[lean_gate] 2285 samples, parse-fail 218, distinct checked 2067: lean ok 912, lean rej 1155; lean 4.5s wall (22.6s proc, 32 workers)
[la_T1_SH_s1 r8] transfer greedy SOLVED 912/2285 = 0.399 [0.379,0.419]
  len 7: 153/300 = 0.510 [0.454,0.566]
  len 8: 177/300 = 0.590 [0.534,0.644]
  len 9: 485/1010 = 0.480 [0.450,0.511]
  len 10: 84/451 = 0.186 [0.153,0.225]
  len 11: 9/99 = 0.091 [0.049,0.164]
  len 12: 4/102 = 0.039 [0.015,0.097]
  len 13: 0/13 = 0.000 [0.000,0.228]
  len 14: 0/10 = 0.000 [0.000,0.278]
  written hist {7: 134, 8: 168, 9: 449, 10: 118, 11: 27, 12: 12, 13: 3, 14: 1}
  pruned hist {5: 2, 6: 9, 7: 150, 8: 234, 9: 392, 10: 91, 11: 25, 12: 6, 13: 3}
  frontier written 12 pruned 12
  reasons [('lean rejected', 1155), ('lean_seq parse: env: exact goal mismatch', 70), ('lean_seq parse: env: binder mismatch', 59), ('lean_seq parse: env: unbound', 32), ('lean_seq parse: env: formula', 20), ('lean_seq parse: env: Or.elim on non-or', 8)]
[lean_gate] 5000 samples, parse-fail 20, distinct checked 4980: lean ok 4853, lean rej 127; lean 5.5s wall (60.6s proc, 32 workers)
[la_T1_SH_s1 r8] heldout greedy SOLVED 4853/5000 = 0.971 [0.966,0.975]
  len 2: 995/1000 = 0.995 [0.988,0.998]
  len 3: 990/1000 = 0.990 [0.982,0.995]
  len 4: 973/1000 = 0.973 [0.961,0.981]
  len 5: 948/1000 = 0.948 [0.932,0.960]
  len 6: 947/1000 = 0.947 [0.931,0.959]
  written hist {2: 1021, 3: 983, 4: 951, 5: 983, 6: 901, 7: 10, 8: 4}
  pruned hist {2: 1023, 3: 991, 4: 951, 5: 978, 6: 904, 7: 2, 8: 4}
  frontier written 7 pruned 6
  reasons [('lean rejected', 127), ('lean_seq parse: env: exact goal mismatch', 10), ('lean_seq parse: env: binder mismatch', 3), ('lean_seq parse: env: formula', 3), ('lean_seq parse: env: box head', 2), ('lean_seq parse: env: unbound', 1)]
[la_T1_SH_s1 r8] targets cumulative: solved 3490/4495 L*=11 ge={7: 3490, 8: 1868, 9: 976, 10: 223, 11: 35, 12: 4}
[la_T1_SH_s1 r8] transfer cumulative: solved 1390/2285 L*=12 ge={7: 1390, 8: 1195, 9: 962, 10: 219, 11: 45, 12: 8}
python3 state_train.py --data artifacts/se/la_T1_SH_s1/mix_8.jsonl --init ckpts/se/ladder/la_T1_SH_s1_r7.pt --steps 600 --lr 0.0003 --min_lr 2.9999999999999997e-05 --warmup 50 --cap 0 --out ckpts/se/ladder/la_T1_SH_s1_r8.pt --seed 1008 --log_every 200 --recs 128
params 3216384 mode lean_stateh
train records 47908 (skipped 0); pairs 364683; mean 7.612 per proof; max pair len 577; load 17s
/workspace/nd-takehome/state_train.py:138: UserWarning: Converting a tensor with requires_grad=True to a scalar may lead to unexpected behavior.
Consider using tensor.detach() first. (Triggered internally at /pytorch/torch/csrc/autograd/generated/python_variable_methods.cpp:835.)
  loss_sum += float(lb)
step 200 loss 0.0377 lr 2.53e-04 pairs/batch 976 141s
step 400 loss 0.0377 lr 1.09e-04 pairs/batch 974 283s
step 600 loss 0.0364 lr 3.00e-05 pairs/batch 975 424s
saved ckpts/se/ladder/la_T1_SH_s1_r8.pt
=== round 8 done in 2239s; new proofs 701; cum targets solved 3490 L*=11; transfer L*=12
