"family","model_label","params","format","init","train_set","cap","stage","seed","pool","n_pool","metric","k","temperature","value","checker","judge","date","provenance","source_file"
"june-3.3M-cap8-fixed","RL fixed","3.3M","token","scratch","150k gen cap 8","8","r0","0","textbook36","36","solved","16","1.0","15","other:nd_sprint verify.py","","2026-06-09","copied","nd-rl:dan:experiment-summaries/2026-06-09-nd-bootstrapping-sprint/summary.md"
"june-3.3M-cap8-fixed","RL fixed","3.3M","token","scratch","150k gen cap 8","8","rl5","0","textbook36","36","solved","16","1.0","12","other:nd_sprint verify.py","","2026-06-09","copied","nd-rl:dan:experiment-summaries/2026-06-09-nd-bootstrapping-sprint/summary.md"
"june-3.3M-cap8-offset","RL offset","3.3M","token","scratch","150k gen cap 8","8","r0","0","textbook36","36","solved","16","1.0","12","other:nd_sprint verify.py","","2026-06-09","copied","nd-rl:dan:experiment-summaries/2026-06-09-nd-bootstrapping-sprint/summary.md"
"june-3.3M-cap8-offset","RL offset","3.3M","token","scratch","150k gen cap 8","8","rl5","0","textbook36","36","solved","16","1.0","13","other:nd_sprint verify.py","","2026-06-09","copied","nd-rl:dan:experiment-summaries/2026-06-09-nd-bootstrapping-sprint/summary.md"
"june-3.3M-cap8-offset","RL offset","3.3M","token","scratch","150k gen cap 8","8","rl4","0","textbook36","36","solved","16","1.0","15","other:nd_sprint verify.py","","2026-06-09","copied","nd-rl:dan:experiment-summaries/2026-06-09-nd-bootstrapping-sprint/summary.md"
"june-3.3M-cap8-fixed","RL fixed","3.3M","token","scratch","150k gen cap 8","8","r0","0","june-transfer500","500","pass_at_k_frac","64","1.0","0.31","other:nd_sprint verify.py","","2026-06-09","copied","nd-rl:dan:experiment-summaries/2026-06-09-nd-bootstrapping-sprint/summary.md"
"june-3.3M-cap8-fixed","RL fixed","3.3M","token","scratch","150k gen cap 8","8","rl5","0","june-transfer500","500","pass_at_k_frac","64","1.0","0.356","other:nd_sprint verify.py","","2026-06-09","copied","nd-rl:dan:experiment-summaries/2026-06-09-nd-bootstrapping-sprint/summary.md"
"june-3.3M-cap8-offset","RL offset","3.3M","token","scratch","150k gen cap 8","8","r0","0","june-transfer500","500","pass_at_k_frac","64","1.0","0.448","other:nd_sprint verify.py","","2026-06-09","copied","nd-rl:dan:experiment-summaries/2026-06-09-nd-bootstrapping-sprint/summary.md"
"june-3.3M-cap8-offset","RL offset","3.3M","token","scratch","150k gen cap 8","8","rl5","0","june-transfer500","500","pass_at_k_frac","64","1.0","0.458","other:nd_sprint verify.py","","2026-06-09","copied","nd-rl:dan:experiment-summaries/2026-06-09-nd-bootstrapping-sprint/summary.md"
"june-3.3M-cap8-fixed","RL fixed","3.3M","token","scratch","150k gen cap 8","8","rl5","0","june-rl-targets1200","1200","solved_cumulative","32","1.0","418","other:nd_sprint verify.py","","2026-06-09","copied","nd-rl:dan:experiment-summaries/2026-06-09-nd-bootstrapping-sprint/summary.md"
"june-3.3M-cap8-offset","RL offset","3.3M","token","scratch","150k gen cap 8","8","rl5","0","june-rl-targets1200","1200","solved_cumulative","32","1.0","747","other:nd_sprint verify.py","","2026-06-09","copied","nd-rl:dan:experiment-summaries/2026-06-09-nd-bootstrapping-sprint/summary.md"
"june-3.3M-cap8-offset","frozen resampling control","3.3M","token","scratch","150k gen cap 8","8","frozen","0","june-rl-targets1200","1200","solved_cumulative","32","1.0","607","other:nd_sprint verify.py","","2026-06-09","copied","nd-rl:dan:experiment-summaries/2026-06-09-nd-bootstrapping-sprint/summary.md"
"r1cot-8M-cap6-direct","pair1_8m_direct","~8M","token","pretrained:inherited ~8M parent","guarded cap-6 pool","6","SFT","927","textbook58-dev","58","solved","16","0.8","10","other:strict_verify","","2026-09-08","copied","nd-rl:dan:experiment-summaries/2026-09-08-r1-cot/pair1_review.md"
"r1cot-8M-cap6-direct","pair1_8m_direct","~8M","token","pretrained:inherited ~8M parent","guarded cap-6 pool","6","SFT","927","textbook58-dev","58","greedy_solved","1","0","9","other:strict_verify","","2026-09-08","copied","nd-rl:dan:experiment-summaries/2026-09-08-r1-cot/pair1_review.md"
"r1cot-8M-cap6-direct","pair1_8m_direct","~8M","token","pretrained:inherited ~8M parent","guarded cap-6 pool","6","SFT","927","textbook58-dev>6lines","43","solved","16","0.8","0","other:strict_verify","","2026-09-08","copied","nd-rl:dan:experiment-summaries/2026-09-08-r1-cot/pair1_review.md"
"r1cot-8M-cap6-direct","pair1_8m_direct","~8M","token","pretrained:inherited ~8M parent","guarded cap-6 pool","6","RL","927","textbook58-dev","58","solved","16","0.8","11","other:strict_verify","","2026-09-08","copied","nd-rl:dan:experiment-summaries/2026-09-08-r1-cot/pair1_review.md"
"r1cot-8M-cap6-direct","pair1_8m_direct","~8M","token","pretrained:inherited ~8M parent","guarded cap-6 pool","6","RL","927","textbook58-dev","58","greedy_solved","1","0","10","other:strict_verify","","2026-09-08","copied","nd-rl:dan:experiment-summaries/2026-09-08-r1-cot/pair1_review.md"
"r1cot-8M-cap6-direct","pair1_8m_direct","~8M","token","pretrained:inherited ~8M parent","guarded cap-6 pool","6","RL","927","textbook58-dev>6lines","43","solved","16","0.8","0","other:strict_verify","","2026-09-08","copied","nd-rl:dan:experiment-summaries/2026-09-08-r1-cot/pair1_review.md"
"r1cot-8M-cap6-cot","pair1_8m_cot","~8M","token","pretrained:inherited ~8M parent","guarded cap-6 pool","6","SFT","927","textbook58-dev","58","solved","16","0.8","9","other:strict_verify","","2026-09-08","copied","nd-rl:dan:experiment-summaries/2026-09-08-r1-cot/pair1_review.md"
"r1cot-8M-cap6-cot","pair1_8m_cot","~8M","token","pretrained:inherited ~8M parent","guarded cap-6 pool","6","SFT","927","textbook58-dev","58","greedy_solved","1","0","6","other:strict_verify","","2026-09-08","copied","nd-rl:dan:experiment-summaries/2026-09-08-r1-cot/pair1_review.md"
"r1cot-8M-cap6-cot","pair1_8m_cot","~8M","token","pretrained:inherited ~8M parent","guarded cap-6 pool","6","SFT","927","textbook58-dev>6lines","43","solved","16","0.8","0","other:strict_verify","","2026-09-08","copied","nd-rl:dan:experiment-summaries/2026-09-08-r1-cot/pair1_review.md"
"r1cot-8M-cap6-cot","pair1_8m_cot","~8M","token","pretrained:inherited ~8M parent","guarded cap-6 pool","6","RL","927","textbook58-dev","58","solved","16","0.8","10","other:strict_verify","","2026-09-08","copied","nd-rl:dan:experiment-summaries/2026-09-08-r1-cot/pair1_review.md"
"r1cot-8M-cap6-cot","pair1_8m_cot","~8M","token","pretrained:inherited ~8M parent","guarded cap-6 pool","6","RL","927","textbook58-dev","58","greedy_solved","1","0","4","other:strict_verify","","2026-09-08","copied","nd-rl:dan:experiment-summaries/2026-09-08-r1-cot/pair1_review.md"
"r1cot-8M-cap6-cot","pair1_8m_cot","~8M","token","pretrained:inherited ~8M parent","guarded cap-6 pool","6","RL","927","textbook58-dev>6lines","43","solved","16","0.8","0","other:strict_verify","","2026-09-08","copied","nd-rl:dan:experiment-summaries/2026-09-08-r1-cot/pair1_review.md"
"capcmp-8.87M-cap6-direct","direct cap 6","8.87M","token","scratch","synthetic cap 6","6","SFT","20260910","textbook58-dev","58","solved","16","","9","other:strict replay ND verifier","","2026-09-10","copied","nd-rl:dan:experiment-summaries/2026-09-10-proof-cap-comparison/reports/summary.md"
"capcmp-8.87M-cap6-direct","direct cap 6","8.87M","token","scratch","synthetic cap 6","6","SFT","20260910","textbook58-dev","58","greedy_solved","1","0","7","other:strict replay ND verifier","","2026-09-10","copied","nd-rl:dan:experiment-summaries/2026-09-10-proof-cap-comparison/reports/summary.md"
"capcmp-8.87M-cap6-direct","direct cap 6","8.87M","token","scratch","synthetic cap 6","6","RL","20260910","textbook58-dev","58","solved","16","","9","other:strict replay ND verifier","","2026-09-10","copied","nd-rl:dan:experiment-summaries/2026-09-10-proof-cap-comparison/reports/summary.md"
"capcmp-8.87M-cap6-direct","direct cap 6","8.87M","token","scratch","synthetic cap 6","6","RL","20260910","textbook58-dev","58","greedy_solved","1","0","7","other:strict replay ND verifier","","2026-09-10","copied","nd-rl:dan:experiment-summaries/2026-09-10-proof-cap-comparison/reports/summary.md"
"capcmp-8.87M-cap10-direct","direct cap 10","8.87M","token","scratch","synthetic cap 10","10","SFT","20260910","textbook58-dev","58","solved","16","","9","other:strict replay ND verifier","","2026-09-10","copied","nd-rl:dan:experiment-summaries/2026-09-10-proof-cap-comparison/reports/summary.md"
"capcmp-8.87M-cap10-direct","direct cap 10","8.87M","token","scratch","synthetic cap 10","10","SFT","20260910","textbook58-dev","58","greedy_solved","1","0","5","other:strict replay ND verifier","","2026-09-10","copied","nd-rl:dan:experiment-summaries/2026-09-10-proof-cap-comparison/reports/summary.md"
"capcmp-8.87M-cap10-direct","direct cap 10","8.87M","token","scratch","synthetic cap 10","10","RL","20260910","textbook58-dev","58","solved","16","","9","other:strict replay ND verifier","","2026-09-10","copied","nd-rl:dan:experiment-summaries/2026-09-10-proof-cap-comparison/reports/summary.md"
"capcmp-8.87M-cap10-direct","direct cap 10","8.87M","token","scratch","synthetic cap 10","10","RL","20260910","textbook58-dev","58","greedy_solved","1","0","6","other:strict replay ND verifier","","2026-09-10","copied","nd-rl:dan:experiment-summaries/2026-09-10-proof-cap-comparison/reports/summary.md"
"capcmp-8.87M-cap12-direct","direct cap 12","8.87M","token","scratch","synthetic cap 12","12","SFT","20260910","textbook58-dev","58","solved","16","","8","other:strict replay ND verifier","","2026-09-10","copied","nd-rl:dan:experiment-summaries/2026-09-10-proof-cap-comparison/reports/summary.md"
"capcmp-8.87M-cap12-direct","direct cap 12","8.87M","token","scratch","synthetic cap 12","12","SFT","20260910","textbook58-dev","58","greedy_solved","1","0","5","other:strict replay ND verifier","","2026-09-10","copied","nd-rl:dan:experiment-summaries/2026-09-10-proof-cap-comparison/reports/summary.md"
"capcmp-8.87M-cap12-direct","direct cap 12","8.87M","token","scratch","synthetic cap 12","12","RL","20260910","textbook58-dev","58","solved","16","","10","other:strict replay ND verifier","","2026-09-10","copied","nd-rl:dan:experiment-summaries/2026-09-10-proof-cap-comparison/reports/summary.md"
"capcmp-8.87M-cap12-direct","direct cap 12","8.87M","token","scratch","synthetic cap 12","12","RL","20260910","textbook58-dev","58","greedy_solved","1","0","5","other:strict replay ND verifier","","2026-09-10","copied","nd-rl:dan:experiment-summaries/2026-09-10-proof-cap-comparison/reports/summary.md"
"capcmp-8.87M-cap6-cot","cot cap 6","8.87M","token","scratch","synthetic cap 6","6","SFT","20260910","textbook58-dev","58","solved","16","","7","other:strict replay ND verifier","","2026-09-10","copied","nd-rl:dan:experiment-summaries/2026-09-10-proof-cap-comparison/reports/summary.md"
"capcmp-8.87M-cap6-cot","cot cap 6","8.87M","token","scratch","synthetic cap 6","6","SFT","20260910","textbook58-dev","58","greedy_solved","1","0","1","other:strict replay ND verifier","","2026-09-10","copied","nd-rl:dan:experiment-summaries/2026-09-10-proof-cap-comparison/reports/summary.md"
"capcmp-8.87M-cap6-cot","cot cap 6","8.87M","token","scratch","synthetic cap 6","6","RL","20260910","textbook58-dev","58","solved","16","","4","other:strict replay ND verifier","","2026-09-10","copied","nd-rl:dan:experiment-summaries/2026-09-10-proof-cap-comparison/reports/summary.md"
"capcmp-8.87M-cap6-cot","cot cap 6","8.87M","token","scratch","synthetic cap 6","6","RL","20260910","textbook58-dev","58","greedy_solved","1","0","2","other:strict replay ND verifier","","2026-09-10","copied","nd-rl:dan:experiment-summaries/2026-09-10-proof-cap-comparison/reports/summary.md"
"capcmp-8.87M-cap10-cot","cot cap 10","8.87M","token","scratch","synthetic cap 10","10","SFT","20260910","textbook58-dev","58","solved","16","","4","other:strict replay ND verifier","","2026-09-10","copied","nd-rl:dan:experiment-summaries/2026-09-10-proof-cap-comparison/reports/summary.md"
"capcmp-8.87M-cap10-cot","cot cap 10","8.87M","token","scratch","synthetic cap 10","10","SFT","20260910","textbook58-dev","58","greedy_solved","1","0","2","other:strict replay ND verifier","","2026-09-10","copied","nd-rl:dan:experiment-summaries/2026-09-10-proof-cap-comparison/reports/summary.md"
"capcmp-8.87M-cap10-cot","cot cap 10","8.87M","token","scratch","synthetic cap 10","10","RL","20260910","textbook58-dev","58","solved","16","","7","other:strict replay ND verifier","","2026-09-10","copied","nd-rl:dan:experiment-summaries/2026-09-10-proof-cap-comparison/reports/summary.md"
"capcmp-8.87M-cap10-cot","cot cap 10","8.87M","token","scratch","synthetic cap 10","10","RL","20260910","textbook58-dev","58","greedy_solved","1","0","5","other:strict replay ND verifier","","2026-09-10","copied","nd-rl:dan:experiment-summaries/2026-09-10-proof-cap-comparison/reports/summary.md"
"capcmp-8.87M-cap12-cot","cot cap 12","8.87M","token","scratch","synthetic cap 12","12","SFT","20260910","textbook58-dev","58","solved","16","","4","other:strict replay ND verifier","","2026-09-10","copied","nd-rl:dan:experiment-summaries/2026-09-10-proof-cap-comparison/reports/summary.md"
"capcmp-8.87M-cap12-cot","cot cap 12","8.87M","token","scratch","synthetic cap 12","12","SFT","20260910","textbook58-dev","58","greedy_solved","1","0","3","other:strict replay ND verifier","","2026-09-10","copied","nd-rl:dan:experiment-summaries/2026-09-10-proof-cap-comparison/reports/summary.md"
"capcmp-8.87M-cap12-cot","cot cap 12","8.87M","token","scratch","synthetic cap 12","12","RL","20260910","textbook58-dev","58","solved","16","","7","other:strict replay ND verifier","","2026-09-10","copied","nd-rl:dan:experiment-summaries/2026-09-10-proof-cap-comparison/reports/summary.md"
"capcmp-8.87M-cap12-cot","cot cap 12","8.87M","token","scratch","synthetic cap 12","12","RL","20260910","textbook58-dev","58","greedy_solved","1","0","5","other:strict replay ND verifier","","2026-09-10","copied","nd-rl:dan:experiment-summaries/2026-09-10-proof-cap-comparison/reports/summary.md"
"takehome-3.2M-cap6-abs","take-home Stage-1","3.2M","token","scratch","take-home cap-6","6","frozen","","takehome-transfer1638","1638","solved","512","0.8","934","nd_verify","","2026-09-15","copied","nd-rl:dan:experiment-summaries/2026-09-15-novelty-campaign/README.md"
"takehome-3.2M-cap6-abs","take-home Stage-1","3.2M","token","scratch","take-home cap-6","6","frozen","","takehome-transfer1638","1638","solved","10000","0.8","1080","nd_verify","","2026-09-15","copied","nd-rl:dan:experiment-summaries/2026-09-15-novelty-campaign/README.md"
"takehome-3.2M-cap6-abs","take-home EI run","3.2M","token","scratch","take-home cap-6","6","EI","","takehome-transfer1638","1638","solved","","0.8","1411","nd_verify","","2026-09-15","copied","nd-rl:dan:experiment-summaries/2026-09-15-novelty-campaign/README.md"
"takehome-3.2M-cap6-abs","take-home EI run","3.2M","token","scratch","take-home cap-6","6","EI","","takehome-transfer1638","1638","rl_solved_unreached_by_base_1e4","","0.8","348","nd_verify","","2026-09-15","copied","nd-rl:dan:experiment-summaries/2026-09-15-novelty-campaign/README.md"
"takehome-3.2M-cap6-abs","take-home Stage-1 frozen","3.2M","token","scratch","take-home cap-6","6","frozen","","textbook-schema623","623","solved","8 rounds x32","0.8","161","nd_verify","","2026-09-15","copied","nd-rl:dan:experiment-summaries/2026-09-15-novelty-campaign/README.md"
"takehome-3.2M-cap6-abs","take-home Stage-1 EI","3.2M","token","scratch","take-home cap-6","6","EI","","textbook-schema623","623","solved","8 rounds x32","0.8","213","nd_verify","","2026-09-15","copied","nd-rl:dan:experiment-summaries/2026-09-15-novelty-campaign/README.md"
"takehome-3.2M-cap6-abs","take-home Stage-1 EI+precursors","3.2M","token","scratch","take-home cap-6","6","EI+precursors","","textbook-schema623","623","solved","8 rounds x32","0.8","222","nd_verify","","2026-09-15","copied","nd-rl:dan:experiment-summaries/2026-09-15-novelty-campaign/README.md"
"takehome-3.2M-cap6-abs","take-home Stage-1 EI","3.2M","token","scratch","take-home cap-6","6","EI","","validation36>6lines","24","solved","8 rounds x32","0.8","1","nd_verify","","2026-09-15","copied","nd-rl:dan:experiment-summaries/2026-09-15-novelty-campaign/README.md"
"takehome-3.2M-cap6-abs","take-home Stage-1 EI+precursors","3.2M","token","scratch","take-home cap-6","6","EI+precursors","","validation36>6lines","24","solved","8 rounds x32","0.8","2","nd_verify","","2026-09-15","copied","nd-rl:dan:experiment-summaries/2026-09-15-novelty-campaign/README.md"
"novelty-3.2M-cap6-depth3-f0","depth3 f=0","3.2M","token","scratch","155k cap-6 depth3 f=0","6","EI","0","depth3-targets1000","1000","pattern_acquisition","8 rounds x32","0.8","0.341","nd_verify","","2026-09-15","copied","nd-rl:dan:experiment-summaries/2026-09-15-novelty-campaign/README.md"
"novelty-3.2M-cap6-depth3-f0","depth3 f=0","3.2M","token","scratch","155k cap-6 depth3 f=0","6","EI","1","depth3-targets1000","1000","pattern_acquisition","8 rounds x32","0.8","0.271","nd_verify","","2026-09-15","copied","nd-rl:dan:experiment-summaries/2026-09-15-novelty-campaign/README.md"
"novelty-3.2M-cap6-depth3-f0","depth3 f=0","3.2M","token","scratch","155k cap-6 depth3 f=0","6","frozen","","depth3-targets1000","1000","pattern_acquisition","8 rounds x32","0.8","0","nd_verify","","2026-09-15","copied","nd-rl:dan:experiment-summaries/2026-09-15-novelty-campaign/README.md"
"novelty-3.2M-cap6-depth3-f0.1","depth3 f=0.1","3.2M","token","scratch","155k cap-6 depth3 f=0.1","6","EI","0","depth3-targets1000","1000","pattern_acquisition","8 rounds x32","0.8","0.355","nd_verify","","2026-09-15","copied","nd-rl:dan:experiment-summaries/2026-09-15-novelty-campaign/README.md"
"novelty-3.2M-cap6-depth3-f0.1","depth3 f=0.1","3.2M","token","scratch","155k cap-6 depth3 f=0.1","6","EI","1","depth3-targets1000","1000","pattern_acquisition","8 rounds x32","0.8","0.316","nd_verify","","2026-09-15","copied","nd-rl:dan:experiment-summaries/2026-09-15-novelty-campaign/README.md"
"novelty-3.2M-cap6-derivedORE-f0.02","derivedORE f=0.02","3.2M","token","scratch","155k cap-6 derivedORE f=0.02","6","EI","","derivedORE-targets1000","1000","pattern_acquisition","8 rounds x32","0.8","0.242","nd_verify","","2026-09-15","copied","nd-rl:dan:experiment-summaries/2026-09-15-novelty-campaign/README.md"
"novelty-3.2M-cap6-derivedORE-f1e-4","derivedORE f=1e-4","3.2M","token","scratch","155k cap-6 derivedORE f=1e-4","6","EI","","derivedORE-targets1000","1000","pattern_acquisition","8 rounds x32","0.8","0.222","nd_verify","","2026-09-15","copied","nd-rl:dan:experiment-summaries/2026-09-15-novelty-campaign/README.md"
"novelty-3.2M-cap6-reductio-f0","reductio f=0","3.2M","token","scratch","155k cap-6 reductio f=0","6","EI","0","reductio-derivedDN606","606","solved","8 rounds x32","0.8","58","nd_verify","","2026-09-16","copied","nd-rl:dan:experiment-summaries/2026-09-15-novelty-campaign/README.md"
"novelty-3.2M-cap6-reductio-f0","reductio f=0","3.2M","token","scratch","155k cap-6 reductio f=0","6","EI","1","reductio-derivedDN606","606","solved","8 rounds x32","0.8","0","nd_verify","","2026-09-16","copied","nd-rl:dan:experiment-summaries/2026-09-15-novelty-campaign/README.md"
"novelty-3.2M-cap6-reductio-f0","reductio f=0","3.2M","token","scratch","155k cap-6 reductio f=0","6","EI","2","reductio-derivedDN606","606","solved","8 rounds x32","0.8","0","nd_verify","","2026-09-16","copied","nd-rl:dan:experiment-summaries/2026-09-15-novelty-campaign/README.md"
"novelty-3.2M-cap6-reductio-f0","reductio f0","3.2M","token","scratch","155k cap-6 reductio f0","6","EI","0","reductio-required300","300","pattern_solved","8 rounds x32","0.8","51","nd_verify","","2026-09-17","copied","nd-rl:dan:experiment-summaries/2026-09-17-round2-run5-required-pools/README.md"
"novelty-3.2M-cap6-reductio-f0","reductio f0","3.2M","token","scratch","155k cap-6 reductio f0","6","frozen","0","reductio-required300","300","pattern_solved","256","0.8","4","nd_verify","","2026-09-17","copied","nd-rl:dan:experiment-summaries/2026-09-17-round2-run5-required-pools/README.md"
"novelty-3.2M-cap6-reductio-f0","reductio f0","3.2M","token","scratch","155k cap-6 reductio f0","6","frozen","0","reductio-required300","300","pattern_solved","10000","0.8","6","nd_verify","","2026-09-17","copied","nd-rl:dan:experiment-summaries/2026-09-17-round2-run5-required-pools/README.md"
"novelty-3.2M-cap6-reductio-f0","reductio f0","3.2M","token","scratch","155k cap-6 reductio f0","6","EI","1","reductio-required300","300","pattern_solved","8 rounds x32","0.8","0","nd_verify","","2026-09-17","copied","nd-rl:dan:experiment-summaries/2026-09-17-round2-run5-required-pools/README.md"
"novelty-3.2M-cap6-reductio-f0","reductio f0","3.2M","token","scratch","155k cap-6 reductio f0","6","frozen","1","reductio-required300","300","pattern_solved","256","0.8","0","nd_verify","","2026-09-17","copied","nd-rl:dan:experiment-summaries/2026-09-17-round2-run5-required-pools/README.md"
"novelty-3.2M-cap6-reductio-f0","reductio f0","3.2M","token","scratch","155k cap-6 reductio f0","6","frozen","1","reductio-required300","300","pattern_solved","10000","0.8","0","nd_verify","","2026-09-17","copied","nd-rl:dan:experiment-summaries/2026-09-17-round2-run5-required-pools/README.md"
"novelty-3.2M-cap6-reductio-f0","reductio f0","3.2M","token","scratch","155k cap-6 reductio f0","6","EI","2","reductio-required300","300","pattern_solved","8 rounds x32","0.8","0","nd_verify","","2026-09-17","copied","nd-rl:dan:experiment-summaries/2026-09-17-round2-run5-required-pools/README.md"
"novelty-3.2M-cap6-reductio-f0","reductio f0","3.2M","token","scratch","155k cap-6 reductio f0","6","frozen","2","reductio-required300","300","pattern_solved","256","0.8","0","nd_verify","","2026-09-17","copied","nd-rl:dan:experiment-summaries/2026-09-17-round2-run5-required-pools/README.md"
"novelty-3.2M-cap6-reductio-f0","reductio f0","3.2M","token","scratch","155k cap-6 reductio f0","6","frozen","2","reductio-required300","300","pattern_solved","10000","0.8","1","nd_verify","","2026-09-17","copied","nd-rl:dan:experiment-summaries/2026-09-17-round2-run5-required-pools/README.md"
"novelty-3.2M-cap6-reductio-f0.1","reductio f0.1","3.2M","token","scratch","155k cap-6 reductio f0.1","6","EI","0","reductio-required300","300","pattern_solved","8 rounds x32","0.8","53","nd_verify","","2026-09-17","copied","nd-rl:dan:experiment-summaries/2026-09-17-round2-run5-required-pools/README.md"
"novelty-3.2M-cap6-reductio-f0.1","reductio f0.1","3.2M","token","scratch","155k cap-6 reductio f0.1","6","frozen","0","reductio-required300","300","pattern_solved","256","0.8","27","nd_verify","","2026-09-17","copied","nd-rl:dan:experiment-summaries/2026-09-17-round2-run5-required-pools/README.md"
"novelty-3.2M-cap6-reductio-f0.1","reductio f0.1","3.2M","token","scratch","155k cap-6 reductio f0.1","6","EI","1","reductio-required300","300","pattern_solved","8 rounds x32","0.8","52","nd_verify","","2026-09-17","copied","nd-rl:dan:experiment-summaries/2026-09-17-round2-run5-required-pools/README.md"
"novelty-3.2M-cap6-reductio-f0.1","reductio f0.1","3.2M","token","scratch","155k cap-6 reductio f0.1","6","frozen","1","reductio-required300","300","pattern_solved","256","0.8","21","nd_verify","","2026-09-17","copied","nd-rl:dan:experiment-summaries/2026-09-17-round2-run5-required-pools/README.md"
"novelty-3.2M-cap8-derivedORE-f0","derived-ORE f0","3.2M","token","scratch","cap-8 derived-ORE f0","8","EI","0","derivedORE-required300","300","pattern_solved","8 rounds x32","0.8","26","nd_verify","","2026-09-17","copied","nd-rl:dan:experiment-summaries/2026-09-17-round2-run5-required-pools/README.md"
"novelty-3.2M-cap8-derivedORE-f0","derived-ORE f0","3.2M","token","scratch","cap-8 derived-ORE f0","8","frozen","0","derivedORE-required300","300","pattern_solved","256","0.8","13","nd_verify","","2026-09-17","copied","nd-rl:dan:experiment-summaries/2026-09-17-round2-run5-required-pools/README.md"
"novelty-3.2M-cap8-derivedORE-f0","derived-ORE f0","3.2M","token","scratch","cap-8 derived-ORE f0","8","frozen","0","derivedORE-required300","300","pattern_solved","10000","0.8","27","nd_verify","","2026-09-17","copied","nd-rl:dan:experiment-summaries/2026-09-17-round2-run5-required-pools/README.md"
"novelty-3.2M-cap8-derivedORE-f0","derived-ORE f0","3.2M","token","scratch","cap-8 derived-ORE f0","8","EI","1","derivedORE-required300","300","pattern_solved","8 rounds x32","0.8","24","nd_verify","","2026-09-17","copied","nd-rl:dan:experiment-summaries/2026-09-17-round2-run5-required-pools/README.md"
"novelty-3.2M-cap8-derivedORE-f0","derived-ORE f0","3.2M","token","scratch","cap-8 derived-ORE f0","8","frozen","1","derivedORE-required300","300","pattern_solved","256","0.8","11","nd_verify","","2026-09-17","copied","nd-rl:dan:experiment-summaries/2026-09-17-round2-run5-required-pools/README.md"
"novelty-3.2M-cap8-derivedORE-f0","derived-ORE f0","3.2M","token","scratch","cap-8 derived-ORE f0","8","frozen","1","derivedORE-required300","300","pattern_solved","10000","0.8","27","nd_verify","","2026-09-17","copied","nd-rl:dan:experiment-summaries/2026-09-17-round2-run5-required-pools/README.md"
"novelty-3.2M-cap8-derivedORE-f1e-2","derived-ORE f1e-2","3.2M","token","scratch","cap-8 derived-ORE f1e-2","8","EI","0","derivedORE-required300","300","pattern_solved","8 rounds x32","0.8","48","nd_verify","","2026-09-17","copied","nd-rl:dan:experiment-summaries/2026-09-17-round2-run5-required-pools/README.md"
"novelty-3.2M-cap8-derivedORE-f1e-2","derived-ORE f1e-2","3.2M","token","scratch","cap-8 derived-ORE f1e-2","8","frozen","0","derivedORE-required300","300","pattern_solved","256","0.8","21","nd_verify","","2026-09-17","copied","nd-rl:dan:experiment-summaries/2026-09-17-round2-run5-required-pools/README.md"
"novelty-3.2M-cap8-derivedORE-f1e-2","derived-ORE f1e-2","3.2M","token","scratch","cap-8 derived-ORE f1e-2","8","EI","1","derivedORE-required300","300","pattern_solved","8 rounds x32","0.8","63","nd_verify","","2026-09-17","copied","nd-rl:dan:experiment-summaries/2026-09-17-round2-run5-required-pools/README.md"
"novelty-3.2M-cap8-derivedORE-f1e-2","derived-ORE f1e-2","3.2M","token","scratch","cap-8 derived-ORE f1e-2","8","frozen","1","derivedORE-required300","300","pattern_solved","256","0.8","28","nd_verify","","2026-09-17","copied","nd-rl:dan:experiment-summaries/2026-09-17-round2-run5-required-pools/README.md"
"takehome-3.2M-cap6-abs","stage1_abs + frozen","3.2M","token","scratch","take-home cap-6","6","frozen","0","ladderA-transfer2285","2285","solved","256","0.8","22","nd_verify","","2026-09-18","copied","nd-rl:dan:experiment-summaries/2026-09-18-ladder-A-rl-technique-ladder/README.md"
"takehome-3.2M-cap6-abs","stage1_abs + frozen","3.2M","token","scratch","take-home cap-6","6","frozen","0","ladderA-transfer2285","2285","L_star","256","0.8","7","nd_verify","","2026-09-18","copied","nd-rl:dan:experiment-summaries/2026-09-18-ladder-A-rl-technique-ladder/README.md"
"takehome-3.2M-cap6-abs","stage1_abs + frozen","3.2M","token","scratch","take-home cap-6","6","frozen","0","ladderA-transfer2285 L_true>=9","1685","solved","256","0.8","0","nd_verify","","2026-09-18","copied","nd-rl:dan:experiment-summaries/2026-09-18-ladder-A-rl-technique-ladder/README.md"
"takehome-3.2M-cap6-abs","stage1_abs + frozen","3.2M","token","scratch","take-home cap-6","6","frozen","0","ladderA-targets4495","4495","solved","256","0.8","426","nd_verify","","2026-09-18","copied","nd-rl:dan:experiment-summaries/2026-09-18-ladder-A-rl-technique-ladder/README.md"
"takehome-3.2M-cap6-abs","stage1_abs + frozen","3.2M","token","scratch","take-home cap-6","6","frozen","0","ladderA-targets4495","4495","L_star","256","0.8","8","nd_verify","","2026-09-18","copied","nd-rl:dan:experiment-summaries/2026-09-18-ladder-A-rl-technique-ladder/README.md"
"takehome-3.2M-cap6-abs","stage1_abs + frozen","3.2M","token","scratch","take-home cap-6","6","frozen","1","ladderA-transfer2285","2285","solved","256","0.8","24","nd_verify","","2026-09-18","copied","nd-rl:dan:experiment-summaries/2026-09-18-ladder-A-rl-technique-ladder/README.md"
"takehome-3.2M-cap6-abs","stage1_abs + frozen","3.2M","token","scratch","take-home cap-6","6","frozen","1","ladderA-transfer2285","2285","L_star","256","0.8","7","nd_verify","","2026-09-18","copied","nd-rl:dan:experiment-summaries/2026-09-18-ladder-A-rl-technique-ladder/README.md"
"takehome-3.2M-cap6-abs","stage1_abs + frozen","3.2M","token","scratch","take-home cap-6","6","frozen","1","ladderA-transfer2285 L_true>=9","1685","solved","256","0.8","0","nd_verify","","2026-09-18","copied","nd-rl:dan:experiment-summaries/2026-09-18-ladder-A-rl-technique-ladder/README.md"
"takehome-3.2M-cap6-abs","stage1_abs + frozen","3.2M","token","scratch","take-home cap-6","6","frozen","1","ladderA-targets4495","4495","solved","256","0.8","408","nd_verify","","2026-09-18","copied","nd-rl:dan:experiment-summaries/2026-09-18-ladder-A-rl-technique-ladder/README.md"
"takehome-3.2M-cap6-abs","stage1_abs + frozen","3.2M","token","scratch","take-home cap-6","6","frozen","1","ladderA-targets4495","4495","L_star","256","0.8","8","nd_verify","","2026-09-18","copied","nd-rl:dan:experiment-summaries/2026-09-18-ladder-A-rl-technique-ladder/README.md"
"takehome-3.2M-cap6-abs","stage1_abs + T1","3.2M","token","scratch","take-home cap-6","6","ladderA-T1","0","ladderA-transfer2285","2285","solved","256","0.8","612","nd_verify","","2026-09-18","copied","nd-rl:dan:experiment-summaries/2026-09-18-ladder-A-rl-technique-ladder/README.md"
"takehome-3.2M-cap6-abs","stage1_abs + T1","3.2M","token","scratch","take-home cap-6","6","ladderA-T1","0","ladderA-transfer2285","2285","L_star","256","0.8","10","nd_verify","","2026-09-18","copied","nd-rl:dan:experiment-summaries/2026-09-18-ladder-A-rl-technique-ladder/README.md"
"takehome-3.2M-cap6-abs","stage1_abs + T1","3.2M","token","scratch","take-home cap-6","6","ladderA-T1","0","ladderA-transfer2285 L_true>=9","1685","solved","256","0.8","335","nd_verify","","2026-09-18","copied","nd-rl:dan:experiment-summaries/2026-09-18-ladder-A-rl-technique-ladder/README.md"
"takehome-3.2M-cap6-abs","stage1_abs + T1","3.2M","token","scratch","take-home cap-6","6","ladderA-T1","0","ladderA-targets4495","4495","solved","256","0.8","2400","nd_verify","","2026-09-18","copied","nd-rl:dan:experiment-summaries/2026-09-18-ladder-A-rl-technique-ladder/README.md"
"takehome-3.2M-cap6-abs","stage1_abs + T1","3.2M","token","scratch","take-home cap-6","6","ladderA-T1","0","ladderA-targets4495","4495","L_star","256","0.8","10","nd_verify","","2026-09-18","copied","nd-rl:dan:experiment-summaries/2026-09-18-ladder-A-rl-technique-ladder/README.md"
"takehome-3.2M-cap6-abs","stage1_abs + T1","3.2M","token","scratch","take-home cap-6","6","ladderA-T1","1","ladderA-transfer2285","2285","solved","256","0.8","623","nd_verify","","2026-09-18","copied","nd-rl:dan:experiment-summaries/2026-09-18-ladder-A-rl-technique-ladder/README.md"
"takehome-3.2M-cap6-abs","stage1_abs + T1","3.2M","token","scratch","take-home cap-6","6","ladderA-T1","1","ladderA-transfer2285","2285","L_star","256","0.8","10","nd_verify","","2026-09-18","copied","nd-rl:dan:experiment-summaries/2026-09-18-ladder-A-rl-technique-ladder/README.md"
"takehome-3.2M-cap6-abs","stage1_abs + T1","3.2M","token","scratch","take-home cap-6","6","ladderA-T1","1","ladderA-transfer2285 L_true>=9","1685","solved","256","0.8","346","nd_verify","","2026-09-18","copied","nd-rl:dan:experiment-summaries/2026-09-18-ladder-A-rl-technique-ladder/README.md"
"takehome-3.2M-cap6-abs","stage1_abs + T1","3.2M","token","scratch","take-home cap-6","6","ladderA-T1","1","ladderA-targets4495","4495","solved","256","0.8","2455","nd_verify","","2026-09-18","copied","nd-rl:dan:experiment-summaries/2026-09-18-ladder-A-rl-technique-ladder/README.md"
"takehome-3.2M-cap6-abs","stage1_abs + T1","3.2M","token","scratch","take-home cap-6","6","ladderA-T1","1","ladderA-targets4495","4495","L_star","256","0.8","10","nd_verify","","2026-09-18","copied","nd-rl:dan:experiment-summaries/2026-09-18-ladder-A-rl-technique-ladder/README.md"
"takehome-3.2M-cap6-abs","stage1_abs + T2","3.2M","token","scratch","take-home cap-6","6","ladderA-T2","0","ladderA-transfer2285","2285","solved","256","0.8","643","nd_verify","","2026-09-18","copied","nd-rl:dan:experiment-summaries/2026-09-18-ladder-A-rl-technique-ladder/README.md"
"takehome-3.2M-cap6-abs","stage1_abs + T2","3.2M","token","scratch","take-home cap-6","6","ladderA-T2","0","ladderA-transfer2285","2285","L_star","256","0.8","10","nd_verify","","2026-09-18","copied","nd-rl:dan:experiment-summaries/2026-09-18-ladder-A-rl-technique-ladder/README.md"
"takehome-3.2M-cap6-abs","stage1_abs + T2","3.2M","token","scratch","take-home cap-6","6","ladderA-T2","0","ladderA-transfer2285 L_true>=9","1685","solved","256","0.8","362","nd_verify","","2026-09-18","copied","nd-rl:dan:experiment-summaries/2026-09-18-ladder-A-rl-technique-ladder/README.md"
"takehome-3.2M-cap6-abs","stage1_abs + T2","3.2M","token","scratch","take-home cap-6","6","ladderA-T2","0","ladderA-targets4495","4495","solved","256","0.8","2486","nd_verify","","2026-09-18","copied","nd-rl:dan:experiment-summaries/2026-09-18-ladder-A-rl-technique-ladder/README.md"
"takehome-3.2M-cap6-abs","stage1_abs + T2","3.2M","token","scratch","take-home cap-6","6","ladderA-T2","0","ladderA-targets4495","4495","L_star","256","0.8","10","nd_verify","","2026-09-18","copied","nd-rl:dan:experiment-summaries/2026-09-18-ladder-A-rl-technique-ladder/README.md"
"takehome-3.2M-cap6-abs","stage1_abs + T2","3.2M","token","scratch","take-home cap-6","6","ladderA-T2","1","ladderA-transfer2285","2285","solved","256","0.8","635","nd_verify","","2026-09-18","copied","nd-rl:dan:experiment-summaries/2026-09-18-ladder-A-rl-technique-ladder/README.md"
"takehome-3.2M-cap6-abs","stage1_abs + T2","3.2M","token","scratch","take-home cap-6","6","ladderA-T2","1","ladderA-transfer2285","2285","L_star","256","0.8","10","nd_verify","","2026-09-18","copied","nd-rl:dan:experiment-summaries/2026-09-18-ladder-A-rl-technique-ladder/README.md"
"takehome-3.2M-cap6-abs","stage1_abs + T2","3.2M","token","scratch","take-home cap-6","6","ladderA-T2","1","ladderA-transfer2285 L_true>=9","1685","solved","256","0.8","354","nd_verify","","2026-09-18","copied","nd-rl:dan:experiment-summaries/2026-09-18-ladder-A-rl-technique-ladder/README.md"
"takehome-3.2M-cap6-abs","stage1_abs + T2","3.2M","token","scratch","take-home cap-6","6","ladderA-T2","1","ladderA-targets4495","4495","solved","256","0.8","2506","nd_verify","","2026-09-18","copied","nd-rl:dan:experiment-summaries/2026-09-18-ladder-A-rl-technique-ladder/README.md"
"takehome-3.2M-cap6-abs","stage1_abs + T2","3.2M","token","scratch","take-home cap-6","6","ladderA-T2","1","ladderA-targets4495","4495","L_star","256","0.8","10","nd_verify","","2026-09-18","copied","nd-rl:dan:experiment-summaries/2026-09-18-ladder-A-rl-technique-ladder/README.md"
"takehome-3.2M-cap6-abs","stage1_abs + T3","3.2M","token","scratch","take-home cap-6","6","ladderA-T3","0","ladderA-transfer2285","2285","solved","256","0.8","669","nd_verify","","2026-09-18","copied","nd-rl:dan:experiment-summaries/2026-09-18-ladder-A-rl-technique-ladder/README.md"
"takehome-3.2M-cap6-abs","stage1_abs + T3","3.2M","token","scratch","take-home cap-6","6","ladderA-T3","0","ladderA-transfer2285","2285","L_star","256","0.8","10","nd_verify","","2026-09-18","copied","nd-rl:dan:experiment-summaries/2026-09-18-ladder-A-rl-technique-ladder/README.md"
"takehome-3.2M-cap6-abs","stage1_abs + T3","3.2M","token","scratch","take-home cap-6","6","ladderA-T3","0","ladderA-transfer2285 L_true>=9","1685","solved","256","0.8","390","nd_verify","","2026-09-18","copied","nd-rl:dan:experiment-summaries/2026-09-18-ladder-A-rl-technique-ladder/README.md"
"takehome-3.2M-cap6-abs","stage1_abs + T3","3.2M","token","scratch","take-home cap-6","6","ladderA-T3","0","ladderA-targets4495","4495","solved","256","0.8","2507","nd_verify","","2026-09-18","copied","nd-rl:dan:experiment-summaries/2026-09-18-ladder-A-rl-technique-ladder/README.md"
"takehome-3.2M-cap6-abs","stage1_abs + T3","3.2M","token","scratch","take-home cap-6","6","ladderA-T3","0","ladderA-targets4495","4495","L_star","256","0.8","10","nd_verify","","2026-09-18","copied","nd-rl:dan:experiment-summaries/2026-09-18-ladder-A-rl-technique-ladder/README.md"
"takehome-3.2M-cap6-abs","stage1_abs + T3","3.2M","token","scratch","take-home cap-6","6","ladderA-T3","1","ladderA-transfer2285","2285","solved","256","0.8","601","nd_verify","","2026-09-18","copied","nd-rl:dan:experiment-summaries/2026-09-18-ladder-A-rl-technique-ladder/README.md"
"takehome-3.2M-cap6-abs","stage1_abs + T3","3.2M","token","scratch","take-home cap-6","6","ladderA-T3","1","ladderA-transfer2285","2285","L_star","256","0.8","10","nd_verify","","2026-09-18","copied","nd-rl:dan:experiment-summaries/2026-09-18-ladder-A-rl-technique-ladder/README.md"
"takehome-3.2M-cap6-abs","stage1_abs + T3","3.2M","token","scratch","take-home cap-6","6","ladderA-T3","1","ladderA-transfer2285 L_true>=9","1685","solved","256","0.8","328","nd_verify","","2026-09-18","copied","nd-rl:dan:experiment-summaries/2026-09-18-ladder-A-rl-technique-ladder/README.md"
"takehome-3.2M-cap6-abs","stage1_abs + T3","3.2M","token","scratch","take-home cap-6","6","ladderA-T3","1","ladderA-targets4495","4495","solved","256","0.8","2407","nd_verify","","2026-09-18","copied","nd-rl:dan:experiment-summaries/2026-09-18-ladder-A-rl-technique-ladder/README.md"
"takehome-3.2M-cap6-abs","stage1_abs + T3","3.2M","token","scratch","take-home cap-6","6","ladderA-T3","1","ladderA-targets4495","4495","L_star","256","0.8","10","nd_verify","","2026-09-18","copied","nd-rl:dan:experiment-summaries/2026-09-18-ladder-A-rl-technique-ladder/README.md"
"takehome-3.2M-cap6-abs","stage1_abs + T4","3.2M","token","scratch","take-home cap-6","6","ladderA-T4","0","ladderA-transfer2285","2285","solved","256","0.8","632","nd_verify","","2026-09-18","copied","nd-rl:dan:experiment-summaries/2026-09-18-ladder-A-rl-technique-ladder/README.md"
"takehome-3.2M-cap6-abs","stage1_abs + T4","3.2M","token","scratch","take-home cap-6","6","ladderA-T4","0","ladderA-transfer2285","2285","L_star","256","0.8","10","nd_verify","","2026-09-18","copied","nd-rl:dan:experiment-summaries/2026-09-18-ladder-A-rl-technique-ladder/README.md"
"takehome-3.2M-cap6-abs","stage1_abs + T4","3.2M","token","scratch","take-home cap-6","6","ladderA-T4","0","ladderA-transfer2285 L_true>=9","1685","solved","256","0.8","357","nd_verify","","2026-09-18","copied","nd-rl:dan:experiment-summaries/2026-09-18-ladder-A-rl-technique-ladder/README.md"
"takehome-3.2M-cap6-abs","stage1_abs + T4","3.2M","token","scratch","take-home cap-6","6","ladderA-T4","0","ladderA-targets4495","4495","solved","256","0.8","2383","nd_verify","","2026-09-18","copied","nd-rl:dan:experiment-summaries/2026-09-18-ladder-A-rl-technique-ladder/README.md"
"takehome-3.2M-cap6-abs","stage1_abs + T4","3.2M","token","scratch","take-home cap-6","6","ladderA-T4","0","ladderA-targets4495","4495","L_star","256","0.8","10","nd_verify","","2026-09-18","copied","nd-rl:dan:experiment-summaries/2026-09-18-ladder-A-rl-technique-ladder/README.md"
"takehome-3.2M-cap6-abs","stage1_abs + T4","3.2M","token","scratch","take-home cap-6","6","ladderA-T4","1","ladderA-transfer2285","2285","solved","256","0.8","605","nd_verify","","2026-09-18","copied","nd-rl:dan:experiment-summaries/2026-09-18-ladder-A-rl-technique-ladder/README.md"
"takehome-3.2M-cap6-abs","stage1_abs + T4","3.2M","token","scratch","take-home cap-6","6","ladderA-T4","1","ladderA-transfer2285","2285","L_star","256","0.8","10","nd_verify","","2026-09-18","copied","nd-rl:dan:experiment-summaries/2026-09-18-ladder-A-rl-technique-ladder/README.md"
"takehome-3.2M-cap6-abs","stage1_abs + T4","3.2M","token","scratch","take-home cap-6","6","ladderA-T4","1","ladderA-transfer2285 L_true>=9","1685","solved","256","0.8","327","nd_verify","","2026-09-18","copied","nd-rl:dan:experiment-summaries/2026-09-18-ladder-A-rl-technique-ladder/README.md"
"takehome-3.2M-cap6-abs","stage1_abs + T4","3.2M","token","scratch","take-home cap-6","6","ladderA-T4","1","ladderA-targets4495","4495","solved","256","0.8","2353","nd_verify","","2026-09-18","copied","nd-rl:dan:experiment-summaries/2026-09-18-ladder-A-rl-technique-ladder/README.md"
"takehome-3.2M-cap6-abs","stage1_abs + T4","3.2M","token","scratch","take-home cap-6","6","ladderA-T4","1","ladderA-targets4495","4495","L_star","256","0.8","10","nd_verify","","2026-09-18","copied","nd-rl:dan:experiment-summaries/2026-09-18-ladder-A-rl-technique-ladder/README.md"
"takehome-3.2M-cap6-abs","stage1_abs + T5","3.2M","token","scratch","take-home cap-6","6","ladderA-T5","0","ladderA-transfer2285","2285","solved","256","0.8","627","nd_verify","","2026-09-18","copied","nd-rl:dan:experiment-summaries/2026-09-18-ladder-A-rl-technique-ladder/README.md"
"takehome-3.2M-cap6-abs","stage1_abs + T5","3.2M","token","scratch","take-home cap-6","6","ladderA-T5","0","ladderA-transfer2285","2285","L_star","256","0.8","10","nd_verify","","2026-09-18","copied","nd-rl:dan:experiment-summaries/2026-09-18-ladder-A-rl-technique-ladder/README.md"
"takehome-3.2M-cap6-abs","stage1_abs + T5","3.2M","token","scratch","take-home cap-6","6","ladderA-T5","0","ladderA-transfer2285 L_true>=9","1685","solved","256","0.8","351","nd_verify","","2026-09-18","copied","nd-rl:dan:experiment-summaries/2026-09-18-ladder-A-rl-technique-ladder/README.md"
"takehome-3.2M-cap6-abs","stage1_abs + T5","3.2M","token","scratch","take-home cap-6","6","ladderA-T5","0","ladderA-targets4495","4495","solved","256","0.8","2448","nd_verify","","2026-09-18","copied","nd-rl:dan:experiment-summaries/2026-09-18-ladder-A-rl-technique-ladder/README.md"
"takehome-3.2M-cap6-abs","stage1_abs + T5","3.2M","token","scratch","take-home cap-6","6","ladderA-T5","0","ladderA-targets4495","4495","L_star","256","0.8","10","nd_verify","","2026-09-18","copied","nd-rl:dan:experiment-summaries/2026-09-18-ladder-A-rl-technique-ladder/README.md"
"takehome-3.2M-cap6-abs","stage1_abs + T5","3.2M","token","scratch","take-home cap-6","6","ladderA-T5","1","ladderA-transfer2285","2285","solved","256","0.8","648","nd_verify","","2026-09-18","copied","nd-rl:dan:experiment-summaries/2026-09-18-ladder-A-rl-technique-ladder/README.md"
"takehome-3.2M-cap6-abs","stage1_abs + T5","3.2M","token","scratch","take-home cap-6","6","ladderA-T5","1","ladderA-transfer2285","2285","L_star","256","0.8","10","nd_verify","","2026-09-18","copied","nd-rl:dan:experiment-summaries/2026-09-18-ladder-A-rl-technique-ladder/README.md"
"takehome-3.2M-cap6-abs","stage1_abs + T5","3.2M","token","scratch","take-home cap-6","6","ladderA-T5","1","ladderA-transfer2285 L_true>=9","1685","solved","256","0.8","368","nd_verify","","2026-09-18","copied","nd-rl:dan:experiment-summaries/2026-09-18-ladder-A-rl-technique-ladder/README.md"
"takehome-3.2M-cap6-abs","stage1_abs + T5","3.2M","token","scratch","take-home cap-6","6","ladderA-T5","1","ladderA-targets4495","4495","solved","256","0.8","2453","nd_verify","","2026-09-18","copied","nd-rl:dan:experiment-summaries/2026-09-18-ladder-A-rl-technique-ladder/README.md"
"takehome-3.2M-cap6-abs","stage1_abs + T5","3.2M","token","scratch","take-home cap-6","6","ladderA-T5","1","ladderA-targets4495","4495","L_star","256","0.8","10","nd_verify","","2026-09-18","copied","nd-rl:dan:experiment-summaries/2026-09-18-ladder-A-rl-technique-ladder/README.md"
"takehome-3.2M-cap6-abs","stage1_abs + T6","3.2M","token","scratch","take-home cap-6","6","ladderA-T6","0","ladderA-transfer2285","2285","solved","256","0.8","694","nd_verify","","2026-09-18","copied","nd-rl:dan:experiment-summaries/2026-09-18-ladder-A-rl-technique-ladder/README.md"
"takehome-3.2M-cap6-abs","stage1_abs + T6","3.2M","token","scratch","take-home cap-6","6","ladderA-T6","0","ladderA-transfer2285","2285","L_star","256","0.8","10","nd_verify","","2026-09-18","copied","nd-rl:dan:experiment-summaries/2026-09-18-ladder-A-rl-technique-ladder/README.md"
"takehome-3.2M-cap6-abs","stage1_abs + T6","3.2M","token","scratch","take-home cap-6","6","ladderA-T6","0","ladderA-transfer2285 L_true>=9","1685","solved","256","0.8","409","nd_verify","","2026-09-18","copied","nd-rl:dan:experiment-summaries/2026-09-18-ladder-A-rl-technique-ladder/README.md"
"takehome-3.2M-cap6-abs","stage1_abs + T6","3.2M","token","scratch","take-home cap-6","6","ladderA-T6","0","ladderA-targets4495","4495","solved","256","0.8","2537","nd_verify","","2026-09-18","copied","nd-rl:dan:experiment-summaries/2026-09-18-ladder-A-rl-technique-ladder/README.md"
"takehome-3.2M-cap6-abs","stage1_abs + T6","3.2M","token","scratch","take-home cap-6","6","ladderA-T6","0","ladderA-targets4495","4495","L_star","256","0.8","10","nd_verify","","2026-09-18","copied","nd-rl:dan:experiment-summaries/2026-09-18-ladder-A-rl-technique-ladder/README.md"
"takehome-3.2M-cap6-abs","stage1_abs + T6","3.2M","token","scratch","take-home cap-6","6","ladderA-T6","1","ladderA-transfer2285","2285","solved","256","0.8","680","nd_verify","","2026-09-18","copied","nd-rl:dan:experiment-summaries/2026-09-18-ladder-A-rl-technique-ladder/README.md"
"takehome-3.2M-cap6-abs","stage1_abs + T6","3.2M","token","scratch","take-home cap-6","6","ladderA-T6","1","ladderA-transfer2285","2285","L_star","256","0.8","10","nd_verify","","2026-09-18","copied","nd-rl:dan:experiment-summaries/2026-09-18-ladder-A-rl-technique-ladder/README.md"
"takehome-3.2M-cap6-abs","stage1_abs + T6","3.2M","token","scratch","take-home cap-6","6","ladderA-T6","1","ladderA-transfer2285 L_true>=9","1685","solved","256","0.8","395","nd_verify","","2026-09-18","copied","nd-rl:dan:experiment-summaries/2026-09-18-ladder-A-rl-technique-ladder/README.md"
"takehome-3.2M-cap6-abs","stage1_abs + T6","3.2M","token","scratch","take-home cap-6","6","ladderA-T6","1","ladderA-targets4495","4495","solved","256","0.8","2535","nd_verify","","2026-09-18","copied","nd-rl:dan:experiment-summaries/2026-09-18-ladder-A-rl-technique-ladder/README.md"
"takehome-3.2M-cap6-abs","stage1_abs + T6","3.2M","token","scratch","take-home cap-6","6","ladderA-T6","1","ladderA-targets4495","4495","L_star","256","0.8","10","nd_verify","","2026-09-18","copied","nd-rl:dan:experiment-summaries/2026-09-18-ladder-A-rl-technique-ladder/README.md"
"qwen3-coder-30b-a3b-icl","Qwen3-Coder-30B-A3B-Instruct","30B (3B active)","lean_seq","pretrained:Qwen3-Coder-30B-A3B","in-context examples","","icl","5 example draws","run1-236x5","1180","greedy_acc","1","","0.563","other:nd2lean Lean 4.34 / nd_verify","","2026-09-18","copied","nd-rl:dan:experiment-summaries/2026-09-18-round2-run1-nd-to-lean/README.md"
"qwen3-coder-30b-a3b-icl","Qwen3-Coder-30B-A3B-Instruct","30B (3B active)","lean_seq","pretrained:Qwen3-Coder-30B-A3B","in-context examples","","icl","5 example draws","run1-236x5","1180","pass_at_k_frac","9","","0.675","other:nd2lean Lean 4.34 / nd_verify","","2026-09-18","copied","nd-rl:dan:experiment-summaries/2026-09-18-round2-run1-nd-to-lean/README.md"
"qwen3-coder-30b-a3b-icl","Qwen3-Coder-30B-A3B-Instruct","30B (3B active)","token","pretrained:Qwen3-Coder-30B-A3B","in-context examples","","icl","5 example draws","run1-236x5","1180","greedy_acc","1","","0.258","other:nd2lean Lean 4.34 / nd_verify","","2026-09-18","copied","nd-rl:dan:experiment-summaries/2026-09-18-round2-run1-nd-to-lean/README.md"
"qwen3-coder-30b-a3b-icl","Qwen3-Coder-30B-A3B-Instruct","30B (3B active)","token","pretrained:Qwen3-Coder-30B-A3B","in-context examples","","icl","5 example draws","run1-236x5","1180","pass_at_k_frac","9","","0.326","other:nd2lean Lean 4.34 / nd_verify","","2026-09-18","copied","nd-rl:dan:experiment-summaries/2026-09-18-round2-run1-nd-to-lean/README.md"
"qwen3-coder-30b-a3b-icl","Qwen3-Coder-30B-A3B-Instruct","30B (3B active)","text","pretrained:Qwen3-Coder-30B-A3B","in-context examples","","icl","5 example draws","run1-236x5","1180","greedy_acc","1","","0.292","other:nd2lean Lean 4.34 / nd_verify","","2026-09-18","copied","nd-rl:dan:experiment-summaries/2026-09-18-round2-run1-nd-to-lean/README.md"
"qwen3-coder-30b-a3b-icl","Qwen3-Coder-30B-A3B-Instruct","30B (3B active)","text","pretrained:Qwen3-Coder-30B-A3B","in-context examples","","icl","5 example draws","run1-236x5","1180","pass_at_k_frac","9","","0.386","other:nd2lean Lean 4.34 / nd_verify","","2026-09-18","copied","nd-rl:dan:experiment-summaries/2026-09-18-round2-run1-nd-to-lean/README.md"
"r2run2-3.2M-cap6-depth4-f0","depth4 f=0","3.2M","token","scratch","155k cap-6 depth4 f=0","6","EI","0","depth4-targets","500","pattern_acquisition","8 rounds x32","0.8","0","nd_verify","","2026-09-18","copied","nd-rl:dan:experiment-summaries/2026-09-18-round2-run2-six-new-patterns/README.md"
"r2run2-3.2M-cap6-depth4-f0","depth4 f=0","3.2M","token","scratch","155k cap-6 depth4 f=0","6","frozen","0","depth4-targets","500","pattern_solved","8 rounds x32","0.8","0","nd_verify","","2026-09-18","copied","nd-rl:dan:experiment-summaries/2026-09-18-round2-run2-six-new-patterns/README.md"
"r2run2-3.2M-cap6-depth4-f0","depth4 f=0","3.2M","token","scratch","155k cap-6 depth4 f=0","6","EI","1","depth4-targets","500","pattern_acquisition","8 rounds x32","0.8","0","nd_verify","","2026-09-18","copied","nd-rl:dan:experiment-summaries/2026-09-18-round2-run2-six-new-patterns/README.md"
"r2run2-3.2M-cap6-depth4-f0","depth4 f=0","3.2M","token","scratch","155k cap-6 depth4 f=0","6","frozen","1","depth4-targets","500","pattern_solved","8 rounds x32","0.8","0","nd_verify","","2026-09-18","copied","nd-rl:dan:experiment-summaries/2026-09-18-round2-run2-six-new-patterns/README.md"
"r2run2-3.2M-cap6-impe_chain4-f0","impe_chain4 f=0","3.2M","token","scratch","155k cap-6 impe_chain4 f=0","6","EI","0","impe_chain4-targets","500","pattern_acquisition","8 rounds x32","0.8","0","nd_verify","","2026-09-18","copied","nd-rl:dan:experiment-summaries/2026-09-18-round2-run2-six-new-patterns/README.md"
"r2run2-3.2M-cap6-impe_chain4-f0","impe_chain4 f=0","3.2M","token","scratch","155k cap-6 impe_chain4 f=0","6","frozen","0","impe_chain4-targets","500","pattern_solved","8 rounds x32","0.8","0","nd_verify","","2026-09-18","copied","nd-rl:dan:experiment-summaries/2026-09-18-round2-run2-six-new-patterns/README.md"
"r2run2-3.2M-cap6-impe_chain4-f0","impe_chain4 f=0","3.2M","token","scratch","155k cap-6 impe_chain4 f=0","6","EI","1","impe_chain4-targets","500","pattern_acquisition","8 rounds x32","0.8","0","nd_verify","","2026-09-18","copied","nd-rl:dan:experiment-summaries/2026-09-18-round2-run2-six-new-patterns/README.md"
"r2run2-3.2M-cap6-impe_chain4-f0","impe_chain4 f=0","3.2M","token","scratch","155k cap-6 impe_chain4 f=0","6","frozen","1","impe_chain4-targets","500","pattern_solved","8 rounds x32","0.8","0","nd_verify","","2026-09-18","copied","nd-rl:dan:experiment-summaries/2026-09-18-round2-run2-six-new-patterns/README.md"
"r2run2-3.2M-cap6-nested_ore-f0","nested_ore f=0","3.2M","token","scratch","155k cap-6 nested_ore f=0","6","EI","0","nested_ore-targets","300","pattern_acquisition","8 rounds x32","0.8","0","nd_verify","","2026-09-18","copied","nd-rl:dan:experiment-summaries/2026-09-18-round2-run2-six-new-patterns/README.md"
"r2run2-3.2M-cap6-nested_ore-f0","nested_ore f=0","3.2M","token","scratch","155k cap-6 nested_ore f=0","6","frozen","0","nested_ore-targets","300","pattern_solved","8 rounds x32","0.8","0","nd_verify","","2026-09-18","copied","nd-rl:dan:experiment-summaries/2026-09-18-round2-run2-six-new-patterns/README.md"
"r2run2-3.2M-cap6-nested_ore-f0","nested_ore f=0","3.2M","token","scratch","155k cap-6 nested_ore f=0","6","EI","1","nested_ore-targets","300","pattern_acquisition","8 rounds x32","0.8","0","nd_verify","","2026-09-18","copied","nd-rl:dan:experiment-summaries/2026-09-18-round2-run2-six-new-patterns/README.md"
"r2run2-3.2M-cap6-nested_ore-f0","nested_ore f=0","3.2M","token","scratch","155k cap-6 nested_ore f=0","6","frozen","1","nested_ore-targets","300","pattern_solved","8 rounds x32","0.8","0","nd_verify","","2026-09-18","copied","nd-rl:dan:experiment-summaries/2026-09-18-round2-run2-six-new-patterns/README.md"
"r2run2-3.2M-cap6-impi_ore-f0","impi_ore f=0","3.2M","token","scratch","155k cap-6 impi_ore f=0","6","EI","0","impi_ore-targets","500","pattern_acquisition","8 rounds x32","0.8","0","nd_verify","","2026-09-18","copied","nd-rl:dan:experiment-summaries/2026-09-18-round2-run2-six-new-patterns/README.md"
"r2run2-3.2M-cap6-impi_ore-f0","impi_ore f=0","3.2M","token","scratch","155k cap-6 impi_ore f=0","6","frozen","0","impi_ore-targets","500","pattern_solved","8 rounds x32","0.8","0","nd_verify","","2026-09-18","copied","nd-rl:dan:experiment-summaries/2026-09-18-round2-run2-six-new-patterns/README.md"
"r2run2-3.2M-cap6-impi_ore-f0","impi_ore f=0","3.2M","token","scratch","155k cap-6 impi_ore f=0","6","EI","1","impi_ore-targets","500","pattern_acquisition","8 rounds x32","0.8","0","nd_verify","","2026-09-18","copied","nd-rl:dan:experiment-summaries/2026-09-18-round2-run2-six-new-patterns/README.md"
"r2run2-3.2M-cap6-impi_ore-f0","impi_ore f=0","3.2M","token","scratch","155k cap-6 impi_ore f=0","6","frozen","1","impi_ore-targets","500","pattern_solved","8 rounds x32","0.8","0","nd_verify","","2026-09-18","copied","nd-rl:dan:experiment-summaries/2026-09-18-round2-run2-six-new-patterns/README.md"
"r2run2-3.2M-cap6-negi_ande_hyp-f0","negi_ande_hyp f=0","3.2M","token","scratch","155k cap-6 negi_ande_hyp f=0","6","EI","0","negi_ande_hyp-targets","400","pattern_acquisition","8 rounds x32","0.8","0","nd_verify","","2026-09-18","copied","nd-rl:dan:experiment-summaries/2026-09-18-round2-run2-six-new-patterns/README.md"
"r2run2-3.2M-cap6-negi_ande_hyp-f0","negi_ande_hyp f=0","3.2M","token","scratch","155k cap-6 negi_ande_hyp f=0","6","frozen","0","negi_ande_hyp-targets","400","pattern_solved","8 rounds x32","0.8","0","nd_verify","","2026-09-18","copied","nd-rl:dan:experiment-summaries/2026-09-18-round2-run2-six-new-patterns/README.md"
"r2run2-3.2M-cap6-negi_ande_hyp-f0","negi_ande_hyp f=0","3.2M","token","scratch","155k cap-6 negi_ande_hyp f=0","6","EI","1","negi_ande_hyp-targets","400","pattern_acquisition","8 rounds x32","0.8","0.147","nd_verify","","2026-09-18","copied","nd-rl:dan:experiment-summaries/2026-09-18-round2-run2-six-new-patterns/README.md"
"r2run2-3.2M-cap6-negi_ande_hyp-f0","negi_ande_hyp f=0","3.2M","token","scratch","155k cap-6 negi_ande_hyp f=0","6","frozen","1","negi_ande_hyp-targets","400","pattern_solved","8 rounds x32","0.8","2","nd_verify","","2026-09-18","copied","nd-rl:dan:experiment-summaries/2026-09-18-round2-run2-six-new-patterns/README.md"
"r2run2-3.2M-cap8-depth4-c8ctl","depth4-c8ctl","3.2M","token","scratch","depth4-c8ctl","8","EI","0","depth4-targets","","pattern_acquisition","8 rounds x32","0.8","0.97","nd_verify","","2026-09-18","copied","nd-rl:dan:experiment-summaries/2026-09-18-round2-run2-six-new-patterns/README.md"
"r2run2-3.2M-cap8-depth4-c8ctl","depth4-c8ctl","3.2M","token","scratch","depth4-c8ctl","8","frozen","0","depth4-targets","","pattern_solved","8 rounds x32","0.8","150","nd_verify","","2026-09-18","copied","nd-rl:dan:experiment-summaries/2026-09-18-round2-run2-six-new-patterns/README.md"
"r2run2-3.2M-cap8-depth4-c8ctl","depth4-c8ctl","3.2M","token","scratch","depth4-c8ctl","8","EI","1","depth4-targets","","pattern_acquisition","8 rounds x32","0.8","0.962","nd_verify","","2026-09-18","copied","nd-rl:dan:experiment-summaries/2026-09-18-round2-run2-six-new-patterns/README.md"
"r2run2-3.2M-cap8-depth4-c8ctl","depth4-c8ctl","3.2M","token","scratch","depth4-c8ctl","8","frozen","1","depth4-targets","","pattern_solved","8 rounds x32","0.8","202","nd_verify","","2026-09-18","copied","nd-rl:dan:experiment-summaries/2026-09-18-round2-run2-six-new-patterns/README.md"
"r2run2-3.2M-cap8-depth4-c8f0","depth4-c8f0","3.2M","token","scratch","depth4-c8f0","8","EI","1","depth4-targets","","pattern_acquisition","8 rounds x32","0.8","0.964","nd_verify","","2026-09-18","copied","nd-rl:dan:experiment-summaries/2026-09-18-round2-run2-six-new-patterns/README.md"
"r2run2-3.2M-cap8-depth4-c8f0","depth4-c8f0","3.2M","token","scratch","depth4-c8f0","8","frozen","1","depth4-targets","","pattern_solved","8 rounds x32","0.8","180","nd_verify","","2026-09-18","copied","nd-rl:dan:experiment-summaries/2026-09-18-round2-run2-six-new-patterns/README.md"
"r2run2-3.2M-cap8-depth4-c8f0","depth4-c8f0","3.2M","token","scratch","depth4-c8f0","8","EI","0","depth4-targets","","pattern_acquisition","8 rounds x32","0.8","0.962","nd_verify","","2026-09-18","copied","nd-rl:dan:experiment-summaries/2026-09-18-round2-run2-six-new-patterns/README.md"
"r2run2-3.2M-cap6-impi_ore-natctl","impi_ore-natctl","3.2M","token","scratch","impi_ore-natctl","6","EI","0","impi_ore-targets","","pattern_acquisition","8 rounds x32","0.8","0.19","nd_verify","","2026-09-18","copied","nd-rl:dan:experiment-summaries/2026-09-18-round2-run2-six-new-patterns/README.md"
"r2run2-3.2M-cap6-impi_ore-natctl","impi_ore-natctl","3.2M","token","scratch","impi_ore-natctl","6","frozen","0","impi_ore-targets","","pattern_solved","8 rounds x32","0.8","10","nd_verify","","2026-09-18","copied","nd-rl:dan:experiment-summaries/2026-09-18-round2-run2-six-new-patterns/README.md"
"r2run2-3.2M-cap6-impi_ore-natctl","impi_ore-natctl","3.2M","token","scratch","impi_ore-natctl","6","EI","1","impi_ore-targets","","pattern_acquisition","8 rounds x32","0.8","0.222","nd_verify","","2026-09-18","copied","nd-rl:dan:experiment-summaries/2026-09-18-round2-run2-six-new-patterns/README.md"
"r2run2-3.2M-cap6-impi_ore-natctl","impi_ore-natctl","3.2M","token","scratch","impi_ore-natctl","6","frozen","1","impi_ore-targets","","pattern_solved","8 rounds x32","0.8","17","nd_verify","","2026-09-18","copied","nd-rl:dan:experiment-summaries/2026-09-18-round2-run2-six-new-patterns/README.md"
"r2run2-3.2M-cap6-negi_ande_hyp-natctl","negi_ande_hyp-natctl","3.2M","token","scratch","negi_ande_hyp-natctl","6","EI","0","negi_ande_hyp-targets","","pattern_acquisition","8 rounds x32","0.8","0","nd_verify","","2026-09-18","copied","nd-rl:dan:experiment-summaries/2026-09-18-round2-run2-six-new-patterns/README.md"
"r2run2-3.2M-cap6-negi_ande_hyp-natctl","negi_ande_hyp-natctl","3.2M","token","scratch","negi_ande_hyp-natctl","6","frozen","0","negi_ande_hyp-targets","","pattern_solved","8 rounds x32","0.8","0","nd_verify","","2026-09-18","copied","nd-rl:dan:experiment-summaries/2026-09-18-round2-run2-six-new-patterns/README.md"
"r2run2-3.2M-cap6-negi_ande_hyp-natctl","negi_ande_hyp-natctl","3.2M","token","scratch","negi_ande_hyp-natctl","6","EI","1","negi_ande_hyp-targets","","pattern_acquisition","8 rounds x32","0.8","0.028","nd_verify","","2026-09-18","copied","nd-rl:dan:experiment-summaries/2026-09-18-round2-run2-six-new-patterns/README.md"
"r2run2-3.2M-cap6-negi_ande_hyp-natctl","negi_ande_hyp-natctl","3.2M","token","scratch","negi_ande_hyp-natctl","6","frozen","1","negi_ande_hyp-targets","","pattern_solved","8 rounds x32","0.8","3","nd_verify","","2026-09-18","copied","nd-rl:dan:experiment-summaries/2026-09-18-round2-run2-six-new-patterns/README.md"
"novelty-3.2M-cap6-depth3-f0","ignition draw a1 s0","3.2M","token","scratch","155k cap-6 depth-3 f=0","6","EI","a1 s0","depth3-targets1000","1000","pattern_solved","256000 samples (r8)","0.8","335","nd_verify","","2026-09-18","copied","nd-rl:dan:experiment-summaries/2026-09-18-round2-run4-grpo-vs-ei/README.md"
"novelty-3.2M-cap6-depth3-f0","ignition draw a1 s0","3.2M","token","scratch","155k cap-6 depth-3 f=0","6","EI","a1 s0","depth3-targets1000","1000","solved","256000 samples (r8)","0.8","645","nd_verify","","2026-09-18","copied","nd-rl:dan:experiment-summaries/2026-09-18-round2-run4-grpo-vs-ei/README.md"
"novelty-3.2M-cap6-depth3-f0","ignition draw a1 s0","3.2M","token","scratch","155k cap-6 depth-3 f=0","6","GRPO-G8","a1 s0","depth3-targets1000","1000","pattern_solved","224000 samples (r7)","0.8","478","nd_verify","","2026-09-18","copied","nd-rl:dan:experiment-summaries/2026-09-18-round2-run4-grpo-vs-ei/README.md"
"novelty-3.2M-cap6-depth3-f0","ignition draw a1 s0","3.2M","token","scratch","155k cap-6 depth-3 f=0","6","GRPO-G8","a1 s0","depth3-targets1000","1000","solved","224000 samples (r7)","0.8","778","nd_verify","","2026-09-18","copied","nd-rl:dan:experiment-summaries/2026-09-18-round2-run4-grpo-vs-ei/README.md"
"novelty-3.2M-cap6-depth3-f0","ignition draw a1 s0","3.2M","token","scratch","155k cap-6 depth-3 f=0","6","GRPO-G32","a1 s0","depth3-targets1000","1000","pattern_solved","256000 samples (r8)","0.8","440","nd_verify","","2026-09-18","copied","nd-rl:dan:experiment-summaries/2026-09-18-round2-run4-grpo-vs-ei/README.md"
"novelty-3.2M-cap6-depth3-f0","ignition draw a1 s0","3.2M","token","scratch","155k cap-6 depth-3 f=0","6","GRPO-G32","a1 s0","depth3-targets1000","1000","solved","256000 samples (r8)","0.8","728","nd_verify","","2026-09-18","copied","nd-rl:dan:experiment-summaries/2026-09-18-round2-run4-grpo-vs-ei/README.md"
"novelty-3.2M-cap6-depth3-f0","ignition draw a1 s1","3.2M","token","scratch","155k cap-6 depth-3 f=0","6","EI","a1 s1","depth3-targets1000","1000","pattern_solved","256000 samples (r8)","0.8","364","nd_verify","","2026-09-18","copied","nd-rl:dan:experiment-summaries/2026-09-18-round2-run4-grpo-vs-ei/README.md"
"novelty-3.2M-cap6-depth3-f0","ignition draw a1 s1","3.2M","token","scratch","155k cap-6 depth-3 f=0","6","EI","a1 s1","depth3-targets1000","1000","solved","256000 samples (r8)","0.8","698","nd_verify","","2026-09-18","copied","nd-rl:dan:experiment-summaries/2026-09-18-round2-run4-grpo-vs-ei/README.md"
"novelty-3.2M-cap6-depth3-f0","ignition draw a1 s1","3.2M","token","scratch","155k cap-6 depth-3 f=0","6","GRPO-G8","a1 s1","depth3-targets1000","1000","pattern_solved","256000 samples (r8)","0.8","505","nd_verify","","2026-09-18","copied","nd-rl:dan:experiment-summaries/2026-09-18-round2-run4-grpo-vs-ei/README.md"
"novelty-3.2M-cap6-depth3-f0","ignition draw a1 s1","3.2M","token","scratch","155k cap-6 depth-3 f=0","6","GRPO-G8","a1 s1","depth3-targets1000","1000","solved","256000 samples (r8)","0.8","819","nd_verify","","2026-09-18","copied","nd-rl:dan:experiment-summaries/2026-09-18-round2-run4-grpo-vs-ei/README.md"
"novelty-3.2M-cap6-depth3-f0","ignition draw a1 s1","3.2M","token","scratch","155k cap-6 depth-3 f=0","6","GRPO-G32","a1 s1","depth3-targets1000","1000","pattern_solved","256000 samples (r8)","0.8","467","nd_verify","","2026-09-18","copied","nd-rl:dan:experiment-summaries/2026-09-18-round2-run4-grpo-vs-ei/README.md"
"novelty-3.2M-cap6-depth3-f0","ignition draw a1 s1","3.2M","token","scratch","155k cap-6 depth-3 f=0","6","GRPO-G32","a1 s1","depth3-targets1000","1000","solved","256000 samples (r8)","0.8","798","nd_verify","","2026-09-18","copied","nd-rl:dan:experiment-summaries/2026-09-18-round2-run4-grpo-vs-ei/README.md"
"novelty-3.2M-cap6-depth3-f0","ignition draw a2 s0","3.2M","token","scratch","155k cap-6 depth-3 f=0","6","EI","a2 s0","depth3-targets1000","1000","pattern_solved","256000 samples (r8)","0.8","350","nd_verify","","2026-09-18","copied","nd-rl:dan:experiment-summaries/2026-09-18-round2-run4-grpo-vs-ei/README.md"
"novelty-3.2M-cap6-depth3-f0","ignition draw a2 s0","3.2M","token","scratch","155k cap-6 depth-3 f=0","6","EI","a2 s0","depth3-targets1000","1000","solved","256000 samples (r8)","0.8","589","nd_verify","","2026-09-18","copied","nd-rl:dan:experiment-summaries/2026-09-18-round2-run4-grpo-vs-ei/README.md"
"novelty-3.2M-cap6-depth3-f0","ignition draw a2 s0","3.2M","token","scratch","155k cap-6 depth-3 f=0","6","GRPO-G8","a2 s0","depth3-targets1000","1000","pattern_solved","256000 samples (r8)","0.8","473","nd_verify","","2026-09-18","copied","nd-rl:dan:experiment-summaries/2026-09-18-round2-run4-grpo-vs-ei/README.md"
"novelty-3.2M-cap6-depth3-f0","ignition draw a2 s0","3.2M","token","scratch","155k cap-6 depth-3 f=0","6","GRPO-G8","a2 s0","depth3-targets1000","1000","solved","256000 samples (r8)","0.8","777","nd_verify","","2026-09-18","copied","nd-rl:dan:experiment-summaries/2026-09-18-round2-run4-grpo-vs-ei/README.md"
"novelty-3.2M-cap6-depth3-f0","ignition draw a2 s0","3.2M","token","scratch","155k cap-6 depth-3 f=0","6","GRPO-G32","a2 s0","depth3-targets1000","1000","pattern_solved","256000 samples (r8)","0.8","437","nd_verify","","2026-09-18","copied","nd-rl:dan:experiment-summaries/2026-09-18-round2-run4-grpo-vs-ei/README.md"
"novelty-3.2M-cap6-depth3-f0","ignition draw a2 s0","3.2M","token","scratch","155k cap-6 depth-3 f=0","6","GRPO-G32","a2 s0","depth3-targets1000","1000","solved","256000 samples (r8)","0.8","737","nd_verify","","2026-09-18","copied","nd-rl:dan:experiment-summaries/2026-09-18-round2-run4-grpo-vs-ei/README.md"
"novelty-3.2M-cap6-depth3-f0","ignition draw a2 s1","3.2M","token","scratch","155k cap-6 depth-3 f=0","6","EI","a2 s1","depth3-targets1000","1000","pattern_solved","256000 samples (r8)","0.8","341","nd_verify","","2026-09-18","copied","nd-rl:dan:experiment-summaries/2026-09-18-round2-run4-grpo-vs-ei/README.md"
"novelty-3.2M-cap6-depth3-f0","ignition draw a2 s1","3.2M","token","scratch","155k cap-6 depth-3 f=0","6","EI","a2 s1","depth3-targets1000","1000","solved","256000 samples (r8)","0.8","652","nd_verify","","2026-09-18","copied","nd-rl:dan:experiment-summaries/2026-09-18-round2-run4-grpo-vs-ei/README.md"
"novelty-3.2M-cap6-depth3-f0","ignition draw a2 s1","3.2M","token","scratch","155k cap-6 depth-3 f=0","6","GRPO-G8","a2 s1","depth3-targets1000","1000","pattern_solved","256000 samples (r8)","0.8","475","nd_verify","","2026-09-18","copied","nd-rl:dan:experiment-summaries/2026-09-18-round2-run4-grpo-vs-ei/README.md"
"novelty-3.2M-cap6-depth3-f0","ignition draw a2 s1","3.2M","token","scratch","155k cap-6 depth-3 f=0","6","GRPO-G8","a2 s1","depth3-targets1000","1000","solved","256000 samples (r8)","0.8","799","nd_verify","","2026-09-18","copied","nd-rl:dan:experiment-summaries/2026-09-18-round2-run4-grpo-vs-ei/README.md"
"novelty-3.2M-cap6-depth3-f0","ignition draw a2 s1","3.2M","token","scratch","155k cap-6 depth-3 f=0","6","GRPO-G32","a2 s1","depth3-targets1000","1000","pattern_solved","256000 samples (r8)","0.8","404","nd_verify","","2026-09-18","copied","nd-rl:dan:experiment-summaries/2026-09-18-round2-run4-grpo-vs-ei/README.md"
"novelty-3.2M-cap6-depth3-f0","ignition draw a2 s1","3.2M","token","scratch","155k cap-6 depth-3 f=0","6","GRPO-G32","a2 s1","depth3-targets1000","1000","solved","256000 samples (r8)","0.8","725","nd_verify","","2026-09-18","copied","nd-rl:dan:experiment-summaries/2026-09-18-round2-run4-grpo-vs-ei/README.md"
"novelty-3.2M-cap6-depth3-f0","ignition draw a3 s0","3.2M","token","scratch","155k cap-6 depth-3 f=0","6","EI","a3 s0","depth3-targets1000","1000","pattern_solved","256000 samples (r8)","0.8","361","nd_verify","","2026-09-18","copied","nd-rl:dan:experiment-summaries/2026-09-18-round2-run4-grpo-vs-ei/README.md"
"novelty-3.2M-cap6-depth3-f0","ignition draw a3 s0","3.2M","token","scratch","155k cap-6 depth-3 f=0","6","EI","a3 s0","depth3-targets1000","1000","solved","256000 samples (r8)","0.8","605","nd_verify","","2026-09-18","copied","nd-rl:dan:experiment-summaries/2026-09-18-round2-run4-grpo-vs-ei/README.md"
"novelty-3.2M-cap6-depth3-f0","ignition draw a3 s0","3.2M","token","scratch","155k cap-6 depth-3 f=0","6","GRPO-G8","a3 s0","depth3-targets1000","1000","pattern_solved","256000 samples (r8)","0.8","447","nd_verify","","2026-09-18","copied","nd-rl:dan:experiment-summaries/2026-09-18-round2-run4-grpo-vs-ei/README.md"
"novelty-3.2M-cap6-depth3-f0","ignition draw a3 s0","3.2M","token","scratch","155k cap-6 depth-3 f=0","6","GRPO-G8","a3 s0","depth3-targets1000","1000","solved","256000 samples (r8)","0.8","747","nd_verify","","2026-09-18","copied","nd-rl:dan:experiment-summaries/2026-09-18-round2-run4-grpo-vs-ei/README.md"
"novelty-3.2M-cap6-depth3-f0","ignition draw a3 s0","3.2M","token","scratch","155k cap-6 depth-3 f=0","6","GRPO-G32","a3 s0","depth3-targets1000","1000","pattern_solved","256000 samples (r8)","0.8","411","nd_verify","","2026-09-18","copied","nd-rl:dan:experiment-summaries/2026-09-18-round2-run4-grpo-vs-ei/README.md"
"novelty-3.2M-cap6-depth3-f0","ignition draw a3 s0","3.2M","token","scratch","155k cap-6 depth-3 f=0","6","GRPO-G32","a3 s0","depth3-targets1000","1000","solved","256000 samples (r8)","0.8","710","nd_verify","","2026-09-18","copied","nd-rl:dan:experiment-summaries/2026-09-18-round2-run4-grpo-vs-ei/README.md"
"novelty-3.2M-cap6-depth3-f0","ignition draw a3 s1","3.2M","token","scratch","155k cap-6 depth-3 f=0","6","EI","a3 s1","depth3-targets1000","1000","pattern_solved","256000 samples (r8)","0.8","352","nd_verify","","2026-09-18","copied","nd-rl:dan:experiment-summaries/2026-09-18-round2-run4-grpo-vs-ei/README.md"
"novelty-3.2M-cap6-depth3-f0","ignition draw a3 s1","3.2M","token","scratch","155k cap-6 depth-3 f=0","6","EI","a3 s1","depth3-targets1000","1000","solved","256000 samples (r8)","0.8","583","nd_verify","","2026-09-18","copied","nd-rl:dan:experiment-summaries/2026-09-18-round2-run4-grpo-vs-ei/README.md"
"novelty-3.2M-cap6-depth3-f0","ignition draw a3 s1","3.2M","token","scratch","155k cap-6 depth-3 f=0","6","GRPO-G8","a3 s1","depth3-targets1000","1000","pattern_solved","256000 samples (r8)","0.8","472","nd_verify","","2026-09-18","copied","nd-rl:dan:experiment-summaries/2026-09-18-round2-run4-grpo-vs-ei/README.md"
"novelty-3.2M-cap6-depth3-f0","ignition draw a3 s1","3.2M","token","scratch","155k cap-6 depth-3 f=0","6","GRPO-G8","a3 s1","depth3-targets1000","1000","solved","256000 samples (r8)","0.8","780","nd_verify","","2026-09-18","copied","nd-rl:dan:experiment-summaries/2026-09-18-round2-run4-grpo-vs-ei/README.md"
"novelty-3.2M-cap6-depth3-f0","ignition draw a3 s1","3.2M","token","scratch","155k cap-6 depth-3 f=0","6","GRPO-G32","a3 s1","depth3-targets1000","1000","pattern_solved","256000 samples (r8)","0.8","395","nd_verify","","2026-09-18","copied","nd-rl:dan:experiment-summaries/2026-09-18-round2-run4-grpo-vs-ei/README.md"
"novelty-3.2M-cap6-depth3-f0","ignition draw a3 s1","3.2M","token","scratch","155k cap-6 depth-3 f=0","6","GRPO-G32","a3 s1","depth3-targets1000","1000","solved","256000 samples (r8)","0.8","691","nd_verify","","2026-09-18","copied","nd-rl:dan:experiment-summaries/2026-09-18-round2-run4-grpo-vs-ei/README.md"
"novelty-3.2M-cap6-depth3-f0","draw s20","3.2M","token","scratch","155k cap-6 depth-3 f=0","6","EI-req","20","depth3-required300","300","pattern_solved","8 rounds x32","0.8","0","nd_verify","","2026-09-18","copied","nd-rl:dan:experiment-summaries/2026-09-18-round3-run1-pool-composition/README.md"
"novelty-3.2M-cap6-depth3-f0","draw s20","3.2M","token","scratch","155k cap-6 depth-3 f=0","6","EI-mix","20","depth3-required300","300","pattern_solved","8 rounds x32","0.8","1","nd_verify","","2026-09-18","copied","nd-rl:dan:experiment-summaries/2026-09-18-round3-run1-pool-composition/README.md"
"novelty-3.2M-cap6-depth3-f0","draw s21","3.2M","token","scratch","155k cap-6 depth-3 f=0","6","EI-req","21","depth3-required300","300","pattern_solved","8 rounds x32","0.8","0","nd_verify","","2026-09-18","copied","nd-rl:dan:experiment-summaries/2026-09-18-round3-run1-pool-composition/README.md"
"novelty-3.2M-cap6-depth3-f0","draw s21","3.2M","token","scratch","155k cap-6 depth-3 f=0","6","EI-mix","21","depth3-required300","300","pattern_solved","8 rounds x32","0.8","241","nd_verify","","2026-09-18","copied","nd-rl:dan:experiment-summaries/2026-09-18-round3-run1-pool-composition/README.md"
"novelty-3.2M-cap6-depth3-f0","draw s22","3.2M","token","scratch","155k cap-6 depth-3 f=0","6","EI-req","22","depth3-required300","300","pattern_solved","8 rounds x32","0.8","0","nd_verify","","2026-09-18","copied","nd-rl:dan:experiment-summaries/2026-09-18-round3-run1-pool-composition/README.md"
"novelty-3.2M-cap6-depth3-f0","draw s22","3.2M","token","scratch","155k cap-6 depth-3 f=0","6","EI-mix","22","depth3-required300","300","pattern_solved","8 rounds x32","0.8","211","nd_verify","","2026-09-18","copied","nd-rl:dan:experiment-summaries/2026-09-18-round3-run1-pool-composition/README.md"
"novelty-3.2M-cap6-depth3-f0","draw s23","3.2M","token","scratch","155k cap-6 depth-3 f=0","6","EI-req","23","depth3-required300","300","pattern_solved","8 rounds x32","0.8","0","nd_verify","","2026-09-18","copied","nd-rl:dan:experiment-summaries/2026-09-18-round3-run1-pool-composition/README.md"
"novelty-3.2M-cap6-depth3-f0","draw s23","3.2M","token","scratch","155k cap-6 depth-3 f=0","6","EI-mix","23","depth3-required300","300","pattern_solved","8 rounds x32","0.8","255","nd_verify","","2026-09-18","copied","nd-rl:dan:experiment-summaries/2026-09-18-round3-run1-pool-composition/README.md"
"novelty-3.2M-cap6-depth3-f0","draw s24","3.2M","token","scratch","155k cap-6 depth-3 f=0","6","EI-req","24","depth3-required300","300","pattern_solved","8 rounds x32","0.8","5","nd_verify","","2026-09-18","copied","nd-rl:dan:experiment-summaries/2026-09-18-round3-run1-pool-composition/README.md"
"novelty-3.2M-cap6-depth3-f0","draw s24","3.2M","token","scratch","155k cap-6 depth-3 f=0","6","EI-mix","24","depth3-required300","300","pattern_solved","8 rounds x32","0.8","233","nd_verify","","2026-09-18","copied","nd-rl:dan:experiment-summaries/2026-09-18-round3-run1-pool-composition/README.md"
"novelty-3.2M-cap6-depth3-f0","draw s25","3.2M","token","scratch","155k cap-6 depth-3 f=0","6","EI-req","25","depth3-required300","300","pattern_solved","8 rounds x32","0.8","0","nd_verify","","2026-09-18","copied","nd-rl:dan:experiment-summaries/2026-09-18-round3-run1-pool-composition/README.md"
"novelty-3.2M-cap6-depth3-f0","draw s25","3.2M","token","scratch","155k cap-6 depth-3 f=0","6","EI-mix","25","depth3-required300","300","pattern_solved","8 rounds x32","0.8","0","nd_verify","","2026-09-18","copied","nd-rl:dan:experiment-summaries/2026-09-18-round3-run1-pool-composition/README.md"
"novelty-3.2M-cap6-depth3-f0","draw s26","3.2M","token","scratch","155k cap-6 depth-3 f=0","6","EI-req","26","depth3-required300","300","pattern_solved","8 rounds x32","0.8","0","nd_verify","","2026-09-18","copied","nd-rl:dan:experiment-summaries/2026-09-18-round3-run1-pool-composition/README.md"
"novelty-3.2M-cap6-depth3-f0","draw s26","3.2M","token","scratch","155k cap-6 depth-3 f=0","6","EI-mix","26","depth3-required300","300","pattern_solved","8 rounds x32","0.8","239","nd_verify","","2026-09-18","copied","nd-rl:dan:experiment-summaries/2026-09-18-round3-run1-pool-composition/README.md"
"novelty-3.2M-cap6-depth3-f0","draw s27","3.2M","token","scratch","155k cap-6 depth-3 f=0","6","EI-req","27","depth3-required300","300","pattern_solved","8 rounds x32","0.8","0","nd_verify","","2026-09-18","copied","nd-rl:dan:experiment-summaries/2026-09-18-round3-run1-pool-composition/README.md"
"novelty-3.2M-cap6-depth3-f0","draw s27","3.2M","token","scratch","155k cap-6 depth-3 f=0","6","EI-mix","27","depth3-required300","300","pattern_solved","8 rounds x32","0.8","0","nd_verify","","2026-09-18","copied","nd-rl:dan:experiment-summaries/2026-09-18-round3-run1-pool-composition/README.md"
"novelty-3.2M-cap6-reductio-f0","draw s20","3.2M","token","scratch","155k cap-6 reductio f=0","6","EI-req","20","reductio-required300","300","pattern_solved","8 rounds x32","0.8","0","nd_verify","","2026-09-18","copied","nd-rl:dan:experiment-summaries/2026-09-18-round3-run1-pool-composition/README.md"
"novelty-3.2M-cap6-reductio-f0","draw s20","3.2M","token","scratch","155k cap-6 reductio f=0","6","EI-mix","20","reductio-required300","300","pattern_solved","8 rounds x32","0.8","0","nd_verify","","2026-09-18","copied","nd-rl:dan:experiment-summaries/2026-09-18-round3-run1-pool-composition/README.md"
"novelty-3.2M-cap6-reductio-f0","draw s21","3.2M","token","scratch","155k cap-6 reductio f=0","6","EI-req","21","reductio-required300","300","pattern_solved","8 rounds x32","0.8","0","nd_verify","","2026-09-18","copied","nd-rl:dan:experiment-summaries/2026-09-18-round3-run1-pool-composition/README.md"
"novelty-3.2M-cap6-reductio-f0","draw s21","3.2M","token","scratch","155k cap-6 reductio f=0","6","EI-mix","21","reductio-required300","300","pattern_solved","8 rounds x32","0.8","52","nd_verify","","2026-09-18","copied","nd-rl:dan:experiment-summaries/2026-09-18-round3-run1-pool-composition/README.md"
"novelty-3.2M-cap6-reductio-f0","draw s22","3.2M","token","scratch","155k cap-6 reductio f=0","6","EI-req","22","reductio-required300","300","pattern_solved","8 rounds x32","0.8","0","nd_verify","","2026-09-18","copied","nd-rl:dan:experiment-summaries/2026-09-18-round3-run1-pool-composition/README.md"
"novelty-3.2M-cap6-reductio-f0","draw s22","3.2M","token","scratch","155k cap-6 reductio f=0","6","EI-mix","22","reductio-required300","300","pattern_solved","8 rounds x32","0.8","0","nd_verify","","2026-09-18","copied","nd-rl:dan:experiment-summaries/2026-09-18-round3-run1-pool-composition/README.md"
"novelty-3.2M-cap6-reductio-f0","draw s23","3.2M","token","scratch","155k cap-6 reductio f=0","6","EI-req","23","reductio-required300","300","pattern_solved","8 rounds x32","0.8","0","nd_verify","","2026-09-18","copied","nd-rl:dan:experiment-summaries/2026-09-18-round3-run1-pool-composition/README.md"
"novelty-3.2M-cap6-reductio-f0","draw s23","3.2M","token","scratch","155k cap-6 reductio f=0","6","EI-mix","23","reductio-required300","300","pattern_solved","8 rounds x32","0.8","0","nd_verify","","2026-09-18","copied","nd-rl:dan:experiment-summaries/2026-09-18-round3-run1-pool-composition/README.md"
"novelty-3.2M-cap6-reductio-f0","draw s24","3.2M","token","scratch","155k cap-6 reductio f=0","6","EI-req","24","reductio-required300","300","pattern_solved","8 rounds x32","0.8","0","nd_verify","","2026-09-18","copied","nd-rl:dan:experiment-summaries/2026-09-18-round3-run1-pool-composition/README.md"
"novelty-3.2M-cap6-reductio-f0","draw s24","3.2M","token","scratch","155k cap-6 reductio f=0","6","EI-mix","24","reductio-required300","300","pattern_solved","8 rounds x32","0.8","53","nd_verify","","2026-09-18","copied","nd-rl:dan:experiment-summaries/2026-09-18-round3-run1-pool-composition/README.md"
"novelty-3.2M-cap6-reductio-f0","draw s25","3.2M","token","scratch","155k cap-6 reductio f=0","6","EI-req","25","reductio-required300","300","pattern_solved","8 rounds x32","0.8","0","nd_verify","","2026-09-18","copied","nd-rl:dan:experiment-summaries/2026-09-18-round3-run1-pool-composition/README.md"
"novelty-3.2M-cap6-reductio-f0","draw s25","3.2M","token","scratch","155k cap-6 reductio f=0","6","EI-mix","25","reductio-required300","300","pattern_solved","8 rounds x32","0.8","0","nd_verify","","2026-09-18","copied","nd-rl:dan:experiment-summaries/2026-09-18-round3-run1-pool-composition/README.md"
"novelty-3.2M-cap6-reductio-f0","draw s26","3.2M","token","scratch","155k cap-6 reductio f=0","6","EI-req","26","reductio-required300","300","pattern_solved","8 rounds x32","0.8","33","nd_verify","","2026-09-18","copied","nd-rl:dan:experiment-summaries/2026-09-18-round3-run1-pool-composition/README.md"
"novelty-3.2M-cap6-reductio-f0","draw s26","3.2M","token","scratch","155k cap-6 reductio f=0","6","EI-mix","26","reductio-required300","300","pattern_solved","8 rounds x32","0.8","53","nd_verify","","2026-09-18","copied","nd-rl:dan:experiment-summaries/2026-09-18-round3-run1-pool-composition/README.md"
"novelty-3.2M-cap6-reductio-f0","draw s27","3.2M","token","scratch","155k cap-6 reductio f=0","6","EI-req","27","reductio-required300","300","pattern_solved","8 rounds x32","0.8","0","nd_verify","","2026-09-18","copied","nd-rl:dan:experiment-summaries/2026-09-18-round3-run1-pool-composition/README.md"
"novelty-3.2M-cap6-reductio-f0","draw s27","3.2M","token","scratch","155k cap-6 reductio f=0","6","EI-mix","27","reductio-required300","300","pattern_solved","8 rounds x32","0.8","52","nd_verify","","2026-09-18","copied","nd-rl:dan:experiment-summaries/2026-09-18-round3-run1-pool-composition/README.md"
"novelty-3.2M-cap8-derivedORE-f0","derived-ORE f=0 s2","3.2M","token","scratch","cap-8 derived-ORE f=0","8","frozen","s2","derivedORE-required300","300","pattern_solved","10000","0.8","26","nd_verify","","2026-09-18","copied","nd-rl:dan:experiment-summaries/2026-09-18-round3-run2-eight-line-stratum/README.md"
"novelty-3.2M-cap8-derivedORE-f0","derived-ORE f=0 s2","3.2M","token","scratch","cap-8 derived-ORE f=0","8","EI","s2","derivedORE-required300","300","pattern_solved","256","0.8","36","nd_verify","","2026-09-18","copied","nd-rl:dan:experiment-summaries/2026-09-18-round3-run2-eight-line-stratum/README.md"
"novelty-3.2M-cap8-derivedORE-f0","derived-ORE f=0 s2","3.2M","token","scratch","cap-8 derived-ORE f=0","8","frozen","s2","derivedORE-required300","300","pattern_solved","256","0.8","14","nd_verify","","2026-09-18","copied","nd-rl:dan:experiment-summaries/2026-09-18-round3-run2-eight-line-stratum/README.md"
"novelty-3.2M-cap8-derivedORE-f0","derived-ORE f=0 s3","3.2M","token","scratch","cap-8 derived-ORE f=0","8","frozen","s3","derivedORE-required300","300","pattern_solved","10000","0.8","9","nd_verify","","2026-09-18","copied","nd-rl:dan:experiment-summaries/2026-09-18-round3-run2-eight-line-stratum/README.md"
"novelty-3.2M-cap8-derivedORE-f0","derived-ORE f=0 s3","3.2M","token","scratch","cap-8 derived-ORE f=0","8","EI","s3","derivedORE-required300","300","pattern_solved","256","0.8","7","nd_verify","","2026-09-18","copied","nd-rl:dan:experiment-summaries/2026-09-18-round3-run2-eight-line-stratum/README.md"
"novelty-3.2M-cap8-derivedORE-f0","derived-ORE f=0 s3","3.2M","token","scratch","cap-8 derived-ORE f=0","8","frozen","s3","derivedORE-required300","300","pattern_solved","256","0.8","6","nd_verify","","2026-09-18","copied","nd-rl:dan:experiment-summaries/2026-09-18-round3-run2-eight-line-stratum/README.md"
"novelty-3.2M-cap8-derivedORE-f0","derived-ORE f=0 s4","3.2M","token","scratch","cap-8 derived-ORE f=0","8","frozen","s4","derivedORE-required300","300","pattern_solved","10000","0.8","20","nd_verify","","2026-09-18","copied","nd-rl:dan:experiment-summaries/2026-09-18-round3-run2-eight-line-stratum/README.md"
"novelty-3.2M-cap8-derivedORE-f0","derived-ORE f=0 s4","3.2M","token","scratch","cap-8 derived-ORE f=0","8","EI","s4","derivedORE-required300","300","pattern_solved","256","0.8","43","nd_verify","","2026-09-18","copied","nd-rl:dan:experiment-summaries/2026-09-18-round3-run2-eight-line-stratum/README.md"
"novelty-3.2M-cap8-derivedORE-f0","derived-ORE f=0 s4","3.2M","token","scratch","cap-8 derived-ORE f=0","8","frozen","s4","derivedORE-required300","300","pattern_solved","256","0.8","7","nd_verify","","2026-09-18","copied","nd-rl:dan:experiment-summaries/2026-09-18-round3-run2-eight-line-stratum/README.md"
"novelty-3.2M-cap8-derivedORE-f0","derived-ORE f=0 s5","3.2M","token","scratch","cap-8 derived-ORE f=0","8","frozen","s5","derivedORE-required300","300","pattern_solved","10000","0.8","27","nd_verify","","2026-09-18","copied","nd-rl:dan:experiment-summaries/2026-09-18-round3-run2-eight-line-stratum/README.md"
"novelty-3.2M-cap8-derivedORE-f0","derived-ORE f=0 s5","3.2M","token","scratch","cap-8 derived-ORE f=0","8","EI","s5","derivedORE-required300","300","pattern_solved","256","0.8","45","nd_verify","","2026-09-18","copied","nd-rl:dan:experiment-summaries/2026-09-18-round3-run2-eight-line-stratum/README.md"
"novelty-3.2M-cap8-derivedORE-f0","derived-ORE f=0 s5","3.2M","token","scratch","cap-8 derived-ORE f=0","8","frozen","s5","derivedORE-required300","300","pattern_solved","256","0.8","13","nd_verify","","2026-09-18","copied","nd-rl:dan:experiment-summaries/2026-09-18-round3-run2-eight-line-stratum/README.md"
"novelty-3.2M-cap8-derivedORE-f1e-3","derived-ORE f=1e-3 s0","3.2M","token","scratch","cap-8 derived-ORE f=1e-3","8","frozen","s0","derivedORE-required300","300","pattern_solved","10000","0.8","37","nd_verify","","2026-09-18","copied","nd-rl:dan:experiment-summaries/2026-09-18-round3-run2-eight-line-stratum/README.md"
"novelty-3.2M-cap8-derivedORE-f1e-3","derived-ORE f=1e-3 s0","3.2M","token","scratch","cap-8 derived-ORE f=1e-3","8","EI","s0","derivedORE-required300","300","pattern_solved","256","0.8","40","nd_verify","","2026-09-18","copied","nd-rl:dan:experiment-summaries/2026-09-18-round3-run2-eight-line-stratum/README.md"
"novelty-3.2M-cap8-derivedORE-f1e-3","derived-ORE f=1e-3 s0","3.2M","token","scratch","cap-8 derived-ORE f=1e-3","8","frozen","s0","derivedORE-required300","300","pattern_solved","256","0.8","16","nd_verify","","2026-09-18","copied","nd-rl:dan:experiment-summaries/2026-09-18-round3-run2-eight-line-stratum/README.md"
"novelty-3.2M-cap8-derivedORE-f1e-3","derived-ORE f=1e-3 s1","3.2M","token","scratch","cap-8 derived-ORE f=1e-3","8","frozen","s1","derivedORE-required300","300","pattern_solved","10000","0.8","34","nd_verify","","2026-09-18","copied","nd-rl:dan:experiment-summaries/2026-09-18-round3-run2-eight-line-stratum/README.md"
"novelty-3.2M-cap8-derivedORE-f1e-3","derived-ORE f=1e-3 s1","3.2M","token","scratch","cap-8 derived-ORE f=1e-3","8","EI","s1","derivedORE-required300","300","pattern_solved","256","0.8","43","nd_verify","","2026-09-18","copied","nd-rl:dan:experiment-summaries/2026-09-18-round3-run2-eight-line-stratum/README.md"
"novelty-3.2M-cap8-derivedORE-f1e-3","derived-ORE f=1e-3 s1","3.2M","token","scratch","cap-8 derived-ORE f=1e-3","8","frozen","s1","derivedORE-required300","300","pattern_solved","256","0.8","18","nd_verify","","2026-09-18","copied","nd-rl:dan:experiment-summaries/2026-09-18-round3-run2-eight-line-stratum/README.md"
"novelty-3.2M-cap6-reductio","reductio A f0 s0 ss0","3.2M","token","scratch","155k cap-6 reductio","6","EI-16rounds","A f0 s0 ss0","reductio-required345 L=8","","pattern_solved","512","0.8","1","nd_verify","","2026-09-18","copied","nd-rl:dan:experiment-summaries/2026-09-18-round3-run2-eight-line-stratum/README.md"
"novelty-3.2M-cap6-reductio","reductio A f0 s0 ss0","3.2M","token","scratch","155k cap-6 reductio","6","EI-16rounds","A f0 s0 ss0","reductio-required345 L=9","","pattern_solved","512","0.8","0","nd_verify","","2026-09-18","copied","nd-rl:dan:experiment-summaries/2026-09-18-round3-run2-eight-line-stratum/README.md"
"novelty-3.2M-cap6-reductio","reductio A f0 s0 ss1","3.2M","token","scratch","155k cap-6 reductio","6","EI-16rounds","A f0 s0 ss1","reductio-required345 L=8","","pattern_solved","512","0.8","3","nd_verify","","2026-09-18","copied","nd-rl:dan:experiment-summaries/2026-09-18-round3-run2-eight-line-stratum/README.md"
"novelty-3.2M-cap6-reductio","reductio A f0 s0 ss1","3.2M","token","scratch","155k cap-6 reductio","6","EI-16rounds","A f0 s0 ss1","reductio-required345 L=9","","pattern_solved","512","0.8","0","nd_verify","","2026-09-18","copied","nd-rl:dan:experiment-summaries/2026-09-18-round3-run2-eight-line-stratum/README.md"
"novelty-3.2M-cap6-reductio","reductio A f0.1 s0 ss0","3.2M","token","scratch","155k cap-6 reductio","6","EI-16rounds","A f0.1 s0 ss0","reductio-required345 L=8","","pattern_solved","512","0.8","54","nd_verify","","2026-09-18","copied","nd-rl:dan:experiment-summaries/2026-09-18-round3-run2-eight-line-stratum/README.md"
"novelty-3.2M-cap6-reductio","reductio A f0.1 s0 ss0","3.2M","token","scratch","155k cap-6 reductio","6","EI-16rounds","A f0.1 s0 ss0","reductio-required345 L=9","","pattern_solved","512","0.8","25","nd_verify","","2026-09-18","copied","nd-rl:dan:experiment-summaries/2026-09-18-round3-run2-eight-line-stratum/README.md"
"novelty-3.2M-cap6-reductio","reductio A f0.1 s0 ss1","3.2M","token","scratch","155k cap-6 reductio","6","EI-16rounds","A f0.1 s0 ss1","reductio-required345 L=8","","pattern_solved","512","0.8","1","nd_verify","","2026-09-18","copied","nd-rl:dan:experiment-summaries/2026-09-18-round3-run2-eight-line-stratum/README.md"
"novelty-3.2M-cap6-reductio","reductio A f0.1 s0 ss1","3.2M","token","scratch","155k cap-6 reductio","6","EI-16rounds","A f0.1 s0 ss1","reductio-required345 L=9","","pattern_solved","512","0.8","0","nd_verify","","2026-09-18","copied","nd-rl:dan:experiment-summaries/2026-09-18-round3-run2-eight-line-stratum/README.md"
"novelty-3.2M-cap6-reductio","reductio A f0.1 s1 ss0","3.2M","token","scratch","155k cap-6 reductio","6","EI-16rounds","A f0.1 s1 ss0","reductio-required345 L=8","","pattern_solved","512","0.8","0","nd_verify","","2026-09-18","copied","nd-rl:dan:experiment-summaries/2026-09-18-round3-run2-eight-line-stratum/README.md"
"novelty-3.2M-cap6-reductio","reductio A f0.1 s1 ss0","3.2M","token","scratch","155k cap-6 reductio","6","EI-16rounds","A f0.1 s1 ss0","reductio-required345 L=9","","pattern_solved","512","0.8","0","nd_verify","","2026-09-18","copied","nd-rl:dan:experiment-summaries/2026-09-18-round3-run2-eight-line-stratum/README.md"
"novelty-3.2M-cap6-reductio","reductio A f0.1 s1 ss1","3.2M","token","scratch","155k cap-6 reductio","6","EI-16rounds","A f0.1 s1 ss1","reductio-required345 L=8","","pattern_solved","512","0.8","0","nd_verify","","2026-09-18","copied","nd-rl:dan:experiment-summaries/2026-09-18-round3-run2-eight-line-stratum/README.md"
"novelty-3.2M-cap6-reductio","reductio A f0.1 s1 ss1","3.2M","token","scratch","155k cap-6 reductio","6","EI-16rounds","A f0.1 s1 ss1","reductio-required345 L=9","","pattern_solved","512","0.8","0","nd_verify","","2026-09-18","copied","nd-rl:dan:experiment-summaries/2026-09-18-round3-run2-eight-line-stratum/README.md"
"novelty-3.2M-cap6-reductio","reductio C f0 s2 r16","3.2M","token","scratch","155k cap-6 reductio","6","EI-16rounds","C f0 s2 r16","reductio-required345 L=8","","pattern_solved","512","0.8","27","nd_verify","","2026-09-18","copied","nd-rl:dan:experiment-summaries/2026-09-18-round3-run2-eight-line-stratum/README.md"
"novelty-3.2M-cap6-reductio","reductio C f0 s2 r16","3.2M","token","scratch","155k cap-6 reductio","6","EI-16rounds","C f0 s2 r16","reductio-required345 L=9","","pattern_solved","512","0.8","25","nd_verify","","2026-09-18","copied","nd-rl:dan:experiment-summaries/2026-09-18-round3-run2-eight-line-stratum/README.md"
"novelty-3.2M-cap6-f0-72draws","depth3 f=0 Stage-1 draws","3.2M","token","scratch","155k cap-6 f=0","6","frozen","24 draws","depth3-pool300","24","draws_with_pattern_hit","600000","0.8","15","nd_verify","","2026-09-18","copied","nd-rl:dan:experiment-summaries/2026-09-18-round3-run3-base-generalisation/README.md"
"novelty-3.2M-cap6-f0-72draws","reductio f=0 Stage-1 draws","3.2M","token","scratch","155k cap-6 f=0","6","frozen","24 draws","reductio-pool300","24","draws_with_pattern_hit","600000","0.8","12","nd_verify","","2026-09-18","copied","nd-rl:dan:experiment-summaries/2026-09-18-round3-run3-base-generalisation/README.md"
"novelty-3.2M-cap6-f0-72draws","derivedORE-strict f=0 Stage-1 draws","3.2M","token","scratch","155k cap-6 f=0","6","frozen","24 draws","derivedORE-strict-pool300","24","draws_with_pattern_hit","600000","0.8","0","nd_verify","","2026-09-18","copied","nd-rl:dan:experiment-summaries/2026-09-18-round3-run3-base-generalisation/README.md"
"scale-3.2M-cap6-reductio-f0","m3_s0","3.2M","token","scratch","155k cap-6 reductio f=0","6","frozen","m3_s0","reductio-required300","300","pre_rl_pattern_hits","600000","0.8","0","nd_verify","","2026-09-19","copied","nd-rl:dan:experiment-summaries/2026-09-19-round3-run4a-reductio-vs-model-size/README.md"
"scale-3.2M-cap6-reductio-f0","m3_s0","3.2M","token","scratch","155k cap-6 reductio f=0","6","EI","m3_s0","reductio-required300","300","pattern_solved","8 rounds x32","0.8","0","nd_verify","","2026-09-19","copied","nd-rl:dan:experiment-summaries/2026-09-19-round3-run4a-reductio-vs-model-size/README.md"
"scale-3.2M-cap6-reductio-f0","m3_s0","3.2M","token","scratch","155k cap-6 reductio f=0","6","frozen","m3_s0","reductio-required300","300","pattern_solved","256","0.8","0","nd_verify","","2026-09-19","copied","nd-rl:dan:experiment-summaries/2026-09-19-round3-run4a-reductio-vs-model-size/README.md"
"scale-3.2M-cap6-reductio-f0","m3_s1","3.2M","token","scratch","155k cap-6 reductio f=0","6","frozen","m3_s1","reductio-required300","300","pre_rl_pattern_hits","600000","0.8","14","nd_verify","","2026-09-19","copied","nd-rl:dan:experiment-summaries/2026-09-19-round3-run4a-reductio-vs-model-size/README.md"
"scale-3.2M-cap6-reductio-f0","m3_s1","3.2M","token","scratch","155k cap-6 reductio f=0","6","EI","m3_s1","reductio-required300","300","pattern_solved","8 rounds x32","0.8","32","nd_verify","","2026-09-19","copied","nd-rl:dan:experiment-summaries/2026-09-19-round3-run4a-reductio-vs-model-size/README.md"
"scale-3.2M-cap6-reductio-f0","m3_s1","3.2M","token","scratch","155k cap-6 reductio f=0","6","frozen","m3_s1","reductio-required300","300","pattern_solved","256","0.8","2","nd_verify","","2026-09-19","copied","nd-rl:dan:experiment-summaries/2026-09-19-round3-run4a-reductio-vs-model-size/README.md"
"scale-3.2M-cap6-reductio-f0","m3_s1","3.2M","token","scratch","155k cap-6 reductio f=0","6","frozen","m3_s1","reductio-required300","300","pattern_solved","10000","0.8","5","nd_verify","","2026-09-19","copied","nd-rl:dan:experiment-summaries/2026-09-19-round3-run4a-reductio-vs-model-size/README.md"
"scale-3.2M-cap6-reductio-f0","m3_s2","3.2M","token","scratch","155k cap-6 reductio f=0","6","frozen","m3_s2","reductio-required300","300","pre_rl_pattern_hits","600000","0.8","0","nd_verify","","2026-09-19","copied","nd-rl:dan:experiment-summaries/2026-09-19-round3-run4a-reductio-vs-model-size/README.md"
"scale-3.2M-cap6-reductio-f0","m3_s2","3.2M","token","scratch","155k cap-6 reductio f=0","6","EI","m3_s2","reductio-required300","300","pattern_solved","8 rounds x32","0.8","0","nd_verify","","2026-09-19","copied","nd-rl:dan:experiment-summaries/2026-09-19-round3-run4a-reductio-vs-model-size/README.md"
"scale-3.2M-cap6-reductio-f0","m3_s2","3.2M","token","scratch","155k cap-6 reductio f=0","6","frozen","m3_s2","reductio-required300","300","pattern_solved","256","0.8","0","nd_verify","","2026-09-19","copied","nd-rl:dan:experiment-summaries/2026-09-19-round3-run4a-reductio-vs-model-size/README.md"
"scale-25M-cap6-reductio-f0","m25_s0","25M","token","scratch","155k cap-6 reductio f=0","6","frozen","m25_s0","reductio-required300","300","pre_rl_pattern_hits","600000","0.8","1872","nd_verify","","2026-09-19","copied","nd-rl:dan:experiment-summaries/2026-09-19-round3-run4a-reductio-vs-model-size/README.md"
"scale-25M-cap6-reductio-f0","m25_s0","25M","token","scratch","155k cap-6 reductio f=0","6","EI","m25_s0","reductio-required300","300","pattern_solved","8 rounds x32","0.8","45","nd_verify","","2026-09-19","copied","nd-rl:dan:experiment-summaries/2026-09-19-round3-run4a-reductio-vs-model-size/README.md"
"scale-25M-cap6-reductio-f0","m25_s0","25M","token","scratch","155k cap-6 reductio f=0","6","frozen","m25_s0","reductio-required300","300","pattern_solved","256","0.8","7","nd_verify","","2026-09-19","copied","nd-rl:dan:experiment-summaries/2026-09-19-round3-run4a-reductio-vs-model-size/README.md"
"scale-25M-cap6-reductio-f0","m25_s0","25M","token","scratch","155k cap-6 reductio f=0","6","frozen","m25_s0","reductio-required300","300","pattern_solved","10000","0.8","15","nd_verify","","2026-09-19","copied","nd-rl:dan:experiment-summaries/2026-09-19-round3-run4a-reductio-vs-model-size/README.md"
"scale-25M-cap6-reductio-f0","m25_s1","25M","token","scratch","155k cap-6 reductio f=0","6","frozen","m25_s1","reductio-required300","300","pre_rl_pattern_hits","600000","0.8","830","nd_verify","","2026-09-19","copied","nd-rl:dan:experiment-summaries/2026-09-19-round3-run4a-reductio-vs-model-size/README.md"
"scale-25M-cap6-reductio-f0","m25_s1","25M","token","scratch","155k cap-6 reductio f=0","6","EI","m25_s1","reductio-required300","300","pattern_solved","8 rounds x32","0.8","52","nd_verify","","2026-09-19","copied","nd-rl:dan:experiment-summaries/2026-09-19-round3-run4a-reductio-vs-model-size/README.md"
"scale-25M-cap6-reductio-f0","m25_s1","25M","token","scratch","155k cap-6 reductio f=0","6","frozen","m25_s1","reductio-required300","300","pattern_solved","256","0.8","7","nd_verify","","2026-09-19","copied","nd-rl:dan:experiment-summaries/2026-09-19-round3-run4a-reductio-vs-model-size/README.md"
"scale-25M-cap6-reductio-f0","m25_s1","25M","token","scratch","155k cap-6 reductio f=0","6","frozen","m25_s1","reductio-required300","300","pattern_solved","10000","0.8","11","nd_verify","","2026-09-19","copied","nd-rl:dan:experiment-summaries/2026-09-19-round3-run4a-reductio-vs-model-size/README.md"
"scale-25M-cap6-reductio-f0","m25_s2","25M","token","scratch","155k cap-6 reductio f=0","6","frozen","m25_s2","reductio-required300","300","pre_rl_pattern_hits","600000","0.8","14","nd_verify","","2026-09-19","copied","nd-rl:dan:experiment-summaries/2026-09-19-round3-run4a-reductio-vs-model-size/README.md"
"scale-25M-cap6-reductio-f0","m25_s2","25M","token","scratch","155k cap-6 reductio f=0","6","EI","m25_s2","reductio-required300","300","pattern_solved","8 rounds x32","0.8","40","nd_verify","","2026-09-19","copied","nd-rl:dan:experiment-summaries/2026-09-19-round3-run4a-reductio-vs-model-size/README.md"
"scale-25M-cap6-reductio-f0","m25_s2","25M","token","scratch","155k cap-6 reductio f=0","6","frozen","m25_s2","reductio-required300","300","pattern_solved","256","0.8","1","nd_verify","","2026-09-19","copied","nd-rl:dan:experiment-summaries/2026-09-19-round3-run4a-reductio-vs-model-size/README.md"
"scale-25M-cap6-reductio-f0","m25_s2","25M","token","scratch","155k cap-6 reductio f=0","6","frozen","m25_s2","reductio-required300","300","pattern_solved","10000","0.8","6","nd_verify","","2026-09-19","copied","nd-rl:dan:experiment-summaries/2026-09-19-round3-run4a-reductio-vs-model-size/README.md"
"scale-25M-cap6-reductio-f0","m25B_s0","25M","token","scratch","155k cap-6 reductio f=0","6","frozen","m25B_s0","reductio-required300","300","pre_rl_pattern_hits","600000","0.8","3","nd_verify","","2026-09-19","copied","nd-rl:dan:experiment-summaries/2026-09-19-round3-run4a-reductio-vs-model-size/README.md"
"scale-25M-cap6-reductio-f0","m25B_s0","25M","token","scratch","155k cap-6 reductio f=0","6","EI","m25B_s0","reductio-required300","300","pattern_solved","8 rounds x32","0.8","0","nd_verify","","2026-09-19","copied","nd-rl:dan:experiment-summaries/2026-09-19-round3-run4a-reductio-vs-model-size/README.md"
"scale-25M-cap6-reductio-f0","m25B_s0","25M","token","scratch","155k cap-6 reductio f=0","6","frozen","m25B_s0","reductio-required300","300","pattern_solved","256","0.8","0","nd_verify","","2026-09-19","copied","nd-rl:dan:experiment-summaries/2026-09-19-round3-run4a-reductio-vs-model-size/README.md"
"scale-25M-cap6-reductio-f0","m25B_s1","25M","token","scratch","155k cap-6 reductio f=0","6","frozen","m25B_s1","reductio-required300","300","pre_rl_pattern_hits","600000","0.8","0","nd_verify","","2026-09-19","copied","nd-rl:dan:experiment-summaries/2026-09-19-round3-run4a-reductio-vs-model-size/README.md"
"scale-25M-cap6-reductio-f0","m25B_s1","25M","token","scratch","155k cap-6 reductio f=0","6","EI","m25B_s1","reductio-required300","300","pattern_solved","8 rounds x32","0.8","0","nd_verify","","2026-09-19","copied","nd-rl:dan:experiment-summaries/2026-09-19-round3-run4a-reductio-vs-model-size/README.md"
"scale-25M-cap6-reductio-f0","m25B_s1","25M","token","scratch","155k cap-6 reductio f=0","6","frozen","m25B_s1","reductio-required300","300","pattern_solved","256","0.8","0","nd_verify","","2026-09-19","copied","nd-rl:dan:experiment-summaries/2026-09-19-round3-run4a-reductio-vs-model-size/README.md"
"scale-25M-cap6-reductio-f0","m25B_s2","25M","token","scratch","155k cap-6 reductio f=0","6","frozen","m25B_s2","reductio-required300","300","pre_rl_pattern_hits","600000","0.8","131","nd_verify","","2026-09-19","copied","nd-rl:dan:experiment-summaries/2026-09-19-round3-run4a-reductio-vs-model-size/README.md"
"scale-25M-cap6-reductio-f0","m25B_s2","25M","token","scratch","155k cap-6 reductio f=0","6","EI","m25B_s2","reductio-required300","300","pattern_solved","8 rounds x32","0.8","48","nd_verify","","2026-09-19","copied","nd-rl:dan:experiment-summaries/2026-09-19-round3-run4a-reductio-vs-model-size/README.md"
"scale-25M-cap6-reductio-f0","m25B_s2","25M","token","scratch","155k cap-6 reductio f=0","6","frozen","m25B_s2","reductio-required300","300","pattern_solved","256","0.8","2","nd_verify","","2026-09-19","copied","nd-rl:dan:experiment-summaries/2026-09-19-round3-run4a-reductio-vs-model-size/README.md"
"scale-25M-cap6-reductio-f0","m25B_s2","25M","token","scratch","155k cap-6 reductio f=0","6","frozen","m25B_s2","reductio-required300","300","pattern_solved","10000","0.8","10","nd_verify","","2026-09-19","copied","nd-rl:dan:experiment-summaries/2026-09-19-round3-run4a-reductio-vs-model-size/README.md"
"scale-85M-cap6-reductio-f0","m85_s0","85M","token","scratch","155k cap-6 reductio f=0","6","frozen","m85_s0","reductio-required300","300","pre_rl_pattern_hits","600000","0.8","37","nd_verify","","2026-09-19","copied","nd-rl:dan:experiment-summaries/2026-09-19-round3-run4a-reductio-vs-model-size/README.md"
"scale-85M-cap6-reductio-f0","m85_s0","85M","token","scratch","155k cap-6 reductio f=0","6","EI","m85_s0","reductio-required300","300","pattern_solved","8 rounds x32","0.8","53","nd_verify","","2026-09-19","copied","nd-rl:dan:experiment-summaries/2026-09-19-round3-run4a-reductio-vs-model-size/README.md"
"scale-85M-cap6-reductio-f0","m85_s0","85M","token","scratch","155k cap-6 reductio f=0","6","frozen","m85_s0","reductio-required300","300","pattern_solved","256","0.8","2","nd_verify","","2026-09-19","copied","nd-rl:dan:experiment-summaries/2026-09-19-round3-run4a-reductio-vs-model-size/README.md"
"scale-85M-cap6-reductio-f0","m85_s0","85M","token","scratch","155k cap-6 reductio f=0","6","frozen","m85_s0","reductio-required300","300","pattern_solved","10000","0.8","4","nd_verify","","2026-09-19","copied","nd-rl:dan:experiment-summaries/2026-09-19-round3-run4a-reductio-vs-model-size/README.md"
"scale-85M-cap6-reductio-f0","m85_s1","85M","token","scratch","155k cap-6 reductio f=0","6","frozen","m85_s1","reductio-required300","300","pre_rl_pattern_hits","600000","0.8","49","nd_verify","","2026-09-19","copied","nd-rl:dan:experiment-summaries/2026-09-19-round3-run4a-reductio-vs-model-size/README.md"
"scale-85M-cap6-reductio-f0","m85_s1","85M","token","scratch","155k cap-6 reductio f=0","6","EI","m85_s1","reductio-required300","300","pattern_solved","8 rounds x32","0.8","52","nd_verify","","2026-09-19","copied","nd-rl:dan:experiment-summaries/2026-09-19-round3-run4a-reductio-vs-model-size/README.md"
"scale-85M-cap6-reductio-f0","m85_s1","85M","token","scratch","155k cap-6 reductio f=0","6","frozen","m85_s1","reductio-required300","300","pattern_solved","256","0.8","2","nd_verify","","2026-09-19","copied","nd-rl:dan:experiment-summaries/2026-09-19-round3-run4a-reductio-vs-model-size/README.md"
"scale-85M-cap6-reductio-f0","m85_s1","85M","token","scratch","155k cap-6 reductio f=0","6","frozen","m85_s1","reductio-required300","300","pattern_solved","10000","0.8","5","nd_verify","","2026-09-19","copied","nd-rl:dan:experiment-summaries/2026-09-19-round3-run4a-reductio-vs-model-size/README.md"
"scale-85M-cap6-reductio-f0","m85_s2","85M","token","scratch","155k cap-6 reductio f=0","6","frozen","m85_s2","reductio-required300","300","pre_rl_pattern_hits","600000","0.8","6","nd_verify","","2026-09-19","copied","nd-rl:dan:experiment-summaries/2026-09-19-round3-run4a-reductio-vs-model-size/README.md"
"scale-85M-cap6-reductio-f0","m85_s2","85M","token","scratch","155k cap-6 reductio f=0","6","EI","m85_s2","reductio-required300","300","pattern_solved","8 rounds x32","0.8","0","nd_verify","","2026-09-19","copied","nd-rl:dan:experiment-summaries/2026-09-19-round3-run4a-reductio-vs-model-size/README.md"
"scale-85M-cap6-reductio-f0","m85_s2","85M","token","scratch","155k cap-6 reductio f=0","6","frozen","m85_s2","reductio-required300","300","pattern_solved","256","0.8","0","nd_verify","","2026-09-19","copied","nd-rl:dan:experiment-summaries/2026-09-19-round3-run4a-reductio-vs-model-size/README.md"
"scale-85M-cap6-reductio-f0","m85B_s0","85M","token","scratch","155k cap-6 reductio f=0","6","frozen","m85B_s0","reductio-required300","300","pre_rl_pattern_hits","600000","0.8","0","nd_verify","","2026-09-19","copied","nd-rl:dan:experiment-summaries/2026-09-19-round3-run4a-reductio-vs-model-size/README.md"
"scale-85M-cap6-reductio-f0","m85B_s0","85M","token","scratch","155k cap-6 reductio f=0","6","EI","m85B_s0","reductio-required300","300","pattern_solved","8 rounds x32","0.8","0","nd_verify","","2026-09-19","copied","nd-rl:dan:experiment-summaries/2026-09-19-round3-run4a-reductio-vs-model-size/README.md"
"scale-85M-cap6-reductio-f0","m85B_s0","85M","token","scratch","155k cap-6 reductio f=0","6","frozen","m85B_s0","reductio-required300","300","pattern_solved","256","0.8","0","nd_verify","","2026-09-19","copied","nd-rl:dan:experiment-summaries/2026-09-19-round3-run4a-reductio-vs-model-size/README.md"
"scale-85M-cap6-reductio-f0","m85B_s1","85M","token","scratch","155k cap-6 reductio f=0","6","frozen","m85B_s1","reductio-required300","300","pre_rl_pattern_hits","600000","0.8","4","nd_verify","","2026-09-19","copied","nd-rl:dan:experiment-summaries/2026-09-19-round3-run4a-reductio-vs-model-size/README.md"
"scale-85M-cap6-reductio-f0","m85B_s1","85M","token","scratch","155k cap-6 reductio f=0","6","EI","m85B_s1","reductio-required300","300","pattern_solved","8 rounds x32","0.8","0","nd_verify","","2026-09-19","copied","nd-rl:dan:experiment-summaries/2026-09-19-round3-run4a-reductio-vs-model-size/README.md"
"scale-85M-cap6-reductio-f0","m85B_s1","85M","token","scratch","155k cap-6 reductio f=0","6","frozen","m85B_s1","reductio-required300","300","pattern_solved","256","0.8","0","nd_verify","","2026-09-19","copied","nd-rl:dan:experiment-summaries/2026-09-19-round3-run4a-reductio-vs-model-size/README.md"
"scale-85M-cap6-reductio-f0","m85B_s2","85M","token","scratch","155k cap-6 reductio f=0","6","frozen","m85B_s2","reductio-required300","300","pre_rl_pattern_hits","600000","0.8","1548","nd_verify","","2026-09-19","copied","nd-rl:dan:experiment-summaries/2026-09-19-round3-run4a-reductio-vs-model-size/README.md"
"scale-85M-cap6-reductio-f0","m85B_s2","85M","token","scratch","155k cap-6 reductio f=0","6","EI","m85B_s2","reductio-required300","300","pattern_solved","8 rounds x32","0.8","52","nd_verify","","2026-09-19","copied","nd-rl:dan:experiment-summaries/2026-09-19-round3-run4a-reductio-vs-model-size/README.md"
"scale-85M-cap6-reductio-f0","m85B_s2","85M","token","scratch","155k cap-6 reductio f=0","6","frozen","m85B_s2","reductio-required300","300","pattern_solved","256","0.8","7","nd_verify","","2026-09-19","copied","nd-rl:dan:experiment-summaries/2026-09-19-round3-run4a-reductio-vs-model-size/README.md"
"scale-85M-cap6-reductio-f0","m85B_s2","85M","token","scratch","155k cap-6 reductio f=0","6","frozen","m85B_s2","reductio-required300","300","pattern_solved","10000","0.8","13","nd_verify","","2026-09-19","copied","nd-rl:dan:experiment-summaries/2026-09-19-round3-run4a-reductio-vs-model-size/README.md"
"scale-25M-cap6-depth3-f0","25M s0","25M","token","scratch","155k cap-6 depth-3 f=0","6","EI-mix","25M s0","depth3-required300","300","pattern_solved","8 rounds x32","0.8","0","nd_verify","","2026-09-19","copied","nd-rl:dan:experiment-summaries/2026-09-19-round3-run4b-depth3-vs-model-size/README.md"
"scale-25M-cap6-depth3-f0","25M s1","25M","token","scratch","155k cap-6 depth-3 f=0","6","EI-mix","25M s1","depth3-required300","300","pattern_solved","8 rounds x32","0.8","0","nd_verify","","2026-09-19","copied","nd-rl:dan:experiment-summaries/2026-09-19-round3-run4b-depth3-vs-model-size/README.md"
"scale-25M-cap6-depth3-f0","25M s2","25M","token","scratch","155k cap-6 depth-3 f=0","6","EI-mix","25M s2","depth3-required300","300","pattern_solved","8 rounds x32","0.8","0","nd_verify","","2026-09-19","copied","nd-rl:dan:experiment-summaries/2026-09-19-round3-run4b-depth3-vs-model-size/README.md"
"scale-25M-cap6-depth3-f0","25Mr s0","25M","token","scratch","155k cap-6 depth-3 f=0","6","EI-mix","25Mr s0","depth3-required300","300","pattern_solved","8 rounds x32","0.8","230","nd_verify","","2026-09-19","copied","nd-rl:dan:experiment-summaries/2026-09-19-round3-run4b-depth3-vs-model-size/README.md"
"scale-25M-cap6-depth3-f0","25Mr s1","25M","token","scratch","155k cap-6 depth-3 f=0","6","EI-mix","25Mr s1","depth3-required300","300","pattern_solved","8 rounds x32","0.8","231","nd_verify","","2026-09-19","copied","nd-rl:dan:experiment-summaries/2026-09-19-round3-run4b-depth3-vs-model-size/README.md"
"scale-25M-cap6-depth3-f0","25Mr s2","25M","token","scratch","155k cap-6 depth-3 f=0","6","EI-mix","25Mr s2","depth3-required300","300","pattern_solved","8 rounds x32","0.8","3","nd_verify","","2026-09-19","copied","nd-rl:dan:experiment-summaries/2026-09-19-round3-run4b-depth3-vs-model-size/README.md"
"scale-85M-cap6-depth3-f0","85M s0","85M","token","scratch","155k cap-6 depth-3 f=0","6","EI-mix","85M s0","depth3-required300","300","pattern_solved","8 rounds x32","0.8","0","nd_verify","","2026-09-19","copied","nd-rl:dan:experiment-summaries/2026-09-19-round3-run4b-depth3-vs-model-size/README.md"
"scale-85M-cap6-depth3-f0","85M s1","85M","token","scratch","155k cap-6 depth-3 f=0","6","EI-mix","85M s1","depth3-required300","300","pattern_solved","8 rounds x32","0.8","0","nd_verify","","2026-09-19","copied","nd-rl:dan:experiment-summaries/2026-09-19-round3-run4b-depth3-vs-model-size/README.md"
"scale-85M-cap6-depth3-f0","85M s2","85M","token","scratch","155k cap-6 depth-3 f=0","6","EI-mix","85M s2","depth3-required300","300","pattern_solved","8 rounds x32","0.8","0","nd_verify","","2026-09-19","copied","nd-rl:dan:experiment-summaries/2026-09-19-round3-run4b-depth3-vs-model-size/README.md"
"scale-85M-cap6-depth3-f0","85Mr s0","85M","token","scratch","155k cap-6 depth-3 f=0","6","EI-mix","85Mr s0","depth3-required300","300","pattern_solved","8 rounds x32","0.8","1","nd_verify","","2026-09-19","copied","nd-rl:dan:experiment-summaries/2026-09-19-round3-run4b-depth3-vs-model-size/README.md"
"scale-85M-cap6-depth3-f0","85Mr s1","85M","token","scratch","155k cap-6 depth-3 f=0","6","EI-mix","85Mr s1","depth3-required300","300","pattern_solved","8 rounds x32","0.8","11","nd_verify","","2026-09-19","copied","nd-rl:dan:experiment-summaries/2026-09-19-round3-run4b-depth3-vs-model-size/README.md"
"scale-85M-cap6-depth3-f0","85Mr s2","85M","token","scratch","155k cap-6 depth-3 f=0","6","EI-mix","85Mr s2","depth3-required300","300","pattern_solved","8 rounds x32","0.8","206","nd_verify","","2026-09-19","copied","nd-rl:dan:experiment-summaries/2026-09-19-round3-run4b-depth3-vs-model-size/README.md"
"scale-25M-cap6-depth3-f0","25Mr s0","25M","token","scratch","155k cap-6 depth-3 f=0","6","frozen","25Mr s0","depth3-required300","300","pattern_solved","10000","0.8","0","nd_verify","","2026-09-19","copied","nd-rl:dan:experiment-summaries/2026-09-19-round3-run4b-depth3-vs-model-size/README.md"
"scale-25M-cap6-depth3-f0","25Mr s1","25M","token","scratch","155k cap-6 depth-3 f=0","6","frozen","25Mr s1","depth3-required300","300","pattern_solved","10000","0.8","1","nd_verify","","2026-09-19","copied","nd-rl:dan:experiment-summaries/2026-09-19-round3-run4b-depth3-vs-model-size/README.md"
"scale-85M-cap6-depth3-f0","85Mr s2","85M","token","scratch","155k cap-6 depth-3 f=0","6","frozen","85Mr s2","depth3-required300","300","pattern_solved","10000","0.8","0","nd_verify","","2026-09-19","copied","nd-rl:dan:experiment-summaries/2026-09-19-round3-run4b-depth3-vs-model-size/README.md"
