"family","model_label","params","format","init","train_set","cap","stage","seed","pool","n_pool","metric","k","temperature","value","checker","judge","date","provenance","source_file"
"ours-3.2M-lean_rand-cap6","lean_rand Stage-1 depth3-f0 a1 set","3.2M","lean_seq(lean_rand names)","scratch","depth3 f0 a1","6","frozen","S1s0","heldout5000-p2","5000","greedy_acc","1","0","0.882","lean_and_ndverify","Lean 4.34 + nd_verify","2026-09-21","copied","nd-rl:origin/dan:experiment-summaries/2026-09-21-lean-format-training-format/README.md"
"ours-3.2M-lean_rand-cap6","lean_rand Stage-1 depth3-f0 a1 set","3.2M","lean_seq(lean_rand names)","scratch","depth3 f0 a1","6","frozen","S1s1","heldout5000-p2","5000","greedy_acc","1","0","0.790","lean_and_ndverify","Lean 4.34 + nd_verify","2026-09-21","copied","nd-rl:origin/dan:experiment-summaries/2026-09-21-lean-format-training-format/README.md"
"ours-3.2M-lean_seq-cap6","lean_seq Stage-1 depth3-f0 a1 set","3.2M","lean_seq","scratch","depth3 f0 a1","6","frozen","S1s0","heldout5000-p2","5000","greedy_acc","1","0","0.909","lean_and_ndverify","Lean 4.34 + nd_verify","2026-09-21","copied","nd-rl:origin/dan:experiment-summaries/2026-09-21-lean-format-training-format/README.md"
"ours-3.2M-lean_seq-cap6","lean_seq Stage-1 depth3-f0 a1 set","3.2M","lean_seq","scratch","depth3 f0 a1","6","frozen","S1s1","heldout5000-p2","5000","greedy_acc","1","0","0.896","lean_and_ndverify","Lean 4.34 + nd_verify","2026-09-21","copied","nd-rl:origin/dan:experiment-summaries/2026-09-21-lean-format-training-format/README.md"
"ours-3.2M-token-cap6","token Stage-1 depth3-f0 a1 set (on file)","3.2M","token","scratch","depth3 f0 a1","6","frozen","S1s0","heldout5000-p2","5000","greedy_acc","1","0","0.883","lean_and_ndverify","Lean 4.34 + nd_verify","2026-09-21","copied","nd-rl:origin/dan:experiment-summaries/2026-09-21-lean-format-training-format/README.md"
"ours-3.2M-token-cap6","token Stage-1 depth3-f0 a1 set (on file)","3.2M","token","scratch","depth3 f0 a1","6","frozen","S1s1","heldout5000-p2","5000","greedy_acc","1","0","0.883","lean_and_ndverify","Lean 4.34 + nd_verify","2026-09-21","copied","nd-rl:origin/dan:experiment-summaries/2026-09-21-lean-format-training-format/README.md"
"ours-3.2M-lean_rand-cap6","lean_rand Stage-1 full cap-6","3.2M","lean_seq(lean_rand names)","scratch","cap-6 control 155k","6","frozen","S1s0","heldout5000","5000","greedy_acc","1","0","0.830","lean_and_ndverify","Lean 4.34 + nd_verify","2026-09-21","copied","nd-rl:origin/dan:experiment-summaries/2026-09-21-lean-format-training-format/README.md"
"ours-3.2M-lean_seq-cap6","lean_seq Stage-1 full cap-6","3.2M","lean_seq","scratch","cap-6 control 155k","6","frozen","S1s0","heldout5000","5000","greedy_acc","1","0","0.936","lean_and_ndverify","Lean 4.34 + nd_verify","2026-09-21","copied","nd-rl:origin/dan:experiment-summaries/2026-09-21-lean-format-training-format/README.md"
"ours-3.2M-lean_seq-cap6","lean_seq --no_shift Stage-1 full cap-6","3.2M","lean_seq(no_shift)","scratch","cap-6 control 155k","6","frozen","S1s0","heldout5000","5000","greedy_acc","1","0","0.939","lean_and_ndverify","Lean 4.34 + nd_verify","2026-09-21","copied","nd-rl:origin/dan:experiment-summaries/2026-09-21-lean-format-training-format/README.md"
"ours-3.2M-token-cap6","token Stage-1 full cap-6 (on file)","3.2M","token","scratch","cap-6 control 155k","6","frozen","S1s0","heldout5000","5000","greedy_acc","1","0","0.948","lean_and_ndverify","Lean 4.34 + nd_verify","2026-09-21","copied","nd-rl:origin/dan:experiment-summaries/2026-09-21-lean-format-training-format/README.md"
"ours-3.2M-token-cap6","token (ladder-A, on file) full-set Stage-1 s0 + ladder T1","3.2M","token","scratch","cap-6 control 155k","6","T1","S1s0/EIs0","transfer2285","2285","solved","256","0.8","612","lean_and_ndverify","Lean 4.34 + nd_verify","2026-09-21","copied","nd-rl:origin/dan:experiment-summaries/2026-09-21-lean-format-training-format/README.md"
"ours-3.2M-token-cap6","token (ladder-A, on file) full-set Stage-1 s0 + ladder T1","3.2M","token","scratch","cap-6 control 155k","6","T1","S1s0/EIs0","transfer2285","2285","L_star","256","0.8","10","lean_and_ndverify","Lean 4.34 + nd_verify","2026-09-21","copied","nd-rl:origin/dan:experiment-summaries/2026-09-21-lean-format-training-format/README.md"
"ours-3.2M-token-cap6","token (ladder-A, on file) full-set Stage-1 s0 + ladder T1","3.2M","token","scratch","cap-6 control 155k","6","T1","S1s0/EIs1","transfer2285","2285","solved","256","0.8","623","lean_and_ndverify","Lean 4.34 + nd_verify","2026-09-21","copied","nd-rl:origin/dan:experiment-summaries/2026-09-21-lean-format-training-format/README.md"
"ours-3.2M-token-cap6","token (ladder-A, on file) full-set Stage-1 s0 + ladder T1","3.2M","token","scratch","cap-6 control 155k","6","T1","S1s0/EIs1","transfer2285","2285","L_star","256","0.8","10","lean_and_ndverify","Lean 4.34 + nd_verify","2026-09-21","copied","nd-rl:origin/dan:experiment-summaries/2026-09-21-lean-format-training-format/README.md"
"ours-3.2M-token-cap6","token (ladder-A, on file) full-set Stage-1 s0 + ladder frozen","3.2M","token","scratch","cap-6 control 155k","6","frozen","S1s0/EIs0","transfer2285","2285","solved","256","0.8","22","lean_and_ndverify","Lean 4.34 + nd_verify","2026-09-21","copied","nd-rl:origin/dan:experiment-summaries/2026-09-21-lean-format-training-format/README.md"
"ours-3.2M-token-cap6","token (ladder-A, on file) full-set Stage-1 s0 + ladder frozen","3.2M","token","scratch","cap-6 control 155k","6","frozen","S1s0/EIs0","transfer2285","2285","L_star","256","0.8","7","lean_and_ndverify","Lean 4.34 + nd_verify","2026-09-21","copied","nd-rl:origin/dan:experiment-summaries/2026-09-21-lean-format-training-format/README.md"
"ours-3.2M-token-cap6","token (ladder-A, on file) full-set Stage-1 s0 + ladder frozen","3.2M","token","scratch","cap-6 control 155k","6","frozen","S1s0/EIs1","transfer2285","2285","solved","256","0.8","24","lean_and_ndverify","Lean 4.34 + nd_verify","2026-09-21","copied","nd-rl:origin/dan:experiment-summaries/2026-09-21-lean-format-training-format/README.md"
"ours-3.2M-token-cap6","token (ladder-A, on file) full-set Stage-1 s0 + ladder frozen","3.2M","token","scratch","cap-6 control 155k","6","frozen","S1s0/EIs1","transfer2285","2285","L_star","256","0.8","7","lean_and_ndverify","Lean 4.34 + nd_verify","2026-09-21","copied","nd-rl:origin/dan:experiment-summaries/2026-09-21-lean-format-training-format/README.md"
"ours-3.2M-lean_rand-cap6","lean_rand full-set Stage-1 s0 + ladder T1","3.2M","lean_seq(lean_rand names)","scratch","cap-6 control 155k","6","T1","S1s0/EIs0","transfer2285","2285","solved","256","0.8","583","lean_and_ndverify","Lean 4.34 + nd_verify","2026-09-21","copied","nd-rl:origin/dan:experiment-summaries/2026-09-21-lean-format-training-format/README.md"
"ours-3.2M-lean_rand-cap6","lean_rand full-set Stage-1 s0 + ladder T1","3.2M","lean_seq(lean_rand names)","scratch","cap-6 control 155k","6","T1","S1s0/EIs0","transfer2285","2285","L_star","256","0.8","10","lean_and_ndverify","Lean 4.34 + nd_verify","2026-09-21","copied","nd-rl:origin/dan:experiment-summaries/2026-09-21-lean-format-training-format/README.md"
"ours-3.2M-lean_rand-cap6","lean_rand full-set Stage-1 s0 + ladder T1","3.2M","lean_seq(lean_rand names)","scratch","cap-6 control 155k","6","T1","S1s0/EIs1","transfer2285","2285","solved","256","0.8","657","lean_and_ndverify","Lean 4.34 + nd_verify","2026-09-21","copied","nd-rl:origin/dan:experiment-summaries/2026-09-21-lean-format-training-format/README.md"
"ours-3.2M-lean_rand-cap6","lean_rand full-set Stage-1 s0 + ladder T1","3.2M","lean_seq(lean_rand names)","scratch","cap-6 control 155k","6","T1","S1s0/EIs1","transfer2285","2285","L_star","256","0.8","10","lean_and_ndverify","Lean 4.34 + nd_verify","2026-09-21","copied","nd-rl:origin/dan:experiment-summaries/2026-09-21-lean-format-training-format/README.md"
"ours-3.2M-lean_rand-cap6","lean_rand full-set Stage-1 s0 + ladder frozen","3.2M","lean_seq(lean_rand names)","scratch","cap-6 control 155k","6","frozen","S1s0/EIs0","transfer2285","2285","solved","256","0.8","229","lean_and_ndverify","Lean 4.34 + nd_verify","2026-09-21","copied","nd-rl:origin/dan:experiment-summaries/2026-09-21-lean-format-training-format/README.md"
"ours-3.2M-lean_rand-cap6","lean_rand full-set Stage-1 s0 + ladder frozen","3.2M","lean_seq(lean_rand names)","scratch","cap-6 control 155k","6","frozen","S1s0/EIs0","transfer2285","2285","L_star","256","0.8","9","lean_and_ndverify","Lean 4.34 + nd_verify","2026-09-21","copied","nd-rl:origin/dan:experiment-summaries/2026-09-21-lean-format-training-format/README.md"
"ours-3.2M-lean_rand-cap6","lean_rand full-set Stage-1 s0 + ladder frozen","3.2M","lean_seq(lean_rand names)","scratch","cap-6 control 155k","6","frozen","S1s0/EIs1","transfer2285","2285","solved","256","0.8","222","lean_and_ndverify","Lean 4.34 + nd_verify","2026-09-21","copied","nd-rl:origin/dan:experiment-summaries/2026-09-21-lean-format-training-format/README.md"
"ours-3.2M-lean_rand-cap6","lean_rand full-set Stage-1 s0 + ladder frozen","3.2M","lean_seq(lean_rand names)","scratch","cap-6 control 155k","6","frozen","S1s0/EIs1","transfer2285","2285","L_star","256","0.8","9","lean_and_ndverify","Lean 4.34 + nd_verify","2026-09-21","copied","nd-rl:origin/dan:experiment-summaries/2026-09-21-lean-format-training-format/README.md"
"ours-3.2M-lean_seq-cap6","lean_seq full-set Stage-1 s0 + ladder T1","3.2M","lean_seq","scratch","cap-6 control 155k","6","T1","S1s0/EIs0","transfer2285","2285","solved","256","0.8","794","lean_and_ndverify","Lean 4.34 + nd_verify","2026-09-21","copied","nd-rl:origin/dan:experiment-summaries/2026-09-21-lean-format-training-format/README.md"
"ours-3.2M-lean_seq-cap6","lean_seq full-set Stage-1 s0 + ladder T1","3.2M","lean_seq","scratch","cap-6 control 155k","6","T1","S1s0/EIs0","transfer2285","2285","L_star","256","0.8","11","lean_and_ndverify","Lean 4.34 + nd_verify","2026-09-21","copied","nd-rl:origin/dan:experiment-summaries/2026-09-21-lean-format-training-format/README.md"
"ours-3.2M-lean_seq-cap6","lean_seq full-set Stage-1 s0 + ladder T1","3.2M","lean_seq","scratch","cap-6 control 155k","6","T1","S1s0/EIs1","transfer2285","2285","solved","256","0.8","839","lean_and_ndverify","Lean 4.34 + nd_verify","2026-09-21","copied","nd-rl:origin/dan:experiment-summaries/2026-09-21-lean-format-training-format/README.md"
"ours-3.2M-lean_seq-cap6","lean_seq full-set Stage-1 s0 + ladder T1","3.2M","lean_seq","scratch","cap-6 control 155k","6","T1","S1s0/EIs1","transfer2285","2285","L_star","256","0.8","11","lean_and_ndverify","Lean 4.34 + nd_verify","2026-09-21","copied","nd-rl:origin/dan:experiment-summaries/2026-09-21-lean-format-training-format/README.md"
"ours-3.2M-lean_seq-cap6","lean_seq full-set Stage-1 s0 + ladder frozen","3.2M","lean_seq","scratch","cap-6 control 155k","6","frozen","S1s0/EIs0","transfer2285","2285","solved","256","0.8","304","lean_and_ndverify","Lean 4.34 + nd_verify","2026-09-21","copied","nd-rl:origin/dan:experiment-summaries/2026-09-21-lean-format-training-format/README.md"
"ours-3.2M-lean_seq-cap6","lean_seq full-set Stage-1 s0 + ladder frozen","3.2M","lean_seq","scratch","cap-6 control 155k","6","frozen","S1s0/EIs0","transfer2285","2285","L_star","256","0.8","10","lean_and_ndverify","Lean 4.34 + nd_verify","2026-09-21","copied","nd-rl:origin/dan:experiment-summaries/2026-09-21-lean-format-training-format/README.md"
"ours-3.2M-lean_seq-cap6","lean_seq full-set Stage-1 s0 + ladder frozen","3.2M","lean_seq","scratch","cap-6 control 155k","6","frozen","S1s0/EIs1","transfer2285","2285","solved","256","0.8","309","lean_and_ndverify","Lean 4.34 + nd_verify","2026-09-21","copied","nd-rl:origin/dan:experiment-summaries/2026-09-21-lean-format-training-format/README.md"
"ours-3.2M-lean_seq-cap6","lean_seq full-set Stage-1 s0 + ladder frozen","3.2M","lean_seq","scratch","cap-6 control 155k","6","frozen","S1s0/EIs1","transfer2285","2285","L_star","256","0.8","10","lean_and_ndverify","Lean 4.34 + nd_verify","2026-09-21","copied","nd-rl:origin/dan:experiment-summaries/2026-09-21-lean-format-training-format/README.md"
"ours-3.2M-lean_seq-cap6","lean_seq Stage-1 full cap-6 seed 2","3.2M","lean_seq","scratch","cap-6 control 155k","6","frozen","S1s2","heldout5000","5000","greedy_acc","1","0","0.9436","lean_and_ndverify","Lean 4.34 + nd_verify","2026-09-22","copied","nd-rl:origin/dan:experiment-summaries/2026-09-22-lean-seed2-second-stage1-seed/README.md"
"ours-3.2M-lean_seq-cap6","lean_seq Stage-1 s2 + ladder T1","3.2M","lean_seq","scratch","cap-6 control 155k","6","T1","S1s2/EIs0","transfer2285","2285","solved","256","0.8","906","lean_and_ndverify","Lean 4.34 + nd_verify","2026-09-22","copied","nd-rl:origin/dan:experiment-summaries/2026-09-22-lean-seed2-second-stage1-seed/README.md"
"ours-3.2M-lean_seq-cap6","lean_seq Stage-1 s2 + ladder T1","3.2M","lean_seq","scratch","cap-6 control 155k","6","T1","S1s2/EIs0","transfer2285","2285","L_star","256","0.8","12","lean_and_ndverify","Lean 4.34 + nd_verify","2026-09-22","copied","nd-rl:origin/dan:experiment-summaries/2026-09-22-lean-seed2-second-stage1-seed/README.md"
"ours-3.2M-lean_seq-cap6","lean_seq Stage-1 s2 + ladder T1","3.2M","lean_seq","scratch","cap-6 control 155k","6","T1","S1s2/EIs1","transfer2285","2285","solved","256","0.8","844","lean_and_ndverify","Lean 4.34 + nd_verify","2026-09-22","copied","nd-rl:origin/dan:experiment-summaries/2026-09-22-lean-seed2-second-stage1-seed/README.md"
"ours-3.2M-lean_seq-cap6","lean_seq Stage-1 s2 + ladder T1","3.2M","lean_seq","scratch","cap-6 control 155k","6","T1","S1s2/EIs1","transfer2285","2285","L_star","256","0.8","11","lean_and_ndverify","Lean 4.34 + nd_verify","2026-09-22","copied","nd-rl:origin/dan:experiment-summaries/2026-09-22-lean-seed2-second-stage1-seed/README.md"
"ours-3.2M-lean_seq-cap6","lean_seq Stage-1 s2 + ladder frozen","3.2M","lean_seq","scratch","cap-6 control 155k","6","frozen","S1s2/EIs0","transfer2285","2285","solved","256","0.8","314","lean_and_ndverify","Lean 4.34 + nd_verify","2026-09-22","copied","nd-rl:origin/dan:experiment-summaries/2026-09-22-lean-seed2-second-stage1-seed/README.md"
"ours-3.2M-lean_seq-cap6","lean_seq Stage-1 s2 + ladder frozen","3.2M","lean_seq","scratch","cap-6 control 155k","6","frozen","S1s2/EIs0","transfer2285","2285","L_star","256","0.8","10","lean_and_ndverify","Lean 4.34 + nd_verify","2026-09-22","copied","nd-rl:origin/dan:experiment-summaries/2026-09-22-lean-seed2-second-stage1-seed/README.md"
"ours-3.2M-lean_seq-cap6","lean_seq Stage-1 s2 + ladder frozen","3.2M","lean_seq","scratch","cap-6 control 155k","6","frozen","S1s2/EIs1","transfer2285","2285","solved","256","0.8","324","lean_and_ndverify","Lean 4.34 + nd_verify","2026-09-22","copied","nd-rl:origin/dan:experiment-summaries/2026-09-22-lean-seed2-second-stage1-seed/README.md"
"ours-3.2M-lean_seq-cap6","lean_seq Stage-1 s2 + ladder frozen","3.2M","lean_seq","scratch","cap-6 control 155k","6","frozen","S1s2/EIs1","transfer2285","2285","L_star","256","0.8","10","lean_and_ndverify","Lean 4.34 + nd_verify","2026-09-22","copied","nd-rl:origin/dan:experiment-summaries/2026-09-22-lean-seed2-second-stage1-seed/README.md"
"ours-3.2M-lean_seq-cap6","cap-horizon K6 Stage-1 s0 + ladder frozen","3.2M","lean_seq","scratch","cap-6 depth3-excl 155k","6","frozen","S1s0/EIs0","transfer2285","2285","solved","256","0.8","158","lean_and_ndverify","Lean 4.34 + nd_verify","2026-09-24","copied","nd-rl:origin/dan:experiment-summaries/2026-09-24-cap-horizon-length-horizon-vs-cap/README.md"
"ours-3.2M-lean_seq-cap6","cap-horizon K6 Stage-1 s0 + ladder frozen","3.2M","lean_seq","scratch","cap-6 depth3-excl 155k","6","frozen","S1s0/EIs0","transfer2285","2285","L_star","256","0.8","9","lean_and_ndverify","Lean 4.34 + nd_verify","2026-09-24","copied","nd-rl:origin/dan:experiment-summaries/2026-09-24-cap-horizon-length-horizon-vs-cap/README.md"
"ours-3.2M-lean_seq-cap6","cap-horizon K6 Stage-1 s0 + ladder T1","3.2M","lean_seq","scratch","cap-6 depth3-excl 155k","6","T1","S1s0/EIs0","transfer2285","2285","solved","256","0.8","856","lean_and_ndverify","Lean 4.34 + nd_verify","2026-09-24","copied","nd-rl:origin/dan:experiment-summaries/2026-09-24-cap-horizon-length-horizon-vs-cap/README.md"
"ours-3.2M-lean_seq-cap6","cap-horizon K6 Stage-1 s0 + ladder T1","3.2M","lean_seq","scratch","cap-6 depth3-excl 155k","6","T1","S1s0/EIs0","transfer2285","2285","L_star","256","0.8","12","lean_and_ndverify","Lean 4.34 + nd_verify","2026-09-24","copied","nd-rl:origin/dan:experiment-summaries/2026-09-24-cap-horizon-length-horizon-vs-cap/README.md"
"ours-3.2M-lean_seq-cap8","cap-horizon K8flat Stage-1 s0 + ladder frozen","3.2M","lean_seq","scratch","cap-8 flat 155k (A3)","8","frozen","S1s0/EIs0","transfer2285","2285","solved","256","0.8","976","lean_and_ndverify","Lean 4.34 + nd_verify","2026-09-24","copied","nd-rl:origin/dan:experiment-summaries/2026-09-24-cap-horizon-length-horizon-vs-cap/README.md"
"ours-3.2M-lean_seq-cap8","cap-horizon K8flat Stage-1 s0 + ladder frozen","3.2M","lean_seq","scratch","cap-8 flat 155k (A3)","8","frozen","S1s0/EIs0","transfer2285","2285","L_star","256","0.8","11","lean_and_ndverify","Lean 4.34 + nd_verify","2026-09-24","copied","nd-rl:origin/dan:experiment-summaries/2026-09-24-cap-horizon-length-horizon-vs-cap/README.md"
"ours-3.2M-lean_seq-cap8","cap-horizon K8flat Stage-1 s0 + ladder T1","3.2M","lean_seq","scratch","cap-8 flat 155k (A3)","8","T1","S1s0/EIs0","transfer2285","2285","solved","256","0.8","1438","lean_and_ndverify","Lean 4.34 + nd_verify","2026-09-24","copied","nd-rl:origin/dan:experiment-summaries/2026-09-24-cap-horizon-length-horizon-vs-cap/README.md"
"ours-3.2M-lean_seq-cap8","cap-horizon K8flat Stage-1 s0 + ladder T1","3.2M","lean_seq","scratch","cap-8 flat 155k (A3)","8","T1","S1s0/EIs0","transfer2285","2285","L_star","256","0.8","12","lean_and_ndverify","Lean 4.34 + nd_verify","2026-09-24","copied","nd-rl:origin/dan:experiment-summaries/2026-09-24-cap-horizon-length-horizon-vs-cap/README.md"
"ours-3.2M-lean_seq-cap8","cap-horizon K8add Stage-1 s0 + ladder frozen","3.2M","lean_seq","scratch","cap-8 add 217k","8","frozen","S1s0/EIs0","transfer2285","2285","solved","256","0.8","857","lean_and_ndverify","Lean 4.34 + nd_verify","2026-09-24","copied","nd-rl:origin/dan:experiment-summaries/2026-09-24-cap-horizon-length-horizon-vs-cap/README.md"
"ours-3.2M-lean_seq-cap8","cap-horizon K8add Stage-1 s0 + ladder frozen","3.2M","lean_seq","scratch","cap-8 add 217k","8","frozen","S1s0/EIs0","transfer2285","2285","L_star","256","0.8","10","lean_and_ndverify","Lean 4.34 + nd_verify","2026-09-24","copied","nd-rl:origin/dan:experiment-summaries/2026-09-24-cap-horizon-length-horizon-vs-cap/README.md"
"ours-3.2M-lean_seq-cap8","cap-horizon K8add Stage-1 s0 + ladder T1","3.2M","lean_seq","scratch","cap-8 add 217k","8","T1","S1s0/EIs0","transfer2285","2285","solved","256","0.8","1428","lean_and_ndverify","Lean 4.34 + nd_verify","2026-09-24","copied","nd-rl:origin/dan:experiment-summaries/2026-09-24-cap-horizon-length-horizon-vs-cap/README.md"
"ours-3.2M-lean_seq-cap8","cap-horizon K8add Stage-1 s0 + ladder T1","3.2M","lean_seq","scratch","cap-8 add 217k","8","T1","S1s0/EIs0","transfer2285","2285","L_star","256","0.8","12","lean_and_ndverify","Lean 4.34 + nd_verify","2026-09-24","copied","nd-rl:origin/dan:experiment-summaries/2026-09-24-cap-horizon-length-horizon-vs-cap/README.md"
"ours-3.2M-lean_seq-cap10","cap-horizon K10 Stage-1 s0 + ladder frozen","3.2M","lean_seq","scratch","cap-10 flat 155k","10","frozen","S1s0/EIs0","transfer2285","2285","solved","256","0.8","743","lean_and_ndverify","Lean 4.34 + nd_verify","2026-09-24","copied","nd-rl:origin/dan:experiment-summaries/2026-09-24-cap-horizon-length-horizon-vs-cap/README.md"
"ours-3.2M-lean_seq-cap10","cap-horizon K10 Stage-1 s0 + ladder frozen","3.2M","lean_seq","scratch","cap-10 flat 155k","10","frozen","S1s0/EIs0","transfer2285","2285","L_star","256","0.8","11","lean_and_ndverify","Lean 4.34 + nd_verify","2026-09-24","copied","nd-rl:origin/dan:experiment-summaries/2026-09-24-cap-horizon-length-horizon-vs-cap/README.md"
"ours-3.2M-lean_seq-cap10","cap-horizon K10 Stage-1 s0 + ladder T1","3.2M","lean_seq","scratch","cap-10 flat 155k","10","T1","S1s0/EIs0","transfer2285","2285","solved","256","0.8","1554","lean_and_ndverify","Lean 4.34 + nd_verify","2026-09-24","copied","nd-rl:origin/dan:experiment-summaries/2026-09-24-cap-horizon-length-horizon-vs-cap/README.md"
"ours-3.2M-lean_seq-cap10","cap-horizon K10 Stage-1 s0 + ladder T1","3.2M","lean_seq","scratch","cap-10 flat 155k","10","T1","S1s0/EIs0","transfer2285","2285","L_star","256","0.8","12","lean_and_ndverify","Lean 4.34 + nd_verify","2026-09-24","copied","nd-rl:origin/dan:experiment-summaries/2026-09-24-cap-horizon-length-horizon-vs-cap/README.md"
"ours-3.2M-lean_seq-cap12","cap-horizon K12 Stage-1 s0 + ladder frozen","3.2M","lean_seq","scratch","cap-12 flat 155k","12","frozen","S1s0/EIs0","transfer2285","2285","solved","256","0.8","1088","lean_and_ndverify","Lean 4.34 + nd_verify","2026-09-24","copied","nd-rl:origin/dan:experiment-summaries/2026-09-24-cap-horizon-length-horizon-vs-cap/README.md"
"ours-3.2M-lean_seq-cap12","cap-horizon K12 Stage-1 s0 + ladder frozen","3.2M","lean_seq","scratch","cap-12 flat 155k","12","frozen","S1s0/EIs0","transfer2285","2285","L_star","256","0.8","12","lean_and_ndverify","Lean 4.34 + nd_verify","2026-09-24","copied","nd-rl:origin/dan:experiment-summaries/2026-09-24-cap-horizon-length-horizon-vs-cap/README.md"
"ours-3.2M-lean_seq-cap12","cap-horizon K12 Stage-1 s0 + ladder T1","3.2M","lean_seq","scratch","cap-12 flat 155k","12","T1","S1s0/EIs0","transfer2285","2285","solved","256","0.8","1685","lean_and_ndverify","Lean 4.34 + nd_verify","2026-09-24","copied","nd-rl:origin/dan:experiment-summaries/2026-09-24-cap-horizon-length-horizon-vs-cap/README.md"
"ours-3.2M-lean_seq-cap12","cap-horizon K12 Stage-1 s0 + ladder T1","3.2M","lean_seq","scratch","cap-12 flat 155k","12","T1","S1s0/EIs0","transfer2285","2285","L_star","256","0.8","12","lean_and_ndverify","Lean 4.34 + nd_verify","2026-09-24","copied","nd-rl:origin/dan:experiment-summaries/2026-09-24-cap-horizon-length-horizon-vs-cap/README.md"
"ours-3.2M-lean_seq-cap14","cap-horizon K14 Stage-1 s0 + ladder frozen","3.2M","lean_seq","scratch","cap-14 flat 155k","14","frozen","S1s0/EIs0","transfer2285","2285","solved","256","0.8","1140","lean_and_ndverify","Lean 4.34 + nd_verify","2026-09-24","copied","nd-rl:origin/dan:experiment-summaries/2026-09-24-cap-horizon-length-horizon-vs-cap/README.md"
"ours-3.2M-lean_seq-cap14","cap-horizon K14 Stage-1 s0 + ladder frozen","3.2M","lean_seq","scratch","cap-14 flat 155k","14","frozen","S1s0/EIs0","transfer2285","2285","L_star","256","0.8","12","lean_and_ndverify","Lean 4.34 + nd_verify","2026-09-24","copied","nd-rl:origin/dan:experiment-summaries/2026-09-24-cap-horizon-length-horizon-vs-cap/README.md"
"ours-3.2M-lean_seq-cap14","cap-horizon K14 Stage-1 s0 + ladder T1","3.2M","lean_seq","scratch","cap-14 flat 155k","14","T1","S1s0/EIs0","transfer2285","2285","solved","256","0.8","1655","lean_and_ndverify","Lean 4.34 + nd_verify","2026-09-24","copied","nd-rl:origin/dan:experiment-summaries/2026-09-24-cap-horizon-length-horizon-vs-cap/README.md"
"ours-3.2M-lean_seq-cap14","cap-horizon K14 Stage-1 s0 + ladder T1","3.2M","lean_seq","scratch","cap-14 flat 155k","14","T1","S1s0/EIs0","transfer2285","2285","L_star","256","0.8","12","lean_and_ndverify","Lean 4.34 + nd_verify","2026-09-24","copied","nd-rl:origin/dan:experiment-summaries/2026-09-24-cap-horizon-length-horizon-vs-cap/README.md"
"ours-3.2M-lean_seq-cap6","ds-composition C0 Stage-1","3.2M","lean_seq","scratch","C0 control flat depth3-f0 155k","6","frozen","S1s0","heldout5000-p2","5000","greedy_acc","1","0","0.9088","lean_and_ndverify","Lean 4.34 + nd_verify","2026-09-24","copied","nd-rl:origin/dan:experiment-summaries/2026-09-24-ds-composition-training-set-composition/README.md"
"ours-3.2M-lean_seq-cap6","ds-composition C0 Stage-1","3.2M","lean_seq","scratch","C0 control flat depth3-f0 155k","6","frozen","S1s1","heldout5000-p2","5000","greedy_acc","1","0","0.8962","lean_and_ndverify","Lean 4.34 + nd_verify","2026-09-24","copied","nd-rl:origin/dan:experiment-summaries/2026-09-24-ds-composition-training-set-composition/README.md"
"ours-3.2M-lean_seq-cap6","ds-composition C0 Stage-1 s0 + ladder T1","3.2M","lean_seq","scratch","C0 control flat depth3-f0 155k","6","T1","S1s0/EIs0","transfer2285","2285","solved","256","0.8","856","lean_and_ndverify","Lean 4.34 + nd_verify","2026-09-24","copied","nd-rl:origin/dan:experiment-summaries/2026-09-24-ds-composition-training-set-composition/README.md"
"ours-3.2M-lean_seq-cap6","ds-composition C0 Stage-1 s0 + ladder T1","3.2M","lean_seq","scratch","C0 control flat depth3-f0 155k","6","T1","S1s0/EIs0","transfer2285","2285","L_star","256","0.8","12","lean_and_ndverify","Lean 4.34 + nd_verify","2026-09-24","copied","nd-rl:origin/dan:experiment-summaries/2026-09-24-ds-composition-training-set-composition/README.md"
"ours-3.2M-lean_seq-cap6","ds-composition C0 Stage-1 s0 + ladder frozen","3.2M","lean_seq","scratch","C0 control flat depth3-f0 155k","6","frozen","S1s0/EIs0","transfer2285","2285","solved","256","0.8","158","lean_and_ndverify","Lean 4.34 + nd_verify","2026-09-24","copied","nd-rl:origin/dan:experiment-summaries/2026-09-24-ds-composition-training-set-composition/README.md"
"ours-3.2M-lean_seq-cap6","ds-composition C0 Stage-1 s0 + ladder frozen","3.2M","lean_seq","scratch","C0 control flat depth3-f0 155k","6","frozen","S1s0/EIs0","transfer2285","2285","L_star","256","0.8","9","lean_and_ndverify","Lean 4.34 + nd_verify","2026-09-24","copied","nd-rl:origin/dan:experiment-summaries/2026-09-24-ds-composition-training-set-composition/README.md"
"ours-3.2M-lean_seq-cap6","ds-composition A1 Stage-1","3.2M","lean_seq","scratch","A1 natural histogram 155k","6","frozen","S1s0","heldout5000-p2","5000","greedy_acc","1","0","0.9172","lean_and_ndverify","Lean 4.34 + nd_verify","2026-09-24","copied","nd-rl:origin/dan:experiment-summaries/2026-09-24-ds-composition-training-set-composition/README.md"
"ours-3.2M-lean_seq-cap6","ds-composition A1 Stage-1","3.2M","lean_seq","scratch","A1 natural histogram 155k","6","frozen","S1s1","heldout5000-p2","5000","greedy_acc","1","0","0.9424","lean_and_ndverify","Lean 4.34 + nd_verify","2026-09-24","copied","nd-rl:origin/dan:experiment-summaries/2026-09-24-ds-composition-training-set-composition/README.md"
"ours-3.2M-lean_seq-cap6","ds-composition A1 Stage-1 s0 + ladder T1","3.2M","lean_seq","scratch","A1 natural histogram 155k","6","T1","S1s0/EIs0","transfer2285","2285","solved","256","0.8","965","lean_and_ndverify","Lean 4.34 + nd_verify","2026-09-24","copied","nd-rl:origin/dan:experiment-summaries/2026-09-24-ds-composition-training-set-composition/README.md"
"ours-3.2M-lean_seq-cap6","ds-composition A1 Stage-1 s0 + ladder T1","3.2M","lean_seq","scratch","A1 natural histogram 155k","6","T1","S1s0/EIs0","transfer2285","2285","L_star","256","0.8","11","lean_and_ndverify","Lean 4.34 + nd_verify","2026-09-24","copied","nd-rl:origin/dan:experiment-summaries/2026-09-24-ds-composition-training-set-composition/README.md"
"ours-3.2M-lean_seq-cap6","ds-composition A1 Stage-1 s0 + ladder frozen","3.2M","lean_seq","scratch","A1 natural histogram 155k","6","frozen","S1s0/EIs0","transfer2285","2285","solved","256","0.8","205","lean_and_ndverify","Lean 4.34 + nd_verify","2026-09-24","copied","nd-rl:origin/dan:experiment-summaries/2026-09-24-ds-composition-training-set-composition/README.md"
"ours-3.2M-lean_seq-cap6","ds-composition A1 Stage-1 s0 + ladder frozen","3.2M","lean_seq","scratch","A1 natural histogram 155k","6","frozen","S1s0/EIs0","transfer2285","2285","L_star","256","0.8","10","lean_and_ndverify","Lean 4.34 + nd_verify","2026-09-24","copied","nd-rl:origin/dan:experiment-summaries/2026-09-24-ds-composition-training-set-composition/README.md"
"ours-3.2M-lean_seq-cap6","ds-composition A2 Stage-1","3.2M","lean_seq","scratch","A2 rule quotas 155k","6","frozen","S1s0","heldout5000-p2","5000","greedy_acc","1","0","0.9186","lean_and_ndverify","Lean 4.34 + nd_verify","2026-09-24","copied","nd-rl:origin/dan:experiment-summaries/2026-09-24-ds-composition-training-set-composition/README.md"
"ours-3.2M-lean_seq-cap6","ds-composition A2 Stage-1","3.2M","lean_seq","scratch","A2 rule quotas 155k","6","frozen","S1s1","heldout5000-p2","5000","greedy_acc","1","0","0.9402","lean_and_ndverify","Lean 4.34 + nd_verify","2026-09-24","copied","nd-rl:origin/dan:experiment-summaries/2026-09-24-ds-composition-training-set-composition/README.md"
"ours-3.2M-lean_seq-cap6","ds-composition A2 Stage-1 s0 + ladder T1","3.2M","lean_seq","scratch","A2 rule quotas 155k","6","T1","S1s0/EIs0","transfer2285","2285","solved","256","0.8","977","lean_and_ndverify","Lean 4.34 + nd_verify","2026-09-24","copied","nd-rl:origin/dan:experiment-summaries/2026-09-24-ds-composition-training-set-composition/README.md"
"ours-3.2M-lean_seq-cap6","ds-composition A2 Stage-1 s0 + ladder T1","3.2M","lean_seq","scratch","A2 rule quotas 155k","6","T1","S1s0/EIs0","transfer2285","2285","L_star","256","0.8","11","lean_and_ndverify","Lean 4.34 + nd_verify","2026-09-24","copied","nd-rl:origin/dan:experiment-summaries/2026-09-24-ds-composition-training-set-composition/README.md"
"ours-3.2M-lean_seq-cap6","ds-composition A2 Stage-1 s0 + ladder frozen","3.2M","lean_seq","scratch","A2 rule quotas 155k","6","frozen","S1s0/EIs0","transfer2285","2285","solved","256","0.8","111","lean_and_ndverify","Lean 4.34 + nd_verify","2026-09-24","copied","nd-rl:origin/dan:experiment-summaries/2026-09-24-ds-composition-training-set-composition/README.md"
"ours-3.2M-lean_seq-cap6","ds-composition A2 Stage-1 s0 + ladder frozen","3.2M","lean_seq","scratch","A2 rule quotas 155k","6","frozen","S1s0/EIs0","transfer2285","2285","L_star","256","0.8","9","lean_and_ndverify","Lean 4.34 + nd_verify","2026-09-24","copied","nd-rl:origin/dan:experiment-summaries/2026-09-24-ds-composition-training-set-composition/README.md"
"ours-3.2M-lean_seq-cap8","ds-composition A3 Stage-1","3.2M","lean_seq","scratch","A3 cap-8 flat 155k","8","frozen","S1s0","heldout5000-p2","5000","greedy_acc","1","0","0.9508","lean_and_ndverify","Lean 4.34 + nd_verify","2026-09-24","copied","nd-rl:origin/dan:experiment-summaries/2026-09-24-ds-composition-training-set-composition/README.md"
"ours-3.2M-lean_seq-cap8","ds-composition A3 Stage-1","3.2M","lean_seq","scratch","A3 cap-8 flat 155k","8","frozen","S1s1","heldout5000-p2","5000","greedy_acc","1","0","0.9536","lean_and_ndverify","Lean 4.34 + nd_verify","2026-09-24","copied","nd-rl:origin/dan:experiment-summaries/2026-09-24-ds-composition-training-set-composition/README.md"
"ours-3.2M-lean_seq-cap8","ds-composition A3 Stage-1 s0 + ladder T1","3.2M","lean_seq","scratch","A3 cap-8 flat 155k","8","T1","S1s0/EIs0","transfer2285","2285","solved","256","0.8","1438","lean_and_ndverify","Lean 4.34 + nd_verify","2026-09-24","copied","nd-rl:origin/dan:experiment-summaries/2026-09-24-ds-composition-training-set-composition/README.md"
"ours-3.2M-lean_seq-cap8","ds-composition A3 Stage-1 s0 + ladder T1","3.2M","lean_seq","scratch","A3 cap-8 flat 155k","8","T1","S1s0/EIs0","transfer2285","2285","L_star","256","0.8","12","lean_and_ndverify","Lean 4.34 + nd_verify","2026-09-24","copied","nd-rl:origin/dan:experiment-summaries/2026-09-24-ds-composition-training-set-composition/README.md"
"ours-3.2M-lean_seq-cap8","ds-composition A3 Stage-1 s0 + ladder frozen","3.2M","lean_seq","scratch","A3 cap-8 flat 155k","8","frozen","S1s0/EIs0","transfer2285","2285","solved","256","0.8","976","lean_and_ndverify","Lean 4.34 + nd_verify","2026-09-24","copied","nd-rl:origin/dan:experiment-summaries/2026-09-24-ds-composition-training-set-composition/README.md"
"ours-3.2M-lean_seq-cap8","ds-composition A3 Stage-1 s0 + ladder frozen","3.2M","lean_seq","scratch","A3 cap-8 flat 155k","8","frozen","S1s0/EIs0","transfer2285","2285","L_star","256","0.8","11","lean_and_ndverify","Lean 4.34 + nd_verify","2026-09-24","copied","nd-rl:origin/dan:experiment-summaries/2026-09-24-ds-composition-training-set-composition/README.md"
"ours-3.2M-lean_seq-cap6","ds-composition A4 Stage-1","3.2M","lean_seq","scratch","A4 cap-heavy 155k","6","frozen","S1s0","heldout5000-p2","5000","greedy_acc","1","0","0.8166","lean_and_ndverify","Lean 4.34 + nd_verify","2026-09-24","copied","nd-rl:origin/dan:experiment-summaries/2026-09-24-ds-composition-training-set-composition/README.md"
"ours-3.2M-lean_seq-cap6","ds-composition A4 Stage-1","3.2M","lean_seq","scratch","A4 cap-heavy 155k","6","frozen","S1s1","heldout5000-p2","5000","greedy_acc","1","0","0.8238","lean_and_ndverify","Lean 4.34 + nd_verify","2026-09-24","copied","nd-rl:origin/dan:experiment-summaries/2026-09-24-ds-composition-training-set-composition/README.md"
"ours-3.2M-lean_seq-cap6","ds-composition A4 Stage-1 s0 + ladder T1","3.2M","lean_seq","scratch","A4 cap-heavy 155k","6","T1","S1s0/EIs0","transfer2285","2285","solved","256","0.8","966","lean_and_ndverify","Lean 4.34 + nd_verify","2026-09-24","copied","nd-rl:origin/dan:experiment-summaries/2026-09-24-ds-composition-training-set-composition/README.md"
"ours-3.2M-lean_seq-cap6","ds-composition A4 Stage-1 s0 + ladder T1","3.2M","lean_seq","scratch","A4 cap-heavy 155k","6","T1","S1s0/EIs0","transfer2285","2285","L_star","256","0.8","12","lean_and_ndverify","Lean 4.34 + nd_verify","2026-09-24","copied","nd-rl:origin/dan:experiment-summaries/2026-09-24-ds-composition-training-set-composition/README.md"
"ours-3.2M-lean_seq-cap6","ds-composition A4 Stage-1 s0 + ladder frozen","3.2M","lean_seq","scratch","A4 cap-heavy 155k","6","frozen","S1s0/EIs0","transfer2285","2285","solved","256","0.8","156","lean_and_ndverify","Lean 4.34 + nd_verify","2026-09-24","copied","nd-rl:origin/dan:experiment-summaries/2026-09-24-ds-composition-training-set-composition/README.md"
"ours-3.2M-lean_seq-cap6","ds-composition A4 Stage-1 s0 + ladder frozen","3.2M","lean_seq","scratch","A4 cap-heavy 155k","6","frozen","S1s0/EIs0","transfer2285","2285","L_star","256","0.8","10","lean_and_ndverify","Lean 4.34 + nd_verify","2026-09-24","copied","nd-rl:origin/dan:experiment-summaries/2026-09-24-ds-composition-training-set-composition/README.md"
"ours-3.2M-lean_seq-cap6","ds-generator C0 Stage-1","3.2M","lean_seq","scratch","C0 control flat depth3-f0 155k","6","frozen","S1s0","heldout5000-p2","5000","greedy_acc","1","0","0.9088","lean_and_ndverify","Lean 4.34 + nd_verify","2026-09-24","copied","nd-rl:origin/dan:experiment-summaries/2026-09-24-ds-generator-proof-shape-distribution/README.md"
"ours-3.2M-lean_seq-cap6","ds-generator C0 Stage-1 s0 + ladder T1","3.2M","lean_seq","scratch","C0 control flat depth3-f0 155k","6","T1","S1s0","transfer2285","2285","solved","256","0.8","890","lean_and_ndverify","Lean 4.34 + nd_verify","2026-09-24","copied","nd-rl:origin/dan:experiment-summaries/2026-09-24-ds-generator-proof-shape-distribution/README.md"
"ours-3.2M-lean_seq-cap6","ds-generator C0 Stage-1 s0 + ladder T1","3.2M","lean_seq","scratch","C0 control flat depth3-f0 155k","6","T1","S1s0","transfer2285","2285","L_star","256","0.8","12","lean_and_ndverify","Lean 4.34 + nd_verify","2026-09-24","copied","nd-rl:origin/dan:experiment-summaries/2026-09-24-ds-generator-proof-shape-distribution/README.md"
"ours-3.2M-lean_seq-cap6","ds-generator C0 Stage-1 s0 + ladder frozen","3.2M","lean_seq","scratch","C0 control flat depth3-f0 155k","6","frozen","S1s0","transfer2285","2285","solved","256","0.8","158","lean_and_ndverify","Lean 4.34 + nd_verify","2026-09-24","copied","nd-rl:origin/dan:experiment-summaries/2026-09-24-ds-generator-proof-shape-distribution/README.md"
"ours-3.2M-lean_seq-cap6","ds-generator C0 Stage-1 s0 + ladder frozen","3.2M","lean_seq","scratch","C0 control flat depth3-f0 155k","6","frozen","S1s0","transfer2285","2285","L_star","256","0.8","9","lean_and_ndverify","Lean 4.34 + nd_verify","2026-09-24","copied","nd-rl:origin/dan:experiment-summaries/2026-09-24-ds-generator-proof-shape-distribution/README.md"
"ours-3.2M-lean_seq-cap6","ds-generator C0 Stage-1","3.2M","lean_seq","scratch","C0 control flat depth3-f0 155k","6","frozen","S1s1","heldout5000-p2","5000","greedy_acc","1","0","0.8968","lean_and_ndverify","Lean 4.34 + nd_verify","2026-09-24","copied","nd-rl:origin/dan:experiment-summaries/2026-09-24-ds-generator-proof-shape-distribution/README.md"
"ours-3.2M-lean_seq-cap6","ds-generator C0 Stage-1 s1 + ladder T1","3.2M","lean_seq","scratch","C0 control flat depth3-f0 155k","6","T1","S1s1","transfer2285","2285","solved","256","0.8","965","lean_and_ndverify","Lean 4.34 + nd_verify","2026-09-24","copied","nd-rl:origin/dan:experiment-summaries/2026-09-24-ds-generator-proof-shape-distribution/README.md"
"ours-3.2M-lean_seq-cap6","ds-generator C0 Stage-1 s1 + ladder T1","3.2M","lean_seq","scratch","C0 control flat depth3-f0 155k","6","T1","S1s1","transfer2285","2285","L_star","256","0.8","11","lean_and_ndverify","Lean 4.34 + nd_verify","2026-09-24","copied","nd-rl:origin/dan:experiment-summaries/2026-09-24-ds-generator-proof-shape-distribution/README.md"
"ours-3.2M-lean_seq-cap6","ds-generator C0 Stage-1 s1 + ladder frozen","3.2M","lean_seq","scratch","C0 control flat depth3-f0 155k","6","frozen","S1s1","transfer2285","2285","solved","256","0.8","114","lean_and_ndverify","Lean 4.34 + nd_verify","2026-09-24","copied","nd-rl:origin/dan:experiment-summaries/2026-09-24-ds-generator-proof-shape-distribution/README.md"
"ours-3.2M-lean_seq-cap6","ds-generator C0 Stage-1 s1 + ladder frozen","3.2M","lean_seq","scratch","C0 control flat depth3-f0 155k","6","frozen","S1s1","transfer2285","2285","L_star","256","0.8","9","lean_and_ndverify","Lean 4.34 + nd_verify","2026-09-24","copied","nd-rl:origin/dan:experiment-summaries/2026-09-24-ds-generator-proof-shape-distribution/README.md"
"ours-3.2M-lean_seq-cap6","ds-generator G1 Stage-1","3.2M","lean_seq","scratch","G1 ore_steps3 ore_boxes 155k","6","frozen","S1s0","heldout5000-p2","5000","greedy_acc","1","0","0.8606","lean_and_ndverify","Lean 4.34 + nd_verify","2026-09-24","copied","nd-rl:origin/dan:experiment-summaries/2026-09-24-ds-generator-proof-shape-distribution/README.md"
"ours-3.2M-lean_seq-cap6","ds-generator G1 Stage-1 s0 + ladder T1","3.2M","lean_seq","scratch","G1 ore_steps3 ore_boxes 155k","6","T1","S1s0","transfer2285","2285","solved","256","0.8","916","lean_and_ndverify","Lean 4.34 + nd_verify","2026-09-24","copied","nd-rl:origin/dan:experiment-summaries/2026-09-24-ds-generator-proof-shape-distribution/README.md"
"ours-3.2M-lean_seq-cap6","ds-generator G1 Stage-1 s0 + ladder T1","3.2M","lean_seq","scratch","G1 ore_steps3 ore_boxes 155k","6","T1","S1s0","transfer2285","2285","L_star","256","0.8","12","lean_and_ndverify","Lean 4.34 + nd_verify","2026-09-24","copied","nd-rl:origin/dan:experiment-summaries/2026-09-24-ds-generator-proof-shape-distribution/README.md"
"ours-3.2M-lean_seq-cap6","ds-generator G1 Stage-1","3.2M","lean_seq","scratch","G1 ore_steps3 ore_boxes 155k","6","frozen","S1s1","heldout5000-p2","5000","greedy_acc","1","0","0.8956","lean_and_ndverify","Lean 4.34 + nd_verify","2026-09-24","copied","nd-rl:origin/dan:experiment-summaries/2026-09-24-ds-generator-proof-shape-distribution/README.md"
"ours-3.2M-lean_seq-cap6","ds-generator G1 Stage-1 s1 + ladder T1","3.2M","lean_seq","scratch","G1 ore_steps3 ore_boxes 155k","6","T1","S1s1","transfer2285","2285","solved","256","0.8","635","lean_and_ndverify","Lean 4.34 + nd_verify","2026-09-24","copied","nd-rl:origin/dan:experiment-summaries/2026-09-24-ds-generator-proof-shape-distribution/README.md"
"ours-3.2M-lean_seq-cap6","ds-generator G1 Stage-1 s1 + ladder T1","3.2M","lean_seq","scratch","G1 ore_steps3 ore_boxes 155k","6","T1","S1s1","transfer2285","2285","L_star","256","0.8","10","lean_and_ndverify","Lean 4.34 + nd_verify","2026-09-24","copied","nd-rl:origin/dan:experiment-summaries/2026-09-24-ds-generator-proof-shape-distribution/README.md"
"ours-3.2M-lean_seq-cap6","ds-generator G1 Stage-1 s1 + ladder frozen","3.2M","lean_seq","scratch","G1 ore_steps3 ore_boxes 155k","6","frozen","S1s1","transfer2285","2285","solved","256","0.8","170","lean_and_ndverify","Lean 4.34 + nd_verify","2026-09-24","copied","nd-rl:origin/dan:experiment-summaries/2026-09-24-ds-generator-proof-shape-distribution/README.md"
"ours-3.2M-lean_seq-cap6","ds-generator G1 Stage-1 s1 + ladder frozen","3.2M","lean_seq","scratch","G1 ore_steps3 ore_boxes 155k","6","frozen","S1s1","transfer2285","2285","L_star","256","0.8","9","lean_and_ndverify","Lean 4.34 + nd_verify","2026-09-24","copied","nd-rl:origin/dan:experiment-summaries/2026-09-24-ds-generator-proof-shape-distribution/README.md"
"ours-3.2M-lean_seq-cap6","ds-generator G2 Stage-1","3.2M","lean_seq","scratch","G2 goal-directed strict 155k","6","frozen","S1s0","heldout5000-p2","5000","greedy_acc","1","0","0.6078","lean_and_ndverify","Lean 4.34 + nd_verify","2026-09-24","copied","nd-rl:origin/dan:experiment-summaries/2026-09-24-ds-generator-proof-shape-distribution/README.md"
"ours-3.2M-lean_seq-cap6","ds-generator G2 Stage-1 s0 + ladder T1","3.2M","lean_seq","scratch","G2 goal-directed strict 155k","6","T1","S1s0","transfer2285","2285","solved","256","0.8","632","lean_and_ndverify","Lean 4.34 + nd_verify","2026-09-24","copied","nd-rl:origin/dan:experiment-summaries/2026-09-24-ds-generator-proof-shape-distribution/README.md"
"ours-3.2M-lean_seq-cap6","ds-generator G2 Stage-1 s0 + ladder T1","3.2M","lean_seq","scratch","G2 goal-directed strict 155k","6","T1","S1s0","transfer2285","2285","L_star","256","0.8","11","lean_and_ndverify","Lean 4.34 + nd_verify","2026-09-24","copied","nd-rl:origin/dan:experiment-summaries/2026-09-24-ds-generator-proof-shape-distribution/README.md"
"ours-3.2M-lean_seq-cap6","ds-generator G2 Stage-1 s0 + ladder frozen","3.2M","lean_seq","scratch","G2 goal-directed strict 155k","6","frozen","S1s0","transfer2285","2285","solved","256","0.8","44","lean_and_ndverify","Lean 4.34 + nd_verify","2026-09-24","copied","nd-rl:origin/dan:experiment-summaries/2026-09-24-ds-generator-proof-shape-distribution/README.md"
"ours-3.2M-lean_seq-cap6","ds-generator G2 Stage-1 s0 + ladder frozen","3.2M","lean_seq","scratch","G2 goal-directed strict 155k","6","frozen","S1s0","transfer2285","2285","L_star","256","0.8","9","lean_and_ndverify","Lean 4.34 + nd_verify","2026-09-24","copied","nd-rl:origin/dan:experiment-summaries/2026-09-24-ds-generator-proof-shape-distribution/README.md"
"ours-3.2M-lean_seq-cap6","ds-generator G2 Stage-1","3.2M","lean_seq","scratch","G2 goal-directed strict 155k","6","frozen","S1s1","heldout5000-p2","5000","greedy_acc","1","0","0.6652","lean_and_ndverify","Lean 4.34 + nd_verify","2026-09-24","copied","nd-rl:origin/dan:experiment-summaries/2026-09-24-ds-generator-proof-shape-distribution/README.md"
"ours-3.2M-lean_seq-cap6","ds-generator G2 Stage-1 s1 + ladder T1","3.2M","lean_seq","scratch","G2 goal-directed strict 155k","6","T1","S1s1","transfer2285","2285","solved","256","0.8","607","lean_and_ndverify","Lean 4.34 + nd_verify","2026-09-24","copied","nd-rl:origin/dan:experiment-summaries/2026-09-24-ds-generator-proof-shape-distribution/README.md"
"ours-3.2M-lean_seq-cap6","ds-generator G2 Stage-1 s1 + ladder T1","3.2M","lean_seq","scratch","G2 goal-directed strict 155k","6","T1","S1s1","transfer2285","2285","L_star","256","0.8","11","lean_and_ndverify","Lean 4.34 + nd_verify","2026-09-24","copied","nd-rl:origin/dan:experiment-summaries/2026-09-24-ds-generator-proof-shape-distribution/README.md"
"ours-3.2M-lean_seq-cap6","ds-generator G2 Stage-1 s1 + ladder frozen","3.2M","lean_seq","scratch","G2 goal-directed strict 155k","6","frozen","S1s1","transfer2285","2285","solved","256","0.8","125","lean_and_ndverify","Lean 4.34 + nd_verify","2026-09-24","copied","nd-rl:origin/dan:experiment-summaries/2026-09-24-ds-generator-proof-shape-distribution/README.md"
"ours-3.2M-lean_seq-cap6","ds-generator G2 Stage-1 s1 + ladder frozen","3.2M","lean_seq","scratch","G2 goal-directed strict 155k","6","frozen","S1s1","transfer2285","2285","L_star","256","0.8","9","lean_and_ndverify","Lean 4.34 + nd_verify","2026-09-24","copied","nd-rl:origin/dan:experiment-summaries/2026-09-24-ds-generator-proof-shape-distribution/README.md"
"ours-3.2M-lean_seq-cap6","ds-rendering C0 Stage-1 s0 + ladder T1","3.2M","lean_seq","scratch","depth3 f0 a1 155k","6","T1","S1s0","transfer2285","2285","solved","256","0.8","923","lean_and_ndverify","Lean 4.34 + nd_verify","2026-09-24","copied","nd-rl:origin/dan:experiment-summaries/2026-09-24-ds-rendering-lean-surface-form/README.md"
"ours-3.2M-lean_seq-cap6","ds-rendering C0 Stage-1 s0 + ladder T1","3.2M","lean_seq","scratch","depth3 f0 a1 155k","6","T1","S1s0","transfer2285","2285","L_star","256","0.8","12","lean_and_ndverify","Lean 4.34 + nd_verify","2026-09-24","copied","nd-rl:origin/dan:experiment-summaries/2026-09-24-ds-rendering-lean-surface-form/README.md"
"ours-3.2M-lean_seq-cap6","ds-rendering C0 Stage-1 s1 + ladder T1","3.2M","lean_seq","scratch","depth3 f0 a1 155k","6","T1","S1s1","transfer2285","2285","solved","256","0.8","1003","lean_and_ndverify","Lean 4.34 + nd_verify","2026-09-24","copied","nd-rl:origin/dan:experiment-summaries/2026-09-24-ds-rendering-lean-surface-form/README.md"
"ours-3.2M-lean_seq-cap6","ds-rendering C0 Stage-1 s1 + ladder T1","3.2M","lean_seq","scratch","depth3 f0 a1 155k","6","T1","S1s1","transfer2285","2285","L_star","256","0.8","11","lean_and_ndverify","Lean 4.34 + nd_verify","2026-09-24","copied","nd-rl:origin/dan:experiment-summaries/2026-09-24-ds-rendering-lean-surface-form/README.md"
"ours-3.2M-render-R1-cap6","ds-rendering R1 Stage-1 s0 + ladder T1","3.2M","lean_seq_noprem","scratch","depth3 f0 a1 155k","6","T1","S1s0","transfer2285","2285","solved","256","0.8","837","lean_and_ndverify","Lean 4.34 + nd_verify","2026-09-24","copied","nd-rl:origin/dan:experiment-summaries/2026-09-24-ds-rendering-lean-surface-form/README.md"
"ours-3.2M-render-R1-cap6","ds-rendering R1 Stage-1 s0 + ladder T1","3.2M","lean_seq_noprem","scratch","depth3 f0 a1 155k","6","T1","S1s0","transfer2285","2285","L_star","256","0.8","11","lean_and_ndverify","Lean 4.34 + nd_verify","2026-09-24","copied","nd-rl:origin/dan:experiment-summaries/2026-09-24-ds-rendering-lean-surface-form/README.md"
"ours-3.2M-render-R1-cap6","ds-rendering R1 Stage-1 s1 + ladder T1","3.2M","lean_seq_noprem","scratch","depth3 f0 a1 155k","6","T1","S1s1","transfer2285","2285","solved","256","0.8","945","lean_and_ndverify","Lean 4.34 + nd_verify","2026-09-24","copied","nd-rl:origin/dan:experiment-summaries/2026-09-24-ds-rendering-lean-surface-form/README.md"
"ours-3.2M-render-R1-cap6","ds-rendering R1 Stage-1 s1 + ladder T1","3.2M","lean_seq_noprem","scratch","depth3 f0 a1 155k","6","T1","S1s1","transfer2285","2285","L_star","256","0.8","11","lean_and_ndverify","Lean 4.34 + nd_verify","2026-09-24","copied","nd-rl:origin/dan:experiment-summaries/2026-09-24-ds-rendering-lean-surface-form/README.md"
"ours-3.2M-render-R3-cap6","ds-rendering R3 Stage-1 s0 + ladder T1","3.2M","lean_seq_nofml","scratch","depth3 f0 a1 155k","6","T1","S1s0","transfer2285","2285","solved","256","0.8","898","lean_and_ndverify","Lean 4.34 + nd_verify","2026-09-24","copied","nd-rl:origin/dan:experiment-summaries/2026-09-24-ds-rendering-lean-surface-form/README.md"
"ours-3.2M-render-R3-cap6","ds-rendering R3 Stage-1 s0 + ladder T1","3.2M","lean_seq_nofml","scratch","depth3 f0 a1 155k","6","T1","S1s0","transfer2285","2285","L_star","256","0.8","11","lean_and_ndverify","Lean 4.34 + nd_verify","2026-09-24","copied","nd-rl:origin/dan:experiment-summaries/2026-09-24-ds-rendering-lean-surface-form/README.md"
"ours-3.2M-render-R3-cap6","ds-rendering R3 Stage-1 s1 + ladder T1","3.2M","lean_seq_nofml","scratch","depth3 f0 a1 155k","6","T1","S1s1","transfer2285","2285","solved","256","0.8","698","lean_and_ndverify","Lean 4.34 + nd_verify","2026-09-24","copied","nd-rl:origin/dan:experiment-summaries/2026-09-24-ds-rendering-lean-surface-form/README.md"
"ours-3.2M-render-R3-cap6","ds-rendering R3 Stage-1 s1 + ladder T1","3.2M","lean_seq_nofml","scratch","depth3 f0 a1 155k","6","T1","S1s1","transfer2285","2285","L_star","256","0.8","11","lean_and_ndverify","Lean 4.34 + nd_verify","2026-09-24","copied","nd-rl:origin/dan:experiment-summaries/2026-09-24-ds-rendering-lean-surface-form/README.md"
"ours-3.2M-render-R4-cap6","ds-rendering R4 Stage-1 s0 + ladder T1","3.2M","lean_seq_funbare","scratch","depth3 f0 a1 155k","6","T1","S1s0","transfer2285","2285","solved","256","0.8","771","lean_and_ndverify","Lean 4.34 + nd_verify","2026-09-24","copied","nd-rl:origin/dan:experiment-summaries/2026-09-24-ds-rendering-lean-surface-form/README.md"
"ours-3.2M-render-R4-cap6","ds-rendering R4 Stage-1 s0 + ladder T1","3.2M","lean_seq_funbare","scratch","depth3 f0 a1 155k","6","T1","S1s0","transfer2285","2285","L_star","256","0.8","11","lean_and_ndverify","Lean 4.34 + nd_verify","2026-09-24","copied","nd-rl:origin/dan:experiment-summaries/2026-09-24-ds-rendering-lean-surface-form/README.md"
"ours-3.2M-render-R4-cap6","ds-rendering R4 Stage-1 s1 + ladder T1","3.2M","lean_seq_funbare","scratch","depth3 f0 a1 155k","6","T1","S1s1","transfer2285","2285","solved","256","0.8","896","lean_and_ndverify","Lean 4.34 + nd_verify","2026-09-24","copied","nd-rl:origin/dan:experiment-summaries/2026-09-24-ds-rendering-lean-surface-form/README.md"
"ours-3.2M-render-R4-cap6","ds-rendering R4 Stage-1 s1 + ladder T1","3.2M","lean_seq_funbare","scratch","depth3 f0 a1 155k","6","T1","S1s1","transfer2285","2285","L_star","256","0.8","11","lean_and_ndverify","Lean 4.34 + nd_verify","2026-09-24","copied","nd-rl:origin/dan:experiment-summaries/2026-09-24-ds-rendering-lean-surface-form/README.md"
"ours-3.2M-render-R2-cap6","ds-rendering R2 Stage-1 s0 + ladder T1","3.2M","lean_seq_intro","scratch","depth3 f0 a1 155k","6","T1","S1s0","transfer2285","2285","solved","256","0.8","658","lean_and_ndverify","Lean 4.34 + nd_verify","2026-09-24","copied","nd-rl:origin/dan:experiment-summaries/2026-09-24-ds-rendering-lean-surface-form/README.md"
"ours-3.2M-render-R2-cap6","ds-rendering R2 Stage-1 s0 + ladder T1","3.2M","lean_seq_intro","scratch","depth3 f0 a1 155k","6","T1","S1s0","transfer2285","2285","L_star","256","0.8","10","lean_and_ndverify","Lean 4.34 + nd_verify","2026-09-24","copied","nd-rl:origin/dan:experiment-summaries/2026-09-24-ds-rendering-lean-surface-form/README.md"
"ours-3.2M-render-R2-cap6","ds-rendering R2 Stage-1 s1 + ladder T1","3.2M","lean_seq_intro","scratch","depth3 f0 a1 155k","6","T1","S1s1","transfer2285","2285","solved","256","0.8","800","lean_and_ndverify","Lean 4.34 + nd_verify","2026-09-24","copied","nd-rl:origin/dan:experiment-summaries/2026-09-24-ds-rendering-lean-surface-form/README.md"
"ours-3.2M-render-R2-cap6","ds-rendering R2 Stage-1 s1 + ladder T1","3.2M","lean_seq_intro","scratch","depth3 f0 a1 155k","6","T1","S1s1","transfer2285","2285","L_star","256","0.8","11","lean_and_ndverify","Lean 4.34 + nd_verify","2026-09-24","copied","nd-rl:origin/dan:experiment-summaries/2026-09-24-ds-rendering-lean-surface-form/README.md"
"ours-3.2M-lean_seq-cap6","base stage1_a1_seq_s0","3.2M","lean_seq","scratch","depth3 f0 a1 155k","6","frozen","S1s0","sc383","383","solved","10000","0.8","45","lean_only","lean_check/lean_judge (Lean 4.34)","2026-09-27","copied","nd-rl:origin/dan:experiment-summaries/2026-09-27-support-curves-support-expansion-fires/README.md"
"ours-3.2M-lean_seq-cap6","EI la_T1_sc_s0_r8 (8x32 ladder EI)","3.2M","lean_seq","scratch","depth3 f0 a1 155k","6","T1","S1s0/EIs0","sc383","383","solved","10000","0.8","121","lean_only","lean_check/lean_judge (Lean 4.34)","2026-09-27","copied","nd-rl:origin/dan:experiment-summaries/2026-09-27-support-curves-support-expansion-fires/README.md"
"ours-3.2M-lean_seq-cap6","EI la_T1_sc_s0_r8","3.2M","lean_seq","scratch","depth3 f0 a1 155k","6","T1","S1s0/EIs0","transfer2285","2285","solved","256","0.8","869","lean_only","lean_check/lean_judge (Lean 4.34)","2026-09-27","copied","nd-rl:origin/dan:experiment-summaries/2026-09-27-support-curves-support-expansion-fires/README.md"
"ours-3.2M-lean_seq-cap6","EI la_T1_sc_s1_r8 (checkpoint lost; rerun differs)","3.2M","lean_seq","scratch","depth3 f0 a1 155k","6","T1","S1s1/EIs1","transfer2285","2285","solved","256","0.8","972","lean_only","lean_check/lean_judge (Lean 4.34)","2026-09-27","copied","nd-rl:origin/dan:experiment-summaries/2026-09-27-support-curves-support-expansion-fires/README.md"
"ours-3.2M-lean_seq-cap6","base s0 vs EI s0","3.2M","lean_seq","scratch","depth3 f0 a1 155k","6","support","S1s0","sc383 forward crux (82)","383","support_survivors","40000/temp","0.8+1.0","37","lean_only","lean_check/lean_judge (Lean 4.34)","2026-09-27","copied","nd-rl:origin/dan:experiment-summaries/2026-09-27-support-curves-support-expansion-fires/README.md"
"ours-3.2M-lean_seq-cap6","base s0 vs EI s0","3.2M","lean_seq","scratch","depth3 f0 a1 155k","6","support","S1s0","sc383 forward crux (82)","383","support_survivors","200000/temp","0.8+1.0","29","lean_only","lean_check/lean_judge (Lean 4.34)","2026-09-27","copied","nd-rl:origin/dan:experiment-summaries/2026-09-27-support-curves-support-expansion-fires/README.md"
"ours-3.2M-lean_seq-cap6","base s0 vs EI s0","3.2M","lean_seq","scratch","depth3 f0 a1 155k","6","support","S1s0","sc383","383","forward_crux_count","10000","0.8","82","lean_only","lean_check/lean_judge (Lean 4.34)","2026-09-27","copied","nd-rl:origin/dan:experiment-summaries/2026-09-27-support-curves-support-expansion-fires/README.md"
"ours-3.2M-lean_seq-cap6-WSD24k","arm W WSD 24k variant E24","3.2M","lean_seq","scratch","depth3 f0 a1 155k","6","frozen","S1s0","heldout-halfB depth3 slice","250","greedy_acc","1","0","0.07","lean_only","lean_check/lean_judge (Lean 4.34)","2026-09-28","copied","nd-rl:origin/dan:experiment-summaries/2026-09-28-ckpt-avg-averaging-does-not-remove-modes/README.md"
"ours-3.2M-lean_seq-cap6-WSD24k","arm W WSD 24k variant E24","3.2M","lean_seq","scratch","depth3 f0 a1 155k","6","frozen","S1s1","heldout-halfB depth3 slice","250","greedy_acc","1","0","0.94","lean_only","lean_check/lean_judge (Lean 4.34)","2026-09-28","copied","nd-rl:origin/dan:experiment-summaries/2026-09-28-ckpt-avg-averaging-does-not-remove-modes/README.md"
"ours-3.2M-lean_seq-cap6-WSD24k","arm W WSD 24k variant E24","3.2M","lean_seq","scratch","depth3 f0 a1 155k","6","frozen","S1s2","heldout-halfB depth3 slice","250","greedy_acc","1","0","0.64","lean_only","lean_check/lean_judge (Lean 4.34)","2026-09-28","copied","nd-rl:origin/dan:experiment-summaries/2026-09-28-ckpt-avg-averaging-does-not-remove-modes/README.md"
"ours-3.2M-lean_seq-cap6-WSD24k","arm W WSD 24k variant E24","3.2M","lean_seq","scratch","depth3 f0 a1 155k","6","frozen","S1s3","heldout-halfB depth3 slice","250","greedy_acc","1","0","0.45","lean_only","lean_check/lean_judge (Lean 4.34)","2026-09-28","copied","nd-rl:origin/dan:experiment-summaries/2026-09-28-ckpt-avg-averaging-does-not-remove-modes/README.md"
"ours-3.2M-lean_seq-cap6-WSD24k","arm W WSD 24k variant E24","3.2M","lean_seq","scratch","depth3 f0 a1 155k","6","frozen","S1s4","heldout-halfB depth3 slice","250","greedy_acc","1","0","0.92","lean_only","lean_check/lean_judge (Lean 4.34)","2026-09-28","copied","nd-rl:origin/dan:experiment-summaries/2026-09-28-ckpt-avg-averaging-does-not-remove-modes/README.md"
"ours-3.2M-lean_seq-cap6-WSD24k","arm W WSD 24k variant E24","3.2M","lean_seq","scratch","depth3 f0 a1 155k","6","frozen","S1s5","heldout-halfB depth3 slice","250","greedy_acc","1","0","0.94","lean_only","lean_check/lean_judge (Lean 4.34)","2026-09-28","copied","nd-rl:origin/dan:experiment-summaries/2026-09-28-ckpt-avg-averaging-does-not-remove-modes/README.md"
"ours-3.2M-lean_seq-cap6-WSD24k","arm W WSD 24k variant E24","3.2M","lean_seq","scratch","depth3 f0 a1 155k","6","frozen","S1s6","heldout-halfB depth3 slice","250","greedy_acc","1","0","0.50","lean_only","lean_check/lean_judge (Lean 4.34)","2026-09-28","copied","nd-rl:origin/dan:experiment-summaries/2026-09-28-ckpt-avg-averaging-does-not-remove-modes/README.md"
"ours-3.2M-lean_seq-cap6-WSD24k","arm W WSD 24k variant E24","3.2M","lean_seq","scratch","depth3 f0 a1 155k","6","frozen","S1s7","heldout-halfB depth3 slice","250","greedy_acc","1","0","0.48","lean_only","lean_check/lean_judge (Lean 4.34)","2026-09-28","copied","nd-rl:origin/dan:experiment-summaries/2026-09-28-ckpt-avg-averaging-does-not-remove-modes/README.md"
"ours-3.2M-lean_seq-cap6-WSD24k","arm W WSD 24k variant A24_K8","3.2M","lean_seq","scratch","depth3 f0 a1 155k","6","frozen","S1s0","heldout-halfB depth3 slice","250","greedy_acc","1","0","0.04","lean_only","lean_check/lean_judge (Lean 4.34)","2026-09-28","copied","nd-rl:origin/dan:experiment-summaries/2026-09-28-ckpt-avg-averaging-does-not-remove-modes/README.md"
"ours-3.2M-lean_seq-cap6-WSD24k","arm W WSD 24k variant A24_K8","3.2M","lean_seq","scratch","depth3 f0 a1 155k","6","frozen","S1s1","heldout-halfB depth3 slice","250","greedy_acc","1","0","0.87","lean_only","lean_check/lean_judge (Lean 4.34)","2026-09-28","copied","nd-rl:origin/dan:experiment-summaries/2026-09-28-ckpt-avg-averaging-does-not-remove-modes/README.md"
"ours-3.2M-lean_seq-cap6-WSD24k","arm W WSD 24k variant A24_K8","3.2M","lean_seq","scratch","depth3 f0 a1 155k","6","frozen","S1s2","heldout-halfB depth3 slice","250","greedy_acc","1","0","0.01","lean_only","lean_check/lean_judge (Lean 4.34)","2026-09-28","copied","nd-rl:origin/dan:experiment-summaries/2026-09-28-ckpt-avg-averaging-does-not-remove-modes/README.md"
"ours-3.2M-lean_seq-cap6-WSD24k","arm W WSD 24k variant A24_K8","3.2M","lean_seq","scratch","depth3 f0 a1 155k","6","frozen","S1s3","heldout-halfB depth3 slice","250","greedy_acc","1","0","0.02","lean_only","lean_check/lean_judge (Lean 4.34)","2026-09-28","copied","nd-rl:origin/dan:experiment-summaries/2026-09-28-ckpt-avg-averaging-does-not-remove-modes/README.md"
"ours-3.2M-lean_seq-cap6-WSD24k","arm W WSD 24k variant A24_K8","3.2M","lean_seq","scratch","depth3 f0 a1 155k","6","frozen","S1s4","heldout-halfB depth3 slice","250","greedy_acc","1","0","0.79","lean_only","lean_check/lean_judge (Lean 4.34)","2026-09-28","copied","nd-rl:origin/dan:experiment-summaries/2026-09-28-ckpt-avg-averaging-does-not-remove-modes/README.md"
"ours-3.2M-lean_seq-cap6-WSD24k","arm W WSD 24k variant A24_K8","3.2M","lean_seq","scratch","depth3 f0 a1 155k","6","frozen","S1s5","heldout-halfB depth3 slice","250","greedy_acc","1","0","0.05","lean_only","lean_check/lean_judge (Lean 4.34)","2026-09-28","copied","nd-rl:origin/dan:experiment-summaries/2026-09-28-ckpt-avg-averaging-does-not-remove-modes/README.md"
"ours-3.2M-lean_seq-cap6-WSD24k","arm W WSD 24k variant A24_K8","3.2M","lean_seq","scratch","depth3 f0 a1 155k","6","frozen","S1s6","heldout-halfB depth3 slice","250","greedy_acc","1","0","0.02","lean_only","lean_check/lean_judge (Lean 4.34)","2026-09-28","copied","nd-rl:origin/dan:experiment-summaries/2026-09-28-ckpt-avg-averaging-does-not-remove-modes/README.md"
"ours-3.2M-lean_seq-cap6-WSD24k","arm W WSD 24k variant A24_K8","3.2M","lean_seq","scratch","depth3 f0 a1 155k","6","frozen","S1s7","heldout-halfB depth3 slice","250","greedy_acc","1","0","0.02","lean_only","lean_check/lean_judge (Lean 4.34)","2026-09-28","copied","nd-rl:origin/dan:experiment-summaries/2026-09-28-ckpt-avg-averaging-does-not-remove-modes/README.md"
"ours-3.2M-lean_seq-cap6-WSD24k","arm W WSD 24k variant LSd3","3.2M","lean_seq","scratch","depth3 f0 a1 155k","6","frozen","S1s0","heldout-halfB depth3 slice","250","greedy_acc","1","0","0.53","lean_only","lean_check/lean_judge (Lean 4.34)","2026-09-28","copied","nd-rl:origin/dan:experiment-summaries/2026-09-28-ckpt-avg-averaging-does-not-remove-modes/README.md"
"ours-3.2M-lean_seq-cap6-WSD24k","arm W WSD 24k variant LSd3","3.2M","lean_seq","scratch","depth3 f0 a1 155k","6","frozen","S1s1","heldout-halfB depth3 slice","250","greedy_acc","1","0","0.94","lean_only","lean_check/lean_judge (Lean 4.34)","2026-09-28","copied","nd-rl:origin/dan:experiment-summaries/2026-09-28-ckpt-avg-averaging-does-not-remove-modes/README.md"
"ours-3.2M-lean_seq-cap6-WSD24k","arm W WSD 24k variant LSd3","3.2M","lean_seq","scratch","depth3 f0 a1 155k","6","frozen","S1s2","heldout-halfB depth3 slice","250","greedy_acc","1","0","0.57","lean_only","lean_check/lean_judge (Lean 4.34)","2026-09-28","copied","nd-rl:origin/dan:experiment-summaries/2026-09-28-ckpt-avg-averaging-does-not-remove-modes/README.md"
"ours-3.2M-lean_seq-cap6-WSD24k","arm W WSD 24k variant LSd3","3.2M","lean_seq","scratch","depth3 f0 a1 155k","6","frozen","S1s3","heldout-halfB depth3 slice","250","greedy_acc","1","0","0.30","lean_only","lean_check/lean_judge (Lean 4.34)","2026-09-28","copied","nd-rl:origin/dan:experiment-summaries/2026-09-28-ckpt-avg-averaging-does-not-remove-modes/README.md"
"ours-3.2M-lean_seq-cap6-WSD24k","arm W WSD 24k variant LSd3","3.2M","lean_seq","scratch","depth3 f0 a1 155k","6","frozen","S1s4","heldout-halfB depth3 slice","250","greedy_acc","1","0","0.92","lean_only","lean_check/lean_judge (Lean 4.34)","2026-09-28","copied","nd-rl:origin/dan:experiment-summaries/2026-09-28-ckpt-avg-averaging-does-not-remove-modes/README.md"
"ours-3.2M-lean_seq-cap6-WSD24k","arm W WSD 24k variant LSd3","3.2M","lean_seq","scratch","depth3 f0 a1 155k","6","frozen","S1s5","heldout-halfB depth3 slice","250","greedy_acc","1","0","0.94","lean_only","lean_check/lean_judge (Lean 4.34)","2026-09-28","copied","nd-rl:origin/dan:experiment-summaries/2026-09-28-ckpt-avg-averaging-does-not-remove-modes/README.md"
"ours-3.2M-lean_seq-cap6-WSD24k","arm W WSD 24k variant LSd3","3.2M","lean_seq","scratch","depth3 f0 a1 155k","6","frozen","S1s6","heldout-halfB depth3 slice","250","greedy_acc","1","0","0.50","lean_only","lean_check/lean_judge (Lean 4.34)","2026-09-28","copied","nd-rl:origin/dan:experiment-summaries/2026-09-28-ckpt-avg-averaging-does-not-remove-modes/README.md"
"ours-3.2M-lean_seq-cap6-WSD24k","arm W WSD 24k variant LSd3","3.2M","lean_seq","scratch","depth3 f0 a1 155k","6","frozen","S1s7","heldout-halfB depth3 slice","250","greedy_acc","1","0","0.77","lean_only","lean_check/lean_judge (Lean 4.34)","2026-09-28","copied","nd-rl:origin/dan:experiment-summaries/2026-09-28-ckpt-avg-averaging-does-not-remove-modes/README.md"
"ours-3.2M-lean_state-cap6","long-pool re-read S T1","3.216M","lean_state","scratch","depth3 f0 a1 155k","6","T1","S1s0","transfer_long_rr600","600","long_solves","256","0.8","73","lean_only","lean_check/lean_judge (Lean 4.34)","2026-09-28","copied","nd-rl:origin/dan:experiment-summaries/2026-09-28-long-pool-length-frontier-pool-wall-at-13-was-the-pool/README.md"
"ours-3.2M-lean_state-cap6","long-pool re-read S T1","3.216M","lean_state","scratch","depth3 f0 a1 155k","6","T1","S1s0","transfer_long_rr600","600","L_star","256","0.8","14","lean_only","lean_check/lean_judge (Lean 4.34)","2026-09-28","copied","nd-rl:origin/dan:experiment-summaries/2026-09-28-long-pool-length-frontier-pool-wall-at-13-was-the-pool/README.md"
"ours-3.2M-lean_state-cap6","long-pool re-read S T1","3.216M","lean_state","scratch","depth3 f0 a1 155k","6","T1","S1s0","transfer_long_ge17","70","long_solves","256","0.8","0","lean_only","lean_check/lean_judge (Lean 4.34)","2026-09-28","copied","nd-rl:origin/dan:experiment-summaries/2026-09-28-long-pool-length-frontier-pool-wall-at-13-was-the-pool/README.md"
"ours-3.2M-lean_state-cap6","long-pool re-read S T1","3.216M","lean_state","scratch","depth3 f0 a1 155k","6","T1","S1s1","transfer_long_rr600","600","long_solves","256","0.8","62","lean_only","lean_check/lean_judge (Lean 4.34)","2026-09-28","copied","nd-rl:origin/dan:experiment-summaries/2026-09-28-long-pool-length-frontier-pool-wall-at-13-was-the-pool/README.md"
"ours-3.2M-lean_state-cap6","long-pool re-read S T1","3.216M","lean_state","scratch","depth3 f0 a1 155k","6","T1","S1s1","transfer_long_rr600","600","L_star","256","0.8","15","lean_only","lean_check/lean_judge (Lean 4.34)","2026-09-28","copied","nd-rl:origin/dan:experiment-summaries/2026-09-28-long-pool-length-frontier-pool-wall-at-13-was-the-pool/README.md"
"ours-3.2M-lean_state-cap6","long-pool re-read S T1","3.216M","lean_state","scratch","depth3 f0 a1 155k","6","T1","S1s1","transfer_long_ge17","70","long_solves","256","0.8","0","lean_only","lean_check/lean_judge (Lean 4.34)","2026-09-28","copied","nd-rl:origin/dan:experiment-summaries/2026-09-28-long-pool-length-frontier-pool-wall-at-13-was-the-pool/README.md"
"ours-3.2M-SN-cap6","long-pool re-read SN-v2 T1","3.216M","lean_staten","scratch","depth3 f0 a1 155k","6","T1","S1s0","transfer_long_rr600","600","long_solves","256","0.8","179","lean_only","lean_check/lean_judge (Lean 4.34)","2026-09-28","copied","nd-rl:origin/dan:experiment-summaries/2026-09-28-long-pool-length-frontier-pool-wall-at-13-was-the-pool/README.md"
"ours-3.2M-SN-cap6","long-pool re-read SN-v2 T1","3.216M","lean_staten","scratch","depth3 f0 a1 155k","6","T1","S1s0","transfer_long_rr600","600","L_star","256","0.8","17","lean_only","lean_check/lean_judge (Lean 4.34)","2026-09-28","copied","nd-rl:origin/dan:experiment-summaries/2026-09-28-long-pool-length-frontier-pool-wall-at-13-was-the-pool/README.md"
"ours-3.2M-SN-cap6","long-pool re-read SN-v2 T1","3.216M","lean_staten","scratch","depth3 f0 a1 155k","6","T1","S1s0","transfer_long_ge17","70","long_solves","256","0.8","5","lean_only","lean_check/lean_judge (Lean 4.34)","2026-09-28","copied","nd-rl:origin/dan:experiment-summaries/2026-09-28-long-pool-length-frontier-pool-wall-at-13-was-the-pool/README.md"
"ours-3.2M-SN-cap6","long-pool re-read SN-v2 T1","3.216M","lean_staten","scratch","depth3 f0 a1 155k","6","T1","S1s1","transfer_long_rr600","600","long_solves","256","0.8","68","lean_only","lean_check/lean_judge (Lean 4.34)","2026-09-28","copied","nd-rl:origin/dan:experiment-summaries/2026-09-28-long-pool-length-frontier-pool-wall-at-13-was-the-pool/README.md"
"ours-3.2M-SN-cap6","long-pool re-read SN-v2 T1","3.216M","lean_staten","scratch","depth3 f0 a1 155k","6","T1","S1s1","transfer_long_rr600","600","L_star","256","0.8","15","lean_only","lean_check/lean_judge (Lean 4.34)","2026-09-28","copied","nd-rl:origin/dan:experiment-summaries/2026-09-28-long-pool-length-frontier-pool-wall-at-13-was-the-pool/README.md"
"ours-3.2M-SN-cap6","long-pool re-read SN-v2 T1","3.216M","lean_staten","scratch","depth3 f0 a1 155k","6","T1","S1s1","transfer_long_ge17","70","long_solves","256","0.8","0","lean_only","lean_check/lean_judge (Lean 4.34)","2026-09-28","copied","nd-rl:origin/dan:experiment-summaries/2026-09-28-long-pool-length-frontier-pool-wall-at-13-was-the-pool/README.md"
"ours-3.2M-lean_seq-cap6","long-pool re-read C0 T1","3.2M","lean_seq","scratch","depth3 f0 a1 155k","6","T1","S1s0","transfer_long_rr600","600","long_solves","256","0.8","19","lean_only","lean_check/lean_judge (Lean 4.34)","2026-09-28","copied","nd-rl:origin/dan:experiment-summaries/2026-09-28-long-pool-length-frontier-pool-wall-at-13-was-the-pool/README.md"
"ours-3.2M-lean_seq-cap6","long-pool re-read C0 T1","3.2M","lean_seq","scratch","depth3 f0 a1 155k","6","T1","S1s0","transfer_long_rr600","600","L_star","256","0.8","12","lean_only","lean_check/lean_judge (Lean 4.34)","2026-09-28","copied","nd-rl:origin/dan:experiment-summaries/2026-09-28-long-pool-length-frontier-pool-wall-at-13-was-the-pool/README.md"
"ours-3.2M-lean_seq-cap6","long-pool re-read C0 T1","3.2M","lean_seq","scratch","depth3 f0 a1 155k","6","T1","S1s0","transfer_long_ge17","70","long_solves","256","0.8","0","lean_only","lean_check/lean_judge (Lean 4.34)","2026-09-28","copied","nd-rl:origin/dan:experiment-summaries/2026-09-28-long-pool-length-frontier-pool-wall-at-13-was-the-pool/README.md"
"ours-3.2M-lean_seq-cap6","long-pool re-read C0 T1","3.2M","lean_seq","scratch","depth3 f0 a1 155k","6","T1","S1s1","transfer_long_rr600","600","long_solves","256","0.8","11","lean_only","lean_check/lean_judge (Lean 4.34)","2026-09-28","copied","nd-rl:origin/dan:experiment-summaries/2026-09-28-long-pool-length-frontier-pool-wall-at-13-was-the-pool/README.md"
"ours-3.2M-lean_seq-cap6","long-pool re-read C0 T1","3.2M","lean_seq","scratch","depth3 f0 a1 155k","6","T1","S1s1","transfer_long_rr600","600","L_star","256","0.8","12","lean_only","lean_check/lean_judge (Lean 4.34)","2026-09-28","copied","nd-rl:origin/dan:experiment-summaries/2026-09-28-long-pool-length-frontier-pool-wall-at-13-was-the-pool/README.md"
"ours-3.2M-lean_seq-cap6","long-pool re-read C0 T1","3.2M","lean_seq","scratch","depth3 f0 a1 155k","6","T1","S1s1","transfer_long_ge17","70","long_solves","256","0.8","0","lean_only","lean_check/lean_judge (Lean 4.34)","2026-09-28","copied","nd-rl:origin/dan:experiment-summaries/2026-09-28-long-pool-length-frontier-pool-wall-at-13-was-the-pool/README.md"
"ours-3.2M-lean_state-cap6","long-pool re-read S frozen","3.216M","lean_state","scratch","depth3 f0 a1 155k","6","frozen","S1s0","transfer_long_rr600","600","long_solves","256","0.8","0","lean_only","lean_check/lean_judge (Lean 4.34)","2026-09-28","copied","nd-rl:origin/dan:experiment-summaries/2026-09-28-long-pool-length-frontier-pool-wall-at-13-was-the-pool/README.md"
"ours-3.2M-lean_state-cap6","long-pool re-read S frozen","3.216M","lean_state","scratch","depth3 f0 a1 155k","6","frozen","S1s0","transfer_long_rr600","600","L_star","256","0.8","","lean_only","lean_check/lean_judge (Lean 4.34)","2026-09-28","copied","nd-rl:origin/dan:experiment-summaries/2026-09-28-long-pool-length-frontier-pool-wall-at-13-was-the-pool/README.md"
"ours-3.2M-lean_state-cap6","long-pool re-read S frozen","3.216M","lean_state","scratch","depth3 f0 a1 155k","6","frozen","S1s0","transfer_long_ge17","70","long_solves","256","0.8","0","lean_only","lean_check/lean_judge (Lean 4.34)","2026-09-28","copied","nd-rl:origin/dan:experiment-summaries/2026-09-28-long-pool-length-frontier-pool-wall-at-13-was-the-pool/README.md"
"ours-3.2M-lean_state-cap6","long-pool re-read S frozen","3.216M","lean_state","scratch","depth3 f0 a1 155k","6","frozen","S1s1","transfer_long_rr600","600","long_solves","256","0.8","2","lean_only","lean_check/lean_judge (Lean 4.34)","2026-09-28","copied","nd-rl:origin/dan:experiment-summaries/2026-09-28-long-pool-length-frontier-pool-wall-at-13-was-the-pool/README.md"
"ours-3.2M-lean_state-cap6","long-pool re-read S frozen","3.216M","lean_state","scratch","depth3 f0 a1 155k","6","frozen","S1s1","transfer_long_rr600","600","L_star","256","0.8","","lean_only","lean_check/lean_judge (Lean 4.34)","2026-09-28","copied","nd-rl:origin/dan:experiment-summaries/2026-09-28-long-pool-length-frontier-pool-wall-at-13-was-the-pool/README.md"
"ours-3.2M-lean_state-cap6","long-pool re-read S frozen","3.216M","lean_state","scratch","depth3 f0 a1 155k","6","frozen","S1s1","transfer_long_ge17","70","long_solves","256","0.8","0","lean_only","lean_check/lean_judge (Lean 4.34)","2026-09-28","copied","nd-rl:origin/dan:experiment-summaries/2026-09-28-long-pool-length-frontier-pool-wall-at-13-was-the-pool/README.md"
"ours-3.2M-SN-cap6","long-pool re-read SN frozen","3.216M","lean_staten","scratch","depth3 f0 a1 155k","6","frozen","S1s0","transfer_long_rr600","600","long_solves","256","0.8","11","lean_only","lean_check/lean_judge (Lean 4.34)","2026-09-28","copied","nd-rl:origin/dan:experiment-summaries/2026-09-28-long-pool-length-frontier-pool-wall-at-13-was-the-pool/README.md"
"ours-3.2M-SN-cap6","long-pool re-read SN frozen","3.216M","lean_staten","scratch","depth3 f0 a1 155k","6","frozen","S1s0","transfer_long_rr600","600","L_star","256","0.8","11","lean_only","lean_check/lean_judge (Lean 4.34)","2026-09-28","copied","nd-rl:origin/dan:experiment-summaries/2026-09-28-long-pool-length-frontier-pool-wall-at-13-was-the-pool/README.md"
"ours-3.2M-SN-cap6","long-pool re-read SN frozen","3.216M","lean_staten","scratch","depth3 f0 a1 155k","6","frozen","S1s0","transfer_long_ge17","70","long_solves","256","0.8","0","lean_only","lean_check/lean_judge (Lean 4.34)","2026-09-28","copied","nd-rl:origin/dan:experiment-summaries/2026-09-28-long-pool-length-frontier-pool-wall-at-13-was-the-pool/README.md"
"ours-3.2M-SN-cap6","long-pool re-read SN frozen","3.216M","lean_staten","scratch","depth3 f0 a1 155k","6","frozen","S1s1","transfer_long_rr600","600","long_solves","256","0.8","4","lean_only","lean_check/lean_judge (Lean 4.34)","2026-09-28","copied","nd-rl:origin/dan:experiment-summaries/2026-09-28-long-pool-length-frontier-pool-wall-at-13-was-the-pool/README.md"
"ours-3.2M-SN-cap6","long-pool re-read SN frozen","3.216M","lean_staten","scratch","depth3 f0 a1 155k","6","frozen","S1s1","transfer_long_rr600","600","L_star","256","0.8","","lean_only","lean_check/lean_judge (Lean 4.34)","2026-09-28","copied","nd-rl:origin/dan:experiment-summaries/2026-09-28-long-pool-length-frontier-pool-wall-at-13-was-the-pool/README.md"
"ours-3.2M-SN-cap6","long-pool re-read SN frozen","3.216M","lean_staten","scratch","depth3 f0 a1 155k","6","frozen","S1s1","transfer_long_ge17","70","long_solves","256","0.8","0","lean_only","lean_check/lean_judge (Lean 4.34)","2026-09-28","copied","nd-rl:origin/dan:experiment-summaries/2026-09-28-long-pool-length-frontier-pool-wall-at-13-was-the-pool/README.md"
"ours-3.2M-lean_seq-cap6","long-pool re-read C0 frozen","3.2M","lean_seq","scratch","depth3 f0 a1 155k","6","frozen","S1s0","transfer_long_rr600","600","long_solves","256","0.8","0","lean_only","lean_check/lean_judge (Lean 4.34)","2026-09-28","copied","nd-rl:origin/dan:experiment-summaries/2026-09-28-long-pool-length-frontier-pool-wall-at-13-was-the-pool/README.md"
"ours-3.2M-lean_seq-cap6","long-pool re-read C0 frozen","3.2M","lean_seq","scratch","depth3 f0 a1 155k","6","frozen","S1s0","transfer_long_rr600","600","L_star","256","0.8","","lean_only","lean_check/lean_judge (Lean 4.34)","2026-09-28","copied","nd-rl:origin/dan:experiment-summaries/2026-09-28-long-pool-length-frontier-pool-wall-at-13-was-the-pool/README.md"
"ours-3.2M-lean_seq-cap6","long-pool re-read C0 frozen","3.2M","lean_seq","scratch","depth3 f0 a1 155k","6","frozen","S1s0","transfer_long_ge17","70","long_solves","256","0.8","0","lean_only","lean_check/lean_judge (Lean 4.34)","2026-09-28","copied","nd-rl:origin/dan:experiment-summaries/2026-09-28-long-pool-length-frontier-pool-wall-at-13-was-the-pool/README.md"
"ours-3.2M-lean_seq-cap6","long-pool re-read C0 frozen","3.2M","lean_seq","scratch","depth3 f0 a1 155k","6","frozen","S1s1","transfer_long_rr600","600","long_solves","256","0.8","0","lean_only","lean_check/lean_judge (Lean 4.34)","2026-09-28","copied","nd-rl:origin/dan:experiment-summaries/2026-09-28-long-pool-length-frontier-pool-wall-at-13-was-the-pool/README.md"
"ours-3.2M-lean_seq-cap6","long-pool re-read C0 frozen","3.2M","lean_seq","scratch","depth3 f0 a1 155k","6","frozen","S1s1","transfer_long_rr600","600","L_star","256","0.8","","lean_only","lean_check/lean_judge (Lean 4.34)","2026-09-28","copied","nd-rl:origin/dan:experiment-summaries/2026-09-28-long-pool-length-frontier-pool-wall-at-13-was-the-pool/README.md"
"ours-3.2M-lean_seq-cap6","long-pool re-read C0 frozen","3.2M","lean_seq","scratch","depth3 f0 a1 155k","6","frozen","S1s1","transfer_long_ge17","70","long_solves","256","0.8","0","lean_only","lean_check/lean_judge (Lean 4.34)","2026-09-28","copied","nd-rl:origin/dan:experiment-summaries/2026-09-28-long-pool-length-frontier-pool-wall-at-13-was-the-pool/README.md"
"ours-3.2M-lean_seq-cap12","long-pool re-read K12 frozen","3.2M","lean_seq","scratch","cap-12 flat 155k","12","frozen","S1s0","transfer_long_rr600","600","long_solves","256","0.8","88","lean_only","lean_check/lean_judge (Lean 4.34)","2026-09-28","copied","nd-rl:origin/dan:experiment-summaries/2026-09-28-long-pool-length-frontier-pool-wall-at-13-was-the-pool/README.md"
"ours-3.2M-lean_seq-cap12","long-pool re-read K12 frozen","3.2M","lean_seq","scratch","cap-12 flat 155k","12","frozen","S1s0","transfer_long_rr600","600","L_star","256","0.8","15","lean_only","lean_check/lean_judge (Lean 4.34)","2026-09-28","copied","nd-rl:origin/dan:experiment-summaries/2026-09-28-long-pool-length-frontier-pool-wall-at-13-was-the-pool/README.md"
"ours-3.2M-lean_seq-cap12","long-pool re-read K12 frozen","3.2M","lean_seq","scratch","cap-12 flat 155k","12","frozen","S1s0","transfer_long_ge17","70","long_solves","256","0.8","0","lean_only","lean_check/lean_judge (Lean 4.34)","2026-09-28","copied","nd-rl:origin/dan:experiment-summaries/2026-09-28-long-pool-length-frontier-pool-wall-at-13-was-the-pool/README.md"
"ours-3.2M-lean_seq-cap14","long-pool re-read K14 frozen","3.2M","lean_seq","scratch","cap-14 flat 155k","14","frozen","S1s0","transfer_long_rr600","600","long_solves","256","0.8","118","lean_only","lean_check/lean_judge (Lean 4.34)","2026-09-28","copied","nd-rl:origin/dan:experiment-summaries/2026-09-28-long-pool-length-frontier-pool-wall-at-13-was-the-pool/README.md"
"ours-3.2M-lean_seq-cap14","long-pool re-read K14 frozen","3.2M","lean_seq","scratch","cap-14 flat 155k","14","frozen","S1s0","transfer_long_rr600","600","L_star","256","0.8","16","lean_only","lean_check/lean_judge (Lean 4.34)","2026-09-28","copied","nd-rl:origin/dan:experiment-summaries/2026-09-28-long-pool-length-frontier-pool-wall-at-13-was-the-pool/README.md"
"ours-3.2M-lean_seq-cap14","long-pool re-read K14 frozen","3.2M","lean_seq","scratch","cap-14 flat 155k","14","frozen","S1s0","transfer_long_ge17","70","long_solves","256","0.8","0","lean_only","lean_check/lean_judge (Lean 4.34)","2026-09-28","copied","nd-rl:origin/dan:experiment-summaries/2026-09-28-long-pool-length-frontier-pool-wall-at-13-was-the-pool/README.md"
"ours-3.2M-lean_state-cap6","state-env S T1","3.216M","lean_state","scratch","depth3 f0 a1 155k","6","T1","S1s0","transfer2285","2285","solved","256","0.8","1348","lean_only","lean_check/lean_judge (Lean 4.34)","2026-09-28","copied","nd-rl:origin/dan:experiment-summaries/2026-09-28-state-env-state-lifts-below-the-wall/README.md"
"ours-3.2M-lean_state-cap6","state-env S T1","3.216M","lean_state","scratch","depth3 f0 a1 155k","6","T1","S1s0","transfer2285","2285","L_star","256","0.8","12","lean_only","lean_check/lean_judge (Lean 4.34)","2026-09-28","copied","nd-rl:origin/dan:experiment-summaries/2026-09-28-state-env-state-lifts-below-the-wall/README.md"
"ours-3.2M-lean_state-cap6","state-env S frozen","3.216M","lean_state","scratch","depth3 f0 a1 155k","6","frozen","S1s0","transfer2285","2285","solved","256","0.8","779","lean_only","lean_check/lean_judge (Lean 4.34)","2026-09-28","copied","nd-rl:origin/dan:experiment-summaries/2026-09-28-state-env-state-lifts-below-the-wall/README.md"
"ours-3.2M-lean_state-cap6","state-env S frozen","3.216M","lean_state","scratch","depth3 f0 a1 155k","6","frozen","S1s0","transfer2285","2285","L_star","256","0.8","11","lean_only","lean_check/lean_judge (Lean 4.34)","2026-09-28","copied","nd-rl:origin/dan:experiment-summaries/2026-09-28-state-env-state-lifts-below-the-wall/README.md"
"ours-3.2M-lean_state-cap6","state-env S T1","3.216M","lean_state","scratch","depth3 f0 a1 155k","6","T1","S1s0","textbook760 (19 schemata x 40)","760","solved","256","0.8","182","lean_only","lean_check/lean_judge (Lean 4.34)","2026-09-28","copied","nd-rl:origin/dan:experiment-summaries/2026-09-28-state-env-state-lifts-below-the-wall/README.md"
"ours-3.2M-lean_state-cap6","state-env S Stage-1","3.216M","lean_state","scratch","depth3 f0 a1 155k","6","frozen","S1s0","heldout5000-p2","5000","greedy_acc","1","0","0.958","lean_only","lean_check/lean_judge (Lean 4.34)","2026-09-28","copied","nd-rl:origin/dan:experiment-summaries/2026-09-28-state-env-state-lifts-below-the-wall/README.md"
"ours-3.2M-lean_state-cap6","state-env S T1","3.216M","lean_state","scratch","depth3 f0 a1 155k","6","T1","S1s1","transfer2285","2285","solved","256","0.8","1389","lean_only","lean_check/lean_judge (Lean 4.34)","2026-09-28","copied","nd-rl:origin/dan:experiment-summaries/2026-09-28-state-env-state-lifts-below-the-wall/README.md"
"ours-3.2M-lean_state-cap6","state-env S T1","3.216M","lean_state","scratch","depth3 f0 a1 155k","6","T1","S1s1","transfer2285","2285","L_star","256","0.8","12","lean_only","lean_check/lean_judge (Lean 4.34)","2026-09-28","copied","nd-rl:origin/dan:experiment-summaries/2026-09-28-state-env-state-lifts-below-the-wall/README.md"
"ours-3.2M-lean_state-cap6","state-env S frozen","3.216M","lean_state","scratch","depth3 f0 a1 155k","6","frozen","S1s1","transfer2285","2285","solved","256","0.8","787","lean_only","lean_check/lean_judge (Lean 4.34)","2026-09-28","copied","nd-rl:origin/dan:experiment-summaries/2026-09-28-state-env-state-lifts-below-the-wall/README.md"
"ours-3.2M-lean_state-cap6","state-env S frozen","3.216M","lean_state","scratch","depth3 f0 a1 155k","6","frozen","S1s1","transfer2285","2285","L_star","256","0.8","10","lean_only","lean_check/lean_judge (Lean 4.34)","2026-09-28","copied","nd-rl:origin/dan:experiment-summaries/2026-09-28-state-env-state-lifts-below-the-wall/README.md"
"ours-3.2M-lean_state-cap6","state-env S T1","3.216M","lean_state","scratch","depth3 f0 a1 155k","6","T1","S1s1","textbook760 (19 schemata x 40)","760","solved","256","0.8","216","lean_only","lean_check/lean_judge (Lean 4.34)","2026-09-28","copied","nd-rl:origin/dan:experiment-summaries/2026-09-28-state-env-state-lifts-below-the-wall/README.md"
"ours-3.2M-lean_state-cap6","state-env S Stage-1","3.216M","lean_state","scratch","depth3 f0 a1 155k","6","frozen","S1s1","heldout5000-p2","5000","greedy_acc","1","0","0.801","lean_only","lean_check/lean_judge (Lean 4.34)","2026-09-28","copied","nd-rl:origin/dan:experiment-summaries/2026-09-28-state-env-state-lifts-below-the-wall/README.md"
"ours-3.2M-lean_stateh-cap6","state-env SH T1","3.216M","lean_stateh","scratch","depth3 f0 a1 155k","6","T1","S1s0","transfer2285","2285","solved","256","0.8","1257","lean_only","lean_check/lean_judge (Lean 4.34)","2026-09-28","copied","nd-rl:origin/dan:experiment-summaries/2026-09-28-state-env-state-lifts-below-the-wall/README.md"
"ours-3.2M-lean_stateh-cap6","state-env SH T1","3.216M","lean_stateh","scratch","depth3 f0 a1 155k","6","T1","S1s0","transfer2285","2285","L_star","256","0.8","12","lean_only","lean_check/lean_judge (Lean 4.34)","2026-09-28","copied","nd-rl:origin/dan:experiment-summaries/2026-09-28-state-env-state-lifts-below-the-wall/README.md"
"ours-3.2M-lean_stateh-cap6","state-env SH frozen","3.216M","lean_stateh","scratch","depth3 f0 a1 155k","6","frozen","S1s0","transfer2285","2285","solved","256","0.8","516","lean_only","lean_check/lean_judge (Lean 4.34)","2026-09-28","copied","nd-rl:origin/dan:experiment-summaries/2026-09-28-state-env-state-lifts-below-the-wall/README.md"
"ours-3.2M-lean_stateh-cap6","state-env SH frozen","3.216M","lean_stateh","scratch","depth3 f0 a1 155k","6","frozen","S1s0","transfer2285","2285","L_star","256","0.8","10","lean_only","lean_check/lean_judge (Lean 4.34)","2026-09-28","copied","nd-rl:origin/dan:experiment-summaries/2026-09-28-state-env-state-lifts-below-the-wall/README.md"
"ours-3.2M-lean_stateh-cap6","state-env SH T1","3.216M","lean_stateh","scratch","depth3 f0 a1 155k","6","T1","S1s0","textbook760 (19 schemata x 40)","760","solved","256","0.8","148","lean_only","lean_check/lean_judge (Lean 4.34)","2026-09-28","copied","nd-rl:origin/dan:experiment-summaries/2026-09-28-state-env-state-lifts-below-the-wall/README.md"
"ours-3.2M-lean_stateh-cap6","state-env SH Stage-1","3.216M","lean_stateh","scratch","depth3 f0 a1 155k","6","frozen","S1s0","heldout5000-p2","5000","greedy_acc","1","0","0.952","lean_only","lean_check/lean_judge (Lean 4.34)","2026-09-28","copied","nd-rl:origin/dan:experiment-summaries/2026-09-28-state-env-state-lifts-below-the-wall/README.md"
"ours-3.2M-lean_stateh-cap6","state-env SH T1","3.216M","lean_stateh","scratch","depth3 f0 a1 155k","6","T1","S1s1","transfer2285","2285","solved","256","0.8","1390","lean_only","lean_check/lean_judge (Lean 4.34)","2026-09-28","copied","nd-rl:origin/dan:experiment-summaries/2026-09-28-state-env-state-lifts-below-the-wall/README.md"
"ours-3.2M-lean_stateh-cap6","state-env SH T1","3.216M","lean_stateh","scratch","depth3 f0 a1 155k","6","T1","S1s1","transfer2285","2285","L_star","256","0.8","12","lean_only","lean_check/lean_judge (Lean 4.34)","2026-09-28","copied","nd-rl:origin/dan:experiment-summaries/2026-09-28-state-env-state-lifts-below-the-wall/README.md"
"ours-3.2M-lean_stateh-cap6","state-env SH frozen","3.216M","lean_stateh","scratch","depth3 f0 a1 155k","6","frozen","S1s1","transfer2285","2285","solved","256","0.8","479","lean_only","lean_check/lean_judge (Lean 4.34)","2026-09-28","copied","nd-rl:origin/dan:experiment-summaries/2026-09-28-state-env-state-lifts-below-the-wall/README.md"
"ours-3.2M-lean_stateh-cap6","state-env SH frozen","3.216M","lean_stateh","scratch","depth3 f0 a1 155k","6","frozen","S1s1","transfer2285","2285","L_star","256","0.8","10","lean_only","lean_check/lean_judge (Lean 4.34)","2026-09-28","copied","nd-rl:origin/dan:experiment-summaries/2026-09-28-state-env-state-lifts-below-the-wall/README.md"
"ours-3.2M-lean_stateh-cap6","state-env SH T1","3.216M","lean_stateh","scratch","depth3 f0 a1 155k","6","T1","S1s1","textbook760 (19 schemata x 40)","760","solved","256","0.8","201","lean_only","lean_check/lean_judge (Lean 4.34)","2026-09-28","copied","nd-rl:origin/dan:experiment-summaries/2026-09-28-state-env-state-lifts-below-the-wall/README.md"
"ours-3.2M-lean_stateh-cap6","state-env SH Stage-1","3.216M","lean_stateh","scratch","depth3 f0 a1 155k","6","frozen","S1s1","heldout5000-p2","5000","greedy_acc","1","0","0.955","lean_only","lean_check/lean_judge (Lean 4.34)","2026-09-28","copied","nd-rl:origin/dan:experiment-summaries/2026-09-28-state-env-state-lifts-below-the-wall/README.md"
"ours-3.2M-SN-cap6","state-env SN-v2 T1","3.216M","lean_staten","scratch","depth3 f0 a1 155k","6","T1","S1s0","transfer2285","2285","solved","256","0.8","1557","lean_only","lean_check/lean_judge (Lean 4.34)","2026-09-28","copied","nd-rl:origin/dan:experiment-summaries/2026-09-28-state-env-state-lifts-below-the-wall/README.md"
"ours-3.2M-SN-cap6","state-env SN-v2 T1","3.216M","lean_staten","scratch","depth3 f0 a1 155k","6","T1","S1s0","transfer2285","2285","L_star","256","0.8","12","lean_only","lean_check/lean_judge (Lean 4.34)","2026-09-28","copied","nd-rl:origin/dan:experiment-summaries/2026-09-28-state-env-state-lifts-below-the-wall/README.md"
"ours-3.2M-SN-cap6","state-env SN-v2 frozen","3.216M","lean_staten","scratch","depth3 f0 a1 155k","6","frozen","S1s0","transfer2285","2285","solved","256","0.8","975","lean_only","lean_check/lean_judge (Lean 4.34)","2026-09-28","copied","nd-rl:origin/dan:experiment-summaries/2026-09-28-state-env-state-lifts-below-the-wall/README.md"
"ours-3.2M-SN-cap6","state-env SN-v2 frozen","3.216M","lean_staten","scratch","depth3 f0 a1 155k","6","frozen","S1s0","transfer2285","2285","L_star","256","0.8","11","lean_only","lean_check/lean_judge (Lean 4.34)","2026-09-28","copied","nd-rl:origin/dan:experiment-summaries/2026-09-28-state-env-state-lifts-below-the-wall/README.md"
"ours-3.2M-SN-cap6","state-env SN-v2 T1","3.216M","lean_staten","scratch","depth3 f0 a1 155k","6","T1","S1s0","textbook760 (19 schemata x 40)","760","solved","256","0.8","236","lean_only","lean_check/lean_judge (Lean 4.34)","2026-09-28","copied","nd-rl:origin/dan:experiment-summaries/2026-09-28-state-env-state-lifts-below-the-wall/README.md"
"ours-3.2M-SN-cap6","state-env SN-v2 Stage-1","3.216M","lean_staten","scratch","depth3 f0 a1 155k","6","frozen","S1s0","heldout5000-p2","5000","greedy_acc","1","0","0.970","lean_only","lean_check/lean_judge (Lean 4.34)","2026-09-28","copied","nd-rl:origin/dan:experiment-summaries/2026-09-28-state-env-state-lifts-below-the-wall/README.md"
"ours-3.2M-SN-cap6","state-env SN-v2 T1","3.216M","lean_staten","scratch","depth3 f0 a1 155k","6","T1","S1s1","transfer2285","2285","solved","256","0.8","1403","lean_only","lean_check/lean_judge (Lean 4.34)","2026-09-28","copied","nd-rl:origin/dan:experiment-summaries/2026-09-28-state-env-state-lifts-below-the-wall/README.md"
"ours-3.2M-SN-cap6","state-env SN-v2 T1","3.216M","lean_staten","scratch","depth3 f0 a1 155k","6","T1","S1s1","transfer2285","2285","L_star","256","0.8","12","lean_only","lean_check/lean_judge (Lean 4.34)","2026-09-28","copied","nd-rl:origin/dan:experiment-summaries/2026-09-28-state-env-state-lifts-below-the-wall/README.md"
"ours-3.2M-SN-cap6","state-env SN-v2 frozen","3.216M","lean_staten","scratch","depth3 f0 a1 155k","6","frozen","S1s1","transfer2285","2285","solved","256","0.8","801","lean_only","lean_check/lean_judge (Lean 4.34)","2026-09-28","copied","nd-rl:origin/dan:experiment-summaries/2026-09-28-state-env-state-lifts-below-the-wall/README.md"
"ours-3.2M-SN-cap6","state-env SN-v2 frozen","3.216M","lean_staten","scratch","depth3 f0 a1 155k","6","frozen","S1s1","transfer2285","2285","L_star","256","0.8","11","lean_only","lean_check/lean_judge (Lean 4.34)","2026-09-28","copied","nd-rl:origin/dan:experiment-summaries/2026-09-28-state-env-state-lifts-below-the-wall/README.md"
"ours-3.2M-SN-cap6","state-env SN-v2 T1","3.216M","lean_staten","scratch","depth3 f0 a1 155k","6","T1","S1s1","textbook760 (19 schemata x 40)","760","solved","256","0.8","197","lean_only","lean_check/lean_judge (Lean 4.34)","2026-09-28","copied","nd-rl:origin/dan:experiment-summaries/2026-09-28-state-env-state-lifts-below-the-wall/README.md"
"ours-3.2M-SN-cap6","state-env SN-v2 Stage-1","3.216M","lean_staten","scratch","depth3 f0 a1 155k","6","frozen","S1s1","heldout5000-p2","5000","greedy_acc","1","0","0.958","lean_only","lean_check/lean_judge (Lean 4.34)","2026-09-28","copied","nd-rl:origin/dan:experiment-summaries/2026-09-28-state-env-state-lifts-below-the-wall/README.md"
"ours-3.2M-lean_seq-cap6","C0 T1 (via state-env table)","3.2M","lean_seq","scratch","depth3 f0 a1 155k","6","T1","S1s0","textbook760 (19 schemata x 40)","760","solved","256","0.8","37","lean_and_ndverify","Lean 4.34 + nd_verify","2026-09-28","copied","nd-rl:origin/dan:experiment-summaries/2026-09-28-state-env-state-lifts-below-the-wall/README.md"
"ours-3.2M-lean_seq-cap6","C0 T1 (via state-env table)","3.2M","lean_seq","scratch","depth3 f0 a1 155k","6","T1","S1s1","textbook760 (19 schemata x 40)","760","solved","256","0.8","89","lean_and_ndverify","Lean 4.34 + nd_verify","2026-09-28","copied","nd-rl:origin/dan:experiment-summaries/2026-09-28-state-env-state-lifts-below-the-wall/README.md"
"ours-3.2M-lean_state-cap6","state-frontier S T1 final","3.216M","lean_state","scratch","depth3 f0 a1 155k","6","T1","S1s0","sf2_long L_true>=13","23","solved","256","0.8","1","lean_only","lean_check/lean_judge (Lean 4.34)","2026-09-28","copied","nd-rl:origin/dan:experiment-summaries/2026-09-28-state-frontier-state-passes-12-rarely-no-low-mode-in-12-seeds/README.md"
"ours-3.2M-lean_state-cap6","state-frontier S T1 final","3.216M","lean_state","scratch","depth3 f0 a1 155k","6","T1","S1s0","sf2_long L_true 11-12","201","solved","256","0.8","40","lean_only","lean_check/lean_judge (Lean 4.34)","2026-09-28","copied","nd-rl:origin/dan:experiment-summaries/2026-09-28-state-frontier-state-passes-12-rarely-no-low-mode-in-12-seeds/README.md"
"ours-3.2M-lean_state-cap6","state-frontier S T1 final","3.216M","lean_state","scratch","depth3 f0 a1 155k","6","T1","S1s1","sf2_long L_true>=13","23","solved","256","0.8","3","lean_only","lean_check/lean_judge (Lean 4.34)","2026-09-28","copied","nd-rl:origin/dan:experiment-summaries/2026-09-28-state-frontier-state-passes-12-rarely-no-low-mode-in-12-seeds/README.md"
"ours-3.2M-lean_state-cap6","state-frontier S T1 final","3.216M","lean_state","scratch","depth3 f0 a1 155k","6","T1","S1s1","sf2_long L_true 11-12","201","solved","256","0.8","40","lean_only","lean_check/lean_judge (Lean 4.34)","2026-09-28","copied","nd-rl:origin/dan:experiment-summaries/2026-09-28-state-frontier-state-passes-12-rarely-no-low-mode-in-12-seeds/README.md"
"ours-3.2M-lean_state-cap6","state-frontier S T1 final","3.216M","lean_state","scratch","depth3 f0 a1 155k","6","T1","S1s2","sf2_long L_true>=13","23","solved","256","0.8","4","lean_only","lean_check/lean_judge (Lean 4.34)","2026-09-28","copied","nd-rl:origin/dan:experiment-summaries/2026-09-28-state-frontier-state-passes-12-rarely-no-low-mode-in-12-seeds/README.md"
"ours-3.2M-lean_state-cap6","state-frontier S T1 final","3.216M","lean_state","scratch","depth3 f0 a1 155k","6","T1","S1s2","sf2_long L_true 11-12","201","solved","256","0.8","57","lean_only","lean_check/lean_judge (Lean 4.34)","2026-09-28","copied","nd-rl:origin/dan:experiment-summaries/2026-09-28-state-frontier-state-passes-12-rarely-no-low-mode-in-12-seeds/README.md"
"ours-3.2M-lean_state-cap6","state-frontier S T1 final","3.216M","lean_state","scratch","depth3 f0 a1 155k","6","T1","S1s3","sf2_long L_true>=13","23","solved","256","0.8","3","lean_only","lean_check/lean_judge (Lean 4.34)","2026-09-28","copied","nd-rl:origin/dan:experiment-summaries/2026-09-28-state-frontier-state-passes-12-rarely-no-low-mode-in-12-seeds/README.md"
"ours-3.2M-lean_state-cap6","state-frontier S T1 final","3.216M","lean_state","scratch","depth3 f0 a1 155k","6","T1","S1s3","sf2_long L_true 11-12","201","solved","256","0.8","70","lean_only","lean_check/lean_judge (Lean 4.34)","2026-09-28","copied","nd-rl:origin/dan:experiment-summaries/2026-09-28-state-frontier-state-passes-12-rarely-no-low-mode-in-12-seeds/README.md"
"ours-3.2M-lean_state-cap6","state-frontier S base Stage-1","3.216M","lean_state","scratch","depth3 f0 a1 155k","6","frozen","S1s0","sf2_long L_true>=13","23","solved","256","0.8","0","lean_only","lean_check/lean_judge (Lean 4.34)","2026-09-28","copied","nd-rl:origin/dan:experiment-summaries/2026-09-28-state-frontier-state-passes-12-rarely-no-low-mode-in-12-seeds/README.md"
"ours-3.2M-lean_state-cap6","state-frontier S base Stage-1","3.216M","lean_state","scratch","depth3 f0 a1 155k","6","frozen","S1s0","sf2_long L_true 11-12","201","solved","256","0.8","5","lean_only","lean_check/lean_judge (Lean 4.34)","2026-09-28","copied","nd-rl:origin/dan:experiment-summaries/2026-09-28-state-frontier-state-passes-12-rarely-no-low-mode-in-12-seeds/README.md"
"ours-3.2M-lean_state-cap6","state-frontier S base Stage-1","3.216M","lean_state","scratch","depth3 f0 a1 155k","6","frozen","S1s1","sf2_long L_true>=13","23","solved","256","0.8","0","lean_only","lean_check/lean_judge (Lean 4.34)","2026-09-28","copied","nd-rl:origin/dan:experiment-summaries/2026-09-28-state-frontier-state-passes-12-rarely-no-low-mode-in-12-seeds/README.md"
"ours-3.2M-lean_state-cap6","state-frontier S base Stage-1","3.216M","lean_state","scratch","depth3 f0 a1 155k","6","frozen","S1s1","sf2_long L_true 11-12","201","solved","256","0.8","3","lean_only","lean_check/lean_judge (Lean 4.34)","2026-09-28","copied","nd-rl:origin/dan:experiment-summaries/2026-09-28-state-frontier-state-passes-12-rarely-no-low-mode-in-12-seeds/README.md"
"ours-3.2M-lean_state-cap6","state-frontier S base Stage-1","3.216M","lean_state","scratch","depth3 f0 a1 155k","6","frozen","S1s2","sf2_long L_true>=13","23","solved","256","0.8","0","lean_only","lean_check/lean_judge (Lean 4.34)","2026-09-28","copied","nd-rl:origin/dan:experiment-summaries/2026-09-28-state-frontier-state-passes-12-rarely-no-low-mode-in-12-seeds/README.md"
"ours-3.2M-lean_state-cap6","state-frontier S base Stage-1","3.216M","lean_state","scratch","depth3 f0 a1 155k","6","frozen","S1s2","sf2_long L_true 11-12","201","solved","256","0.8","6","lean_only","lean_check/lean_judge (Lean 4.34)","2026-09-28","copied","nd-rl:origin/dan:experiment-summaries/2026-09-28-state-frontier-state-passes-12-rarely-no-low-mode-in-12-seeds/README.md"
"ours-3.2M-lean_state-cap6","state-frontier S base Stage-1","3.216M","lean_state","scratch","depth3 f0 a1 155k","6","frozen","S1s3","sf2_long L_true>=13","23","solved","256","0.8","0","lean_only","lean_check/lean_judge (Lean 4.34)","2026-09-28","copied","nd-rl:origin/dan:experiment-summaries/2026-09-28-state-frontier-state-passes-12-rarely-no-low-mode-in-12-seeds/README.md"
"ours-3.2M-lean_state-cap6","state-frontier S base Stage-1","3.216M","lean_state","scratch","depth3 f0 a1 155k","6","frozen","S1s3","sf2_long L_true 11-12","201","solved","256","0.8","14","lean_only","lean_check/lean_judge (Lean 4.34)","2026-09-28","copied","nd-rl:origin/dan:experiment-summaries/2026-09-28-state-frontier-state-passes-12-rarely-no-low-mode-in-12-seeds/README.md"
"ours-3.2M-SN-cap6","state-frontier SN T1 final","3.216M","lean_staten","scratch","depth3 f0 a1 155k","6","T1","S1s0","sf2_long L_true>=13","23","solved","256","0.8","5","lean_only","lean_check/lean_judge (Lean 4.34)","2026-09-28","copied","nd-rl:origin/dan:experiment-summaries/2026-09-28-state-frontier-state-passes-12-rarely-no-low-mode-in-12-seeds/README.md"
"ours-3.2M-SN-cap6","state-frontier SN T1 final","3.216M","lean_staten","scratch","depth3 f0 a1 155k","6","T1","S1s0","sf2_long L_true 11-12","201","solved","256","0.8","67","lean_only","lean_check/lean_judge (Lean 4.34)","2026-09-28","copied","nd-rl:origin/dan:experiment-summaries/2026-09-28-state-frontier-state-passes-12-rarely-no-low-mode-in-12-seeds/README.md"
"ours-3.2M-SN-cap6","state-frontier SN T1 final","3.216M","lean_staten","scratch","depth3 f0 a1 155k","6","T1","S1s1","sf2_long L_true>=13","23","solved","256","0.8","1","lean_only","lean_check/lean_judge (Lean 4.34)","2026-09-28","copied","nd-rl:origin/dan:experiment-summaries/2026-09-28-state-frontier-state-passes-12-rarely-no-low-mode-in-12-seeds/README.md"
"ours-3.2M-SN-cap6","state-frontier SN T1 final","3.216M","lean_staten","scratch","depth3 f0 a1 155k","6","T1","S1s1","sf2_long L_true 11-12","201","solved","256","0.8","48","lean_only","lean_check/lean_judge (Lean 4.34)","2026-09-28","copied","nd-rl:origin/dan:experiment-summaries/2026-09-28-state-frontier-state-passes-12-rarely-no-low-mode-in-12-seeds/README.md"
"ours-3.2M-SN-cap6","state-frontier SN base Stage-1","3.216M","lean_staten","scratch","depth3 f0 a1 155k","6","frozen","S1s0","sf2_long L_true>=13","23","solved","256","0.8","0","lean_only","lean_check/lean_judge (Lean 4.34)","2026-09-28","copied","nd-rl:origin/dan:experiment-summaries/2026-09-28-state-frontier-state-passes-12-rarely-no-low-mode-in-12-seeds/README.md"
"ours-3.2M-SN-cap6","state-frontier SN base Stage-1","3.216M","lean_staten","scratch","depth3 f0 a1 155k","6","frozen","S1s0","sf2_long L_true 11-12","201","solved","256","0.8","10","lean_only","lean_check/lean_judge (Lean 4.34)","2026-09-28","copied","nd-rl:origin/dan:experiment-summaries/2026-09-28-state-frontier-state-passes-12-rarely-no-low-mode-in-12-seeds/README.md"
"ours-3.2M-SN-cap6","state-frontier SN base Stage-1","3.216M","lean_staten","scratch","depth3 f0 a1 155k","6","frozen","S1s1","sf2_long L_true>=13","23","solved","256","0.8","0","lean_only","lean_check/lean_judge (Lean 4.34)","2026-09-28","copied","nd-rl:origin/dan:experiment-summaries/2026-09-28-state-frontier-state-passes-12-rarely-no-low-mode-in-12-seeds/README.md"
"ours-3.2M-SN-cap6","state-frontier SN base Stage-1","3.216M","lean_staten","scratch","depth3 f0 a1 155k","6","frozen","S1s1","sf2_long L_true 11-12","201","solved","256","0.8","6","lean_only","lean_check/lean_judge (Lean 4.34)","2026-09-28","copied","nd-rl:origin/dan:experiment-summaries/2026-09-28-state-frontier-state-passes-12-rarely-no-low-mode-in-12-seeds/README.md"
"ours-3.2M-SN-cap6","state-frontier SN base Stage-1","3.216M","lean_staten","scratch","depth3 f0 a1 155k","6","frozen","S1s2","sf2_long L_true>=13","23","solved","256","0.8","0","lean_only","lean_check/lean_judge (Lean 4.34)","2026-09-28","copied","nd-rl:origin/dan:experiment-summaries/2026-09-28-state-frontier-state-passes-12-rarely-no-low-mode-in-12-seeds/README.md"
"ours-3.2M-SN-cap6","state-frontier SN base Stage-1","3.216M","lean_staten","scratch","depth3 f0 a1 155k","6","frozen","S1s2","sf2_long L_true 11-12","201","solved","256","0.8","6","lean_only","lean_check/lean_judge (Lean 4.34)","2026-09-28","copied","nd-rl:origin/dan:experiment-summaries/2026-09-28-state-frontier-state-passes-12-rarely-no-low-mode-in-12-seeds/README.md"
"ours-3.2M-SN-cap6","state-frontier SN base Stage-1","3.216M","lean_staten","scratch","depth3 f0 a1 155k","6","frozen","S1s3","sf2_long L_true>=13","23","solved","256","0.8","1","lean_only","lean_check/lean_judge (Lean 4.34)","2026-09-28","copied","nd-rl:origin/dan:experiment-summaries/2026-09-28-state-frontier-state-passes-12-rarely-no-low-mode-in-12-seeds/README.md"
"ours-3.2M-SN-cap6","state-frontier SN base Stage-1","3.216M","lean_staten","scratch","depth3 f0 a1 155k","6","frozen","S1s3","sf2_long L_true 11-12","201","solved","256","0.8","10","lean_only","lean_check/lean_judge (Lean 4.34)","2026-09-28","copied","nd-rl:origin/dan:experiment-summaries/2026-09-28-state-frontier-state-passes-12-rarely-no-low-mode-in-12-seeds/README.md"
"ours-3.2M-SN-cap6","state-frontier SN base Stage-1","3.216M","lean_staten","scratch","depth3 f0 a1 155k","6","frozen","S1s4","sf2_long L_true>=13","23","solved","256","0.8","0","lean_only","lean_check/lean_judge (Lean 4.34)","2026-09-28","copied","nd-rl:origin/dan:experiment-summaries/2026-09-28-state-frontier-state-passes-12-rarely-no-low-mode-in-12-seeds/README.md"
"ours-3.2M-SN-cap6","state-frontier SN base Stage-1","3.216M","lean_staten","scratch","depth3 f0 a1 155k","6","frozen","S1s4","sf2_long L_true 11-12","201","solved","256","0.8","2","lean_only","lean_check/lean_judge (Lean 4.34)","2026-09-28","copied","nd-rl:origin/dan:experiment-summaries/2026-09-28-state-frontier-state-passes-12-rarely-no-low-mode-in-12-seeds/README.md"
"ours-3.2M-SN-cap6","state-frontier SN base Stage-1","3.216M","lean_staten","scratch","depth3 f0 a1 155k","6","frozen","S1s5","sf2_long L_true>=13","23","solved","256","0.8","0","lean_only","lean_check/lean_judge (Lean 4.34)","2026-09-28","copied","nd-rl:origin/dan:experiment-summaries/2026-09-28-state-frontier-state-passes-12-rarely-no-low-mode-in-12-seeds/README.md"
"ours-3.2M-SN-cap6","state-frontier SN base Stage-1","3.216M","lean_staten","scratch","depth3 f0 a1 155k","6","frozen","S1s5","sf2_long L_true 11-12","201","solved","256","0.8","6","lean_only","lean_check/lean_judge (Lean 4.34)","2026-09-28","copied","nd-rl:origin/dan:experiment-summaries/2026-09-28-state-frontier-state-passes-12-rarely-no-low-mode-in-12-seeds/README.md"
"ours-3.2M-lean_seq-cap6","state-frontier C0 T1 final","3.2M","lean_seq","scratch","depth3 f0 a1 155k","6","T1","S1s0","sf2_long L_true>=13","23","solved","256","0.8","1","lean_only","lean_check/lean_judge (Lean 4.34)","2026-09-28","copied","nd-rl:origin/dan:experiment-summaries/2026-09-28-state-frontier-state-passes-12-rarely-no-low-mode-in-12-seeds/README.md"
"ours-3.2M-lean_seq-cap6","state-frontier C0 T1 final","3.2M","lean_seq","scratch","depth3 f0 a1 155k","6","T1","S1s0","sf2_long L_true 11-12","201","solved","256","0.8","21","lean_only","lean_check/lean_judge (Lean 4.34)","2026-09-28","copied","nd-rl:origin/dan:experiment-summaries/2026-09-28-state-frontier-state-passes-12-rarely-no-low-mode-in-12-seeds/README.md"
"ours-3.2M-lean_seq-cap6","state-frontier C0 T1 final","3.2M","lean_seq","scratch","depth3 f0 a1 155k","6","T1","S1s1","sf2_long L_true>=13","23","solved","256","0.8","0","lean_only","lean_check/lean_judge (Lean 4.34)","2026-09-28","copied","nd-rl:origin/dan:experiment-summaries/2026-09-28-state-frontier-state-passes-12-rarely-no-low-mode-in-12-seeds/README.md"
"ours-3.2M-lean_seq-cap6","state-frontier C0 T1 final","3.2M","lean_seq","scratch","depth3 f0 a1 155k","6","T1","S1s1","sf2_long L_true 11-12","201","solved","256","0.8","22","lean_only","lean_check/lean_judge (Lean 4.34)","2026-09-28","copied","nd-rl:origin/dan:experiment-summaries/2026-09-28-state-frontier-state-passes-12-rarely-no-low-mode-in-12-seeds/README.md"
"ours-3.2M-lean_seq-cap6","state-frontier C0 base Stage-1","3.2M","lean_seq","scratch","depth3 f0 a1 155k","6","frozen","S1s0","sf2_long L_true>=13","23","solved","256","0.8","0","lean_only","lean_check/lean_judge (Lean 4.34)","2026-09-28","copied","nd-rl:origin/dan:experiment-summaries/2026-09-28-state-frontier-state-passes-12-rarely-no-low-mode-in-12-seeds/README.md"
"ours-3.2M-lean_seq-cap6","state-frontier C0 base Stage-1","3.2M","lean_seq","scratch","depth3 f0 a1 155k","6","frozen","S1s0","sf2_long L_true 11-12","201","solved","256","0.8","0","lean_only","lean_check/lean_judge (Lean 4.34)","2026-09-28","copied","nd-rl:origin/dan:experiment-summaries/2026-09-28-state-frontier-state-passes-12-rarely-no-low-mode-in-12-seeds/README.md"
"ours-3.2M-lean_seq-cap6","state-frontier C0 base Stage-1","3.2M","lean_seq","scratch","depth3 f0 a1 155k","6","frozen","S1s1","sf2_long L_true>=13","23","solved","256","0.8","0","lean_only","lean_check/lean_judge (Lean 4.34)","2026-09-28","copied","nd-rl:origin/dan:experiment-summaries/2026-09-28-state-frontier-state-passes-12-rarely-no-low-mode-in-12-seeds/README.md"
"ours-3.2M-lean_seq-cap6","state-frontier C0 base Stage-1","3.2M","lean_seq","scratch","depth3 f0 a1 155k","6","frozen","S1s1","sf2_long L_true 11-12","201","solved","256","0.8","0","lean_only","lean_check/lean_judge (Lean 4.34)","2026-09-28","copied","nd-rl:origin/dan:experiment-summaries/2026-09-28-state-frontier-state-passes-12-rarely-no-low-mode-in-12-seeds/README.md"
"ours-3.2M-lean_seq-cap6-G1","state-frontier G1 T1 final","3.2M","lean_seq","scratch","G1 ore_steps3 ore_boxes 155k","6","T1","S1s0","sf2_long L_true>=13","23","solved","256","0.8","0","lean_only","lean_check/lean_judge (Lean 4.34)","2026-09-28","copied","nd-rl:origin/dan:experiment-summaries/2026-09-28-state-frontier-state-passes-12-rarely-no-low-mode-in-12-seeds/README.md"
"ours-3.2M-lean_seq-cap6-G1","state-frontier G1 T1 final","3.2M","lean_seq","scratch","G1 ore_steps3 ore_boxes 155k","6","T1","S1s0","sf2_long L_true 11-12","201","solved","256","0.8","19","lean_only","lean_check/lean_judge (Lean 4.34)","2026-09-28","copied","nd-rl:origin/dan:experiment-summaries/2026-09-28-state-frontier-state-passes-12-rarely-no-low-mode-in-12-seeds/README.md"
"ours-3.2M-lean_seq-cap6-G1","state-frontier G1 T1 final","3.2M","lean_seq","scratch","G1 ore_steps3 ore_boxes 155k","6","T1","S1s1","sf2_long L_true>=13","23","solved","256","0.8","0","lean_only","lean_check/lean_judge (Lean 4.34)","2026-09-28","copied","nd-rl:origin/dan:experiment-summaries/2026-09-28-state-frontier-state-passes-12-rarely-no-low-mode-in-12-seeds/README.md"
"ours-3.2M-lean_seq-cap6-G1","state-frontier G1 T1 final","3.2M","lean_seq","scratch","G1 ore_steps3 ore_boxes 155k","6","T1","S1s1","sf2_long L_true 11-12","201","solved","256","0.8","6","lean_only","lean_check/lean_judge (Lean 4.34)","2026-09-28","copied","nd-rl:origin/dan:experiment-summaries/2026-09-28-state-frontier-state-passes-12-rarely-no-low-mode-in-12-seeds/README.md"
"ours-3.2M-lean_state-cap6","state-frontier S ladder T1","3.216M","lean_state","scratch","depth3 f0 a1 155k","6","T1","S1s2","transfer2285","2285","solved","256","0.8","1546","lean_only","lean_check/lean_judge (Lean 4.34)","2026-09-28","copied","nd-rl:origin/dan:experiment-summaries/2026-09-28-state-frontier-state-passes-12-rarely-no-low-mode-in-12-seeds/README.md"
"ours-3.2M-lean_state-cap6","state-frontier S ladder T1","3.216M","lean_state","scratch","depth3 f0 a1 155k","6","T1","S1s2","transfer2285","2285","L_star","256","0.8","12","lean_only","lean_check/lean_judge (Lean 4.34)","2026-09-28","copied","nd-rl:origin/dan:experiment-summaries/2026-09-28-state-frontier-state-passes-12-rarely-no-low-mode-in-12-seeds/README.md"
"ours-3.2M-lean_state-cap6","state-frontier S ladder T1","3.216M","lean_state","scratch","depth3 f0 a1 155k","6","T1","S1s3","transfer2285","2285","solved","256","0.8","1630","lean_only","lean_check/lean_judge (Lean 4.34)","2026-09-28","copied","nd-rl:origin/dan:experiment-summaries/2026-09-28-state-frontier-state-passes-12-rarely-no-low-mode-in-12-seeds/README.md"
"ours-3.2M-lean_state-cap6","state-frontier S ladder T1","3.216M","lean_state","scratch","depth3 f0 a1 155k","6","T1","S1s3","transfer2285","2285","L_star","256","0.8","12","lean_only","lean_check/lean_judge (Lean 4.34)","2026-09-28","copied","nd-rl:origin/dan:experiment-summaries/2026-09-28-state-frontier-state-passes-12-rarely-no-low-mode-in-12-seeds/README.md"
"ours-3.2M-lean_state-cap6","state-frontier S ladder frozen","3.216M","lean_state","scratch","depth3 f0 a1 155k","6","frozen","S1s2","transfer2285","2285","solved","256","0.8","858","lean_only","lean_check/lean_judge (Lean 4.34)","2026-09-28","copied","nd-rl:origin/dan:experiment-summaries/2026-09-28-state-frontier-state-passes-12-rarely-no-low-mode-in-12-seeds/README.md"
"ours-3.2M-lean_state-cap6","state-frontier S ladder frozen","3.216M","lean_state","scratch","depth3 f0 a1 155k","6","frozen","S1s2","transfer2285","2285","L_star","256","0.8","11","lean_only","lean_check/lean_judge (Lean 4.34)","2026-09-28","copied","nd-rl:origin/dan:experiment-summaries/2026-09-28-state-frontier-state-passes-12-rarely-no-low-mode-in-12-seeds/README.md"
"ours-3.2M-lean_state-cap6","state-frontier S ladder frozen","3.216M","lean_state","scratch","depth3 f0 a1 155k","6","frozen","S1s3","transfer2285","2285","solved","256","0.8","996","lean_only","lean_check/lean_judge (Lean 4.34)","2026-09-28","copied","nd-rl:origin/dan:experiment-summaries/2026-09-28-state-frontier-state-passes-12-rarely-no-low-mode-in-12-seeds/README.md"
"ours-3.2M-lean_state-cap6","state-frontier S ladder frozen","3.216M","lean_state","scratch","depth3 f0 a1 155k","6","frozen","S1s3","transfer2285","2285","L_star","256","0.8","11","lean_only","lean_check/lean_judge (Lean 4.34)","2026-09-28","copied","nd-rl:origin/dan:experiment-summaries/2026-09-28-state-frontier-state-passes-12-rarely-no-low-mode-in-12-seeds/README.md"
"ours-3.2M-SN-cap6","state-frontier SN ladder frozen","3.216M","lean_staten","scratch","depth3 f0 a1 155k","6","frozen","S1s2","transfer2285","2285","solved","256","0.8","841","lean_only","lean_check/lean_judge (Lean 4.34)","2026-09-28","copied","nd-rl:origin/dan:experiment-summaries/2026-09-28-state-frontier-state-passes-12-rarely-no-low-mode-in-12-seeds/README.md"
"ours-3.2M-SN-cap6","state-frontier SN ladder frozen","3.216M","lean_staten","scratch","depth3 f0 a1 155k","6","frozen","S1s2","transfer2285","2285","L_star","256","0.8","11","lean_only","lean_check/lean_judge (Lean 4.34)","2026-09-28","copied","nd-rl:origin/dan:experiment-summaries/2026-09-28-state-frontier-state-passes-12-rarely-no-low-mode-in-12-seeds/README.md"
"ours-3.2M-SN-cap6","state-frontier SN ladder frozen","3.216M","lean_staten","scratch","depth3 f0 a1 155k","6","frozen","S1s3","transfer2285","2285","solved","256","0.8","1009","lean_only","lean_check/lean_judge (Lean 4.34)","2026-09-28","copied","nd-rl:origin/dan:experiment-summaries/2026-09-28-state-frontier-state-passes-12-rarely-no-low-mode-in-12-seeds/README.md"
"ours-3.2M-SN-cap6","state-frontier SN ladder frozen","3.216M","lean_staten","scratch","depth3 f0 a1 155k","6","frozen","S1s3","transfer2285","2285","L_star","256","0.8","11","lean_only","lean_check/lean_judge (Lean 4.34)","2026-09-28","copied","nd-rl:origin/dan:experiment-summaries/2026-09-28-state-frontier-state-passes-12-rarely-no-low-mode-in-12-seeds/README.md"
"ours-3.2M-SN-cap6","state-frontier SN ladder frozen","3.216M","lean_staten","scratch","depth3 f0 a1 155k","6","frozen","S1s4","transfer2285","2285","solved","256","0.8","723","lean_only","lean_check/lean_judge (Lean 4.34)","2026-09-28","copied","nd-rl:origin/dan:experiment-summaries/2026-09-28-state-frontier-state-passes-12-rarely-no-low-mode-in-12-seeds/README.md"
"ours-3.2M-SN-cap6","state-frontier SN ladder frozen","3.216M","lean_staten","scratch","depth3 f0 a1 155k","6","frozen","S1s4","transfer2285","2285","L_star","256","0.8","10","lean_only","lean_check/lean_judge (Lean 4.34)","2026-09-28","copied","nd-rl:origin/dan:experiment-summaries/2026-09-28-state-frontier-state-passes-12-rarely-no-low-mode-in-12-seeds/README.md"
"ours-3.2M-lean_state-cap6","state-frontier S Stage-1","3.216M","lean_state","scratch","depth3 f0 a1 155k","6","frozen","S1s2","heldout5000-p2 depth3 slice","500","greedy_acc","1","0","0.936","lean_only","lean_check/lean_judge (Lean 4.34)","2026-09-28","copied","nd-rl:origin/dan:experiment-summaries/2026-09-28-state-frontier-state-passes-12-rarely-no-low-mode-in-12-seeds/README.md"
"ours-3.2M-lean_state-cap6","state-frontier S Stage-1","3.216M","lean_state","scratch","depth3 f0 a1 155k","6","frozen","S1s3","heldout5000-p2 depth3 slice","500","greedy_acc","1","0","0.960","lean_only","lean_check/lean_judge (Lean 4.34)","2026-09-28","copied","nd-rl:origin/dan:experiment-summaries/2026-09-28-state-frontier-state-passes-12-rarely-no-low-mode-in-12-seeds/README.md"
"ours-3.2M-SN-cap6","state-frontier SN Stage-1","3.216M","lean_staten","scratch","depth3 f0 a1 155k","6","frozen","S1s2","heldout5000-p2 depth3 slice","500","greedy_acc","1","0","0.944","lean_only","lean_check/lean_judge (Lean 4.34)","2026-09-28","copied","nd-rl:origin/dan:experiment-summaries/2026-09-28-state-frontier-state-passes-12-rarely-no-low-mode-in-12-seeds/README.md"
"ours-3.2M-SN-cap6","state-frontier SN Stage-1","3.216M","lean_staten","scratch","depth3 f0 a1 155k","6","frozen","S1s3","heldout5000-p2 depth3 slice","500","greedy_acc","1","0","0.934","lean_only","lean_check/lean_judge (Lean 4.34)","2026-09-28","copied","nd-rl:origin/dan:experiment-summaries/2026-09-28-state-frontier-state-passes-12-rarely-no-low-mode-in-12-seeds/README.md"
"ours-3.2M-SN-cap6","state-frontier SN Stage-1","3.216M","lean_staten","scratch","depth3 f0 a1 155k","6","frozen","S1s4","heldout5000-p2 depth3 slice","500","greedy_acc","1","0","0.908","lean_only","lean_check/lean_judge (Lean 4.34)","2026-09-28","copied","nd-rl:origin/dan:experiment-summaries/2026-09-28-state-frontier-state-passes-12-rarely-no-low-mode-in-12-seeds/README.md"
"ours-3.2M-SN-cap6","state-frontier SN Stage-1","3.216M","lean_staten","scratch","depth3 f0 a1 155k","6","frozen","S1s5","heldout5000-p2 depth3 slice","500","greedy_acc","1","0","0.924","lean_only","lean_check/lean_judge (Lean 4.34)","2026-09-28","copied","nd-rl:origin/dan:experiment-summaries/2026-09-28-state-frontier-state-passes-12-rarely-no-low-mode-in-12-seeds/README.md"
"ours-3.2M-lean_state-cap6","state-frontier S Stage-1","3.216M","lean_state","scratch","depth3 f0 a1 155k","6","frozen","S1s2","heldout5000-p2","5000","greedy_acc","1","0","0.960","lean_only","lean_check/lean_judge (Lean 4.34)","2026-09-28","copied","nd-rl:origin/dan:experiment-summaries/2026-09-28-state-frontier-state-passes-12-rarely-no-low-mode-in-12-seeds/README.md"
"ours-3.2M-lean_state-cap6","state-frontier S Stage-1","3.216M","lean_state","scratch","depth3 f0 a1 155k","6","frozen","S1s3","heldout5000-p2","5000","greedy_acc","1","0","0.882","lean_only","lean_check/lean_judge (Lean 4.34)","2026-09-28","copied","nd-rl:origin/dan:experiment-summaries/2026-09-28-state-frontier-state-passes-12-rarely-no-low-mode-in-12-seeds/README.md"
"ours-3.2M-lean_state-cap6","state-env S Stage-1 (quoted in state-frontier)","3.216M","lean_state","scratch","depth3 f0 a1 155k","6","frozen","S1s0","heldout5000-p2 depth3 slice","500","greedy_acc","1","0","0.922","lean_only","lean_check/lean_judge (Lean 4.34)","2026-09-28","copied","nd-rl:origin/dan:experiment-summaries/2026-09-28-state-frontier-state-passes-12-rarely-no-low-mode-in-12-seeds/README.md"
"ours-3.2M-lean_state-cap6","state-env S Stage-1 (quoted in state-frontier)","3.216M","lean_state","scratch","depth3 f0 a1 155k","6","frozen","S1s1","heldout5000-p2 depth3 slice","500","greedy_acc","1","0","0.882","lean_only","lean_check/lean_judge (Lean 4.34)","2026-09-28","copied","nd-rl:origin/dan:experiment-summaries/2026-09-28-state-frontier-state-passes-12-rarely-no-low-mode-in-12-seeds/README.md"
"ours-3.2M-lean_stateh-cap6","state-env SH Stage-1 (quoted in state-frontier)","3.216M","lean_stateh","scratch","depth3 f0 a1 155k","6","frozen","S1s0","heldout5000-p2 depth3 slice","500","greedy_acc","1","0","0.860","lean_only","lean_check/lean_judge (Lean 4.34)","2026-09-28","copied","nd-rl:origin/dan:experiment-summaries/2026-09-28-state-frontier-state-passes-12-rarely-no-low-mode-in-12-seeds/README.md"
"ours-3.2M-lean_stateh-cap6","state-env SH Stage-1 (quoted in state-frontier)","3.216M","lean_stateh","scratch","depth3 f0 a1 155k","6","frozen","S1s1","heldout5000-p2 depth3 slice","500","greedy_acc","1","0","0.880","lean_only","lean_check/lean_judge (Lean 4.34)","2026-09-28","copied","nd-rl:origin/dan:experiment-summaries/2026-09-28-state-frontier-state-passes-12-rarely-no-low-mode-in-12-seeds/README.md"
"ours-3.2M-SN-cap6","state-env SN Stage-1 (quoted in state-frontier)","3.216M","lean_staten","scratch","depth3 f0 a1 155k","6","frozen","S1s0","heldout5000-p2 depth3 slice","500","greedy_acc","1","0","0.956","lean_only","lean_check/lean_judge (Lean 4.34)","2026-09-28","copied","nd-rl:origin/dan:experiment-summaries/2026-09-28-state-frontier-state-passes-12-rarely-no-low-mode-in-12-seeds/README.md"
"ours-3.2M-SN-cap6","state-env SN Stage-1 (quoted in state-frontier)","3.216M","lean_staten","scratch","depth3 f0 a1 155k","6","frozen","S1s1","heldout5000-p2 depth3 slice","500","greedy_acc","1","0","0.902","lean_only","lean_check/lean_judge (Lean 4.34)","2026-09-28","copied","nd-rl:origin/dan:experiment-summaries/2026-09-28-state-frontier-state-passes-12-rarely-no-low-mode-in-12-seeds/README.md"
"ours-3.2M-lean_seq-cap6","EI s1rerun la_T1_sc_s1rerun_r8","3.2M","lean_seq","scratch","depth3 f0 a1 155k","6","T1","S1s1/EIs1rerun","sc383","383","solved","10000","0.8","147","lean_only","lean_check/lean_judge (Lean 4.34)","2026-09-28","copied","nd-rl:origin/dan:experiment-summaries/2026-09-28-support-followups-expansion-not-removed-by-8x-params/README.md"
"ours-3.2M-lean_seq-cap6","EI s1 (lost ckpt, support-curves record)","3.2M","lean_seq","scratch","depth3 f0 a1 155k","6","T1","S1s1/EIs1","sc383","383","solved","10000","0.8","144","lean_only","lean_check/lean_judge (Lean 4.34)","2026-09-28","copied","nd-rl:origin/dan:experiment-summaries/2026-09-28-support-followups-expansion-not-removed-by-8x-params/README.md"
"ours-3.2M-lean_seq-cap6","base stage1_a1_seq_s1","3.2M","lean_seq","scratch","depth3 f0 a1 155k","6","frozen","S1s1","sc383","383","solved","10000","0.8","37","lean_only","lean_check/lean_judge (Lean 4.34)","2026-09-28","copied","nd-rl:origin/dan:experiment-summaries/2026-09-28-support-followups-expansion-not-removed-by-8x-params/README.md"
"ours-3.2M-lean_seq-cap6","base s1 vs EI s1rerun","3.2M","lean_seq","scratch","depth3 f0 a1 155k","6","support","S1s1","sc383","383","forward_crux_count","10000","0.8","110","lean_only","lean_check/lean_judge (Lean 4.34)","2026-09-28","copied","nd-rl:origin/dan:experiment-summaries/2026-09-28-support-followups-expansion-not-removed-by-8x-params/README.md"
"ours-3.2M-lean_seq-cap6","base stage1_a1_seq_s1 on s0-defined survivors","3.2M","lean_seq","scratch","depth3 f0 a1 155k","6","frozen","S1s1","sc29 survivors (defined on base s0)","29","solved","10000","0.8","2","lean_only","lean_check/lean_judge (Lean 4.34)","2026-09-28","copied","nd-rl:origin/dan:experiment-summaries/2026-09-28-support-followups-expansion-not-removed-by-8x-params/README.md"
"ours-3.2M-lean_seq-cap6","EI s1rerun on survivors","3.2M","lean_seq","scratch","depth3 f0 a1 155k","6","T1","S1s1/EIs1rerun","sc29 survivors (defined on base s0)","29","solved","10000","0.8","29","lean_only","lean_check/lean_judge (Lean 4.34)","2026-09-28","copied","nd-rl:origin/dan:experiment-summaries/2026-09-28-support-followups-expansion-not-removed-by-8x-params/README.md"
"ours-3.2M-lean_seq-cap6","base stage1_a1_seq_s0 (6 longest survivors)","3.2M","lean_seq","scratch","depth3 f0 a1 155k","6","frozen","S1s0","sc6 longest survivors","6","solved","1666667","1.0","1","lean_only","lean_check/lean_judge (Lean 4.34)","2026-09-28","copied","nd-rl:origin/dan:experiment-summaries/2026-09-28-support-followups-expansion-not-removed-by-8x-params/README.md"
"ours-3.2M-lean_seq-cap6","base stage1_a1_seq_s0","3.2M","lean_seq","scratch","depth3 f0 a1 155k","6","frozen","S1s0","heldout5000-p2","5000","greedy_acc","1","0","0.909","lean_only","lean_check/lean_judge (Lean 4.34)","2026-09-28","copied","nd-rl:origin/dan:experiment-summaries/2026-09-28-support-followups-expansion-not-removed-by-8x-params/README.md"
"ours-25M-lean_seq-cap6","big stage1_big_seq_s0 (8L d512)","25.3M","lean_seq","scratch","depth3 f0 a1 155k","6","frozen","S1s0","heldout5000-p2","5000","greedy_acc","1","0","0.879","lean_only","lean_check/lean_judge (Lean 4.34)","2026-09-28","copied","nd-rl:origin/dan:experiment-summaries/2026-09-28-support-followups-expansion-not-removed-by-8x-params/README.md"
"ours-25M-lean_seq-cap6","big stage1_big_seq_s1 (8L d512)","25.3M","lean_seq","scratch","depth3 f0 a1 155k","6","frozen","S1s1","heldout5000-p2","5000","greedy_acc","1","0","0.884","lean_only","lean_check/lean_judge (Lean 4.34)","2026-09-28","copied","nd-rl:origin/dan:experiment-summaries/2026-09-28-support-followups-expansion-not-removed-by-8x-params/README.md"
"ours-25M-lean_seq-cap6","big stage1_big_seq_s0","25.3M","lean_seq","scratch","depth3 f0 a1 155k","6","frozen","S1s0","sc82 forward crux","82","solved","10000","0.8","6","lean_only","lean_check/lean_judge (Lean 4.34)","2026-09-28","copied","nd-rl:origin/dan:experiment-summaries/2026-09-28-support-followups-expansion-not-removed-by-8x-params/README.md"
"ours-25M-lean_seq-cap6","big stage1_big_seq_s1","25.3M","lean_seq","scratch","depth3 f0 a1 155k","6","frozen","S1s1","sc82 forward crux","82","solved","10000","0.8","8","lean_only","lean_check/lean_judge (Lean 4.34)","2026-09-28","copied","nd-rl:origin/dan:experiment-summaries/2026-09-28-support-followups-expansion-not-removed-by-8x-params/README.md"
"ours-25M-lean_seq-cap6","big stage1_big_seq_s0","25.3M","lean_seq","scratch","depth3 f0 a1 155k","6","frozen","S1s0","sc29 survivors (defined on base s0)","29","solved","10000+200000/temp","0.8+1.0","0","lean_only","lean_check/lean_judge (Lean 4.34)","2026-09-28","copied","nd-rl:origin/dan:experiment-summaries/2026-09-28-support-followups-expansion-not-removed-by-8x-params/README.md"
"ours-25M-lean_seq-cap6","big stage1_big_seq_s1","25.3M","lean_seq","scratch","depth3 f0 a1 155k","6","frozen","S1s1","sc29 survivors (defined on base s0)","29","solved","10000+200000/temp","0.8+1.0","2","lean_only","lean_check/lean_judge (Lean 4.34)","2026-09-28","copied","nd-rl:origin/dan:experiment-summaries/2026-09-28-support-followups-expansion-not-removed-by-8x-params/README.md"
"ours-3.2M-SN-cap6","SN base stage1_SN_s0","3.216M","lean_staten","scratch","depth3 f0 a1 155k","6","frozen","S1s0","sc29 survivors (defined on WP base s0)","29","solved","200000/temp","0.8+1.0","28","lean_only","lean_check/lean_judge (Lean 4.34)","2026-09-28","copied","nd-rl:origin/dan:experiment-summaries/2026-09-28-support-state-state-base-reaches-survivors/README.md"
"ours-3.2M-SN-cap6","SN base stage1_SN_s1","3.216M","lean_staten","scratch","depth3 f0 a1 155k","6","frozen","S1s1","sc29 survivors (defined on WP base s0)","29","solved","200000/temp","0.8+1.0","28","lean_only","lean_check/lean_judge (Lean 4.34)","2026-09-28","copied","nd-rl:origin/dan:experiment-summaries/2026-09-28-support-state-state-base-reaches-survivors/README.md"
"ours-3.2M-SN-cap6","SN base stage1_SN_s0","3.216M","lean_staten","scratch","depth3 f0 a1 155k","6","frozen","S1s0","sc29 survivors (defined on WP base s0)","29","solved","10000","0.8","26","lean_only","lean_check/lean_judge (Lean 4.34)","2026-09-28","copied","nd-rl:origin/dan:experiment-summaries/2026-09-28-support-state-state-base-reaches-survivors/README.md"
"ours-3.2M-SN-cap6","SN base stage1_SN_s1","3.216M","lean_staten","scratch","depth3 f0 a1 155k","6","frozen","S1s1","sc29 survivors (defined on WP base s0)","29","solved","10000","0.8","23","lean_only","lean_check/lean_judge (Lean 4.34)","2026-09-28","copied","nd-rl:origin/dan:experiment-summaries/2026-09-28-support-state-state-base-reaches-survivors/README.md"
"ours-3.2M-SN-cap6","SN base stage1_SN_s0","3.216M","lean_staten","scratch","depth3 f0 a1 155k","6","frozen","S1s0","sc383","383","solved","10000","0.8","152","lean_only","lean_check/lean_judge (Lean 4.34)","2026-09-28","copied","nd-rl:origin/dan:experiment-summaries/2026-09-28-support-state-state-base-reaches-survivors/README.md"
"ours-3.2M-SN-cap6","SN EI la_T1_SN_s0_r8","3.216M","lean_staten","scratch","depth3 f0 a1 155k","6","T1","S1s0/EIs0","sc383","383","solved","10000","0.8","237","lean_only","lean_check/lean_judge (Lean 4.34)","2026-09-28","copied","nd-rl:origin/dan:experiment-summaries/2026-09-28-support-state-state-base-reaches-survivors/README.md"
"ours-3.2M-SN-cap6","SN base s0 vs SN EI s0","3.216M","lean_staten","scratch","depth3 f0 a1 155k","6","support","S1s0","sc383","383","forward_crux_count","10000","0.8","87","lean_only","lean_check/lean_judge (Lean 4.34)","2026-09-28","copied","nd-rl:origin/dan:experiment-summaries/2026-09-28-support-state-state-base-reaches-survivors/README.md"
"ours-3.2M-SN-cap6","SN base s0 vs SN EI s0","3.216M","lean_staten","scratch","depth3 f0 a1 155k","6","support","S1s0","sc383 SN forward crux (87)","383","support_survivors","40000/temp","0.8+1.0","30","lean_only","lean_check/lean_judge (Lean 4.34)","2026-09-28","copied","nd-rl:origin/dan:experiment-summaries/2026-09-28-support-state-state-base-reaches-survivors/README.md"
"ours-3.2M-SN-cap6","SN base s0 vs SN EI s0","3.216M","lean_staten","scratch","depth3 f0 a1 155k","6","support","S1s0","sc383 SN forward crux (87)","383","support_survivors","mixed 40k/100k/200k per temp","0.8+1.0","22","lean_only","lean_check/lean_judge (Lean 4.34)","2026-09-28","copied","nd-rl:origin/dan:experiment-summaries/2026-09-28-support-state-state-base-reaches-survivors/README.md"
"ours-3.2M-SN-cap6","SN base s0 vs SN EI s0","3.216M","lean_staten","scratch","depth3 f0 a1 155k","6","support","S1s0","sc383 SN forward crux (87)","383","support_survivors","200000/temp","0.8+1.0","7","lean_only","lean_check/lean_judge (Lean 4.34)","2026-09-28","copied","nd-rl:origin/dan:experiment-summaries/2026-09-28-support-state-state-base-reaches-survivors/README.md"
