"family","model_label","params","format","init","train_set","cap","stage","seed","pool","n_pool","metric","k","temperature","value","checker","judge","date","provenance","source_file"
"ours-3.2M-SN-cap12","la_T1_SN12_s{S}_r8","3.2M","lean_staten","scratch","K12 155k","12","T1","0","textbook72","72","solved","256","0.8","37","lean_only","","2026-09-30","copied","nd-rl:dan:experiment-summaries/2026-09-30-textbook72-sn-cap12-t1-solves-37-of-72/README.md"
"ours-3.2M-SN-cap12","la_T1_SN12_s{S}_r8","3.2M","lean_staten","scratch","K12 155k","12","T1","1","textbook72","72","solved","256","0.8","38","lean_only","","2026-09-30","copied","nd-rl:dan:experiment-summaries/2026-09-30-textbook72-sn-cap12-t1-solves-37-of-72/README.md"
"ours-3.2M-SN-cap12","la_T1_SN12_s{S}_r8","3.2M","lean_staten","scratch","K12 155k","12","T1","2","textbook72","72","solved","256","0.8","36","lean_only","","2026-09-30","copied","nd-rl:dan:experiment-summaries/2026-09-30-textbook72-sn-cap12-t1-solves-37-of-72/README.md"
"ours-3.2M-SN-cap12","la_T1_SN12_s{S}_r8","3.2M","lean_staten","scratch","K12 155k","12","T1","3","textbook72","72","solved","256","0.8","38","lean_only","","2026-09-30","copied","nd-rl:dan:experiment-summaries/2026-09-30-textbook72-sn-cap12-t1-solves-37-of-72/README.md"
"ours-3.2M-SN-cap12","stage1_SN12_s{S}","3.2M","lean_staten","scratch","K12 155k","12","frozen","0","textbook72","72","solved","256","0.8","26","lean_only","","2026-09-30","copied","nd-rl:dan:experiment-summaries/2026-09-30-textbook72-sn-cap12-t1-solves-37-of-72/README.md"
"ours-3.2M-SN-cap12","stage1_SN12_s{S}","3.2M","lean_staten","scratch","K12 155k","12","frozen","1","textbook72","72","solved","256","0.8","29","lean_only","","2026-09-30","copied","nd-rl:dan:experiment-summaries/2026-09-30-textbook72-sn-cap12-t1-solves-37-of-72/README.md"
"ours-3.2M-SN-cap12","stage1_SN12_s{S}","3.2M","lean_staten","scratch","K12 155k","12","frozen","2","textbook72","72","solved","256","0.8","32","lean_only","","2026-09-30","copied","nd-rl:dan:experiment-summaries/2026-09-30-textbook72-sn-cap12-t1-solves-37-of-72/README.md"
"ours-3.2M-SN-cap12","stage1_SN12_s{S}","3.2M","lean_staten","scratch","K12 155k","12","frozen","3","textbook72","72","solved","256","0.8","26","lean_only","","2026-09-30","copied","nd-rl:dan:experiment-summaries/2026-09-30-textbook72-sn-cap12-t1-solves-37-of-72/README.md"
"ours-3.2M-SN-v2-cap6","la_T1_SN_s{S}_r8","3.2M","lean_staten","scratch","cap-6 control 155k","6","T1","0","textbook72","72","solved","256","0.8","22","lean_only","","2026-09-30","copied","nd-rl:dan:experiment-summaries/2026-09-30-textbook72-sn-cap12-t1-solves-37-of-72/README.md"
"ours-3.2M-SN-v2-cap6","la_T1_SN_s{S}_r8","3.2M","lean_staten","scratch","cap-6 control 155k","6","T1","1","textbook72","72","solved","256","0.8","16","lean_only","","2026-09-30","copied","nd-rl:dan:experiment-summaries/2026-09-30-textbook72-sn-cap12-t1-solves-37-of-72/README.md"
"ours-3.2M-SN-v2-cap6","stage1_SN_s{S}","3.2M","lean_staten","scratch","cap-6 control 155k","6","frozen","0","textbook72","72","solved","256","0.8","16","lean_only","","2026-09-30","copied","nd-rl:dan:experiment-summaries/2026-09-30-textbook72-sn-cap12-t1-solves-37-of-72/README.md"
"ours-3.2M-SN-v2-cap6","stage1_SN_s{S}","3.2M","lean_staten","scratch","cap-6 control 155k","6","frozen","1","textbook72","72","solved","256","0.8","14","lean_only","","2026-09-30","copied","nd-rl:dan:experiment-summaries/2026-09-30-textbook72-sn-cap12-t1-solves-37-of-72/README.md"
"ours-3.2M-SN-cap12","la_T1_SN12_s{S}_r8","3.2M","lean_staten","scratch","K12 155k","12","T1","0","textbook72:dev58","58","solved","256","0.8","30","lean_only","","2026-09-30","copied","nd-rl:dan:experiment-summaries/2026-09-30-textbook72-sn-cap12-t1-solves-37-of-72/README.md"
"ours-3.2M-SN-cap12","la_T1_SN12_s{S}_r8","3.2M","lean_staten","scratch","K12 155k","12","T1","1","textbook72:dev58","58","solved","256","0.8","32","lean_only","","2026-09-30","copied","nd-rl:dan:experiment-summaries/2026-09-30-textbook72-sn-cap12-t1-solves-37-of-72/README.md"
"ours-3.2M-SN-cap12","la_T1_SN12_s{S}_r8","3.2M","lean_staten","scratch","K12 155k","12","T1","2","textbook72:dev58","58","solved","256","0.8","30","lean_only","","2026-09-30","copied","nd-rl:dan:experiment-summaries/2026-09-30-textbook72-sn-cap12-t1-solves-37-of-72/README.md"
"ours-3.2M-SN-cap12","la_T1_SN12_s{S}_r8","3.2M","lean_staten","scratch","K12 155k","12","T1","3","textbook72:dev58","58","solved","256","0.8","32","lean_only","","2026-09-30","copied","nd-rl:dan:experiment-summaries/2026-09-30-textbook72-sn-cap12-t1-solves-37-of-72/README.md"
"ours-3.2M-SN-cap12","stage1_SN12_s{S}","3.2M","lean_staten","scratch","K12 155k","12","frozen","0","textbook72:dev58","58","solved","256","0.8","20","lean_only","","2026-09-30","copied","nd-rl:dan:experiment-summaries/2026-09-30-textbook72-sn-cap12-t1-solves-37-of-72/README.md"
"ours-3.2M-SN-cap12","stage1_SN12_s{S}","3.2M","lean_staten","scratch","K12 155k","12","frozen","1","textbook72:dev58","58","solved","256","0.8","23","lean_only","","2026-09-30","copied","nd-rl:dan:experiment-summaries/2026-09-30-textbook72-sn-cap12-t1-solves-37-of-72/README.md"
"ours-3.2M-SN-cap12","stage1_SN12_s{S}","3.2M","lean_staten","scratch","K12 155k","12","frozen","2","textbook72:dev58","58","solved","256","0.8","26","lean_only","","2026-09-30","copied","nd-rl:dan:experiment-summaries/2026-09-30-textbook72-sn-cap12-t1-solves-37-of-72/README.md"
"ours-3.2M-SN-cap12","stage1_SN12_s{S}","3.2M","lean_staten","scratch","K12 155k","12","frozen","3","textbook72:dev58","58","solved","256","0.8","21","lean_only","","2026-09-30","copied","nd-rl:dan:experiment-summaries/2026-09-30-textbook72-sn-cap12-t1-solves-37-of-72/README.md"
"ours-3.2M-SN-v2-cap6","la_T1_SN_s{S}_r8","3.2M","lean_staten","scratch","cap-6 control 155k","6","T1","0","textbook72:dev58","58","solved","256","0.8","18","lean_only","","2026-09-30","copied","nd-rl:dan:experiment-summaries/2026-09-30-textbook72-sn-cap12-t1-solves-37-of-72/README.md"
"ours-3.2M-SN-v2-cap6","la_T1_SN_s{S}_r8","3.2M","lean_staten","scratch","cap-6 control 155k","6","T1","1","textbook72:dev58","58","solved","256","0.8","12","lean_only","","2026-09-30","copied","nd-rl:dan:experiment-summaries/2026-09-30-textbook72-sn-cap12-t1-solves-37-of-72/README.md"
"ours-3.2M-SN-v2-cap6","stage1_SN_s{S}","3.2M","lean_staten","scratch","cap-6 control 155k","6","frozen","0","textbook72:dev58","58","solved","256","0.8","13","lean_only","","2026-09-30","copied","nd-rl:dan:experiment-summaries/2026-09-30-textbook72-sn-cap12-t1-solves-37-of-72/README.md"
"ours-3.2M-SN-v2-cap6","stage1_SN_s{S}","3.2M","lean_staten","scratch","cap-6 control 155k","6","frozen","1","textbook72:dev58","58","solved","256","0.8","12","lean_only","","2026-09-30","copied","nd-rl:dan:experiment-summaries/2026-09-30-textbook72-sn-cap12-t1-solves-37-of-72/README.md"
"robbie-combined:fact-lean-best-leon","fact-lean-best-leon_s0","","lean_seq","pretrained:Robbie 6x384 lean_seq (per his summary)","","","EI(Leon)","0","textbook72","72","solved","256","0.8","32","lean_and_ndverify","","2026-09-30","copied","nd-rl:dan:experiment-summaries/2026-09-30-textbook72-sn-cap12-t1-solves-37-of-72/README.md"
"robbie-combined:fact-lean-best-leon","fact-lean-best-leon_s1","","lean_seq","pretrained:Robbie 6x384 lean_seq (per his summary)","","","EI(Leon)","1","textbook72","72","solved","256","0.8","30","lean_and_ndverify","","2026-09-30","copied","nd-rl:dan:experiment-summaries/2026-09-30-textbook72-sn-cap12-t1-solves-37-of-72/README.md"
"robbie-combined:fact-lean-best-leon","fact-lean-best-leon_s2","","lean_seq","pretrained:Robbie 6x384 lean_seq (per his summary)","","","EI(Leon)","2","textbook72","72","solved","256","0.8","32","lean_and_ndverify","","2026-09-30","copied","nd-rl:dan:experiment-summaries/2026-09-30-textbook72-sn-cap12-t1-solves-37-of-72/README.md"
"ours-3.2M-SN-cap12","la_T1_SN12_s{S}_r8","3.2M","lean_staten","scratch","K12 155k","12","T1","0","rr600_Q_Ltrue13-16","380","solved","256","0.8","233","lean_only","","2026-09-29","copied","nd-rl:dan:experiment-summaries/2026-09-29-state-cap12-state-and-cap12-proofs-compound-on-long-pool/README.md"
"ours-3.2M-SN-cap12","la_T1_SN12_s{S}_r8","3.2M","lean_staten","scratch","K12 155k","12","T1","1","rr600_Q_Ltrue13-16","380","solved","256","0.8","295","lean_only","","2026-09-29","copied","nd-rl:dan:experiment-summaries/2026-09-29-state-cap12-state-and-cap12-proofs-compound-on-long-pool/README.md"
"ours-3.2M-SN-cap12","la_T1_SN12_s{S}_r8","3.2M","lean_staten","scratch","K12 155k","12","T1","2","rr600_Q_Ltrue13-16","380","solved","256","0.8","320","lean_only","","2026-09-29","copied","nd-rl:dan:experiment-summaries/2026-09-29-state-cap12-state-and-cap12-proofs-compound-on-long-pool/README.md"
"ours-3.2M-SN-cap12","la_T1_SN12_s{S}_r8","3.2M","lean_staten","scratch","K12 155k","12","T1","3","rr600_Q_Ltrue13-16","380","solved","256","0.8","317","lean_only","","2026-09-29","copied","nd-rl:dan:experiment-summaries/2026-09-29-state-cap12-state-and-cap12-proofs-compound-on-long-pool/README.md"
"ours-3.2M-SN-cap12","stage1_SN12_s{S}","3.2M","lean_staten","scratch","K12 155k","12","frozen","0","rr600_Q_Ltrue13-16","380","solved","256","0.8","134","lean_only","","2026-09-29","copied","nd-rl:dan:experiment-summaries/2026-09-29-state-cap12-state-and-cap12-proofs-compound-on-long-pool/README.md"
"ours-3.2M-SN-cap12","stage1_SN12_s{S}","3.2M","lean_staten","scratch","K12 155k","12","frozen","1","rr600_Q_Ltrue13-16","380","solved","256","0.8","212","lean_only","","2026-09-29","copied","nd-rl:dan:experiment-summaries/2026-09-29-state-cap12-state-and-cap12-proofs-compound-on-long-pool/README.md"
"ours-3.2M-SN-cap12","stage1_SN12_s{S}","3.2M","lean_staten","scratch","K12 155k","12","frozen","2","rr600_Q_Ltrue13-16","380","solved","256","0.8","228","lean_only","","2026-09-29","copied","nd-rl:dan:experiment-summaries/2026-09-29-state-cap12-state-and-cap12-proofs-compound-on-long-pool/README.md"
"ours-3.2M-SN-cap12","stage1_SN12_s{S}","3.2M","lean_staten","scratch","K12 155k","12","frozen","3","rr600_Q_Ltrue13-16","380","solved","256","0.8","216","lean_only","","2026-09-29","copied","nd-rl:dan:experiment-summaries/2026-09-29-state-cap12-state-and-cap12-proofs-compound-on-long-pool/README.md"
"ours-3.2M-K12-wholeproof","la_T1_K12_s{S}_r8","3.2M","lean_seq","scratch","K12 155k","12","T1","0","rr600_Q_Ltrue13-16","380","solved","256","0.8","79","lean_only","","2026-09-29","copied","nd-rl:dan:experiment-summaries/2026-09-29-state-cap12-state-and-cap12-proofs-compound-on-long-pool/README.md"
"ours-3.2M-K12-wholeproof","la_T1_K12_s{S}_r8","3.2M","lean_seq","scratch","K12 155k","12","T1","1","rr600_Q_Ltrue13-16","380","solved","256","0.8","72","lean_only","","2026-09-29","copied","nd-rl:dan:experiment-summaries/2026-09-29-state-cap12-state-and-cap12-proofs-compound-on-long-pool/README.md"
"ours-3.2M-K12-wholeproof","stage1_k12_s0","3.2M","lean_seq","scratch","K12 155k","12","frozen","0","rr600_Q_Ltrue13-16","380","solved","256","0.8","38","lean_only","","2026-09-29","copied","nd-rl:dan:experiment-summaries/2026-09-29-state-cap12-state-and-cap12-proofs-compound-on-long-pool/README.md"
"ours-3.2M-SN-v2-cap6","la_T1_SN_s{S}_r8","3.2M","lean_staten","scratch","cap-6 control 155k","6","T1","0","rr600_Q_Ltrue13-16","380","solved","256","0.8","102","lean_only","","2026-09-29","copied","nd-rl:dan:experiment-summaries/2026-09-29-state-cap12-state-and-cap12-proofs-compound-on-long-pool/README.md"
"ours-3.2M-SN-v2-cap6","la_T1_SN_s{S}_r8","3.2M","lean_staten","scratch","cap-6 control 155k","6","T1","1","rr600_Q_Ltrue13-16","380","solved","256","0.8","28","lean_only","","2026-09-29","copied","nd-rl:dan:experiment-summaries/2026-09-29-state-cap12-state-and-cap12-proofs-compound-on-long-pool/README.md"
"ours-3.2M-SN-v2-cap6","stage1_SN_s{S}","3.2M","lean_staten","scratch","cap-6 control 155k","6","frozen","0","rr600_Q_Ltrue13-16","380","solved","256","0.8","3","lean_only","","2026-09-29","copied","nd-rl:dan:experiment-summaries/2026-09-29-state-cap12-state-and-cap12-proofs-compound-on-long-pool/README.md"
"ours-3.2M-SN-v2-cap6","stage1_SN_s{S}","3.2M","lean_staten","scratch","cap-6 control 155k","6","frozen","1","rr600_Q_Ltrue13-16","380","solved","256","0.8","0","lean_only","","2026-09-29","copied","nd-rl:dan:experiment-summaries/2026-09-29-state-cap12-state-and-cap12-proofs-compound-on-long-pool/README.md"
"ours-3.2M-SN-cap12","la_T1_SN12_s{S}_r8","3.2M","lean_staten","scratch","K12 155k","12","T1","0","rr600_all","600","solved","256","0.8","375","lean_only","","2026-09-29","copied","nd-rl:dan:experiment-summaries/2026-09-29-state-cap12-state-and-cap12-proofs-compound-on-long-pool/README.md"
"ours-3.2M-SN-cap12","la_T1_SN12_s{S}_r8","3.2M","lean_staten","scratch","K12 155k","12","T1","1","rr600_all","600","solved","256","0.8","454","lean_only","","2026-09-29","copied","nd-rl:dan:experiment-summaries/2026-09-29-state-cap12-state-and-cap12-proofs-compound-on-long-pool/README.md"
"ours-3.2M-SN-cap12","la_T1_SN12_s{S}_r8","3.2M","lean_staten","scratch","K12 155k","12","T1","2","rr600_all","600","solved","256","0.8","476","lean_only","","2026-09-29","copied","nd-rl:dan:experiment-summaries/2026-09-29-state-cap12-state-and-cap12-proofs-compound-on-long-pool/README.md"
"ours-3.2M-SN-cap12","la_T1_SN12_s{S}_r8","3.2M","lean_staten","scratch","K12 155k","12","T1","3","rr600_all","600","solved","256","0.8","472","lean_only","","2026-09-29","copied","nd-rl:dan:experiment-summaries/2026-09-29-state-cap12-state-and-cap12-proofs-compound-on-long-pool/README.md"
"ours-3.2M-SN-cap12","stage1_SN12_s{S}","3.2M","lean_staten","scratch","K12 155k","12","frozen","0","rr600_all","600","solved","256","0.8","248","lean_only","","2026-09-29","copied","nd-rl:dan:experiment-summaries/2026-09-29-state-cap12-state-and-cap12-proofs-compound-on-long-pool/README.md"
"ours-3.2M-SN-cap12","stage1_SN12_s{S}","3.2M","lean_staten","scratch","K12 155k","12","frozen","1","rr600_all","600","solved","256","0.8","338","lean_only","","2026-09-29","copied","nd-rl:dan:experiment-summaries/2026-09-29-state-cap12-state-and-cap12-proofs-compound-on-long-pool/README.md"
"ours-3.2M-SN-cap12","stage1_SN12_s{S}","3.2M","lean_staten","scratch","K12 155k","12","frozen","2","rr600_all","600","solved","256","0.8","356","lean_only","","2026-09-29","copied","nd-rl:dan:experiment-summaries/2026-09-29-state-cap12-state-and-cap12-proofs-compound-on-long-pool/README.md"
"ours-3.2M-SN-cap12","stage1_SN12_s{S}","3.2M","lean_staten","scratch","K12 155k","12","frozen","3","rr600_all","600","solved","256","0.8","344","lean_only","","2026-09-29","copied","nd-rl:dan:experiment-summaries/2026-09-29-state-cap12-state-and-cap12-proofs-compound-on-long-pool/README.md"
"ours-3.2M-K12-wholeproof","la_T1_K12_s{S}_r8","3.2M","lean_seq","scratch","K12 155k","12","T1","0","rr600_all","600","solved","256","0.8","160","lean_only","","2026-09-29","copied","nd-rl:dan:experiment-summaries/2026-09-29-state-cap12-state-and-cap12-proofs-compound-on-long-pool/README.md"
"ours-3.2M-K12-wholeproof","la_T1_K12_s{S}_r8","3.2M","lean_seq","scratch","K12 155k","12","T1","1","rr600_all","600","solved","256","0.8","151","lean_only","","2026-09-29","copied","nd-rl:dan:experiment-summaries/2026-09-29-state-cap12-state-and-cap12-proofs-compound-on-long-pool/README.md"
"ours-3.2M-SN-cap12","la_T1_SN12_s{S}_r8","3.2M","lean_staten","scratch","K12 155k","12","T1","0","transfer_long_ge17","70","solved","256","0.8","25","lean_only","","2026-09-29","copied","nd-rl:dan:experiment-summaries/2026-09-29-state-cap12-state-and-cap12-proofs-compound-on-long-pool/README.md"
"ours-3.2M-SN-cap12","la_T1_SN12_s{S}_r8","3.2M","lean_staten","scratch","K12 155k","12","T1","1","transfer_long_ge17","70","solved","256","0.8","42","lean_only","","2026-09-29","copied","nd-rl:dan:experiment-summaries/2026-09-29-state-cap12-state-and-cap12-proofs-compound-on-long-pool/README.md"
"ours-3.2M-SN-cap12","la_T1_SN12_s{S}_r8","3.2M","lean_staten","scratch","K12 155k","12","T1","2","transfer_long_ge17","70","solved","256","0.8","42","lean_only","","2026-09-29","copied","nd-rl:dan:experiment-summaries/2026-09-29-state-cap12-state-and-cap12-proofs-compound-on-long-pool/README.md"
"ours-3.2M-SN-cap12","la_T1_SN12_s{S}_r8","3.2M","lean_staten","scratch","K12 155k","12","T1","3","transfer_long_ge17","70","solved","256","0.8","46","lean_only","","2026-09-29","copied","nd-rl:dan:experiment-summaries/2026-09-29-state-cap12-state-and-cap12-proofs-compound-on-long-pool/README.md"
"ours-3.2M-SN-cap12","stage1_SN12_s{S}","3.2M","lean_staten","scratch","K12 155k","12","frozen","0","transfer_long_ge17","70","solved","256","0.8","10","lean_only","","2026-09-29","copied","nd-rl:dan:experiment-summaries/2026-09-29-state-cap12-state-and-cap12-proofs-compound-on-long-pool/README.md"
"ours-3.2M-SN-cap12","stage1_SN12_s{S}","3.2M","lean_staten","scratch","K12 155k","12","frozen","1","transfer_long_ge17","70","solved","256","0.8","15","lean_only","","2026-09-29","copied","nd-rl:dan:experiment-summaries/2026-09-29-state-cap12-state-and-cap12-proofs-compound-on-long-pool/README.md"
"ours-3.2M-SN-cap12","stage1_SN12_s{S}","3.2M","lean_staten","scratch","K12 155k","12","frozen","2","transfer_long_ge17","70","solved","256","0.8","19","lean_only","","2026-09-29","copied","nd-rl:dan:experiment-summaries/2026-09-29-state-cap12-state-and-cap12-proofs-compound-on-long-pool/README.md"
"ours-3.2M-SN-cap12","stage1_SN12_s{S}","3.2M","lean_staten","scratch","K12 155k","12","frozen","3","transfer_long_ge17","70","solved","256","0.8","18","lean_only","","2026-09-29","copied","nd-rl:dan:experiment-summaries/2026-09-29-state-cap12-state-and-cap12-proofs-compound-on-long-pool/README.md"
"ours-3.2M-K12-wholeproof","la_T1_K12_s{S}_r8","3.2M","lean_seq","scratch","K12 155k","12","T1","0","transfer_long_ge17","70","solved","256","0.8","3","lean_only","","2026-09-29","copied","nd-rl:dan:experiment-summaries/2026-09-29-state-cap12-state-and-cap12-proofs-compound-on-long-pool/README.md"
"ours-3.2M-K12-wholeproof","la_T1_K12_s{S}_r8","3.2M","lean_seq","scratch","K12 155k","12","T1","1","transfer_long_ge17","70","solved","256","0.8","2","lean_only","","2026-09-29","copied","nd-rl:dan:experiment-summaries/2026-09-29-state-cap12-state-and-cap12-proofs-compound-on-long-pool/README.md"
"ours-3.2M-SN-v2-cap6","la_T1_SN_s{S}_r8","3.2M","lean_staten","scratch","cap-6 control 155k","6","T1","0","transfer_long_ge17","70","solved","256","0.8","5","lean_only","","2026-09-29","copied","nd-rl:dan:experiment-summaries/2026-09-29-state-cap12-state-and-cap12-proofs-compound-on-long-pool/README.md"
"ours-3.2M-SN-v2-cap6","la_T1_SN_s{S}_r8","3.2M","lean_staten","scratch","cap-6 control 155k","6","T1","1","transfer_long_ge17","70","solved","256","0.8","0","lean_only","","2026-09-29","copied","nd-rl:dan:experiment-summaries/2026-09-29-state-cap12-state-and-cap12-proofs-compound-on-long-pool/README.md"
"ours-3.2M-SN-cap12","la_T1_SN12_s{S}_r8","3.2M","lean_staten","scratch","K12 155k","12","T1","0","rr600_textbook","73","solved","256","0.8","29","lean_only","","2026-09-29","copied","nd-rl:dan:experiment-summaries/2026-09-29-state-cap12-state-and-cap12-proofs-compound-on-long-pool/README.md"
"ours-3.2M-SN-cap12","la_T1_SN12_s{S}_r8","3.2M","lean_staten","scratch","K12 155k","12","T1","1","rr600_textbook","73","solved","256","0.8","30","lean_only","","2026-09-29","copied","nd-rl:dan:experiment-summaries/2026-09-29-state-cap12-state-and-cap12-proofs-compound-on-long-pool/README.md"
"ours-3.2M-SN-cap12","la_T1_SN12_s{S}_r8","3.2M","lean_staten","scratch","K12 155k","12","T1","2","rr600_textbook","73","solved","256","0.8","27","lean_only","","2026-09-29","copied","nd-rl:dan:experiment-summaries/2026-09-29-state-cap12-state-and-cap12-proofs-compound-on-long-pool/README.md"
"ours-3.2M-SN-cap12","la_T1_SN12_s{S}_r8","3.2M","lean_staten","scratch","K12 155k","12","T1","3","rr600_textbook","73","solved","256","0.8","28","lean_only","","2026-09-29","copied","nd-rl:dan:experiment-summaries/2026-09-29-state-cap12-state-and-cap12-proofs-compound-on-long-pool/README.md"
"ours-3.2M-SN-cap12","stage1_SN12_s{S}","3.2M","lean_staten","scratch","K12 155k","12","frozen","0","rr600_textbook","73","solved","256","0.8","10","lean_only","","2026-09-29","copied","nd-rl:dan:experiment-summaries/2026-09-29-state-cap12-state-and-cap12-proofs-compound-on-long-pool/README.md"
"ours-3.2M-SN-cap12","stage1_SN12_s{S}","3.2M","lean_staten","scratch","K12 155k","12","frozen","1","rr600_textbook","73","solved","256","0.8","17","lean_only","","2026-09-29","copied","nd-rl:dan:experiment-summaries/2026-09-29-state-cap12-state-and-cap12-proofs-compound-on-long-pool/README.md"
"ours-3.2M-SN-cap12","stage1_SN12_s{S}","3.2M","lean_staten","scratch","K12 155k","12","frozen","2","rr600_textbook","73","solved","256","0.8","14","lean_only","","2026-09-29","copied","nd-rl:dan:experiment-summaries/2026-09-29-state-cap12-state-and-cap12-proofs-compound-on-long-pool/README.md"
"ours-3.2M-SN-cap12","stage1_SN12_s{S}","3.2M","lean_staten","scratch","K12 155k","12","frozen","3","rr600_textbook","73","solved","256","0.8","14","lean_only","","2026-09-29","copied","nd-rl:dan:experiment-summaries/2026-09-29-state-cap12-state-and-cap12-proofs-compound-on-long-pool/README.md"
"ours-3.2M-K12-wholeproof","la_T1_K12_s{S}_r8","3.2M","lean_seq","scratch","K12 155k","12","T1","0","rr600_textbook","73","solved","256","0.8","0","lean_only","","2026-09-29","copied","nd-rl:dan:experiment-summaries/2026-09-29-state-cap12-state-and-cap12-proofs-compound-on-long-pool/README.md"
"ours-3.2M-K12-wholeproof","la_T1_K12_s{S}_r8","3.2M","lean_seq","scratch","K12 155k","12","T1","1","rr600_textbook","73","solved","256","0.8","0","lean_only","","2026-09-29","copied","nd-rl:dan:experiment-summaries/2026-09-29-state-cap12-state-and-cap12-proofs-compound-on-long-pool/README.md"
"ours-3.2M-SN-cap12","la_T1_SN12_s{S}_r8","3.2M","lean_staten","scratch","K12 155k","12","T1","0","transfer2285","2285","solved_inloop_cumulative","8x32","0.8","1960","lean_only","","2026-09-29","copied","nd-rl:dan:experiment-summaries/2026-09-29-state-cap12-state-and-cap12-proofs-compound-on-long-pool/README.md"
"ours-3.2M-SN-cap12","la_T1_SN12_s{S}_r8","3.2M","lean_staten","scratch","K12 155k","12","T1","1","transfer2285","2285","solved_inloop_cumulative","8x32","0.8","2027","lean_only","","2026-09-29","copied","nd-rl:dan:experiment-summaries/2026-09-29-state-cap12-state-and-cap12-proofs-compound-on-long-pool/README.md"
"ours-3.2M-SN-cap12","la_T1_SN12_s{S}_r8","3.2M","lean_staten","scratch","K12 155k","12","T1","2","transfer2285","2285","solved_inloop_cumulative","8x32","0.8","2024","lean_only","","2026-09-29","copied","nd-rl:dan:experiment-summaries/2026-09-29-state-cap12-state-and-cap12-proofs-compound-on-long-pool/README.md"
"ours-3.2M-SN-cap12","la_T1_SN12_s{S}_r8","3.2M","lean_staten","scratch","K12 155k","12","T1","3","transfer2285","2285","solved_inloop_cumulative","8x32","0.8","1985","lean_only","","2026-09-29","copied","nd-rl:dan:experiment-summaries/2026-09-29-state-cap12-state-and-cap12-proofs-compound-on-long-pool/README.md"
"ours-3.2M-SN-cap12","stage1_SN12_s{S}","3.2M","lean_staten","scratch","K12 155k","12","frozen","0","transfer2285","2285","solved","256","0.8","1661","lean_only","","2026-09-29","copied","nd-rl:dan:experiment-summaries/2026-09-29-state-cap12-state-and-cap12-proofs-compound-on-long-pool/README.md"
"ours-3.2M-SN-cap12","stage1_SN12_s{S}","3.2M","lean_staten","scratch","K12 155k","12","frozen","1","transfer2285","2285","solved","256","0.8","1769","lean_only","","2026-09-29","copied","nd-rl:dan:experiment-summaries/2026-09-29-state-cap12-state-and-cap12-proofs-compound-on-long-pool/README.md"
"ours-3.2M-SN-cap12","stage1_SN12_s{S}","3.2M","lean_staten","scratch","K12 155k","12","frozen","2","transfer2285","2285","solved","256","0.8","1796","lean_only","","2026-09-29","copied","nd-rl:dan:experiment-summaries/2026-09-29-state-cap12-state-and-cap12-proofs-compound-on-long-pool/README.md"
"ours-3.2M-SN-cap12","stage1_SN12_s{S}","3.2M","lean_staten","scratch","K12 155k","12","frozen","3","transfer2285","2285","solved","256","0.8","1727","lean_only","","2026-09-29","copied","nd-rl:dan:experiment-summaries/2026-09-29-state-cap12-state-and-cap12-proofs-compound-on-long-pool/README.md"
"ours-3.2M-K12-wholeproof","la_T1_K12_s{S}_r8","3.2M","lean_seq","scratch","K12 155k","12","T1","0","transfer2285","2285","solved_inloop_cumulative","8x32","0.8","1703","lean_only","","2026-09-29","copied","nd-rl:dan:experiment-summaries/2026-09-29-state-cap12-state-and-cap12-proofs-compound-on-long-pool/README.md"
"ours-3.2M-K12-wholeproof","la_T1_K12_s{S}_r8","3.2M","lean_seq","scratch","K12 155k","12","T1","1","transfer2285","2285","solved_inloop_cumulative","8x32","0.8","1634","lean_only","","2026-09-29","copied","nd-rl:dan:experiment-summaries/2026-09-29-state-cap12-state-and-cap12-proofs-compound-on-long-pool/README.md"
"ours-3.2M-SN-cap12","la_T1_SN12_s{S}_r8","3.2M","lean_staten","scratch","K12 155k","12","T1","0","transfer2285","2285","L_star","8x32","0.8","13","lean_only","","2026-09-29","copied","nd-rl:dan:experiment-summaries/2026-09-29-state-cap12-state-and-cap12-proofs-compound-on-long-pool/README.md"
"ours-3.2M-SN-cap12","la_T1_SN12_s{S}_r8","3.2M","lean_staten","scratch","K12 155k","12","T1","1","transfer2285","2285","L_star","8x32","0.8","13","lean_only","","2026-09-29","copied","nd-rl:dan:experiment-summaries/2026-09-29-state-cap12-state-and-cap12-proofs-compound-on-long-pool/README.md"
"ours-3.2M-SN-cap12","la_T1_SN12_s{S}_r8","3.2M","lean_staten","scratch","K12 155k","12","T1","2","transfer2285","2285","L_star","8x32","0.8","13","lean_only","","2026-09-29","copied","nd-rl:dan:experiment-summaries/2026-09-29-state-cap12-state-and-cap12-proofs-compound-on-long-pool/README.md"
"ours-3.2M-SN-cap12","la_T1_SN12_s{S}_r8","3.2M","lean_staten","scratch","K12 155k","12","T1","3","transfer2285","2285","L_star","8x32","0.8","13","lean_only","","2026-09-29","copied","nd-rl:dan:experiment-summaries/2026-09-29-state-cap12-state-and-cap12-proofs-compound-on-long-pool/README.md"
"ours-3.2M-SN-cap12","stage1_SN12_s{S}","3.2M","lean_staten","scratch","K12 155k","12","frozen","0","transfer2285","2285","L_star","256","0.8","12","lean_only","","2026-09-29","copied","nd-rl:dan:experiment-summaries/2026-09-29-state-cap12-state-and-cap12-proofs-compound-on-long-pool/README.md"
"ours-3.2M-SN-cap12","stage1_SN12_s{S}","3.2M","lean_staten","scratch","K12 155k","12","frozen","1","transfer2285","2285","L_star","256","0.8","12","lean_only","","2026-09-29","copied","nd-rl:dan:experiment-summaries/2026-09-29-state-cap12-state-and-cap12-proofs-compound-on-long-pool/README.md"
"ours-3.2M-SN-cap12","stage1_SN12_s{S}","3.2M","lean_staten","scratch","K12 155k","12","frozen","2","transfer2285","2285","L_star","256","0.8","13","lean_only","","2026-09-29","copied","nd-rl:dan:experiment-summaries/2026-09-29-state-cap12-state-and-cap12-proofs-compound-on-long-pool/README.md"
"ours-3.2M-SN-cap12","stage1_SN12_s{S}","3.2M","lean_staten","scratch","K12 155k","12","frozen","3","transfer2285","2285","L_star","256","0.8","12","lean_only","","2026-09-29","copied","nd-rl:dan:experiment-summaries/2026-09-29-state-cap12-state-and-cap12-proofs-compound-on-long-pool/README.md"
"ours-3.2M-K12-wholeproof","la_T1_K12_s{S}_r8","3.2M","lean_seq","scratch","K12 155k","12","T1","0","transfer2285","2285","L_star","8x32","0.8","13","lean_only","","2026-09-29","copied","nd-rl:dan:experiment-summaries/2026-09-29-state-cap12-state-and-cap12-proofs-compound-on-long-pool/README.md"
"ours-3.2M-K12-wholeproof","la_T1_K12_s{S}_r8","3.2M","lean_seq","scratch","K12 155k","12","T1","1","transfer2285","2285","L_star","8x32","0.8","13","lean_only","","2026-09-29","copied","nd-rl:dan:experiment-summaries/2026-09-29-state-cap12-state-and-cap12-proofs-compound-on-long-pool/README.md"
"ours-3.2M-SN-cap12","la_T1_SN12_s{S}_r8","3.2M","lean_staten","scratch","K12 155k","12","T1","0","rr600+ge17","670","L_star_lower_bound","256","0.8","17","lean_only","","2026-09-29","copied","nd-rl:dan:experiment-summaries/2026-09-29-state-cap12-state-and-cap12-proofs-compound-on-long-pool/README.md"
"ours-3.2M-SN-cap12","la_T1_SN12_s{S}_r8","3.2M","lean_staten","scratch","K12 155k","12","T1","1","rr600+ge17","670","L_star_lower_bound","256","0.8","17","lean_only","","2026-09-29","copied","nd-rl:dan:experiment-summaries/2026-09-29-state-cap12-state-and-cap12-proofs-compound-on-long-pool/README.md"
"ours-3.2M-SN-cap12","la_T1_SN12_s{S}_r8","3.2M","lean_staten","scratch","K12 155k","12","T1","2","rr600+ge17","670","L_star_lower_bound","256","0.8","17","lean_only","","2026-09-29","copied","nd-rl:dan:experiment-summaries/2026-09-29-state-cap12-state-and-cap12-proofs-compound-on-long-pool/README.md"
"ours-3.2M-SN-cap12","la_T1_SN12_s{S}_r8","3.2M","lean_staten","scratch","K12 155k","12","T1","3","rr600+ge17","670","L_star_lower_bound","256","0.8","17","lean_only","","2026-09-29","copied","nd-rl:dan:experiment-summaries/2026-09-29-state-cap12-state-and-cap12-proofs-compound-on-long-pool/README.md"
"ours-3.2M-SN-cap12","stage1_SN12_s{S}","3.2M","lean_staten","scratch","K12 155k","12","frozen","0","rr600+ge17","670","L_star_lower_bound","256","0.8","17","lean_only","","2026-09-29","copied","nd-rl:dan:experiment-summaries/2026-09-29-state-cap12-state-and-cap12-proofs-compound-on-long-pool/README.md"
"ours-3.2M-SN-cap12","stage1_SN12_s{S}","3.2M","lean_staten","scratch","K12 155k","12","frozen","1","rr600+ge17","670","L_star_lower_bound","256","0.8","17","lean_only","","2026-09-29","copied","nd-rl:dan:experiment-summaries/2026-09-29-state-cap12-state-and-cap12-proofs-compound-on-long-pool/README.md"
"ours-3.2M-SN-cap12","stage1_SN12_s{S}","3.2M","lean_staten","scratch","K12 155k","12","frozen","2","rr600+ge17","670","L_star_lower_bound","256","0.8","17","lean_only","","2026-09-29","copied","nd-rl:dan:experiment-summaries/2026-09-29-state-cap12-state-and-cap12-proofs-compound-on-long-pool/README.md"
"ours-3.2M-SN-cap12","stage1_SN12_s{S}","3.2M","lean_staten","scratch","K12 155k","12","frozen","3","rr600+ge17","670","L_star_lower_bound","256","0.8","17","lean_only","","2026-09-29","copied","nd-rl:dan:experiment-summaries/2026-09-29-state-cap12-state-and-cap12-proofs-compound-on-long-pool/README.md"
"ours-3.2M-K12-wholeproof","la_T1_K12_s{S}_r8","3.2M","lean_seq","scratch","K12 155k","12","T1","0","rr600","600","L_star","256","0.8","16","lean_only","","2026-09-29","copied","nd-rl:dan:experiment-summaries/2026-09-29-state-cap12-state-and-cap12-proofs-compound-on-long-pool/README.md"
"ours-3.2M-K12-wholeproof","la_T1_K12_s{S}_r8","3.2M","lean_seq","scratch","K12 155k","12","T1","1","rr600","600","L_star","256","0.8","16","lean_only","","2026-09-29","copied","nd-rl:dan:experiment-summaries/2026-09-29-state-cap12-state-and-cap12-proofs-compound-on-long-pool/README.md"
"ours-3.2M-SN-cap12","la_T1_SN12_s{S}_r8","3.2M","lean_staten","scratch","K12 155k","12","T1","0","long2_91","91","solved","256","0.8","34","lean_only","","2026-09-30","copied","nd-rl:dan:experiment-summaries/2026-09-30-long-pool-2-pool-past-17-no-fall-off-detected/README.md"
"ours-3.2M-SN-cap12","la_T1_SN12_s{S}_r8","3.2M","lean_staten","scratch","K12 155k","12","T1","1","long2_91","91","solved","256","0.8","59","lean_only","","2026-09-30","copied","nd-rl:dan:experiment-summaries/2026-09-30-long-pool-2-pool-past-17-no-fall-off-detected/README.md"
"ours-3.2M-SN-cap12","la_T1_SN12_s{S}_r8","3.2M","lean_staten","scratch","K12 155k","12","T1","2","long2_91","91","solved","256","0.8","58","lean_only","","2026-09-30","copied","nd-rl:dan:experiment-summaries/2026-09-30-long-pool-2-pool-past-17-no-fall-off-detected/README.md"
"ours-3.2M-SN-cap12","la_T1_SN12_s{S}_r8","3.2M","lean_staten","scratch","K12 155k","12","T1","3","long2_91","91","solved","256","0.8","61","lean_only","","2026-09-30","copied","nd-rl:dan:experiment-summaries/2026-09-30-long-pool-2-pool-past-17-no-fall-off-detected/README.md"
"ours-3.2M-SN-cap12","stage1_SN12_s{S}","3.2M","lean_staten","scratch","K12 155k","12","frozen","0","long2_91","91","solved","256","0.8","11","lean_only","","2026-09-30","copied","nd-rl:dan:experiment-summaries/2026-09-30-long-pool-2-pool-past-17-no-fall-off-detected/README.md"
"ours-3.2M-SN-cap12","stage1_SN12_s{S}","3.2M","lean_staten","scratch","K12 155k","12","frozen","1","long2_91","91","solved","256","0.8","16","lean_only","","2026-09-30","copied","nd-rl:dan:experiment-summaries/2026-09-30-long-pool-2-pool-past-17-no-fall-off-detected/README.md"
"ours-3.2M-SN-cap12","stage1_SN12_s{S}","3.2M","lean_staten","scratch","K12 155k","12","frozen","2","long2_91","91","solved","256","0.8","21","lean_only","","2026-09-30","copied","nd-rl:dan:experiment-summaries/2026-09-30-long-pool-2-pool-past-17-no-fall-off-detected/README.md"
"ours-3.2M-SN-cap12","stage1_SN12_s{S}","3.2M","lean_staten","scratch","K12 155k","12","frozen","3","long2_91","91","solved","256","0.8","23","lean_only","","2026-09-30","copied","nd-rl:dan:experiment-summaries/2026-09-30-long-pool-2-pool-past-17-no-fall-off-detected/README.md"
"ours-3.2M-K12-wholeproof","la_T1_K12_s{S}_r8","3.2M","lean_seq","scratch","K12 155k","12","T1","0","long2_91","91","solved","256","0.8","3","lean_only","","2026-09-30","copied","nd-rl:dan:experiment-summaries/2026-09-30-long-pool-2-pool-past-17-no-fall-off-detected/README.md"
"ours-3.2M-K12-wholeproof","la_T1_K12_s{S}_r8","3.2M","lean_seq","scratch","K12 155k","12","T1","1","long2_91","91","solved","256","0.8","2","lean_only","","2026-09-30","copied","nd-rl:dan:experiment-summaries/2026-09-30-long-pool-2-pool-past-17-no-fall-off-detected/README.md"
"ours-3.2M-SN-v2-cap6","la_T1_SN_s{S}_r8","3.2M","lean_staten","scratch","cap-6 control 155k","6","T1","0","long2_91","91","solved","256","0.8","4","lean_only","","2026-09-30","copied","nd-rl:dan:experiment-summaries/2026-09-30-long-pool-2-pool-past-17-no-fall-off-detected/README.md"
"ours-3.2M-SN-v2-cap6","la_T1_SN_s{S}_r8","3.2M","lean_staten","scratch","cap-6 control 155k","6","T1","1","long2_91","91","solved","256","0.8","0","lean_only","","2026-09-30","copied","nd-rl:dan:experiment-summaries/2026-09-30-long-pool-2-pool-past-17-no-fall-off-detected/README.md"
"ours-3.2M-SN-cap12","la_T1_SN12_s{S}_r8","3.2M","lean_staten","scratch","K12 155k","12","T1","0","long2_91:exact17","61","solved","256","0.8","25","lean_only","","2026-09-30","copied","nd-rl:dan:experiment-summaries/2026-09-30-long-pool-2-pool-past-17-no-fall-off-detected/README.md"
"ours-3.2M-SN-cap12","la_T1_SN12_s{S}_r8","3.2M","lean_staten","scratch","K12 155k","12","T1","1","long2_91:exact17","61","solved","256","0.8","43","lean_only","","2026-09-30","copied","nd-rl:dan:experiment-summaries/2026-09-30-long-pool-2-pool-past-17-no-fall-off-detected/README.md"
"ours-3.2M-SN-cap12","la_T1_SN12_s{S}_r8","3.2M","lean_staten","scratch","K12 155k","12","T1","2","long2_91:exact17","61","solved","256","0.8","38","lean_only","","2026-09-30","copied","nd-rl:dan:experiment-summaries/2026-09-30-long-pool-2-pool-past-17-no-fall-off-detected/README.md"
"ours-3.2M-SN-cap12","la_T1_SN12_s{S}_r8","3.2M","lean_staten","scratch","K12 155k","12","T1","3","long2_91:exact17","61","solved","256","0.8","42","lean_only","","2026-09-30","copied","nd-rl:dan:experiment-summaries/2026-09-30-long-pool-2-pool-past-17-no-fall-off-detected/README.md"
"ours-3.2M-SN-cap12","stage1_SN12_s{S}","3.2M","lean_staten","scratch","K12 155k","12","frozen","0","long2_91:exact17","61","solved","256","0.8","9","lean_only","","2026-09-30","copied","nd-rl:dan:experiment-summaries/2026-09-30-long-pool-2-pool-past-17-no-fall-off-detected/README.md"
"ours-3.2M-SN-cap12","stage1_SN12_s{S}","3.2M","lean_staten","scratch","K12 155k","12","frozen","1","long2_91:exact17","61","solved","256","0.8","11","lean_only","","2026-09-30","copied","nd-rl:dan:experiment-summaries/2026-09-30-long-pool-2-pool-past-17-no-fall-off-detected/README.md"
"ours-3.2M-SN-cap12","stage1_SN12_s{S}","3.2M","lean_staten","scratch","K12 155k","12","frozen","2","long2_91:exact17","61","solved","256","0.8","17","lean_only","","2026-09-30","copied","nd-rl:dan:experiment-summaries/2026-09-30-long-pool-2-pool-past-17-no-fall-off-detected/README.md"
"ours-3.2M-SN-cap12","stage1_SN12_s{S}","3.2M","lean_staten","scratch","K12 155k","12","frozen","3","long2_91:exact17","61","solved","256","0.8","19","lean_only","","2026-09-30","copied","nd-rl:dan:experiment-summaries/2026-09-30-long-pool-2-pool-past-17-no-fall-off-detected/README.md"
"ours-3.2M-K12-wholeproof","la_T1_K12_s{S}_r8","3.2M","lean_seq","scratch","K12 155k","12","T1","0","long2_91:exact17","61","solved","256","0.8","2","lean_only","","2026-09-30","copied","nd-rl:dan:experiment-summaries/2026-09-30-long-pool-2-pool-past-17-no-fall-off-detected/README.md"
"ours-3.2M-K12-wholeproof","la_T1_K12_s{S}_r8","3.2M","lean_seq","scratch","K12 155k","12","T1","1","long2_91:exact17","61","solved","256","0.8","1","lean_only","","2026-09-30","copied","nd-rl:dan:experiment-summaries/2026-09-30-long-pool-2-pool-past-17-no-fall-off-detected/README.md"
"ours-3.2M-SN-v2-cap6","la_T1_SN_s{S}_r8","3.2M","lean_staten","scratch","cap-6 control 155k","6","T1","0","long2_91:exact17","61","solved","256","0.8","4","lean_only","","2026-09-30","copied","nd-rl:dan:experiment-summaries/2026-09-30-long-pool-2-pool-past-17-no-fall-off-detected/README.md"
"ours-3.2M-SN-v2-cap6","la_T1_SN_s{S}_r8","3.2M","lean_staten","scratch","cap-6 control 155k","6","T1","1","long2_91:exact17","61","solved","256","0.8","0","lean_only","","2026-09-30","copied","nd-rl:dan:experiment-summaries/2026-09-30-long-pool-2-pool-past-17-no-fall-off-detected/README.md"
"ours-3.2M-SN-cap12","la_T1_SN12_s{S}_r8","3.2M","lean_staten","scratch","K12 155k","12","T1","0","long2_91:ge18","30","solved","256","0.8","9","lean_only","","2026-09-30","copied","nd-rl:dan:experiment-summaries/2026-09-30-long-pool-2-pool-past-17-no-fall-off-detected/README.md"
"ours-3.2M-SN-cap12","la_T1_SN12_s{S}_r8","3.2M","lean_staten","scratch","K12 155k","12","T1","1","long2_91:ge18","30","solved","256","0.8","16","lean_only","","2026-09-30","copied","nd-rl:dan:experiment-summaries/2026-09-30-long-pool-2-pool-past-17-no-fall-off-detected/README.md"
"ours-3.2M-SN-cap12","la_T1_SN12_s{S}_r8","3.2M","lean_staten","scratch","K12 155k","12","T1","2","long2_91:ge18","30","solved","256","0.8","20","lean_only","","2026-09-30","copied","nd-rl:dan:experiment-summaries/2026-09-30-long-pool-2-pool-past-17-no-fall-off-detected/README.md"
"ours-3.2M-SN-cap12","la_T1_SN12_s{S}_r8","3.2M","lean_staten","scratch","K12 155k","12","T1","3","long2_91:ge18","30","solved","256","0.8","19","lean_only","","2026-09-30","copied","nd-rl:dan:experiment-summaries/2026-09-30-long-pool-2-pool-past-17-no-fall-off-detected/README.md"
"ours-3.2M-SN-cap12","stage1_SN12_s{S}","3.2M","lean_staten","scratch","K12 155k","12","frozen","0","long2_91:ge18","30","solved","256","0.8","2","lean_only","","2026-09-30","copied","nd-rl:dan:experiment-summaries/2026-09-30-long-pool-2-pool-past-17-no-fall-off-detected/README.md"
"ours-3.2M-SN-cap12","stage1_SN12_s{S}","3.2M","lean_staten","scratch","K12 155k","12","frozen","1","long2_91:ge18","30","solved","256","0.8","5","lean_only","","2026-09-30","copied","nd-rl:dan:experiment-summaries/2026-09-30-long-pool-2-pool-past-17-no-fall-off-detected/README.md"
"ours-3.2M-SN-cap12","stage1_SN12_s{S}","3.2M","lean_staten","scratch","K12 155k","12","frozen","2","long2_91:ge18","30","solved","256","0.8","4","lean_only","","2026-09-30","copied","nd-rl:dan:experiment-summaries/2026-09-30-long-pool-2-pool-past-17-no-fall-off-detected/README.md"
"ours-3.2M-SN-cap12","stage1_SN12_s{S}","3.2M","lean_staten","scratch","K12 155k","12","frozen","3","long2_91:ge18","30","solved","256","0.8","4","lean_only","","2026-09-30","copied","nd-rl:dan:experiment-summaries/2026-09-30-long-pool-2-pool-past-17-no-fall-off-detected/README.md"
"ours-3.2M-K12-wholeproof","la_T1_K12_s{S}_r8","3.2M","lean_seq","scratch","K12 155k","12","T1","0","long2_91:ge18","30","solved","256","0.8","1","lean_only","","2026-09-30","copied","nd-rl:dan:experiment-summaries/2026-09-30-long-pool-2-pool-past-17-no-fall-off-detected/README.md"
"ours-3.2M-K12-wholeproof","la_T1_K12_s{S}_r8","3.2M","lean_seq","scratch","K12 155k","12","T1","1","long2_91:ge18","30","solved","256","0.8","1","lean_only","","2026-09-30","copied","nd-rl:dan:experiment-summaries/2026-09-30-long-pool-2-pool-past-17-no-fall-off-detected/README.md"
"ours-3.2M-SN-v2-cap6","la_T1_SN_s{S}_r8","3.2M","lean_staten","scratch","cap-6 control 155k","6","T1","0","long2_91:ge18","30","solved","256","0.8","0","lean_only","","2026-09-30","copied","nd-rl:dan:experiment-summaries/2026-09-30-long-pool-2-pool-past-17-no-fall-off-detected/README.md"
"ours-3.2M-SN-v2-cap6","la_T1_SN_s{S}_r8","3.2M","lean_staten","scratch","cap-6 control 155k","6","T1","1","long2_91:ge18","30","solved","256","0.8","0","lean_only","","2026-09-30","copied","nd-rl:dan:experiment-summaries/2026-09-30-long-pool-2-pool-past-17-no-fall-off-detected/README.md"
"ours-3.2M-SN-cap12","la_T1_SN12_s{S}_r8","3.2M","lean_staten","scratch","K12 155k","12","T1","0","transfer_long2","21","solved","256","0.8","8","lean_only","","2026-09-30","copied","nd-rl:dan:experiment-summaries/2026-09-30-long-pool-2-pool-past-17-no-fall-off-detected/README.md"
"ours-3.2M-SN-cap12","la_T1_SN12_s{S}_r8","3.2M","lean_staten","scratch","K12 155k","12","T1","1","transfer_long2","21","solved","256","0.8","15","lean_only","","2026-09-30","copied","nd-rl:dan:experiment-summaries/2026-09-30-long-pool-2-pool-past-17-no-fall-off-detected/README.md"
"ours-3.2M-SN-cap12","la_T1_SN12_s{S}_r8","3.2M","lean_staten","scratch","K12 155k","12","T1","2","transfer_long2","21","solved","256","0.8","17","lean_only","","2026-09-30","copied","nd-rl:dan:experiment-summaries/2026-09-30-long-pool-2-pool-past-17-no-fall-off-detected/README.md"
"ours-3.2M-SN-cap12","la_T1_SN12_s{S}_r8","3.2M","lean_staten","scratch","K12 155k","12","T1","3","transfer_long2","21","solved","256","0.8","14","lean_only","","2026-09-30","copied","nd-rl:dan:experiment-summaries/2026-09-30-long-pool-2-pool-past-17-no-fall-off-detected/README.md"
"ours-3.2M-SN-cap12","stage1_SN12_s{S}","3.2M","lean_staten","scratch","K12 155k","12","frozen","0","transfer_long2","21","solved","256","0.8","3","lean_only","","2026-09-30","copied","nd-rl:dan:experiment-summaries/2026-09-30-long-pool-2-pool-past-17-no-fall-off-detected/README.md"
"ours-3.2M-SN-cap12","stage1_SN12_s{S}","3.2M","lean_staten","scratch","K12 155k","12","frozen","1","transfer_long2","21","solved","256","0.8","1","lean_only","","2026-09-30","copied","nd-rl:dan:experiment-summaries/2026-09-30-long-pool-2-pool-past-17-no-fall-off-detected/README.md"
"ours-3.2M-SN-cap12","stage1_SN12_s{S}","3.2M","lean_staten","scratch","K12 155k","12","frozen","2","transfer_long2","21","solved","256","0.8","3","lean_only","","2026-09-30","copied","nd-rl:dan:experiment-summaries/2026-09-30-long-pool-2-pool-past-17-no-fall-off-detected/README.md"
"ours-3.2M-SN-cap12","stage1_SN12_s{S}","3.2M","lean_staten","scratch","K12 155k","12","frozen","3","transfer_long2","21","solved","256","0.8","5","lean_only","","2026-09-30","copied","nd-rl:dan:experiment-summaries/2026-09-30-long-pool-2-pool-past-17-no-fall-off-detected/README.md"
"ours-3.2M-K12-wholeproof","la_T1_K12_s{S}_r8","3.2M","lean_seq","scratch","K12 155k","12","T1","0","transfer_long2","21","solved","256","0.8","0","lean_only","","2026-09-30","copied","nd-rl:dan:experiment-summaries/2026-09-30-long-pool-2-pool-past-17-no-fall-off-detected/README.md"
"ours-3.2M-K12-wholeproof","la_T1_K12_s{S}_r8","3.2M","lean_seq","scratch","K12 155k","12","T1","1","transfer_long2","21","solved","256","0.8","0","lean_only","","2026-09-30","copied","nd-rl:dan:experiment-summaries/2026-09-30-long-pool-2-pool-past-17-no-fall-off-detected/README.md"
"ours-3.2M-SN-v2-cap6","la_T1_SN_s{S}_r8","3.2M","lean_staten","scratch","cap-6 control 155k","6","T1","0","transfer_long2","21","solved","256","0.8","0","lean_only","","2026-09-30","copied","nd-rl:dan:experiment-summaries/2026-09-30-long-pool-2-pool-past-17-no-fall-off-detected/README.md"
"ours-3.2M-SN-v2-cap6","la_T1_SN_s{S}_r8","3.2M","lean_staten","scratch","cap-6 control 155k","6","T1","1","transfer_long2","21","solved","256","0.8","0","lean_only","","2026-09-30","copied","nd-rl:dan:experiment-summaries/2026-09-30-long-pool-2-pool-past-17-no-fall-off-detected/README.md"
"ours-3.2M-S-cap6","stage1_S_s{S}","3.2M","lean_state","scratch","cap-6 control 155k","6","frozen","0","survivors29","29","reached_ge1_of_400k","200k@T0.8+200k@T1.0","0.8/1.0","28","lean_only","","2026-09-30","copied","nd-rl:dan:experiment-summaries/2026-09-30-state-readouts-state-not-naming-reaches-survivors/README.md"
"ours-3.2M-S-cap6","stage1_S_s{S}","3.2M","lean_state","scratch","cap-6 control 155k","6","frozen","1","survivors29","29","reached_ge1_of_400k","200k@T0.8+200k@T1.0","0.8/1.0","25","lean_only","","2026-09-30","copied","nd-rl:dan:experiment-summaries/2026-09-30-state-readouts-state-not-naming-reaches-survivors/README.md"
"ours-3.2M-SH-cap6","stage1_SH_s{S}","3.2M","lean_stateh","scratch","cap-6 control 155k","6","frozen","0","survivors29","29","reached_ge1_of_400k","200k@T0.8+200k@T1.0","0.8/1.0","21","lean_only","","2026-09-30","copied","nd-rl:dan:experiment-summaries/2026-09-30-state-readouts-state-not-naming-reaches-survivors/README.md"
"ours-3.2M-SH-cap6","stage1_SH_s{S}","3.2M","lean_stateh","scratch","cap-6 control 155k","6","frozen","1","survivors29","29","reached_ge1_of_400k","200k@T0.8+200k@T1.0","0.8/1.0","15","lean_only","","2026-09-30","copied","nd-rl:dan:experiment-summaries/2026-09-30-state-readouts-state-not-naming-reaches-survivors/README.md"
"ours-3.2M-wholeproof-cap6","stage1_a1_seq_s0","3.2M","lean_seq","scratch","cap-6 control 155k","6","frozen","0","survivors29","29","reached_ge1_of_400k","400k","0.8/1.0","0","lean_only","","2026-09-30","copied","nd-rl:dan:experiment-summaries/2026-09-30-state-readouts-state-not-naming-reaches-survivors/README.md"
"ours-3.2M-SN-cap12","la_T1_SN12_s{S}_r8","3.2M","lean_staten","scratch","K12 155k","12","T1","0","textbook_transfer760","760","solved","256","0.8","513","lean_only","","2026-09-30","copied","nd-rl:dan:experiment-summaries/2026-09-30-state-readouts-state-not-naming-reaches-survivors/README.md"
"ours-3.2M-SN-cap12","la_T1_SN12_s{S}_r8","3.2M","lean_staten","scratch","K12 155k","12","T1","1","textbook_transfer760","760","solved","256","0.8","552","lean_only","","2026-09-30","copied","nd-rl:dan:experiment-summaries/2026-09-30-state-readouts-state-not-naming-reaches-survivors/README.md"
"ours-3.2M-SN-cap12","la_T1_SN12_s{S}_r8","3.2M","lean_staten","scratch","K12 155k","12","T1","2","textbook_transfer760","760","solved","256","0.8","537","lean_only","","2026-09-30","copied","nd-rl:dan:experiment-summaries/2026-09-30-state-readouts-state-not-naming-reaches-survivors/README.md"
"ours-3.2M-SN-cap12","la_T1_SN12_s{S}_r8","3.2M","lean_staten","scratch","K12 155k","12","T1","3","textbook_transfer760","760","solved","256","0.8","514","lean_only","","2026-09-30","copied","nd-rl:dan:experiment-summaries/2026-09-30-state-readouts-state-not-naming-reaches-survivors/README.md"
"ours-3.2M-SN-cap12","stage1_SN12_s{S}","3.2M","lean_staten","scratch","K12 155k","12","frozen","0","textbook_transfer760","760","solved","256","0.8","275","lean_only","","2026-09-30","copied","nd-rl:dan:experiment-summaries/2026-09-30-state-readouts-state-not-naming-reaches-survivors/README.md"
"ours-3.2M-SN-cap12","stage1_SN12_s{S}","3.2M","lean_staten","scratch","K12 155k","12","frozen","1","textbook_transfer760","760","solved","256","0.8","346","lean_only","","2026-09-30","copied","nd-rl:dan:experiment-summaries/2026-09-30-state-readouts-state-not-naming-reaches-survivors/README.md"
"ours-3.2M-SN-cap12","stage1_SN12_s{S}","3.2M","lean_staten","scratch","K12 155k","12","frozen","2","textbook_transfer760","760","solved","256","0.8","361","lean_only","","2026-09-30","copied","nd-rl:dan:experiment-summaries/2026-09-30-state-readouts-state-not-naming-reaches-survivors/README.md"
"ours-3.2M-SN-cap12","stage1_SN12_s{S}","3.2M","lean_staten","scratch","K12 155k","12","frozen","3","textbook_transfer760","760","solved","256","0.8","333","lean_only","","2026-09-30","copied","nd-rl:dan:experiment-summaries/2026-09-30-state-readouts-state-not-naming-reaches-survivors/README.md"
"ours-3.2M-SN-cap12","la_T1_SN12_s{S}_r8","3.2M","lean_staten","scratch","K12 155k","12","T1","0","transfer_long282","282","solved","256","0.8","102","lean_only","","2026-09-30","copied","nd-rl:dan:experiment-summaries/2026-09-30-state-readouts-state-not-naming-reaches-survivors/README.md"
"ours-3.2M-SN-cap12","la_T1_SN12_s{S}_r8","3.2M","lean_staten","scratch","K12 155k","12","T1","1","transfer_long282","282","solved","256","0.8","125","lean_only","","2026-09-30","copied","nd-rl:dan:experiment-summaries/2026-09-30-state-readouts-state-not-naming-reaches-survivors/README.md"
"ours-3.2M-SN-cap12","la_T1_SN12_s{S}_r8","3.2M","lean_staten","scratch","K12 155k","12","T1","2","transfer_long282","282","solved","256","0.8","111","lean_only","","2026-09-30","copied","nd-rl:dan:experiment-summaries/2026-09-30-state-readouts-state-not-naming-reaches-survivors/README.md"
"ours-3.2M-SN-cap12","la_T1_SN12_s{S}_r8","3.2M","lean_staten","scratch","K12 155k","12","T1","3","transfer_long282","282","solved","256","0.8","113","lean_only","","2026-09-30","copied","nd-rl:dan:experiment-summaries/2026-09-30-state-readouts-state-not-naming-reaches-survivors/README.md"
"ours-3.2M-SN-cap12","stage1_SN12_s{S}","3.2M","lean_staten","scratch","K12 155k","12","frozen","0","transfer_long282","282","solved","256","0.8","35","lean_only","","2026-09-30","copied","nd-rl:dan:experiment-summaries/2026-09-30-state-readouts-state-not-naming-reaches-survivors/README.md"
"ours-3.2M-SN-cap12","stage1_SN12_s{S}","3.2M","lean_staten","scratch","K12 155k","12","frozen","1","transfer_long282","282","solved","256","0.8","57","lean_only","","2026-09-30","copied","nd-rl:dan:experiment-summaries/2026-09-30-state-readouts-state-not-naming-reaches-survivors/README.md"
"ours-3.2M-SN-cap12","stage1_SN12_s{S}","3.2M","lean_staten","scratch","K12 155k","12","frozen","2","transfer_long282","282","solved","256","0.8","56","lean_only","","2026-09-30","copied","nd-rl:dan:experiment-summaries/2026-09-30-state-readouts-state-not-naming-reaches-survivors/README.md"
"ours-3.2M-SN-cap12","stage1_SN12_s{S}","3.2M","lean_staten","scratch","K12 155k","12","frozen","3","transfer_long282","282","solved","256","0.8","53","lean_only","","2026-09-30","copied","nd-rl:dan:experiment-summaries/2026-09-30-state-readouts-state-not-naming-reaches-survivors/README.md"
"ours-3.2M-SN-cap12","la_T1_SN12_s{S}_r8","3.2M","lean_staten","scratch","K12 155k","12","T1","0","dead_textbook_schemata12","12","schemata_ge5_of_40","256","0.8","11","lean_only","","2026-09-30","copied","nd-rl:dan:experiment-summaries/2026-09-30-state-readouts-state-not-naming-reaches-survivors/README.md"
"ours-3.2M-SN-cap12","la_T1_SN12_s{S}_r8","3.2M","lean_staten","scratch","K12 155k","12","T1","1","dead_textbook_schemata12","12","schemata_ge5_of_40","256","0.8","11","lean_only","","2026-09-30","copied","nd-rl:dan:experiment-summaries/2026-09-30-state-readouts-state-not-naming-reaches-survivors/README.md"
"ours-3.2M-SN-cap12","la_T1_SN12_s{S}_r8","3.2M","lean_staten","scratch","K12 155k","12","T1","2","dead_textbook_schemata12","12","schemata_ge5_of_40","256","0.8","11","lean_only","","2026-09-30","copied","nd-rl:dan:experiment-summaries/2026-09-30-state-readouts-state-not-naming-reaches-survivors/README.md"
"ours-3.2M-SN-cap12","la_T1_SN12_s{S}_r8","3.2M","lean_staten","scratch","K12 155k","12","T1","3","dead_textbook_schemata12","12","schemata_ge5_of_40","256","0.8","11","lean_only","","2026-09-30","copied","nd-rl:dan:experiment-summaries/2026-09-30-state-readouts-state-not-naming-reaches-survivors/README.md"
"ours-3.2M-SN-cap12","stage1_SN12_s{S}","3.2M","lean_staten","scratch","K12 155k","12","frozen","0","dead_textbook_schemata12","12","schemata_ge5_of_40","256","0.8","6","lean_only","","2026-09-30","copied","nd-rl:dan:experiment-summaries/2026-09-30-state-readouts-state-not-naming-reaches-survivors/README.md"
"ours-3.2M-SN-cap12","stage1_SN12_s{S}","3.2M","lean_staten","scratch","K12 155k","12","frozen","1","dead_textbook_schemata12","12","schemata_ge5_of_40","256","0.8","10","lean_only","","2026-09-30","copied","nd-rl:dan:experiment-summaries/2026-09-30-state-readouts-state-not-naming-reaches-survivors/README.md"
"ours-3.2M-SN-cap12","stage1_SN12_s{S}","3.2M","lean_staten","scratch","K12 155k","12","frozen","2","dead_textbook_schemata12","12","schemata_ge5_of_40","256","0.8","10","lean_only","","2026-09-30","copied","nd-rl:dan:experiment-summaries/2026-09-30-state-readouts-state-not-naming-reaches-survivors/README.md"
"ours-3.2M-SN-cap12","stage1_SN12_s{S}","3.2M","lean_staten","scratch","K12 155k","12","frozen","3","dead_textbook_schemata12","12","schemata_ge5_of_40","256","0.8","9","lean_only","","2026-09-30","copied","nd-rl:dan:experiment-summaries/2026-09-30-state-readouts-state-not-naming-reaches-survivors/README.md"
"best-9.56M-cap6","la_T1_best6_s{S}_r8","9.56M","lean_staten","scratch","cap-6 control 155k","6","T1","0","textbook72","72","solved","256","0.8","39","lean_only","","2026-10-01","copied","nd-rl:dan:experiment-summaries/2026-09-30-best-state-robbies-recipe-wins-after-rl-level-frozen-at-cap12/README.md"
"best-9.56M-cap6","la_T1_best6_s{S}_r8","9.56M","lean_staten","scratch","cap-6 control 155k","6","T1","1","textbook72","72","solved","256","0.8","40","lean_only","","2026-10-01","copied","nd-rl:dan:experiment-summaries/2026-09-30-best-state-robbies-recipe-wins-after-rl-level-frozen-at-cap12/README.md"
"best-9.56M-cap6","la_T1_best6_s{S}_r8","9.56M","lean_staten","scratch","cap-6 control 155k","6","T1","2","textbook72","72","solved","256","0.8","33","lean_only","","2026-10-01","copied","nd-rl:dan:experiment-summaries/2026-09-30-best-state-robbies-recipe-wins-after-rl-level-frozen-at-cap12/README.md"
"best-9.56M-cap6","stage1_best6_s{S}_b1200","9.56M","lean_staten","scratch","cap-6 control 155k","6","frozen","0","textbook72","72","solved","256","0.8","19","lean_only","","2026-10-01","copied","nd-rl:dan:experiment-summaries/2026-09-30-best-state-robbies-recipe-wins-after-rl-level-frozen-at-cap12/README.md"
"best-9.56M-cap6","stage1_best6_s{S}_b1200","9.56M","lean_staten","scratch","cap-6 control 155k","6","frozen","1","textbook72","72","solved","256","0.8","18","lean_only","","2026-10-01","copied","nd-rl:dan:experiment-summaries/2026-09-30-best-state-robbies-recipe-wins-after-rl-level-frozen-at-cap12/README.md"
"best-9.56M-cap6","stage1_best6_s{S}_b1200","9.56M","lean_staten","scratch","cap-6 control 155k","6","frozen","2","textbook72","72","solved","256","0.8","20","lean_only","","2026-10-01","copied","nd-rl:dan:experiment-summaries/2026-09-30-best-state-robbies-recipe-wins-after-rl-level-frozen-at-cap12/README.md"
"best-9.56M-cap12","la_T1_best12_s{S}_r8","9.56M","lean_staten","scratch","K12 155k","12","T1","0","textbook72","72","solved","256","0.8","52","lean_only","","2026-10-01","copied","nd-rl:dan:experiment-summaries/2026-09-30-best-state-robbies-recipe-wins-after-rl-level-frozen-at-cap12/README.md"
"best-9.56M-cap12","la_T1_best12_s{S}_r8","9.56M","lean_staten","scratch","K12 155k","12","T1","1","textbook72","72","solved","256","0.8","51","lean_only","","2026-10-01","copied","nd-rl:dan:experiment-summaries/2026-09-30-best-state-robbies-recipe-wins-after-rl-level-frozen-at-cap12/README.md"
"best-9.56M-cap12","la_T1_best12_s{S}_r8","9.56M","lean_staten","scratch","K12 155k","12","T1","2","textbook72","72","solved","256","0.8","52","lean_only","","2026-10-01","copied","nd-rl:dan:experiment-summaries/2026-09-30-best-state-robbies-recipe-wins-after-rl-level-frozen-at-cap12/README.md"
"best-9.56M-cap12","stage1_best12_s{S}_b1200","9.56M","lean_staten","scratch","K12 155k","12","frozen","0","textbook72","72","solved","256","0.8","32","lean_only","","2026-10-01","copied","nd-rl:dan:experiment-summaries/2026-09-30-best-state-robbies-recipe-wins-after-rl-level-frozen-at-cap12/README.md"
"best-9.56M-cap12","stage1_best12_s{S}_b1200","9.56M","lean_staten","scratch","K12 155k","12","frozen","1","textbook72","72","solved","256","0.8","27","lean_only","","2026-10-01","copied","nd-rl:dan:experiment-summaries/2026-09-30-best-state-robbies-recipe-wins-after-rl-level-frozen-at-cap12/README.md"
"best-9.56M-cap12","stage1_best12_s{S}_b1200","9.56M","lean_staten","scratch","K12 155k","12","frozen","2","textbook72","72","solved","256","0.8","27","lean_only","","2026-10-01","copied","nd-rl:dan:experiment-summaries/2026-09-30-best-state-robbies-recipe-wins-after-rl-level-frozen-at-cap12/README.md"
"ours-3.2M-SN-v2-cap6","la_T1_SN_s{S}_r8","3.2M","lean_staten","scratch","cap-6 control 155k","6","T1","0","dev1108","1108","solved","64","0.8","746","lean_only","","2026-10-01","copied","nd-rl:dan:experiment-summaries/2026-09-30-best-state-robbies-recipe-wins-after-rl-level-frozen-at-cap12/README.md"
"ours-3.2M-SN-v2-cap6","la_T1_SN_s{S}_r8","3.2M","lean_staten","scratch","cap-6 control 155k","6","T1","1","dev1108","1108","solved","64","0.8","663","lean_only","","2026-10-01","copied","nd-rl:dan:experiment-summaries/2026-09-30-best-state-robbies-recipe-wins-after-rl-level-frozen-at-cap12/README.md"
"ours-3.2M-SN-v2-cap6","stage1_SN_s{S}","3.2M","lean_staten","scratch","cap-6 control 155k","6","frozen","0","dev1108","1108","solved","64","0.8","405","lean_only","","2026-10-01","copied","nd-rl:dan:experiment-summaries/2026-09-30-best-state-robbies-recipe-wins-after-rl-level-frozen-at-cap12/README.md"
"ours-3.2M-SN-v2-cap6","stage1_SN_s{S}","3.2M","lean_staten","scratch","cap-6 control 155k","6","frozen","1","dev1108","1108","solved","64","0.8","329","lean_only","","2026-10-01","copied","nd-rl:dan:experiment-summaries/2026-09-30-best-state-robbies-recipe-wins-after-rl-level-frozen-at-cap12/README.md"
"best-9.56M-cap6","la_T1_best6_s{S}_r8","9.56M","lean_staten","scratch","cap-6 control 155k","6","T1","0","dev1108","1108","solved","64","0.8","1002","lean_only","","2026-10-01","copied","nd-rl:dan:experiment-summaries/2026-09-30-best-state-robbies-recipe-wins-after-rl-level-frozen-at-cap12/README.md"
"best-9.56M-cap6","la_T1_best6_s{S}_r8","9.56M","lean_staten","scratch","cap-6 control 155k","6","T1","1","dev1108","1108","solved","64","0.8","986","lean_only","","2026-10-01","copied","nd-rl:dan:experiment-summaries/2026-09-30-best-state-robbies-recipe-wins-after-rl-level-frozen-at-cap12/README.md"
"best-9.56M-cap6","la_T1_best6_s{S}_r8","9.56M","lean_staten","scratch","cap-6 control 155k","6","T1","2","dev1108","1108","solved","64","0.8","1002","lean_only","","2026-10-01","copied","nd-rl:dan:experiment-summaries/2026-09-30-best-state-robbies-recipe-wins-after-rl-level-frozen-at-cap12/README.md"
"best-9.56M-cap6","stage1_best6_s{S}_b1200","9.56M","lean_staten","scratch","cap-6 control 155k","6","frozen","0","dev1108","1108","solved","64","0.8","569","lean_only","","2026-10-01","copied","nd-rl:dan:experiment-summaries/2026-09-30-best-state-robbies-recipe-wins-after-rl-level-frozen-at-cap12/README.md"
"best-9.56M-cap6","stage1_best6_s{S}_b1200","9.56M","lean_staten","scratch","cap-6 control 155k","6","frozen","1","dev1108","1108","solved","64","0.8","466","lean_only","","2026-10-01","copied","nd-rl:dan:experiment-summaries/2026-09-30-best-state-robbies-recipe-wins-after-rl-level-frozen-at-cap12/README.md"
"best-9.56M-cap6","stage1_best6_s{S}_b1200","9.56M","lean_staten","scratch","cap-6 control 155k","6","frozen","2","dev1108","1108","solved","64","0.8","506","lean_only","","2026-10-01","copied","nd-rl:dan:experiment-summaries/2026-09-30-best-state-robbies-recipe-wins-after-rl-level-frozen-at-cap12/README.md"
"ours-3.2M-SN-cap12","la_T1_SN12_s{S}_r8","3.2M","lean_staten","scratch","K12 155k","12","T1","0","dev1108","1108","solved","64","0.8","927","lean_only","","2026-10-01","copied","nd-rl:dan:experiment-summaries/2026-09-30-best-state-robbies-recipe-wins-after-rl-level-frozen-at-cap12/README.md"
"ours-3.2M-SN-cap12","la_T1_SN12_s{S}_r8","3.2M","lean_staten","scratch","K12 155k","12","T1","1","dev1108","1108","solved","64","0.8","972","lean_only","","2026-10-01","copied","nd-rl:dan:experiment-summaries/2026-09-30-best-state-robbies-recipe-wins-after-rl-level-frozen-at-cap12/README.md"
"ours-3.2M-SN-cap12","la_T1_SN12_s{S}_r8","3.2M","lean_staten","scratch","K12 155k","12","T1","2","dev1108","1108","solved","64","0.8","961","lean_only","","2026-10-01","copied","nd-rl:dan:experiment-summaries/2026-09-30-best-state-robbies-recipe-wins-after-rl-level-frozen-at-cap12/README.md"
"ours-3.2M-SN-cap12","la_T1_SN12_s{S}_r8","3.2M","lean_staten","scratch","K12 155k","12","T1","3","dev1108","1108","solved","64","0.8","940","lean_only","","2026-10-01","copied","nd-rl:dan:experiment-summaries/2026-09-30-best-state-robbies-recipe-wins-after-rl-level-frozen-at-cap12/README.md"
"ours-3.2M-SN-cap12","stage1_SN12_s{S}","3.2M","lean_staten","scratch","K12 155k","12","frozen","0","dev1108","1108","solved","64","0.8","745","lean_only","","2026-10-01","copied","nd-rl:dan:experiment-summaries/2026-09-30-best-state-robbies-recipe-wins-after-rl-level-frozen-at-cap12/README.md"
"ours-3.2M-SN-cap12","stage1_SN12_s{S}","3.2M","lean_staten","scratch","K12 155k","12","frozen","1","dev1108","1108","solved","64","0.8","782","lean_only","","2026-10-01","copied","nd-rl:dan:experiment-summaries/2026-09-30-best-state-robbies-recipe-wins-after-rl-level-frozen-at-cap12/README.md"
"ours-3.2M-SN-cap12","stage1_SN12_s{S}","3.2M","lean_staten","scratch","K12 155k","12","frozen","2","dev1108","1108","solved","64","0.8","804","lean_only","","2026-10-01","copied","nd-rl:dan:experiment-summaries/2026-09-30-best-state-robbies-recipe-wins-after-rl-level-frozen-at-cap12/README.md"
"ours-3.2M-SN-cap12","stage1_SN12_s{S}","3.2M","lean_staten","scratch","K12 155k","12","frozen","3","dev1108","1108","solved","64","0.8","781","lean_only","","2026-10-01","copied","nd-rl:dan:experiment-summaries/2026-09-30-best-state-robbies-recipe-wins-after-rl-level-frozen-at-cap12/README.md"
"best-9.56M-cap12","la_T1_best12_s{S}_r8","9.56M","lean_staten","scratch","K12 155k","12","T1","0","dev1108","1108","solved","64","0.8","1058","lean_only","","2026-10-01","copied","nd-rl:dan:experiment-summaries/2026-09-30-best-state-robbies-recipe-wins-after-rl-level-frozen-at-cap12/README.md"
"best-9.56M-cap12","la_T1_best12_s{S}_r8","9.56M","lean_staten","scratch","K12 155k","12","T1","1","dev1108","1108","solved","64","0.8","1050","lean_only","","2026-10-01","copied","nd-rl:dan:experiment-summaries/2026-09-30-best-state-robbies-recipe-wins-after-rl-level-frozen-at-cap12/README.md"
"best-9.56M-cap12","la_T1_best12_s{S}_r8","9.56M","lean_staten","scratch","K12 155k","12","T1","2","dev1108","1108","solved","64","0.8","1055","lean_only","","2026-10-01","copied","nd-rl:dan:experiment-summaries/2026-09-30-best-state-robbies-recipe-wins-after-rl-level-frozen-at-cap12/README.md"
"best-9.56M-cap12","stage1_best12_s{S}_b1200","9.56M","lean_staten","scratch","K12 155k","12","frozen","0","dev1108","1108","solved","64","0.8","782","lean_only","","2026-10-01","copied","nd-rl:dan:experiment-summaries/2026-09-30-best-state-robbies-recipe-wins-after-rl-level-frozen-at-cap12/README.md"
"best-9.56M-cap12","stage1_best12_s{S}_b1200","9.56M","lean_staten","scratch","K12 155k","12","frozen","1","dev1108","1108","solved","64","0.8","767","lean_only","","2026-10-01","copied","nd-rl:dan:experiment-summaries/2026-09-30-best-state-robbies-recipe-wins-after-rl-level-frozen-at-cap12/README.md"
"best-9.56M-cap12","stage1_best12_s{S}_b1200","9.56M","lean_staten","scratch","K12 155k","12","frozen","2","dev1108","1108","solved","64","0.8","741","lean_only","","2026-10-01","copied","nd-rl:dan:experiment-summaries/2026-09-30-best-state-robbies-recipe-wins-after-rl-level-frozen-at-cap12/README.md"
"ours-3.2M-SN-v2-cap6","la_T1_SN_s{S}_r8","3.2M","lean_staten","scratch","cap-6 control 155k","6","T1","0","holdout250","250","solved","256","0.8","169","lean_only","","2026-10-01","copied","nd-rl:dan:experiment-summaries/2026-09-30-best-state-robbies-recipe-wins-after-rl-level-frozen-at-cap12/README.md"
"ours-3.2M-SN-v2-cap6","la_T1_SN_s{S}_r8","3.2M","lean_staten","scratch","cap-6 control 155k","6","T1","1","holdout250","250","solved","256","0.8","151","lean_only","","2026-10-01","copied","nd-rl:dan:experiment-summaries/2026-09-30-best-state-robbies-recipe-wins-after-rl-level-frozen-at-cap12/README.md"
"ours-3.2M-SN-v2-cap6","stage1_SN_s{S}","3.2M","lean_staten","scratch","cap-6 control 155k","6","frozen","0","holdout250","250","solved","256","0.8","103","lean_only","","2026-10-01","copied","nd-rl:dan:experiment-summaries/2026-09-30-best-state-robbies-recipe-wins-after-rl-level-frozen-at-cap12/README.md"
"ours-3.2M-SN-v2-cap6","stage1_SN_s{S}","3.2M","lean_staten","scratch","cap-6 control 155k","6","frozen","1","holdout250","250","solved","256","0.8","83","lean_only","","2026-10-01","copied","nd-rl:dan:experiment-summaries/2026-09-30-best-state-robbies-recipe-wins-after-rl-level-frozen-at-cap12/README.md"
"best-9.56M-cap6","la_T1_best6_s{S}_r8","9.56M","lean_staten","scratch","cap-6 control 155k","6","T1","0","holdout250","250","solved","256","0.8","226","lean_only","","2026-10-01","copied","nd-rl:dan:experiment-summaries/2026-09-30-best-state-robbies-recipe-wins-after-rl-level-frozen-at-cap12/README.md"
"best-9.56M-cap6","la_T1_best6_s{S}_r8","9.56M","lean_staten","scratch","cap-6 control 155k","6","T1","1","holdout250","250","solved","256","0.8","229","lean_only","","2026-10-01","copied","nd-rl:dan:experiment-summaries/2026-09-30-best-state-robbies-recipe-wins-after-rl-level-frozen-at-cap12/README.md"
"best-9.56M-cap6","la_T1_best6_s{S}_r8","9.56M","lean_staten","scratch","cap-6 control 155k","6","T1","2","holdout250","250","solved","256","0.8","227","lean_only","","2026-10-01","copied","nd-rl:dan:experiment-summaries/2026-09-30-best-state-robbies-recipe-wins-after-rl-level-frozen-at-cap12/README.md"
"best-9.56M-cap6","stage1_best6_s{S}_b1200","9.56M","lean_staten","scratch","cap-6 control 155k","6","frozen","0","holdout250","250","solved","256","0.8","149","lean_only","","2026-10-01","copied","nd-rl:dan:experiment-summaries/2026-09-30-best-state-robbies-recipe-wins-after-rl-level-frozen-at-cap12/README.md"
"best-9.56M-cap6","stage1_best6_s{S}_b1200","9.56M","lean_staten","scratch","cap-6 control 155k","6","frozen","1","holdout250","250","solved","256","0.8","125","lean_only","","2026-10-01","copied","nd-rl:dan:experiment-summaries/2026-09-30-best-state-robbies-recipe-wins-after-rl-level-frozen-at-cap12/README.md"
"best-9.56M-cap6","stage1_best6_s{S}_b1200","9.56M","lean_staten","scratch","cap-6 control 155k","6","frozen","2","holdout250","250","solved","256","0.8","122","lean_only","","2026-10-01","copied","nd-rl:dan:experiment-summaries/2026-09-30-best-state-robbies-recipe-wins-after-rl-level-frozen-at-cap12/README.md"
"ours-3.2M-SN-cap12","la_T1_SN12_s{S}_r8","3.2M","lean_staten","scratch","K12 155k","12","T1","0","holdout250","250","solved","256","0.8","217","lean_only","","2026-10-01","copied","nd-rl:dan:experiment-summaries/2026-09-30-best-state-robbies-recipe-wins-after-rl-level-frozen-at-cap12/README.md"
"ours-3.2M-SN-cap12","la_T1_SN12_s{S}_r8","3.2M","lean_staten","scratch","K12 155k","12","T1","1","holdout250","250","solved","256","0.8","221","lean_only","","2026-10-01","copied","nd-rl:dan:experiment-summaries/2026-09-30-best-state-robbies-recipe-wins-after-rl-level-frozen-at-cap12/README.md"
"ours-3.2M-SN-cap12","la_T1_SN12_s{S}_r8","3.2M","lean_staten","scratch","K12 155k","12","T1","2","holdout250","250","solved","256","0.8","223","lean_only","","2026-10-01","copied","nd-rl:dan:experiment-summaries/2026-09-30-best-state-robbies-recipe-wins-after-rl-level-frozen-at-cap12/README.md"
"ours-3.2M-SN-cap12","la_T1_SN12_s{S}_r8","3.2M","lean_staten","scratch","K12 155k","12","T1","3","holdout250","250","solved","256","0.8","219","lean_only","","2026-10-01","copied","nd-rl:dan:experiment-summaries/2026-09-30-best-state-robbies-recipe-wins-after-rl-level-frozen-at-cap12/README.md"
"ours-3.2M-SN-cap12","stage1_SN12_s{S}","3.2M","lean_staten","scratch","K12 155k","12","frozen","0","holdout250","250","solved","256","0.8","183","lean_only","","2026-10-01","copied","nd-rl:dan:experiment-summaries/2026-09-30-best-state-robbies-recipe-wins-after-rl-level-frozen-at-cap12/README.md"
"ours-3.2M-SN-cap12","stage1_SN12_s{S}","3.2M","lean_staten","scratch","K12 155k","12","frozen","1","holdout250","250","solved","256","0.8","188","lean_only","","2026-10-01","copied","nd-rl:dan:experiment-summaries/2026-09-30-best-state-robbies-recipe-wins-after-rl-level-frozen-at-cap12/README.md"
"ours-3.2M-SN-cap12","stage1_SN12_s{S}","3.2M","lean_staten","scratch","K12 155k","12","frozen","2","holdout250","250","solved","256","0.8","198","lean_only","","2026-10-01","copied","nd-rl:dan:experiment-summaries/2026-09-30-best-state-robbies-recipe-wins-after-rl-level-frozen-at-cap12/README.md"
"ours-3.2M-SN-cap12","stage1_SN12_s{S}","3.2M","lean_staten","scratch","K12 155k","12","frozen","3","holdout250","250","solved","256","0.8","185","lean_only","","2026-10-01","copied","nd-rl:dan:experiment-summaries/2026-09-30-best-state-robbies-recipe-wins-after-rl-level-frozen-at-cap12/README.md"
"best-9.56M-cap12","la_T1_best12_s{S}_r8","9.56M","lean_staten","scratch","K12 155k","12","T1","0","holdout250","250","solved","256","0.8","239","lean_only","","2026-10-01","copied","nd-rl:dan:experiment-summaries/2026-09-30-best-state-robbies-recipe-wins-after-rl-level-frozen-at-cap12/README.md"
"best-9.56M-cap12","la_T1_best12_s{S}_r8","9.56M","lean_staten","scratch","K12 155k","12","T1","1","holdout250","250","solved","256","0.8","237","lean_only","","2026-10-01","copied","nd-rl:dan:experiment-summaries/2026-09-30-best-state-robbies-recipe-wins-after-rl-level-frozen-at-cap12/README.md"
"best-9.56M-cap12","la_T1_best12_s{S}_r8","9.56M","lean_staten","scratch","K12 155k","12","T1","2","holdout250","250","solved","256","0.8","237","lean_only","","2026-10-01","copied","nd-rl:dan:experiment-summaries/2026-09-30-best-state-robbies-recipe-wins-after-rl-level-frozen-at-cap12/README.md"
"best-9.56M-cap12","stage1_best12_s{S}_b1200","9.56M","lean_staten","scratch","K12 155k","12","frozen","0","holdout250","250","solved","256","0.8","184","lean_only","","2026-10-01","copied","nd-rl:dan:experiment-summaries/2026-09-30-best-state-robbies-recipe-wins-after-rl-level-frozen-at-cap12/README.md"
"best-9.56M-cap12","stage1_best12_s{S}_b1200","9.56M","lean_staten","scratch","K12 155k","12","frozen","1","holdout250","250","solved","256","0.8","195","lean_only","","2026-10-01","copied","nd-rl:dan:experiment-summaries/2026-09-30-best-state-robbies-recipe-wins-after-rl-level-frozen-at-cap12/README.md"
"best-9.56M-cap12","stage1_best12_s{S}_b1200","9.56M","lean_staten","scratch","K12 155k","12","frozen","2","holdout250","250","solved","256","0.8","182","lean_only","","2026-10-01","copied","nd-rl:dan:experiment-summaries/2026-09-30-best-state-robbies-recipe-wins-after-rl-level-frozen-at-cap12/README.md"
"best-9.56M-cap6","la_T1_best6_s{S}_r8","9.56M","lean_staten","scratch","cap-6 control 155k","6","T1","0","rr600_Q_Ltrue13-16","380","solved","256","0.8","350","lean_only","","2026-10-01","copied","nd-rl:dan:experiment-summaries/2026-09-30-best-state-robbies-recipe-wins-after-rl-level-frozen-at-cap12/README.md"
"best-9.56M-cap6","la_T1_best6_s{S}_r8","9.56M","lean_staten","scratch","cap-6 control 155k","6","T1","1","rr600_Q_Ltrue13-16","380","solved","256","0.8","346","lean_only","","2026-10-01","copied","nd-rl:dan:experiment-summaries/2026-09-30-best-state-robbies-recipe-wins-after-rl-level-frozen-at-cap12/README.md"
"best-9.56M-cap6","la_T1_best6_s{S}_r8","9.56M","lean_staten","scratch","cap-6 control 155k","6","T1","2","rr600_Q_Ltrue13-16","380","solved","256","0.8","339","lean_only","","2026-10-01","copied","nd-rl:dan:experiment-summaries/2026-09-30-best-state-robbies-recipe-wins-after-rl-level-frozen-at-cap12/README.md"
"best-9.56M-cap6","stage1_best6_s{S}_b1200","9.56M","lean_staten","scratch","cap-6 control 155k","6","frozen","0","rr600_Q_Ltrue13-16","380","solved","256","0.8","8","lean_only","","2026-10-01","copied","nd-rl:dan:experiment-summaries/2026-09-30-best-state-robbies-recipe-wins-after-rl-level-frozen-at-cap12/README.md"
"best-9.56M-cap6","stage1_best6_s{S}_b1200","9.56M","lean_staten","scratch","cap-6 control 155k","6","frozen","1","rr600_Q_Ltrue13-16","380","solved","256","0.8","4","lean_only","","2026-10-01","copied","nd-rl:dan:experiment-summaries/2026-09-30-best-state-robbies-recipe-wins-after-rl-level-frozen-at-cap12/README.md"
"best-9.56M-cap6","stage1_best6_s{S}_b1200","9.56M","lean_staten","scratch","cap-6 control 155k","6","frozen","2","rr600_Q_Ltrue13-16","380","solved","256","0.8","7","lean_only","","2026-10-01","copied","nd-rl:dan:experiment-summaries/2026-09-30-best-state-robbies-recipe-wins-after-rl-level-frozen-at-cap12/README.md"
"best-9.56M-cap12","la_T1_best12_s{S}_r8","9.56M","lean_staten","scratch","K12 155k","12","T1","0","rr600_Q_Ltrue13-16","380","solved","256","0.8","377","lean_only","","2026-10-01","copied","nd-rl:dan:experiment-summaries/2026-09-30-best-state-robbies-recipe-wins-after-rl-level-frozen-at-cap12/README.md"
"best-9.56M-cap12","la_T1_best12_s{S}_r8","9.56M","lean_staten","scratch","K12 155k","12","T1","1","rr600_Q_Ltrue13-16","380","solved","256","0.8","375","lean_only","","2026-10-01","copied","nd-rl:dan:experiment-summaries/2026-09-30-best-state-robbies-recipe-wins-after-rl-level-frozen-at-cap12/README.md"
"best-9.56M-cap12","la_T1_best12_s{S}_r8","9.56M","lean_staten","scratch","K12 155k","12","T1","2","rr600_Q_Ltrue13-16","380","solved","256","0.8","376","lean_only","","2026-10-01","copied","nd-rl:dan:experiment-summaries/2026-09-30-best-state-robbies-recipe-wins-after-rl-level-frozen-at-cap12/README.md"
"best-9.56M-cap12","stage1_best12_s{S}_b1200","9.56M","lean_staten","scratch","K12 155k","12","frozen","0","rr600_Q_Ltrue13-16","380","solved","256","0.8","271","lean_only","","2026-10-01","copied","nd-rl:dan:experiment-summaries/2026-09-30-best-state-robbies-recipe-wins-after-rl-level-frozen-at-cap12/README.md"
"best-9.56M-cap12","stage1_best12_s{S}_b1200","9.56M","lean_staten","scratch","K12 155k","12","frozen","1","rr600_Q_Ltrue13-16","380","solved","256","0.8","237","lean_only","","2026-10-01","copied","nd-rl:dan:experiment-summaries/2026-09-30-best-state-robbies-recipe-wins-after-rl-level-frozen-at-cap12/README.md"
"best-9.56M-cap12","stage1_best12_s{S}_b1200","9.56M","lean_staten","scratch","K12 155k","12","frozen","2","rr600_Q_Ltrue13-16","380","solved","256","0.8","216","lean_only","","2026-10-01","copied","nd-rl:dan:experiment-summaries/2026-09-30-best-state-robbies-recipe-wins-after-rl-level-frozen-at-cap12/README.md"
"ours-3.2M-SN-v2-cap6","stage1_SN_s{S}","3.2M","lean_staten","scratch","cap-6 control 155k","6","frozen","0","transfer_long2","21","solved","256","0.8","0","lean_only","","2026-10-01","copied","nd-rl:dan:experiment-summaries/2026-09-30-best-state-robbies-recipe-wins-after-rl-level-frozen-at-cap12/README.md"
"ours-3.2M-SN-v2-cap6","stage1_SN_s{S}","3.2M","lean_staten","scratch","cap-6 control 155k","6","frozen","1","transfer_long2","21","solved","256","0.8","0","lean_only","","2026-10-01","copied","nd-rl:dan:experiment-summaries/2026-09-30-best-state-robbies-recipe-wins-after-rl-level-frozen-at-cap12/README.md"
"best-9.56M-cap6","la_T1_best6_s{S}_r8","9.56M","lean_staten","scratch","cap-6 control 155k","6","T1","0","transfer_long2","21","solved","256","0.8","18","lean_only","","2026-10-01","copied","nd-rl:dan:experiment-summaries/2026-09-30-best-state-robbies-recipe-wins-after-rl-level-frozen-at-cap12/README.md"
"best-9.56M-cap6","la_T1_best6_s{S}_r8","9.56M","lean_staten","scratch","cap-6 control 155k","6","T1","1","transfer_long2","21","solved","256","0.8","18","lean_only","","2026-10-01","copied","nd-rl:dan:experiment-summaries/2026-09-30-best-state-robbies-recipe-wins-after-rl-level-frozen-at-cap12/README.md"
"best-9.56M-cap6","la_T1_best6_s{S}_r8","9.56M","lean_staten","scratch","cap-6 control 155k","6","T1","2","transfer_long2","21","solved","256","0.8","17","lean_only","","2026-10-01","copied","nd-rl:dan:experiment-summaries/2026-09-30-best-state-robbies-recipe-wins-after-rl-level-frozen-at-cap12/README.md"
"best-9.56M-cap6","stage1_best6_s{S}_b1200","9.56M","lean_staten","scratch","cap-6 control 155k","6","frozen","0","transfer_long2","21","solved","256","0.8","0","lean_only","","2026-10-01","copied","nd-rl:dan:experiment-summaries/2026-09-30-best-state-robbies-recipe-wins-after-rl-level-frozen-at-cap12/README.md"
"best-9.56M-cap6","stage1_best6_s{S}_b1200","9.56M","lean_staten","scratch","cap-6 control 155k","6","frozen","1","transfer_long2","21","solved","256","0.8","0","lean_only","","2026-10-01","copied","nd-rl:dan:experiment-summaries/2026-09-30-best-state-robbies-recipe-wins-after-rl-level-frozen-at-cap12/README.md"
"best-9.56M-cap6","stage1_best6_s{S}_b1200","9.56M","lean_staten","scratch","cap-6 control 155k","6","frozen","2","transfer_long2","21","solved","256","0.8","0","lean_only","","2026-10-01","copied","nd-rl:dan:experiment-summaries/2026-09-30-best-state-robbies-recipe-wins-after-rl-level-frozen-at-cap12/README.md"
"best-9.56M-cap12","la_T1_best12_s{S}_r8","9.56M","lean_staten","scratch","K12 155k","12","T1","0","transfer_long2","21","solved","256","0.8","21","lean_only","","2026-10-01","copied","nd-rl:dan:experiment-summaries/2026-09-30-best-state-robbies-recipe-wins-after-rl-level-frozen-at-cap12/README.md"
"best-9.56M-cap12","la_T1_best12_s{S}_r8","9.56M","lean_staten","scratch","K12 155k","12","T1","1","transfer_long2","21","solved","256","0.8","21","lean_only","","2026-10-01","copied","nd-rl:dan:experiment-summaries/2026-09-30-best-state-robbies-recipe-wins-after-rl-level-frozen-at-cap12/README.md"
"best-9.56M-cap12","la_T1_best12_s{S}_r8","9.56M","lean_staten","scratch","K12 155k","12","T1","2","transfer_long2","21","solved","256","0.8","20","lean_only","","2026-10-01","copied","nd-rl:dan:experiment-summaries/2026-09-30-best-state-robbies-recipe-wins-after-rl-level-frozen-at-cap12/README.md"
"best-9.56M-cap12","stage1_best12_s{S}_b1200","9.56M","lean_staten","scratch","K12 155k","12","frozen","0","transfer_long2","21","solved","256","0.8","10","lean_only","","2026-10-01","copied","nd-rl:dan:experiment-summaries/2026-09-30-best-state-robbies-recipe-wins-after-rl-level-frozen-at-cap12/README.md"
"best-9.56M-cap12","stage1_best12_s{S}_b1200","9.56M","lean_staten","scratch","K12 155k","12","frozen","1","transfer_long2","21","solved","256","0.8","5","lean_only","","2026-10-01","copied","nd-rl:dan:experiment-summaries/2026-09-30-best-state-robbies-recipe-wins-after-rl-level-frozen-at-cap12/README.md"
"best-9.56M-cap12","stage1_best12_s{S}_b1200","9.56M","lean_staten","scratch","K12 155k","12","frozen","2","transfer_long2","21","solved","256","0.8","4","lean_only","","2026-10-01","copied","nd-rl:dan:experiment-summaries/2026-09-30-best-state-robbies-recipe-wins-after-rl-level-frozen-at-cap12/README.md"
"ours-3.2M-SN-v2-cap6","la_T1_SN_s{S}_r8","3.2M","lean_staten","scratch","cap-6 control 155k","6","T1","0","heldout_p2_5000","5000","greedy_acc","1","0","0.972","lean_only","","2026-10-01","copied","nd-rl:dan:experiment-summaries/2026-09-30-best-state-robbies-recipe-wins-after-rl-level-frozen-at-cap12/README.md"
"ours-3.2M-SN-v2-cap6","la_T1_SN_s{S}_r8","3.2M","lean_staten","scratch","cap-6 control 155k","6","T1","1","heldout_p2_5000","5000","greedy_acc","1","0","0.971","lean_only","","2026-10-01","copied","nd-rl:dan:experiment-summaries/2026-09-30-best-state-robbies-recipe-wins-after-rl-level-frozen-at-cap12/README.md"
"ours-3.2M-SN-v2-cap6","stage1_SN_s{S}","3.2M","lean_staten","scratch","cap-6 control 155k","6","frozen","0","heldout_p2_5000","5000","greedy_acc","1","0","0.97","lean_only","","2026-10-01","copied","nd-rl:dan:experiment-summaries/2026-09-30-best-state-robbies-recipe-wins-after-rl-level-frozen-at-cap12/README.md"
"ours-3.2M-SN-v2-cap6","stage1_SN_s{S}","3.2M","lean_staten","scratch","cap-6 control 155k","6","frozen","1","heldout_p2_5000","5000","greedy_acc","1","0","0.958","lean_only","","2026-10-01","copied","nd-rl:dan:experiment-summaries/2026-09-30-best-state-robbies-recipe-wins-after-rl-level-frozen-at-cap12/README.md"
"best-9.56M-cap6","la_T1_best6_s{S}_r8","9.56M","lean_staten","scratch","cap-6 control 155k","6","T1","0","heldout_p2_5000","5000","greedy_acc","1","0","0.992","lean_only","","2026-10-01","copied","nd-rl:dan:experiment-summaries/2026-09-30-best-state-robbies-recipe-wins-after-rl-level-frozen-at-cap12/README.md"
"best-9.56M-cap6","la_T1_best6_s{S}_r8","9.56M","lean_staten","scratch","cap-6 control 155k","6","T1","1","heldout_p2_5000","5000","greedy_acc","1","0","0.996","lean_only","","2026-10-01","copied","nd-rl:dan:experiment-summaries/2026-09-30-best-state-robbies-recipe-wins-after-rl-level-frozen-at-cap12/README.md"
"best-9.56M-cap6","la_T1_best6_s{S}_r8","9.56M","lean_staten","scratch","cap-6 control 155k","6","T1","2","heldout_p2_5000","5000","greedy_acc","1","0","0.994","lean_only","","2026-10-01","copied","nd-rl:dan:experiment-summaries/2026-09-30-best-state-robbies-recipe-wins-after-rl-level-frozen-at-cap12/README.md"
"best-9.56M-cap6","stage1_best6_s{S}_b1200","9.56M","lean_staten","scratch","cap-6 control 155k","6","frozen","0","heldout_p2_5000","5000","greedy_acc","1","0","0.963","lean_only","","2026-10-01","copied","nd-rl:dan:experiment-summaries/2026-09-30-best-state-robbies-recipe-wins-after-rl-level-frozen-at-cap12/README.md"
"best-9.56M-cap6","stage1_best6_s{S}_b1200","9.56M","lean_staten","scratch","cap-6 control 155k","6","frozen","1","heldout_p2_5000","5000","greedy_acc","1","0","0.967","lean_only","","2026-10-01","copied","nd-rl:dan:experiment-summaries/2026-09-30-best-state-robbies-recipe-wins-after-rl-level-frozen-at-cap12/README.md"
"best-9.56M-cap6","stage1_best6_s{S}_b1200","9.56M","lean_staten","scratch","cap-6 control 155k","6","frozen","2","heldout_p2_5000","5000","greedy_acc","1","0","0.955","lean_only","","2026-10-01","copied","nd-rl:dan:experiment-summaries/2026-09-30-best-state-robbies-recipe-wins-after-rl-level-frozen-at-cap12/README.md"
"ours-3.2M-SN-cap12","la_T1_SN12_s{S}_r8","3.2M","lean_staten","scratch","K12 155k","12","T1","0","heldout_p2_5000","5000","greedy_acc","1","0","0.963","lean_only","","2026-10-01","copied","nd-rl:dan:experiment-summaries/2026-09-30-best-state-robbies-recipe-wins-after-rl-level-frozen-at-cap12/README.md"
"ours-3.2M-SN-cap12","la_T1_SN12_s{S}_r8","3.2M","lean_staten","scratch","K12 155k","12","T1","1","heldout_p2_5000","5000","greedy_acc","1","0","0.976","lean_only","","2026-10-01","copied","nd-rl:dan:experiment-summaries/2026-09-30-best-state-robbies-recipe-wins-after-rl-level-frozen-at-cap12/README.md"
"ours-3.2M-SN-cap12","la_T1_SN12_s{S}_r8","3.2M","lean_staten","scratch","K12 155k","12","T1","2","heldout_p2_5000","5000","greedy_acc","1","0","0.973","lean_only","","2026-10-01","copied","nd-rl:dan:experiment-summaries/2026-09-30-best-state-robbies-recipe-wins-after-rl-level-frozen-at-cap12/README.md"
"ours-3.2M-SN-cap12","la_T1_SN12_s{S}_r8","3.2M","lean_staten","scratch","K12 155k","12","T1","3","heldout_p2_5000","5000","greedy_acc","1","0","0.979","lean_only","","2026-10-01","copied","nd-rl:dan:experiment-summaries/2026-09-30-best-state-robbies-recipe-wins-after-rl-level-frozen-at-cap12/README.md"
"ours-3.2M-SN-cap12","stage1_SN12_s{S}","3.2M","lean_staten","scratch","K12 155k","12","frozen","0","heldout_p2_5000","5000","greedy_acc","1","0","0.969","lean_only","","2026-10-01","copied","nd-rl:dan:experiment-summaries/2026-09-30-best-state-robbies-recipe-wins-after-rl-level-frozen-at-cap12/README.md"
"ours-3.2M-SN-cap12","stage1_SN12_s{S}","3.2M","lean_staten","scratch","K12 155k","12","frozen","1","heldout_p2_5000","5000","greedy_acc","1","0","0.977","lean_only","","2026-10-01","copied","nd-rl:dan:experiment-summaries/2026-09-30-best-state-robbies-recipe-wins-after-rl-level-frozen-at-cap12/README.md"
"ours-3.2M-SN-cap12","stage1_SN12_s{S}","3.2M","lean_staten","scratch","K12 155k","12","frozen","2","heldout_p2_5000","5000","greedy_acc","1","0","0.978","lean_only","","2026-10-01","copied","nd-rl:dan:experiment-summaries/2026-09-30-best-state-robbies-recipe-wins-after-rl-level-frozen-at-cap12/README.md"
"ours-3.2M-SN-cap12","stage1_SN12_s{S}","3.2M","lean_staten","scratch","K12 155k","12","frozen","3","heldout_p2_5000","5000","greedy_acc","1","0","0.974","lean_only","","2026-10-01","copied","nd-rl:dan:experiment-summaries/2026-09-30-best-state-robbies-recipe-wins-after-rl-level-frozen-at-cap12/README.md"
"best-9.56M-cap12","la_T1_best12_s{S}_r8","9.56M","lean_staten","scratch","K12 155k","12","T1","0","heldout_p2_5000","5000","greedy_acc","1","0","0.992","lean_only","","2026-10-01","copied","nd-rl:dan:experiment-summaries/2026-09-30-best-state-robbies-recipe-wins-after-rl-level-frozen-at-cap12/README.md"
"best-9.56M-cap12","la_T1_best12_s{S}_r8","9.56M","lean_staten","scratch","K12 155k","12","T1","1","heldout_p2_5000","5000","greedy_acc","1","0","0.99","lean_only","","2026-10-01","copied","nd-rl:dan:experiment-summaries/2026-09-30-best-state-robbies-recipe-wins-after-rl-level-frozen-at-cap12/README.md"
"best-9.56M-cap12","la_T1_best12_s{S}_r8","9.56M","lean_staten","scratch","K12 155k","12","T1","2","heldout_p2_5000","5000","greedy_acc","1","0","0.993","lean_only","","2026-10-01","copied","nd-rl:dan:experiment-summaries/2026-09-30-best-state-robbies-recipe-wins-after-rl-level-frozen-at-cap12/README.md"
"best-9.56M-cap12","stage1_best12_s{S}_b1200","9.56M","lean_staten","scratch","K12 155k","12","frozen","0","heldout_p2_5000","5000","greedy_acc","1","0","0.926","lean_only","","2026-10-01","copied","nd-rl:dan:experiment-summaries/2026-09-30-best-state-robbies-recipe-wins-after-rl-level-frozen-at-cap12/README.md"
"best-9.56M-cap12","stage1_best12_s{S}_b1200","9.56M","lean_staten","scratch","K12 155k","12","frozen","1","heldout_p2_5000","5000","greedy_acc","1","0","0.951","lean_only","","2026-10-01","copied","nd-rl:dan:experiment-summaries/2026-09-30-best-state-robbies-recipe-wins-after-rl-level-frozen-at-cap12/README.md"
"best-9.56M-cap12","stage1_best12_s{S}_b1200","9.56M","lean_staten","scratch","K12 155k","12","frozen","2","heldout_p2_5000","5000","greedy_acc","1","0","0.903","lean_only","","2026-10-01","copied","nd-rl:dan:experiment-summaries/2026-09-30-best-state-robbies-recipe-wins-after-rl-level-frozen-at-cap12/README.md"
"best-9.56M-cap6","la_T1_best6_s{S}","9.56M","lean_staten","scratch","cap-6 control 155k","6","T1","0","rl_targets4495","4495","ladder_cum_solved_r8","8x32","0.8","4244","lean_only","","2026-10-01","copied","nd-rl:dan:experiment-summaries/2026-09-30-best-state-robbies-recipe-wins-after-rl-level-frozen-at-cap12/README.md"
"best-9.56M-cap6","la_T1_best6_s{S}","9.56M","lean_staten","scratch","cap-6 control 155k","6","T1","1","rl_targets4495","4495","ladder_cum_solved_r8","8x32","0.8","4221","lean_only","","2026-10-01","copied","nd-rl:dan:experiment-summaries/2026-09-30-best-state-robbies-recipe-wins-after-rl-level-frozen-at-cap12/README.md"
"best-9.56M-cap6","la_T1_best6_s{S}","9.56M","lean_staten","scratch","cap-6 control 155k","6","T1","2","rl_targets4495","4495","ladder_cum_solved_r8","8x32","0.8","4247","lean_only","","2026-10-01","copied","nd-rl:dan:experiment-summaries/2026-09-30-best-state-robbies-recipe-wins-after-rl-level-frozen-at-cap12/README.md"
"best-9.56M-cap12","la_T1_best12_s{S}","9.56M","lean_staten","scratch","K12 155k","12","T1","0","rl_targets4495","4495","ladder_cum_solved_r8","8x32","0.8","4375","lean_only","","2026-10-01","copied","nd-rl:dan:experiment-summaries/2026-09-30-best-state-robbies-recipe-wins-after-rl-level-frozen-at-cap12/README.md"
"best-9.56M-cap12","la_T1_best12_s{S}","9.56M","lean_staten","scratch","K12 155k","12","T1","1","rl_targets4495","4495","ladder_cum_solved_r8","8x32","0.8","4378","lean_only","","2026-10-01","copied","nd-rl:dan:experiment-summaries/2026-09-30-best-state-robbies-recipe-wins-after-rl-level-frozen-at-cap12/README.md"
"best-9.56M-cap12","la_T1_best12_s{S}","9.56M","lean_staten","scratch","K12 155k","12","T1","2","rl_targets4495","4495","ladder_cum_solved_r8","8x32","0.8","4392","lean_only","","2026-10-01","copied","nd-rl:dan:experiment-summaries/2026-09-30-best-state-robbies-recipe-wins-after-rl-level-frozen-at-cap12/README.md"
"ours-3.2M-SN-cap12-k64ladder","la_T1_cm12k64_s{S}_r8","3.2M","lean_staten","scratch","K12 155k","12","T1-k64","0","textbook72","72","solved","256","0.8","36","lean_only","","2026-10-02","copied","nd-rl:dan:experiment-summaries/2026-10-02-compute-match-matched-ladder-gpu-time-does-not-close-gap/README.md"
"ours-3.2M-SN-cap12-k64ladder","la_T1_cm12k64_s{S}_r8","3.2M","lean_staten","scratch","K12 155k","12","T1-k64","1","textbook72","72","solved","256","0.8","36","lean_only","","2026-10-02","copied","nd-rl:dan:experiment-summaries/2026-10-02-compute-match-matched-ladder-gpu-time-does-not-close-gap/README.md"
"ours-3.2M-SN-cap12-k64ladder","la_T1_cm12k64_s{S}_r8","3.2M","lean_staten","scratch","K12 155k","12","T1-k64","2","textbook72","72","solved","256","0.8","36","lean_only","","2026-10-02","copied","nd-rl:dan:experiment-summaries/2026-10-02-compute-match-matched-ladder-gpu-time-does-not-close-gap/README.md"
"ours-3.2M-SN-cap12-k64ladder","la_T1_cm12k64_s{S}_r8","3.2M","lean_staten","scratch","K12 155k","12","T1-k64","0","dev1108","1108","solved","64","0.8","934","lean_only","","2026-10-02","copied","nd-rl:dan:experiment-summaries/2026-10-02-compute-match-matched-ladder-gpu-time-does-not-close-gap/README.md"
"ours-3.2M-SN-cap12-k64ladder","la_T1_cm12k64_s{S}_r8","3.2M","lean_staten","scratch","K12 155k","12","T1-k64","1","dev1108","1108","solved","64","0.8","995","lean_only","","2026-10-02","copied","nd-rl:dan:experiment-summaries/2026-10-02-compute-match-matched-ladder-gpu-time-does-not-close-gap/README.md"
"ours-3.2M-SN-cap12-k64ladder","la_T1_cm12k64_s{S}_r8","3.2M","lean_staten","scratch","K12 155k","12","T1-k64","2","dev1108","1108","solved","64","0.8","972","lean_only","","2026-10-02","copied","nd-rl:dan:experiment-summaries/2026-10-02-compute-match-matched-ladder-gpu-time-does-not-close-gap/README.md"
"ours-3.2M-SN-cap12-k64ladder","la_T1_cm12k64_s{S}_r8","3.2M","lean_staten","scratch","K12 155k","12","T1-k64","0","holdout250","250","solved","256","0.8","220","lean_only","","2026-10-02","copied","nd-rl:dan:experiment-summaries/2026-10-02-compute-match-matched-ladder-gpu-time-does-not-close-gap/README.md"
"ours-3.2M-SN-cap12-k64ladder","la_T1_cm12k64_s{S}_r8","3.2M","lean_staten","scratch","K12 155k","12","T1-k64","1","holdout250","250","solved","256","0.8","224","lean_only","","2026-10-02","copied","nd-rl:dan:experiment-summaries/2026-10-02-compute-match-matched-ladder-gpu-time-does-not-close-gap/README.md"
"ours-3.2M-SN-cap12-k64ladder","la_T1_cm12k64_s{S}_r8","3.2M","lean_staten","scratch","K12 155k","12","T1-k64","2","holdout250","250","solved","256","0.8","225","lean_only","","2026-10-02","copied","nd-rl:dan:experiment-summaries/2026-10-02-compute-match-matched-ladder-gpu-time-does-not-close-gap/README.md"
"ours-3.2M-SN-cap12-k64ladder","la_T1_cm12k64_s{S}_r8","3.2M","lean_staten","scratch","K12 155k","12","T1-k64","0","rr600_Q_Ltrue13-16","380","solved","256","0.8","232","lean_only","","2026-10-02","copied","nd-rl:dan:experiment-summaries/2026-10-02-compute-match-matched-ladder-gpu-time-does-not-close-gap/README.md"
"ours-3.2M-SN-cap12-k64ladder","la_T1_cm12k64_s{S}_r8","3.2M","lean_staten","scratch","K12 155k","12","T1-k64","1","rr600_Q_Ltrue13-16","380","solved","256","0.8","295","lean_only","","2026-10-02","copied","nd-rl:dan:experiment-summaries/2026-10-02-compute-match-matched-ladder-gpu-time-does-not-close-gap/README.md"
"ours-3.2M-SN-cap12-k64ladder","la_T1_cm12k64_s{S}_r8","3.2M","lean_staten","scratch","K12 155k","12","T1-k64","2","rr600_Q_Ltrue13-16","380","solved","256","0.8","320","lean_only","","2026-10-02","copied","nd-rl:dan:experiment-summaries/2026-10-02-compute-match-matched-ladder-gpu-time-does-not-close-gap/README.md"
"ours-3.2M-SN-cap12-k64ladder","la_T1_cm12k64_s{S}_r8","3.2M","lean_staten","scratch","K12 155k","12","T1-k64","0","rr600_all","600","solved","256","0.8","379","lean_only","","2026-10-02","copied","nd-rl:dan:experiment-summaries/2026-10-02-compute-match-matched-ladder-gpu-time-does-not-close-gap/README.md"
"ours-3.2M-SN-cap12-k64ladder","la_T1_cm12k64_s{S}_r8","3.2M","lean_staten","scratch","K12 155k","12","T1-k64","1","rr600_all","600","solved","256","0.8","462","lean_only","","2026-10-02","copied","nd-rl:dan:experiment-summaries/2026-10-02-compute-match-matched-ladder-gpu-time-does-not-close-gap/README.md"
"ours-3.2M-SN-cap12-k64ladder","la_T1_cm12k64_s{S}_r8","3.2M","lean_staten","scratch","K12 155k","12","T1-k64","2","rr600_all","600","solved","256","0.8","483","lean_only","","2026-10-02","copied","nd-rl:dan:experiment-summaries/2026-10-02-compute-match-matched-ladder-gpu-time-does-not-close-gap/README.md"
"ours-3.2M-SN-cap12-k64ladder","la_T1_cm12k64_s{S}_r8","3.2M","lean_staten","scratch","K12 155k","12","T1-k64","0","transfer_long2","21","solved","256","0.8","11","lean_only","","2026-10-02","copied","nd-rl:dan:experiment-summaries/2026-10-02-compute-match-matched-ladder-gpu-time-does-not-close-gap/README.md"
"ours-3.2M-SN-cap12-k64ladder","la_T1_cm12k64_s{S}_r8","3.2M","lean_staten","scratch","K12 155k","12","T1-k64","1","transfer_long2","21","solved","256","0.8","11","lean_only","","2026-10-02","copied","nd-rl:dan:experiment-summaries/2026-10-02-compute-match-matched-ladder-gpu-time-does-not-close-gap/README.md"
"ours-3.2M-SN-cap12-k64ladder","la_T1_cm12k64_s{S}_r8","3.2M","lean_staten","scratch","K12 155k","12","T1-k64","2","transfer_long2","21","solved","256","0.8","15","lean_only","","2026-10-02","copied","nd-rl:dan:experiment-summaries/2026-10-02-compute-match-matched-ladder-gpu-time-does-not-close-gap/README.md"
"ours-3.2M-SN-cap12-k64ladder","la_T1_cm12k64_s{S}_r8","3.2M","lean_staten","scratch","K12 155k","12","T1-k64","0","heldout_p2_5000","5000","greedy_acc","1","0","0.9642","lean_only","","2026-10-02","copied","nd-rl:dan:experiment-summaries/2026-10-02-compute-match-matched-ladder-gpu-time-does-not-close-gap/README.md"
"ours-3.2M-SN-cap12-k64ladder","la_T1_cm12k64_s{S}_r8","3.2M","lean_staten","scratch","K12 155k","12","T1-k64","1","heldout_p2_5000","5000","greedy_acc","1","0","0.9768","lean_only","","2026-10-02","copied","nd-rl:dan:experiment-summaries/2026-10-02-compute-match-matched-ladder-gpu-time-does-not-close-gap/README.md"
"ours-3.2M-SN-cap12-k64ladder","la_T1_cm12k64_s{S}_r8","3.2M","lean_staten","scratch","K12 155k","12","T1-k64","2","heldout_p2_5000","5000","greedy_acc","1","0","0.9758","lean_only","","2026-10-02","copied","nd-rl:dan:experiment-summaries/2026-10-02-compute-match-matched-ladder-gpu-time-does-not-close-gap/README.md"
"ours-3.2M-SN-cap12","la_T1_SN12_s{S}_r8 (re-read)","3.2M","lean_staten","scratch","K12 155k","12","T1","0","textbook72","72","solved","256","0.8","36","lean_only","","2026-10-02","copied","nd-rl:dan:experiment-summaries/2026-10-02-compute-match-matched-ladder-gpu-time-does-not-close-gap/README.md"
"ours-3.2M-SN-cap12","la_T1_SN12_s{S}_r8 (re-read)","3.2M","lean_staten","scratch","K12 155k","12","T1","1","textbook72","72","solved","256","0.8","40","lean_only","","2026-10-02","copied","nd-rl:dan:experiment-summaries/2026-10-02-compute-match-matched-ladder-gpu-time-does-not-close-gap/README.md"
"ours-3.2M-SN-cap12","la_T1_SN12_s{S}_r8 (re-read)","3.2M","lean_staten","scratch","K12 155k","12","T1","2","textbook72","72","solved","256","0.8","36","lean_only","","2026-10-02","copied","nd-rl:dan:experiment-summaries/2026-10-02-compute-match-matched-ladder-gpu-time-does-not-close-gap/README.md"
"ours-3.2M-SN-cap12","la_T1_SN12_s{S}_r8 (re-read)","3.2M","lean_staten","scratch","K12 155k","12","T1","0","rr600_Q_Ltrue13-16","380","solved","256","0.8","227","lean_only","","2026-10-02","copied","nd-rl:dan:experiment-summaries/2026-10-02-compute-match-matched-ladder-gpu-time-does-not-close-gap/README.md"
"ours-3.2M-SN-cap12","la_T1_SN12_s{S}_r8 (re-read)","3.2M","lean_staten","scratch","K12 155k","12","T1","1","rr600_Q_Ltrue13-16","380","solved","256","0.8","293","lean_only","","2026-10-02","copied","nd-rl:dan:experiment-summaries/2026-10-02-compute-match-matched-ladder-gpu-time-does-not-close-gap/README.md"
"ours-3.2M-SN-cap12","la_T1_SN12_s{S}_r8 (re-read)","3.2M","lean_staten","scratch","K12 155k","12","T1","2","rr600_Q_Ltrue13-16","380","solved","256","0.8","317","lean_only","","2026-10-02","copied","nd-rl:dan:experiment-summaries/2026-10-02-compute-match-matched-ladder-gpu-time-does-not-close-gap/README.md"
"ours-3.2M-SN-cap12","la_T1_SN12_s{S}_r8 (re-read)","3.2M","lean_staten","scratch","K12 155k","12","T1","0","rr600_all","600","solved","256","0.8","365","lean_only","","2026-10-02","copied","nd-rl:dan:experiment-summaries/2026-10-02-compute-match-matched-ladder-gpu-time-does-not-close-gap/README.md"
"ours-3.2M-SN-cap12","la_T1_SN12_s{S}_r8 (re-read)","3.2M","lean_staten","scratch","K12 155k","12","T1","1","rr600_all","600","solved","256","0.8","459","lean_only","","2026-10-02","copied","nd-rl:dan:experiment-summaries/2026-10-02-compute-match-matched-ladder-gpu-time-does-not-close-gap/README.md"
"ours-3.2M-SN-cap12","la_T1_SN12_s{S}_r8 (re-read)","3.2M","lean_staten","scratch","K12 155k","12","T1","2","rr600_all","600","solved","256","0.8","471","lean_only","","2026-10-02","copied","nd-rl:dan:experiment-summaries/2026-10-02-compute-match-matched-ladder-gpu-time-does-not-close-gap/README.md"
"ours-3.2M-SN-cap12","la_T1_SN12_s{S}_r8 (re-read)","3.2M","lean_staten","scratch","K12 155k","12","T1","0","transfer_long2","21","solved","256","0.8","9","lean_only","","2026-10-02","copied","nd-rl:dan:experiment-summaries/2026-10-02-compute-match-matched-ladder-gpu-time-does-not-close-gap/README.md"
"ours-3.2M-SN-cap12","la_T1_SN12_s{S}_r8 (re-read)","3.2M","lean_staten","scratch","K12 155k","12","T1","1","transfer_long2","21","solved","256","0.8","14","lean_only","","2026-10-02","copied","nd-rl:dan:experiment-summaries/2026-10-02-compute-match-matched-ladder-gpu-time-does-not-close-gap/README.md"
"ours-3.2M-SN-cap12","la_T1_SN12_s{S}_r8 (re-read)","3.2M","lean_staten","scratch","K12 155k","12","T1","2","transfer_long2","21","solved","256","0.8","18","lean_only","","2026-10-02","copied","nd-rl:dan:experiment-summaries/2026-10-02-compute-match-matched-ladder-gpu-time-does-not-close-gap/README.md"
"ours-3.2M-SN-cap12-k64ladder","la_T1_cm12k64_s{S}","3.2M","lean_staten","scratch","K12 155k","12","T1-k64","0","rl_targets4495","4495","ladder_cum_solved_r8","8x64","0.8","4206","lean_only","","2026-10-02","copied","nd-rl:dan:experiment-summaries/2026-10-02-compute-match-matched-ladder-gpu-time-does-not-close-gap/README.md"
"ours-3.2M-SN-cap12-k64ladder","la_T1_cm12k64_s{S}","3.2M","lean_staten","scratch","K12 155k","12","T1-k64","1","rl_targets4495","4495","ladder_cum_solved_r8","8x64","0.8","4268","lean_only","","2026-10-02","copied","nd-rl:dan:experiment-summaries/2026-10-02-compute-match-matched-ladder-gpu-time-does-not-close-gap/README.md"
"ours-3.2M-SN-cap12-k64ladder","la_T1_cm12k64_s{S}","3.2M","lean_staten","scratch","K12 155k","12","T1-k64","2","rl_targets4495","4495","ladder_cum_solved_r8","8x64","0.8","4258","lean_only","","2026-10-02","copied","nd-rl:dan:experiment-summaries/2026-10-02-compute-match-matched-ladder-gpu-time-does-not-close-gap/README.md"
"ours-3.2M-SN-cap12","ladder r8","3.2M","lean_staten","scratch","K12 155k","12","EI-sampling-shortest(A)","0","Q291(long2_91+rr600_15-16)","291","solved","256","0.8","79","lean_only","","2026-09-30","copied","nd-rl:dan:experiment-summaries/2026-09-30-search-expert-best-first-ties-sampling-at-quarter-spend/README.md"
"ours-3.2M-SN-cap12","ladder r8","3.2M","lean_staten","scratch","K12 155k","12","EI-sampling-shortest(A)","1","Q291(long2_91+rr600_15-16)","291","solved","256","0.8","111","lean_only","","2026-09-30","copied","nd-rl:dan:experiment-summaries/2026-09-30-search-expert-best-first-ties-sampling-at-quarter-spend/README.md"
"ours-3.2M-SN-cap12","ladder r8","3.2M","lean_staten","scratch","K12 155k","12","EI-sampling-shortest(A)","2","Q291(long2_91+rr600_15-16)","291","solved","256","0.8","129","lean_only","","2026-09-30","copied","nd-rl:dan:experiment-summaries/2026-09-30-search-expert-best-first-ties-sampling-at-quarter-spend/README.md"
"ours-3.2M-SN-cap12","ladder r8","3.2M","lean_staten","scratch","K12 155k","12","EI-sampling-shortest(A)","3","Q291(long2_91+rr600_15-16)","291","solved","256","0.8","148","lean_only","","2026-09-30","copied","nd-rl:dan:experiment-summaries/2026-09-30-search-expert-best-first-ties-sampling-at-quarter-spend/README.md"
"ours-3.2M-SN-cap12","ladder r8","3.2M","lean_staten","scratch","K12 155k","12","EI-sampling-shortest(A)","4","Q291(long2_91+rr600_15-16)","291","solved","256","0.8","113","lean_only","","2026-09-30","copied","nd-rl:dan:experiment-summaries/2026-09-30-search-expert-best-first-ties-sampling-at-quarter-spend/README.md"
"ours-3.2M-SN-cap12","ladder r8","3.2M","lean_staten","scratch","K12 155k","12","EI-sampling-shortest(A)","5","Q291(long2_91+rr600_15-16)","291","solved","256","0.8","102","lean_only","","2026-09-30","copied","nd-rl:dan:experiment-summaries/2026-09-30-search-expert-best-first-ties-sampling-at-quarter-spend/README.md"
"ours-3.2M-SN-cap12","ladder r8","3.2M","lean_staten","scratch","K12 155k","12","EI-bestfirst(B)","0","Q291(long2_91+rr600_15-16)","291","solved","256","0.8","76","lean_only","","2026-09-30","copied","nd-rl:dan:experiment-summaries/2026-09-30-search-expert-best-first-ties-sampling-at-quarter-spend/README.md"
"ours-3.2M-SN-cap12","ladder r8","3.2M","lean_staten","scratch","K12 155k","12","EI-bestfirst(B)","1","Q291(long2_91+rr600_15-16)","291","solved","256","0.8","118","lean_only","","2026-09-30","copied","nd-rl:dan:experiment-summaries/2026-09-30-search-expert-best-first-ties-sampling-at-quarter-spend/README.md"
"ours-3.2M-SN-cap12","ladder r8","3.2M","lean_staten","scratch","K12 155k","12","EI-bestfirst(B)","2","Q291(long2_91+rr600_15-16)","291","solved","256","0.8","122","lean_only","","2026-09-30","copied","nd-rl:dan:experiment-summaries/2026-09-30-search-expert-best-first-ties-sampling-at-quarter-spend/README.md"
"ours-3.2M-SN-cap12","ladder r8","3.2M","lean_staten","scratch","K12 155k","12","EI-bestfirst(B)","3","Q291(long2_91+rr600_15-16)","291","solved","256","0.8","144","lean_only","","2026-09-30","copied","nd-rl:dan:experiment-summaries/2026-09-30-search-expert-best-first-ties-sampling-at-quarter-spend/README.md"
"ours-3.2M-SN-cap12","ladder r8","3.2M","lean_staten","scratch","K12 155k","12","EI-bestfirst(B)","4","Q291(long2_91+rr600_15-16)","291","solved","256","0.8","117","lean_only","","2026-09-30","copied","nd-rl:dan:experiment-summaries/2026-09-30-search-expert-best-first-ties-sampling-at-quarter-spend/README.md"
"ours-3.2M-SN-cap12","ladder r8","3.2M","lean_staten","scratch","K12 155k","12","EI-bestfirst(B)","5","Q291(long2_91+rr600_15-16)","291","solved","256","0.8","97","lean_only","","2026-09-30","copied","nd-rl:dan:experiment-summaries/2026-09-30-search-expert-best-first-ties-sampling-at-quarter-spend/README.md"
"ours-3.2M-SN-cap12","ladder r8","3.2M","lean_staten","scratch","K12 155k","12","EI-sampling-shortest-redraw(A2)","0","Q291(long2_91+rr600_15-16)","291","solved","256","0.8","80","lean_only","","2026-09-30","copied","nd-rl:dan:experiment-summaries/2026-09-30-search-expert-best-first-ties-sampling-at-quarter-spend/README.md"
"ours-3.2M-SN-cap12","ladder r8","3.2M","lean_staten","scratch","K12 155k","12","EI-sampling-shortest-redraw(A2)","1","Q291(long2_91+rr600_15-16)","291","solved","256","0.8","129","lean_only","","2026-09-30","copied","nd-rl:dan:experiment-summaries/2026-09-30-search-expert-best-first-ties-sampling-at-quarter-spend/README.md"
"ours-3.2M-SN-cap12","ladder r8","3.2M","lean_staten","scratch","K12 155k","12","EI-truncate-resume(C)","0","Q291(long2_91+rr600_15-16)","291","solved","256","0.8","72","lean_only","","2026-09-30","copied","nd-rl:dan:experiment-summaries/2026-09-30-search-expert-best-first-ties-sampling-at-quarter-spend/README.md"
"ours-3.2M-SN-cap12","ladder r8","3.2M","lean_staten","scratch","K12 155k","12","EI-truncate-resume(C)","1","Q291(long2_91+rr600_15-16)","291","solved","256","0.8","121","lean_only","","2026-09-30","copied","nd-rl:dan:experiment-summaries/2026-09-30-search-expert-best-first-ties-sampling-at-quarter-spend/README.md"
"ours-3.2M-SN-cap12","ladder r8","3.2M","lean_staten","scratch","K12 155k","12","T1","0","Q291(long2_91+rr600_15-16)","291","solved","256","0.8","142","lean_only","","2026-09-30","copied","nd-rl:dan:experiment-summaries/2026-09-30-search-expert-best-first-ties-sampling-at-quarter-spend/README.md"
"ours-3.2M-SN-cap12","ladder r8","3.2M","lean_staten","scratch","K12 155k","12","T1","1","Q291(long2_91+rr600_15-16)","291","solved","256","0.8","207","lean_only","","2026-09-30","copied","nd-rl:dan:experiment-summaries/2026-09-30-search-expert-best-first-ties-sampling-at-quarter-spend/README.md"
"ours-3.2M-SN-cap12","ladder r8","3.2M","lean_staten","scratch","K12 155k","12","T1","2","Q291(long2_91+rr600_15-16)","291","solved","256","0.8","218","lean_only","","2026-09-30","copied","nd-rl:dan:experiment-summaries/2026-09-30-search-expert-best-first-ties-sampling-at-quarter-spend/README.md"
"ours-3.2M-SN-cap12","ladder r8","3.2M","lean_staten","scratch","K12 155k","12","T1","3","Q291(long2_91+rr600_15-16)","291","solved","256","0.8","220","lean_only","","2026-09-30","copied","nd-rl:dan:experiment-summaries/2026-09-30-search-expert-best-first-ties-sampling-at-quarter-spend/README.md"
"ours-3.2M-SN-cap12","la_C_s{S}_r8 (s0-s3 = state-cap12 T1)","3.2M","lean_staten","scratch","K12 155k","12","T1(control C)","0","Q291(long2_91+rr600_15-16)","291","solved","256","0.8","142","lean_only","","2026-09-30","copied","nd-rl:dan:experiment-summaries/2026-09-30-frontier-supply-filter-works-gain-inside-mdd/README.md"
"ours-3.2M-SN-cap12","la_C_s{S}_r8 (s0-s3 = state-cap12 T1)","3.2M","lean_staten","scratch","K12 155k","12","T1(control C)","1","Q291(long2_91+rr600_15-16)","291","solved","256","0.8","207","lean_only","","2026-09-30","copied","nd-rl:dan:experiment-summaries/2026-09-30-frontier-supply-filter-works-gain-inside-mdd/README.md"
"ours-3.2M-SN-cap12","la_C_s{S}_r8 (s0-s3 = state-cap12 T1)","3.2M","lean_staten","scratch","K12 155k","12","T1(control C)","2","Q291(long2_91+rr600_15-16)","291","solved","256","0.8","218","lean_only","","2026-09-30","copied","nd-rl:dan:experiment-summaries/2026-09-30-frontier-supply-filter-works-gain-inside-mdd/README.md"
"ours-3.2M-SN-cap12","la_C_s{S}_r8 (s0-s3 = state-cap12 T1)","3.2M","lean_staten","scratch","K12 155k","12","T1(control C)","3","Q291(long2_91+rr600_15-16)","291","solved","256","0.8","220","lean_only","","2026-09-30","copied","nd-rl:dan:experiment-summaries/2026-09-30-frontier-supply-filter-works-gain-inside-mdd/README.md"
"ours-3.2M-SN-cap12","la_C_s{S}_r8 (s0-s3 = state-cap12 T1)","3.2M","lean_staten","scratch","K12 155k","12","T1(control C)","4","Q291(long2_91+rr600_15-16)","291","solved","256","0.8","220","lean_only","","2026-09-30","copied","nd-rl:dan:experiment-summaries/2026-09-30-frontier-supply-filter-works-gain-inside-mdd/README.md"
"ours-3.2M-SN-cap12","la_C_s{S}_r8 (s0-s3 = state-cap12 T1)","3.2M","lean_staten","scratch","K12 155k","12","T1(control C)","5","Q291(long2_91+rr600_15-16)","291","solved","256","0.8","207","lean_only","","2026-09-30","copied","nd-rl:dan:experiment-summaries/2026-09-30-frontier-supply-filter-works-gain-inside-mdd/README.md"
"ours-3.2M-SN-cap12","la_S_s{S}_r8","3.2M","lean_staten","scratch","K12 155k","12","T1+supply(S)","0","Q291(long2_91+rr600_15-16)","291","solved","256","0.8","139","lean_only","","2026-09-30","copied","nd-rl:dan:experiment-summaries/2026-09-30-frontier-supply-filter-works-gain-inside-mdd/README.md"
"ours-3.2M-SN-cap12","la_S_s{S}_r8","3.2M","lean_staten","scratch","K12 155k","12","T1+supply(S)","1","Q291(long2_91+rr600_15-16)","291","solved","256","0.8","217","lean_only","","2026-09-30","copied","nd-rl:dan:experiment-summaries/2026-09-30-frontier-supply-filter-works-gain-inside-mdd/README.md"
"ours-3.2M-SN-cap12","la_S_s{S}_r8","3.2M","lean_staten","scratch","K12 155k","12","T1+supply(S)","2","Q291(long2_91+rr600_15-16)","291","solved","256","0.8","226","lean_only","","2026-09-30","copied","nd-rl:dan:experiment-summaries/2026-09-30-frontier-supply-filter-works-gain-inside-mdd/README.md"
"ours-3.2M-SN-cap12","la_S_s{S}_r8","3.2M","lean_staten","scratch","K12 155k","12","T1+supply(S)","3","Q291(long2_91+rr600_15-16)","291","solved","256","0.8","233","lean_only","","2026-09-30","copied","nd-rl:dan:experiment-summaries/2026-09-30-frontier-supply-filter-works-gain-inside-mdd/README.md"
"ours-3.2M-SN-cap12","la_S_s{S}_r8","3.2M","lean_staten","scratch","K12 155k","12","T1+supply(S)","4","Q291(long2_91+rr600_15-16)","291","solved","256","0.8","228","lean_only","","2026-09-30","copied","nd-rl:dan:experiment-summaries/2026-09-30-frontier-supply-filter-works-gain-inside-mdd/README.md"
"ours-3.2M-SN-cap12","la_S_s{S}_r8","3.2M","lean_staten","scratch","K12 155k","12","T1+supply(S)","5","Q291(long2_91+rr600_15-16)","291","solved","256","0.8","216","lean_only","","2026-09-30","copied","nd-rl:dan:experiment-summaries/2026-09-30-frontier-supply-filter-works-gain-inside-mdd/README.md"
"ours-3.2M-SN-cap12","la_R_s{S}_r8","3.2M","lean_staten","scratch","K12 155k","12","T1(control rerun C')","0","Q291(long2_91+rr600_15-16)","291","solved","256","0.8","145","lean_only","","2026-09-30","copied","nd-rl:dan:experiment-summaries/2026-09-30-frontier-supply-filter-works-gain-inside-mdd/README.md"
"ours-3.2M-SN-cap12","la_R_s{S}_r8","3.2M","lean_staten","scratch","K12 155k","12","T1(control rerun C')","1","Q291(long2_91+rr600_15-16)","291","solved","256","0.8","197","lean_only","","2026-09-30","copied","nd-rl:dan:experiment-summaries/2026-09-30-frontier-supply-filter-works-gain-inside-mdd/README.md"
"ours-3.2M-SN-cap12","la_C_s{S}_r8","3.2M","lean_staten","scratch","K12 155k","12","T1(control C)","0","long2_91","91","solved","256","0.8","33","lean_only","","2026-09-30","copied","nd-rl:dan:experiment-summaries/2026-09-30-frontier-supply-filter-works-gain-inside-mdd/README.md"
"ours-3.2M-SN-cap12","la_C_s{S}_r8","3.2M","lean_staten","scratch","K12 155k","12","T1(control C)","1","long2_91","91","solved","256","0.8","60","lean_only","","2026-09-30","copied","nd-rl:dan:experiment-summaries/2026-09-30-frontier-supply-filter-works-gain-inside-mdd/README.md"
"ours-3.2M-SN-cap12","la_C_s{S}_r8","3.2M","lean_staten","scratch","K12 155k","12","T1(control C)","2","long2_91","91","solved","256","0.8","57","lean_only","","2026-09-30","copied","nd-rl:dan:experiment-summaries/2026-09-30-frontier-supply-filter-works-gain-inside-mdd/README.md"
"ours-3.2M-SN-cap12","la_C_s{S}_r8","3.2M","lean_staten","scratch","K12 155k","12","T1(control C)","3","long2_91","91","solved","256","0.8","58","lean_only","","2026-09-30","copied","nd-rl:dan:experiment-summaries/2026-09-30-frontier-supply-filter-works-gain-inside-mdd/README.md"
"ours-3.2M-SN-cap12","la_C_s{S}_r8","3.2M","lean_staten","scratch","K12 155k","12","T1(control C)","4","long2_91","91","solved","256","0.8","61","lean_only","","2026-09-30","copied","nd-rl:dan:experiment-summaries/2026-09-30-frontier-supply-filter-works-gain-inside-mdd/README.md"
"ours-3.2M-SN-cap12","la_C_s{S}_r8","3.2M","lean_staten","scratch","K12 155k","12","T1(control C)","5","long2_91","91","solved","256","0.8","47","lean_only","","2026-09-30","copied","nd-rl:dan:experiment-summaries/2026-09-30-frontier-supply-filter-works-gain-inside-mdd/README.md"
"ours-3.2M-SN-cap12","la_S_s{S}_r8","3.2M","lean_staten","scratch","K12 155k","12","T1+supply(S)","0","long2_91","91","solved","256","0.8","36","lean_only","","2026-09-30","copied","nd-rl:dan:experiment-summaries/2026-09-30-frontier-supply-filter-works-gain-inside-mdd/README.md"
"ours-3.2M-SN-cap12","la_S_s{S}_r8","3.2M","lean_staten","scratch","K12 155k","12","T1+supply(S)","1","long2_91","91","solved","256","0.8","62","lean_only","","2026-09-30","copied","nd-rl:dan:experiment-summaries/2026-09-30-frontier-supply-filter-works-gain-inside-mdd/README.md"
"ours-3.2M-SN-cap12","la_S_s{S}_r8","3.2M","lean_staten","scratch","K12 155k","12","T1+supply(S)","2","long2_91","91","solved","256","0.8","61","lean_only","","2026-09-30","copied","nd-rl:dan:experiment-summaries/2026-09-30-frontier-supply-filter-works-gain-inside-mdd/README.md"
"ours-3.2M-SN-cap12","la_S_s{S}_r8","3.2M","lean_staten","scratch","K12 155k","12","T1+supply(S)","3","long2_91","91","solved","256","0.8","66","lean_only","","2026-09-30","copied","nd-rl:dan:experiment-summaries/2026-09-30-frontier-supply-filter-works-gain-inside-mdd/README.md"
"ours-3.2M-SN-cap12","la_S_s{S}_r8","3.2M","lean_staten","scratch","K12 155k","12","T1+supply(S)","4","long2_91","91","solved","256","0.8","66","lean_only","","2026-09-30","copied","nd-rl:dan:experiment-summaries/2026-09-30-frontier-supply-filter-works-gain-inside-mdd/README.md"
"ours-3.2M-SN-cap12","la_S_s{S}_r8","3.2M","lean_staten","scratch","K12 155k","12","T1+supply(S)","5","long2_91","91","solved","256","0.8","58","lean_only","","2026-09-30","copied","nd-rl:dan:experiment-summaries/2026-09-30-frontier-supply-filter-works-gain-inside-mdd/README.md"
"ours-3.2M-SN-cap12","la_R_s{S}_r8","3.2M","lean_staten","scratch","K12 155k","12","T1(control rerun C')","0","long2_91","91","solved","256","0.8","34","lean_only","","2026-09-30","copied","nd-rl:dan:experiment-summaries/2026-09-30-frontier-supply-filter-works-gain-inside-mdd/README.md"
"ours-3.2M-SN-cap12","la_R_s{S}_r8","3.2M","lean_staten","scratch","K12 155k","12","T1(control rerun C')","1","long2_91","91","solved","256","0.8","52","lean_only","","2026-09-30","copied","nd-rl:dan:experiment-summaries/2026-09-30-frontier-supply-filter-works-gain-inside-mdd/README.md"
"ours-3.2M-SN-cap12","stage1_SN12_s{S}","3.2M","lean_staten","scratch","K12 155k","12","frozen","0","long2_91","91","solved","256","0.8","7","lean_only","","2026-09-30","copied","nd-rl:dan:experiment-summaries/2026-09-30-frontier-supply-filter-works-gain-inside-mdd/README.md"
"ours-3.2M-SN-cap12","stage1_SN12_s{S}","3.2M","lean_staten","scratch","K12 155k","12","frozen","1","long2_91","91","solved","256","0.8","20","lean_only","","2026-09-30","copied","nd-rl:dan:experiment-summaries/2026-09-30-frontier-supply-filter-works-gain-inside-mdd/README.md"
"ours-3.2M-SN-cap12","stage1_SN12_s{S}","3.2M","lean_staten","scratch","K12 155k","12","frozen","2","long2_91","91","solved","256","0.8","18","lean_only","","2026-09-30","copied","nd-rl:dan:experiment-summaries/2026-09-30-frontier-supply-filter-works-gain-inside-mdd/README.md"
"ours-3.2M-SN-cap12","stage1_SN12_s{S}","3.2M","lean_staten","scratch","K12 155k","12","frozen","3","long2_91","91","solved","256","0.8","23","lean_only","","2026-09-30","copied","nd-rl:dan:experiment-summaries/2026-09-30-frontier-supply-filter-works-gain-inside-mdd/README.md"
"ours-3.2M-SN-cap12","stage1_SN12_s{S}","3.2M","lean_staten","scratch","K12 155k","12","frozen","4","long2_91","91","solved","256","0.8","25","lean_only","","2026-09-30","copied","nd-rl:dan:experiment-summaries/2026-09-30-frontier-supply-filter-works-gain-inside-mdd/README.md"
"ours-3.2M-SN-cap12","stage1_SN12_s{S}","3.2M","lean_staten","scratch","K12 155k","12","frozen","5","long2_91","91","solved","256","0.8","19","lean_only","","2026-09-30","copied","nd-rl:dan:experiment-summaries/2026-09-30-frontier-supply-filter-works-gain-inside-mdd/README.md"
"best-9.56M-cap12-trajectory","stage1_best12_s{S}_b1200 end (r0)","9.56M","lean_staten","scratch","K12 155k","12","frozen","0","textbook72","72","solved","256","0.8","32","lean_only","sample seed x0","2026-10-01","copied","nd-rl:dan:experiment-summaries/2026-10-01-trajectory-eventual-proof-worst-step-climbs-in-pretraining-and-rl/README.md"
"best-9.56M-cap12-trajectory","stage1_best12_s{S}_b1200 end (r0)","9.56M","lean_staten","scratch","K12 155k","12","frozen","1","textbook72","72","solved","256","0.8","32","lean_only","sample seed x0","2026-10-01","copied","nd-rl:dan:experiment-summaries/2026-10-01-trajectory-eventual-proof-worst-step-climbs-in-pretraining-and-rl/README.md"
"best-9.56M-cap12-trajectory","stage1_best12_s{S}_b1200 end (r0)","9.56M","lean_staten","scratch","K12 155k","12","frozen","2","textbook72","72","solved","256","0.8","38","lean_only","sample seed x0","2026-10-01","copied","nd-rl:dan:experiment-summaries/2026-10-01-trajectory-eventual-proof-worst-step-climbs-in-pretraining-and-rl/README.md"
"best-9.56M-cap12-trajectory","la_T1_best12_s{S}_r8","9.56M","lean_staten","scratch","K12 155k","12","T1","0","textbook72","72","solved","256","0.8","48","lean_only","sample seed x0","2026-10-01","copied","nd-rl:dan:experiment-summaries/2026-10-01-trajectory-eventual-proof-worst-step-climbs-in-pretraining-and-rl/README.md"
"best-9.56M-cap12-trajectory","la_T1_best12_s{S}_r8","9.56M","lean_staten","scratch","K12 155k","12","T1","1","textbook72","72","solved","256","0.8","49","lean_only","sample seed x0","2026-10-01","copied","nd-rl:dan:experiment-summaries/2026-10-01-trajectory-eventual-proof-worst-step-climbs-in-pretraining-and-rl/README.md"
"best-9.56M-cap12-trajectory","la_T1_best12_s{S}_r8","9.56M","lean_staten","scratch","K12 155k","12","T1","2","textbook72","72","solved","256","0.8","54","lean_only","sample seed x0","2026-10-01","copied","nd-rl:dan:experiment-summaries/2026-10-01-trajectory-eventual-proof-worst-step-climbs-in-pretraining-and-rl/README.md"
"best-9.56M-cap12-trajectory","stage1_best12_s{S}_b1200 end (r0)","9.56M","lean_staten","scratch","K12 155k","12","frozen","0","holdout250","250","solved","256","0.8","200","lean_only","sample seed x0","2026-10-01","copied","nd-rl:dan:experiment-summaries/2026-10-01-trajectory-eventual-proof-worst-step-climbs-in-pretraining-and-rl/README.md"
"best-9.56M-cap12-trajectory","stage1_best12_s{S}_b1200 end (r0)","9.56M","lean_staten","scratch","K12 155k","12","frozen","1","holdout250","250","solved","256","0.8","204","lean_only","sample seed x0","2026-10-01","copied","nd-rl:dan:experiment-summaries/2026-10-01-trajectory-eventual-proof-worst-step-climbs-in-pretraining-and-rl/README.md"
"best-9.56M-cap12-trajectory","stage1_best12_s{S}_b1200 end (r0)","9.56M","lean_staten","scratch","K12 155k","12","frozen","2","holdout250","250","solved","256","0.8","196","lean_only","sample seed x0","2026-10-01","copied","nd-rl:dan:experiment-summaries/2026-10-01-trajectory-eventual-proof-worst-step-climbs-in-pretraining-and-rl/README.md"
"best-9.56M-cap12-trajectory","la_T1_best12_s{S}_r8","9.56M","lean_staten","scratch","K12 155k","12","T1","0","holdout250","250","solved","256","0.8","238","lean_only","sample seed x0","2026-10-01","copied","nd-rl:dan:experiment-summaries/2026-10-01-trajectory-eventual-proof-worst-step-climbs-in-pretraining-and-rl/README.md"
"best-9.56M-cap12-trajectory","la_T1_best12_s{S}_r8","9.56M","lean_staten","scratch","K12 155k","12","T1","1","holdout250","250","solved","256","0.8","237","lean_only","sample seed x0","2026-10-01","copied","nd-rl:dan:experiment-summaries/2026-10-01-trajectory-eventual-proof-worst-step-climbs-in-pretraining-and-rl/README.md"
"best-9.56M-cap12-trajectory","la_T1_best12_s{S}_r8","9.56M","lean_staten","scratch","K12 155k","12","T1","2","holdout250","250","solved","256","0.8","239","lean_only","sample seed x0","2026-10-01","copied","nd-rl:dan:experiment-summaries/2026-10-01-trajectory-eventual-proof-worst-step-climbs-in-pretraining-and-rl/README.md"
"best-9.56M-cap12-trajectory","stage1_best12_s{S}_b1200 end","9.56M","lean_staten","scratch","K12 155k","12","frozen","0","heldout_p2_5000","5000","greedy_acc","1","0","0.921","lean_only","","2026-10-01","copied","nd-rl:dan:experiment-summaries/2026-10-01-trajectory-eventual-proof-worst-step-climbs-in-pretraining-and-rl/README.md"
"best-9.56M-cap12-trajectory","stage1_best12_s{S}_b1200 end","9.56M","lean_staten","scratch","K12 155k","12","frozen","1","heldout_p2_5000","5000","greedy_acc","1","0","0.936","lean_only","","2026-10-01","copied","nd-rl:dan:experiment-summaries/2026-10-01-trajectory-eventual-proof-worst-step-climbs-in-pretraining-and-rl/README.md"
"best-9.56M-cap12-trajectory","stage1_best12_s{S}_b1200 end","9.56M","lean_staten","scratch","K12 155k","12","frozen","2","heldout_p2_5000","5000","greedy_acc","1","0","0.962","lean_only","","2026-10-01","copied","nd-rl:dan:experiment-summaries/2026-10-01-trajectory-eventual-proof-worst-step-climbs-in-pretraining-and-rl/README.md"
"best-9.56M-cap12-trajectory","best-cap12 trajectory r0..r8","9.56M","lean_staten","scratch","K12 155k","12","trajectory","0","textbook72+holdout250","322","group_A_count","256","0.8","232","lean_only","","2026-10-01","copied","nd-rl:dan:experiment-summaries/2026-10-01-trajectory-eventual-proof-worst-step-climbs-in-pretraining-and-rl/README.md"
"best-9.56M-cap12-trajectory","best-cap12 trajectory r0..r8","9.56M","lean_staten","scratch","K12 155k","12","trajectory","1","textbook72+holdout250","322","group_A_count","256","0.8","236","lean_only","","2026-10-01","copied","nd-rl:dan:experiment-summaries/2026-10-01-trajectory-eventual-proof-worst-step-climbs-in-pretraining-and-rl/README.md"
"best-9.56M-cap12-trajectory","best-cap12 trajectory r0..r8","9.56M","lean_staten","scratch","K12 155k","12","trajectory","2","textbook72+holdout250","322","group_A_count","256","0.8","234","lean_only","","2026-10-01","copied","nd-rl:dan:experiment-summaries/2026-10-01-trajectory-eventual-proof-worst-step-climbs-in-pretraining-and-rl/README.md"
"best-9.56M-cap12-trajectory","best-cap12 trajectory r0..r8","9.56M","lean_staten","scratch","K12 155k","12","trajectory","0","textbook72+holdout250","322","group_B_count","256","0.8","54","lean_only","","2026-10-01","copied","nd-rl:dan:experiment-summaries/2026-10-01-trajectory-eventual-proof-worst-step-climbs-in-pretraining-and-rl/README.md"
"best-9.56M-cap12-trajectory","best-cap12 trajectory r0..r8","9.56M","lean_staten","scratch","K12 155k","12","trajectory","1","textbook72+holdout250","322","group_B_count","256","0.8","51","lean_only","","2026-10-01","copied","nd-rl:dan:experiment-summaries/2026-10-01-trajectory-eventual-proof-worst-step-climbs-in-pretraining-and-rl/README.md"
"best-9.56M-cap12-trajectory","best-cap12 trajectory r0..r8","9.56M","lean_staten","scratch","K12 155k","12","trajectory","2","textbook72+holdout250","322","group_B_count","256","0.8","60","lean_only","","2026-10-01","copied","nd-rl:dan:experiment-summaries/2026-10-01-trajectory-eventual-proof-worst-step-climbs-in-pretraining-and-rl/README.md"
"best-9.56M-cap12-trajectory","best-cap12 trajectory r0..r8","9.56M","lean_staten","scratch","K12 155k","12","trajectory","0","textbook72+holdout250","322","group_C_count","256","0.8","36","lean_only","","2026-10-01","copied","nd-rl:dan:experiment-summaries/2026-10-01-trajectory-eventual-proof-worst-step-climbs-in-pretraining-and-rl/README.md"
"best-9.56M-cap12-trajectory","best-cap12 trajectory r0..r8","9.56M","lean_staten","scratch","K12 155k","12","trajectory","1","textbook72+holdout250","322","group_C_count","256","0.8","35","lean_only","","2026-10-01","copied","nd-rl:dan:experiment-summaries/2026-10-01-trajectory-eventual-proof-worst-step-climbs-in-pretraining-and-rl/README.md"
"best-9.56M-cap12-trajectory","best-cap12 trajectory r0..r8","9.56M","lean_staten","scratch","K12 155k","12","trajectory","2","textbook72+holdout250","322","group_C_count","256","0.8","28","lean_only","","2026-10-01","copied","nd-rl:dan:experiment-summaries/2026-10-01-trajectory-eventual-proof-worst-step-climbs-in-pretraining-and-rl/README.md"
"best-9.56M-cap12-trajectory","best-cap12 trajectory r0..r8","9.56M","lean_staten","scratch","K12 155k","12","trajectory","0","textbook72+holdout250","322","group_A_lost_count","256","0.8","0","lean_only","","2026-10-01","copied","nd-rl:dan:experiment-summaries/2026-10-01-trajectory-eventual-proof-worst-step-climbs-in-pretraining-and-rl/README.md"
"best-9.56M-cap12-trajectory","best-cap12 trajectory r0..r8","9.56M","lean_staten","scratch","K12 155k","12","trajectory","1","textbook72+holdout250","322","group_A_lost_count","256","0.8","1","lean_only","","2026-10-01","copied","nd-rl:dan:experiment-summaries/2026-10-01-trajectory-eventual-proof-worst-step-climbs-in-pretraining-and-rl/README.md"
"best-9.56M-cap12-trajectory","best-cap12 trajectory r0..r8","9.56M","lean_staten","scratch","K12 155k","12","trajectory","2","textbook72+holdout250","322","group_A_lost_count","256","0.8","1","lean_only","","2026-10-01","copied","nd-rl:dan:experiment-summaries/2026-10-01-trajectory-eventual-proof-worst-step-climbs-in-pretraining-and-rl/README.md"
"best-9.56M-cap12-trajectory","best-cap12 trajectory r0..r8","9.56M","lean_staten","scratch","K12 155k","12","trajectory","0","textbook72+holdout250","322","B_eventual_w1_r0_nats","","1.0","-6.58","lean_only","","2026-10-01","copied","nd-rl:dan:experiment-summaries/2026-10-01-trajectory-eventual-proof-worst-step-climbs-in-pretraining-and-rl/README.md"
"best-9.56M-cap12-trajectory","best-cap12 trajectory r0..r8","9.56M","lean_staten","scratch","K12 155k","12","trajectory","1","textbook72+holdout250","322","B_eventual_w1_r0_nats","","1.0","-6.53","lean_only","","2026-10-01","copied","nd-rl:dan:experiment-summaries/2026-10-01-trajectory-eventual-proof-worst-step-climbs-in-pretraining-and-rl/README.md"
"best-9.56M-cap12-trajectory","best-cap12 trajectory r0..r8","9.56M","lean_staten","scratch","K12 155k","12","trajectory","2","textbook72+holdout250","322","B_eventual_w1_r0_nats","","1.0","-5.5","lean_only","","2026-10-01","copied","nd-rl:dan:experiment-summaries/2026-10-01-trajectory-eventual-proof-worst-step-climbs-in-pretraining-and-rl/README.md"
"best-9.56M-cap12-trajectory","best-cap12 trajectory r0..r8","9.56M","lean_staten","scratch","K12 155k","12","trajectory","0","textbook72+holdout250","322","B_eventual_w1_r8_nats","","1.0","-1.28","lean_only","","2026-10-01","copied","nd-rl:dan:experiment-summaries/2026-10-01-trajectory-eventual-proof-worst-step-climbs-in-pretraining-and-rl/README.md"
"best-9.56M-cap12-trajectory","best-cap12 trajectory r0..r8","9.56M","lean_staten","scratch","K12 155k","12","trajectory","1","textbook72+holdout250","322","B_eventual_w1_r8_nats","","1.0","-1.34","lean_only","","2026-10-01","copied","nd-rl:dan:experiment-summaries/2026-10-01-trajectory-eventual-proof-worst-step-climbs-in-pretraining-and-rl/README.md"
"best-9.56M-cap12-trajectory","best-cap12 trajectory r0..r8","9.56M","lean_staten","scratch","K12 155k","12","trajectory","2","textbook72+holdout250","322","B_eventual_w1_r8_nats","","1.0","-1.24","lean_only","","2026-10-01","copied","nd-rl:dan:experiment-summaries/2026-10-01-trajectory-eventual-proof-worst-step-climbs-in-pretraining-and-rl/README.md"
"best-9.56M-cap12-trajectory","best-cap12 trajectory r0..r8","9.56M","lean_staten","scratch","K12 155k","12","trajectory","0","textbook72+holdout250","322","B_eventual_dRL_nats","","1.0","5.09","lean_only","","2026-10-01","copied","nd-rl:dan:experiment-summaries/2026-10-01-trajectory-eventual-proof-worst-step-climbs-in-pretraining-and-rl/README.md"
"best-9.56M-cap12-trajectory","best-cap12 trajectory r0..r8","9.56M","lean_staten","scratch","K12 155k","12","trajectory","1","textbook72+holdout250","322","B_eventual_dRL_nats","","1.0","4.62","lean_only","","2026-10-01","copied","nd-rl:dan:experiment-summaries/2026-10-01-trajectory-eventual-proof-worst-step-climbs-in-pretraining-and-rl/README.md"
"best-9.56M-cap12-trajectory","best-cap12 trajectory r0..r8","9.56M","lean_staten","scratch","K12 155k","12","trajectory","2","textbook72+holdout250","322","B_eventual_dRL_nats","","1.0","4.07","lean_only","","2026-10-01","copied","nd-rl:dan:experiment-summaries/2026-10-01-trajectory-eventual-proof-worst-step-climbs-in-pretraining-and-rl/README.md"
"best-9.56M-cap12-trajectory","best-cap12 trajectory r0..r8","9.56M","lean_staten","scratch","K12 155k","12","trajectory","0","textbook72+holdout250","322","B_eventual_dPT_1600_to_end_nats","","1.0","3.42","lean_only","","2026-10-01","copied","nd-rl:dan:experiment-summaries/2026-10-01-trajectory-eventual-proof-worst-step-climbs-in-pretraining-and-rl/README.md"
"best-9.56M-cap12-trajectory","best-cap12 trajectory r0..r8","9.56M","lean_staten","scratch","K12 155k","12","trajectory","1","textbook72+holdout250","322","B_eventual_dPT_1600_to_end_nats","","1.0","4.06","lean_only","","2026-10-01","copied","nd-rl:dan:experiment-summaries/2026-10-01-trajectory-eventual-proof-worst-step-climbs-in-pretraining-and-rl/README.md"
"best-9.56M-cap12-trajectory","best-cap12 trajectory r0..r8","9.56M","lean_staten","scratch","K12 155k","12","trajectory","2","textbook72+holdout250","322","B_eventual_dPT_1600_to_end_nats","","1.0","4.79","lean_only","","2026-10-01","copied","nd-rl:dan:experiment-summaries/2026-10-01-trajectory-eventual-proof-worst-step-climbs-in-pretraining-and-rl/README.md"
"best-9.56M-cap12-trajectory","best-cap12 trajectory r0..r8","9.56M","lean_staten","scratch","K12 155k","12","trajectory","0","textbook72+holdout250","322","B_reference_dRL_nats","","1.0","1.79","lean_only","","2026-10-01","copied","nd-rl:dan:experiment-summaries/2026-10-01-trajectory-eventual-proof-worst-step-climbs-in-pretraining-and-rl/README.md"
"best-9.56M-cap12-trajectory","best-cap12 trajectory r0..r8","9.56M","lean_staten","scratch","K12 155k","12","trajectory","1","textbook72+holdout250","322","B_reference_dRL_nats","","1.0","0.96","lean_only","","2026-10-01","copied","nd-rl:dan:experiment-summaries/2026-10-01-trajectory-eventual-proof-worst-step-climbs-in-pretraining-and-rl/README.md"
"best-9.56M-cap12-trajectory","best-cap12 trajectory r0..r8","9.56M","lean_staten","scratch","K12 155k","12","trajectory","2","textbook72+holdout250","322","B_reference_dRL_nats","","1.0","1.89","lean_only","","2026-10-01","copied","nd-rl:dan:experiment-summaries/2026-10-01-trajectory-eventual-proof-worst-step-climbs-in-pretraining-and-rl/README.md"
"best-9.56M-cap12-trajectory","best-cap12 trajectory r0..r8","9.56M","lean_staten","scratch","K12 155k","12","trajectory","0","textbook72+holdout250","322","B_reference_dPT_1600_to_end_nats","","1.0","3.43","lean_only","","2026-10-01","copied","nd-rl:dan:experiment-summaries/2026-10-01-trajectory-eventual-proof-worst-step-climbs-in-pretraining-and-rl/README.md"
"best-9.56M-cap12-trajectory","best-cap12 trajectory r0..r8","9.56M","lean_staten","scratch","K12 155k","12","trajectory","1","textbook72+holdout250","322","B_reference_dPT_1600_to_end_nats","","1.0","2.6","lean_only","","2026-10-01","copied","nd-rl:dan:experiment-summaries/2026-10-01-trajectory-eventual-proof-worst-step-climbs-in-pretraining-and-rl/README.md"
"best-9.56M-cap12-trajectory","best-cap12 trajectory r0..r8","9.56M","lean_staten","scratch","K12 155k","12","trajectory","2","textbook72+holdout250","322","B_reference_dPT_1600_to_end_nats","","1.0","3.19","lean_only","","2026-10-01","copied","nd-rl:dan:experiment-summaries/2026-10-01-trajectory-eventual-proof-worst-step-climbs-in-pretraining-and-rl/README.md"
"best-9.56M-cap12-trajectory","best-cap12 trajectory r0..r8","9.56M","lean_staten","scratch","K12 155k","12","trajectory","0","textbook72+holdout250","322","C_reference_dRL_nats","","1.0","-3.29","lean_only","","2026-10-01","copied","nd-rl:dan:experiment-summaries/2026-10-01-trajectory-eventual-proof-worst-step-climbs-in-pretraining-and-rl/README.md"
"best-9.56M-cap12-trajectory","best-cap12 trajectory r0..r8","9.56M","lean_staten","scratch","K12 155k","12","trajectory","1","textbook72+holdout250","322","C_reference_dRL_nats","","1.0","1.46","lean_only","","2026-10-01","copied","nd-rl:dan:experiment-summaries/2026-10-01-trajectory-eventual-proof-worst-step-climbs-in-pretraining-and-rl/README.md"
"best-9.56M-cap12-trajectory","best-cap12 trajectory r0..r8","9.56M","lean_staten","scratch","K12 155k","12","trajectory","2","textbook72+holdout250","322","C_reference_dRL_nats","","1.0","1.13","lean_only","","2026-10-01","copied","nd-rl:dan:experiment-summaries/2026-10-01-trajectory-eventual-proof-worst-step-climbs-in-pretraining-and-rl/README.md"
"best-9.56M-cap12-trajectory","best-cap12 trajectory r0..r8","9.56M","lean_staten","scratch","K12 155k","12","trajectory","0","textbook72+holdout250","322","B_pass256_r0","256","0.8","0.07","lean_only","","2026-10-01","copied","nd-rl:dan:experiment-summaries/2026-10-01-trajectory-eventual-proof-worst-step-climbs-in-pretraining-and-rl/README.md"
"best-9.56M-cap12-trajectory","best-cap12 trajectory r0..r8","9.56M","lean_staten","scratch","K12 155k","12","trajectory","1","textbook72+holdout250","322","B_pass256_r0","256","0.8","0.18","lean_only","","2026-10-01","copied","nd-rl:dan:experiment-summaries/2026-10-01-trajectory-eventual-proof-worst-step-climbs-in-pretraining-and-rl/README.md"
"best-9.56M-cap12-trajectory","best-cap12 trajectory r0..r8","9.56M","lean_staten","scratch","K12 155k","12","trajectory","2","textbook72+holdout250","322","B_pass256_r0","256","0.8","0.18","lean_only","","2026-10-01","copied","nd-rl:dan:experiment-summaries/2026-10-01-trajectory-eventual-proof-worst-step-climbs-in-pretraining-and-rl/README.md"
"best-9.56M-cap6-trajectory","stage1_best6_s{S} end (r0)","9.56M","lean_staten","scratch","cap-6 control 155k","6","frozen","0","textbook72","72","solved","256","0.8","17","lean_only","sample seed x0","2026-10-02","copied","nd-rl:dan:experiment-summaries/2026-10-02-trajectory-cap6-eventual-proof-worst-step-climbs-mainly-in-rl/README.md"
"best-9.56M-cap6-trajectory","stage1_best6_s{S} end (r0)","9.56M","lean_staten","scratch","cap-6 control 155k","6","frozen","1","textbook72","72","solved","256","0.8","14","lean_only","sample seed x0","2026-10-02","copied","nd-rl:dan:experiment-summaries/2026-10-02-trajectory-cap6-eventual-proof-worst-step-climbs-mainly-in-rl/README.md"
"best-9.56M-cap6-trajectory","stage1_best6_s{S} end (r0)","9.56M","lean_staten","scratch","cap-6 control 155k","6","frozen","2","textbook72","72","solved","256","0.8","15","lean_only","sample seed x0","2026-10-02","copied","nd-rl:dan:experiment-summaries/2026-10-02-trajectory-cap6-eventual-proof-worst-step-climbs-mainly-in-rl/README.md"
"best-9.56M-cap6-trajectory","la_T1_best6_s{S}_r8","9.56M","lean_staten","scratch","cap-6 control 155k","6","T1","0","textbook72","72","solved","256","0.8","43","lean_only","sample seed x0","2026-10-02","copied","nd-rl:dan:experiment-summaries/2026-10-02-trajectory-cap6-eventual-proof-worst-step-climbs-mainly-in-rl/README.md"
"best-9.56M-cap6-trajectory","la_T1_best6_s{S}_r8","9.56M","lean_staten","scratch","cap-6 control 155k","6","T1","1","textbook72","72","solved","256","0.8","41","lean_only","sample seed x0","2026-10-02","copied","nd-rl:dan:experiment-summaries/2026-10-02-trajectory-cap6-eventual-proof-worst-step-climbs-mainly-in-rl/README.md"
"best-9.56M-cap6-trajectory","la_T1_best6_s{S}_r8","9.56M","lean_staten","scratch","cap-6 control 155k","6","T1","2","textbook72","72","solved","256","0.8","38","lean_only","sample seed x0","2026-10-02","copied","nd-rl:dan:experiment-summaries/2026-10-02-trajectory-cap6-eventual-proof-worst-step-climbs-mainly-in-rl/README.md"
"best-9.56M-cap6-trajectory","stage1_best6_s{S} end (r0)","9.56M","lean_staten","scratch","cap-6 control 155k","6","frozen","0","holdout250","250","solved","256","0.8","152","lean_only","sample seed x0","2026-10-02","copied","nd-rl:dan:experiment-summaries/2026-10-02-trajectory-cap6-eventual-proof-worst-step-climbs-mainly-in-rl/README.md"
"best-9.56M-cap6-trajectory","stage1_best6_s{S} end (r0)","9.56M","lean_staten","scratch","cap-6 control 155k","6","frozen","1","holdout250","250","solved","256","0.8","124","lean_only","sample seed x0","2026-10-02","copied","nd-rl:dan:experiment-summaries/2026-10-02-trajectory-cap6-eventual-proof-worst-step-climbs-mainly-in-rl/README.md"
"best-9.56M-cap6-trajectory","stage1_best6_s{S} end (r0)","9.56M","lean_staten","scratch","cap-6 control 155k","6","frozen","2","holdout250","250","solved","256","0.8","125","lean_only","sample seed x0","2026-10-02","copied","nd-rl:dan:experiment-summaries/2026-10-02-trajectory-cap6-eventual-proof-worst-step-climbs-mainly-in-rl/README.md"
"best-9.56M-cap6-trajectory","la_T1_best6_s{S}_r8","9.56M","lean_staten","scratch","cap-6 control 155k","6","T1","0","holdout250","250","solved","256","0.8","225","lean_only","sample seed x0","2026-10-02","copied","nd-rl:dan:experiment-summaries/2026-10-02-trajectory-cap6-eventual-proof-worst-step-climbs-mainly-in-rl/README.md"
"best-9.56M-cap6-trajectory","la_T1_best6_s{S}_r8","9.56M","lean_staten","scratch","cap-6 control 155k","6","T1","1","holdout250","250","solved","256","0.8","228","lean_only","sample seed x0","2026-10-02","copied","nd-rl:dan:experiment-summaries/2026-10-02-trajectory-cap6-eventual-proof-worst-step-climbs-mainly-in-rl/README.md"
"best-9.56M-cap6-trajectory","la_T1_best6_s{S}_r8","9.56M","lean_staten","scratch","cap-6 control 155k","6","T1","2","holdout250","250","solved","256","0.8","224","lean_only","sample seed x0","2026-10-02","copied","nd-rl:dan:experiment-summaries/2026-10-02-trajectory-cap6-eventual-proof-worst-step-climbs-mainly-in-rl/README.md"
"best-9.56M-cap6-trajectory","stage1_best6_s{S} end","9.56M","lean_staten","scratch","cap-6 control 155k","6","frozen","0","heldout_p2_5000","5000","greedy_acc","1","0","0.973","lean_only","","2026-10-02","copied","nd-rl:dan:experiment-summaries/2026-10-02-trajectory-cap6-eventual-proof-worst-step-climbs-mainly-in-rl/README.md"
"best-9.56M-cap6-trajectory","stage1_best6_s{S} end","9.56M","lean_staten","scratch","cap-6 control 155k","6","frozen","1","heldout_p2_5000","5000","greedy_acc","1","0","0.953","lean_only","","2026-10-02","copied","nd-rl:dan:experiment-summaries/2026-10-02-trajectory-cap6-eventual-proof-worst-step-climbs-mainly-in-rl/README.md"
"best-9.56M-cap6-trajectory","stage1_best6_s{S} end","9.56M","lean_staten","scratch","cap-6 control 155k","6","frozen","2","heldout_p2_5000","5000","greedy_acc","1","0","0.956","lean_only","","2026-10-02","copied","nd-rl:dan:experiment-summaries/2026-10-02-trajectory-cap6-eventual-proof-worst-step-climbs-mainly-in-rl/README.md"
"best-9.56M-cap6-trajectory","best-cap6 trajectory r0..r8","9.56M","lean_staten","scratch","cap-6 control 155k","6","trajectory","0","textbook72+holdout250","322","group_A_count","256","0.8","169","lean_only","","2026-10-02","copied","nd-rl:dan:experiment-summaries/2026-10-02-trajectory-cap6-eventual-proof-worst-step-climbs-mainly-in-rl/README.md"
"best-9.56M-cap6-trajectory","best-cap6 trajectory r0..r8","9.56M","lean_staten","scratch","cap-6 control 155k","6","trajectory","1","textbook72+holdout250","322","group_A_count","256","0.8","138","lean_only","","2026-10-02","copied","nd-rl:dan:experiment-summaries/2026-10-02-trajectory-cap6-eventual-proof-worst-step-climbs-mainly-in-rl/README.md"
"best-9.56M-cap6-trajectory","best-cap6 trajectory r0..r8","9.56M","lean_staten","scratch","cap-6 control 155k","6","trajectory","2","textbook72+holdout250","322","group_A_count","256","0.8","140","lean_only","","2026-10-02","copied","nd-rl:dan:experiment-summaries/2026-10-02-trajectory-cap6-eventual-proof-worst-step-climbs-mainly-in-rl/README.md"
"best-9.56M-cap6-trajectory","best-cap6 trajectory r0..r8","9.56M","lean_staten","scratch","cap-6 control 155k","6","trajectory","0","textbook72+holdout250","322","group_B_count","256","0.8","101","lean_only","","2026-10-02","copied","nd-rl:dan:experiment-summaries/2026-10-02-trajectory-cap6-eventual-proof-worst-step-climbs-mainly-in-rl/README.md"
"best-9.56M-cap6-trajectory","best-cap6 trajectory r0..r8","9.56M","lean_staten","scratch","cap-6 control 155k","6","trajectory","1","textbook72+holdout250","322","group_B_count","256","0.8","132","lean_only","","2026-10-02","copied","nd-rl:dan:experiment-summaries/2026-10-02-trajectory-cap6-eventual-proof-worst-step-climbs-mainly-in-rl/README.md"
"best-9.56M-cap6-trajectory","best-cap6 trajectory r0..r8","9.56M","lean_staten","scratch","cap-6 control 155k","6","trajectory","2","textbook72+holdout250","322","group_B_count","256","0.8","122","lean_only","","2026-10-02","copied","nd-rl:dan:experiment-summaries/2026-10-02-trajectory-cap6-eventual-proof-worst-step-climbs-mainly-in-rl/README.md"
"best-9.56M-cap6-trajectory","best-cap6 trajectory r0..r8","9.56M","lean_staten","scratch","cap-6 control 155k","6","trajectory","0","textbook72+holdout250","322","group_C_count","256","0.8","52","lean_only","","2026-10-02","copied","nd-rl:dan:experiment-summaries/2026-10-02-trajectory-cap6-eventual-proof-worst-step-climbs-mainly-in-rl/README.md"
"best-9.56M-cap6-trajectory","best-cap6 trajectory r0..r8","9.56M","lean_staten","scratch","cap-6 control 155k","6","trajectory","1","textbook72+holdout250","322","group_C_count","256","0.8","52","lean_only","","2026-10-02","copied","nd-rl:dan:experiment-summaries/2026-10-02-trajectory-cap6-eventual-proof-worst-step-climbs-mainly-in-rl/README.md"
"best-9.56M-cap6-trajectory","best-cap6 trajectory r0..r8","9.56M","lean_staten","scratch","cap-6 control 155k","6","trajectory","2","textbook72+holdout250","322","group_C_count","256","0.8","60","lean_only","","2026-10-02","copied","nd-rl:dan:experiment-summaries/2026-10-02-trajectory-cap6-eventual-proof-worst-step-climbs-mainly-in-rl/README.md"
"best-9.56M-cap6-trajectory","best-cap6 trajectory r0..r8","9.56M","lean_staten","scratch","cap-6 control 155k","6","trajectory","0","textbook72+holdout250","322","group_A_lost_count","256","0.8","2","lean_only","","2026-10-02","copied","nd-rl:dan:experiment-summaries/2026-10-02-trajectory-cap6-eventual-proof-worst-step-climbs-mainly-in-rl/README.md"
"best-9.56M-cap6-trajectory","best-cap6 trajectory r0..r8","9.56M","lean_staten","scratch","cap-6 control 155k","6","trajectory","1","textbook72+holdout250","322","group_A_lost_count","256","0.8","1","lean_only","","2026-10-02","copied","nd-rl:dan:experiment-summaries/2026-10-02-trajectory-cap6-eventual-proof-worst-step-climbs-mainly-in-rl/README.md"
"best-9.56M-cap6-trajectory","best-cap6 trajectory r0..r8","9.56M","lean_staten","scratch","cap-6 control 155k","6","trajectory","2","textbook72+holdout250","322","group_A_lost_count","256","0.8","0","lean_only","","2026-10-02","copied","nd-rl:dan:experiment-summaries/2026-10-02-trajectory-cap6-eventual-proof-worst-step-climbs-mainly-in-rl/README.md"
"best-9.56M-cap6-trajectory","best-cap6 trajectory r0..r8","9.56M","lean_staten","scratch","cap-6 control 155k","6","trajectory","0","textbook72+holdout250","322","B_eventual_w1_r0_nats","","1.0","-10.7","lean_only","","2026-10-02","copied","nd-rl:dan:experiment-summaries/2026-10-02-trajectory-cap6-eventual-proof-worst-step-climbs-mainly-in-rl/README.md"
"best-9.56M-cap6-trajectory","best-cap6 trajectory r0..r8","9.56M","lean_staten","scratch","cap-6 control 155k","6","trajectory","1","textbook72+holdout250","322","B_eventual_w1_r0_nats","","1.0","-10.03","lean_only","","2026-10-02","copied","nd-rl:dan:experiment-summaries/2026-10-02-trajectory-cap6-eventual-proof-worst-step-climbs-mainly-in-rl/README.md"
"best-9.56M-cap6-trajectory","best-cap6 trajectory r0..r8","9.56M","lean_staten","scratch","cap-6 control 155k","6","trajectory","2","textbook72+holdout250","322","B_eventual_w1_r0_nats","","1.0","-9.69","lean_only","","2026-10-02","copied","nd-rl:dan:experiment-summaries/2026-10-02-trajectory-cap6-eventual-proof-worst-step-climbs-mainly-in-rl/README.md"
"best-9.56M-cap6-trajectory","best-cap6 trajectory r0..r8","9.56M","lean_staten","scratch","cap-6 control 155k","6","trajectory","0","textbook72+holdout250","322","B_eventual_w1_r8_nats","","1.0","-0.92","lean_only","","2026-10-02","copied","nd-rl:dan:experiment-summaries/2026-10-02-trajectory-cap6-eventual-proof-worst-step-climbs-mainly-in-rl/README.md"
"best-9.56M-cap6-trajectory","best-cap6 trajectory r0..r8","9.56M","lean_staten","scratch","cap-6 control 155k","6","trajectory","1","textbook72+holdout250","322","B_eventual_w1_r8_nats","","1.0","-0.97","lean_only","","2026-10-02","copied","nd-rl:dan:experiment-summaries/2026-10-02-trajectory-cap6-eventual-proof-worst-step-climbs-mainly-in-rl/README.md"
"best-9.56M-cap6-trajectory","best-cap6 trajectory r0..r8","9.56M","lean_staten","scratch","cap-6 control 155k","6","trajectory","2","textbook72+holdout250","322","B_eventual_w1_r8_nats","","1.0","-1.04","lean_only","","2026-10-02","copied","nd-rl:dan:experiment-summaries/2026-10-02-trajectory-cap6-eventual-proof-worst-step-climbs-mainly-in-rl/README.md"
"best-9.56M-cap6-trajectory","best-cap6 trajectory r0..r8","9.56M","lean_staten","scratch","cap-6 control 155k","6","trajectory","0","textbook72+holdout250","322","B_eventual_dRL_nats","","1.0","9.32","lean_only","","2026-10-02","copied","nd-rl:dan:experiment-summaries/2026-10-02-trajectory-cap6-eventual-proof-worst-step-climbs-mainly-in-rl/README.md"
"best-9.56M-cap6-trajectory","best-cap6 trajectory r0..r8","9.56M","lean_staten","scratch","cap-6 control 155k","6","trajectory","1","textbook72+holdout250","322","B_eventual_dRL_nats","","1.0","8.58","lean_only","","2026-10-02","copied","nd-rl:dan:experiment-summaries/2026-10-02-trajectory-cap6-eventual-proof-worst-step-climbs-mainly-in-rl/README.md"
"best-9.56M-cap6-trajectory","best-cap6 trajectory r0..r8","9.56M","lean_staten","scratch","cap-6 control 155k","6","trajectory","2","textbook72+holdout250","322","B_eventual_dRL_nats","","1.0","8.51","lean_only","","2026-10-02","copied","nd-rl:dan:experiment-summaries/2026-10-02-trajectory-cap6-eventual-proof-worst-step-climbs-mainly-in-rl/README.md"
"best-9.56M-cap6-trajectory","best-cap6 trajectory r0..r8","9.56M","lean_staten","scratch","cap-6 control 155k","6","trajectory","0","textbook72+holdout250","322","B_eventual_dPT_1600_to_end_nats","","1.0","3.59","lean_only","","2026-10-02","copied","nd-rl:dan:experiment-summaries/2026-10-02-trajectory-cap6-eventual-proof-worst-step-climbs-mainly-in-rl/README.md"
"best-9.56M-cap6-trajectory","best-cap6 trajectory r0..r8","9.56M","lean_staten","scratch","cap-6 control 155k","6","trajectory","1","textbook72+holdout250","322","B_eventual_dPT_1600_to_end_nats","","1.0","1.11","lean_only","","2026-10-02","copied","nd-rl:dan:experiment-summaries/2026-10-02-trajectory-cap6-eventual-proof-worst-step-climbs-mainly-in-rl/README.md"
"best-9.56M-cap6-trajectory","best-cap6 trajectory r0..r8","9.56M","lean_staten","scratch","cap-6 control 155k","6","trajectory","2","textbook72+holdout250","322","B_eventual_dPT_1600_to_end_nats","","1.0","1.84","lean_only","","2026-10-02","copied","nd-rl:dan:experiment-summaries/2026-10-02-trajectory-cap6-eventual-proof-worst-step-climbs-mainly-in-rl/README.md"
"best-9.56M-cap6-trajectory","best-cap6 trajectory r0..r8","9.56M","lean_staten","scratch","cap-6 control 155k","6","trajectory","0","textbook72+holdout250","322","B_reference_dRL_nats","","1.0","5.93","lean_only","","2026-10-02","copied","nd-rl:dan:experiment-summaries/2026-10-02-trajectory-cap6-eventual-proof-worst-step-climbs-mainly-in-rl/README.md"
"best-9.56M-cap6-trajectory","best-cap6 trajectory r0..r8","9.56M","lean_staten","scratch","cap-6 control 155k","6","trajectory","1","textbook72+holdout250","322","B_reference_dRL_nats","","1.0","4.98","lean_only","","2026-10-02","copied","nd-rl:dan:experiment-summaries/2026-10-02-trajectory-cap6-eventual-proof-worst-step-climbs-mainly-in-rl/README.md"
"best-9.56M-cap6-trajectory","best-cap6 trajectory r0..r8","9.56M","lean_staten","scratch","cap-6 control 155k","6","trajectory","2","textbook72+holdout250","322","B_reference_dRL_nats","","1.0","4.45","lean_only","","2026-10-02","copied","nd-rl:dan:experiment-summaries/2026-10-02-trajectory-cap6-eventual-proof-worst-step-climbs-mainly-in-rl/README.md"
"best-9.56M-cap6-trajectory","best-cap6 trajectory r0..r8","9.56M","lean_staten","scratch","cap-6 control 155k","6","trajectory","0","textbook72+holdout250","322","B_reference_dPT_1600_to_end_nats","","1.0","1.72","lean_only","","2026-10-02","copied","nd-rl:dan:experiment-summaries/2026-10-02-trajectory-cap6-eventual-proof-worst-step-climbs-mainly-in-rl/README.md"
"best-9.56M-cap6-trajectory","best-cap6 trajectory r0..r8","9.56M","lean_staten","scratch","cap-6 control 155k","6","trajectory","1","textbook72+holdout250","322","B_reference_dPT_1600_to_end_nats","","1.0","1.48","lean_only","","2026-10-02","copied","nd-rl:dan:experiment-summaries/2026-10-02-trajectory-cap6-eventual-proof-worst-step-climbs-mainly-in-rl/README.md"
"best-9.56M-cap6-trajectory","best-cap6 trajectory r0..r8","9.56M","lean_staten","scratch","cap-6 control 155k","6","trajectory","2","textbook72+holdout250","322","B_reference_dPT_1600_to_end_nats","","1.0","1.22","lean_only","","2026-10-02","copied","nd-rl:dan:experiment-summaries/2026-10-02-trajectory-cap6-eventual-proof-worst-step-climbs-mainly-in-rl/README.md"
"best-9.56M-cap6-trajectory","best-cap6 trajectory r0..r8","9.56M","lean_staten","scratch","cap-6 control 155k","6","trajectory","0","textbook72+holdout250","322","C_reference_dRL_nats","","1.0","2.16","lean_only","","2026-10-02","copied","nd-rl:dan:experiment-summaries/2026-10-02-trajectory-cap6-eventual-proof-worst-step-climbs-mainly-in-rl/README.md"
"best-9.56M-cap6-trajectory","best-cap6 trajectory r0..r8","9.56M","lean_staten","scratch","cap-6 control 155k","6","trajectory","1","textbook72+holdout250","322","C_reference_dRL_nats","","1.0","-0.93","lean_only","","2026-10-02","copied","nd-rl:dan:experiment-summaries/2026-10-02-trajectory-cap6-eventual-proof-worst-step-climbs-mainly-in-rl/README.md"
"best-9.56M-cap6-trajectory","best-cap6 trajectory r0..r8","9.56M","lean_staten","scratch","cap-6 control 155k","6","trajectory","2","textbook72+holdout250","322","C_reference_dRL_nats","","1.0","-0.16","lean_only","","2026-10-02","copied","nd-rl:dan:experiment-summaries/2026-10-02-trajectory-cap6-eventual-proof-worst-step-climbs-mainly-in-rl/README.md"
"best-9.56M-cap6-trajectory","best-cap6 trajectory r0..r8","9.56M","lean_staten","scratch","cap-6 control 155k","6","trajectory","0","textbook72+holdout250","322","B_pass256_r0","256","0.8","0.069","lean_only","","2026-10-02","copied","nd-rl:dan:experiment-summaries/2026-10-02-trajectory-cap6-eventual-proof-worst-step-climbs-mainly-in-rl/README.md"
"best-9.56M-cap6-trajectory","best-cap6 trajectory r0..r8","9.56M","lean_staten","scratch","cap-6 control 155k","6","trajectory","1","textbook72+holdout250","322","B_pass256_r0","256","0.8","0.083","lean_only","","2026-10-02","copied","nd-rl:dan:experiment-summaries/2026-10-02-trajectory-cap6-eventual-proof-worst-step-climbs-mainly-in-rl/README.md"
"best-9.56M-cap6-trajectory","best-cap6 trajectory r0..r8","9.56M","lean_staten","scratch","cap-6 control 155k","6","trajectory","2","textbook72+holdout250","322","B_pass256_r0","256","0.8","0.074","lean_only","","2026-10-02","copied","nd-rl:dan:experiment-summaries/2026-10-02-trajectory-cap6-eventual-proof-worst-step-climbs-mainly-in-rl/README.md"
"best-9.56M-cap6-trajectory","best-cap6 trajectory r0..r8","9.56M","lean_staten","scratch","cap-6 control 155k","6","trajectory","0","textbook72+holdout250","322","B_pass1_r8","1","0.8","0.653","lean_only","","2026-10-02","copied","nd-rl:dan:experiment-summaries/2026-10-02-trajectory-cap6-eventual-proof-worst-step-climbs-mainly-in-rl/README.md"
"best-9.56M-cap6-trajectory","best-cap6 trajectory r0..r8","9.56M","lean_staten","scratch","cap-6 control 155k","6","trajectory","1","textbook72+holdout250","322","B_pass1_r8","1","0.8","0.63","lean_only","","2026-10-02","copied","nd-rl:dan:experiment-summaries/2026-10-02-trajectory-cap6-eventual-proof-worst-step-climbs-mainly-in-rl/README.md"
"best-9.56M-cap6-trajectory","best-cap6 trajectory r0..r8","9.56M","lean_staten","scratch","cap-6 control 155k","6","trajectory","2","textbook72+holdout250","322","B_pass1_r8","1","0.8","0.586","lean_only","","2026-10-02","copied","nd-rl:dan:experiment-summaries/2026-10-02-trajectory-cap6-eventual-proof-worst-step-climbs-mainly-in-rl/README.md"
"best-9.56M-cap6-trajectory","best-cap6 trajectory r0..r8","9.56M","lean_staten","scratch","cap-6 control 155k","6","trajectory","0","textbook72+holdout250","322","B_pass256_r8","256","0.8","0.96","lean_only","","2026-10-02","copied","nd-rl:dan:experiment-summaries/2026-10-02-trajectory-cap6-eventual-proof-worst-step-climbs-mainly-in-rl/README.md"
"best-9.56M-cap6-trajectory","best-cap6 trajectory r0..r8","9.56M","lean_staten","scratch","cap-6 control 155k","6","trajectory","1","textbook72+holdout250","322","B_pass256_r8","256","0.8","0.985","lean_only","","2026-10-02","copied","nd-rl:dan:experiment-summaries/2026-10-02-trajectory-cap6-eventual-proof-worst-step-climbs-mainly-in-rl/README.md"
"best-9.56M-cap6-trajectory","best-cap6 trajectory r0..r8","9.56M","lean_staten","scratch","cap-6 control 155k","6","trajectory","2","textbook72+holdout250","322","B_pass256_r8","256","0.8","0.959","lean_only","","2026-10-02","copied","nd-rl:dan:experiment-summaries/2026-10-02-trajectory-cap6-eventual-proof-worst-step-climbs-mainly-in-rl/README.md"
"best-9.56M-cap6-trajectory","best-cap6 trajectory r0..r8","9.56M","lean_staten","scratch","cap-6 control 155k","6","trajectory","0","textbook72+holdout250","322","A_pass1_r0","1","0.8","0.459","lean_only","","2026-10-02","copied","nd-rl:dan:experiment-summaries/2026-10-02-trajectory-cap6-eventual-proof-worst-step-climbs-mainly-in-rl/README.md"
"best-9.56M-cap6-trajectory","best-cap6 trajectory r0..r8","9.56M","lean_staten","scratch","cap-6 control 155k","6","trajectory","1","textbook72+holdout250","322","A_pass1_r0","1","0.8","0.327","lean_only","","2026-10-02","copied","nd-rl:dan:experiment-summaries/2026-10-02-trajectory-cap6-eventual-proof-worst-step-climbs-mainly-in-rl/README.md"
"best-9.56M-cap6-trajectory","best-cap6 trajectory r0..r8","9.56M","lean_staten","scratch","cap-6 control 155k","6","trajectory","2","textbook72+holdout250","322","A_pass1_r0","1","0.8","0.349","lean_only","","2026-10-02","copied","nd-rl:dan:experiment-summaries/2026-10-02-trajectory-cap6-eventual-proof-worst-step-climbs-mainly-in-rl/README.md"
"best-9.56M-cap6-trajectory","best-cap6 trajectory r0..r8","9.56M","lean_staten","scratch","cap-6 control 155k","6","trajectory","0","textbook72+holdout250","322","A_pass1_r8","1","0.8","0.914","lean_only","","2026-10-02","copied","nd-rl:dan:experiment-summaries/2026-10-02-trajectory-cap6-eventual-proof-worst-step-climbs-mainly-in-rl/README.md"
"best-9.56M-cap6-trajectory","best-cap6 trajectory r0..r8","9.56M","lean_staten","scratch","cap-6 control 155k","6","trajectory","1","textbook72+holdout250","322","A_pass1_r8","1","0.8","0.915","lean_only","","2026-10-02","copied","nd-rl:dan:experiment-summaries/2026-10-02-trajectory-cap6-eventual-proof-worst-step-climbs-mainly-in-rl/README.md"
"best-9.56M-cap6-trajectory","best-cap6 trajectory r0..r8","9.56M","lean_staten","scratch","cap-6 control 155k","6","trajectory","2","textbook72+holdout250","322","A_pass1_r8","1","0.8","0.931","lean_only","","2026-10-02","copied","nd-rl:dan:experiment-summaries/2026-10-02-trajectory-cap6-eventual-proof-worst-step-climbs-mainly-in-rl/README.md"
"best-9.56M-cap6-trajectory","best-cap6 trajectory r0..r8","9.56M","lean_staten","scratch","cap-6 control 155k","6","trajectory","0","textbook72+holdout250","322","C_pass256_r8","256","0.8","0.077","lean_only","","2026-10-02","copied","nd-rl:dan:experiment-summaries/2026-10-02-trajectory-cap6-eventual-proof-worst-step-climbs-mainly-in-rl/README.md"
"best-9.56M-cap6-trajectory","best-cap6 trajectory r0..r8","9.56M","lean_staten","scratch","cap-6 control 155k","6","trajectory","1","textbook72+holdout250","322","C_pass256_r8","256","0.8","0.038","lean_only","","2026-10-02","copied","nd-rl:dan:experiment-summaries/2026-10-02-trajectory-cap6-eventual-proof-worst-step-climbs-mainly-in-rl/README.md"
"best-9.56M-cap6-trajectory","best-cap6 trajectory r0..r8","9.56M","lean_staten","scratch","cap-6 control 155k","6","trajectory","2","textbook72+holdout250","322","C_pass256_r8","256","0.8","0.05","lean_only","","2026-10-02","copied","nd-rl:dan:experiment-summaries/2026-10-02-trajectory-cap6-eventual-proof-worst-step-climbs-mainly-in-rl/README.md"
"best-9.56M-cap12-trajectory","stage1_best12_s{S}_p1600","9.56M","lean_staten","scratch","K12 155k","12","frozen@p1600","0","textbook72","72","solved","256","0.8","10","lean_only","sample seed x1","2026-10-02","copied","nd-rl:dan:experiment-summaries/2026-10-02-rl-from-ckpt-early-start-ladders-reach-end-arm-from-step-5000/README.md"
"best-9.56M-cap12-trajectory","stage1_best12_s{S}_p1600","9.56M","lean_staten","scratch","K12 155k","12","frozen@p1600","1","textbook72","72","solved","256","0.8","14","lean_only","sample seed x1","2026-10-02","copied","nd-rl:dan:experiment-summaries/2026-10-02-rl-from-ckpt-early-start-ladders-reach-end-arm-from-step-5000/README.md"
"best-9.56M-cap12-trajectory","stage1_best12_s{S}_p1600","9.56M","lean_staten","scratch","K12 155k","12","frozen@p1600","2","textbook72","72","solved","256","0.8","13","lean_only","sample seed x1","2026-10-02","copied","nd-rl:dan:experiment-summaries/2026-10-02-rl-from-ckpt-early-start-ladders-reach-end-arm-from-step-5000/README.md"
"best-9.56M-cap12-trajectory","la_T1_best12_s{S}_p1600 r8","9.56M","lean_staten","scratch","K12 155k","12","T1-from-p1600","0","textbook72","72","solved","256","0.8","38","lean_only","sample seed x1","2026-10-02","copied","nd-rl:dan:experiment-summaries/2026-10-02-rl-from-ckpt-early-start-ladders-reach-end-arm-from-step-5000/README.md"
"best-9.56M-cap12-trajectory","la_T1_best12_s{S}_p1600 r8","9.56M","lean_staten","scratch","K12 155k","12","T1-from-p1600","1","textbook72","72","solved","256","0.8","34","lean_only","sample seed x1","2026-10-02","copied","nd-rl:dan:experiment-summaries/2026-10-02-rl-from-ckpt-early-start-ladders-reach-end-arm-from-step-5000/README.md"
"best-9.56M-cap12-trajectory","la_T1_best12_s{S}_p1600 r8","9.56M","lean_staten","scratch","K12 155k","12","T1-from-p1600","2","textbook72","72","solved","256","0.8","38","lean_only","sample seed x1","2026-10-02","copied","nd-rl:dan:experiment-summaries/2026-10-02-rl-from-ckpt-early-start-ladders-reach-end-arm-from-step-5000/README.md"
"best-9.56M-cap12-trajectory","rc_best12_s{S}_p1600 r8","9.56M","lean_staten","scratch","K12 155k","12","replay-only-from-p1600","0","textbook72","72","solved","256","0.8","32","lean_only","sample seed x1","2026-10-02","copied","nd-rl:dan:experiment-summaries/2026-10-02-rl-from-ckpt-early-start-ladders-reach-end-arm-from-step-5000/README.md"
"best-9.56M-cap12-trajectory","rc_best12_s{S}_p1600 r8","9.56M","lean_staten","scratch","K12 155k","12","replay-only-from-p1600","1","textbook72","72","solved","256","0.8","28","lean_only","sample seed x1","2026-10-02","copied","nd-rl:dan:experiment-summaries/2026-10-02-rl-from-ckpt-early-start-ladders-reach-end-arm-from-step-5000/README.md"
"best-9.56M-cap12-trajectory","rc_best12_s{S}_p1600 r8","9.56M","lean_staten","scratch","K12 155k","12","replay-only-from-p1600","2","textbook72","72","solved","256","0.8","33","lean_only","sample seed x1","2026-10-02","copied","nd-rl:dan:experiment-summaries/2026-10-02-rl-from-ckpt-early-start-ladders-reach-end-arm-from-step-5000/README.md"
"best-9.56M-cap12-trajectory","stage1_best12_s{S}_p1600","9.56M","lean_staten","scratch","K12 155k","12","frozen@p1600","0","holdout250","250","solved","256","0.8","67","lean_only","sample seed x1","2026-10-02","copied","nd-rl:dan:experiment-summaries/2026-10-02-rl-from-ckpt-early-start-ladders-reach-end-arm-from-step-5000/README.md"
"best-9.56M-cap12-trajectory","stage1_best12_s{S}_p1600","9.56M","lean_staten","scratch","K12 155k","12","frozen@p1600","1","holdout250","250","solved","256","0.8","60","lean_only","sample seed x1","2026-10-02","copied","nd-rl:dan:experiment-summaries/2026-10-02-rl-from-ckpt-early-start-ladders-reach-end-arm-from-step-5000/README.md"
"best-9.56M-cap12-trajectory","stage1_best12_s{S}_p1600","9.56M","lean_staten","scratch","K12 155k","12","frozen@p1600","2","holdout250","250","solved","256","0.8","66","lean_only","sample seed x1","2026-10-02","copied","nd-rl:dan:experiment-summaries/2026-10-02-rl-from-ckpt-early-start-ladders-reach-end-arm-from-step-5000/README.md"
"best-9.56M-cap12-trajectory","la_T1_best12_s{S}_p1600 r8","9.56M","lean_staten","scratch","K12 155k","12","T1-from-p1600","0","holdout250","250","solved","256","0.8","223","lean_only","sample seed x1","2026-10-02","copied","nd-rl:dan:experiment-summaries/2026-10-02-rl-from-ckpt-early-start-ladders-reach-end-arm-from-step-5000/README.md"
"best-9.56M-cap12-trajectory","la_T1_best12_s{S}_p1600 r8","9.56M","lean_staten","scratch","K12 155k","12","T1-from-p1600","1","holdout250","250","solved","256","0.8","212","lean_only","sample seed x1","2026-10-02","copied","nd-rl:dan:experiment-summaries/2026-10-02-rl-from-ckpt-early-start-ladders-reach-end-arm-from-step-5000/README.md"
"best-9.56M-cap12-trajectory","la_T1_best12_s{S}_p1600 r8","9.56M","lean_staten","scratch","K12 155k","12","T1-from-p1600","2","holdout250","250","solved","256","0.8","222","lean_only","sample seed x1","2026-10-02","copied","nd-rl:dan:experiment-summaries/2026-10-02-rl-from-ckpt-early-start-ladders-reach-end-arm-from-step-5000/README.md"
"best-9.56M-cap12-trajectory","rc_best12_s{S}_p1600 r8","9.56M","lean_staten","scratch","K12 155k","12","replay-only-from-p1600","0","holdout250","250","solved","256","0.8","202","lean_only","sample seed x1","2026-10-02","copied","nd-rl:dan:experiment-summaries/2026-10-02-rl-from-ckpt-early-start-ladders-reach-end-arm-from-step-5000/README.md"
"best-9.56M-cap12-trajectory","rc_best12_s{S}_p1600 r8","9.56M","lean_staten","scratch","K12 155k","12","replay-only-from-p1600","1","holdout250","250","solved","256","0.8","196","lean_only","sample seed x1","2026-10-02","copied","nd-rl:dan:experiment-summaries/2026-10-02-rl-from-ckpt-early-start-ladders-reach-end-arm-from-step-5000/README.md"
"best-9.56M-cap12-trajectory","rc_best12_s{S}_p1600 r8","9.56M","lean_staten","scratch","K12 155k","12","replay-only-from-p1600","2","holdout250","250","solved","256","0.8","195","lean_only","sample seed x1","2026-10-02","copied","nd-rl:dan:experiment-summaries/2026-10-02-rl-from-ckpt-early-start-ladders-reach-end-arm-from-step-5000/README.md"
"best-9.56M-cap12-trajectory","stage1_best12_s{S}_p5000","9.56M","lean_staten","scratch","K12 155k","12","frozen@p5000","0","textbook72","72","solved","256","0.8","19","lean_only","sample seed x1","2026-10-02","copied","nd-rl:dan:experiment-summaries/2026-10-02-rl-from-ckpt-early-start-ladders-reach-end-arm-from-step-5000/README.md"
"best-9.56M-cap12-trajectory","stage1_best12_s{S}_p5000","9.56M","lean_staten","scratch","K12 155k","12","frozen@p5000","1","textbook72","72","solved","256","0.8","19","lean_only","sample seed x1","2026-10-02","copied","nd-rl:dan:experiment-summaries/2026-10-02-rl-from-ckpt-early-start-ladders-reach-end-arm-from-step-5000/README.md"
"best-9.56M-cap12-trajectory","stage1_best12_s{S}_p5000","9.56M","lean_staten","scratch","K12 155k","12","frozen@p5000","2","textbook72","72","solved","256","0.8","18","lean_only","sample seed x1","2026-10-02","copied","nd-rl:dan:experiment-summaries/2026-10-02-rl-from-ckpt-early-start-ladders-reach-end-arm-from-step-5000/README.md"
"best-9.56M-cap12-trajectory","la_T1_best12_s{S}_p5000 r8","9.56M","lean_staten","scratch","K12 155k","12","T1-from-p5000","0","textbook72","72","solved","256","0.8","48","lean_only","sample seed x1","2026-10-02","copied","nd-rl:dan:experiment-summaries/2026-10-02-rl-from-ckpt-early-start-ladders-reach-end-arm-from-step-5000/README.md"
"best-9.56M-cap12-trajectory","la_T1_best12_s{S}_p5000 r8","9.56M","lean_staten","scratch","K12 155k","12","T1-from-p5000","1","textbook72","72","solved","256","0.8","44","lean_only","sample seed x1","2026-10-02","copied","nd-rl:dan:experiment-summaries/2026-10-02-rl-from-ckpt-early-start-ladders-reach-end-arm-from-step-5000/README.md"
"best-9.56M-cap12-trajectory","la_T1_best12_s{S}_p5000 r8","9.56M","lean_staten","scratch","K12 155k","12","T1-from-p5000","2","textbook72","72","solved","256","0.8","46","lean_only","sample seed x1","2026-10-02","copied","nd-rl:dan:experiment-summaries/2026-10-02-rl-from-ckpt-early-start-ladders-reach-end-arm-from-step-5000/README.md"
"best-9.56M-cap12-trajectory","rc_best12_s{S}_p5000 r8","9.56M","lean_staten","scratch","K12 155k","12","replay-only-from-p5000","0","textbook72","72","solved","256","0.8","32","lean_only","sample seed x1","2026-10-02","copied","nd-rl:dan:experiment-summaries/2026-10-02-rl-from-ckpt-early-start-ladders-reach-end-arm-from-step-5000/README.md"
"best-9.56M-cap12-trajectory","rc_best12_s{S}_p5000 r8","9.56M","lean_staten","scratch","K12 155k","12","replay-only-from-p5000","1","textbook72","72","solved","256","0.8","27","lean_only","sample seed x1","2026-10-02","copied","nd-rl:dan:experiment-summaries/2026-10-02-rl-from-ckpt-early-start-ladders-reach-end-arm-from-step-5000/README.md"
"best-9.56M-cap12-trajectory","rc_best12_s{S}_p5000 r8","9.56M","lean_staten","scratch","K12 155k","12","replay-only-from-p5000","2","textbook72","72","solved","256","0.8","36","lean_only","sample seed x1","2026-10-02","copied","nd-rl:dan:experiment-summaries/2026-10-02-rl-from-ckpt-early-start-ladders-reach-end-arm-from-step-5000/README.md"
"best-9.56M-cap12-trajectory","stage1_best12_s{S}_p5000","9.56M","lean_staten","scratch","K12 155k","12","frozen@p5000","0","holdout250","250","solved","256","0.8","138","lean_only","sample seed x1","2026-10-02","copied","nd-rl:dan:experiment-summaries/2026-10-02-rl-from-ckpt-early-start-ladders-reach-end-arm-from-step-5000/README.md"
"best-9.56M-cap12-trajectory","stage1_best12_s{S}_p5000","9.56M","lean_staten","scratch","K12 155k","12","frozen@p5000","1","holdout250","250","solved","256","0.8","129","lean_only","sample seed x1","2026-10-02","copied","nd-rl:dan:experiment-summaries/2026-10-02-rl-from-ckpt-early-start-ladders-reach-end-arm-from-step-5000/README.md"
"best-9.56M-cap12-trajectory","stage1_best12_s{S}_p5000","9.56M","lean_staten","scratch","K12 155k","12","frozen@p5000","2","holdout250","250","solved","256","0.8","112","lean_only","sample seed x1","2026-10-02","copied","nd-rl:dan:experiment-summaries/2026-10-02-rl-from-ckpt-early-start-ladders-reach-end-arm-from-step-5000/README.md"
"best-9.56M-cap12-trajectory","la_T1_best12_s{S}_p5000 r8","9.56M","lean_staten","scratch","K12 155k","12","T1-from-p5000","0","holdout250","250","solved","256","0.8","234","lean_only","sample seed x1","2026-10-02","copied","nd-rl:dan:experiment-summaries/2026-10-02-rl-from-ckpt-early-start-ladders-reach-end-arm-from-step-5000/README.md"
"best-9.56M-cap12-trajectory","la_T1_best12_s{S}_p5000 r8","9.56M","lean_staten","scratch","K12 155k","12","T1-from-p5000","1","holdout250","250","solved","256","0.8","234","lean_only","sample seed x1","2026-10-02","copied","nd-rl:dan:experiment-summaries/2026-10-02-rl-from-ckpt-early-start-ladders-reach-end-arm-from-step-5000/README.md"
"best-9.56M-cap12-trajectory","la_T1_best12_s{S}_p5000 r8","9.56M","lean_staten","scratch","K12 155k","12","T1-from-p5000","2","holdout250","250","solved","256","0.8","238","lean_only","sample seed x1","2026-10-02","copied","nd-rl:dan:experiment-summaries/2026-10-02-rl-from-ckpt-early-start-ladders-reach-end-arm-from-step-5000/README.md"
"best-9.56M-cap12-trajectory","rc_best12_s{S}_p5000 r8","9.56M","lean_staten","scratch","K12 155k","12","replay-only-from-p5000","0","holdout250","250","solved","256","0.8","205","lean_only","sample seed x1","2026-10-02","copied","nd-rl:dan:experiment-summaries/2026-10-02-rl-from-ckpt-early-start-ladders-reach-end-arm-from-step-5000/README.md"
"best-9.56M-cap12-trajectory","rc_best12_s{S}_p5000 r8","9.56M","lean_staten","scratch","K12 155k","12","replay-only-from-p5000","1","holdout250","250","solved","256","0.8","203","lean_only","sample seed x1","2026-10-02","copied","nd-rl:dan:experiment-summaries/2026-10-02-rl-from-ckpt-early-start-ladders-reach-end-arm-from-step-5000/README.md"
"best-9.56M-cap12-trajectory","rc_best12_s{S}_p5000 r8","9.56M","lean_staten","scratch","K12 155k","12","replay-only-from-p5000","2","holdout250","250","solved","256","0.8","204","lean_only","sample seed x1","2026-10-02","copied","nd-rl:dan:experiment-summaries/2026-10-02-rl-from-ckpt-early-start-ladders-reach-end-arm-from-step-5000/README.md"
"best-9.56M-cap12-trajectory","stage1_best12_s{S}_p12000","9.56M","lean_staten","scratch","K12 155k","12","frozen@p12000","0","textbook72","72","solved","256","0.8","27","lean_only","sample seed x1","2026-10-02","copied","nd-rl:dan:experiment-summaries/2026-10-02-rl-from-ckpt-early-start-ladders-reach-end-arm-from-step-5000/README.md"
"best-9.56M-cap12-trajectory","stage1_best12_s{S}_p12000","9.56M","lean_staten","scratch","K12 155k","12","frozen@p12000","1","textbook72","72","solved","256","0.8","20","lean_only","sample seed x1","2026-10-02","copied","nd-rl:dan:experiment-summaries/2026-10-02-rl-from-ckpt-early-start-ladders-reach-end-arm-from-step-5000/README.md"
"best-9.56M-cap12-trajectory","stage1_best12_s{S}_p12000","9.56M","lean_staten","scratch","K12 155k","12","frozen@p12000","2","textbook72","72","solved","256","0.8","22","lean_only","sample seed x1","2026-10-02","copied","nd-rl:dan:experiment-summaries/2026-10-02-rl-from-ckpt-early-start-ladders-reach-end-arm-from-step-5000/README.md"
"best-9.56M-cap12-trajectory","la_T1_best12_s{S}_p12000 r8","9.56M","lean_staten","scratch","K12 155k","12","T1-from-p12000","0","textbook72","72","solved","256","0.8","45","lean_only","sample seed x1","2026-10-02","copied","nd-rl:dan:experiment-summaries/2026-10-02-rl-from-ckpt-early-start-ladders-reach-end-arm-from-step-5000/README.md"
"best-9.56M-cap12-trajectory","la_T1_best12_s{S}_p12000 r8","9.56M","lean_staten","scratch","K12 155k","12","T1-from-p12000","1","textbook72","72","solved","256","0.8","51","lean_only","sample seed x1","2026-10-02","copied","nd-rl:dan:experiment-summaries/2026-10-02-rl-from-ckpt-early-start-ladders-reach-end-arm-from-step-5000/README.md"
"best-9.56M-cap12-trajectory","la_T1_best12_s{S}_p12000 r8","9.56M","lean_staten","scratch","K12 155k","12","T1-from-p12000","2","textbook72","72","solved","256","0.8","46","lean_only","sample seed x1","2026-10-02","copied","nd-rl:dan:experiment-summaries/2026-10-02-rl-from-ckpt-early-start-ladders-reach-end-arm-from-step-5000/README.md"
"best-9.56M-cap12-trajectory","rc_best12_s{S}_p12000 r8","9.56M","lean_staten","scratch","K12 155k","12","replay-only-from-p12000","0","textbook72","72","solved","256","0.8","39","lean_only","sample seed x1","2026-10-02","copied","nd-rl:dan:experiment-summaries/2026-10-02-rl-from-ckpt-early-start-ladders-reach-end-arm-from-step-5000/README.md"
"best-9.56M-cap12-trajectory","rc_best12_s{S}_p12000 r8","9.56M","lean_staten","scratch","K12 155k","12","replay-only-from-p12000","1","textbook72","72","solved","256","0.8","37","lean_only","sample seed x1","2026-10-02","copied","nd-rl:dan:experiment-summaries/2026-10-02-rl-from-ckpt-early-start-ladders-reach-end-arm-from-step-5000/README.md"
"best-9.56M-cap12-trajectory","rc_best12_s{S}_p12000 r8","9.56M","lean_staten","scratch","K12 155k","12","replay-only-from-p12000","2","textbook72","72","solved","256","0.8","39","lean_only","sample seed x1","2026-10-02","copied","nd-rl:dan:experiment-summaries/2026-10-02-rl-from-ckpt-early-start-ladders-reach-end-arm-from-step-5000/README.md"
"best-9.56M-cap12-trajectory","stage1_best12_s{S}_p12000","9.56M","lean_staten","scratch","K12 155k","12","frozen@p12000","0","holdout250","250","solved","256","0.8","162","lean_only","sample seed x1","2026-10-02","copied","nd-rl:dan:experiment-summaries/2026-10-02-rl-from-ckpt-early-start-ladders-reach-end-arm-from-step-5000/README.md"
"best-9.56M-cap12-trajectory","stage1_best12_s{S}_p12000","9.56M","lean_staten","scratch","K12 155k","12","frozen@p12000","1","holdout250","250","solved","256","0.8","153","lean_only","sample seed x1","2026-10-02","copied","nd-rl:dan:experiment-summaries/2026-10-02-rl-from-ckpt-early-start-ladders-reach-end-arm-from-step-5000/README.md"
"best-9.56M-cap12-trajectory","stage1_best12_s{S}_p12000","9.56M","lean_staten","scratch","K12 155k","12","frozen@p12000","2","holdout250","250","solved","256","0.8","142","lean_only","sample seed x1","2026-10-02","copied","nd-rl:dan:experiment-summaries/2026-10-02-rl-from-ckpt-early-start-ladders-reach-end-arm-from-step-5000/README.md"
"best-9.56M-cap12-trajectory","la_T1_best12_s{S}_p12000 r8","9.56M","lean_staten","scratch","K12 155k","12","T1-from-p12000","0","holdout250","250","solved","256","0.8","233","lean_only","sample seed x1","2026-10-02","copied","nd-rl:dan:experiment-summaries/2026-10-02-rl-from-ckpt-early-start-ladders-reach-end-arm-from-step-5000/README.md"
"best-9.56M-cap12-trajectory","la_T1_best12_s{S}_p12000 r8","9.56M","lean_staten","scratch","K12 155k","12","T1-from-p12000","1","holdout250","250","solved","256","0.8","235","lean_only","sample seed x1","2026-10-02","copied","nd-rl:dan:experiment-summaries/2026-10-02-rl-from-ckpt-early-start-ladders-reach-end-arm-from-step-5000/README.md"
"best-9.56M-cap12-trajectory","la_T1_best12_s{S}_p12000 r8","9.56M","lean_staten","scratch","K12 155k","12","T1-from-p12000","2","holdout250","250","solved","256","0.8","233","lean_only","sample seed x1","2026-10-02","copied","nd-rl:dan:experiment-summaries/2026-10-02-rl-from-ckpt-early-start-ladders-reach-end-arm-from-step-5000/README.md"
"best-9.56M-cap12-trajectory","rc_best12_s{S}_p12000 r8","9.56M","lean_staten","scratch","K12 155k","12","replay-only-from-p12000","0","holdout250","250","solved","256","0.8","214","lean_only","sample seed x1","2026-10-02","copied","nd-rl:dan:experiment-summaries/2026-10-02-rl-from-ckpt-early-start-ladders-reach-end-arm-from-step-5000/README.md"
"best-9.56M-cap12-trajectory","rc_best12_s{S}_p12000 r8","9.56M","lean_staten","scratch","K12 155k","12","replay-only-from-p12000","1","holdout250","250","solved","256","0.8","210","lean_only","sample seed x1","2026-10-02","copied","nd-rl:dan:experiment-summaries/2026-10-02-rl-from-ckpt-early-start-ladders-reach-end-arm-from-step-5000/README.md"
"best-9.56M-cap12-trajectory","rc_best12_s{S}_p12000 r8","9.56M","lean_staten","scratch","K12 155k","12","replay-only-from-p12000","2","holdout250","250","solved","256","0.8","211","lean_only","sample seed x1","2026-10-02","copied","nd-rl:dan:experiment-summaries/2026-10-02-rl-from-ckpt-early-start-ladders-reach-end-arm-from-step-5000/README.md"
"best-9.56M-cap12-trajectory","stage1_best12_s{S}_p16000","9.56M","lean_staten","scratch","K12 155k","12","frozen@p16000","0","textbook72","72","solved","256","0.8","26","lean_only","sample seed x1","2026-10-02","copied","nd-rl:dan:experiment-summaries/2026-10-02-rl-from-ckpt-early-start-ladders-reach-end-arm-from-step-5000/README.md"
"best-9.56M-cap12-trajectory","stage1_best12_s{S}_p16000","9.56M","lean_staten","scratch","K12 155k","12","frozen@p16000","1","textbook72","72","solved","256","0.8","29","lean_only","sample seed x1","2026-10-02","copied","nd-rl:dan:experiment-summaries/2026-10-02-rl-from-ckpt-early-start-ladders-reach-end-arm-from-step-5000/README.md"
"best-9.56M-cap12-trajectory","stage1_best12_s{S}_p16000","9.56M","lean_staten","scratch","K12 155k","12","frozen@p16000","2","textbook72","72","solved","256","0.8","28","lean_only","sample seed x1","2026-10-02","copied","nd-rl:dan:experiment-summaries/2026-10-02-rl-from-ckpt-early-start-ladders-reach-end-arm-from-step-5000/README.md"
"best-9.56M-cap12-trajectory","la_T1_best12_s{S}_p16000 r8","9.56M","lean_staten","scratch","K12 155k","12","T1-from-p16000","0","textbook72","72","solved","256","0.8","49","lean_only","sample seed x1","2026-10-02","copied","nd-rl:dan:experiment-summaries/2026-10-02-rl-from-ckpt-early-start-ladders-reach-end-arm-from-step-5000/README.md"
"best-9.56M-cap12-trajectory","la_T1_best12_s{S}_p16000 r8","9.56M","lean_staten","scratch","K12 155k","12","T1-from-p16000","1","textbook72","72","solved","256","0.8","47","lean_only","sample seed x1","2026-10-02","copied","nd-rl:dan:experiment-summaries/2026-10-02-rl-from-ckpt-early-start-ladders-reach-end-arm-from-step-5000/README.md"
"best-9.56M-cap12-trajectory","la_T1_best12_s{S}_p16000 r8","9.56M","lean_staten","scratch","K12 155k","12","T1-from-p16000","2","textbook72","72","solved","256","0.8","51","lean_only","sample seed x1","2026-10-02","copied","nd-rl:dan:experiment-summaries/2026-10-02-rl-from-ckpt-early-start-ladders-reach-end-arm-from-step-5000/README.md"
"best-9.56M-cap12-trajectory","rc_best12_s{S}_p16000 r8","9.56M","lean_staten","scratch","K12 155k","12","replay-only-from-p16000","0","textbook72","72","solved","256","0.8","41","lean_only","sample seed x1","2026-10-02","copied","nd-rl:dan:experiment-summaries/2026-10-02-rl-from-ckpt-early-start-ladders-reach-end-arm-from-step-5000/README.md"
"best-9.56M-cap12-trajectory","rc_best12_s{S}_p16000 r8","9.56M","lean_staten","scratch","K12 155k","12","replay-only-from-p16000","1","textbook72","72","solved","256","0.8","37","lean_only","sample seed x1","2026-10-02","copied","nd-rl:dan:experiment-summaries/2026-10-02-rl-from-ckpt-early-start-ladders-reach-end-arm-from-step-5000/README.md"
"best-9.56M-cap12-trajectory","rc_best12_s{S}_p16000 r8","9.56M","lean_staten","scratch","K12 155k","12","replay-only-from-p16000","2","textbook72","72","solved","256","0.8","38","lean_only","sample seed x1","2026-10-02","copied","nd-rl:dan:experiment-summaries/2026-10-02-rl-from-ckpt-early-start-ladders-reach-end-arm-from-step-5000/README.md"
"best-9.56M-cap12-trajectory","stage1_best12_s{S}_p16000","9.56M","lean_staten","scratch","K12 155k","12","frozen@p16000","0","holdout250","250","solved","256","0.8","176","lean_only","sample seed x1","2026-10-02","copied","nd-rl:dan:experiment-summaries/2026-10-02-rl-from-ckpt-early-start-ladders-reach-end-arm-from-step-5000/README.md"
"best-9.56M-cap12-trajectory","stage1_best12_s{S}_p16000","9.56M","lean_staten","scratch","K12 155k","12","frozen@p16000","1","holdout250","250","solved","256","0.8","195","lean_only","sample seed x1","2026-10-02","copied","nd-rl:dan:experiment-summaries/2026-10-02-rl-from-ckpt-early-start-ladders-reach-end-arm-from-step-5000/README.md"
"best-9.56M-cap12-trajectory","stage1_best12_s{S}_p16000","9.56M","lean_staten","scratch","K12 155k","12","frozen@p16000","2","holdout250","250","solved","256","0.8","155","lean_only","sample seed x1","2026-10-02","copied","nd-rl:dan:experiment-summaries/2026-10-02-rl-from-ckpt-early-start-ladders-reach-end-arm-from-step-5000/README.md"
"best-9.56M-cap12-trajectory","la_T1_best12_s{S}_p16000 r8","9.56M","lean_staten","scratch","K12 155k","12","T1-from-p16000","0","holdout250","250","solved","256","0.8","235","lean_only","sample seed x1","2026-10-02","copied","nd-rl:dan:experiment-summaries/2026-10-02-rl-from-ckpt-early-start-ladders-reach-end-arm-from-step-5000/README.md"
"best-9.56M-cap12-trajectory","la_T1_best12_s{S}_p16000 r8","9.56M","lean_staten","scratch","K12 155k","12","T1-from-p16000","1","holdout250","250","solved","256","0.8","232","lean_only","sample seed x1","2026-10-02","copied","nd-rl:dan:experiment-summaries/2026-10-02-rl-from-ckpt-early-start-ladders-reach-end-arm-from-step-5000/README.md"
"best-9.56M-cap12-trajectory","la_T1_best12_s{S}_p16000 r8","9.56M","lean_staten","scratch","K12 155k","12","T1-from-p16000","2","holdout250","250","solved","256","0.8","232","lean_only","sample seed x1","2026-10-02","copied","nd-rl:dan:experiment-summaries/2026-10-02-rl-from-ckpt-early-start-ladders-reach-end-arm-from-step-5000/README.md"
"best-9.56M-cap12-trajectory","rc_best12_s{S}_p16000 r8","9.56M","lean_staten","scratch","K12 155k","12","replay-only-from-p16000","0","holdout250","250","solved","256","0.8","211","lean_only","sample seed x1","2026-10-02","copied","nd-rl:dan:experiment-summaries/2026-10-02-rl-from-ckpt-early-start-ladders-reach-end-arm-from-step-5000/README.md"
"best-9.56M-cap12-trajectory","rc_best12_s{S}_p16000 r8","9.56M","lean_staten","scratch","K12 155k","12","replay-only-from-p16000","1","holdout250","250","solved","256","0.8","216","lean_only","sample seed x1","2026-10-02","copied","nd-rl:dan:experiment-summaries/2026-10-02-rl-from-ckpt-early-start-ladders-reach-end-arm-from-step-5000/README.md"
"best-9.56M-cap12-trajectory","rc_best12_s{S}_p16000 r8","9.56M","lean_staten","scratch","K12 155k","12","replay-only-from-p16000","2","holdout250","250","solved","256","0.8","207","lean_only","sample seed x1","2026-10-02","copied","nd-rl:dan:experiment-summaries/2026-10-02-rl-from-ckpt-early-start-ladders-reach-end-arm-from-step-5000/README.md"
"best-9.56M-cap12-trajectory","stage1_best12_s{S}_pend","9.56M","lean_staten","scratch","K12 155k","12","frozen@pend","0","textbook72","72","solved","256","0.8","34","lean_only","sample seed x1","2026-10-02","copied","nd-rl:dan:experiment-summaries/2026-10-02-rl-from-ckpt-early-start-ladders-reach-end-arm-from-step-5000/README.md"
"best-9.56M-cap12-trajectory","stage1_best12_s{S}_pend","9.56M","lean_staten","scratch","K12 155k","12","frozen@pend","1","textbook72","72","solved","256","0.8","33","lean_only","sample seed x1","2026-10-02","copied","nd-rl:dan:experiment-summaries/2026-10-02-rl-from-ckpt-early-start-ladders-reach-end-arm-from-step-5000/README.md"
"best-9.56M-cap12-trajectory","stage1_best12_s{S}_pend","9.56M","lean_staten","scratch","K12 155k","12","frozen@pend","2","textbook72","72","solved","256","0.8","36","lean_only","sample seed x1","2026-10-02","copied","nd-rl:dan:experiment-summaries/2026-10-02-rl-from-ckpt-early-start-ladders-reach-end-arm-from-step-5000/README.md"
"best-9.56M-cap12-trajectory","la_T1_best12_s{S}_pend r8","9.56M","lean_staten","scratch","K12 155k","12","T1-from-pend","0","textbook72","72","solved","256","0.8","48","lean_only","sample seed x1","2026-10-02","copied","nd-rl:dan:experiment-summaries/2026-10-02-rl-from-ckpt-early-start-ladders-reach-end-arm-from-step-5000/README.md"
"best-9.56M-cap12-trajectory","la_T1_best12_s{S}_pend r8","9.56M","lean_staten","scratch","K12 155k","12","T1-from-pend","1","textbook72","72","solved","256","0.8","48","lean_only","sample seed x1","2026-10-02","copied","nd-rl:dan:experiment-summaries/2026-10-02-rl-from-ckpt-early-start-ladders-reach-end-arm-from-step-5000/README.md"
"best-9.56M-cap12-trajectory","la_T1_best12_s{S}_pend r8","9.56M","lean_staten","scratch","K12 155k","12","T1-from-pend","2","textbook72","72","solved","256","0.8","53","lean_only","sample seed x1","2026-10-02","copied","nd-rl:dan:experiment-summaries/2026-10-02-rl-from-ckpt-early-start-ladders-reach-end-arm-from-step-5000/README.md"
"best-9.56M-cap12-trajectory","rc_best12_s{S}_pend r8","9.56M","lean_staten","scratch","K12 155k","12","replay-only-from-pend","0","textbook72","72","solved","256","0.8","38","lean_only","sample seed x1","2026-10-02","copied","nd-rl:dan:experiment-summaries/2026-10-02-rl-from-ckpt-early-start-ladders-reach-end-arm-from-step-5000/README.md"
"best-9.56M-cap12-trajectory","rc_best12_s{S}_pend r8","9.56M","lean_staten","scratch","K12 155k","12","replay-only-from-pend","1","textbook72","72","solved","256","0.8","31","lean_only","sample seed x1","2026-10-02","copied","nd-rl:dan:experiment-summaries/2026-10-02-rl-from-ckpt-early-start-ladders-reach-end-arm-from-step-5000/README.md"
"best-9.56M-cap12-trajectory","rc_best12_s{S}_pend r8","9.56M","lean_staten","scratch","K12 155k","12","replay-only-from-pend","2","textbook72","72","solved","256","0.8","35","lean_only","sample seed x1","2026-10-02","copied","nd-rl:dan:experiment-summaries/2026-10-02-rl-from-ckpt-early-start-ladders-reach-end-arm-from-step-5000/README.md"
"best-9.56M-cap12-trajectory","stage1_best12_s{S}_pend","9.56M","lean_staten","scratch","K12 155k","12","frozen@pend","0","holdout250","250","solved","256","0.8","196","lean_only","sample seed x1","2026-10-02","copied","nd-rl:dan:experiment-summaries/2026-10-02-rl-from-ckpt-early-start-ladders-reach-end-arm-from-step-5000/README.md"
"best-9.56M-cap12-trajectory","stage1_best12_s{S}_pend","9.56M","lean_staten","scratch","K12 155k","12","frozen@pend","1","holdout250","250","solved","256","0.8","205","lean_only","sample seed x1","2026-10-02","copied","nd-rl:dan:experiment-summaries/2026-10-02-rl-from-ckpt-early-start-ladders-reach-end-arm-from-step-5000/README.md"
"best-9.56M-cap12-trajectory","stage1_best12_s{S}_pend","9.56M","lean_staten","scratch","K12 155k","12","frozen@pend","2","holdout250","250","solved","256","0.8","200","lean_only","sample seed x1","2026-10-02","copied","nd-rl:dan:experiment-summaries/2026-10-02-rl-from-ckpt-early-start-ladders-reach-end-arm-from-step-5000/README.md"
"best-9.56M-cap12-trajectory","la_T1_best12_s{S}_pend r8","9.56M","lean_staten","scratch","K12 155k","12","T1-from-pend","0","holdout250","250","solved","256","0.8","240","lean_only","sample seed x1","2026-10-02","copied","nd-rl:dan:experiment-summaries/2026-10-02-rl-from-ckpt-early-start-ladders-reach-end-arm-from-step-5000/README.md"
"best-9.56M-cap12-trajectory","la_T1_best12_s{S}_pend r8","9.56M","lean_staten","scratch","K12 155k","12","T1-from-pend","1","holdout250","250","solved","256","0.8","236","lean_only","sample seed x1","2026-10-02","copied","nd-rl:dan:experiment-summaries/2026-10-02-rl-from-ckpt-early-start-ladders-reach-end-arm-from-step-5000/README.md"
"best-9.56M-cap12-trajectory","la_T1_best12_s{S}_pend r8","9.56M","lean_staten","scratch","K12 155k","12","T1-from-pend","2","holdout250","250","solved","256","0.8","237","lean_only","sample seed x1","2026-10-02","copied","nd-rl:dan:experiment-summaries/2026-10-02-rl-from-ckpt-early-start-ladders-reach-end-arm-from-step-5000/README.md"
"best-9.56M-cap12-trajectory","rc_best12_s{S}_pend r8","9.56M","lean_staten","scratch","K12 155k","12","replay-only-from-pend","0","holdout250","250","solved","256","0.8","206","lean_only","sample seed x1","2026-10-02","copied","nd-rl:dan:experiment-summaries/2026-10-02-rl-from-ckpt-early-start-ladders-reach-end-arm-from-step-5000/README.md"
"best-9.56M-cap12-trajectory","rc_best12_s{S}_pend r8","9.56M","lean_staten","scratch","K12 155k","12","replay-only-from-pend","1","holdout250","250","solved","256","0.8","210","lean_only","sample seed x1","2026-10-02","copied","nd-rl:dan:experiment-summaries/2026-10-02-rl-from-ckpt-early-start-ladders-reach-end-arm-from-step-5000/README.md"
"best-9.56M-cap12-trajectory","rc_best12_s{S}_pend r8","9.56M","lean_staten","scratch","K12 155k","12","replay-only-from-pend","2","holdout250","250","solved","256","0.8","213","lean_only","sample seed x1","2026-10-02","copied","nd-rl:dan:experiment-summaries/2026-10-02-rl-from-ckpt-early-start-ladders-reach-end-arm-from-step-5000/README.md"
"best-9.56M-cap12-trajectory","la_T1_best12_s{S}_p1600 r8","9.56M","lean_staten","scratch","K12 155k","12","T1-from-p1600","0","textbook72+holdout250","322","solved_only_this_start_vs_pend(x0∪x1)","256","0.8","1","lean_only","","2026-10-02","copied","nd-rl:dan:experiment-summaries/2026-10-02-rl-from-ckpt-early-start-ladders-reach-end-arm-from-step-5000/README.md"
"best-9.56M-cap12-trajectory","la_T1_best12_s{S}_p1600 r8","9.56M","lean_staten","scratch","K12 155k","12","T1-from-p1600","1","textbook72+holdout250","322","solved_only_this_start_vs_pend(x0∪x1)","256","0.8","1","lean_only","","2026-10-02","copied","nd-rl:dan:experiment-summaries/2026-10-02-rl-from-ckpt-early-start-ladders-reach-end-arm-from-step-5000/README.md"
"best-9.56M-cap12-trajectory","la_T1_best12_s{S}_p1600 r8","9.56M","lean_staten","scratch","K12 155k","12","T1-from-p1600","2","textbook72+holdout250","322","solved_only_this_start_vs_pend(x0∪x1)","256","0.8","2","lean_only","","2026-10-02","copied","nd-rl:dan:experiment-summaries/2026-10-02-rl-from-ckpt-early-start-ladders-reach-end-arm-from-step-5000/README.md"
"best-9.56M-cap12-trajectory","la_T1_best12_s{S}_p1600 r8","9.56M","lean_staten","scratch","K12 155k","12","T1-from-p1600","0","textbook72+holdout250","322","solved_only_pend_vs_this_start(x0∪x1)","256","0.8","24","lean_only","","2026-10-02","copied","nd-rl:dan:experiment-summaries/2026-10-02-rl-from-ckpt-early-start-ladders-reach-end-arm-from-step-5000/README.md"
"best-9.56M-cap12-trajectory","la_T1_best12_s{S}_p1600 r8","9.56M","lean_staten","scratch","K12 155k","12","T1-from-p1600","1","textbook72+holdout250","322","solved_only_pend_vs_this_start(x0∪x1)","256","0.8","38","lean_only","","2026-10-02","copied","nd-rl:dan:experiment-summaries/2026-10-02-rl-from-ckpt-early-start-ladders-reach-end-arm-from-step-5000/README.md"
"best-9.56M-cap12-trajectory","la_T1_best12_s{S}_p1600 r8","9.56M","lean_staten","scratch","K12 155k","12","T1-from-p1600","2","textbook72+holdout250","322","solved_only_pend_vs_this_start(x0∪x1)","256","0.8","35","lean_only","","2026-10-02","copied","nd-rl:dan:experiment-summaries/2026-10-02-rl-from-ckpt-early-start-ladders-reach-end-arm-from-step-5000/README.md"
"best-9.56M-cap12-trajectory","la_T1_best12_s{S}_p1600 r8","9.56M","lean_staten","scratch","K12 155k","12","T1-from-p1600","0","trajectory_groupC","36/35/28","solved","256","0.8","1","lean_only","sample seed x1","2026-10-02","copied","nd-rl:dan:experiment-summaries/2026-10-02-rl-from-ckpt-early-start-ladders-reach-end-arm-from-step-5000/README.md"
"best-9.56M-cap12-trajectory","la_T1_best12_s{S}_p1600 r8","9.56M","lean_staten","scratch","K12 155k","12","T1-from-p1600","1","trajectory_groupC","36/35/28","solved","256","0.8","1","lean_only","sample seed x1","2026-10-02","copied","nd-rl:dan:experiment-summaries/2026-10-02-rl-from-ckpt-early-start-ladders-reach-end-arm-from-step-5000/README.md"
"best-9.56M-cap12-trajectory","la_T1_best12_s{S}_p1600 r8","9.56M","lean_staten","scratch","K12 155k","12","T1-from-p1600","2","trajectory_groupC","36/35/28","solved","256","0.8","2","lean_only","sample seed x1","2026-10-02","copied","nd-rl:dan:experiment-summaries/2026-10-02-rl-from-ckpt-early-start-ladders-reach-end-arm-from-step-5000/README.md"
"best-9.56M-cap12-trajectory","la_T1_best12_s{S}_p5000 r8","9.56M","lean_staten","scratch","K12 155k","12","T1-from-p5000","0","textbook72+holdout250","322","solved_only_this_start_vs_pend(x0∪x1)","256","0.8","5","lean_only","","2026-10-02","copied","nd-rl:dan:experiment-summaries/2026-10-02-rl-from-ckpt-early-start-ladders-reach-end-arm-from-step-5000/README.md"
"best-9.56M-cap12-trajectory","la_T1_best12_s{S}_p5000 r8","9.56M","lean_staten","scratch","K12 155k","12","T1-from-p5000","1","textbook72+holdout250","322","solved_only_this_start_vs_pend(x0∪x1)","256","0.8","6","lean_only","","2026-10-02","copied","nd-rl:dan:experiment-summaries/2026-10-02-rl-from-ckpt-early-start-ladders-reach-end-arm-from-step-5000/README.md"
"best-9.56M-cap12-trajectory","la_T1_best12_s{S}_p5000 r8","9.56M","lean_staten","scratch","K12 155k","12","T1-from-p5000","2","textbook72+holdout250","322","solved_only_this_start_vs_pend(x0∪x1)","256","0.8","5","lean_only","","2026-10-02","copied","nd-rl:dan:experiment-summaries/2026-10-02-rl-from-ckpt-early-start-ladders-reach-end-arm-from-step-5000/README.md"
"best-9.56M-cap12-trajectory","la_T1_best12_s{S}_p5000 r8","9.56M","lean_staten","scratch","K12 155k","12","T1-from-p5000","0","textbook72+holdout250","322","solved_only_pend_vs_this_start(x0∪x1)","256","0.8","7","lean_only","","2026-10-02","copied","nd-rl:dan:experiment-summaries/2026-10-02-rl-from-ckpt-early-start-ladders-reach-end-arm-from-step-5000/README.md"
"best-9.56M-cap12-trajectory","la_T1_best12_s{S}_p5000 r8","9.56M","lean_staten","scratch","K12 155k","12","T1-from-p5000","1","textbook72+holdout250","322","solved_only_pend_vs_this_start(x0∪x1)","256","0.8","11","lean_only","","2026-10-02","copied","nd-rl:dan:experiment-summaries/2026-10-02-rl-from-ckpt-early-start-ladders-reach-end-arm-from-step-5000/README.md"
"best-9.56M-cap12-trajectory","la_T1_best12_s{S}_p5000 r8","9.56M","lean_staten","scratch","K12 155k","12","T1-from-p5000","2","textbook72+holdout250","322","solved_only_pend_vs_this_start(x0∪x1)","256","0.8","11","lean_only","","2026-10-02","copied","nd-rl:dan:experiment-summaries/2026-10-02-rl-from-ckpt-early-start-ladders-reach-end-arm-from-step-5000/README.md"
"best-9.56M-cap12-trajectory","la_T1_best12_s{S}_p5000 r8","9.56M","lean_staten","scratch","K12 155k","12","T1-from-p5000","0","trajectory_groupC","36/35/28","solved","256","0.8","5","lean_only","sample seed x1","2026-10-02","copied","nd-rl:dan:experiment-summaries/2026-10-02-rl-from-ckpt-early-start-ladders-reach-end-arm-from-step-5000/README.md"
"best-9.56M-cap12-trajectory","la_T1_best12_s{S}_p5000 r8","9.56M","lean_staten","scratch","K12 155k","12","T1-from-p5000","1","trajectory_groupC","36/35/28","solved","256","0.8","5","lean_only","sample seed x1","2026-10-02","copied","nd-rl:dan:experiment-summaries/2026-10-02-rl-from-ckpt-early-start-ladders-reach-end-arm-from-step-5000/README.md"
"best-9.56M-cap12-trajectory","la_T1_best12_s{S}_p5000 r8","9.56M","lean_staten","scratch","K12 155k","12","T1-from-p5000","2","trajectory_groupC","36/35/28","solved","256","0.8","3","lean_only","sample seed x1","2026-10-02","copied","nd-rl:dan:experiment-summaries/2026-10-02-rl-from-ckpt-early-start-ladders-reach-end-arm-from-step-5000/README.md"
"best-9.56M-cap12-trajectory","la_T1_best12_s{S}_p12000 r8","9.56M","lean_staten","scratch","K12 155k","12","T1-from-p12000","0","textbook72+holdout250","322","solved_only_this_start_vs_pend(x0∪x1)","256","0.8","4","lean_only","","2026-10-02","copied","nd-rl:dan:experiment-summaries/2026-10-02-rl-from-ckpt-early-start-ladders-reach-end-arm-from-step-5000/README.md"
"best-9.56M-cap12-trajectory","la_T1_best12_s{S}_p12000 r8","9.56M","lean_staten","scratch","K12 155k","12","T1-from-p12000","1","textbook72+holdout250","322","solved_only_this_start_vs_pend(x0∪x1)","256","0.8","5","lean_only","","2026-10-02","copied","nd-rl:dan:experiment-summaries/2026-10-02-rl-from-ckpt-early-start-ladders-reach-end-arm-from-step-5000/README.md"
"best-9.56M-cap12-trajectory","la_T1_best12_s{S}_p12000 r8","9.56M","lean_staten","scratch","K12 155k","12","T1-from-p12000","2","textbook72+holdout250","322","solved_only_this_start_vs_pend(x0∪x1)","256","0.8","4","lean_only","","2026-10-02","copied","nd-rl:dan:experiment-summaries/2026-10-02-rl-from-ckpt-early-start-ladders-reach-end-arm-from-step-5000/README.md"
"best-9.56M-cap12-trajectory","la_T1_best12_s{S}_p12000 r8","9.56M","lean_staten","scratch","K12 155k","12","T1-from-p12000","0","textbook72+holdout250","322","solved_only_pend_vs_this_start(x0∪x1)","256","0.8","10","lean_only","","2026-10-02","copied","nd-rl:dan:experiment-summaries/2026-10-02-rl-from-ckpt-early-start-ladders-reach-end-arm-from-step-5000/README.md"
"best-9.56M-cap12-trajectory","la_T1_best12_s{S}_p12000 r8","9.56M","lean_staten","scratch","K12 155k","12","T1-from-p12000","1","textbook72+holdout250","322","solved_only_pend_vs_this_start(x0∪x1)","256","0.8","4","lean_only","","2026-10-02","copied","nd-rl:dan:experiment-summaries/2026-10-02-rl-from-ckpt-early-start-ladders-reach-end-arm-from-step-5000/README.md"
"best-9.56M-cap12-trajectory","la_T1_best12_s{S}_p12000 r8","9.56M","lean_staten","scratch","K12 155k","12","T1-from-p12000","2","textbook72+holdout250","322","solved_only_pend_vs_this_start(x0∪x1)","256","0.8","17","lean_only","","2026-10-02","copied","nd-rl:dan:experiment-summaries/2026-10-02-rl-from-ckpt-early-start-ladders-reach-end-arm-from-step-5000/README.md"
"best-9.56M-cap12-trajectory","la_T1_best12_s{S}_p12000 r8","9.56M","lean_staten","scratch","K12 155k","12","T1-from-p12000","0","trajectory_groupC","36/35/28","solved","256","0.8","3","lean_only","sample seed x1","2026-10-02","copied","nd-rl:dan:experiment-summaries/2026-10-02-rl-from-ckpt-early-start-ladders-reach-end-arm-from-step-5000/README.md"
"best-9.56M-cap12-trajectory","la_T1_best12_s{S}_p12000 r8","9.56M","lean_staten","scratch","K12 155k","12","T1-from-p12000","1","trajectory_groupC","36/35/28","solved","256","0.8","5","lean_only","sample seed x1","2026-10-02","copied","nd-rl:dan:experiment-summaries/2026-10-02-rl-from-ckpt-early-start-ladders-reach-end-arm-from-step-5000/README.md"
"best-9.56M-cap12-trajectory","la_T1_best12_s{S}_p12000 r8","9.56M","lean_staten","scratch","K12 155k","12","T1-from-p12000","2","trajectory_groupC","36/35/28","solved","256","0.8","4","lean_only","sample seed x1","2026-10-02","copied","nd-rl:dan:experiment-summaries/2026-10-02-rl-from-ckpt-early-start-ladders-reach-end-arm-from-step-5000/README.md"
"best-9.56M-cap12-trajectory","la_T1_best12_s{S}_p16000 r8","9.56M","lean_staten","scratch","K12 155k","12","T1-from-p16000","0","textbook72+holdout250","322","solved_only_this_start_vs_pend(x0∪x1)","256","0.8","7","lean_only","","2026-10-02","copied","nd-rl:dan:experiment-summaries/2026-10-02-rl-from-ckpt-early-start-ladders-reach-end-arm-from-step-5000/README.md"
"best-9.56M-cap12-trajectory","la_T1_best12_s{S}_p16000 r8","9.56M","lean_staten","scratch","K12 155k","12","T1-from-p16000","1","textbook72+holdout250","322","solved_only_this_start_vs_pend(x0∪x1)","256","0.8","5","lean_only","","2026-10-02","copied","nd-rl:dan:experiment-summaries/2026-10-02-rl-from-ckpt-early-start-ladders-reach-end-arm-from-step-5000/README.md"
"best-9.56M-cap12-trajectory","la_T1_best12_s{S}_p16000 r8","9.56M","lean_staten","scratch","K12 155k","12","T1-from-p16000","2","textbook72+holdout250","322","solved_only_this_start_vs_pend(x0∪x1)","256","0.8","2","lean_only","","2026-10-02","copied","nd-rl:dan:experiment-summaries/2026-10-02-rl-from-ckpt-early-start-ladders-reach-end-arm-from-step-5000/README.md"
"best-9.56M-cap12-trajectory","la_T1_best12_s{S}_p16000 r8","9.56M","lean_staten","scratch","K12 155k","12","T1-from-p16000","0","textbook72+holdout250","322","solved_only_pend_vs_this_start(x0∪x1)","256","0.8","8","lean_only","","2026-10-02","copied","nd-rl:dan:experiment-summaries/2026-10-02-rl-from-ckpt-early-start-ladders-reach-end-arm-from-step-5000/README.md"
"best-9.56M-cap12-trajectory","la_T1_best12_s{S}_p16000 r8","9.56M","lean_staten","scratch","K12 155k","12","T1-from-p16000","1","textbook72+holdout250","322","solved_only_pend_vs_this_start(x0∪x1)","256","0.8","10","lean_only","","2026-10-02","copied","nd-rl:dan:experiment-summaries/2026-10-02-rl-from-ckpt-early-start-ladders-reach-end-arm-from-step-5000/README.md"
"best-9.56M-cap12-trajectory","la_T1_best12_s{S}_p16000 r8","9.56M","lean_staten","scratch","K12 155k","12","T1-from-p16000","2","textbook72+holdout250","322","solved_only_pend_vs_this_start(x0∪x1)","256","0.8","10","lean_only","","2026-10-02","copied","nd-rl:dan:experiment-summaries/2026-10-02-rl-from-ckpt-early-start-ladders-reach-end-arm-from-step-5000/README.md"
"best-9.56M-cap12-trajectory","la_T1_best12_s{S}_p16000 r8","9.56M","lean_staten","scratch","K12 155k","12","T1-from-p16000","0","trajectory_groupC","36/35/28","solved","256","0.8","6","lean_only","sample seed x1","2026-10-02","copied","nd-rl:dan:experiment-summaries/2026-10-02-rl-from-ckpt-early-start-ladders-reach-end-arm-from-step-5000/README.md"
"best-9.56M-cap12-trajectory","la_T1_best12_s{S}_p16000 r8","9.56M","lean_staten","scratch","K12 155k","12","T1-from-p16000","1","trajectory_groupC","36/35/28","solved","256","0.8","6","lean_only","sample seed x1","2026-10-02","copied","nd-rl:dan:experiment-summaries/2026-10-02-rl-from-ckpt-early-start-ladders-reach-end-arm-from-step-5000/README.md"
"best-9.56M-cap12-trajectory","la_T1_best12_s{S}_p16000 r8","9.56M","lean_staten","scratch","K12 155k","12","T1-from-p16000","2","trajectory_groupC","36/35/28","solved","256","0.8","2","lean_only","sample seed x1","2026-10-02","copied","nd-rl:dan:experiment-summaries/2026-10-02-rl-from-ckpt-early-start-ladders-reach-end-arm-from-step-5000/README.md"
"best-9.56M-cap12-trajectory","la_T1_best12_s{S}_pend r8","9.56M","lean_staten","scratch","K12 155k","12","T1-from-pend","0","trajectory_groupC","36/35/28","solved","256","0.8","3","lean_only","sample seed x1","2026-10-02","copied","nd-rl:dan:experiment-summaries/2026-10-02-rl-from-ckpt-early-start-ladders-reach-end-arm-from-step-5000/README.md"
"best-9.56M-cap12-trajectory","la_T1_best12_s{S}_pend r8","9.56M","lean_staten","scratch","K12 155k","12","T1-from-pend","1","trajectory_groupC","36/35/28","solved","256","0.8","1","lean_only","sample seed x1","2026-10-02","copied","nd-rl:dan:experiment-summaries/2026-10-02-rl-from-ckpt-early-start-ladders-reach-end-arm-from-step-5000/README.md"
"best-9.56M-cap12-trajectory","la_T1_best12_s{S}_pend r8","9.56M","lean_staten","scratch","K12 155k","12","T1-from-pend","2","trajectory_groupC","36/35/28","solved","256","0.8","1","lean_only","sample seed x1","2026-10-02","copied","nd-rl:dan:experiment-summaries/2026-10-02-rl-from-ckpt-early-start-ladders-reach-end-arm-from-step-5000/README.md"
"best-9.56M-cap12-trajectory","la_T1_best12_s{S}_p0","9.56M","lean_staten","scratch","K12 155k","12","T1-from-p0","0","rl_targets(rounds1-2)","287680","accepted_samples","32","0.8","0","lean_only","","2026-10-02","copied","nd-rl:dan:experiment-summaries/2026-10-02-rl-from-ckpt-early-start-ladders-reach-end-arm-from-step-5000/README.md"
"best-9.56M-cap12-trajectory","la_T1_best12_s{S}_p0","9.56M","lean_staten","scratch","K12 155k","12","T1-from-p0","1","rl_targets(rounds1-2)","287680","accepted_samples","32","0.8","0","lean_only","","2026-10-02","copied","nd-rl:dan:experiment-summaries/2026-10-02-rl-from-ckpt-early-start-ladders-reach-end-arm-from-step-5000/README.md"
"best-9.56M-cap12-trajectory","la_T1_best12_s{S}_p0","9.56M","lean_staten","scratch","K12 155k","12","T1-from-p0","2","rl_targets(rounds1-2)","287680","accepted_samples","32","0.8","0","lean_only","","2026-10-02","copied","nd-rl:dan:experiment-summaries/2026-10-02-rl-from-ckpt-early-start-ladders-reach-end-arm-from-step-5000/README.md"
"ours-3.2M-SN-v2-cap6","SN base s0 scoring SN EI s0 proofs","3.2M","lean_staten","scratch","cap-6 control 155k","6","frozen(scorer)","0","S(7 new theorems, 91 proofs)","","median_worst_step_nats","","0.8","-14.71","lean_only","","2026-09-30","copied","nd-rl:dan:experiment-summaries/2026-09-30-lit-measures-one-bad-step-and-rerun-noise/README.md"
"ours-3.2M-SN-v2-cap6","SN base s0 scoring SN EI s0 proofs","3.2M","lean_staten","scratch","cap-6 control 155k","6","frozen(scorer)","0","C1(35 length-matched controls)","","median_worst_step_nats","","0.8","-1.56","lean_only","","2026-09-30","copied","nd-rl:dan:experiment-summaries/2026-09-30-lit-measures-one-bad-step-and-rerun-noise/README.md"
"ours-3.2M-SN-v2-cap6","SN base s0 scoring SN EI s0 proofs","3.2M","lean_staten","scratch","cap-6 control 155k","6","frozen(scorer)","0","C1x(35 forward-crux, post hoc)","","median_worst_step_nats","","0.8","-10.59","lean_only","","2026-09-30","copied","nd-rl:dan:experiment-summaries/2026-09-30-lit-measures-one-bad-step-and-rerun-noise/README.md"
