family,model_label,params,format,init,train_set,cap,stage,seed,pool,n_pool,metric,k,temperature,value,checker,judge,date,provenance,source_file
robbie-factorial:abs-best-ei,"factorial abs-best-ei (pre=186 recipe, rl=harness EI 4x1500x32)",9.56M,token,scratch,cap-6 train.jsonl 155k,6,rl-harness-EI,0,dev1108,1108,dev_metric,64,0.8,493,nd_verify,,2026-09-29,copied,nd-rl:robbie-experiments:experiment-summaries/2026-09-28-combined-model/charts/runs.csv
robbie-factorial:abs-best-ei,"factorial abs-best-ei (pre=186 recipe, rl=harness EI 4x1500x32)",9.56M,token,scratch,cap-6 train.jsonl 155k,6,rl-harness-EI,0,textbook72,72,solved,256,0.8,19,nd_verify,,2026-09-29,recomputed,nd-rl:robbie-experiments:experiment-summaries/2026-09-28-combined-model/charts/passk.csv
robbie-factorial:abs-best-ei,"factorial abs-best-ei (pre=186 recipe, rl=harness EI 4x1500x32)",9.56M,token,scratch,cap-6 train.jsonl 155k,6,rl-harness-EI,0,textbook72,72,pass_at_k_frac,1,0.8,0.1447,nd_verify,,2026-09-29,recomputed,nd-rl:robbie-experiments:experiment-summaries/2026-09-28-combined-model/charts/passk.csv
robbie-factorial:abs-best-ei,"factorial abs-best-ei (pre=186 recipe, rl=harness EI 4x1500x32)",9.56M,token,scratch,cap-6 train.jsonl 155k,6,rl-harness-EI,0,textbook72,72,pass_at_k_frac,8,0.8,0.2053,nd_verify,,2026-09-29,recomputed,nd-rl:robbie-experiments:experiment-summaries/2026-09-28-combined-model/charts/passk.csv
robbie-factorial:abs-best-ei,"factorial abs-best-ei (pre=186 recipe, rl=harness EI 4x1500x32)",9.56M,token,scratch,cap-6 train.jsonl 155k,6,rl-harness-EI,0,textbook72,72,pass_at_k_frac,64,0.8,0.2268,nd_verify,,2026-09-29,recomputed,nd-rl:robbie-experiments:experiment-summaries/2026-09-28-combined-model/charts/passk.csv
robbie-factorial:abs-best-ei,"factorial abs-best-ei (pre=186 recipe, rl=harness EI 4x1500x32)",9.56M,token,scratch,cap-6 train.jsonl 155k,6,rl-harness-EI,0,textbook72,72,pass_at_k_frac,256,0.8,0.2639,nd_verify,,2026-09-29,recomputed,nd-rl:robbie-experiments:experiment-summaries/2026-09-28-combined-model/charts/passk.csv
robbie-factorial:abs-best-ei,"factorial abs-best-ei (pre=186 recipe, rl=harness EI 4x1500x32)",9.56M,token,scratch,cap-6 train.jsonl 155k,6,rl-harness-EI,0,holdout250,250,solved,256,0.8,126,nd_verify,,2026-09-29,recomputed,nd-rl:robbie-experiments:experiment-summaries/2026-09-28-combined-model/charts/passk.csv
robbie-factorial:abs-best-ei,"factorial abs-best-ei (pre=186 recipe, rl=harness EI 4x1500x32)",9.56M,token,scratch,cap-6 train.jsonl 155k,6,rl-harness-EI,0,holdout250,250,pass_at_k_frac,1,0.8,0.2935,nd_verify,,2026-09-29,recomputed,nd-rl:robbie-experiments:experiment-summaries/2026-09-28-combined-model/charts/passk.csv
robbie-factorial:abs-best-ei,"factorial abs-best-ei (pre=186 recipe, rl=harness EI 4x1500x32)",9.56M,token,scratch,cap-6 train.jsonl 155k,6,rl-harness-EI,0,holdout250,250,pass_at_k_frac,8,0.8,0.4171,nd_verify,,2026-09-29,recomputed,nd-rl:robbie-experiments:experiment-summaries/2026-09-28-combined-model/charts/passk.csv
robbie-factorial:abs-best-ei,"factorial abs-best-ei (pre=186 recipe, rl=harness EI 4x1500x32)",9.56M,token,scratch,cap-6 train.jsonl 155k,6,rl-harness-EI,0,holdout250,250,pass_at_k_frac,64,0.8,0.4698,nd_verify,,2026-09-29,recomputed,nd-rl:robbie-experiments:experiment-summaries/2026-09-28-combined-model/charts/passk.csv
robbie-factorial:abs-best-ei,"factorial abs-best-ei (pre=186 recipe, rl=harness EI 4x1500x32)",9.56M,token,scratch,cap-6 train.jsonl 155k,6,rl-harness-EI,0,holdout250,250,pass_at_k_frac,256,0.8,0.5040,nd_verify,,2026-09-29,recomputed,nd-rl:robbie-experiments:experiment-summaries/2026-09-28-combined-model/charts/passk.csv
robbie-factorial:abs-best-ei,"factorial abs-best-ei (pre=186 recipe, rl=harness EI 4x1500x32)",9.56M,token,scratch,cap-6 train.jsonl 155k,6,rl-harness-EI,1,dev1108,1108,dev_metric,64,0.8,436,nd_verify,,2026-09-29,copied,nd-rl:robbie-experiments:experiment-summaries/2026-09-28-combined-model/charts/runs.csv
robbie-factorial:abs-best-ei,"factorial abs-best-ei (pre=186 recipe, rl=harness EI 4x1500x32)",9.56M,token,scratch,cap-6 train.jsonl 155k,6,rl-harness-EI,1,textbook72,72,solved,256,0.8,17,nd_verify,,2026-09-29,recomputed,nd-rl:robbie-experiments:experiment-summaries/2026-09-28-combined-model/charts/passk.csv
robbie-factorial:abs-best-ei,"factorial abs-best-ei (pre=186 recipe, rl=harness EI 4x1500x32)",9.56M,token,scratch,cap-6 train.jsonl 155k,6,rl-harness-EI,1,textbook72,72,pass_at_k_frac,1,0.8,0.1695,nd_verify,,2026-09-29,recomputed,nd-rl:robbie-experiments:experiment-summaries/2026-09-28-combined-model/charts/passk.csv
robbie-factorial:abs-best-ei,"factorial abs-best-ei (pre=186 recipe, rl=harness EI 4x1500x32)",9.56M,token,scratch,cap-6 train.jsonl 155k,6,rl-harness-EI,1,textbook72,72,pass_at_k_frac,8,0.8,0.1992,nd_verify,,2026-09-29,recomputed,nd-rl:robbie-experiments:experiment-summaries/2026-09-28-combined-model/charts/passk.csv
robbie-factorial:abs-best-ei,"factorial abs-best-ei (pre=186 recipe, rl=harness EI 4x1500x32)",9.56M,token,scratch,cap-6 train.jsonl 155k,6,rl-harness-EI,1,textbook72,72,pass_at_k_frac,64,0.8,0.2278,nd_verify,,2026-09-29,recomputed,nd-rl:robbie-experiments:experiment-summaries/2026-09-28-combined-model/charts/passk.csv
robbie-factorial:abs-best-ei,"factorial abs-best-ei (pre=186 recipe, rl=harness EI 4x1500x32)",9.56M,token,scratch,cap-6 train.jsonl 155k,6,rl-harness-EI,1,textbook72,72,pass_at_k_frac,256,0.8,0.2361,nd_verify,,2026-09-29,recomputed,nd-rl:robbie-experiments:experiment-summaries/2026-09-28-combined-model/charts/passk.csv
robbie-factorial:abs-best-ei,"factorial abs-best-ei (pre=186 recipe, rl=harness EI 4x1500x32)",9.56M,token,scratch,cap-6 train.jsonl 155k,6,rl-harness-EI,1,holdout250,250,solved,256,0.8,121,nd_verify,,2026-09-29,recomputed,nd-rl:robbie-experiments:experiment-summaries/2026-09-28-combined-model/charts/passk.csv
robbie-factorial:abs-best-ei,"factorial abs-best-ei (pre=186 recipe, rl=harness EI 4x1500x32)",9.56M,token,scratch,cap-6 train.jsonl 155k,6,rl-harness-EI,1,holdout250,250,pass_at_k_frac,1,0.8,0.2534,nd_verify,,2026-09-29,recomputed,nd-rl:robbie-experiments:experiment-summaries/2026-09-28-combined-model/charts/passk.csv
robbie-factorial:abs-best-ei,"factorial abs-best-ei (pre=186 recipe, rl=harness EI 4x1500x32)",9.56M,token,scratch,cap-6 train.jsonl 155k,6,rl-harness-EI,1,holdout250,250,pass_at_k_frac,8,0.8,0.3763,nd_verify,,2026-09-29,recomputed,nd-rl:robbie-experiments:experiment-summaries/2026-09-28-combined-model/charts/passk.csv
robbie-factorial:abs-best-ei,"factorial abs-best-ei (pre=186 recipe, rl=harness EI 4x1500x32)",9.56M,token,scratch,cap-6 train.jsonl 155k,6,rl-harness-EI,1,holdout250,250,pass_at_k_frac,64,0.8,0.4523,nd_verify,,2026-09-29,recomputed,nd-rl:robbie-experiments:experiment-summaries/2026-09-28-combined-model/charts/passk.csv
robbie-factorial:abs-best-ei,"factorial abs-best-ei (pre=186 recipe, rl=harness EI 4x1500x32)",9.56M,token,scratch,cap-6 train.jsonl 155k,6,rl-harness-EI,1,holdout250,250,pass_at_k_frac,256,0.8,0.4840,nd_verify,,2026-09-29,recomputed,nd-rl:robbie-experiments:experiment-summaries/2026-09-28-combined-model/charts/passk.csv
robbie-factorial:abs-best-ei,"factorial abs-best-ei (pre=186 recipe, rl=harness EI 4x1500x32)",9.56M,token,scratch,cap-6 train.jsonl 155k,6,rl-harness-EI,2,dev1108,1108,dev_metric,64,0.8,441,nd_verify,,2026-09-29,copied,nd-rl:robbie-experiments:experiment-summaries/2026-09-28-combined-model/charts/runs.csv
robbie-factorial:abs-best-ei,"factorial abs-best-ei (pre=186 recipe, rl=harness EI 4x1500x32)",9.56M,token,scratch,cap-6 train.jsonl 155k,6,rl-harness-EI,2,textbook72,72,solved,256,0.8,15,nd_verify,,2026-09-29,recomputed,nd-rl:robbie-experiments:experiment-summaries/2026-09-28-combined-model/charts/passk.csv
robbie-factorial:abs-best-ei,"factorial abs-best-ei (pre=186 recipe, rl=harness EI 4x1500x32)",9.56M,token,scratch,cap-6 train.jsonl 155k,6,rl-harness-EI,2,textbook72,72,pass_at_k_frac,1,0.8,0.1335,nd_verify,,2026-09-29,recomputed,nd-rl:robbie-experiments:experiment-summaries/2026-09-28-combined-model/charts/passk.csv
robbie-factorial:abs-best-ei,"factorial abs-best-ei (pre=186 recipe, rl=harness EI 4x1500x32)",9.56M,token,scratch,cap-6 train.jsonl 155k,6,rl-harness-EI,2,textbook72,72,pass_at_k_frac,8,0.8,0.1820,nd_verify,,2026-09-29,recomputed,nd-rl:robbie-experiments:experiment-summaries/2026-09-28-combined-model/charts/passk.csv
robbie-factorial:abs-best-ei,"factorial abs-best-ei (pre=186 recipe, rl=harness EI 4x1500x32)",9.56M,token,scratch,cap-6 train.jsonl 155k,6,rl-harness-EI,2,textbook72,72,pass_at_k_frac,64,0.8,0.2005,nd_verify,,2026-09-29,recomputed,nd-rl:robbie-experiments:experiment-summaries/2026-09-28-combined-model/charts/passk.csv
robbie-factorial:abs-best-ei,"factorial abs-best-ei (pre=186 recipe, rl=harness EI 4x1500x32)",9.56M,token,scratch,cap-6 train.jsonl 155k,6,rl-harness-EI,2,textbook72,72,pass_at_k_frac,256,0.8,0.2083,nd_verify,,2026-09-29,recomputed,nd-rl:robbie-experiments:experiment-summaries/2026-09-28-combined-model/charts/passk.csv
robbie-factorial:abs-best-ei,"factorial abs-best-ei (pre=186 recipe, rl=harness EI 4x1500x32)",9.56M,token,scratch,cap-6 train.jsonl 155k,6,rl-harness-EI,2,holdout250,250,solved,256,0.8,115,nd_verify,,2026-09-29,recomputed,nd-rl:robbie-experiments:experiment-summaries/2026-09-28-combined-model/charts/passk.csv
robbie-factorial:abs-best-ei,"factorial abs-best-ei (pre=186 recipe, rl=harness EI 4x1500x32)",9.56M,token,scratch,cap-6 train.jsonl 155k,6,rl-harness-EI,2,holdout250,250,pass_at_k_frac,1,0.8,0.2416,nd_verify,,2026-09-29,recomputed,nd-rl:robbie-experiments:experiment-summaries/2026-09-28-combined-model/charts/passk.csv
robbie-factorial:abs-best-ei,"factorial abs-best-ei (pre=186 recipe, rl=harness EI 4x1500x32)",9.56M,token,scratch,cap-6 train.jsonl 155k,6,rl-harness-EI,2,holdout250,250,pass_at_k_frac,8,0.8,0.3861,nd_verify,,2026-09-29,recomputed,nd-rl:robbie-experiments:experiment-summaries/2026-09-28-combined-model/charts/passk.csv
robbie-factorial:abs-best-ei,"factorial abs-best-ei (pre=186 recipe, rl=harness EI 4x1500x32)",9.56M,token,scratch,cap-6 train.jsonl 155k,6,rl-harness-EI,2,holdout250,250,pass_at_k_frac,64,0.8,0.4364,nd_verify,,2026-09-29,recomputed,nd-rl:robbie-experiments:experiment-summaries/2026-09-28-combined-model/charts/passk.csv
robbie-factorial:abs-best-ei,"factorial abs-best-ei (pre=186 recipe, rl=harness EI 4x1500x32)",9.56M,token,scratch,cap-6 train.jsonl 155k,6,rl-harness-EI,2,holdout250,250,pass_at_k_frac,256,0.8,0.4600,nd_verify,,2026-09-29,recomputed,nd-rl:robbie-experiments:experiment-summaries/2026-09-28-combined-model/charts/passk.csv
robbie-factorial:abs-best-leon,"factorial abs-best-leon (pre=186 recipe, rl=c005 Leon EI+guided)",9.56M,token,scratch,cap-6 train.jsonl 155k,6,rl-leon-c005,0,dev1108,1108,dev_metric,64,0.8,815,nd_verify,,2026-09-29,copied,nd-rl:robbie-experiments:experiment-summaries/2026-09-28-combined-model/charts/runs.csv
robbie-factorial:abs-best-leon,"factorial abs-best-leon (pre=186 recipe, rl=c005 Leon EI+guided)",9.56M,token,scratch,cap-6 train.jsonl 155k,6,rl-leon-c005,0,textbook72,72,solved,256,0.8,27,nd_verify,,2026-09-29,recomputed,nd-rl:robbie-experiments:experiment-summaries/2026-09-28-combined-model/charts/passk.csv
robbie-factorial:abs-best-leon,"factorial abs-best-leon (pre=186 recipe, rl=c005 Leon EI+guided)",9.56M,token,scratch,cap-6 train.jsonl 155k,6,rl-leon-c005,0,textbook72,72,pass_at_k_frac,1,0.8,0.1698,nd_verify,,2026-09-29,recomputed,nd-rl:robbie-experiments:experiment-summaries/2026-09-28-combined-model/charts/passk.csv
robbie-factorial:abs-best-leon,"factorial abs-best-leon (pre=186 recipe, rl=c005 Leon EI+guided)",9.56M,token,scratch,cap-6 train.jsonl 155k,6,rl-leon-c005,0,textbook72,72,pass_at_k_frac,8,0.8,0.2614,nd_verify,,2026-09-29,recomputed,nd-rl:robbie-experiments:experiment-summaries/2026-09-28-combined-model/charts/passk.csv
robbie-factorial:abs-best-leon,"factorial abs-best-leon (pre=186 recipe, rl=c005 Leon EI+guided)",9.56M,token,scratch,cap-6 train.jsonl 155k,6,rl-leon-c005,0,textbook72,72,pass_at_k_frac,64,0.8,0.3387,nd_verify,,2026-09-29,recomputed,nd-rl:robbie-experiments:experiment-summaries/2026-09-28-combined-model/charts/passk.csv
robbie-factorial:abs-best-leon,"factorial abs-best-leon (pre=186 recipe, rl=c005 Leon EI+guided)",9.56M,token,scratch,cap-6 train.jsonl 155k,6,rl-leon-c005,0,textbook72,72,pass_at_k_frac,256,0.8,0.3750,nd_verify,,2026-09-29,recomputed,nd-rl:robbie-experiments:experiment-summaries/2026-09-28-combined-model/charts/passk.csv
robbie-factorial:abs-best-leon,"factorial abs-best-leon (pre=186 recipe, rl=c005 Leon EI+guided)",9.56M,token,scratch,cap-6 train.jsonl 155k,6,rl-leon-c005,0,holdout250,250,solved,256,0.8,182,nd_verify,,2026-09-29,recomputed,nd-rl:robbie-experiments:experiment-summaries/2026-09-28-combined-model/charts/passk.csv
robbie-factorial:abs-best-leon,"factorial abs-best-leon (pre=186 recipe, rl=c005 Leon EI+guided)",9.56M,token,scratch,cap-6 train.jsonl 155k,6,rl-leon-c005,0,holdout250,250,pass_at_k_frac,1,0.8,0.3018,nd_verify,,2026-09-29,recomputed,nd-rl:robbie-experiments:experiment-summaries/2026-09-28-combined-model/charts/passk.csv
robbie-factorial:abs-best-leon,"factorial abs-best-leon (pre=186 recipe, rl=c005 Leon EI+guided)",9.56M,token,scratch,cap-6 train.jsonl 155k,6,rl-leon-c005,0,holdout250,250,pass_at_k_frac,8,0.8,0.6075,nd_verify,,2026-09-29,recomputed,nd-rl:robbie-experiments:experiment-summaries/2026-09-28-combined-model/charts/passk.csv
robbie-factorial:abs-best-leon,"factorial abs-best-leon (pre=186 recipe, rl=c005 Leon EI+guided)",9.56M,token,scratch,cap-6 train.jsonl 155k,6,rl-leon-c005,0,holdout250,250,pass_at_k_frac,64,0.8,0.6995,nd_verify,,2026-09-29,recomputed,nd-rl:robbie-experiments:experiment-summaries/2026-09-28-combined-model/charts/passk.csv
robbie-factorial:abs-best-leon,"factorial abs-best-leon (pre=186 recipe, rl=c005 Leon EI+guided)",9.56M,token,scratch,cap-6 train.jsonl 155k,6,rl-leon-c005,0,holdout250,250,pass_at_k_frac,256,0.8,0.7280,nd_verify,,2026-09-29,recomputed,nd-rl:robbie-experiments:experiment-summaries/2026-09-28-combined-model/charts/passk.csv
robbie-factorial:abs-best-leon,"factorial abs-best-leon (pre=186 recipe, rl=c005 Leon EI+guided)",9.56M,token,scratch,cap-6 train.jsonl 155k,6,rl-leon-c005,1,dev1108,1108,dev_metric,64,0.8,777,nd_verify,,2026-09-29,copied,nd-rl:robbie-experiments:experiment-summaries/2026-09-28-combined-model/charts/runs.csv
robbie-factorial:abs-best-leon,"factorial abs-best-leon (pre=186 recipe, rl=c005 Leon EI+guided)",9.56M,token,scratch,cap-6 train.jsonl 155k,6,rl-leon-c005,1,textbook72,72,solved,256,0.8,23,nd_verify,,2026-09-29,recomputed,nd-rl:robbie-experiments:experiment-summaries/2026-09-28-combined-model/charts/passk.csv
robbie-factorial:abs-best-leon,"factorial abs-best-leon (pre=186 recipe, rl=c005 Leon EI+guided)",9.56M,token,scratch,cap-6 train.jsonl 155k,6,rl-leon-c005,1,textbook72,72,pass_at_k_frac,1,0.8,0.1636,nd_verify,,2026-09-29,recomputed,nd-rl:robbie-experiments:experiment-summaries/2026-09-28-combined-model/charts/passk.csv
robbie-factorial:abs-best-leon,"factorial abs-best-leon (pre=186 recipe, rl=c005 Leon EI+guided)",9.56M,token,scratch,cap-6 train.jsonl 155k,6,rl-leon-c005,1,textbook72,72,pass_at_k_frac,8,0.8,0.2488,nd_verify,,2026-09-29,recomputed,nd-rl:robbie-experiments:experiment-summaries/2026-09-28-combined-model/charts/passk.csv
robbie-factorial:abs-best-leon,"factorial abs-best-leon (pre=186 recipe, rl=c005 Leon EI+guided)",9.56M,token,scratch,cap-6 train.jsonl 155k,6,rl-leon-c005,1,textbook72,72,pass_at_k_frac,64,0.8,0.2980,nd_verify,,2026-09-29,recomputed,nd-rl:robbie-experiments:experiment-summaries/2026-09-28-combined-model/charts/passk.csv
robbie-factorial:abs-best-leon,"factorial abs-best-leon (pre=186 recipe, rl=c005 Leon EI+guided)",9.56M,token,scratch,cap-6 train.jsonl 155k,6,rl-leon-c005,1,textbook72,72,pass_at_k_frac,256,0.8,0.3194,nd_verify,,2026-09-29,recomputed,nd-rl:robbie-experiments:experiment-summaries/2026-09-28-combined-model/charts/passk.csv
robbie-factorial:abs-best-leon,"factorial abs-best-leon (pre=186 recipe, rl=c005 Leon EI+guided)",9.56M,token,scratch,cap-6 train.jsonl 155k,6,rl-leon-c005,1,holdout250,250,solved,256,0.8,178,nd_verify,,2026-09-29,recomputed,nd-rl:robbie-experiments:experiment-summaries/2026-09-28-combined-model/charts/passk.csv
robbie-factorial:abs-best-leon,"factorial abs-best-leon (pre=186 recipe, rl=c005 Leon EI+guided)",9.56M,token,scratch,cap-6 train.jsonl 155k,6,rl-leon-c005,1,holdout250,250,pass_at_k_frac,1,0.8,0.2762,nd_verify,,2026-09-29,recomputed,nd-rl:robbie-experiments:experiment-summaries/2026-09-28-combined-model/charts/passk.csv
robbie-factorial:abs-best-leon,"factorial abs-best-leon (pre=186 recipe, rl=c005 Leon EI+guided)",9.56M,token,scratch,cap-6 train.jsonl 155k,6,rl-leon-c005,1,holdout250,250,pass_at_k_frac,8,0.8,0.5861,nd_verify,,2026-09-29,recomputed,nd-rl:robbie-experiments:experiment-summaries/2026-09-28-combined-model/charts/passk.csv
robbie-factorial:abs-best-leon,"factorial abs-best-leon (pre=186 recipe, rl=c005 Leon EI+guided)",9.56M,token,scratch,cap-6 train.jsonl 155k,6,rl-leon-c005,1,holdout250,250,pass_at_k_frac,64,0.8,0.6859,nd_verify,,2026-09-29,recomputed,nd-rl:robbie-experiments:experiment-summaries/2026-09-28-combined-model/charts/passk.csv
robbie-factorial:abs-best-leon,"factorial abs-best-leon (pre=186 recipe, rl=c005 Leon EI+guided)",9.56M,token,scratch,cap-6 train.jsonl 155k,6,rl-leon-c005,1,holdout250,250,pass_at_k_frac,256,0.8,0.7120,nd_verify,,2026-09-29,recomputed,nd-rl:robbie-experiments:experiment-summaries/2026-09-28-combined-model/charts/passk.csv
robbie-factorial:abs-best-leon,"factorial abs-best-leon (pre=186 recipe, rl=c005 Leon EI+guided)",9.56M,token,scratch,cap-6 train.jsonl 155k,6,rl-leon-c005,2,dev1108,1108,dev_metric,64,0.8,755,nd_verify,,2026-09-29,copied,nd-rl:robbie-experiments:experiment-summaries/2026-09-28-combined-model/charts/runs.csv
robbie-factorial:abs-best-leon,"factorial abs-best-leon (pre=186 recipe, rl=c005 Leon EI+guided)",9.56M,token,scratch,cap-6 train.jsonl 155k,6,rl-leon-c005,2,textbook72,72,solved,256,0.8,25,nd_verify,,2026-09-29,recomputed,nd-rl:robbie-experiments:experiment-summaries/2026-09-28-combined-model/charts/passk.csv
robbie-factorial:abs-best-leon,"factorial abs-best-leon (pre=186 recipe, rl=c005 Leon EI+guided)",9.56M,token,scratch,cap-6 train.jsonl 155k,6,rl-leon-c005,2,textbook72,72,pass_at_k_frac,1,0.8,0.1821,nd_verify,,2026-09-29,recomputed,nd-rl:robbie-experiments:experiment-summaries/2026-09-28-combined-model/charts/passk.csv
robbie-factorial:abs-best-leon,"factorial abs-best-leon (pre=186 recipe, rl=c005 Leon EI+guided)",9.56M,token,scratch,cap-6 train.jsonl 155k,6,rl-leon-c005,2,textbook72,72,pass_at_k_frac,8,0.8,0.2780,nd_verify,,2026-09-29,recomputed,nd-rl:robbie-experiments:experiment-summaries/2026-09-28-combined-model/charts/passk.csv
robbie-factorial:abs-best-leon,"factorial abs-best-leon (pre=186 recipe, rl=c005 Leon EI+guided)",9.56M,token,scratch,cap-6 train.jsonl 155k,6,rl-leon-c005,2,textbook72,72,pass_at_k_frac,64,0.8,0.3284,nd_verify,,2026-09-29,recomputed,nd-rl:robbie-experiments:experiment-summaries/2026-09-28-combined-model/charts/passk.csv
robbie-factorial:abs-best-leon,"factorial abs-best-leon (pre=186 recipe, rl=c005 Leon EI+guided)",9.56M,token,scratch,cap-6 train.jsonl 155k,6,rl-leon-c005,2,textbook72,72,pass_at_k_frac,256,0.8,0.3472,nd_verify,,2026-09-29,recomputed,nd-rl:robbie-experiments:experiment-summaries/2026-09-28-combined-model/charts/passk.csv
robbie-factorial:abs-best-leon,"factorial abs-best-leon (pre=186 recipe, rl=c005 Leon EI+guided)",9.56M,token,scratch,cap-6 train.jsonl 155k,6,rl-leon-c005,2,holdout250,250,solved,256,0.8,172,nd_verify,,2026-09-29,recomputed,nd-rl:robbie-experiments:experiment-summaries/2026-09-28-combined-model/charts/passk.csv
robbie-factorial:abs-best-leon,"factorial abs-best-leon (pre=186 recipe, rl=c005 Leon EI+guided)",9.56M,token,scratch,cap-6 train.jsonl 155k,6,rl-leon-c005,2,holdout250,250,pass_at_k_frac,1,0.8,0.2659,nd_verify,,2026-09-29,recomputed,nd-rl:robbie-experiments:experiment-summaries/2026-09-28-combined-model/charts/passk.csv
robbie-factorial:abs-best-leon,"factorial abs-best-leon (pre=186 recipe, rl=c005 Leon EI+guided)",9.56M,token,scratch,cap-6 train.jsonl 155k,6,rl-leon-c005,2,holdout250,250,pass_at_k_frac,8,0.8,0.5665,nd_verify,,2026-09-29,recomputed,nd-rl:robbie-experiments:experiment-summaries/2026-09-28-combined-model/charts/passk.csv
robbie-factorial:abs-best-leon,"factorial abs-best-leon (pre=186 recipe, rl=c005 Leon EI+guided)",9.56M,token,scratch,cap-6 train.jsonl 155k,6,rl-leon-c005,2,holdout250,250,pass_at_k_frac,64,0.8,0.6641,nd_verify,,2026-09-29,recomputed,nd-rl:robbie-experiments:experiment-summaries/2026-09-28-combined-model/charts/passk.csv
robbie-factorial:abs-best-leon,"factorial abs-best-leon (pre=186 recipe, rl=c005 Leon EI+guided)",9.56M,token,scratch,cap-6 train.jsonl 155k,6,rl-leon-c005,2,holdout250,250,pass_at_k_frac,256,0.8,0.6880,nd_verify,,2026-09-29,recomputed,nd-rl:robbie-experiments:experiment-summaries/2026-09-28-combined-model/charts/passk.csv
robbie-factorial:abs-naive-ei,"factorial abs-naive-ei (pre=012 baseline, rl=harness EI 4x1500x32)",,token,scratch,cap-6 train.jsonl 155k,6,rl-harness-EI,0,dev1108,1108,dev_metric,64,0.8,131,nd_verify,,2026-09-29,copied,nd-rl:robbie-experiments:experiment-summaries/2026-09-28-combined-model/charts/runs.csv
robbie-factorial:abs-naive-ei,"factorial abs-naive-ei (pre=012 baseline, rl=harness EI 4x1500x32)",,token,scratch,cap-6 train.jsonl 155k,6,rl-harness-EI,0,textbook72,72,solved,256,0.8,7,nd_verify,,2026-09-29,recomputed,nd-rl:robbie-experiments:experiment-summaries/2026-09-28-combined-model/charts/passk.csv
robbie-factorial:abs-naive-ei,"factorial abs-naive-ei (pre=012 baseline, rl=harness EI 4x1500x32)",,token,scratch,cap-6 train.jsonl 155k,6,rl-harness-EI,0,textbook72,72,pass_at_k_frac,1,0.8,0.0704,nd_verify,,2026-09-29,recomputed,nd-rl:robbie-experiments:experiment-summaries/2026-09-28-combined-model/charts/passk.csv
robbie-factorial:abs-naive-ei,"factorial abs-naive-ei (pre=012 baseline, rl=harness EI 4x1500x32)",,token,scratch,cap-6 train.jsonl 155k,6,rl-harness-EI,0,textbook72,72,pass_at_k_frac,8,0.8,0.0845,nd_verify,,2026-09-29,recomputed,nd-rl:robbie-experiments:experiment-summaries/2026-09-28-combined-model/charts/passk.csv
robbie-factorial:abs-naive-ei,"factorial abs-naive-ei (pre=012 baseline, rl=harness EI 4x1500x32)",,token,scratch,cap-6 train.jsonl 155k,6,rl-harness-EI,0,textbook72,72,pass_at_k_frac,64,0.8,0.0914,nd_verify,,2026-09-29,recomputed,nd-rl:robbie-experiments:experiment-summaries/2026-09-28-combined-model/charts/passk.csv
robbie-factorial:abs-naive-ei,"factorial abs-naive-ei (pre=012 baseline, rl=harness EI 4x1500x32)",,token,scratch,cap-6 train.jsonl 155k,6,rl-harness-EI,0,textbook72,72,pass_at_k_frac,256,0.8,0.0972,nd_verify,,2026-09-29,recomputed,nd-rl:robbie-experiments:experiment-summaries/2026-09-28-combined-model/charts/passk.csv
robbie-factorial:abs-naive-ei,"factorial abs-naive-ei (pre=012 baseline, rl=harness EI 4x1500x32)",,token,scratch,cap-6 train.jsonl 155k,6,rl-harness-EI,0,holdout250,250,solved,256,0.8,29,nd_verify,,2026-09-29,recomputed,nd-rl:robbie-experiments:experiment-summaries/2026-09-28-combined-model/charts/passk.csv
robbie-factorial:abs-naive-ei,"factorial abs-naive-ei (pre=012 baseline, rl=harness EI 4x1500x32)",,token,scratch,cap-6 train.jsonl 155k,6,rl-harness-EI,0,holdout250,250,pass_at_k_frac,1,0.8,0.0733,nd_verify,,2026-09-29,recomputed,nd-rl:robbie-experiments:experiment-summaries/2026-09-28-combined-model/charts/passk.csv
robbie-factorial:abs-naive-ei,"factorial abs-naive-ei (pre=012 baseline, rl=harness EI 4x1500x32)",,token,scratch,cap-6 train.jsonl 155k,6,rl-harness-EI,0,holdout250,250,pass_at_k_frac,8,0.8,0.1020,nd_verify,,2026-09-29,recomputed,nd-rl:robbie-experiments:experiment-summaries/2026-09-28-combined-model/charts/passk.csv
robbie-factorial:abs-naive-ei,"factorial abs-naive-ei (pre=012 baseline, rl=harness EI 4x1500x32)",,token,scratch,cap-6 train.jsonl 155k,6,rl-harness-EI,0,holdout250,250,pass_at_k_frac,64,0.8,0.1129,nd_verify,,2026-09-29,recomputed,nd-rl:robbie-experiments:experiment-summaries/2026-09-28-combined-model/charts/passk.csv
robbie-factorial:abs-naive-ei,"factorial abs-naive-ei (pre=012 baseline, rl=harness EI 4x1500x32)",,token,scratch,cap-6 train.jsonl 155k,6,rl-harness-EI,0,holdout250,250,pass_at_k_frac,256,0.8,0.1160,nd_verify,,2026-09-29,recomputed,nd-rl:robbie-experiments:experiment-summaries/2026-09-28-combined-model/charts/passk.csv
robbie-factorial:abs-naive-ei,"factorial abs-naive-ei (pre=012 baseline, rl=harness EI 4x1500x32)",,token,scratch,cap-6 train.jsonl 155k,6,rl-harness-EI,1,dev1108,1108,dev_metric,64,0.8,162,nd_verify,,2026-09-29,copied,nd-rl:robbie-experiments:experiment-summaries/2026-09-28-combined-model/charts/runs.csv
robbie-factorial:abs-naive-ei,"factorial abs-naive-ei (pre=012 baseline, rl=harness EI 4x1500x32)",,token,scratch,cap-6 train.jsonl 155k,6,rl-harness-EI,1,textbook72,72,solved,256,0.8,11,nd_verify,,2026-09-29,recomputed,nd-rl:robbie-experiments:experiment-summaries/2026-09-28-combined-model/charts/passk.csv
robbie-factorial:abs-naive-ei,"factorial abs-naive-ei (pre=012 baseline, rl=harness EI 4x1500x32)",,token,scratch,cap-6 train.jsonl 155k,6,rl-harness-EI,1,textbook72,72,pass_at_k_frac,1,0.8,0.0935,nd_verify,,2026-09-29,recomputed,nd-rl:robbie-experiments:experiment-summaries/2026-09-28-combined-model/charts/passk.csv
robbie-factorial:abs-naive-ei,"factorial abs-naive-ei (pre=012 baseline, rl=harness EI 4x1500x32)",,token,scratch,cap-6 train.jsonl 155k,6,rl-harness-EI,1,textbook72,72,pass_at_k_frac,8,0.8,0.1165,nd_verify,,2026-09-29,recomputed,nd-rl:robbie-experiments:experiment-summaries/2026-09-28-combined-model/charts/passk.csv
robbie-factorial:abs-naive-ei,"factorial abs-naive-ei (pre=012 baseline, rl=harness EI 4x1500x32)",,token,scratch,cap-6 train.jsonl 155k,6,rl-harness-EI,1,textbook72,72,pass_at_k_frac,64,0.8,0.1371,nd_verify,,2026-09-29,recomputed,nd-rl:robbie-experiments:experiment-summaries/2026-09-28-combined-model/charts/passk.csv
robbie-factorial:abs-naive-ei,"factorial abs-naive-ei (pre=012 baseline, rl=harness EI 4x1500x32)",,token,scratch,cap-6 train.jsonl 155k,6,rl-harness-EI,1,textbook72,72,pass_at_k_frac,256,0.8,0.1528,nd_verify,,2026-09-29,recomputed,nd-rl:robbie-experiments:experiment-summaries/2026-09-28-combined-model/charts/passk.csv
robbie-factorial:abs-naive-ei,"factorial abs-naive-ei (pre=012 baseline, rl=harness EI 4x1500x32)",,token,scratch,cap-6 train.jsonl 155k,6,rl-harness-EI,1,holdout250,250,solved,256,0.8,40,nd_verify,,2026-09-29,recomputed,nd-rl:robbie-experiments:experiment-summaries/2026-09-28-combined-model/charts/passk.csv
robbie-factorial:abs-naive-ei,"factorial abs-naive-ei (pre=012 baseline, rl=harness EI 4x1500x32)",,token,scratch,cap-6 train.jsonl 155k,6,rl-harness-EI,1,holdout250,250,pass_at_k_frac,1,0.8,0.0744,nd_verify,,2026-09-29,recomputed,nd-rl:robbie-experiments:experiment-summaries/2026-09-28-combined-model/charts/passk.csv
robbie-factorial:abs-naive-ei,"factorial abs-naive-ei (pre=012 baseline, rl=harness EI 4x1500x32)",,token,scratch,cap-6 train.jsonl 155k,6,rl-harness-EI,1,holdout250,250,pass_at_k_frac,8,0.8,0.1089,nd_verify,,2026-09-29,recomputed,nd-rl:robbie-experiments:experiment-summaries/2026-09-28-combined-model/charts/passk.csv
robbie-factorial:abs-naive-ei,"factorial abs-naive-ei (pre=012 baseline, rl=harness EI 4x1500x32)",,token,scratch,cap-6 train.jsonl 155k,6,rl-harness-EI,1,holdout250,250,pass_at_k_frac,64,0.8,0.1372,nd_verify,,2026-09-29,recomputed,nd-rl:robbie-experiments:experiment-summaries/2026-09-28-combined-model/charts/passk.csv
robbie-factorial:abs-naive-ei,"factorial abs-naive-ei (pre=012 baseline, rl=harness EI 4x1500x32)",,token,scratch,cap-6 train.jsonl 155k,6,rl-harness-EI,1,holdout250,250,pass_at_k_frac,256,0.8,0.1600,nd_verify,,2026-09-29,recomputed,nd-rl:robbie-experiments:experiment-summaries/2026-09-28-combined-model/charts/passk.csv
robbie-factorial:abs-naive-ei,"factorial abs-naive-ei (pre=012 baseline, rl=harness EI 4x1500x32)",,token,scratch,cap-6 train.jsonl 155k,6,rl-harness-EI,2,dev1108,1108,dev_metric,64,0.8,134,nd_verify,,2026-09-29,copied,nd-rl:robbie-experiments:experiment-summaries/2026-09-28-combined-model/charts/runs.csv
robbie-factorial:abs-naive-ei,"factorial abs-naive-ei (pre=012 baseline, rl=harness EI 4x1500x32)",,token,scratch,cap-6 train.jsonl 155k,6,rl-harness-EI,2,textbook72,72,solved,256,0.8,9,nd_verify,,2026-09-29,recomputed,nd-rl:robbie-experiments:experiment-summaries/2026-09-28-combined-model/charts/passk.csv
robbie-factorial:abs-naive-ei,"factorial abs-naive-ei (pre=012 baseline, rl=harness EI 4x1500x32)",,token,scratch,cap-6 train.jsonl 155k,6,rl-harness-EI,2,textbook72,72,pass_at_k_frac,1,0.8,0.0780,nd_verify,,2026-09-29,recomputed,nd-rl:robbie-experiments:experiment-summaries/2026-09-28-combined-model/charts/passk.csv
robbie-factorial:abs-naive-ei,"factorial abs-naive-ei (pre=012 baseline, rl=harness EI 4x1500x32)",,token,scratch,cap-6 train.jsonl 155k,6,rl-harness-EI,2,textbook72,72,pass_at_k_frac,8,0.8,0.1093,nd_verify,,2026-09-29,recomputed,nd-rl:robbie-experiments:experiment-summaries/2026-09-28-combined-model/charts/passk.csv
robbie-factorial:abs-naive-ei,"factorial abs-naive-ei (pre=012 baseline, rl=harness EI 4x1500x32)",,token,scratch,cap-6 train.jsonl 155k,6,rl-harness-EI,2,textbook72,72,pass_at_k_frac,64,0.8,0.1146,nd_verify,,2026-09-29,recomputed,nd-rl:robbie-experiments:experiment-summaries/2026-09-28-combined-model/charts/passk.csv
robbie-factorial:abs-naive-ei,"factorial abs-naive-ei (pre=012 baseline, rl=harness EI 4x1500x32)",,token,scratch,cap-6 train.jsonl 155k,6,rl-harness-EI,2,textbook72,72,pass_at_k_frac,256,0.8,0.1250,nd_verify,,2026-09-29,recomputed,nd-rl:robbie-experiments:experiment-summaries/2026-09-28-combined-model/charts/passk.csv
robbie-factorial:abs-naive-ei,"factorial abs-naive-ei (pre=012 baseline, rl=harness EI 4x1500x32)",,token,scratch,cap-6 train.jsonl 155k,6,rl-harness-EI,2,holdout250,250,solved,256,0.8,36,nd_verify,,2026-09-29,recomputed,nd-rl:robbie-experiments:experiment-summaries/2026-09-28-combined-model/charts/passk.csv
robbie-factorial:abs-naive-ei,"factorial abs-naive-ei (pre=012 baseline, rl=harness EI 4x1500x32)",,token,scratch,cap-6 train.jsonl 155k,6,rl-harness-EI,2,holdout250,250,pass_at_k_frac,1,0.8,0.0719,nd_verify,,2026-09-29,recomputed,nd-rl:robbie-experiments:experiment-summaries/2026-09-28-combined-model/charts/passk.csv
robbie-factorial:abs-naive-ei,"factorial abs-naive-ei (pre=012 baseline, rl=harness EI 4x1500x32)",,token,scratch,cap-6 train.jsonl 155k,6,rl-harness-EI,2,holdout250,250,pass_at_k_frac,8,0.8,0.1070,nd_verify,,2026-09-29,recomputed,nd-rl:robbie-experiments:experiment-summaries/2026-09-28-combined-model/charts/passk.csv
robbie-factorial:abs-naive-ei,"factorial abs-naive-ei (pre=012 baseline, rl=harness EI 4x1500x32)",,token,scratch,cap-6 train.jsonl 155k,6,rl-harness-EI,2,holdout250,250,pass_at_k_frac,64,0.8,0.1305,nd_verify,,2026-09-29,recomputed,nd-rl:robbie-experiments:experiment-summaries/2026-09-28-combined-model/charts/passk.csv
robbie-factorial:abs-naive-ei,"factorial abs-naive-ei (pre=012 baseline, rl=harness EI 4x1500x32)",,token,scratch,cap-6 train.jsonl 155k,6,rl-harness-EI,2,holdout250,250,pass_at_k_frac,256,0.8,0.1440,nd_verify,,2026-09-29,recomputed,nd-rl:robbie-experiments:experiment-summaries/2026-09-28-combined-model/charts/passk.csv
robbie-factorial:abs-naive-leon,"factorial abs-naive-leon (pre=012 baseline, rl=c005 Leon EI+guided)",,token,scratch,cap-6 train.jsonl 155k,6,rl-leon-c005,0,dev1108,1108,dev_metric,64,0.8,409,nd_verify,,2026-09-29,copied,nd-rl:robbie-experiments:experiment-summaries/2026-09-28-combined-model/charts/runs.csv
robbie-factorial:abs-naive-leon,"factorial abs-naive-leon (pre=012 baseline, rl=c005 Leon EI+guided)",,token,scratch,cap-6 train.jsonl 155k,6,rl-leon-c005,0,textbook72,72,solved,256,0.8,11,nd_verify,,2026-09-29,recomputed,nd-rl:robbie-experiments:experiment-summaries/2026-09-28-combined-model/charts/passk.csv
robbie-factorial:abs-naive-leon,"factorial abs-naive-leon (pre=012 baseline, rl=c005 Leon EI+guided)",,token,scratch,cap-6 train.jsonl 155k,6,rl-leon-c005,0,textbook72,72,pass_at_k_frac,1,0.8,0.0831,nd_verify,,2026-09-29,recomputed,nd-rl:robbie-experiments:experiment-summaries/2026-09-28-combined-model/charts/passk.csv
robbie-factorial:abs-naive-leon,"factorial abs-naive-leon (pre=012 baseline, rl=c005 Leon EI+guided)",,token,scratch,cap-6 train.jsonl 155k,6,rl-leon-c005,0,textbook72,72,pass_at_k_frac,8,0.8,0.1126,nd_verify,,2026-09-29,recomputed,nd-rl:robbie-experiments:experiment-summaries/2026-09-28-combined-model/charts/passk.csv
robbie-factorial:abs-naive-leon,"factorial abs-naive-leon (pre=012 baseline, rl=c005 Leon EI+guided)",,token,scratch,cap-6 train.jsonl 155k,6,rl-leon-c005,0,textbook72,72,pass_at_k_frac,64,0.8,0.1328,nd_verify,,2026-09-29,recomputed,nd-rl:robbie-experiments:experiment-summaries/2026-09-28-combined-model/charts/passk.csv
robbie-factorial:abs-naive-leon,"factorial abs-naive-leon (pre=012 baseline, rl=c005 Leon EI+guided)",,token,scratch,cap-6 train.jsonl 155k,6,rl-leon-c005,0,textbook72,72,pass_at_k_frac,256,0.8,0.1528,nd_verify,,2026-09-29,recomputed,nd-rl:robbie-experiments:experiment-summaries/2026-09-28-combined-model/charts/passk.csv
robbie-factorial:abs-naive-leon,"factorial abs-naive-leon (pre=012 baseline, rl=c005 Leon EI+guided)",,token,scratch,cap-6 train.jsonl 155k,6,rl-leon-c005,0,holdout250,250,solved,256,0.8,102,nd_verify,,2026-09-29,recomputed,nd-rl:robbie-experiments:experiment-summaries/2026-09-28-combined-model/charts/passk.csv
robbie-factorial:abs-naive-leon,"factorial abs-naive-leon (pre=012 baseline, rl=c005 Leon EI+guided)",,token,scratch,cap-6 train.jsonl 155k,6,rl-leon-c005,0,holdout250,250,pass_at_k_frac,1,0.8,0.1150,nd_verify,,2026-09-29,recomputed,nd-rl:robbie-experiments:experiment-summaries/2026-09-28-combined-model/charts/passk.csv
robbie-factorial:abs-naive-leon,"factorial abs-naive-leon (pre=012 baseline, rl=c005 Leon EI+guided)",,token,scratch,cap-6 train.jsonl 155k,6,rl-leon-c005,0,holdout250,250,pass_at_k_frac,8,0.8,0.2699,nd_verify,,2026-09-29,recomputed,nd-rl:robbie-experiments:experiment-summaries/2026-09-28-combined-model/charts/passk.csv
robbie-factorial:abs-naive-leon,"factorial abs-naive-leon (pre=012 baseline, rl=c005 Leon EI+guided)",,token,scratch,cap-6 train.jsonl 155k,6,rl-leon-c005,0,holdout250,250,pass_at_k_frac,64,0.8,0.3700,nd_verify,,2026-09-29,recomputed,nd-rl:robbie-experiments:experiment-summaries/2026-09-28-combined-model/charts/passk.csv
robbie-factorial:abs-naive-leon,"factorial abs-naive-leon (pre=012 baseline, rl=c005 Leon EI+guided)",,token,scratch,cap-6 train.jsonl 155k,6,rl-leon-c005,0,holdout250,250,pass_at_k_frac,256,0.8,0.4080,nd_verify,,2026-09-29,recomputed,nd-rl:robbie-experiments:experiment-summaries/2026-09-28-combined-model/charts/passk.csv
robbie-factorial:abs-naive-leon,"factorial abs-naive-leon (pre=012 baseline, rl=c005 Leon EI+guided)",,token,scratch,cap-6 train.jsonl 155k,6,rl-leon-c005,1,dev1108,1108,dev_metric,64,0.8,465,nd_verify,,2026-09-29,copied,nd-rl:robbie-experiments:experiment-summaries/2026-09-28-combined-model/charts/runs.csv
robbie-factorial:abs-naive-leon,"factorial abs-naive-leon (pre=012 baseline, rl=c005 Leon EI+guided)",,token,scratch,cap-6 train.jsonl 155k,6,rl-leon-c005,1,textbook72,72,solved,256,0.8,12,nd_verify,,2026-09-29,recomputed,nd-rl:robbie-experiments:experiment-summaries/2026-09-28-combined-model/charts/passk.csv
robbie-factorial:abs-naive-leon,"factorial abs-naive-leon (pre=012 baseline, rl=c005 Leon EI+guided)",,token,scratch,cap-6 train.jsonl 155k,6,rl-leon-c005,1,textbook72,72,pass_at_k_frac,1,0.8,0.0707,nd_verify,,2026-09-29,recomputed,nd-rl:robbie-experiments:experiment-summaries/2026-09-28-combined-model/charts/passk.csv
robbie-factorial:abs-naive-leon,"factorial abs-naive-leon (pre=012 baseline, rl=c005 Leon EI+guided)",,token,scratch,cap-6 train.jsonl 155k,6,rl-leon-c005,1,textbook72,72,pass_at_k_frac,8,0.8,0.1167,nd_verify,,2026-09-29,recomputed,nd-rl:robbie-experiments:experiment-summaries/2026-09-28-combined-model/charts/passk.csv
robbie-factorial:abs-naive-leon,"factorial abs-naive-leon (pre=012 baseline, rl=c005 Leon EI+guided)",,token,scratch,cap-6 train.jsonl 155k,6,rl-leon-c005,1,textbook72,72,pass_at_k_frac,64,0.8,0.1409,nd_verify,,2026-09-29,recomputed,nd-rl:robbie-experiments:experiment-summaries/2026-09-28-combined-model/charts/passk.csv
robbie-factorial:abs-naive-leon,"factorial abs-naive-leon (pre=012 baseline, rl=c005 Leon EI+guided)",,token,scratch,cap-6 train.jsonl 155k,6,rl-leon-c005,1,textbook72,72,pass_at_k_frac,256,0.8,0.1667,nd_verify,,2026-09-29,recomputed,nd-rl:robbie-experiments:experiment-summaries/2026-09-28-combined-model/charts/passk.csv
robbie-factorial:abs-naive-leon,"factorial abs-naive-leon (pre=012 baseline, rl=c005 Leon EI+guided)",,token,scratch,cap-6 train.jsonl 155k,6,rl-leon-c005,1,holdout250,250,solved,256,0.8,112,nd_verify,,2026-09-29,recomputed,nd-rl:robbie-experiments:experiment-summaries/2026-09-28-combined-model/charts/passk.csv
robbie-factorial:abs-naive-leon,"factorial abs-naive-leon (pre=012 baseline, rl=c005 Leon EI+guided)",,token,scratch,cap-6 train.jsonl 155k,6,rl-leon-c005,1,holdout250,250,pass_at_k_frac,1,0.8,0.1208,nd_verify,,2026-09-29,recomputed,nd-rl:robbie-experiments:experiment-summaries/2026-09-28-combined-model/charts/passk.csv
robbie-factorial:abs-naive-leon,"factorial abs-naive-leon (pre=012 baseline, rl=c005 Leon EI+guided)",,token,scratch,cap-6 train.jsonl 155k,6,rl-leon-c005,1,holdout250,250,pass_at_k_frac,8,0.8,0.3213,nd_verify,,2026-09-29,recomputed,nd-rl:robbie-experiments:experiment-summaries/2026-09-28-combined-model/charts/passk.csv
robbie-factorial:abs-naive-leon,"factorial abs-naive-leon (pre=012 baseline, rl=c005 Leon EI+guided)",,token,scratch,cap-6 train.jsonl 155k,6,rl-leon-c005,1,holdout250,250,pass_at_k_frac,64,0.8,0.4211,nd_verify,,2026-09-29,recomputed,nd-rl:robbie-experiments:experiment-summaries/2026-09-28-combined-model/charts/passk.csv
robbie-factorial:abs-naive-leon,"factorial abs-naive-leon (pre=012 baseline, rl=c005 Leon EI+guided)",,token,scratch,cap-6 train.jsonl 155k,6,rl-leon-c005,1,holdout250,250,pass_at_k_frac,256,0.8,0.4480,nd_verify,,2026-09-29,recomputed,nd-rl:robbie-experiments:experiment-summaries/2026-09-28-combined-model/charts/passk.csv
robbie-factorial:abs-naive-leon,"factorial abs-naive-leon (pre=012 baseline, rl=c005 Leon EI+guided)",,token,scratch,cap-6 train.jsonl 155k,6,rl-leon-c005,2,dev1108,1108,dev_metric,64,0.8,457,nd_verify,,2026-09-29,copied,nd-rl:robbie-experiments:experiment-summaries/2026-09-28-combined-model/charts/runs.csv
robbie-factorial:abs-naive-leon,"factorial abs-naive-leon (pre=012 baseline, rl=c005 Leon EI+guided)",,token,scratch,cap-6 train.jsonl 155k,6,rl-leon-c005,2,textbook72,72,solved,256,0.8,13,nd_verify,,2026-09-29,recomputed,nd-rl:robbie-experiments:experiment-summaries/2026-09-28-combined-model/charts/passk.csv
robbie-factorial:abs-naive-leon,"factorial abs-naive-leon (pre=012 baseline, rl=c005 Leon EI+guided)",,token,scratch,cap-6 train.jsonl 155k,6,rl-leon-c005,2,textbook72,72,pass_at_k_frac,1,0.8,0.0618,nd_verify,,2026-09-29,recomputed,nd-rl:robbie-experiments:experiment-summaries/2026-09-28-combined-model/charts/passk.csv
robbie-factorial:abs-naive-leon,"factorial abs-naive-leon (pre=012 baseline, rl=c005 Leon EI+guided)",,token,scratch,cap-6 train.jsonl 155k,6,rl-leon-c005,2,textbook72,72,pass_at_k_frac,8,0.8,0.0964,nd_verify,,2026-09-29,recomputed,nd-rl:robbie-experiments:experiment-summaries/2026-09-28-combined-model/charts/passk.csv
robbie-factorial:abs-naive-leon,"factorial abs-naive-leon (pre=012 baseline, rl=c005 Leon EI+guided)",,token,scratch,cap-6 train.jsonl 155k,6,rl-leon-c005,2,textbook72,72,pass_at_k_frac,64,0.8,0.1397,nd_verify,,2026-09-29,recomputed,nd-rl:robbie-experiments:experiment-summaries/2026-09-28-combined-model/charts/passk.csv
robbie-factorial:abs-naive-leon,"factorial abs-naive-leon (pre=012 baseline, rl=c005 Leon EI+guided)",,token,scratch,cap-6 train.jsonl 155k,6,rl-leon-c005,2,textbook72,72,pass_at_k_frac,256,0.8,0.1806,nd_verify,,2026-09-29,recomputed,nd-rl:robbie-experiments:experiment-summaries/2026-09-28-combined-model/charts/passk.csv
robbie-factorial:abs-naive-leon,"factorial abs-naive-leon (pre=012 baseline, rl=c005 Leon EI+guided)",,token,scratch,cap-6 train.jsonl 155k,6,rl-leon-c005,2,holdout250,250,solved,256,0.8,111,nd_verify,,2026-09-29,recomputed,nd-rl:robbie-experiments:experiment-summaries/2026-09-28-combined-model/charts/passk.csv
robbie-factorial:abs-naive-leon,"factorial abs-naive-leon (pre=012 baseline, rl=c005 Leon EI+guided)",,token,scratch,cap-6 train.jsonl 155k,6,rl-leon-c005,2,holdout250,250,pass_at_k_frac,1,0.8,0.1172,nd_verify,,2026-09-29,recomputed,nd-rl:robbie-experiments:experiment-summaries/2026-09-28-combined-model/charts/passk.csv
robbie-factorial:abs-naive-leon,"factorial abs-naive-leon (pre=012 baseline, rl=c005 Leon EI+guided)",,token,scratch,cap-6 train.jsonl 155k,6,rl-leon-c005,2,holdout250,250,pass_at_k_frac,8,0.8,0.2851,nd_verify,,2026-09-29,recomputed,nd-rl:robbie-experiments:experiment-summaries/2026-09-28-combined-model/charts/passk.csv
robbie-factorial:abs-naive-leon,"factorial abs-naive-leon (pre=012 baseline, rl=c005 Leon EI+guided)",,token,scratch,cap-6 train.jsonl 155k,6,rl-leon-c005,2,holdout250,250,pass_at_k_frac,64,0.8,0.3952,nd_verify,,2026-09-29,recomputed,nd-rl:robbie-experiments:experiment-summaries/2026-09-28-combined-model/charts/passk.csv
robbie-factorial:abs-naive-leon,"factorial abs-naive-leon (pre=012 baseline, rl=c005 Leon EI+guided)",,token,scratch,cap-6 train.jsonl 155k,6,rl-leon-c005,2,holdout250,250,pass_at_k_frac,256,0.8,0.4440,nd_verify,,2026-09-29,recomputed,nd-rl:robbie-experiments:experiment-summaries/2026-09-28-combined-model/charts/passk.csv
robbie-factorial:lean-best-ei,"factorial lean-best-ei (pre=186 recipe, rl=harness EI 4x1500x32)",9.56M,lean_seq,scratch,cap-6 train.jsonl 155k,6,rl-harness-EI,0,dev1108,1108,dev_metric,64,0.8,694,lean_and_ndverify,,2026-09-29,copied,nd-rl:robbie-experiments:experiment-summaries/2026-09-28-combined-model/charts/runs.csv
robbie-factorial:lean-best-ei,"factorial lean-best-ei (pre=186 recipe, rl=harness EI 4x1500x32)",9.56M,lean_seq,scratch,cap-6 train.jsonl 155k,6,rl-harness-EI,0,textbook72,72,solved,256,0.8,19,lean_and_ndverify,,2026-09-29,recomputed,nd-rl:robbie-experiments:experiment-summaries/2026-09-28-combined-model/charts/passk.csv
robbie-factorial:lean-best-ei,"factorial lean-best-ei (pre=186 recipe, rl=harness EI 4x1500x32)",9.56M,lean_seq,scratch,cap-6 train.jsonl 155k,6,rl-harness-EI,0,textbook72,72,pass_at_k_frac,1,0.8,0.1951,lean_and_ndverify,,2026-09-29,recomputed,nd-rl:robbie-experiments:experiment-summaries/2026-09-28-combined-model/charts/passk.csv
robbie-factorial:lean-best-ei,"factorial lean-best-ei (pre=186 recipe, rl=harness EI 4x1500x32)",9.56M,lean_seq,scratch,cap-6 train.jsonl 155k,6,rl-harness-EI,0,textbook72,72,pass_at_k_frac,8,0.8,0.2300,lean_and_ndverify,,2026-09-29,recomputed,nd-rl:robbie-experiments:experiment-summaries/2026-09-28-combined-model/charts/passk.csv
robbie-factorial:lean-best-ei,"factorial lean-best-ei (pre=186 recipe, rl=harness EI 4x1500x32)",9.56M,lean_seq,scratch,cap-6 train.jsonl 155k,6,rl-harness-EI,0,textbook72,72,pass_at_k_frac,64,0.8,0.2519,lean_and_ndverify,,2026-09-29,recomputed,nd-rl:robbie-experiments:experiment-summaries/2026-09-28-combined-model/charts/passk.csv
robbie-factorial:lean-best-ei,"factorial lean-best-ei (pre=186 recipe, rl=harness EI 4x1500x32)",9.56M,lean_seq,scratch,cap-6 train.jsonl 155k,6,rl-harness-EI,0,textbook72,72,pass_at_k_frac,256,0.8,0.2639,lean_and_ndverify,,2026-09-29,recomputed,nd-rl:robbie-experiments:experiment-summaries/2026-09-28-combined-model/charts/passk.csv
robbie-factorial:lean-best-ei,"factorial lean-best-ei (pre=186 recipe, rl=harness EI 4x1500x32)",9.56M,lean_seq,scratch,cap-6 train.jsonl 155k,6,rl-harness-EI,0,holdout250,250,solved,256,0.8,155,lean_and_ndverify,,2026-09-29,recomputed,nd-rl:robbie-experiments:experiment-summaries/2026-09-28-combined-model/charts/passk.csv
robbie-factorial:lean-best-ei,"factorial lean-best-ei (pre=186 recipe, rl=harness EI 4x1500x32)",9.56M,lean_seq,scratch,cap-6 train.jsonl 155k,6,rl-harness-EI,0,holdout250,250,pass_at_k_frac,1,0.8,0.4208,lean_and_ndverify,,2026-09-29,recomputed,nd-rl:robbie-experiments:experiment-summaries/2026-09-28-combined-model/charts/passk.csv
robbie-factorial:lean-best-ei,"factorial lean-best-ei (pre=186 recipe, rl=harness EI 4x1500x32)",9.56M,lean_seq,scratch,cap-6 train.jsonl 155k,6,rl-harness-EI,0,holdout250,250,pass_at_k_frac,8,0.8,0.5291,lean_and_ndverify,,2026-09-29,recomputed,nd-rl:robbie-experiments:experiment-summaries/2026-09-28-combined-model/charts/passk.csv
robbie-factorial:lean-best-ei,"factorial lean-best-ei (pre=186 recipe, rl=harness EI 4x1500x32)",9.56M,lean_seq,scratch,cap-6 train.jsonl 155k,6,rl-harness-EI,0,holdout250,250,pass_at_k_frac,64,0.8,0.5853,lean_and_ndverify,,2026-09-29,recomputed,nd-rl:robbie-experiments:experiment-summaries/2026-09-28-combined-model/charts/passk.csv
robbie-factorial:lean-best-ei,"factorial lean-best-ei (pre=186 recipe, rl=harness EI 4x1500x32)",9.56M,lean_seq,scratch,cap-6 train.jsonl 155k,6,rl-harness-EI,0,holdout250,250,pass_at_k_frac,256,0.8,0.6200,lean_and_ndverify,,2026-09-29,recomputed,nd-rl:robbie-experiments:experiment-summaries/2026-09-28-combined-model/charts/passk.csv
robbie-factorial:lean-best-ei,"factorial lean-best-ei (pre=186 recipe, rl=harness EI 4x1500x32)",9.56M,lean_seq,scratch,cap-6 train.jsonl 155k,6,rl-harness-EI,1,dev1108,1108,dev_metric,64,0.8,677,lean_and_ndverify,,2026-09-29,copied,nd-rl:robbie-experiments:experiment-summaries/2026-09-28-combined-model/charts/runs.csv
robbie-factorial:lean-best-ei,"factorial lean-best-ei (pre=186 recipe, rl=harness EI 4x1500x32)",9.56M,lean_seq,scratch,cap-6 train.jsonl 155k,6,rl-harness-EI,1,textbook72,72,solved,256,0.8,21,lean_and_ndverify,,2026-09-29,recomputed,nd-rl:robbie-experiments:experiment-summaries/2026-09-28-combined-model/charts/passk.csv
robbie-factorial:lean-best-ei,"factorial lean-best-ei (pre=186 recipe, rl=harness EI 4x1500x32)",9.56M,lean_seq,scratch,cap-6 train.jsonl 155k,6,rl-harness-EI,1,textbook72,72,pass_at_k_frac,1,0.8,0.1746,lean_and_ndverify,,2026-09-29,recomputed,nd-rl:robbie-experiments:experiment-summaries/2026-09-28-combined-model/charts/passk.csv
robbie-factorial:lean-best-ei,"factorial lean-best-ei (pre=186 recipe, rl=harness EI 4x1500x32)",9.56M,lean_seq,scratch,cap-6 train.jsonl 155k,6,rl-harness-EI,1,textbook72,72,pass_at_k_frac,8,0.8,0.2203,lean_and_ndverify,,2026-09-29,recomputed,nd-rl:robbie-experiments:experiment-summaries/2026-09-28-combined-model/charts/passk.csv
robbie-factorial:lean-best-ei,"factorial lean-best-ei (pre=186 recipe, rl=harness EI 4x1500x32)",9.56M,lean_seq,scratch,cap-6 train.jsonl 155k,6,rl-harness-EI,1,textbook72,72,pass_at_k_frac,64,0.8,0.2629,lean_and_ndverify,,2026-09-29,recomputed,nd-rl:robbie-experiments:experiment-summaries/2026-09-28-combined-model/charts/passk.csv
robbie-factorial:lean-best-ei,"factorial lean-best-ei (pre=186 recipe, rl=harness EI 4x1500x32)",9.56M,lean_seq,scratch,cap-6 train.jsonl 155k,6,rl-harness-EI,1,textbook72,72,pass_at_k_frac,256,0.8,0.2917,lean_and_ndverify,,2026-09-29,recomputed,nd-rl:robbie-experiments:experiment-summaries/2026-09-28-combined-model/charts/passk.csv
robbie-factorial:lean-best-ei,"factorial lean-best-ei (pre=186 recipe, rl=harness EI 4x1500x32)",9.56M,lean_seq,scratch,cap-6 train.jsonl 155k,6,rl-harness-EI,1,holdout250,250,solved,256,0.8,161,lean_and_ndverify,,2026-09-29,recomputed,nd-rl:robbie-experiments:experiment-summaries/2026-09-28-combined-model/charts/passk.csv
robbie-factorial:lean-best-ei,"factorial lean-best-ei (pre=186 recipe, rl=harness EI 4x1500x32)",9.56M,lean_seq,scratch,cap-6 train.jsonl 155k,6,rl-harness-EI,1,holdout250,250,pass_at_k_frac,1,0.8,0.4526,lean_and_ndverify,,2026-09-29,recomputed,nd-rl:robbie-experiments:experiment-summaries/2026-09-28-combined-model/charts/passk.csv
robbie-factorial:lean-best-ei,"factorial lean-best-ei (pre=186 recipe, rl=harness EI 4x1500x32)",9.56M,lean_seq,scratch,cap-6 train.jsonl 155k,6,rl-harness-EI,1,holdout250,250,pass_at_k_frac,8,0.8,0.5675,lean_and_ndverify,,2026-09-29,recomputed,nd-rl:robbie-experiments:experiment-summaries/2026-09-28-combined-model/charts/passk.csv
robbie-factorial:lean-best-ei,"factorial lean-best-ei (pre=186 recipe, rl=harness EI 4x1500x32)",9.56M,lean_seq,scratch,cap-6 train.jsonl 155k,6,rl-harness-EI,1,holdout250,250,pass_at_k_frac,64,0.8,0.6164,lean_and_ndverify,,2026-09-29,recomputed,nd-rl:robbie-experiments:experiment-summaries/2026-09-28-combined-model/charts/passk.csv
robbie-factorial:lean-best-ei,"factorial lean-best-ei (pre=186 recipe, rl=harness EI 4x1500x32)",9.56M,lean_seq,scratch,cap-6 train.jsonl 155k,6,rl-harness-EI,1,holdout250,250,pass_at_k_frac,256,0.8,0.6440,lean_and_ndverify,,2026-09-29,recomputed,nd-rl:robbie-experiments:experiment-summaries/2026-09-28-combined-model/charts/passk.csv
robbie-factorial:lean-best-ei,"factorial lean-best-ei (pre=186 recipe, rl=harness EI 4x1500x32)",9.56M,lean_seq,scratch,cap-6 train.jsonl 155k,6,rl-harness-EI,2,dev1108,1108,dev_metric,64,0.8,674,lean_and_ndverify,,2026-09-29,copied,nd-rl:robbie-experiments:experiment-summaries/2026-09-28-combined-model/charts/runs.csv
robbie-factorial:lean-best-ei,"factorial lean-best-ei (pre=186 recipe, rl=harness EI 4x1500x32)",9.56M,lean_seq,scratch,cap-6 train.jsonl 155k,6,rl-harness-EI,2,textbook72,72,solved,256,0.8,20,lean_and_ndverify,,2026-09-29,recomputed,nd-rl:robbie-experiments:experiment-summaries/2026-09-28-combined-model/charts/passk.csv
robbie-factorial:lean-best-ei,"factorial lean-best-ei (pre=186 recipe, rl=harness EI 4x1500x32)",9.56M,lean_seq,scratch,cap-6 train.jsonl 155k,6,rl-harness-EI,2,textbook72,72,pass_at_k_frac,1,0.8,0.1780,lean_and_ndverify,,2026-09-29,recomputed,nd-rl:robbie-experiments:experiment-summaries/2026-09-28-combined-model/charts/passk.csv
robbie-factorial:lean-best-ei,"factorial lean-best-ei (pre=186 recipe, rl=harness EI 4x1500x32)",9.56M,lean_seq,scratch,cap-6 train.jsonl 155k,6,rl-harness-EI,2,textbook72,72,pass_at_k_frac,8,0.8,0.2165,lean_and_ndverify,,2026-09-29,recomputed,nd-rl:robbie-experiments:experiment-summaries/2026-09-28-combined-model/charts/passk.csv
robbie-factorial:lean-best-ei,"factorial lean-best-ei (pre=186 recipe, rl=harness EI 4x1500x32)",9.56M,lean_seq,scratch,cap-6 train.jsonl 155k,6,rl-harness-EI,2,textbook72,72,pass_at_k_frac,64,0.8,0.2536,lean_and_ndverify,,2026-09-29,recomputed,nd-rl:robbie-experiments:experiment-summaries/2026-09-28-combined-model/charts/passk.csv
robbie-factorial:lean-best-ei,"factorial lean-best-ei (pre=186 recipe, rl=harness EI 4x1500x32)",9.56M,lean_seq,scratch,cap-6 train.jsonl 155k,6,rl-harness-EI,2,textbook72,72,pass_at_k_frac,256,0.8,0.2778,lean_and_ndverify,,2026-09-29,recomputed,nd-rl:robbie-experiments:experiment-summaries/2026-09-28-combined-model/charts/passk.csv
robbie-factorial:lean-best-ei,"factorial lean-best-ei (pre=186 recipe, rl=harness EI 4x1500x32)",9.56M,lean_seq,scratch,cap-6 train.jsonl 155k,6,rl-harness-EI,2,holdout250,250,solved,256,0.8,147,lean_and_ndverify,,2026-09-29,recomputed,nd-rl:robbie-experiments:experiment-summaries/2026-09-28-combined-model/charts/passk.csv
robbie-factorial:lean-best-ei,"factorial lean-best-ei (pre=186 recipe, rl=harness EI 4x1500x32)",9.56M,lean_seq,scratch,cap-6 train.jsonl 155k,6,rl-harness-EI,2,holdout250,250,pass_at_k_frac,1,0.8,0.4421,lean_and_ndverify,,2026-09-29,recomputed,nd-rl:robbie-experiments:experiment-summaries/2026-09-28-combined-model/charts/passk.csv
robbie-factorial:lean-best-ei,"factorial lean-best-ei (pre=186 recipe, rl=harness EI 4x1500x32)",9.56M,lean_seq,scratch,cap-6 train.jsonl 155k,6,rl-harness-EI,2,holdout250,250,pass_at_k_frac,8,0.8,0.5133,lean_and_ndverify,,2026-09-29,recomputed,nd-rl:robbie-experiments:experiment-summaries/2026-09-28-combined-model/charts/passk.csv
robbie-factorial:lean-best-ei,"factorial lean-best-ei (pre=186 recipe, rl=harness EI 4x1500x32)",9.56M,lean_seq,scratch,cap-6 train.jsonl 155k,6,rl-harness-EI,2,holdout250,250,pass_at_k_frac,64,0.8,0.5646,lean_and_ndverify,,2026-09-29,recomputed,nd-rl:robbie-experiments:experiment-summaries/2026-09-28-combined-model/charts/passk.csv
robbie-factorial:lean-best-ei,"factorial lean-best-ei (pre=186 recipe, rl=harness EI 4x1500x32)",9.56M,lean_seq,scratch,cap-6 train.jsonl 155k,6,rl-harness-EI,2,holdout250,250,pass_at_k_frac,256,0.8,0.5880,lean_and_ndverify,,2026-09-29,recomputed,nd-rl:robbie-experiments:experiment-summaries/2026-09-28-combined-model/charts/passk.csv
robbie-factorial:lean-best-leon,"factorial lean-best-leon (pre=186 recipe, rl=c005 Leon EI+guided)",9.56M,lean_seq,scratch,cap-6 train.jsonl 155k,6,rl-leon-c005,0,dev1108,1108,dev_metric,64,0.8,916,lean_and_ndverify,,2026-09-29,copied,nd-rl:robbie-experiments:experiment-summaries/2026-09-28-combined-model/charts/runs.csv
robbie-factorial:lean-best-leon,"factorial lean-best-leon (pre=186 recipe, rl=c005 Leon EI+guided)",9.56M,lean_seq,scratch,cap-6 train.jsonl 155k,6,rl-leon-c005,0,textbook72,72,solved,256,0.8,32,lean_and_ndverify,,2026-09-29,recomputed,nd-rl:robbie-experiments:experiment-summaries/2026-09-28-combined-model/charts/passk.csv
robbie-factorial:lean-best-leon,"factorial lean-best-leon (pre=186 recipe, rl=c005 Leon EI+guided)",9.56M,lean_seq,scratch,cap-6 train.jsonl 155k,6,rl-leon-c005,0,textbook72,72,pass_at_k_frac,1,0.8,0.2014,lean_and_ndverify,,2026-09-29,recomputed,nd-rl:robbie-experiments:experiment-summaries/2026-09-28-combined-model/charts/passk.csv
robbie-factorial:lean-best-leon,"factorial lean-best-leon (pre=186 recipe, rl=c005 Leon EI+guided)",9.56M,lean_seq,scratch,cap-6 train.jsonl 155k,6,rl-leon-c005,0,textbook72,72,pass_at_k_frac,8,0.8,0.3453,lean_and_ndverify,,2026-09-29,recomputed,nd-rl:robbie-experiments:experiment-summaries/2026-09-28-combined-model/charts/passk.csv
robbie-factorial:lean-best-leon,"factorial lean-best-leon (pre=186 recipe, rl=c005 Leon EI+guided)",9.56M,lean_seq,scratch,cap-6 train.jsonl 155k,6,rl-leon-c005,0,textbook72,72,pass_at_k_frac,64,0.8,0.4185,lean_and_ndverify,,2026-09-29,recomputed,nd-rl:robbie-experiments:experiment-summaries/2026-09-28-combined-model/charts/passk.csv
robbie-factorial:lean-best-leon,"factorial lean-best-leon (pre=186 recipe, rl=c005 Leon EI+guided)",9.56M,lean_seq,scratch,cap-6 train.jsonl 155k,6,rl-leon-c005,0,textbook72,72,pass_at_k_frac,256,0.8,0.4444,lean_and_ndverify,,2026-09-29,recomputed,nd-rl:robbie-experiments:experiment-summaries/2026-09-28-combined-model/charts/passk.csv
robbie-factorial:lean-best-leon,"factorial lean-best-leon (pre=186 recipe, rl=c005 Leon EI+guided)",9.56M,lean_seq,scratch,cap-6 train.jsonl 155k,6,rl-leon-c005,0,holdout250,250,solved,256,0.8,210,lean_and_ndverify,,2026-09-29,recomputed,nd-rl:robbie-experiments:experiment-summaries/2026-09-28-combined-model/charts/passk.csv
robbie-factorial:lean-best-leon,"factorial lean-best-leon (pre=186 recipe, rl=c005 Leon EI+guided)",9.56M,lean_seq,scratch,cap-6 train.jsonl 155k,6,rl-leon-c005,0,holdout250,250,pass_at_k_frac,1,0.8,0.2873,lean_and_ndverify,,2026-09-29,recomputed,nd-rl:robbie-experiments:experiment-summaries/2026-09-28-combined-model/charts/passk.csv
robbie-factorial:lean-best-leon,"factorial lean-best-leon (pre=186 recipe, rl=c005 Leon EI+guided)",9.56M,lean_seq,scratch,cap-6 train.jsonl 155k,6,rl-leon-c005,0,holdout250,250,pass_at_k_frac,8,0.8,0.6840,lean_and_ndverify,,2026-09-29,recomputed,nd-rl:robbie-experiments:experiment-summaries/2026-09-28-combined-model/charts/passk.csv
robbie-factorial:lean-best-leon,"factorial lean-best-leon (pre=186 recipe, rl=c005 Leon EI+guided)",9.56M,lean_seq,scratch,cap-6 train.jsonl 155k,6,rl-leon-c005,0,holdout250,250,pass_at_k_frac,64,0.8,0.8015,lean_and_ndverify,,2026-09-29,recomputed,nd-rl:robbie-experiments:experiment-summaries/2026-09-28-combined-model/charts/passk.csv
robbie-factorial:lean-best-leon,"factorial lean-best-leon (pre=186 recipe, rl=c005 Leon EI+guided)",9.56M,lean_seq,scratch,cap-6 train.jsonl 155k,6,rl-leon-c005,0,holdout250,250,pass_at_k_frac,256,0.8,0.8400,lean_and_ndverify,,2026-09-29,recomputed,nd-rl:robbie-experiments:experiment-summaries/2026-09-28-combined-model/charts/passk.csv
robbie-factorial:lean-best-leon,"factorial lean-best-leon (pre=186 recipe, rl=c005 Leon EI+guided)",9.56M,lean_seq,scratch,cap-6 train.jsonl 155k,6,rl-leon-c005,1,dev1108,1108,dev_metric,64,0.8,895,lean_and_ndverify,,2026-09-29,copied,nd-rl:robbie-experiments:experiment-summaries/2026-09-28-combined-model/charts/runs.csv
robbie-factorial:lean-best-leon,"factorial lean-best-leon (pre=186 recipe, rl=c005 Leon EI+guided)",9.56M,lean_seq,scratch,cap-6 train.jsonl 155k,6,rl-leon-c005,1,textbook72,72,solved,256,0.8,30,lean_and_ndverify,,2026-09-29,recomputed,nd-rl:robbie-experiments:experiment-summaries/2026-09-28-combined-model/charts/passk.csv
robbie-factorial:lean-best-leon,"factorial lean-best-leon (pre=186 recipe, rl=c005 Leon EI+guided)",9.56M,lean_seq,scratch,cap-6 train.jsonl 155k,6,rl-leon-c005,1,textbook72,72,pass_at_k_frac,1,0.8,0.2081,lean_and_ndverify,,2026-09-29,recomputed,nd-rl:robbie-experiments:experiment-summaries/2026-09-28-combined-model/charts/passk.csv
robbie-factorial:lean-best-leon,"factorial lean-best-leon (pre=186 recipe, rl=c005 Leon EI+guided)",9.56M,lean_seq,scratch,cap-6 train.jsonl 155k,6,rl-leon-c005,1,textbook72,72,pass_at_k_frac,8,0.8,0.3453,lean_and_ndverify,,2026-09-29,recomputed,nd-rl:robbie-experiments:experiment-summaries/2026-09-28-combined-model/charts/passk.csv
robbie-factorial:lean-best-leon,"factorial lean-best-leon (pre=186 recipe, rl=c005 Leon EI+guided)",9.56M,lean_seq,scratch,cap-6 train.jsonl 155k,6,rl-leon-c005,1,textbook72,72,pass_at_k_frac,64,0.8,0.3951,lean_and_ndverify,,2026-09-29,recomputed,nd-rl:robbie-experiments:experiment-summaries/2026-09-28-combined-model/charts/passk.csv
robbie-factorial:lean-best-leon,"factorial lean-best-leon (pre=186 recipe, rl=c005 Leon EI+guided)",9.56M,lean_seq,scratch,cap-6 train.jsonl 155k,6,rl-leon-c005,1,textbook72,72,pass_at_k_frac,256,0.8,0.4167,lean_and_ndverify,,2026-09-29,recomputed,nd-rl:robbie-experiments:experiment-summaries/2026-09-28-combined-model/charts/passk.csv
robbie-factorial:lean-best-leon,"factorial lean-best-leon (pre=186 recipe, rl=c005 Leon EI+guided)",9.56M,lean_seq,scratch,cap-6 train.jsonl 155k,6,rl-leon-c005,1,holdout250,250,solved,256,0.8,200,lean_and_ndverify,,2026-09-29,recomputed,nd-rl:robbie-experiments:experiment-summaries/2026-09-28-combined-model/charts/passk.csv
robbie-factorial:lean-best-leon,"factorial lean-best-leon (pre=186 recipe, rl=c005 Leon EI+guided)",9.56M,lean_seq,scratch,cap-6 train.jsonl 155k,6,rl-leon-c005,1,holdout250,250,pass_at_k_frac,1,0.8,0.3068,lean_and_ndverify,,2026-09-29,recomputed,nd-rl:robbie-experiments:experiment-summaries/2026-09-28-combined-model/charts/passk.csv
robbie-factorial:lean-best-leon,"factorial lean-best-leon (pre=186 recipe, rl=c005 Leon EI+guided)",9.56M,lean_seq,scratch,cap-6 train.jsonl 155k,6,rl-leon-c005,1,holdout250,250,pass_at_k_frac,8,0.8,0.6812,lean_and_ndverify,,2026-09-29,recomputed,nd-rl:robbie-experiments:experiment-summaries/2026-09-28-combined-model/charts/passk.csv
robbie-factorial:lean-best-leon,"factorial lean-best-leon (pre=186 recipe, rl=c005 Leon EI+guided)",9.56M,lean_seq,scratch,cap-6 train.jsonl 155k,6,rl-leon-c005,1,holdout250,250,pass_at_k_frac,64,0.8,0.7795,lean_and_ndverify,,2026-09-29,recomputed,nd-rl:robbie-experiments:experiment-summaries/2026-09-28-combined-model/charts/passk.csv
robbie-factorial:lean-best-leon,"factorial lean-best-leon (pre=186 recipe, rl=c005 Leon EI+guided)",9.56M,lean_seq,scratch,cap-6 train.jsonl 155k,6,rl-leon-c005,1,holdout250,250,pass_at_k_frac,256,0.8,0.8000,lean_and_ndverify,,2026-09-29,recomputed,nd-rl:robbie-experiments:experiment-summaries/2026-09-28-combined-model/charts/passk.csv
robbie-factorial:lean-best-leon,"factorial lean-best-leon (pre=186 recipe, rl=c005 Leon EI+guided)",9.56M,lean_seq,scratch,cap-6 train.jsonl 155k,6,rl-leon-c005,2,dev1108,1108,dev_metric,64,0.8,901,lean_and_ndverify,,2026-09-29,copied,nd-rl:robbie-experiments:experiment-summaries/2026-09-28-combined-model/charts/runs.csv
robbie-factorial:lean-best-leon,"factorial lean-best-leon (pre=186 recipe, rl=c005 Leon EI+guided)",9.56M,lean_seq,scratch,cap-6 train.jsonl 155k,6,rl-leon-c005,2,textbook72,72,solved,256,0.8,32,lean_and_ndverify,,2026-09-29,recomputed,nd-rl:robbie-experiments:experiment-summaries/2026-09-28-combined-model/charts/passk.csv
robbie-factorial:lean-best-leon,"factorial lean-best-leon (pre=186 recipe, rl=c005 Leon EI+guided)",9.56M,lean_seq,scratch,cap-6 train.jsonl 155k,6,rl-leon-c005,2,textbook72,72,pass_at_k_frac,1,0.8,0.1632,lean_and_ndverify,,2026-09-29,recomputed,nd-rl:robbie-experiments:experiment-summaries/2026-09-28-combined-model/charts/passk.csv
robbie-factorial:lean-best-leon,"factorial lean-best-leon (pre=186 recipe, rl=c005 Leon EI+guided)",9.56M,lean_seq,scratch,cap-6 train.jsonl 155k,6,rl-leon-c005,2,textbook72,72,pass_at_k_frac,8,0.8,0.3098,lean_and_ndverify,,2026-09-29,recomputed,nd-rl:robbie-experiments:experiment-summaries/2026-09-28-combined-model/charts/passk.csv
robbie-factorial:lean-best-leon,"factorial lean-best-leon (pre=186 recipe, rl=c005 Leon EI+guided)",9.56M,lean_seq,scratch,cap-6 train.jsonl 155k,6,rl-leon-c005,2,textbook72,72,pass_at_k_frac,64,0.8,0.4185,lean_and_ndverify,,2026-09-29,recomputed,nd-rl:robbie-experiments:experiment-summaries/2026-09-28-combined-model/charts/passk.csv
robbie-factorial:lean-best-leon,"factorial lean-best-leon (pre=186 recipe, rl=c005 Leon EI+guided)",9.56M,lean_seq,scratch,cap-6 train.jsonl 155k,6,rl-leon-c005,2,textbook72,72,pass_at_k_frac,256,0.8,0.4444,lean_and_ndverify,,2026-09-29,recomputed,nd-rl:robbie-experiments:experiment-summaries/2026-09-28-combined-model/charts/passk.csv
robbie-factorial:lean-best-leon,"factorial lean-best-leon (pre=186 recipe, rl=c005 Leon EI+guided)",9.56M,lean_seq,scratch,cap-6 train.jsonl 155k,6,rl-leon-c005,2,holdout250,250,solved,256,0.8,205,lean_and_ndverify,,2026-09-29,recomputed,nd-rl:robbie-experiments:experiment-summaries/2026-09-28-combined-model/charts/passk.csv
robbie-factorial:lean-best-leon,"factorial lean-best-leon (pre=186 recipe, rl=c005 Leon EI+guided)",9.56M,lean_seq,scratch,cap-6 train.jsonl 155k,6,rl-leon-c005,2,holdout250,250,pass_at_k_frac,1,0.8,0.3091,lean_and_ndverify,,2026-09-29,recomputed,nd-rl:robbie-experiments:experiment-summaries/2026-09-28-combined-model/charts/passk.csv
robbie-factorial:lean-best-leon,"factorial lean-best-leon (pre=186 recipe, rl=c005 Leon EI+guided)",9.56M,lean_seq,scratch,cap-6 train.jsonl 155k,6,rl-leon-c005,2,holdout250,250,pass_at_k_frac,8,0.8,0.6871,lean_and_ndverify,,2026-09-29,recomputed,nd-rl:robbie-experiments:experiment-summaries/2026-09-28-combined-model/charts/passk.csv
robbie-factorial:lean-best-leon,"factorial lean-best-leon (pre=186 recipe, rl=c005 Leon EI+guided)",9.56M,lean_seq,scratch,cap-6 train.jsonl 155k,6,rl-leon-c005,2,holdout250,250,pass_at_k_frac,64,0.8,0.7912,lean_and_ndverify,,2026-09-29,recomputed,nd-rl:robbie-experiments:experiment-summaries/2026-09-28-combined-model/charts/passk.csv
robbie-factorial:lean-best-leon,"factorial lean-best-leon (pre=186 recipe, rl=c005 Leon EI+guided)",9.56M,lean_seq,scratch,cap-6 train.jsonl 155k,6,rl-leon-c005,2,holdout250,250,pass_at_k_frac,256,0.8,0.8200,lean_and_ndverify,,2026-09-29,recomputed,nd-rl:robbie-experiments:experiment-summaries/2026-09-28-combined-model/charts/passk.csv
robbie-factorial:lean-naive-ei,"factorial lean-naive-ei (pre=012 baseline, rl=harness EI 4x1500x32)",,lean_seq,scratch,cap-6 train.jsonl 155k,6,rl-harness-EI,0,dev1108,1108,dev_metric,64,0.8,209,lean_and_ndverify,,2026-09-29,copied,nd-rl:robbie-experiments:experiment-summaries/2026-09-28-combined-model/charts/runs.csv
robbie-factorial:lean-naive-ei,"factorial lean-naive-ei (pre=012 baseline, rl=harness EI 4x1500x32)",,lean_seq,scratch,cap-6 train.jsonl 155k,6,rl-harness-EI,0,textbook72,72,solved,256,0.8,8,lean_and_ndverify,,2026-09-29,recomputed,nd-rl:robbie-experiments:experiment-summaries/2026-09-28-combined-model/charts/passk.csv
robbie-factorial:lean-naive-ei,"factorial lean-naive-ei (pre=012 baseline, rl=harness EI 4x1500x32)",,lean_seq,scratch,cap-6 train.jsonl 155k,6,rl-harness-EI,0,textbook72,72,pass_at_k_frac,1,0.8,0.0707,lean_and_ndverify,,2026-09-29,recomputed,nd-rl:robbie-experiments:experiment-summaries/2026-09-28-combined-model/charts/passk.csv
robbie-factorial:lean-naive-ei,"factorial lean-naive-ei (pre=012 baseline, rl=harness EI 4x1500x32)",,lean_seq,scratch,cap-6 train.jsonl 155k,6,rl-harness-EI,0,textbook72,72,pass_at_k_frac,8,0.8,0.0923,lean_and_ndverify,,2026-09-29,recomputed,nd-rl:robbie-experiments:experiment-summaries/2026-09-28-combined-model/charts/passk.csv
robbie-factorial:lean-naive-ei,"factorial lean-naive-ei (pre=012 baseline, rl=harness EI 4x1500x32)",,lean_seq,scratch,cap-6 train.jsonl 155k,6,rl-harness-EI,0,textbook72,72,pass_at_k_frac,64,0.8,0.1087,lean_and_ndverify,,2026-09-29,recomputed,nd-rl:robbie-experiments:experiment-summaries/2026-09-28-combined-model/charts/passk.csv
robbie-factorial:lean-naive-ei,"factorial lean-naive-ei (pre=012 baseline, rl=harness EI 4x1500x32)",,lean_seq,scratch,cap-6 train.jsonl 155k,6,rl-harness-EI,0,textbook72,72,pass_at_k_frac,256,0.8,0.1111,lean_and_ndverify,,2026-09-29,recomputed,nd-rl:robbie-experiments:experiment-summaries/2026-09-28-combined-model/charts/passk.csv
robbie-factorial:lean-naive-ei,"factorial lean-naive-ei (pre=012 baseline, rl=harness EI 4x1500x32)",,lean_seq,scratch,cap-6 train.jsonl 155k,6,rl-harness-EI,0,holdout250,250,solved,256,0.8,45,lean_and_ndverify,,2026-09-29,recomputed,nd-rl:robbie-experiments:experiment-summaries/2026-09-28-combined-model/charts/passk.csv
robbie-factorial:lean-naive-ei,"factorial lean-naive-ei (pre=012 baseline, rl=harness EI 4x1500x32)",,lean_seq,scratch,cap-6 train.jsonl 155k,6,rl-harness-EI,0,holdout250,250,pass_at_k_frac,1,0.8,0.0966,lean_and_ndverify,,2026-09-29,recomputed,nd-rl:robbie-experiments:experiment-summaries/2026-09-28-combined-model/charts/passk.csv
robbie-factorial:lean-naive-ei,"factorial lean-naive-ei (pre=012 baseline, rl=harness EI 4x1500x32)",,lean_seq,scratch,cap-6 train.jsonl 155k,6,rl-harness-EI,0,holdout250,250,pass_at_k_frac,8,0.8,0.1292,lean_and_ndverify,,2026-09-29,recomputed,nd-rl:robbie-experiments:experiment-summaries/2026-09-28-combined-model/charts/passk.csv
robbie-factorial:lean-naive-ei,"factorial lean-naive-ei (pre=012 baseline, rl=harness EI 4x1500x32)",,lean_seq,scratch,cap-6 train.jsonl 155k,6,rl-harness-EI,0,holdout250,250,pass_at_k_frac,64,0.8,0.1491,lean_and_ndverify,,2026-09-29,recomputed,nd-rl:robbie-experiments:experiment-summaries/2026-09-28-combined-model/charts/passk.csv
robbie-factorial:lean-naive-ei,"factorial lean-naive-ei (pre=012 baseline, rl=harness EI 4x1500x32)",,lean_seq,scratch,cap-6 train.jsonl 155k,6,rl-harness-EI,0,holdout250,250,pass_at_k_frac,256,0.8,0.1800,lean_and_ndverify,,2026-09-29,recomputed,nd-rl:robbie-experiments:experiment-summaries/2026-09-28-combined-model/charts/passk.csv
robbie-factorial:lean-naive-ei,"factorial lean-naive-ei (pre=012 baseline, rl=harness EI 4x1500x32)",,lean_seq,scratch,cap-6 train.jsonl 155k,6,rl-harness-EI,1,dev1108,1108,dev_metric,64,0.8,195,lean_and_ndverify,,2026-09-29,copied,nd-rl:robbie-experiments:experiment-summaries/2026-09-28-combined-model/charts/runs.csv
robbie-factorial:lean-naive-ei,"factorial lean-naive-ei (pre=012 baseline, rl=harness EI 4x1500x32)",,lean_seq,scratch,cap-6 train.jsonl 155k,6,rl-harness-EI,1,textbook72,72,solved,256,0.8,6,lean_and_ndverify,,2026-09-29,recomputed,nd-rl:robbie-experiments:experiment-summaries/2026-09-28-combined-model/charts/passk.csv
robbie-factorial:lean-naive-ei,"factorial lean-naive-ei (pre=012 baseline, rl=harness EI 4x1500x32)",,lean_seq,scratch,cap-6 train.jsonl 155k,6,rl-harness-EI,1,textbook72,72,pass_at_k_frac,1,0.8,0.0691,lean_and_ndverify,,2026-09-29,recomputed,nd-rl:robbie-experiments:experiment-summaries/2026-09-28-combined-model/charts/passk.csv
robbie-factorial:lean-naive-ei,"factorial lean-naive-ei (pre=012 baseline, rl=harness EI 4x1500x32)",,lean_seq,scratch,cap-6 train.jsonl 155k,6,rl-harness-EI,1,textbook72,72,pass_at_k_frac,8,0.8,0.0831,lean_and_ndverify,,2026-09-29,recomputed,nd-rl:robbie-experiments:experiment-summaries/2026-09-28-combined-model/charts/passk.csv
robbie-factorial:lean-naive-ei,"factorial lean-naive-ei (pre=012 baseline, rl=harness EI 4x1500x32)",,lean_seq,scratch,cap-6 train.jsonl 155k,6,rl-harness-EI,1,textbook72,72,pass_at_k_frac,64,0.8,0.0833,lean_and_ndverify,,2026-09-29,recomputed,nd-rl:robbie-experiments:experiment-summaries/2026-09-28-combined-model/charts/passk.csv
robbie-factorial:lean-naive-ei,"factorial lean-naive-ei (pre=012 baseline, rl=harness EI 4x1500x32)",,lean_seq,scratch,cap-6 train.jsonl 155k,6,rl-harness-EI,1,textbook72,72,pass_at_k_frac,256,0.8,0.0833,lean_and_ndverify,,2026-09-29,recomputed,nd-rl:robbie-experiments:experiment-summaries/2026-09-28-combined-model/charts/passk.csv
robbie-factorial:lean-naive-ei,"factorial lean-naive-ei (pre=012 baseline, rl=harness EI 4x1500x32)",,lean_seq,scratch,cap-6 train.jsonl 155k,6,rl-harness-EI,1,holdout250,250,solved,256,0.8,42,lean_and_ndverify,,2026-09-29,recomputed,nd-rl:robbie-experiments:experiment-summaries/2026-09-28-combined-model/charts/passk.csv
robbie-factorial:lean-naive-ei,"factorial lean-naive-ei (pre=012 baseline, rl=harness EI 4x1500x32)",,lean_seq,scratch,cap-6 train.jsonl 155k,6,rl-harness-EI,1,holdout250,250,pass_at_k_frac,1,0.8,0.0784,lean_and_ndverify,,2026-09-29,recomputed,nd-rl:robbie-experiments:experiment-summaries/2026-09-28-combined-model/charts/passk.csv
robbie-factorial:lean-naive-ei,"factorial lean-naive-ei (pre=012 baseline, rl=harness EI 4x1500x32)",,lean_seq,scratch,cap-6 train.jsonl 155k,6,rl-harness-EI,1,holdout250,250,pass_at_k_frac,8,0.8,0.1071,lean_and_ndverify,,2026-09-29,recomputed,nd-rl:robbie-experiments:experiment-summaries/2026-09-28-combined-model/charts/passk.csv
robbie-factorial:lean-naive-ei,"factorial lean-naive-ei (pre=012 baseline, rl=harness EI 4x1500x32)",,lean_seq,scratch,cap-6 train.jsonl 155k,6,rl-harness-EI,1,holdout250,250,pass_at_k_frac,64,0.8,0.1433,lean_and_ndverify,,2026-09-29,recomputed,nd-rl:robbie-experiments:experiment-summaries/2026-09-28-combined-model/charts/passk.csv
robbie-factorial:lean-naive-ei,"factorial lean-naive-ei (pre=012 baseline, rl=harness EI 4x1500x32)",,lean_seq,scratch,cap-6 train.jsonl 155k,6,rl-harness-EI,1,holdout250,250,pass_at_k_frac,256,0.8,0.1680,lean_and_ndverify,,2026-09-29,recomputed,nd-rl:robbie-experiments:experiment-summaries/2026-09-28-combined-model/charts/passk.csv
robbie-factorial:lean-naive-ei,"factorial lean-naive-ei (pre=012 baseline, rl=harness EI 4x1500x32)",,lean_seq,scratch,cap-6 train.jsonl 155k,6,rl-harness-EI,2,dev1108,1108,dev_metric,64,0.8,174,lean_and_ndverify,,2026-09-29,copied,nd-rl:robbie-experiments:experiment-summaries/2026-09-28-combined-model/charts/runs.csv
robbie-factorial:lean-naive-ei,"factorial lean-naive-ei (pre=012 baseline, rl=harness EI 4x1500x32)",,lean_seq,scratch,cap-6 train.jsonl 155k,6,rl-harness-EI,2,textbook72,72,solved,256,0.8,10,lean_and_ndverify,,2026-09-29,recomputed,nd-rl:robbie-experiments:experiment-summaries/2026-09-28-combined-model/charts/passk.csv
robbie-factorial:lean-naive-ei,"factorial lean-naive-ei (pre=012 baseline, rl=harness EI 4x1500x32)",,lean_seq,scratch,cap-6 train.jsonl 155k,6,rl-harness-EI,2,textbook72,72,pass_at_k_frac,1,0.8,0.0452,lean_and_ndverify,,2026-09-29,recomputed,nd-rl:robbie-experiments:experiment-summaries/2026-09-28-combined-model/charts/passk.csv
robbie-factorial:lean-naive-ei,"factorial lean-naive-ei (pre=012 baseline, rl=harness EI 4x1500x32)",,lean_seq,scratch,cap-6 train.jsonl 155k,6,rl-harness-EI,2,textbook72,72,pass_at_k_frac,8,0.8,0.0875,lean_and_ndverify,,2026-09-29,recomputed,nd-rl:robbie-experiments:experiment-summaries/2026-09-28-combined-model/charts/passk.csv
robbie-factorial:lean-naive-ei,"factorial lean-naive-ei (pre=012 baseline, rl=harness EI 4x1500x32)",,lean_seq,scratch,cap-6 train.jsonl 155k,6,rl-harness-EI,2,textbook72,72,pass_at_k_frac,64,0.8,0.1234,lean_and_ndverify,,2026-09-29,recomputed,nd-rl:robbie-experiments:experiment-summaries/2026-09-28-combined-model/charts/passk.csv
robbie-factorial:lean-naive-ei,"factorial lean-naive-ei (pre=012 baseline, rl=harness EI 4x1500x32)",,lean_seq,scratch,cap-6 train.jsonl 155k,6,rl-harness-EI,2,textbook72,72,pass_at_k_frac,256,0.8,0.1389,lean_and_ndverify,,2026-09-29,recomputed,nd-rl:robbie-experiments:experiment-summaries/2026-09-28-combined-model/charts/passk.csv
robbie-factorial:lean-naive-ei,"factorial lean-naive-ei (pre=012 baseline, rl=harness EI 4x1500x32)",,lean_seq,scratch,cap-6 train.jsonl 155k,6,rl-harness-EI,2,holdout250,250,solved,256,0.8,37,lean_and_ndverify,,2026-09-29,recomputed,nd-rl:robbie-experiments:experiment-summaries/2026-09-28-combined-model/charts/passk.csv
robbie-factorial:lean-naive-ei,"factorial lean-naive-ei (pre=012 baseline, rl=harness EI 4x1500x32)",,lean_seq,scratch,cap-6 train.jsonl 155k,6,rl-harness-EI,2,holdout250,250,pass_at_k_frac,1,0.8,0.0648,lean_and_ndverify,,2026-09-29,recomputed,nd-rl:robbie-experiments:experiment-summaries/2026-09-28-combined-model/charts/passk.csv
robbie-factorial:lean-naive-ei,"factorial lean-naive-ei (pre=012 baseline, rl=harness EI 4x1500x32)",,lean_seq,scratch,cap-6 train.jsonl 155k,6,rl-harness-EI,2,holdout250,250,pass_at_k_frac,8,0.8,0.0902,lean_and_ndverify,,2026-09-29,recomputed,nd-rl:robbie-experiments:experiment-summaries/2026-09-28-combined-model/charts/passk.csv
robbie-factorial:lean-naive-ei,"factorial lean-naive-ei (pre=012 baseline, rl=harness EI 4x1500x32)",,lean_seq,scratch,cap-6 train.jsonl 155k,6,rl-harness-EI,2,holdout250,250,pass_at_k_frac,64,0.8,0.1172,lean_and_ndverify,,2026-09-29,recomputed,nd-rl:robbie-experiments:experiment-summaries/2026-09-28-combined-model/charts/passk.csv
robbie-factorial:lean-naive-ei,"factorial lean-naive-ei (pre=012 baseline, rl=harness EI 4x1500x32)",,lean_seq,scratch,cap-6 train.jsonl 155k,6,rl-harness-EI,2,holdout250,250,pass_at_k_frac,256,0.8,0.1480,lean_and_ndverify,,2026-09-29,recomputed,nd-rl:robbie-experiments:experiment-summaries/2026-09-28-combined-model/charts/passk.csv
robbie-factorial:lean-naive-leon,"factorial lean-naive-leon (pre=012 baseline, rl=c005 Leon EI+guided)",,lean_seq,scratch,cap-6 train.jsonl 155k,6,rl-leon-c005,0,dev1108,1108,dev_metric,64,0.8,434,lean_and_ndverify,,2026-09-29,copied,nd-rl:robbie-experiments:experiment-summaries/2026-09-28-combined-model/charts/runs.csv
robbie-factorial:lean-naive-leon,"factorial lean-naive-leon (pre=012 baseline, rl=c005 Leon EI+guided)",,lean_seq,scratch,cap-6 train.jsonl 155k,6,rl-leon-c005,0,textbook72,72,solved,256,0.8,12,lean_and_ndverify,,2026-09-29,recomputed,nd-rl:robbie-experiments:experiment-summaries/2026-09-28-combined-model/charts/passk.csv
robbie-factorial:lean-naive-leon,"factorial lean-naive-leon (pre=012 baseline, rl=c005 Leon EI+guided)",,lean_seq,scratch,cap-6 train.jsonl 155k,6,rl-leon-c005,0,textbook72,72,pass_at_k_frac,1,0.8,0.0388,lean_and_ndverify,,2026-09-29,recomputed,nd-rl:robbie-experiments:experiment-summaries/2026-09-28-combined-model/charts/passk.csv
robbie-factorial:lean-naive-leon,"factorial lean-naive-leon (pre=012 baseline, rl=c005 Leon EI+guided)",,lean_seq,scratch,cap-6 train.jsonl 155k,6,rl-leon-c005,0,textbook72,72,pass_at_k_frac,8,0.8,0.0950,lean_and_ndverify,,2026-09-29,recomputed,nd-rl:robbie-experiments:experiment-summaries/2026-09-28-combined-model/charts/passk.csv
robbie-factorial:lean-naive-leon,"factorial lean-naive-leon (pre=012 baseline, rl=c005 Leon EI+guided)",,lean_seq,scratch,cap-6 train.jsonl 155k,6,rl-leon-c005,0,textbook72,72,pass_at_k_frac,64,0.8,0.1244,lean_and_ndverify,,2026-09-29,recomputed,nd-rl:robbie-experiments:experiment-summaries/2026-09-28-combined-model/charts/passk.csv
robbie-factorial:lean-naive-leon,"factorial lean-naive-leon (pre=012 baseline, rl=c005 Leon EI+guided)",,lean_seq,scratch,cap-6 train.jsonl 155k,6,rl-leon-c005,0,textbook72,72,pass_at_k_frac,256,0.8,0.1667,lean_and_ndverify,,2026-09-29,recomputed,nd-rl:robbie-experiments:experiment-summaries/2026-09-28-combined-model/charts/passk.csv
robbie-factorial:lean-naive-leon,"factorial lean-naive-leon (pre=012 baseline, rl=c005 Leon EI+guided)",,lean_seq,scratch,cap-6 train.jsonl 155k,6,rl-leon-c005,0,holdout250,250,solved,256,0.8,107,lean_and_ndverify,,2026-09-29,recomputed,nd-rl:robbie-experiments:experiment-summaries/2026-09-28-combined-model/charts/passk.csv
robbie-factorial:lean-naive-leon,"factorial lean-naive-leon (pre=012 baseline, rl=c005 Leon EI+guided)",,lean_seq,scratch,cap-6 train.jsonl 155k,6,rl-leon-c005,0,holdout250,250,pass_at_k_frac,1,0.8,0.0789,lean_and_ndverify,,2026-09-29,recomputed,nd-rl:robbie-experiments:experiment-summaries/2026-09-28-combined-model/charts/passk.csv
robbie-factorial:lean-naive-leon,"factorial lean-naive-leon (pre=012 baseline, rl=c005 Leon EI+guided)",,lean_seq,scratch,cap-6 train.jsonl 155k,6,rl-leon-c005,0,holdout250,250,pass_at_k_frac,8,0.8,0.2367,lean_and_ndverify,,2026-09-29,recomputed,nd-rl:robbie-experiments:experiment-summaries/2026-09-28-combined-model/charts/passk.csv
robbie-factorial:lean-naive-leon,"factorial lean-naive-leon (pre=012 baseline, rl=c005 Leon EI+guided)",,lean_seq,scratch,cap-6 train.jsonl 155k,6,rl-leon-c005,0,holdout250,250,pass_at_k_frac,64,0.8,0.3617,lean_and_ndverify,,2026-09-29,recomputed,nd-rl:robbie-experiments:experiment-summaries/2026-09-28-combined-model/charts/passk.csv
robbie-factorial:lean-naive-leon,"factorial lean-naive-leon (pre=012 baseline, rl=c005 Leon EI+guided)",,lean_seq,scratch,cap-6 train.jsonl 155k,6,rl-leon-c005,0,holdout250,250,pass_at_k_frac,256,0.8,0.4280,lean_and_ndverify,,2026-09-29,recomputed,nd-rl:robbie-experiments:experiment-summaries/2026-09-28-combined-model/charts/passk.csv
robbie-factorial:lean-naive-leon,"factorial lean-naive-leon (pre=012 baseline, rl=c005 Leon EI+guided)",,lean_seq,scratch,cap-6 train.jsonl 155k,6,rl-leon-c005,1,dev1108,1108,dev_metric,64,0.8,420,lean_and_ndverify,,2026-09-29,copied,nd-rl:robbie-experiments:experiment-summaries/2026-09-28-combined-model/charts/runs.csv
robbie-factorial:lean-naive-leon,"factorial lean-naive-leon (pre=012 baseline, rl=c005 Leon EI+guided)",,lean_seq,scratch,cap-6 train.jsonl 155k,6,rl-leon-c005,1,textbook72,72,solved,256,0.8,10,lean_and_ndverify,,2026-09-29,recomputed,nd-rl:robbie-experiments:experiment-summaries/2026-09-28-combined-model/charts/passk.csv
robbie-factorial:lean-naive-leon,"factorial lean-naive-leon (pre=012 baseline, rl=c005 Leon EI+guided)",,lean_seq,scratch,cap-6 train.jsonl 155k,6,rl-leon-c005,1,textbook72,72,pass_at_k_frac,1,0.8,0.0469,lean_and_ndverify,,2026-09-29,recomputed,nd-rl:robbie-experiments:experiment-summaries/2026-09-28-combined-model/charts/passk.csv
robbie-factorial:lean-naive-leon,"factorial lean-naive-leon (pre=012 baseline, rl=c005 Leon EI+guided)",,lean_seq,scratch,cap-6 train.jsonl 155k,6,rl-leon-c005,1,textbook72,72,pass_at_k_frac,8,0.8,0.0979,lean_and_ndverify,,2026-09-29,recomputed,nd-rl:robbie-experiments:experiment-summaries/2026-09-28-combined-model/charts/passk.csv
robbie-factorial:lean-naive-leon,"factorial lean-naive-leon (pre=012 baseline, rl=c005 Leon EI+guided)",,lean_seq,scratch,cap-6 train.jsonl 155k,6,rl-leon-c005,1,textbook72,72,pass_at_k_frac,64,0.8,0.1226,lean_and_ndverify,,2026-09-29,recomputed,nd-rl:robbie-experiments:experiment-summaries/2026-09-28-combined-model/charts/passk.csv
robbie-factorial:lean-naive-leon,"factorial lean-naive-leon (pre=012 baseline, rl=c005 Leon EI+guided)",,lean_seq,scratch,cap-6 train.jsonl 155k,6,rl-leon-c005,1,textbook72,72,pass_at_k_frac,256,0.8,0.1389,lean_and_ndverify,,2026-09-29,recomputed,nd-rl:robbie-experiments:experiment-summaries/2026-09-28-combined-model/charts/passk.csv
robbie-factorial:lean-naive-leon,"factorial lean-naive-leon (pre=012 baseline, rl=c005 Leon EI+guided)",,lean_seq,scratch,cap-6 train.jsonl 155k,6,rl-leon-c005,1,holdout250,250,solved,256,0.8,102,lean_and_ndverify,,2026-09-29,recomputed,nd-rl:robbie-experiments:experiment-summaries/2026-09-28-combined-model/charts/passk.csv
robbie-factorial:lean-naive-leon,"factorial lean-naive-leon (pre=012 baseline, rl=c005 Leon EI+guided)",,lean_seq,scratch,cap-6 train.jsonl 155k,6,rl-leon-c005,1,holdout250,250,pass_at_k_frac,1,0.8,0.0654,lean_and_ndverify,,2026-09-29,recomputed,nd-rl:robbie-experiments:experiment-summaries/2026-09-28-combined-model/charts/passk.csv
robbie-factorial:lean-naive-leon,"factorial lean-naive-leon (pre=012 baseline, rl=c005 Leon EI+guided)",,lean_seq,scratch,cap-6 train.jsonl 155k,6,rl-leon-c005,1,holdout250,250,pass_at_k_frac,8,0.8,0.2076,lean_and_ndverify,,2026-09-29,recomputed,nd-rl:robbie-experiments:experiment-summaries/2026-09-28-combined-model/charts/passk.csv
robbie-factorial:lean-naive-leon,"factorial lean-naive-leon (pre=012 baseline, rl=c005 Leon EI+guided)",,lean_seq,scratch,cap-6 train.jsonl 155k,6,rl-leon-c005,1,holdout250,250,pass_at_k_frac,64,0.8,0.3335,lean_and_ndverify,,2026-09-29,recomputed,nd-rl:robbie-experiments:experiment-summaries/2026-09-28-combined-model/charts/passk.csv
robbie-factorial:lean-naive-leon,"factorial lean-naive-leon (pre=012 baseline, rl=c005 Leon EI+guided)",,lean_seq,scratch,cap-6 train.jsonl 155k,6,rl-leon-c005,1,holdout250,250,pass_at_k_frac,256,0.8,0.4080,lean_and_ndverify,,2026-09-29,recomputed,nd-rl:robbie-experiments:experiment-summaries/2026-09-28-combined-model/charts/passk.csv
robbie-factorial:lean-naive-leon,"factorial lean-naive-leon (pre=012 baseline, rl=c005 Leon EI+guided)",,lean_seq,scratch,cap-6 train.jsonl 155k,6,rl-leon-c005,2,dev1108,1108,dev_metric,64,0.8,387,lean_and_ndverify,,2026-09-29,copied,nd-rl:robbie-experiments:experiment-summaries/2026-09-28-combined-model/charts/runs.csv
robbie-factorial:lean-naive-leon,"factorial lean-naive-leon (pre=012 baseline, rl=c005 Leon EI+guided)",,lean_seq,scratch,cap-6 train.jsonl 155k,6,rl-leon-c005,2,textbook72,72,solved,256,0.8,9,lean_and_ndverify,,2026-09-29,recomputed,nd-rl:robbie-experiments:experiment-summaries/2026-09-28-combined-model/charts/passk.csv
robbie-factorial:lean-naive-leon,"factorial lean-naive-leon (pre=012 baseline, rl=c005 Leon EI+guided)",,lean_seq,scratch,cap-6 train.jsonl 155k,6,rl-leon-c005,2,textbook72,72,pass_at_k_frac,1,0.8,0.0435,lean_and_ndverify,,2026-09-29,recomputed,nd-rl:robbie-experiments:experiment-summaries/2026-09-28-combined-model/charts/passk.csv
robbie-factorial:lean-naive-leon,"factorial lean-naive-leon (pre=012 baseline, rl=c005 Leon EI+guided)",,lean_seq,scratch,cap-6 train.jsonl 155k,6,rl-leon-c005,2,textbook72,72,pass_at_k_frac,8,0.8,0.0930,lean_and_ndverify,,2026-09-29,recomputed,nd-rl:robbie-experiments:experiment-summaries/2026-09-28-combined-model/charts/passk.csv
robbie-factorial:lean-naive-leon,"factorial lean-naive-leon (pre=012 baseline, rl=c005 Leon EI+guided)",,lean_seq,scratch,cap-6 train.jsonl 155k,6,rl-leon-c005,2,textbook72,72,pass_at_k_frac,64,0.8,0.1235,lean_and_ndverify,,2026-09-29,recomputed,nd-rl:robbie-experiments:experiment-summaries/2026-09-28-combined-model/charts/passk.csv
robbie-factorial:lean-naive-leon,"factorial lean-naive-leon (pre=012 baseline, rl=c005 Leon EI+guided)",,lean_seq,scratch,cap-6 train.jsonl 155k,6,rl-leon-c005,2,textbook72,72,pass_at_k_frac,256,0.8,0.1250,lean_and_ndverify,,2026-09-29,recomputed,nd-rl:robbie-experiments:experiment-summaries/2026-09-28-combined-model/charts/passk.csv
robbie-factorial:lean-naive-leon,"factorial lean-naive-leon (pre=012 baseline, rl=c005 Leon EI+guided)",,lean_seq,scratch,cap-6 train.jsonl 155k,6,rl-leon-c005,2,holdout250,250,solved,256,0.8,99,lean_and_ndverify,,2026-09-29,recomputed,nd-rl:robbie-experiments:experiment-summaries/2026-09-28-combined-model/charts/passk.csv
robbie-factorial:lean-naive-leon,"factorial lean-naive-leon (pre=012 baseline, rl=c005 Leon EI+guided)",,lean_seq,scratch,cap-6 train.jsonl 155k,6,rl-leon-c005,2,holdout250,250,pass_at_k_frac,1,0.8,0.0757,lean_and_ndverify,,2026-09-29,recomputed,nd-rl:robbie-experiments:experiment-summaries/2026-09-28-combined-model/charts/passk.csv
robbie-factorial:lean-naive-leon,"factorial lean-naive-leon (pre=012 baseline, rl=c005 Leon EI+guided)",,lean_seq,scratch,cap-6 train.jsonl 155k,6,rl-leon-c005,2,holdout250,250,pass_at_k_frac,8,0.8,0.2220,lean_and_ndverify,,2026-09-29,recomputed,nd-rl:robbie-experiments:experiment-summaries/2026-09-28-combined-model/charts/passk.csv
robbie-factorial:lean-naive-leon,"factorial lean-naive-leon (pre=012 baseline, rl=c005 Leon EI+guided)",,lean_seq,scratch,cap-6 train.jsonl 155k,6,rl-leon-c005,2,holdout250,250,pass_at_k_frac,64,0.8,0.3284,lean_and_ndverify,,2026-09-29,recomputed,nd-rl:robbie-experiments:experiment-summaries/2026-09-28-combined-model/charts/passk.csv
robbie-factorial:lean-naive-leon,"factorial lean-naive-leon (pre=012 baseline, rl=c005 Leon EI+guided)",,lean_seq,scratch,cap-6 train.jsonl 155k,6,rl-leon-c005,2,holdout250,250,pass_at_k_frac,256,0.8,0.3960,lean_and_ndverify,,2026-09-29,recomputed,nd-rl:robbie-experiments:experiment-summaries/2026-09-28-combined-model/charts/passk.csv
robbie-combined-pipeline:c001,186 pretrain + harness EI (replay),9.56M,lean_seq,scratch,cap-6 train.jsonl 155k,6,c001,0,dev1108,1108,dev_metric,64,0.8,676,lean_and_ndverify,,2026-09-28,copied,nd-rl:robbie-experiments:experiment-summaries/2026-09-28-combined-pipeline/README.md
robbie-combined-pipeline:c001,186 pretrain + harness EI (replay),9.56M,lean_seq,scratch,cap-6 train.jsonl 155k,6,c001,1,dev1108,1108,dev_metric,64,0.8,703,lean_and_ndverify,,2026-09-28,copied,nd-rl:robbie-experiments:experiment-summaries/2026-09-28-combined-pipeline/README.md
robbie-combined-pipeline:c001,186 pretrain + harness EI (replay),9.56M,lean_seq,scratch,cap-6 train.jsonl 155k,6,c001,2,dev1108,1108,dev_metric,64,0.8,683,lean_and_ndverify,,2026-09-28,copied,nd-rl:robbie-experiments:experiment-summaries/2026-09-28-combined-pipeline/README.md
robbie-combined-pipeline:c002,+ Leon GEAR EI,9.56M,lean_seq,scratch,cap-6 train.jsonl 155k,6,c002,0,dev1108,1108,dev_metric,64,0.8,776,lean_and_ndverify,,2026-09-28,copied,nd-rl:robbie-experiments:experiment-summaries/2026-09-28-combined-pipeline/README.md
robbie-combined-pipeline:c002,+ Leon GEAR EI,9.56M,lean_seq,scratch,cap-6 train.jsonl 155k,6,c002,1,dev1108,1108,dev_metric,64,0.8,831,lean_and_ndverify,,2026-09-28,copied,nd-rl:robbie-experiments:experiment-summaries/2026-09-28-combined-pipeline/README.md
robbie-combined-pipeline:c002,+ Leon GEAR EI,9.56M,lean_seq,scratch,cap-6 train.jsonl 155k,6,c002,2,dev1108,1108,dev_metric,64,0.8,806,lean_and_ndverify,,2026-09-28,copied,nd-rl:robbie-experiments:experiment-summaries/2026-09-28-combined-pipeline/README.md
robbie-combined-pipeline:c003,"c002 + full 4,495 pool + fast sampler",9.56M,lean_seq,scratch,cap-6 train.jsonl 155k,6,c003,0,dev1108,1108,dev_metric,64,0.8,809,lean_and_ndverify,,2026-09-28,copied,nd-rl:robbie-experiments:experiment-summaries/2026-09-28-combined-pipeline/README.md
robbie-combined-pipeline:c003,"c002 + full 4,495 pool + fast sampler",9.56M,lean_seq,scratch,cap-6 train.jsonl 155k,6,c003,1,dev1108,1108,dev_metric,64,0.8,812,lean_and_ndverify,,2026-09-28,copied,nd-rl:robbie-experiments:experiment-summaries/2026-09-28-combined-pipeline/README.md
robbie-combined-pipeline:c003,"c002 + full 4,495 pool + fast sampler",9.56M,lean_seq,scratch,cap-6 train.jsonl 155k,6,c003,2,dev1108,1108,dev_metric,64,0.8,803,lean_and_ndverify,,2026-09-28,copied,nd-rl:robbie-experiments:experiment-summaries/2026-09-28-combined-pipeline/README.md
robbie-combined-pipeline:c004,"c002 + verifier-guided RL sampling (over 2,400 s budget)",9.56M,lean_seq,scratch,cap-6 train.jsonl 155k,6,c004,0,dev1108,1108,dev_metric,64,0.8,925,lean_and_ndverify,,2026-09-28,copied,nd-rl:robbie-experiments:experiment-summaries/2026-09-28-combined-pipeline/README.md
robbie-combined-pipeline:c004,"c002 + verifier-guided RL sampling (over 2,400 s budget)",9.56M,lean_seq,scratch,cap-6 train.jsonl 155k,6,c004,1,dev1108,1108,dev_metric,64,0.8,894,lean_and_ndverify,,2026-09-28,copied,nd-rl:robbie-experiments:experiment-summaries/2026-09-28-combined-pipeline/README.md
robbie-combined-pipeline:c004,"c002 + verifier-guided RL sampling (over 2,400 s budget)",9.56M,lean_seq,scratch,cap-6 train.jsonl 155k,6,c004,2,dev1108,1108,dev_metric,64,0.8,896,lean_and_ndverify,,2026-09-28,copied,nd-rl:robbie-experiments:experiment-summaries/2026-09-28-combined-pipeline/README.md
robbie-combined-pipeline:c005,"c004 + sampler speedups + 1,800 s RL deadline",9.56M,lean_seq,scratch,cap-6 train.jsonl 155k,6,c005,0,dev1108,1108,dev_metric,64,0.8,915,lean_and_ndverify,,2026-09-28,copied,nd-rl:robbie-experiments:experiment-summaries/2026-09-28-combined-pipeline/README.md
robbie-combined-pipeline:c005,"c004 + sampler speedups + 1,800 s RL deadline",9.56M,lean_seq,scratch,cap-6 train.jsonl 155k,6,c005,1,dev1108,1108,dev_metric,64,0.8,893,lean_and_ndverify,,2026-09-28,copied,nd-rl:robbie-experiments:experiment-summaries/2026-09-28-combined-pipeline/README.md
robbie-combined-pipeline:c005,"c004 + sampler speedups + 1,800 s RL deadline",9.56M,lean_seq,scratch,cap-6 train.jsonl 155k,6,c005,2,dev1108,1108,dev_metric,64,0.8,905,lean_and_ndverify,,2026-09-28,copied,nd-rl:robbie-experiments:experiment-summaries/2026-09-28-combined-pipeline/README.md
robbie-autoresearch-pre:000_baseline,000_baseline (keep),,token,scratch,cap-6 train.jsonl 155k,6,rl-harness-EI,0,dev1108,1108,dev_metric,32,0.8,56,nd_verify,,,copied,nd-rl:robbie-experiments:code/experiments/current/autoresearch/results/000_baseline/results.json
robbie-autoresearch-pre:001_gpu-batching,001_gpu-batching (keep),,token,scratch,cap-6 train.jsonl 155k,6,rl-harness-EI,0,dev1108,1108,dev_metric,32,0.8,67,nd_verify,,,copied,nd-rl:robbie-experiments:code/experiments/current/autoresearch/results/001_gpu-batching/results.json
robbie-autoresearch-pre:003_compile,003_compile (discard),,token,scratch,cap-6 train.jsonl 155k,6,rl-harness-EI,0,dev1108,1108,dev_metric,32,0.8,14,nd_verify,,,copied,nd-rl:robbie-experiments:code/experiments/current/autoresearch/results/003_compile/results.json
robbie-autoresearch-pre:004_lr-3e-3,004_lr-3e-3 (discard),,token,scratch,cap-6 train.jsonl 155k,6,rl-harness-EI,0,dev1108,1108,dev_metric,32,0.8,7,nd_verify,,,copied,nd-rl:robbie-experiments:code/experiments/current/autoresearch/results/004_lr-3e-3/results.json
robbie-autoresearch-pre:005_rel-tokenizer,005_rel-tokenizer (discard),,token,scratch,cap-6 train.jsonl 155k,6,rl-harness-EI,0,dev1108,1108,dev_metric,32,0.8,6,nd_verify,,,copied,nd-rl:robbie-experiments:code/experiments/current/autoresearch/results/005_rel-tokenizer/results.json
robbie-autoresearch-pre:007_bs-512,007_bs-512 (discard),,token,scratch,cap-6 train.jsonl 155k,6,rl-harness-EI,0,dev1108,1108,dev_metric,32,0.8,23,nd_verify,,,copied,nd-rl:robbie-experiments:code/experiments/current/autoresearch/results/007_bs-512/results.json
robbie-autoresearch-pre:008_3-layers,008_3-layers (discard),,token,scratch,cap-6 train.jsonl 155k,6,rl-harness-EI,0,dev1108,1108,dev_metric,32,0.8,6,nd_verify,,,copied,nd-rl:robbie-experiments:code/experiments/current/autoresearch/results/008_3-layers/results.json
robbie-autoresearch-pre:009_no-wd,009_no-wd (discard),,token,scratch,cap-6 train.jsonl 155k,6,rl-harness-EI,0,dev1108,1108,dev_metric,32,0.8,30,nd_verify,,,copied,nd-rl:robbie-experiments:code/experiments/current/autoresearch/results/009_no-wd/results.json
robbie-autoresearch-pre:010_replicate-seed1,010_replicate-seed1 (discard),,token,scratch,cap-6 train.jsonl 155k,6,rl-harness-EI,0,dev1108,1108,dev_metric,32,0.8,14,nd_verify,,,copied,nd-rl:robbie-experiments:code/experiments/current/autoresearch/results/010_replicate-seed1/results.json
robbie-autoresearch-pre:011_curve-baseline,011_curve-baseline (keep),,token,scratch,cap-6 train.jsonl 155k,6,rl-harness-EI,0,dev1108,1108,dev_metric,32,0.8,119,nd_verify,,2026-09-22,copied,nd-rl:robbie-experiments:code/experiments/current/autoresearch/results/011_curve-baseline/results.json
robbie-autoresearch-token:012_baseline-3seeds,012_baseline-3seeds (keep),,token,scratch,cap-6 train.jsonl 155k,6,rl-harness-EI,0,dev1108,1108,dev_metric,64,0.8,139,nd_verify,,2026-09-22,copied,nd-rl:robbie-experiments:code/experiments/current/autoresearch/results/012_baseline-3seeds/results.json
robbie-autoresearch-token:012_baseline-3seeds,012_baseline-3seeds (keep),,token,scratch,cap-6 train.jsonl 155k,6,rl-harness-EI,1,dev1108,1108,dev_metric,64,0.8,141,nd_verify,,2026-09-22,copied,nd-rl:robbie-experiments:code/experiments/current/autoresearch/results/012_baseline-3seeds/results.json
robbie-autoresearch-token:012_baseline-3seeds,012_baseline-3seeds (keep),,token,scratch,cap-6 train.jsonl 155k,6,rl-harness-EI,2,dev1108,1108,dev_metric,64,0.8,163,nd_verify,,2026-09-22,copied,nd-rl:robbie-experiments:code/experiments/current/autoresearch/results/012_baseline-3seeds/results.json
robbie-autoresearch-token:013_wd-1,013_wd-1 (discard),,token,scratch,cap-6 train.jsonl 155k,6,rl-harness-EI,0,dev1108,1108,dev_metric,64,0.8,37,nd_verify,,2026-09-22,copied,nd-rl:robbie-experiments:code/experiments/current/autoresearch/results/013_wd-1/results.json
robbie-autoresearch-token:013_wd-1,013_wd-1 (discard),,token,scratch,cap-6 train.jsonl 155k,6,rl-harness-EI,1,dev1108,1108,dev_metric,64,0.8,89,nd_verify,,2026-09-22,copied,nd-rl:robbie-experiments:code/experiments/current/autoresearch/results/013_wd-1/results.json
robbie-autoresearch-token:013_wd-1,013_wd-1 (discard),,token,scratch,cap-6 train.jsonl 155k,6,rl-harness-EI,2,dev1108,1108,dev_metric,64,0.8,91,nd_verify,,2026-09-22,copied,nd-rl:robbie-experiments:code/experiments/current/autoresearch/results/013_wd-1/results.json
robbie-autoresearch-token:014_loop-abab,014_loop-abab (discard),,token,scratch,cap-6 train.jsonl 155k,6,rl-harness-EI,0,dev1108,1108,dev_metric,64,0.8,79,nd_verify,,2026-09-22,copied,nd-rl:robbie-experiments:code/experiments/current/autoresearch/results/014_loop-abab/results.json
robbie-autoresearch-token:014_loop-abab,014_loop-abab (discard),,token,scratch,cap-6 train.jsonl 155k,6,rl-harness-EI,1,dev1108,1108,dev_metric,64,0.8,36,nd_verify,,2026-09-22,copied,nd-rl:robbie-experiments:code/experiments/current/autoresearch/results/014_loop-abab/results.json
robbie-autoresearch-token:014_loop-abab,014_loop-abab (discard),,token,scratch,cap-6 train.jsonl 155k,6,rl-harness-EI,2,dev1108,1108,dev_metric,64,0.8,111,nd_verify,,2026-09-22,copied,nd-rl:robbie-experiments:code/experiments/current/autoresearch/results/014_loop-abab/results.json
robbie-autoresearch-token:015_beta2-099,015_beta2-099 (discard),,token,scratch,cap-6 train.jsonl 155k,6,rl-harness-EI,0,dev1108,1108,dev_metric,64,0.8,105,nd_verify,,2026-09-22,copied,nd-rl:robbie-experiments:code/experiments/current/autoresearch/results/015_beta2-099/results.json
robbie-autoresearch-token:015_beta2-099,015_beta2-099 (discard),,token,scratch,cap-6 train.jsonl 155k,6,rl-harness-EI,1,dev1108,1108,dev_metric,64,0.8,165,nd_verify,,2026-09-22,copied,nd-rl:robbie-experiments:code/experiments/current/autoresearch/results/015_beta2-099/results.json
robbie-autoresearch-token:015_beta2-099,015_beta2-099 (discard),,token,scratch,cap-6 train.jsonl 155k,6,rl-harness-EI,2,dev1108,1108,dev_metric,64,0.8,137,nd_verify,,2026-09-22,copied,nd-rl:robbie-experiments:code/experiments/current/autoresearch/results/015_beta2-099/results.json
robbie-autoresearch-token:017_label-smoothing-002,017_label-smoothing-002 (discard),,token,scratch,cap-6 train.jsonl 155k,6,rl-harness-EI,0,dev1108,1108,dev_metric,64,0.8,121,nd_verify,,2026-09-22,copied,nd-rl:robbie-experiments:code/experiments/current/autoresearch/results/017_label-smoothing-002/results.json
robbie-autoresearch-token:017_label-smoothing-002,017_label-smoothing-002 (discard),,token,scratch,cap-6 train.jsonl 155k,6,rl-harness-EI,1,dev1108,1108,dev_metric,64,0.8,108,nd_verify,,2026-09-22,copied,nd-rl:robbie-experiments:code/experiments/current/autoresearch/results/017_label-smoothing-002/results.json
robbie-autoresearch-token:017_label-smoothing-002,017_label-smoothing-002 (discard),,token,scratch,cap-6 train.jsonl 155k,6,rl-harness-EI,2,dev1108,1108,dev_metric,64,0.8,133,nd_verify,,2026-09-22,copied,nd-rl:robbie-experiments:code/experiments/current/autoresearch/results/017_label-smoothing-002/results.json
robbie-autoresearch-token:018_matrix-only-decay,018_matrix-only-decay (discard),,token,scratch,cap-6 train.jsonl 155k,6,rl-harness-EI,0,dev1108,1108,dev_metric,64,0.8,152,nd_verify,,2026-09-22,copied,nd-rl:robbie-experiments:code/experiments/current/autoresearch/results/018_matrix-only-decay/results.json
robbie-autoresearch-token:018_matrix-only-decay,018_matrix-only-decay (discard),,token,scratch,cap-6 train.jsonl 155k,6,rl-harness-EI,1,dev1108,1108,dev_metric,64,0.8,76,nd_verify,,2026-09-22,copied,nd-rl:robbie-experiments:code/experiments/current/autoresearch/results/018_matrix-only-decay/results.json
robbie-autoresearch-token:018_matrix-only-decay,018_matrix-only-decay (discard),,token,scratch,cap-6 train.jsonl 155k,6,rl-harness-EI,2,dev1108,1108,dev_metric,64,0.8,140,nd_verify,,2026-09-22,copied,nd-rl:robbie-experiments:code/experiments/current/autoresearch/results/018_matrix-only-decay/results.json
robbie-autoresearch-token:019_heads-16,019_heads-16 (discard),,token,scratch,cap-6 train.jsonl 155k,6,rl-harness-EI,0,dev1108,1108,dev_metric,64,0.8,12,nd_verify,,2026-09-23,copied,nd-rl:robbie-experiments:code/experiments/current/autoresearch/results/019_heads-16/results.json
robbie-autoresearch-token:019_heads-16,019_heads-16 (discard),,token,scratch,cap-6 train.jsonl 155k,6,rl-harness-EI,1,dev1108,1108,dev_metric,64,0.8,80,nd_verify,,2026-09-23,copied,nd-rl:robbie-experiments:code/experiments/current/autoresearch/results/019_heads-16/results.json
robbie-autoresearch-token:019_heads-16,019_heads-16 (discard),,token,scratch,cap-6 train.jsonl 155k,6,rl-harness-EI,2,dev1108,1108,dev_metric,64,0.8,119,nd_verify,,2026-09-23,copied,nd-rl:robbie-experiments:code/experiments/current/autoresearch/results/019_heads-16/results.json
robbie-autoresearch-token:020_depth-scaled-init,020_depth-scaled-init (discard),,token,scratch,cap-6 train.jsonl 155k,6,rl-harness-EI,0,dev1108,1108,dev_metric,64,0.8,104,nd_verify,,2026-09-23,copied,nd-rl:robbie-experiments:code/experiments/current/autoresearch/results/020_depth-scaled-init/results.json
robbie-autoresearch-token:020_depth-scaled-init,020_depth-scaled-init (discard),,token,scratch,cap-6 train.jsonl 155k,6,rl-harness-EI,1,dev1108,1108,dev_metric,64,0.8,100,nd_verify,,2026-09-23,copied,nd-rl:robbie-experiments:code/experiments/current/autoresearch/results/020_depth-scaled-init/results.json
robbie-autoresearch-token:020_depth-scaled-init,020_depth-scaled-init (discard),,token,scratch,cap-6 train.jsonl 155k,6,rl-harness-EI,2,dev1108,1108,dev_metric,64,0.8,8,nd_verify,,2026-09-23,copied,nd-rl:robbie-experiments:code/experiments/current/autoresearch/results/020_depth-scaled-init/results.json
robbie-autoresearch-token:022_warmup-600,022_warmup-600 (discard),,token,scratch,cap-6 train.jsonl 155k,6,rl-harness-EI,0,dev1108,1108,dev_metric,64,0.8,28,nd_verify,,2026-09-23,copied,nd-rl:robbie-experiments:code/experiments/current/autoresearch/results/022_warmup-600/results.json
robbie-autoresearch-token:022_warmup-600,022_warmup-600 (discard),,token,scratch,cap-6 train.jsonl 155k,6,rl-harness-EI,1,dev1108,1108,dev_metric,64,0.8,90,nd_verify,,2026-09-23,copied,nd-rl:robbie-experiments:code/experiments/current/autoresearch/results/022_warmup-600/results.json
robbie-autoresearch-token:022_warmup-600,022_warmup-600 (discard),,token,scratch,cap-6 train.jsonl 155k,6,rl-harness-EI,2,dev1108,1108,dev_metric,64,0.8,111,nd_verify,,2026-09-23,copied,nd-rl:robbie-experiments:code/experiments/current/autoresearch/results/022_warmup-600/results.json
robbie-autoresearch-token:023_tied-embeddings,023_tied-embeddings (discard),,token,scratch,cap-6 train.jsonl 155k,6,rl-harness-EI,0,dev1108,1108,dev_metric,64,0.8,32,nd_verify,,2026-09-23,copied,nd-rl:robbie-experiments:code/experiments/current/autoresearch/results/023_tied-embeddings/results.json
robbie-autoresearch-token:023_tied-embeddings,023_tied-embeddings (discard),,token,scratch,cap-6 train.jsonl 155k,6,rl-harness-EI,1,dev1108,1108,dev_metric,64,0.8,38,nd_verify,,2026-09-23,copied,nd-rl:robbie-experiments:code/experiments/current/autoresearch/results/023_tied-embeddings/results.json
robbie-autoresearch-token:023_tied-embeddings,023_tied-embeddings (discard),,token,scratch,cap-6 train.jsonl 155k,6,rl-harness-EI,2,dev1108,1108,dev_metric,64,0.8,125,nd_verify,,2026-09-23,copied,nd-rl:robbie-experiments:code/experiments/current/autoresearch/results/023_tied-embeddings/results.json
robbie-autoresearch-token:024_projection-no-bias,024_projection-no-bias (discard),,token,scratch,cap-6 train.jsonl 155k,6,rl-harness-EI,0,dev1108,1108,dev_metric,64,0.8,97,nd_verify,,2026-09-23,copied,nd-rl:robbie-experiments:code/experiments/current/autoresearch/results/024_projection-no-bias/results.json
robbie-autoresearch-token:024_projection-no-bias,024_projection-no-bias (discard),,token,scratch,cap-6 train.jsonl 155k,6,rl-harness-EI,1,dev1108,1108,dev_metric,64,0.8,166,nd_verify,,2026-09-23,copied,nd-rl:robbie-experiments:code/experiments/current/autoresearch/results/024_projection-no-bias/results.json
robbie-autoresearch-token:024_projection-no-bias,024_projection-no-bias (discard),,token,scratch,cap-6 train.jsonl 155k,6,rl-harness-EI,2,dev1108,1108,dev_metric,64,0.8,116,nd_verify,,2026-09-23,copied,nd-rl:robbie-experiments:code/experiments/current/autoresearch/results/024_projection-no-bias/results.json
robbie-autoresearch-token:025_ema-099,025_ema-099 (discard),,token,scratch,cap-6 train.jsonl 155k,6,rl-harness-EI,0,dev1108,1108,dev_metric,64,0.8,63,nd_verify,,2026-09-23,copied,nd-rl:robbie-experiments:code/experiments/current/autoresearch/results/025_ema-099/results.json
robbie-autoresearch-token:025_ema-099,025_ema-099 (discard),,token,scratch,cap-6 train.jsonl 155k,6,rl-harness-EI,1,dev1108,1108,dev_metric,64,0.8,26,nd_verify,,2026-09-23,copied,nd-rl:robbie-experiments:code/experiments/current/autoresearch/results/025_ema-099/results.json
robbie-autoresearch-token:025_ema-099,025_ema-099 (discard),,token,scratch,cap-6 train.jsonl 155k,6,rl-harness-EI,2,dev1108,1108,dev_metric,64,0.8,155,nd_verify,,2026-09-23,copied,nd-rl:robbie-experiments:code/experiments/current/autoresearch/results/025_ema-099/results.json
robbie-autoresearch-token:026_rmsnorm,026_rmsnorm (discard),,token,scratch,cap-6 train.jsonl 155k,6,rl-harness-EI,0,dev1108,1108,dev_metric,64,0.8,90,nd_verify,,2026-09-23,copied,nd-rl:robbie-experiments:code/experiments/current/autoresearch/results/026_rmsnorm/results.json
robbie-autoresearch-token:026_rmsnorm,026_rmsnorm (discard),,token,scratch,cap-6 train.jsonl 155k,6,rl-harness-EI,1,dev1108,1108,dev_metric,64,0.8,102,nd_verify,,2026-09-23,copied,nd-rl:robbie-experiments:code/experiments/current/autoresearch/results/026_rmsnorm/results.json
robbie-autoresearch-token:026_rmsnorm,026_rmsnorm (discard),,token,scratch,cap-6 train.jsonl 155k,6,rl-harness-EI,2,dev1108,1108,dev_metric,64,0.8,38,nd_verify,,2026-09-23,copied,nd-rl:robbie-experiments:code/experiments/current/autoresearch/results/026_rmsnorm/results.json
robbie-autoresearch-token:027_stable-lr,027_stable-lr (discard),,token,scratch,cap-6 train.jsonl 155k,6,rl-harness-EI,0,dev1108,1108,dev_metric,64,0.8,143,nd_verify,,2026-09-23,copied,nd-rl:robbie-experiments:code/experiments/current/autoresearch/results/027_stable-lr/results.json
robbie-autoresearch-token:027_stable-lr,027_stable-lr (discard),,token,scratch,cap-6 train.jsonl 155k,6,rl-harness-EI,1,dev1108,1108,dev_metric,64,0.8,169,nd_verify,,2026-09-23,copied,nd-rl:robbie-experiments:code/experiments/current/autoresearch/results/027_stable-lr/results.json
robbie-autoresearch-token:027_stable-lr,027_stable-lr (discard),,token,scratch,cap-6 train.jsonl 155k,6,rl-harness-EI,2,dev1108,1108,dev_metric,64,0.8,43,nd_verify,,2026-09-23,copied,nd-rl:robbie-experiments:code/experiments/current/autoresearch/results/027_stable-lr/results.json
robbie-autoresearch-token:028_shared-middle,028_shared-middle (discard),,token,scratch,cap-6 train.jsonl 155k,6,rl-harness-EI,0,dev1108,1108,dev_metric,64,0.8,117,nd_verify,,2026-09-23,copied,nd-rl:robbie-experiments:code/experiments/current/autoresearch/results/028_shared-middle/results.json
robbie-autoresearch-token:028_shared-middle,028_shared-middle (discard),,token,scratch,cap-6 train.jsonl 155k,6,rl-harness-EI,1,dev1108,1108,dev_metric,64,0.8,140,nd_verify,,2026-09-23,copied,nd-rl:robbie-experiments:code/experiments/current/autoresearch/results/028_shared-middle/results.json
robbie-autoresearch-token:028_shared-middle,028_shared-middle (discard),,token,scratch,cap-6 train.jsonl 155k,6,rl-harness-EI,2,dev1108,1108,dev_metric,64,0.8,134,nd_verify,,2026-09-23,copied,nd-rl:robbie-experiments:code/experiments/current/autoresearch/results/028_shared-middle/results.json
robbie-autoresearch-token:029_rope-base-100k,029_rope-base-100k (discard),,token,scratch,cap-6 train.jsonl 155k,6,rl-harness-EI,0,dev1108,1108,dev_metric,64,0.8,144,nd_verify,,2026-09-23,copied,nd-rl:robbie-experiments:code/experiments/current/autoresearch/results/029_rope-base-100k/results.json
robbie-autoresearch-token:029_rope-base-100k,029_rope-base-100k (discard),,token,scratch,cap-6 train.jsonl 155k,6,rl-harness-EI,1,dev1108,1108,dev_metric,64,0.8,129,nd_verify,,2026-09-23,copied,nd-rl:robbie-experiments:code/experiments/current/autoresearch/results/029_rope-base-100k/results.json
robbie-autoresearch-token:029_rope-base-100k,029_rope-base-100k (discard),,token,scratch,cap-6 train.jsonl 155k,6,rl-harness-EI,2,dev1108,1108,dev_metric,64,0.8,114,nd_verify,,2026-09-23,copied,nd-rl:robbie-experiments:code/experiments/current/autoresearch/results/029_rope-base-100k/results.json
robbie-autoresearch-token:030_muon-hidden,030_muon-hidden (keep),,token,scratch,cap-6 train.jsonl 155k,6,rl-harness-EI,0,dev1108,1108,dev_metric,64,0.8,256,nd_verify,,2026-09-23,copied,nd-rl:robbie-experiments:code/experiments/current/autoresearch/results/030_muon-hidden/results.json
robbie-autoresearch-token:030_muon-hidden,030_muon-hidden (keep),,token,scratch,cap-6 train.jsonl 155k,6,rl-harness-EI,1,dev1108,1108,dev_metric,64,0.8,162,nd_verify,,2026-09-23,copied,nd-rl:robbie-experiments:code/experiments/current/autoresearch/results/030_muon-hidden/results.json
robbie-autoresearch-token:030_muon-hidden,030_muon-hidden (keep),,token,scratch,cap-6 train.jsonl 155k,6,rl-harness-EI,2,dev1108,1108,dev_metric,64,0.8,220,nd_verify,,2026-09-23,copied,nd-rl:robbie-experiments:code/experiments/current/autoresearch/results/030_muon-hidden/results.json
robbie-autoresearch-token:031_muon-split-qkv,031_muon-split-qkv (keep),,token,scratch,cap-6 train.jsonl 155k,6,rl-harness-EI,0,dev1108,1108,dev_metric,64,0.8,248,nd_verify,,2026-09-23,copied,nd-rl:robbie-experiments:code/experiments/current/autoresearch/results/031_muon-split-qkv/results.json
robbie-autoresearch-token:031_muon-split-qkv,031_muon-split-qkv (keep),,token,scratch,cap-6 train.jsonl 155k,6,rl-harness-EI,1,dev1108,1108,dev_metric,64,0.8,235,nd_verify,,2026-09-23,copied,nd-rl:robbie-experiments:code/experiments/current/autoresearch/results/031_muon-split-qkv/results.json
robbie-autoresearch-token:031_muon-split-qkv,031_muon-split-qkv (keep),,token,scratch,cap-6 train.jsonl 155k,6,rl-harness-EI,2,dev1108,1108,dev_metric,64,0.8,157,nd_verify,,2026-09-23,copied,nd-rl:robbie-experiments:code/experiments/current/autoresearch/results/031_muon-split-qkv/results.json
robbie-autoresearch-token:032_muon-adamw-finish,032_muon-adamw-finish (keep),,token,scratch,cap-6 train.jsonl 155k,6,rl-harness-EI,0,dev1108,1108,dev_metric,64,0.8,253,nd_verify,,2026-09-23,copied,nd-rl:robbie-experiments:code/experiments/current/autoresearch/results/032_muon-adamw-finish/results.json
robbie-autoresearch-token:032_muon-adamw-finish,032_muon-adamw-finish (keep),,token,scratch,cap-6 train.jsonl 155k,6,rl-harness-EI,1,dev1108,1108,dev_metric,64,0.8,247,nd_verify,,2026-09-23,copied,nd-rl:robbie-experiments:code/experiments/current/autoresearch/results/032_muon-adamw-finish/results.json
robbie-autoresearch-token:032_muon-adamw-finish,032_muon-adamw-finish (keep),,token,scratch,cap-6 train.jsonl 155k,6,rl-harness-EI,2,dev1108,1108,dev_metric,64,0.8,198,nd_verify,,2026-09-23,copied,nd-rl:robbie-experiments:code/experiments/current/autoresearch/results/032_muon-adamw-finish/results.json
robbie-autoresearch-token:033_muon-adamw-finish-40pct,033_muon-adamw-finish-40pct (discard),,token,scratch,cap-6 train.jsonl 155k,6,rl-harness-EI,0,dev1108,1108,dev_metric,64,0.8,230,nd_verify,,2026-09-23,copied,nd-rl:robbie-experiments:code/experiments/current/autoresearch/results/033_muon-adamw-finish-40pct/results.json
robbie-autoresearch-token:033_muon-adamw-finish-40pct,033_muon-adamw-finish-40pct (discard),,token,scratch,cap-6 train.jsonl 155k,6,rl-harness-EI,1,dev1108,1108,dev_metric,64,0.8,252,nd_verify,,2026-09-23,copied,nd-rl:robbie-experiments:code/experiments/current/autoresearch/results/033_muon-adamw-finish-40pct/results.json
robbie-autoresearch-token:033_muon-adamw-finish-40pct,033_muon-adamw-finish-40pct (discard),,token,scratch,cap-6 train.jsonl 155k,6,rl-harness-EI,2,dev1108,1108,dev_metric,64,0.8,213,nd_verify,,2026-09-23,copied,nd-rl:robbie-experiments:code/experiments/current/autoresearch/results/033_muon-adamw-finish-40pct/results.json
robbie-autoresearch-token:034_muon-lr-half,034_muon-lr-half (keep),,token,scratch,cap-6 train.jsonl 155k,6,rl-harness-EI,0,dev1108,1108,dev_metric,64,0.8,221,nd_verify,,2026-09-23,copied,nd-rl:robbie-experiments:code/experiments/current/autoresearch/results/034_muon-lr-half/results.json
robbie-autoresearch-token:034_muon-lr-half,034_muon-lr-half (keep),,token,scratch,cap-6 train.jsonl 155k,6,rl-harness-EI,1,dev1108,1108,dev_metric,64,0.8,227,nd_verify,,2026-09-23,copied,nd-rl:robbie-experiments:code/experiments/current/autoresearch/results/034_muon-lr-half/results.json
robbie-autoresearch-token:034_muon-lr-half,034_muon-lr-half (keep),,token,scratch,cap-6 train.jsonl 155k,6,rl-harness-EI,2,dev1108,1108,dev_metric,64,0.8,262,nd_verify,,2026-09-23,copied,nd-rl:robbie-experiments:code/experiments/current/autoresearch/results/034_muon-lr-half/results.json
robbie-autoresearch-token:035_muon-lr-quarter,035_muon-lr-quarter (discard),,token,scratch,cap-6 train.jsonl 155k,6,rl-harness-EI,0,dev1108,1108,dev_metric,64,0.8,208,nd_verify,,2026-09-23,copied,nd-rl:robbie-experiments:code/experiments/current/autoresearch/results/035_muon-lr-quarter/results.json
robbie-autoresearch-token:035_muon-lr-quarter,035_muon-lr-quarter (discard),,token,scratch,cap-6 train.jsonl 155k,6,rl-harness-EI,1,dev1108,1108,dev_metric,64,0.8,235,nd_verify,,2026-09-23,copied,nd-rl:robbie-experiments:code/experiments/current/autoresearch/results/035_muon-lr-quarter/results.json
robbie-autoresearch-token:035_muon-lr-quarter,035_muon-lr-quarter (discard),,token,scratch,cap-6 train.jsonl 155k,6,rl-harness-EI,2,dev1108,1108,dev_metric,64,0.8,225,nd_verify,,2026-09-23,copied,nd-rl:robbie-experiments:code/experiments/current/autoresearch/results/035_muon-lr-quarter/results.json
robbie-autoresearch-token:036_muon-momentum-090,036_muon-momentum-090 (discard),,token,scratch,cap-6 train.jsonl 155k,6,rl-harness-EI,0,dev1108,1108,dev_metric,64,0.8,207,nd_verify,,2026-09-23,copied,nd-rl:robbie-experiments:code/experiments/current/autoresearch/results/036_muon-momentum-090/results.json
robbie-autoresearch-token:036_muon-momentum-090,036_muon-momentum-090 (discard),,token,scratch,cap-6 train.jsonl 155k,6,rl-harness-EI,1,dev1108,1108,dev_metric,64,0.8,224,nd_verify,,2026-09-23,copied,nd-rl:robbie-experiments:code/experiments/current/autoresearch/results/036_muon-momentum-090/results.json
robbie-autoresearch-token:036_muon-momentum-090,036_muon-momentum-090 (discard),,token,scratch,cap-6 train.jsonl 155k,6,rl-harness-EI,2,dev1108,1108,dev_metric,64,0.8,258,nd_verify,,2026-09-23,copied,nd-rl:robbie-experiments:code/experiments/current/autoresearch/results/036_muon-momentum-090/results.json
robbie-autoresearch-token:037_muon-momentum-098,037_muon-momentum-098 (discard),,token,scratch,cap-6 train.jsonl 155k,6,rl-harness-EI,0,dev1108,1108,dev_metric,64,0.8,171,nd_verify,,2026-09-23,copied,nd-rl:robbie-experiments:code/experiments/current/autoresearch/results/037_muon-momentum-098/results.json
robbie-autoresearch-token:037_muon-momentum-098,037_muon-momentum-098 (discard),,token,scratch,cap-6 train.jsonl 155k,6,rl-harness-EI,1,dev1108,1108,dev_metric,64,0.8,220,nd_verify,,2026-09-23,copied,nd-rl:robbie-experiments:code/experiments/current/autoresearch/results/037_muon-momentum-098/results.json
robbie-autoresearch-token:037_muon-momentum-098,037_muon-momentum-098 (discard),,token,scratch,cap-6 train.jsonl 155k,6,rl-harness-EI,2,dev1108,1108,dev_metric,64,0.8,211,nd_verify,,2026-09-23,copied,nd-rl:robbie-experiments:code/experiments/current/autoresearch/results/037_muon-momentum-098/results.json
robbie-autoresearch-token:038_muon-adamw-finish-10pct,038_muon-adamw-finish-10pct (keep),,token,scratch,cap-6 train.jsonl 155k,6,rl-harness-EI,0,dev1108,1108,dev_metric,64,0.8,259,nd_verify,,2026-09-23,copied,nd-rl:robbie-experiments:code/experiments/current/autoresearch/results/038_muon-adamw-finish-10pct/results.json
robbie-autoresearch-token:038_muon-adamw-finish-10pct,038_muon-adamw-finish-10pct (keep),,token,scratch,cap-6 train.jsonl 155k,6,rl-harness-EI,1,dev1108,1108,dev_metric,64,0.8,212,nd_verify,,2026-09-23,copied,nd-rl:robbie-experiments:code/experiments/current/autoresearch/results/038_muon-adamw-finish-10pct/results.json
robbie-autoresearch-token:038_muon-adamw-finish-10pct,038_muon-adamw-finish-10pct (keep),,token,scratch,cap-6 train.jsonl 155k,6,rl-harness-EI,2,dev1108,1108,dev_metric,64,0.8,291,nd_verify,,2026-09-23,copied,nd-rl:robbie-experiments:code/experiments/current/autoresearch/results/038_muon-adamw-finish-10pct/results.json
robbie-autoresearch-token:039_muon-adamw-finish-5pct,039_muon-adamw-finish-5pct (keep),,token,scratch,cap-6 train.jsonl 155k,6,rl-harness-EI,0,dev1108,1108,dev_metric,64,0.8,264,nd_verify,,2026-09-23,copied,nd-rl:robbie-experiments:code/experiments/current/autoresearch/results/039_muon-adamw-finish-5pct/results.json
robbie-autoresearch-token:039_muon-adamw-finish-5pct,039_muon-adamw-finish-5pct (keep),,token,scratch,cap-6 train.jsonl 155k,6,rl-harness-EI,1,dev1108,1108,dev_metric,64,0.8,291,nd_verify,,2026-09-23,copied,nd-rl:robbie-experiments:code/experiments/current/autoresearch/results/039_muon-adamw-finish-5pct/results.json
robbie-autoresearch-token:039_muon-adamw-finish-5pct,039_muon-adamw-finish-5pct (keep),,token,scratch,cap-6 train.jsonl 155k,6,rl-harness-EI,2,dev1108,1108,dev_metric,64,0.8,254,nd_verify,,2026-09-23,copied,nd-rl:robbie-experiments:code/experiments/current/autoresearch/results/039_muon-adamw-finish-5pct/results.json
robbie-autoresearch-token:040_muon-no-adamw-finish,040_muon-no-adamw-finish (keep),,token,scratch,cap-6 train.jsonl 155k,6,rl-harness-EI,0,dev1108,1108,dev_metric,64,0.8,294,nd_verify,,2026-09-23,copied,nd-rl:robbie-experiments:code/experiments/current/autoresearch/results/040_muon-no-adamw-finish/results.json
robbie-autoresearch-token:040_muon-no-adamw-finish,040_muon-no-adamw-finish (keep),,token,scratch,cap-6 train.jsonl 155k,6,rl-harness-EI,1,dev1108,1108,dev_metric,64,0.8,265,nd_verify,,2026-09-23,copied,nd-rl:robbie-experiments:code/experiments/current/autoresearch/results/040_muon-no-adamw-finish/results.json
robbie-autoresearch-token:040_muon-no-adamw-finish,040_muon-no-adamw-finish (keep),,token,scratch,cap-6 train.jsonl 155k,6,rl-harness-EI,2,dev1108,1108,dev_metric,64,0.8,250,nd_verify,,2026-09-23,copied,nd-rl:robbie-experiments:code/experiments/current/autoresearch/results/040_muon-no-adamw-finish/results.json
robbie-autoresearch-token:041-claude_partial-rope,041-claude_partial-rope (discard),,token,scratch,cap-6 train.jsonl 155k,6,rl-harness-EI,0,dev1108,1108,dev_metric,64,0.8,240,nd_verify,,2026-09-23,copied,nd-rl:robbie-experiments:code/experiments/current/autoresearch/results/041-claude_partial-rope/results.json
robbie-autoresearch-token:041-claude_partial-rope,041-claude_partial-rope (discard),,token,scratch,cap-6 train.jsonl 155k,6,rl-harness-EI,1,dev1108,1108,dev_metric,64,0.8,263,nd_verify,,2026-09-23,copied,nd-rl:robbie-experiments:code/experiments/current/autoresearch/results/041-claude_partial-rope/results.json
robbie-autoresearch-token:041-claude_partial-rope,041-claude_partial-rope (discard),,token,scratch,cap-6 train.jsonl 155k,6,rl-harness-EI,2,dev1108,1108,dev_metric,64,0.8,256,nd_verify,,2026-09-23,copied,nd-rl:robbie-experiments:code/experiments/current/autoresearch/results/041-claude_partial-rope/results.json
robbie-autoresearch-token:042-codex_z-loss-1e-4,042-codex_z-loss-1e-4 (discard),,token,scratch,cap-6 train.jsonl 155k,6,rl-harness-EI,0,dev1108,1108,dev_metric,64,0.8,255,nd_verify,,2026-09-23,copied,nd-rl:robbie-experiments:code/experiments/current/autoresearch/results/042-codex_z-loss-1e-4/results.json
robbie-autoresearch-token:042-codex_z-loss-1e-4,042-codex_z-loss-1e-4 (discard),,token,scratch,cap-6 train.jsonl 155k,6,rl-harness-EI,1,dev1108,1108,dev_metric,64,0.8,250,nd_verify,,2026-09-23,copied,nd-rl:robbie-experiments:code/experiments/current/autoresearch/results/042-codex_z-loss-1e-4/results.json
robbie-autoresearch-token:042-codex_z-loss-1e-4,042-codex_z-loss-1e-4 (discard),,token,scratch,cap-6 train.jsonl 155k,6,rl-harness-EI,2,dev1108,1108,dev_metric,64,0.8,222,nd_verify,,2026-09-23,copied,nd-rl:robbie-experiments:code/experiments/current/autoresearch/results/042-codex_z-loss-1e-4/results.json
robbie-autoresearch-token:043-codex_orthogonal-init,043-codex_orthogonal-init (keep),,token,scratch,cap-6 train.jsonl 155k,6,rl-harness-EI,0,dev1108,1108,dev_metric,64,0.8,282,nd_verify,,2026-09-23,copied,nd-rl:robbie-experiments:code/experiments/current/autoresearch/results/043-codex_orthogonal-init/results.json
robbie-autoresearch-token:043-codex_orthogonal-init,043-codex_orthogonal-init (keep),,token,scratch,cap-6 train.jsonl 155k,6,rl-harness-EI,1,dev1108,1108,dev_metric,64,0.8,275,nd_verify,,2026-09-23,copied,nd-rl:robbie-experiments:code/experiments/current/autoresearch/results/043-codex_orthogonal-init/results.json
robbie-autoresearch-token:043-codex_orthogonal-init,043-codex_orthogonal-init (keep),,token,scratch,cap-6 train.jsonl 155k,6,rl-harness-EI,2,dev1108,1108,dev_metric,64,0.8,269,nd_verify,,2026-09-23,copied,nd-rl:robbie-experiments:code/experiments/current/autoresearch/results/043-codex_orthogonal-init/results.json
robbie-autoresearch-token:044-claude_gated-attention,044-claude_gated-attention (discard),,token,scratch,cap-6 train.jsonl 155k,6,rl-harness-EI,0,dev1108,1108,dev_metric,64,0.8,202,nd_verify,,2026-09-23,copied,nd-rl:robbie-experiments:code/experiments/current/autoresearch/results/044-claude_gated-attention/results.json
robbie-autoresearch-token:044-claude_gated-attention,044-claude_gated-attention (discard),,token,scratch,cap-6 train.jsonl 155k,6,rl-harness-EI,1,dev1108,1108,dev_metric,64,0.8,58,nd_verify,,2026-09-23,copied,nd-rl:robbie-experiments:code/experiments/current/autoresearch/results/044-claude_gated-attention/results.json
robbie-autoresearch-token:044-claude_gated-attention,044-claude_gated-attention (discard),,token,scratch,cap-6 train.jsonl 155k,6,rl-harness-EI,2,dev1108,1108,dev_metric,64,0.8,226,nd_verify,,2026-09-23,copied,nd-rl:robbie-experiments:code/experiments/current/autoresearch/results/044-claude_gated-attention/results.json
robbie-autoresearch-token:045-codex_split-qkv-orthogonal-init,045-codex_split-qkv-orthogonal-init (discard),,token,scratch,cap-6 train.jsonl 155k,6,rl-harness-EI,0,dev1108,1108,dev_metric,64,0.8,231,nd_verify,,2026-09-23,copied,nd-rl:robbie-experiments:code/experiments/current/autoresearch/results/045-codex_split-qkv-orthogonal-init/results.json
robbie-autoresearch-token:045-codex_split-qkv-orthogonal-init,045-codex_split-qkv-orthogonal-init (discard),,token,scratch,cap-6 train.jsonl 155k,6,rl-harness-EI,1,dev1108,1108,dev_metric,64,0.8,306,nd_verify,,2026-09-23,copied,nd-rl:robbie-experiments:code/experiments/current/autoresearch/results/045-codex_split-qkv-orthogonal-init/results.json
robbie-autoresearch-token:045-codex_split-qkv-orthogonal-init,045-codex_split-qkv-orthogonal-init (discard),,token,scratch,cap-6 train.jsonl 155k,6,rl-harness-EI,2,dev1108,1108,dev_metric,64,0.8,249,nd_verify,,2026-09-23,copied,nd-rl:robbie-experiments:code/experiments/current/autoresearch/results/045-codex_split-qkv-orthogonal-init/results.json
robbie-autoresearch-token:046-codex_muon-no-nesterov,046-codex_muon-no-nesterov (discard),,token,scratch,cap-6 train.jsonl 155k,6,rl-harness-EI,0,dev1108,1108,dev_metric,64,0.8,274,nd_verify,,2026-09-23,copied,nd-rl:robbie-experiments:code/experiments/current/autoresearch/results/046-codex_muon-no-nesterov/results.json
robbie-autoresearch-token:046-codex_muon-no-nesterov,046-codex_muon-no-nesterov (discard),,token,scratch,cap-6 train.jsonl 155k,6,rl-harness-EI,1,dev1108,1108,dev_metric,64,0.8,118,nd_verify,,2026-09-23,copied,nd-rl:robbie-experiments:code/experiments/current/autoresearch/results/046-codex_muon-no-nesterov/results.json
robbie-autoresearch-token:046-codex_muon-no-nesterov,046-codex_muon-no-nesterov (discard),,token,scratch,cap-6 train.jsonl 155k,6,rl-harness-EI,2,dev1108,1108,dev_metric,64,0.8,215,nd_verify,,2026-09-23,copied,nd-rl:robbie-experiments:code/experiments/current/autoresearch/results/046-codex_muon-no-nesterov/results.json
robbie-autoresearch-token:047-claude_swiglu,047-claude_swiglu (discard),,token,scratch,cap-6 train.jsonl 155k,6,rl-harness-EI,0,dev1108,1108,dev_metric,64,0.8,156,nd_verify,,2026-09-23,copied,nd-rl:robbie-experiments:code/experiments/current/autoresearch/results/047-claude_swiglu/results.json
robbie-autoresearch-token:047-claude_swiglu,047-claude_swiglu (discard),,token,scratch,cap-6 train.jsonl 155k,6,rl-harness-EI,1,dev1108,1108,dev_metric,64,0.8,82,nd_verify,,2026-09-23,copied,nd-rl:robbie-experiments:code/experiments/current/autoresearch/results/047-claude_swiglu/results.json
robbie-autoresearch-token:047-claude_swiglu,047-claude_swiglu (discard),,token,scratch,cap-6 train.jsonl 155k,6,rl-harness-EI,2,dev1108,1108,dev_metric,64,0.8,203,nd_verify,,2026-09-23,copied,nd-rl:robbie-experiments:code/experiments/current/autoresearch/results/047-claude_swiglu/results.json
robbie-autoresearch-token:048-codex_checkpoint-average-tail,048-codex_checkpoint-average-tail (discard),,token,scratch,cap-6 train.jsonl 155k,6,rl-harness-EI,0,dev1108,1108,dev_metric,64,0.8,274,nd_verify,,2026-09-23,copied,nd-rl:robbie-experiments:code/experiments/current/autoresearch/results/048-codex_checkpoint-average-tail/results.json
robbie-autoresearch-token:048-codex_checkpoint-average-tail,048-codex_checkpoint-average-tail (discard),,token,scratch,cap-6 train.jsonl 155k,6,rl-harness-EI,1,dev1108,1108,dev_metric,64,0.8,248,nd_verify,,2026-09-23,copied,nd-rl:robbie-experiments:code/experiments/current/autoresearch/results/048-codex_checkpoint-average-tail/results.json
robbie-autoresearch-token:048-codex_checkpoint-average-tail,048-codex_checkpoint-average-tail (discard),,token,scratch,cap-6 train.jsonl 155k,6,rl-harness-EI,2,dev1108,1108,dev_metric,64,0.8,268,nd_verify,,2026-09-23,copied,nd-rl:robbie-experiments:code/experiments/current/autoresearch/results/048-codex_checkpoint-average-tail/results.json
robbie-autoresearch-token:049-claude_heads-4,049-claude_heads-4 (discard),,token,scratch,cap-6 train.jsonl 155k,6,rl-harness-EI,0,dev1108,1108,dev_metric,64,0.8,249,nd_verify,,2026-09-23,copied,nd-rl:robbie-experiments:code/experiments/current/autoresearch/results/049-claude_heads-4/results.json
robbie-autoresearch-token:049-claude_heads-4,049-claude_heads-4 (discard),,token,scratch,cap-6 train.jsonl 155k,6,rl-harness-EI,1,dev1108,1108,dev_metric,64,0.8,258,nd_verify,,2026-09-23,copied,nd-rl:robbie-experiments:code/experiments/current/autoresearch/results/049-claude_heads-4/results.json
robbie-autoresearch-token:049-claude_heads-4,049-claude_heads-4 (discard),,token,scratch,cap-6 train.jsonl 155k,6,rl-harness-EI,2,dev1108,1108,dev_metric,64,0.8,152,nd_verify,,2026-09-23,copied,nd-rl:robbie-experiments:code/experiments/current/autoresearch/results/049-claude_heads-4/results.json
robbie-autoresearch-token:050-codex_residual-dropout-005,050-codex_residual-dropout-005 (discard),,token,scratch,cap-6 train.jsonl 155k,6,rl-harness-EI,0,dev1108,1108,dev_metric,64,0.8,48,nd_verify,,2026-09-23,copied,nd-rl:robbie-experiments:code/experiments/current/autoresearch/results/050-codex_residual-dropout-005/results.json
robbie-autoresearch-token:050-codex_residual-dropout-005,050-codex_residual-dropout-005 (discard),,token,scratch,cap-6 train.jsonl 155k,6,rl-harness-EI,1,dev1108,1108,dev_metric,64,0.8,71,nd_verify,,2026-09-23,copied,nd-rl:robbie-experiments:code/experiments/current/autoresearch/results/050-codex_residual-dropout-005/results.json
robbie-autoresearch-token:050-codex_residual-dropout-005,050-codex_residual-dropout-005 (discard),,token,scratch,cap-6 train.jsonl 155k,6,rl-harness-EI,2,dev1108,1108,dev_metric,64,0.8,206,nd_verify,,2026-09-23,copied,nd-rl:robbie-experiments:code/experiments/current/autoresearch/results/050-codex_residual-dropout-005/results.json
robbie-autoresearch-token:051-claude_depth-5,051-claude_depth-5 (keep),,token,scratch,cap-6 train.jsonl 155k,6,rl-harness-EI,0,dev1108,1108,dev_metric,64,0.8,288,nd_verify,,2026-09-23,copied,nd-rl:robbie-experiments:code/experiments/current/autoresearch/results/051-claude_depth-5/results.json
robbie-autoresearch-token:051-claude_depth-5,051-claude_depth-5 (keep),,token,scratch,cap-6 train.jsonl 155k,6,rl-harness-EI,1,dev1108,1108,dev_metric,64,0.8,260,nd_verify,,2026-09-23,copied,nd-rl:robbie-experiments:code/experiments/current/autoresearch/results/051-claude_depth-5/results.json
robbie-autoresearch-token:051-claude_depth-5,051-claude_depth-5 (keep),,token,scratch,cap-6 train.jsonl 155k,6,rl-harness-EI,2,dev1108,1108,dev_metric,64,0.8,311,nd_verify,,2026-09-23,copied,nd-rl:robbie-experiments:code/experiments/current/autoresearch/results/051-claude_depth-5/results.json
robbie-autoresearch-token:052-codex_entropy-bonus-001,052-codex_entropy-bonus-001 (keep),,token,scratch,cap-6 train.jsonl 155k,6,rl-harness-EI,0,dev1108,1108,dev_metric,64,0.8,292,nd_verify,,2026-09-23,copied,nd-rl:robbie-experiments:code/experiments/current/autoresearch/results/052-codex_entropy-bonus-001/results.json
robbie-autoresearch-token:052-codex_entropy-bonus-001,052-codex_entropy-bonus-001 (keep),,token,scratch,cap-6 train.jsonl 155k,6,rl-harness-EI,1,dev1108,1108,dev_metric,64,0.8,300,nd_verify,,2026-09-23,copied,nd-rl:robbie-experiments:code/experiments/current/autoresearch/results/052-codex_entropy-bonus-001/results.json
robbie-autoresearch-token:052-codex_entropy-bonus-001,052-codex_entropy-bonus-001 (keep),,token,scratch,cap-6 train.jsonl 155k,6,rl-harness-EI,2,dev1108,1108,dev_metric,64,0.8,249,nd_verify,,2026-09-23,copied,nd-rl:robbie-experiments:code/experiments/current/autoresearch/results/052-codex_entropy-bonus-001/results.json
robbie-autoresearch-token:053-codex_entropy-bonus-002,053-codex_entropy-bonus-002 (discard),,token,scratch,cap-6 train.jsonl 155k,6,rl-harness-EI,0,dev1108,1108,dev_metric,64,0.8,202,nd_verify,,2026-09-23,copied,nd-rl:robbie-experiments:code/experiments/current/autoresearch/results/053-codex_entropy-bonus-002/results.json
robbie-autoresearch-token:053-codex_entropy-bonus-002,053-codex_entropy-bonus-002 (discard),,token,scratch,cap-6 train.jsonl 155k,6,rl-harness-EI,1,dev1108,1108,dev_metric,64,0.8,262,nd_verify,,2026-09-23,copied,nd-rl:robbie-experiments:code/experiments/current/autoresearch/results/053-codex_entropy-bonus-002/results.json
robbie-autoresearch-token:053-codex_entropy-bonus-002,053-codex_entropy-bonus-002 (discard),,token,scratch,cap-6 train.jsonl 155k,6,rl-harness-EI,2,dev1108,1108,dev_metric,64,0.8,210,nd_verify,,2026-09-23,copied,nd-rl:robbie-experiments:code/experiments/current/autoresearch/results/053-codex_entropy-bonus-002/results.json
robbie-autoresearch-token:054-claude_top-mlp,054-claude_top-mlp (discard),,token,scratch,cap-6 train.jsonl 155k,6,rl-harness-EI,0,dev1108,1108,dev_metric,64,0.8,325,nd_verify,,2026-09-23,copied,nd-rl:robbie-experiments:code/experiments/current/autoresearch/results/054-claude_top-mlp/results.json
robbie-autoresearch-token:054-claude_top-mlp,054-claude_top-mlp (discard),,token,scratch,cap-6 train.jsonl 155k,6,rl-harness-EI,1,dev1108,1108,dev_metric,64,0.8,177,nd_verify,,2026-09-23,copied,nd-rl:robbie-experiments:code/experiments/current/autoresearch/results/054-claude_top-mlp/results.json
robbie-autoresearch-token:054-claude_top-mlp,054-claude_top-mlp (discard),,token,scratch,cap-6 train.jsonl 155k,6,rl-harness-EI,2,dev1108,1108,dev_metric,64,0.8,216,nd_verify,,2026-09-23,copied,nd-rl:robbie-experiments:code/experiments/current/autoresearch/results/054-claude_top-mlp/results.json
robbie-autoresearch-token:054-codex_depth5-entropy-001,054-codex_depth5-entropy-001 (discard),,token,scratch,cap-6 train.jsonl 155k,6,rl-harness-EI,0,dev1108,1108,dev_metric,64,0.8,256,nd_verify,,2026-09-23,copied,nd-rl:robbie-experiments:code/experiments/current/autoresearch/results/054-codex_depth5-entropy-001/results.json
robbie-autoresearch-token:054-codex_depth5-entropy-001,054-codex_depth5-entropy-001 (discard),,token,scratch,cap-6 train.jsonl 155k,6,rl-harness-EI,1,dev1108,1108,dev_metric,64,0.8,232,nd_verify,,2026-09-23,copied,nd-rl:robbie-experiments:code/experiments/current/autoresearch/results/054-codex_depth5-entropy-001/results.json
robbie-autoresearch-token:054-codex_depth5-entropy-001,054-codex_depth5-entropy-001 (discard),,token,scratch,cap-6 train.jsonl 155k,6,rl-harness-EI,2,dev1108,1108,dev_metric,64,0.8,287,nd_verify,,2026-09-23,copied,nd-rl:robbie-experiments:code/experiments/current/autoresearch/results/054-codex_depth5-entropy-001/results.json
robbie-autoresearch-token:055-codex_muon-lr-015,055-codex_muon-lr-015 (discard),,token,scratch,cap-6 train.jsonl 155k,6,rl-harness-EI,0,dev1108,1108,dev_metric,64,0.8,265,nd_verify,,2026-09-23,copied,nd-rl:robbie-experiments:code/experiments/current/autoresearch/results/055-codex_muon-lr-015/results.json
robbie-autoresearch-token:055-codex_muon-lr-015,055-codex_muon-lr-015 (discard),,token,scratch,cap-6 train.jsonl 155k,6,rl-harness-EI,1,dev1108,1108,dev_metric,64,0.8,185,nd_verify,,2026-09-23,copied,nd-rl:robbie-experiments:code/experiments/current/autoresearch/results/055-codex_muon-lr-015/results.json
robbie-autoresearch-token:055-codex_muon-lr-015,055-codex_muon-lr-015 (discard),,token,scratch,cap-6 train.jsonl 155k,6,rl-harness-EI,2,dev1108,1108,dev_metric,64,0.8,303,nd_verify,,2026-09-23,copied,nd-rl:robbie-experiments:code/experiments/current/autoresearch/results/055-codex_muon-lr-015/results.json
robbie-autoresearch-token:056-claude_mtp-depth1,056-claude_mtp-depth1 (discard),,token,scratch,cap-6 train.jsonl 155k,6,rl-harness-EI,0,dev1108,1108,dev_metric,64,0.8,257,nd_verify,,2026-09-23,copied,nd-rl:robbie-experiments:code/experiments/current/autoresearch/results/056-claude_mtp-depth1/results.json
robbie-autoresearch-token:056-claude_mtp-depth1,056-claude_mtp-depth1 (discard),,token,scratch,cap-6 train.jsonl 155k,6,rl-harness-EI,1,dev1108,1108,dev_metric,64,0.8,228,nd_verify,,2026-09-23,copied,nd-rl:robbie-experiments:code/experiments/current/autoresearch/results/056-claude_mtp-depth1/results.json
robbie-autoresearch-token:056-claude_mtp-depth1,056-claude_mtp-depth1 (discard),,token,scratch,cap-6 train.jsonl 155k,6,rl-harness-EI,2,dev1108,1108,dev_metric,64,0.8,287,nd_verify,,2026-09-23,copied,nd-rl:robbie-experiments:code/experiments/current/autoresearch/results/056-claude_mtp-depth1/results.json
robbie-autoresearch-token:057-claude_depth6-width224,057-claude_depth6-width224 (discard),,token,scratch,cap-6 train.jsonl 155k,6,rl-harness-EI,0,dev1108,1108,dev_metric,64,0.8,317,nd_verify,,2026-09-23,copied,nd-rl:robbie-experiments:code/experiments/current/autoresearch/results/057-claude_depth6-width224/results.json
robbie-autoresearch-token:057-claude_depth6-width224,057-claude_depth6-width224 (discard),,token,scratch,cap-6 train.jsonl 155k,6,rl-harness-EI,1,dev1108,1108,dev_metric,64,0.8,253,nd_verify,,2026-09-23,copied,nd-rl:robbie-experiments:code/experiments/current/autoresearch/results/057-claude_depth6-width224/results.json
robbie-autoresearch-token:057-claude_depth6-width224,057-claude_depth6-width224 (discard),,token,scratch,cap-6 train.jsonl 155k,6,rl-harness-EI,2,dev1108,1108,dev_metric,64,0.8,262,nd_verify,,2026-09-23,copied,nd-rl:robbie-experiments:code/experiments/current/autoresearch/results/057-claude_depth6-width224/results.json
robbie-autoresearch-token:058-claude_nope-block3,058-claude_nope-block3 (discard),,token,scratch,cap-6 train.jsonl 155k,6,rl-harness-EI,0,dev1108,1108,dev_metric,64,0.8,238,nd_verify,,2026-09-23,copied,nd-rl:robbie-experiments:code/experiments/current/autoresearch/results/058-claude_nope-block3/results.json
robbie-autoresearch-token:058-claude_nope-block3,058-claude_nope-block3 (discard),,token,scratch,cap-6 train.jsonl 155k,6,rl-harness-EI,1,dev1108,1108,dev_metric,64,0.8,267,nd_verify,,2026-09-23,copied,nd-rl:robbie-experiments:code/experiments/current/autoresearch/results/058-claude_nope-block3/results.json
robbie-autoresearch-token:058-claude_nope-block3,058-claude_nope-block3 (discard),,token,scratch,cap-6 train.jsonl 155k,6,rl-harness-EI,2,dev1108,1108,dev_metric,64,0.8,285,nd_verify,,2026-09-23,copied,nd-rl:robbie-experiments:code/experiments/current/autoresearch/results/058-claude_nope-block3/results.json
robbie-autoresearch-token:059-claude_qk-norm,059-claude_qk-norm (discard),,token,scratch,cap-6 train.jsonl 155k,6,rl-harness-EI,0,dev1108,1108,dev_metric,64,0.8,49,nd_verify,,2026-09-23,copied,nd-rl:robbie-experiments:code/experiments/current/autoresearch/results/059-claude_qk-norm/results.json
robbie-autoresearch-token:059-claude_qk-norm,059-claude_qk-norm (discard),,token,scratch,cap-6 train.jsonl 155k,6,rl-harness-EI,1,dev1108,1108,dev_metric,64,0.8,98,nd_verify,,2026-09-23,copied,nd-rl:robbie-experiments:code/experiments/current/autoresearch/results/059-claude_qk-norm/results.json
robbie-autoresearch-token:059-claude_qk-norm,059-claude_qk-norm (discard),,token,scratch,cap-6 train.jsonl 155k,6,rl-harness-EI,2,dev1108,1108,dev_metric,64,0.8,78,nd_verify,,2026-09-23,copied,nd-rl:robbie-experiments:code/experiments/current/autoresearch/results/059-claude_qk-norm/results.json
robbie-autoresearch-token:060-claude_value-residual,060-claude_value-residual (discard),,token,scratch,cap-6 train.jsonl 155k,6,rl-harness-EI,0,dev1108,1108,dev_metric,64,0.8,190,nd_verify,,2026-09-23,copied,nd-rl:robbie-experiments:code/experiments/current/autoresearch/results/060-claude_value-residual/results.json
robbie-autoresearch-token:060-claude_value-residual,060-claude_value-residual (discard),,token,scratch,cap-6 train.jsonl 155k,6,rl-harness-EI,1,dev1108,1108,dev_metric,64,0.8,270,nd_verify,,2026-09-23,copied,nd-rl:robbie-experiments:code/experiments/current/autoresearch/results/060-claude_value-residual/results.json
robbie-autoresearch-token:060-claude_value-residual,060-claude_value-residual (discard),,token,scratch,cap-6 train.jsonl 155k,6,rl-harness-EI,2,dev1108,1108,dev_metric,64,0.8,221,nd_verify,,2026-09-23,copied,nd-rl:robbie-experiments:code/experiments/current/autoresearch/results/060-claude_value-residual/results.json
robbie-autoresearch-token:061-claude_rope-base-500,061-claude_rope-base-500 (discard),,token,scratch,cap-6 train.jsonl 155k,6,rl-harness-EI,0,dev1108,1108,dev_metric,64,0.8,216,nd_verify,,2026-09-23,copied,nd-rl:robbie-experiments:code/experiments/current/autoresearch/results/061-claude_rope-base-500/results.json
robbie-autoresearch-token:061-claude_rope-base-500,061-claude_rope-base-500 (discard),,token,scratch,cap-6 train.jsonl 155k,6,rl-harness-EI,1,dev1108,1108,dev_metric,64,0.8,219,nd_verify,,2026-09-23,copied,nd-rl:robbie-experiments:code/experiments/current/autoresearch/results/061-claude_rope-base-500/results.json
robbie-autoresearch-token:061-claude_rope-base-500,061-claude_rope-base-500 (discard),,token,scratch,cap-6 train.jsonl 155k,6,rl-harness-EI,2,dev1108,1108,dev_metric,64,0.8,231,nd_verify,,2026-09-23,copied,nd-rl:robbie-experiments:code/experiments/current/autoresearch/results/061-claude_rope-base-500/results.json
robbie-autoresearch-token:062-claude_depth-6,062-claude_depth-6 (discard),,token,scratch,cap-6 train.jsonl 155k,6,rl-harness-EI,0,dev1108,1108,dev_metric,64,0.8,278,nd_verify,,2026-09-23,copied,nd-rl:robbie-experiments:code/experiments/current/autoresearch/results/062-claude_depth-6/results.json
robbie-autoresearch-token:062-claude_depth-6,062-claude_depth-6 (discard),,token,scratch,cap-6 train.jsonl 155k,6,rl-harness-EI,1,dev1108,1108,dev_metric,64,0.8,307,nd_verify,,2026-09-23,copied,nd-rl:robbie-experiments:code/experiments/current/autoresearch/results/062-claude_depth-6/results.json
robbie-autoresearch-token:062-claude_depth-6,062-claude_depth-6 (discard),,token,scratch,cap-6 train.jsonl 155k,6,rl-harness-EI,2,dev1108,1108,dev_metric,64,0.8,238,nd_verify,,2026-09-23,copied,nd-rl:robbie-experiments:code/experiments/current/autoresearch/results/062-claude_depth-6/results.json
robbie-autoresearch-token:063-claude_zero-init-proj,063-claude_zero-init-proj (discard),,token,scratch,cap-6 train.jsonl 155k,6,rl-harness-EI,0,dev1108,1108,dev_metric,64,0.8,200,nd_verify,,2026-09-23,copied,nd-rl:robbie-experiments:code/experiments/current/autoresearch/results/063-claude_zero-init-proj/results.json
robbie-autoresearch-token:063-claude_zero-init-proj,063-claude_zero-init-proj (discard),,token,scratch,cap-6 train.jsonl 155k,6,rl-harness-EI,1,dev1108,1108,dev_metric,64,0.8,279,nd_verify,,2026-09-23,copied,nd-rl:robbie-experiments:code/experiments/current/autoresearch/results/063-claude_zero-init-proj/results.json
robbie-autoresearch-token:063-claude_zero-init-proj,063-claude_zero-init-proj (discard),,token,scratch,cap-6 train.jsonl 155k,6,rl-harness-EI,2,dev1108,1108,dev_metric,64,0.8,277,nd_verify,,2026-09-23,copied,nd-rl:robbie-experiments:code/experiments/current/autoresearch/results/063-claude_zero-init-proj/results.json
robbie-autoresearch-token:064-claude_muon-head,064-claude_muon-head (keep),,token,scratch,cap-6 train.jsonl 155k,6,rl-harness-EI,0,dev1108,1108,dev_metric,64,0.8,306,nd_verify,,2026-09-24,copied,nd-rl:robbie-experiments:code/experiments/current/autoresearch/results/064-claude_muon-head/results.json
robbie-autoresearch-token:064-claude_muon-head,064-claude_muon-head (keep),,token,scratch,cap-6 train.jsonl 155k,6,rl-harness-EI,1,dev1108,1108,dev_metric,64,0.8,270,nd_verify,,2026-09-24,copied,nd-rl:robbie-experiments:code/experiments/current/autoresearch/results/064-claude_muon-head/results.json
robbie-autoresearch-token:064-claude_muon-head,064-claude_muon-head (keep),,token,scratch,cap-6 train.jsonl 155k,6,rl-harness-EI,2,dev1108,1108,dev_metric,64,0.8,302,nd_verify,,2026-09-24,copied,nd-rl:robbie-experiments:code/experiments/current/autoresearch/results/064-claude_muon-head/results.json
robbie-autoresearch-token:065-claude_muon-emb,065-claude_muon-emb (discard),,token,scratch,cap-6 train.jsonl 155k,6,rl-harness-EI,0,dev1108,1108,dev_metric,64,0.8,218,nd_verify,,2026-09-24,copied,nd-rl:robbie-experiments:code/experiments/current/autoresearch/results/065-claude_muon-emb/results.json
robbie-autoresearch-token:065-claude_muon-emb,065-claude_muon-emb (discard),,token,scratch,cap-6 train.jsonl 155k,6,rl-harness-EI,1,dev1108,1108,dev_metric,64,0.8,211,nd_verify,,2026-09-24,copied,nd-rl:robbie-experiments:code/experiments/current/autoresearch/results/065-claude_muon-emb/results.json
robbie-autoresearch-token:065-claude_muon-emb,065-claude_muon-emb (discard),,token,scratch,cap-6 train.jsonl 155k,6,rl-harness-EI,2,dev1108,1108,dev_metric,64,0.8,138,nd_verify,,2026-09-24,copied,nd-rl:robbie-experiments:code/experiments/current/autoresearch/results/065-claude_muon-emb/results.json
robbie-autoresearch-token:066-claude_bs-128,066-claude_bs-128 (keep),,token,scratch,cap-6 train.jsonl 155k,6,rl-harness-EI,0,dev1108,1108,dev_metric,64,0.8,319,nd_verify,,2026-09-24,copied,nd-rl:robbie-experiments:code/experiments/current/autoresearch/results/066-claude_bs-128/results.json
robbie-autoresearch-token:066-claude_bs-128,066-claude_bs-128 (keep),,token,scratch,cap-6 train.jsonl 155k,6,rl-harness-EI,1,dev1108,1108,dev_metric,64,0.8,293,nd_verify,,2026-09-24,copied,nd-rl:robbie-experiments:code/experiments/current/autoresearch/results/066-claude_bs-128/results.json
robbie-autoresearch-token:066-claude_bs-128,066-claude_bs-128 (keep),,token,scratch,cap-6 train.jsonl 155k,6,rl-harness-EI,2,dev1108,1108,dev_metric,64,0.8,335,nd_verify,,2026-09-24,copied,nd-rl:robbie-experiments:code/experiments/current/autoresearch/results/066-claude_bs-128/results.json
robbie-autoresearch-token:067-claude_bs-64,067-claude_bs-64 (discard),,token,scratch,cap-6 train.jsonl 155k,6,rl-harness-EI,0,dev1108,1108,dev_metric,64,0.8,334,nd_verify,,2026-09-24,copied,nd-rl:robbie-experiments:code/experiments/current/autoresearch/results/067-claude_bs-64/results.json
robbie-autoresearch-token:067-claude_bs-64,067-claude_bs-64 (discard),,token,scratch,cap-6 train.jsonl 155k,6,rl-harness-EI,1,dev1108,1108,dev_metric,64,0.8,179,nd_verify,,2026-09-24,copied,nd-rl:robbie-experiments:code/experiments/current/autoresearch/results/067-claude_bs-64/results.json
robbie-autoresearch-token:067-claude_bs-64,067-claude_bs-64 (discard),,token,scratch,cap-6 train.jsonl 155k,6,rl-harness-EI,2,dev1108,1108,dev_metric,64,0.8,308,nd_verify,,2026-09-24,copied,nd-rl:robbie-experiments:code/experiments/current/autoresearch/results/067-claude_bs-64/results.json
robbie-autoresearch-token:068-claude_muon-lr-007,068-claude_muon-lr-007 (discard),,token,scratch,cap-6 train.jsonl 155k,6,rl-harness-EI,0,dev1108,1108,dev_metric,64,0.8,310,nd_verify,,2026-09-24,copied,nd-rl:robbie-experiments:code/experiments/current/autoresearch/results/068-claude_muon-lr-007/results.json
robbie-autoresearch-token:068-claude_muon-lr-007,068-claude_muon-lr-007 (discard),,token,scratch,cap-6 train.jsonl 155k,6,rl-harness-EI,1,dev1108,1108,dev_metric,64,0.8,297,nd_verify,,2026-09-24,copied,nd-rl:robbie-experiments:code/experiments/current/autoresearch/results/068-claude_muon-lr-007/results.json
robbie-autoresearch-token:068-claude_muon-lr-007,068-claude_muon-lr-007 (discard),,token,scratch,cap-6 train.jsonl 155k,6,rl-harness-EI,2,dev1108,1108,dev_metric,64,0.8,309,nd_verify,,2026-09-24,copied,nd-rl:robbie-experiments:code/experiments/current/autoresearch/results/068-claude_muon-lr-007/results.json
robbie-autoresearch-token:069-claude_muon-wd-3x,069-claude_muon-wd-3x (keep),,token,scratch,cap-6 train.jsonl 155k,6,rl-harness-EI,0,dev1108,1108,dev_metric,64,0.8,335,nd_verify,,2026-09-24,copied,nd-rl:robbie-experiments:code/experiments/current/autoresearch/results/069-claude_muon-wd-3x/results.json
robbie-autoresearch-token:069-claude_muon-wd-3x,069-claude_muon-wd-3x (keep),,token,scratch,cap-6 train.jsonl 155k,6,rl-harness-EI,1,dev1108,1108,dev_metric,64,0.8,285,nd_verify,,2026-09-24,copied,nd-rl:robbie-experiments:code/experiments/current/autoresearch/results/069-claude_muon-wd-3x/results.json
robbie-autoresearch-token:069-claude_muon-wd-3x,069-claude_muon-wd-3x (keep),,token,scratch,cap-6 train.jsonl 155k,6,rl-harness-EI,2,dev1108,1108,dev_metric,64,0.8,362,nd_verify,,2026-09-24,copied,nd-rl:robbie-experiments:code/experiments/current/autoresearch/results/069-claude_muon-wd-3x/results.json
robbie-autoresearch-token:070-claude_muon-wd-10x,070-claude_muon-wd-10x (keep),,token,scratch,cap-6 train.jsonl 155k,6,rl-harness-EI,0,dev1108,1108,dev_metric,64,0.8,359,nd_verify,,2026-09-24,copied,nd-rl:robbie-experiments:code/experiments/current/autoresearch/results/070-claude_muon-wd-10x/results.json
robbie-autoresearch-token:070-claude_muon-wd-10x,070-claude_muon-wd-10x (keep),,token,scratch,cap-6 train.jsonl 155k,6,rl-harness-EI,1,dev1108,1108,dev_metric,64,0.8,335,nd_verify,,2026-09-24,copied,nd-rl:robbie-experiments:code/experiments/current/autoresearch/results/070-claude_muon-wd-10x/results.json
robbie-autoresearch-token:070-claude_muon-wd-10x,070-claude_muon-wd-10x (keep),,token,scratch,cap-6 train.jsonl 155k,6,rl-harness-EI,2,dev1108,1108,dev_metric,64,0.8,364,nd_verify,,2026-09-24,copied,nd-rl:robbie-experiments:code/experiments/current/autoresearch/results/070-claude_muon-wd-10x/results.json
robbie-autoresearch-token:072-claude_resid-handoff-half,072-claude_resid-handoff-half (discard),,token,scratch,cap-6 train.jsonl 155k,6,rl-harness-EI,0,dev1108,1108,dev_metric,64,0.8,370,nd_verify,,2026-09-24,copied,nd-rl:robbie-experiments:code/experiments/current/autoresearch/results/072-claude_resid-handoff-half/results.json
robbie-autoresearch-token:072-claude_resid-handoff-half,072-claude_resid-handoff-half (discard),,token,scratch,cap-6 train.jsonl 155k,6,rl-harness-EI,1,dev1108,1108,dev_metric,64,0.8,350,nd_verify,,2026-09-24,copied,nd-rl:robbie-experiments:code/experiments/current/autoresearch/results/072-claude_resid-handoff-half/results.json
robbie-autoresearch-token:072-claude_resid-handoff-half,072-claude_resid-handoff-half (discard),,token,scratch,cap-6 train.jsonl 155k,6,rl-harness-EI,2,dev1108,1108,dev_metric,64,0.8,311,nd_verify,,2026-09-24,copied,nd-rl:robbie-experiments:code/experiments/current/autoresearch/results/072-claude_resid-handoff-half/results.json
robbie-autoresearch-token:073-claude_emb-wd-10x,073-claude_emb-wd-10x (discard),,token,scratch,cap-6 train.jsonl 155k,6,rl-harness-EI,0,dev1108,1108,dev_metric,64,0.8,318,nd_verify,,2026-09-24,copied,nd-rl:robbie-experiments:code/experiments/current/autoresearch/results/073-claude_emb-wd-10x/results.json
robbie-autoresearch-token:073-claude_emb-wd-10x,073-claude_emb-wd-10x (discard),,token,scratch,cap-6 train.jsonl 155k,6,rl-harness-EI,1,dev1108,1108,dev_metric,64,0.8,326,nd_verify,,2026-09-24,copied,nd-rl:robbie-experiments:code/experiments/current/autoresearch/results/073-claude_emb-wd-10x/results.json
robbie-autoresearch-token:073-claude_emb-wd-10x,073-claude_emb-wd-10x (discard),,token,scratch,cap-6 train.jsonl 155k,6,rl-harness-EI,2,dev1108,1108,dev_metric,64,0.8,378,nd_verify,,2026-09-24,copied,nd-rl:robbie-experiments:code/experiments/current/autoresearch/results/073-claude_emb-wd-10x/results.json
robbie-autoresearch-token:074-claude_resid-handoff-exact,074-claude_resid-handoff-exact (discard),,token,scratch,cap-6 train.jsonl 155k,6,rl-harness-EI,0,dev1108,1108,dev_metric,64,0.8,375,nd_verify,,2026-09-24,copied,nd-rl:robbie-experiments:code/experiments/current/autoresearch/results/074-claude_resid-handoff-exact/results.json
robbie-autoresearch-token:074-claude_resid-handoff-exact,074-claude_resid-handoff-exact (discard),,token,scratch,cap-6 train.jsonl 155k,6,rl-harness-EI,1,dev1108,1108,dev_metric,64,0.8,350,nd_verify,,2026-09-24,copied,nd-rl:robbie-experiments:code/experiments/current/autoresearch/results/074-claude_resid-handoff-exact/results.json
robbie-autoresearch-token:074-claude_resid-handoff-exact,074-claude_resid-handoff-exact (discard),,token,scratch,cap-6 train.jsonl 155k,6,rl-harness-EI,2,dev1108,1108,dev_metric,64,0.8,302,nd_verify,,2026-09-24,copied,nd-rl:robbie-experiments:code/experiments/current/autoresearch/results/074-claude_resid-handoff-exact/results.json
robbie-autoresearch-token:075-claude_muon-wd-15x,075-claude_muon-wd-15x (discard),,token,scratch,cap-6 train.jsonl 155k,6,rl-harness-EI,0,dev1108,1108,dev_metric,64,0.8,355,nd_verify,,2026-09-24,copied,nd-rl:robbie-experiments:code/experiments/current/autoresearch/results/075-claude_muon-wd-15x/results.json
robbie-autoresearch-token:075-claude_muon-wd-15x,075-claude_muon-wd-15x (discard),,token,scratch,cap-6 train.jsonl 155k,6,rl-harness-EI,1,dev1108,1108,dev_metric,64,0.8,316,nd_verify,,2026-09-24,copied,nd-rl:robbie-experiments:code/experiments/current/autoresearch/results/075-claude_muon-wd-15x/results.json
robbie-autoresearch-token:075-claude_muon-wd-15x,075-claude_muon-wd-15x (discard),,token,scratch,cap-6 train.jsonl 155k,6,rl-harness-EI,2,dev1108,1108,dev_metric,64,0.8,302,nd_verify,,2026-09-24,copied,nd-rl:robbie-experiments:code/experiments/current/autoresearch/results/075-claude_muon-wd-15x/results.json
robbie-autoresearch-token:076-claude_relu-squared,076-claude_relu-squared (discard),,token,scratch,cap-6 train.jsonl 155k,6,rl-harness-EI,0,dev1108,1108,dev_metric,64,0.8,297,nd_verify,,2026-09-24,copied,nd-rl:robbie-experiments:code/experiments/current/autoresearch/results/076-claude_relu-squared/results.json
robbie-autoresearch-token:076-claude_relu-squared,076-claude_relu-squared (discard),,token,scratch,cap-6 train.jsonl 155k,6,rl-harness-EI,1,dev1108,1108,dev_metric,64,0.8,323,nd_verify,,2026-09-24,copied,nd-rl:robbie-experiments:code/experiments/current/autoresearch/results/076-claude_relu-squared/results.json
robbie-autoresearch-token:076-claude_relu-squared,076-claude_relu-squared (discard),,token,scratch,cap-6 train.jsonl 155k,6,rl-harness-EI,2,dev1108,1108,dev_metric,64,0.8,339,nd_verify,,2026-09-24,copied,nd-rl:robbie-experiments:code/experiments/current/autoresearch/results/076-claude_relu-squared/results.json
robbie-autoresearch-token:077-claude_lr-floor-03,077-claude_lr-floor-03 (discard),,token,scratch,cap-6 train.jsonl 155k,6,rl-harness-EI,0,dev1108,1108,dev_metric,64,0.8,370,nd_verify,,2026-09-24,copied,nd-rl:robbie-experiments:code/experiments/current/autoresearch/results/077-claude_lr-floor-03/results.json
robbie-autoresearch-token:077-claude_lr-floor-03,077-claude_lr-floor-03 (discard),,token,scratch,cap-6 train.jsonl 155k,6,rl-harness-EI,1,dev1108,1108,dev_metric,64,0.8,308,nd_verify,,2026-09-24,copied,nd-rl:robbie-experiments:code/experiments/current/autoresearch/results/077-claude_lr-floor-03/results.json
robbie-autoresearch-token:077-claude_lr-floor-03,077-claude_lr-floor-03 (discard),,token,scratch,cap-6 train.jsonl 155k,6,rl-harness-EI,2,dev1108,1108,dev_metric,64,0.8,382,nd_verify,,2026-09-24,copied,nd-rl:robbie-experiments:code/experiments/current/autoresearch/results/077-claude_lr-floor-03/results.json
robbie-autoresearch-token:078-claude_muon-rms-scale,078-claude_muon-rms-scale (keep),,token,scratch,cap-6 train.jsonl 155k,6,rl-harness-EI,0,dev1108,1108,dev_metric,64,0.8,402,nd_verify,,2026-09-24,copied,nd-rl:robbie-experiments:code/experiments/current/autoresearch/results/078-claude_muon-rms-scale/results.json
robbie-autoresearch-token:078-claude_muon-rms-scale,078-claude_muon-rms-scale (keep),,token,scratch,cap-6 train.jsonl 155k,6,rl-harness-EI,1,dev1108,1108,dev_metric,64,0.8,340,nd_verify,,2026-09-24,copied,nd-rl:robbie-experiments:code/experiments/current/autoresearch/results/078-claude_muon-rms-scale/results.json
robbie-autoresearch-token:078-claude_muon-rms-scale,078-claude_muon-rms-scale (keep),,token,scratch,cap-6 train.jsonl 155k,6,rl-harness-EI,2,dev1108,1108,dev_metric,64,0.8,325,nd_verify,,2026-09-24,copied,nd-rl:robbie-experiments:code/experiments/current/autoresearch/results/078-claude_muon-rms-scale/results.json
robbie-autoresearch-token:079-claude_attn-temp,079-claude_attn-temp (discard),,token,scratch,cap-6 train.jsonl 155k,6,rl-harness-EI,0,dev1108,1108,dev_metric,64,0.8,314,nd_verify,,2026-09-24,copied,nd-rl:robbie-experiments:code/experiments/current/autoresearch/results/079-claude_attn-temp/results.json
robbie-autoresearch-token:079-claude_attn-temp,079-claude_attn-temp (discard),,token,scratch,cap-6 train.jsonl 155k,6,rl-harness-EI,1,dev1108,1108,dev_metric,64,0.8,297,nd_verify,,2026-09-24,copied,nd-rl:robbie-experiments:code/experiments/current/autoresearch/results/079-claude_attn-temp/results.json
robbie-autoresearch-token:079-claude_attn-temp,079-claude_attn-temp (discard),,token,scratch,cap-6 train.jsonl 155k,6,rl-harness-EI,2,dev1108,1108,dev_metric,64,0.8,428,nd_verify,,2026-09-24,copied,nd-rl:robbie-experiments:code/experiments/current/autoresearch/results/079-claude_attn-temp/results.json
robbie-autoresearch-token:080-claude_no-grad-clip,080-claude_no-grad-clip (discard),,token,scratch,cap-6 train.jsonl 155k,6,rl-harness-EI,0,dev1108,1108,dev_metric,64,0.8,354,nd_verify,,2026-09-24,copied,nd-rl:robbie-experiments:code/experiments/current/autoresearch/results/080-claude_no-grad-clip/results.json
robbie-autoresearch-token:080-claude_no-grad-clip,080-claude_no-grad-clip (discard),,token,scratch,cap-6 train.jsonl 155k,6,rl-harness-EI,1,dev1108,1108,dev_metric,64,0.8,337,nd_verify,,2026-09-24,copied,nd-rl:robbie-experiments:code/experiments/current/autoresearch/results/080-claude_no-grad-clip/results.json
robbie-autoresearch-token:080-claude_no-grad-clip,080-claude_no-grad-clip (discard),,token,scratch,cap-6 train.jsonl 155k,6,rl-harness-EI,2,dev1108,1108,dev_metric,64,0.8,323,nd_verify,,2026-09-24,copied,nd-rl:robbie-experiments:code/experiments/current/autoresearch/results/080-claude_no-grad-clip/results.json
robbie-autoresearch-token:081-claude_polar-express,081-claude_polar-express (keep),,token,scratch,cap-6 train.jsonl 155k,6,rl-harness-EI,0,dev1108,1108,dev_metric,64,0.8,433,nd_verify,,2026-09-24,copied,nd-rl:robbie-experiments:code/experiments/current/autoresearch/results/081-claude_polar-express/results.json
robbie-autoresearch-token:081-claude_polar-express,081-claude_polar-express (keep),,token,scratch,cap-6 train.jsonl 155k,6,rl-harness-EI,1,dev1108,1108,dev_metric,64,0.8,356,nd_verify,,2026-09-24,copied,nd-rl:robbie-experiments:code/experiments/current/autoresearch/results/081-claude_polar-express/results.json
robbie-autoresearch-token:081-claude_polar-express,081-claude_polar-express (keep),,token,scratch,cap-6 train.jsonl 155k,6,rl-harness-EI,2,dev1108,1108,dev_metric,64,0.8,422,nd_verify,,2026-09-24,copied,nd-rl:robbie-experiments:code/experiments/current/autoresearch/results/081-claude_polar-express/results.json
robbie-autoresearch-token:082-claude_normuon,082-claude_normuon (discard),,token,scratch,cap-6 train.jsonl 155k,6,rl-harness-EI,0,dev1108,1108,dev_metric,64,0.8,400,nd_verify,,2026-09-24,copied,nd-rl:robbie-experiments:code/experiments/current/autoresearch/results/082-claude_normuon/results.json
robbie-autoresearch-token:082-claude_normuon,082-claude_normuon (discard),,token,scratch,cap-6 train.jsonl 155k,6,rl-harness-EI,1,dev1108,1108,dev_metric,64,0.8,314,nd_verify,,2026-09-24,copied,nd-rl:robbie-experiments:code/experiments/current/autoresearch/results/082-claude_normuon/results.json
robbie-autoresearch-token:082-claude_normuon,082-claude_normuon (discard),,token,scratch,cap-6 train.jsonl 155k,6,rl-harness-EI,2,dev1108,1108,dev_metric,64,0.8,390,nd_verify,,2026-09-24,copied,nd-rl:robbie-experiments:code/experiments/current/autoresearch/results/082-claude_normuon/results.json
robbie-autoresearch-token:084-claude_muon-per-head-qkv,084-claude_muon-per-head-qkv (discard),,token,scratch,cap-6 train.jsonl 155k,6,rl-harness-EI,0,dev1108,1108,dev_metric,64,0.8,371,nd_verify,,2026-09-24,copied,nd-rl:robbie-experiments:code/experiments/current/autoresearch/results/084-claude_muon-per-head-qkv/results.json
robbie-autoresearch-token:084-claude_muon-per-head-qkv,084-claude_muon-per-head-qkv (discard),,token,scratch,cap-6 train.jsonl 155k,6,rl-harness-EI,1,dev1108,1108,dev_metric,64,0.8,304,nd_verify,,2026-09-24,copied,nd-rl:robbie-experiments:code/experiments/current/autoresearch/results/084-claude_muon-per-head-qkv/results.json
robbie-autoresearch-token:084-claude_muon-per-head-qkv,084-claude_muon-per-head-qkv (discard),,token,scratch,cap-6 train.jsonl 155k,6,rl-harness-EI,2,dev1108,1108,dev_metric,64,0.8,379,nd_verify,,2026-09-24,copied,nd-rl:robbie-experiments:code/experiments/current/autoresearch/results/084-claude_muon-per-head-qkv/results.json
robbie-autoresearch-token:085-claude_muon-polish-step,085-claude_muon-polish-step (discard),,token,scratch,cap-6 train.jsonl 155k,6,rl-harness-EI,0,dev1108,1108,dev_metric,64,0.8,327,nd_verify,,2026-09-24,copied,nd-rl:robbie-experiments:code/experiments/current/autoresearch/results/085-claude_muon-polish-step/results.json
robbie-autoresearch-token:085-claude_muon-polish-step,085-claude_muon-polish-step (discard),,token,scratch,cap-6 train.jsonl 155k,6,rl-harness-EI,1,dev1108,1108,dev_metric,64,0.8,363,nd_verify,,2026-09-24,copied,nd-rl:robbie-experiments:code/experiments/current/autoresearch/results/085-claude_muon-polish-step/results.json
robbie-autoresearch-token:085-claude_muon-polish-step,085-claude_muon-polish-step (discard),,token,scratch,cap-6 train.jsonl 155k,6,rl-harness-EI,2,dev1108,1108,dev_metric,64,0.8,360,nd_verify,,2026-09-24,copied,nd-rl:robbie-experiments:code/experiments/current/autoresearch/results/085-claude_muon-polish-step/results.json
robbie-autoresearch-token:086-claude_cautious-wd,086-claude_cautious-wd (discard),,token,scratch,cap-6 train.jsonl 155k,6,rl-harness-EI,0,dev1108,1108,dev_metric,64,0.8,365,nd_verify,,2026-09-24,copied,nd-rl:robbie-experiments:code/experiments/current/autoresearch/results/086-claude_cautious-wd/results.json
robbie-autoresearch-token:086-claude_cautious-wd,086-claude_cautious-wd (discard),,token,scratch,cap-6 train.jsonl 155k,6,rl-harness-EI,1,dev1108,1108,dev_metric,64,0.8,276,nd_verify,,2026-09-24,copied,nd-rl:robbie-experiments:code/experiments/current/autoresearch/results/086-claude_cautious-wd/results.json
robbie-autoresearch-token:086-claude_cautious-wd,086-claude_cautious-wd (discard),,token,scratch,cap-6 train.jsonl 155k,6,rl-harness-EI,2,dev1108,1108,dev_metric,64,0.8,330,nd_verify,,2026-09-24,copied,nd-rl:robbie-experiments:code/experiments/current/autoresearch/results/086-claude_cautious-wd/results.json
robbie-autoresearch-token:087-claude_emb-lr-5x,087-claude_emb-lr-5x (discard),,token,scratch,cap-6 train.jsonl 155k,6,rl-harness-EI,0,dev1108,1108,dev_metric,64,0.8,372,nd_verify,,2026-09-24,copied,nd-rl:robbie-experiments:code/experiments/current/autoresearch/results/087-claude_emb-lr-5x/results.json
robbie-autoresearch-token:087-claude_emb-lr-5x,087-claude_emb-lr-5x (discard),,token,scratch,cap-6 train.jsonl 155k,6,rl-harness-EI,1,dev1108,1108,dev_metric,64,0.8,369,nd_verify,,2026-09-24,copied,nd-rl:robbie-experiments:code/experiments/current/autoresearch/results/087-claude_emb-lr-5x/results.json
robbie-autoresearch-token:087-claude_emb-lr-5x,087-claude_emb-lr-5x (discard),,token,scratch,cap-6 train.jsonl 155k,6,rl-harness-EI,2,dev1108,1108,dev_metric,64,0.8,373,nd_verify,,2026-09-24,copied,nd-rl:robbie-experiments:code/experiments/current/autoresearch/results/087-claude_emb-lr-5x/results.json
robbie-autoresearch-token:088-claude_muon-cosine-zero,088-claude_muon-cosine-zero (discard),,token,scratch,cap-6 train.jsonl 155k,6,rl-harness-EI,0,dev1108,1108,dev_metric,64,0.8,373,nd_verify,,2026-09-24,copied,nd-rl:robbie-experiments:code/experiments/current/autoresearch/results/088-claude_muon-cosine-zero/results.json
robbie-autoresearch-token:088-claude_muon-cosine-zero,088-claude_muon-cosine-zero (discard),,token,scratch,cap-6 train.jsonl 155k,6,rl-harness-EI,1,dev1108,1108,dev_metric,64,0.8,301,nd_verify,,2026-09-24,copied,nd-rl:robbie-experiments:code/experiments/current/autoresearch/results/088-claude_muon-cosine-zero/results.json
robbie-autoresearch-token:088-claude_muon-cosine-zero,088-claude_muon-cosine-zero (discard),,token,scratch,cap-6 train.jsonl 155k,6,rl-harness-EI,2,dev1108,1108,dev_metric,64,0.8,341,nd_verify,,2026-09-24,copied,nd-rl:robbie-experiments:code/experiments/current/autoresearch/results/088-claude_muon-cosine-zero/results.json
robbie-autoresearch-token:089-claude_loop-abbbc,089-claude_loop-abbbc (discard),,token,scratch,cap-6 train.jsonl 155k,6,rl-harness-EI,0,dev1108,1108,dev_metric,64,0.8,363,nd_verify,,2026-09-24,copied,nd-rl:robbie-experiments:code/experiments/current/autoresearch/results/089-claude_loop-abbbc/results.json
robbie-autoresearch-token:089-claude_loop-abbbc,089-claude_loop-abbbc (discard),,token,scratch,cap-6 train.jsonl 155k,6,rl-harness-EI,1,dev1108,1108,dev_metric,64,0.8,306,nd_verify,,2026-09-24,copied,nd-rl:robbie-experiments:code/experiments/current/autoresearch/results/089-claude_loop-abbbc/results.json
robbie-autoresearch-token:089-claude_loop-abbbc,089-claude_loop-abbbc (discard),,token,scratch,cap-6 train.jsonl 155k,6,rl-harness-EI,2,dev1108,1108,dev_metric,64,0.8,338,nd_verify,,2026-09-24,copied,nd-rl:robbie-experiments:code/experiments/current/autoresearch/results/089-claude_loop-abbbc/results.json
robbie-autoresearch-token:090-claude_ssmax,090-claude_ssmax (discard),,token,scratch,cap-6 train.jsonl 155k,6,rl-harness-EI,0,dev1108,1108,dev_metric,64,0.8,386,nd_verify,,2026-09-24,copied,nd-rl:robbie-experiments:code/experiments/current/autoresearch/results/090-claude_ssmax/results.json
robbie-autoresearch-token:090-claude_ssmax,090-claude_ssmax (discard),,token,scratch,cap-6 train.jsonl 155k,6,rl-harness-EI,1,dev1108,1108,dev_metric,64,0.8,313,nd_verify,,2026-09-24,copied,nd-rl:robbie-experiments:code/experiments/current/autoresearch/results/090-claude_ssmax/results.json
robbie-autoresearch-token:090-claude_ssmax,090-claude_ssmax (discard),,token,scratch,cap-6 train.jsonl 155k,6,rl-harness-EI,2,dev1108,1108,dev_metric,64,0.8,391,nd_verify,,2026-09-24,copied,nd-rl:robbie-experiments:code/experiments/current/autoresearch/results/090-claude_ssmax/results.json
robbie-autoresearch-token:091-claude_logit-softcap,091-claude_logit-softcap (discard),,token,scratch,cap-6 train.jsonl 155k,6,rl-harness-EI,0,dev1108,1108,dev_metric,64,0.8,367,nd_verify,,2026-09-24,copied,nd-rl:robbie-experiments:code/experiments/current/autoresearch/results/091-claude_logit-softcap/results.json
robbie-autoresearch-token:091-claude_logit-softcap,091-claude_logit-softcap (discard),,token,scratch,cap-6 train.jsonl 155k,6,rl-harness-EI,1,dev1108,1108,dev_metric,64,0.8,362,nd_verify,,2026-09-24,copied,nd-rl:robbie-experiments:code/experiments/current/autoresearch/results/091-claude_logit-softcap/results.json
robbie-autoresearch-token:091-claude_logit-softcap,091-claude_logit-softcap (discard),,token,scratch,cap-6 train.jsonl 155k,6,rl-harness-EI,2,dev1108,1108,dev_metric,64,0.8,286,nd_verify,,2026-09-24,copied,nd-rl:robbie-experiments:code/experiments/current/autoresearch/results/091-claude_logit-softcap/results.json
robbie-autoresearch-token:092-claude_bs-96,092-claude_bs-96 (discard),,token,scratch,cap-6 train.jsonl 155k,6,rl-harness-EI,0,dev1108,1108,dev_metric,64,0.8,407,nd_verify,,2026-09-24,copied,nd-rl:robbie-experiments:code/experiments/current/autoresearch/results/092-claude_bs-96/results.json
robbie-autoresearch-token:092-claude_bs-96,092-claude_bs-96 (discard),,token,scratch,cap-6 train.jsonl 155k,6,rl-harness-EI,1,dev1108,1108,dev_metric,64,0.8,408,nd_verify,,2026-09-24,copied,nd-rl:robbie-experiments:code/experiments/current/autoresearch/results/092-claude_bs-96/results.json
robbie-autoresearch-token:092-claude_bs-96,092-claude_bs-96 (discard),,token,scratch,cap-6 train.jsonl 155k,6,rl-harness-EI,2,dev1108,1108,dev_metric,64,0.8,356,nd_verify,,2026-09-24,copied,nd-rl:robbie-experiments:code/experiments/current/autoresearch/results/092-claude_bs-96/results.json
robbie-autoresearch-token:093-claude_entropy-penalty,093-claude_entropy-penalty (discard),,token,scratch,cap-6 train.jsonl 155k,6,rl-harness-EI,0,dev1108,1108,dev_metric,64,0.8,363,nd_verify,,2026-09-24,copied,nd-rl:robbie-experiments:code/experiments/current/autoresearch/results/093-claude_entropy-penalty/results.json
robbie-autoresearch-token:093-claude_entropy-penalty,093-claude_entropy-penalty (discard),,token,scratch,cap-6 train.jsonl 155k,6,rl-harness-EI,1,dev1108,1108,dev_metric,64,0.8,217,nd_verify,,2026-09-24,copied,nd-rl:robbie-experiments:code/experiments/current/autoresearch/results/093-claude_entropy-penalty/results.json
robbie-autoresearch-token:093-claude_entropy-penalty,093-claude_entropy-penalty (discard),,token,scratch,cap-6 train.jsonl 155k,6,rl-harness-EI,2,dev1108,1108,dev_metric,64,0.8,400,nd_verify,,2026-09-24,copied,nd-rl:robbie-experiments:code/experiments/current/autoresearch/results/093-claude_entropy-penalty/results.json
robbie-autoresearch-token:094-claude_muon-momentum-warmup,094-claude_muon-momentum-warmup (discard),,token,scratch,cap-6 train.jsonl 155k,6,rl-harness-EI,0,dev1108,1108,dev_metric,64,0.8,365,nd_verify,,2026-09-24,copied,nd-rl:robbie-experiments:code/experiments/current/autoresearch/results/094-claude_muon-momentum-warmup/results.json
robbie-autoresearch-token:094-claude_muon-momentum-warmup,094-claude_muon-momentum-warmup (discard),,token,scratch,cap-6 train.jsonl 155k,6,rl-harness-EI,1,dev1108,1108,dev_metric,64,0.8,315,nd_verify,,2026-09-24,copied,nd-rl:robbie-experiments:code/experiments/current/autoresearch/results/094-claude_muon-momentum-warmup/results.json
robbie-autoresearch-token:094-claude_muon-momentum-warmup,094-claude_muon-momentum-warmup (discard),,token,scratch,cap-6 train.jsonl 155k,6,rl-harness-EI,2,dev1108,1108,dev_metric,64,0.8,303,nd_verify,,2026-09-24,copied,nd-rl:robbie-experiments:code/experiments/current/autoresearch/results/094-claude_muon-momentum-warmup/results.json
robbie-autoresearch-token:095-claude_muon-lr-012,095-claude_muon-lr-012 (discard),,token,scratch,cap-6 train.jsonl 155k,6,rl-harness-EI,0,dev1108,1108,dev_metric,64,0.8,332,nd_verify,,2026-09-24,copied,nd-rl:robbie-experiments:code/experiments/current/autoresearch/results/095-claude_muon-lr-012/results.json
robbie-autoresearch-token:095-claude_muon-lr-012,095-claude_muon-lr-012 (discard),,token,scratch,cap-6 train.jsonl 155k,6,rl-harness-EI,1,dev1108,1108,dev_metric,64,0.8,329,nd_verify,,2026-09-24,copied,nd-rl:robbie-experiments:code/experiments/current/autoresearch/results/095-claude_muon-lr-012/results.json
robbie-autoresearch-token:095-claude_muon-lr-012,095-claude_muon-lr-012 (discard),,token,scratch,cap-6 train.jsonl 155k,6,rl-harness-EI,2,dev1108,1108,dev_metric,64,0.8,378,nd_verify,,2026-09-24,copied,nd-rl:robbie-experiments:code/experiments/current/autoresearch/results/095-claude_muon-lr-012/results.json
robbie-autoresearch-token:096-claude_prompt-loss,096-claude_prompt-loss (discard),,token,scratch,cap-6 train.jsonl 155k,6,rl-harness-EI,0,dev1108,1108,dev_metric,64,0.8,369,nd_verify,,2026-09-24,copied,nd-rl:robbie-experiments:code/experiments/current/autoresearch/results/096-claude_prompt-loss/results.json
robbie-autoresearch-token:096-claude_prompt-loss,096-claude_prompt-loss (discard),,token,scratch,cap-6 train.jsonl 155k,6,rl-harness-EI,1,dev1108,1108,dev_metric,64,0.8,299,nd_verify,,2026-09-24,copied,nd-rl:robbie-experiments:code/experiments/current/autoresearch/results/096-claude_prompt-loss/results.json
robbie-autoresearch-token:096-claude_prompt-loss,096-claude_prompt-loss (discard),,token,scratch,cap-6 train.jsonl 155k,6,rl-harness-EI,2,dev1108,1108,dev_metric,64,0.8,355,nd_verify,,2026-09-24,copied,nd-rl:robbie-experiments:code/experiments/current/autoresearch/results/096-claude_prompt-loss/results.json
robbie-autoresearch-lean:100-claude_lean-baseline-2400,100-claude_lean-baseline-2400 (keep),,lean_seq,scratch,cap-6 train.jsonl 155k,6,rl-harness-EI,0,dev1108,1108,dev_metric,64,0.8,527,lean_and_ndverify,,2026-09-24,copied,nd-rl:robbie-experiments:code/experiments/current/autoresearch/results/100-claude_lean-baseline-2400/results.json
robbie-autoresearch-lean:100-claude_lean-baseline-2400,100-claude_lean-baseline-2400 (keep),,lean_seq,scratch,cap-6 train.jsonl 155k,6,rl-harness-EI,1,dev1108,1108,dev_metric,64,0.8,559,lean_and_ndverify,,2026-09-24,copied,nd-rl:robbie-experiments:code/experiments/current/autoresearch/results/100-claude_lean-baseline-2400/results.json
robbie-autoresearch-lean:100-claude_lean-baseline-2400,100-claude_lean-baseline-2400 (keep),,lean_seq,scratch,cap-6 train.jsonl 155k,6,rl-harness-EI,2,dev1108,1108,dev_metric,64,0.8,604,lean_and_ndverify,,2026-09-24,copied,nd-rl:robbie-experiments:code/experiments/current/autoresearch/results/100-claude_lean-baseline-2400/results.json
robbie-autoresearch-lean:100-claude_lean-baseline-2400,100-claude_lean-baseline-2400 (keep),,lean_seq,scratch,cap-6 train.jsonl 155k,6,rl-harness-EI,0,holdout1177,1177,solved,64,0.8,552,lean_and_ndverify,,2026-09-24,copied,nd-rl:robbie-experiments:code/experiments/current/autoresearch/results/100-claude_lean-baseline-2400/holdout.json
robbie-autoresearch-lean:100-claude_lean-baseline-2400,100-claude_lean-baseline-2400 (keep),,lean_seq,scratch,cap-6 train.jsonl 155k,6,rl-harness-EI,1,holdout1177,1177,solved,64,0.8,604,lean_and_ndverify,,2026-09-24,copied,nd-rl:robbie-experiments:code/experiments/current/autoresearch/results/100-claude_lean-baseline-2400/holdout.json
robbie-autoresearch-lean:100-claude_lean-baseline-2400,100-claude_lean-baseline-2400 (keep),,lean_seq,scratch,cap-6 train.jsonl 155k,6,rl-harness-EI,2,holdout1177,1177,solved,64,0.8,641,lean_and_ndverify,,2026-09-24,copied,nd-rl:robbie-experiments:code/experiments/current/autoresearch/results/100-claude_lean-baseline-2400/holdout.json
robbie-autoresearch-lean:101-claude_lean-depth-6,101-claude_lean-depth-6 (keep),,lean_seq,scratch,cap-6 train.jsonl 155k,6,rl-harness-EI,0,dev1108,1108,dev_metric,64,0.8,537,lean_and_ndverify,,2026-09-24,copied,nd-rl:robbie-experiments:code/experiments/current/autoresearch/results/101-claude_lean-depth-6/results.json
robbie-autoresearch-lean:101-claude_lean-depth-6,101-claude_lean-depth-6 (keep),,lean_seq,scratch,cap-6 train.jsonl 155k,6,rl-harness-EI,1,dev1108,1108,dev_metric,64,0.8,594,lean_and_ndverify,,2026-09-24,copied,nd-rl:robbie-experiments:code/experiments/current/autoresearch/results/101-claude_lean-depth-6/results.json
robbie-autoresearch-lean:101-claude_lean-depth-6,101-claude_lean-depth-6 (keep),,lean_seq,scratch,cap-6 train.jsonl 155k,6,rl-harness-EI,2,dev1108,1108,dev_metric,64,0.8,608,lean_and_ndverify,,2026-09-24,copied,nd-rl:robbie-experiments:code/experiments/current/autoresearch/results/101-claude_lean-depth-6/results.json
robbie-autoresearch-lean:101-claude_lean-depth-6,101-claude_lean-depth-6 (keep),,lean_seq,scratch,cap-6 train.jsonl 155k,6,rl-harness-EI,0,holdout1177,1177,solved,64,0.8,566,lean_and_ndverify,,2026-09-24,copied,nd-rl:robbie-experiments:code/experiments/current/autoresearch/results/101-claude_lean-depth-6/holdout.json
robbie-autoresearch-lean:101-claude_lean-depth-6,101-claude_lean-depth-6 (keep),,lean_seq,scratch,cap-6 train.jsonl 155k,6,rl-harness-EI,1,holdout1177,1177,solved,64,0.8,632,lean_and_ndverify,,2026-09-24,copied,nd-rl:robbie-experiments:code/experiments/current/autoresearch/results/101-claude_lean-depth-6/holdout.json
robbie-autoresearch-lean:101-claude_lean-depth-6,101-claude_lean-depth-6 (keep),,lean_seq,scratch,cap-6 train.jsonl 155k,6,rl-harness-EI,2,holdout1177,1177,solved,64,0.8,659,lean_and_ndverify,,2026-09-24,copied,nd-rl:robbie-experiments:code/experiments/current/autoresearch/results/101-claude_lean-depth-6/holdout.json
robbie-autoresearch-lean:102-claude_lean-depth-7,102-claude_lean-depth-7 (discard),,lean_seq,scratch,cap-6 train.jsonl 155k,6,rl-harness-EI,0,dev1108,1108,dev_metric,64,0.8,531,lean_and_ndverify,,2026-09-24,copied,nd-rl:robbie-experiments:code/experiments/current/autoresearch/results/102-claude_lean-depth-7/results.json
robbie-autoresearch-lean:102-claude_lean-depth-7,102-claude_lean-depth-7 (discard),,lean_seq,scratch,cap-6 train.jsonl 155k,6,rl-harness-EI,1,dev1108,1108,dev_metric,64,0.8,537,lean_and_ndverify,,2026-09-24,copied,nd-rl:robbie-experiments:code/experiments/current/autoresearch/results/102-claude_lean-depth-7/results.json
robbie-autoresearch-lean:102-claude_lean-depth-7,102-claude_lean-depth-7 (discard),,lean_seq,scratch,cap-6 train.jsonl 155k,6,rl-harness-EI,2,dev1108,1108,dev_metric,64,0.8,559,lean_and_ndverify,,2026-09-24,copied,nd-rl:robbie-experiments:code/experiments/current/autoresearch/results/102-claude_lean-depth-7/results.json
robbie-autoresearch-lean:102-claude_lean-depth-7,102-claude_lean-depth-7 (discard),,lean_seq,scratch,cap-6 train.jsonl 155k,6,rl-harness-EI,0,holdout1177,1177,solved,64,0.8,570,lean_and_ndverify,,2026-09-24,copied,nd-rl:robbie-experiments:code/experiments/current/autoresearch/results/102-claude_lean-depth-7/holdout.json
robbie-autoresearch-lean:102-claude_lean-depth-7,102-claude_lean-depth-7 (discard),,lean_seq,scratch,cap-6 train.jsonl 155k,6,rl-harness-EI,1,holdout1177,1177,solved,64,0.8,571,lean_and_ndverify,,2026-09-24,copied,nd-rl:robbie-experiments:code/experiments/current/autoresearch/results/102-claude_lean-depth-7/holdout.json
robbie-autoresearch-lean:102-claude_lean-depth-7,102-claude_lean-depth-7 (discard),,lean_seq,scratch,cap-6 train.jsonl 155k,6,rl-harness-EI,2,holdout1177,1177,solved,64,0.8,583,lean_and_ndverify,,2026-09-24,copied,nd-rl:robbie-experiments:code/experiments/current/autoresearch/results/102-claude_lean-depth-7/holdout.json
robbie-autoresearch-lean:103-claude_lean-mlp-5x,103-claude_lean-mlp-5x (discard),,lean_seq,scratch,cap-6 train.jsonl 155k,6,rl-harness-EI,0,dev1108,1108,dev_metric,64,0.8,499,lean_and_ndverify,,2026-09-24,copied,nd-rl:robbie-experiments:code/experiments/current/autoresearch/results/103-claude_lean-mlp-5x/results.json
robbie-autoresearch-lean:103-claude_lean-mlp-5x,103-claude_lean-mlp-5x (discard),,lean_seq,scratch,cap-6 train.jsonl 155k,6,rl-harness-EI,1,dev1108,1108,dev_metric,64,0.8,568,lean_and_ndverify,,2026-09-24,copied,nd-rl:robbie-experiments:code/experiments/current/autoresearch/results/103-claude_lean-mlp-5x/results.json
robbie-autoresearch-lean:103-claude_lean-mlp-5x,103-claude_lean-mlp-5x (discard),,lean_seq,scratch,cap-6 train.jsonl 155k,6,rl-harness-EI,2,dev1108,1108,dev_metric,64,0.8,578,lean_and_ndverify,,2026-09-24,copied,nd-rl:robbie-experiments:code/experiments/current/autoresearch/results/103-claude_lean-mlp-5x/results.json
robbie-autoresearch-lean:103-claude_lean-mlp-5x,103-claude_lean-mlp-5x (discard),,lean_seq,scratch,cap-6 train.jsonl 155k,6,rl-harness-EI,0,holdout1177,1177,solved,64,0.8,533,lean_and_ndverify,,2026-09-24,copied,nd-rl:robbie-experiments:code/experiments/current/autoresearch/results/103-claude_lean-mlp-5x/holdout.json
robbie-autoresearch-lean:103-claude_lean-mlp-5x,103-claude_lean-mlp-5x (discard),,lean_seq,scratch,cap-6 train.jsonl 155k,6,rl-harness-EI,1,holdout1177,1177,solved,64,0.8,606,lean_and_ndverify,,2026-09-24,copied,nd-rl:robbie-experiments:code/experiments/current/autoresearch/results/103-claude_lean-mlp-5x/holdout.json
robbie-autoresearch-lean:103-claude_lean-mlp-5x,103-claude_lean-mlp-5x (discard),,lean_seq,scratch,cap-6 train.jsonl 155k,6,rl-harness-EI,2,holdout1177,1177,solved,64,0.8,634,lean_and_ndverify,,2026-09-24,copied,nd-rl:robbie-experiments:code/experiments/current/autoresearch/results/103-claude_lean-mlp-5x/holdout.json
robbie-autoresearch-lean:104-claude_lean-muon-lr-008,104-claude_lean-muon-lr-008 (discard),,lean_seq,scratch,cap-6 train.jsonl 155k,6,rl-harness-EI,0,dev1108,1108,dev_metric,64,0.8,574,lean_and_ndverify,,2026-09-24,copied,nd-rl:robbie-experiments:code/experiments/current/autoresearch/results/104-claude_lean-muon-lr-008/results.json
robbie-autoresearch-lean:104-claude_lean-muon-lr-008,104-claude_lean-muon-lr-008 (discard),,lean_seq,scratch,cap-6 train.jsonl 155k,6,rl-harness-EI,1,dev1108,1108,dev_metric,64,0.8,579,lean_and_ndverify,,2026-09-24,copied,nd-rl:robbie-experiments:code/experiments/current/autoresearch/results/104-claude_lean-muon-lr-008/results.json
robbie-autoresearch-lean:104-claude_lean-muon-lr-008,104-claude_lean-muon-lr-008 (discard),,lean_seq,scratch,cap-6 train.jsonl 155k,6,rl-harness-EI,2,dev1108,1108,dev_metric,64,0.8,546,lean_and_ndverify,,2026-09-24,copied,nd-rl:robbie-experiments:code/experiments/current/autoresearch/results/104-claude_lean-muon-lr-008/results.json
robbie-autoresearch-lean:104-claude_lean-muon-lr-008,104-claude_lean-muon-lr-008 (discard),,lean_seq,scratch,cap-6 train.jsonl 155k,6,rl-harness-EI,0,holdout1177,1177,solved,64,0.8,615,lean_and_ndverify,,2026-09-24,copied,nd-rl:robbie-experiments:code/experiments/current/autoresearch/results/104-claude_lean-muon-lr-008/holdout.json
robbie-autoresearch-lean:104-claude_lean-muon-lr-008,104-claude_lean-muon-lr-008 (discard),,lean_seq,scratch,cap-6 train.jsonl 155k,6,rl-harness-EI,1,holdout1177,1177,solved,64,0.8,614,lean_and_ndverify,,2026-09-24,copied,nd-rl:robbie-experiments:code/experiments/current/autoresearch/results/104-claude_lean-muon-lr-008/holdout.json
robbie-autoresearch-lean:104-claude_lean-muon-lr-008,104-claude_lean-muon-lr-008 (discard),,lean_seq,scratch,cap-6 train.jsonl 155k,6,rl-harness-EI,2,holdout1177,1177,solved,64,0.8,579,lean_and_ndverify,,2026-09-24,copied,nd-rl:robbie-experiments:code/experiments/current/autoresearch/results/104-claude_lean-muon-lr-008/holdout.json
robbie-autoresearch-lean:105-claude_lean-loop-middle,105-claude_lean-loop-middle (discard),,lean_seq,scratch,cap-6 train.jsonl 155k,6,rl-harness-EI,0,dev1108,1108,dev_metric,64,0.8,536,lean_and_ndverify,,2026-09-24,copied,nd-rl:robbie-experiments:code/experiments/current/autoresearch/results/105-claude_lean-loop-middle/results.json
robbie-autoresearch-lean:105-claude_lean-loop-middle,105-claude_lean-loop-middle (discard),,lean_seq,scratch,cap-6 train.jsonl 155k,6,rl-harness-EI,1,dev1108,1108,dev_metric,64,0.8,524,lean_and_ndverify,,2026-09-24,copied,nd-rl:robbie-experiments:code/experiments/current/autoresearch/results/105-claude_lean-loop-middle/results.json
robbie-autoresearch-lean:105-claude_lean-loop-middle,105-claude_lean-loop-middle (discard),,lean_seq,scratch,cap-6 train.jsonl 155k,6,rl-harness-EI,2,dev1108,1108,dev_metric,64,0.8,577,lean_and_ndverify,,2026-09-24,copied,nd-rl:robbie-experiments:code/experiments/current/autoresearch/results/105-claude_lean-loop-middle/results.json
robbie-autoresearch-lean:105-claude_lean-loop-middle,105-claude_lean-loop-middle (discard),,lean_seq,scratch,cap-6 train.jsonl 155k,6,rl-harness-EI,0,holdout1177,1177,solved,64,0.8,554,lean_and_ndverify,,2026-09-24,copied,nd-rl:robbie-experiments:code/experiments/current/autoresearch/results/105-claude_lean-loop-middle/holdout.json
robbie-autoresearch-lean:105-claude_lean-loop-middle,105-claude_lean-loop-middle (discard),,lean_seq,scratch,cap-6 train.jsonl 155k,6,rl-harness-EI,1,holdout1177,1177,solved,64,0.8,574,lean_and_ndverify,,2026-09-24,copied,nd-rl:robbie-experiments:code/experiments/current/autoresearch/results/105-claude_lean-loop-middle/holdout.json
robbie-autoresearch-lean:105-claude_lean-loop-middle,105-claude_lean-loop-middle (discard),,lean_seq,scratch,cap-6 train.jsonl 155k,6,rl-harness-EI,2,holdout1177,1177,solved,64,0.8,620,lean_and_ndverify,,2026-09-24,copied,nd-rl:robbie-experiments:code/experiments/current/autoresearch/results/105-claude_lean-loop-middle/holdout.json
robbie-autoresearch-lean:106-claude_lean-shared-attn,106-claude_lean-shared-attn (discard),,lean_seq,scratch,cap-6 train.jsonl 155k,6,rl-harness-EI,0,dev1108,1108,dev_metric,64,0.8,588,lean_and_ndverify,,2026-09-24,copied,nd-rl:robbie-experiments:code/experiments/current/autoresearch/results/106-claude_lean-shared-attn/results.json
robbie-autoresearch-lean:106-claude_lean-shared-attn,106-claude_lean-shared-attn (discard),,lean_seq,scratch,cap-6 train.jsonl 155k,6,rl-harness-EI,1,dev1108,1108,dev_metric,64,0.8,560,lean_and_ndverify,,2026-09-24,copied,nd-rl:robbie-experiments:code/experiments/current/autoresearch/results/106-claude_lean-shared-attn/results.json
robbie-autoresearch-lean:106-claude_lean-shared-attn,106-claude_lean-shared-attn (discard),,lean_seq,scratch,cap-6 train.jsonl 155k,6,rl-harness-EI,2,dev1108,1108,dev_metric,64,0.8,543,lean_and_ndverify,,2026-09-24,copied,nd-rl:robbie-experiments:code/experiments/current/autoresearch/results/106-claude_lean-shared-attn/results.json
robbie-autoresearch-lean:106-claude_lean-shared-attn,106-claude_lean-shared-attn (discard),,lean_seq,scratch,cap-6 train.jsonl 155k,6,rl-harness-EI,0,holdout1177,1177,solved,64,0.8,606,lean_and_ndverify,,2026-09-24,copied,nd-rl:robbie-experiments:code/experiments/current/autoresearch/results/106-claude_lean-shared-attn/holdout.json
robbie-autoresearch-lean:106-claude_lean-shared-attn,106-claude_lean-shared-attn (discard),,lean_seq,scratch,cap-6 train.jsonl 155k,6,rl-harness-EI,1,holdout1177,1177,solved,64,0.8,628,lean_and_ndverify,,2026-09-24,copied,nd-rl:robbie-experiments:code/experiments/current/autoresearch/results/106-claude_lean-shared-attn/holdout.json
robbie-autoresearch-lean:106-claude_lean-shared-attn,106-claude_lean-shared-attn (discard),,lean_seq,scratch,cap-6 train.jsonl 155k,6,rl-harness-EI,2,holdout1177,1177,solved,64,0.8,571,lean_and_ndverify,,2026-09-24,copied,nd-rl:robbie-experiments:code/experiments/current/autoresearch/results/106-claude_lean-shared-attn/holdout.json
robbie-autoresearch-lean:107-claude_lean-peri-ln,107-claude_lean-peri-ln (keep),,lean_seq,scratch,cap-6 train.jsonl 155k,6,rl-harness-EI,0,dev1108,1108,dev_metric,64,0.8,582,lean_and_ndverify,,2026-09-24,copied,nd-rl:robbie-experiments:code/experiments/current/autoresearch/results/107-claude_lean-peri-ln/results.json
robbie-autoresearch-lean:107-claude_lean-peri-ln,107-claude_lean-peri-ln (keep),,lean_seq,scratch,cap-6 train.jsonl 155k,6,rl-harness-EI,1,dev1108,1108,dev_metric,64,0.8,571,lean_and_ndverify,,2026-09-24,copied,nd-rl:robbie-experiments:code/experiments/current/autoresearch/results/107-claude_lean-peri-ln/results.json
robbie-autoresearch-lean:107-claude_lean-peri-ln,107-claude_lean-peri-ln (keep),,lean_seq,scratch,cap-6 train.jsonl 155k,6,rl-harness-EI,2,dev1108,1108,dev_metric,64,0.8,608,lean_and_ndverify,,2026-09-24,copied,nd-rl:robbie-experiments:code/experiments/current/autoresearch/results/107-claude_lean-peri-ln/results.json
robbie-autoresearch-lean:107-claude_lean-peri-ln,107-claude_lean-peri-ln (keep),,lean_seq,scratch,cap-6 train.jsonl 155k,6,rl-harness-EI,0,holdout1177,1177,solved,64,0.8,639,lean_and_ndverify,,2026-09-24,copied,nd-rl:robbie-experiments:code/experiments/current/autoresearch/results/107-claude_lean-peri-ln/holdout.json
robbie-autoresearch-lean:107-claude_lean-peri-ln,107-claude_lean-peri-ln (keep),,lean_seq,scratch,cap-6 train.jsonl 155k,6,rl-harness-EI,1,holdout1177,1177,solved,64,0.8,601,lean_and_ndverify,,2026-09-24,copied,nd-rl:robbie-experiments:code/experiments/current/autoresearch/results/107-claude_lean-peri-ln/holdout.json
robbie-autoresearch-lean:107-claude_lean-peri-ln,107-claude_lean-peri-ln (keep),,lean_seq,scratch,cap-6 train.jsonl 155k,6,rl-harness-EI,2,holdout1177,1177,solved,64,0.8,651,lean_and_ndverify,,2026-09-24,copied,nd-rl:robbie-experiments:code/experiments/current/autoresearch/results/107-claude_lean-peri-ln/holdout.json
robbie-autoresearch-lean:108-claude_lean-emb-ln,108-claude_lean-emb-ln (discard),,lean_seq,scratch,cap-6 train.jsonl 155k,6,rl-harness-EI,0,dev1108,1108,dev_metric,64,0.8,582,lean_and_ndverify,,2026-09-25,copied,nd-rl:robbie-experiments:code/experiments/current/autoresearch/results/108-claude_lean-emb-ln/results.json
robbie-autoresearch-lean:108-claude_lean-emb-ln,108-claude_lean-emb-ln (discard),,lean_seq,scratch,cap-6 train.jsonl 155k,6,rl-harness-EI,1,dev1108,1108,dev_metric,64,0.8,549,lean_and_ndverify,,2026-09-25,copied,nd-rl:robbie-experiments:code/experiments/current/autoresearch/results/108-claude_lean-emb-ln/results.json
robbie-autoresearch-lean:108-claude_lean-emb-ln,108-claude_lean-emb-ln (discard),,lean_seq,scratch,cap-6 train.jsonl 155k,6,rl-harness-EI,2,dev1108,1108,dev_metric,64,0.8,579,lean_and_ndverify,,2026-09-25,copied,nd-rl:robbie-experiments:code/experiments/current/autoresearch/results/108-claude_lean-emb-ln/results.json
robbie-autoresearch-lean:108-claude_lean-emb-ln,108-claude_lean-emb-ln (discard),,lean_seq,scratch,cap-6 train.jsonl 155k,6,rl-harness-EI,0,holdout1177,1177,solved,64,0.8,621,lean_and_ndverify,,2026-09-25,copied,nd-rl:robbie-experiments:code/experiments/current/autoresearch/results/108-claude_lean-emb-ln/holdout.json
robbie-autoresearch-lean:108-claude_lean-emb-ln,108-claude_lean-emb-ln (discard),,lean_seq,scratch,cap-6 train.jsonl 155k,6,rl-harness-EI,1,holdout1177,1177,solved,64,0.8,555,lean_and_ndverify,,2026-09-25,copied,nd-rl:robbie-experiments:code/experiments/current/autoresearch/results/108-claude_lean-emb-ln/holdout.json
robbie-autoresearch-lean:108-claude_lean-emb-ln,108-claude_lean-emb-ln (discard),,lean_seq,scratch,cap-6 train.jsonl 155k,6,rl-harness-EI,2,holdout1177,1177,solved,64,0.8,625,lean_and_ndverify,,2026-09-25,copied,nd-rl:robbie-experiments:code/experiments/current/autoresearch/results/108-claude_lean-emb-ln/holdout.json
robbie-autoresearch-lean:109-fable_lean-canon,109-fable_lean-canon (discard),,lean_seq,scratch,cap-6 train.jsonl 155k,6,rl-harness-EI,0,dev1108,1108,dev_metric,64,0.8,456,lean_and_ndverify,,2026-09-25,copied,nd-rl:robbie-experiments:code/experiments/current/autoresearch/results/109-fable_lean-canon/results.json
robbie-autoresearch-lean:109-fable_lean-canon,109-fable_lean-canon (discard),,lean_seq,scratch,cap-6 train.jsonl 155k,6,rl-harness-EI,1,dev1108,1108,dev_metric,64,0.8,489,lean_and_ndverify,,2026-09-25,copied,nd-rl:robbie-experiments:code/experiments/current/autoresearch/results/109-fable_lean-canon/results.json
robbie-autoresearch-lean:109-fable_lean-canon,109-fable_lean-canon (discard),,lean_seq,scratch,cap-6 train.jsonl 155k,6,rl-harness-EI,2,dev1108,1108,dev_metric,64,0.8,465,lean_and_ndverify,,2026-09-25,copied,nd-rl:robbie-experiments:code/experiments/current/autoresearch/results/109-fable_lean-canon/results.json
robbie-autoresearch-lean:109-fable_lean-canon,109-fable_lean-canon (discard),,lean_seq,scratch,cap-6 train.jsonl 155k,6,rl-harness-EI,0,holdout1177,1177,solved,64,0.8,497,lean_and_ndverify,,2026-09-25,copied,nd-rl:robbie-experiments:code/experiments/current/autoresearch/results/109-fable_lean-canon/holdout.json
robbie-autoresearch-lean:109-fable_lean-canon,109-fable_lean-canon (discard),,lean_seq,scratch,cap-6 train.jsonl 155k,6,rl-harness-EI,1,holdout1177,1177,solved,64,0.8,500,lean_and_ndverify,,2026-09-25,copied,nd-rl:robbie-experiments:code/experiments/current/autoresearch/results/109-fable_lean-canon/holdout.json
robbie-autoresearch-lean:109-fable_lean-canon,109-fable_lean-canon (discard),,lean_seq,scratch,cap-6 train.jsonl 155k,6,rl-harness-EI,2,holdout1177,1177,solved,64,0.8,501,lean_and_ndverify,,2026-09-25,copied,nd-rl:robbie-experiments:code/experiments/current/autoresearch/results/109-fable_lean-canon/holdout.json
robbie-autoresearch-lean:111-fable_lean-nope,111-fable_lean-nope (discard),,lean_seq,scratch,cap-6 train.jsonl 155k,6,rl-harness-EI,0,dev1108,1108,dev_metric,64,0.8,559,lean_and_ndverify,,2026-09-25,copied,nd-rl:robbie-experiments:code/experiments/current/autoresearch/results/111-fable_lean-nope/results.json
robbie-autoresearch-lean:111-fable_lean-nope,111-fable_lean-nope (discard),,lean_seq,scratch,cap-6 train.jsonl 155k,6,rl-harness-EI,1,dev1108,1108,dev_metric,64,0.8,505,lean_and_ndverify,,2026-09-25,copied,nd-rl:robbie-experiments:code/experiments/current/autoresearch/results/111-fable_lean-nope/results.json
robbie-autoresearch-lean:111-fable_lean-nope,111-fable_lean-nope (discard),,lean_seq,scratch,cap-6 train.jsonl 155k,6,rl-harness-EI,2,dev1108,1108,dev_metric,64,0.8,576,lean_and_ndverify,,2026-09-25,copied,nd-rl:robbie-experiments:code/experiments/current/autoresearch/results/111-fable_lean-nope/results.json
robbie-autoresearch-lean:111-fable_lean-nope,111-fable_lean-nope (discard),,lean_seq,scratch,cap-6 train.jsonl 155k,6,rl-harness-EI,0,holdout1177,1177,solved,64,0.8,593,lean_and_ndverify,,2026-09-25,copied,nd-rl:robbie-experiments:code/experiments/current/autoresearch/results/111-fable_lean-nope/holdout.json
robbie-autoresearch-lean:111-fable_lean-nope,111-fable_lean-nope (discard),,lean_seq,scratch,cap-6 train.jsonl 155k,6,rl-harness-EI,1,holdout1177,1177,solved,64,0.8,549,lean_and_ndverify,,2026-09-25,copied,nd-rl:robbie-experiments:code/experiments/current/autoresearch/results/111-fable_lean-nope/holdout.json
robbie-autoresearch-lean:111-fable_lean-nope,111-fable_lean-nope (discard),,lean_seq,scratch,cap-6 train.jsonl 155k,6,rl-harness-EI,2,holdout1177,1177,solved,64,0.8,632,lean_and_ndverify,,2026-09-25,copied,nd-rl:robbie-experiments:code/experiments/current/autoresearch/results/111-fable_lean-nope/holdout.json
robbie-autoresearch-lean:112-claude_lean-parallel-block,112-claude_lean-parallel-block (discard),,lean_seq,scratch,cap-6 train.jsonl 155k,6,rl-harness-EI,0,dev1108,1108,dev_metric,64,0.8,509,lean_and_ndverify,,2026-09-25,copied,nd-rl:robbie-experiments:code/experiments/current/autoresearch/results/112-claude_lean-parallel-block/results.json
robbie-autoresearch-lean:112-claude_lean-parallel-block,112-claude_lean-parallel-block (discard),,lean_seq,scratch,cap-6 train.jsonl 155k,6,rl-harness-EI,1,dev1108,1108,dev_metric,64,0.8,525,lean_and_ndverify,,2026-09-25,copied,nd-rl:robbie-experiments:code/experiments/current/autoresearch/results/112-claude_lean-parallel-block/results.json
robbie-autoresearch-lean:112-claude_lean-parallel-block,112-claude_lean-parallel-block (discard),,lean_seq,scratch,cap-6 train.jsonl 155k,6,rl-harness-EI,2,dev1108,1108,dev_metric,64,0.8,563,lean_and_ndverify,,2026-09-25,copied,nd-rl:robbie-experiments:code/experiments/current/autoresearch/results/112-claude_lean-parallel-block/results.json
robbie-autoresearch-lean:112-claude_lean-parallel-block,112-claude_lean-parallel-block (discard),,lean_seq,scratch,cap-6 train.jsonl 155k,6,rl-harness-EI,0,holdout1177,1177,solved,64,0.8,539,lean_and_ndverify,,2026-09-25,copied,nd-rl:robbie-experiments:code/experiments/current/autoresearch/results/112-claude_lean-parallel-block/holdout.json
robbie-autoresearch-lean:112-claude_lean-parallel-block,112-claude_lean-parallel-block (discard),,lean_seq,scratch,cap-6 train.jsonl 155k,6,rl-harness-EI,1,holdout1177,1177,solved,64,0.8,558,lean_and_ndverify,,2026-09-25,copied,nd-rl:robbie-experiments:code/experiments/current/autoresearch/results/112-claude_lean-parallel-block/holdout.json
robbie-autoresearch-lean:112-claude_lean-parallel-block,112-claude_lean-parallel-block (discard),,lean_seq,scratch,cap-6 train.jsonl 155k,6,rl-harness-EI,2,holdout1177,1177,solved,64,0.8,606,lean_and_ndverify,,2026-09-25,copied,nd-rl:robbie-experiments:code/experiments/current/autoresearch/results/112-claude_lean-parallel-block/holdout.json
robbie-autoresearch-lean:113-fable_lean-alibi,113-fable_lean-alibi (keep),,lean_seq,scratch,cap-6 train.jsonl 155k,6,rl-harness-EI,0,dev1108,1108,dev_metric,64,0.8,619,lean_and_ndverify,,2026-09-25,copied,nd-rl:robbie-experiments:code/experiments/current/autoresearch/results/113-fable_lean-alibi/results.json
robbie-autoresearch-lean:113-fable_lean-alibi,113-fable_lean-alibi (keep),,lean_seq,scratch,cap-6 train.jsonl 155k,6,rl-harness-EI,1,dev1108,1108,dev_metric,64,0.8,613,lean_and_ndverify,,2026-09-25,copied,nd-rl:robbie-experiments:code/experiments/current/autoresearch/results/113-fable_lean-alibi/results.json
robbie-autoresearch-lean:113-fable_lean-alibi,113-fable_lean-alibi (keep),,lean_seq,scratch,cap-6 train.jsonl 155k,6,rl-harness-EI,2,dev1108,1108,dev_metric,64,0.8,585,lean_and_ndverify,,2026-09-25,copied,nd-rl:robbie-experiments:code/experiments/current/autoresearch/results/113-fable_lean-alibi/results.json
robbie-autoresearch-lean:113-fable_lean-alibi,113-fable_lean-alibi (keep),,lean_seq,scratch,cap-6 train.jsonl 155k,6,rl-harness-EI,0,holdout1177,1177,solved,64,0.8,663,lean_and_ndverify,,2026-09-25,copied,nd-rl:robbie-experiments:code/experiments/current/autoresearch/results/113-fable_lean-alibi/holdout.json
robbie-autoresearch-lean:113-fable_lean-alibi,113-fable_lean-alibi (keep),,lean_seq,scratch,cap-6 train.jsonl 155k,6,rl-harness-EI,1,holdout1177,1177,solved,64,0.8,656,lean_and_ndverify,,2026-09-25,copied,nd-rl:robbie-experiments:code/experiments/current/autoresearch/results/113-fable_lean-alibi/holdout.json
robbie-autoresearch-lean:113-fable_lean-alibi,113-fable_lean-alibi (keep),,lean_seq,scratch,cap-6 train.jsonl 155k,6,rl-harness-EI,2,holdout1177,1177,solved,64,0.8,619,lean_and_ndverify,,2026-09-25,copied,nd-rl:robbie-experiments:code/experiments/current/autoresearch/results/113-fable_lean-alibi/holdout.json
robbie-autoresearch-lean:114-claude_lean-unet-skips,114-claude_lean-unet-skips (discard),,lean_seq,scratch,cap-6 train.jsonl 155k,6,rl-harness-EI,0,dev1108,1108,dev_metric,64,0.8,536,lean_and_ndverify,,2026-09-25,copied,nd-rl:robbie-experiments:code/experiments/current/autoresearch/results/114-claude_lean-unet-skips/results.json
robbie-autoresearch-lean:114-claude_lean-unet-skips,114-claude_lean-unet-skips (discard),,lean_seq,scratch,cap-6 train.jsonl 155k,6,rl-harness-EI,1,dev1108,1108,dev_metric,64,0.8,565,lean_and_ndverify,,2026-09-25,copied,nd-rl:robbie-experiments:code/experiments/current/autoresearch/results/114-claude_lean-unet-skips/results.json
robbie-autoresearch-lean:114-claude_lean-unet-skips,114-claude_lean-unet-skips (discard),,lean_seq,scratch,cap-6 train.jsonl 155k,6,rl-harness-EI,2,dev1108,1108,dev_metric,64,0.8,607,lean_and_ndverify,,2026-09-25,copied,nd-rl:robbie-experiments:code/experiments/current/autoresearch/results/114-claude_lean-unet-skips/results.json
robbie-autoresearch-lean:114-claude_lean-unet-skips,114-claude_lean-unet-skips (discard),,lean_seq,scratch,cap-6 train.jsonl 155k,6,rl-harness-EI,0,holdout1177,1177,solved,64,0.8,559,lean_and_ndverify,,2026-09-25,copied,nd-rl:robbie-experiments:code/experiments/current/autoresearch/results/114-claude_lean-unet-skips/holdout.json
robbie-autoresearch-lean:114-claude_lean-unet-skips,114-claude_lean-unet-skips (discard),,lean_seq,scratch,cap-6 train.jsonl 155k,6,rl-harness-EI,1,holdout1177,1177,solved,64,0.8,595,lean_and_ndverify,,2026-09-25,copied,nd-rl:robbie-experiments:code/experiments/current/autoresearch/results/114-claude_lean-unet-skips/holdout.json
robbie-autoresearch-lean:114-claude_lean-unet-skips,114-claude_lean-unet-skips (discard),,lean_seq,scratch,cap-6 train.jsonl 155k,6,rl-harness-EI,2,holdout1177,1177,solved,64,0.8,641,lean_and_ndverify,,2026-09-25,copied,nd-rl:robbie-experiments:code/experiments/current/autoresearch/results/114-claude_lean-unet-skips/holdout.json
robbie-autoresearch-lean:115-fable_lean-alibi-half,115-fable_lean-alibi-half (keep),,lean_seq,scratch,cap-6 train.jsonl 155k,6,rl-harness-EI,0,dev1108,1108,dev_metric,64,0.8,639,lean_and_ndverify,,2026-09-25,copied,nd-rl:robbie-experiments:code/experiments/current/autoresearch/results/115-fable_lean-alibi-half/results.json
robbie-autoresearch-lean:115-fable_lean-alibi-half,115-fable_lean-alibi-half (keep),,lean_seq,scratch,cap-6 train.jsonl 155k,6,rl-harness-EI,1,dev1108,1108,dev_metric,64,0.8,646,lean_and_ndverify,,2026-09-25,copied,nd-rl:robbie-experiments:code/experiments/current/autoresearch/results/115-fable_lean-alibi-half/results.json
robbie-autoresearch-lean:115-fable_lean-alibi-half,115-fable_lean-alibi-half (keep),,lean_seq,scratch,cap-6 train.jsonl 155k,6,rl-harness-EI,2,dev1108,1108,dev_metric,64,0.8,609,lean_and_ndverify,,2026-09-25,copied,nd-rl:robbie-experiments:code/experiments/current/autoresearch/results/115-fable_lean-alibi-half/results.json
robbie-autoresearch-lean:115-fable_lean-alibi-half,115-fable_lean-alibi-half (keep),,lean_seq,scratch,cap-6 train.jsonl 155k,6,rl-harness-EI,0,holdout1177,1177,solved,64,0.8,686,lean_and_ndverify,,2026-09-25,copied,nd-rl:robbie-experiments:code/experiments/current/autoresearch/results/115-fable_lean-alibi-half/holdout.json
robbie-autoresearch-lean:115-fable_lean-alibi-half,115-fable_lean-alibi-half (keep),,lean_seq,scratch,cap-6 train.jsonl 155k,6,rl-harness-EI,1,holdout1177,1177,solved,64,0.8,678,lean_and_ndverify,,2026-09-25,copied,nd-rl:robbie-experiments:code/experiments/current/autoresearch/results/115-fable_lean-alibi-half/holdout.json
robbie-autoresearch-lean:115-fable_lean-alibi-half,115-fable_lean-alibi-half (keep),,lean_seq,scratch,cap-6 train.jsonl 155k,6,rl-harness-EI,2,holdout1177,1177,solved,64,0.8,633,lean_and_ndverify,,2026-09-25,copied,nd-rl:robbie-experiments:code/experiments/current/autoresearch/results/115-fable_lean-alibi-half/holdout.json
robbie-autoresearch-lean:116-claude_lean-learned-slopes,116-claude_lean-learned-slopes (discard),,lean_seq,scratch,cap-6 train.jsonl 155k,6,rl-harness-EI,0,dev1108,1108,dev_metric,64,0.8,623,lean_and_ndverify,,2026-09-25,copied,nd-rl:robbie-experiments:code/experiments/current/autoresearch/results/116-claude_lean-learned-slopes/results.json
robbie-autoresearch-lean:116-claude_lean-learned-slopes,116-claude_lean-learned-slopes (discard),,lean_seq,scratch,cap-6 train.jsonl 155k,6,rl-harness-EI,1,dev1108,1108,dev_metric,64,0.8,633,lean_and_ndverify,,2026-09-25,copied,nd-rl:robbie-experiments:code/experiments/current/autoresearch/results/116-claude_lean-learned-slopes/results.json
robbie-autoresearch-lean:116-claude_lean-learned-slopes,116-claude_lean-learned-slopes (discard),,lean_seq,scratch,cap-6 train.jsonl 155k,6,rl-harness-EI,2,dev1108,1108,dev_metric,64,0.8,647,lean_and_ndverify,,2026-09-25,copied,nd-rl:robbie-experiments:code/experiments/current/autoresearch/results/116-claude_lean-learned-slopes/results.json
robbie-autoresearch-lean:116-claude_lean-learned-slopes,116-claude_lean-learned-slopes (discard),,lean_seq,scratch,cap-6 train.jsonl 155k,6,rl-harness-EI,0,holdout1177,1177,solved,64,0.8,658,lean_and_ndverify,,2026-09-25,copied,nd-rl:robbie-experiments:code/experiments/current/autoresearch/results/116-claude_lean-learned-slopes/holdout.json
robbie-autoresearch-lean:116-claude_lean-learned-slopes,116-claude_lean-learned-slopes (discard),,lean_seq,scratch,cap-6 train.jsonl 155k,6,rl-harness-EI,1,holdout1177,1177,solved,64,0.8,681,lean_and_ndverify,,2026-09-25,copied,nd-rl:robbie-experiments:code/experiments/current/autoresearch/results/116-claude_lean-learned-slopes/holdout.json
robbie-autoresearch-lean:116-claude_lean-learned-slopes,116-claude_lean-learned-slopes (discard),,lean_seq,scratch,cap-6 train.jsonl 155k,6,rl-harness-EI,2,holdout1177,1177,solved,64,0.8,697,lean_and_ndverify,,2026-09-25,copied,nd-rl:robbie-experiments:code/experiments/current/autoresearch/results/116-claude_lean-learned-slopes/holdout.json
robbie-autoresearch-lean:116-fable_lean-rel-bias,116-fable_lean-rel-bias (discard),,lean_seq,scratch,cap-6 train.jsonl 155k,6,rl-harness-EI,0,dev1108,1108,dev_metric,64,0.8,661,lean_and_ndverify,,2026-09-25,copied,nd-rl:robbie-experiments:code/experiments/current/autoresearch/results/116-fable_lean-rel-bias/results.json
robbie-autoresearch-lean:116-fable_lean-rel-bias,116-fable_lean-rel-bias (discard),,lean_seq,scratch,cap-6 train.jsonl 155k,6,rl-harness-EI,1,dev1108,1108,dev_metric,64,0.8,600,lean_and_ndverify,,2026-09-25,copied,nd-rl:robbie-experiments:code/experiments/current/autoresearch/results/116-fable_lean-rel-bias/results.json
robbie-autoresearch-lean:116-fable_lean-rel-bias,116-fable_lean-rel-bias (discard),,lean_seq,scratch,cap-6 train.jsonl 155k,6,rl-harness-EI,2,dev1108,1108,dev_metric,64,0.8,642,lean_and_ndverify,,2026-09-25,copied,nd-rl:robbie-experiments:code/experiments/current/autoresearch/results/116-fable_lean-rel-bias/results.json
robbie-autoresearch-lean:116-fable_lean-rel-bias,116-fable_lean-rel-bias (discard),,lean_seq,scratch,cap-6 train.jsonl 155k,6,rl-harness-EI,0,holdout1177,1177,solved,64,0.8,711,lean_and_ndverify,,2026-09-25,copied,nd-rl:robbie-experiments:code/experiments/current/autoresearch/results/116-fable_lean-rel-bias/holdout.json
robbie-autoresearch-lean:116-fable_lean-rel-bias,116-fable_lean-rel-bias (discard),,lean_seq,scratch,cap-6 train.jsonl 155k,6,rl-harness-EI,1,holdout1177,1177,solved,64,0.8,652,lean_and_ndverify,,2026-09-25,copied,nd-rl:robbie-experiments:code/experiments/current/autoresearch/results/116-fable_lean-rel-bias/holdout.json
robbie-autoresearch-lean:116-fable_lean-rel-bias,116-fable_lean-rel-bias (discard),,lean_seq,scratch,cap-6 train.jsonl 155k,6,rl-harness-EI,2,holdout1177,1177,solved,64,0.8,691,lean_and_ndverify,,2026-09-25,copied,nd-rl:robbie-experiments:code/experiments/current/autoresearch/results/116-fable_lean-rel-bias/holdout.json
robbie-autoresearch-lean:117-claude_lean-attn-sink,117-claude_lean-attn-sink (discard),,lean_seq,scratch,cap-6 train.jsonl 155k,6,rl-harness-EI,0,dev1108,1108,dev_metric,64,0.8,621,lean_and_ndverify,,2026-09-25,copied,nd-rl:robbie-experiments:code/experiments/current/autoresearch/results/117-claude_lean-attn-sink/results.json
robbie-autoresearch-lean:117-claude_lean-attn-sink,117-claude_lean-attn-sink (discard),,lean_seq,scratch,cap-6 train.jsonl 155k,6,rl-harness-EI,1,dev1108,1108,dev_metric,64,0.8,635,lean_and_ndverify,,2026-09-25,copied,nd-rl:robbie-experiments:code/experiments/current/autoresearch/results/117-claude_lean-attn-sink/results.json
robbie-autoresearch-lean:117-claude_lean-attn-sink,117-claude_lean-attn-sink (discard),,lean_seq,scratch,cap-6 train.jsonl 155k,6,rl-harness-EI,2,dev1108,1108,dev_metric,64,0.8,625,lean_and_ndverify,,2026-09-25,copied,nd-rl:robbie-experiments:code/experiments/current/autoresearch/results/117-claude_lean-attn-sink/results.json
robbie-autoresearch-lean:117-claude_lean-attn-sink,117-claude_lean-attn-sink (discard),,lean_seq,scratch,cap-6 train.jsonl 155k,6,rl-harness-EI,0,holdout1177,1177,solved,64,0.8,668,lean_and_ndverify,,2026-09-25,copied,nd-rl:robbie-experiments:code/experiments/current/autoresearch/results/117-claude_lean-attn-sink/holdout.json
robbie-autoresearch-lean:117-claude_lean-attn-sink,117-claude_lean-attn-sink (discard),,lean_seq,scratch,cap-6 train.jsonl 155k,6,rl-harness-EI,1,holdout1177,1177,solved,64,0.8,672,lean_and_ndverify,,2026-09-25,copied,nd-rl:robbie-experiments:code/experiments/current/autoresearch/results/117-claude_lean-attn-sink/holdout.json
robbie-autoresearch-lean:117-claude_lean-attn-sink,117-claude_lean-attn-sink (discard),,lean_seq,scratch,cap-6 train.jsonl 155k,6,rl-harness-EI,2,holdout1177,1177,solved,64,0.8,694,lean_and_ndverify,,2026-09-25,copied,nd-rl:robbie-experiments:code/experiments/current/autoresearch/results/117-claude_lean-attn-sink/holdout.json
robbie-autoresearch-lean:117-fable_lean-fox,117-fable_lean-fox (discard),,lean_seq,scratch,cap-6 train.jsonl 155k,6,rl-harness-EI,0,dev1108,1108,dev_metric,64,0.8,474,lean_and_ndverify,,2026-09-25,copied,nd-rl:robbie-experiments:code/experiments/current/autoresearch/results/117-fable_lean-fox/results.json
robbie-autoresearch-lean:117-fable_lean-fox,117-fable_lean-fox (discard),,lean_seq,scratch,cap-6 train.jsonl 155k,6,rl-harness-EI,1,dev1108,1108,dev_metric,64,0.8,579,lean_and_ndverify,,2026-09-25,copied,nd-rl:robbie-experiments:code/experiments/current/autoresearch/results/117-fable_lean-fox/results.json
robbie-autoresearch-lean:117-fable_lean-fox,117-fable_lean-fox (discard),,lean_seq,scratch,cap-6 train.jsonl 155k,6,rl-harness-EI,2,dev1108,1108,dev_metric,64,0.8,571,lean_and_ndverify,,2026-09-25,copied,nd-rl:robbie-experiments:code/experiments/current/autoresearch/results/117-fable_lean-fox/results.json
robbie-autoresearch-lean:117-fable_lean-fox,117-fable_lean-fox (discard),,lean_seq,scratch,cap-6 train.jsonl 155k,6,rl-harness-EI,0,holdout1177,1177,solved,64,0.8,504,lean_and_ndverify,,2026-09-25,copied,nd-rl:robbie-experiments:code/experiments/current/autoresearch/results/117-fable_lean-fox/holdout.json
robbie-autoresearch-lean:117-fable_lean-fox,117-fable_lean-fox (discard),,lean_seq,scratch,cap-6 train.jsonl 155k,6,rl-harness-EI,1,holdout1177,1177,solved,64,0.8,609,lean_and_ndverify,,2026-09-25,copied,nd-rl:robbie-experiments:code/experiments/current/autoresearch/results/117-fable_lean-fox/holdout.json
robbie-autoresearch-lean:117-fable_lean-fox,117-fable_lean-fox (discard),,lean_seq,scratch,cap-6 train.jsonl 155k,6,rl-harness-EI,2,holdout1177,1177,solved,64,0.8,611,lean_and_ndverify,,2026-09-25,copied,nd-rl:robbie-experiments:code/experiments/current/autoresearch/results/117-fable_lean-fox/holdout.json
robbie-autoresearch-lean:118-fable_lean-diff-attn,118-fable_lean-diff-attn (discard),,lean_seq,scratch,cap-6 train.jsonl 155k,6,rl-harness-EI,0,dev1108,1108,dev_metric,64,0.8,616,lean_and_ndverify,,2026-09-25,copied,nd-rl:robbie-experiments:code/experiments/current/autoresearch/results/118-fable_lean-diff-attn/results.json
robbie-autoresearch-lean:118-fable_lean-diff-attn,118-fable_lean-diff-attn (discard),,lean_seq,scratch,cap-6 train.jsonl 155k,6,rl-harness-EI,1,dev1108,1108,dev_metric,64,0.8,576,lean_and_ndverify,,2026-09-25,copied,nd-rl:robbie-experiments:code/experiments/current/autoresearch/results/118-fable_lean-diff-attn/results.json
robbie-autoresearch-lean:118-fable_lean-diff-attn,118-fable_lean-diff-attn (discard),,lean_seq,scratch,cap-6 train.jsonl 155k,6,rl-harness-EI,2,dev1108,1108,dev_metric,64,0.8,630,lean_and_ndverify,,2026-09-25,copied,nd-rl:robbie-experiments:code/experiments/current/autoresearch/results/118-fable_lean-diff-attn/results.json
robbie-autoresearch-lean:118-fable_lean-diff-attn,118-fable_lean-diff-attn (discard),,lean_seq,scratch,cap-6 train.jsonl 155k,6,rl-harness-EI,0,holdout1177,1177,solved,64,0.8,659,lean_and_ndverify,,2026-09-25,copied,nd-rl:robbie-experiments:code/experiments/current/autoresearch/results/118-fable_lean-diff-attn/holdout.json
robbie-autoresearch-lean:118-fable_lean-diff-attn,118-fable_lean-diff-attn (discard),,lean_seq,scratch,cap-6 train.jsonl 155k,6,rl-harness-EI,1,holdout1177,1177,solved,64,0.8,608,lean_and_ndverify,,2026-09-25,copied,nd-rl:robbie-experiments:code/experiments/current/autoresearch/results/118-fable_lean-diff-attn/holdout.json
robbie-autoresearch-lean:118-fable_lean-diff-attn,118-fable_lean-diff-attn (discard),,lean_seq,scratch,cap-6 train.jsonl 155k,6,rl-harness-EI,2,holdout1177,1177,solved,64,0.8,656,lean_and_ndverify,,2026-09-25,copied,nd-rl:robbie-experiments:code/experiments/current/autoresearch/results/118-fable_lean-diff-attn/holdout.json
robbie-autoresearch-lean:119-claude_lean-alibi-5of8,119-claude_lean-alibi-5of8 (discard),,lean_seq,scratch,cap-6 train.jsonl 155k,6,rl-harness-EI,0,dev1108,1108,dev_metric,64,0.8,634,lean_and_ndverify,,2026-09-25,copied,nd-rl:robbie-experiments:code/experiments/current/autoresearch/results/119-claude_lean-alibi-5of8/results.json
robbie-autoresearch-lean:119-claude_lean-alibi-5of8,119-claude_lean-alibi-5of8 (discard),,lean_seq,scratch,cap-6 train.jsonl 155k,6,rl-harness-EI,1,dev1108,1108,dev_metric,64,0.8,595,lean_and_ndverify,,2026-09-25,copied,nd-rl:robbie-experiments:code/experiments/current/autoresearch/results/119-claude_lean-alibi-5of8/results.json
robbie-autoresearch-lean:119-claude_lean-alibi-5of8,119-claude_lean-alibi-5of8 (discard),,lean_seq,scratch,cap-6 train.jsonl 155k,6,rl-harness-EI,2,dev1108,1108,dev_metric,64,0.8,621,lean_and_ndverify,,2026-09-25,copied,nd-rl:robbie-experiments:code/experiments/current/autoresearch/results/119-claude_lean-alibi-5of8/results.json
robbie-autoresearch-lean:119-claude_lean-alibi-5of8,119-claude_lean-alibi-5of8 (discard),,lean_seq,scratch,cap-6 train.jsonl 155k,6,rl-harness-EI,0,holdout1177,1177,solved,64,0.8,677,lean_and_ndverify,,2026-09-25,copied,nd-rl:robbie-experiments:code/experiments/current/autoresearch/results/119-claude_lean-alibi-5of8/holdout.json
robbie-autoresearch-lean:119-claude_lean-alibi-5of8,119-claude_lean-alibi-5of8 (discard),,lean_seq,scratch,cap-6 train.jsonl 155k,6,rl-harness-EI,1,holdout1177,1177,solved,64,0.8,633,lean_and_ndverify,,2026-09-25,copied,nd-rl:robbie-experiments:code/experiments/current/autoresearch/results/119-claude_lean-alibi-5of8/holdout.json
robbie-autoresearch-lean:119-claude_lean-alibi-5of8,119-claude_lean-alibi-5of8 (discard),,lean_seq,scratch,cap-6 train.jsonl 155k,6,rl-harness-EI,2,holdout1177,1177,solved,64,0.8,653,lean_and_ndverify,,2026-09-25,copied,nd-rl:robbie-experiments:code/experiments/current/autoresearch/results/119-claude_lean-alibi-5of8/holdout.json
robbie-autoresearch-lean:120-claude_lean-alibi-layerwise,120-claude_lean-alibi-layerwise (discard),,lean_seq,scratch,cap-6 train.jsonl 155k,6,rl-harness-EI,0,dev1108,1108,dev_metric,64,0.8,602,lean_and_ndverify,,2026-09-25,copied,nd-rl:robbie-experiments:code/experiments/current/autoresearch/results/120-claude_lean-alibi-layerwise/results.json
robbie-autoresearch-lean:120-claude_lean-alibi-layerwise,120-claude_lean-alibi-layerwise (discard),,lean_seq,scratch,cap-6 train.jsonl 155k,6,rl-harness-EI,1,dev1108,1108,dev_metric,64,0.8,647,lean_and_ndverify,,2026-09-25,copied,nd-rl:robbie-experiments:code/experiments/current/autoresearch/results/120-claude_lean-alibi-layerwise/results.json
robbie-autoresearch-lean:120-claude_lean-alibi-layerwise,120-claude_lean-alibi-layerwise (discard),,lean_seq,scratch,cap-6 train.jsonl 155k,6,rl-harness-EI,2,dev1108,1108,dev_metric,64,0.8,541,lean_and_ndverify,,2026-09-25,copied,nd-rl:robbie-experiments:code/experiments/current/autoresearch/results/120-claude_lean-alibi-layerwise/results.json
robbie-autoresearch-lean:120-claude_lean-alibi-layerwise,120-claude_lean-alibi-layerwise (discard),,lean_seq,scratch,cap-6 train.jsonl 155k,6,rl-harness-EI,0,holdout1177,1177,solved,64,0.8,627,lean_and_ndverify,,2026-09-25,copied,nd-rl:robbie-experiments:code/experiments/current/autoresearch/results/120-claude_lean-alibi-layerwise/holdout.json
robbie-autoresearch-lean:120-claude_lean-alibi-layerwise,120-claude_lean-alibi-layerwise (discard),,lean_seq,scratch,cap-6 train.jsonl 155k,6,rl-harness-EI,1,holdout1177,1177,solved,64,0.8,674,lean_and_ndverify,,2026-09-25,copied,nd-rl:robbie-experiments:code/experiments/current/autoresearch/results/120-claude_lean-alibi-layerwise/holdout.json
robbie-autoresearch-lean:120-claude_lean-alibi-layerwise,120-claude_lean-alibi-layerwise (discard),,lean_seq,scratch,cap-6 train.jsonl 155k,6,rl-harness-EI,2,holdout1177,1177,solved,64,0.8,557,lean_and_ndverify,,2026-09-25,copied,nd-rl:robbie-experiments:code/experiments/current/autoresearch/results/120-claude_lean-alibi-layerwise/holdout.json
robbie-autoresearch-lean:120-fable_lean-prefix-lm,120-fable_lean-prefix-lm (discard),,lean_seq,scratch,cap-6 train.jsonl 155k,6,rl-harness-EI,0,dev1108,1108,dev_metric,64,0.8,585,lean_and_ndverify,,2026-09-25,copied,nd-rl:robbie-experiments:code/experiments/current/autoresearch/results/120-fable_lean-prefix-lm/results.json
robbie-autoresearch-lean:120-fable_lean-prefix-lm,120-fable_lean-prefix-lm (discard),,lean_seq,scratch,cap-6 train.jsonl 155k,6,rl-harness-EI,1,dev1108,1108,dev_metric,64,0.8,605,lean_and_ndverify,,2026-09-25,copied,nd-rl:robbie-experiments:code/experiments/current/autoresearch/results/120-fable_lean-prefix-lm/results.json
robbie-autoresearch-lean:120-fable_lean-prefix-lm,120-fable_lean-prefix-lm (discard),,lean_seq,scratch,cap-6 train.jsonl 155k,6,rl-harness-EI,2,dev1108,1108,dev_metric,64,0.8,584,lean_and_ndverify,,2026-09-25,copied,nd-rl:robbie-experiments:code/experiments/current/autoresearch/results/120-fable_lean-prefix-lm/results.json
robbie-autoresearch-lean:120-fable_lean-prefix-lm,120-fable_lean-prefix-lm (discard),,lean_seq,scratch,cap-6 train.jsonl 155k,6,rl-harness-EI,0,holdout1177,1177,solved,64,0.8,620,lean_and_ndverify,,2026-09-25,copied,nd-rl:robbie-experiments:code/experiments/current/autoresearch/results/120-fable_lean-prefix-lm/holdout.json
robbie-autoresearch-lean:120-fable_lean-prefix-lm,120-fable_lean-prefix-lm (discard),,lean_seq,scratch,cap-6 train.jsonl 155k,6,rl-harness-EI,1,holdout1177,1177,solved,64,0.8,634,lean_and_ndverify,,2026-09-25,copied,nd-rl:robbie-experiments:code/experiments/current/autoresearch/results/120-fable_lean-prefix-lm/holdout.json
robbie-autoresearch-lean:120-fable_lean-prefix-lm,120-fable_lean-prefix-lm (discard),,lean_seq,scratch,cap-6 train.jsonl 155k,6,rl-harness-EI,2,holdout1177,1177,solved,64,0.8,616,lean_and_ndverify,,2026-09-25,copied,nd-rl:robbie-experiments:code/experiments/current/autoresearch/results/120-fable_lean-prefix-lm/holdout.json
robbie-autoresearch-lean:121-fable_lean-value-embs,121-fable_lean-value-embs (discard),,lean_seq,scratch,cap-6 train.jsonl 155k,6,rl-harness-EI,0,dev1108,1108,dev_metric,64,0.8,632,lean_and_ndverify,,2026-09-25,copied,nd-rl:robbie-experiments:code/experiments/current/autoresearch/results/121-fable_lean-value-embs/results.json
robbie-autoresearch-lean:121-fable_lean-value-embs,121-fable_lean-value-embs (discard),,lean_seq,scratch,cap-6 train.jsonl 155k,6,rl-harness-EI,1,dev1108,1108,dev_metric,64,0.8,630,lean_and_ndverify,,2026-09-25,copied,nd-rl:robbie-experiments:code/experiments/current/autoresearch/results/121-fable_lean-value-embs/results.json
robbie-autoresearch-lean:121-fable_lean-value-embs,121-fable_lean-value-embs (discard),,lean_seq,scratch,cap-6 train.jsonl 155k,6,rl-harness-EI,2,dev1108,1108,dev_metric,64,0.8,624,lean_and_ndverify,,2026-09-25,copied,nd-rl:robbie-experiments:code/experiments/current/autoresearch/results/121-fable_lean-value-embs/results.json
robbie-autoresearch-lean:121-fable_lean-value-embs,121-fable_lean-value-embs (discard),,lean_seq,scratch,cap-6 train.jsonl 155k,6,rl-harness-EI,0,holdout1177,1177,solved,64,0.8,686,lean_and_ndverify,,2026-09-25,copied,nd-rl:robbie-experiments:code/experiments/current/autoresearch/results/121-fable_lean-value-embs/holdout.json
robbie-autoresearch-lean:121-fable_lean-value-embs,121-fable_lean-value-embs (discard),,lean_seq,scratch,cap-6 train.jsonl 155k,6,rl-harness-EI,1,holdout1177,1177,solved,64,0.8,674,lean_and_ndverify,,2026-09-25,copied,nd-rl:robbie-experiments:code/experiments/current/autoresearch/results/121-fable_lean-value-embs/holdout.json
robbie-autoresearch-lean:121-fable_lean-value-embs,121-fable_lean-value-embs (discard),,lean_seq,scratch,cap-6 train.jsonl 155k,6,rl-harness-EI,2,holdout1177,1177,solved,64,0.8,669,lean_and_ndverify,,2026-09-25,copied,nd-rl:robbie-experiments:code/experiments/current/autoresearch/results/121-fable_lean-value-embs/holdout.json
robbie-autoresearch-lean:122-claude_lean-logn-nope,122-claude_lean-logn-nope (discard),,lean_seq,scratch,cap-6 train.jsonl 155k,6,rl-harness-EI,0,dev1108,1108,dev_metric,64,0.8,614,lean_and_ndverify,,2026-09-25,copied,nd-rl:robbie-experiments:code/experiments/current/autoresearch/results/122-claude_lean-logn-nope/results.json
robbie-autoresearch-lean:122-claude_lean-logn-nope,122-claude_lean-logn-nope (discard),,lean_seq,scratch,cap-6 train.jsonl 155k,6,rl-harness-EI,1,dev1108,1108,dev_metric,64,0.8,635,lean_and_ndverify,,2026-09-25,copied,nd-rl:robbie-experiments:code/experiments/current/autoresearch/results/122-claude_lean-logn-nope/results.json
robbie-autoresearch-lean:122-claude_lean-logn-nope,122-claude_lean-logn-nope (discard),,lean_seq,scratch,cap-6 train.jsonl 155k,6,rl-harness-EI,2,dev1108,1108,dev_metric,64,0.8,633,lean_and_ndverify,,2026-09-25,copied,nd-rl:robbie-experiments:code/experiments/current/autoresearch/results/122-claude_lean-logn-nope/results.json
robbie-autoresearch-lean:122-claude_lean-logn-nope,122-claude_lean-logn-nope (discard),,lean_seq,scratch,cap-6 train.jsonl 155k,6,rl-harness-EI,0,holdout1177,1177,solved,64,0.8,655,lean_and_ndverify,,2026-09-25,copied,nd-rl:robbie-experiments:code/experiments/current/autoresearch/results/122-claude_lean-logn-nope/holdout.json
robbie-autoresearch-lean:122-claude_lean-logn-nope,122-claude_lean-logn-nope (discard),,lean_seq,scratch,cap-6 train.jsonl 155k,6,rl-harness-EI,1,holdout1177,1177,solved,64,0.8,677,lean_and_ndverify,,2026-09-25,copied,nd-rl:robbie-experiments:code/experiments/current/autoresearch/results/122-claude_lean-logn-nope/holdout.json
robbie-autoresearch-lean:122-claude_lean-logn-nope,122-claude_lean-logn-nope (discard),,lean_seq,scratch,cap-6 train.jsonl 155k,6,rl-harness-EI,2,holdout1177,1177,solved,64,0.8,676,lean_and_ndverify,,2026-09-25,copied,nd-rl:robbie-experiments:code/experiments/current/autoresearch/results/122-claude_lean-logn-nope/holdout.json
robbie-autoresearch-lean:123-fable_lean-talking-heads,123-fable_lean-talking-heads (discard),,lean_seq,scratch,cap-6 train.jsonl 155k,6,rl-harness-EI,0,dev1108,1108,dev_metric,64,0.8,561,lean_and_ndverify,,2026-09-25,copied,nd-rl:robbie-experiments:code/experiments/current/autoresearch/results/123-fable_lean-talking-heads/results.json
robbie-autoresearch-lean:123-fable_lean-talking-heads,123-fable_lean-talking-heads (discard),,lean_seq,scratch,cap-6 train.jsonl 155k,6,rl-harness-EI,1,dev1108,1108,dev_metric,64,0.8,519,lean_and_ndverify,,2026-09-25,copied,nd-rl:robbie-experiments:code/experiments/current/autoresearch/results/123-fable_lean-talking-heads/results.json
robbie-autoresearch-lean:123-fable_lean-talking-heads,123-fable_lean-talking-heads (discard),,lean_seq,scratch,cap-6 train.jsonl 155k,6,rl-harness-EI,2,dev1108,1108,dev_metric,64,0.8,517,lean_and_ndverify,,2026-09-25,copied,nd-rl:robbie-experiments:code/experiments/current/autoresearch/results/123-fable_lean-talking-heads/results.json
robbie-autoresearch-lean:123-fable_lean-talking-heads,123-fable_lean-talking-heads (discard),,lean_seq,scratch,cap-6 train.jsonl 155k,6,rl-harness-EI,0,holdout1177,1177,solved,64,0.8,583,lean_and_ndverify,,2026-09-25,copied,nd-rl:robbie-experiments:code/experiments/current/autoresearch/results/123-fable_lean-talking-heads/holdout.json
robbie-autoresearch-lean:123-fable_lean-talking-heads,123-fable_lean-talking-heads (discard),,lean_seq,scratch,cap-6 train.jsonl 155k,6,rl-harness-EI,1,holdout1177,1177,solved,64,0.8,542,lean_and_ndverify,,2026-09-25,copied,nd-rl:robbie-experiments:code/experiments/current/autoresearch/results/123-fable_lean-talking-heads/holdout.json
robbie-autoresearch-lean:123-fable_lean-talking-heads,123-fable_lean-talking-heads (discard),,lean_seq,scratch,cap-6 train.jsonl 155k,6,rl-harness-EI,2,holdout1177,1177,solved,64,0.8,531,lean_and_ndverify,,2026-09-25,copied,nd-rl:robbie-experiments:code/experiments/current/autoresearch/results/123-fable_lean-talking-heads/holdout.json
robbie-autoresearch-lean:124-claude_lean-mlp-3x,124-claude_lean-mlp-3x (discard),,lean_seq,scratch,cap-6 train.jsonl 155k,6,rl-harness-EI,0,dev1108,1108,dev_metric,64,0.8,646,lean_and_ndverify,,2026-09-25,copied,nd-rl:robbie-experiments:code/experiments/current/autoresearch/results/124-claude_lean-mlp-3x/results.json
robbie-autoresearch-lean:124-claude_lean-mlp-3x,124-claude_lean-mlp-3x (discard),,lean_seq,scratch,cap-6 train.jsonl 155k,6,rl-harness-EI,1,dev1108,1108,dev_metric,64,0.8,620,lean_and_ndverify,,2026-09-25,copied,nd-rl:robbie-experiments:code/experiments/current/autoresearch/results/124-claude_lean-mlp-3x/results.json
robbie-autoresearch-lean:124-claude_lean-mlp-3x,124-claude_lean-mlp-3x (discard),,lean_seq,scratch,cap-6 train.jsonl 155k,6,rl-harness-EI,2,dev1108,1108,dev_metric,64,0.8,618,lean_and_ndverify,,2026-09-25,copied,nd-rl:robbie-experiments:code/experiments/current/autoresearch/results/124-claude_lean-mlp-3x/results.json
robbie-autoresearch-lean:124-claude_lean-mlp-3x,124-claude_lean-mlp-3x (discard),,lean_seq,scratch,cap-6 train.jsonl 155k,6,rl-harness-EI,0,holdout1177,1177,solved,64,0.8,697,lean_and_ndverify,,2026-09-25,copied,nd-rl:robbie-experiments:code/experiments/current/autoresearch/results/124-claude_lean-mlp-3x/holdout.json
robbie-autoresearch-lean:124-claude_lean-mlp-3x,124-claude_lean-mlp-3x (discard),,lean_seq,scratch,cap-6 train.jsonl 155k,6,rl-harness-EI,1,holdout1177,1177,solved,64,0.8,656,lean_and_ndverify,,2026-09-25,copied,nd-rl:robbie-experiments:code/experiments/current/autoresearch/results/124-claude_lean-mlp-3x/holdout.json
robbie-autoresearch-lean:124-claude_lean-mlp-3x,124-claude_lean-mlp-3x (discard),,lean_seq,scratch,cap-6 train.jsonl 155k,6,rl-harness-EI,2,holdout1177,1177,solved,64,0.8,649,lean_and_ndverify,,2026-09-25,copied,nd-rl:robbie-experiments:code/experiments/current/autoresearch/results/124-claude_lean-mlp-3x/holdout.json
robbie-autoresearch-lean:125-claude_lean-alibi-3of8,125-claude_lean-alibi-3of8 (discard),,lean_seq,scratch,cap-6 train.jsonl 155k,6,rl-harness-EI,0,dev1108,1108,dev_metric,64,0.8,605,lean_and_ndverify,,2026-09-25,copied,nd-rl:robbie-experiments:code/experiments/current/autoresearch/results/125-claude_lean-alibi-3of8/results.json
robbie-autoresearch-lean:125-claude_lean-alibi-3of8,125-claude_lean-alibi-3of8 (discard),,lean_seq,scratch,cap-6 train.jsonl 155k,6,rl-harness-EI,1,dev1108,1108,dev_metric,64,0.8,634,lean_and_ndverify,,2026-09-25,copied,nd-rl:robbie-experiments:code/experiments/current/autoresearch/results/125-claude_lean-alibi-3of8/results.json
robbie-autoresearch-lean:125-claude_lean-alibi-3of8,125-claude_lean-alibi-3of8 (discard),,lean_seq,scratch,cap-6 train.jsonl 155k,6,rl-harness-EI,2,dev1108,1108,dev_metric,64,0.8,637,lean_and_ndverify,,2026-09-25,copied,nd-rl:robbie-experiments:code/experiments/current/autoresearch/results/125-claude_lean-alibi-3of8/results.json
robbie-autoresearch-lean:125-claude_lean-alibi-3of8,125-claude_lean-alibi-3of8 (discard),,lean_seq,scratch,cap-6 train.jsonl 155k,6,rl-harness-EI,0,holdout1177,1177,solved,64,0.8,648,lean_and_ndverify,,2026-09-25,copied,nd-rl:robbie-experiments:code/experiments/current/autoresearch/results/125-claude_lean-alibi-3of8/holdout.json
robbie-autoresearch-lean:125-claude_lean-alibi-3of8,125-claude_lean-alibi-3of8 (discard),,lean_seq,scratch,cap-6 train.jsonl 155k,6,rl-harness-EI,1,holdout1177,1177,solved,64,0.8,666,lean_and_ndverify,,2026-09-25,copied,nd-rl:robbie-experiments:code/experiments/current/autoresearch/results/125-claude_lean-alibi-3of8/holdout.json
robbie-autoresearch-lean:125-claude_lean-alibi-3of8,125-claude_lean-alibi-3of8 (discard),,lean_seq,scratch,cap-6 train.jsonl 155k,6,rl-harness-EI,2,holdout1177,1177,solved,64,0.8,696,lean_and_ndverify,,2026-09-25,copied,nd-rl:robbie-experiments:code/experiments/current/autoresearch/results/125-claude_lean-alibi-3of8/holdout.json
robbie-autoresearch-lean:125-fable_lean-loop-3x2,125-fable_lean-loop-3x2 (discard),,lean_seq,scratch,cap-6 train.jsonl 155k,6,rl-harness-EI,0,dev1108,1108,dev_metric,64,0.8,584,lean_and_ndverify,,2026-09-25,copied,nd-rl:robbie-experiments:code/experiments/current/autoresearch/results/125-fable_lean-loop-3x2/results.json
robbie-autoresearch-lean:125-fable_lean-loop-3x2,125-fable_lean-loop-3x2 (discard),,lean_seq,scratch,cap-6 train.jsonl 155k,6,rl-harness-EI,1,dev1108,1108,dev_metric,64,0.8,648,lean_and_ndverify,,2026-09-25,copied,nd-rl:robbie-experiments:code/experiments/current/autoresearch/results/125-fable_lean-loop-3x2/results.json
robbie-autoresearch-lean:125-fable_lean-loop-3x2,125-fable_lean-loop-3x2 (discard),,lean_seq,scratch,cap-6 train.jsonl 155k,6,rl-harness-EI,2,dev1108,1108,dev_metric,64,0.8,619,lean_and_ndverify,,2026-09-25,copied,nd-rl:robbie-experiments:code/experiments/current/autoresearch/results/125-fable_lean-loop-3x2/results.json
robbie-autoresearch-lean:125-fable_lean-loop-3x2,125-fable_lean-loop-3x2 (discard),,lean_seq,scratch,cap-6 train.jsonl 155k,6,rl-harness-EI,0,holdout1177,1177,solved,64,0.8,625,lean_and_ndverify,,2026-09-25,copied,nd-rl:robbie-experiments:code/experiments/current/autoresearch/results/125-fable_lean-loop-3x2/holdout.json
robbie-autoresearch-lean:125-fable_lean-loop-3x2,125-fable_lean-loop-3x2 (discard),,lean_seq,scratch,cap-6 train.jsonl 155k,6,rl-harness-EI,1,holdout1177,1177,solved,64,0.8,686,lean_and_ndverify,,2026-09-25,copied,nd-rl:robbie-experiments:code/experiments/current/autoresearch/results/125-fable_lean-loop-3x2/holdout.json
robbie-autoresearch-lean:125-fable_lean-loop-3x2,125-fable_lean-loop-3x2 (discard),,lean_seq,scratch,cap-6 train.jsonl 155k,6,rl-harness-EI,2,holdout1177,1177,solved,64,0.8,680,lean_and_ndverify,,2026-09-25,copied,nd-rl:robbie-experiments:code/experiments/current/autoresearch/results/125-fable_lean-loop-3x2/holdout.json
robbie-autoresearch-lean:126-claude_lean-depth7-mlp3x,126-claude_lean-depth7-mlp3x (discard),,lean_seq,scratch,cap-6 train.jsonl 155k,6,rl-harness-EI,0,dev1108,1108,dev_metric,64,0.8,614,lean_and_ndverify,,2026-09-25,copied,nd-rl:robbie-experiments:code/experiments/current/autoresearch/results/126-claude_lean-depth7-mlp3x/results.json
robbie-autoresearch-lean:126-claude_lean-depth7-mlp3x,126-claude_lean-depth7-mlp3x (discard),,lean_seq,scratch,cap-6 train.jsonl 155k,6,rl-harness-EI,1,dev1108,1108,dev_metric,64,0.8,634,lean_and_ndverify,,2026-09-25,copied,nd-rl:robbie-experiments:code/experiments/current/autoresearch/results/126-claude_lean-depth7-mlp3x/results.json
robbie-autoresearch-lean:126-claude_lean-depth7-mlp3x,126-claude_lean-depth7-mlp3x (discard),,lean_seq,scratch,cap-6 train.jsonl 155k,6,rl-harness-EI,2,dev1108,1108,dev_metric,64,0.8,650,lean_and_ndverify,,2026-09-25,copied,nd-rl:robbie-experiments:code/experiments/current/autoresearch/results/126-claude_lean-depth7-mlp3x/results.json
robbie-autoresearch-lean:126-claude_lean-depth7-mlp3x,126-claude_lean-depth7-mlp3x (discard),,lean_seq,scratch,cap-6 train.jsonl 155k,6,rl-harness-EI,0,holdout1177,1177,solved,64,0.8,661,lean_and_ndverify,,2026-09-25,copied,nd-rl:robbie-experiments:code/experiments/current/autoresearch/results/126-claude_lean-depth7-mlp3x/holdout.json
robbie-autoresearch-lean:126-claude_lean-depth7-mlp3x,126-claude_lean-depth7-mlp3x (discard),,lean_seq,scratch,cap-6 train.jsonl 155k,6,rl-harness-EI,1,holdout1177,1177,solved,64,0.8,657,lean_and_ndverify,,2026-09-25,copied,nd-rl:robbie-experiments:code/experiments/current/autoresearch/results/126-claude_lean-depth7-mlp3x/holdout.json
robbie-autoresearch-lean:126-claude_lean-depth7-mlp3x,126-claude_lean-depth7-mlp3x (discard),,lean_seq,scratch,cap-6 train.jsonl 155k,6,rl-harness-EI,2,holdout1177,1177,solved,64,0.8,708,lean_and_ndverify,,2026-09-25,copied,nd-rl:robbie-experiments:code/experiments/current/autoresearch/results/126-claude_lean-depth7-mlp3x/holdout.json
robbie-autoresearch-lean:127-fable_lean-heads-16,127-fable_lean-heads-16 (discard),,lean_seq,scratch,cap-6 train.jsonl 155k,6,rl-harness-EI,0,dev1108,1108,dev_metric,64,0.8,616,lean_and_ndverify,,2026-09-25,copied,nd-rl:robbie-experiments:code/experiments/current/autoresearch/results/127-fable_lean-heads-16/results.json
robbie-autoresearch-lean:127-fable_lean-heads-16,127-fable_lean-heads-16 (discard),,lean_seq,scratch,cap-6 train.jsonl 155k,6,rl-harness-EI,1,dev1108,1108,dev_metric,64,0.8,600,lean_and_ndverify,,2026-09-25,copied,nd-rl:robbie-experiments:code/experiments/current/autoresearch/results/127-fable_lean-heads-16/results.json
robbie-autoresearch-lean:127-fable_lean-heads-16,127-fable_lean-heads-16 (discard),,lean_seq,scratch,cap-6 train.jsonl 155k,6,rl-harness-EI,2,dev1108,1108,dev_metric,64,0.8,615,lean_and_ndverify,,2026-09-25,copied,nd-rl:robbie-experiments:code/experiments/current/autoresearch/results/127-fable_lean-heads-16/results.json
robbie-autoresearch-lean:127-fable_lean-heads-16,127-fable_lean-heads-16 (discard),,lean_seq,scratch,cap-6 train.jsonl 155k,6,rl-harness-EI,0,holdout1177,1177,solved,64,0.8,642,lean_and_ndverify,,2026-09-25,copied,nd-rl:robbie-experiments:code/experiments/current/autoresearch/results/127-fable_lean-heads-16/holdout.json
robbie-autoresearch-lean:127-fable_lean-heads-16,127-fable_lean-heads-16 (discard),,lean_seq,scratch,cap-6 train.jsonl 155k,6,rl-harness-EI,1,holdout1177,1177,solved,64,0.8,621,lean_and_ndverify,,2026-09-25,copied,nd-rl:robbie-experiments:code/experiments/current/autoresearch/results/127-fable_lean-heads-16/holdout.json
robbie-autoresearch-lean:127-fable_lean-heads-16,127-fable_lean-heads-16 (discard),,lean_seq,scratch,cap-6 train.jsonl 155k,6,rl-harness-EI,2,holdout1177,1177,solved,64,0.8,653,lean_and_ndverify,,2026-09-25,copied,nd-rl:robbie-experiments:code/experiments/current/autoresearch/results/127-fable_lean-heads-16/holdout.json
robbie-autoresearch-lean:128-claude_lean-attn-dropout,128-claude_lean-attn-dropout (discard),,lean_seq,scratch,cap-6 train.jsonl 155k,6,rl-harness-EI,0,dev1108,1108,dev_metric,64,0.8,632,lean_and_ndverify,,2026-09-25,copied,nd-rl:robbie-experiments:code/experiments/current/autoresearch/results/128-claude_lean-attn-dropout/results.json
robbie-autoresearch-lean:128-claude_lean-attn-dropout,128-claude_lean-attn-dropout (discard),,lean_seq,scratch,cap-6 train.jsonl 155k,6,rl-harness-EI,1,dev1108,1108,dev_metric,64,0.8,606,lean_and_ndverify,,2026-09-25,copied,nd-rl:robbie-experiments:code/experiments/current/autoresearch/results/128-claude_lean-attn-dropout/results.json
robbie-autoresearch-lean:128-claude_lean-attn-dropout,128-claude_lean-attn-dropout (discard),,lean_seq,scratch,cap-6 train.jsonl 155k,6,rl-harness-EI,2,dev1108,1108,dev_metric,64,0.8,607,lean_and_ndverify,,2026-09-25,copied,nd-rl:robbie-experiments:code/experiments/current/autoresearch/results/128-claude_lean-attn-dropout/results.json
robbie-autoresearch-lean:128-claude_lean-attn-dropout,128-claude_lean-attn-dropout (discard),,lean_seq,scratch,cap-6 train.jsonl 155k,6,rl-harness-EI,0,holdout1177,1177,solved,64,0.8,652,lean_and_ndverify,,2026-09-25,copied,nd-rl:robbie-experiments:code/experiments/current/autoresearch/results/128-claude_lean-attn-dropout/holdout.json
robbie-autoresearch-lean:128-claude_lean-attn-dropout,128-claude_lean-attn-dropout (discard),,lean_seq,scratch,cap-6 train.jsonl 155k,6,rl-harness-EI,1,holdout1177,1177,solved,64,0.8,635,lean_and_ndverify,,2026-09-25,copied,nd-rl:robbie-experiments:code/experiments/current/autoresearch/results/128-claude_lean-attn-dropout/holdout.json
robbie-autoresearch-lean:128-claude_lean-attn-dropout,128-claude_lean-attn-dropout (discard),,lean_seq,scratch,cap-6 train.jsonl 155k,6,rl-harness-EI,2,holdout1177,1177,solved,64,0.8,653,lean_and_ndverify,,2026-09-25,copied,nd-rl:robbie-experiments:code/experiments/current/autoresearch/results/128-claude_lean-attn-dropout/holdout.json
robbie-autoresearch-lean:129-claude_lean-lr-floor-03,129-claude_lean-lr-floor-03 (keep),,lean_seq,scratch,cap-6 train.jsonl 155k,6,rl-harness-EI,0,dev1108,1108,dev_metric,64,0.8,651,lean_and_ndverify,,2026-09-25,copied,nd-rl:robbie-experiments:code/experiments/current/autoresearch/results/129-claude_lean-lr-floor-03/results.json
robbie-autoresearch-lean:129-claude_lean-lr-floor-03,129-claude_lean-lr-floor-03 (keep),,lean_seq,scratch,cap-6 train.jsonl 155k,6,rl-harness-EI,1,dev1108,1108,dev_metric,64,0.8,655,lean_and_ndverify,,2026-09-25,copied,nd-rl:robbie-experiments:code/experiments/current/autoresearch/results/129-claude_lean-lr-floor-03/results.json
robbie-autoresearch-lean:129-claude_lean-lr-floor-03,129-claude_lean-lr-floor-03 (keep),,lean_seq,scratch,cap-6 train.jsonl 155k,6,rl-harness-EI,2,dev1108,1108,dev_metric,64,0.8,633,lean_and_ndverify,,2026-09-25,copied,nd-rl:robbie-experiments:code/experiments/current/autoresearch/results/129-claude_lean-lr-floor-03/results.json
robbie-autoresearch-lean:129-claude_lean-lr-floor-03,129-claude_lean-lr-floor-03 (keep),,lean_seq,scratch,cap-6 train.jsonl 155k,6,rl-harness-EI,0,holdout1177,1177,solved,64,0.8,694,lean_and_ndverify,,2026-09-25,copied,nd-rl:robbie-experiments:code/experiments/current/autoresearch/results/129-claude_lean-lr-floor-03/holdout.json
robbie-autoresearch-lean:129-claude_lean-lr-floor-03,129-claude_lean-lr-floor-03 (keep),,lean_seq,scratch,cap-6 train.jsonl 155k,6,rl-harness-EI,1,holdout1177,1177,solved,64,0.8,691,lean_and_ndverify,,2026-09-25,copied,nd-rl:robbie-experiments:code/experiments/current/autoresearch/results/129-claude_lean-lr-floor-03/holdout.json
robbie-autoresearch-lean:129-claude_lean-lr-floor-03,129-claude_lean-lr-floor-03 (keep),,lean_seq,scratch,cap-6 train.jsonl 155k,6,rl-harness-EI,2,holdout1177,1177,solved,64,0.8,695,lean_and_ndverify,,2026-09-25,copied,nd-rl:robbie-experiments:code/experiments/current/autoresearch/results/129-claude_lean-lr-floor-03/holdout.json
robbie-autoresearch-lean:130-claude_lean-constant-lr,130-claude_lean-constant-lr (discard),,lean_seq,scratch,cap-6 train.jsonl 155k,6,rl-harness-EI,0,dev1108,1108,dev_metric,64,0.8,604,lean_and_ndverify,,2026-09-25,copied,nd-rl:robbie-experiments:code/experiments/current/autoresearch/results/130-claude_lean-constant-lr/results.json
robbie-autoresearch-lean:130-claude_lean-constant-lr,130-claude_lean-constant-lr (discard),,lean_seq,scratch,cap-6 train.jsonl 155k,6,rl-harness-EI,1,dev1108,1108,dev_metric,64,0.8,551,lean_and_ndverify,,2026-09-25,copied,nd-rl:robbie-experiments:code/experiments/current/autoresearch/results/130-claude_lean-constant-lr/results.json
robbie-autoresearch-lean:130-claude_lean-constant-lr,130-claude_lean-constant-lr (discard),,lean_seq,scratch,cap-6 train.jsonl 155k,6,rl-harness-EI,2,dev1108,1108,dev_metric,64,0.8,595,lean_and_ndverify,,2026-09-25,copied,nd-rl:robbie-experiments:code/experiments/current/autoresearch/results/130-claude_lean-constant-lr/results.json
robbie-autoresearch-lean:130-claude_lean-constant-lr,130-claude_lean-constant-lr (discard),,lean_seq,scratch,cap-6 train.jsonl 155k,6,rl-harness-EI,0,holdout1177,1177,solved,64,0.8,649,lean_and_ndverify,,2026-09-25,copied,nd-rl:robbie-experiments:code/experiments/current/autoresearch/results/130-claude_lean-constant-lr/holdout.json
robbie-autoresearch-lean:130-claude_lean-constant-lr,130-claude_lean-constant-lr (discard),,lean_seq,scratch,cap-6 train.jsonl 155k,6,rl-harness-EI,1,holdout1177,1177,solved,64,0.8,600,lean_and_ndverify,,2026-09-25,copied,nd-rl:robbie-experiments:code/experiments/current/autoresearch/results/130-claude_lean-constant-lr/holdout.json
robbie-autoresearch-lean:130-claude_lean-constant-lr,130-claude_lean-constant-lr (discard),,lean_seq,scratch,cap-6 train.jsonl 155k,6,rl-harness-EI,2,holdout1177,1177,solved,64,0.8,646,lean_and_ndverify,,2026-09-25,copied,nd-rl:robbie-experiments:code/experiments/current/autoresearch/results/130-claude_lean-constant-lr/holdout.json
robbie-autoresearch-lean:131-claude_lean-swa-tail,131-claude_lean-swa-tail (discard),,lean_seq,scratch,cap-6 train.jsonl 155k,6,rl-harness-EI,0,dev1108,1108,dev_metric,64,0.8,640,lean_and_ndverify,,2026-09-25,copied,nd-rl:robbie-experiments:code/experiments/current/autoresearch/results/131-claude_lean-swa-tail/results.json
robbie-autoresearch-lean:131-claude_lean-swa-tail,131-claude_lean-swa-tail (discard),,lean_seq,scratch,cap-6 train.jsonl 155k,6,rl-harness-EI,1,dev1108,1108,dev_metric,64,0.8,620,lean_and_ndverify,,2026-09-25,copied,nd-rl:robbie-experiments:code/experiments/current/autoresearch/results/131-claude_lean-swa-tail/results.json
robbie-autoresearch-lean:131-claude_lean-swa-tail,131-claude_lean-swa-tail (discard),,lean_seq,scratch,cap-6 train.jsonl 155k,6,rl-harness-EI,2,dev1108,1108,dev_metric,64,0.8,649,lean_and_ndverify,,2026-09-25,copied,nd-rl:robbie-experiments:code/experiments/current/autoresearch/results/131-claude_lean-swa-tail/results.json
robbie-autoresearch-lean:131-claude_lean-swa-tail,131-claude_lean-swa-tail (discard),,lean_seq,scratch,cap-6 train.jsonl 155k,6,rl-harness-EI,0,holdout1177,1177,solved,64,0.8,693,lean_and_ndverify,,2026-09-25,copied,nd-rl:robbie-experiments:code/experiments/current/autoresearch/results/131-claude_lean-swa-tail/holdout.json
robbie-autoresearch-lean:131-claude_lean-swa-tail,131-claude_lean-swa-tail (discard),,lean_seq,scratch,cap-6 train.jsonl 155k,6,rl-harness-EI,1,holdout1177,1177,solved,64,0.8,666,lean_and_ndverify,,2026-09-25,copied,nd-rl:robbie-experiments:code/experiments/current/autoresearch/results/131-claude_lean-swa-tail/holdout.json
robbie-autoresearch-lean:131-claude_lean-swa-tail,131-claude_lean-swa-tail (discard),,lean_seq,scratch,cap-6 train.jsonl 155k,6,rl-harness-EI,2,holdout1177,1177,solved,64,0.8,691,lean_and_ndverify,,2026-09-25,copied,nd-rl:robbie-experiments:code/experiments/current/autoresearch/results/131-claude_lean-swa-tail/holdout.json
robbie-autoresearch-lean:132-fable_lean-recurrent-depth,132-fable_lean-recurrent-depth (discard),,lean_seq,scratch,cap-6 train.jsonl 155k,6,rl-harness-EI,0,dev1108,1108,dev_metric,64,0.8,613,lean_and_ndverify,,2026-09-25,copied,nd-rl:robbie-experiments:code/experiments/current/autoresearch/results/132-fable_lean-recurrent-depth/results.json
robbie-autoresearch-lean:132-fable_lean-recurrent-depth,132-fable_lean-recurrent-depth (discard),,lean_seq,scratch,cap-6 train.jsonl 155k,6,rl-harness-EI,1,dev1108,1108,dev_metric,64,0.8,629,lean_and_ndverify,,2026-09-25,copied,nd-rl:robbie-experiments:code/experiments/current/autoresearch/results/132-fable_lean-recurrent-depth/results.json
robbie-autoresearch-lean:132-fable_lean-recurrent-depth,132-fable_lean-recurrent-depth (discard),,lean_seq,scratch,cap-6 train.jsonl 155k,6,rl-harness-EI,2,dev1108,1108,dev_metric,64,0.8,632,lean_and_ndverify,,2026-09-25,copied,nd-rl:robbie-experiments:code/experiments/current/autoresearch/results/132-fable_lean-recurrent-depth/results.json
robbie-autoresearch-lean:132-fable_lean-recurrent-depth,132-fable_lean-recurrent-depth (discard),,lean_seq,scratch,cap-6 train.jsonl 155k,6,rl-harness-EI,0,holdout1177,1177,solved,64,0.8,648,lean_and_ndverify,,2026-09-25,copied,nd-rl:robbie-experiments:code/experiments/current/autoresearch/results/132-fable_lean-recurrent-depth/holdout.json
robbie-autoresearch-lean:132-fable_lean-recurrent-depth,132-fable_lean-recurrent-depth (discard),,lean_seq,scratch,cap-6 train.jsonl 155k,6,rl-harness-EI,1,holdout1177,1177,solved,64,0.8,683,lean_and_ndverify,,2026-09-25,copied,nd-rl:robbie-experiments:code/experiments/current/autoresearch/results/132-fable_lean-recurrent-depth/holdout.json
robbie-autoresearch-lean:132-fable_lean-recurrent-depth,132-fable_lean-recurrent-depth (discard),,lean_seq,scratch,cap-6 train.jsonl 155k,6,rl-harness-EI,2,holdout1177,1177,solved,64,0.8,688,lean_and_ndverify,,2026-09-25,copied,nd-rl:robbie-experiments:code/experiments/current/autoresearch/results/132-fable_lean-recurrent-depth/holdout.json
robbie-autoresearch-lean:133-claude_lean-handoff-rescale,133-claude_lean-handoff-rescale (discard),,lean_seq,scratch,cap-6 train.jsonl 155k,6,rl-harness-EI,0,dev1108,1108,dev_metric,64,0.8,614,lean_and_ndverify,,2026-09-25,copied,nd-rl:robbie-experiments:code/experiments/current/autoresearch/results/133-claude_lean-handoff-rescale/results.json
robbie-autoresearch-lean:133-claude_lean-handoff-rescale,133-claude_lean-handoff-rescale (discard),,lean_seq,scratch,cap-6 train.jsonl 155k,6,rl-harness-EI,1,dev1108,1108,dev_metric,64,0.8,647,lean_and_ndverify,,2026-09-25,copied,nd-rl:robbie-experiments:code/experiments/current/autoresearch/results/133-claude_lean-handoff-rescale/results.json
robbie-autoresearch-lean:133-claude_lean-handoff-rescale,133-claude_lean-handoff-rescale (discard),,lean_seq,scratch,cap-6 train.jsonl 155k,6,rl-harness-EI,2,dev1108,1108,dev_metric,64,0.8,653,lean_and_ndverify,,2026-09-25,copied,nd-rl:robbie-experiments:code/experiments/current/autoresearch/results/133-claude_lean-handoff-rescale/results.json
robbie-autoresearch-lean:133-claude_lean-handoff-rescale,133-claude_lean-handoff-rescale (discard),,lean_seq,scratch,cap-6 train.jsonl 155k,6,rl-harness-EI,0,holdout1177,1177,solved,64,0.8,670,lean_and_ndverify,,2026-09-25,copied,nd-rl:robbie-experiments:code/experiments/current/autoresearch/results/133-claude_lean-handoff-rescale/holdout.json
robbie-autoresearch-lean:133-claude_lean-handoff-rescale,133-claude_lean-handoff-rescale (discard),,lean_seq,scratch,cap-6 train.jsonl 155k,6,rl-harness-EI,1,holdout1177,1177,solved,64,0.8,693,lean_and_ndverify,,2026-09-25,copied,nd-rl:robbie-experiments:code/experiments/current/autoresearch/results/133-claude_lean-handoff-rescale/holdout.json
robbie-autoresearch-lean:133-claude_lean-handoff-rescale,133-claude_lean-handoff-rescale (discard),,lean_seq,scratch,cap-6 train.jsonl 155k,6,rl-harness-EI,2,holdout1177,1177,solved,64,0.8,697,lean_and_ndverify,,2026-09-25,copied,nd-rl:robbie-experiments:code/experiments/current/autoresearch/results/133-claude_lean-handoff-rescale/holdout.json
robbie-autoresearch-lean:134-fable_lean-loop-wide,134-fable_lean-loop-wide (discard),,lean_seq,scratch,cap-6 train.jsonl 155k,6,rl-harness-EI,0,dev1108,1108,dev_metric,64,0.8,649,lean_and_ndverify,,2026-09-25,copied,nd-rl:robbie-experiments:code/experiments/current/autoresearch/results/134-fable_lean-loop-wide/results.json
robbie-autoresearch-lean:134-fable_lean-loop-wide,134-fable_lean-loop-wide (discard),,lean_seq,scratch,cap-6 train.jsonl 155k,6,rl-harness-EI,1,dev1108,1108,dev_metric,64,0.8,631,lean_and_ndverify,,2026-09-25,copied,nd-rl:robbie-experiments:code/experiments/current/autoresearch/results/134-fable_lean-loop-wide/results.json
robbie-autoresearch-lean:134-fable_lean-loop-wide,134-fable_lean-loop-wide (discard),,lean_seq,scratch,cap-6 train.jsonl 155k,6,rl-harness-EI,2,dev1108,1108,dev_metric,64,0.8,620,lean_and_ndverify,,2026-09-25,copied,nd-rl:robbie-experiments:code/experiments/current/autoresearch/results/134-fable_lean-loop-wide/results.json
robbie-autoresearch-lean:134-fable_lean-loop-wide,134-fable_lean-loop-wide (discard),,lean_seq,scratch,cap-6 train.jsonl 155k,6,rl-harness-EI,0,holdout1177,1177,solved,64,0.8,691,lean_and_ndverify,,2026-09-25,copied,nd-rl:robbie-experiments:code/experiments/current/autoresearch/results/134-fable_lean-loop-wide/holdout.json
robbie-autoresearch-lean:134-fable_lean-loop-wide,134-fable_lean-loop-wide (discard),,lean_seq,scratch,cap-6 train.jsonl 155k,6,rl-harness-EI,1,holdout1177,1177,solved,64,0.8,667,lean_and_ndverify,,2026-09-25,copied,nd-rl:robbie-experiments:code/experiments/current/autoresearch/results/134-fable_lean-loop-wide/holdout.json
robbie-autoresearch-lean:134-fable_lean-loop-wide,134-fable_lean-loop-wide (discard),,lean_seq,scratch,cap-6 train.jsonl 155k,6,rl-harness-EI,2,holdout1177,1177,solved,64,0.8,675,lean_and_ndverify,,2026-09-25,copied,nd-rl:robbie-experiments:code/experiments/current/autoresearch/results/134-fable_lean-loop-wide/holdout.json
robbie-autoresearch-lean:135-claude_lean-wsd,135-claude_lean-wsd (discard),,lean_seq,scratch,cap-6 train.jsonl 155k,6,rl-harness-EI,0,dev1108,1108,dev_metric,64,0.8,606,lean_and_ndverify,,2026-09-25,copied,nd-rl:robbie-experiments:code/experiments/current/autoresearch/results/135-claude_lean-wsd/results.json
robbie-autoresearch-lean:135-claude_lean-wsd,135-claude_lean-wsd (discard),,lean_seq,scratch,cap-6 train.jsonl 155k,6,rl-harness-EI,1,dev1108,1108,dev_metric,64,0.8,647,lean_and_ndverify,,2026-09-25,copied,nd-rl:robbie-experiments:code/experiments/current/autoresearch/results/135-claude_lean-wsd/results.json
robbie-autoresearch-lean:135-claude_lean-wsd,135-claude_lean-wsd (discard),,lean_seq,scratch,cap-6 train.jsonl 155k,6,rl-harness-EI,2,dev1108,1108,dev_metric,64,0.8,639,lean_and_ndverify,,2026-09-25,copied,nd-rl:robbie-experiments:code/experiments/current/autoresearch/results/135-claude_lean-wsd/results.json
robbie-autoresearch-lean:135-claude_lean-wsd,135-claude_lean-wsd (discard),,lean_seq,scratch,cap-6 train.jsonl 155k,6,rl-harness-EI,0,holdout1177,1177,solved,64,0.8,653,lean_and_ndverify,,2026-09-25,copied,nd-rl:robbie-experiments:code/experiments/current/autoresearch/results/135-claude_lean-wsd/holdout.json
robbie-autoresearch-lean:135-claude_lean-wsd,135-claude_lean-wsd (discard),,lean_seq,scratch,cap-6 train.jsonl 155k,6,rl-harness-EI,1,holdout1177,1177,solved,64,0.8,685,lean_and_ndverify,,2026-09-25,copied,nd-rl:robbie-experiments:code/experiments/current/autoresearch/results/135-claude_lean-wsd/holdout.json
robbie-autoresearch-lean:135-claude_lean-wsd,135-claude_lean-wsd (discard),,lean_seq,scratch,cap-6 train.jsonl 155k,6,rl-harness-EI,2,holdout1177,1177,solved,64,0.8,692,lean_and_ndverify,,2026-09-25,copied,nd-rl:robbie-experiments:code/experiments/current/autoresearch/results/135-claude_lean-wsd/holdout.json
robbie-autoresearch-lean:136-fable_lean-mtp,136-fable_lean-mtp (keep),,lean_seq,scratch,cap-6 train.jsonl 155k,6,rl-harness-EI,0,dev1108,1108,dev_metric,64,0.8,655,lean_and_ndverify,,2026-09-25,copied,nd-rl:robbie-experiments:code/experiments/current/autoresearch/results/136-fable_lean-mtp/results.json
robbie-autoresearch-lean:136-fable_lean-mtp,136-fable_lean-mtp (keep),,lean_seq,scratch,cap-6 train.jsonl 155k,6,rl-harness-EI,1,dev1108,1108,dev_metric,64,0.8,673,lean_and_ndverify,,2026-09-25,copied,nd-rl:robbie-experiments:code/experiments/current/autoresearch/results/136-fable_lean-mtp/results.json
robbie-autoresearch-lean:136-fable_lean-mtp,136-fable_lean-mtp (keep),,lean_seq,scratch,cap-6 train.jsonl 155k,6,rl-harness-EI,2,dev1108,1108,dev_metric,64,0.8,646,lean_and_ndverify,,2026-09-25,copied,nd-rl:robbie-experiments:code/experiments/current/autoresearch/results/136-fable_lean-mtp/results.json
robbie-autoresearch-lean:136-fable_lean-mtp,136-fable_lean-mtp (keep),,lean_seq,scratch,cap-6 train.jsonl 155k,6,rl-harness-EI,0,holdout1177,1177,solved,64,0.8,694,lean_and_ndverify,,2026-09-25,copied,nd-rl:robbie-experiments:code/experiments/current/autoresearch/results/136-fable_lean-mtp/holdout.json
robbie-autoresearch-lean:136-fable_lean-mtp,136-fable_lean-mtp (keep),,lean_seq,scratch,cap-6 train.jsonl 155k,6,rl-harness-EI,1,holdout1177,1177,solved,64,0.8,713,lean_and_ndverify,,2026-09-25,copied,nd-rl:robbie-experiments:code/experiments/current/autoresearch/results/136-fable_lean-mtp/holdout.json
robbie-autoresearch-lean:136-fable_lean-mtp,136-fable_lean-mtp (keep),,lean_seq,scratch,cap-6 train.jsonl 155k,6,rl-harness-EI,2,holdout1177,1177,solved,64,0.8,689,lean_and_ndverify,,2026-09-25,copied,nd-rl:robbie-experiments:code/experiments/current/autoresearch/results/136-fable_lean-mtp/holdout.json
robbie-autoresearch-lean:137-claude_lean-floor-05,137-claude_lean-floor-05 (discard),,lean_seq,scratch,cap-6 train.jsonl 155k,6,rl-harness-EI,0,dev1108,1108,dev_metric,64,0.8,644,lean_and_ndverify,,2026-09-25,copied,nd-rl:robbie-experiments:code/experiments/current/autoresearch/results/137-claude_lean-floor-05/results.json
robbie-autoresearch-lean:137-claude_lean-floor-05,137-claude_lean-floor-05 (discard),,lean_seq,scratch,cap-6 train.jsonl 155k,6,rl-harness-EI,1,dev1108,1108,dev_metric,64,0.8,628,lean_and_ndverify,,2026-09-25,copied,nd-rl:robbie-experiments:code/experiments/current/autoresearch/results/137-claude_lean-floor-05/results.json
robbie-autoresearch-lean:137-claude_lean-floor-05,137-claude_lean-floor-05 (discard),,lean_seq,scratch,cap-6 train.jsonl 155k,6,rl-harness-EI,2,dev1108,1108,dev_metric,64,0.8,623,lean_and_ndverify,,2026-09-25,copied,nd-rl:robbie-experiments:code/experiments/current/autoresearch/results/137-claude_lean-floor-05/results.json
robbie-autoresearch-lean:137-claude_lean-floor-05,137-claude_lean-floor-05 (discard),,lean_seq,scratch,cap-6 train.jsonl 155k,6,rl-harness-EI,0,holdout1177,1177,solved,64,0.8,706,lean_and_ndverify,,2026-09-25,copied,nd-rl:robbie-experiments:code/experiments/current/autoresearch/results/137-claude_lean-floor-05/holdout.json
robbie-autoresearch-lean:137-claude_lean-floor-05,137-claude_lean-floor-05 (discard),,lean_seq,scratch,cap-6 train.jsonl 155k,6,rl-harness-EI,1,holdout1177,1177,solved,64,0.8,675,lean_and_ndverify,,2026-09-25,copied,nd-rl:robbie-experiments:code/experiments/current/autoresearch/results/137-claude_lean-floor-05/holdout.json
robbie-autoresearch-lean:137-claude_lean-floor-05,137-claude_lean-floor-05 (discard),,lean_seq,scratch,cap-6 train.jsonl 155k,6,rl-harness-EI,2,holdout1177,1177,solved,64,0.8,688,lean_and_ndverify,,2026-09-25,copied,nd-rl:robbie-experiments:code/experiments/current/autoresearch/results/137-claude_lean-floor-05/holdout.json
robbie-autoresearch-lean:138-fable_lean-mtp-recurrent,138-fable_lean-mtp-recurrent (discard),,lean_seq,scratch,cap-6 train.jsonl 155k,6,rl-harness-EI,0,dev1108,1108,dev_metric,64,0.8,651,lean_and_ndverify,,2026-09-25,copied,nd-rl:robbie-experiments:code/experiments/current/autoresearch/results/138-fable_lean-mtp-recurrent/results.json
robbie-autoresearch-lean:138-fable_lean-mtp-recurrent,138-fable_lean-mtp-recurrent (discard),,lean_seq,scratch,cap-6 train.jsonl 155k,6,rl-harness-EI,1,dev1108,1108,dev_metric,64,0.8,650,lean_and_ndverify,,2026-09-25,copied,nd-rl:robbie-experiments:code/experiments/current/autoresearch/results/138-fable_lean-mtp-recurrent/results.json
robbie-autoresearch-lean:138-fable_lean-mtp-recurrent,138-fable_lean-mtp-recurrent (discard),,lean_seq,scratch,cap-6 train.jsonl 155k,6,rl-harness-EI,2,dev1108,1108,dev_metric,64,0.8,621,lean_and_ndverify,,2026-09-25,copied,nd-rl:robbie-experiments:code/experiments/current/autoresearch/results/138-fable_lean-mtp-recurrent/results.json
robbie-autoresearch-lean:138-fable_lean-mtp-recurrent,138-fable_lean-mtp-recurrent (discard),,lean_seq,scratch,cap-6 train.jsonl 155k,6,rl-harness-EI,0,holdout1177,1177,solved,64,0.8,683,lean_and_ndverify,,2026-09-25,copied,nd-rl:robbie-experiments:code/experiments/current/autoresearch/results/138-fable_lean-mtp-recurrent/holdout.json
robbie-autoresearch-lean:138-fable_lean-mtp-recurrent,138-fable_lean-mtp-recurrent (discard),,lean_seq,scratch,cap-6 train.jsonl 155k,6,rl-harness-EI,1,holdout1177,1177,solved,64,0.8,699,lean_and_ndverify,,2026-09-25,copied,nd-rl:robbie-experiments:code/experiments/current/autoresearch/results/138-fable_lean-mtp-recurrent/holdout.json
robbie-autoresearch-lean:138-fable_lean-mtp-recurrent,138-fable_lean-mtp-recurrent (discard),,lean_seq,scratch,cap-6 train.jsonl 155k,6,rl-harness-EI,2,holdout1177,1177,solved,64,0.8,668,lean_and_ndverify,,2026-09-25,copied,nd-rl:robbie-experiments:code/experiments/current/autoresearch/results/138-fable_lean-mtp-recurrent/holdout.json
robbie-autoresearch-lean:139-claude_lean-mhc,139-claude_lean-mhc (discard),,lean_seq,scratch,cap-6 train.jsonl 155k,6,rl-harness-EI,0,dev1108,1108,dev_metric,64,0.8,624,lean_and_ndverify,,2026-09-25,copied,nd-rl:robbie-experiments:code/experiments/current/autoresearch/results/139-claude_lean-mhc/results.json
robbie-autoresearch-lean:139-claude_lean-mhc,139-claude_lean-mhc (discard),,lean_seq,scratch,cap-6 train.jsonl 155k,6,rl-harness-EI,1,dev1108,1108,dev_metric,64,0.8,593,lean_and_ndverify,,2026-09-25,copied,nd-rl:robbie-experiments:code/experiments/current/autoresearch/results/139-claude_lean-mhc/results.json
robbie-autoresearch-lean:139-claude_lean-mhc,139-claude_lean-mhc (discard),,lean_seq,scratch,cap-6 train.jsonl 155k,6,rl-harness-EI,2,dev1108,1108,dev_metric,64,0.8,625,lean_and_ndverify,,2026-09-25,copied,nd-rl:robbie-experiments:code/experiments/current/autoresearch/results/139-claude_lean-mhc/results.json
robbie-autoresearch-lean:139-claude_lean-mhc,139-claude_lean-mhc (discard),,lean_seq,scratch,cap-6 train.jsonl 155k,6,rl-harness-EI,0,holdout1177,1177,solved,64,0.8,667,lean_and_ndverify,,2026-09-25,copied,nd-rl:robbie-experiments:code/experiments/current/autoresearch/results/139-claude_lean-mhc/holdout.json
robbie-autoresearch-lean:139-claude_lean-mhc,139-claude_lean-mhc (discard),,lean_seq,scratch,cap-6 train.jsonl 155k,6,rl-harness-EI,1,holdout1177,1177,solved,64,0.8,626,lean_and_ndverify,,2026-09-25,copied,nd-rl:robbie-experiments:code/experiments/current/autoresearch/results/139-claude_lean-mhc/holdout.json
robbie-autoresearch-lean:139-claude_lean-mhc,139-claude_lean-mhc (discard),,lean_seq,scratch,cap-6 train.jsonl 155k,6,rl-harness-EI,2,holdout1177,1177,solved,64,0.8,677,lean_and_ndverify,,2026-09-25,copied,nd-rl:robbie-experiments:code/experiments/current/autoresearch/results/139-claude_lean-mhc/holdout.json
robbie-autoresearch-lean:140-fable_lean-stack,140-fable_lean-stack (discard),,lean_seq,scratch,cap-6 train.jsonl 155k,6,rl-harness-EI,0,dev1108,1108,dev_metric,64,0.8,598,lean_and_ndverify,,2026-09-25,copied,nd-rl:robbie-experiments:code/experiments/current/autoresearch/results/140-fable_lean-stack/results.json
robbie-autoresearch-lean:140-fable_lean-stack,140-fable_lean-stack (discard),,lean_seq,scratch,cap-6 train.jsonl 155k,6,rl-harness-EI,1,dev1108,1108,dev_metric,64,0.8,651,lean_and_ndverify,,2026-09-25,copied,nd-rl:robbie-experiments:code/experiments/current/autoresearch/results/140-fable_lean-stack/results.json
robbie-autoresearch-lean:140-fable_lean-stack,140-fable_lean-stack (discard),,lean_seq,scratch,cap-6 train.jsonl 155k,6,rl-harness-EI,2,dev1108,1108,dev_metric,64,0.8,614,lean_and_ndverify,,2026-09-25,copied,nd-rl:robbie-experiments:code/experiments/current/autoresearch/results/140-fable_lean-stack/results.json
robbie-autoresearch-lean:140-fable_lean-stack,140-fable_lean-stack (discard),,lean_seq,scratch,cap-6 train.jsonl 155k,6,rl-harness-EI,0,holdout1177,1177,solved,64,0.8,644,lean_and_ndverify,,2026-09-25,copied,nd-rl:robbie-experiments:code/experiments/current/autoresearch/results/140-fable_lean-stack/holdout.json
robbie-autoresearch-lean:140-fable_lean-stack,140-fable_lean-stack (discard),,lean_seq,scratch,cap-6 train.jsonl 155k,6,rl-harness-EI,1,holdout1177,1177,solved,64,0.8,716,lean_and_ndverify,,2026-09-25,copied,nd-rl:robbie-experiments:code/experiments/current/autoresearch/results/140-fable_lean-stack/holdout.json
robbie-autoresearch-lean:140-fable_lean-stack,140-fable_lean-stack (discard),,lean_seq,scratch,cap-6 train.jsonl 155k,6,rl-harness-EI,2,holdout1177,1177,solved,64,0.8,647,lean_and_ndverify,,2026-09-25,copied,nd-rl:robbie-experiments:code/experiments/current/autoresearch/results/140-fable_lean-stack/holdout.json
robbie-autoresearch-lean:141-claude_lean-mtp-parallel,141-claude_lean-mtp-parallel (discard),,lean_seq,scratch,cap-6 train.jsonl 155k,6,rl-harness-EI,0,dev1108,1108,dev_metric,64,0.8,665,lean_and_ndverify,,2026-09-25,copied,nd-rl:robbie-experiments:code/experiments/current/autoresearch/results/141-claude_lean-mtp-parallel/results.json
robbie-autoresearch-lean:141-claude_lean-mtp-parallel,141-claude_lean-mtp-parallel (discard),,lean_seq,scratch,cap-6 train.jsonl 155k,6,rl-harness-EI,1,dev1108,1108,dev_metric,64,0.8,635,lean_and_ndverify,,2026-09-25,copied,nd-rl:robbie-experiments:code/experiments/current/autoresearch/results/141-claude_lean-mtp-parallel/results.json
robbie-autoresearch-lean:141-claude_lean-mtp-parallel,141-claude_lean-mtp-parallel (discard),,lean_seq,scratch,cap-6 train.jsonl 155k,6,rl-harness-EI,2,dev1108,1108,dev_metric,64,0.8,611,lean_and_ndverify,,2026-09-25,copied,nd-rl:robbie-experiments:code/experiments/current/autoresearch/results/141-claude_lean-mtp-parallel/results.json
robbie-autoresearch-lean:141-claude_lean-mtp-parallel,141-claude_lean-mtp-parallel (discard),,lean_seq,scratch,cap-6 train.jsonl 155k,6,rl-harness-EI,0,holdout1177,1177,solved,64,0.8,707,lean_and_ndverify,,2026-09-25,copied,nd-rl:robbie-experiments:code/experiments/current/autoresearch/results/141-claude_lean-mtp-parallel/holdout.json
robbie-autoresearch-lean:141-claude_lean-mtp-parallel,141-claude_lean-mtp-parallel (discard),,lean_seq,scratch,cap-6 train.jsonl 155k,6,rl-harness-EI,1,holdout1177,1177,solved,64,0.8,682,lean_and_ndverify,,2026-09-25,copied,nd-rl:robbie-experiments:code/experiments/current/autoresearch/results/141-claude_lean-mtp-parallel/holdout.json
robbie-autoresearch-lean:141-claude_lean-mtp-parallel,141-claude_lean-mtp-parallel (discard),,lean_seq,scratch,cap-6 train.jsonl 155k,6,rl-harness-EI,2,holdout1177,1177,solved,64,0.8,649,lean_and_ndverify,,2026-09-25,copied,nd-rl:robbie-experiments:code/experiments/current/autoresearch/results/141-claude_lean-mtp-parallel/holdout.json
robbie-autoresearch-lean:142-fable_lean-deep-sup,142-fable_lean-deep-sup (discard),,lean_seq,scratch,cap-6 train.jsonl 155k,6,rl-harness-EI,0,dev1108,1108,dev_metric,64,0.8,637,lean_and_ndverify,,2026-09-25,copied,nd-rl:robbie-experiments:code/experiments/current/autoresearch/results/142-fable_lean-deep-sup/results.json
robbie-autoresearch-lean:142-fable_lean-deep-sup,142-fable_lean-deep-sup (discard),,lean_seq,scratch,cap-6 train.jsonl 155k,6,rl-harness-EI,1,dev1108,1108,dev_metric,64,0.8,624,lean_and_ndverify,,2026-09-25,copied,nd-rl:robbie-experiments:code/experiments/current/autoresearch/results/142-fable_lean-deep-sup/results.json
robbie-autoresearch-lean:142-fable_lean-deep-sup,142-fable_lean-deep-sup (discard),,lean_seq,scratch,cap-6 train.jsonl 155k,6,rl-harness-EI,2,dev1108,1108,dev_metric,64,0.8,635,lean_and_ndverify,,2026-09-25,copied,nd-rl:robbie-experiments:code/experiments/current/autoresearch/results/142-fable_lean-deep-sup/results.json
robbie-autoresearch-lean:142-fable_lean-deep-sup,142-fable_lean-deep-sup (discard),,lean_seq,scratch,cap-6 train.jsonl 155k,6,rl-harness-EI,0,holdout1177,1177,solved,64,0.8,663,lean_and_ndverify,,2026-09-25,copied,nd-rl:robbie-experiments:code/experiments/current/autoresearch/results/142-fable_lean-deep-sup/holdout.json
robbie-autoresearch-lean:142-fable_lean-deep-sup,142-fable_lean-deep-sup (discard),,lean_seq,scratch,cap-6 train.jsonl 155k,6,rl-harness-EI,1,holdout1177,1177,solved,64,0.8,666,lean_and_ndverify,,2026-09-25,copied,nd-rl:robbie-experiments:code/experiments/current/autoresearch/results/142-fable_lean-deep-sup/holdout.json
robbie-autoresearch-lean:142-fable_lean-deep-sup,142-fable_lean-deep-sup (discard),,lean_seq,scratch,cap-6 train.jsonl 155k,6,rl-harness-EI,2,holdout1177,1177,solved,64,0.8,697,lean_and_ndverify,,2026-09-25,copied,nd-rl:robbie-experiments:code/experiments/current/autoresearch/results/142-fable_lean-deep-sup/holdout.json
robbie-autoresearch-lean:143-claude_lean-mtp-anneal,143-claude_lean-mtp-anneal (discard),,lean_seq,scratch,cap-6 train.jsonl 155k,6,rl-harness-EI,0,dev1108,1108,dev_metric,64,0.8,656,lean_and_ndverify,,2026-09-25,copied,nd-rl:robbie-experiments:code/experiments/current/autoresearch/results/143-claude_lean-mtp-anneal/results.json
robbie-autoresearch-lean:143-claude_lean-mtp-anneal,143-claude_lean-mtp-anneal (discard),,lean_seq,scratch,cap-6 train.jsonl 155k,6,rl-harness-EI,1,dev1108,1108,dev_metric,64,0.8,654,lean_and_ndverify,,2026-09-25,copied,nd-rl:robbie-experiments:code/experiments/current/autoresearch/results/143-claude_lean-mtp-anneal/results.json
robbie-autoresearch-lean:143-claude_lean-mtp-anneal,143-claude_lean-mtp-anneal (discard),,lean_seq,scratch,cap-6 train.jsonl 155k,6,rl-harness-EI,2,dev1108,1108,dev_metric,64,0.8,656,lean_and_ndverify,,2026-09-25,copied,nd-rl:robbie-experiments:code/experiments/current/autoresearch/results/143-claude_lean-mtp-anneal/results.json
robbie-autoresearch-lean:143-claude_lean-mtp-anneal,143-claude_lean-mtp-anneal (discard),,lean_seq,scratch,cap-6 train.jsonl 155k,6,rl-harness-EI,0,holdout1177,1177,solved,64,0.8,701,lean_and_ndverify,,2026-09-25,copied,nd-rl:robbie-experiments:code/experiments/current/autoresearch/results/143-claude_lean-mtp-anneal/holdout.json
robbie-autoresearch-lean:143-claude_lean-mtp-anneal,143-claude_lean-mtp-anneal (discard),,lean_seq,scratch,cap-6 train.jsonl 155k,6,rl-harness-EI,1,holdout1177,1177,solved,64,0.8,709,lean_and_ndverify,,2026-09-25,copied,nd-rl:robbie-experiments:code/experiments/current/autoresearch/results/143-claude_lean-mtp-anneal/holdout.json
robbie-autoresearch-lean:143-claude_lean-mtp-anneal,143-claude_lean-mtp-anneal (discard),,lean_seq,scratch,cap-6 train.jsonl 155k,6,rl-harness-EI,2,holdout1177,1177,solved,64,0.8,701,lean_and_ndverify,,2026-09-25,copied,nd-rl:robbie-experiments:code/experiments/current/autoresearch/results/143-claude_lean-mtp-anneal/holdout.json
robbie-autoresearch-lean:144-claude_lean-mtp-06,144-claude_lean-mtp-06 (discard),,lean_seq,scratch,cap-6 train.jsonl 155k,6,rl-harness-EI,0,dev1108,1108,dev_metric,64,0.8,621,lean_and_ndverify,,2026-09-25,copied,nd-rl:robbie-experiments:code/experiments/current/autoresearch/results/144-claude_lean-mtp-06/results.json
robbie-autoresearch-lean:144-claude_lean-mtp-06,144-claude_lean-mtp-06 (discard),,lean_seq,scratch,cap-6 train.jsonl 155k,6,rl-harness-EI,1,dev1108,1108,dev_metric,64,0.8,597,lean_and_ndverify,,2026-09-25,copied,nd-rl:robbie-experiments:code/experiments/current/autoresearch/results/144-claude_lean-mtp-06/results.json
robbie-autoresearch-lean:144-claude_lean-mtp-06,144-claude_lean-mtp-06 (discard),,lean_seq,scratch,cap-6 train.jsonl 155k,6,rl-harness-EI,2,dev1108,1108,dev_metric,64,0.8,675,lean_and_ndverify,,2026-09-25,copied,nd-rl:robbie-experiments:code/experiments/current/autoresearch/results/144-claude_lean-mtp-06/results.json
robbie-autoresearch-lean:144-claude_lean-mtp-06,144-claude_lean-mtp-06 (discard),,lean_seq,scratch,cap-6 train.jsonl 155k,6,rl-harness-EI,0,holdout1177,1177,solved,64,0.8,669,lean_and_ndverify,,2026-09-25,copied,nd-rl:robbie-experiments:code/experiments/current/autoresearch/results/144-claude_lean-mtp-06/holdout.json
robbie-autoresearch-lean:144-claude_lean-mtp-06,144-claude_lean-mtp-06 (discard),,lean_seq,scratch,cap-6 train.jsonl 155k,6,rl-harness-EI,1,holdout1177,1177,solved,64,0.8,634,lean_and_ndverify,,2026-09-25,copied,nd-rl:robbie-experiments:code/experiments/current/autoresearch/results/144-claude_lean-mtp-06/holdout.json
robbie-autoresearch-lean:144-claude_lean-mtp-06,144-claude_lean-mtp-06 (discard),,lean_seq,scratch,cap-6 train.jsonl 155k,6,rl-harness-EI,2,holdout1177,1177,solved,64,0.8,729,lean_and_ndverify,,2026-09-25,copied,nd-rl:robbie-experiments:code/experiments/current/autoresearch/results/144-claude_lean-mtp-06/holdout.json
robbie-autoresearch-lean:144-fable_lean-wide-shallow,144-fable_lean-wide-shallow (discard),,lean_seq,scratch,cap-6 train.jsonl 155k,6,rl-harness-EI,0,dev1108,1108,dev_metric,64,0.8,511,lean_and_ndverify,,2026-09-25,copied,nd-rl:robbie-experiments:code/experiments/current/autoresearch/results/144-fable_lean-wide-shallow/results.json
robbie-autoresearch-lean:144-fable_lean-wide-shallow,144-fable_lean-wide-shallow (discard),,lean_seq,scratch,cap-6 train.jsonl 155k,6,rl-harness-EI,1,dev1108,1108,dev_metric,64,0.8,467,lean_and_ndverify,,2026-09-25,copied,nd-rl:robbie-experiments:code/experiments/current/autoresearch/results/144-fable_lean-wide-shallow/results.json
robbie-autoresearch-lean:144-fable_lean-wide-shallow,144-fable_lean-wide-shallow (discard),,lean_seq,scratch,cap-6 train.jsonl 155k,6,rl-harness-EI,2,dev1108,1108,dev_metric,64,0.8,452,lean_and_ndverify,,2026-09-25,copied,nd-rl:robbie-experiments:code/experiments/current/autoresearch/results/144-fable_lean-wide-shallow/results.json
robbie-autoresearch-lean:144-fable_lean-wide-shallow,144-fable_lean-wide-shallow (discard),,lean_seq,scratch,cap-6 train.jsonl 155k,6,rl-harness-EI,0,holdout1177,1177,solved,64,0.8,518,lean_and_ndverify,,2026-09-25,copied,nd-rl:robbie-experiments:code/experiments/current/autoresearch/results/144-fable_lean-wide-shallow/holdout.json
robbie-autoresearch-lean:144-fable_lean-wide-shallow,144-fable_lean-wide-shallow (discard),,lean_seq,scratch,cap-6 train.jsonl 155k,6,rl-harness-EI,1,holdout1177,1177,solved,64,0.8,497,lean_and_ndverify,,2026-09-25,copied,nd-rl:robbie-experiments:code/experiments/current/autoresearch/results/144-fable_lean-wide-shallow/holdout.json
robbie-autoresearch-lean:144-fable_lean-wide-shallow,144-fable_lean-wide-shallow (discard),,lean_seq,scratch,cap-6 train.jsonl 155k,6,rl-harness-EI,2,holdout1177,1177,solved,64,0.8,487,lean_and_ndverify,,2026-09-25,copied,nd-rl:robbie-experiments:code/experiments/current/autoresearch/results/144-fable_lean-wide-shallow/holdout.json
robbie-autoresearch-lean:145-claude_lean-normuon,145-claude_lean-normuon (discard),,lean_seq,scratch,cap-6 train.jsonl 155k,6,rl-harness-EI,0,dev1108,1108,dev_metric,64,0.8,656,lean_and_ndverify,,2026-09-25,copied,nd-rl:robbie-experiments:code/experiments/current/autoresearch/results/145-claude_lean-normuon/results.json
robbie-autoresearch-lean:145-claude_lean-normuon,145-claude_lean-normuon (discard),,lean_seq,scratch,cap-6 train.jsonl 155k,6,rl-harness-EI,1,dev1108,1108,dev_metric,64,0.8,644,lean_and_ndverify,,2026-09-25,copied,nd-rl:robbie-experiments:code/experiments/current/autoresearch/results/145-claude_lean-normuon/results.json
robbie-autoresearch-lean:145-claude_lean-normuon,145-claude_lean-normuon (discard),,lean_seq,scratch,cap-6 train.jsonl 155k,6,rl-harness-EI,2,dev1108,1108,dev_metric,64,0.8,658,lean_and_ndverify,,2026-09-25,copied,nd-rl:robbie-experiments:code/experiments/current/autoresearch/results/145-claude_lean-normuon/results.json
robbie-autoresearch-lean:145-claude_lean-normuon,145-claude_lean-normuon (discard),,lean_seq,scratch,cap-6 train.jsonl 155k,6,rl-harness-EI,0,holdout1177,1177,solved,64,0.8,708,lean_and_ndverify,,2026-09-25,copied,nd-rl:robbie-experiments:code/experiments/current/autoresearch/results/145-claude_lean-normuon/holdout.json
robbie-autoresearch-lean:145-claude_lean-normuon,145-claude_lean-normuon (discard),,lean_seq,scratch,cap-6 train.jsonl 155k,6,rl-harness-EI,1,holdout1177,1177,solved,64,0.8,668,lean_and_ndverify,,2026-09-25,copied,nd-rl:robbie-experiments:code/experiments/current/autoresearch/results/145-claude_lean-normuon/holdout.json
robbie-autoresearch-lean:145-claude_lean-normuon,145-claude_lean-normuon (discard),,lean_seq,scratch,cap-6 train.jsonl 155k,6,rl-harness-EI,2,holdout1177,1177,solved,64,0.8,695,lean_and_ndverify,,2026-09-25,copied,nd-rl:robbie-experiments:code/experiments/current/autoresearch/results/145-claude_lean-normuon/holdout.json
robbie-autoresearch-lean:145-fable_lean-loop-untie,145-fable_lean-loop-untie (discard),,lean_seq,scratch,cap-6 train.jsonl 155k,6,rl-harness-EI,0,dev1108,1108,dev_metric,64,0.8,628,lean_and_ndverify,,2026-09-25,copied,nd-rl:robbie-experiments:code/experiments/current/autoresearch/results/145-fable_lean-loop-untie/results.json
robbie-autoresearch-lean:145-fable_lean-loop-untie,145-fable_lean-loop-untie (discard),,lean_seq,scratch,cap-6 train.jsonl 155k,6,rl-harness-EI,1,dev1108,1108,dev_metric,64,0.8,645,lean_and_ndverify,,2026-09-25,copied,nd-rl:robbie-experiments:code/experiments/current/autoresearch/results/145-fable_lean-loop-untie/results.json
robbie-autoresearch-lean:145-fable_lean-loop-untie,145-fable_lean-loop-untie (discard),,lean_seq,scratch,cap-6 train.jsonl 155k,6,rl-harness-EI,2,dev1108,1108,dev_metric,64,0.8,631,lean_and_ndverify,,2026-09-25,copied,nd-rl:robbie-experiments:code/experiments/current/autoresearch/results/145-fable_lean-loop-untie/results.json
robbie-autoresearch-lean:145-fable_lean-loop-untie,145-fable_lean-loop-untie (discard),,lean_seq,scratch,cap-6 train.jsonl 155k,6,rl-harness-EI,0,holdout1177,1177,solved,64,0.8,666,lean_and_ndverify,,2026-09-25,copied,nd-rl:robbie-experiments:code/experiments/current/autoresearch/results/145-fable_lean-loop-untie/holdout.json
robbie-autoresearch-lean:145-fable_lean-loop-untie,145-fable_lean-loop-untie (discard),,lean_seq,scratch,cap-6 train.jsonl 155k,6,rl-harness-EI,1,holdout1177,1177,solved,64,0.8,678,lean_and_ndverify,,2026-09-25,copied,nd-rl:robbie-experiments:code/experiments/current/autoresearch/results/145-fable_lean-loop-untie/holdout.json
robbie-autoresearch-lean:145-fable_lean-loop-untie,145-fable_lean-loop-untie (discard),,lean_seq,scratch,cap-6 train.jsonl 155k,6,rl-harness-EI,2,holdout1177,1177,solved,64,0.8,672,lean_and_ndverify,,2026-09-25,copied,nd-rl:robbie-experiments:code/experiments/current/autoresearch/results/145-fable_lean-loop-untie/holdout.json
robbie-autoresearch-lean:146-claude_lean-pack-rows,146-claude_lean-pack-rows (discard),,lean_seq,scratch,cap-6 train.jsonl 155k,6,rl-harness-EI,0,dev1108,1108,dev_metric,64,0.8,574,lean_and_ndverify,,2026-09-25,copied,nd-rl:robbie-experiments:code/experiments/current/autoresearch/results/146-claude_lean-pack-rows/results.json
robbie-autoresearch-lean:146-claude_lean-pack-rows,146-claude_lean-pack-rows (discard),,lean_seq,scratch,cap-6 train.jsonl 155k,6,rl-harness-EI,1,dev1108,1108,dev_metric,64,0.8,562,lean_and_ndverify,,2026-09-25,copied,nd-rl:robbie-experiments:code/experiments/current/autoresearch/results/146-claude_lean-pack-rows/results.json
robbie-autoresearch-lean:146-claude_lean-pack-rows,146-claude_lean-pack-rows (discard),,lean_seq,scratch,cap-6 train.jsonl 155k,6,rl-harness-EI,2,dev1108,1108,dev_metric,64,0.8,600,lean_and_ndverify,,2026-09-25,copied,nd-rl:robbie-experiments:code/experiments/current/autoresearch/results/146-claude_lean-pack-rows/results.json
robbie-autoresearch-lean:146-claude_lean-pack-rows,146-claude_lean-pack-rows (discard),,lean_seq,scratch,cap-6 train.jsonl 155k,6,rl-harness-EI,0,holdout1177,1177,solved,64,0.8,606,lean_and_ndverify,,2026-09-25,copied,nd-rl:robbie-experiments:code/experiments/current/autoresearch/results/146-claude_lean-pack-rows/holdout.json
robbie-autoresearch-lean:146-claude_lean-pack-rows,146-claude_lean-pack-rows (discard),,lean_seq,scratch,cap-6 train.jsonl 155k,6,rl-harness-EI,1,holdout1177,1177,solved,64,0.8,571,lean_and_ndverify,,2026-09-25,copied,nd-rl:robbie-experiments:code/experiments/current/autoresearch/results/146-claude_lean-pack-rows/holdout.json
robbie-autoresearch-lean:146-claude_lean-pack-rows,146-claude_lean-pack-rows (discard),,lean_seq,scratch,cap-6 train.jsonl 155k,6,rl-harness-EI,2,holdout1177,1177,solved,64,0.8,645,lean_and_ndverify,,2026-09-25,copied,nd-rl:robbie-experiments:code/experiments/current/autoresearch/results/146-claude_lean-pack-rows/holdout.json
robbie-autoresearch-lean:146-fable_lean-batched-muon,146-fable_lean-batched-muon (discard),,lean_seq,scratch,cap-6 train.jsonl 155k,6,rl-harness-EI,0,dev1108,1108,dev_metric,64,0.8,646,lean_and_ndverify,,2026-09-25,copied,nd-rl:robbie-experiments:code/experiments/current/autoresearch/results/146-fable_lean-batched-muon/results.json
robbie-autoresearch-lean:146-fable_lean-batched-muon,146-fable_lean-batched-muon (discard),,lean_seq,scratch,cap-6 train.jsonl 155k,6,rl-harness-EI,1,dev1108,1108,dev_metric,64,0.8,637,lean_and_ndverify,,2026-09-25,copied,nd-rl:robbie-experiments:code/experiments/current/autoresearch/results/146-fable_lean-batched-muon/results.json
robbie-autoresearch-lean:146-fable_lean-batched-muon,146-fable_lean-batched-muon (discard),,lean_seq,scratch,cap-6 train.jsonl 155k,6,rl-harness-EI,2,dev1108,1108,dev_metric,64,0.8,633,lean_and_ndverify,,2026-09-25,copied,nd-rl:robbie-experiments:code/experiments/current/autoresearch/results/146-fable_lean-batched-muon/results.json
robbie-autoresearch-lean:146-fable_lean-batched-muon,146-fable_lean-batched-muon (discard),,lean_seq,scratch,cap-6 train.jsonl 155k,6,rl-harness-EI,0,holdout1177,1177,solved,64,0.8,696,lean_and_ndverify,,2026-09-25,copied,nd-rl:robbie-experiments:code/experiments/current/autoresearch/results/146-fable_lean-batched-muon/holdout.json
robbie-autoresearch-lean:146-fable_lean-batched-muon,146-fable_lean-batched-muon (discard),,lean_seq,scratch,cap-6 train.jsonl 155k,6,rl-harness-EI,1,holdout1177,1177,solved,64,0.8,658,lean_and_ndverify,,2026-09-25,copied,nd-rl:robbie-experiments:code/experiments/current/autoresearch/results/146-fable_lean-batched-muon/holdout.json
robbie-autoresearch-lean:146-fable_lean-batched-muon,146-fable_lean-batched-muon (discard),,lean_seq,scratch,cap-6 train.jsonl 155k,6,rl-harness-EI,2,holdout1177,1177,solved,64,0.8,694,lean_and_ndverify,,2026-09-25,copied,nd-rl:robbie-experiments:code/experiments/current/autoresearch/results/146-fable_lean-batched-muon/holdout.json
robbie-autoresearch-lean:147-claude_lean-bs192,147-claude_lean-bs192 (discard),,lean_seq,scratch,cap-6 train.jsonl 155k,6,rl-harness-EI,0,dev1108,1108,dev_metric,64,0.8,643,lean_and_ndverify,,2026-09-25,copied,nd-rl:robbie-experiments:code/experiments/current/autoresearch/results/147-claude_lean-bs192/results.json
robbie-autoresearch-lean:147-claude_lean-bs192,147-claude_lean-bs192 (discard),,lean_seq,scratch,cap-6 train.jsonl 155k,6,rl-harness-EI,1,dev1108,1108,dev_metric,64,0.8,616,lean_and_ndverify,,2026-09-25,copied,nd-rl:robbie-experiments:code/experiments/current/autoresearch/results/147-claude_lean-bs192/results.json
robbie-autoresearch-lean:147-claude_lean-bs192,147-claude_lean-bs192 (discard),,lean_seq,scratch,cap-6 train.jsonl 155k,6,rl-harness-EI,2,dev1108,1108,dev_metric,64,0.8,623,lean_and_ndverify,,2026-09-25,copied,nd-rl:robbie-experiments:code/experiments/current/autoresearch/results/147-claude_lean-bs192/results.json
robbie-autoresearch-lean:147-claude_lean-bs192,147-claude_lean-bs192 (discard),,lean_seq,scratch,cap-6 train.jsonl 155k,6,rl-harness-EI,0,holdout1177,1177,solved,64,0.8,683,lean_and_ndverify,,2026-09-25,copied,nd-rl:robbie-experiments:code/experiments/current/autoresearch/results/147-claude_lean-bs192/holdout.json
robbie-autoresearch-lean:147-claude_lean-bs192,147-claude_lean-bs192 (discard),,lean_seq,scratch,cap-6 train.jsonl 155k,6,rl-harness-EI,1,holdout1177,1177,solved,64,0.8,651,lean_and_ndverify,,2026-09-25,copied,nd-rl:robbie-experiments:code/experiments/current/autoresearch/results/147-claude_lean-bs192/holdout.json
robbie-autoresearch-lean:147-claude_lean-bs192,147-claude_lean-bs192 (discard),,lean_seq,scratch,cap-6 train.jsonl 155k,6,rl-harness-EI,2,holdout1177,1177,solved,64,0.8,649,lean_and_ndverify,,2026-09-25,copied,nd-rl:robbie-experiments:code/experiments/current/autoresearch/results/147-claude_lean-bs192/holdout.json
robbie-autoresearch-lean:148-fable_lean-token-batches,148-fable_lean-token-batches (keep),,lean_seq,scratch,cap-6 train.jsonl 155k,6,rl-harness-EI,0,dev1108,1108,dev_metric,64,0.8,650,lean_and_ndverify,,2026-09-25,copied,nd-rl:robbie-experiments:code/experiments/current/autoresearch/results/148-fable_lean-token-batches/results.json
robbie-autoresearch-lean:148-fable_lean-token-batches,148-fable_lean-token-batches (keep),,lean_seq,scratch,cap-6 train.jsonl 155k,6,rl-harness-EI,1,dev1108,1108,dev_metric,64,0.8,681,lean_and_ndverify,,2026-09-25,copied,nd-rl:robbie-experiments:code/experiments/current/autoresearch/results/148-fable_lean-token-batches/results.json
robbie-autoresearch-lean:148-fable_lean-token-batches,148-fable_lean-token-batches (keep),,lean_seq,scratch,cap-6 train.jsonl 155k,6,rl-harness-EI,2,dev1108,1108,dev_metric,64,0.8,645,lean_and_ndverify,,2026-09-25,copied,nd-rl:robbie-experiments:code/experiments/current/autoresearch/results/148-fable_lean-token-batches/results.json
robbie-autoresearch-lean:148-fable_lean-token-batches,148-fable_lean-token-batches (keep),,lean_seq,scratch,cap-6 train.jsonl 155k,6,rl-harness-EI,0,holdout1177,1177,solved,64,0.8,712,lean_and_ndverify,,2026-09-25,copied,nd-rl:robbie-experiments:code/experiments/current/autoresearch/results/148-fable_lean-token-batches/holdout.json
robbie-autoresearch-lean:148-fable_lean-token-batches,148-fable_lean-token-batches (keep),,lean_seq,scratch,cap-6 train.jsonl 155k,6,rl-harness-EI,1,holdout1177,1177,solved,64,0.8,725,lean_and_ndverify,,2026-09-25,copied,nd-rl:robbie-experiments:code/experiments/current/autoresearch/results/148-fable_lean-token-batches/holdout.json
robbie-autoresearch-lean:148-fable_lean-token-batches,148-fable_lean-token-batches (keep),,lean_seq,scratch,cap-6 train.jsonl 155k,6,rl-harness-EI,2,holdout1177,1177,solved,64,0.8,683,lean_and_ndverify,,2026-09-25,copied,nd-rl:robbie-experiments:code/experiments/current/autoresearch/results/148-fable_lean-token-batches/holdout.json
robbie-autoresearch-lean:149-claude_lean-nope-flash,149-claude_lean-nope-flash (discard),,lean_seq,scratch,cap-6 train.jsonl 155k,6,rl-harness-EI,0,dev1108,1108,dev_metric,64,0.8,645,lean_and_ndverify,,2026-09-25,copied,nd-rl:robbie-experiments:code/experiments/current/autoresearch/results/149-claude_lean-nope-flash/results.json
robbie-autoresearch-lean:149-claude_lean-nope-flash,149-claude_lean-nope-flash (discard),,lean_seq,scratch,cap-6 train.jsonl 155k,6,rl-harness-EI,1,dev1108,1108,dev_metric,64,0.8,669,lean_and_ndverify,,2026-09-25,copied,nd-rl:robbie-experiments:code/experiments/current/autoresearch/results/149-claude_lean-nope-flash/results.json
robbie-autoresearch-lean:149-claude_lean-nope-flash,149-claude_lean-nope-flash (discard),,lean_seq,scratch,cap-6 train.jsonl 155k,6,rl-harness-EI,2,dev1108,1108,dev_metric,64,0.8,638,lean_and_ndverify,,2026-09-25,copied,nd-rl:robbie-experiments:code/experiments/current/autoresearch/results/149-claude_lean-nope-flash/results.json
robbie-autoresearch-lean:149-claude_lean-nope-flash,149-claude_lean-nope-flash (discard),,lean_seq,scratch,cap-6 train.jsonl 155k,6,rl-harness-EI,0,holdout1177,1177,solved,64,0.8,704,lean_and_ndverify,,2026-09-25,copied,nd-rl:robbie-experiments:code/experiments/current/autoresearch/results/149-claude_lean-nope-flash/holdout.json
robbie-autoresearch-lean:149-claude_lean-nope-flash,149-claude_lean-nope-flash (discard),,lean_seq,scratch,cap-6 train.jsonl 155k,6,rl-harness-EI,1,holdout1177,1177,solved,64,0.8,708,lean_and_ndverify,,2026-09-25,copied,nd-rl:robbie-experiments:code/experiments/current/autoresearch/results/149-claude_lean-nope-flash/holdout.json
robbie-autoresearch-lean:149-claude_lean-nope-flash,149-claude_lean-nope-flash (discard),,lean_seq,scratch,cap-6 train.jsonl 155k,6,rl-harness-EI,2,holdout1177,1177,solved,64,0.8,680,lean_and_ndverify,,2026-09-25,copied,nd-rl:robbie-experiments:code/experiments/current/autoresearch/results/149-claude_lean-nope-flash/holdout.json
robbie-autoresearch-lean:150-fable_lean-bigram-table,150-fable_lean-bigram-table (keep),,lean_seq,scratch,cap-6 train.jsonl 155k,6,rl-harness-EI,0,dev1108,1108,dev_metric,64,0.8,665,lean_and_ndverify,,2026-09-25,copied,nd-rl:robbie-experiments:code/experiments/current/autoresearch/results/150-fable_lean-bigram-table/results.json
robbie-autoresearch-lean:150-fable_lean-bigram-table,150-fable_lean-bigram-table (keep),,lean_seq,scratch,cap-6 train.jsonl 155k,6,rl-harness-EI,1,dev1108,1108,dev_metric,64,0.8,693,lean_and_ndverify,,2026-09-25,copied,nd-rl:robbie-experiments:code/experiments/current/autoresearch/results/150-fable_lean-bigram-table/results.json
robbie-autoresearch-lean:150-fable_lean-bigram-table,150-fable_lean-bigram-table (keep),,lean_seq,scratch,cap-6 train.jsonl 155k,6,rl-harness-EI,2,dev1108,1108,dev_metric,64,0.8,661,lean_and_ndverify,,2026-09-25,copied,nd-rl:robbie-experiments:code/experiments/current/autoresearch/results/150-fable_lean-bigram-table/results.json
robbie-autoresearch-lean:150-fable_lean-bigram-table,150-fable_lean-bigram-table (keep),,lean_seq,scratch,cap-6 train.jsonl 155k,6,rl-harness-EI,0,holdout1177,1177,solved,64,0.8,712,lean_and_ndverify,,2026-09-25,copied,nd-rl:robbie-experiments:code/experiments/current/autoresearch/results/150-fable_lean-bigram-table/holdout.json
robbie-autoresearch-lean:150-fable_lean-bigram-table,150-fable_lean-bigram-table (keep),,lean_seq,scratch,cap-6 train.jsonl 155k,6,rl-harness-EI,1,holdout1177,1177,solved,64,0.8,729,lean_and_ndverify,,2026-09-25,copied,nd-rl:robbie-experiments:code/experiments/current/autoresearch/results/150-fable_lean-bigram-table/holdout.json
robbie-autoresearch-lean:150-fable_lean-bigram-table,150-fable_lean-bigram-table (keep),,lean_seq,scratch,cap-6 train.jsonl 155k,6,rl-harness-EI,2,holdout1177,1177,solved,64,0.8,718,lean_and_ndverify,,2026-09-25,copied,nd-rl:robbie-experiments:code/experiments/current/autoresearch/results/150-fable_lean-bigram-table/holdout.json
robbie-autoresearch-lean:151-claude_lean-width320,151-claude_lean-width320 (keep),,lean_seq,scratch,cap-6 train.jsonl 155k,6,rl-harness-EI,0,dev1108,1108,dev_metric,64,0.8,677,lean_and_ndverify,,2026-09-25,copied,nd-rl:robbie-experiments:code/experiments/current/autoresearch/results/151-claude_lean-width320/results.json
robbie-autoresearch-lean:151-claude_lean-width320,151-claude_lean-width320 (keep),,lean_seq,scratch,cap-6 train.jsonl 155k,6,rl-harness-EI,1,dev1108,1108,dev_metric,64,0.8,701,lean_and_ndverify,,2026-09-25,copied,nd-rl:robbie-experiments:code/experiments/current/autoresearch/results/151-claude_lean-width320/results.json
robbie-autoresearch-lean:151-claude_lean-width320,151-claude_lean-width320 (keep),,lean_seq,scratch,cap-6 train.jsonl 155k,6,rl-harness-EI,2,dev1108,1108,dev_metric,64,0.8,639,lean_and_ndverify,,2026-09-25,copied,nd-rl:robbie-experiments:code/experiments/current/autoresearch/results/151-claude_lean-width320/results.json
robbie-autoresearch-lean:151-claude_lean-width320,151-claude_lean-width320 (keep),,lean_seq,scratch,cap-6 train.jsonl 155k,6,rl-harness-EI,0,holdout1177,1177,solved,64,0.8,720,lean_and_ndverify,,2026-09-25,copied,nd-rl:robbie-experiments:code/experiments/current/autoresearch/results/151-claude_lean-width320/holdout.json
robbie-autoresearch-lean:151-claude_lean-width320,151-claude_lean-width320 (keep),,lean_seq,scratch,cap-6 train.jsonl 155k,6,rl-harness-EI,1,holdout1177,1177,solved,64,0.8,727,lean_and_ndverify,,2026-09-25,copied,nd-rl:robbie-experiments:code/experiments/current/autoresearch/results/151-claude_lean-width320/holdout.json
robbie-autoresearch-lean:151-claude_lean-width320,151-claude_lean-width320 (keep),,lean_seq,scratch,cap-6 train.jsonl 155k,6,rl-harness-EI,2,holdout1177,1177,solved,64,0.8,691,lean_and_ndverify,,2026-09-25,copied,nd-rl:robbie-experiments:code/experiments/current/autoresearch/results/151-claude_lean-width320/holdout.json
robbie-autoresearch-lean:152-fable2_lean-drop-path,152-fable2_lean-drop-path (discard),,lean_seq,scratch,cap-6 train.jsonl 155k,6,rl-harness-EI,0,dev1108,1108,dev_metric,64,0.8,620,lean_and_ndverify,,2026-09-25,copied,nd-rl:robbie-experiments:code/experiments/current/autoresearch/results/152-fable2_lean-drop-path/results.json
robbie-autoresearch-lean:152-fable2_lean-drop-path,152-fable2_lean-drop-path (discard),,lean_seq,scratch,cap-6 train.jsonl 155k,6,rl-harness-EI,1,dev1108,1108,dev_metric,64,0.8,632,lean_and_ndverify,,2026-09-25,copied,nd-rl:robbie-experiments:code/experiments/current/autoresearch/results/152-fable2_lean-drop-path/results.json
robbie-autoresearch-lean:152-fable2_lean-drop-path,152-fable2_lean-drop-path (discard),,lean_seq,scratch,cap-6 train.jsonl 155k,6,rl-harness-EI,2,dev1108,1108,dev_metric,64,0.8,618,lean_and_ndverify,,2026-09-25,copied,nd-rl:robbie-experiments:code/experiments/current/autoresearch/results/152-fable2_lean-drop-path/results.json
robbie-autoresearch-lean:152-fable2_lean-drop-path,152-fable2_lean-drop-path (discard),,lean_seq,scratch,cap-6 train.jsonl 155k,6,rl-harness-EI,0,holdout1177,1177,solved,64,0.8,674,lean_and_ndverify,,2026-09-25,copied,nd-rl:robbie-experiments:code/experiments/current/autoresearch/results/152-fable2_lean-drop-path/holdout.json
robbie-autoresearch-lean:152-fable2_lean-drop-path,152-fable2_lean-drop-path (discard),,lean_seq,scratch,cap-6 train.jsonl 155k,6,rl-harness-EI,1,holdout1177,1177,solved,64,0.8,674,lean_and_ndverify,,2026-09-25,copied,nd-rl:robbie-experiments:code/experiments/current/autoresearch/results/152-fable2_lean-drop-path/holdout.json
robbie-autoresearch-lean:152-fable2_lean-drop-path,152-fable2_lean-drop-path (discard),,lean_seq,scratch,cap-6 train.jsonl 155k,6,rl-harness-EI,2,holdout1177,1177,solved,64,0.8,643,lean_and_ndverify,,2026-09-25,copied,nd-rl:robbie-experiments:code/experiments/current/autoresearch/results/152-fable2_lean-drop-path/holdout.json
robbie-autoresearch-lean:153-claude_lean-width384,153-claude_lean-width384 (keep),,lean_seq,scratch,cap-6 train.jsonl 155k,6,rl-harness-EI,0,dev1108,1108,dev_metric,64,0.8,676,lean_and_ndverify,,2026-09-25,copied,nd-rl:robbie-experiments:code/experiments/current/autoresearch/results/153-claude_lean-width384/results.json
robbie-autoresearch-lean:153-claude_lean-width384,153-claude_lean-width384 (keep),,lean_seq,scratch,cap-6 train.jsonl 155k,6,rl-harness-EI,1,dev1108,1108,dev_metric,64,0.8,700,lean_and_ndverify,,2026-09-25,copied,nd-rl:robbie-experiments:code/experiments/current/autoresearch/results/153-claude_lean-width384/results.json
robbie-autoresearch-lean:153-claude_lean-width384,153-claude_lean-width384 (keep),,lean_seq,scratch,cap-6 train.jsonl 155k,6,rl-harness-EI,2,dev1108,1108,dev_metric,64,0.8,685,lean_and_ndverify,,2026-09-25,copied,nd-rl:robbie-experiments:code/experiments/current/autoresearch/results/153-claude_lean-width384/results.json
robbie-autoresearch-lean:153-claude_lean-width384,153-claude_lean-width384 (keep),,lean_seq,scratch,cap-6 train.jsonl 155k,6,rl-harness-EI,0,holdout1177,1177,solved,64,0.8,732,lean_and_ndverify,,2026-09-25,copied,nd-rl:robbie-experiments:code/experiments/current/autoresearch/results/153-claude_lean-width384/holdout.json
robbie-autoresearch-lean:153-claude_lean-width384,153-claude_lean-width384 (keep),,lean_seq,scratch,cap-6 train.jsonl 155k,6,rl-harness-EI,1,holdout1177,1177,solved,64,0.8,737,lean_and_ndverify,,2026-09-25,copied,nd-rl:robbie-experiments:code/experiments/current/autoresearch/results/153-claude_lean-width384/holdout.json
robbie-autoresearch-lean:153-claude_lean-width384,153-claude_lean-width384 (keep),,lean_seq,scratch,cap-6 train.jsonl 155k,6,rl-harness-EI,2,holdout1177,1177,solved,64,0.8,729,lean_and_ndverify,,2026-09-25,copied,nd-rl:robbie-experiments:code/experiments/current/autoresearch/results/153-claude_lean-width384/holdout.json
robbie-autoresearch-lean:154-fable3_lean-attn-width448,154-fable3_lean-attn-width448 (discard),,lean_seq,scratch,cap-6 train.jsonl 155k,6,rl-harness-EI,0,dev1108,1108,dev_metric,64,0.8,701,lean_and_ndverify,,2026-09-25,copied,nd-rl:robbie-experiments:code/experiments/current/autoresearch/results/154-fable3_lean-attn-width448/results.json
robbie-autoresearch-lean:154-fable3_lean-attn-width448,154-fable3_lean-attn-width448 (discard),,lean_seq,scratch,cap-6 train.jsonl 155k,6,rl-harness-EI,1,dev1108,1108,dev_metric,64,0.8,664,lean_and_ndverify,,2026-09-25,copied,nd-rl:robbie-experiments:code/experiments/current/autoresearch/results/154-fable3_lean-attn-width448/results.json
robbie-autoresearch-lean:154-fable3_lean-attn-width448,154-fable3_lean-attn-width448 (discard),,lean_seq,scratch,cap-6 train.jsonl 155k,6,rl-harness-EI,2,dev1108,1108,dev_metric,64,0.8,648,lean_and_ndverify,,2026-09-25,copied,nd-rl:robbie-experiments:code/experiments/current/autoresearch/results/154-fable3_lean-attn-width448/results.json
robbie-autoresearch-lean:154-fable3_lean-attn-width448,154-fable3_lean-attn-width448 (discard),,lean_seq,scratch,cap-6 train.jsonl 155k,6,rl-harness-EI,0,holdout1177,1177,solved,64,0.8,735,lean_and_ndverify,,2026-09-25,copied,nd-rl:robbie-experiments:code/experiments/current/autoresearch/results/154-fable3_lean-attn-width448/holdout.json
robbie-autoresearch-lean:154-fable3_lean-attn-width448,154-fable3_lean-attn-width448 (discard),,lean_seq,scratch,cap-6 train.jsonl 155k,6,rl-harness-EI,1,holdout1177,1177,solved,64,0.8,722,lean_and_ndverify,,2026-09-25,copied,nd-rl:robbie-experiments:code/experiments/current/autoresearch/results/154-fable3_lean-attn-width448/holdout.json
robbie-autoresearch-lean:154-fable3_lean-attn-width448,154-fable3_lean-attn-width448 (discard),,lean_seq,scratch,cap-6 train.jsonl 155k,6,rl-harness-EI,2,holdout1177,1177,solved,64,0.8,703,lean_and_ndverify,,2026-09-25,copied,nd-rl:robbie-experiments:code/experiments/current/autoresearch/results/154-fable3_lean-attn-width448/holdout.json
robbie-autoresearch-lean:154-fable_lean-trigram-logits,154-fable_lean-trigram-logits (discard),,lean_seq,scratch,cap-6 train.jsonl 155k,6,rl-harness-EI,0,dev1108,1108,dev_metric,64,0.8,668,lean_and_ndverify,,2026-09-25,copied,nd-rl:robbie-experiments:code/experiments/current/autoresearch/results/154-fable_lean-trigram-logits/results.json
robbie-autoresearch-lean:154-fable_lean-trigram-logits,154-fable_lean-trigram-logits (discard),,lean_seq,scratch,cap-6 train.jsonl 155k,6,rl-harness-EI,1,dev1108,1108,dev_metric,64,0.8,684,lean_and_ndverify,,2026-09-25,copied,nd-rl:robbie-experiments:code/experiments/current/autoresearch/results/154-fable_lean-trigram-logits/results.json
robbie-autoresearch-lean:154-fable_lean-trigram-logits,154-fable_lean-trigram-logits (discard),,lean_seq,scratch,cap-6 train.jsonl 155k,6,rl-harness-EI,2,dev1108,1108,dev_metric,64,0.8,687,lean_and_ndverify,,2026-09-25,copied,nd-rl:robbie-experiments:code/experiments/current/autoresearch/results/154-fable_lean-trigram-logits/results.json
robbie-autoresearch-lean:154-fable_lean-trigram-logits,154-fable_lean-trigram-logits (discard),,lean_seq,scratch,cap-6 train.jsonl 155k,6,rl-harness-EI,0,holdout1177,1177,solved,64,0.8,714,lean_and_ndverify,,2026-09-25,copied,nd-rl:robbie-experiments:code/experiments/current/autoresearch/results/154-fable_lean-trigram-logits/holdout.json
robbie-autoresearch-lean:154-fable_lean-trigram-logits,154-fable_lean-trigram-logits (discard),,lean_seq,scratch,cap-6 train.jsonl 155k,6,rl-harness-EI,1,holdout1177,1177,solved,64,0.8,731,lean_and_ndverify,,2026-09-25,copied,nd-rl:robbie-experiments:code/experiments/current/autoresearch/results/154-fable_lean-trigram-logits/holdout.json
robbie-autoresearch-lean:154-fable_lean-trigram-logits,154-fable_lean-trigram-logits (discard),,lean_seq,scratch,cap-6 train.jsonl 155k,6,rl-harness-EI,2,holdout1177,1177,solved,64,0.8,746,lean_and_ndverify,,2026-09-25,copied,nd-rl:robbie-experiments:code/experiments/current/autoresearch/results/154-fable_lean-trigram-logits/holdout.json
robbie-autoresearch-lean:155-claude_lean-bigram-lowrank,155-claude_lean-bigram-lowrank (discard),,lean_seq,scratch,cap-6 train.jsonl 155k,6,rl-harness-EI,0,dev1108,1108,dev_metric,64,0.8,654,lean_and_ndverify,,2026-09-25,copied,nd-rl:robbie-experiments:code/experiments/current/autoresearch/results/155-claude_lean-bigram-lowrank/results.json
robbie-autoresearch-lean:155-claude_lean-bigram-lowrank,155-claude_lean-bigram-lowrank (discard),,lean_seq,scratch,cap-6 train.jsonl 155k,6,rl-harness-EI,1,dev1108,1108,dev_metric,64,0.8,667,lean_and_ndverify,,2026-09-25,copied,nd-rl:robbie-experiments:code/experiments/current/autoresearch/results/155-claude_lean-bigram-lowrank/results.json
robbie-autoresearch-lean:155-claude_lean-bigram-lowrank,155-claude_lean-bigram-lowrank (discard),,lean_seq,scratch,cap-6 train.jsonl 155k,6,rl-harness-EI,2,dev1108,1108,dev_metric,64,0.8,682,lean_and_ndverify,,2026-09-25,copied,nd-rl:robbie-experiments:code/experiments/current/autoresearch/results/155-claude_lean-bigram-lowrank/results.json
robbie-autoresearch-lean:155-claude_lean-bigram-lowrank,155-claude_lean-bigram-lowrank (discard),,lean_seq,scratch,cap-6 train.jsonl 155k,6,rl-harness-EI,0,holdout1177,1177,solved,64,0.8,709,lean_and_ndverify,,2026-09-25,copied,nd-rl:robbie-experiments:code/experiments/current/autoresearch/results/155-claude_lean-bigram-lowrank/holdout.json
robbie-autoresearch-lean:155-claude_lean-bigram-lowrank,155-claude_lean-bigram-lowrank (discard),,lean_seq,scratch,cap-6 train.jsonl 155k,6,rl-harness-EI,1,holdout1177,1177,solved,64,0.8,693,lean_and_ndverify,,2026-09-25,copied,nd-rl:robbie-experiments:code/experiments/current/autoresearch/results/155-claude_lean-bigram-lowrank/holdout.json
robbie-autoresearch-lean:155-claude_lean-bigram-lowrank,155-claude_lean-bigram-lowrank (discard),,lean_seq,scratch,cap-6 train.jsonl 155k,6,rl-harness-EI,2,holdout1177,1177,solved,64,0.8,736,lean_and_ndverify,,2026-09-25,copied,nd-rl:robbie-experiments:code/experiments/current/autoresearch/results/155-claude_lean-bigram-lowrank/holdout.json
robbie-autoresearch-lean:156-fable2_lean-emb-unit-init,156-fable2_lean-emb-unit-init (discard),,lean_seq,scratch,cap-6 train.jsonl 155k,6,rl-harness-EI,0,dev1108,1108,dev_metric,64,0.8,623,lean_and_ndverify,,2026-09-25,copied,nd-rl:robbie-experiments:code/experiments/current/autoresearch/results/156-fable2_lean-emb-unit-init/results.json
robbie-autoresearch-lean:156-fable2_lean-emb-unit-init,156-fable2_lean-emb-unit-init (discard),,lean_seq,scratch,cap-6 train.jsonl 155k,6,rl-harness-EI,1,dev1108,1108,dev_metric,64,0.8,689,lean_and_ndverify,,2026-09-25,copied,nd-rl:robbie-experiments:code/experiments/current/autoresearch/results/156-fable2_lean-emb-unit-init/results.json
robbie-autoresearch-lean:156-fable2_lean-emb-unit-init,156-fable2_lean-emb-unit-init (discard),,lean_seq,scratch,cap-6 train.jsonl 155k,6,rl-harness-EI,2,dev1108,1108,dev_metric,64,0.8,658,lean_and_ndverify,,2026-09-25,copied,nd-rl:robbie-experiments:code/experiments/current/autoresearch/results/156-fable2_lean-emb-unit-init/results.json
robbie-autoresearch-lean:156-fable2_lean-emb-unit-init,156-fable2_lean-emb-unit-init (discard),,lean_seq,scratch,cap-6 train.jsonl 155k,6,rl-harness-EI,0,holdout1177,1177,solved,64,0.8,672,lean_and_ndverify,,2026-09-25,copied,nd-rl:robbie-experiments:code/experiments/current/autoresearch/results/156-fable2_lean-emb-unit-init/holdout.json
robbie-autoresearch-lean:156-fable2_lean-emb-unit-init,156-fable2_lean-emb-unit-init (discard),,lean_seq,scratch,cap-6 train.jsonl 155k,6,rl-harness-EI,1,holdout1177,1177,solved,64,0.8,714,lean_and_ndverify,,2026-09-25,copied,nd-rl:robbie-experiments:code/experiments/current/autoresearch/results/156-fable2_lean-emb-unit-init/holdout.json
robbie-autoresearch-lean:156-fable2_lean-emb-unit-init,156-fable2_lean-emb-unit-init (discard),,lean_seq,scratch,cap-6 train.jsonl 155k,6,rl-harness-EI,2,holdout1177,1177,solved,64,0.8,708,lean_and_ndverify,,2026-09-25,copied,nd-rl:robbie-experiments:code/experiments/current/autoresearch/results/156-fable2_lean-emb-unit-init/holdout.json
robbie-autoresearch-lean:157-fable3_lean-length-curriculum,157-fable3_lean-length-curriculum (discard),,lean_seq,scratch,cap-6 train.jsonl 155k,6,rl-harness-EI,0,dev1108,1108,dev_metric,64,0.8,616,lean_and_ndverify,,2026-09-25,copied,nd-rl:robbie-experiments:code/experiments/current/autoresearch/results/157-fable3_lean-length-curriculum/results.json
robbie-autoresearch-lean:157-fable3_lean-length-curriculum,157-fable3_lean-length-curriculum (discard),,lean_seq,scratch,cap-6 train.jsonl 155k,6,rl-harness-EI,1,dev1108,1108,dev_metric,64,0.8,663,lean_and_ndverify,,2026-09-25,copied,nd-rl:robbie-experiments:code/experiments/current/autoresearch/results/157-fable3_lean-length-curriculum/results.json
robbie-autoresearch-lean:157-fable3_lean-length-curriculum,157-fable3_lean-length-curriculum (discard),,lean_seq,scratch,cap-6 train.jsonl 155k,6,rl-harness-EI,2,dev1108,1108,dev_metric,64,0.8,664,lean_and_ndverify,,2026-09-25,copied,nd-rl:robbie-experiments:code/experiments/current/autoresearch/results/157-fable3_lean-length-curriculum/results.json
robbie-autoresearch-lean:157-fable3_lean-length-curriculum,157-fable3_lean-length-curriculum (discard),,lean_seq,scratch,cap-6 train.jsonl 155k,6,rl-harness-EI,0,holdout1177,1177,solved,64,0.8,638,lean_and_ndverify,,2026-09-25,copied,nd-rl:robbie-experiments:code/experiments/current/autoresearch/results/157-fable3_lean-length-curriculum/holdout.json
robbie-autoresearch-lean:157-fable3_lean-length-curriculum,157-fable3_lean-length-curriculum (discard),,lean_seq,scratch,cap-6 train.jsonl 155k,6,rl-harness-EI,1,holdout1177,1177,solved,64,0.8,681,lean_and_ndverify,,2026-09-25,copied,nd-rl:robbie-experiments:code/experiments/current/autoresearch/results/157-fable3_lean-length-curriculum/holdout.json
robbie-autoresearch-lean:157-fable3_lean-length-curriculum,157-fable3_lean-length-curriculum (discard),,lean_seq,scratch,cap-6 train.jsonl 155k,6,rl-harness-EI,2,holdout1177,1177,solved,64,0.8,717,lean_and_ndverify,,2026-09-25,copied,nd-rl:robbie-experiments:code/experiments/current/autoresearch/results/157-fable3_lean-length-curriculum/holdout.json
robbie-autoresearch-lean:157-fable_lean-trigram-rank36,157-fable_lean-trigram-rank36 (discard),,lean_seq,scratch,cap-6 train.jsonl 155k,6,rl-harness-EI,0,dev1108,1108,dev_metric,64,0.8,645,lean_and_ndverify,,2026-09-25,copied,nd-rl:robbie-experiments:code/experiments/current/autoresearch/results/157-fable_lean-trigram-rank36/results.json
robbie-autoresearch-lean:157-fable_lean-trigram-rank36,157-fable_lean-trigram-rank36 (discard),,lean_seq,scratch,cap-6 train.jsonl 155k,6,rl-harness-EI,1,dev1108,1108,dev_metric,64,0.8,689,lean_and_ndverify,,2026-09-25,copied,nd-rl:robbie-experiments:code/experiments/current/autoresearch/results/157-fable_lean-trigram-rank36/results.json
robbie-autoresearch-lean:157-fable_lean-trigram-rank36,157-fable_lean-trigram-rank36 (discard),,lean_seq,scratch,cap-6 train.jsonl 155k,6,rl-harness-EI,2,dev1108,1108,dev_metric,64,0.8,668,lean_and_ndverify,,2026-09-25,copied,nd-rl:robbie-experiments:code/experiments/current/autoresearch/results/157-fable_lean-trigram-rank36/results.json
robbie-autoresearch-lean:157-fable_lean-trigram-rank36,157-fable_lean-trigram-rank36 (discard),,lean_seq,scratch,cap-6 train.jsonl 155k,6,rl-harness-EI,0,holdout1177,1177,solved,64,0.8,693,lean_and_ndverify,,2026-09-25,copied,nd-rl:robbie-experiments:code/experiments/current/autoresearch/results/157-fable_lean-trigram-rank36/holdout.json
robbie-autoresearch-lean:157-fable_lean-trigram-rank36,157-fable_lean-trigram-rank36 (discard),,lean_seq,scratch,cap-6 train.jsonl 155k,6,rl-harness-EI,1,holdout1177,1177,solved,64,0.8,753,lean_and_ndverify,,2026-09-25,copied,nd-rl:robbie-experiments:code/experiments/current/autoresearch/results/157-fable_lean-trigram-rank36/holdout.json
robbie-autoresearch-lean:157-fable_lean-trigram-rank36,157-fable_lean-trigram-rank36 (discard),,lean_seq,scratch,cap-6 train.jsonl 155k,6,rl-harness-EI,2,holdout1177,1177,solved,64,0.8,711,lean_and_ndverify,,2026-09-25,copied,nd-rl:robbie-experiments:code/experiments/current/autoresearch/results/157-fable_lean-trigram-rank36/holdout.json
robbie-autoresearch-lean:158-claude_lean-width448-mlp2x,158-claude_lean-width448-mlp2x (discard),,lean_seq,scratch,cap-6 train.jsonl 155k,6,rl-harness-EI,0,dev1108,1108,dev_metric,64,0.8,688,lean_and_ndverify,,2026-09-25,copied,nd-rl:robbie-experiments:code/experiments/current/autoresearch/results/158-claude_lean-width448-mlp2x/results.json
robbie-autoresearch-lean:158-claude_lean-width448-mlp2x,158-claude_lean-width448-mlp2x (discard),,lean_seq,scratch,cap-6 train.jsonl 155k,6,rl-harness-EI,1,dev1108,1108,dev_metric,64,0.8,677,lean_and_ndverify,,2026-09-25,copied,nd-rl:robbie-experiments:code/experiments/current/autoresearch/results/158-claude_lean-width448-mlp2x/results.json
robbie-autoresearch-lean:158-claude_lean-width448-mlp2x,158-claude_lean-width448-mlp2x (discard),,lean_seq,scratch,cap-6 train.jsonl 155k,6,rl-harness-EI,2,dev1108,1108,dev_metric,64,0.8,662,lean_and_ndverify,,2026-09-25,copied,nd-rl:robbie-experiments:code/experiments/current/autoresearch/results/158-claude_lean-width448-mlp2x/results.json
robbie-autoresearch-lean:158-claude_lean-width448-mlp2x,158-claude_lean-width448-mlp2x (discard),,lean_seq,scratch,cap-6 train.jsonl 155k,6,rl-harness-EI,0,holdout1177,1177,solved,64,0.8,713,lean_and_ndverify,,2026-09-25,copied,nd-rl:robbie-experiments:code/experiments/current/autoresearch/results/158-claude_lean-width448-mlp2x/holdout.json
robbie-autoresearch-lean:158-claude_lean-width448-mlp2x,158-claude_lean-width448-mlp2x (discard),,lean_seq,scratch,cap-6 train.jsonl 155k,6,rl-harness-EI,1,holdout1177,1177,solved,64,0.8,721,lean_and_ndverify,,2026-09-25,copied,nd-rl:robbie-experiments:code/experiments/current/autoresearch/results/158-claude_lean-width448-mlp2x/holdout.json
robbie-autoresearch-lean:158-claude_lean-width448-mlp2x,158-claude_lean-width448-mlp2x (discard),,lean_seq,scratch,cap-6 train.jsonl 155k,6,rl-harness-EI,2,holdout1177,1177,solved,64,0.8,718,lean_and_ndverify,,2026-09-25,copied,nd-rl:robbie-experiments:code/experiments/current/autoresearch/results/158-claude_lean-width448-mlp2x/holdout.json
robbie-autoresearch-lean:159-fable2_lean-gated-attn,159-fable2_lean-gated-attn (discard),,lean_seq,scratch,cap-6 train.jsonl 155k,6,rl-harness-EI,0,dev1108,1108,dev_metric,64,0.8,634,lean_and_ndverify,,2026-09-25,copied,nd-rl:robbie-experiments:code/experiments/current/autoresearch/results/159-fable2_lean-gated-attn/results.json
robbie-autoresearch-lean:159-fable2_lean-gated-attn,159-fable2_lean-gated-attn (discard),,lean_seq,scratch,cap-6 train.jsonl 155k,6,rl-harness-EI,1,dev1108,1108,dev_metric,64,0.8,635,lean_and_ndverify,,2026-09-25,copied,nd-rl:robbie-experiments:code/experiments/current/autoresearch/results/159-fable2_lean-gated-attn/results.json
robbie-autoresearch-lean:159-fable2_lean-gated-attn,159-fable2_lean-gated-attn (discard),,lean_seq,scratch,cap-6 train.jsonl 155k,6,rl-harness-EI,2,dev1108,1108,dev_metric,64,0.8,639,lean_and_ndverify,,2026-09-25,copied,nd-rl:robbie-experiments:code/experiments/current/autoresearch/results/159-fable2_lean-gated-attn/results.json
robbie-autoresearch-lean:159-fable2_lean-gated-attn,159-fable2_lean-gated-attn (discard),,lean_seq,scratch,cap-6 train.jsonl 155k,6,rl-harness-EI,0,holdout1177,1177,solved,64,0.8,689,lean_and_ndverify,,2026-09-25,copied,nd-rl:robbie-experiments:code/experiments/current/autoresearch/results/159-fable2_lean-gated-attn/holdout.json
robbie-autoresearch-lean:159-fable2_lean-gated-attn,159-fable2_lean-gated-attn (discard),,lean_seq,scratch,cap-6 train.jsonl 155k,6,rl-harness-EI,1,holdout1177,1177,solved,64,0.8,674,lean_and_ndverify,,2026-09-25,copied,nd-rl:robbie-experiments:code/experiments/current/autoresearch/results/159-fable2_lean-gated-attn/holdout.json
robbie-autoresearch-lean:159-fable2_lean-gated-attn,159-fable2_lean-gated-attn (discard),,lean_seq,scratch,cap-6 train.jsonl 155k,6,rl-harness-EI,2,holdout1177,1177,solved,64,0.8,680,lean_and_ndverify,,2026-09-25,copied,nd-rl:robbie-experiments:code/experiments/current/autoresearch/results/159-fable2_lean-gated-attn/holdout.json
robbie-autoresearch-lean:159-fable3_lean-gated-attn,159-fable3_lean-gated-attn (discard),,lean_seq,scratch,cap-6 train.jsonl 155k,6,rl-harness-EI,0,dev1108,1108,dev_metric,64,0.8,664,lean_and_ndverify,,2026-09-25,copied,nd-rl:robbie-experiments:code/experiments/current/autoresearch/results/159-fable3_lean-gated-attn/results.json
robbie-autoresearch-lean:159-fable3_lean-gated-attn,159-fable3_lean-gated-attn (discard),,lean_seq,scratch,cap-6 train.jsonl 155k,6,rl-harness-EI,1,dev1108,1108,dev_metric,64,0.8,674,lean_and_ndverify,,2026-09-25,copied,nd-rl:robbie-experiments:code/experiments/current/autoresearch/results/159-fable3_lean-gated-attn/results.json
robbie-autoresearch-lean:159-fable3_lean-gated-attn,159-fable3_lean-gated-attn (discard),,lean_seq,scratch,cap-6 train.jsonl 155k,6,rl-harness-EI,2,dev1108,1108,dev_metric,64,0.8,632,lean_and_ndverify,,2026-09-25,copied,nd-rl:robbie-experiments:code/experiments/current/autoresearch/results/159-fable3_lean-gated-attn/results.json
robbie-autoresearch-lean:159-fable3_lean-gated-attn,159-fable3_lean-gated-attn (discard),,lean_seq,scratch,cap-6 train.jsonl 155k,6,rl-harness-EI,0,holdout1177,1177,solved,64,0.8,703,lean_and_ndverify,,2026-09-25,copied,nd-rl:robbie-experiments:code/experiments/current/autoresearch/results/159-fable3_lean-gated-attn/holdout.json
robbie-autoresearch-lean:159-fable3_lean-gated-attn,159-fable3_lean-gated-attn (discard),,lean_seq,scratch,cap-6 train.jsonl 155k,6,rl-harness-EI,1,holdout1177,1177,solved,64,0.8,716,lean_and_ndverify,,2026-09-25,copied,nd-rl:robbie-experiments:code/experiments/current/autoresearch/results/159-fable3_lean-gated-attn/holdout.json
robbie-autoresearch-lean:159-fable3_lean-gated-attn,159-fable3_lean-gated-attn (discard),,lean_seq,scratch,cap-6 train.jsonl 155k,6,rl-harness-EI,2,holdout1177,1177,solved,64,0.8,675,lean_and_ndverify,,2026-09-25,copied,nd-rl:robbie-experiments:code/experiments/current/autoresearch/results/159-fable3_lean-gated-attn/holdout.json
robbie-autoresearch-lean:159-fable_lean-heads4x96,159-fable_lean-heads4x96 (discard),,lean_seq,scratch,cap-6 train.jsonl 155k,6,rl-harness-EI,0,dev1108,1108,dev_metric,64,0.8,625,lean_and_ndverify,,2026-09-25,copied,nd-rl:robbie-experiments:code/experiments/current/autoresearch/results/159-fable_lean-heads4x96/results.json
robbie-autoresearch-lean:159-fable_lean-heads4x96,159-fable_lean-heads4x96 (discard),,lean_seq,scratch,cap-6 train.jsonl 155k,6,rl-harness-EI,1,dev1108,1108,dev_metric,64,0.8,649,lean_and_ndverify,,2026-09-25,copied,nd-rl:robbie-experiments:code/experiments/current/autoresearch/results/159-fable_lean-heads4x96/results.json
robbie-autoresearch-lean:159-fable_lean-heads4x96,159-fable_lean-heads4x96 (discard),,lean_seq,scratch,cap-6 train.jsonl 155k,6,rl-harness-EI,2,dev1108,1108,dev_metric,64,0.8,565,lean_and_ndverify,,2026-09-25,copied,nd-rl:robbie-experiments:code/experiments/current/autoresearch/results/159-fable_lean-heads4x96/results.json
robbie-autoresearch-lean:159-fable_lean-heads4x96,159-fable_lean-heads4x96 (discard),,lean_seq,scratch,cap-6 train.jsonl 155k,6,rl-harness-EI,0,holdout1177,1177,solved,64,0.8,670,lean_and_ndverify,,2026-09-25,copied,nd-rl:robbie-experiments:code/experiments/current/autoresearch/results/159-fable_lean-heads4x96/holdout.json
robbie-autoresearch-lean:159-fable_lean-heads4x96,159-fable_lean-heads4x96 (discard),,lean_seq,scratch,cap-6 train.jsonl 155k,6,rl-harness-EI,1,holdout1177,1177,solved,64,0.8,690,lean_and_ndverify,,2026-09-25,copied,nd-rl:robbie-experiments:code/experiments/current/autoresearch/results/159-fable_lean-heads4x96/holdout.json
robbie-autoresearch-lean:159-fable_lean-heads4x96,159-fable_lean-heads4x96 (discard),,lean_seq,scratch,cap-6 train.jsonl 155k,6,rl-harness-EI,2,holdout1177,1177,solved,64,0.8,620,lean_and_ndverify,,2026-09-25,copied,nd-rl:robbie-experiments:code/experiments/current/autoresearch/results/159-fable_lean-heads4x96/holdout.json
robbie-autoresearch-lean:160-claude_lean-batched-ns,160-claude_lean-batched-ns (discard),,lean_seq,scratch,cap-6 train.jsonl 155k,6,rl-harness-EI,0,dev1108,1108,dev_metric,64,0.8,676,lean_and_ndverify,,2026-09-25,copied,nd-rl:robbie-experiments:code/experiments/current/autoresearch/results/160-claude_lean-batched-ns/results.json
robbie-autoresearch-lean:160-claude_lean-batched-ns,160-claude_lean-batched-ns (discard),,lean_seq,scratch,cap-6 train.jsonl 155k,6,rl-harness-EI,1,dev1108,1108,dev_metric,64,0.8,677,lean_and_ndverify,,2026-09-25,copied,nd-rl:robbie-experiments:code/experiments/current/autoresearch/results/160-claude_lean-batched-ns/results.json
robbie-autoresearch-lean:160-claude_lean-batched-ns,160-claude_lean-batched-ns (discard),,lean_seq,scratch,cap-6 train.jsonl 155k,6,rl-harness-EI,2,dev1108,1108,dev_metric,64,0.8,666,lean_and_ndverify,,2026-09-25,copied,nd-rl:robbie-experiments:code/experiments/current/autoresearch/results/160-claude_lean-batched-ns/results.json
robbie-autoresearch-lean:160-claude_lean-batched-ns,160-claude_lean-batched-ns (discard),,lean_seq,scratch,cap-6 train.jsonl 155k,6,rl-harness-EI,0,holdout1177,1177,solved,64,0.8,700,lean_and_ndverify,,2026-09-25,copied,nd-rl:robbie-experiments:code/experiments/current/autoresearch/results/160-claude_lean-batched-ns/holdout.json
robbie-autoresearch-lean:160-claude_lean-batched-ns,160-claude_lean-batched-ns (discard),,lean_seq,scratch,cap-6 train.jsonl 155k,6,rl-harness-EI,1,holdout1177,1177,solved,64,0.8,736,lean_and_ndverify,,2026-09-25,copied,nd-rl:robbie-experiments:code/experiments/current/autoresearch/results/160-claude_lean-batched-ns/holdout.json
robbie-autoresearch-lean:160-claude_lean-batched-ns,160-claude_lean-batched-ns (discard),,lean_seq,scratch,cap-6 train.jsonl 155k,6,rl-harness-EI,2,holdout1177,1177,solved,64,0.8,725,lean_and_ndverify,,2026-09-25,copied,nd-rl:robbie-experiments:code/experiments/current/autoresearch/results/160-claude_lean-batched-ns/holdout.json
robbie-autoresearch-lean:161-fable2_lean-swiglu,161-fable2_lean-swiglu (discard),,lean_seq,scratch,cap-6 train.jsonl 155k,6,rl-harness-EI,0,dev1108,1108,dev_metric,64,0.8,634,lean_and_ndverify,,2026-09-25,copied,nd-rl:robbie-experiments:code/experiments/current/autoresearch/results/161-fable2_lean-swiglu/results.json
robbie-autoresearch-lean:161-fable2_lean-swiglu,161-fable2_lean-swiglu (discard),,lean_seq,scratch,cap-6 train.jsonl 155k,6,rl-harness-EI,1,dev1108,1108,dev_metric,64,0.8,622,lean_and_ndverify,,2026-09-25,copied,nd-rl:robbie-experiments:code/experiments/current/autoresearch/results/161-fable2_lean-swiglu/results.json
robbie-autoresearch-lean:161-fable2_lean-swiglu,161-fable2_lean-swiglu (discard),,lean_seq,scratch,cap-6 train.jsonl 155k,6,rl-harness-EI,2,dev1108,1108,dev_metric,64,0.8,649,lean_and_ndverify,,2026-09-25,copied,nd-rl:robbie-experiments:code/experiments/current/autoresearch/results/161-fable2_lean-swiglu/results.json
robbie-autoresearch-lean:161-fable2_lean-swiglu,161-fable2_lean-swiglu (discard),,lean_seq,scratch,cap-6 train.jsonl 155k,6,rl-harness-EI,0,holdout1177,1177,solved,64,0.8,677,lean_and_ndverify,,2026-09-25,copied,nd-rl:robbie-experiments:code/experiments/current/autoresearch/results/161-fable2_lean-swiglu/holdout.json
robbie-autoresearch-lean:161-fable2_lean-swiglu,161-fable2_lean-swiglu (discard),,lean_seq,scratch,cap-6 train.jsonl 155k,6,rl-harness-EI,1,holdout1177,1177,solved,64,0.8,672,lean_and_ndverify,,2026-09-25,copied,nd-rl:robbie-experiments:code/experiments/current/autoresearch/results/161-fable2_lean-swiglu/holdout.json
robbie-autoresearch-lean:161-fable2_lean-swiglu,161-fable2_lean-swiglu (discard),,lean_seq,scratch,cap-6 train.jsonl 155k,6,rl-harness-EI,2,holdout1177,1177,solved,64,0.8,707,lean_and_ndverify,,2026-09-25,copied,nd-rl:robbie-experiments:code/experiments/current/autoresearch/results/161-fable2_lean-swiglu/holdout.json
robbie-autoresearch-lean:161-fable3_lean-pack-nomask,161-fable3_lean-pack-nomask (discard),,lean_seq,scratch,cap-6 train.jsonl 155k,6,rl-harness-EI,0,dev1108,1108,dev_metric,64,0.8,608,lean_and_ndverify,,2026-09-25,copied,nd-rl:robbie-experiments:code/experiments/current/autoresearch/results/161-fable3_lean-pack-nomask/results.json
robbie-autoresearch-lean:161-fable3_lean-pack-nomask,161-fable3_lean-pack-nomask (discard),,lean_seq,scratch,cap-6 train.jsonl 155k,6,rl-harness-EI,1,dev1108,1108,dev_metric,64,0.8,619,lean_and_ndverify,,2026-09-25,copied,nd-rl:robbie-experiments:code/experiments/current/autoresearch/results/161-fable3_lean-pack-nomask/results.json
robbie-autoresearch-lean:161-fable3_lean-pack-nomask,161-fable3_lean-pack-nomask (discard),,lean_seq,scratch,cap-6 train.jsonl 155k,6,rl-harness-EI,2,dev1108,1108,dev_metric,64,0.8,644,lean_and_ndverify,,2026-09-25,copied,nd-rl:robbie-experiments:code/experiments/current/autoresearch/results/161-fable3_lean-pack-nomask/results.json
robbie-autoresearch-lean:161-fable3_lean-pack-nomask,161-fable3_lean-pack-nomask (discard),,lean_seq,scratch,cap-6 train.jsonl 155k,6,rl-harness-EI,0,holdout1177,1177,solved,64,0.8,618,lean_and_ndverify,,2026-09-25,copied,nd-rl:robbie-experiments:code/experiments/current/autoresearch/results/161-fable3_lean-pack-nomask/holdout.json
robbie-autoresearch-lean:161-fable3_lean-pack-nomask,161-fable3_lean-pack-nomask (discard),,lean_seq,scratch,cap-6 train.jsonl 155k,6,rl-harness-EI,1,holdout1177,1177,solved,64,0.8,681,lean_and_ndverify,,2026-09-25,copied,nd-rl:robbie-experiments:code/experiments/current/autoresearch/results/161-fable3_lean-pack-nomask/holdout.json
robbie-autoresearch-lean:161-fable3_lean-pack-nomask,161-fable3_lean-pack-nomask (discard),,lean_seq,scratch,cap-6 train.jsonl 155k,6,rl-harness-EI,2,holdout1177,1177,solved,64,0.8,689,lean_and_ndverify,,2026-09-25,copied,nd-rl:robbie-experiments:code/experiments/current/autoresearch/results/161-fable3_lean-pack-nomask/holdout.json
robbie-autoresearch-lean:162-fable_lean-tail-ascending,162-fable_lean-tail-ascending (discard),,lean_seq,scratch,cap-6 train.jsonl 155k,6,rl-harness-EI,0,dev1108,1108,dev_metric,64,0.8,609,lean_and_ndverify,,2026-09-25,copied,nd-rl:robbie-experiments:code/experiments/current/autoresearch/results/162-fable_lean-tail-ascending/results.json
robbie-autoresearch-lean:162-fable_lean-tail-ascending,162-fable_lean-tail-ascending (discard),,lean_seq,scratch,cap-6 train.jsonl 155k,6,rl-harness-EI,1,dev1108,1108,dev_metric,64,0.8,632,lean_and_ndverify,,2026-09-25,copied,nd-rl:robbie-experiments:code/experiments/current/autoresearch/results/162-fable_lean-tail-ascending/results.json
robbie-autoresearch-lean:162-fable_lean-tail-ascending,162-fable_lean-tail-ascending (discard),,lean_seq,scratch,cap-6 train.jsonl 155k,6,rl-harness-EI,2,dev1108,1108,dev_metric,64,0.8,657,lean_and_ndverify,,2026-09-25,copied,nd-rl:robbie-experiments:code/experiments/current/autoresearch/results/162-fable_lean-tail-ascending/results.json
robbie-autoresearch-lean:162-fable_lean-tail-ascending,162-fable_lean-tail-ascending (discard),,lean_seq,scratch,cap-6 train.jsonl 155k,6,rl-harness-EI,0,holdout1177,1177,solved,64,0.8,642,lean_and_ndverify,,2026-09-25,copied,nd-rl:robbie-experiments:code/experiments/current/autoresearch/results/162-fable_lean-tail-ascending/holdout.json
robbie-autoresearch-lean:162-fable_lean-tail-ascending,162-fable_lean-tail-ascending (discard),,lean_seq,scratch,cap-6 train.jsonl 155k,6,rl-harness-EI,1,holdout1177,1177,solved,64,0.8,687,lean_and_ndverify,,2026-09-25,copied,nd-rl:robbie-experiments:code/experiments/current/autoresearch/results/162-fable_lean-tail-ascending/holdout.json
robbie-autoresearch-lean:162-fable_lean-tail-ascending,162-fable_lean-tail-ascending (discard),,lean_seq,scratch,cap-6 train.jsonl 155k,6,rl-harness-EI,2,holdout1177,1177,solved,64,0.8,690,lean_and_ndverify,,2026-09-25,copied,nd-rl:robbie-experiments:code/experiments/current/autoresearch/results/162-fable_lean-tail-ascending/holdout.json
robbie-autoresearch-lean:163-claude_lean-repeat-6line,163-claude_lean-repeat-6line (discard),,lean_seq,scratch,cap-6 train.jsonl 155k,6,rl-harness-EI,0,dev1108,1108,dev_metric,64,0.8,664,lean_and_ndverify,,2026-09-25,copied,nd-rl:robbie-experiments:code/experiments/current/autoresearch/results/163-claude_lean-repeat-6line/results.json
robbie-autoresearch-lean:163-claude_lean-repeat-6line,163-claude_lean-repeat-6line (discard),,lean_seq,scratch,cap-6 train.jsonl 155k,6,rl-harness-EI,1,dev1108,1108,dev_metric,64,0.8,668,lean_and_ndverify,,2026-09-25,copied,nd-rl:robbie-experiments:code/experiments/current/autoresearch/results/163-claude_lean-repeat-6line/results.json
robbie-autoresearch-lean:163-claude_lean-repeat-6line,163-claude_lean-repeat-6line (discard),,lean_seq,scratch,cap-6 train.jsonl 155k,6,rl-harness-EI,2,dev1108,1108,dev_metric,64,0.8,664,lean_and_ndverify,,2026-09-25,copied,nd-rl:robbie-experiments:code/experiments/current/autoresearch/results/163-claude_lean-repeat-6line/results.json
robbie-autoresearch-lean:163-claude_lean-repeat-6line,163-claude_lean-repeat-6line (discard),,lean_seq,scratch,cap-6 train.jsonl 155k,6,rl-harness-EI,0,holdout1177,1177,solved,64,0.8,697,lean_and_ndverify,,2026-09-25,copied,nd-rl:robbie-experiments:code/experiments/current/autoresearch/results/163-claude_lean-repeat-6line/holdout.json
robbie-autoresearch-lean:163-claude_lean-repeat-6line,163-claude_lean-repeat-6line (discard),,lean_seq,scratch,cap-6 train.jsonl 155k,6,rl-harness-EI,1,holdout1177,1177,solved,64,0.8,700,lean_and_ndverify,,2026-09-25,copied,nd-rl:robbie-experiments:code/experiments/current/autoresearch/results/163-claude_lean-repeat-6line/holdout.json
robbie-autoresearch-lean:163-claude_lean-repeat-6line,163-claude_lean-repeat-6line (discard),,lean_seq,scratch,cap-6 train.jsonl 155k,6,rl-harness-EI,2,holdout1177,1177,solved,64,0.8,701,lean_and_ndverify,,2026-09-25,copied,nd-rl:robbie-experiments:code/experiments/current/autoresearch/results/163-claude_lean-repeat-6line/holdout.json
robbie-autoresearch-lean:163-fable3_lean-prompt-loss,163-fable3_lean-prompt-loss (discard),,lean_seq,scratch,cap-6 train.jsonl 155k,6,rl-harness-EI,0,dev1108,1108,dev_metric,64,0.8,670,lean_and_ndverify,,2026-09-25,copied,nd-rl:robbie-experiments:code/experiments/current/autoresearch/results/163-fable3_lean-prompt-loss/results.json
robbie-autoresearch-lean:163-fable3_lean-prompt-loss,163-fable3_lean-prompt-loss (discard),,lean_seq,scratch,cap-6 train.jsonl 155k,6,rl-harness-EI,1,dev1108,1108,dev_metric,64,0.8,670,lean_and_ndverify,,2026-09-25,copied,nd-rl:robbie-experiments:code/experiments/current/autoresearch/results/163-fable3_lean-prompt-loss/results.json
robbie-autoresearch-lean:163-fable3_lean-prompt-loss,163-fable3_lean-prompt-loss (discard),,lean_seq,scratch,cap-6 train.jsonl 155k,6,rl-harness-EI,2,dev1108,1108,dev_metric,64,0.8,665,lean_and_ndverify,,2026-09-25,copied,nd-rl:robbie-experiments:code/experiments/current/autoresearch/results/163-fable3_lean-prompt-loss/results.json
robbie-autoresearch-lean:163-fable3_lean-prompt-loss,163-fable3_lean-prompt-loss (discard),,lean_seq,scratch,cap-6 train.jsonl 155k,6,rl-harness-EI,0,holdout1177,1177,solved,64,0.8,723,lean_and_ndverify,,2026-09-25,copied,nd-rl:robbie-experiments:code/experiments/current/autoresearch/results/163-fable3_lean-prompt-loss/holdout.json
robbie-autoresearch-lean:163-fable3_lean-prompt-loss,163-fable3_lean-prompt-loss (discard),,lean_seq,scratch,cap-6 train.jsonl 155k,6,rl-harness-EI,1,holdout1177,1177,solved,64,0.8,715,lean_and_ndverify,,2026-09-25,copied,nd-rl:robbie-experiments:code/experiments/current/autoresearch/results/163-fable3_lean-prompt-loss/holdout.json
robbie-autoresearch-lean:163-fable3_lean-prompt-loss,163-fable3_lean-prompt-loss (discard),,lean_seq,scratch,cap-6 train.jsonl 155k,6,rl-harness-EI,2,holdout1177,1177,solved,64,0.8,736,lean_and_ndverify,,2026-09-25,copied,nd-rl:robbie-experiments:code/experiments/current/autoresearch/results/163-fable3_lean-prompt-loss/holdout.json
robbie-autoresearch-lean:164-fable2_lean-value-resid,164-fable2_lean-value-resid (discard),,lean_seq,scratch,cap-6 train.jsonl 155k,6,rl-harness-EI,0,dev1108,1108,dev_metric,64,0.8,643,lean_and_ndverify,,2026-09-25,copied,nd-rl:robbie-experiments:code/experiments/current/autoresearch/results/164-fable2_lean-value-resid/results.json
robbie-autoresearch-lean:164-fable2_lean-value-resid,164-fable2_lean-value-resid (discard),,lean_seq,scratch,cap-6 train.jsonl 155k,6,rl-harness-EI,1,dev1108,1108,dev_metric,64,0.8,702,lean_and_ndverify,,2026-09-25,copied,nd-rl:robbie-experiments:code/experiments/current/autoresearch/results/164-fable2_lean-value-resid/results.json
robbie-autoresearch-lean:164-fable2_lean-value-resid,164-fable2_lean-value-resid (discard),,lean_seq,scratch,cap-6 train.jsonl 155k,6,rl-harness-EI,2,dev1108,1108,dev_metric,64,0.8,648,lean_and_ndverify,,2026-09-25,copied,nd-rl:robbie-experiments:code/experiments/current/autoresearch/results/164-fable2_lean-value-resid/results.json
robbie-autoresearch-lean:164-fable2_lean-value-resid,164-fable2_lean-value-resid (discard),,lean_seq,scratch,cap-6 train.jsonl 155k,6,rl-harness-EI,0,holdout1177,1177,solved,64,0.8,693,lean_and_ndverify,,2026-09-25,copied,nd-rl:robbie-experiments:code/experiments/current/autoresearch/results/164-fable2_lean-value-resid/holdout.json
robbie-autoresearch-lean:164-fable2_lean-value-resid,164-fable2_lean-value-resid (discard),,lean_seq,scratch,cap-6 train.jsonl 155k,6,rl-harness-EI,1,holdout1177,1177,solved,64,0.8,743,lean_and_ndverify,,2026-09-25,copied,nd-rl:robbie-experiments:code/experiments/current/autoresearch/results/164-fable2_lean-value-resid/holdout.json
robbie-autoresearch-lean:164-fable2_lean-value-resid,164-fable2_lean-value-resid (discard),,lean_seq,scratch,cap-6 train.jsonl 155k,6,rl-harness-EI,2,holdout1177,1177,solved,64,0.8,700,lean_and_ndverify,,2026-09-25,copied,nd-rl:robbie-experiments:code/experiments/current/autoresearch/results/164-fable2_lean-value-resid/holdout.json
robbie-autoresearch-lean:164-fable_lean-mtp-depth2,164-fable_lean-mtp-depth2 (discard),,lean_seq,scratch,cap-6 train.jsonl 155k,6,rl-harness-EI,0,dev1108,1108,dev_metric,64,0.8,666,lean_and_ndverify,,2026-09-25,copied,nd-rl:robbie-experiments:code/experiments/current/autoresearch/results/164-fable_lean-mtp-depth2/results.json
robbie-autoresearch-lean:164-fable_lean-mtp-depth2,164-fable_lean-mtp-depth2 (discard),,lean_seq,scratch,cap-6 train.jsonl 155k,6,rl-harness-EI,1,dev1108,1108,dev_metric,64,0.8,644,lean_and_ndverify,,2026-09-25,copied,nd-rl:robbie-experiments:code/experiments/current/autoresearch/results/164-fable_lean-mtp-depth2/results.json
robbie-autoresearch-lean:164-fable_lean-mtp-depth2,164-fable_lean-mtp-depth2 (discard),,lean_seq,scratch,cap-6 train.jsonl 155k,6,rl-harness-EI,2,dev1108,1108,dev_metric,64,0.8,639,lean_and_ndverify,,2026-09-25,copied,nd-rl:robbie-experiments:code/experiments/current/autoresearch/results/164-fable_lean-mtp-depth2/results.json
robbie-autoresearch-lean:164-fable_lean-mtp-depth2,164-fable_lean-mtp-depth2 (discard),,lean_seq,scratch,cap-6 train.jsonl 155k,6,rl-harness-EI,0,holdout1177,1177,solved,64,0.8,710,lean_and_ndverify,,2026-09-25,copied,nd-rl:robbie-experiments:code/experiments/current/autoresearch/results/164-fable_lean-mtp-depth2/holdout.json
robbie-autoresearch-lean:164-fable_lean-mtp-depth2,164-fable_lean-mtp-depth2 (discard),,lean_seq,scratch,cap-6 train.jsonl 155k,6,rl-harness-EI,1,holdout1177,1177,solved,64,0.8,689,lean_and_ndverify,,2026-09-25,copied,nd-rl:robbie-experiments:code/experiments/current/autoresearch/results/164-fable_lean-mtp-depth2/holdout.json
robbie-autoresearch-lean:164-fable_lean-mtp-depth2,164-fable_lean-mtp-depth2 (discard),,lean_seq,scratch,cap-6 train.jsonl 155k,6,rl-harness-EI,2,holdout1177,1177,solved,64,0.8,714,lean_and_ndverify,,2026-09-25,copied,nd-rl:robbie-experiments:code/experiments/current/autoresearch/results/164-fable_lean-mtp-depth2/holdout.json
robbie-autoresearch-lean:165-fable3_lean-gqa-width448,165-fable3_lean-gqa-width448 (discard),,lean_seq,scratch,cap-6 train.jsonl 155k,6,rl-harness-EI,0,dev1108,1108,dev_metric,64,0.8,671,lean_and_ndverify,,2026-09-25,copied,nd-rl:robbie-experiments:code/experiments/current/autoresearch/results/165-fable3_lean-gqa-width448/results.json
robbie-autoresearch-lean:165-fable3_lean-gqa-width448,165-fable3_lean-gqa-width448 (discard),,lean_seq,scratch,cap-6 train.jsonl 155k,6,rl-harness-EI,1,dev1108,1108,dev_metric,64,0.8,650,lean_and_ndverify,,2026-09-25,copied,nd-rl:robbie-experiments:code/experiments/current/autoresearch/results/165-fable3_lean-gqa-width448/results.json
robbie-autoresearch-lean:165-fable3_lean-gqa-width448,165-fable3_lean-gqa-width448 (discard),,lean_seq,scratch,cap-6 train.jsonl 155k,6,rl-harness-EI,2,dev1108,1108,dev_metric,64,0.8,676,lean_and_ndverify,,2026-09-25,copied,nd-rl:robbie-experiments:code/experiments/current/autoresearch/results/165-fable3_lean-gqa-width448/results.json
robbie-autoresearch-lean:165-fable3_lean-gqa-width448,165-fable3_lean-gqa-width448 (discard),,lean_seq,scratch,cap-6 train.jsonl 155k,6,rl-harness-EI,0,holdout1177,1177,solved,64,0.8,737,lean_and_ndverify,,2026-09-25,copied,nd-rl:robbie-experiments:code/experiments/current/autoresearch/results/165-fable3_lean-gqa-width448/holdout.json
robbie-autoresearch-lean:165-fable3_lean-gqa-width448,165-fable3_lean-gqa-width448 (discard),,lean_seq,scratch,cap-6 train.jsonl 155k,6,rl-harness-EI,1,holdout1177,1177,solved,64,0.8,699,lean_and_ndverify,,2026-09-25,copied,nd-rl:robbie-experiments:code/experiments/current/autoresearch/results/165-fable3_lean-gqa-width448/holdout.json
robbie-autoresearch-lean:165-fable3_lean-gqa-width448,165-fable3_lean-gqa-width448 (discard),,lean_seq,scratch,cap-6 train.jsonl 155k,6,rl-harness-EI,2,holdout1177,1177,solved,64,0.8,719,lean_and_ndverify,,2026-09-25,copied,nd-rl:robbie-experiments:code/experiments/current/autoresearch/results/165-fable3_lean-gqa-width448/holdout.json
robbie-autoresearch-lean:166-fable2_lean-compile-dynamic,166-fable2_lean-compile-dynamic (discard),,lean_seq,scratch,cap-6 train.jsonl 155k,6,rl-harness-EI,0,dev1108,1108,dev_metric,64,0.8,485,lean_and_ndverify,,2026-09-26,copied,nd-rl:robbie-experiments:code/experiments/current/autoresearch/results/166-fable2_lean-compile-dynamic/results.json
robbie-autoresearch-lean:166-fable2_lean-compile-dynamic,166-fable2_lean-compile-dynamic (discard),,lean_seq,scratch,cap-6 train.jsonl 155k,6,rl-harness-EI,1,dev1108,1108,dev_metric,64,0.8,0,lean_and_ndverify,,2026-09-26,copied,nd-rl:robbie-experiments:code/experiments/current/autoresearch/results/166-fable2_lean-compile-dynamic/results.json
robbie-autoresearch-lean:166-fable2_lean-compile-dynamic,166-fable2_lean-compile-dynamic (discard),,lean_seq,scratch,cap-6 train.jsonl 155k,6,rl-harness-EI,2,dev1108,1108,dev_metric,64,0.8,0,lean_and_ndverify,,2026-09-26,copied,nd-rl:robbie-experiments:code/experiments/current/autoresearch/results/166-fable2_lean-compile-dynamic/results.json
robbie-autoresearch-lean:166-fable2_lean-compile-dynamic,166-fable2_lean-compile-dynamic (discard),,lean_seq,scratch,cap-6 train.jsonl 155k,6,rl-harness-EI,0,holdout1177,1177,solved,64,0.8,529,lean_and_ndverify,,2026-09-26,copied,nd-rl:robbie-experiments:code/experiments/current/autoresearch/results/166-fable2_lean-compile-dynamic/holdout.json
robbie-autoresearch-lean:166-fable2_lean-compile-dynamic,166-fable2_lean-compile-dynamic (discard),,lean_seq,scratch,cap-6 train.jsonl 155k,6,rl-harness-EI,1,holdout1177,1177,solved,64,0.8,0,lean_and_ndverify,,2026-09-26,copied,nd-rl:robbie-experiments:code/experiments/current/autoresearch/results/166-fable2_lean-compile-dynamic/holdout.json
robbie-autoresearch-lean:166-fable2_lean-compile-dynamic,166-fable2_lean-compile-dynamic (discard),,lean_seq,scratch,cap-6 train.jsonl 155k,6,rl-harness-EI,2,holdout1177,1177,solved,64,0.8,0,lean_and_ndverify,,2026-09-26,copied,nd-rl:robbie-experiments:code/experiments/current/autoresearch/results/166-fable2_lean-compile-dynamic/holdout.json
robbie-autoresearch-lean:166-fable_lean-loop-w512,166-fable_lean-loop-w512 (discard),,lean_seq,scratch,cap-6 train.jsonl 155k,6,rl-harness-EI,0,dev1108,1108,dev_metric,64,0.8,665,lean_and_ndverify,,2026-09-26,copied,nd-rl:robbie-experiments:code/experiments/current/autoresearch/results/166-fable_lean-loop-w512/results.json
robbie-autoresearch-lean:166-fable_lean-loop-w512,166-fable_lean-loop-w512 (discard),,lean_seq,scratch,cap-6 train.jsonl 155k,6,rl-harness-EI,1,dev1108,1108,dev_metric,64,0.8,625,lean_and_ndverify,,2026-09-26,copied,nd-rl:robbie-experiments:code/experiments/current/autoresearch/results/166-fable_lean-loop-w512/results.json
robbie-autoresearch-lean:166-fable_lean-loop-w512,166-fable_lean-loop-w512 (discard),,lean_seq,scratch,cap-6 train.jsonl 155k,6,rl-harness-EI,2,dev1108,1108,dev_metric,64,0.8,631,lean_and_ndverify,,2026-09-26,copied,nd-rl:robbie-experiments:code/experiments/current/autoresearch/results/166-fable_lean-loop-w512/results.json
robbie-autoresearch-lean:166-fable_lean-loop-w512,166-fable_lean-loop-w512 (discard),,lean_seq,scratch,cap-6 train.jsonl 155k,6,rl-harness-EI,0,holdout1177,1177,solved,64,0.8,711,lean_and_ndverify,,2026-09-26,copied,nd-rl:robbie-experiments:code/experiments/current/autoresearch/results/166-fable_lean-loop-w512/holdout.json
robbie-autoresearch-lean:166-fable_lean-loop-w512,166-fable_lean-loop-w512 (discard),,lean_seq,scratch,cap-6 train.jsonl 155k,6,rl-harness-EI,1,holdout1177,1177,solved,64,0.8,678,lean_and_ndverify,,2026-09-26,copied,nd-rl:robbie-experiments:code/experiments/current/autoresearch/results/166-fable_lean-loop-w512/holdout.json
robbie-autoresearch-lean:166-fable_lean-loop-w512,166-fable_lean-loop-w512 (discard),,lean_seq,scratch,cap-6 train.jsonl 155k,6,rl-harness-EI,2,holdout1177,1177,solved,64,0.8,669,lean_and_ndverify,,2026-09-26,copied,nd-rl:robbie-experiments:code/experiments/current/autoresearch/results/166-fable_lean-loop-w512/holdout.json
robbie-autoresearch-lean:167-claude_lean-heads12,167-claude_lean-heads12 (discard),,lean_seq,scratch,cap-6 train.jsonl 155k,6,rl-harness-EI,0,dev1108,1108,dev_metric,64,0.8,711,lean_and_ndverify,,2026-09-26,copied,nd-rl:robbie-experiments:code/experiments/current/autoresearch/results/167-claude_lean-heads12/results.json
robbie-autoresearch-lean:167-claude_lean-heads12,167-claude_lean-heads12 (discard),,lean_seq,scratch,cap-6 train.jsonl 155k,6,rl-harness-EI,1,dev1108,1108,dev_metric,64,0.8,662,lean_and_ndverify,,2026-09-26,copied,nd-rl:robbie-experiments:code/experiments/current/autoresearch/results/167-claude_lean-heads12/results.json
robbie-autoresearch-lean:167-claude_lean-heads12,167-claude_lean-heads12 (discard),,lean_seq,scratch,cap-6 train.jsonl 155k,6,rl-harness-EI,2,dev1108,1108,dev_metric,64,0.8,650,lean_and_ndverify,,2026-09-26,copied,nd-rl:robbie-experiments:code/experiments/current/autoresearch/results/167-claude_lean-heads12/results.json
robbie-autoresearch-lean:167-claude_lean-heads12,167-claude_lean-heads12 (discard),,lean_seq,scratch,cap-6 train.jsonl 155k,6,rl-harness-EI,0,holdout1177,1177,solved,64,0.8,734,lean_and_ndverify,,2026-09-26,copied,nd-rl:robbie-experiments:code/experiments/current/autoresearch/results/167-claude_lean-heads12/holdout.json
robbie-autoresearch-lean:167-claude_lean-heads12,167-claude_lean-heads12 (discard),,lean_seq,scratch,cap-6 train.jsonl 155k,6,rl-harness-EI,1,holdout1177,1177,solved,64,0.8,715,lean_and_ndverify,,2026-09-26,copied,nd-rl:robbie-experiments:code/experiments/current/autoresearch/results/167-claude_lean-heads12/holdout.json
robbie-autoresearch-lean:167-claude_lean-heads12,167-claude_lean-heads12 (discard),,lean_seq,scratch,cap-6 train.jsonl 155k,6,rl-harness-EI,2,holdout1177,1177,solved,64,0.8,702,lean_and_ndverify,,2026-09-26,copied,nd-rl:robbie-experiments:code/experiments/current/autoresearch/results/167-claude_lean-heads12/holdout.json
robbie-autoresearch-lean:168-fable3_lean-qk-norm,168-fable3_lean-qk-norm (discard),,lean_seq,scratch,cap-6 train.jsonl 155k,6,rl-harness-EI,0,dev1108,1108,dev_metric,64,0.8,638,lean_and_ndverify,,2026-09-26,copied,nd-rl:robbie-experiments:code/experiments/current/autoresearch/results/168-fable3_lean-qk-norm/results.json
robbie-autoresearch-lean:168-fable3_lean-qk-norm,168-fable3_lean-qk-norm (discard),,lean_seq,scratch,cap-6 train.jsonl 155k,6,rl-harness-EI,1,dev1108,1108,dev_metric,64,0.8,623,lean_and_ndverify,,2026-09-26,copied,nd-rl:robbie-experiments:code/experiments/current/autoresearch/results/168-fable3_lean-qk-norm/results.json
robbie-autoresearch-lean:168-fable3_lean-qk-norm,168-fable3_lean-qk-norm (discard),,lean_seq,scratch,cap-6 train.jsonl 155k,6,rl-harness-EI,2,dev1108,1108,dev_metric,64,0.8,578,lean_and_ndverify,,2026-09-26,copied,nd-rl:robbie-experiments:code/experiments/current/autoresearch/results/168-fable3_lean-qk-norm/results.json
robbie-autoresearch-lean:168-fable3_lean-qk-norm,168-fable3_lean-qk-norm (discard),,lean_seq,scratch,cap-6 train.jsonl 155k,6,rl-harness-EI,0,holdout1177,1177,solved,64,0.8,664,lean_and_ndverify,,2026-09-26,copied,nd-rl:robbie-experiments:code/experiments/current/autoresearch/results/168-fable3_lean-qk-norm/holdout.json
robbie-autoresearch-lean:168-fable3_lean-qk-norm,168-fable3_lean-qk-norm (discard),,lean_seq,scratch,cap-6 train.jsonl 155k,6,rl-harness-EI,1,holdout1177,1177,solved,64,0.8,657,lean_and_ndverify,,2026-09-26,copied,nd-rl:robbie-experiments:code/experiments/current/autoresearch/results/168-fable3_lean-qk-norm/holdout.json
robbie-autoresearch-lean:168-fable3_lean-qk-norm,168-fable3_lean-qk-norm (discard),,lean_seq,scratch,cap-6 train.jsonl 155k,6,rl-harness-EI,2,holdout1177,1177,solved,64,0.8,610,lean_and_ndverify,,2026-09-26,copied,nd-rl:robbie-experiments:code/experiments/current/autoresearch/results/168-fable3_lean-qk-norm/holdout.json
robbie-autoresearch-lean:169-fable2_lean-randpos,169-fable2_lean-randpos (discard),,lean_seq,scratch,cap-6 train.jsonl 155k,6,rl-harness-EI,0,dev1108,1108,dev_metric,64,0.8,664,lean_and_ndverify,,2026-09-26,copied,nd-rl:robbie-experiments:code/experiments/current/autoresearch/results/169-fable2_lean-randpos/results.json
robbie-autoresearch-lean:169-fable2_lean-randpos,169-fable2_lean-randpos (discard),,lean_seq,scratch,cap-6 train.jsonl 155k,6,rl-harness-EI,1,dev1108,1108,dev_metric,64,0.8,621,lean_and_ndverify,,2026-09-26,copied,nd-rl:robbie-experiments:code/experiments/current/autoresearch/results/169-fable2_lean-randpos/results.json
robbie-autoresearch-lean:169-fable2_lean-randpos,169-fable2_lean-randpos (discard),,lean_seq,scratch,cap-6 train.jsonl 155k,6,rl-harness-EI,2,dev1108,1108,dev_metric,64,0.8,664,lean_and_ndverify,,2026-09-26,copied,nd-rl:robbie-experiments:code/experiments/current/autoresearch/results/169-fable2_lean-randpos/results.json
robbie-autoresearch-lean:169-fable2_lean-randpos,169-fable2_lean-randpos (discard),,lean_seq,scratch,cap-6 train.jsonl 155k,6,rl-harness-EI,0,holdout1177,1177,solved,64,0.8,683,lean_and_ndverify,,2026-09-26,copied,nd-rl:robbie-experiments:code/experiments/current/autoresearch/results/169-fable2_lean-randpos/holdout.json
robbie-autoresearch-lean:169-fable2_lean-randpos,169-fable2_lean-randpos (discard),,lean_seq,scratch,cap-6 train.jsonl 155k,6,rl-harness-EI,1,holdout1177,1177,solved,64,0.8,669,lean_and_ndverify,,2026-09-26,copied,nd-rl:robbie-experiments:code/experiments/current/autoresearch/results/169-fable2_lean-randpos/holdout.json
robbie-autoresearch-lean:169-fable2_lean-randpos,169-fable2_lean-randpos (discard),,lean_seq,scratch,cap-6 train.jsonl 155k,6,rl-harness-EI,2,holdout1177,1177,solved,64,0.8,705,lean_and_ndverify,,2026-09-26,copied,nd-rl:robbie-experiments:code/experiments/current/autoresearch/results/169-fable2_lean-randpos/holdout.json
robbie-autoresearch-lean:169-fable_lean-sigmoid-attn,169-fable_lean-sigmoid-attn (discard),,lean_seq,scratch,cap-6 train.jsonl 155k,6,rl-harness-EI,0,dev1108,1108,dev_metric,64,0.8,555,lean_and_ndverify,,2026-09-26,copied,nd-rl:robbie-experiments:code/experiments/current/autoresearch/results/169-fable_lean-sigmoid-attn/results.json
robbie-autoresearch-lean:169-fable_lean-sigmoid-attn,169-fable_lean-sigmoid-attn (discard),,lean_seq,scratch,cap-6 train.jsonl 155k,6,rl-harness-EI,1,dev1108,1108,dev_metric,64,0.8,533,lean_and_ndverify,,2026-09-26,copied,nd-rl:robbie-experiments:code/experiments/current/autoresearch/results/169-fable_lean-sigmoid-attn/results.json
robbie-autoresearch-lean:169-fable_lean-sigmoid-attn,169-fable_lean-sigmoid-attn (discard),,lean_seq,scratch,cap-6 train.jsonl 155k,6,rl-harness-EI,2,dev1108,1108,dev_metric,64,0.8,598,lean_and_ndverify,,2026-09-26,copied,nd-rl:robbie-experiments:code/experiments/current/autoresearch/results/169-fable_lean-sigmoid-attn/results.json
robbie-autoresearch-lean:169-fable_lean-sigmoid-attn,169-fable_lean-sigmoid-attn (discard),,lean_seq,scratch,cap-6 train.jsonl 155k,6,rl-harness-EI,0,holdout1177,1177,solved,64,0.8,597,lean_and_ndverify,,2026-09-26,copied,nd-rl:robbie-experiments:code/experiments/current/autoresearch/results/169-fable_lean-sigmoid-attn/holdout.json
robbie-autoresearch-lean:169-fable_lean-sigmoid-attn,169-fable_lean-sigmoid-attn (discard),,lean_seq,scratch,cap-6 train.jsonl 155k,6,rl-harness-EI,1,holdout1177,1177,solved,64,0.8,573,lean_and_ndverify,,2026-09-26,copied,nd-rl:robbie-experiments:code/experiments/current/autoresearch/results/169-fable_lean-sigmoid-attn/holdout.json
robbie-autoresearch-lean:169-fable_lean-sigmoid-attn,169-fable_lean-sigmoid-attn (discard),,lean_seq,scratch,cap-6 train.jsonl 155k,6,rl-harness-EI,2,holdout1177,1177,solved,64,0.8,631,lean_and_ndverify,,2026-09-26,copied,nd-rl:robbie-experiments:code/experiments/current/autoresearch/results/169-fable_lean-sigmoid-attn/holdout.json
robbie-autoresearch-lean:170-claude_lean-line-alibi,170-claude_lean-line-alibi (discard),,lean_seq,scratch,cap-6 train.jsonl 155k,6,rl-harness-EI,0,dev1108,1108,dev_metric,64,0.8,664,lean_and_ndverify,,2026-09-26,copied,nd-rl:robbie-experiments:code/experiments/current/autoresearch/results/170-claude_lean-line-alibi/results.json
robbie-autoresearch-lean:170-claude_lean-line-alibi,170-claude_lean-line-alibi (discard),,lean_seq,scratch,cap-6 train.jsonl 155k,6,rl-harness-EI,1,dev1108,1108,dev_metric,64,0.8,679,lean_and_ndverify,,2026-09-26,copied,nd-rl:robbie-experiments:code/experiments/current/autoresearch/results/170-claude_lean-line-alibi/results.json
robbie-autoresearch-lean:170-claude_lean-line-alibi,170-claude_lean-line-alibi (discard),,lean_seq,scratch,cap-6 train.jsonl 155k,6,rl-harness-EI,2,dev1108,1108,dev_metric,64,0.8,683,lean_and_ndverify,,2026-09-26,copied,nd-rl:robbie-experiments:code/experiments/current/autoresearch/results/170-claude_lean-line-alibi/results.json
robbie-autoresearch-lean:170-claude_lean-line-alibi,170-claude_lean-line-alibi (discard),,lean_seq,scratch,cap-6 train.jsonl 155k,6,rl-harness-EI,0,holdout1177,1177,solved,64,0.8,692,lean_and_ndverify,,2026-09-26,copied,nd-rl:robbie-experiments:code/experiments/current/autoresearch/results/170-claude_lean-line-alibi/holdout.json
robbie-autoresearch-lean:170-claude_lean-line-alibi,170-claude_lean-line-alibi (discard),,lean_seq,scratch,cap-6 train.jsonl 155k,6,rl-harness-EI,1,holdout1177,1177,solved,64,0.8,709,lean_and_ndverify,,2026-09-26,copied,nd-rl:robbie-experiments:code/experiments/current/autoresearch/results/170-claude_lean-line-alibi/holdout.json
robbie-autoresearch-lean:170-claude_lean-line-alibi,170-claude_lean-line-alibi (discard),,lean_seq,scratch,cap-6 train.jsonl 155k,6,rl-harness-EI,2,holdout1177,1177,solved,64,0.8,739,lean_and_ndverify,,2026-09-26,copied,nd-rl:robbie-experiments:code/experiments/current/autoresearch/results/170-claude_lean-line-alibi/holdout.json
robbie-autoresearch-lean:171-fable3_lean-muon-adamw-finish,171-fable3_lean-muon-adamw-finish (discard),,lean_seq,scratch,cap-6 train.jsonl 155k,6,rl-harness-EI,0,dev1108,1108,dev_metric,64,0.8,644,lean_and_ndverify,,2026-09-26,copied,nd-rl:robbie-experiments:code/experiments/current/autoresearch/results/171-fable3_lean-muon-adamw-finish/results.json
robbie-autoresearch-lean:171-fable3_lean-muon-adamw-finish,171-fable3_lean-muon-adamw-finish (discard),,lean_seq,scratch,cap-6 train.jsonl 155k,6,rl-harness-EI,1,dev1108,1108,dev_metric,64,0.8,648,lean_and_ndverify,,2026-09-26,copied,nd-rl:robbie-experiments:code/experiments/current/autoresearch/results/171-fable3_lean-muon-adamw-finish/results.json
robbie-autoresearch-lean:171-fable3_lean-muon-adamw-finish,171-fable3_lean-muon-adamw-finish (discard),,lean_seq,scratch,cap-6 train.jsonl 155k,6,rl-harness-EI,2,dev1108,1108,dev_metric,64,0.8,665,lean_and_ndverify,,2026-09-26,copied,nd-rl:robbie-experiments:code/experiments/current/autoresearch/results/171-fable3_lean-muon-adamw-finish/results.json
robbie-autoresearch-lean:171-fable3_lean-muon-adamw-finish,171-fable3_lean-muon-adamw-finish (discard),,lean_seq,scratch,cap-6 train.jsonl 155k,6,rl-harness-EI,0,holdout1177,1177,solved,64,0.8,689,lean_and_ndverify,,2026-09-26,copied,nd-rl:robbie-experiments:code/experiments/current/autoresearch/results/171-fable3_lean-muon-adamw-finish/holdout.json
robbie-autoresearch-lean:171-fable3_lean-muon-adamw-finish,171-fable3_lean-muon-adamw-finish (discard),,lean_seq,scratch,cap-6 train.jsonl 155k,6,rl-harness-EI,1,holdout1177,1177,solved,64,0.8,686,lean_and_ndverify,,2026-09-26,copied,nd-rl:robbie-experiments:code/experiments/current/autoresearch/results/171-fable3_lean-muon-adamw-finish/holdout.json
robbie-autoresearch-lean:171-fable3_lean-muon-adamw-finish,171-fable3_lean-muon-adamw-finish (discard),,lean_seq,scratch,cap-6 train.jsonl 155k,6,rl-harness-EI,2,holdout1177,1177,solved,64,0.8,717,lean_and_ndverify,,2026-09-26,copied,nd-rl:robbie-experiments:code/experiments/current/autoresearch/results/171-fable3_lean-muon-adamw-finish/holdout.json
robbie-autoresearch-lean:172-fable2_lean-depth8-mlp2x,172-fable2_lean-depth8-mlp2x (discard),,lean_seq,scratch,cap-6 train.jsonl 155k,6,rl-harness-EI,0,dev1108,1108,dev_metric,64,0.8,674,lean_and_ndverify,,2026-09-26,copied,nd-rl:robbie-experiments:code/experiments/current/autoresearch/results/172-fable2_lean-depth8-mlp2x/results.json
robbie-autoresearch-lean:172-fable2_lean-depth8-mlp2x,172-fable2_lean-depth8-mlp2x (discard),,lean_seq,scratch,cap-6 train.jsonl 155k,6,rl-harness-EI,1,dev1108,1108,dev_metric,64,0.8,684,lean_and_ndverify,,2026-09-26,copied,nd-rl:robbie-experiments:code/experiments/current/autoresearch/results/172-fable2_lean-depth8-mlp2x/results.json
robbie-autoresearch-lean:172-fable2_lean-depth8-mlp2x,172-fable2_lean-depth8-mlp2x (discard),,lean_seq,scratch,cap-6 train.jsonl 155k,6,rl-harness-EI,2,dev1108,1108,dev_metric,64,0.8,524,lean_and_ndverify,,2026-09-26,copied,nd-rl:robbie-experiments:code/experiments/current/autoresearch/results/172-fable2_lean-depth8-mlp2x/results.json
robbie-autoresearch-lean:172-fable2_lean-depth8-mlp2x,172-fable2_lean-depth8-mlp2x (discard),,lean_seq,scratch,cap-6 train.jsonl 155k,6,rl-harness-EI,0,holdout1177,1177,solved,64,0.8,704,lean_and_ndverify,,2026-09-26,copied,nd-rl:robbie-experiments:code/experiments/current/autoresearch/results/172-fable2_lean-depth8-mlp2x/holdout.json
robbie-autoresearch-lean:172-fable2_lean-depth8-mlp2x,172-fable2_lean-depth8-mlp2x (discard),,lean_seq,scratch,cap-6 train.jsonl 155k,6,rl-harness-EI,1,holdout1177,1177,solved,64,0.8,724,lean_and_ndverify,,2026-09-26,copied,nd-rl:robbie-experiments:code/experiments/current/autoresearch/results/172-fable2_lean-depth8-mlp2x/holdout.json
robbie-autoresearch-lean:172-fable2_lean-depth8-mlp2x,172-fable2_lean-depth8-mlp2x (discard),,lean_seq,scratch,cap-6 train.jsonl 155k,6,rl-harness-EI,2,holdout1177,1177,solved,64,0.8,559,lean_and_ndverify,,2026-09-26,copied,nd-rl:robbie-experiments:code/experiments/current/autoresearch/results/172-fable2_lean-depth8-mlp2x/holdout.json
robbie-autoresearch-lean:173-fable_lean-focal-loss,173-fable_lean-focal-loss (discard),,lean_seq,scratch,cap-6 train.jsonl 155k,6,rl-harness-EI,0,dev1108,1108,dev_metric,64,0.8,645,lean_and_ndverify,,2026-09-26,copied,nd-rl:robbie-experiments:code/experiments/current/autoresearch/results/173-fable_lean-focal-loss/results.json
robbie-autoresearch-lean:173-fable_lean-focal-loss,173-fable_lean-focal-loss (discard),,lean_seq,scratch,cap-6 train.jsonl 155k,6,rl-harness-EI,1,dev1108,1108,dev_metric,64,0.8,660,lean_and_ndverify,,2026-09-26,copied,nd-rl:robbie-experiments:code/experiments/current/autoresearch/results/173-fable_lean-focal-loss/results.json
robbie-autoresearch-lean:173-fable_lean-focal-loss,173-fable_lean-focal-loss (discard),,lean_seq,scratch,cap-6 train.jsonl 155k,6,rl-harness-EI,2,dev1108,1108,dev_metric,64,0.8,659,lean_and_ndverify,,2026-09-26,copied,nd-rl:robbie-experiments:code/experiments/current/autoresearch/results/173-fable_lean-focal-loss/results.json
robbie-autoresearch-lean:173-fable_lean-focal-loss,173-fable_lean-focal-loss (discard),,lean_seq,scratch,cap-6 train.jsonl 155k,6,rl-harness-EI,0,holdout1177,1177,solved,64,0.8,719,lean_and_ndverify,,2026-09-26,copied,nd-rl:robbie-experiments:code/experiments/current/autoresearch/results/173-fable_lean-focal-loss/holdout.json
robbie-autoresearch-lean:173-fable_lean-focal-loss,173-fable_lean-focal-loss (discard),,lean_seq,scratch,cap-6 train.jsonl 155k,6,rl-harness-EI,1,holdout1177,1177,solved,64,0.8,706,lean_and_ndverify,,2026-09-26,copied,nd-rl:robbie-experiments:code/experiments/current/autoresearch/results/173-fable_lean-focal-loss/holdout.json
robbie-autoresearch-lean:173-fable_lean-focal-loss,173-fable_lean-focal-loss (discard),,lean_seq,scratch,cap-6 train.jsonl 155k,6,rl-harness-EI,2,holdout1177,1177,solved,64,0.8,704,lean_and_ndverify,,2026-09-26,copied,nd-rl:robbie-experiments:code/experiments/current/autoresearch/results/173-fable_lean-focal-loss/holdout.json
robbie-autoresearch-lean:174-claude_lean-wide-prune,174-claude_lean-wide-prune (discard),,lean_seq,scratch,cap-6 train.jsonl 155k,6,rl-harness-EI,0,dev1108,1108,dev_metric,64,0.8,682,lean_and_ndverify,,2026-09-26,copied,nd-rl:robbie-experiments:code/experiments/current/autoresearch/results/174-claude_lean-wide-prune/results.json
robbie-autoresearch-lean:174-claude_lean-wide-prune,174-claude_lean-wide-prune (discard),,lean_seq,scratch,cap-6 train.jsonl 155k,6,rl-harness-EI,1,dev1108,1108,dev_metric,64,0.8,689,lean_and_ndverify,,2026-09-26,copied,nd-rl:robbie-experiments:code/experiments/current/autoresearch/results/174-claude_lean-wide-prune/results.json
robbie-autoresearch-lean:174-claude_lean-wide-prune,174-claude_lean-wide-prune (discard),,lean_seq,scratch,cap-6 train.jsonl 155k,6,rl-harness-EI,2,dev1108,1108,dev_metric,64,0.8,666,lean_and_ndverify,,2026-09-26,copied,nd-rl:robbie-experiments:code/experiments/current/autoresearch/results/174-claude_lean-wide-prune/results.json
robbie-autoresearch-lean:174-claude_lean-wide-prune,174-claude_lean-wide-prune (discard),,lean_seq,scratch,cap-6 train.jsonl 155k,6,rl-harness-EI,0,holdout1177,1177,solved,64,0.8,711,lean_and_ndverify,,2026-09-26,copied,nd-rl:robbie-experiments:code/experiments/current/autoresearch/results/174-claude_lean-wide-prune/holdout.json
robbie-autoresearch-lean:174-claude_lean-wide-prune,174-claude_lean-wide-prune (discard),,lean_seq,scratch,cap-6 train.jsonl 155k,6,rl-harness-EI,1,holdout1177,1177,solved,64,0.8,740,lean_and_ndverify,,2026-09-26,copied,nd-rl:robbie-experiments:code/experiments/current/autoresearch/results/174-claude_lean-wide-prune/holdout.json
robbie-autoresearch-lean:174-claude_lean-wide-prune,174-claude_lean-wide-prune (discard),,lean_seq,scratch,cap-6 train.jsonl 155k,6,rl-harness-EI,2,holdout1177,1177,solved,64,0.8,704,lean_and_ndverify,,2026-09-26,copied,nd-rl:robbie-experiments:code/experiments/current/autoresearch/results/174-claude_lean-wide-prune/holdout.json
robbie-autoresearch-lean:175-fable3_lean-headwise-muon,175-fable3_lean-headwise-muon (discard),,lean_seq,scratch,cap-6 train.jsonl 155k,6,rl-harness-EI,0,dev1108,1108,dev_metric,64,0.8,623,lean_and_ndverify,,2026-09-26,copied,nd-rl:robbie-experiments:code/experiments/current/autoresearch/results/175-fable3_lean-headwise-muon/results.json
robbie-autoresearch-lean:175-fable3_lean-headwise-muon,175-fable3_lean-headwise-muon (discard),,lean_seq,scratch,cap-6 train.jsonl 155k,6,rl-harness-EI,1,dev1108,1108,dev_metric,64,0.8,607,lean_and_ndverify,,2026-09-26,copied,nd-rl:robbie-experiments:code/experiments/current/autoresearch/results/175-fable3_lean-headwise-muon/results.json
robbie-autoresearch-lean:175-fable3_lean-headwise-muon,175-fable3_lean-headwise-muon (discard),,lean_seq,scratch,cap-6 train.jsonl 155k,6,rl-harness-EI,2,dev1108,1108,dev_metric,64,0.8,182,lean_and_ndverify,,2026-09-26,copied,nd-rl:robbie-experiments:code/experiments/current/autoresearch/results/175-fable3_lean-headwise-muon/results.json
robbie-autoresearch-lean:175-fable3_lean-headwise-muon,175-fable3_lean-headwise-muon (discard),,lean_seq,scratch,cap-6 train.jsonl 155k,6,rl-harness-EI,0,holdout1177,1177,solved,64,0.8,650,lean_and_ndverify,,2026-09-26,copied,nd-rl:robbie-experiments:code/experiments/current/autoresearch/results/175-fable3_lean-headwise-muon/holdout.json
robbie-autoresearch-lean:175-fable3_lean-headwise-muon,175-fable3_lean-headwise-muon (discard),,lean_seq,scratch,cap-6 train.jsonl 155k,6,rl-harness-EI,1,holdout1177,1177,solved,64,0.8,637,lean_and_ndverify,,2026-09-26,copied,nd-rl:robbie-experiments:code/experiments/current/autoresearch/results/175-fable3_lean-headwise-muon/holdout.json
robbie-autoresearch-lean:175-fable3_lean-headwise-muon,175-fable3_lean-headwise-muon (discard),,lean_seq,scratch,cap-6 train.jsonl 155k,6,rl-harness-EI,2,holdout1177,1177,solved,64,0.8,194,lean_and_ndverify,,2026-09-26,copied,nd-rl:robbie-experiments:code/experiments/current/autoresearch/results/175-fable3_lean-headwise-muon/holdout.json
robbie-autoresearch-lean:176-fable2_lean-stiefel-pull,176-fable2_lean-stiefel-pull (discard),,lean_seq,scratch,cap-6 train.jsonl 155k,6,rl-harness-EI,0,dev1108,1108,dev_metric,64,0.8,609,lean_and_ndverify,,2026-09-26,copied,nd-rl:robbie-experiments:code/experiments/current/autoresearch/results/176-fable2_lean-stiefel-pull/results.json
robbie-autoresearch-lean:176-fable2_lean-stiefel-pull,176-fable2_lean-stiefel-pull (discard),,lean_seq,scratch,cap-6 train.jsonl 155k,6,rl-harness-EI,1,dev1108,1108,dev_metric,64,0.8,684,lean_and_ndverify,,2026-09-26,copied,nd-rl:robbie-experiments:code/experiments/current/autoresearch/results/176-fable2_lean-stiefel-pull/results.json
robbie-autoresearch-lean:176-fable2_lean-stiefel-pull,176-fable2_lean-stiefel-pull (discard),,lean_seq,scratch,cap-6 train.jsonl 155k,6,rl-harness-EI,2,dev1108,1108,dev_metric,64,0.8,667,lean_and_ndverify,,2026-09-26,copied,nd-rl:robbie-experiments:code/experiments/current/autoresearch/results/176-fable2_lean-stiefel-pull/results.json
robbie-autoresearch-lean:176-fable2_lean-stiefel-pull,176-fable2_lean-stiefel-pull (discard),,lean_seq,scratch,cap-6 train.jsonl 155k,6,rl-harness-EI,0,holdout1177,1177,solved,64,0.8,659,lean_and_ndverify,,2026-09-26,copied,nd-rl:robbie-experiments:code/experiments/current/autoresearch/results/176-fable2_lean-stiefel-pull/holdout.json
robbie-autoresearch-lean:176-fable2_lean-stiefel-pull,176-fable2_lean-stiefel-pull (discard),,lean_seq,scratch,cap-6 train.jsonl 155k,6,rl-harness-EI,1,holdout1177,1177,solved,64,0.8,737,lean_and_ndverify,,2026-09-26,copied,nd-rl:robbie-experiments:code/experiments/current/autoresearch/results/176-fable2_lean-stiefel-pull/holdout.json
robbie-autoresearch-lean:176-fable2_lean-stiefel-pull,176-fable2_lean-stiefel-pull (discard),,lean_seq,scratch,cap-6 train.jsonl 155k,6,rl-harness-EI,2,holdout1177,1177,solved,64,0.8,715,lean_and_ndverify,,2026-09-26,copied,nd-rl:robbie-experiments:code/experiments/current/autoresearch/results/176-fable2_lean-stiefel-pull/holdout.json
robbie-autoresearch-lean:176-fable_lean-born-again-kd,176-fable_lean-born-again-kd (discard),,lean_seq,scratch,cap-6 train.jsonl 155k,6,rl-harness-EI,0,dev1108,1108,dev_metric,64,0.8,593,lean_and_ndverify,,2026-09-26,copied,nd-rl:robbie-experiments:code/experiments/current/autoresearch/results/176-fable_lean-born-again-kd/results.json
robbie-autoresearch-lean:176-fable_lean-born-again-kd,176-fable_lean-born-again-kd (discard),,lean_seq,scratch,cap-6 train.jsonl 155k,6,rl-harness-EI,1,dev1108,1108,dev_metric,64,0.8,606,lean_and_ndverify,,2026-09-26,copied,nd-rl:robbie-experiments:code/experiments/current/autoresearch/results/176-fable_lean-born-again-kd/results.json
robbie-autoresearch-lean:176-fable_lean-born-again-kd,176-fable_lean-born-again-kd (discard),,lean_seq,scratch,cap-6 train.jsonl 155k,6,rl-harness-EI,2,dev1108,1108,dev_metric,64,0.8,590,lean_and_ndverify,,2026-09-26,copied,nd-rl:robbie-experiments:code/experiments/current/autoresearch/results/176-fable_lean-born-again-kd/results.json
robbie-autoresearch-lean:176-fable_lean-born-again-kd,176-fable_lean-born-again-kd (discard),,lean_seq,scratch,cap-6 train.jsonl 155k,6,rl-harness-EI,0,holdout1177,1177,solved,64,0.8,642,lean_and_ndverify,,2026-09-26,copied,nd-rl:robbie-experiments:code/experiments/current/autoresearch/results/176-fable_lean-born-again-kd/holdout.json
robbie-autoresearch-lean:176-fable_lean-born-again-kd,176-fable_lean-born-again-kd (discard),,lean_seq,scratch,cap-6 train.jsonl 155k,6,rl-harness-EI,1,holdout1177,1177,solved,64,0.8,659,lean_and_ndverify,,2026-09-26,copied,nd-rl:robbie-experiments:code/experiments/current/autoresearch/results/176-fable_lean-born-again-kd/holdout.json
robbie-autoresearch-lean:176-fable_lean-born-again-kd,176-fable_lean-born-again-kd (discard),,lean_seq,scratch,cap-6 train.jsonl 155k,6,rl-harness-EI,2,holdout1177,1177,solved,64,0.8,617,lean_and_ndverify,,2026-09-26,copied,nd-rl:robbie-experiments:code/experiments/current/autoresearch/results/176-fable_lean-born-again-kd/holdout.json
robbie-autoresearch-lean:177-claude_lean-late-sam,177-claude_lean-late-sam (discard),,lean_seq,scratch,cap-6 train.jsonl 155k,6,rl-harness-EI,0,dev1108,1108,dev_metric,64,0.8,650,lean_and_ndverify,,2026-09-26,copied,nd-rl:robbie-experiments:code/experiments/current/autoresearch/results/177-claude_lean-late-sam/results.json
robbie-autoresearch-lean:177-claude_lean-late-sam,177-claude_lean-late-sam (discard),,lean_seq,scratch,cap-6 train.jsonl 155k,6,rl-harness-EI,1,dev1108,1108,dev_metric,64,0.8,678,lean_and_ndverify,,2026-09-26,copied,nd-rl:robbie-experiments:code/experiments/current/autoresearch/results/177-claude_lean-late-sam/results.json
robbie-autoresearch-lean:177-claude_lean-late-sam,177-claude_lean-late-sam (discard),,lean_seq,scratch,cap-6 train.jsonl 155k,6,rl-harness-EI,2,dev1108,1108,dev_metric,64,0.8,649,lean_and_ndverify,,2026-09-26,copied,nd-rl:robbie-experiments:code/experiments/current/autoresearch/results/177-claude_lean-late-sam/results.json
robbie-autoresearch-lean:177-claude_lean-late-sam,177-claude_lean-late-sam (discard),,lean_seq,scratch,cap-6 train.jsonl 155k,6,rl-harness-EI,0,holdout1177,1177,solved,64,0.8,691,lean_and_ndverify,,2026-09-26,copied,nd-rl:robbie-experiments:code/experiments/current/autoresearch/results/177-claude_lean-late-sam/holdout.json
robbie-autoresearch-lean:177-claude_lean-late-sam,177-claude_lean-late-sam (discard),,lean_seq,scratch,cap-6 train.jsonl 155k,6,rl-harness-EI,1,holdout1177,1177,solved,64,0.8,732,lean_and_ndverify,,2026-09-26,copied,nd-rl:robbie-experiments:code/experiments/current/autoresearch/results/177-claude_lean-late-sam/holdout.json
robbie-autoresearch-lean:177-claude_lean-late-sam,177-claude_lean-late-sam (discard),,lean_seq,scratch,cap-6 train.jsonl 155k,6,rl-harness-EI,2,holdout1177,1177,solved,64,0.8,680,lean_and_ndverify,,2026-09-26,copied,nd-rl:robbie-experiments:code/experiments/current/autoresearch/results/177-claude_lean-late-sam/holdout.json
robbie-autoresearch-lean:178-claude_lean-fast-setup,178-claude_lean-fast-setup (discard),,lean_seq,scratch,cap-6 train.jsonl 155k,6,rl-harness-EI,0,dev1108,1108,dev_metric,64,0.8,650,lean_and_ndverify,,2026-09-26,copied,nd-rl:robbie-experiments:code/experiments/current/autoresearch/results/178-claude_lean-fast-setup/results.json
robbie-autoresearch-lean:178-claude_lean-fast-setup,178-claude_lean-fast-setup (discard),,lean_seq,scratch,cap-6 train.jsonl 155k,6,rl-harness-EI,1,dev1108,1108,dev_metric,64,0.8,674,lean_and_ndverify,,2026-09-26,copied,nd-rl:robbie-experiments:code/experiments/current/autoresearch/results/178-claude_lean-fast-setup/results.json
robbie-autoresearch-lean:178-claude_lean-fast-setup,178-claude_lean-fast-setup (discard),,lean_seq,scratch,cap-6 train.jsonl 155k,6,rl-harness-EI,2,dev1108,1108,dev_metric,64,0.8,652,lean_and_ndverify,,2026-09-26,copied,nd-rl:robbie-experiments:code/experiments/current/autoresearch/results/178-claude_lean-fast-setup/results.json
robbie-autoresearch-lean:178-claude_lean-fast-setup,178-claude_lean-fast-setup (discard),,lean_seq,scratch,cap-6 train.jsonl 155k,6,rl-harness-EI,0,holdout1177,1177,solved,64,0.8,689,lean_and_ndverify,,2026-09-26,copied,nd-rl:robbie-experiments:code/experiments/current/autoresearch/results/178-claude_lean-fast-setup/holdout.json
robbie-autoresearch-lean:178-claude_lean-fast-setup,178-claude_lean-fast-setup (discard),,lean_seq,scratch,cap-6 train.jsonl 155k,6,rl-harness-EI,1,holdout1177,1177,solved,64,0.8,719,lean_and_ndverify,,2026-09-26,copied,nd-rl:robbie-experiments:code/experiments/current/autoresearch/results/178-claude_lean-fast-setup/holdout.json
robbie-autoresearch-lean:178-claude_lean-fast-setup,178-claude_lean-fast-setup (discard),,lean_seq,scratch,cap-6 train.jsonl 155k,6,rl-harness-EI,2,holdout1177,1177,solved,64,0.8,687,lean_and_ndverify,,2026-09-26,copied,nd-rl:robbie-experiments:code/experiments/current/autoresearch/results/178-claude_lean-fast-setup/holdout.json
robbie-autoresearch-lean:179-claude_lean-prompt-anchor,179-claude_lean-prompt-anchor (discard),,lean_seq,scratch,cap-6 train.jsonl 155k,6,rl-harness-EI,0,dev1108,1108,dev_metric,64,0.8,583,lean_and_ndverify,,2026-09-26,copied,nd-rl:robbie-experiments:code/experiments/current/autoresearch/results/179-claude_lean-prompt-anchor/results.json
robbie-autoresearch-lean:179-claude_lean-prompt-anchor,179-claude_lean-prompt-anchor (discard),,lean_seq,scratch,cap-6 train.jsonl 155k,6,rl-harness-EI,1,dev1108,1108,dev_metric,64,0.8,662,lean_and_ndverify,,2026-09-26,copied,nd-rl:robbie-experiments:code/experiments/current/autoresearch/results/179-claude_lean-prompt-anchor/results.json
robbie-autoresearch-lean:179-claude_lean-prompt-anchor,179-claude_lean-prompt-anchor (discard),,lean_seq,scratch,cap-6 train.jsonl 155k,6,rl-harness-EI,2,dev1108,1108,dev_metric,64,0.8,635,lean_and_ndverify,,2026-09-26,copied,nd-rl:robbie-experiments:code/experiments/current/autoresearch/results/179-claude_lean-prompt-anchor/results.json
robbie-autoresearch-lean:179-claude_lean-prompt-anchor,179-claude_lean-prompt-anchor (discard),,lean_seq,scratch,cap-6 train.jsonl 155k,6,rl-harness-EI,0,holdout1177,1177,solved,64,0.8,605,lean_and_ndverify,,2026-09-26,copied,nd-rl:robbie-experiments:code/experiments/current/autoresearch/results/179-claude_lean-prompt-anchor/holdout.json
robbie-autoresearch-lean:179-claude_lean-prompt-anchor,179-claude_lean-prompt-anchor (discard),,lean_seq,scratch,cap-6 train.jsonl 155k,6,rl-harness-EI,1,holdout1177,1177,solved,64,0.8,717,lean_and_ndverify,,2026-09-26,copied,nd-rl:robbie-experiments:code/experiments/current/autoresearch/results/179-claude_lean-prompt-anchor/holdout.json
robbie-autoresearch-lean:179-claude_lean-prompt-anchor,179-claude_lean-prompt-anchor (discard),,lean_seq,scratch,cap-6 train.jsonl 155k,6,rl-harness-EI,2,holdout1177,1177,solved,64,0.8,699,lean_and_ndverify,,2026-09-26,copied,nd-rl:robbie-experiments:code/experiments/current/autoresearch/results/179-claude_lean-prompt-anchor/holdout.json
robbie-autoresearch-lean:180-claude_lean-fresh-units,180-claude_lean-fresh-units (discard),,lean_seq,scratch,cap-6 train.jsonl 155k,6,rl-harness-EI,0,dev1108,1108,dev_metric,64,0.8,668,lean_and_ndverify,,2026-09-26,copied,nd-rl:robbie-experiments:code/experiments/current/autoresearch/results/180-claude_lean-fresh-units/results.json
robbie-autoresearch-lean:180-claude_lean-fresh-units,180-claude_lean-fresh-units (discard),,lean_seq,scratch,cap-6 train.jsonl 155k,6,rl-harness-EI,1,dev1108,1108,dev_metric,64,0.8,683,lean_and_ndverify,,2026-09-26,copied,nd-rl:robbie-experiments:code/experiments/current/autoresearch/results/180-claude_lean-fresh-units/results.json
robbie-autoresearch-lean:180-claude_lean-fresh-units,180-claude_lean-fresh-units (discard),,lean_seq,scratch,cap-6 train.jsonl 155k,6,rl-harness-EI,2,dev1108,1108,dev_metric,64,0.8,680,lean_and_ndverify,,2026-09-26,copied,nd-rl:robbie-experiments:code/experiments/current/autoresearch/results/180-claude_lean-fresh-units/results.json
robbie-autoresearch-lean:180-claude_lean-fresh-units,180-claude_lean-fresh-units (discard),,lean_seq,scratch,cap-6 train.jsonl 155k,6,rl-harness-EI,0,holdout1177,1177,solved,64,0.8,706,lean_and_ndverify,,2026-09-26,copied,nd-rl:robbie-experiments:code/experiments/current/autoresearch/results/180-claude_lean-fresh-units/holdout.json
robbie-autoresearch-lean:180-claude_lean-fresh-units,180-claude_lean-fresh-units (discard),,lean_seq,scratch,cap-6 train.jsonl 155k,6,rl-harness-EI,1,holdout1177,1177,solved,64,0.8,732,lean_and_ndverify,,2026-09-26,copied,nd-rl:robbie-experiments:code/experiments/current/autoresearch/results/180-claude_lean-fresh-units/holdout.json
robbie-autoresearch-lean:180-claude_lean-fresh-units,180-claude_lean-fresh-units (discard),,lean_seq,scratch,cap-6 train.jsonl 155k,6,rl-harness-EI,2,holdout1177,1177,solved,64,0.8,740,lean_and_ndverify,,2026-09-26,copied,nd-rl:robbie-experiments:code/experiments/current/autoresearch/results/180-claude_lean-fresh-units/holdout.json
robbie-autoresearch-lean:181-claude_lean-relu2,181-claude_lean-relu2 (discard),,lean_seq,scratch,cap-6 train.jsonl 155k,6,rl-harness-EI,0,dev1108,1108,dev_metric,64,0.8,672,lean_and_ndverify,,2026-09-26,copied,nd-rl:robbie-experiments:code/experiments/current/autoresearch/results/181-claude_lean-relu2/results.json
robbie-autoresearch-lean:181-claude_lean-relu2,181-claude_lean-relu2 (discard),,lean_seq,scratch,cap-6 train.jsonl 155k,6,rl-harness-EI,1,dev1108,1108,dev_metric,64,0.8,632,lean_and_ndverify,,2026-09-26,copied,nd-rl:robbie-experiments:code/experiments/current/autoresearch/results/181-claude_lean-relu2/results.json
robbie-autoresearch-lean:181-claude_lean-relu2,181-claude_lean-relu2 (discard),,lean_seq,scratch,cap-6 train.jsonl 155k,6,rl-harness-EI,2,dev1108,1108,dev_metric,64,0.8,642,lean_and_ndverify,,2026-09-26,copied,nd-rl:robbie-experiments:code/experiments/current/autoresearch/results/181-claude_lean-relu2/results.json
robbie-autoresearch-lean:181-claude_lean-relu2,181-claude_lean-relu2 (discard),,lean_seq,scratch,cap-6 train.jsonl 155k,6,rl-harness-EI,0,holdout1177,1177,solved,64,0.8,727,lean_and_ndverify,,2026-09-26,copied,nd-rl:robbie-experiments:code/experiments/current/autoresearch/results/181-claude_lean-relu2/holdout.json
robbie-autoresearch-lean:181-claude_lean-relu2,181-claude_lean-relu2 (discard),,lean_seq,scratch,cap-6 train.jsonl 155k,6,rl-harness-EI,1,holdout1177,1177,solved,64,0.8,676,lean_and_ndverify,,2026-09-26,copied,nd-rl:robbie-experiments:code/experiments/current/autoresearch/results/181-claude_lean-relu2/holdout.json
robbie-autoresearch-lean:181-claude_lean-relu2,181-claude_lean-relu2 (discard),,lean_seq,scratch,cap-6 train.jsonl 155k,6,rl-harness-EI,2,holdout1177,1177,solved,64,0.8,687,lean_and_ndverify,,2026-09-26,copied,nd-rl:robbie-experiments:code/experiments/current/autoresearch/results/181-claude_lean-relu2/holdout.json
robbie-autoresearch-lean:182-claude_lean-cautious-wd,182-claude_lean-cautious-wd (discard),,lean_seq,scratch,cap-6 train.jsonl 155k,6,rl-harness-EI,0,dev1108,1108,dev_metric,64,0.8,661,lean_and_ndverify,,2026-09-26,copied,nd-rl:robbie-experiments:code/experiments/current/autoresearch/results/182-claude_lean-cautious-wd/results.json
robbie-autoresearch-lean:182-claude_lean-cautious-wd,182-claude_lean-cautious-wd (discard),,lean_seq,scratch,cap-6 train.jsonl 155k,6,rl-harness-EI,1,dev1108,1108,dev_metric,64,0.8,726,lean_and_ndverify,,2026-09-26,copied,nd-rl:robbie-experiments:code/experiments/current/autoresearch/results/182-claude_lean-cautious-wd/results.json
robbie-autoresearch-lean:182-claude_lean-cautious-wd,182-claude_lean-cautious-wd (discard),,lean_seq,scratch,cap-6 train.jsonl 155k,6,rl-harness-EI,2,dev1108,1108,dev_metric,64,0.8,667,lean_and_ndverify,,2026-09-26,copied,nd-rl:robbie-experiments:code/experiments/current/autoresearch/results/182-claude_lean-cautious-wd/results.json
robbie-autoresearch-lean:182-claude_lean-cautious-wd,182-claude_lean-cautious-wd (discard),,lean_seq,scratch,cap-6 train.jsonl 155k,6,rl-harness-EI,0,holdout1177,1177,solved,64,0.8,704,lean_and_ndverify,,2026-09-26,copied,nd-rl:robbie-experiments:code/experiments/current/autoresearch/results/182-claude_lean-cautious-wd/holdout.json
robbie-autoresearch-lean:182-claude_lean-cautious-wd,182-claude_lean-cautious-wd (discard),,lean_seq,scratch,cap-6 train.jsonl 155k,6,rl-harness-EI,1,holdout1177,1177,solved,64,0.8,767,lean_and_ndverify,,2026-09-26,copied,nd-rl:robbie-experiments:code/experiments/current/autoresearch/results/182-claude_lean-cautious-wd/holdout.json
robbie-autoresearch-lean:182-claude_lean-cautious-wd,182-claude_lean-cautious-wd (discard),,lean_seq,scratch,cap-6 train.jsonl 155k,6,rl-harness-EI,2,holdout1177,1177,solved,64,0.8,718,lean_and_ndverify,,2026-09-26,copied,nd-rl:robbie-experiments:code/experiments/current/autoresearch/results/182-claude_lean-cautious-wd/holdout.json
robbie-autoresearch-lean:183-claude_lean-handoff-double,183-claude_lean-handoff-double (discard),,lean_seq,scratch,cap-6 train.jsonl 155k,6,rl-harness-EI,0,dev1108,1108,dev_metric,64,0.8,677,lean_and_ndverify,,2026-09-26,copied,nd-rl:robbie-experiments:code/experiments/current/autoresearch/results/183-claude_lean-handoff-double/results.json
robbie-autoresearch-lean:183-claude_lean-handoff-double,183-claude_lean-handoff-double (discard),,lean_seq,scratch,cap-6 train.jsonl 155k,6,rl-harness-EI,1,dev1108,1108,dev_metric,64,0.8,694,lean_and_ndverify,,2026-09-26,copied,nd-rl:robbie-experiments:code/experiments/current/autoresearch/results/183-claude_lean-handoff-double/results.json
robbie-autoresearch-lean:183-claude_lean-handoff-double,183-claude_lean-handoff-double (discard),,lean_seq,scratch,cap-6 train.jsonl 155k,6,rl-harness-EI,2,dev1108,1108,dev_metric,64,0.8,682,lean_and_ndverify,,2026-09-26,copied,nd-rl:robbie-experiments:code/experiments/current/autoresearch/results/183-claude_lean-handoff-double/results.json
robbie-autoresearch-lean:183-claude_lean-handoff-double,183-claude_lean-handoff-double (discard),,lean_seq,scratch,cap-6 train.jsonl 155k,6,rl-harness-EI,0,holdout1177,1177,solved,64,0.8,703,lean_and_ndverify,,2026-09-26,copied,nd-rl:robbie-experiments:code/experiments/current/autoresearch/results/183-claude_lean-handoff-double/holdout.json
robbie-autoresearch-lean:183-claude_lean-handoff-double,183-claude_lean-handoff-double (discard),,lean_seq,scratch,cap-6 train.jsonl 155k,6,rl-harness-EI,1,holdout1177,1177,solved,64,0.8,720,lean_and_ndverify,,2026-09-26,copied,nd-rl:robbie-experiments:code/experiments/current/autoresearch/results/183-claude_lean-handoff-double/holdout.json
robbie-autoresearch-lean:183-claude_lean-handoff-double,183-claude_lean-handoff-double (discard),,lean_seq,scratch,cap-6 train.jsonl 155k,6,rl-harness-EI,2,holdout1177,1177,solved,64,0.8,738,lean_and_ndverify,,2026-09-26,copied,nd-rl:robbie-experiments:code/experiments/current/autoresearch/results/183-claude_lean-handoff-double/holdout.json
robbie-autoresearch-lean:184-claude_lean-depth5-w448,184-claude_lean-depth5-w448 (discard),,lean_seq,scratch,cap-6 train.jsonl 155k,6,rl-harness-EI,0,dev1108,1108,dev_metric,64,0.8,670,lean_and_ndverify,,2026-09-26,copied,nd-rl:robbie-experiments:code/experiments/current/autoresearch/results/184-claude_lean-depth5-w448/results.json
robbie-autoresearch-lean:184-claude_lean-depth5-w448,184-claude_lean-depth5-w448 (discard),,lean_seq,scratch,cap-6 train.jsonl 155k,6,rl-harness-EI,1,dev1108,1108,dev_metric,64,0.8,676,lean_and_ndverify,,2026-09-26,copied,nd-rl:robbie-experiments:code/experiments/current/autoresearch/results/184-claude_lean-depth5-w448/results.json
robbie-autoresearch-lean:184-claude_lean-depth5-w448,184-claude_lean-depth5-w448 (discard),,lean_seq,scratch,cap-6 train.jsonl 155k,6,rl-harness-EI,2,dev1108,1108,dev_metric,64,0.8,663,lean_and_ndverify,,2026-09-26,copied,nd-rl:robbie-experiments:code/experiments/current/autoresearch/results/184-claude_lean-depth5-w448/results.json
robbie-autoresearch-lean:184-claude_lean-depth5-w448,184-claude_lean-depth5-w448 (discard),,lean_seq,scratch,cap-6 train.jsonl 155k,6,rl-harness-EI,0,holdout1177,1177,solved,64,0.8,706,lean_and_ndverify,,2026-09-26,copied,nd-rl:robbie-experiments:code/experiments/current/autoresearch/results/184-claude_lean-depth5-w448/holdout.json
robbie-autoresearch-lean:184-claude_lean-depth5-w448,184-claude_lean-depth5-w448 (discard),,lean_seq,scratch,cap-6 train.jsonl 155k,6,rl-harness-EI,1,holdout1177,1177,solved,64,0.8,728,lean_and_ndverify,,2026-09-26,copied,nd-rl:robbie-experiments:code/experiments/current/autoresearch/results/184-claude_lean-depth5-w448/holdout.json
robbie-autoresearch-lean:184-claude_lean-depth5-w448,184-claude_lean-depth5-w448 (discard),,lean_seq,scratch,cap-6 train.jsonl 155k,6,rl-harness-EI,2,holdout1177,1177,solved,64,0.8,708,lean_and_ndverify,,2026-09-26,copied,nd-rl:robbie-experiments:code/experiments/current/autoresearch/results/184-claude_lean-depth5-w448/holdout.json
robbie-autoresearch-lean:185-claude_torch291-control,185-claude_torch291-control (discard),,lean_seq,scratch,cap-6 train.jsonl 155k,6,rl-harness-EI,0,dev1108,1108,dev_metric,64,0.8,697,lean_and_ndverify,,2026-09-28,copied,nd-rl:robbie-experiments:code/experiments/current/autoresearch/results/185-claude_torch291-control/results.json
robbie-autoresearch-lean:185-claude_torch291-control,185-claude_torch291-control (discard),,lean_seq,scratch,cap-6 train.jsonl 155k,6,rl-harness-EI,1,dev1108,1108,dev_metric,64,0.8,678,lean_and_ndverify,,2026-09-28,copied,nd-rl:robbie-experiments:code/experiments/current/autoresearch/results/185-claude_torch291-control/results.json
robbie-autoresearch-lean:185-claude_torch291-control,185-claude_torch291-control (discard),,lean_seq,scratch,cap-6 train.jsonl 155k,6,rl-harness-EI,2,dev1108,1108,dev_metric,64,0.8,677,lean_and_ndverify,,2026-09-28,copied,nd-rl:robbie-experiments:code/experiments/current/autoresearch/results/185-claude_torch291-control/results.json
robbie-autoresearch-lean:186-claude_torch291-speed,186-claude_torch291-speed (keep),,lean_seq,scratch,cap-6 train.jsonl 155k,6,rl-harness-EI,0,dev1108,1108,dev_metric,64,0.8,668,lean_and_ndverify,,2026-09-28,copied,nd-rl:robbie-experiments:code/experiments/current/autoresearch/results/186-claude_torch291-speed/results.json
robbie-autoresearch-lean:186-claude_torch291-speed,186-claude_torch291-speed (keep),,lean_seq,scratch,cap-6 train.jsonl 155k,6,rl-harness-EI,1,dev1108,1108,dev_metric,64,0.8,699,lean_and_ndverify,,2026-09-28,copied,nd-rl:robbie-experiments:code/experiments/current/autoresearch/results/186-claude_torch291-speed/results.json
robbie-autoresearch-lean:186-claude_torch291-speed,186-claude_torch291-speed (keep),,lean_seq,scratch,cap-6 train.jsonl 155k,6,rl-harness-EI,2,dev1108,1108,dev_metric,64,0.8,674,lean_and_ndverify,,2026-09-28,copied,nd-rl:robbie-experiments:code/experiments/current/autoresearch/results/186-claude_torch291-speed/results.json
robbie-autoresearch-lean:188-fable_lean-key-offset,188-fable_lean-key-offset (discard),,lean_seq,scratch,cap-6 train.jsonl 155k,6,rl-harness-EI,0,dev1108,1108,dev_metric,64,0.8,662,lean_and_ndverify,,2026-09-28,copied,nd-rl:robbie-experiments:code/experiments/current/autoresearch/results/188-fable_lean-key-offset/results.json
robbie-autoresearch-lean:188-fable_lean-key-offset,188-fable_lean-key-offset (discard),,lean_seq,scratch,cap-6 train.jsonl 155k,6,rl-harness-EI,1,dev1108,1108,dev_metric,64,0.8,703,lean_and_ndverify,,2026-09-28,copied,nd-rl:robbie-experiments:code/experiments/current/autoresearch/results/188-fable_lean-key-offset/results.json
robbie-autoresearch-lean:188-fable_lean-key-offset,188-fable_lean-key-offset (discard),,lean_seq,scratch,cap-6 train.jsonl 155k,6,rl-harness-EI,2,dev1108,1108,dev_metric,64,0.8,282,lean_and_ndverify,,2026-09-28,copied,nd-rl:robbie-experiments:code/experiments/current/autoresearch/results/188-fable_lean-key-offset/results.json
robbie-autoresearch-lean:190-claude_lean-no-ortho-init,190-claude_lean-no-ortho-init (discard),,lean_seq,scratch,cap-6 train.jsonl 155k,6,rl-harness-EI,0,dev1108,1108,dev_metric,64,0.8,694,lean_and_ndverify,,2026-09-28,copied,nd-rl:robbie-experiments:code/experiments/current/autoresearch/results/190-claude_lean-no-ortho-init/results.json
robbie-autoresearch-lean:190-claude_lean-no-ortho-init,190-claude_lean-no-ortho-init (discard),,lean_seq,scratch,cap-6 train.jsonl 155k,6,rl-harness-EI,1,dev1108,1108,dev_metric,64,0.8,671,lean_and_ndverify,,2026-09-28,copied,nd-rl:robbie-experiments:code/experiments/current/autoresearch/results/190-claude_lean-no-ortho-init/results.json
robbie-autoresearch-lean:190-claude_lean-no-ortho-init,190-claude_lean-no-ortho-init (discard),,lean_seq,scratch,cap-6 train.jsonl 155k,6,rl-harness-EI,2,dev1108,1108,dev_metric,64,0.8,642,lean_and_ndverify,,2026-09-28,copied,nd-rl:robbie-experiments:code/experiments/current/autoresearch/results/190-claude_lean-no-ortho-init/results.json
robbie-autoresearch-lean:191-claude_lean-no-warmup,191-claude_lean-no-warmup (keep),,lean_seq,scratch,cap-6 train.jsonl 155k,6,rl-harness-EI,0,dev1108,1108,dev_metric,64,0.8,694,lean_and_ndverify,,2026-09-28,copied,nd-rl:robbie-experiments:code/experiments/current/autoresearch/results/191-claude_lean-no-warmup/results.json
robbie-autoresearch-lean:191-claude_lean-no-warmup,191-claude_lean-no-warmup (keep),,lean_seq,scratch,cap-6 train.jsonl 155k,6,rl-harness-EI,1,dev1108,1108,dev_metric,64,0.8,694,lean_and_ndverify,,2026-09-28,copied,nd-rl:robbie-experiments:code/experiments/current/autoresearch/results/191-claude_lean-no-warmup/results.json
robbie-autoresearch-lean:191-claude_lean-no-warmup,191-claude_lean-no-warmup (keep),,lean_seq,scratch,cap-6 train.jsonl 155k,6,rl-harness-EI,2,dev1108,1108,dev_metric,64,0.8,663,lean_and_ndverify,,2026-09-28,copied,nd-rl:robbie-experiments:code/experiments/current/autoresearch/results/191-claude_lean-no-warmup/results.json
robbie-autoresearch-lean:193-fable_lean-no-mtp-retest,193-fable_lean-no-mtp-retest (discard),,lean_seq,scratch,cap-6 train.jsonl 155k,6,rl-harness-EI,0,dev1108,1108,dev_metric,64,0.8,669,lean_and_ndverify,,2026-09-28,copied,nd-rl:robbie-experiments:code/experiments/current/autoresearch/results/193-fable_lean-no-mtp-retest/results.json
robbie-autoresearch-lean:193-fable_lean-no-mtp-retest,193-fable_lean-no-mtp-retest (discard),,lean_seq,scratch,cap-6 train.jsonl 155k,6,rl-harness-EI,1,dev1108,1108,dev_metric,64,0.8,652,lean_and_ndverify,,2026-09-28,copied,nd-rl:robbie-experiments:code/experiments/current/autoresearch/results/193-fable_lean-no-mtp-retest/results.json
robbie-autoresearch-lean:193-fable_lean-no-mtp-retest,193-fable_lean-no-mtp-retest (discard),,lean_seq,scratch,cap-6 train.jsonl 155k,6,rl-harness-EI,2,dev1108,1108,dev_metric,64,0.8,648,lean_and_ndverify,,2026-09-28,copied,nd-rl:robbie-experiments:code/experiments/current/autoresearch/results/193-fable_lean-no-mtp-retest/results.json
robbie-autoresearch-lean:194-claude_lean-future-bag,194-claude_lean-future-bag (discard),,lean_seq,scratch,cap-6 train.jsonl 155k,6,rl-harness-EI,0,dev1108,1108,dev_metric,64,0.8,606,lean_and_ndverify,,2026-09-28,copied,nd-rl:robbie-experiments:code/experiments/current/autoresearch/results/194-claude_lean-future-bag/results.json
robbie-autoresearch-lean:194-claude_lean-future-bag,194-claude_lean-future-bag (discard),,lean_seq,scratch,cap-6 train.jsonl 155k,6,rl-harness-EI,1,dev1108,1108,dev_metric,64,0.8,602,lean_and_ndverify,,2026-09-28,copied,nd-rl:robbie-experiments:code/experiments/current/autoresearch/results/194-claude_lean-future-bag/results.json
robbie-autoresearch-lean:194-claude_lean-future-bag,194-claude_lean-future-bag (discard),,lean_seq,scratch,cap-6 train.jsonl 155k,6,rl-harness-EI,2,dev1108,1108,dev_metric,64,0.8,577,lean_and_ndverify,,2026-09-28,copied,nd-rl:robbie-experiments:code/experiments/current/autoresearch/results/194-claude_lean-future-bag/results.json
robbie-autoresearch-lean:195-claude_lean-x0-skip,195-claude_lean-x0-skip (discard),,lean_seq,scratch,cap-6 train.jsonl 155k,6,rl-harness-EI,0,dev1108,1108,dev_metric,64,0.8,651,lean_and_ndverify,,2026-09-28,copied,nd-rl:robbie-experiments:code/experiments/current/autoresearch/results/195-claude_lean-x0-skip/results.json
robbie-autoresearch-lean:195-claude_lean-x0-skip,195-claude_lean-x0-skip (discard),,lean_seq,scratch,cap-6 train.jsonl 155k,6,rl-harness-EI,1,dev1108,1108,dev_metric,64,0.8,685,lean_and_ndverify,,2026-09-28,copied,nd-rl:robbie-experiments:code/experiments/current/autoresearch/results/195-claude_lean-x0-skip/results.json
robbie-autoresearch-lean:195-claude_lean-x0-skip,195-claude_lean-x0-skip (discard),,lean_seq,scratch,cap-6 train.jsonl 155k,6,rl-harness-EI,2,dev1108,1108,dev_metric,64,0.8,665,lean_and_ndverify,,2026-09-28,copied,nd-rl:robbie-experiments:code/experiments/current/autoresearch/results/195-claude_lean-x0-skip/results.json
robbie-autoresearch-lean:197-fable_lean-atom-canon,197-fable_lean-atom-canon (discard),,lean_seq,scratch,cap-6 train.jsonl 155k,6,rl-harness-EI,0,dev1108,1108,dev_metric,64,0.8,687,lean_and_ndverify,,2026-09-28,copied,nd-rl:robbie-experiments:code/experiments/current/autoresearch/results/197-fable_lean-atom-canon/results.json
robbie-autoresearch-lean:197-fable_lean-atom-canon,197-fable_lean-atom-canon (discard),,lean_seq,scratch,cap-6 train.jsonl 155k,6,rl-harness-EI,1,dev1108,1108,dev_metric,64,0.8,266,lean_and_ndverify,,2026-09-28,copied,nd-rl:robbie-experiments:code/experiments/current/autoresearch/results/197-fable_lean-atom-canon/results.json
robbie-autoresearch-lean:197-fable_lean-atom-canon,197-fable_lean-atom-canon (discard),,lean_seq,scratch,cap-6 train.jsonl 155k,6,rl-harness-EI,2,dev1108,1108,dev_metric,64,0.8,335,lean_and_ndverify,,2026-09-28,copied,nd-rl:robbie-experiments:code/experiments/current/autoresearch/results/197-fable_lean-atom-canon/results.json
robbie-autoresearch-lean:198-claude_lean-muon-no-rms-retest,198-claude_lean-muon-no-rms-retest (keep),,lean_seq,scratch,cap-6 train.jsonl 155k,6,rl-harness-EI,0,dev1108,1108,dev_metric,64,0.8,680,lean_and_ndverify,,2026-09-28,copied,nd-rl:robbie-experiments:code/experiments/current/autoresearch/results/198-claude_lean-muon-no-rms-retest/results.json
robbie-autoresearch-lean:198-claude_lean-muon-no-rms-retest,198-claude_lean-muon-no-rms-retest (keep),,lean_seq,scratch,cap-6 train.jsonl 155k,6,rl-harness-EI,1,dev1108,1108,dev_metric,64,0.8,670,lean_and_ndverify,,2026-09-28,copied,nd-rl:robbie-experiments:code/experiments/current/autoresearch/results/198-claude_lean-muon-no-rms-retest/results.json
robbie-autoresearch-lean:198-claude_lean-muon-no-rms-retest,198-claude_lean-muon-no-rms-retest (keep),,lean_seq,scratch,cap-6 train.jsonl 155k,6,rl-harness-EI,2,dev1108,1108,dev_metric,64,0.8,694,lean_and_ndverify,,2026-09-28,copied,nd-rl:robbie-experiments:code/experiments/current/autoresearch/results/198-claude_lean-muon-no-rms-retest/results.json
robbie-autoresearch-lean:200-claude_simplify-a-no-speed,200-claude_simplify-a-no-speed (discard),,lean_seq,scratch,cap-6 train.jsonl 155k,6,rl-harness-EI,0,dev1108,1108,dev_metric,64,0.8,604,lean_and_ndverify,,2026-09-29,copied,nd-rl:robbie-experiments:code/experiments/current/autoresearch/results/200-claude_simplify-a-no-speed/results.json
robbie-autoresearch-lean:200-claude_simplify-a-no-speed,200-claude_simplify-a-no-speed (discard),,lean_seq,scratch,cap-6 train.jsonl 155k,6,rl-harness-EI,1,dev1108,1108,dev_metric,64,0.8,636,lean_and_ndverify,,2026-09-29,copied,nd-rl:robbie-experiments:code/experiments/current/autoresearch/results/200-claude_simplify-a-no-speed/results.json
robbie-autoresearch-lean:200-claude_simplify-a-no-speed,200-claude_simplify-a-no-speed (discard),,lean_seq,scratch,cap-6 train.jsonl 155k,6,rl-harness-EI,2,dev1108,1108,dev_metric,64,0.8,597,lean_and_ndverify,,2026-09-29,copied,nd-rl:robbie-experiments:code/experiments/current/autoresearch/results/200-claude_simplify-a-no-speed/results.json
robbie-autoresearch-lean:201-claude_simplify-b-no-mtp-ortho,201-claude_simplify-b-no-mtp-ortho (discard),,lean_seq,scratch,cap-6 train.jsonl 155k,6,rl-harness-EI,0,dev1108,1108,dev_metric,64,0.8,638,lean_and_ndverify,,2026-09-29,copied,nd-rl:robbie-experiments:code/experiments/current/autoresearch/results/201-claude_simplify-b-no-mtp-ortho/results.json
robbie-autoresearch-lean:201-claude_simplify-b-no-mtp-ortho,201-claude_simplify-b-no-mtp-ortho (discard),,lean_seq,scratch,cap-6 train.jsonl 155k,6,rl-harness-EI,1,dev1108,1108,dev_metric,64,0.8,616,lean_and_ndverify,,2026-09-29,copied,nd-rl:robbie-experiments:code/experiments/current/autoresearch/results/201-claude_simplify-b-no-mtp-ortho/results.json
robbie-autoresearch-lean:201-claude_simplify-b-no-mtp-ortho,201-claude_simplify-b-no-mtp-ortho (discard),,lean_seq,scratch,cap-6 train.jsonl 155k,6,rl-harness-EI,2,dev1108,1108,dev_metric,64,0.8,558,lean_and_ndverify,,2026-09-29,copied,nd-rl:robbie-experiments:code/experiments/current/autoresearch/results/201-claude_simplify-b-no-mtp-ortho/results.json
robbie-autoresearch-lean:204-claude_simplify-f-uniform-alibi,204-claude_simplify-f-uniform-alibi (discard),,lean_seq,scratch,cap-6 train.jsonl 155k,6,rl-harness-EI,0,dev1108,1108,dev_metric,64,0.8,566,lean_and_ndverify,,2026-09-29,copied,nd-rl:robbie-experiments:code/experiments/current/autoresearch/results/204-claude_simplify-f-uniform-alibi/results.json
robbie-autoresearch-lean:204-claude_simplify-f-uniform-alibi,204-claude_simplify-f-uniform-alibi (discard),,lean_seq,scratch,cap-6 train.jsonl 155k,6,rl-harness-EI,1,dev1108,1108,dev_metric,64,0.8,546,lean_and_ndverify,,2026-09-29,copied,nd-rl:robbie-experiments:code/experiments/current/autoresearch/results/204-claude_simplify-f-uniform-alibi/results.json
robbie-autoresearch-lean:204-claude_simplify-f-uniform-alibi,204-claude_simplify-f-uniform-alibi (discard),,lean_seq,scratch,cap-6 train.jsonl 155k,6,rl-harness-EI,2,dev1108,1108,dev_metric,64,0.8,533,lean_and_ndverify,,2026-09-29,copied,nd-rl:robbie-experiments:code/experiments/current/autoresearch/results/204-claude_simplify-f-uniform-alibi/results.json
robbie-autoresearch-lean:207-claude_simplify-b-token-budget,207-claude_simplify-b-token-budget (discard),,lean_seq,scratch,cap-6 train.jsonl 155k,6,rl-harness-EI,0,dev1108,1108,dev_metric,64,0.8,627,lean_and_ndverify,,2026-09-29,copied,nd-rl:robbie-experiments:code/experiments/current/autoresearch/results/207-claude_simplify-b-token-budget/results.json
robbie-autoresearch-lean:207-claude_simplify-b-token-budget,207-claude_simplify-b-token-budget (discard),,lean_seq,scratch,cap-6 train.jsonl 155k,6,rl-harness-EI,1,dev1108,1108,dev_metric,64,0.8,637,lean_and_ndverify,,2026-09-29,copied,nd-rl:robbie-experiments:code/experiments/current/autoresearch/results/207-claude_simplify-b-token-budget/results.json
robbie-autoresearch-lean:207-claude_simplify-b-token-budget,207-claude_simplify-b-token-budget (discard),,lean_seq,scratch,cap-6 train.jsonl 155k,6,rl-harness-EI,2,dev1108,1108,dev_metric,64,0.8,641,lean_and_ndverify,,2026-09-29,copied,nd-rl:robbie-experiments:code/experiments/current/autoresearch/results/207-claude_simplify-b-token-budget/results.json
robbie-autoresearch-token:012_baseline-3seeds,012_baseline-3seeds (keep),,token,scratch,cap-6 train.jsonl 155k,6,rl-harness-EI,mean,textbook72,72,solved,256,0.8,9.7,nd_verify,,,copied,nd-rl:robbie-experiments:experiment-summaries/2026-09-21-pretrain-ablations/charts/runs.csv
robbie-autoresearch-token:013_wd-1,013_wd-1 (discard),,token,scratch,cap-6 train.jsonl 155k,6,rl-harness-EI,mean,textbook72,72,solved,256,0.8,8.3,nd_verify,,,copied,nd-rl:robbie-experiments:experiment-summaries/2026-09-21-pretrain-ablations/charts/runs.csv
robbie-autoresearch-token:014_loop-abab,014_loop-abab (discard),,token,scratch,cap-6 train.jsonl 155k,6,rl-harness-EI,mean,textbook72,72,solved,256,0.8,8.3,nd_verify,,,copied,nd-rl:robbie-experiments:experiment-summaries/2026-09-21-pretrain-ablations/charts/runs.csv
robbie-autoresearch-token:015_beta2-099,015_beta2-099 (discard),,token,scratch,cap-6 train.jsonl 155k,6,rl-harness-EI,mean,textbook72,72,solved,256,0.8,8.3,nd_verify,,,copied,nd-rl:robbie-experiments:experiment-summaries/2026-09-21-pretrain-ablations/charts/runs.csv
robbie-autoresearch-token:017_label-smoothing-002,017_label-smoothing-002 (discard),,token,scratch,cap-6 train.jsonl 155k,6,rl-harness-EI,mean,textbook72,72,solved,256,0.8,10,nd_verify,,,copied,nd-rl:robbie-experiments:experiment-summaries/2026-09-21-pretrain-ablations/charts/runs.csv
robbie-autoresearch-token:018_matrix-only-decay,018_matrix-only-decay (discard),,token,scratch,cap-6 train.jsonl 155k,6,rl-harness-EI,mean,textbook72,72,solved,256,0.8,8,nd_verify,,,copied,nd-rl:robbie-experiments:experiment-summaries/2026-09-21-pretrain-ablations/charts/runs.csv
robbie-autoresearch-token:019_heads-16,019_heads-16 (discard),,token,scratch,cap-6 train.jsonl 155k,6,rl-harness-EI,mean,textbook72,72,solved,256,0.8,8.3,nd_verify,,,copied,nd-rl:robbie-experiments:experiment-summaries/2026-09-21-pretrain-ablations/charts/runs.csv
robbie-autoresearch-token:020_depth-scaled-init,020_depth-scaled-init (discard),,token,scratch,cap-6 train.jsonl 155k,6,rl-harness-EI,mean,textbook72,72,solved,256,0.8,7.7,nd_verify,,,copied,nd-rl:robbie-experiments:experiment-summaries/2026-09-21-pretrain-ablations/charts/runs.csv
robbie-autoresearch-token:022_warmup-600,022_warmup-600 (discard),,token,scratch,cap-6 train.jsonl 155k,6,rl-harness-EI,mean,textbook72,72,solved,256,0.8,9.3,nd_verify,,,copied,nd-rl:robbie-experiments:experiment-summaries/2026-09-21-pretrain-ablations/charts/runs.csv
robbie-autoresearch-token:023_tied-embeddings,023_tied-embeddings (discard),,token,scratch,cap-6 train.jsonl 155k,6,rl-harness-EI,mean,textbook72,72,solved,256,0.8,8.7,nd_verify,,,copied,nd-rl:robbie-experiments:experiment-summaries/2026-09-21-pretrain-ablations/charts/runs.csv
robbie-autoresearch-token:024_projection-no-bias,024_projection-no-bias (discard),,token,scratch,cap-6 train.jsonl 155k,6,rl-harness-EI,mean,textbook72,72,solved,256,0.8,8.7,nd_verify,,,copied,nd-rl:robbie-experiments:experiment-summaries/2026-09-21-pretrain-ablations/charts/runs.csv
robbie-autoresearch-token:025_ema-099,025_ema-099 (discard),,token,scratch,cap-6 train.jsonl 155k,6,rl-harness-EI,mean,textbook72,72,solved,256,0.8,8.3,nd_verify,,,copied,nd-rl:robbie-experiments:experiment-summaries/2026-09-21-pretrain-ablations/charts/runs.csv
robbie-autoresearch-token:026_rmsnorm,026_rmsnorm (discard),,token,scratch,cap-6 train.jsonl 155k,6,rl-harness-EI,mean,textbook72,72,solved,256,0.8,8,nd_verify,,,copied,nd-rl:robbie-experiments:experiment-summaries/2026-09-21-pretrain-ablations/charts/runs.csv
robbie-autoresearch-token:027_stable-lr,027_stable-lr (discard),,token,scratch,cap-6 train.jsonl 155k,6,rl-harness-EI,mean,textbook72,72,solved,256,0.8,9,nd_verify,,,copied,nd-rl:robbie-experiments:experiment-summaries/2026-09-21-pretrain-ablations/charts/runs.csv
robbie-autoresearch-token:028_shared-middle,028_shared-middle (discard),,token,scratch,cap-6 train.jsonl 155k,6,rl-harness-EI,mean,textbook72,72,solved,256,0.8,8.3,nd_verify,,,copied,nd-rl:robbie-experiments:experiment-summaries/2026-09-21-pretrain-ablations/charts/runs.csv
robbie-autoresearch-token:029_rope-base-100k,029_rope-base-100k (discard),,token,scratch,cap-6 train.jsonl 155k,6,rl-harness-EI,mean,textbook72,72,solved,256,0.8,7.3,nd_verify,,,copied,nd-rl:robbie-experiments:experiment-summaries/2026-09-21-pretrain-ablations/charts/runs.csv
robbie-autoresearch-token:030_muon-hidden,030_muon-hidden (keep),,token,scratch,cap-6 train.jsonl 155k,6,rl-harness-EI,mean,textbook72,72,solved,256,0.8,12,nd_verify,,,copied,nd-rl:robbie-experiments:experiment-summaries/2026-09-21-pretrain-ablations/charts/runs.csv
robbie-autoresearch-token:031_muon-split-qkv,031_muon-split-qkv (keep),,token,scratch,cap-6 train.jsonl 155k,6,rl-harness-EI,mean,textbook72,72,solved,256,0.8,10,nd_verify,,,copied,nd-rl:robbie-experiments:experiment-summaries/2026-09-21-pretrain-ablations/charts/runs.csv
robbie-autoresearch-token:032_muon-adamw-finish,032_muon-adamw-finish (keep),,token,scratch,cap-6 train.jsonl 155k,6,rl-harness-EI,mean,textbook72,72,solved,256,0.8,11.3,nd_verify,,,copied,nd-rl:robbie-experiments:experiment-summaries/2026-09-21-pretrain-ablations/charts/runs.csv
robbie-autoresearch-token:033_muon-adamw-finish-40pct,033_muon-adamw-finish-40pct (discard),,token,scratch,cap-6 train.jsonl 155k,6,rl-harness-EI,mean,textbook72,72,solved,256,0.8,10.3,nd_verify,,,copied,nd-rl:robbie-experiments:experiment-summaries/2026-09-21-pretrain-ablations/charts/runs.csv
robbie-autoresearch-token:034_muon-lr-half,034_muon-lr-half (keep),,token,scratch,cap-6 train.jsonl 155k,6,rl-harness-EI,mean,textbook72,72,solved,256,0.8,11,nd_verify,,,copied,nd-rl:robbie-experiments:experiment-summaries/2026-09-21-pretrain-ablations/charts/runs.csv
robbie-autoresearch-token:035_muon-lr-quarter,035_muon-lr-quarter (discard),,token,scratch,cap-6 train.jsonl 155k,6,rl-harness-EI,mean,textbook72,72,solved,256,0.8,11,nd_verify,,,copied,nd-rl:robbie-experiments:experiment-summaries/2026-09-21-pretrain-ablations/charts/runs.csv
robbie-autoresearch-token:036_muon-momentum-090,036_muon-momentum-090 (discard),,token,scratch,cap-6 train.jsonl 155k,6,rl-harness-EI,mean,textbook72,72,solved,256,0.8,11.7,nd_verify,,,copied,nd-rl:robbie-experiments:experiment-summaries/2026-09-21-pretrain-ablations/charts/runs.csv
robbie-autoresearch-token:037_muon-momentum-098,037_muon-momentum-098 (discard),,token,scratch,cap-6 train.jsonl 155k,6,rl-harness-EI,mean,textbook72,72,solved,256,0.8,11.7,nd_verify,,,copied,nd-rl:robbie-experiments:experiment-summaries/2026-09-21-pretrain-ablations/charts/runs.csv
robbie-autoresearch-token:038_muon-adamw-finish-10pct,038_muon-adamw-finish-10pct (keep),,token,scratch,cap-6 train.jsonl 155k,6,rl-harness-EI,mean,textbook72,72,solved,256,0.8,12.3,nd_verify,,,copied,nd-rl:robbie-experiments:experiment-summaries/2026-09-21-pretrain-ablations/charts/runs.csv
robbie-autoresearch-token:039_muon-adamw-finish-5pct,039_muon-adamw-finish-5pct (keep),,token,scratch,cap-6 train.jsonl 155k,6,rl-harness-EI,mean,textbook72,72,solved,256,0.8,10.7,nd_verify,,,copied,nd-rl:robbie-experiments:experiment-summaries/2026-09-21-pretrain-ablations/charts/runs.csv
robbie-autoresearch-token:040_muon-no-adamw-finish,040_muon-no-adamw-finish (keep),,token,scratch,cap-6 train.jsonl 155k,6,rl-harness-EI,mean,textbook72,72,solved,256,0.8,12.7,nd_verify,,,copied,nd-rl:robbie-experiments:experiment-summaries/2026-09-21-pretrain-ablations/charts/runs.csv
robbie-autoresearch-token:041-claude_partial-rope,041-claude_partial-rope (discard),,token,scratch,cap-6 train.jsonl 155k,6,rl-harness-EI,mean,textbook72,72,solved,256,0.8,11.3,nd_verify,,,copied,nd-rl:robbie-experiments:experiment-summaries/2026-09-21-pretrain-ablations/charts/runs.csv
robbie-autoresearch-token:042-codex_z-loss-1e-4,042-codex_z-loss-1e-4 (discard),,token,scratch,cap-6 train.jsonl 155k,6,rl-harness-EI,mean,textbook72,72,solved,256,0.8,10.3,nd_verify,,,copied,nd-rl:robbie-experiments:experiment-summaries/2026-09-21-pretrain-ablations/charts/runs.csv
robbie-autoresearch-token:043-codex_orthogonal-init,043-codex_orthogonal-init (keep),,token,scratch,cap-6 train.jsonl 155k,6,rl-harness-EI,mean,textbook72,72,solved,256,0.8,11,nd_verify,,,copied,nd-rl:robbie-experiments:experiment-summaries/2026-09-21-pretrain-ablations/charts/runs.csv
robbie-autoresearch-token:044-claude_gated-attention,044-claude_gated-attention (discard),,token,scratch,cap-6 train.jsonl 155k,6,rl-harness-EI,mean,textbook72,72,solved,256,0.8,10,nd_verify,,,copied,nd-rl:robbie-experiments:experiment-summaries/2026-09-21-pretrain-ablations/charts/runs.csv
robbie-autoresearch-token:045-codex_split-qkv-orthogonal-init,045-codex_split-qkv-orthogonal-init (discard),,token,scratch,cap-6 train.jsonl 155k,6,rl-harness-EI,mean,textbook72,72,solved,256,0.8,11,nd_verify,,,copied,nd-rl:robbie-experiments:experiment-summaries/2026-09-21-pretrain-ablations/charts/runs.csv
robbie-autoresearch-token:046-codex_muon-no-nesterov,046-codex_muon-no-nesterov (discard),,token,scratch,cap-6 train.jsonl 155k,6,rl-harness-EI,mean,textbook72,72,solved,256,0.8,9,nd_verify,,,copied,nd-rl:robbie-experiments:experiment-summaries/2026-09-21-pretrain-ablations/charts/runs.csv
robbie-autoresearch-token:047-claude_swiglu,047-claude_swiglu (discard),,token,scratch,cap-6 train.jsonl 155k,6,rl-harness-EI,mean,textbook72,72,solved,256,0.8,9.3,nd_verify,,,copied,nd-rl:robbie-experiments:experiment-summaries/2026-09-21-pretrain-ablations/charts/runs.csv
robbie-autoresearch-token:048-codex_checkpoint-average-tail,048-codex_checkpoint-average-tail (discard),,token,scratch,cap-6 train.jsonl 155k,6,rl-harness-EI,mean,textbook72,72,solved,256,0.8,12,nd_verify,,,copied,nd-rl:robbie-experiments:experiment-summaries/2026-09-21-pretrain-ablations/charts/runs.csv
robbie-autoresearch-token:049-claude_heads-4,049-claude_heads-4 (discard),,token,scratch,cap-6 train.jsonl 155k,6,rl-harness-EI,mean,textbook72,72,solved,256,0.8,11.7,nd_verify,,,copied,nd-rl:robbie-experiments:experiment-summaries/2026-09-21-pretrain-ablations/charts/runs.csv
robbie-autoresearch-token:050-codex_residual-dropout-005,050-codex_residual-dropout-005 (discard),,token,scratch,cap-6 train.jsonl 155k,6,rl-harness-EI,mean,textbook72,72,solved,256,0.8,11,nd_verify,,,copied,nd-rl:robbie-experiments:experiment-summaries/2026-09-21-pretrain-ablations/charts/runs.csv
robbie-autoresearch-token:051-claude_depth-5,051-claude_depth-5 (keep),,token,scratch,cap-6 train.jsonl 155k,6,rl-harness-EI,mean,textbook72,72,solved,256,0.8,12.7,nd_verify,,,copied,nd-rl:robbie-experiments:experiment-summaries/2026-09-21-pretrain-ablations/charts/runs.csv
robbie-autoresearch-token:052-codex_entropy-bonus-001,052-codex_entropy-bonus-001 (keep),,token,scratch,cap-6 train.jsonl 155k,6,rl-harness-EI,mean,textbook72,72,solved,256,0.8,11.7,nd_verify,,,copied,nd-rl:robbie-experiments:experiment-summaries/2026-09-21-pretrain-ablations/charts/runs.csv
robbie-autoresearch-token:053-codex_entropy-bonus-002,053-codex_entropy-bonus-002 (discard),,token,scratch,cap-6 train.jsonl 155k,6,rl-harness-EI,mean,textbook72,72,solved,256,0.8,10.7,nd_verify,,,copied,nd-rl:robbie-experiments:experiment-summaries/2026-09-21-pretrain-ablations/charts/runs.csv
robbie-autoresearch-token:054-claude_top-mlp,054-claude_top-mlp (discard),,token,scratch,cap-6 train.jsonl 155k,6,rl-harness-EI,mean,textbook72,72,solved,256,0.8,11,nd_verify,,,copied,nd-rl:robbie-experiments:experiment-summaries/2026-09-21-pretrain-ablations/charts/runs.csv
robbie-autoresearch-token:054-codex_depth5-entropy-001,054-codex_depth5-entropy-001 (discard),,token,scratch,cap-6 train.jsonl 155k,6,rl-harness-EI,mean,textbook72,72,solved,256,0.8,11,nd_verify,,,copied,nd-rl:robbie-experiments:experiment-summaries/2026-09-21-pretrain-ablations/charts/runs.csv
robbie-autoresearch-token:055-codex_muon-lr-015,055-codex_muon-lr-015 (discard),,token,scratch,cap-6 train.jsonl 155k,6,rl-harness-EI,mean,textbook72,72,solved,256,0.8,11.3,nd_verify,,,copied,nd-rl:robbie-experiments:experiment-summaries/2026-09-21-pretrain-ablations/charts/runs.csv
robbie-autoresearch-token:056-claude_mtp-depth1,056-claude_mtp-depth1 (discard),,token,scratch,cap-6 train.jsonl 155k,6,rl-harness-EI,mean,textbook72,72,solved,256,0.8,11,nd_verify,,,copied,nd-rl:robbie-experiments:experiment-summaries/2026-09-21-pretrain-ablations/charts/runs.csv
robbie-autoresearch-token:057-claude_depth6-width224,057-claude_depth6-width224 (discard),,token,scratch,cap-6 train.jsonl 155k,6,rl-harness-EI,mean,textbook72,72,solved,256,0.8,11.7,nd_verify,,,copied,nd-rl:robbie-experiments:experiment-summaries/2026-09-21-pretrain-ablations/charts/runs.csv
robbie-autoresearch-token:058-claude_nope-block3,058-claude_nope-block3 (discard),,token,scratch,cap-6 train.jsonl 155k,6,rl-harness-EI,mean,textbook72,72,solved,256,0.8,11.3,nd_verify,,,copied,nd-rl:robbie-experiments:experiment-summaries/2026-09-21-pretrain-ablations/charts/runs.csv
robbie-autoresearch-token:059-claude_qk-norm,059-claude_qk-norm (discard),,token,scratch,cap-6 train.jsonl 155k,6,rl-harness-EI,mean,textbook72,72,solved,256,0.8,9,nd_verify,,,copied,nd-rl:robbie-experiments:experiment-summaries/2026-09-21-pretrain-ablations/charts/runs.csv
robbie-autoresearch-token:060-claude_value-residual,060-claude_value-residual (discard),,token,scratch,cap-6 train.jsonl 155k,6,rl-harness-EI,mean,textbook72,72,solved,256,0.8,12.7,nd_verify,,,copied,nd-rl:robbie-experiments:experiment-summaries/2026-09-21-pretrain-ablations/charts/runs.csv
robbie-autoresearch-token:061-claude_rope-base-500,061-claude_rope-base-500 (discard),,token,scratch,cap-6 train.jsonl 155k,6,rl-harness-EI,mean,textbook72,72,solved,256,0.8,11,nd_verify,,,copied,nd-rl:robbie-experiments:experiment-summaries/2026-09-21-pretrain-ablations/charts/runs.csv
robbie-autoresearch-token:062-claude_depth-6,062-claude_depth-6 (discard),,token,scratch,cap-6 train.jsonl 155k,6,rl-harness-EI,mean,textbook72,72,solved,256,0.8,9.3,nd_verify,,,copied,nd-rl:robbie-experiments:experiment-summaries/2026-09-21-pretrain-ablations/charts/runs.csv
robbie-autoresearch-token:063-claude_zero-init-proj,063-claude_zero-init-proj (discard),,token,scratch,cap-6 train.jsonl 155k,6,rl-harness-EI,mean,textbook72,72,solved,256,0.8,10,nd_verify,,,copied,nd-rl:robbie-experiments:experiment-summaries/2026-09-21-pretrain-ablations/charts/runs.csv
robbie-autoresearch-token:064-claude_muon-head,064-claude_muon-head (keep),,token,scratch,cap-6 train.jsonl 155k,6,rl-harness-EI,mean,textbook72,72,solved,256,0.8,11.7,nd_verify,,,copied,nd-rl:robbie-experiments:experiment-summaries/2026-09-21-pretrain-ablations/charts/runs.csv
robbie-autoresearch-token:065-claude_muon-emb,065-claude_muon-emb (discard),,token,scratch,cap-6 train.jsonl 155k,6,rl-harness-EI,mean,textbook72,72,solved,256,0.8,10.3,nd_verify,,,copied,nd-rl:robbie-experiments:experiment-summaries/2026-09-21-pretrain-ablations/charts/runs.csv
robbie-autoresearch-token:066-claude_bs-128,066-claude_bs-128 (keep),,token,scratch,cap-6 train.jsonl 155k,6,rl-harness-EI,mean,textbook72,72,solved,256,0.8,12,nd_verify,,,copied,nd-rl:robbie-experiments:experiment-summaries/2026-09-21-pretrain-ablations/charts/runs.csv
robbie-autoresearch-token:067-claude_bs-64,067-claude_bs-64 (discard),,token,scratch,cap-6 train.jsonl 155k,6,rl-harness-EI,mean,textbook72,72,solved,256,0.8,11.7,nd_verify,,,copied,nd-rl:robbie-experiments:experiment-summaries/2026-09-21-pretrain-ablations/charts/runs.csv
robbie-autoresearch-token:068-claude_muon-lr-007,068-claude_muon-lr-007 (discard),,token,scratch,cap-6 train.jsonl 155k,6,rl-harness-EI,mean,textbook72,72,solved,256,0.8,12,nd_verify,,,copied,nd-rl:robbie-experiments:experiment-summaries/2026-09-21-pretrain-ablations/charts/runs.csv
robbie-autoresearch-token:069-claude_muon-wd-3x,069-claude_muon-wd-3x (keep),,token,scratch,cap-6 train.jsonl 155k,6,rl-harness-EI,mean,textbook72,72,solved,256,0.8,12,nd_verify,,,copied,nd-rl:robbie-experiments:experiment-summaries/2026-09-21-pretrain-ablations/charts/runs.csv
robbie-autoresearch-token:070-claude_muon-wd-10x,070-claude_muon-wd-10x (keep),,token,scratch,cap-6 train.jsonl 155k,6,rl-harness-EI,mean,textbook72,72,solved,256,0.8,13,nd_verify,,,copied,nd-rl:robbie-experiments:experiment-summaries/2026-09-21-pretrain-ablations/charts/runs.csv
robbie-autoresearch-token:072-claude_resid-handoff-half,072-claude_resid-handoff-half (discard),,token,scratch,cap-6 train.jsonl 155k,6,rl-harness-EI,mean,textbook72,72,solved,256,0.8,12.7,nd_verify,,,copied,nd-rl:robbie-experiments:experiment-summaries/2026-09-21-pretrain-ablations/charts/runs.csv
robbie-autoresearch-token:073-claude_emb-wd-10x,073-claude_emb-wd-10x (discard),,token,scratch,cap-6 train.jsonl 155k,6,rl-harness-EI,mean,textbook72,72,solved,256,0.8,13.3,nd_verify,,,copied,nd-rl:robbie-experiments:experiment-summaries/2026-09-21-pretrain-ablations/charts/runs.csv
robbie-autoresearch-token:074-claude_resid-handoff-exact,074-claude_resid-handoff-exact (discard),,token,scratch,cap-6 train.jsonl 155k,6,rl-harness-EI,mean,textbook72,72,solved,256,0.8,13.7,nd_verify,,,copied,nd-rl:robbie-experiments:experiment-summaries/2026-09-21-pretrain-ablations/charts/runs.csv
robbie-autoresearch-token:075-claude_muon-wd-15x,075-claude_muon-wd-15x (discard),,token,scratch,cap-6 train.jsonl 155k,6,rl-harness-EI,mean,textbook72,72,solved,256,0.8,13,nd_verify,,,copied,nd-rl:robbie-experiments:experiment-summaries/2026-09-21-pretrain-ablations/charts/runs.csv
robbie-autoresearch-token:076-claude_relu-squared,076-claude_relu-squared (discard),,token,scratch,cap-6 train.jsonl 155k,6,rl-harness-EI,mean,textbook72,72,solved,256,0.8,11.3,nd_verify,,,copied,nd-rl:robbie-experiments:experiment-summaries/2026-09-21-pretrain-ablations/charts/runs.csv
robbie-autoresearch-token:077-claude_lr-floor-03,077-claude_lr-floor-03 (discard),,token,scratch,cap-6 train.jsonl 155k,6,rl-harness-EI,mean,textbook72,72,solved,256,0.8,13.7,nd_verify,,,copied,nd-rl:robbie-experiments:experiment-summaries/2026-09-21-pretrain-ablations/charts/runs.csv
robbie-autoresearch-token:078-claude_muon-rms-scale,078-claude_muon-rms-scale (keep),,token,scratch,cap-6 train.jsonl 155k,6,rl-harness-EI,mean,textbook72,72,solved,256,0.8,13.7,nd_verify,,,copied,nd-rl:robbie-experiments:experiment-summaries/2026-09-21-pretrain-ablations/charts/runs.csv
robbie-autoresearch-token:079-claude_attn-temp,079-claude_attn-temp (discard),,token,scratch,cap-6 train.jsonl 155k,6,rl-harness-EI,mean,textbook72,72,solved,256,0.8,12.3,nd_verify,,,copied,nd-rl:robbie-experiments:experiment-summaries/2026-09-21-pretrain-ablations/charts/runs.csv
robbie-autoresearch-token:080-claude_no-grad-clip,080-claude_no-grad-clip (discard),,token,scratch,cap-6 train.jsonl 155k,6,rl-harness-EI,mean,textbook72,72,solved,256,0.8,12.3,nd_verify,,,copied,nd-rl:robbie-experiments:experiment-summaries/2026-09-21-pretrain-ablations/charts/runs.csv
robbie-autoresearch-token:081-claude_polar-express,081-claude_polar-express (keep),,token,scratch,cap-6 train.jsonl 155k,6,rl-harness-EI,mean,textbook72,72,solved,256,0.8,13.7,nd_verify,,,copied,nd-rl:robbie-experiments:experiment-summaries/2026-09-21-pretrain-ablations/charts/runs.csv
robbie-autoresearch-token:082-claude_normuon,082-claude_normuon (discard),,token,scratch,cap-6 train.jsonl 155k,6,rl-harness-EI,mean,textbook72,72,solved,256,0.8,13.3,nd_verify,,,copied,nd-rl:robbie-experiments:experiment-summaries/2026-09-21-pretrain-ablations/charts/runs.csv
robbie-autoresearch-token:084-claude_muon-per-head-qkv,084-claude_muon-per-head-qkv (discard),,token,scratch,cap-6 train.jsonl 155k,6,rl-harness-EI,mean,textbook72,72,solved,256,0.8,13,nd_verify,,,copied,nd-rl:robbie-experiments:experiment-summaries/2026-09-21-pretrain-ablations/charts/runs.csv
robbie-autoresearch-token:085-claude_muon-polish-step,085-claude_muon-polish-step (discard),,token,scratch,cap-6 train.jsonl 155k,6,rl-harness-EI,mean,textbook72,72,solved,256,0.8,12,nd_verify,,,copied,nd-rl:robbie-experiments:experiment-summaries/2026-09-21-pretrain-ablations/charts/runs.csv
robbie-autoresearch-token:086-claude_cautious-wd,086-claude_cautious-wd (discard),,token,scratch,cap-6 train.jsonl 155k,6,rl-harness-EI,mean,textbook72,72,solved,256,0.8,12,nd_verify,,,copied,nd-rl:robbie-experiments:experiment-summaries/2026-09-21-pretrain-ablations/charts/runs.csv
robbie-autoresearch-token:087-claude_emb-lr-5x,087-claude_emb-lr-5x (discard),,token,scratch,cap-6 train.jsonl 155k,6,rl-harness-EI,mean,textbook72,72,solved,256,0.8,12,nd_verify,,,copied,nd-rl:robbie-experiments:experiment-summaries/2026-09-21-pretrain-ablations/charts/runs.csv
robbie-autoresearch-token:088-claude_muon-cosine-zero,088-claude_muon-cosine-zero (discard),,token,scratch,cap-6 train.jsonl 155k,6,rl-harness-EI,mean,textbook72,72,solved,256,0.8,13.3,nd_verify,,,copied,nd-rl:robbie-experiments:experiment-summaries/2026-09-21-pretrain-ablations/charts/runs.csv
robbie-autoresearch-token:089-claude_loop-abbbc,089-claude_loop-abbbc (discard),,token,scratch,cap-6 train.jsonl 155k,6,rl-harness-EI,mean,textbook72,72,solved,256,0.8,12.3,nd_verify,,,copied,nd-rl:robbie-experiments:experiment-summaries/2026-09-21-pretrain-ablations/charts/runs.csv
robbie-autoresearch-token:090-claude_ssmax,090-claude_ssmax (discard),,token,scratch,cap-6 train.jsonl 155k,6,rl-harness-EI,mean,textbook72,72,solved,256,0.8,12.3,nd_verify,,,copied,nd-rl:robbie-experiments:experiment-summaries/2026-09-21-pretrain-ablations/charts/runs.csv
robbie-autoresearch-token:091-claude_logit-softcap,091-claude_logit-softcap (discard),,token,scratch,cap-6 train.jsonl 155k,6,rl-harness-EI,mean,textbook72,72,solved,256,0.8,12.7,nd_verify,,,copied,nd-rl:robbie-experiments:experiment-summaries/2026-09-21-pretrain-ablations/charts/runs.csv
robbie-autoresearch-token:092-claude_bs-96,092-claude_bs-96 (discard),,token,scratch,cap-6 train.jsonl 155k,6,rl-harness-EI,mean,textbook72,72,solved,256,0.8,12,nd_verify,,,copied,nd-rl:robbie-experiments:experiment-summaries/2026-09-21-pretrain-ablations/charts/runs.csv
robbie-autoresearch-token:093-claude_entropy-penalty,093-claude_entropy-penalty (discard),,token,scratch,cap-6 train.jsonl 155k,6,rl-harness-EI,mean,textbook72,72,solved,256,0.8,11.3,nd_verify,,,copied,nd-rl:robbie-experiments:experiment-summaries/2026-09-21-pretrain-ablations/charts/runs.csv
robbie-autoresearch-token:094-claude_muon-momentum-warmup,094-claude_muon-momentum-warmup (discard),,token,scratch,cap-6 train.jsonl 155k,6,rl-harness-EI,mean,textbook72,72,solved,256,0.8,12.3,nd_verify,,,copied,nd-rl:robbie-experiments:experiment-summaries/2026-09-21-pretrain-ablations/charts/runs.csv
robbie-autoresearch-token:095-claude_muon-lr-012,095-claude_muon-lr-012 (discard),,token,scratch,cap-6 train.jsonl 155k,6,rl-harness-EI,mean,textbook72,72,solved,256,0.8,12.7,nd_verify,,,copied,nd-rl:robbie-experiments:experiment-summaries/2026-09-21-pretrain-ablations/charts/runs.csv
robbie-autoresearch-token:096-claude_prompt-loss,096-claude_prompt-loss (discard),,token,scratch,cap-6 train.jsonl 155k,6,rl-harness-EI,mean,textbook72,72,solved,256,0.8,12,nd_verify,,,copied,nd-rl:robbie-experiments:experiment-summaries/2026-09-21-pretrain-ablations/charts/runs.csv
robbie-autoresearch-lean:100-claude_lean-baseline-2400,100-claude_lean-baseline-2400 (keep),,lean_seq,scratch,cap-6 train.jsonl 155k,6,rl-harness-EI,mean,textbook72,72,solved,256,0.8,14.7,lean_and_ndverify,,,copied,nd-rl:robbie-experiments:experiment-summaries/2026-09-21-pretrain-ablations/charts/runs.csv
robbie-autoresearch-lean:101-claude_lean-depth-6,101-claude_lean-depth-6 (keep),,lean_seq,scratch,cap-6 train.jsonl 155k,6,rl-harness-EI,mean,textbook72,72,solved,256,0.8,16.7,lean_and_ndverify,,,copied,nd-rl:robbie-experiments:experiment-summaries/2026-09-21-pretrain-ablations/charts/runs.csv
robbie-autoresearch-lean:102-claude_lean-depth-7,102-claude_lean-depth-7 (discard),,lean_seq,scratch,cap-6 train.jsonl 155k,6,rl-harness-EI,mean,textbook72,72,solved,256,0.8,14.7,lean_and_ndverify,,,copied,nd-rl:robbie-experiments:experiment-summaries/2026-09-21-pretrain-ablations/charts/runs.csv
robbie-autoresearch-lean:103-claude_lean-mlp-5x,103-claude_lean-mlp-5x (discard),,lean_seq,scratch,cap-6 train.jsonl 155k,6,rl-harness-EI,mean,textbook72,72,solved,256,0.8,14.3,lean_and_ndverify,,,copied,nd-rl:robbie-experiments:experiment-summaries/2026-09-21-pretrain-ablations/charts/runs.csv
robbie-autoresearch-lean:104-claude_lean-muon-lr-008,104-claude_lean-muon-lr-008 (discard),,lean_seq,scratch,cap-6 train.jsonl 155k,6,rl-harness-EI,mean,textbook72,72,solved,256,0.8,15.7,lean_and_ndverify,,,copied,nd-rl:robbie-experiments:experiment-summaries/2026-09-21-pretrain-ablations/charts/runs.csv
robbie-autoresearch-lean:105-claude_lean-loop-middle,105-claude_lean-loop-middle (discard),,lean_seq,scratch,cap-6 train.jsonl 155k,6,rl-harness-EI,mean,textbook72,72,solved,256,0.8,15.3,lean_and_ndverify,,,copied,nd-rl:robbie-experiments:experiment-summaries/2026-09-21-pretrain-ablations/charts/runs.csv
robbie-autoresearch-lean:106-claude_lean-shared-attn,106-claude_lean-shared-attn (discard),,lean_seq,scratch,cap-6 train.jsonl 155k,6,rl-harness-EI,mean,textbook72,72,solved,256,0.8,15.7,lean_and_ndverify,,,copied,nd-rl:robbie-experiments:experiment-summaries/2026-09-21-pretrain-ablations/charts/runs.csv
robbie-autoresearch-lean:107-claude_lean-peri-ln,107-claude_lean-peri-ln (keep),,lean_seq,scratch,cap-6 train.jsonl 155k,6,rl-harness-EI,mean,textbook72,72,solved,256,0.8,17.3,lean_and_ndverify,,,copied,nd-rl:robbie-experiments:experiment-summaries/2026-09-21-pretrain-ablations/charts/runs.csv
robbie-autoresearch-lean:108-claude_lean-emb-ln,108-claude_lean-emb-ln (discard),,lean_seq,scratch,cap-6 train.jsonl 155k,6,rl-harness-EI,mean,textbook72,72,solved,256,0.8,17.7,lean_and_ndverify,,,copied,nd-rl:robbie-experiments:experiment-summaries/2026-09-21-pretrain-ablations/charts/runs.csv
robbie-autoresearch-lean:109-fable_lean-canon,109-fable_lean-canon (discard),,lean_seq,scratch,cap-6 train.jsonl 155k,6,rl-harness-EI,mean,textbook72,72,solved,256,0.8,10.7,lean_and_ndverify,,,copied,nd-rl:robbie-experiments:experiment-summaries/2026-09-21-pretrain-ablations/charts/runs.csv
robbie-autoresearch-lean:111-fable_lean-nope,111-fable_lean-nope (discard),,lean_seq,scratch,cap-6 train.jsonl 155k,6,rl-harness-EI,mean,textbook72,72,solved,256,0.8,14.7,lean_and_ndverify,,,copied,nd-rl:robbie-experiments:experiment-summaries/2026-09-21-pretrain-ablations/charts/runs.csv
robbie-autoresearch-lean:112-claude_lean-parallel-block,112-claude_lean-parallel-block (discard),,lean_seq,scratch,cap-6 train.jsonl 155k,6,rl-harness-EI,mean,textbook72,72,solved,256,0.8,15,lean_and_ndverify,,,copied,nd-rl:robbie-experiments:experiment-summaries/2026-09-21-pretrain-ablations/charts/runs.csv
robbie-autoresearch-lean:113-fable_lean-alibi,113-fable_lean-alibi (keep),,lean_seq,scratch,cap-6 train.jsonl 155k,6,rl-harness-EI,mean,textbook72,72,solved,256,0.8,16,lean_and_ndverify,,,copied,nd-rl:robbie-experiments:experiment-summaries/2026-09-21-pretrain-ablations/charts/runs.csv
robbie-autoresearch-lean:114-claude_lean-unet-skips,114-claude_lean-unet-skips (discard),,lean_seq,scratch,cap-6 train.jsonl 155k,6,rl-harness-EI,mean,textbook72,72,solved,256,0.8,16.3,lean_and_ndverify,,,copied,nd-rl:robbie-experiments:experiment-summaries/2026-09-21-pretrain-ablations/charts/runs.csv
robbie-autoresearch-lean:115-fable_lean-alibi-half,115-fable_lean-alibi-half (keep),,lean_seq,scratch,cap-6 train.jsonl 155k,6,rl-harness-EI,mean,textbook72,72,solved,256,0.8,17.7,lean_and_ndverify,,,copied,nd-rl:robbie-experiments:experiment-summaries/2026-09-21-pretrain-ablations/charts/runs.csv
robbie-autoresearch-lean:116-claude_lean-learned-slopes,116-claude_lean-learned-slopes (discard),,lean_seq,scratch,cap-6 train.jsonl 155k,6,rl-harness-EI,mean,textbook72,72,solved,256,0.8,17,lean_and_ndverify,,,copied,nd-rl:robbie-experiments:experiment-summaries/2026-09-21-pretrain-ablations/charts/runs.csv
robbie-autoresearch-lean:116-fable_lean-rel-bias,116-fable_lean-rel-bias (discard),,lean_seq,scratch,cap-6 train.jsonl 155k,6,rl-harness-EI,mean,textbook72,72,solved,256,0.8,17.3,lean_and_ndverify,,,copied,nd-rl:robbie-experiments:experiment-summaries/2026-09-21-pretrain-ablations/charts/runs.csv
robbie-autoresearch-lean:117-claude_lean-attn-sink,117-claude_lean-attn-sink (discard),,lean_seq,scratch,cap-6 train.jsonl 155k,6,rl-harness-EI,mean,textbook72,72,solved,256,0.8,18.3,lean_and_ndverify,,,copied,nd-rl:robbie-experiments:experiment-summaries/2026-09-21-pretrain-ablations/charts/runs.csv
robbie-autoresearch-lean:117-fable_lean-fox,117-fable_lean-fox (discard),,lean_seq,scratch,cap-6 train.jsonl 155k,6,rl-harness-EI,mean,textbook72,72,solved,256,0.8,15,lean_and_ndverify,,,copied,nd-rl:robbie-experiments:experiment-summaries/2026-09-21-pretrain-ablations/charts/runs.csv
robbie-autoresearch-lean:118-fable_lean-diff-attn,118-fable_lean-diff-attn (discard),,lean_seq,scratch,cap-6 train.jsonl 155k,6,rl-harness-EI,mean,textbook72,72,solved,256,0.8,17.3,lean_and_ndverify,,,copied,nd-rl:robbie-experiments:experiment-summaries/2026-09-21-pretrain-ablations/charts/runs.csv
robbie-autoresearch-lean:119-claude_lean-alibi-5of8,119-claude_lean-alibi-5of8 (discard),,lean_seq,scratch,cap-6 train.jsonl 155k,6,rl-harness-EI,mean,textbook72,72,solved,256,0.8,16.7,lean_and_ndverify,,,copied,nd-rl:robbie-experiments:experiment-summaries/2026-09-21-pretrain-ablations/charts/runs.csv
robbie-autoresearch-lean:120-claude_lean-alibi-layerwise,120-claude_lean-alibi-layerwise (discard),,lean_seq,scratch,cap-6 train.jsonl 155k,6,rl-harness-EI,mean,textbook72,72,solved,256,0.8,15.3,lean_and_ndverify,,,copied,nd-rl:robbie-experiments:experiment-summaries/2026-09-21-pretrain-ablations/charts/runs.csv
robbie-autoresearch-lean:120-fable_lean-prefix-lm,120-fable_lean-prefix-lm (discard),,lean_seq,scratch,cap-6 train.jsonl 155k,6,rl-harness-EI,mean,textbook72,72,solved,256,0.8,16,lean_and_ndverify,,,copied,nd-rl:robbie-experiments:experiment-summaries/2026-09-21-pretrain-ablations/charts/runs.csv
robbie-autoresearch-lean:121-fable_lean-value-embs,121-fable_lean-value-embs (discard),,lean_seq,scratch,cap-6 train.jsonl 155k,6,rl-harness-EI,mean,textbook72,72,solved,256,0.8,17,lean_and_ndverify,,,copied,nd-rl:robbie-experiments:experiment-summaries/2026-09-21-pretrain-ablations/charts/runs.csv
robbie-autoresearch-lean:122-claude_lean-logn-nope,122-claude_lean-logn-nope (discard),,lean_seq,scratch,cap-6 train.jsonl 155k,6,rl-harness-EI,mean,textbook72,72,solved,256,0.8,16.3,lean_and_ndverify,,,copied,nd-rl:robbie-experiments:experiment-summaries/2026-09-21-pretrain-ablations/charts/runs.csv
robbie-autoresearch-lean:123-fable_lean-talking-heads,123-fable_lean-talking-heads (discard),,lean_seq,scratch,cap-6 train.jsonl 155k,6,rl-harness-EI,mean,textbook72,72,solved,256,0.8,14,lean_and_ndverify,,,copied,nd-rl:robbie-experiments:experiment-summaries/2026-09-21-pretrain-ablations/charts/runs.csv
robbie-autoresearch-lean:124-claude_lean-mlp-3x,124-claude_lean-mlp-3x (discard),,lean_seq,scratch,cap-6 train.jsonl 155k,6,rl-harness-EI,mean,textbook72,72,solved,256,0.8,16.3,lean_and_ndverify,,,copied,nd-rl:robbie-experiments:experiment-summaries/2026-09-21-pretrain-ablations/charts/runs.csv
robbie-autoresearch-lean:125-claude_lean-alibi-3of8,125-claude_lean-alibi-3of8 (discard),,lean_seq,scratch,cap-6 train.jsonl 155k,6,rl-harness-EI,mean,textbook72,72,solved,256,0.8,15.7,lean_and_ndverify,,,copied,nd-rl:robbie-experiments:experiment-summaries/2026-09-21-pretrain-ablations/charts/runs.csv
robbie-autoresearch-lean:125-fable_lean-loop-3x2,125-fable_lean-loop-3x2 (discard),,lean_seq,scratch,cap-6 train.jsonl 155k,6,rl-harness-EI,mean,textbook72,72,solved,256,0.8,14.3,lean_and_ndverify,,,copied,nd-rl:robbie-experiments:experiment-summaries/2026-09-21-pretrain-ablations/charts/runs.csv
robbie-autoresearch-lean:126-claude_lean-depth7-mlp3x,126-claude_lean-depth7-mlp3x (discard),,lean_seq,scratch,cap-6 train.jsonl 155k,6,rl-harness-EI,mean,textbook72,72,solved,256,0.8,16,lean_and_ndverify,,,copied,nd-rl:robbie-experiments:experiment-summaries/2026-09-21-pretrain-ablations/charts/runs.csv
robbie-autoresearch-lean:127-fable_lean-heads-16,127-fable_lean-heads-16 (discard),,lean_seq,scratch,cap-6 train.jsonl 155k,6,rl-harness-EI,mean,textbook72,72,solved,256,0.8,16.7,lean_and_ndverify,,,copied,nd-rl:robbie-experiments:experiment-summaries/2026-09-21-pretrain-ablations/charts/runs.csv
robbie-autoresearch-lean:128-claude_lean-attn-dropout,128-claude_lean-attn-dropout (discard),,lean_seq,scratch,cap-6 train.jsonl 155k,6,rl-harness-EI,mean,textbook72,72,solved,256,0.8,16,lean_and_ndverify,,,copied,nd-rl:robbie-experiments:experiment-summaries/2026-09-21-pretrain-ablations/charts/runs.csv
robbie-autoresearch-lean:129-claude_lean-lr-floor-03,129-claude_lean-lr-floor-03 (keep),,lean_seq,scratch,cap-6 train.jsonl 155k,6,rl-harness-EI,mean,textbook72,72,solved,256,0.8,18,lean_and_ndverify,,,copied,nd-rl:robbie-experiments:experiment-summaries/2026-09-21-pretrain-ablations/charts/runs.csv
robbie-autoresearch-lean:130-claude_lean-constant-lr,130-claude_lean-constant-lr (discard),,lean_seq,scratch,cap-6 train.jsonl 155k,6,rl-harness-EI,mean,textbook72,72,solved,256,0.8,16.7,lean_and_ndverify,,,copied,nd-rl:robbie-experiments:experiment-summaries/2026-09-21-pretrain-ablations/charts/runs.csv
robbie-autoresearch-lean:131-claude_lean-swa-tail,131-claude_lean-swa-tail (discard),,lean_seq,scratch,cap-6 train.jsonl 155k,6,rl-harness-EI,mean,textbook72,72,solved,256,0.8,17,lean_and_ndverify,,,copied,nd-rl:robbie-experiments:experiment-summaries/2026-09-21-pretrain-ablations/charts/runs.csv
robbie-autoresearch-lean:132-fable_lean-recurrent-depth,132-fable_lean-recurrent-depth (discard),,lean_seq,scratch,cap-6 train.jsonl 155k,6,rl-harness-EI,mean,textbook72,72,solved,256,0.8,17.3,lean_and_ndverify,,,copied,nd-rl:robbie-experiments:experiment-summaries/2026-09-21-pretrain-ablations/charts/runs.csv
robbie-autoresearch-lean:133-claude_lean-handoff-rescale,133-claude_lean-handoff-rescale (discard),,lean_seq,scratch,cap-6 train.jsonl 155k,6,rl-harness-EI,mean,textbook72,72,solved,256,0.8,18,lean_and_ndverify,,,copied,nd-rl:robbie-experiments:experiment-summaries/2026-09-21-pretrain-ablations/charts/runs.csv
robbie-autoresearch-lean:134-fable_lean-loop-wide,134-fable_lean-loop-wide (discard),,lean_seq,scratch,cap-6 train.jsonl 155k,6,rl-harness-EI,mean,textbook72,72,solved,256,0.8,16.3,lean_and_ndverify,,,copied,nd-rl:robbie-experiments:experiment-summaries/2026-09-21-pretrain-ablations/charts/runs.csv
robbie-autoresearch-lean:135-claude_lean-wsd,135-claude_lean-wsd (discard),,lean_seq,scratch,cap-6 train.jsonl 155k,6,rl-harness-EI,mean,textbook72,72,solved,256,0.8,15.7,lean_and_ndverify,,,copied,nd-rl:robbie-experiments:experiment-summaries/2026-09-21-pretrain-ablations/charts/runs.csv
robbie-autoresearch-lean:136-fable_lean-mtp,136-fable_lean-mtp (keep),,lean_seq,scratch,cap-6 train.jsonl 155k,6,rl-harness-EI,mean,textbook72,72,solved,256,0.8,18.7,lean_and_ndverify,,,copied,nd-rl:robbie-experiments:experiment-summaries/2026-09-21-pretrain-ablations/charts/runs.csv
robbie-autoresearch-lean:137-claude_lean-floor-05,137-claude_lean-floor-05 (discard),,lean_seq,scratch,cap-6 train.jsonl 155k,6,rl-harness-EI,mean,textbook72,72,solved,256,0.8,17.7,lean_and_ndverify,,,copied,nd-rl:robbie-experiments:experiment-summaries/2026-09-21-pretrain-ablations/charts/runs.csv
robbie-autoresearch-lean:138-fable_lean-mtp-recurrent,138-fable_lean-mtp-recurrent (discard),,lean_seq,scratch,cap-6 train.jsonl 155k,6,rl-harness-EI,mean,textbook72,72,solved,256,0.8,16,lean_and_ndverify,,,copied,nd-rl:robbie-experiments:experiment-summaries/2026-09-21-pretrain-ablations/charts/runs.csv
robbie-autoresearch-lean:139-claude_lean-mhc,139-claude_lean-mhc (discard),,lean_seq,scratch,cap-6 train.jsonl 155k,6,rl-harness-EI,mean,textbook72,72,solved,256,0.8,16.7,lean_and_ndverify,,,copied,nd-rl:robbie-experiments:experiment-summaries/2026-09-21-pretrain-ablations/charts/runs.csv
robbie-autoresearch-lean:140-fable_lean-stack,140-fable_lean-stack (discard),,lean_seq,scratch,cap-6 train.jsonl 155k,6,rl-harness-EI,mean,textbook72,72,solved,256,0.8,15.3,lean_and_ndverify,,,copied,nd-rl:robbie-experiments:experiment-summaries/2026-09-21-pretrain-ablations/charts/runs.csv
robbie-autoresearch-lean:141-claude_lean-mtp-parallel,141-claude_lean-mtp-parallel (discard),,lean_seq,scratch,cap-6 train.jsonl 155k,6,rl-harness-EI,mean,textbook72,72,solved,256,0.8,16.3,lean_and_ndverify,,,copied,nd-rl:robbie-experiments:experiment-summaries/2026-09-21-pretrain-ablations/charts/runs.csv
robbie-autoresearch-lean:142-fable_lean-deep-sup,142-fable_lean-deep-sup (discard),,lean_seq,scratch,cap-6 train.jsonl 155k,6,rl-harness-EI,mean,textbook72,72,solved,256,0.8,16,lean_and_ndverify,,,copied,nd-rl:robbie-experiments:experiment-summaries/2026-09-21-pretrain-ablations/charts/runs.csv
robbie-autoresearch-lean:143-claude_lean-mtp-anneal,143-claude_lean-mtp-anneal (discard),,lean_seq,scratch,cap-6 train.jsonl 155k,6,rl-harness-EI,mean,textbook72,72,solved,256,0.8,18.7,lean_and_ndverify,,,copied,nd-rl:robbie-experiments:experiment-summaries/2026-09-21-pretrain-ablations/charts/runs.csv
robbie-autoresearch-lean:144-claude_lean-mtp-06,144-claude_lean-mtp-06 (discard),,lean_seq,scratch,cap-6 train.jsonl 155k,6,rl-harness-EI,mean,textbook72,72,solved,256,0.8,17.7,lean_and_ndverify,,,copied,nd-rl:robbie-experiments:experiment-summaries/2026-09-21-pretrain-ablations/charts/runs.csv
robbie-autoresearch-lean:144-fable_lean-wide-shallow,144-fable_lean-wide-shallow (discard),,lean_seq,scratch,cap-6 train.jsonl 155k,6,rl-harness-EI,mean,textbook72,72,solved,256,0.8,14.7,lean_and_ndverify,,,copied,nd-rl:robbie-experiments:experiment-summaries/2026-09-21-pretrain-ablations/charts/runs.csv
robbie-autoresearch-lean:145-claude_lean-normuon,145-claude_lean-normuon (discard),,lean_seq,scratch,cap-6 train.jsonl 155k,6,rl-harness-EI,mean,textbook72,72,solved,256,0.8,16.7,lean_and_ndverify,,,copied,nd-rl:robbie-experiments:experiment-summaries/2026-09-21-pretrain-ablations/charts/runs.csv
robbie-autoresearch-lean:145-fable_lean-loop-untie,145-fable_lean-loop-untie (discard),,lean_seq,scratch,cap-6 train.jsonl 155k,6,rl-harness-EI,mean,textbook72,72,solved,256,0.8,16.7,lean_and_ndverify,,,copied,nd-rl:robbie-experiments:experiment-summaries/2026-09-21-pretrain-ablations/charts/runs.csv
robbie-autoresearch-lean:146-claude_lean-pack-rows,146-claude_lean-pack-rows (discard),,lean_seq,scratch,cap-6 train.jsonl 155k,6,rl-harness-EI,mean,textbook72,72,solved,256,0.8,17.3,lean_and_ndverify,,,copied,nd-rl:robbie-experiments:experiment-summaries/2026-09-21-pretrain-ablations/charts/runs.csv
robbie-autoresearch-lean:146-fable_lean-batched-muon,146-fable_lean-batched-muon (discard),,lean_seq,scratch,cap-6 train.jsonl 155k,6,rl-harness-EI,mean,textbook72,72,solved,256,0.8,16,lean_and_ndverify,,,copied,nd-rl:robbie-experiments:experiment-summaries/2026-09-21-pretrain-ablations/charts/runs.csv
robbie-autoresearch-lean:147-claude_lean-bs192,147-claude_lean-bs192 (discard),,lean_seq,scratch,cap-6 train.jsonl 155k,6,rl-harness-EI,mean,textbook72,72,solved,256,0.8,17,lean_and_ndverify,,,copied,nd-rl:robbie-experiments:experiment-summaries/2026-09-21-pretrain-ablations/charts/runs.csv
robbie-autoresearch-lean:148-fable_lean-token-batches,148-fable_lean-token-batches (keep),,lean_seq,scratch,cap-6 train.jsonl 155k,6,rl-harness-EI,mean,textbook72,72,solved,256,0.8,18.3,lean_and_ndverify,,,copied,nd-rl:robbie-experiments:experiment-summaries/2026-09-21-pretrain-ablations/charts/runs.csv
robbie-autoresearch-lean:149-claude_lean-nope-flash,149-claude_lean-nope-flash (discard),,lean_seq,scratch,cap-6 train.jsonl 155k,6,rl-harness-EI,mean,textbook72,72,solved,256,0.8,18,lean_and_ndverify,,,copied,nd-rl:robbie-experiments:experiment-summaries/2026-09-21-pretrain-ablations/charts/runs.csv
robbie-autoresearch-lean:150-fable_lean-bigram-table,150-fable_lean-bigram-table (keep),,lean_seq,scratch,cap-6 train.jsonl 155k,6,rl-harness-EI,mean,textbook72,72,solved,256,0.8,21.7,lean_and_ndverify,,,copied,nd-rl:robbie-experiments:experiment-summaries/2026-09-21-pretrain-ablations/charts/runs.csv
robbie-autoresearch-lean:151-claude_lean-width320,151-claude_lean-width320 (keep),,lean_seq,scratch,cap-6 train.jsonl 155k,6,rl-harness-EI,mean,textbook72,72,solved,256,0.8,18,lean_and_ndverify,,,copied,nd-rl:robbie-experiments:experiment-summaries/2026-09-21-pretrain-ablations/charts/runs.csv
robbie-autoresearch-lean:152-fable2_lean-drop-path,152-fable2_lean-drop-path (discard),,lean_seq,scratch,cap-6 train.jsonl 155k,6,rl-harness-EI,mean,textbook72,72,solved,256,0.8,17.3,lean_and_ndverify,,,copied,nd-rl:robbie-experiments:experiment-summaries/2026-09-21-pretrain-ablations/charts/runs.csv
robbie-autoresearch-lean:153-claude_lean-width384,153-claude_lean-width384 (keep),,lean_seq,scratch,cap-6 train.jsonl 155k,6,rl-harness-EI,mean,textbook72,72,solved,256,0.8,18.7,lean_and_ndverify,,,copied,nd-rl:robbie-experiments:experiment-summaries/2026-09-21-pretrain-ablations/charts/runs.csv
robbie-autoresearch-lean:154-fable3_lean-attn-width448,154-fable3_lean-attn-width448 (discard),,lean_seq,scratch,cap-6 train.jsonl 155k,6,rl-harness-EI,mean,textbook72,72,solved,256,0.8,17.7,lean_and_ndverify,,,copied,nd-rl:robbie-experiments:experiment-summaries/2026-09-21-pretrain-ablations/charts/runs.csv
robbie-autoresearch-lean:154-fable_lean-trigram-logits,154-fable_lean-trigram-logits (discard),,lean_seq,scratch,cap-6 train.jsonl 155k,6,rl-harness-EI,mean,textbook72,72,solved,256,0.8,20,lean_and_ndverify,,,copied,nd-rl:robbie-experiments:experiment-summaries/2026-09-21-pretrain-ablations/charts/runs.csv
robbie-autoresearch-lean:155-claude_lean-bigram-lowrank,155-claude_lean-bigram-lowrank (discard),,lean_seq,scratch,cap-6 train.jsonl 155k,6,rl-harness-EI,mean,textbook72,72,solved,256,0.8,19.7,lean_and_ndverify,,,copied,nd-rl:robbie-experiments:experiment-summaries/2026-09-21-pretrain-ablations/charts/runs.csv
robbie-autoresearch-lean:156-fable2_lean-emb-unit-init,156-fable2_lean-emb-unit-init (discard),,lean_seq,scratch,cap-6 train.jsonl 155k,6,rl-harness-EI,mean,textbook72,72,solved,256,0.8,18,lean_and_ndverify,,,copied,nd-rl:robbie-experiments:experiment-summaries/2026-09-21-pretrain-ablations/charts/runs.csv
robbie-autoresearch-lean:157-fable3_lean-length-curriculum,157-fable3_lean-length-curriculum (discard),,lean_seq,scratch,cap-6 train.jsonl 155k,6,rl-harness-EI,mean,textbook72,72,solved,256,0.8,19,lean_and_ndverify,,,copied,nd-rl:robbie-experiments:experiment-summaries/2026-09-21-pretrain-ablations/charts/runs.csv
robbie-autoresearch-lean:157-fable_lean-trigram-rank36,157-fable_lean-trigram-rank36 (discard),,lean_seq,scratch,cap-6 train.jsonl 155k,6,rl-harness-EI,mean,textbook72,72,solved,256,0.8,17.7,lean_and_ndverify,,,copied,nd-rl:robbie-experiments:experiment-summaries/2026-09-21-pretrain-ablations/charts/runs.csv
robbie-autoresearch-lean:158-claude_lean-width448-mlp2x,158-claude_lean-width448-mlp2x (discard),,lean_seq,scratch,cap-6 train.jsonl 155k,6,rl-harness-EI,mean,textbook72,72,solved,256,0.8,16.7,lean_and_ndverify,,,copied,nd-rl:robbie-experiments:experiment-summaries/2026-09-21-pretrain-ablations/charts/runs.csv
robbie-autoresearch-lean:159-fable2_lean-gated-attn,159-fable2_lean-gated-attn (discard),,lean_seq,scratch,cap-6 train.jsonl 155k,6,rl-harness-EI,mean,textbook72,72,solved,256,0.8,16,lean_and_ndverify,,,copied,nd-rl:robbie-experiments:experiment-summaries/2026-09-21-pretrain-ablations/charts/runs.csv
robbie-autoresearch-lean:159-fable3_lean-gated-attn,159-fable3_lean-gated-attn (discard),,lean_seq,scratch,cap-6 train.jsonl 155k,6,rl-harness-EI,mean,textbook72,72,solved,256,0.8,20.7,lean_and_ndverify,,,copied,nd-rl:robbie-experiments:experiment-summaries/2026-09-21-pretrain-ablations/charts/runs.csv
robbie-autoresearch-lean:159-fable_lean-heads4x96,159-fable_lean-heads4x96 (discard),,lean_seq,scratch,cap-6 train.jsonl 155k,6,rl-harness-EI,mean,textbook72,72,solved,256,0.8,17.3,lean_and_ndverify,,,copied,nd-rl:robbie-experiments:experiment-summaries/2026-09-21-pretrain-ablations/charts/runs.csv
robbie-autoresearch-lean:160-claude_lean-batched-ns,160-claude_lean-batched-ns (discard),,lean_seq,scratch,cap-6 train.jsonl 155k,6,rl-harness-EI,mean,textbook72,72,solved,256,0.8,20,lean_and_ndverify,,,copied,nd-rl:robbie-experiments:experiment-summaries/2026-09-21-pretrain-ablations/charts/runs.csv
robbie-autoresearch-lean:161-fable2_lean-swiglu,161-fable2_lean-swiglu (discard),,lean_seq,scratch,cap-6 train.jsonl 155k,6,rl-harness-EI,mean,textbook72,72,solved,256,0.8,16,lean_and_ndverify,,,copied,nd-rl:robbie-experiments:experiment-summaries/2026-09-21-pretrain-ablations/charts/runs.csv
robbie-autoresearch-lean:161-fable3_lean-pack-nomask,161-fable3_lean-pack-nomask (discard),,lean_seq,scratch,cap-6 train.jsonl 155k,6,rl-harness-EI,mean,textbook72,72,solved,256,0.8,17,lean_and_ndverify,,,copied,nd-rl:robbie-experiments:experiment-summaries/2026-09-21-pretrain-ablations/charts/runs.csv
robbie-autoresearch-lean:162-fable_lean-tail-ascending,162-fable_lean-tail-ascending (discard),,lean_seq,scratch,cap-6 train.jsonl 155k,6,rl-harness-EI,mean,textbook72,72,solved,256,0.8,17.3,lean_and_ndverify,,,copied,nd-rl:robbie-experiments:experiment-summaries/2026-09-21-pretrain-ablations/charts/runs.csv
robbie-autoresearch-lean:163-claude_lean-repeat-6line,163-claude_lean-repeat-6line (discard),,lean_seq,scratch,cap-6 train.jsonl 155k,6,rl-harness-EI,mean,textbook72,72,solved,256,0.8,18.3,lean_and_ndverify,,,copied,nd-rl:robbie-experiments:experiment-summaries/2026-09-21-pretrain-ablations/charts/runs.csv
robbie-autoresearch-lean:163-fable3_lean-prompt-loss,163-fable3_lean-prompt-loss (discard),,lean_seq,scratch,cap-6 train.jsonl 155k,6,rl-harness-EI,mean,textbook72,72,solved,256,0.8,17.3,lean_and_ndverify,,,copied,nd-rl:robbie-experiments:experiment-summaries/2026-09-21-pretrain-ablations/charts/runs.csv
robbie-autoresearch-lean:164-fable2_lean-value-resid,164-fable2_lean-value-resid (discard),,lean_seq,scratch,cap-6 train.jsonl 155k,6,rl-harness-EI,mean,textbook72,72,solved,256,0.8,18.3,lean_and_ndverify,,,copied,nd-rl:robbie-experiments:experiment-summaries/2026-09-21-pretrain-ablations/charts/runs.csv
robbie-autoresearch-lean:164-fable_lean-mtp-depth2,164-fable_lean-mtp-depth2 (discard),,lean_seq,scratch,cap-6 train.jsonl 155k,6,rl-harness-EI,mean,textbook72,72,solved,256,0.8,18.3,lean_and_ndverify,,,copied,nd-rl:robbie-experiments:experiment-summaries/2026-09-21-pretrain-ablations/charts/runs.csv
robbie-autoresearch-lean:165-fable3_lean-gqa-width448,165-fable3_lean-gqa-width448 (discard),,lean_seq,scratch,cap-6 train.jsonl 155k,6,rl-harness-EI,mean,textbook72,72,solved,256,0.8,19.7,lean_and_ndverify,,,copied,nd-rl:robbie-experiments:experiment-summaries/2026-09-21-pretrain-ablations/charts/runs.csv
robbie-autoresearch-lean:166-fable2_lean-compile-dynamic,166-fable2_lean-compile-dynamic (discard),,lean_seq,scratch,cap-6 train.jsonl 155k,6,rl-harness-EI,mean,textbook72,72,solved,256,0.8,4.3,lean_and_ndverify,,,copied,nd-rl:robbie-experiments:experiment-summaries/2026-09-21-pretrain-ablations/charts/runs.csv
robbie-autoresearch-lean:166-fable_lean-loop-w512,166-fable_lean-loop-w512 (discard),,lean_seq,scratch,cap-6 train.jsonl 155k,6,rl-harness-EI,mean,textbook72,72,solved,256,0.8,17.7,lean_and_ndverify,,,copied,nd-rl:robbie-experiments:experiment-summaries/2026-09-21-pretrain-ablations/charts/runs.csv
robbie-autoresearch-lean:167-claude_lean-heads12,167-claude_lean-heads12 (discard),,lean_seq,scratch,cap-6 train.jsonl 155k,6,rl-harness-EI,mean,textbook72,72,solved,256,0.8,17.3,lean_and_ndverify,,,copied,nd-rl:robbie-experiments:experiment-summaries/2026-09-21-pretrain-ablations/charts/runs.csv
robbie-autoresearch-lean:168-fable3_lean-qk-norm,168-fable3_lean-qk-norm (discard),,lean_seq,scratch,cap-6 train.jsonl 155k,6,rl-harness-EI,mean,textbook72,72,solved,256,0.8,15.3,lean_and_ndverify,,,copied,nd-rl:robbie-experiments:experiment-summaries/2026-09-21-pretrain-ablations/charts/runs.csv
robbie-autoresearch-lean:169-fable2_lean-randpos,169-fable2_lean-randpos (discard),,lean_seq,scratch,cap-6 train.jsonl 155k,6,rl-harness-EI,mean,textbook72,72,solved,256,0.8,18.3,lean_and_ndverify,,,copied,nd-rl:robbie-experiments:experiment-summaries/2026-09-21-pretrain-ablations/charts/runs.csv
robbie-autoresearch-lean:169-fable_lean-sigmoid-attn,169-fable_lean-sigmoid-attn (discard),,lean_seq,scratch,cap-6 train.jsonl 155k,6,rl-harness-EI,mean,textbook72,72,solved,256,0.8,15.7,lean_and_ndverify,,,copied,nd-rl:robbie-experiments:experiment-summaries/2026-09-21-pretrain-ablations/charts/runs.csv
robbie-autoresearch-lean:170-claude_lean-line-alibi,170-claude_lean-line-alibi (discard),,lean_seq,scratch,cap-6 train.jsonl 155k,6,rl-harness-EI,mean,textbook72,72,solved,256,0.8,18.7,lean_and_ndverify,,,copied,nd-rl:robbie-experiments:experiment-summaries/2026-09-21-pretrain-ablations/charts/runs.csv
robbie-autoresearch-lean:171-fable3_lean-muon-adamw-finish,171-fable3_lean-muon-adamw-finish (discard),,lean_seq,scratch,cap-6 train.jsonl 155k,6,rl-harness-EI,mean,textbook72,72,solved,256,0.8,19.3,lean_and_ndverify,,,copied,nd-rl:robbie-experiments:experiment-summaries/2026-09-21-pretrain-ablations/charts/runs.csv
robbie-autoresearch-lean:172-fable2_lean-depth8-mlp2x,172-fable2_lean-depth8-mlp2x (discard),,lean_seq,scratch,cap-6 train.jsonl 155k,6,rl-harness-EI,mean,textbook72,72,solved,256,0.8,18.7,lean_and_ndverify,,,copied,nd-rl:robbie-experiments:experiment-summaries/2026-09-21-pretrain-ablations/charts/runs.csv
robbie-autoresearch-lean:173-fable_lean-focal-loss,173-fable_lean-focal-loss (discard),,lean_seq,scratch,cap-6 train.jsonl 155k,6,rl-harness-EI,mean,textbook72,72,solved,256,0.8,16.3,lean_and_ndverify,,,copied,nd-rl:robbie-experiments:experiment-summaries/2026-09-21-pretrain-ablations/charts/runs.csv
robbie-autoresearch-lean:174-claude_lean-wide-prune,174-claude_lean-wide-prune (discard),,lean_seq,scratch,cap-6 train.jsonl 155k,6,rl-harness-EI,mean,textbook72,72,solved,256,0.8,17.7,lean_and_ndverify,,,copied,nd-rl:robbie-experiments:experiment-summaries/2026-09-21-pretrain-ablations/charts/runs.csv
robbie-autoresearch-lean:175-fable3_lean-headwise-muon,175-fable3_lean-headwise-muon (discard),,lean_seq,scratch,cap-6 train.jsonl 155k,6,rl-harness-EI,mean,textbook72,72,solved,256,0.8,14.3,lean_and_ndverify,,,copied,nd-rl:robbie-experiments:experiment-summaries/2026-09-21-pretrain-ablations/charts/runs.csv
robbie-autoresearch-lean:176-fable2_lean-stiefel-pull,176-fable2_lean-stiefel-pull (discard),,lean_seq,scratch,cap-6 train.jsonl 155k,6,rl-harness-EI,mean,textbook72,72,solved,256,0.8,17.7,lean_and_ndverify,,,copied,nd-rl:robbie-experiments:experiment-summaries/2026-09-21-pretrain-ablations/charts/runs.csv
robbie-autoresearch-lean:176-fable_lean-born-again-kd,176-fable_lean-born-again-kd (discard),,lean_seq,scratch,cap-6 train.jsonl 155k,6,rl-harness-EI,mean,textbook72,72,solved,256,0.8,18,lean_and_ndverify,,,copied,nd-rl:robbie-experiments:experiment-summaries/2026-09-21-pretrain-ablations/charts/runs.csv
robbie-autoresearch-lean:177-claude_lean-late-sam,177-claude_lean-late-sam (discard),,lean_seq,scratch,cap-6 train.jsonl 155k,6,rl-harness-EI,mean,textbook72,72,solved,256,0.8,17.7,lean_and_ndverify,,,copied,nd-rl:robbie-experiments:experiment-summaries/2026-09-21-pretrain-ablations/charts/runs.csv
robbie-autoresearch-lean:178-claude_lean-fast-setup,178-claude_lean-fast-setup (discard),,lean_seq,scratch,cap-6 train.jsonl 155k,6,rl-harness-EI,mean,textbook72,72,solved,256,0.8,18.7,lean_and_ndverify,,,copied,nd-rl:robbie-experiments:experiment-summaries/2026-09-21-pretrain-ablations/charts/runs.csv
robbie-autoresearch-lean:179-claude_lean-prompt-anchor,179-claude_lean-prompt-anchor (discard),,lean_seq,scratch,cap-6 train.jsonl 155k,6,rl-harness-EI,mean,textbook72,72,solved,256,0.8,18.7,lean_and_ndverify,,,copied,nd-rl:robbie-experiments:experiment-summaries/2026-09-21-pretrain-ablations/charts/runs.csv
robbie-autoresearch-lean:180-claude_lean-fresh-units,180-claude_lean-fresh-units (discard),,lean_seq,scratch,cap-6 train.jsonl 155k,6,rl-harness-EI,mean,textbook72,72,solved,256,0.8,18,lean_and_ndverify,,,copied,nd-rl:robbie-experiments:experiment-summaries/2026-09-21-pretrain-ablations/charts/runs.csv
robbie-autoresearch-lean:181-claude_lean-relu2,181-claude_lean-relu2 (discard),,lean_seq,scratch,cap-6 train.jsonl 155k,6,rl-harness-EI,mean,textbook72,72,solved,256,0.8,17.7,lean_and_ndverify,,,copied,nd-rl:robbie-experiments:experiment-summaries/2026-09-21-pretrain-ablations/charts/runs.csv
robbie-autoresearch-lean:182-claude_lean-cautious-wd,182-claude_lean-cautious-wd (discard),,lean_seq,scratch,cap-6 train.jsonl 155k,6,rl-harness-EI,mean,textbook72,72,solved,256,0.8,20.3,lean_and_ndverify,,,copied,nd-rl:robbie-experiments:experiment-summaries/2026-09-21-pretrain-ablations/charts/runs.csv
robbie-autoresearch-lean:183-claude_lean-handoff-double,183-claude_lean-handoff-double (discard),,lean_seq,scratch,cap-6 train.jsonl 155k,6,rl-harness-EI,mean,textbook72,72,solved,256,0.8,18,lean_and_ndverify,,,copied,nd-rl:robbie-experiments:experiment-summaries/2026-09-21-pretrain-ablations/charts/runs.csv
robbie-autoresearch-lean:184-claude_lean-depth5-w448,184-claude_lean-depth5-w448 (discard),,lean_seq,scratch,cap-6 train.jsonl 155k,6,rl-harness-EI,mean,textbook72,72,solved,256,0.8,18,lean_and_ndverify,,,copied,nd-rl:robbie-experiments:experiment-summaries/2026-09-21-pretrain-ablations/charts/runs.csv
robbie-autoresearch-token:030_muon-hidden,030 Muon (pre-Lean),,token,scratch,cap-6 train.jsonl 155k,6,rl-harness-EI,mean(3),holdout250,250,pass_at_k_frac,1,0.8,0.1127,nd_verify,,,copied,nd-rl:robbie-experiments:experiment-summaries/2026-09-21-pretrain-ablations/charts/passk.csv
robbie-autoresearch-token:030_muon-hidden,030 Muon (pre-Lean),,token,scratch,cap-6 train.jsonl 155k,6,rl-harness-EI,mean(3),holdout250,250,pass_at_k_frac,2,0.8,0.1334,nd_verify,,,copied,nd-rl:robbie-experiments:experiment-summaries/2026-09-21-pretrain-ablations/charts/passk.csv
robbie-autoresearch-token:030_muon-hidden,030 Muon (pre-Lean),,token,scratch,cap-6 train.jsonl 155k,6,rl-harness-EI,mean(3),holdout250,250,pass_at_k_frac,4,0.8,0.1490,nd_verify,,,copied,nd-rl:robbie-experiments:experiment-summaries/2026-09-21-pretrain-ablations/charts/passk.csv
robbie-autoresearch-token:030_muon-hidden,030 Muon (pre-Lean),,token,scratch,cap-6 train.jsonl 155k,6,rl-harness-EI,mean(3),holdout250,250,pass_at_k_frac,8,0.8,0.1624,nd_verify,,,copied,nd-rl:robbie-experiments:experiment-summaries/2026-09-21-pretrain-ablations/charts/passk.csv
robbie-autoresearch-token:030_muon-hidden,030 Muon (pre-Lean),,token,scratch,cap-6 train.jsonl 155k,6,rl-harness-EI,mean(3),holdout250,250,pass_at_k_frac,16,0.8,0.1749,nd_verify,,,copied,nd-rl:robbie-experiments:experiment-summaries/2026-09-21-pretrain-ablations/charts/passk.csv
robbie-autoresearch-token:030_muon-hidden,030 Muon (pre-Lean),,token,scratch,cap-6 train.jsonl 155k,6,rl-harness-EI,mean(3),holdout250,250,pass_at_k_frac,32,0.8,0.1873,nd_verify,,,copied,nd-rl:robbie-experiments:experiment-summaries/2026-09-21-pretrain-ablations/charts/passk.csv
robbie-autoresearch-token:030_muon-hidden,030 Muon (pre-Lean),,token,scratch,cap-6 train.jsonl 155k,6,rl-harness-EI,mean(3),holdout250,250,pass_at_k_frac,64,0.8,0.1999,nd_verify,,,copied,nd-rl:robbie-experiments:experiment-summaries/2026-09-21-pretrain-ablations/charts/passk.csv
robbie-autoresearch-token:030_muon-hidden,030 Muon (pre-Lean),,token,scratch,cap-6 train.jsonl 155k,6,rl-harness-EI,mean(3),holdout250,250,pass_at_k_frac,128,0.8,0.2127,nd_verify,,,copied,nd-rl:robbie-experiments:experiment-summaries/2026-09-21-pretrain-ablations/charts/passk.csv
robbie-autoresearch-token:030_muon-hidden,030 Muon (pre-Lean),,token,scratch,cap-6 train.jsonl 155k,6,rl-harness-EI,mean(3),holdout250,250,pass_at_k_frac,256,0.8,0.2240,nd_verify,,,copied,nd-rl:robbie-experiments:experiment-summaries/2026-09-21-pretrain-ablations/charts/passk.csv
robbie-autoresearch-token:030_muon-hidden,030 Muon (pre-Lean),,token,scratch,cap-6 train.jsonl 155k,6,rl-harness-EI,mean(3),textbook,250,pass_at_k_frac,1,0.8,0.0987,nd_verify,,,copied,nd-rl:robbie-experiments:experiment-summaries/2026-09-21-pretrain-ablations/charts/passk.csv
robbie-autoresearch-token:030_muon-hidden,030 Muon (pre-Lean),,token,scratch,cap-6 train.jsonl 155k,6,rl-harness-EI,mean(3),textbook,250,pass_at_k_frac,2,0.8,0.1086,nd_verify,,,copied,nd-rl:robbie-experiments:experiment-summaries/2026-09-21-pretrain-ablations/charts/passk.csv
robbie-autoresearch-token:030_muon-hidden,030 Muon (pre-Lean),,token,scratch,cap-6 train.jsonl 155k,6,rl-harness-EI,mean(3),textbook,250,pass_at_k_frac,4,0.8,0.1155,nd_verify,,,copied,nd-rl:robbie-experiments:experiment-summaries/2026-09-21-pretrain-ablations/charts/passk.csv
robbie-autoresearch-token:030_muon-hidden,030 Muon (pre-Lean),,token,scratch,cap-6 train.jsonl 155k,6,rl-harness-EI,mean(3),textbook,250,pass_at_k_frac,8,0.8,0.1220,nd_verify,,,copied,nd-rl:robbie-experiments:experiment-summaries/2026-09-21-pretrain-ablations/charts/passk.csv
robbie-autoresearch-token:030_muon-hidden,030 Muon (pre-Lean),,token,scratch,cap-6 train.jsonl 155k,6,rl-harness-EI,mean(3),textbook,250,pass_at_k_frac,16,0.8,0.1288,nd_verify,,,copied,nd-rl:robbie-experiments:experiment-summaries/2026-09-21-pretrain-ablations/charts/passk.csv
robbie-autoresearch-token:030_muon-hidden,030 Muon (pre-Lean),,token,scratch,cap-6 train.jsonl 155k,6,rl-harness-EI,mean(3),textbook,250,pass_at_k_frac,32,0.8,0.1359,nd_verify,,,copied,nd-rl:robbie-experiments:experiment-summaries/2026-09-21-pretrain-ablations/charts/passk.csv
robbie-autoresearch-token:030_muon-hidden,030 Muon (pre-Lean),,token,scratch,cap-6 train.jsonl 155k,6,rl-harness-EI,mean(3),textbook,250,pass_at_k_frac,64,0.8,0.1434,nd_verify,,,copied,nd-rl:robbie-experiments:experiment-summaries/2026-09-21-pretrain-ablations/charts/passk.csv
robbie-autoresearch-token:030_muon-hidden,030 Muon (pre-Lean),,token,scratch,cap-6 train.jsonl 155k,6,rl-harness-EI,mean(3),textbook,250,pass_at_k_frac,128,0.8,0.1528,nd_verify,,,copied,nd-rl:robbie-experiments:experiment-summaries/2026-09-21-pretrain-ablations/charts/passk.csv
robbie-autoresearch-token:030_muon-hidden,030 Muon (pre-Lean),,token,scratch,cap-6 train.jsonl 155k,6,rl-harness-EI,mean(3),textbook,250,pass_at_k_frac,256,0.8,0.1667,nd_verify,,,copied,nd-rl:robbie-experiments:experiment-summaries/2026-09-21-pretrain-ablations/charts/passk.csv
robbie-autoresearch-token:081-claude_polar-express,081 Polar Express (pre-Lean),,token,scratch,cap-6 train.jsonl 155k,6,rl-harness-EI,mean(3),holdout250,250,pass_at_k_frac,1,0.8,0.2423,nd_verify,,,copied,nd-rl:robbie-experiments:experiment-summaries/2026-09-21-pretrain-ablations/charts/passk.csv
robbie-autoresearch-token:081-claude_polar-express,081 Polar Express (pre-Lean),,token,scratch,cap-6 train.jsonl 155k,6,rl-harness-EI,mean(3),holdout250,250,pass_at_k_frac,2,0.8,0.2830,nd_verify,,,copied,nd-rl:robbie-experiments:experiment-summaries/2026-09-21-pretrain-ablations/charts/passk.csv
robbie-autoresearch-token:081-claude_polar-express,081 Polar Express (pre-Lean),,token,scratch,cap-6 train.jsonl 155k,6,rl-harness-EI,mean(3),holdout250,250,pass_at_k_frac,4,0.8,0.3109,nd_verify,,,copied,nd-rl:robbie-experiments:experiment-summaries/2026-09-21-pretrain-ablations/charts/passk.csv
robbie-autoresearch-token:081-claude_polar-express,081 Polar Express (pre-Lean),,token,scratch,cap-6 train.jsonl 155k,6,rl-harness-EI,mean(3),holdout250,250,pass_at_k_frac,8,0.8,0.3308,nd_verify,,,copied,nd-rl:robbie-experiments:experiment-summaries/2026-09-21-pretrain-ablations/charts/passk.csv
robbie-autoresearch-token:081-claude_polar-express,081 Polar Express (pre-Lean),,token,scratch,cap-6 train.jsonl 155k,6,rl-harness-EI,mean(3),holdout250,250,pass_at_k_frac,16,0.8,0.3467,nd_verify,,,copied,nd-rl:robbie-experiments:experiment-summaries/2026-09-21-pretrain-ablations/charts/passk.csv
robbie-autoresearch-token:081-claude_polar-express,081 Polar Express (pre-Lean),,token,scratch,cap-6 train.jsonl 155k,6,rl-harness-EI,mean(3),holdout250,250,pass_at_k_frac,32,0.8,0.3620,nd_verify,,,copied,nd-rl:robbie-experiments:experiment-summaries/2026-09-21-pretrain-ablations/charts/passk.csv
robbie-autoresearch-token:081-claude_polar-express,081 Polar Express (pre-Lean),,token,scratch,cap-6 train.jsonl 155k,6,rl-harness-EI,mean(3),holdout250,250,pass_at_k_frac,64,0.8,0.3786,nd_verify,,,copied,nd-rl:robbie-experiments:experiment-summaries/2026-09-21-pretrain-ablations/charts/passk.csv
robbie-autoresearch-token:081-claude_polar-express,081 Polar Express (pre-Lean),,token,scratch,cap-6 train.jsonl 155k,6,rl-harness-EI,mean(3),holdout250,250,pass_at_k_frac,128,0.8,0.3958,nd_verify,,,copied,nd-rl:robbie-experiments:experiment-summaries/2026-09-21-pretrain-ablations/charts/passk.csv
robbie-autoresearch-token:081-claude_polar-express,081 Polar Express (pre-Lean),,token,scratch,cap-6 train.jsonl 155k,6,rl-harness-EI,mean(3),holdout250,250,pass_at_k_frac,256,0.8,0.4107,nd_verify,,,copied,nd-rl:robbie-experiments:experiment-summaries/2026-09-21-pretrain-ablations/charts/passk.csv
robbie-autoresearch-token:081-claude_polar-express,081 Polar Express (pre-Lean),,token,scratch,cap-6 train.jsonl 155k,6,rl-harness-EI,mean(3),textbook,250,pass_at_k_frac,1,0.8,0.1308,nd_verify,,,copied,nd-rl:robbie-experiments:experiment-summaries/2026-09-21-pretrain-ablations/charts/passk.csv
robbie-autoresearch-token:081-claude_polar-express,081 Polar Express (pre-Lean),,token,scratch,cap-6 train.jsonl 155k,6,rl-harness-EI,mean(3),textbook,250,pass_at_k_frac,2,0.8,0.1402,nd_verify,,,copied,nd-rl:robbie-experiments:experiment-summaries/2026-09-21-pretrain-ablations/charts/passk.csv
robbie-autoresearch-token:081-claude_polar-express,081 Polar Express (pre-Lean),,token,scratch,cap-6 train.jsonl 155k,6,rl-harness-EI,mean(3),textbook,250,pass_at_k_frac,4,0.8,0.1474,nd_verify,,,copied,nd-rl:robbie-experiments:experiment-summaries/2026-09-21-pretrain-ablations/charts/passk.csv
robbie-autoresearch-token:081-claude_polar-express,081 Polar Express (pre-Lean),,token,scratch,cap-6 train.jsonl 155k,6,rl-harness-EI,mean(3),textbook,250,pass_at_k_frac,8,0.8,0.1545,nd_verify,,,copied,nd-rl:robbie-experiments:experiment-summaries/2026-09-21-pretrain-ablations/charts/passk.csv
robbie-autoresearch-token:081-claude_polar-express,081 Polar Express (pre-Lean),,token,scratch,cap-6 train.jsonl 155k,6,rl-harness-EI,mean(3),textbook,250,pass_at_k_frac,16,0.8,0.1622,nd_verify,,,copied,nd-rl:robbie-experiments:experiment-summaries/2026-09-21-pretrain-ablations/charts/passk.csv
robbie-autoresearch-token:081-claude_polar-express,081 Polar Express (pre-Lean),,token,scratch,cap-6 train.jsonl 155k,6,rl-harness-EI,mean(3),textbook,250,pass_at_k_frac,32,0.8,0.1698,nd_verify,,,copied,nd-rl:robbie-experiments:experiment-summaries/2026-09-21-pretrain-ablations/charts/passk.csv
robbie-autoresearch-token:081-claude_polar-express,081 Polar Express (pre-Lean),,token,scratch,cap-6 train.jsonl 155k,6,rl-harness-EI,mean(3),textbook,250,pass_at_k_frac,64,0.8,0.1767,nd_verify,,,copied,nd-rl:robbie-experiments:experiment-summaries/2026-09-21-pretrain-ablations/charts/passk.csv
robbie-autoresearch-token:081-claude_polar-express,081 Polar Express (pre-Lean),,token,scratch,cap-6 train.jsonl 155k,6,rl-harness-EI,mean(3),textbook,250,pass_at_k_frac,128,0.8,0.1825,nd_verify,,,copied,nd-rl:robbie-experiments:experiment-summaries/2026-09-21-pretrain-ablations/charts/passk.csv
robbie-autoresearch-token:081-claude_polar-express,081 Polar Express (pre-Lean),,token,scratch,cap-6 train.jsonl 155k,6,rl-harness-EI,mean(3),textbook,250,pass_at_k_frac,256,0.8,0.1898,nd_verify,,,copied,nd-rl:robbie-experiments:experiment-summaries/2026-09-21-pretrain-ablations/charts/passk.csv
robbie-autoresearch-lean:101-claude_lean-depth-6,101 depth 6,,lean_seq,scratch,cap-6 train.jsonl 155k,6,rl-harness-EI,mean(3),holdout250,250,pass_at_k_frac,1,0.8,0.3665,lean_and_ndverify,,,copied,nd-rl:robbie-experiments:experiment-summaries/2026-09-21-pretrain-ablations/charts/passk.csv
robbie-autoresearch-lean:101-claude_lean-depth-6,101 depth 6,,lean_seq,scratch,cap-6 train.jsonl 155k,6,rl-harness-EI,mean(3),holdout250,250,pass_at_k_frac,2,0.8,0.4074,lean_and_ndverify,,,copied,nd-rl:robbie-experiments:experiment-summaries/2026-09-21-pretrain-ablations/charts/passk.csv
robbie-autoresearch-lean:101-claude_lean-depth-6,101 depth 6,,lean_seq,scratch,cap-6 train.jsonl 155k,6,rl-harness-EI,mean(3),holdout250,250,pass_at_k_frac,4,0.8,0.4353,lean_and_ndverify,,,copied,nd-rl:robbie-experiments:experiment-summaries/2026-09-21-pretrain-ablations/charts/passk.csv
robbie-autoresearch-lean:101-claude_lean-depth-6,101 depth 6,,lean_seq,scratch,cap-6 train.jsonl 155k,6,rl-harness-EI,mean(3),holdout250,250,pass_at_k_frac,8,0.8,0.4565,lean_and_ndverify,,,copied,nd-rl:robbie-experiments:experiment-summaries/2026-09-21-pretrain-ablations/charts/passk.csv
robbie-autoresearch-lean:101-claude_lean-depth-6,101 depth 6,,lean_seq,scratch,cap-6 train.jsonl 155k,6,rl-harness-EI,mean(3),holdout250,250,pass_at_k_frac,16,0.8,0.4744,lean_and_ndverify,,,copied,nd-rl:robbie-experiments:experiment-summaries/2026-09-21-pretrain-ablations/charts/passk.csv
robbie-autoresearch-lean:101-claude_lean-depth-6,101 depth 6,,lean_seq,scratch,cap-6 train.jsonl 155k,6,rl-harness-EI,mean(3),holdout250,250,pass_at_k_frac,32,0.8,0.4912,lean_and_ndverify,,,copied,nd-rl:robbie-experiments:experiment-summaries/2026-09-21-pretrain-ablations/charts/passk.csv
robbie-autoresearch-lean:101-claude_lean-depth-6,101 depth 6,,lean_seq,scratch,cap-6 train.jsonl 155k,6,rl-harness-EI,mean(3),holdout250,250,pass_at_k_frac,64,0.8,0.5076,lean_and_ndverify,,,copied,nd-rl:robbie-experiments:experiment-summaries/2026-09-21-pretrain-ablations/charts/passk.csv
robbie-autoresearch-lean:101-claude_lean-depth-6,101 depth 6,,lean_seq,scratch,cap-6 train.jsonl 155k,6,rl-harness-EI,mean(3),holdout250,250,pass_at_k_frac,128,0.8,0.5213,lean_and_ndverify,,,copied,nd-rl:robbie-experiments:experiment-summaries/2026-09-21-pretrain-ablations/charts/passk.csv
robbie-autoresearch-lean:101-claude_lean-depth-6,101 depth 6,,lean_seq,scratch,cap-6 train.jsonl 155k,6,rl-harness-EI,mean(3),holdout250,250,pass_at_k_frac,256,0.8,0.5320,lean_and_ndverify,,,copied,nd-rl:robbie-experiments:experiment-summaries/2026-09-21-pretrain-ablations/charts/passk.csv
robbie-autoresearch-lean:101-claude_lean-depth-6,101 depth 6,,lean_seq,scratch,cap-6 train.jsonl 155k,6,rl-harness-EI,mean(3),textbook,250,pass_at_k_frac,1,0.8,0.1338,lean_and_ndverify,,,copied,nd-rl:robbie-experiments:experiment-summaries/2026-09-21-pretrain-ablations/charts/passk.csv
robbie-autoresearch-lean:101-claude_lean-depth-6,101 depth 6,,lean_seq,scratch,cap-6 train.jsonl 155k,6,rl-harness-EI,mean(3),textbook,250,pass_at_k_frac,2,0.8,0.1484,lean_and_ndverify,,,copied,nd-rl:robbie-experiments:experiment-summaries/2026-09-21-pretrain-ablations/charts/passk.csv
robbie-autoresearch-lean:101-claude_lean-depth-6,101 depth 6,,lean_seq,scratch,cap-6 train.jsonl 155k,6,rl-harness-EI,mean(3),textbook,250,pass_at_k_frac,4,0.8,0.1620,lean_and_ndverify,,,copied,nd-rl:robbie-experiments:experiment-summaries/2026-09-21-pretrain-ablations/charts/passk.csv
robbie-autoresearch-lean:101-claude_lean-depth-6,101 depth 6,,lean_seq,scratch,cap-6 train.jsonl 155k,6,rl-harness-EI,mean(3),textbook,250,pass_at_k_frac,8,0.8,0.1752,lean_and_ndverify,,,copied,nd-rl:robbie-experiments:experiment-summaries/2026-09-21-pretrain-ablations/charts/passk.csv
robbie-autoresearch-lean:101-claude_lean-depth-6,101 depth 6,,lean_seq,scratch,cap-6 train.jsonl 155k,6,rl-harness-EI,mean(3),textbook,250,pass_at_k_frac,16,0.8,0.1876,lean_and_ndverify,,,copied,nd-rl:robbie-experiments:experiment-summaries/2026-09-21-pretrain-ablations/charts/passk.csv
robbie-autoresearch-lean:101-claude_lean-depth-6,101 depth 6,,lean_seq,scratch,cap-6 train.jsonl 155k,6,rl-harness-EI,mean(3),textbook,250,pass_at_k_frac,32,0.8,0.1982,lean_and_ndverify,,,copied,nd-rl:robbie-experiments:experiment-summaries/2026-09-21-pretrain-ablations/charts/passk.csv
robbie-autoresearch-lean:101-claude_lean-depth-6,101 depth 6,,lean_seq,scratch,cap-6 train.jsonl 155k,6,rl-harness-EI,mean(3),textbook,250,pass_at_k_frac,64,0.8,0.2087,lean_and_ndverify,,,copied,nd-rl:robbie-experiments:experiment-summaries/2026-09-21-pretrain-ablations/charts/passk.csv
robbie-autoresearch-lean:101-claude_lean-depth-6,101 depth 6,,lean_seq,scratch,cap-6 train.jsonl 155k,6,rl-harness-EI,mean(3),textbook,250,pass_at_k_frac,128,0.8,0.2203,lean_and_ndverify,,,copied,nd-rl:robbie-experiments:experiment-summaries/2026-09-21-pretrain-ablations/charts/passk.csv
robbie-autoresearch-lean:101-claude_lean-depth-6,101 depth 6,,lean_seq,scratch,cap-6 train.jsonl 155k,6,rl-harness-EI,mean(3),textbook,250,pass_at_k_frac,256,0.8,0.2315,lean_and_ndverify,,,copied,nd-rl:robbie-experiments:experiment-summaries/2026-09-21-pretrain-ablations/charts/passk.csv
robbie-autoresearch-lean:115-fable_lean-alibi-half,115 ALiBi half,,lean_seq,scratch,cap-6 train.jsonl 155k,6,rl-harness-EI,mean(3),holdout250,250,pass_at_k_frac,1,0.8,0.3789,lean_and_ndverify,,,copied,nd-rl:robbie-experiments:experiment-summaries/2026-09-21-pretrain-ablations/charts/passk.csv
robbie-autoresearch-lean:115-fable_lean-alibi-half,115 ALiBi half,,lean_seq,scratch,cap-6 train.jsonl 155k,6,rl-harness-EI,mean(3),holdout250,250,pass_at_k_frac,2,0.8,0.4245,lean_and_ndverify,,,copied,nd-rl:robbie-experiments:experiment-summaries/2026-09-21-pretrain-ablations/charts/passk.csv
robbie-autoresearch-lean:115-fable_lean-alibi-half,115 ALiBi half,,lean_seq,scratch,cap-6 train.jsonl 155k,6,rl-harness-EI,mean(3),holdout250,250,pass_at_k_frac,4,0.8,0.4573,lean_and_ndverify,,,copied,nd-rl:robbie-experiments:experiment-summaries/2026-09-21-pretrain-ablations/charts/passk.csv
robbie-autoresearch-lean:115-fable_lean-alibi-half,115 ALiBi half,,lean_seq,scratch,cap-6 train.jsonl 155k,6,rl-harness-EI,mean(3),holdout250,250,pass_at_k_frac,8,0.8,0.4836,lean_and_ndverify,,,copied,nd-rl:robbie-experiments:experiment-summaries/2026-09-21-pretrain-ablations/charts/passk.csv
robbie-autoresearch-lean:115-fable_lean-alibi-half,115 ALiBi half,,lean_seq,scratch,cap-6 train.jsonl 155k,6,rl-harness-EI,mean(3),holdout250,250,pass_at_k_frac,16,0.8,0.5047,lean_and_ndverify,,,copied,nd-rl:robbie-experiments:experiment-summaries/2026-09-21-pretrain-ablations/charts/passk.csv
robbie-autoresearch-lean:115-fable_lean-alibi-half,115 ALiBi half,,lean_seq,scratch,cap-6 train.jsonl 155k,6,rl-harness-EI,mean(3),holdout250,250,pass_at_k_frac,32,0.8,0.5228,lean_and_ndverify,,,copied,nd-rl:robbie-experiments:experiment-summaries/2026-09-21-pretrain-ablations/charts/passk.csv
robbie-autoresearch-lean:115-fable_lean-alibi-half,115 ALiBi half,,lean_seq,scratch,cap-6 train.jsonl 155k,6,rl-harness-EI,mean(3),holdout250,250,pass_at_k_frac,64,0.8,0.5398,lean_and_ndverify,,,copied,nd-rl:robbie-experiments:experiment-summaries/2026-09-21-pretrain-ablations/charts/passk.csv
robbie-autoresearch-lean:115-fable_lean-alibi-half,115 ALiBi half,,lean_seq,scratch,cap-6 train.jsonl 155k,6,rl-harness-EI,mean(3),holdout250,250,pass_at_k_frac,128,0.8,0.5568,lean_and_ndverify,,,copied,nd-rl:robbie-experiments:experiment-summaries/2026-09-21-pretrain-ablations/charts/passk.csv
robbie-autoresearch-lean:115-fable_lean-alibi-half,115 ALiBi half,,lean_seq,scratch,cap-6 train.jsonl 155k,6,rl-harness-EI,mean(3),holdout250,250,pass_at_k_frac,256,0.8,0.5747,lean_and_ndverify,,,copied,nd-rl:robbie-experiments:experiment-summaries/2026-09-21-pretrain-ablations/charts/passk.csv
robbie-autoresearch-lean:115-fable_lean-alibi-half,115 ALiBi half,,lean_seq,scratch,cap-6 train.jsonl 155k,6,rl-harness-EI,mean(3),textbook,250,pass_at_k_frac,1,0.8,0.1566,lean_and_ndverify,,,copied,nd-rl:robbie-experiments:experiment-summaries/2026-09-21-pretrain-ablations/charts/passk.csv
robbie-autoresearch-lean:115-fable_lean-alibi-half,115 ALiBi half,,lean_seq,scratch,cap-6 train.jsonl 155k,6,rl-harness-EI,mean(3),textbook,250,pass_at_k_frac,2,0.8,0.1727,lean_and_ndverify,,,copied,nd-rl:robbie-experiments:experiment-summaries/2026-09-21-pretrain-ablations/charts/passk.csv
robbie-autoresearch-lean:115-fable_lean-alibi-half,115 ALiBi half,,lean_seq,scratch,cap-6 train.jsonl 155k,6,rl-harness-EI,mean(3),textbook,250,pass_at_k_frac,4,0.8,0.1853,lean_and_ndverify,,,copied,nd-rl:robbie-experiments:experiment-summaries/2026-09-21-pretrain-ablations/charts/passk.csv
robbie-autoresearch-lean:115-fable_lean-alibi-half,115 ALiBi half,,lean_seq,scratch,cap-6 train.jsonl 155k,6,rl-harness-EI,mean(3),textbook,250,pass_at_k_frac,8,0.8,0.1967,lean_and_ndverify,,,copied,nd-rl:robbie-experiments:experiment-summaries/2026-09-21-pretrain-ablations/charts/passk.csv
robbie-autoresearch-lean:115-fable_lean-alibi-half,115 ALiBi half,,lean_seq,scratch,cap-6 train.jsonl 155k,6,rl-harness-EI,mean(3),textbook,250,pass_at_k_frac,16,0.8,0.2069,lean_and_ndverify,,,copied,nd-rl:robbie-experiments:experiment-summaries/2026-09-21-pretrain-ablations/charts/passk.csv
robbie-autoresearch-lean:115-fable_lean-alibi-half,115 ALiBi half,,lean_seq,scratch,cap-6 train.jsonl 155k,6,rl-harness-EI,mean(3),textbook,250,pass_at_k_frac,32,0.8,0.2164,lean_and_ndverify,,,copied,nd-rl:robbie-experiments:experiment-summaries/2026-09-21-pretrain-ablations/charts/passk.csv
robbie-autoresearch-lean:115-fable_lean-alibi-half,115 ALiBi half,,lean_seq,scratch,cap-6 train.jsonl 155k,6,rl-harness-EI,mean(3),textbook,250,pass_at_k_frac,64,0.8,0.2260,lean_and_ndverify,,,copied,nd-rl:robbie-experiments:experiment-summaries/2026-09-21-pretrain-ablations/charts/passk.csv
robbie-autoresearch-lean:115-fable_lean-alibi-half,115 ALiBi half,,lean_seq,scratch,cap-6 train.jsonl 155k,6,rl-harness-EI,mean(3),textbook,250,pass_at_k_frac,128,0.8,0.2360,lean_and_ndverify,,,copied,nd-rl:robbie-experiments:experiment-summaries/2026-09-21-pretrain-ablations/charts/passk.csv
robbie-autoresearch-lean:115-fable_lean-alibi-half,115 ALiBi half,,lean_seq,scratch,cap-6 train.jsonl 155k,6,rl-harness-EI,mean(3),textbook,250,pass_at_k_frac,256,0.8,0.2454,lean_and_ndverify,,,copied,nd-rl:robbie-experiments:experiment-summaries/2026-09-21-pretrain-ablations/charts/passk.csv
robbie-autoresearch-lean:129-claude_lean-lr-floor-03,129 LR floor 0.3,,lean_seq,scratch,cap-6 train.jsonl 155k,6,rl-harness-EI,mean(3),holdout250,250,pass_at_k_frac,1,0.8,0.4234,lean_and_ndverify,,,copied,nd-rl:robbie-experiments:experiment-summaries/2026-09-21-pretrain-ablations/charts/passk.csv
robbie-autoresearch-lean:129-claude_lean-lr-floor-03,129 LR floor 0.3,,lean_seq,scratch,cap-6 train.jsonl 155k,6,rl-harness-EI,mean(3),holdout250,250,pass_at_k_frac,2,0.8,0.4684,lean_and_ndverify,,,copied,nd-rl:robbie-experiments:experiment-summaries/2026-09-21-pretrain-ablations/charts/passk.csv
robbie-autoresearch-lean:129-claude_lean-lr-floor-03,129 LR floor 0.3,,lean_seq,scratch,cap-6 train.jsonl 155k,6,rl-harness-EI,mean(3),holdout250,250,pass_at_k_frac,4,0.8,0.4969,lean_and_ndverify,,,copied,nd-rl:robbie-experiments:experiment-summaries/2026-09-21-pretrain-ablations/charts/passk.csv
robbie-autoresearch-lean:129-claude_lean-lr-floor-03,129 LR floor 0.3,,lean_seq,scratch,cap-6 train.jsonl 155k,6,rl-harness-EI,mean(3),holdout250,250,pass_at_k_frac,8,0.8,0.5184,lean_and_ndverify,,,copied,nd-rl:robbie-experiments:experiment-summaries/2026-09-21-pretrain-ablations/charts/passk.csv
robbie-autoresearch-lean:129-claude_lean-lr-floor-03,129 LR floor 0.3,,lean_seq,scratch,cap-6 train.jsonl 155k,6,rl-harness-EI,mean(3),holdout250,250,pass_at_k_frac,16,0.8,0.5371,lean_and_ndverify,,,copied,nd-rl:robbie-experiments:experiment-summaries/2026-09-21-pretrain-ablations/charts/passk.csv
robbie-autoresearch-lean:129-claude_lean-lr-floor-03,129 LR floor 0.3,,lean_seq,scratch,cap-6 train.jsonl 155k,6,rl-harness-EI,mean(3),holdout250,250,pass_at_k_frac,32,0.8,0.5544,lean_and_ndverify,,,copied,nd-rl:robbie-experiments:experiment-summaries/2026-09-21-pretrain-ablations/charts/passk.csv
robbie-autoresearch-lean:129-claude_lean-lr-floor-03,129 LR floor 0.3,,lean_seq,scratch,cap-6 train.jsonl 155k,6,rl-harness-EI,mean(3),holdout250,250,pass_at_k_frac,64,0.8,0.5704,lean_and_ndverify,,,copied,nd-rl:robbie-experiments:experiment-summaries/2026-09-21-pretrain-ablations/charts/passk.csv
robbie-autoresearch-lean:129-claude_lean-lr-floor-03,129 LR floor 0.3,,lean_seq,scratch,cap-6 train.jsonl 155k,6,rl-harness-EI,mean(3),holdout250,250,pass_at_k_frac,128,0.8,0.5837,lean_and_ndverify,,,copied,nd-rl:robbie-experiments:experiment-summaries/2026-09-21-pretrain-ablations/charts/passk.csv
robbie-autoresearch-lean:129-claude_lean-lr-floor-03,129 LR floor 0.3,,lean_seq,scratch,cap-6 train.jsonl 155k,6,rl-harness-EI,mean(3),holdout250,250,pass_at_k_frac,256,0.8,0.5947,lean_and_ndverify,,,copied,nd-rl:robbie-experiments:experiment-summaries/2026-09-21-pretrain-ablations/charts/passk.csv
robbie-autoresearch-lean:129-claude_lean-lr-floor-03,129 LR floor 0.3,,lean_seq,scratch,cap-6 train.jsonl 155k,6,rl-harness-EI,mean(3),textbook,250,pass_at_k_frac,1,0.8,0.1600,lean_and_ndverify,,,copied,nd-rl:robbie-experiments:experiment-summaries/2026-09-21-pretrain-ablations/charts/passk.csv
robbie-autoresearch-lean:129-claude_lean-lr-floor-03,129 LR floor 0.3,,lean_seq,scratch,cap-6 train.jsonl 155k,6,rl-harness-EI,mean(3),textbook,250,pass_at_k_frac,2,0.8,0.1772,lean_and_ndverify,,,copied,nd-rl:robbie-experiments:experiment-summaries/2026-09-21-pretrain-ablations/charts/passk.csv
robbie-autoresearch-lean:129-claude_lean-lr-floor-03,129 LR floor 0.3,,lean_seq,scratch,cap-6 train.jsonl 155k,6,rl-harness-EI,mean(3),textbook,250,pass_at_k_frac,4,0.8,0.1901,lean_and_ndverify,,,copied,nd-rl:robbie-experiments:experiment-summaries/2026-09-21-pretrain-ablations/charts/passk.csv
robbie-autoresearch-lean:129-claude_lean-lr-floor-03,129 LR floor 0.3,,lean_seq,scratch,cap-6 train.jsonl 155k,6,rl-harness-EI,mean(3),textbook,250,pass_at_k_frac,8,0.8,0.2015,lean_and_ndverify,,,copied,nd-rl:robbie-experiments:experiment-summaries/2026-09-21-pretrain-ablations/charts/passk.csv
robbie-autoresearch-lean:129-claude_lean-lr-floor-03,129 LR floor 0.3,,lean_seq,scratch,cap-6 train.jsonl 155k,6,rl-harness-EI,mean(3),textbook,250,pass_at_k_frac,16,0.8,0.2122,lean_and_ndverify,,,copied,nd-rl:robbie-experiments:experiment-summaries/2026-09-21-pretrain-ablations/charts/passk.csv
robbie-autoresearch-lean:129-claude_lean-lr-floor-03,129 LR floor 0.3,,lean_seq,scratch,cap-6 train.jsonl 155k,6,rl-harness-EI,mean(3),textbook,250,pass_at_k_frac,32,0.8,0.2224,lean_and_ndverify,,,copied,nd-rl:robbie-experiments:experiment-summaries/2026-09-21-pretrain-ablations/charts/passk.csv
robbie-autoresearch-lean:129-claude_lean-lr-floor-03,129 LR floor 0.3,,lean_seq,scratch,cap-6 train.jsonl 155k,6,rl-harness-EI,mean(3),textbook,250,pass_at_k_frac,64,0.8,0.2320,lean_and_ndverify,,,copied,nd-rl:robbie-experiments:experiment-summaries/2026-09-21-pretrain-ablations/charts/passk.csv
robbie-autoresearch-lean:129-claude_lean-lr-floor-03,129 LR floor 0.3,,lean_seq,scratch,cap-6 train.jsonl 155k,6,rl-harness-EI,mean(3),textbook,250,pass_at_k_frac,128,0.8,0.2412,lean_and_ndverify,,,copied,nd-rl:robbie-experiments:experiment-summaries/2026-09-21-pretrain-ablations/charts/passk.csv
robbie-autoresearch-lean:129-claude_lean-lr-floor-03,129 LR floor 0.3,,lean_seq,scratch,cap-6 train.jsonl 155k,6,rl-harness-EI,mean(3),textbook,250,pass_at_k_frac,256,0.8,0.2500,lean_and_ndverify,,,copied,nd-rl:robbie-experiments:experiment-summaries/2026-09-21-pretrain-ablations/charts/passk.csv
robbie-autoresearch-lean:153-claude_lean-width384,153 width 384 (post's last keep),,lean_seq,scratch,cap-6 train.jsonl 155k,6,rl-harness-EI,mean(3),holdout250,250,pass_at_k_frac,1,0.8,0.4484,lean_and_ndverify,,,copied,nd-rl:robbie-experiments:experiment-summaries/2026-09-21-pretrain-ablations/charts/passk.csv
robbie-autoresearch-lean:153-claude_lean-width384,153 width 384 (post's last keep),,lean_seq,scratch,cap-6 train.jsonl 155k,6,rl-harness-EI,mean(3),holdout250,250,pass_at_k_frac,2,0.8,0.4965,lean_and_ndverify,,,copied,nd-rl:robbie-experiments:experiment-summaries/2026-09-21-pretrain-ablations/charts/passk.csv
robbie-autoresearch-lean:153-claude_lean-width384,153 width 384 (post's last keep),,lean_seq,scratch,cap-6 train.jsonl 155k,6,rl-harness-EI,mean(3),holdout250,250,pass_at_k_frac,4,0.8,0.5290,lean_and_ndverify,,,copied,nd-rl:robbie-experiments:experiment-summaries/2026-09-21-pretrain-ablations/charts/passk.csv
robbie-autoresearch-lean:153-claude_lean-width384,153 width 384 (post's last keep),,lean_seq,scratch,cap-6 train.jsonl 155k,6,rl-harness-EI,mean(3),holdout250,250,pass_at_k_frac,8,0.8,0.5553,lean_and_ndverify,,,copied,nd-rl:robbie-experiments:experiment-summaries/2026-09-21-pretrain-ablations/charts/passk.csv
robbie-autoresearch-lean:153-claude_lean-width384,153 width 384 (post's last keep),,lean_seq,scratch,cap-6 train.jsonl 155k,6,rl-harness-EI,mean(3),holdout250,250,pass_at_k_frac,16,0.8,0.5782,lean_and_ndverify,,,copied,nd-rl:robbie-experiments:experiment-summaries/2026-09-21-pretrain-ablations/charts/passk.csv
robbie-autoresearch-lean:153-claude_lean-width384,153 width 384 (post's last keep),,lean_seq,scratch,cap-6 train.jsonl 155k,6,rl-harness-EI,mean(3),holdout250,250,pass_at_k_frac,32,0.8,0.5988,lean_and_ndverify,,,copied,nd-rl:robbie-experiments:experiment-summaries/2026-09-21-pretrain-ablations/charts/passk.csv
robbie-autoresearch-lean:153-claude_lean-width384,153 width 384 (post's last keep),,lean_seq,scratch,cap-6 train.jsonl 155k,6,rl-harness-EI,mean(3),holdout250,250,pass_at_k_frac,64,0.8,0.6166,lean_and_ndverify,,,copied,nd-rl:robbie-experiments:experiment-summaries/2026-09-21-pretrain-ablations/charts/passk.csv
robbie-autoresearch-lean:153-claude_lean-width384,153 width 384 (post's last keep),,lean_seq,scratch,cap-6 train.jsonl 155k,6,rl-harness-EI,mean(3),holdout250,250,pass_at_k_frac,128,0.8,0.6314,lean_and_ndverify,,,copied,nd-rl:robbie-experiments:experiment-summaries/2026-09-21-pretrain-ablations/charts/passk.csv
robbie-autoresearch-lean:153-claude_lean-width384,153 width 384 (post's last keep),,lean_seq,scratch,cap-6 train.jsonl 155k,6,rl-harness-EI,mean(3),holdout250,250,pass_at_k_frac,256,0.8,0.6427,lean_and_ndverify,,,copied,nd-rl:robbie-experiments:experiment-summaries/2026-09-21-pretrain-ablations/charts/passk.csv
robbie-autoresearch-lean:153-claude_lean-width384,153 width 384 (post's last keep),,lean_seq,scratch,cap-6 train.jsonl 155k,6,rl-harness-EI,mean(3),textbook,250,pass_at_k_frac,1,0.8,0.1706,lean_and_ndverify,,,copied,nd-rl:robbie-experiments:experiment-summaries/2026-09-21-pretrain-ablations/charts/passk.csv
robbie-autoresearch-lean:153-claude_lean-width384,153 width 384 (post's last keep),,lean_seq,scratch,cap-6 train.jsonl 155k,6,rl-harness-EI,mean(3),textbook,250,pass_at_k_frac,2,0.8,0.1837,lean_and_ndverify,,,copied,nd-rl:robbie-experiments:experiment-summaries/2026-09-21-pretrain-ablations/charts/passk.csv
robbie-autoresearch-lean:153-claude_lean-width384,153 width 384 (post's last keep),,lean_seq,scratch,cap-6 train.jsonl 155k,6,rl-harness-EI,mean(3),textbook,250,pass_at_k_frac,4,0.8,0.1954,lean_and_ndverify,,,copied,nd-rl:robbie-experiments:experiment-summaries/2026-09-21-pretrain-ablations/charts/passk.csv
robbie-autoresearch-lean:153-claude_lean-width384,153 width 384 (post's last keep),,lean_seq,scratch,cap-6 train.jsonl 155k,6,rl-harness-EI,mean(3),textbook,250,pass_at_k_frac,8,0.8,0.2080,lean_and_ndverify,,,copied,nd-rl:robbie-experiments:experiment-summaries/2026-09-21-pretrain-ablations/charts/passk.csv
robbie-autoresearch-lean:153-claude_lean-width384,153 width 384 (post's last keep),,lean_seq,scratch,cap-6 train.jsonl 155k,6,rl-harness-EI,mean(3),textbook,250,pass_at_k_frac,16,0.8,0.2206,lean_and_ndverify,,,copied,nd-rl:robbie-experiments:experiment-summaries/2026-09-21-pretrain-ablations/charts/passk.csv
robbie-autoresearch-lean:153-claude_lean-width384,153 width 384 (post's last keep),,lean_seq,scratch,cap-6 train.jsonl 155k,6,rl-harness-EI,mean(3),textbook,250,pass_at_k_frac,32,0.8,0.2324,lean_and_ndverify,,,copied,nd-rl:robbie-experiments:experiment-summaries/2026-09-21-pretrain-ablations/charts/passk.csv
robbie-autoresearch-lean:153-claude_lean-width384,153 width 384 (post's last keep),,lean_seq,scratch,cap-6 train.jsonl 155k,6,rl-harness-EI,mean(3),textbook,250,pass_at_k_frac,64,0.8,0.2429,lean_and_ndverify,,,copied,nd-rl:robbie-experiments:experiment-summaries/2026-09-21-pretrain-ablations/charts/passk.csv
robbie-autoresearch-lean:153-claude_lean-width384,153 width 384 (post's last keep),,lean_seq,scratch,cap-6 train.jsonl 155k,6,rl-harness-EI,mean(3),textbook,250,pass_at_k_frac,128,0.8,0.2520,lean_and_ndverify,,,copied,nd-rl:robbie-experiments:experiment-summaries/2026-09-21-pretrain-ablations/charts/passk.csv
robbie-autoresearch-lean:153-claude_lean-width384,153 width 384 (post's last keep),,lean_seq,scratch,cap-6 train.jsonl 155k,6,rl-harness-EI,mean(3),textbook,250,pass_at_k_frac,256,0.8,0.2593,lean_and_ndverify,,,copied,nd-rl:robbie-experiments:experiment-summaries/2026-09-21-pretrain-ablations/charts/passk.csv
robbie-scale:198 9.6M 300s,"198 recipe, 198 9.6M 300s (off-protocol harness)",9.56M,lean_seq,scratch,cap-6 train.jsonl 155k,6,rl-harness-EI,0,dev1108,1108,dev_metric,64,0.8,680,lean_and_ndverify,,2026-09-30,copied,nd-rl:robbie-experiments:experiment-summaries/2026-09-30-bigger-model-longer-pretrain/README.md
robbie-scale:198 9.6M 300s,"198 recipe, 198 9.6M 300s (off-protocol harness)",9.56M,lean_seq,scratch,cap-6 train.jsonl 155k,6,rl-harness-EI,0,textbook72,72,solved,256,0.8,18,lean_and_ndverify,,2026-09-30,copied,nd-rl:robbie-experiments:experiment-summaries/2026-09-30-bigger-model-longer-pretrain/README.md
robbie-scale:198 9.6M 300s,"198 recipe, 198 9.6M 300s (off-protocol harness)",9.56M,lean_seq,scratch,cap-6 train.jsonl 155k,6,rl-harness-EI,1,dev1108,1108,dev_metric,64,0.8,670,lean_and_ndverify,,2026-09-30,copied,nd-rl:robbie-experiments:experiment-summaries/2026-09-30-bigger-model-longer-pretrain/README.md
robbie-scale:198 9.6M 300s,"198 recipe, 198 9.6M 300s (off-protocol harness)",9.56M,lean_seq,scratch,cap-6 train.jsonl 155k,6,rl-harness-EI,1,textbook72,72,solved,256,0.8,17,lean_and_ndverify,,2026-09-30,copied,nd-rl:robbie-experiments:experiment-summaries/2026-09-30-bigger-model-longer-pretrain/README.md
robbie-scale:198 9.6M 300s,"198 recipe, 198 9.6M 300s (off-protocol harness)",9.56M,lean_seq,scratch,cap-6 train.jsonl 155k,6,rl-harness-EI,2,dev1108,1108,dev_metric,64,0.8,694,lean_and_ndverify,,2026-09-30,copied,nd-rl:robbie-experiments:experiment-summaries/2026-09-30-bigger-model-longer-pretrain/README.md
robbie-scale:198 9.6M 300s,"198 recipe, 198 9.6M 300s (off-protocol harness)",9.56M,lean_seq,scratch,cap-6 train.jsonl 155k,6,rl-harness-EI,2,textbook72,72,solved,256,0.8,20,lean_and_ndverify,,2026-09-30,copied,nd-rl:robbie-experiments:experiment-summaries/2026-09-30-bigger-model-longer-pretrain/README.md
robbie-scale:9.6M 1200s,"198 recipe, 9.6M 1200s (off-protocol harness)",9.56M,lean_seq,scratch,cap-6 train.jsonl 155k,6,rl-harness-EI,0,dev1108,1108,dev_metric,64,0.8,702,lean_and_ndverify,,2026-09-30,copied,nd-rl:robbie-experiments:experiment-summaries/2026-09-30-bigger-model-longer-pretrain/README.md
robbie-scale:9.6M 1200s,"198 recipe, 9.6M 1200s (off-protocol harness)",9.56M,lean_seq,scratch,cap-6 train.jsonl 155k,6,rl-harness-EI,0,textbook72,72,solved,256,0.8,22,lean_and_ndverify,,2026-09-30,copied,nd-rl:robbie-experiments:experiment-summaries/2026-09-30-bigger-model-longer-pretrain/README.md
robbie-scale:9.6M 1200s,"198 recipe, 9.6M 1200s (off-protocol harness)",9.56M,lean_seq,scratch,cap-6 train.jsonl 155k,6,rl-harness-EI,1,dev1108,1108,dev_metric,64,0.8,294,lean_and_ndverify,,2026-09-30,copied,nd-rl:robbie-experiments:experiment-summaries/2026-09-30-bigger-model-longer-pretrain/README.md
robbie-scale:9.6M 1200s,"198 recipe, 9.6M 1200s (off-protocol harness)",9.56M,lean_seq,scratch,cap-6 train.jsonl 155k,6,rl-harness-EI,1,textbook72,72,solved,256,0.8,17,lean_and_ndverify,,2026-09-30,copied,nd-rl:robbie-experiments:experiment-summaries/2026-09-30-bigger-model-longer-pretrain/README.md
robbie-scale:9.6M 1200s,"198 recipe, 9.6M 1200s (off-protocol harness)",9.56M,lean_seq,scratch,cap-6 train.jsonl 155k,6,rl-harness-EI,2,dev1108,1108,dev_metric,64,0.8,265,lean_and_ndverify,,2026-09-30,copied,nd-rl:robbie-experiments:experiment-summaries/2026-09-30-bigger-model-longer-pretrain/README.md
robbie-scale:9.6M 1200s,"198 recipe, 9.6M 1200s (off-protocol harness)",9.56M,lean_seq,scratch,cap-6 train.jsonl 155k,6,rl-harness-EI,2,textbook72,72,solved,256,0.8,17,lean_and_ndverify,,2026-09-30,copied,nd-rl:robbie-experiments:experiment-summaries/2026-09-30-bigger-model-longer-pretrain/README.md
robbie-scale:38M 1200s,"198 recipe, 38M 1200s (off-protocol harness)",38.0M,lean_seq,scratch,cap-6 train.jsonl 155k,6,rl-harness-EI,0,dev1108,1108,dev_metric,64,0.8,710,lean_and_ndverify,,2026-09-30,copied,nd-rl:robbie-experiments:experiment-summaries/2026-09-30-bigger-model-longer-pretrain/README.md
robbie-scale:38M 1200s,"198 recipe, 38M 1200s (off-protocol harness)",38.0M,lean_seq,scratch,cap-6 train.jsonl 155k,6,rl-harness-EI,0,textbook72,72,solved,256,0.8,19,lean_and_ndverify,,2026-09-30,copied,nd-rl:robbie-experiments:experiment-summaries/2026-09-30-bigger-model-longer-pretrain/README.md
robbie-scale:38M 1200s,"198 recipe, 38M 1200s (off-protocol harness)",38.0M,lean_seq,scratch,cap-6 train.jsonl 155k,6,rl-harness-EI,1,dev1108,1108,dev_metric,64,0.8,300,lean_and_ndverify,,2026-09-30,copied,nd-rl:robbie-experiments:experiment-summaries/2026-09-30-bigger-model-longer-pretrain/README.md
robbie-scale:38M 1200s,"198 recipe, 38M 1200s (off-protocol harness)",38.0M,lean_seq,scratch,cap-6 train.jsonl 155k,6,rl-harness-EI,1,textbook72,72,solved,256,0.8,19,lean_and_ndverify,,2026-09-30,copied,nd-rl:robbie-experiments:experiment-summaries/2026-09-30-bigger-model-longer-pretrain/README.md
robbie-scale:38M 1200s,"198 recipe, 38M 1200s (off-protocol harness)",38.0M,lean_seq,scratch,cap-6 train.jsonl 155k,6,rl-harness-EI,2,dev1108,1108,dev_metric,64,0.8,311,lean_and_ndverify,,2026-09-30,copied,nd-rl:robbie-experiments:experiment-summaries/2026-09-30-bigger-model-longer-pretrain/README.md
robbie-scale:38M 1200s,"198 recipe, 38M 1200s (off-protocol harness)",38.0M,lean_seq,scratch,cap-6 train.jsonl 155k,6,rl-harness-EI,2,textbook72,72,solved,256,0.8,16,lean_and_ndverify,,2026-09-30,copied,nd-rl:robbie-experiments:experiment-summaries/2026-09-30-bigger-model-longer-pretrain/README.md
robbie-state-recipes:198-C0,recipe 198 arm C0,,lean_seq,scratch,cap-6 train.jsonl 155k,6,rl-harness-EI,0,dev1108,1108,dev_metric,64,0.8,669,lean_only,,2026-09-30,copied,nd-rl:robbie-experiments:experiment-summaries/2026-09-28-combined-model/charts/state_runs.csv
robbie-state-recipes:198-C0,recipe 198 arm C0,,lean_seq,scratch,cap-6 train.jsonl 155k,6,rl-harness-EI,1,dev1108,1108,dev_metric,64,0.8,692,lean_only,,2026-09-30,copied,nd-rl:robbie-experiments:experiment-summaries/2026-09-28-combined-model/charts/state_runs.csv
robbie-state-recipes:198-C0,recipe 198 arm C0,,lean_seq,scratch,cap-6 train.jsonl 155k,6,rl-harness-EI,2,dev1108,1108,dev_metric,64,0.8,216,lean_only,,2026-09-30,copied,nd-rl:robbie-experiments:experiment-summaries/2026-09-28-combined-model/charts/state_runs.csv
robbie-state-recipes:198-C0k192,recipe 198 arm C0k192,,lean_seq,scratch,cap-6 train.jsonl 155k,6,rl-harness-EI-k192,0,dev1108,1108,dev_metric,64,0.8,743,lean_only,,2026-09-30,copied,nd-rl:robbie-experiments:experiment-summaries/2026-09-28-combined-model/charts/state_runs.csv
robbie-state-recipes:198-C0k192,recipe 198 arm C0k192,,lean_seq,scratch,cap-6 train.jsonl 155k,6,rl-harness-EI-k192,1,dev1108,1108,dev_metric,64,0.8,345,lean_only,,2026-09-30,copied,nd-rl:robbie-experiments:experiment-summaries/2026-09-28-combined-model/charts/state_runs.csv
robbie-state-recipes:198-C0k192,recipe 198 arm C0k192,,lean_seq,scratch,cap-6 train.jsonl 155k,6,rl-harness-EI-k192,2,dev1108,1108,dev_metric,64,0.8,682,lean_only,,2026-09-30,copied,nd-rl:robbie-experiments:experiment-summaries/2026-09-28-combined-model/charts/state_runs.csv
robbie-state-recipes:198-SN,recipe 198 arm SN,,lean_staten,scratch,cap-6 train.jsonl 155k,6,rl-harness-EI,0,dev1108,1108,dev_metric,64,0.8,852,lean_only,,2026-09-30,copied,nd-rl:robbie-experiments:experiment-summaries/2026-09-28-combined-model/charts/state_runs.csv
robbie-state-recipes:198-SN,recipe 198 arm SN,,lean_staten,scratch,cap-6 train.jsonl 155k,6,rl-harness-EI,1,dev1108,1108,dev_metric,64,0.8,824,lean_only,,2026-09-30,copied,nd-rl:robbie-experiments:experiment-summaries/2026-09-28-combined-model/charts/state_runs.csv
robbie-state-recipes:198-SN,recipe 198 arm SN,,lean_staten,scratch,cap-6 train.jsonl 155k,6,rl-harness-EI,2,dev1108,1108,dev_metric,64,0.8,798,lean_only,,2026-09-30,copied,nd-rl:robbie-experiments:experiment-summaries/2026-09-28-combined-model/charts/state_runs.csv
robbie-state-recipes:198-SH,recipe 198 arm SH,,lean_stateh,scratch,cap-6 train.jsonl 155k,6,rl-harness-EI,0,dev1108,1108,dev_metric,64,0.8,708,lean_only,,2026-09-30,copied,nd-rl:robbie-experiments:experiment-summaries/2026-09-28-combined-model/charts/state_runs.csv
robbie-state-recipes:198-SH,recipe 198 arm SH,,lean_stateh,scratch,cap-6 train.jsonl 155k,6,rl-harness-EI,1,dev1108,1108,dev_metric,64,0.8,744,lean_only,,2026-09-30,copied,nd-rl:robbie-experiments:experiment-summaries/2026-09-28-combined-model/charts/state_runs.csv
robbie-state-recipes:207-C0,recipe 207 arm C0,,lean_seq,scratch,cap-6 train.jsonl 155k,6,rl-harness-EI,0,dev1108,1108,dev_metric,64,0.8,612,lean_only,,2026-09-30,copied,nd-rl:robbie-experiments:experiment-summaries/2026-09-28-combined-model/charts/state_runs.csv
robbie-state-recipes:207-C0,recipe 207 arm C0,,lean_seq,scratch,cap-6 train.jsonl 155k,6,rl-harness-EI,1,dev1108,1108,dev_metric,64,0.8,304,lean_only,,2026-09-30,copied,nd-rl:robbie-experiments:experiment-summaries/2026-09-28-combined-model/charts/state_runs.csv
robbie-state-recipes:207-C0,recipe 207 arm C0,,lean_seq,scratch,cap-6 train.jsonl 155k,6,rl-harness-EI,2,dev1108,1108,dev_metric,64,0.8,616,lean_only,,2026-09-30,copied,nd-rl:robbie-experiments:experiment-summaries/2026-09-28-combined-model/charts/state_runs.csv
robbie-state-recipes:207-C0k192,recipe 207 arm C0k192,,lean_seq,scratch,cap-6 train.jsonl 155k,6,rl-harness-EI-k192,0,dev1108,1108,dev_metric,64,0.8,713,lean_only,,2026-09-30,copied,nd-rl:robbie-experiments:experiment-summaries/2026-09-28-combined-model/charts/state_runs.csv
robbie-state-recipes:207-C0k192,recipe 207 arm C0k192,,lean_seq,scratch,cap-6 train.jsonl 155k,6,rl-harness-EI-k192,1,dev1108,1108,dev_metric,64,0.8,625,lean_only,,2026-09-30,copied,nd-rl:robbie-experiments:experiment-summaries/2026-09-28-combined-model/charts/state_runs.csv
robbie-state-recipes:207-C0k192,recipe 207 arm C0k192,,lean_seq,scratch,cap-6 train.jsonl 155k,6,rl-harness-EI-k192,2,dev1108,1108,dev_metric,64,0.8,396,lean_only,,2026-09-30,copied,nd-rl:robbie-experiments:experiment-summaries/2026-09-28-combined-model/charts/state_runs.csv
robbie-state-recipes:207-SN,recipe 207 arm SN,,lean_staten,scratch,cap-6 train.jsonl 155k,6,rl-harness-EI,0,dev1108,1108,dev_metric,64,0.8,781,lean_only,,2026-09-30,copied,nd-rl:robbie-experiments:experiment-summaries/2026-09-28-combined-model/charts/state_runs.csv
robbie-state-recipes:207-SN,recipe 207 arm SN,,lean_staten,scratch,cap-6 train.jsonl 155k,6,rl-harness-EI,1,dev1108,1108,dev_metric,64,0.8,777,lean_only,,2026-09-30,copied,nd-rl:robbie-experiments:experiment-summaries/2026-09-28-combined-model/charts/state_runs.csv
robbie-state-recipes:207-SN,recipe 207 arm SN,,lean_staten,scratch,cap-6 train.jsonl 155k,6,rl-harness-EI,2,dev1108,1108,dev_metric,64,0.8,814,lean_only,,2026-09-30,copied,nd-rl:robbie-experiments:experiment-summaries/2026-09-28-combined-model/charts/state_runs.csv
robbie-state-recipes:207-SH,recipe 207 arm SH,,lean_stateh,scratch,cap-6 train.jsonl 155k,6,rl-harness-EI,0,dev1108,1108,dev_metric,64,0.8,665,lean_only,,2026-09-30,copied,nd-rl:robbie-experiments:experiment-summaries/2026-09-28-combined-model/charts/state_runs.csv
robbie-state-recipes:207-SH,recipe 207 arm SH,,lean_stateh,scratch,cap-6 train.jsonl 155k,6,rl-harness-EI,1,dev1108,1108,dev_metric,64,0.8,676,lean_only,,2026-09-30,copied,nd-rl:robbie-experiments:experiment-summaries/2026-09-28-combined-model/charts/state_runs.csv
robbie-state-recipes:207-SH,recipe 207 arm SH,,lean_stateh,scratch,cap-6 train.jsonl 155k,6,rl-harness-EI,2,dev1108,1108,dev_metric,64,0.8,687,lean_only,,2026-09-30,copied,nd-rl:robbie-experiments:experiment-summaries/2026-09-28-combined-model/charts/state_runs.csv
robbie-state-recipes:201-C0,recipe 201 arm C0,,lean_seq,scratch,cap-6 train.jsonl 155k,6,rl-harness-EI,0,dev1108,1108,dev_metric,64,0.8,609,lean_only,,2026-09-30,copied,nd-rl:robbie-experiments:experiment-summaries/2026-09-28-combined-model/charts/state_runs.csv
robbie-state-recipes:201-C0,recipe 201 arm C0,,lean_seq,scratch,cap-6 train.jsonl 155k,6,rl-harness-EI,1,dev1108,1108,dev_metric,64,0.8,638,lean_only,,2026-09-30,copied,nd-rl:robbie-experiments:experiment-summaries/2026-09-28-combined-model/charts/state_runs.csv
robbie-state-recipes:201-C0,recipe 201 arm C0,,lean_seq,scratch,cap-6 train.jsonl 155k,6,rl-harness-EI,2,dev1108,1108,dev_metric,64,0.8,579,lean_only,,2026-09-30,copied,nd-rl:robbie-experiments:experiment-summaries/2026-09-28-combined-model/charts/state_runs.csv
robbie-state-recipes:201-C0k192,recipe 201 arm C0k192,,lean_seq,scratch,cap-6 train.jsonl 155k,6,rl-harness-EI-k192,0,dev1108,1108,dev_metric,64,0.8,674,lean_only,,2026-09-30,copied,nd-rl:robbie-experiments:experiment-summaries/2026-09-28-combined-model/charts/state_runs.csv
robbie-state-recipes:201-C0k192,recipe 201 arm C0k192,,lean_seq,scratch,cap-6 train.jsonl 155k,6,rl-harness-EI-k192,1,dev1108,1108,dev_metric,64,0.8,678,lean_only,,2026-09-30,copied,nd-rl:robbie-experiments:experiment-summaries/2026-09-28-combined-model/charts/state_runs.csv
robbie-state-recipes:201-C0k192,recipe 201 arm C0k192,,lean_seq,scratch,cap-6 train.jsonl 155k,6,rl-harness-EI-k192,2,dev1108,1108,dev_metric,64,0.8,626,lean_only,,2026-09-30,copied,nd-rl:robbie-experiments:experiment-summaries/2026-09-28-combined-model/charts/state_runs.csv
robbie-state-recipes:201-SN,recipe 201 arm SN,,lean_staten,scratch,cap-6 train.jsonl 155k,6,rl-harness-EI,0,dev1108,1108,dev_metric,64,0.8,723,lean_only,,2026-09-30,copied,nd-rl:robbie-experiments:experiment-summaries/2026-09-28-combined-model/charts/state_runs.csv
robbie-state-recipes:201-SN,recipe 201 arm SN,,lean_staten,scratch,cap-6 train.jsonl 155k,6,rl-harness-EI,1,dev1108,1108,dev_metric,64,0.8,720,lean_only,,2026-09-30,copied,nd-rl:robbie-experiments:experiment-summaries/2026-09-28-combined-model/charts/state_runs.csv
robbie-state-recipes:201-SN,recipe 201 arm SN,,lean_staten,scratch,cap-6 train.jsonl 155k,6,rl-harness-EI,2,dev1108,1108,dev_metric,64,0.8,720,lean_only,,2026-09-30,copied,nd-rl:robbie-experiments:experiment-summaries/2026-09-28-combined-model/charts/state_runs.csv
robbie-state-recipes:201-SH,recipe 201 arm SH,,lean_stateh,scratch,cap-6 train.jsonl 155k,6,rl-harness-EI,0,dev1108,1108,dev_metric,64,0.8,594,lean_only,,2026-09-30,copied,nd-rl:robbie-experiments:experiment-summaries/2026-09-28-combined-model/charts/state_runs.csv
robbie-state-recipes:201-SH,recipe 201 arm SH,,lean_stateh,scratch,cap-6 train.jsonl 155k,6,rl-harness-EI,1,dev1108,1108,dev_metric,64,0.8,672,lean_only,,2026-09-30,copied,nd-rl:robbie-experiments:experiment-summaries/2026-09-28-combined-model/charts/state_runs.csv
robbie-state-recipes:201-SH,recipe 201 arm SH,,lean_stateh,scratch,cap-6 train.jsonl 155k,6,rl-harness-EI,2,dev1108,1108,dev_metric,64,0.8,602,lean_only,,2026-09-30,copied,nd-rl:robbie-experiments:experiment-summaries/2026-09-28-combined-model/charts/state_runs.csv
robbie-state-recipes:204-C0,recipe 204 arm C0,,lean_seq,scratch,cap-6 train.jsonl 155k,6,rl-harness-EI,0,dev1108,1108,dev_metric,64,0.8,566,lean_only,,2026-09-30,copied,nd-rl:robbie-experiments:experiment-summaries/2026-09-28-combined-model/charts/state_runs.csv
robbie-state-recipes:204-C0,recipe 204 arm C0,,lean_seq,scratch,cap-6 train.jsonl 155k,6,rl-harness-EI,1,dev1108,1108,dev_metric,64,0.8,552,lean_only,,2026-09-30,copied,nd-rl:robbie-experiments:experiment-summaries/2026-09-28-combined-model/charts/state_runs.csv
robbie-state-recipes:204-C0,recipe 204 arm C0,,lean_seq,scratch,cap-6 train.jsonl 155k,6,rl-harness-EI,2,dev1108,1108,dev_metric,64,0.8,571,lean_only,,2026-09-30,copied,nd-rl:robbie-experiments:experiment-summaries/2026-09-28-combined-model/charts/state_runs.csv
robbie-state-recipes:204-C0k192,recipe 204 arm C0k192,,lean_seq,scratch,cap-6 train.jsonl 155k,6,rl-harness-EI-k192,0,dev1108,1108,dev_metric,64,0.8,610,lean_only,,2026-09-30,copied,nd-rl:robbie-experiments:experiment-summaries/2026-09-28-combined-model/charts/state_runs.csv
robbie-state-recipes:204-C0k192,recipe 204 arm C0k192,,lean_seq,scratch,cap-6 train.jsonl 155k,6,rl-harness-EI-k192,1,dev1108,1108,dev_metric,64,0.8,642,lean_only,,2026-09-30,copied,nd-rl:robbie-experiments:experiment-summaries/2026-09-28-combined-model/charts/state_runs.csv
robbie-state-recipes:204-C0k192,recipe 204 arm C0k192,,lean_seq,scratch,cap-6 train.jsonl 155k,6,rl-harness-EI-k192,2,dev1108,1108,dev_metric,64,0.8,629,lean_only,,2026-09-30,copied,nd-rl:robbie-experiments:experiment-summaries/2026-09-28-combined-model/charts/state_runs.csv
robbie-state-recipes:204-SN,recipe 204 arm SN,,lean_staten,scratch,cap-6 train.jsonl 155k,6,rl-harness-EI,0,dev1108,1108,dev_metric,64,0.8,705,lean_only,,2026-09-30,copied,nd-rl:robbie-experiments:experiment-summaries/2026-09-28-combined-model/charts/state_runs.csv
robbie-state-recipes:204-SN,recipe 204 arm SN,,lean_staten,scratch,cap-6 train.jsonl 155k,6,rl-harness-EI,1,dev1108,1108,dev_metric,64,0.8,744,lean_only,,2026-09-30,copied,nd-rl:robbie-experiments:experiment-summaries/2026-09-28-combined-model/charts/state_runs.csv
robbie-state-recipes:204-SN,recipe 204 arm SN,,lean_staten,scratch,cap-6 train.jsonl 155k,6,rl-harness-EI,2,dev1108,1108,dev_metric,64,0.8,790,lean_only,,2026-09-30,copied,nd-rl:robbie-experiments:experiment-summaries/2026-09-28-combined-model/charts/state_runs.csv
robbie-state-recipes:204-SH,recipe 204 arm SH,,lean_stateh,scratch,cap-6 train.jsonl 155k,6,rl-harness-EI,0,dev1108,1108,dev_metric,64,0.8,660,lean_only,,2026-09-30,copied,nd-rl:robbie-experiments:experiment-summaries/2026-09-28-combined-model/charts/state_runs.csv
robbie-state-recipes:204-SH,recipe 204 arm SH,,lean_stateh,scratch,cap-6 train.jsonl 155k,6,rl-harness-EI,1,dev1108,1108,dev_metric,64,0.8,702,lean_only,,2026-09-30,copied,nd-rl:robbie-experiments:experiment-summaries/2026-09-28-combined-model/charts/state_runs.csv
robbie-state-recipes:204-SH,recipe 204 arm SH,,lean_stateh,scratch,cap-6 train.jsonl 155k,6,rl-harness-EI,2,dev1108,1108,dev_metric,64,0.8,658,lean_only,,2026-09-30,copied,nd-rl:robbie-experiments:experiment-summaries/2026-09-28-combined-model/charts/state_runs.csv
robbie-combined-pipeline:c005,c005 inference=plain k=1,9.56M,lean_seq,scratch,cap-6 train.jsonl 155k,6,tts-plain,mean(3),holdout1177,1177,pass_frac_at_setting,k=1,0.8,0.3118,lean_and_ndverify,,2026-09-29,copied,nd-rl:robbie-experiments:experiment-summaries/2026-09-29-test-time-scaling/charts/scaling.csv
robbie-combined-pipeline:c005,c005 inference=plain k=2,9.56M,lean_seq,scratch,cap-6 train.jsonl 155k,6,tts-plain,mean(3),holdout1177,1177,pass_frac_at_setting,k=2,0.8,0.4662,lean_and_ndverify,,2026-09-29,copied,nd-rl:robbie-experiments:experiment-summaries/2026-09-29-test-time-scaling/charts/scaling.csv
robbie-combined-pipeline:c005,c005 inference=plain k=4,9.56M,lean_seq,scratch,cap-6 train.jsonl 155k,6,tts-plain,mean(3),holdout1177,1177,pass_frac_at_setting,k=4,0.8,0.6054,lean_and_ndverify,,2026-09-29,copied,nd-rl:robbie-experiments:experiment-summaries/2026-09-29-test-time-scaling/charts/scaling.csv
robbie-combined-pipeline:c005,c005 inference=plain k=8,9.56M,lean_seq,scratch,cap-6 train.jsonl 155k,6,tts-plain,mean(3),holdout1177,1177,pass_frac_at_setting,k=8,0.8,0.6977,lean_and_ndverify,,2026-09-29,copied,nd-rl:robbie-experiments:experiment-summaries/2026-09-29-test-time-scaling/charts/scaling.csv
robbie-combined-pipeline:c005,c005 inference=plain k=16,9.56M,lean_seq,scratch,cap-6 train.jsonl 155k,6,tts-plain,mean(3),holdout1177,1177,pass_frac_at_setting,k=16,0.8,0.7518,lean_and_ndverify,,2026-09-29,copied,nd-rl:robbie-experiments:experiment-summaries/2026-09-29-test-time-scaling/charts/scaling.csv
robbie-combined-pipeline:c005,c005 inference=plain k=32,9.56M,lean_seq,scratch,cap-6 train.jsonl 155k,6,tts-plain,mean(3),holdout1177,1177,pass_frac_at_setting,k=32,0.8,0.7851,lean_and_ndverify,,2026-09-29,copied,nd-rl:robbie-experiments:experiment-summaries/2026-09-29-test-time-scaling/charts/scaling.csv
robbie-combined-pipeline:c005,c005 inference=plain k=64,9.56M,lean_seq,scratch,cap-6 train.jsonl 155k,6,tts-plain,mean(3),holdout1177,1177,pass_frac_at_setting,k=64,0.8,0.8080,lean_and_ndverify,,2026-09-29,copied,nd-rl:robbie-experiments:experiment-summaries/2026-09-29-test-time-scaling/charts/scaling.csv
robbie-combined-pipeline:c005,c005 inference=resample k=1,9.56M,lean_seq,scratch,cap-6 train.jsonl 155k,6,tts-resample,mean(3),holdout1177,1177,pass_frac_at_setting,k=1,0.8,0.5738,lean_and_ndverify,,2026-09-29,copied,nd-rl:robbie-experiments:experiment-summaries/2026-09-29-test-time-scaling/charts/scaling.csv
robbie-combined-pipeline:c005,c005 inference=resample k=2,9.56M,lean_seq,scratch,cap-6 train.jsonl 155k,6,tts-resample,mean(3),holdout1177,1177,pass_frac_at_setting,k=2,0.8,0.6986,lean_and_ndverify,,2026-09-29,copied,nd-rl:robbie-experiments:experiment-summaries/2026-09-29-test-time-scaling/charts/scaling.csv
robbie-combined-pipeline:c005,c005 inference=resample k=4,9.56M,lean_seq,scratch,cap-6 train.jsonl 155k,6,tts-resample,mean(3),holdout1177,1177,pass_frac_at_setting,k=4,0.8,0.7653,lean_and_ndverify,,2026-09-29,copied,nd-rl:robbie-experiments:experiment-summaries/2026-09-29-test-time-scaling/charts/scaling.csv
robbie-combined-pipeline:c005,c005 inference=resample k=8,9.56M,lean_seq,scratch,cap-6 train.jsonl 155k,6,tts-resample,mean(3),holdout1177,1177,pass_frac_at_setting,k=8,0.8,0.8019,lean_and_ndverify,,2026-09-29,copied,nd-rl:robbie-experiments:experiment-summaries/2026-09-29-test-time-scaling/charts/scaling.csv
robbie-combined-pipeline:c005,c005 inference=resample k=16,9.56M,lean_seq,scratch,cap-6 train.jsonl 155k,6,tts-resample,mean(3),holdout1177,1177,pass_frac_at_setting,k=16,0.8,0.8256,lean_and_ndverify,,2026-09-29,copied,nd-rl:robbie-experiments:experiment-summaries/2026-09-29-test-time-scaling/charts/scaling.csv
robbie-combined-pipeline:c005,c005 inference=resample k=32,9.56M,lean_seq,scratch,cap-6 train.jsonl 155k,6,tts-resample,mean(3),holdout1177,1177,pass_frac_at_setting,k=32,0.8,0.8426,lean_and_ndverify,,2026-09-29,copied,nd-rl:robbie-experiments:experiment-summaries/2026-09-29-test-time-scaling/charts/scaling.csv
robbie-combined-pipeline:c005,c005 inference=resample k=64,9.56M,lean_seq,scratch,cap-6 train.jsonl 155k,6,tts-resample,mean(3),holdout1177,1177,pass_frac_at_setting,k=64,0.8,0.8556,lean_and_ndverify,,2026-09-29,copied,nd-rl:robbie-experiments:experiment-summaries/2026-09-29-test-time-scaling/charts/scaling.csv
robbie-combined-pipeline:c005,c005 inference=beam B=1,9.56M,lean_seq,scratch,cap-6 train.jsonl 155k,6,tts-beam,mean(3),holdout1177,1177,pass_frac_at_setting,B=1,0.8,0.6338,lean_and_ndverify,,2026-09-29,copied,nd-rl:robbie-experiments:experiment-summaries/2026-09-29-test-time-scaling/charts/scaling.csv
robbie-combined-pipeline:c005,c005 inference=beam B=2,9.56M,lean_seq,scratch,cap-6 train.jsonl 155k,6,tts-beam,mean(3),holdout1177,1177,pass_frac_at_setting,B=2,0.8,0.7097,lean_and_ndverify,,2026-09-29,copied,nd-rl:robbie-experiments:experiment-summaries/2026-09-29-test-time-scaling/charts/scaling.csv
robbie-combined-pipeline:c005,c005 inference=beam B=4,9.56M,lean_seq,scratch,cap-6 train.jsonl 155k,6,tts-beam,mean(3),holdout1177,1177,pass_frac_at_setting,B=4,0.8,0.7420,lean_and_ndverify,,2026-09-29,copied,nd-rl:robbie-experiments:experiment-summaries/2026-09-29-test-time-scaling/charts/scaling.csv
robbie-combined-pipeline:c005,c005 inference=beam B=8,9.56M,lean_seq,scratch,cap-6 train.jsonl 155k,6,tts-beam,mean(3),holdout1177,1177,pass_frac_at_setting,B=8,0.8,0.7598,lean_and_ndverify,,2026-09-29,copied,nd-rl:robbie-experiments:experiment-summaries/2026-09-29-test-time-scaling/charts/scaling.csv
robbie-combined-pipeline:c005,c005 inference=beam B=16,9.56M,lean_seq,scratch,cap-6 train.jsonl 155k,6,tts-beam,mean(3),holdout1177,1177,pass_frac_at_setting,B=16,0.8,0.7658,lean_and_ndverify,,2026-09-29,copied,nd-rl:robbie-experiments:experiment-summaries/2026-09-29-test-time-scaling/charts/scaling.csv
robbie-combined-pipeline:c005,c005 inference=smc N=2,9.56M,lean_seq,scratch,cap-6 train.jsonl 155k,6,tts-smc,mean(3),holdout1177,1177,pass_frac_at_setting,N=2,0.8,0.5523,lean_and_ndverify,,2026-09-29,copied,nd-rl:robbie-experiments:experiment-summaries/2026-09-29-test-time-scaling/charts/scaling.csv
robbie-combined-pipeline:c005,c005 inference=smc N=4,9.56M,lean_seq,scratch,cap-6 train.jsonl 155k,6,tts-smc,mean(3),holdout1177,1177,pass_frac_at_setting,N=4,0.8,0.6956,lean_and_ndverify,,2026-09-29,copied,nd-rl:robbie-experiments:experiment-summaries/2026-09-29-test-time-scaling/charts/scaling.csv
robbie-combined-pipeline:c005,c005 inference=smc N=8,9.56M,lean_seq,scratch,cap-6 train.jsonl 155k,6,tts-smc,mean(3),holdout1177,1177,pass_frac_at_setting,N=8,0.8,0.7664,lean_and_ndverify,,2026-09-29,copied,nd-rl:robbie-experiments:experiment-summaries/2026-09-29-test-time-scaling/charts/scaling.csv
robbie-combined-pipeline:c005,c005 inference=smc N=16,9.56M,lean_seq,scratch,cap-6 train.jsonl 155k,6,tts-smc,mean(3),holdout1177,1177,pass_frac_at_setting,N=16,0.8,0.8060,lean_and_ndverify,,2026-09-29,copied,nd-rl:robbie-experiments:experiment-summaries/2026-09-29-test-time-scaling/charts/scaling.csv
robbie-combined-pipeline:c005,c005 inference=smc N=32,9.56M,lean_seq,scratch,cap-6 train.jsonl 155k,6,tts-smc,mean(3),holdout1177,1177,pass_frac_at_setting,N=32,0.8,0.8287,lean_and_ndverify,,2026-09-29,copied,nd-rl:robbie-experiments:experiment-summaries/2026-09-29-test-time-scaling/charts/scaling.csv
robbie-combined-pipeline:c005,c005 inference=smc N=64,9.56M,lean_seq,scratch,cap-6 train.jsonl 155k,6,tts-smc,mean(3),holdout1177,1177,pass_frac_at_setting,N=64,0.8,0.8440,lean_and_ndverify,,2026-09-29,copied,nd-rl:robbie-experiments:experiment-summaries/2026-09-29-test-time-scaling/charts/scaling.csv
robbie-combined-pipeline:c005,c005 inference=best-first budget 500,9.56M,lean_seq,scratch,cap-6 train.jsonl 155k,6,tts-best-first,mean(3),holdout1177,1177,pass_frac_at_setting,budget 500,0.8,0.0000,lean_and_ndverify,,2026-09-29,copied,nd-rl:robbie-experiments:experiment-summaries/2026-09-29-test-time-scaling/charts/scaling.csv
robbie-combined-pipeline:c005,c005 inference=best-first budget 1000,9.56M,lean_seq,scratch,cap-6 train.jsonl 155k,6,tts-best-first,mean(3),holdout1177,1177,pass_frac_at_setting,budget 1000,0.8,0.0459,lean_and_ndverify,,2026-09-29,copied,nd-rl:robbie-experiments:experiment-summaries/2026-09-29-test-time-scaling/charts/scaling.csv
robbie-combined-pipeline:c005,c005 inference=best-first budget 2000,9.56M,lean_seq,scratch,cap-6 train.jsonl 155k,6,tts-best-first,mean(3),holdout1177,1177,pass_frac_at_setting,budget 2000,0.8,0.2914,lean_and_ndverify,,2026-09-29,copied,nd-rl:robbie-experiments:experiment-summaries/2026-09-29-test-time-scaling/charts/scaling.csv
robbie-combined-pipeline:c005,c005 inference=best-first budget 4000,9.56M,lean_seq,scratch,cap-6 train.jsonl 155k,6,tts-best-first,mean(3),holdout1177,1177,pass_frac_at_setting,budget 4000,0.8,0.5098,lean_and_ndverify,,2026-09-29,copied,nd-rl:robbie-experiments:experiment-summaries/2026-09-29-test-time-scaling/charts/scaling.csv
robbie-combined-pipeline:c005,c005 inference=best-first budget 8000,9.56M,lean_seq,scratch,cap-6 train.jsonl 155k,6,tts-best-first,mean(3),holdout1177,1177,pass_frac_at_setting,budget 8000,0.8,0.6675,lean_and_ndverify,,2026-09-29,copied,nd-rl:robbie-experiments:experiment-summaries/2026-09-29-test-time-scaling/charts/scaling.csv
robbie-combined-pipeline:c005,c005 inference=best-first budget 16000,9.56M,lean_seq,scratch,cap-6 train.jsonl 155k,6,tts-best-first,mean(3),holdout1177,1177,pass_frac_at_setting,budget 16000,0.8,0.7584,lean_and_ndverify,,2026-09-29,copied,nd-rl:robbie-experiments:experiment-summaries/2026-09-29-test-time-scaling/charts/scaling.csv
robbie-combined-pipeline:c005,c005 inference=plain,9.56M,lean_seq,scratch,cap-6 train.jsonl 155k,6,tts-plain,mean(3),textbook72,72,pass_at_k_frac,1,0.8,0.1765,lean_and_ndverify,,2026-09-29,copied,nd-rl:robbie-experiments:experiment-summaries/2026-09-28-combined-model/charts/textbook-tts.csv
robbie-combined-pipeline:c005,c005 inference=plain,9.56M,lean_seq,scratch,cap-6 train.jsonl 155k,6,tts-plain,mean(3),textbook72,72,pass_at_k_frac,2,0.8,0.2213,lean_and_ndverify,,2026-09-29,copied,nd-rl:robbie-experiments:experiment-summaries/2026-09-28-combined-model/charts/textbook-tts.csv
robbie-combined-pipeline:c005,c005 inference=plain,9.56M,lean_seq,scratch,cap-6 train.jsonl 155k,6,tts-plain,mean(3),textbook72,72,pass_at_k_frac,4,0.8,0.2620,lean_and_ndverify,,2026-09-29,copied,nd-rl:robbie-experiments:experiment-summaries/2026-09-28-combined-model/charts/textbook-tts.csv
robbie-combined-pipeline:c005,c005 inference=plain,9.56M,lean_seq,scratch,cap-6 train.jsonl 155k,6,tts-plain,mean(3),textbook72,72,pass_at_k_frac,8,0.8,0.2980,lean_and_ndverify,,2026-09-29,copied,nd-rl:robbie-experiments:experiment-summaries/2026-09-28-combined-model/charts/textbook-tts.csv
robbie-combined-pipeline:c005,c005 inference=plain,9.56M,lean_seq,scratch,cap-6 train.jsonl 155k,6,tts-plain,mean(3),textbook72,72,pass_at_k_frac,16,0.8,0.3301,lean_and_ndverify,,2026-09-29,copied,nd-rl:robbie-experiments:experiment-summaries/2026-09-28-combined-model/charts/textbook-tts.csv
robbie-combined-pipeline:c005,c005 inference=plain,9.56M,lean_seq,scratch,cap-6 train.jsonl 155k,6,tts-plain,mean(3),textbook72,72,pass_at_k_frac,32,0.8,0.3588,lean_and_ndverify,,2026-09-29,copied,nd-rl:robbie-experiments:experiment-summaries/2026-09-28-combined-model/charts/textbook-tts.csv
robbie-combined-pipeline:c005,c005 inference=plain,9.56M,lean_seq,scratch,cap-6 train.jsonl 155k,6,tts-plain,mean(3),textbook72,72,pass_at_k_frac,64,0.8,0.3825,lean_and_ndverify,,2026-09-29,copied,nd-rl:robbie-experiments:experiment-summaries/2026-09-28-combined-model/charts/textbook-tts.csv
robbie-combined-pipeline:c005,c005 inference=plain,9.56M,lean_seq,scratch,cap-6 train.jsonl 155k,6,tts-plain,mean(3),textbook72,72,pass_at_k_frac,128,0.8,0.4019,lean_and_ndverify,,2026-09-29,copied,nd-rl:robbie-experiments:experiment-summaries/2026-09-28-combined-model/charts/textbook-tts.csv
robbie-combined-pipeline:c005,c005 inference=plain,9.56M,lean_seq,scratch,cap-6 train.jsonl 155k,6,tts-plain,mean(3),textbook72,72,pass_at_k_frac,256,0.8,0.4167,lean_and_ndverify,,2026-09-29,copied,nd-rl:robbie-experiments:experiment-summaries/2026-09-28-combined-model/charts/textbook-tts.csv
robbie-combined-pipeline:c005,c005 inference=resample,9.56M,lean_seq,scratch,cap-6 train.jsonl 155k,6,tts-resample,mean(3),textbook72,72,pass_at_k_frac,1,0.8,0.2596,lean_and_ndverify,,2026-09-29,copied,nd-rl:robbie-experiments:experiment-summaries/2026-09-28-combined-model/charts/textbook-tts.csv
robbie-combined-pipeline:c005,c005 inference=resample,9.56M,lean_seq,scratch,cap-6 train.jsonl 155k,6,tts-resample,mean(3),textbook72,72,pass_at_k_frac,2,0.8,0.3106,lean_and_ndverify,,2026-09-29,copied,nd-rl:robbie-experiments:experiment-summaries/2026-09-28-combined-model/charts/textbook-tts.csv
robbie-combined-pipeline:c005,c005 inference=resample,9.56M,lean_seq,scratch,cap-6 train.jsonl 155k,6,tts-resample,mean(3),textbook72,72,pass_at_k_frac,4,0.8,0.3527,lean_and_ndverify,,2026-09-29,copied,nd-rl:robbie-experiments:experiment-summaries/2026-09-28-combined-model/charts/textbook-tts.csv
robbie-combined-pipeline:c005,c005 inference=resample,9.56M,lean_seq,scratch,cap-6 train.jsonl 155k,6,tts-resample,mean(3),textbook72,72,pass_at_k_frac,8,0.8,0.3862,lean_and_ndverify,,2026-09-29,copied,nd-rl:robbie-experiments:experiment-summaries/2026-09-28-combined-model/charts/textbook-tts.csv
robbie-combined-pipeline:c005,c005 inference=resample,9.56M,lean_seq,scratch,cap-6 train.jsonl 155k,6,tts-resample,mean(3),textbook72,72,pass_at_k_frac,16,0.8,0.4123,lean_and_ndverify,,2026-09-29,copied,nd-rl:robbie-experiments:experiment-summaries/2026-09-28-combined-model/charts/textbook-tts.csv
robbie-combined-pipeline:c005,c005 inference=resample,9.56M,lean_seq,scratch,cap-6 train.jsonl 155k,6,tts-resample,mean(3),textbook72,72,pass_at_k_frac,32,0.8,0.4358,lean_and_ndverify,,2026-09-29,copied,nd-rl:robbie-experiments:experiment-summaries/2026-09-28-combined-model/charts/textbook-tts.csv
robbie-combined-pipeline:c005,c005 inference=resample,9.56M,lean_seq,scratch,cap-6 train.jsonl 155k,6,tts-resample,mean(3),textbook72,72,pass_at_k_frac,64,0.8,0.4605,lean_and_ndverify,,2026-09-29,copied,nd-rl:robbie-experiments:experiment-summaries/2026-09-28-combined-model/charts/textbook-tts.csv
robbie-combined-pipeline:c005,c005 inference=resample,9.56M,lean_seq,scratch,cap-6 train.jsonl 155k,6,tts-resample,mean(3),textbook72,72,pass_at_k_frac,128,0.8,0.4841,lean_and_ndverify,,2026-09-29,copied,nd-rl:robbie-experiments:experiment-summaries/2026-09-28-combined-model/charts/textbook-tts.csv
robbie-combined-pipeline:c005,c005 inference=resample,9.56M,lean_seq,scratch,cap-6 train.jsonl 155k,6,tts-resample,mean(3),textbook72,72,pass_at_k_frac,256,0.8,0.5046,lean_and_ndverify,,2026-09-29,copied,nd-rl:robbie-experiments:experiment-summaries/2026-09-28-combined-model/charts/textbook-tts.csv
robbie-combined-pipeline:c005,"c005 inference=resample, no repeats",9.56M,lean_seq,scratch,cap-6 train.jsonl 155k,6,"tts-resample, no repeats",mean(3),textbook72,72,pass_at_k_frac,1,0.8,0.2736,lean_and_ndverify,,2026-09-29,copied,nd-rl:robbie-experiments:experiment-summaries/2026-09-28-combined-model/charts/textbook-tts.csv
robbie-combined-pipeline:c005,"c005 inference=resample, no repeats",9.56M,lean_seq,scratch,cap-6 train.jsonl 155k,6,"tts-resample, no repeats",mean(3),textbook72,72,pass_at_k_frac,2,0.8,0.3288,lean_and_ndverify,,2026-09-29,copied,nd-rl:robbie-experiments:experiment-summaries/2026-09-28-combined-model/charts/textbook-tts.csv
robbie-combined-pipeline:c005,"c005 inference=resample, no repeats",9.56M,lean_seq,scratch,cap-6 train.jsonl 155k,6,"tts-resample, no repeats",mean(3),textbook72,72,pass_at_k_frac,4,0.8,0.3750,lean_and_ndverify,,2026-09-29,copied,nd-rl:robbie-experiments:experiment-summaries/2026-09-28-combined-model/charts/textbook-tts.csv
robbie-combined-pipeline:c005,"c005 inference=resample, no repeats",9.56M,lean_seq,scratch,cap-6 train.jsonl 155k,6,"tts-resample, no repeats",mean(3),textbook72,72,pass_at_k_frac,8,0.8,0.4109,lean_and_ndverify,,2026-09-29,copied,nd-rl:robbie-experiments:experiment-summaries/2026-09-28-combined-model/charts/textbook-tts.csv
robbie-combined-pipeline:c005,"c005 inference=resample, no repeats",9.56M,lean_seq,scratch,cap-6 train.jsonl 155k,6,"tts-resample, no repeats",mean(3),textbook72,72,pass_at_k_frac,16,0.8,0.4389,lean_and_ndverify,,2026-09-29,copied,nd-rl:robbie-experiments:experiment-summaries/2026-09-28-combined-model/charts/textbook-tts.csv
robbie-combined-pipeline:c005,"c005 inference=resample, no repeats",9.56M,lean_seq,scratch,cap-6 train.jsonl 155k,6,"tts-resample, no repeats",mean(3),textbook72,72,pass_at_k_frac,32,0.8,0.4639,lean_and_ndverify,,2026-09-29,copied,nd-rl:robbie-experiments:experiment-summaries/2026-09-28-combined-model/charts/textbook-tts.csv
robbie-combined-pipeline:c005,"c005 inference=resample, no repeats",9.56M,lean_seq,scratch,cap-6 train.jsonl 155k,6,"tts-resample, no repeats",mean(3),textbook72,72,pass_at_k_frac,64,0.8,0.4874,lean_and_ndverify,,2026-09-29,copied,nd-rl:robbie-experiments:experiment-summaries/2026-09-28-combined-model/charts/textbook-tts.csv
robbie-combined-pipeline:c005,"c005 inference=resample, no repeats",9.56M,lean_seq,scratch,cap-6 train.jsonl 155k,6,"tts-resample, no repeats",mean(3),textbook72,72,pass_at_k_frac,128,0.8,0.5064,lean_and_ndverify,,2026-09-29,copied,nd-rl:robbie-experiments:experiment-summaries/2026-09-28-combined-model/charts/textbook-tts.csv
robbie-combined-pipeline:c005,"c005 inference=resample, no repeats",9.56M,lean_seq,scratch,cap-6 train.jsonl 155k,6,"tts-resample, no repeats",mean(3),textbook72,72,pass_at_k_frac,256,0.8,0.5185,lean_and_ndverify,,2026-09-29,copied,nd-rl:robbie-experiments:experiment-summaries/2026-09-28-combined-model/charts/textbook-tts.csv
robbie-ttrl-scale:baseline,c005 recorded dev score,9.56M,lean_seq,scratch,cap-6 train.jsonl 155k,6,c005,0,dev1108,1108,dev_metric,64,0.8,915,lean_and_ndverify,,2026-10-01,copied,nd-rl:robbie-experiments:experiment-summaries/2026-09-28-combined-model/README.md
robbie-ttrl-scale:baseline,c005 recorded dev score,9.56M,lean_seq,scratch,cap-6 train.jsonl 155k,6,c005,1,dev1108,1108,dev_metric,64,0.8,893,lean_and_ndverify,,2026-10-01,copied,nd-rl:robbie-experiments:experiment-summaries/2026-09-28-combined-model/README.md
robbie-ttrl-scale:baseline,c005 recorded dev score,9.56M,lean_seq,scratch,cap-6 train.jsonl 155k,6,c005,2,dev1108,1108,dev_metric,64,0.8,905,lean_and_ndverify,,2026-10-01,copied,nd-rl:robbie-experiments:experiment-summaries/2026-09-28-combined-model/README.md
robbie-ttrl-scale:sample-more,c005 + sample-more at 1x pipeline compute,9.56M,lean_seq,scratch,cap-6 train.jsonl 155k,6,sample-more@1x,mean(3),dev1108,1108,dev_solved_cumulative,,1.0,1002,lean_and_ndverify,,2026-10-01,copied,nd-rl:robbie-experiments:experiment-summaries/2026-09-28-combined-model/README.md
robbie-ttrl-scale:sample-more,c005 + sample-more at 2x pipeline compute,9.56M,lean_seq,scratch,cap-6 train.jsonl 155k,6,sample-more@2x,mean(3),dev1108,1108,dev_solved_cumulative,,1.0,1014,lean_and_ndverify,,2026-10-01,copied,nd-rl:robbie-experiments:experiment-summaries/2026-09-28-combined-model/README.md
robbie-ttrl-scale:sample-more,c005 + sample-more at 3x pipeline compute,9.56M,lean_seq,scratch,cap-6 train.jsonl 155k,6,sample-more@3x,mean(3),dev1108,1108,dev_solved_cumulative,,1.0,1017,lean_and_ndverify,,2026-10-01,copied,nd-rl:robbie-experiments:experiment-summaries/2026-09-28-combined-model/README.md
robbie-ttrl-scale:sample-more,c005 + sample-more at 4x pipeline compute,9.56M,lean_seq,scratch,cap-6 train.jsonl 155k,6,sample-more@4x,mean(3),dev1108,1108,dev_solved_cumulative,,1.0,1019,lean_and_ndverify,,2026-10-01,copied,nd-rl:robbie-experiments:experiment-summaries/2026-09-28-combined-model/README.md
robbie-ttrl-scale:sample-more,c005 + sample-more at 5x pipeline compute,9.56M,lean_seq,scratch,cap-6 train.jsonl 155k,6,sample-more@5x,mean(3),dev1108,1108,dev_solved_cumulative,,1.0,1020,lean_and_ndverify,,2026-10-01,copied,nd-rl:robbie-experiments:experiment-summaries/2026-09-28-combined-model/README.md
robbie-ttrl-scale:targets-only-EI,c005 + targets-only-EI at 1x pipeline compute,9.56M,lean_seq,scratch,cap-6 train.jsonl 155k,6,targets-only-EI@1x,mean(3),dev1108,1108,dev_solved_cumulative,,1.0,1069,lean_and_ndverify,,2026-10-01,copied,nd-rl:robbie-experiments:experiment-summaries/2026-09-28-combined-model/README.md
robbie-ttrl-scale:targets-only-EI,c005 + targets-only-EI at 2x pipeline compute,9.56M,lean_seq,scratch,cap-6 train.jsonl 155k,6,targets-only-EI@2x,mean(3),dev1108,1108,dev_solved_cumulative,,1.0,1082,lean_and_ndverify,,2026-10-01,copied,nd-rl:robbie-experiments:experiment-summaries/2026-09-28-combined-model/README.md
robbie-ttrl-scale:targets-only-EI,c005 + targets-only-EI at 3x pipeline compute,9.56M,lean_seq,scratch,cap-6 train.jsonl 155k,6,targets-only-EI@3x,mean(3),dev1108,1108,dev_solved_cumulative,,1.0,1085,lean_and_ndverify,,2026-10-01,copied,nd-rl:robbie-experiments:experiment-summaries/2026-09-28-combined-model/README.md
robbie-ttrl-scale:targets-only-EI,c005 + targets-only-EI at 4x pipeline compute,9.56M,lean_seq,scratch,cap-6 train.jsonl 155k,6,targets-only-EI@4x,mean(3),dev1108,1108,dev_solved_cumulative,,1.0,1086,lean_and_ndverify,,2026-10-01,copied,nd-rl:robbie-experiments:experiment-summaries/2026-09-28-combined-model/README.md
robbie-ttrl-scale:targets-only-EI,c005 + targets-only-EI at 5x pipeline compute,9.56M,lean_seq,scratch,cap-6 train.jsonl 155k,6,targets-only-EI@5x,mean(3),dev1108,1108,dev_solved_cumulative,,1.0,1088,lean_and_ndverify,,2026-10-01,copied,nd-rl:robbie-experiments:experiment-summaries/2026-09-28-combined-model/README.md
robbie-ttrl-scale:TTRL,c005 + TTRL at 1x pipeline compute,9.56M,lean_seq,scratch,cap-6 train.jsonl 155k,6,TTRL@1x,mean(3),dev1108,1108,dev_solved_cumulative,,1.0,929,lean_and_ndverify,,2026-10-01,copied,nd-rl:robbie-experiments:experiment-summaries/2026-09-28-combined-model/README.md
robbie-ttrl-scale:TTRL,c005 + TTRL at 2x pipeline compute,9.56M,lean_seq,scratch,cap-6 train.jsonl 155k,6,TTRL@2x,mean(3),dev1108,1108,dev_solved_cumulative,,1.0,986,lean_and_ndverify,,2026-10-01,copied,nd-rl:robbie-experiments:experiment-summaries/2026-09-28-combined-model/README.md
robbie-ttrl-scale:TTRL,c005 + TTRL at 3x pipeline compute,9.56M,lean_seq,scratch,cap-6 train.jsonl 155k,6,TTRL@3x,mean(3),dev1108,1108,dev_solved_cumulative,,1.0,1034,lean_and_ndverify,,2026-10-01,copied,nd-rl:robbie-experiments:experiment-summaries/2026-09-28-combined-model/README.md
robbie-ttrl-scale:TTRL,c005 + TTRL at 4x pipeline compute,9.56M,lean_seq,scratch,cap-6 train.jsonl 155k,6,TTRL@4x,mean(3),dev1108,1108,dev_solved_cumulative,,1.0,1067,lean_and_ndverify,,2026-10-01,copied,nd-rl:robbie-experiments:experiment-summaries/2026-09-28-combined-model/README.md
robbie-ttrl-scale:TTRL,c005 + TTRL at 5x pipeline compute,9.56M,lean_seq,scratch,cap-6 train.jsonl 155k,6,TTRL@5x,mean(3),dev1108,1108,dev_solved_cumulative,,1.0,1079,lean_and_ndverify,,2026-10-01,copied,nd-rl:robbie-experiments:experiment-summaries/2026-09-28-combined-model/README.md
robbie-ttrl-dev64:TTRL,"c005 s0 on 64 failed dev targets, TTRL",9.56M,lean_seq,scratch,cap-6 train.jsonl 155k,6,TTRL,0,dev64-failures,64,solved,~2400-3100 samples/target,1.0,48,lean_and_ndverify,,2026-09-30,copied,nd-rl:robbie-experiments:experiment-summaries/2026-09-28-combined-model/README.md
robbie-ttrl-dev64:sample-more,"c005 s0 on 64 failed dev targets, sample-more",9.56M,lean_seq,scratch,cap-6 train.jsonl 155k,6,sample-more,0,dev64-failures,64,solved,~2400-3100 samples/target,1.0,31,lean_and_ndverify,,2026-09-30,copied,nd-rl:robbie-experiments:experiment-summaries/2026-09-28-combined-model/README.md
robbie-ttrl-dev64:unrelated-variants,"c005 s0 on 64 failed dev targets, unrelated-variants",9.56M,lean_seq,scratch,cap-6 train.jsonl 155k,6,unrelated-variants,0,dev64-failures,64,solved,~2400-3100 samples/target,1.0,28,lean_and_ndverify,,2026-09-30,copied,nd-rl:robbie-experiments:experiment-summaries/2026-09-28-combined-model/README.md
robbie-ttrl-dev64:TTRL,"c005 s1 on 64 failed dev targets, TTRL",9.56M,lean_seq,scratch,cap-6 train.jsonl 155k,6,TTRL,1,dev64-failures,64,solved,~2400-3100 samples/target,1.0,41,lean_and_ndverify,,2026-09-30,copied,nd-rl:robbie-experiments:experiment-summaries/2026-09-28-combined-model/README.md
robbie-ttrl-dev64:sample-more,"c005 s1 on 64 failed dev targets, sample-more",9.56M,lean_seq,scratch,cap-6 train.jsonl 155k,6,sample-more,1,dev64-failures,64,solved,~2400-3100 samples/target,1.0,31,lean_and_ndverify,,2026-09-30,copied,nd-rl:robbie-experiments:experiment-summaries/2026-09-28-combined-model/README.md
robbie-pretrain-poc:run0,"pretrain_poc run0 (4x256, abs)",3.2M,token,scratch,cap-6 train.jsonl 155k,6,frozen,0,dev1108,1108,solved,,0.8,4,nd_verify,,2026-09-22,copied,nd-rl:robbie_week1:code/experiments/current/pretrain_poc/README.md (commit 1db66e9 message)
robbie-pretrain-poc:run0,"pretrain_poc run0 (4x256, abs)",3.2M,token,scratch,cap-6 train.jsonl 155k,6,T1,0,dev1108,1108,solved,,0.8,38,nd_verify,,2026-09-22,copied,nd-rl:robbie_week1:code/experiments/current/pretrain_poc/README.md (commit 1db66e9 message)
