"family","model_label","params","format","init","train_set","cap","stage","seed","pool","n_pool","metric","k","temperature","value","checker","judge","date","provenance","source_file","L","apples_group","pool_version","max_new","max_steps","batch","trunc_frac"
"ours-3.2M-lean_state-cap6","S T1 (state-env la_T1_S_s0_r8)","3.2M","lean_state","scratch","cap-6 control depth3_f0_a1 155k","6","T1","S1s0","rr600","100","solved","256","0.8","23","lean_only","lean_judge (Lean 4.34)","2026-09-28","recomputed","fork:dan_long-pool:artifacts/lpool/rr2/state-env__la_T1_S_s0_r8.jsonl","11","A:rr600+ge17_70 k256 T0.8 seed0 (state ms48 b2048 / wp max_new1536 b1024)","transfer_long_rr600@ad71284f","","48","2048","0.000286"
"ours-3.2M-lean_state-cap6","S T1 (state-env la_T1_S_s0_r8)","3.2M","lean_state","scratch","cap-6 control depth3_f0_a1 155k","6","T1","S1s0","rr600_gen","81","solved","256","0.8","23","lean_only","lean_judge (Lean 4.34)","2026-09-28","recomputed","fork:dan_long-pool:artifacts/lpool/rr2/state-env__la_T1_S_s0_r8.jsonl","11","A:rr600+ge17_70 k256 T0.8 seed0 (state ms48 b2048 / wp max_new1536 b1024)","transfer_long_rr600@ad71284f","","48","2048","0.000286"
"ours-3.2M-lean_state-cap6","S T1 (state-env la_T1_S_s0_r8)","3.2M","lean_state","scratch","cap-6 control depth3_f0_a1 155k","6","T1","S1s0","rr600","100","solved","256","0.8","21","lean_only","lean_judge (Lean 4.34)","2026-09-28","recomputed","fork:dan_long-pool:artifacts/lpool/rr2/state-env__la_T1_S_s0_r8.jsonl","12","A:rr600+ge17_70 k256 T0.8 seed0 (state ms48 b2048 / wp max_new1536 b1024)","transfer_long_rr600@ad71284f","","48","2048","0.000286"
"ours-3.2M-lean_state-cap6","S T1 (state-env la_T1_S_s0_r8)","3.2M","lean_state","scratch","cap-6 control depth3_f0_a1 155k","6","T1","S1s0","rr600_gen","66","solved","256","0.8","20","lean_only","lean_judge (Lean 4.34)","2026-09-28","recomputed","fork:dan_long-pool:artifacts/lpool/rr2/state-env__la_T1_S_s0_r8.jsonl","12","A:rr600+ge17_70 k256 T0.8 seed0 (state ms48 b2048 / wp max_new1536 b1024)","transfer_long_rr600@ad71284f","","48","2048","0.000286"
"ours-3.2M-lean_state-cap6","S T1 (state-env la_T1_S_s0_r8)","3.2M","lean_state","scratch","cap-6 control depth3_f0_a1 155k","6","T1","S1s0","rr600","100","solved","256","0.8","11","lean_only","lean_judge (Lean 4.34)","2026-09-28","recomputed","fork:dan_long-pool:artifacts/lpool/rr2/state-env__la_T1_S_s0_r8.jsonl","13","A:rr600+ge17_70 k256 T0.8 seed0 (state ms48 b2048 / wp max_new1536 b1024)","transfer_long_rr600@ad71284f","","48","2048","0.000286"
"ours-3.2M-lean_state-cap6","S T1 (state-env la_T1_S_s0_r8)","3.2M","lean_state","scratch","cap-6 control depth3_f0_a1 155k","6","T1","S1s0","rr600_gen","90","solved","256","0.8","11","lean_only","lean_judge (Lean 4.34)","2026-09-28","recomputed","fork:dan_long-pool:artifacts/lpool/rr2/state-env__la_T1_S_s0_r8.jsonl","13","A:rr600+ge17_70 k256 T0.8 seed0 (state ms48 b2048 / wp max_new1536 b1024)","transfer_long_rr600@ad71284f","","48","2048","0.000286"
"ours-3.2M-lean_state-cap6","S T1 (state-env la_T1_S_s0_r8)","3.2M","lean_state","scratch","cap-6 control depth3_f0_a1 155k","6","T1","S1s0","rr600","100","solved","256","0.8","15","lean_only","lean_judge (Lean 4.34)","2026-09-28","recomputed","fork:dan_long-pool:artifacts/lpool/rr2/state-env__la_T1_S_s0_r8.jsonl","14","A:rr600+ge17_70 k256 T0.8 seed0 (state ms48 b2048 / wp max_new1536 b1024)","transfer_long_rr600@ad71284f","","48","2048","0.000286"
"ours-3.2M-lean_state-cap6","S T1 (state-env la_T1_S_s0_r8)","3.2M","lean_state","scratch","cap-6 control depth3_f0_a1 155k","6","T1","S1s0","rr600_gen","90","solved","256","0.8","15","lean_only","lean_judge (Lean 4.34)","2026-09-28","recomputed","fork:dan_long-pool:artifacts/lpool/rr2/state-env__la_T1_S_s0_r8.jsonl","14","A:rr600+ge17_70 k256 T0.8 seed0 (state ms48 b2048 / wp max_new1536 b1024)","transfer_long_rr600@ad71284f","","48","2048","0.000286"
"ours-3.2M-lean_state-cap6","S T1 (state-env la_T1_S_s0_r8)","3.2M","lean_state","scratch","cap-6 control depth3_f0_a1 155k","6","T1","S1s0","rr600","100","solved","256","0.8","2","lean_only","lean_judge (Lean 4.34)","2026-09-28","recomputed","fork:dan_long-pool:artifacts/lpool/rr2/state-env__la_T1_S_s0_r8.jsonl","15","A:rr600+ge17_70 k256 T0.8 seed0 (state ms48 b2048 / wp max_new1536 b1024)","transfer_long_rr600@ad71284f","","48","2048","0.000286"
"ours-3.2M-lean_state-cap6","S T1 (state-env la_T1_S_s0_r8)","3.2M","lean_state","scratch","cap-6 control depth3_f0_a1 155k","6","T1","S1s0","rr600_gen","100","solved","256","0.8","2","lean_only","lean_judge (Lean 4.34)","2026-09-28","recomputed","fork:dan_long-pool:artifacts/lpool/rr2/state-env__la_T1_S_s0_r8.jsonl","15","A:rr600+ge17_70 k256 T0.8 seed0 (state ms48 b2048 / wp max_new1536 b1024)","transfer_long_rr600@ad71284f","","48","2048","0.000286"
"ours-3.2M-lean_state-cap6","S T1 (state-env la_T1_S_s0_r8)","3.2M","lean_state","scratch","cap-6 control depth3_f0_a1 155k","6","T1","S1s0","rr600","100","solved","256","0.8","1","lean_only","lean_judge (Lean 4.34)","2026-09-28","recomputed","fork:dan_long-pool:artifacts/lpool/rr2/state-env__la_T1_S_s0_r8.jsonl","16","A:rr600+ge17_70 k256 T0.8 seed0 (state ms48 b2048 / wp max_new1536 b1024)","transfer_long_rr600@ad71284f","","48","2048","0.000286"
"ours-3.2M-lean_state-cap6","S T1 (state-env la_T1_S_s0_r8)","3.2M","lean_state","scratch","cap-6 control depth3_f0_a1 155k","6","T1","S1s0","rr600_gen","100","solved","256","0.8","1","lean_only","lean_judge (Lean 4.34)","2026-09-28","recomputed","fork:dan_long-pool:artifacts/lpool/rr2/state-env__la_T1_S_s0_r8.jsonl","16","A:rr600+ge17_70 k256 T0.8 seed0 (state ms48 b2048 / wp max_new1536 b1024)","transfer_long_rr600@ad71284f","","48","2048","0.000286"
"ours-3.2M-lean_state-cap6","S T1 (state-env la_T1_S_s0_r8)","3.2M","lean_state","scratch","cap-6 control depth3_f0_a1 155k","6","T1","S1s0","rr600","600","solved","256","0.8","73","lean_only","lean_judge (Lean 4.34)","2026-09-28","recomputed","fork:dan_long-pool:artifacts/lpool/rr2/state-env__la_T1_S_s0_r8.jsonl","","A:rr600+ge17_70 k256 T0.8 seed0 (state ms48 b2048 / wp max_new1536 b1024)","transfer_long_rr600@ad71284f","","48","2048","0.000286"
"ours-3.2M-lean_state-cap6","S T1 (state-env la_T1_S_s0_r8)","3.2M","lean_state","scratch","cap-6 control depth3_f0_a1 155k","6","T1","S1s0","rr600_gen_L13-16","380","Q","256","0.8","29","lean_only","lean_judge (Lean 4.34)","2026-09-28","recomputed","fork:dan_long-pool:artifacts/lpool/rr2/state-env__la_T1_S_s0_r8.jsonl","","A:rr600+ge17_70 k256 T0.8 seed0 (state ms48 b2048 / wp max_new1536 b1024)","transfer_long_rr600@ad71284f","","48","2048","0.000286"
"ours-3.2M-lean_state-cap6","S T1 (state-env la_T1_S_s0_r8)","3.2M","lean_state","scratch","cap-6 control depth3_f0_a1 155k","6","T1","S1s0","ge17_70","70","solved","256","0.8","0","lean_only","lean_judge (Lean 4.34)","2026-09-28","recomputed","fork:dan_long-pool:artifacts/lpool/rr2/state-env__la_T1_S_s0_r8__ge17.jsonl","17+","A:rr600+ge17_70 k256 T0.8 seed0 (state ms48 b2048 / wp max_new1536 b1024)","transfer_long_ge17@ebd5925d","","48","2048","0.000167"
"ours-3.2M-lean_state-cap6","S T1 (state-env la_T1_S_s0_r8)","3.2M","lean_state","scratch","cap-6 control depth3_f0_a1 155k","6","T1","S1s0","rr600+ge17_70","670","L_star","256","0.8","14","lean_only","lean_judge (Lean 4.34)","2026-09-28","recomputed","fork:dan_long-pool:artifacts/lpool/rr2/state-env__la_T1_S_s0_r8.jsonl + __ge17.jsonl","","A:rr600+ge17_70 k256 T0.8 seed0 (state ms48 b2048 / wp max_new1536 b1024)","transfer_long_rr600@ad71284f;transfer_long_ge17@ebd5925d","","48","2048","0.000286"
"ours-3.2M-lean_state-cap6","S T1 (state-env la_T1_S_s0_r8)","3.2M","lean_state","scratch","cap-6 control depth3_f0_a1 155k","6","T1","S1s0","rr600+ge17_70","670","max_accepted_lines","256","0.8","21","lean_only","lean_judge (Lean 4.34)","2026-09-28","recomputed","fork:dan_long-pool:artifacts/lpool/rr2/state-env__la_T1_S_s0_r8.jsonl + __ge17.jsonl","","A:rr600+ge17_70 k256 T0.8 seed0 (state ms48 b2048 / wp max_new1536 b1024)","transfer_long_rr600@ad71284f;transfer_long_ge17@ebd5925d","","48","2048","0.000286"
"ours-3.2M-lean_state-cap6","S T1 (state-env la_T1_S_s0_r8)","3.2M","lean_state","scratch","cap-6 control depth3_f0_a1 155k","6","T1","S1s0","rr600+ge17_70","670","max_term_size_shortest","256","0.8","12","lean_only","lean_judge (Lean 4.34)","2026-09-28","recomputed","fork:dan_long-pool:artifacts/lpool/rr2_shortest_lean.jsonl","","A:rr600+ge17_70 k256 T0.8 seed0 (state ms48 b2048 / wp max_new1536 b1024)","transfer_long_rr600@ad71284f;transfer_long_ge17@ebd5925d","","48","2048","0.000286"
"ours-3.2M-lean_state-cap6","S T1 (state-env la_T1_S_s0_r8)","3.2M","lean_state","scratch","cap-6 control depth3_f0_a1 155k","6","T1","S1s0","rr600+ge17_70","670","median_term_size_shortest","256","0.8","8","lean_only","lean_judge (Lean 4.34)","2026-09-28","recomputed","fork:dan_long-pool:artifacts/lpool/rr2_shortest_lean.jsonl","","A:rr600+ge17_70 k256 T0.8 seed0 (state ms48 b2048 / wp max_new1536 b1024)","transfer_long_rr600@ad71284f;transfer_long_ge17@ebd5925d","","48","2048","0.000286"
"ours-3.2M-lean_state-cap6","S T1 (state-env la_T1_S_s1_r8)","3.2M","lean_state","scratch","cap-6 control depth3_f0_a1 155k","6","T1","S1s1","rr600","100","solved","256","0.8","23","lean_only","lean_judge (Lean 4.34)","2026-09-28","recomputed","fork:dan_long-pool:artifacts/lpool/rr2/state-env__la_T1_S_s1_r8.jsonl","11","A:rr600+ge17_70 k256 T0.8 seed0 (state ms48 b2048 / wp max_new1536 b1024)","transfer_long_rr600@ad71284f","","48","2048","6.5e-05"
"ours-3.2M-lean_state-cap6","S T1 (state-env la_T1_S_s1_r8)","3.2M","lean_state","scratch","cap-6 control depth3_f0_a1 155k","6","T1","S1s1","rr600_gen","81","solved","256","0.8","23","lean_only","lean_judge (Lean 4.34)","2026-09-28","recomputed","fork:dan_long-pool:artifacts/lpool/rr2/state-env__la_T1_S_s1_r8.jsonl","11","A:rr600+ge17_70 k256 T0.8 seed0 (state ms48 b2048 / wp max_new1536 b1024)","transfer_long_rr600@ad71284f","","48","2048","6.5e-05"
"ours-3.2M-lean_state-cap6","S T1 (state-env la_T1_S_s1_r8)","3.2M","lean_state","scratch","cap-6 control depth3_f0_a1 155k","6","T1","S1s1","rr600","100","solved","256","0.8","11","lean_only","lean_judge (Lean 4.34)","2026-09-28","recomputed","fork:dan_long-pool:artifacts/lpool/rr2/state-env__la_T1_S_s1_r8.jsonl","12","A:rr600+ge17_70 k256 T0.8 seed0 (state ms48 b2048 / wp max_new1536 b1024)","transfer_long_rr600@ad71284f","","48","2048","6.5e-05"
"ours-3.2M-lean_state-cap6","S T1 (state-env la_T1_S_s1_r8)","3.2M","lean_state","scratch","cap-6 control depth3_f0_a1 155k","6","T1","S1s1","rr600_gen","66","solved","256","0.8","10","lean_only","lean_judge (Lean 4.34)","2026-09-28","recomputed","fork:dan_long-pool:artifacts/lpool/rr2/state-env__la_T1_S_s1_r8.jsonl","12","A:rr600+ge17_70 k256 T0.8 seed0 (state ms48 b2048 / wp max_new1536 b1024)","transfer_long_rr600@ad71284f","","48","2048","6.5e-05"
"ours-3.2M-lean_state-cap6","S T1 (state-env la_T1_S_s1_r8)","3.2M","lean_state","scratch","cap-6 control depth3_f0_a1 155k","6","T1","S1s1","rr600","100","solved","256","0.8","12","lean_only","lean_judge (Lean 4.34)","2026-09-28","recomputed","fork:dan_long-pool:artifacts/lpool/rr2/state-env__la_T1_S_s1_r8.jsonl","13","A:rr600+ge17_70 k256 T0.8 seed0 (state ms48 b2048 / wp max_new1536 b1024)","transfer_long_rr600@ad71284f","","48","2048","6.5e-05"
"ours-3.2M-lean_state-cap6","S T1 (state-env la_T1_S_s1_r8)","3.2M","lean_state","scratch","cap-6 control depth3_f0_a1 155k","6","T1","S1s1","rr600_gen","90","solved","256","0.8","12","lean_only","lean_judge (Lean 4.34)","2026-09-28","recomputed","fork:dan_long-pool:artifacts/lpool/rr2/state-env__la_T1_S_s1_r8.jsonl","13","A:rr600+ge17_70 k256 T0.8 seed0 (state ms48 b2048 / wp max_new1536 b1024)","transfer_long_rr600@ad71284f","","48","2048","6.5e-05"
"ours-3.2M-lean_state-cap6","S T1 (state-env la_T1_S_s1_r8)","3.2M","lean_state","scratch","cap-6 control depth3_f0_a1 155k","6","T1","S1s1","rr600","100","solved","256","0.8","8","lean_only","lean_judge (Lean 4.34)","2026-09-28","recomputed","fork:dan_long-pool:artifacts/lpool/rr2/state-env__la_T1_S_s1_r8.jsonl","14","A:rr600+ge17_70 k256 T0.8 seed0 (state ms48 b2048 / wp max_new1536 b1024)","transfer_long_rr600@ad71284f","","48","2048","6.5e-05"
"ours-3.2M-lean_state-cap6","S T1 (state-env la_T1_S_s1_r8)","3.2M","lean_state","scratch","cap-6 control depth3_f0_a1 155k","6","T1","S1s1","rr600_gen","90","solved","256","0.8","8","lean_only","lean_judge (Lean 4.34)","2026-09-28","recomputed","fork:dan_long-pool:artifacts/lpool/rr2/state-env__la_T1_S_s1_r8.jsonl","14","A:rr600+ge17_70 k256 T0.8 seed0 (state ms48 b2048 / wp max_new1536 b1024)","transfer_long_rr600@ad71284f","","48","2048","6.5e-05"
"ours-3.2M-lean_state-cap6","S T1 (state-env la_T1_S_s1_r8)","3.2M","lean_state","scratch","cap-6 control depth3_f0_a1 155k","6","T1","S1s1","rr600","100","solved","256","0.8","6","lean_only","lean_judge (Lean 4.34)","2026-09-28","recomputed","fork:dan_long-pool:artifacts/lpool/rr2/state-env__la_T1_S_s1_r8.jsonl","15","A:rr600+ge17_70 k256 T0.8 seed0 (state ms48 b2048 / wp max_new1536 b1024)","transfer_long_rr600@ad71284f","","48","2048","6.5e-05"
"ours-3.2M-lean_state-cap6","S T1 (state-env la_T1_S_s1_r8)","3.2M","lean_state","scratch","cap-6 control depth3_f0_a1 155k","6","T1","S1s1","rr600_gen","100","solved","256","0.8","6","lean_only","lean_judge (Lean 4.34)","2026-09-28","recomputed","fork:dan_long-pool:artifacts/lpool/rr2/state-env__la_T1_S_s1_r8.jsonl","15","A:rr600+ge17_70 k256 T0.8 seed0 (state ms48 b2048 / wp max_new1536 b1024)","transfer_long_rr600@ad71284f","","48","2048","6.5e-05"
"ours-3.2M-lean_state-cap6","S T1 (state-env la_T1_S_s1_r8)","3.2M","lean_state","scratch","cap-6 control depth3_f0_a1 155k","6","T1","S1s1","rr600","100","solved","256","0.8","2","lean_only","lean_judge (Lean 4.34)","2026-09-28","recomputed","fork:dan_long-pool:artifacts/lpool/rr2/state-env__la_T1_S_s1_r8.jsonl","16","A:rr600+ge17_70 k256 T0.8 seed0 (state ms48 b2048 / wp max_new1536 b1024)","transfer_long_rr600@ad71284f","","48","2048","6.5e-05"
"ours-3.2M-lean_state-cap6","S T1 (state-env la_T1_S_s1_r8)","3.2M","lean_state","scratch","cap-6 control depth3_f0_a1 155k","6","T1","S1s1","rr600_gen","100","solved","256","0.8","2","lean_only","lean_judge (Lean 4.34)","2026-09-28","recomputed","fork:dan_long-pool:artifacts/lpool/rr2/state-env__la_T1_S_s1_r8.jsonl","16","A:rr600+ge17_70 k256 T0.8 seed0 (state ms48 b2048 / wp max_new1536 b1024)","transfer_long_rr600@ad71284f","","48","2048","6.5e-05"
"ours-3.2M-lean_state-cap6","S T1 (state-env la_T1_S_s1_r8)","3.2M","lean_state","scratch","cap-6 control depth3_f0_a1 155k","6","T1","S1s1","rr600","600","solved","256","0.8","62","lean_only","lean_judge (Lean 4.34)","2026-09-28","recomputed","fork:dan_long-pool:artifacts/lpool/rr2/state-env__la_T1_S_s1_r8.jsonl","","A:rr600+ge17_70 k256 T0.8 seed0 (state ms48 b2048 / wp max_new1536 b1024)","transfer_long_rr600@ad71284f","","48","2048","6.5e-05"
"ours-3.2M-lean_state-cap6","S T1 (state-env la_T1_S_s1_r8)","3.2M","lean_state","scratch","cap-6 control depth3_f0_a1 155k","6","T1","S1s1","rr600_gen_L13-16","380","Q","256","0.8","28","lean_only","lean_judge (Lean 4.34)","2026-09-28","recomputed","fork:dan_long-pool:artifacts/lpool/rr2/state-env__la_T1_S_s1_r8.jsonl","","A:rr600+ge17_70 k256 T0.8 seed0 (state ms48 b2048 / wp max_new1536 b1024)","transfer_long_rr600@ad71284f","","48","2048","6.5e-05"
"ours-3.2M-lean_state-cap6","S T1 (state-env la_T1_S_s1_r8)","3.2M","lean_state","scratch","cap-6 control depth3_f0_a1 155k","6","T1","S1s1","ge17_70","70","solved","256","0.8","0","lean_only","lean_judge (Lean 4.34)","2026-09-28","recomputed","fork:dan_long-pool:artifacts/lpool/rr2/state-env__la_T1_S_s1_r8__ge17.jsonl","17+","A:rr600+ge17_70 k256 T0.8 seed0 (state ms48 b2048 / wp max_new1536 b1024)","transfer_long_ge17@ebd5925d","","48","2048","0.000223"
"ours-3.2M-lean_state-cap6","S T1 (state-env la_T1_S_s1_r8)","3.2M","lean_state","scratch","cap-6 control depth3_f0_a1 155k","6","T1","S1s1","rr600+ge17_70","670","L_star","256","0.8","15","lean_only","lean_judge (Lean 4.34)","2026-09-28","recomputed","fork:dan_long-pool:artifacts/lpool/rr2/state-env__la_T1_S_s1_r8.jsonl + __ge17.jsonl","","A:rr600+ge17_70 k256 T0.8 seed0 (state ms48 b2048 / wp max_new1536 b1024)","transfer_long_rr600@ad71284f;transfer_long_ge17@ebd5925d","","48","2048","6.5e-05"
"ours-3.2M-lean_state-cap6","S T1 (state-env la_T1_S_s1_r8)","3.2M","lean_state","scratch","cap-6 control depth3_f0_a1 155k","6","T1","S1s1","rr600+ge17_70","670","max_accepted_lines","256","0.8","29","lean_only","lean_judge (Lean 4.34)","2026-09-28","recomputed","fork:dan_long-pool:artifacts/lpool/rr2/state-env__la_T1_S_s1_r8.jsonl + __ge17.jsonl","","A:rr600+ge17_70 k256 T0.8 seed0 (state ms48 b2048 / wp max_new1536 b1024)","transfer_long_rr600@ad71284f;transfer_long_ge17@ebd5925d","","48","2048","6.5e-05"
"ours-3.2M-lean_state-cap6","S T1 (state-env la_T1_S_s1_r8)","3.2M","lean_state","scratch","cap-6 control depth3_f0_a1 155k","6","T1","S1s1","rr600+ge17_70","670","max_term_size_shortest","256","0.8","13","lean_only","lean_judge (Lean 4.34)","2026-09-28","recomputed","fork:dan_long-pool:artifacts/lpool/rr2_shortest_lean.jsonl","","A:rr600+ge17_70 k256 T0.8 seed0 (state ms48 b2048 / wp max_new1536 b1024)","transfer_long_rr600@ad71284f;transfer_long_ge17@ebd5925d","","48","2048","6.5e-05"
"ours-3.2M-lean_state-cap6","S T1 (state-env la_T1_S_s1_r8)","3.2M","lean_state","scratch","cap-6 control depth3_f0_a1 155k","6","T1","S1s1","rr600+ge17_70","670","median_term_size_shortest","256","0.8","8.0","lean_only","lean_judge (Lean 4.34)","2026-09-28","recomputed","fork:dan_long-pool:artifacts/lpool/rr2_shortest_lean.jsonl","","A:rr600+ge17_70 k256 T0.8 seed0 (state ms48 b2048 / wp max_new1536 b1024)","transfer_long_rr600@ad71284f;transfer_long_ge17@ebd5925d","","48","2048","6.5e-05"
"ours-3.2M-lean_staten-cap6","SN-v2 T1 (state-env la_T1_SN_s0_r8)","3.2M","lean_staten","scratch","cap-6 control depth3_f0_a1 155k","6","T1","S1s0","rr600","100","solved","256","0.8","42","lean_only","lean_judge (Lean 4.34)","2026-09-28","recomputed","fork:dan_long-pool:artifacts/lpool/rr2/state-env__la_T1_SN_s0_r8.jsonl","11","A:rr600+ge17_70 k256 T0.8 seed0 (state ms48 b2048 / wp max_new1536 b1024)","transfer_long_rr600@ad71284f","","48","2048","0.000313"
"ours-3.2M-lean_staten-cap6","SN-v2 T1 (state-env la_T1_SN_s0_r8)","3.2M","lean_staten","scratch","cap-6 control depth3_f0_a1 155k","6","T1","S1s0","rr600_gen","81","solved","256","0.8","42","lean_only","lean_judge (Lean 4.34)","2026-09-28","recomputed","fork:dan_long-pool:artifacts/lpool/rr2/state-env__la_T1_SN_s0_r8.jsonl","11","A:rr600+ge17_70 k256 T0.8 seed0 (state ms48 b2048 / wp max_new1536 b1024)","transfer_long_rr600@ad71284f","","48","2048","0.000313"
"ours-3.2M-lean_staten-cap6","SN-v2 T1 (state-env la_T1_SN_s0_r8)","3.2M","lean_staten","scratch","cap-6 control depth3_f0_a1 155k","6","T1","S1s0","rr600","100","solved","256","0.8","35","lean_only","lean_judge (Lean 4.34)","2026-09-28","recomputed","fork:dan_long-pool:artifacts/lpool/rr2/state-env__la_T1_SN_s0_r8.jsonl","12","A:rr600+ge17_70 k256 T0.8 seed0 (state ms48 b2048 / wp max_new1536 b1024)","transfer_long_rr600@ad71284f","","48","2048","0.000313"
"ours-3.2M-lean_staten-cap6","SN-v2 T1 (state-env la_T1_SN_s0_r8)","3.2M","lean_staten","scratch","cap-6 control depth3_f0_a1 155k","6","T1","S1s0","rr600_gen","66","solved","256","0.8","29","lean_only","lean_judge (Lean 4.34)","2026-09-28","recomputed","fork:dan_long-pool:artifacts/lpool/rr2/state-env__la_T1_SN_s0_r8.jsonl","12","A:rr600+ge17_70 k256 T0.8 seed0 (state ms48 b2048 / wp max_new1536 b1024)","transfer_long_rr600@ad71284f","","48","2048","0.000313"
"ours-3.2M-lean_staten-cap6","SN-v2 T1 (state-env la_T1_SN_s0_r8)","3.2M","lean_staten","scratch","cap-6 control depth3_f0_a1 155k","6","T1","S1s0","rr600","100","solved","256","0.8","31","lean_only","lean_judge (Lean 4.34)","2026-09-28","recomputed","fork:dan_long-pool:artifacts/lpool/rr2/state-env__la_T1_SN_s0_r8.jsonl","13","A:rr600+ge17_70 k256 T0.8 seed0 (state ms48 b2048 / wp max_new1536 b1024)","transfer_long_rr600@ad71284f","","48","2048","0.000313"
"ours-3.2M-lean_staten-cap6","SN-v2 T1 (state-env la_T1_SN_s0_r8)","3.2M","lean_staten","scratch","cap-6 control depth3_f0_a1 155k","6","T1","S1s0","rr600_gen","90","solved","256","0.8","31","lean_only","lean_judge (Lean 4.34)","2026-09-28","recomputed","fork:dan_long-pool:artifacts/lpool/rr2/state-env__la_T1_SN_s0_r8.jsonl","13","A:rr600+ge17_70 k256 T0.8 seed0 (state ms48 b2048 / wp max_new1536 b1024)","transfer_long_rr600@ad71284f","","48","2048","0.000313"
"ours-3.2M-lean_staten-cap6","SN-v2 T1 (state-env la_T1_SN_s0_r8)","3.2M","lean_staten","scratch","cap-6 control depth3_f0_a1 155k","6","T1","S1s0","rr600","100","solved","256","0.8","30","lean_only","lean_judge (Lean 4.34)","2026-09-28","recomputed","fork:dan_long-pool:artifacts/lpool/rr2/state-env__la_T1_SN_s0_r8.jsonl","14","A:rr600+ge17_70 k256 T0.8 seed0 (state ms48 b2048 / wp max_new1536 b1024)","transfer_long_rr600@ad71284f","","48","2048","0.000313"
"ours-3.2M-lean_staten-cap6","SN-v2 T1 (state-env la_T1_SN_s0_r8)","3.2M","lean_staten","scratch","cap-6 control depth3_f0_a1 155k","6","T1","S1s0","rr600_gen","90","solved","256","0.8","30","lean_only","lean_judge (Lean 4.34)","2026-09-28","recomputed","fork:dan_long-pool:artifacts/lpool/rr2/state-env__la_T1_SN_s0_r8.jsonl","14","A:rr600+ge17_70 k256 T0.8 seed0 (state ms48 b2048 / wp max_new1536 b1024)","transfer_long_rr600@ad71284f","","48","2048","0.000313"
"ours-3.2M-lean_staten-cap6","SN-v2 T1 (state-env la_T1_SN_s0_r8)","3.2M","lean_staten","scratch","cap-6 control depth3_f0_a1 155k","6","T1","S1s0","rr600","100","solved","256","0.8","22","lean_only","lean_judge (Lean 4.34)","2026-09-28","recomputed","fork:dan_long-pool:artifacts/lpool/rr2/state-env__la_T1_SN_s0_r8.jsonl","15","A:rr600+ge17_70 k256 T0.8 seed0 (state ms48 b2048 / wp max_new1536 b1024)","transfer_long_rr600@ad71284f","","48","2048","0.000313"
"ours-3.2M-lean_staten-cap6","SN-v2 T1 (state-env la_T1_SN_s0_r8)","3.2M","lean_staten","scratch","cap-6 control depth3_f0_a1 155k","6","T1","S1s0","rr600_gen","100","solved","256","0.8","22","lean_only","lean_judge (Lean 4.34)","2026-09-28","recomputed","fork:dan_long-pool:artifacts/lpool/rr2/state-env__la_T1_SN_s0_r8.jsonl","15","A:rr600+ge17_70 k256 T0.8 seed0 (state ms48 b2048 / wp max_new1536 b1024)","transfer_long_rr600@ad71284f","","48","2048","0.000313"
"ours-3.2M-lean_staten-cap6","SN-v2 T1 (state-env la_T1_SN_s0_r8)","3.2M","lean_staten","scratch","cap-6 control depth3_f0_a1 155k","6","T1","S1s0","rr600","100","solved","256","0.8","19","lean_only","lean_judge (Lean 4.34)","2026-09-28","recomputed","fork:dan_long-pool:artifacts/lpool/rr2/state-env__la_T1_SN_s0_r8.jsonl","16","A:rr600+ge17_70 k256 T0.8 seed0 (state ms48 b2048 / wp max_new1536 b1024)","transfer_long_rr600@ad71284f","","48","2048","0.000313"
"ours-3.2M-lean_staten-cap6","SN-v2 T1 (state-env la_T1_SN_s0_r8)","3.2M","lean_staten","scratch","cap-6 control depth3_f0_a1 155k","6","T1","S1s0","rr600_gen","100","solved","256","0.8","19","lean_only","lean_judge (Lean 4.34)","2026-09-28","recomputed","fork:dan_long-pool:artifacts/lpool/rr2/state-env__la_T1_SN_s0_r8.jsonl","16","A:rr600+ge17_70 k256 T0.8 seed0 (state ms48 b2048 / wp max_new1536 b1024)","transfer_long_rr600@ad71284f","","48","2048","0.000313"
"ours-3.2M-lean_staten-cap6","SN-v2 T1 (state-env la_T1_SN_s0_r8)","3.2M","lean_staten","scratch","cap-6 control depth3_f0_a1 155k","6","T1","S1s0","rr600","600","solved","256","0.8","179","lean_only","lean_judge (Lean 4.34)","2026-09-28","recomputed","fork:dan_long-pool:artifacts/lpool/rr2/state-env__la_T1_SN_s0_r8.jsonl","","A:rr600+ge17_70 k256 T0.8 seed0 (state ms48 b2048 / wp max_new1536 b1024)","transfer_long_rr600@ad71284f","","48","2048","0.000313"
"ours-3.2M-lean_staten-cap6","SN-v2 T1 (state-env la_T1_SN_s0_r8)","3.2M","lean_staten","scratch","cap-6 control depth3_f0_a1 155k","6","T1","S1s0","rr600_gen_L13-16","380","Q","256","0.8","102","lean_only","lean_judge (Lean 4.34)","2026-09-28","recomputed","fork:dan_long-pool:artifacts/lpool/rr2/state-env__la_T1_SN_s0_r8.jsonl","","A:rr600+ge17_70 k256 T0.8 seed0 (state ms48 b2048 / wp max_new1536 b1024)","transfer_long_rr600@ad71284f","","48","2048","0.000313"
"ours-3.2M-lean_staten-cap6","SN-v2 T1 (state-env la_T1_SN_s0_r8)","3.2M","lean_staten","scratch","cap-6 control depth3_f0_a1 155k","6","T1","S1s0","ge17_70","70","solved","256","0.8","5","lean_only","lean_judge (Lean 4.34)","2026-09-28","recomputed","fork:dan_long-pool:artifacts/lpool/rr2/state-env__la_T1_SN_s0_r8__ge17.jsonl","17+","A:rr600+ge17_70 k256 T0.8 seed0 (state ms48 b2048 / wp max_new1536 b1024)","transfer_long_ge17@ebd5925d","","48","2048","0.000279"
"ours-3.2M-lean_staten-cap6","SN-v2 T1 (state-env la_T1_SN_s0_r8)","3.2M","lean_staten","scratch","cap-6 control depth3_f0_a1 155k","6","T1","S1s0","rr600+ge17_70","670","L_star_ge","256","0.8","17","lean_only","lean_judge (Lean 4.34)","2026-09-28","recomputed","fork:dan_long-pool:artifacts/lpool/rr2/state-env__la_T1_SN_s0_r8.jsonl + __ge17.jsonl","","A:rr600+ge17_70 k256 T0.8 seed0 (state ms48 b2048 / wp max_new1536 b1024)","transfer_long_rr600@ad71284f;transfer_long_ge17@ebd5925d","","48","2048","0.000313"
"ours-3.2M-lean_staten-cap6","SN-v2 T1 (state-env la_T1_SN_s0_r8)","3.2M","lean_staten","scratch","cap-6 control depth3_f0_a1 155k","6","T1","S1s0","rr600+ge17_70","670","max_accepted_lines","256","0.8","35","lean_only","lean_judge (Lean 4.34)","2026-09-28","recomputed","fork:dan_long-pool:artifacts/lpool/rr2/state-env__la_T1_SN_s0_r8.jsonl + __ge17.jsonl","","A:rr600+ge17_70 k256 T0.8 seed0 (state ms48 b2048 / wp max_new1536 b1024)","transfer_long_rr600@ad71284f;transfer_long_ge17@ebd5925d","","48","2048","0.000313"
"ours-3.2M-lean_staten-cap6","SN-v2 T1 (state-env la_T1_SN_s0_r8)","3.2M","lean_staten","scratch","cap-6 control depth3_f0_a1 155k","6","T1","S1s0","rr600+ge17_70","670","max_term_size_shortest","256","0.8","30","lean_only","lean_judge (Lean 4.34)","2026-09-28","recomputed","fork:dan_long-pool:artifacts/lpool/rr2_shortest_lean.jsonl","","A:rr600+ge17_70 k256 T0.8 seed0 (state ms48 b2048 / wp max_new1536 b1024)","transfer_long_rr600@ad71284f;transfer_long_ge17@ebd5925d","","48","2048","0.000313"
"ours-3.2M-lean_staten-cap6","SN-v2 T1 (state-env la_T1_SN_s0_r8)","3.2M","lean_staten","scratch","cap-6 control depth3_f0_a1 155k","6","T1","S1s0","rr600+ge17_70","670","median_term_size_shortest","256","0.8","9","lean_only","lean_judge (Lean 4.34)","2026-09-28","recomputed","fork:dan_long-pool:artifacts/lpool/rr2_shortest_lean.jsonl","","A:rr600+ge17_70 k256 T0.8 seed0 (state ms48 b2048 / wp max_new1536 b1024)","transfer_long_rr600@ad71284f;transfer_long_ge17@ebd5925d","","48","2048","0.000313"
"ours-3.2M-lean_staten-cap6","SN-v2 T1 (state-env la_T1_SN_s1_r8)","3.2M","lean_staten","scratch","cap-6 control depth3_f0_a1 155k","6","T1","S1s1","rr600","100","solved","256","0.8","25","lean_only","lean_judge (Lean 4.34)","2026-09-28","recomputed","fork:dan_long-pool:artifacts/lpool/rr2/state-env__la_T1_SN_s1_r8.jsonl","11","A:rr600+ge17_70 k256 T0.8 seed0 (state ms48 b2048 / wp max_new1536 b1024)","transfer_long_rr600@ad71284f","","48","2048","0.000208"
"ours-3.2M-lean_staten-cap6","SN-v2 T1 (state-env la_T1_SN_s1_r8)","3.2M","lean_staten","scratch","cap-6 control depth3_f0_a1 155k","6","T1","S1s1","rr600_gen","81","solved","256","0.8","24","lean_only","lean_judge (Lean 4.34)","2026-09-28","recomputed","fork:dan_long-pool:artifacts/lpool/rr2/state-env__la_T1_SN_s1_r8.jsonl","11","A:rr600+ge17_70 k256 T0.8 seed0 (state ms48 b2048 / wp max_new1536 b1024)","transfer_long_rr600@ad71284f","","48","2048","0.000208"
"ours-3.2M-lean_staten-cap6","SN-v2 T1 (state-env la_T1_SN_s1_r8)","3.2M","lean_staten","scratch","cap-6 control depth3_f0_a1 155k","6","T1","S1s1","rr600","100","solved","256","0.8","15","lean_only","lean_judge (Lean 4.34)","2026-09-28","recomputed","fork:dan_long-pool:artifacts/lpool/rr2/state-env__la_T1_SN_s1_r8.jsonl","12","A:rr600+ge17_70 k256 T0.8 seed0 (state ms48 b2048 / wp max_new1536 b1024)","transfer_long_rr600@ad71284f","","48","2048","0.000208"
"ours-3.2M-lean_staten-cap6","SN-v2 T1 (state-env la_T1_SN_s1_r8)","3.2M","lean_staten","scratch","cap-6 control depth3_f0_a1 155k","6","T1","S1s1","rr600_gen","66","solved","256","0.8","14","lean_only","lean_judge (Lean 4.34)","2026-09-28","recomputed","fork:dan_long-pool:artifacts/lpool/rr2/state-env__la_T1_SN_s1_r8.jsonl","12","A:rr600+ge17_70 k256 T0.8 seed0 (state ms48 b2048 / wp max_new1536 b1024)","transfer_long_rr600@ad71284f","","48","2048","0.000208"
"ours-3.2M-lean_staten-cap6","SN-v2 T1 (state-env la_T1_SN_s1_r8)","3.2M","lean_staten","scratch","cap-6 control depth3_f0_a1 155k","6","T1","S1s1","rr600","100","solved","256","0.8","14","lean_only","lean_judge (Lean 4.34)","2026-09-28","recomputed","fork:dan_long-pool:artifacts/lpool/rr2/state-env__la_T1_SN_s1_r8.jsonl","13","A:rr600+ge17_70 k256 T0.8 seed0 (state ms48 b2048 / wp max_new1536 b1024)","transfer_long_rr600@ad71284f","","48","2048","0.000208"
"ours-3.2M-lean_staten-cap6","SN-v2 T1 (state-env la_T1_SN_s1_r8)","3.2M","lean_staten","scratch","cap-6 control depth3_f0_a1 155k","6","T1","S1s1","rr600_gen","90","solved","256","0.8","14","lean_only","lean_judge (Lean 4.34)","2026-09-28","recomputed","fork:dan_long-pool:artifacts/lpool/rr2/state-env__la_T1_SN_s1_r8.jsonl","13","A:rr600+ge17_70 k256 T0.8 seed0 (state ms48 b2048 / wp max_new1536 b1024)","transfer_long_rr600@ad71284f","","48","2048","0.000208"
"ours-3.2M-lean_staten-cap6","SN-v2 T1 (state-env la_T1_SN_s1_r8)","3.2M","lean_staten","scratch","cap-6 control depth3_f0_a1 155k","6","T1","S1s1","rr600","100","solved","256","0.8","9","lean_only","lean_judge (Lean 4.34)","2026-09-28","recomputed","fork:dan_long-pool:artifacts/lpool/rr2/state-env__la_T1_SN_s1_r8.jsonl","14","A:rr600+ge17_70 k256 T0.8 seed0 (state ms48 b2048 / wp max_new1536 b1024)","transfer_long_rr600@ad71284f","","48","2048","0.000208"
"ours-3.2M-lean_staten-cap6","SN-v2 T1 (state-env la_T1_SN_s1_r8)","3.2M","lean_staten","scratch","cap-6 control depth3_f0_a1 155k","6","T1","S1s1","rr600_gen","90","solved","256","0.8","9","lean_only","lean_judge (Lean 4.34)","2026-09-28","recomputed","fork:dan_long-pool:artifacts/lpool/rr2/state-env__la_T1_SN_s1_r8.jsonl","14","A:rr600+ge17_70 k256 T0.8 seed0 (state ms48 b2048 / wp max_new1536 b1024)","transfer_long_rr600@ad71284f","","48","2048","0.000208"
"ours-3.2M-lean_staten-cap6","SN-v2 T1 (state-env la_T1_SN_s1_r8)","3.2M","lean_staten","scratch","cap-6 control depth3_f0_a1 155k","6","T1","S1s1","rr600","100","solved","256","0.8","3","lean_only","lean_judge (Lean 4.34)","2026-09-28","recomputed","fork:dan_long-pool:artifacts/lpool/rr2/state-env__la_T1_SN_s1_r8.jsonl","15","A:rr600+ge17_70 k256 T0.8 seed0 (state ms48 b2048 / wp max_new1536 b1024)","transfer_long_rr600@ad71284f","","48","2048","0.000208"
"ours-3.2M-lean_staten-cap6","SN-v2 T1 (state-env la_T1_SN_s1_r8)","3.2M","lean_staten","scratch","cap-6 control depth3_f0_a1 155k","6","T1","S1s1","rr600_gen","100","solved","256","0.8","3","lean_only","lean_judge (Lean 4.34)","2026-09-28","recomputed","fork:dan_long-pool:artifacts/lpool/rr2/state-env__la_T1_SN_s1_r8.jsonl","15","A:rr600+ge17_70 k256 T0.8 seed0 (state ms48 b2048 / wp max_new1536 b1024)","transfer_long_rr600@ad71284f","","48","2048","0.000208"
"ours-3.2M-lean_staten-cap6","SN-v2 T1 (state-env la_T1_SN_s1_r8)","3.2M","lean_staten","scratch","cap-6 control depth3_f0_a1 155k","6","T1","S1s1","rr600","100","solved","256","0.8","2","lean_only","lean_judge (Lean 4.34)","2026-09-28","recomputed","fork:dan_long-pool:artifacts/lpool/rr2/state-env__la_T1_SN_s1_r8.jsonl","16","A:rr600+ge17_70 k256 T0.8 seed0 (state ms48 b2048 / wp max_new1536 b1024)","transfer_long_rr600@ad71284f","","48","2048","0.000208"
"ours-3.2M-lean_staten-cap6","SN-v2 T1 (state-env la_T1_SN_s1_r8)","3.2M","lean_staten","scratch","cap-6 control depth3_f0_a1 155k","6","T1","S1s1","rr600_gen","100","solved","256","0.8","2","lean_only","lean_judge (Lean 4.34)","2026-09-28","recomputed","fork:dan_long-pool:artifacts/lpool/rr2/state-env__la_T1_SN_s1_r8.jsonl","16","A:rr600+ge17_70 k256 T0.8 seed0 (state ms48 b2048 / wp max_new1536 b1024)","transfer_long_rr600@ad71284f","","48","2048","0.000208"
"ours-3.2M-lean_staten-cap6","SN-v2 T1 (state-env la_T1_SN_s1_r8)","3.2M","lean_staten","scratch","cap-6 control depth3_f0_a1 155k","6","T1","S1s1","rr600","600","solved","256","0.8","68","lean_only","lean_judge (Lean 4.34)","2026-09-28","recomputed","fork:dan_long-pool:artifacts/lpool/rr2/state-env__la_T1_SN_s1_r8.jsonl","","A:rr600+ge17_70 k256 T0.8 seed0 (state ms48 b2048 / wp max_new1536 b1024)","transfer_long_rr600@ad71284f","","48","2048","0.000208"
"ours-3.2M-lean_staten-cap6","SN-v2 T1 (state-env la_T1_SN_s1_r8)","3.2M","lean_staten","scratch","cap-6 control depth3_f0_a1 155k","6","T1","S1s1","rr600_gen_L13-16","380","Q","256","0.8","28","lean_only","lean_judge (Lean 4.34)","2026-09-28","recomputed","fork:dan_long-pool:artifacts/lpool/rr2/state-env__la_T1_SN_s1_r8.jsonl","","A:rr600+ge17_70 k256 T0.8 seed0 (state ms48 b2048 / wp max_new1536 b1024)","transfer_long_rr600@ad71284f","","48","2048","0.000208"
"ours-3.2M-lean_staten-cap6","SN-v2 T1 (state-env la_T1_SN_s1_r8)","3.2M","lean_staten","scratch","cap-6 control depth3_f0_a1 155k","6","T1","S1s1","ge17_70","70","solved","256","0.8","0","lean_only","lean_judge (Lean 4.34)","2026-09-28","recomputed","fork:dan_long-pool:artifacts/lpool/rr2/state-env__la_T1_SN_s1_r8__ge17.jsonl","17+","A:rr600+ge17_70 k256 T0.8 seed0 (state ms48 b2048 / wp max_new1536 b1024)","transfer_long_ge17@ebd5925d","","48","2048","0.0"
"ours-3.2M-lean_staten-cap6","SN-v2 T1 (state-env la_T1_SN_s1_r8)","3.2M","lean_staten","scratch","cap-6 control depth3_f0_a1 155k","6","T1","S1s1","rr600+ge17_70","670","L_star","256","0.8","15","lean_only","lean_judge (Lean 4.34)","2026-09-28","recomputed","fork:dan_long-pool:artifacts/lpool/rr2/state-env__la_T1_SN_s1_r8.jsonl + __ge17.jsonl","","A:rr600+ge17_70 k256 T0.8 seed0 (state ms48 b2048 / wp max_new1536 b1024)","transfer_long_rr600@ad71284f;transfer_long_ge17@ebd5925d","","48","2048","0.000208"
"ours-3.2M-lean_staten-cap6","SN-v2 T1 (state-env la_T1_SN_s1_r8)","3.2M","lean_staten","scratch","cap-6 control depth3_f0_a1 155k","6","T1","S1s1","rr600+ge17_70","670","max_accepted_lines","256","0.8","26","lean_only","lean_judge (Lean 4.34)","2026-09-28","recomputed","fork:dan_long-pool:artifacts/lpool/rr2/state-env__la_T1_SN_s1_r8.jsonl + __ge17.jsonl","","A:rr600+ge17_70 k256 T0.8 seed0 (state ms48 b2048 / wp max_new1536 b1024)","transfer_long_rr600@ad71284f;transfer_long_ge17@ebd5925d","","48","2048","0.000208"
"ours-3.2M-lean_staten-cap6","SN-v2 T1 (state-env la_T1_SN_s1_r8)","3.2M","lean_staten","scratch","cap-6 control depth3_f0_a1 155k","6","T1","S1s1","rr600+ge17_70","670","max_term_size_shortest","256","0.8","13","lean_only","lean_judge (Lean 4.34)","2026-09-28","recomputed","fork:dan_long-pool:artifacts/lpool/rr2_shortest_lean.jsonl","","A:rr600+ge17_70 k256 T0.8 seed0 (state ms48 b2048 / wp max_new1536 b1024)","transfer_long_rr600@ad71284f;transfer_long_ge17@ebd5925d","","48","2048","0.000208"
"ours-3.2M-lean_staten-cap6","SN-v2 T1 (state-env la_T1_SN_s1_r8)","3.2M","lean_staten","scratch","cap-6 control depth3_f0_a1 155k","6","T1","S1s1","rr600+ge17_70","670","median_term_size_shortest","256","0.8","9.0","lean_only","lean_judge (Lean 4.34)","2026-09-28","recomputed","fork:dan_long-pool:artifacts/lpool/rr2_shortest_lean.jsonl","","A:rr600+ge17_70 k256 T0.8 seed0 (state ms48 b2048 / wp max_new1536 b1024)","transfer_long_rr600@ad71284f;transfer_long_ge17@ebd5925d","","48","2048","0.000208"
"ours-3.2M-lean_seq-cap6","C0 T1 (ds-generator la_T1_c0_s0_r8)","3.2M","lean_seq","scratch","cap-6 control depth3_f0_a1 155k","6","T1","S1s0","rr600","100","solved","256","0.8","11","lean_only","lean_judge (Lean 4.34)","2026-09-28","recomputed","fork:dan_long-pool:artifacts/lpool/rr2/ds-generator__la_T1_c0_s0_r8.jsonl","11","A:rr600+ge17_70 k256 T0.8 seed0 (state ms48 b2048 / wp max_new1536 b1024)","transfer_long_rr600@ad71284f","1536","","1024","0.002233"
"ours-3.2M-lean_seq-cap6","C0 T1 (ds-generator la_T1_c0_s0_r8)","3.2M","lean_seq","scratch","cap-6 control depth3_f0_a1 155k","6","T1","S1s0","rr600_gen","81","solved","256","0.8","11","lean_only","lean_judge (Lean 4.34)","2026-09-28","recomputed","fork:dan_long-pool:artifacts/lpool/rr2/ds-generator__la_T1_c0_s0_r8.jsonl","11","A:rr600+ge17_70 k256 T0.8 seed0 (state ms48 b2048 / wp max_new1536 b1024)","transfer_long_rr600@ad71284f","1536","","1024","0.002233"
"ours-3.2M-lean_seq-cap6","C0 T1 (ds-generator la_T1_c0_s0_r8)","3.2M","lean_seq","scratch","cap-6 control depth3_f0_a1 155k","6","T1","S1s0","rr600","100","solved","256","0.8","6","lean_only","lean_judge (Lean 4.34)","2026-09-28","recomputed","fork:dan_long-pool:artifacts/lpool/rr2/ds-generator__la_T1_c0_s0_r8.jsonl","12","A:rr600+ge17_70 k256 T0.8 seed0 (state ms48 b2048 / wp max_new1536 b1024)","transfer_long_rr600@ad71284f","1536","","1024","0.002233"
"ours-3.2M-lean_seq-cap6","C0 T1 (ds-generator la_T1_c0_s0_r8)","3.2M","lean_seq","scratch","cap-6 control depth3_f0_a1 155k","6","T1","S1s0","rr600_gen","66","solved","256","0.8","6","lean_only","lean_judge (Lean 4.34)","2026-09-28","recomputed","fork:dan_long-pool:artifacts/lpool/rr2/ds-generator__la_T1_c0_s0_r8.jsonl","12","A:rr600+ge17_70 k256 T0.8 seed0 (state ms48 b2048 / wp max_new1536 b1024)","transfer_long_rr600@ad71284f","1536","","1024","0.002233"
"ours-3.2M-lean_seq-cap6","C0 T1 (ds-generator la_T1_c0_s0_r8)","3.2M","lean_seq","scratch","cap-6 control depth3_f0_a1 155k","6","T1","S1s0","rr600","100","solved","256","0.8","1","lean_only","lean_judge (Lean 4.34)","2026-09-28","recomputed","fork:dan_long-pool:artifacts/lpool/rr2/ds-generator__la_T1_c0_s0_r8.jsonl","13","A:rr600+ge17_70 k256 T0.8 seed0 (state ms48 b2048 / wp max_new1536 b1024)","transfer_long_rr600@ad71284f","1536","","1024","0.002233"
"ours-3.2M-lean_seq-cap6","C0 T1 (ds-generator la_T1_c0_s0_r8)","3.2M","lean_seq","scratch","cap-6 control depth3_f0_a1 155k","6","T1","S1s0","rr600_gen","90","solved","256","0.8","1","lean_only","lean_judge (Lean 4.34)","2026-09-28","recomputed","fork:dan_long-pool:artifacts/lpool/rr2/ds-generator__la_T1_c0_s0_r8.jsonl","13","A:rr600+ge17_70 k256 T0.8 seed0 (state ms48 b2048 / wp max_new1536 b1024)","transfer_long_rr600@ad71284f","1536","","1024","0.002233"
"ours-3.2M-lean_seq-cap6","C0 T1 (ds-generator la_T1_c0_s0_r8)","3.2M","lean_seq","scratch","cap-6 control depth3_f0_a1 155k","6","T1","S1s0","rr600","100","solved","256","0.8","1","lean_only","lean_judge (Lean 4.34)","2026-09-28","recomputed","fork:dan_long-pool:artifacts/lpool/rr2/ds-generator__la_T1_c0_s0_r8.jsonl","14","A:rr600+ge17_70 k256 T0.8 seed0 (state ms48 b2048 / wp max_new1536 b1024)","transfer_long_rr600@ad71284f","1536","","1024","0.002233"
"ours-3.2M-lean_seq-cap6","C0 T1 (ds-generator la_T1_c0_s0_r8)","3.2M","lean_seq","scratch","cap-6 control depth3_f0_a1 155k","6","T1","S1s0","rr600_gen","90","solved","256","0.8","1","lean_only","lean_judge (Lean 4.34)","2026-09-28","recomputed","fork:dan_long-pool:artifacts/lpool/rr2/ds-generator__la_T1_c0_s0_r8.jsonl","14","A:rr600+ge17_70 k256 T0.8 seed0 (state ms48 b2048 / wp max_new1536 b1024)","transfer_long_rr600@ad71284f","1536","","1024","0.002233"
"ours-3.2M-lean_seq-cap6","C0 T1 (ds-generator la_T1_c0_s0_r8)","3.2M","lean_seq","scratch","cap-6 control depth3_f0_a1 155k","6","T1","S1s0","rr600","100","solved","256","0.8","0","lean_only","lean_judge (Lean 4.34)","2026-09-28","recomputed","fork:dan_long-pool:artifacts/lpool/rr2/ds-generator__la_T1_c0_s0_r8.jsonl","15","A:rr600+ge17_70 k256 T0.8 seed0 (state ms48 b2048 / wp max_new1536 b1024)","transfer_long_rr600@ad71284f","1536","","1024","0.002233"
"ours-3.2M-lean_seq-cap6","C0 T1 (ds-generator la_T1_c0_s0_r8)","3.2M","lean_seq","scratch","cap-6 control depth3_f0_a1 155k","6","T1","S1s0","rr600_gen","100","solved","256","0.8","0","lean_only","lean_judge (Lean 4.34)","2026-09-28","recomputed","fork:dan_long-pool:artifacts/lpool/rr2/ds-generator__la_T1_c0_s0_r8.jsonl","15","A:rr600+ge17_70 k256 T0.8 seed0 (state ms48 b2048 / wp max_new1536 b1024)","transfer_long_rr600@ad71284f","1536","","1024","0.002233"
"ours-3.2M-lean_seq-cap6","C0 T1 (ds-generator la_T1_c0_s0_r8)","3.2M","lean_seq","scratch","cap-6 control depth3_f0_a1 155k","6","T1","S1s0","rr600","100","solved","256","0.8","0","lean_only","lean_judge (Lean 4.34)","2026-09-28","recomputed","fork:dan_long-pool:artifacts/lpool/rr2/ds-generator__la_T1_c0_s0_r8.jsonl","16","A:rr600+ge17_70 k256 T0.8 seed0 (state ms48 b2048 / wp max_new1536 b1024)","transfer_long_rr600@ad71284f","1536","","1024","0.002233"
"ours-3.2M-lean_seq-cap6","C0 T1 (ds-generator la_T1_c0_s0_r8)","3.2M","lean_seq","scratch","cap-6 control depth3_f0_a1 155k","6","T1","S1s0","rr600_gen","100","solved","256","0.8","0","lean_only","lean_judge (Lean 4.34)","2026-09-28","recomputed","fork:dan_long-pool:artifacts/lpool/rr2/ds-generator__la_T1_c0_s0_r8.jsonl","16","A:rr600+ge17_70 k256 T0.8 seed0 (state ms48 b2048 / wp max_new1536 b1024)","transfer_long_rr600@ad71284f","1536","","1024","0.002233"
"ours-3.2M-lean_seq-cap6","C0 T1 (ds-generator la_T1_c0_s0_r8)","3.2M","lean_seq","scratch","cap-6 control depth3_f0_a1 155k","6","T1","S1s0","rr600","600","solved","256","0.8","19","lean_only","lean_judge (Lean 4.34)","2026-09-28","recomputed","fork:dan_long-pool:artifacts/lpool/rr2/ds-generator__la_T1_c0_s0_r8.jsonl","","A:rr600+ge17_70 k256 T0.8 seed0 (state ms48 b2048 / wp max_new1536 b1024)","transfer_long_rr600@ad71284f","1536","","1024","0.002233"
"ours-3.2M-lean_seq-cap6","C0 T1 (ds-generator la_T1_c0_s0_r8)","3.2M","lean_seq","scratch","cap-6 control depth3_f0_a1 155k","6","T1","S1s0","rr600_gen_L13-16","380","Q","256","0.8","2","lean_only","lean_judge (Lean 4.34)","2026-09-28","recomputed","fork:dan_long-pool:artifacts/lpool/rr2/ds-generator__la_T1_c0_s0_r8.jsonl","","A:rr600+ge17_70 k256 T0.8 seed0 (state ms48 b2048 / wp max_new1536 b1024)","transfer_long_rr600@ad71284f","1536","","1024","0.002233"
"ours-3.2M-lean_seq-cap6","C0 T1 (ds-generator la_T1_c0_s0_r8)","3.2M","lean_seq","scratch","cap-6 control depth3_f0_a1 155k","6","T1","S1s0","ge17_70","70","solved","256","0.8","0","lean_only","lean_judge (Lean 4.34)","2026-09-28","recomputed","fork:dan_long-pool:artifacts/lpool/rr2/ds-generator__la_T1_c0_s0_r8__ge17.jsonl","17+","A:rr600+ge17_70 k256 T0.8 seed0 (state ms48 b2048 / wp max_new1536 b1024)","transfer_long_ge17@ebd5925d","1536","","1024","5.6e-05"
"ours-3.2M-lean_seq-cap6","C0 T1 (ds-generator la_T1_c0_s0_r8)","3.2M","lean_seq","scratch","cap-6 control depth3_f0_a1 155k","6","T1","S1s0","rr600+ge17_70","670","L_star","256","0.8","12","lean_only","lean_judge (Lean 4.34)","2026-09-28","recomputed","fork:dan_long-pool:artifacts/lpool/rr2/ds-generator__la_T1_c0_s0_r8.jsonl + __ge17.jsonl","","A:rr600+ge17_70 k256 T0.8 seed0 (state ms48 b2048 / wp max_new1536 b1024)","transfer_long_rr600@ad71284f;transfer_long_ge17@ebd5925d","1536","","1024","0.002233"
"ours-3.2M-lean_seq-cap6","C0 T1 (ds-generator la_T1_c0_s0_r8)","3.2M","lean_seq","scratch","cap-6 control depth3_f0_a1 155k","6","T1","S1s0","rr600+ge17_70","670","max_accepted_lines","256","0.8","13","lean_only","lean_judge (Lean 4.34)","2026-09-28","recomputed","fork:dan_long-pool:artifacts/lpool/rr2/ds-generator__la_T1_c0_s0_r8.jsonl + __ge17.jsonl","","A:rr600+ge17_70 k256 T0.8 seed0 (state ms48 b2048 / wp max_new1536 b1024)","transfer_long_rr600@ad71284f;transfer_long_ge17@ebd5925d","1536","","1024","0.002233"
"ours-3.2M-lean_seq-cap6","C0 T1 (ds-generator la_T1_c0_s0_r8)","3.2M","lean_seq","scratch","cap-6 control depth3_f0_a1 155k","6","T1","S1s0","rr600+ge17_70","670","max_term_size_shortest","256","0.8","9","lean_only","lean_judge (Lean 4.34)","2026-09-28","recomputed","fork:dan_long-pool:artifacts/lpool/rr2_shortest_lean.jsonl","","A:rr600+ge17_70 k256 T0.8 seed0 (state ms48 b2048 / wp max_new1536 b1024)","transfer_long_rr600@ad71284f;transfer_long_ge17@ebd5925d","1536","","1024","0.002233"
"ours-3.2M-lean_seq-cap6","C0 T1 (ds-generator la_T1_c0_s0_r8)","3.2M","lean_seq","scratch","cap-6 control depth3_f0_a1 155k","6","T1","S1s0","rr600+ge17_70","670","median_term_size_shortest","256","0.8","6","lean_only","lean_judge (Lean 4.34)","2026-09-28","recomputed","fork:dan_long-pool:artifacts/lpool/rr2_shortest_lean.jsonl","","A:rr600+ge17_70 k256 T0.8 seed0 (state ms48 b2048 / wp max_new1536 b1024)","transfer_long_rr600@ad71284f;transfer_long_ge17@ebd5925d","1536","","1024","0.002233"
"ours-3.2M-lean_seq-cap6","C0 T1 (ds-generator la_T1_c0_s1_r8)","3.2M","lean_seq","scratch","cap-6 control depth3_f0_a1 155k","6","T1","S1s1","rr600","100","solved","256","0.8","6","lean_only","lean_judge (Lean 4.34)","2026-09-28","recomputed","fork:dan_long-pool:artifacts/lpool/rr2/ds-generator__la_T1_c0_s1_r8.jsonl","11","A:rr600+ge17_70 k256 T0.8 seed0 (state ms48 b2048 / wp max_new1536 b1024)","transfer_long_rr600@ad71284f","1536","","1024","0.000195"
"ours-3.2M-lean_seq-cap6","C0 T1 (ds-generator la_T1_c0_s1_r8)","3.2M","lean_seq","scratch","cap-6 control depth3_f0_a1 155k","6","T1","S1s1","rr600_gen","81","solved","256","0.8","6","lean_only","lean_judge (Lean 4.34)","2026-09-28","recomputed","fork:dan_long-pool:artifacts/lpool/rr2/ds-generator__la_T1_c0_s1_r8.jsonl","11","A:rr600+ge17_70 k256 T0.8 seed0 (state ms48 b2048 / wp max_new1536 b1024)","transfer_long_rr600@ad71284f","1536","","1024","0.000195"
"ours-3.2M-lean_seq-cap6","C0 T1 (ds-generator la_T1_c0_s1_r8)","3.2M","lean_seq","scratch","cap-6 control depth3_f0_a1 155k","6","T1","S1s1","rr600","100","solved","256","0.8","3","lean_only","lean_judge (Lean 4.34)","2026-09-28","recomputed","fork:dan_long-pool:artifacts/lpool/rr2/ds-generator__la_T1_c0_s1_r8.jsonl","12","A:rr600+ge17_70 k256 T0.8 seed0 (state ms48 b2048 / wp max_new1536 b1024)","transfer_long_rr600@ad71284f","1536","","1024","0.000195"
"ours-3.2M-lean_seq-cap6","C0 T1 (ds-generator la_T1_c0_s1_r8)","3.2M","lean_seq","scratch","cap-6 control depth3_f0_a1 155k","6","T1","S1s1","rr600_gen","66","solved","256","0.8","3","lean_only","lean_judge (Lean 4.34)","2026-09-28","recomputed","fork:dan_long-pool:artifacts/lpool/rr2/ds-generator__la_T1_c0_s1_r8.jsonl","12","A:rr600+ge17_70 k256 T0.8 seed0 (state ms48 b2048 / wp max_new1536 b1024)","transfer_long_rr600@ad71284f","1536","","1024","0.000195"
"ours-3.2M-lean_seq-cap6","C0 T1 (ds-generator la_T1_c0_s1_r8)","3.2M","lean_seq","scratch","cap-6 control depth3_f0_a1 155k","6","T1","S1s1","rr600","100","solved","256","0.8","1","lean_only","lean_judge (Lean 4.34)","2026-09-28","recomputed","fork:dan_long-pool:artifacts/lpool/rr2/ds-generator__la_T1_c0_s1_r8.jsonl","13","A:rr600+ge17_70 k256 T0.8 seed0 (state ms48 b2048 / wp max_new1536 b1024)","transfer_long_rr600@ad71284f","1536","","1024","0.000195"
"ours-3.2M-lean_seq-cap6","C0 T1 (ds-generator la_T1_c0_s1_r8)","3.2M","lean_seq","scratch","cap-6 control depth3_f0_a1 155k","6","T1","S1s1","rr600_gen","90","solved","256","0.8","1","lean_only","lean_judge (Lean 4.34)","2026-09-28","recomputed","fork:dan_long-pool:artifacts/lpool/rr2/ds-generator__la_T1_c0_s1_r8.jsonl","13","A:rr600+ge17_70 k256 T0.8 seed0 (state ms48 b2048 / wp max_new1536 b1024)","transfer_long_rr600@ad71284f","1536","","1024","0.000195"
"ours-3.2M-lean_seq-cap6","C0 T1 (ds-generator la_T1_c0_s1_r8)","3.2M","lean_seq","scratch","cap-6 control depth3_f0_a1 155k","6","T1","S1s1","rr600","100","solved","256","0.8","1","lean_only","lean_judge (Lean 4.34)","2026-09-28","recomputed","fork:dan_long-pool:artifacts/lpool/rr2/ds-generator__la_T1_c0_s1_r8.jsonl","14","A:rr600+ge17_70 k256 T0.8 seed0 (state ms48 b2048 / wp max_new1536 b1024)","transfer_long_rr600@ad71284f","1536","","1024","0.000195"
"ours-3.2M-lean_seq-cap6","C0 T1 (ds-generator la_T1_c0_s1_r8)","3.2M","lean_seq","scratch","cap-6 control depth3_f0_a1 155k","6","T1","S1s1","rr600_gen","90","solved","256","0.8","1","lean_only","lean_judge (Lean 4.34)","2026-09-28","recomputed","fork:dan_long-pool:artifacts/lpool/rr2/ds-generator__la_T1_c0_s1_r8.jsonl","14","A:rr600+ge17_70 k256 T0.8 seed0 (state ms48 b2048 / wp max_new1536 b1024)","transfer_long_rr600@ad71284f","1536","","1024","0.000195"
"ours-3.2M-lean_seq-cap6","C0 T1 (ds-generator la_T1_c0_s1_r8)","3.2M","lean_seq","scratch","cap-6 control depth3_f0_a1 155k","6","T1","S1s1","rr600","100","solved","256","0.8","0","lean_only","lean_judge (Lean 4.34)","2026-09-28","recomputed","fork:dan_long-pool:artifacts/lpool/rr2/ds-generator__la_T1_c0_s1_r8.jsonl","15","A:rr600+ge17_70 k256 T0.8 seed0 (state ms48 b2048 / wp max_new1536 b1024)","transfer_long_rr600@ad71284f","1536","","1024","0.000195"
"ours-3.2M-lean_seq-cap6","C0 T1 (ds-generator la_T1_c0_s1_r8)","3.2M","lean_seq","scratch","cap-6 control depth3_f0_a1 155k","6","T1","S1s1","rr600_gen","100","solved","256","0.8","0","lean_only","lean_judge (Lean 4.34)","2026-09-28","recomputed","fork:dan_long-pool:artifacts/lpool/rr2/ds-generator__la_T1_c0_s1_r8.jsonl","15","A:rr600+ge17_70 k256 T0.8 seed0 (state ms48 b2048 / wp max_new1536 b1024)","transfer_long_rr600@ad71284f","1536","","1024","0.000195"
"ours-3.2M-lean_seq-cap6","C0 T1 (ds-generator la_T1_c0_s1_r8)","3.2M","lean_seq","scratch","cap-6 control depth3_f0_a1 155k","6","T1","S1s1","rr600","100","solved","256","0.8","0","lean_only","lean_judge (Lean 4.34)","2026-09-28","recomputed","fork:dan_long-pool:artifacts/lpool/rr2/ds-generator__la_T1_c0_s1_r8.jsonl","16","A:rr600+ge17_70 k256 T0.8 seed0 (state ms48 b2048 / wp max_new1536 b1024)","transfer_long_rr600@ad71284f","1536","","1024","0.000195"
"ours-3.2M-lean_seq-cap6","C0 T1 (ds-generator la_T1_c0_s1_r8)","3.2M","lean_seq","scratch","cap-6 control depth3_f0_a1 155k","6","T1","S1s1","rr600_gen","100","solved","256","0.8","0","lean_only","lean_judge (Lean 4.34)","2026-09-28","recomputed","fork:dan_long-pool:artifacts/lpool/rr2/ds-generator__la_T1_c0_s1_r8.jsonl","16","A:rr600+ge17_70 k256 T0.8 seed0 (state ms48 b2048 / wp max_new1536 b1024)","transfer_long_rr600@ad71284f","1536","","1024","0.000195"
"ours-3.2M-lean_seq-cap6","C0 T1 (ds-generator la_T1_c0_s1_r8)","3.2M","lean_seq","scratch","cap-6 control depth3_f0_a1 155k","6","T1","S1s1","rr600","600","solved","256","0.8","11","lean_only","lean_judge (Lean 4.34)","2026-09-28","recomputed","fork:dan_long-pool:artifacts/lpool/rr2/ds-generator__la_T1_c0_s1_r8.jsonl","","A:rr600+ge17_70 k256 T0.8 seed0 (state ms48 b2048 / wp max_new1536 b1024)","transfer_long_rr600@ad71284f","1536","","1024","0.000195"
"ours-3.2M-lean_seq-cap6","C0 T1 (ds-generator la_T1_c0_s1_r8)","3.2M","lean_seq","scratch","cap-6 control depth3_f0_a1 155k","6","T1","S1s1","rr600_gen_L13-16","380","Q","256","0.8","2","lean_only","lean_judge (Lean 4.34)","2026-09-28","recomputed","fork:dan_long-pool:artifacts/lpool/rr2/ds-generator__la_T1_c0_s1_r8.jsonl","","A:rr600+ge17_70 k256 T0.8 seed0 (state ms48 b2048 / wp max_new1536 b1024)","transfer_long_rr600@ad71284f","1536","","1024","0.000195"
"ours-3.2M-lean_seq-cap6","C0 T1 (ds-generator la_T1_c0_s1_r8)","3.2M","lean_seq","scratch","cap-6 control depth3_f0_a1 155k","6","T1","S1s1","ge17_70","70","solved","256","0.8","0","lean_only","lean_judge (Lean 4.34)","2026-09-28","recomputed","fork:dan_long-pool:artifacts/lpool/rr2/ds-generator__la_T1_c0_s1_r8__ge17.jsonl","17+","A:rr600+ge17_70 k256 T0.8 seed0 (state ms48 b2048 / wp max_new1536 b1024)","transfer_long_ge17@ebd5925d","1536","","1024","0.0"
"ours-3.2M-lean_seq-cap6","C0 T1 (ds-generator la_T1_c0_s1_r8)","3.2M","lean_seq","scratch","cap-6 control depth3_f0_a1 155k","6","T1","S1s1","rr600+ge17_70","670","L_star","256","0.8","12","lean_only","lean_judge (Lean 4.34)","2026-09-28","recomputed","fork:dan_long-pool:artifacts/lpool/rr2/ds-generator__la_T1_c0_s1_r8.jsonl + __ge17.jsonl","","A:rr600+ge17_70 k256 T0.8 seed0 (state ms48 b2048 / wp max_new1536 b1024)","transfer_long_rr600@ad71284f;transfer_long_ge17@ebd5925d","1536","","1024","0.000195"
"ours-3.2M-lean_seq-cap6","C0 T1 (ds-generator la_T1_c0_s1_r8)","3.2M","lean_seq","scratch","cap-6 control depth3_f0_a1 155k","6","T1","S1s1","rr600+ge17_70","670","max_accepted_lines","256","0.8","13","lean_only","lean_judge (Lean 4.34)","2026-09-28","recomputed","fork:dan_long-pool:artifacts/lpool/rr2/ds-generator__la_T1_c0_s1_r8.jsonl + __ge17.jsonl","","A:rr600+ge17_70 k256 T0.8 seed0 (state ms48 b2048 / wp max_new1536 b1024)","transfer_long_rr600@ad71284f;transfer_long_ge17@ebd5925d","1536","","1024","0.000195"
"ours-3.2M-lean_seq-cap6","C0 T1 (ds-generator la_T1_c0_s1_r8)","3.2M","lean_seq","scratch","cap-6 control depth3_f0_a1 155k","6","T1","S1s1","rr600+ge17_70","670","max_term_size_shortest","256","0.8","7","lean_only","lean_judge (Lean 4.34)","2026-09-28","recomputed","fork:dan_long-pool:artifacts/lpool/rr2_shortest_lean.jsonl","","A:rr600+ge17_70 k256 T0.8 seed0 (state ms48 b2048 / wp max_new1536 b1024)","transfer_long_rr600@ad71284f;transfer_long_ge17@ebd5925d","1536","","1024","0.000195"
"ours-3.2M-lean_seq-cap6","C0 T1 (ds-generator la_T1_c0_s1_r8)","3.2M","lean_seq","scratch","cap-6 control depth3_f0_a1 155k","6","T1","S1s1","rr600+ge17_70","670","median_term_size_shortest","256","0.8","6","lean_only","lean_judge (Lean 4.34)","2026-09-28","recomputed","fork:dan_long-pool:artifacts/lpool/rr2_shortest_lean.jsonl","","A:rr600+ge17_70 k256 T0.8 seed0 (state ms48 b2048 / wp max_new1536 b1024)","transfer_long_rr600@ad71284f;transfer_long_ge17@ebd5925d","1536","","1024","0.000195"
"ours-3.2M-lean_state-cap6","S frozen (state-env stage1_S_s0)","3.2M","lean_state","scratch","cap-6 control depth3_f0_a1 155k","6","frozen","S1s0","rr600","100","solved","256","0.8","0","lean_only","lean_judge (Lean 4.34)","2026-09-28","recomputed","fork:dan_long-pool:artifacts/lpool/rr2/state-env__stage1_S_s0.jsonl","11","A:rr600+ge17_70 k256 T0.8 seed0 (state ms48 b2048 / wp max_new1536 b1024)","transfer_long_rr600@ad71284f","","48","2048","0.000111"
"ours-3.2M-lean_state-cap6","S frozen (state-env stage1_S_s0)","3.2M","lean_state","scratch","cap-6 control depth3_f0_a1 155k","6","frozen","S1s0","rr600_gen","81","solved","256","0.8","0","lean_only","lean_judge (Lean 4.34)","2026-09-28","recomputed","fork:dan_long-pool:artifacts/lpool/rr2/state-env__stage1_S_s0.jsonl","11","A:rr600+ge17_70 k256 T0.8 seed0 (state ms48 b2048 / wp max_new1536 b1024)","transfer_long_rr600@ad71284f","","48","2048","0.000111"
"ours-3.2M-lean_state-cap6","S frozen (state-env stage1_S_s0)","3.2M","lean_state","scratch","cap-6 control depth3_f0_a1 155k","6","frozen","S1s0","rr600","100","solved","256","0.8","0","lean_only","lean_judge (Lean 4.34)","2026-09-28","recomputed","fork:dan_long-pool:artifacts/lpool/rr2/state-env__stage1_S_s0.jsonl","12","A:rr600+ge17_70 k256 T0.8 seed0 (state ms48 b2048 / wp max_new1536 b1024)","transfer_long_rr600@ad71284f","","48","2048","0.000111"
"ours-3.2M-lean_state-cap6","S frozen (state-env stage1_S_s0)","3.2M","lean_state","scratch","cap-6 control depth3_f0_a1 155k","6","frozen","S1s0","rr600_gen","66","solved","256","0.8","0","lean_only","lean_judge (Lean 4.34)","2026-09-28","recomputed","fork:dan_long-pool:artifacts/lpool/rr2/state-env__stage1_S_s0.jsonl","12","A:rr600+ge17_70 k256 T0.8 seed0 (state ms48 b2048 / wp max_new1536 b1024)","transfer_long_rr600@ad71284f","","48","2048","0.000111"
"ours-3.2M-lean_state-cap6","S frozen (state-env stage1_S_s0)","3.2M","lean_state","scratch","cap-6 control depth3_f0_a1 155k","6","frozen","S1s0","rr600","100","solved","256","0.8","0","lean_only","lean_judge (Lean 4.34)","2026-09-28","recomputed","fork:dan_long-pool:artifacts/lpool/rr2/state-env__stage1_S_s0.jsonl","13","A:rr600+ge17_70 k256 T0.8 seed0 (state ms48 b2048 / wp max_new1536 b1024)","transfer_long_rr600@ad71284f","","48","2048","0.000111"
"ours-3.2M-lean_state-cap6","S frozen (state-env stage1_S_s0)","3.2M","lean_state","scratch","cap-6 control depth3_f0_a1 155k","6","frozen","S1s0","rr600_gen","90","solved","256","0.8","0","lean_only","lean_judge (Lean 4.34)","2026-09-28","recomputed","fork:dan_long-pool:artifacts/lpool/rr2/state-env__stage1_S_s0.jsonl","13","A:rr600+ge17_70 k256 T0.8 seed0 (state ms48 b2048 / wp max_new1536 b1024)","transfer_long_rr600@ad71284f","","48","2048","0.000111"
"ours-3.2M-lean_state-cap6","S frozen (state-env stage1_S_s0)","3.2M","lean_state","scratch","cap-6 control depth3_f0_a1 155k","6","frozen","S1s0","rr600","100","solved","256","0.8","0","lean_only","lean_judge (Lean 4.34)","2026-09-28","recomputed","fork:dan_long-pool:artifacts/lpool/rr2/state-env__stage1_S_s0.jsonl","14","A:rr600+ge17_70 k256 T0.8 seed0 (state ms48 b2048 / wp max_new1536 b1024)","transfer_long_rr600@ad71284f","","48","2048","0.000111"
"ours-3.2M-lean_state-cap6","S frozen (state-env stage1_S_s0)","3.2M","lean_state","scratch","cap-6 control depth3_f0_a1 155k","6","frozen","S1s0","rr600_gen","90","solved","256","0.8","0","lean_only","lean_judge (Lean 4.34)","2026-09-28","recomputed","fork:dan_long-pool:artifacts/lpool/rr2/state-env__stage1_S_s0.jsonl","14","A:rr600+ge17_70 k256 T0.8 seed0 (state ms48 b2048 / wp max_new1536 b1024)","transfer_long_rr600@ad71284f","","48","2048","0.000111"
"ours-3.2M-lean_state-cap6","S frozen (state-env stage1_S_s0)","3.2M","lean_state","scratch","cap-6 control depth3_f0_a1 155k","6","frozen","S1s0","rr600","100","solved","256","0.8","0","lean_only","lean_judge (Lean 4.34)","2026-09-28","recomputed","fork:dan_long-pool:artifacts/lpool/rr2/state-env__stage1_S_s0.jsonl","15","A:rr600+ge17_70 k256 T0.8 seed0 (state ms48 b2048 / wp max_new1536 b1024)","transfer_long_rr600@ad71284f","","48","2048","0.000111"
"ours-3.2M-lean_state-cap6","S frozen (state-env stage1_S_s0)","3.2M","lean_state","scratch","cap-6 control depth3_f0_a1 155k","6","frozen","S1s0","rr600_gen","100","solved","256","0.8","0","lean_only","lean_judge (Lean 4.34)","2026-09-28","recomputed","fork:dan_long-pool:artifacts/lpool/rr2/state-env__stage1_S_s0.jsonl","15","A:rr600+ge17_70 k256 T0.8 seed0 (state ms48 b2048 / wp max_new1536 b1024)","transfer_long_rr600@ad71284f","","48","2048","0.000111"
"ours-3.2M-lean_state-cap6","S frozen (state-env stage1_S_s0)","3.2M","lean_state","scratch","cap-6 control depth3_f0_a1 155k","6","frozen","S1s0","rr600","100","solved","256","0.8","0","lean_only","lean_judge (Lean 4.34)","2026-09-28","recomputed","fork:dan_long-pool:artifacts/lpool/rr2/state-env__stage1_S_s0.jsonl","16","A:rr600+ge17_70 k256 T0.8 seed0 (state ms48 b2048 / wp max_new1536 b1024)","transfer_long_rr600@ad71284f","","48","2048","0.000111"
"ours-3.2M-lean_state-cap6","S frozen (state-env stage1_S_s0)","3.2M","lean_state","scratch","cap-6 control depth3_f0_a1 155k","6","frozen","S1s0","rr600_gen","100","solved","256","0.8","0","lean_only","lean_judge (Lean 4.34)","2026-09-28","recomputed","fork:dan_long-pool:artifacts/lpool/rr2/state-env__stage1_S_s0.jsonl","16","A:rr600+ge17_70 k256 T0.8 seed0 (state ms48 b2048 / wp max_new1536 b1024)","transfer_long_rr600@ad71284f","","48","2048","0.000111"
"ours-3.2M-lean_state-cap6","S frozen (state-env stage1_S_s0)","3.2M","lean_state","scratch","cap-6 control depth3_f0_a1 155k","6","frozen","S1s0","rr600","600","solved","256","0.8","0","lean_only","lean_judge (Lean 4.34)","2026-09-28","recomputed","fork:dan_long-pool:artifacts/lpool/rr2/state-env__stage1_S_s0.jsonl","","A:rr600+ge17_70 k256 T0.8 seed0 (state ms48 b2048 / wp max_new1536 b1024)","transfer_long_rr600@ad71284f","","48","2048","0.000111"
"ours-3.2M-lean_state-cap6","S frozen (state-env stage1_S_s0)","3.2M","lean_state","scratch","cap-6 control depth3_f0_a1 155k","6","frozen","S1s0","rr600_gen_L13-16","380","Q","256","0.8","0","lean_only","lean_judge (Lean 4.34)","2026-09-28","recomputed","fork:dan_long-pool:artifacts/lpool/rr2/state-env__stage1_S_s0.jsonl","","A:rr600+ge17_70 k256 T0.8 seed0 (state ms48 b2048 / wp max_new1536 b1024)","transfer_long_rr600@ad71284f","","48","2048","0.000111"
"ours-3.2M-lean_state-cap6","S frozen (state-env stage1_S_s0)","3.2M","lean_state","scratch","cap-6 control depth3_f0_a1 155k","6","frozen","S1s0","ge17_70","70","solved","256","0.8","0","lean_only","lean_judge (Lean 4.34)","2026-09-28","recomputed","fork:dan_long-pool:artifacts/lpool/rr2/state-env__stage1_S_s0__ge17.jsonl","17+","A:rr600+ge17_70 k256 T0.8 seed0 (state ms48 b2048 / wp max_new1536 b1024)","transfer_long_ge17@ebd5925d","","48","2048","0.000502"
"ours-3.2M-lean_state-cap6","S frozen (state-env stage1_S_s0)","3.2M","lean_state","scratch","cap-6 control depth3_f0_a1 155k","6","frozen","S1s0","rr600+ge17_70","670","L_star_lt","256","0.8","11","lean_only","lean_judge (Lean 4.34)","2026-09-28","recomputed","fork:dan_long-pool:artifacts/lpool/rr2/state-env__stage1_S_s0.jsonl + __ge17.jsonl","","A:rr600+ge17_70 k256 T0.8 seed0 (state ms48 b2048 / wp max_new1536 b1024)","transfer_long_rr600@ad71284f;transfer_long_ge17@ebd5925d","","48","2048","0.000111"
"ours-3.2M-lean_state-cap6","S frozen (state-env stage1_S_s0)","3.2M","lean_state","scratch","cap-6 control depth3_f0_a1 155k","6","frozen","S1s0","rr600+ge17_70","670","max_accepted_lines","256","0.8","0","lean_only","lean_judge (Lean 4.34)","2026-09-28","recomputed","fork:dan_long-pool:artifacts/lpool/rr2/state-env__stage1_S_s0.jsonl + __ge17.jsonl","","A:rr600+ge17_70 k256 T0.8 seed0 (state ms48 b2048 / wp max_new1536 b1024)","transfer_long_rr600@ad71284f;transfer_long_ge17@ebd5925d","","48","2048","0.000111"
"ours-3.2M-lean_state-cap6","S frozen (state-env stage1_S_s1)","3.2M","lean_state","scratch","cap-6 control depth3_f0_a1 155k","6","frozen","S1s1","rr600","100","solved","256","0.8","1","lean_only","lean_judge (Lean 4.34)","2026-09-28","recomputed","fork:dan_long-pool:artifacts/lpool/rr2/state-env__stage1_S_s1.jsonl","11","A:rr600+ge17_70 k256 T0.8 seed0 (state ms48 b2048 / wp max_new1536 b1024)","transfer_long_rr600@ad71284f","","48","2048","0.001048"
"ours-3.2M-lean_state-cap6","S frozen (state-env stage1_S_s1)","3.2M","lean_state","scratch","cap-6 control depth3_f0_a1 155k","6","frozen","S1s1","rr600_gen","81","solved","256","0.8","1","lean_only","lean_judge (Lean 4.34)","2026-09-28","recomputed","fork:dan_long-pool:artifacts/lpool/rr2/state-env__stage1_S_s1.jsonl","11","A:rr600+ge17_70 k256 T0.8 seed0 (state ms48 b2048 / wp max_new1536 b1024)","transfer_long_rr600@ad71284f","","48","2048","0.001048"
"ours-3.2M-lean_state-cap6","S frozen (state-env stage1_S_s1)","3.2M","lean_state","scratch","cap-6 control depth3_f0_a1 155k","6","frozen","S1s1","rr600","100","solved","256","0.8","0","lean_only","lean_judge (Lean 4.34)","2026-09-28","recomputed","fork:dan_long-pool:artifacts/lpool/rr2/state-env__stage1_S_s1.jsonl","12","A:rr600+ge17_70 k256 T0.8 seed0 (state ms48 b2048 / wp max_new1536 b1024)","transfer_long_rr600@ad71284f","","48","2048","0.001048"
"ours-3.2M-lean_state-cap6","S frozen (state-env stage1_S_s1)","3.2M","lean_state","scratch","cap-6 control depth3_f0_a1 155k","6","frozen","S1s1","rr600_gen","66","solved","256","0.8","0","lean_only","lean_judge (Lean 4.34)","2026-09-28","recomputed","fork:dan_long-pool:artifacts/lpool/rr2/state-env__stage1_S_s1.jsonl","12","A:rr600+ge17_70 k256 T0.8 seed0 (state ms48 b2048 / wp max_new1536 b1024)","transfer_long_rr600@ad71284f","","48","2048","0.001048"
"ours-3.2M-lean_state-cap6","S frozen (state-env stage1_S_s1)","3.2M","lean_state","scratch","cap-6 control depth3_f0_a1 155k","6","frozen","S1s1","rr600","100","solved","256","0.8","1","lean_only","lean_judge (Lean 4.34)","2026-09-28","recomputed","fork:dan_long-pool:artifacts/lpool/rr2/state-env__stage1_S_s1.jsonl","13","A:rr600+ge17_70 k256 T0.8 seed0 (state ms48 b2048 / wp max_new1536 b1024)","transfer_long_rr600@ad71284f","","48","2048","0.001048"
"ours-3.2M-lean_state-cap6","S frozen (state-env stage1_S_s1)","3.2M","lean_state","scratch","cap-6 control depth3_f0_a1 155k","6","frozen","S1s1","rr600_gen","90","solved","256","0.8","1","lean_only","lean_judge (Lean 4.34)","2026-09-28","recomputed","fork:dan_long-pool:artifacts/lpool/rr2/state-env__stage1_S_s1.jsonl","13","A:rr600+ge17_70 k256 T0.8 seed0 (state ms48 b2048 / wp max_new1536 b1024)","transfer_long_rr600@ad71284f","","48","2048","0.001048"
"ours-3.2M-lean_state-cap6","S frozen (state-env stage1_S_s1)","3.2M","lean_state","scratch","cap-6 control depth3_f0_a1 155k","6","frozen","S1s1","rr600","100","solved","256","0.8","0","lean_only","lean_judge (Lean 4.34)","2026-09-28","recomputed","fork:dan_long-pool:artifacts/lpool/rr2/state-env__stage1_S_s1.jsonl","14","A:rr600+ge17_70 k256 T0.8 seed0 (state ms48 b2048 / wp max_new1536 b1024)","transfer_long_rr600@ad71284f","","48","2048","0.001048"
"ours-3.2M-lean_state-cap6","S frozen (state-env stage1_S_s1)","3.2M","lean_state","scratch","cap-6 control depth3_f0_a1 155k","6","frozen","S1s1","rr600_gen","90","solved","256","0.8","0","lean_only","lean_judge (Lean 4.34)","2026-09-28","recomputed","fork:dan_long-pool:artifacts/lpool/rr2/state-env__stage1_S_s1.jsonl","14","A:rr600+ge17_70 k256 T0.8 seed0 (state ms48 b2048 / wp max_new1536 b1024)","transfer_long_rr600@ad71284f","","48","2048","0.001048"
"ours-3.2M-lean_state-cap6","S frozen (state-env stage1_S_s1)","3.2M","lean_state","scratch","cap-6 control depth3_f0_a1 155k","6","frozen","S1s1","rr600","100","solved","256","0.8","0","lean_only","lean_judge (Lean 4.34)","2026-09-28","recomputed","fork:dan_long-pool:artifacts/lpool/rr2/state-env__stage1_S_s1.jsonl","15","A:rr600+ge17_70 k256 T0.8 seed0 (state ms48 b2048 / wp max_new1536 b1024)","transfer_long_rr600@ad71284f","","48","2048","0.001048"
"ours-3.2M-lean_state-cap6","S frozen (state-env stage1_S_s1)","3.2M","lean_state","scratch","cap-6 control depth3_f0_a1 155k","6","frozen","S1s1","rr600_gen","100","solved","256","0.8","0","lean_only","lean_judge (Lean 4.34)","2026-09-28","recomputed","fork:dan_long-pool:artifacts/lpool/rr2/state-env__stage1_S_s1.jsonl","15","A:rr600+ge17_70 k256 T0.8 seed0 (state ms48 b2048 / wp max_new1536 b1024)","transfer_long_rr600@ad71284f","","48","2048","0.001048"
"ours-3.2M-lean_state-cap6","S frozen (state-env stage1_S_s1)","3.2M","lean_state","scratch","cap-6 control depth3_f0_a1 155k","6","frozen","S1s1","rr600","100","solved","256","0.8","0","lean_only","lean_judge (Lean 4.34)","2026-09-28","recomputed","fork:dan_long-pool:artifacts/lpool/rr2/state-env__stage1_S_s1.jsonl","16","A:rr600+ge17_70 k256 T0.8 seed0 (state ms48 b2048 / wp max_new1536 b1024)","transfer_long_rr600@ad71284f","","48","2048","0.001048"
"ours-3.2M-lean_state-cap6","S frozen (state-env stage1_S_s1)","3.2M","lean_state","scratch","cap-6 control depth3_f0_a1 155k","6","frozen","S1s1","rr600_gen","100","solved","256","0.8","0","lean_only","lean_judge (Lean 4.34)","2026-09-28","recomputed","fork:dan_long-pool:artifacts/lpool/rr2/state-env__stage1_S_s1.jsonl","16","A:rr600+ge17_70 k256 T0.8 seed0 (state ms48 b2048 / wp max_new1536 b1024)","transfer_long_rr600@ad71284f","","48","2048","0.001048"
"ours-3.2M-lean_state-cap6","S frozen (state-env stage1_S_s1)","3.2M","lean_state","scratch","cap-6 control depth3_f0_a1 155k","6","frozen","S1s1","rr600","600","solved","256","0.8","2","lean_only","lean_judge (Lean 4.34)","2026-09-28","recomputed","fork:dan_long-pool:artifacts/lpool/rr2/state-env__stage1_S_s1.jsonl","","A:rr600+ge17_70 k256 T0.8 seed0 (state ms48 b2048 / wp max_new1536 b1024)","transfer_long_rr600@ad71284f","","48","2048","0.001048"
"ours-3.2M-lean_state-cap6","S frozen (state-env stage1_S_s1)","3.2M","lean_state","scratch","cap-6 control depth3_f0_a1 155k","6","frozen","S1s1","rr600_gen_L13-16","380","Q","256","0.8","1","lean_only","lean_judge (Lean 4.34)","2026-09-28","recomputed","fork:dan_long-pool:artifacts/lpool/rr2/state-env__stage1_S_s1.jsonl","","A:rr600+ge17_70 k256 T0.8 seed0 (state ms48 b2048 / wp max_new1536 b1024)","transfer_long_rr600@ad71284f","","48","2048","0.001048"
"ours-3.2M-lean_state-cap6","S frozen (state-env stage1_S_s1)","3.2M","lean_state","scratch","cap-6 control depth3_f0_a1 155k","6","frozen","S1s1","ge17_70","70","solved","256","0.8","0","lean_only","lean_judge (Lean 4.34)","2026-09-28","recomputed","fork:dan_long-pool:artifacts/lpool/rr2/state-env__stage1_S_s1__ge17.jsonl","17+","A:rr600+ge17_70 k256 T0.8 seed0 (state ms48 b2048 / wp max_new1536 b1024)","transfer_long_ge17@ebd5925d","","48","2048","0.001004"
"ours-3.2M-lean_state-cap6","S frozen (state-env stage1_S_s1)","3.2M","lean_state","scratch","cap-6 control depth3_f0_a1 155k","6","frozen","S1s1","rr600+ge17_70","670","L_star_lt","256","0.8","11","lean_only","lean_judge (Lean 4.34)","2026-09-28","recomputed","fork:dan_long-pool:artifacts/lpool/rr2/state-env__stage1_S_s1.jsonl + __ge17.jsonl","","A:rr600+ge17_70 k256 T0.8 seed0 (state ms48 b2048 / wp max_new1536 b1024)","transfer_long_rr600@ad71284f;transfer_long_ge17@ebd5925d","","48","2048","0.001048"
"ours-3.2M-lean_state-cap6","S frozen (state-env stage1_S_s1)","3.2M","lean_state","scratch","cap-6 control depth3_f0_a1 155k","6","frozen","S1s1","rr600+ge17_70","670","max_accepted_lines","256","0.8","12","lean_only","lean_judge (Lean 4.34)","2026-09-28","recomputed","fork:dan_long-pool:artifacts/lpool/rr2/state-env__stage1_S_s1.jsonl + __ge17.jsonl","","A:rr600+ge17_70 k256 T0.8 seed0 (state ms48 b2048 / wp max_new1536 b1024)","transfer_long_rr600@ad71284f;transfer_long_ge17@ebd5925d","","48","2048","0.001048"
"ours-3.2M-lean_state-cap6","S frozen (state-env stage1_S_s1)","3.2M","lean_state","scratch","cap-6 control depth3_f0_a1 155k","6","frozen","S1s1","rr600+ge17_70","670","max_term_size_shortest","256","0.8","7","lean_only","lean_judge (Lean 4.34)","2026-09-28","recomputed","fork:dan_long-pool:artifacts/lpool/rr2_shortest_lean.jsonl","","A:rr600+ge17_70 k256 T0.8 seed0 (state ms48 b2048 / wp max_new1536 b1024)","transfer_long_rr600@ad71284f;transfer_long_ge17@ebd5925d","","48","2048","0.001048"
"ours-3.2M-lean_state-cap6","S frozen (state-env stage1_S_s1)","3.2M","lean_state","scratch","cap-6 control depth3_f0_a1 155k","6","frozen","S1s1","rr600+ge17_70","670","median_term_size_shortest","256","0.8","6.5","lean_only","lean_judge (Lean 4.34)","2026-09-28","recomputed","fork:dan_long-pool:artifacts/lpool/rr2_shortest_lean.jsonl","","A:rr600+ge17_70 k256 T0.8 seed0 (state ms48 b2048 / wp max_new1536 b1024)","transfer_long_rr600@ad71284f;transfer_long_ge17@ebd5925d","","48","2048","0.001048"
"ours-3.2M-lean_staten-cap6","SN frozen (state-env stage1_SN_s0)","3.2M","lean_staten","scratch","cap-6 control depth3_f0_a1 155k","6","frozen","S1s0","rr600","100","solved","256","0.8","7","lean_only","lean_judge (Lean 4.34)","2026-09-28","recomputed","fork:dan_long-pool:artifacts/lpool/rr2/state-env__stage1_SN_s0.jsonl","11","A:rr600+ge17_70 k256 T0.8 seed0 (state ms48 b2048 / wp max_new1536 b1024)","transfer_long_rr600@ad71284f","","48","2048","2e-05"
"ours-3.2M-lean_staten-cap6","SN frozen (state-env stage1_SN_s0)","3.2M","lean_staten","scratch","cap-6 control depth3_f0_a1 155k","6","frozen","S1s0","rr600_gen","81","solved","256","0.8","7","lean_only","lean_judge (Lean 4.34)","2026-09-28","recomputed","fork:dan_long-pool:artifacts/lpool/rr2/state-env__stage1_SN_s0.jsonl","11","A:rr600+ge17_70 k256 T0.8 seed0 (state ms48 b2048 / wp max_new1536 b1024)","transfer_long_rr600@ad71284f","","48","2048","2e-05"
"ours-3.2M-lean_staten-cap6","SN frozen (state-env stage1_SN_s0)","3.2M","lean_staten","scratch","cap-6 control depth3_f0_a1 155k","6","frozen","S1s0","rr600","100","solved","256","0.8","1","lean_only","lean_judge (Lean 4.34)","2026-09-28","recomputed","fork:dan_long-pool:artifacts/lpool/rr2/state-env__stage1_SN_s0.jsonl","12","A:rr600+ge17_70 k256 T0.8 seed0 (state ms48 b2048 / wp max_new1536 b1024)","transfer_long_rr600@ad71284f","","48","2048","2e-05"
"ours-3.2M-lean_staten-cap6","SN frozen (state-env stage1_SN_s0)","3.2M","lean_staten","scratch","cap-6 control depth3_f0_a1 155k","6","frozen","S1s0","rr600_gen","66","solved","256","0.8","1","lean_only","lean_judge (Lean 4.34)","2026-09-28","recomputed","fork:dan_long-pool:artifacts/lpool/rr2/state-env__stage1_SN_s0.jsonl","12","A:rr600+ge17_70 k256 T0.8 seed0 (state ms48 b2048 / wp max_new1536 b1024)","transfer_long_rr600@ad71284f","","48","2048","2e-05"
"ours-3.2M-lean_staten-cap6","SN frozen (state-env stage1_SN_s0)","3.2M","lean_staten","scratch","cap-6 control depth3_f0_a1 155k","6","frozen","S1s0","rr600","100","solved","256","0.8","2","lean_only","lean_judge (Lean 4.34)","2026-09-28","recomputed","fork:dan_long-pool:artifacts/lpool/rr2/state-env__stage1_SN_s0.jsonl","13","A:rr600+ge17_70 k256 T0.8 seed0 (state ms48 b2048 / wp max_new1536 b1024)","transfer_long_rr600@ad71284f","","48","2048","2e-05"
"ours-3.2M-lean_staten-cap6","SN frozen (state-env stage1_SN_s0)","3.2M","lean_staten","scratch","cap-6 control depth3_f0_a1 155k","6","frozen","S1s0","rr600_gen","90","solved","256","0.8","2","lean_only","lean_judge (Lean 4.34)","2026-09-28","recomputed","fork:dan_long-pool:artifacts/lpool/rr2/state-env__stage1_SN_s0.jsonl","13","A:rr600+ge17_70 k256 T0.8 seed0 (state ms48 b2048 / wp max_new1536 b1024)","transfer_long_rr600@ad71284f","","48","2048","2e-05"
"ours-3.2M-lean_staten-cap6","SN frozen (state-env stage1_SN_s0)","3.2M","lean_staten","scratch","cap-6 control depth3_f0_a1 155k","6","frozen","S1s0","rr600","100","solved","256","0.8","1","lean_only","lean_judge (Lean 4.34)","2026-09-28","recomputed","fork:dan_long-pool:artifacts/lpool/rr2/state-env__stage1_SN_s0.jsonl","14","A:rr600+ge17_70 k256 T0.8 seed0 (state ms48 b2048 / wp max_new1536 b1024)","transfer_long_rr600@ad71284f","","48","2048","2e-05"
"ours-3.2M-lean_staten-cap6","SN frozen (state-env stage1_SN_s0)","3.2M","lean_staten","scratch","cap-6 control depth3_f0_a1 155k","6","frozen","S1s0","rr600_gen","90","solved","256","0.8","1","lean_only","lean_judge (Lean 4.34)","2026-09-28","recomputed","fork:dan_long-pool:artifacts/lpool/rr2/state-env__stage1_SN_s0.jsonl","14","A:rr600+ge17_70 k256 T0.8 seed0 (state ms48 b2048 / wp max_new1536 b1024)","transfer_long_rr600@ad71284f","","48","2048","2e-05"
"ours-3.2M-lean_staten-cap6","SN frozen (state-env stage1_SN_s0)","3.2M","lean_staten","scratch","cap-6 control depth3_f0_a1 155k","6","frozen","S1s0","rr600","100","solved","256","0.8","0","lean_only","lean_judge (Lean 4.34)","2026-09-28","recomputed","fork:dan_long-pool:artifacts/lpool/rr2/state-env__stage1_SN_s0.jsonl","15","A:rr600+ge17_70 k256 T0.8 seed0 (state ms48 b2048 / wp max_new1536 b1024)","transfer_long_rr600@ad71284f","","48","2048","2e-05"
"ours-3.2M-lean_staten-cap6","SN frozen (state-env stage1_SN_s0)","3.2M","lean_staten","scratch","cap-6 control depth3_f0_a1 155k","6","frozen","S1s0","rr600_gen","100","solved","256","0.8","0","lean_only","lean_judge (Lean 4.34)","2026-09-28","recomputed","fork:dan_long-pool:artifacts/lpool/rr2/state-env__stage1_SN_s0.jsonl","15","A:rr600+ge17_70 k256 T0.8 seed0 (state ms48 b2048 / wp max_new1536 b1024)","transfer_long_rr600@ad71284f","","48","2048","2e-05"
"ours-3.2M-lean_staten-cap6","SN frozen (state-env stage1_SN_s0)","3.2M","lean_staten","scratch","cap-6 control depth3_f0_a1 155k","6","frozen","S1s0","rr600","100","solved","256","0.8","0","lean_only","lean_judge (Lean 4.34)","2026-09-28","recomputed","fork:dan_long-pool:artifacts/lpool/rr2/state-env__stage1_SN_s0.jsonl","16","A:rr600+ge17_70 k256 T0.8 seed0 (state ms48 b2048 / wp max_new1536 b1024)","transfer_long_rr600@ad71284f","","48","2048","2e-05"
"ours-3.2M-lean_staten-cap6","SN frozen (state-env stage1_SN_s0)","3.2M","lean_staten","scratch","cap-6 control depth3_f0_a1 155k","6","frozen","S1s0","rr600_gen","100","solved","256","0.8","0","lean_only","lean_judge (Lean 4.34)","2026-09-28","recomputed","fork:dan_long-pool:artifacts/lpool/rr2/state-env__stage1_SN_s0.jsonl","16","A:rr600+ge17_70 k256 T0.8 seed0 (state ms48 b2048 / wp max_new1536 b1024)","transfer_long_rr600@ad71284f","","48","2048","2e-05"
"ours-3.2M-lean_staten-cap6","SN frozen (state-env stage1_SN_s0)","3.2M","lean_staten","scratch","cap-6 control depth3_f0_a1 155k","6","frozen","S1s0","rr600","600","solved","256","0.8","11","lean_only","lean_judge (Lean 4.34)","2026-09-28","recomputed","fork:dan_long-pool:artifacts/lpool/rr2/state-env__stage1_SN_s0.jsonl","","A:rr600+ge17_70 k256 T0.8 seed0 (state ms48 b2048 / wp max_new1536 b1024)","transfer_long_rr600@ad71284f","","48","2048","2e-05"
"ours-3.2M-lean_staten-cap6","SN frozen (state-env stage1_SN_s0)","3.2M","lean_staten","scratch","cap-6 control depth3_f0_a1 155k","6","frozen","S1s0","rr600_gen_L13-16","380","Q","256","0.8","3","lean_only","lean_judge (Lean 4.34)","2026-09-28","recomputed","fork:dan_long-pool:artifacts/lpool/rr2/state-env__stage1_SN_s0.jsonl","","A:rr600+ge17_70 k256 T0.8 seed0 (state ms48 b2048 / wp max_new1536 b1024)","transfer_long_rr600@ad71284f","","48","2048","2e-05"
"ours-3.2M-lean_staten-cap6","SN frozen (state-env stage1_SN_s0)","3.2M","lean_staten","scratch","cap-6 control depth3_f0_a1 155k","6","frozen","S1s0","ge17_70","70","solved","256","0.8","0","lean_only","lean_judge (Lean 4.34)","2026-09-28","recomputed","fork:dan_long-pool:artifacts/lpool/rr2/state-env__stage1_SN_s0__ge17.jsonl","17+","A:rr600+ge17_70 k256 T0.8 seed0 (state ms48 b2048 / wp max_new1536 b1024)","transfer_long_ge17@ebd5925d","","48","2048","0.0"
"ours-3.2M-lean_staten-cap6","SN frozen (state-env stage1_SN_s0)","3.2M","lean_staten","scratch","cap-6 control depth3_f0_a1 155k","6","frozen","S1s0","rr600+ge17_70","670","L_star","256","0.8","11","lean_only","lean_judge (Lean 4.34)","2026-09-28","recomputed","fork:dan_long-pool:artifacts/lpool/rr2/state-env__stage1_SN_s0.jsonl + __ge17.jsonl","","A:rr600+ge17_70 k256 T0.8 seed0 (state ms48 b2048 / wp max_new1536 b1024)","transfer_long_rr600@ad71284f;transfer_long_ge17@ebd5925d","","48","2048","2e-05"
"ours-3.2M-lean_staten-cap6","SN frozen (state-env stage1_SN_s0)","3.2M","lean_staten","scratch","cap-6 control depth3_f0_a1 155k","6","frozen","S1s0","rr600+ge17_70","670","max_accepted_lines","256","0.8","14","lean_only","lean_judge (Lean 4.34)","2026-09-28","recomputed","fork:dan_long-pool:artifacts/lpool/rr2/state-env__stage1_SN_s0.jsonl + __ge17.jsonl","","A:rr600+ge17_70 k256 T0.8 seed0 (state ms48 b2048 / wp max_new1536 b1024)","transfer_long_rr600@ad71284f;transfer_long_ge17@ebd5925d","","48","2048","2e-05"
"ours-3.2M-lean_staten-cap6","SN frozen (state-env stage1_SN_s0)","3.2M","lean_staten","scratch","cap-6 control depth3_f0_a1 155k","6","frozen","S1s0","rr600+ge17_70","670","max_term_size_shortest","256","0.8","9","lean_only","lean_judge (Lean 4.34)","2026-09-28","recomputed","fork:dan_long-pool:artifacts/lpool/rr2_shortest_lean.jsonl","","A:rr600+ge17_70 k256 T0.8 seed0 (state ms48 b2048 / wp max_new1536 b1024)","transfer_long_rr600@ad71284f;transfer_long_ge17@ebd5925d","","48","2048","2e-05"
"ours-3.2M-lean_staten-cap6","SN frozen (state-env stage1_SN_s0)","3.2M","lean_staten","scratch","cap-6 control depth3_f0_a1 155k","6","frozen","S1s0","rr600+ge17_70","670","median_term_size_shortest","256","0.8","6","lean_only","lean_judge (Lean 4.34)","2026-09-28","recomputed","fork:dan_long-pool:artifacts/lpool/rr2_shortest_lean.jsonl","","A:rr600+ge17_70 k256 T0.8 seed0 (state ms48 b2048 / wp max_new1536 b1024)","transfer_long_rr600@ad71284f;transfer_long_ge17@ebd5925d","","48","2048","2e-05"
"ours-3.2M-lean_staten-cap6","SN frozen (state-env stage1_SN_s1)","3.2M","lean_staten","scratch","cap-6 control depth3_f0_a1 155k","6","frozen","S1s1","rr600","100","solved","256","0.8","3","lean_only","lean_judge (Lean 4.34)","2026-09-28","recomputed","fork:dan_long-pool:artifacts/lpool/rr2/state-env__stage1_SN_s1.jsonl","11","A:rr600+ge17_70 k256 T0.8 seed0 (state ms48 b2048 / wp max_new1536 b1024)","transfer_long_rr600@ad71284f","","48","2048","7.8e-05"
"ours-3.2M-lean_staten-cap6","SN frozen (state-env stage1_SN_s1)","3.2M","lean_staten","scratch","cap-6 control depth3_f0_a1 155k","6","frozen","S1s1","rr600_gen","81","solved","256","0.8","3","lean_only","lean_judge (Lean 4.34)","2026-09-28","recomputed","fork:dan_long-pool:artifacts/lpool/rr2/state-env__stage1_SN_s1.jsonl","11","A:rr600+ge17_70 k256 T0.8 seed0 (state ms48 b2048 / wp max_new1536 b1024)","transfer_long_rr600@ad71284f","","48","2048","7.8e-05"
"ours-3.2M-lean_staten-cap6","SN frozen (state-env stage1_SN_s1)","3.2M","lean_staten","scratch","cap-6 control depth3_f0_a1 155k","6","frozen","S1s1","rr600","100","solved","256","0.8","1","lean_only","lean_judge (Lean 4.34)","2026-09-28","recomputed","fork:dan_long-pool:artifacts/lpool/rr2/state-env__stage1_SN_s1.jsonl","12","A:rr600+ge17_70 k256 T0.8 seed0 (state ms48 b2048 / wp max_new1536 b1024)","transfer_long_rr600@ad71284f","","48","2048","7.8e-05"
"ours-3.2M-lean_staten-cap6","SN frozen (state-env stage1_SN_s1)","3.2M","lean_staten","scratch","cap-6 control depth3_f0_a1 155k","6","frozen","S1s1","rr600_gen","66","solved","256","0.8","1","lean_only","lean_judge (Lean 4.34)","2026-09-28","recomputed","fork:dan_long-pool:artifacts/lpool/rr2/state-env__stage1_SN_s1.jsonl","12","A:rr600+ge17_70 k256 T0.8 seed0 (state ms48 b2048 / wp max_new1536 b1024)","transfer_long_rr600@ad71284f","","48","2048","7.8e-05"
"ours-3.2M-lean_staten-cap6","SN frozen (state-env stage1_SN_s1)","3.2M","lean_staten","scratch","cap-6 control depth3_f0_a1 155k","6","frozen","S1s1","rr600","100","solved","256","0.8","0","lean_only","lean_judge (Lean 4.34)","2026-09-28","recomputed","fork:dan_long-pool:artifacts/lpool/rr2/state-env__stage1_SN_s1.jsonl","13","A:rr600+ge17_70 k256 T0.8 seed0 (state ms48 b2048 / wp max_new1536 b1024)","transfer_long_rr600@ad71284f","","48","2048","7.8e-05"
"ours-3.2M-lean_staten-cap6","SN frozen (state-env stage1_SN_s1)","3.2M","lean_staten","scratch","cap-6 control depth3_f0_a1 155k","6","frozen","S1s1","rr600_gen","90","solved","256","0.8","0","lean_only","lean_judge (Lean 4.34)","2026-09-28","recomputed","fork:dan_long-pool:artifacts/lpool/rr2/state-env__stage1_SN_s1.jsonl","13","A:rr600+ge17_70 k256 T0.8 seed0 (state ms48 b2048 / wp max_new1536 b1024)","transfer_long_rr600@ad71284f","","48","2048","7.8e-05"
"ours-3.2M-lean_staten-cap6","SN frozen (state-env stage1_SN_s1)","3.2M","lean_staten","scratch","cap-6 control depth3_f0_a1 155k","6","frozen","S1s1","rr600","100","solved","256","0.8","0","lean_only","lean_judge (Lean 4.34)","2026-09-28","recomputed","fork:dan_long-pool:artifacts/lpool/rr2/state-env__stage1_SN_s1.jsonl","14","A:rr600+ge17_70 k256 T0.8 seed0 (state ms48 b2048 / wp max_new1536 b1024)","transfer_long_rr600@ad71284f","","48","2048","7.8e-05"
"ours-3.2M-lean_staten-cap6","SN frozen (state-env stage1_SN_s1)","3.2M","lean_staten","scratch","cap-6 control depth3_f0_a1 155k","6","frozen","S1s1","rr600_gen","90","solved","256","0.8","0","lean_only","lean_judge (Lean 4.34)","2026-09-28","recomputed","fork:dan_long-pool:artifacts/lpool/rr2/state-env__stage1_SN_s1.jsonl","14","A:rr600+ge17_70 k256 T0.8 seed0 (state ms48 b2048 / wp max_new1536 b1024)","transfer_long_rr600@ad71284f","","48","2048","7.8e-05"
"ours-3.2M-lean_staten-cap6","SN frozen (state-env stage1_SN_s1)","3.2M","lean_staten","scratch","cap-6 control depth3_f0_a1 155k","6","frozen","S1s1","rr600","100","solved","256","0.8","0","lean_only","lean_judge (Lean 4.34)","2026-09-28","recomputed","fork:dan_long-pool:artifacts/lpool/rr2/state-env__stage1_SN_s1.jsonl","15","A:rr600+ge17_70 k256 T0.8 seed0 (state ms48 b2048 / wp max_new1536 b1024)","transfer_long_rr600@ad71284f","","48","2048","7.8e-05"
"ours-3.2M-lean_staten-cap6","SN frozen (state-env stage1_SN_s1)","3.2M","lean_staten","scratch","cap-6 control depth3_f0_a1 155k","6","frozen","S1s1","rr600_gen","100","solved","256","0.8","0","lean_only","lean_judge (Lean 4.34)","2026-09-28","recomputed","fork:dan_long-pool:artifacts/lpool/rr2/state-env__stage1_SN_s1.jsonl","15","A:rr600+ge17_70 k256 T0.8 seed0 (state ms48 b2048 / wp max_new1536 b1024)","transfer_long_rr600@ad71284f","","48","2048","7.8e-05"
"ours-3.2M-lean_staten-cap6","SN frozen (state-env stage1_SN_s1)","3.2M","lean_staten","scratch","cap-6 control depth3_f0_a1 155k","6","frozen","S1s1","rr600","100","solved","256","0.8","0","lean_only","lean_judge (Lean 4.34)","2026-09-28","recomputed","fork:dan_long-pool:artifacts/lpool/rr2/state-env__stage1_SN_s1.jsonl","16","A:rr600+ge17_70 k256 T0.8 seed0 (state ms48 b2048 / wp max_new1536 b1024)","transfer_long_rr600@ad71284f","","48","2048","7.8e-05"
"ours-3.2M-lean_staten-cap6","SN frozen (state-env stage1_SN_s1)","3.2M","lean_staten","scratch","cap-6 control depth3_f0_a1 155k","6","frozen","S1s1","rr600_gen","100","solved","256","0.8","0","lean_only","lean_judge (Lean 4.34)","2026-09-28","recomputed","fork:dan_long-pool:artifacts/lpool/rr2/state-env__stage1_SN_s1.jsonl","16","A:rr600+ge17_70 k256 T0.8 seed0 (state ms48 b2048 / wp max_new1536 b1024)","transfer_long_rr600@ad71284f","","48","2048","7.8e-05"
"ours-3.2M-lean_staten-cap6","SN frozen (state-env stage1_SN_s1)","3.2M","lean_staten","scratch","cap-6 control depth3_f0_a1 155k","6","frozen","S1s1","rr600","600","solved","256","0.8","4","lean_only","lean_judge (Lean 4.34)","2026-09-28","recomputed","fork:dan_long-pool:artifacts/lpool/rr2/state-env__stage1_SN_s1.jsonl","","A:rr600+ge17_70 k256 T0.8 seed0 (state ms48 b2048 / wp max_new1536 b1024)","transfer_long_rr600@ad71284f","","48","2048","7.8e-05"
"ours-3.2M-lean_staten-cap6","SN frozen (state-env stage1_SN_s1)","3.2M","lean_staten","scratch","cap-6 control depth3_f0_a1 155k","6","frozen","S1s1","rr600_gen_L13-16","380","Q","256","0.8","0","lean_only","lean_judge (Lean 4.34)","2026-09-28","recomputed","fork:dan_long-pool:artifacts/lpool/rr2/state-env__stage1_SN_s1.jsonl","","A:rr600+ge17_70 k256 T0.8 seed0 (state ms48 b2048 / wp max_new1536 b1024)","transfer_long_rr600@ad71284f","","48","2048","7.8e-05"
"ours-3.2M-lean_staten-cap6","SN frozen (state-env stage1_SN_s1)","3.2M","lean_staten","scratch","cap-6 control depth3_f0_a1 155k","6","frozen","S1s1","ge17_70","70","solved","256","0.8","0","lean_only","lean_judge (Lean 4.34)","2026-09-28","recomputed","fork:dan_long-pool:artifacts/lpool/rr2/state-env__stage1_SN_s1__ge17.jsonl","17+","A:rr600+ge17_70 k256 T0.8 seed0 (state ms48 b2048 / wp max_new1536 b1024)","transfer_long_ge17@ebd5925d","","48","2048","5.6e-05"
"ours-3.2M-lean_staten-cap6","SN frozen (state-env stage1_SN_s1)","3.2M","lean_staten","scratch","cap-6 control depth3_f0_a1 155k","6","frozen","S1s1","rr600+ge17_70","670","L_star_lt","256","0.8","11","lean_only","lean_judge (Lean 4.34)","2026-09-28","recomputed","fork:dan_long-pool:artifacts/lpool/rr2/state-env__stage1_SN_s1.jsonl + __ge17.jsonl","","A:rr600+ge17_70 k256 T0.8 seed0 (state ms48 b2048 / wp max_new1536 b1024)","transfer_long_rr600@ad71284f;transfer_long_ge17@ebd5925d","","48","2048","7.8e-05"
"ours-3.2M-lean_staten-cap6","SN frozen (state-env stage1_SN_s1)","3.2M","lean_staten","scratch","cap-6 control depth3_f0_a1 155k","6","frozen","S1s1","rr600+ge17_70","670","max_accepted_lines","256","0.8","12","lean_only","lean_judge (Lean 4.34)","2026-09-28","recomputed","fork:dan_long-pool:artifacts/lpool/rr2/state-env__stage1_SN_s1.jsonl + __ge17.jsonl","","A:rr600+ge17_70 k256 T0.8 seed0 (state ms48 b2048 / wp max_new1536 b1024)","transfer_long_rr600@ad71284f;transfer_long_ge17@ebd5925d","","48","2048","7.8e-05"
"ours-3.2M-lean_staten-cap6","SN frozen (state-env stage1_SN_s1)","3.2M","lean_staten","scratch","cap-6 control depth3_f0_a1 155k","6","frozen","S1s1","rr600+ge17_70","670","max_term_size_shortest","256","0.8","8","lean_only","lean_judge (Lean 4.34)","2026-09-28","recomputed","fork:dan_long-pool:artifacts/lpool/rr2_shortest_lean.jsonl","","A:rr600+ge17_70 k256 T0.8 seed0 (state ms48 b2048 / wp max_new1536 b1024)","transfer_long_rr600@ad71284f;transfer_long_ge17@ebd5925d","","48","2048","7.8e-05"
"ours-3.2M-lean_staten-cap6","SN frozen (state-env stage1_SN_s1)","3.2M","lean_staten","scratch","cap-6 control depth3_f0_a1 155k","6","frozen","S1s1","rr600+ge17_70","670","median_term_size_shortest","256","0.8","6.0","lean_only","lean_judge (Lean 4.34)","2026-09-28","recomputed","fork:dan_long-pool:artifacts/lpool/rr2_shortest_lean.jsonl","","A:rr600+ge17_70 k256 T0.8 seed0 (state ms48 b2048 / wp max_new1536 b1024)","transfer_long_rr600@ad71284f;transfer_long_ge17@ebd5925d","","48","2048","7.8e-05"
"ours-3.2M-lean_seq-cap6","C0 frozen (lean-format stage1_a1_seq_s0)","3.2M","lean_seq","scratch","cap-6 control depth3_f0_a1 155k","6","frozen","S1s0","rr600","100","solved","256","0.8","0","lean_only","lean_judge (Lean 4.34)","2026-09-28","recomputed","fork:dan_long-pool:artifacts/lpool/rr2/lean-format__stage1_a1_seq_s0.jsonl","11","A:rr600+ge17_70 k256 T0.8 seed0 (state ms48 b2048 / wp max_new1536 b1024)","transfer_long_rr600@ad71284f","1536","","1024","0.002487"
"ours-3.2M-lean_seq-cap6","C0 frozen (lean-format stage1_a1_seq_s0)","3.2M","lean_seq","scratch","cap-6 control depth3_f0_a1 155k","6","frozen","S1s0","rr600_gen","81","solved","256","0.8","0","lean_only","lean_judge (Lean 4.34)","2026-09-28","recomputed","fork:dan_long-pool:artifacts/lpool/rr2/lean-format__stage1_a1_seq_s0.jsonl","11","A:rr600+ge17_70 k256 T0.8 seed0 (state ms48 b2048 / wp max_new1536 b1024)","transfer_long_rr600@ad71284f","1536","","1024","0.002487"
"ours-3.2M-lean_seq-cap6","C0 frozen (lean-format stage1_a1_seq_s0)","3.2M","lean_seq","scratch","cap-6 control depth3_f0_a1 155k","6","frozen","S1s0","rr600","100","solved","256","0.8","0","lean_only","lean_judge (Lean 4.34)","2026-09-28","recomputed","fork:dan_long-pool:artifacts/lpool/rr2/lean-format__stage1_a1_seq_s0.jsonl","12","A:rr600+ge17_70 k256 T0.8 seed0 (state ms48 b2048 / wp max_new1536 b1024)","transfer_long_rr600@ad71284f","1536","","1024","0.002487"
"ours-3.2M-lean_seq-cap6","C0 frozen (lean-format stage1_a1_seq_s0)","3.2M","lean_seq","scratch","cap-6 control depth3_f0_a1 155k","6","frozen","S1s0","rr600_gen","66","solved","256","0.8","0","lean_only","lean_judge (Lean 4.34)","2026-09-28","recomputed","fork:dan_long-pool:artifacts/lpool/rr2/lean-format__stage1_a1_seq_s0.jsonl","12","A:rr600+ge17_70 k256 T0.8 seed0 (state ms48 b2048 / wp max_new1536 b1024)","transfer_long_rr600@ad71284f","1536","","1024","0.002487"
"ours-3.2M-lean_seq-cap6","C0 frozen (lean-format stage1_a1_seq_s0)","3.2M","lean_seq","scratch","cap-6 control depth3_f0_a1 155k","6","frozen","S1s0","rr600","100","solved","256","0.8","0","lean_only","lean_judge (Lean 4.34)","2026-09-28","recomputed","fork:dan_long-pool:artifacts/lpool/rr2/lean-format__stage1_a1_seq_s0.jsonl","13","A:rr600+ge17_70 k256 T0.8 seed0 (state ms48 b2048 / wp max_new1536 b1024)","transfer_long_rr600@ad71284f","1536","","1024","0.002487"
"ours-3.2M-lean_seq-cap6","C0 frozen (lean-format stage1_a1_seq_s0)","3.2M","lean_seq","scratch","cap-6 control depth3_f0_a1 155k","6","frozen","S1s0","rr600_gen","90","solved","256","0.8","0","lean_only","lean_judge (Lean 4.34)","2026-09-28","recomputed","fork:dan_long-pool:artifacts/lpool/rr2/lean-format__stage1_a1_seq_s0.jsonl","13","A:rr600+ge17_70 k256 T0.8 seed0 (state ms48 b2048 / wp max_new1536 b1024)","transfer_long_rr600@ad71284f","1536","","1024","0.002487"
"ours-3.2M-lean_seq-cap6","C0 frozen (lean-format stage1_a1_seq_s0)","3.2M","lean_seq","scratch","cap-6 control depth3_f0_a1 155k","6","frozen","S1s0","rr600","100","solved","256","0.8","0","lean_only","lean_judge (Lean 4.34)","2026-09-28","recomputed","fork:dan_long-pool:artifacts/lpool/rr2/lean-format__stage1_a1_seq_s0.jsonl","14","A:rr600+ge17_70 k256 T0.8 seed0 (state ms48 b2048 / wp max_new1536 b1024)","transfer_long_rr600@ad71284f","1536","","1024","0.002487"
"ours-3.2M-lean_seq-cap6","C0 frozen (lean-format stage1_a1_seq_s0)","3.2M","lean_seq","scratch","cap-6 control depth3_f0_a1 155k","6","frozen","S1s0","rr600_gen","90","solved","256","0.8","0","lean_only","lean_judge (Lean 4.34)","2026-09-28","recomputed","fork:dan_long-pool:artifacts/lpool/rr2/lean-format__stage1_a1_seq_s0.jsonl","14","A:rr600+ge17_70 k256 T0.8 seed0 (state ms48 b2048 / wp max_new1536 b1024)","transfer_long_rr600@ad71284f","1536","","1024","0.002487"
"ours-3.2M-lean_seq-cap6","C0 frozen (lean-format stage1_a1_seq_s0)","3.2M","lean_seq","scratch","cap-6 control depth3_f0_a1 155k","6","frozen","S1s0","rr600","100","solved","256","0.8","0","lean_only","lean_judge (Lean 4.34)","2026-09-28","recomputed","fork:dan_long-pool:artifacts/lpool/rr2/lean-format__stage1_a1_seq_s0.jsonl","15","A:rr600+ge17_70 k256 T0.8 seed0 (state ms48 b2048 / wp max_new1536 b1024)","transfer_long_rr600@ad71284f","1536","","1024","0.002487"
"ours-3.2M-lean_seq-cap6","C0 frozen (lean-format stage1_a1_seq_s0)","3.2M","lean_seq","scratch","cap-6 control depth3_f0_a1 155k","6","frozen","S1s0","rr600_gen","100","solved","256","0.8","0","lean_only","lean_judge (Lean 4.34)","2026-09-28","recomputed","fork:dan_long-pool:artifacts/lpool/rr2/lean-format__stage1_a1_seq_s0.jsonl","15","A:rr600+ge17_70 k256 T0.8 seed0 (state ms48 b2048 / wp max_new1536 b1024)","transfer_long_rr600@ad71284f","1536","","1024","0.002487"
"ours-3.2M-lean_seq-cap6","C0 frozen (lean-format stage1_a1_seq_s0)","3.2M","lean_seq","scratch","cap-6 control depth3_f0_a1 155k","6","frozen","S1s0","rr600","100","solved","256","0.8","0","lean_only","lean_judge (Lean 4.34)","2026-09-28","recomputed","fork:dan_long-pool:artifacts/lpool/rr2/lean-format__stage1_a1_seq_s0.jsonl","16","A:rr600+ge17_70 k256 T0.8 seed0 (state ms48 b2048 / wp max_new1536 b1024)","transfer_long_rr600@ad71284f","1536","","1024","0.002487"
"ours-3.2M-lean_seq-cap6","C0 frozen (lean-format stage1_a1_seq_s0)","3.2M","lean_seq","scratch","cap-6 control depth3_f0_a1 155k","6","frozen","S1s0","rr600_gen","100","solved","256","0.8","0","lean_only","lean_judge (Lean 4.34)","2026-09-28","recomputed","fork:dan_long-pool:artifacts/lpool/rr2/lean-format__stage1_a1_seq_s0.jsonl","16","A:rr600+ge17_70 k256 T0.8 seed0 (state ms48 b2048 / wp max_new1536 b1024)","transfer_long_rr600@ad71284f","1536","","1024","0.002487"
"ours-3.2M-lean_seq-cap6","C0 frozen (lean-format stage1_a1_seq_s0)","3.2M","lean_seq","scratch","cap-6 control depth3_f0_a1 155k","6","frozen","S1s0","rr600","600","solved","256","0.8","0","lean_only","lean_judge (Lean 4.34)","2026-09-28","recomputed","fork:dan_long-pool:artifacts/lpool/rr2/lean-format__stage1_a1_seq_s0.jsonl","","A:rr600+ge17_70 k256 T0.8 seed0 (state ms48 b2048 / wp max_new1536 b1024)","transfer_long_rr600@ad71284f","1536","","1024","0.002487"
"ours-3.2M-lean_seq-cap6","C0 frozen (lean-format stage1_a1_seq_s0)","3.2M","lean_seq","scratch","cap-6 control depth3_f0_a1 155k","6","frozen","S1s0","rr600_gen_L13-16","380","Q","256","0.8","0","lean_only","lean_judge (Lean 4.34)","2026-09-28","recomputed","fork:dan_long-pool:artifacts/lpool/rr2/lean-format__stage1_a1_seq_s0.jsonl","","A:rr600+ge17_70 k256 T0.8 seed0 (state ms48 b2048 / wp max_new1536 b1024)","transfer_long_rr600@ad71284f","1536","","1024","0.002487"
"ours-3.2M-lean_seq-cap6","C0 frozen (lean-format stage1_a1_seq_s0)","3.2M","lean_seq","scratch","cap-6 control depth3_f0_a1 155k","6","frozen","S1s0","ge17_70","70","solved","256","0.8","0","lean_only","lean_judge (Lean 4.34)","2026-09-28","recomputed","fork:dan_long-pool:artifacts/lpool/rr2/lean-format__stage1_a1_seq_s0__ge17.jsonl","17+","A:rr600+ge17_70 k256 T0.8 seed0 (state ms48 b2048 / wp max_new1536 b1024)","transfer_long_ge17@ebd5925d","1536","","1024","0.001563"
"ours-3.2M-lean_seq-cap6","C0 frozen (lean-format stage1_a1_seq_s0)","3.2M","lean_seq","scratch","cap-6 control depth3_f0_a1 155k","6","frozen","S1s0","rr600+ge17_70","670","L_star_lt","256","0.8","11","lean_only","lean_judge (Lean 4.34)","2026-09-28","recomputed","fork:dan_long-pool:artifacts/lpool/rr2/lean-format__stage1_a1_seq_s0.jsonl + __ge17.jsonl","","A:rr600+ge17_70 k256 T0.8 seed0 (state ms48 b2048 / wp max_new1536 b1024)","transfer_long_rr600@ad71284f;transfer_long_ge17@ebd5925d","1536","","1024","0.002487"
"ours-3.2M-lean_seq-cap6","C0 frozen (lean-format stage1_a1_seq_s0)","3.2M","lean_seq","scratch","cap-6 control depth3_f0_a1 155k","6","frozen","S1s0","rr600+ge17_70","670","max_accepted_lines","256","0.8","0","lean_only","lean_judge (Lean 4.34)","2026-09-28","recomputed","fork:dan_long-pool:artifacts/lpool/rr2/lean-format__stage1_a1_seq_s0.jsonl + __ge17.jsonl","","A:rr600+ge17_70 k256 T0.8 seed0 (state ms48 b2048 / wp max_new1536 b1024)","transfer_long_rr600@ad71284f;transfer_long_ge17@ebd5925d","1536","","1024","0.002487"
"ours-3.2M-lean_seq-cap6","C0 frozen (lean-format stage1_a1_seq_s1)","3.2M","lean_seq","scratch","cap-6 control depth3_f0_a1 155k","6","frozen","S1s1","rr600","100","solved","256","0.8","0","lean_only","lean_judge (Lean 4.34)","2026-09-28","recomputed","fork:dan_long-pool:artifacts/lpool/rr2/lean-format__stage1_a1_seq_s1.jsonl","11","A:rr600+ge17_70 k256 T0.8 seed0 (state ms48 b2048 / wp max_new1536 b1024)","transfer_long_rr600@ad71284f","1536","","1024","0.002396"
"ours-3.2M-lean_seq-cap6","C0 frozen (lean-format stage1_a1_seq_s1)","3.2M","lean_seq","scratch","cap-6 control depth3_f0_a1 155k","6","frozen","S1s1","rr600_gen","81","solved","256","0.8","0","lean_only","lean_judge (Lean 4.34)","2026-09-28","recomputed","fork:dan_long-pool:artifacts/lpool/rr2/lean-format__stage1_a1_seq_s1.jsonl","11","A:rr600+ge17_70 k256 T0.8 seed0 (state ms48 b2048 / wp max_new1536 b1024)","transfer_long_rr600@ad71284f","1536","","1024","0.002396"
"ours-3.2M-lean_seq-cap6","C0 frozen (lean-format stage1_a1_seq_s1)","3.2M","lean_seq","scratch","cap-6 control depth3_f0_a1 155k","6","frozen","S1s1","rr600","100","solved","256","0.8","0","lean_only","lean_judge (Lean 4.34)","2026-09-28","recomputed","fork:dan_long-pool:artifacts/lpool/rr2/lean-format__stage1_a1_seq_s1.jsonl","12","A:rr600+ge17_70 k256 T0.8 seed0 (state ms48 b2048 / wp max_new1536 b1024)","transfer_long_rr600@ad71284f","1536","","1024","0.002396"
"ours-3.2M-lean_seq-cap6","C0 frozen (lean-format stage1_a1_seq_s1)","3.2M","lean_seq","scratch","cap-6 control depth3_f0_a1 155k","6","frozen","S1s1","rr600_gen","66","solved","256","0.8","0","lean_only","lean_judge (Lean 4.34)","2026-09-28","recomputed","fork:dan_long-pool:artifacts/lpool/rr2/lean-format__stage1_a1_seq_s1.jsonl","12","A:rr600+ge17_70 k256 T0.8 seed0 (state ms48 b2048 / wp max_new1536 b1024)","transfer_long_rr600@ad71284f","1536","","1024","0.002396"
"ours-3.2M-lean_seq-cap6","C0 frozen (lean-format stage1_a1_seq_s1)","3.2M","lean_seq","scratch","cap-6 control depth3_f0_a1 155k","6","frozen","S1s1","rr600","100","solved","256","0.8","0","lean_only","lean_judge (Lean 4.34)","2026-09-28","recomputed","fork:dan_long-pool:artifacts/lpool/rr2/lean-format__stage1_a1_seq_s1.jsonl","13","A:rr600+ge17_70 k256 T0.8 seed0 (state ms48 b2048 / wp max_new1536 b1024)","transfer_long_rr600@ad71284f","1536","","1024","0.002396"
"ours-3.2M-lean_seq-cap6","C0 frozen (lean-format stage1_a1_seq_s1)","3.2M","lean_seq","scratch","cap-6 control depth3_f0_a1 155k","6","frozen","S1s1","rr600_gen","90","solved","256","0.8","0","lean_only","lean_judge (Lean 4.34)","2026-09-28","recomputed","fork:dan_long-pool:artifacts/lpool/rr2/lean-format__stage1_a1_seq_s1.jsonl","13","A:rr600+ge17_70 k256 T0.8 seed0 (state ms48 b2048 / wp max_new1536 b1024)","transfer_long_rr600@ad71284f","1536","","1024","0.002396"
"ours-3.2M-lean_seq-cap6","C0 frozen (lean-format stage1_a1_seq_s1)","3.2M","lean_seq","scratch","cap-6 control depth3_f0_a1 155k","6","frozen","S1s1","rr600","100","solved","256","0.8","0","lean_only","lean_judge (Lean 4.34)","2026-09-28","recomputed","fork:dan_long-pool:artifacts/lpool/rr2/lean-format__stage1_a1_seq_s1.jsonl","14","A:rr600+ge17_70 k256 T0.8 seed0 (state ms48 b2048 / wp max_new1536 b1024)","transfer_long_rr600@ad71284f","1536","","1024","0.002396"
"ours-3.2M-lean_seq-cap6","C0 frozen (lean-format stage1_a1_seq_s1)","3.2M","lean_seq","scratch","cap-6 control depth3_f0_a1 155k","6","frozen","S1s1","rr600_gen","90","solved","256","0.8","0","lean_only","lean_judge (Lean 4.34)","2026-09-28","recomputed","fork:dan_long-pool:artifacts/lpool/rr2/lean-format__stage1_a1_seq_s1.jsonl","14","A:rr600+ge17_70 k256 T0.8 seed0 (state ms48 b2048 / wp max_new1536 b1024)","transfer_long_rr600@ad71284f","1536","","1024","0.002396"
"ours-3.2M-lean_seq-cap6","C0 frozen (lean-format stage1_a1_seq_s1)","3.2M","lean_seq","scratch","cap-6 control depth3_f0_a1 155k","6","frozen","S1s1","rr600","100","solved","256","0.8","0","lean_only","lean_judge (Lean 4.34)","2026-09-28","recomputed","fork:dan_long-pool:artifacts/lpool/rr2/lean-format__stage1_a1_seq_s1.jsonl","15","A:rr600+ge17_70 k256 T0.8 seed0 (state ms48 b2048 / wp max_new1536 b1024)","transfer_long_rr600@ad71284f","1536","","1024","0.002396"
"ours-3.2M-lean_seq-cap6","C0 frozen (lean-format stage1_a1_seq_s1)","3.2M","lean_seq","scratch","cap-6 control depth3_f0_a1 155k","6","frozen","S1s1","rr600_gen","100","solved","256","0.8","0","lean_only","lean_judge (Lean 4.34)","2026-09-28","recomputed","fork:dan_long-pool:artifacts/lpool/rr2/lean-format__stage1_a1_seq_s1.jsonl","15","A:rr600+ge17_70 k256 T0.8 seed0 (state ms48 b2048 / wp max_new1536 b1024)","transfer_long_rr600@ad71284f","1536","","1024","0.002396"
"ours-3.2M-lean_seq-cap6","C0 frozen (lean-format stage1_a1_seq_s1)","3.2M","lean_seq","scratch","cap-6 control depth3_f0_a1 155k","6","frozen","S1s1","rr600","100","solved","256","0.8","0","lean_only","lean_judge (Lean 4.34)","2026-09-28","recomputed","fork:dan_long-pool:artifacts/lpool/rr2/lean-format__stage1_a1_seq_s1.jsonl","16","A:rr600+ge17_70 k256 T0.8 seed0 (state ms48 b2048 / wp max_new1536 b1024)","transfer_long_rr600@ad71284f","1536","","1024","0.002396"
"ours-3.2M-lean_seq-cap6","C0 frozen (lean-format stage1_a1_seq_s1)","3.2M","lean_seq","scratch","cap-6 control depth3_f0_a1 155k","6","frozen","S1s1","rr600_gen","100","solved","256","0.8","0","lean_only","lean_judge (Lean 4.34)","2026-09-28","recomputed","fork:dan_long-pool:artifacts/lpool/rr2/lean-format__stage1_a1_seq_s1.jsonl","16","A:rr600+ge17_70 k256 T0.8 seed0 (state ms48 b2048 / wp max_new1536 b1024)","transfer_long_rr600@ad71284f","1536","","1024","0.002396"
"ours-3.2M-lean_seq-cap6","C0 frozen (lean-format stage1_a1_seq_s1)","3.2M","lean_seq","scratch","cap-6 control depth3_f0_a1 155k","6","frozen","S1s1","rr600","600","solved","256","0.8","0","lean_only","lean_judge (Lean 4.34)","2026-09-28","recomputed","fork:dan_long-pool:artifacts/lpool/rr2/lean-format__stage1_a1_seq_s1.jsonl","","A:rr600+ge17_70 k256 T0.8 seed0 (state ms48 b2048 / wp max_new1536 b1024)","transfer_long_rr600@ad71284f","1536","","1024","0.002396"
"ours-3.2M-lean_seq-cap6","C0 frozen (lean-format stage1_a1_seq_s1)","3.2M","lean_seq","scratch","cap-6 control depth3_f0_a1 155k","6","frozen","S1s1","rr600_gen_L13-16","380","Q","256","0.8","0","lean_only","lean_judge (Lean 4.34)","2026-09-28","recomputed","fork:dan_long-pool:artifacts/lpool/rr2/lean-format__stage1_a1_seq_s1.jsonl","","A:rr600+ge17_70 k256 T0.8 seed0 (state ms48 b2048 / wp max_new1536 b1024)","transfer_long_rr600@ad71284f","1536","","1024","0.002396"
"ours-3.2M-lean_seq-cap6","C0 frozen (lean-format stage1_a1_seq_s1)","3.2M","lean_seq","scratch","cap-6 control depth3_f0_a1 155k","6","frozen","S1s1","ge17_70","70","solved","256","0.8","0","lean_only","lean_judge (Lean 4.34)","2026-09-28","recomputed","fork:dan_long-pool:artifacts/lpool/rr2/lean-format__stage1_a1_seq_s1__ge17.jsonl","17+","A:rr600+ge17_70 k256 T0.8 seed0 (state ms48 b2048 / wp max_new1536 b1024)","transfer_long_ge17@ebd5925d","1536","","1024","0.009319"
"ours-3.2M-lean_seq-cap6","C0 frozen (lean-format stage1_a1_seq_s1)","3.2M","lean_seq","scratch","cap-6 control depth3_f0_a1 155k","6","frozen","S1s1","rr600+ge17_70","670","L_star_lt","256","0.8","11","lean_only","lean_judge (Lean 4.34)","2026-09-28","recomputed","fork:dan_long-pool:artifacts/lpool/rr2/lean-format__stage1_a1_seq_s1.jsonl + __ge17.jsonl","","A:rr600+ge17_70 k256 T0.8 seed0 (state ms48 b2048 / wp max_new1536 b1024)","transfer_long_rr600@ad71284f;transfer_long_ge17@ebd5925d","1536","","1024","0.002396"
"ours-3.2M-lean_seq-cap6","C0 frozen (lean-format stage1_a1_seq_s1)","3.2M","lean_seq","scratch","cap-6 control depth3_f0_a1 155k","6","frozen","S1s1","rr600+ge17_70","670","max_accepted_lines","256","0.8","0","lean_only","lean_judge (Lean 4.34)","2026-09-28","recomputed","fork:dan_long-pool:artifacts/lpool/rr2/lean-format__stage1_a1_seq_s1.jsonl + __ge17.jsonl","","A:rr600+ge17_70 k256 T0.8 seed0 (state ms48 b2048 / wp max_new1536 b1024)","transfer_long_rr600@ad71284f;transfer_long_ge17@ebd5925d","1536","","1024","0.002396"
"ours-3.2M-lean_seq-cap12","K12 frozen (cap-horizon stage1_k12_s0)","3.2M","lean_seq","scratch","K12 flat 2-12 155k","12","frozen","S1s0","rr600","100","solved","256","0.8","33","lean_only","lean_judge (Lean 4.34)","2026-09-28","recomputed","fork:dan_long-pool:artifacts/lpool/rr2/cap-horizon__stage1_k12_s0.jsonl","11","A:rr600+ge17_70 k256 T0.8 seed0 (state ms48 b2048 / wp max_new1536 b1024)","transfer_long_rr600@ad71284f","1536","","1024","0.002331"
"ours-3.2M-lean_seq-cap12","K12 frozen (cap-horizon stage1_k12_s0)","3.2M","lean_seq","scratch","K12 flat 2-12 155k","12","frozen","S1s0","rr600_gen","81","solved","256","0.8","33","lean_only","lean_judge (Lean 4.34)","2026-09-28","recomputed","fork:dan_long-pool:artifacts/lpool/rr2/cap-horizon__stage1_k12_s0.jsonl","11","A:rr600+ge17_70 k256 T0.8 seed0 (state ms48 b2048 / wp max_new1536 b1024)","transfer_long_rr600@ad71284f","1536","","1024","0.002331"
"ours-3.2M-lean_seq-cap12","K12 frozen (cap-horizon stage1_k12_s0)","3.2M","lean_seq","scratch","K12 flat 2-12 155k","12","frozen","S1s0","rr600","100","solved","256","0.8","17","lean_only","lean_judge (Lean 4.34)","2026-09-28","recomputed","fork:dan_long-pool:artifacts/lpool/rr2/cap-horizon__stage1_k12_s0.jsonl","12","A:rr600+ge17_70 k256 T0.8 seed0 (state ms48 b2048 / wp max_new1536 b1024)","transfer_long_rr600@ad71284f","1536","","1024","0.002331"
"ours-3.2M-lean_seq-cap12","K12 frozen (cap-horizon stage1_k12_s0)","3.2M","lean_seq","scratch","K12 flat 2-12 155k","12","frozen","S1s0","rr600_gen","66","solved","256","0.8","17","lean_only","lean_judge (Lean 4.34)","2026-09-28","recomputed","fork:dan_long-pool:artifacts/lpool/rr2/cap-horizon__stage1_k12_s0.jsonl","12","A:rr600+ge17_70 k256 T0.8 seed0 (state ms48 b2048 / wp max_new1536 b1024)","transfer_long_rr600@ad71284f","1536","","1024","0.002331"
"ours-3.2M-lean_seq-cap12","K12 frozen (cap-horizon stage1_k12_s0)","3.2M","lean_seq","scratch","K12 flat 2-12 155k","12","frozen","S1s0","rr600","100","solved","256","0.8","12","lean_only","lean_judge (Lean 4.34)","2026-09-28","recomputed","fork:dan_long-pool:artifacts/lpool/rr2/cap-horizon__stage1_k12_s0.jsonl","13","A:rr600+ge17_70 k256 T0.8 seed0 (state ms48 b2048 / wp max_new1536 b1024)","transfer_long_rr600@ad71284f","1536","","1024","0.002331"
"ours-3.2M-lean_seq-cap12","K12 frozen (cap-horizon stage1_k12_s0)","3.2M","lean_seq","scratch","K12 flat 2-12 155k","12","frozen","S1s0","rr600_gen","90","solved","256","0.8","12","lean_only","lean_judge (Lean 4.34)","2026-09-28","recomputed","fork:dan_long-pool:artifacts/lpool/rr2/cap-horizon__stage1_k12_s0.jsonl","13","A:rr600+ge17_70 k256 T0.8 seed0 (state ms48 b2048 / wp max_new1536 b1024)","transfer_long_rr600@ad71284f","1536","","1024","0.002331"
"ours-3.2M-lean_seq-cap12","K12 frozen (cap-horizon stage1_k12_s0)","3.2M","lean_seq","scratch","K12 flat 2-12 155k","12","frozen","S1s0","rr600","100","solved","256","0.8","12","lean_only","lean_judge (Lean 4.34)","2026-09-28","recomputed","fork:dan_long-pool:artifacts/lpool/rr2/cap-horizon__stage1_k12_s0.jsonl","14","A:rr600+ge17_70 k256 T0.8 seed0 (state ms48 b2048 / wp max_new1536 b1024)","transfer_long_rr600@ad71284f","1536","","1024","0.002331"
"ours-3.2M-lean_seq-cap12","K12 frozen (cap-horizon stage1_k12_s0)","3.2M","lean_seq","scratch","K12 flat 2-12 155k","12","frozen","S1s0","rr600_gen","90","solved","256","0.8","12","lean_only","lean_judge (Lean 4.34)","2026-09-28","recomputed","fork:dan_long-pool:artifacts/lpool/rr2/cap-horizon__stage1_k12_s0.jsonl","14","A:rr600+ge17_70 k256 T0.8 seed0 (state ms48 b2048 / wp max_new1536 b1024)","transfer_long_rr600@ad71284f","1536","","1024","0.002331"
"ours-3.2M-lean_seq-cap12","K12 frozen (cap-horizon stage1_k12_s0)","3.2M","lean_seq","scratch","K12 flat 2-12 155k","12","frozen","S1s0","rr600","100","solved","256","0.8","12","lean_only","lean_judge (Lean 4.34)","2026-09-28","recomputed","fork:dan_long-pool:artifacts/lpool/rr2/cap-horizon__stage1_k12_s0.jsonl","15","A:rr600+ge17_70 k256 T0.8 seed0 (state ms48 b2048 / wp max_new1536 b1024)","transfer_long_rr600@ad71284f","1536","","1024","0.002331"
"ours-3.2M-lean_seq-cap12","K12 frozen (cap-horizon stage1_k12_s0)","3.2M","lean_seq","scratch","K12 flat 2-12 155k","12","frozen","S1s0","rr600_gen","100","solved","256","0.8","12","lean_only","lean_judge (Lean 4.34)","2026-09-28","recomputed","fork:dan_long-pool:artifacts/lpool/rr2/cap-horizon__stage1_k12_s0.jsonl","15","A:rr600+ge17_70 k256 T0.8 seed0 (state ms48 b2048 / wp max_new1536 b1024)","transfer_long_rr600@ad71284f","1536","","1024","0.002331"
"ours-3.2M-lean_seq-cap12","K12 frozen (cap-horizon stage1_k12_s0)","3.2M","lean_seq","scratch","K12 flat 2-12 155k","12","frozen","S1s0","rr600","100","solved","256","0.8","2","lean_only","lean_judge (Lean 4.34)","2026-09-28","recomputed","fork:dan_long-pool:artifacts/lpool/rr2/cap-horizon__stage1_k12_s0.jsonl","16","A:rr600+ge17_70 k256 T0.8 seed0 (state ms48 b2048 / wp max_new1536 b1024)","transfer_long_rr600@ad71284f","1536","","1024","0.002331"
"ours-3.2M-lean_seq-cap12","K12 frozen (cap-horizon stage1_k12_s0)","3.2M","lean_seq","scratch","K12 flat 2-12 155k","12","frozen","S1s0","rr600_gen","100","solved","256","0.8","2","lean_only","lean_judge (Lean 4.34)","2026-09-28","recomputed","fork:dan_long-pool:artifacts/lpool/rr2/cap-horizon__stage1_k12_s0.jsonl","16","A:rr600+ge17_70 k256 T0.8 seed0 (state ms48 b2048 / wp max_new1536 b1024)","transfer_long_rr600@ad71284f","1536","","1024","0.002331"
"ours-3.2M-lean_seq-cap12","K12 frozen (cap-horizon stage1_k12_s0)","3.2M","lean_seq","scratch","K12 flat 2-12 155k","12","frozen","S1s0","rr600","600","solved","256","0.8","88","lean_only","lean_judge (Lean 4.34)","2026-09-28","recomputed","fork:dan_long-pool:artifacts/lpool/rr2/cap-horizon__stage1_k12_s0.jsonl","","A:rr600+ge17_70 k256 T0.8 seed0 (state ms48 b2048 / wp max_new1536 b1024)","transfer_long_rr600@ad71284f","1536","","1024","0.002331"
"ours-3.2M-lean_seq-cap12","K12 frozen (cap-horizon stage1_k12_s0)","3.2M","lean_seq","scratch","K12 flat 2-12 155k","12","frozen","S1s0","rr600_gen_L13-16","380","Q","256","0.8","38","lean_only","lean_judge (Lean 4.34)","2026-09-28","recomputed","fork:dan_long-pool:artifacts/lpool/rr2/cap-horizon__stage1_k12_s0.jsonl","","A:rr600+ge17_70 k256 T0.8 seed0 (state ms48 b2048 / wp max_new1536 b1024)","transfer_long_rr600@ad71284f","1536","","1024","0.002331"
"ours-3.2M-lean_seq-cap12","K12 frozen (cap-horizon stage1_k12_s0)","3.2M","lean_seq","scratch","K12 flat 2-12 155k","12","frozen","S1s0","ge17_70","70","solved","256","0.8","0","lean_only","lean_judge (Lean 4.34)","2026-09-28","recomputed","fork:dan_long-pool:artifacts/lpool/rr2/cap-horizon__stage1_k12_s0__ge17.jsonl","17+","A:rr600+ge17_70 k256 T0.8 seed0 (state ms48 b2048 / wp max_new1536 b1024)","transfer_long_ge17@ebd5925d","1536","","1024","0.001339"
"ours-3.2M-lean_seq-cap12","K12 frozen (cap-horizon stage1_k12_s0)","3.2M","lean_seq","scratch","K12 flat 2-12 155k","12","frozen","S1s0","rr600+ge17_70","670","L_star","256","0.8","15","lean_only","lean_judge (Lean 4.34)","2026-09-28","recomputed","fork:dan_long-pool:artifacts/lpool/rr2/cap-horizon__stage1_k12_s0.jsonl + __ge17.jsonl","","A:rr600+ge17_70 k256 T0.8 seed0 (state ms48 b2048 / wp max_new1536 b1024)","transfer_long_rr600@ad71284f;transfer_long_ge17@ebd5925d","1536","","1024","0.002331"
"ours-3.2M-lean_seq-cap12","K12 frozen (cap-horizon stage1_k12_s0)","3.2M","lean_seq","scratch","K12 flat 2-12 155k","12","frozen","S1s0","rr600+ge17_70","670","max_accepted_lines","256","0.8","19","lean_only","lean_judge (Lean 4.34)","2026-09-28","recomputed","fork:dan_long-pool:artifacts/lpool/rr2/cap-horizon__stage1_k12_s0.jsonl + __ge17.jsonl","","A:rr600+ge17_70 k256 T0.8 seed0 (state ms48 b2048 / wp max_new1536 b1024)","transfer_long_rr600@ad71284f;transfer_long_ge17@ebd5925d","1536","","1024","0.002331"
"ours-3.2M-lean_seq-cap12","K12 frozen (cap-horizon stage1_k12_s0)","3.2M","lean_seq","scratch","K12 flat 2-12 155k","12","frozen","S1s0","rr600+ge17_70","670","max_term_size_shortest","256","0.8","13","lean_only","lean_judge (Lean 4.34)","2026-09-28","recomputed","fork:dan_long-pool:artifacts/lpool/rr2_shortest_lean.jsonl","","A:rr600+ge17_70 k256 T0.8 seed0 (state ms48 b2048 / wp max_new1536 b1024)","transfer_long_rr600@ad71284f;transfer_long_ge17@ebd5925d","1536","","1024","0.002331"
"ours-3.2M-lean_seq-cap12","K12 frozen (cap-horizon stage1_k12_s0)","3.2M","lean_seq","scratch","K12 flat 2-12 155k","12","frozen","S1s0","rr600+ge17_70","670","median_term_size_shortest","256","0.8","9.0","lean_only","lean_judge (Lean 4.34)","2026-09-28","recomputed","fork:dan_long-pool:artifacts/lpool/rr2_shortest_lean.jsonl","","A:rr600+ge17_70 k256 T0.8 seed0 (state ms48 b2048 / wp max_new1536 b1024)","transfer_long_rr600@ad71284f;transfer_long_ge17@ebd5925d","1536","","1024","0.002331"
"ours-3.2M-lean_seq-cap14","K14 frozen (cap-horizon stage1_k14_s0)","3.2M","lean_seq","scratch","K14 155k","14","frozen","S1s0","rr600","100","solved","256","0.8","42","lean_only","lean_judge (Lean 4.34)","2026-09-28","recomputed","fork:dan_long-pool:artifacts/lpool/rr2/cap-horizon__stage1_k14_s0.jsonl","11","A:rr600+ge17_70 k256 T0.8 seed0 (state ms48 b2048 / wp max_new1536 b1024)","transfer_long_rr600@ad71284f","1536","","1024","0.004434"
"ours-3.2M-lean_seq-cap14","K14 frozen (cap-horizon stage1_k14_s0)","3.2M","lean_seq","scratch","K14 155k","14","frozen","S1s0","rr600_gen","81","solved","256","0.8","42","lean_only","lean_judge (Lean 4.34)","2026-09-28","recomputed","fork:dan_long-pool:artifacts/lpool/rr2/cap-horizon__stage1_k14_s0.jsonl","11","A:rr600+ge17_70 k256 T0.8 seed0 (state ms48 b2048 / wp max_new1536 b1024)","transfer_long_rr600@ad71284f","1536","","1024","0.004434"
"ours-3.2M-lean_seq-cap14","K14 frozen (cap-horizon stage1_k14_s0)","3.2M","lean_seq","scratch","K14 155k","14","frozen","S1s0","rr600","100","solved","256","0.8","27","lean_only","lean_judge (Lean 4.34)","2026-09-28","recomputed","fork:dan_long-pool:artifacts/lpool/rr2/cap-horizon__stage1_k14_s0.jsonl","12","A:rr600+ge17_70 k256 T0.8 seed0 (state ms48 b2048 / wp max_new1536 b1024)","transfer_long_rr600@ad71284f","1536","","1024","0.004434"
"ours-3.2M-lean_seq-cap14","K14 frozen (cap-horizon stage1_k14_s0)","3.2M","lean_seq","scratch","K14 155k","14","frozen","S1s0","rr600_gen","66","solved","256","0.8","27","lean_only","lean_judge (Lean 4.34)","2026-09-28","recomputed","fork:dan_long-pool:artifacts/lpool/rr2/cap-horizon__stage1_k14_s0.jsonl","12","A:rr600+ge17_70 k256 T0.8 seed0 (state ms48 b2048 / wp max_new1536 b1024)","transfer_long_rr600@ad71284f","1536","","1024","0.004434"
"ours-3.2M-lean_seq-cap14","K14 frozen (cap-horizon stage1_k14_s0)","3.2M","lean_seq","scratch","K14 155k","14","frozen","S1s0","rr600","100","solved","256","0.8","16","lean_only","lean_judge (Lean 4.34)","2026-09-28","recomputed","fork:dan_long-pool:artifacts/lpool/rr2/cap-horizon__stage1_k14_s0.jsonl","13","A:rr600+ge17_70 k256 T0.8 seed0 (state ms48 b2048 / wp max_new1536 b1024)","transfer_long_rr600@ad71284f","1536","","1024","0.004434"
"ours-3.2M-lean_seq-cap14","K14 frozen (cap-horizon stage1_k14_s0)","3.2M","lean_seq","scratch","K14 155k","14","frozen","S1s0","rr600_gen","90","solved","256","0.8","16","lean_only","lean_judge (Lean 4.34)","2026-09-28","recomputed","fork:dan_long-pool:artifacts/lpool/rr2/cap-horizon__stage1_k14_s0.jsonl","13","A:rr600+ge17_70 k256 T0.8 seed0 (state ms48 b2048 / wp max_new1536 b1024)","transfer_long_rr600@ad71284f","1536","","1024","0.004434"
"ours-3.2M-lean_seq-cap14","K14 frozen (cap-horizon stage1_k14_s0)","3.2M","lean_seq","scratch","K14 155k","14","frozen","S1s0","rr600","100","solved","256","0.8","15","lean_only","lean_judge (Lean 4.34)","2026-09-28","recomputed","fork:dan_long-pool:artifacts/lpool/rr2/cap-horizon__stage1_k14_s0.jsonl","14","A:rr600+ge17_70 k256 T0.8 seed0 (state ms48 b2048 / wp max_new1536 b1024)","transfer_long_rr600@ad71284f","1536","","1024","0.004434"
"ours-3.2M-lean_seq-cap14","K14 frozen (cap-horizon stage1_k14_s0)","3.2M","lean_seq","scratch","K14 155k","14","frozen","S1s0","rr600_gen","90","solved","256","0.8","15","lean_only","lean_judge (Lean 4.34)","2026-09-28","recomputed","fork:dan_long-pool:artifacts/lpool/rr2/cap-horizon__stage1_k14_s0.jsonl","14","A:rr600+ge17_70 k256 T0.8 seed0 (state ms48 b2048 / wp max_new1536 b1024)","transfer_long_rr600@ad71284f","1536","","1024","0.004434"
"ours-3.2M-lean_seq-cap14","K14 frozen (cap-horizon stage1_k14_s0)","3.2M","lean_seq","scratch","K14 155k","14","frozen","S1s0","rr600","100","solved","256","0.8","13","lean_only","lean_judge (Lean 4.34)","2026-09-28","recomputed","fork:dan_long-pool:artifacts/lpool/rr2/cap-horizon__stage1_k14_s0.jsonl","15","A:rr600+ge17_70 k256 T0.8 seed0 (state ms48 b2048 / wp max_new1536 b1024)","transfer_long_rr600@ad71284f","1536","","1024","0.004434"
"ours-3.2M-lean_seq-cap14","K14 frozen (cap-horizon stage1_k14_s0)","3.2M","lean_seq","scratch","K14 155k","14","frozen","S1s0","rr600_gen","100","solved","256","0.8","13","lean_only","lean_judge (Lean 4.34)","2026-09-28","recomputed","fork:dan_long-pool:artifacts/lpool/rr2/cap-horizon__stage1_k14_s0.jsonl","15","A:rr600+ge17_70 k256 T0.8 seed0 (state ms48 b2048 / wp max_new1536 b1024)","transfer_long_rr600@ad71284f","1536","","1024","0.004434"
"ours-3.2M-lean_seq-cap14","K14 frozen (cap-horizon stage1_k14_s0)","3.2M","lean_seq","scratch","K14 155k","14","frozen","S1s0","rr600","100","solved","256","0.8","5","lean_only","lean_judge (Lean 4.34)","2026-09-28","recomputed","fork:dan_long-pool:artifacts/lpool/rr2/cap-horizon__stage1_k14_s0.jsonl","16","A:rr600+ge17_70 k256 T0.8 seed0 (state ms48 b2048 / wp max_new1536 b1024)","transfer_long_rr600@ad71284f","1536","","1024","0.004434"
"ours-3.2M-lean_seq-cap14","K14 frozen (cap-horizon stage1_k14_s0)","3.2M","lean_seq","scratch","K14 155k","14","frozen","S1s0","rr600_gen","100","solved","256","0.8","5","lean_only","lean_judge (Lean 4.34)","2026-09-28","recomputed","fork:dan_long-pool:artifacts/lpool/rr2/cap-horizon__stage1_k14_s0.jsonl","16","A:rr600+ge17_70 k256 T0.8 seed0 (state ms48 b2048 / wp max_new1536 b1024)","transfer_long_rr600@ad71284f","1536","","1024","0.004434"
"ours-3.2M-lean_seq-cap14","K14 frozen (cap-horizon stage1_k14_s0)","3.2M","lean_seq","scratch","K14 155k","14","frozen","S1s0","rr600","600","solved","256","0.8","118","lean_only","lean_judge (Lean 4.34)","2026-09-28","recomputed","fork:dan_long-pool:artifacts/lpool/rr2/cap-horizon__stage1_k14_s0.jsonl","","A:rr600+ge17_70 k256 T0.8 seed0 (state ms48 b2048 / wp max_new1536 b1024)","transfer_long_rr600@ad71284f","1536","","1024","0.004434"
"ours-3.2M-lean_seq-cap14","K14 frozen (cap-horizon stage1_k14_s0)","3.2M","lean_seq","scratch","K14 155k","14","frozen","S1s0","rr600_gen_L13-16","380","Q","256","0.8","49","lean_only","lean_judge (Lean 4.34)","2026-09-28","recomputed","fork:dan_long-pool:artifacts/lpool/rr2/cap-horizon__stage1_k14_s0.jsonl","","A:rr600+ge17_70 k256 T0.8 seed0 (state ms48 b2048 / wp max_new1536 b1024)","transfer_long_rr600@ad71284f","1536","","1024","0.004434"
"ours-3.2M-lean_seq-cap14","K14 frozen (cap-horizon stage1_k14_s0)","3.2M","lean_seq","scratch","K14 155k","14","frozen","S1s0","ge17_70","70","solved","256","0.8","0","lean_only","lean_judge (Lean 4.34)","2026-09-28","recomputed","fork:dan_long-pool:artifacts/lpool/rr2/cap-horizon__stage1_k14_s0__ge17.jsonl","17+","A:rr600+ge17_70 k256 T0.8 seed0 (state ms48 b2048 / wp max_new1536 b1024)","transfer_long_ge17@ebd5925d","1536","","1024","0.001563"
"ours-3.2M-lean_seq-cap14","K14 frozen (cap-horizon stage1_k14_s0)","3.2M","lean_seq","scratch","K14 155k","14","frozen","S1s0","rr600+ge17_70","670","L_star","256","0.8","16","lean_only","lean_judge (Lean 4.34)","2026-09-28","recomputed","fork:dan_long-pool:artifacts/lpool/rr2/cap-horizon__stage1_k14_s0.jsonl + __ge17.jsonl","","A:rr600+ge17_70 k256 T0.8 seed0 (state ms48 b2048 / wp max_new1536 b1024)","transfer_long_rr600@ad71284f;transfer_long_ge17@ebd5925d","1536","","1024","0.004434"
"ours-3.2M-lean_seq-cap14","K14 frozen (cap-horizon stage1_k14_s0)","3.2M","lean_seq","scratch","K14 155k","14","frozen","S1s0","rr600+ge17_70","670","max_accepted_lines","256","0.8","21","lean_only","lean_judge (Lean 4.34)","2026-09-28","recomputed","fork:dan_long-pool:artifacts/lpool/rr2/cap-horizon__stage1_k14_s0.jsonl + __ge17.jsonl","","A:rr600+ge17_70 k256 T0.8 seed0 (state ms48 b2048 / wp max_new1536 b1024)","transfer_long_rr600@ad71284f;transfer_long_ge17@ebd5925d","1536","","1024","0.004434"
"ours-3.2M-lean_seq-cap14","K14 frozen (cap-horizon stage1_k14_s0)","3.2M","lean_seq","scratch","K14 155k","14","frozen","S1s0","rr600+ge17_70","670","max_term_size_shortest","256","0.8","16","lean_only","lean_judge (Lean 4.34)","2026-09-28","recomputed","fork:dan_long-pool:artifacts/lpool/rr2_shortest_lean.jsonl","","A:rr600+ge17_70 k256 T0.8 seed0 (state ms48 b2048 / wp max_new1536 b1024)","transfer_long_rr600@ad71284f;transfer_long_ge17@ebd5925d","1536","","1024","0.004434"
"ours-3.2M-lean_seq-cap14","K14 frozen (cap-horizon stage1_k14_s0)","3.2M","lean_seq","scratch","K14 155k","14","frozen","S1s0","rr600+ge17_70","670","median_term_size_shortest","256","0.8","9.0","lean_only","lean_judge (Lean 4.34)","2026-09-28","recomputed","fork:dan_long-pool:artifacts/lpool/rr2_shortest_lean.jsonl","","A:rr600+ge17_70 k256 T0.8 seed0 (state ms48 b2048 / wp max_new1536 b1024)","transfer_long_rr600@ad71284f;transfer_long_ge17@ebd5925d","1536","","1024","0.004434"
"ours-3.2M-lean_staten-cap12","SN-cap12 T1 (state-cap12 la_T1_SN12_s0_r8)","3.2M","lean_staten","scratch","K12 flat 2-12 155k","12","T1","0","rr600","100","solved","256","0.8","69","lean_only","lean_judge (Lean 4.34)","2026-09-29","recomputed","hf://buckets/dan-pandori/nd-rl/state-cap12/artifacts/sc12/rr/T1_SN12_s0__rr600.jsonl","11","A:rr600+ge17_70 k256 T0.8 seed0 (state ms48 b2048 / wp max_new1536 b1024)","transfer_long_rr600@ad71284f","","48","2048","0.001536"
"ours-3.2M-lean_staten-cap12","SN-cap12 T1 (state-cap12 la_T1_SN12_s0_r8)","3.2M","lean_staten","scratch","K12 flat 2-12 155k","12","T1","0","rr600_gen","81","solved","256","0.8","67","lean_only","lean_judge (Lean 4.34)","2026-09-29","recomputed","hf://buckets/dan-pandori/nd-rl/state-cap12/artifacts/sc12/rr/T1_SN12_s0__rr600.jsonl","11","A:rr600+ge17_70 k256 T0.8 seed0 (state ms48 b2048 / wp max_new1536 b1024)","transfer_long_rr600@ad71284f","","48","2048","0.001536"
"ours-3.2M-lean_staten-cap12","SN-cap12 T1 (state-cap12 la_T1_SN12_s0_r8)","3.2M","lean_staten","scratch","K12 flat 2-12 155k","12","T1","0","rr600","100","solved","256","0.8","70","lean_only","lean_judge (Lean 4.34)","2026-09-29","recomputed","hf://buckets/dan-pandori/nd-rl/state-cap12/artifacts/sc12/rr/T1_SN12_s0__rr600.jsonl","12","A:rr600+ge17_70 k256 T0.8 seed0 (state ms48 b2048 / wp max_new1536 b1024)","transfer_long_rr600@ad71284f","","48","2048","0.001536"
"ours-3.2M-lean_staten-cap12","SN-cap12 T1 (state-cap12 la_T1_SN12_s0_r8)","3.2M","lean_staten","scratch","K12 flat 2-12 155k","12","T1","0","rr600_gen","66","solved","256","0.8","46","lean_only","lean_judge (Lean 4.34)","2026-09-29","recomputed","hf://buckets/dan-pandori/nd-rl/state-cap12/artifacts/sc12/rr/T1_SN12_s0__rr600.jsonl","12","A:rr600+ge17_70 k256 T0.8 seed0 (state ms48 b2048 / wp max_new1536 b1024)","transfer_long_rr600@ad71284f","","48","2048","0.001536"
"ours-3.2M-lean_staten-cap12","SN-cap12 T1 (state-cap12 la_T1_SN12_s0_r8)","3.2M","lean_staten","scratch","K12 flat 2-12 155k","12","T1","0","rr600","100","solved","256","0.8","61","lean_only","lean_judge (Lean 4.34)","2026-09-29","recomputed","hf://buckets/dan-pandori/nd-rl/state-cap12/artifacts/sc12/rr/T1_SN12_s0__rr600.jsonl","13","A:rr600+ge17_70 k256 T0.8 seed0 (state ms48 b2048 / wp max_new1536 b1024)","transfer_long_rr600@ad71284f","","48","2048","0.001536"
"ours-3.2M-lean_staten-cap12","SN-cap12 T1 (state-cap12 la_T1_SN12_s0_r8)","3.2M","lean_staten","scratch","K12 flat 2-12 155k","12","T1","0","rr600_gen","90","solved","256","0.8","59","lean_only","lean_judge (Lean 4.34)","2026-09-29","recomputed","hf://buckets/dan-pandori/nd-rl/state-cap12/artifacts/sc12/rr/T1_SN12_s0__rr600.jsonl","13","A:rr600+ge17_70 k256 T0.8 seed0 (state ms48 b2048 / wp max_new1536 b1024)","transfer_long_rr600@ad71284f","","48","2048","0.001536"
"ours-3.2M-lean_staten-cap12","SN-cap12 T1 (state-cap12 la_T1_SN12_s0_r8)","3.2M","lean_staten","scratch","K12 flat 2-12 155k","12","T1","0","rr600","100","solved","256","0.8","65","lean_only","lean_judge (Lean 4.34)","2026-09-29","recomputed","hf://buckets/dan-pandori/nd-rl/state-cap12/artifacts/sc12/rr/T1_SN12_s0__rr600.jsonl","14","A:rr600+ge17_70 k256 T0.8 seed0 (state ms48 b2048 / wp max_new1536 b1024)","transfer_long_rr600@ad71284f","","48","2048","0.001536"
"ours-3.2M-lean_staten-cap12","SN-cap12 T1 (state-cap12 la_T1_SN12_s0_r8)","3.2M","lean_staten","scratch","K12 flat 2-12 155k","12","T1","0","rr600_gen","90","solved","256","0.8","64","lean_only","lean_judge (Lean 4.34)","2026-09-29","recomputed","hf://buckets/dan-pandori/nd-rl/state-cap12/artifacts/sc12/rr/T1_SN12_s0__rr600.jsonl","14","A:rr600+ge17_70 k256 T0.8 seed0 (state ms48 b2048 / wp max_new1536 b1024)","transfer_long_rr600@ad71284f","","48","2048","0.001536"
"ours-3.2M-lean_staten-cap12","SN-cap12 T1 (state-cap12 la_T1_SN12_s0_r8)","3.2M","lean_staten","scratch","K12 flat 2-12 155k","12","T1","0","rr600","100","solved","256","0.8","63","lean_only","lean_judge (Lean 4.34)","2026-09-29","recomputed","hf://buckets/dan-pandori/nd-rl/state-cap12/artifacts/sc12/rr/T1_SN12_s0__rr600.jsonl","15","A:rr600+ge17_70 k256 T0.8 seed0 (state ms48 b2048 / wp max_new1536 b1024)","transfer_long_rr600@ad71284f","","48","2048","0.001536"
"ours-3.2M-lean_staten-cap12","SN-cap12 T1 (state-cap12 la_T1_SN12_s0_r8)","3.2M","lean_staten","scratch","K12 flat 2-12 155k","12","T1","0","rr600_gen","100","solved","256","0.8","63","lean_only","lean_judge (Lean 4.34)","2026-09-29","recomputed","hf://buckets/dan-pandori/nd-rl/state-cap12/artifacts/sc12/rr/T1_SN12_s0__rr600.jsonl","15","A:rr600+ge17_70 k256 T0.8 seed0 (state ms48 b2048 / wp max_new1536 b1024)","transfer_long_rr600@ad71284f","","48","2048","0.001536"
"ours-3.2M-lean_staten-cap12","SN-cap12 T1 (state-cap12 la_T1_SN12_s0_r8)","3.2M","lean_staten","scratch","K12 flat 2-12 155k","12","T1","0","rr600","100","solved","256","0.8","47","lean_only","lean_judge (Lean 4.34)","2026-09-29","recomputed","hf://buckets/dan-pandori/nd-rl/state-cap12/artifacts/sc12/rr/T1_SN12_s0__rr600.jsonl","16","A:rr600+ge17_70 k256 T0.8 seed0 (state ms48 b2048 / wp max_new1536 b1024)","transfer_long_rr600@ad71284f","","48","2048","0.001536"
"ours-3.2M-lean_staten-cap12","SN-cap12 T1 (state-cap12 la_T1_SN12_s0_r8)","3.2M","lean_staten","scratch","K12 flat 2-12 155k","12","T1","0","rr600_gen","100","solved","256","0.8","47","lean_only","lean_judge (Lean 4.34)","2026-09-29","recomputed","hf://buckets/dan-pandori/nd-rl/state-cap12/artifacts/sc12/rr/T1_SN12_s0__rr600.jsonl","16","A:rr600+ge17_70 k256 T0.8 seed0 (state ms48 b2048 / wp max_new1536 b1024)","transfer_long_rr600@ad71284f","","48","2048","0.001536"
"ours-3.2M-lean_staten-cap12","SN-cap12 T1 (state-cap12 la_T1_SN12_s0_r8)","3.2M","lean_staten","scratch","K12 flat 2-12 155k","12","T1","0","rr600","600","solved","256","0.8","375","lean_only","lean_judge (Lean 4.34)","2026-09-29","recomputed","hf://buckets/dan-pandori/nd-rl/state-cap12/artifacts/sc12/rr/T1_SN12_s0__rr600.jsonl","","A:rr600+ge17_70 k256 T0.8 seed0 (state ms48 b2048 / wp max_new1536 b1024)","transfer_long_rr600@ad71284f","","48","2048","0.001536"
"ours-3.2M-lean_staten-cap12","SN-cap12 T1 (state-cap12 la_T1_SN12_s0_r8)","3.2M","lean_staten","scratch","K12 flat 2-12 155k","12","T1","0","rr600_gen_L13-16","380","Q","256","0.8","233","lean_only","lean_judge (Lean 4.34)","2026-09-29","recomputed","hf://buckets/dan-pandori/nd-rl/state-cap12/artifacts/sc12/rr/T1_SN12_s0__rr600.jsonl","","A:rr600+ge17_70 k256 T0.8 seed0 (state ms48 b2048 / wp max_new1536 b1024)","transfer_long_rr600@ad71284f","","48","2048","0.001536"
"ours-3.2M-lean_staten-cap12","SN-cap12 T1 (state-cap12 la_T1_SN12_s0_r8)","3.2M","lean_staten","scratch","K12 flat 2-12 155k","12","T1","0","ge17_70","70","solved","256","0.8","25","lean_only","lean_judge (Lean 4.34)","2026-09-29","recomputed","hf://buckets/dan-pandori/nd-rl/state-cap12/artifacts/sc12/rr/T1_SN12_s0__ge17.json","17+","A:rr600+ge17_70 k256 T0.8 seed0 (state ms48 b2048 / wp max_new1536 b1024)","transfer_long_ge17@ebd5925d","","48","2048","0.009821"
"ours-3.2M-lean_staten-cap12","SN-cap12 T1 (state-cap12 la_T1_SN12_s0_r8)","3.2M","lean_staten","scratch","K12 flat 2-12 155k","12","T1","0","rr600+ge17_70","670","L_star_ge","256","0.8","17","lean_only","lean_judge (Lean 4.34)","2026-09-29","recomputed","hf://buckets/dan-pandori/nd-rl/state-cap12/artifacts/sc12/rr/T1_SN12_s0__rr600.jsonl + __ge17.json","","A:rr600+ge17_70 k256 T0.8 seed0 (state ms48 b2048 / wp max_new1536 b1024)","transfer_long_rr600@ad71284f;transfer_long_ge17@ebd5925d","","48","2048","0.001536"
"ours-3.2M-lean_staten-cap12","SN-cap12 T1 (state-cap12 la_T1_SN12_s0_r8)","3.2M","lean_staten","scratch","K12 flat 2-12 155k","12","T1","0","rr600+ge17_70","670","max_accepted_lines","256","0.8","47","lean_only","lean_judge (Lean 4.34)","2026-09-29","recomputed","hf://buckets/dan-pandori/nd-rl/state-cap12/artifacts/sc12/rr/T1_SN12_s0__rr600.jsonl + __ge17.json","","A:rr600+ge17_70 k256 T0.8 seed0 (state ms48 b2048 / wp max_new1536 b1024)","transfer_long_rr600@ad71284f;transfer_long_ge17@ebd5925d","","48","2048","0.001536"
"ours-3.2M-lean_staten-cap12","SN-cap12 T1 (state-cap12 la_T1_SN12_s0_r8)","3.2M","lean_staten","scratch","K12 flat 2-12 155k","12","T1","0","rr600","600","frontier_pruned_ge5proofs","256","0.8","39","lean_only","lean_judge (Lean 4.34)","2026-09-29","recomputed","hf://buckets/dan-pandori/nd-rl/state-cap12/artifacts/sc12/rr/T1_SN12_s0__rr600.json","","A:rr600+ge17_70 k256 T0.8 seed0 (state ms48 b2048 / wp max_new1536 b1024)","transfer_long_rr600@ad71284f","","48","2048","0.001536"
"ours-3.2M-lean_staten-cap12","SN-cap12 T1 (state-cap12 la_T1_SN12_s1_r8)","3.2M","lean_staten","scratch","K12 flat 2-12 155k","12","T1","1","rr600","100","solved","256","0.8","75","lean_only","lean_judge (Lean 4.34)","2026-09-29","recomputed","hf://buckets/dan-pandori/nd-rl/state-cap12/artifacts/sc12/rr/T1_SN12_s1__rr600.jsonl","11","A:rr600+ge17_70 k256 T0.8 seed0 (state ms48 b2048 / wp max_new1536 b1024)","transfer_long_rr600@ad71284f","","48","2048","0.001797"
"ours-3.2M-lean_staten-cap12","SN-cap12 T1 (state-cap12 la_T1_SN12_s1_r8)","3.2M","lean_staten","scratch","K12 flat 2-12 155k","12","T1","1","rr600_gen","81","solved","256","0.8","72","lean_only","lean_judge (Lean 4.34)","2026-09-29","recomputed","hf://buckets/dan-pandori/nd-rl/state-cap12/artifacts/sc12/rr/T1_SN12_s1__rr600.jsonl","11","A:rr600+ge17_70 k256 T0.8 seed0 (state ms48 b2048 / wp max_new1536 b1024)","transfer_long_rr600@ad71284f","","48","2048","0.001797"
"ours-3.2M-lean_staten-cap12","SN-cap12 T1 (state-cap12 la_T1_SN12_s1_r8)","3.2M","lean_staten","scratch","K12 flat 2-12 155k","12","T1","1","rr600","100","solved","256","0.8","84","lean_only","lean_judge (Lean 4.34)","2026-09-29","recomputed","hf://buckets/dan-pandori/nd-rl/state-cap12/artifacts/sc12/rr/T1_SN12_s1__rr600.jsonl","12","A:rr600+ge17_70 k256 T0.8 seed0 (state ms48 b2048 / wp max_new1536 b1024)","transfer_long_rr600@ad71284f","","48","2048","0.001797"
"ours-3.2M-lean_staten-cap12","SN-cap12 T1 (state-cap12 la_T1_SN12_s1_r8)","3.2M","lean_staten","scratch","K12 flat 2-12 155k","12","T1","1","rr600_gen","66","solved","256","0.8","57","lean_only","lean_judge (Lean 4.34)","2026-09-29","recomputed","hf://buckets/dan-pandori/nd-rl/state-cap12/artifacts/sc12/rr/T1_SN12_s1__rr600.jsonl","12","A:rr600+ge17_70 k256 T0.8 seed0 (state ms48 b2048 / wp max_new1536 b1024)","transfer_long_rr600@ad71284f","","48","2048","0.001797"
"ours-3.2M-lean_staten-cap12","SN-cap12 T1 (state-cap12 la_T1_SN12_s1_r8)","3.2M","lean_staten","scratch","K12 flat 2-12 155k","12","T1","1","rr600","100","solved","256","0.8","73","lean_only","lean_judge (Lean 4.34)","2026-09-29","recomputed","hf://buckets/dan-pandori/nd-rl/state-cap12/artifacts/sc12/rr/T1_SN12_s1__rr600.jsonl","13","A:rr600+ge17_70 k256 T0.8 seed0 (state ms48 b2048 / wp max_new1536 b1024)","transfer_long_rr600@ad71284f","","48","2048","0.001797"
"ours-3.2M-lean_staten-cap12","SN-cap12 T1 (state-cap12 la_T1_SN12_s1_r8)","3.2M","lean_staten","scratch","K12 flat 2-12 155k","12","T1","1","rr600_gen","90","solved","256","0.8","73","lean_only","lean_judge (Lean 4.34)","2026-09-29","recomputed","hf://buckets/dan-pandori/nd-rl/state-cap12/artifacts/sc12/rr/T1_SN12_s1__rr600.jsonl","13","A:rr600+ge17_70 k256 T0.8 seed0 (state ms48 b2048 / wp max_new1536 b1024)","transfer_long_rr600@ad71284f","","48","2048","0.001797"
"ours-3.2M-lean_staten-cap12","SN-cap12 T1 (state-cap12 la_T1_SN12_s1_r8)","3.2M","lean_staten","scratch","K12 flat 2-12 155k","12","T1","1","rr600","100","solved","256","0.8","76","lean_only","lean_judge (Lean 4.34)","2026-09-29","recomputed","hf://buckets/dan-pandori/nd-rl/state-cap12/artifacts/sc12/rr/T1_SN12_s1__rr600.jsonl","14","A:rr600+ge17_70 k256 T0.8 seed0 (state ms48 b2048 / wp max_new1536 b1024)","transfer_long_rr600@ad71284f","","48","2048","0.001797"
"ours-3.2M-lean_staten-cap12","SN-cap12 T1 (state-cap12 la_T1_SN12_s1_r8)","3.2M","lean_staten","scratch","K12 flat 2-12 155k","12","T1","1","rr600_gen","90","solved","256","0.8","76","lean_only","lean_judge (Lean 4.34)","2026-09-29","recomputed","hf://buckets/dan-pandori/nd-rl/state-cap12/artifacts/sc12/rr/T1_SN12_s1__rr600.jsonl","14","A:rr600+ge17_70 k256 T0.8 seed0 (state ms48 b2048 / wp max_new1536 b1024)","transfer_long_rr600@ad71284f","","48","2048","0.001797"
"ours-3.2M-lean_staten-cap12","SN-cap12 T1 (state-cap12 la_T1_SN12_s1_r8)","3.2M","lean_staten","scratch","K12 flat 2-12 155k","12","T1","1","rr600","100","solved","256","0.8","75","lean_only","lean_judge (Lean 4.34)","2026-09-29","recomputed","hf://buckets/dan-pandori/nd-rl/state-cap12/artifacts/sc12/rr/T1_SN12_s1__rr600.jsonl","15","A:rr600+ge17_70 k256 T0.8 seed0 (state ms48 b2048 / wp max_new1536 b1024)","transfer_long_rr600@ad71284f","","48","2048","0.001797"
"ours-3.2M-lean_staten-cap12","SN-cap12 T1 (state-cap12 la_T1_SN12_s1_r8)","3.2M","lean_staten","scratch","K12 flat 2-12 155k","12","T1","1","rr600_gen","100","solved","256","0.8","75","lean_only","lean_judge (Lean 4.34)","2026-09-29","recomputed","hf://buckets/dan-pandori/nd-rl/state-cap12/artifacts/sc12/rr/T1_SN12_s1__rr600.jsonl","15","A:rr600+ge17_70 k256 T0.8 seed0 (state ms48 b2048 / wp max_new1536 b1024)","transfer_long_rr600@ad71284f","","48","2048","0.001797"
"ours-3.2M-lean_staten-cap12","SN-cap12 T1 (state-cap12 la_T1_SN12_s1_r8)","3.2M","lean_staten","scratch","K12 flat 2-12 155k","12","T1","1","rr600","100","solved","256","0.8","71","lean_only","lean_judge (Lean 4.34)","2026-09-29","recomputed","hf://buckets/dan-pandori/nd-rl/state-cap12/artifacts/sc12/rr/T1_SN12_s1__rr600.jsonl","16","A:rr600+ge17_70 k256 T0.8 seed0 (state ms48 b2048 / wp max_new1536 b1024)","transfer_long_rr600@ad71284f","","48","2048","0.001797"
"ours-3.2M-lean_staten-cap12","SN-cap12 T1 (state-cap12 la_T1_SN12_s1_r8)","3.2M","lean_staten","scratch","K12 flat 2-12 155k","12","T1","1","rr600_gen","100","solved","256","0.8","71","lean_only","lean_judge (Lean 4.34)","2026-09-29","recomputed","hf://buckets/dan-pandori/nd-rl/state-cap12/artifacts/sc12/rr/T1_SN12_s1__rr600.jsonl","16","A:rr600+ge17_70 k256 T0.8 seed0 (state ms48 b2048 / wp max_new1536 b1024)","transfer_long_rr600@ad71284f","","48","2048","0.001797"
"ours-3.2M-lean_staten-cap12","SN-cap12 T1 (state-cap12 la_T1_SN12_s1_r8)","3.2M","lean_staten","scratch","K12 flat 2-12 155k","12","T1","1","rr600","600","solved","256","0.8","454","lean_only","lean_judge (Lean 4.34)","2026-09-29","recomputed","hf://buckets/dan-pandori/nd-rl/state-cap12/artifacts/sc12/rr/T1_SN12_s1__rr600.jsonl","","A:rr600+ge17_70 k256 T0.8 seed0 (state ms48 b2048 / wp max_new1536 b1024)","transfer_long_rr600@ad71284f","","48","2048","0.001797"
"ours-3.2M-lean_staten-cap12","SN-cap12 T1 (state-cap12 la_T1_SN12_s1_r8)","3.2M","lean_staten","scratch","K12 flat 2-12 155k","12","T1","1","rr600_gen_L13-16","380","Q","256","0.8","295","lean_only","lean_judge (Lean 4.34)","2026-09-29","recomputed","hf://buckets/dan-pandori/nd-rl/state-cap12/artifacts/sc12/rr/T1_SN12_s1__rr600.jsonl","","A:rr600+ge17_70 k256 T0.8 seed0 (state ms48 b2048 / wp max_new1536 b1024)","transfer_long_rr600@ad71284f","","48","2048","0.001797"
"ours-3.2M-lean_staten-cap12","SN-cap12 T1 (state-cap12 la_T1_SN12_s1_r8)","3.2M","lean_staten","scratch","K12 flat 2-12 155k","12","T1","1","ge17_70","70","solved","256","0.8","42","lean_only","lean_judge (Lean 4.34)","2026-09-29","recomputed","hf://buckets/dan-pandori/nd-rl/state-cap12/artifacts/sc12/rr/T1_SN12_s1__ge17.json","17+","A:rr600+ge17_70 k256 T0.8 seed0 (state ms48 b2048 / wp max_new1536 b1024)","transfer_long_ge17@ebd5925d","","48","2048","0.008259"
"ours-3.2M-lean_staten-cap12","SN-cap12 T1 (state-cap12 la_T1_SN12_s1_r8)","3.2M","lean_staten","scratch","K12 flat 2-12 155k","12","T1","1","rr600+ge17_70","670","L_star_ge","256","0.8","17","lean_only","lean_judge (Lean 4.34)","2026-09-29","recomputed","hf://buckets/dan-pandori/nd-rl/state-cap12/artifacts/sc12/rr/T1_SN12_s1__rr600.jsonl + __ge17.json","","A:rr600+ge17_70 k256 T0.8 seed0 (state ms48 b2048 / wp max_new1536 b1024)","transfer_long_rr600@ad71284f;transfer_long_ge17@ebd5925d","","48","2048","0.001797"
"ours-3.2M-lean_staten-cap12","SN-cap12 T1 (state-cap12 la_T1_SN12_s1_r8)","3.2M","lean_staten","scratch","K12 flat 2-12 155k","12","T1","1","rr600+ge17_70","670","max_accepted_lines","256","0.8","46","lean_only","lean_judge (Lean 4.34)","2026-09-29","recomputed","hf://buckets/dan-pandori/nd-rl/state-cap12/artifacts/sc12/rr/T1_SN12_s1__rr600.jsonl + __ge17.json","","A:rr600+ge17_70 k256 T0.8 seed0 (state ms48 b2048 / wp max_new1536 b1024)","transfer_long_rr600@ad71284f;transfer_long_ge17@ebd5925d","","48","2048","0.001797"
"ours-3.2M-lean_staten-cap12","SN-cap12 T1 (state-cap12 la_T1_SN12_s1_r8)","3.2M","lean_staten","scratch","K12 flat 2-12 155k","12","T1","1","rr600","600","frontier_pruned_ge5proofs","256","0.8","42","lean_only","lean_judge (Lean 4.34)","2026-09-29","recomputed","hf://buckets/dan-pandori/nd-rl/state-cap12/artifacts/sc12/rr/T1_SN12_s1__rr600.json","","A:rr600+ge17_70 k256 T0.8 seed0 (state ms48 b2048 / wp max_new1536 b1024)","transfer_long_rr600@ad71284f","","48","2048","0.001797"
"ours-3.2M-lean_staten-cap12","SN-cap12 T1 (state-cap12 la_T1_SN12_s2_r8)","3.2M","lean_staten","scratch","K12 flat 2-12 155k","12","T1","2","rr600","100","solved","256","0.8","79","lean_only","lean_judge (Lean 4.34)","2026-09-29","recomputed","hf://buckets/dan-pandori/nd-rl/state-cap12/artifacts/sc12/rr/T1_SN12_s2__rr600.jsonl","11","A:rr600+ge17_70 k256 T0.8 seed0 (state ms48 b2048 / wp max_new1536 b1024)","transfer_long_rr600@ad71284f","","48","2048","0.003184"
"ours-3.2M-lean_staten-cap12","SN-cap12 T1 (state-cap12 la_T1_SN12_s2_r8)","3.2M","lean_staten","scratch","K12 flat 2-12 155k","12","T1","2","rr600_gen","81","solved","256","0.8","74","lean_only","lean_judge (Lean 4.34)","2026-09-29","recomputed","hf://buckets/dan-pandori/nd-rl/state-cap12/artifacts/sc12/rr/T1_SN12_s2__rr600.jsonl","11","A:rr600+ge17_70 k256 T0.8 seed0 (state ms48 b2048 / wp max_new1536 b1024)","transfer_long_rr600@ad71284f","","48","2048","0.003184"
"ours-3.2M-lean_staten-cap12","SN-cap12 T1 (state-cap12 la_T1_SN12_s2_r8)","3.2M","lean_staten","scratch","K12 flat 2-12 155k","12","T1","2","rr600","100","solved","256","0.8","77","lean_only","lean_judge (Lean 4.34)","2026-09-29","recomputed","hf://buckets/dan-pandori/nd-rl/state-cap12/artifacts/sc12/rr/T1_SN12_s2__rr600.jsonl","12","A:rr600+ge17_70 k256 T0.8 seed0 (state ms48 b2048 / wp max_new1536 b1024)","transfer_long_rr600@ad71284f","","48","2048","0.003184"
"ours-3.2M-lean_staten-cap12","SN-cap12 T1 (state-cap12 la_T1_SN12_s2_r8)","3.2M","lean_staten","scratch","K12 flat 2-12 155k","12","T1","2","rr600_gen","66","solved","256","0.8","55","lean_only","lean_judge (Lean 4.34)","2026-09-29","recomputed","hf://buckets/dan-pandori/nd-rl/state-cap12/artifacts/sc12/rr/T1_SN12_s2__rr600.jsonl","12","A:rr600+ge17_70 k256 T0.8 seed0 (state ms48 b2048 / wp max_new1536 b1024)","transfer_long_rr600@ad71284f","","48","2048","0.003184"
"ours-3.2M-lean_staten-cap12","SN-cap12 T1 (state-cap12 la_T1_SN12_s2_r8)","3.2M","lean_staten","scratch","K12 flat 2-12 155k","12","T1","2","rr600","100","solved","256","0.8","77","lean_only","lean_judge (Lean 4.34)","2026-09-29","recomputed","hf://buckets/dan-pandori/nd-rl/state-cap12/artifacts/sc12/rr/T1_SN12_s2__rr600.jsonl","13","A:rr600+ge17_70 k256 T0.8 seed0 (state ms48 b2048 / wp max_new1536 b1024)","transfer_long_rr600@ad71284f","","48","2048","0.003184"
"ours-3.2M-lean_staten-cap12","SN-cap12 T1 (state-cap12 la_T1_SN12_s2_r8)","3.2M","lean_staten","scratch","K12 flat 2-12 155k","12","T1","2","rr600_gen","90","solved","256","0.8","77","lean_only","lean_judge (Lean 4.34)","2026-09-29","recomputed","hf://buckets/dan-pandori/nd-rl/state-cap12/artifacts/sc12/rr/T1_SN12_s2__rr600.jsonl","13","A:rr600+ge17_70 k256 T0.8 seed0 (state ms48 b2048 / wp max_new1536 b1024)","transfer_long_rr600@ad71284f","","48","2048","0.003184"
"ours-3.2M-lean_staten-cap12","SN-cap12 T1 (state-cap12 la_T1_SN12_s2_r8)","3.2M","lean_staten","scratch","K12 flat 2-12 155k","12","T1","2","rr600","100","solved","256","0.8","79","lean_only","lean_judge (Lean 4.34)","2026-09-29","recomputed","hf://buckets/dan-pandori/nd-rl/state-cap12/artifacts/sc12/rr/T1_SN12_s2__rr600.jsonl","14","A:rr600+ge17_70 k256 T0.8 seed0 (state ms48 b2048 / wp max_new1536 b1024)","transfer_long_rr600@ad71284f","","48","2048","0.003184"
"ours-3.2M-lean_staten-cap12","SN-cap12 T1 (state-cap12 la_T1_SN12_s2_r8)","3.2M","lean_staten","scratch","K12 flat 2-12 155k","12","T1","2","rr600_gen","90","solved","256","0.8","79","lean_only","lean_judge (Lean 4.34)","2026-09-29","recomputed","hf://buckets/dan-pandori/nd-rl/state-cap12/artifacts/sc12/rr/T1_SN12_s2__rr600.jsonl","14","A:rr600+ge17_70 k256 T0.8 seed0 (state ms48 b2048 / wp max_new1536 b1024)","transfer_long_rr600@ad71284f","","48","2048","0.003184"
"ours-3.2M-lean_staten-cap12","SN-cap12 T1 (state-cap12 la_T1_SN12_s2_r8)","3.2M","lean_staten","scratch","K12 flat 2-12 155k","12","T1","2","rr600","100","solved","256","0.8","86","lean_only","lean_judge (Lean 4.34)","2026-09-29","recomputed","hf://buckets/dan-pandori/nd-rl/state-cap12/artifacts/sc12/rr/T1_SN12_s2__rr600.jsonl","15","A:rr600+ge17_70 k256 T0.8 seed0 (state ms48 b2048 / wp max_new1536 b1024)","transfer_long_rr600@ad71284f","","48","2048","0.003184"
"ours-3.2M-lean_staten-cap12","SN-cap12 T1 (state-cap12 la_T1_SN12_s2_r8)","3.2M","lean_staten","scratch","K12 flat 2-12 155k","12","T1","2","rr600_gen","100","solved","256","0.8","86","lean_only","lean_judge (Lean 4.34)","2026-09-29","recomputed","hf://buckets/dan-pandori/nd-rl/state-cap12/artifacts/sc12/rr/T1_SN12_s2__rr600.jsonl","15","A:rr600+ge17_70 k256 T0.8 seed0 (state ms48 b2048 / wp max_new1536 b1024)","transfer_long_rr600@ad71284f","","48","2048","0.003184"
"ours-3.2M-lean_staten-cap12","SN-cap12 T1 (state-cap12 la_T1_SN12_s2_r8)","3.2M","lean_staten","scratch","K12 flat 2-12 155k","12","T1","2","rr600","100","solved","256","0.8","78","lean_only","lean_judge (Lean 4.34)","2026-09-29","recomputed","hf://buckets/dan-pandori/nd-rl/state-cap12/artifacts/sc12/rr/T1_SN12_s2__rr600.jsonl","16","A:rr600+ge17_70 k256 T0.8 seed0 (state ms48 b2048 / wp max_new1536 b1024)","transfer_long_rr600@ad71284f","","48","2048","0.003184"
"ours-3.2M-lean_staten-cap12","SN-cap12 T1 (state-cap12 la_T1_SN12_s2_r8)","3.2M","lean_staten","scratch","K12 flat 2-12 155k","12","T1","2","rr600_gen","100","solved","256","0.8","78","lean_only","lean_judge (Lean 4.34)","2026-09-29","recomputed","hf://buckets/dan-pandori/nd-rl/state-cap12/artifacts/sc12/rr/T1_SN12_s2__rr600.jsonl","16","A:rr600+ge17_70 k256 T0.8 seed0 (state ms48 b2048 / wp max_new1536 b1024)","transfer_long_rr600@ad71284f","","48","2048","0.003184"
"ours-3.2M-lean_staten-cap12","SN-cap12 T1 (state-cap12 la_T1_SN12_s2_r8)","3.2M","lean_staten","scratch","K12 flat 2-12 155k","12","T1","2","rr600","600","solved","256","0.8","476","lean_only","lean_judge (Lean 4.34)","2026-09-29","recomputed","hf://buckets/dan-pandori/nd-rl/state-cap12/artifacts/sc12/rr/T1_SN12_s2__rr600.jsonl","","A:rr600+ge17_70 k256 T0.8 seed0 (state ms48 b2048 / wp max_new1536 b1024)","transfer_long_rr600@ad71284f","","48","2048","0.003184"
"ours-3.2M-lean_staten-cap12","SN-cap12 T1 (state-cap12 la_T1_SN12_s2_r8)","3.2M","lean_staten","scratch","K12 flat 2-12 155k","12","T1","2","rr600_gen_L13-16","380","Q","256","0.8","320","lean_only","lean_judge (Lean 4.34)","2026-09-29","recomputed","hf://buckets/dan-pandori/nd-rl/state-cap12/artifacts/sc12/rr/T1_SN12_s2__rr600.jsonl","","A:rr600+ge17_70 k256 T0.8 seed0 (state ms48 b2048 / wp max_new1536 b1024)","transfer_long_rr600@ad71284f","","48","2048","0.003184"
"ours-3.2M-lean_staten-cap12","SN-cap12 T1 (state-cap12 la_T1_SN12_s2_r8)","3.2M","lean_staten","scratch","K12 flat 2-12 155k","12","T1","2","ge17_70","70","solved","256","0.8","42","lean_only","lean_judge (Lean 4.34)","2026-09-29","recomputed","hf://buckets/dan-pandori/nd-rl/state-cap12/artifacts/sc12/rr/T1_SN12_s2__ge17.json","17+","A:rr600+ge17_70 k256 T0.8 seed0 (state ms48 b2048 / wp max_new1536 b1024)","transfer_long_ge17@ebd5925d","","48","2048","0.0149"
"ours-3.2M-lean_staten-cap12","SN-cap12 T1 (state-cap12 la_T1_SN12_s2_r8)","3.2M","lean_staten","scratch","K12 flat 2-12 155k","12","T1","2","rr600+ge17_70","670","L_star_ge","256","0.8","17","lean_only","lean_judge (Lean 4.34)","2026-09-29","recomputed","hf://buckets/dan-pandori/nd-rl/state-cap12/artifacts/sc12/rr/T1_SN12_s2__rr600.jsonl + __ge17.json","","A:rr600+ge17_70 k256 T0.8 seed0 (state ms48 b2048 / wp max_new1536 b1024)","transfer_long_rr600@ad71284f;transfer_long_ge17@ebd5925d","","48","2048","0.003184"
"ours-3.2M-lean_staten-cap12","SN-cap12 T1 (state-cap12 la_T1_SN12_s2_r8)","3.2M","lean_staten","scratch","K12 flat 2-12 155k","12","T1","2","rr600+ge17_70","670","max_accepted_lines","256","0.8","47","lean_only","lean_judge (Lean 4.34)","2026-09-29","recomputed","hf://buckets/dan-pandori/nd-rl/state-cap12/artifacts/sc12/rr/T1_SN12_s2__rr600.jsonl + __ge17.json","","A:rr600+ge17_70 k256 T0.8 seed0 (state ms48 b2048 / wp max_new1536 b1024)","transfer_long_rr600@ad71284f;transfer_long_ge17@ebd5925d","","48","2048","0.003184"
"ours-3.2M-lean_staten-cap12","SN-cap12 T1 (state-cap12 la_T1_SN12_s2_r8)","3.2M","lean_staten","scratch","K12 flat 2-12 155k","12","T1","2","rr600","600","frontier_pruned_ge5proofs","256","0.8","44","lean_only","lean_judge (Lean 4.34)","2026-09-29","recomputed","hf://buckets/dan-pandori/nd-rl/state-cap12/artifacts/sc12/rr/T1_SN12_s2__rr600.json","","A:rr600+ge17_70 k256 T0.8 seed0 (state ms48 b2048 / wp max_new1536 b1024)","transfer_long_rr600@ad71284f","","48","2048","0.003184"
"ours-3.2M-lean_staten-cap12","SN-cap12 T1 (state-cap12 la_T1_SN12_s3_r8)","3.2M","lean_staten","scratch","K12 flat 2-12 155k","12","T1","3","rr600","100","solved","256","0.8","74","lean_only","lean_judge (Lean 4.34)","2026-09-29","recomputed","hf://buckets/dan-pandori/nd-rl/state-cap12/artifacts/sc12/rr/T1_SN12_s3__rr600.jsonl","11","A:rr600+ge17_70 k256 T0.8 seed0 (state ms48 b2048 / wp max_new1536 b1024)","transfer_long_rr600@ad71284f","","48","2048","0.003327"
"ours-3.2M-lean_staten-cap12","SN-cap12 T1 (state-cap12 la_T1_SN12_s3_r8)","3.2M","lean_staten","scratch","K12 flat 2-12 155k","12","T1","3","rr600_gen","81","solved","256","0.8","70","lean_only","lean_judge (Lean 4.34)","2026-09-29","recomputed","hf://buckets/dan-pandori/nd-rl/state-cap12/artifacts/sc12/rr/T1_SN12_s3__rr600.jsonl","11","A:rr600+ge17_70 k256 T0.8 seed0 (state ms48 b2048 / wp max_new1536 b1024)","transfer_long_rr600@ad71284f","","48","2048","0.003327"
"ours-3.2M-lean_staten-cap12","SN-cap12 T1 (state-cap12 la_T1_SN12_s3_r8)","3.2M","lean_staten","scratch","K12 flat 2-12 155k","12","T1","3","rr600","100","solved","256","0.8","78","lean_only","lean_judge (Lean 4.34)","2026-09-29","recomputed","hf://buckets/dan-pandori/nd-rl/state-cap12/artifacts/sc12/rr/T1_SN12_s3__rr600.jsonl","12","A:rr600+ge17_70 k256 T0.8 seed0 (state ms48 b2048 / wp max_new1536 b1024)","transfer_long_rr600@ad71284f","","48","2048","0.003327"
"ours-3.2M-lean_staten-cap12","SN-cap12 T1 (state-cap12 la_T1_SN12_s3_r8)","3.2M","lean_staten","scratch","K12 flat 2-12 155k","12","T1","3","rr600_gen","66","solved","256","0.8","57","lean_only","lean_judge (Lean 4.34)","2026-09-29","recomputed","hf://buckets/dan-pandori/nd-rl/state-cap12/artifacts/sc12/rr/T1_SN12_s3__rr600.jsonl","12","A:rr600+ge17_70 k256 T0.8 seed0 (state ms48 b2048 / wp max_new1536 b1024)","transfer_long_rr600@ad71284f","","48","2048","0.003327"
"ours-3.2M-lean_staten-cap12","SN-cap12 T1 (state-cap12 la_T1_SN12_s3_r8)","3.2M","lean_staten","scratch","K12 flat 2-12 155k","12","T1","3","rr600","100","solved","256","0.8","77","lean_only","lean_judge (Lean 4.34)","2026-09-29","recomputed","hf://buckets/dan-pandori/nd-rl/state-cap12/artifacts/sc12/rr/T1_SN12_s3__rr600.jsonl","13","A:rr600+ge17_70 k256 T0.8 seed0 (state ms48 b2048 / wp max_new1536 b1024)","transfer_long_rr600@ad71284f","","48","2048","0.003327"
"ours-3.2M-lean_staten-cap12","SN-cap12 T1 (state-cap12 la_T1_SN12_s3_r8)","3.2M","lean_staten","scratch","K12 flat 2-12 155k","12","T1","3","rr600_gen","90","solved","256","0.8","75","lean_only","lean_judge (Lean 4.34)","2026-09-29","recomputed","hf://buckets/dan-pandori/nd-rl/state-cap12/artifacts/sc12/rr/T1_SN12_s3__rr600.jsonl","13","A:rr600+ge17_70 k256 T0.8 seed0 (state ms48 b2048 / wp max_new1536 b1024)","transfer_long_rr600@ad71284f","","48","2048","0.003327"
"ours-3.2M-lean_staten-cap12","SN-cap12 T1 (state-cap12 la_T1_SN12_s3_r8)","3.2M","lean_staten","scratch","K12 flat 2-12 155k","12","T1","3","rr600","100","solved","256","0.8","81","lean_only","lean_judge (Lean 4.34)","2026-09-29","recomputed","hf://buckets/dan-pandori/nd-rl/state-cap12/artifacts/sc12/rr/T1_SN12_s3__rr600.jsonl","14","A:rr600+ge17_70 k256 T0.8 seed0 (state ms48 b2048 / wp max_new1536 b1024)","transfer_long_rr600@ad71284f","","48","2048","0.003327"
"ours-3.2M-lean_staten-cap12","SN-cap12 T1 (state-cap12 la_T1_SN12_s3_r8)","3.2M","lean_staten","scratch","K12 flat 2-12 155k","12","T1","3","rr600_gen","90","solved","256","0.8","80","lean_only","lean_judge (Lean 4.34)","2026-09-29","recomputed","hf://buckets/dan-pandori/nd-rl/state-cap12/artifacts/sc12/rr/T1_SN12_s3__rr600.jsonl","14","A:rr600+ge17_70 k256 T0.8 seed0 (state ms48 b2048 / wp max_new1536 b1024)","transfer_long_rr600@ad71284f","","48","2048","0.003327"
"ours-3.2M-lean_staten-cap12","SN-cap12 T1 (state-cap12 la_T1_SN12_s3_r8)","3.2M","lean_staten","scratch","K12 flat 2-12 155k","12","T1","3","rr600","100","solved","256","0.8","91","lean_only","lean_judge (Lean 4.34)","2026-09-29","recomputed","hf://buckets/dan-pandori/nd-rl/state-cap12/artifacts/sc12/rr/T1_SN12_s3__rr600.jsonl","15","A:rr600+ge17_70 k256 T0.8 seed0 (state ms48 b2048 / wp max_new1536 b1024)","transfer_long_rr600@ad71284f","","48","2048","0.003327"
"ours-3.2M-lean_staten-cap12","SN-cap12 T1 (state-cap12 la_T1_SN12_s3_r8)","3.2M","lean_staten","scratch","K12 flat 2-12 155k","12","T1","3","rr600_gen","100","solved","256","0.8","91","lean_only","lean_judge (Lean 4.34)","2026-09-29","recomputed","hf://buckets/dan-pandori/nd-rl/state-cap12/artifacts/sc12/rr/T1_SN12_s3__rr600.jsonl","15","A:rr600+ge17_70 k256 T0.8 seed0 (state ms48 b2048 / wp max_new1536 b1024)","transfer_long_rr600@ad71284f","","48","2048","0.003327"
"ours-3.2M-lean_staten-cap12","SN-cap12 T1 (state-cap12 la_T1_SN12_s3_r8)","3.2M","lean_staten","scratch","K12 flat 2-12 155k","12","T1","3","rr600","100","solved","256","0.8","71","lean_only","lean_judge (Lean 4.34)","2026-09-29","recomputed","hf://buckets/dan-pandori/nd-rl/state-cap12/artifacts/sc12/rr/T1_SN12_s3__rr600.jsonl","16","A:rr600+ge17_70 k256 T0.8 seed0 (state ms48 b2048 / wp max_new1536 b1024)","transfer_long_rr600@ad71284f","","48","2048","0.003327"
"ours-3.2M-lean_staten-cap12","SN-cap12 T1 (state-cap12 la_T1_SN12_s3_r8)","3.2M","lean_staten","scratch","K12 flat 2-12 155k","12","T1","3","rr600_gen","100","solved","256","0.8","71","lean_only","lean_judge (Lean 4.34)","2026-09-29","recomputed","hf://buckets/dan-pandori/nd-rl/state-cap12/artifacts/sc12/rr/T1_SN12_s3__rr600.jsonl","16","A:rr600+ge17_70 k256 T0.8 seed0 (state ms48 b2048 / wp max_new1536 b1024)","transfer_long_rr600@ad71284f","","48","2048","0.003327"
"ours-3.2M-lean_staten-cap12","SN-cap12 T1 (state-cap12 la_T1_SN12_s3_r8)","3.2M","lean_staten","scratch","K12 flat 2-12 155k","12","T1","3","rr600","600","solved","256","0.8","472","lean_only","lean_judge (Lean 4.34)","2026-09-29","recomputed","hf://buckets/dan-pandori/nd-rl/state-cap12/artifacts/sc12/rr/T1_SN12_s3__rr600.jsonl","","A:rr600+ge17_70 k256 T0.8 seed0 (state ms48 b2048 / wp max_new1536 b1024)","transfer_long_rr600@ad71284f","","48","2048","0.003327"
"ours-3.2M-lean_staten-cap12","SN-cap12 T1 (state-cap12 la_T1_SN12_s3_r8)","3.2M","lean_staten","scratch","K12 flat 2-12 155k","12","T1","3","rr600_gen_L13-16","380","Q","256","0.8","317","lean_only","lean_judge (Lean 4.34)","2026-09-29","recomputed","hf://buckets/dan-pandori/nd-rl/state-cap12/artifacts/sc12/rr/T1_SN12_s3__rr600.jsonl","","A:rr600+ge17_70 k256 T0.8 seed0 (state ms48 b2048 / wp max_new1536 b1024)","transfer_long_rr600@ad71284f","","48","2048","0.003327"
"ours-3.2M-lean_staten-cap12","SN-cap12 T1 (state-cap12 la_T1_SN12_s3_r8)","3.2M","lean_staten","scratch","K12 flat 2-12 155k","12","T1","3","ge17_70","70","solved","256","0.8","46","lean_only","lean_judge (Lean 4.34)","2026-09-29","recomputed","hf://buckets/dan-pandori/nd-rl/state-cap12/artifacts/sc12/rr/T1_SN12_s3__ge17.json","17+","A:rr600+ge17_70 k256 T0.8 seed0 (state ms48 b2048 / wp max_new1536 b1024)","transfer_long_ge17@ebd5925d","","48","2048","0.012612"
"ours-3.2M-lean_staten-cap12","SN-cap12 T1 (state-cap12 la_T1_SN12_s3_r8)","3.2M","lean_staten","scratch","K12 flat 2-12 155k","12","T1","3","rr600+ge17_70","670","L_star_ge","256","0.8","17","lean_only","lean_judge (Lean 4.34)","2026-09-29","recomputed","hf://buckets/dan-pandori/nd-rl/state-cap12/artifacts/sc12/rr/T1_SN12_s3__rr600.jsonl + __ge17.json","","A:rr600+ge17_70 k256 T0.8 seed0 (state ms48 b2048 / wp max_new1536 b1024)","transfer_long_rr600@ad71284f;transfer_long_ge17@ebd5925d","","48","2048","0.003327"
"ours-3.2M-lean_staten-cap12","SN-cap12 T1 (state-cap12 la_T1_SN12_s3_r8)","3.2M","lean_staten","scratch","K12 flat 2-12 155k","12","T1","3","rr600+ge17_70","670","max_accepted_lines","256","0.8","47","lean_only","lean_judge (Lean 4.34)","2026-09-29","recomputed","hf://buckets/dan-pandori/nd-rl/state-cap12/artifacts/sc12/rr/T1_SN12_s3__rr600.jsonl + __ge17.json","","A:rr600+ge17_70 k256 T0.8 seed0 (state ms48 b2048 / wp max_new1536 b1024)","transfer_long_rr600@ad71284f;transfer_long_ge17@ebd5925d","","48","2048","0.003327"
"ours-3.2M-lean_staten-cap12","SN-cap12 T1 (state-cap12 la_T1_SN12_s3_r8)","3.2M","lean_staten","scratch","K12 flat 2-12 155k","12","T1","3","rr600","600","frontier_pruned_ge5proofs","256","0.8","43","lean_only","lean_judge (Lean 4.34)","2026-09-29","recomputed","hf://buckets/dan-pandori/nd-rl/state-cap12/artifacts/sc12/rr/T1_SN12_s3__rr600.json","","A:rr600+ge17_70 k256 T0.8 seed0 (state ms48 b2048 / wp max_new1536 b1024)","transfer_long_rr600@ad71284f","","48","2048","0.003327"
"ours-3.2M-lean_staten-cap12","SN-cap12 frozen (state-cap12 stage1_SN12_s0)","3.2M","lean_staten","scratch","K12 flat 2-12 155k","12","frozen","0","rr600","100","solved","256","0.8","63","lean_only","lean_judge (Lean 4.34)","2026-09-29","recomputed","hf://buckets/dan-pandori/nd-rl/state-cap12/artifacts/sc12/rr/stage1_SN12_s0__rr600.jsonl","11","A:rr600+ge17_70 k256 T0.8 seed0 (state ms48 b2048 / wp max_new1536 b1024)","transfer_long_rr600@ad71284f","","48","2048","0.000404"
"ours-3.2M-lean_staten-cap12","SN-cap12 frozen (state-cap12 stage1_SN12_s0)","3.2M","lean_staten","scratch","K12 flat 2-12 155k","12","frozen","0","rr600_gen","81","solved","256","0.8","62","lean_only","lean_judge (Lean 4.34)","2026-09-29","recomputed","hf://buckets/dan-pandori/nd-rl/state-cap12/artifacts/sc12/rr/stage1_SN12_s0__rr600.jsonl","11","A:rr600+ge17_70 k256 T0.8 seed0 (state ms48 b2048 / wp max_new1536 b1024)","transfer_long_rr600@ad71284f","","48","2048","0.000404"
"ours-3.2M-lean_staten-cap12","SN-cap12 frozen (state-cap12 stage1_SN12_s0)","3.2M","lean_staten","scratch","K12 flat 2-12 155k","12","frozen","0","rr600","100","solved","256","0.8","51","lean_only","lean_judge (Lean 4.34)","2026-09-29","recomputed","hf://buckets/dan-pandori/nd-rl/state-cap12/artifacts/sc12/rr/stage1_SN12_s0__rr600.jsonl","12","A:rr600+ge17_70 k256 T0.8 seed0 (state ms48 b2048 / wp max_new1536 b1024)","transfer_long_rr600@ad71284f","","48","2048","0.000404"
"ours-3.2M-lean_staten-cap12","SN-cap12 frozen (state-cap12 stage1_SN12_s0)","3.2M","lean_staten","scratch","K12 flat 2-12 155k","12","frozen","0","rr600_gen","66","solved","256","0.8","42","lean_only","lean_judge (Lean 4.34)","2026-09-29","recomputed","hf://buckets/dan-pandori/nd-rl/state-cap12/artifacts/sc12/rr/stage1_SN12_s0__rr600.jsonl","12","A:rr600+ge17_70 k256 T0.8 seed0 (state ms48 b2048 / wp max_new1536 b1024)","transfer_long_rr600@ad71284f","","48","2048","0.000404"
"ours-3.2M-lean_staten-cap12","SN-cap12 frozen (state-cap12 stage1_SN12_s0)","3.2M","lean_staten","scratch","K12 flat 2-12 155k","12","frozen","0","rr600","100","solved","256","0.8","44","lean_only","lean_judge (Lean 4.34)","2026-09-29","recomputed","hf://buckets/dan-pandori/nd-rl/state-cap12/artifacts/sc12/rr/stage1_SN12_s0__rr600.jsonl","13","A:rr600+ge17_70 k256 T0.8 seed0 (state ms48 b2048 / wp max_new1536 b1024)","transfer_long_rr600@ad71284f","","48","2048","0.000404"
"ours-3.2M-lean_staten-cap12","SN-cap12 frozen (state-cap12 stage1_SN12_s0)","3.2M","lean_staten","scratch","K12 flat 2-12 155k","12","frozen","0","rr600_gen","90","solved","256","0.8","44","lean_only","lean_judge (Lean 4.34)","2026-09-29","recomputed","hf://buckets/dan-pandori/nd-rl/state-cap12/artifacts/sc12/rr/stage1_SN12_s0__rr600.jsonl","13","A:rr600+ge17_70 k256 T0.8 seed0 (state ms48 b2048 / wp max_new1536 b1024)","transfer_long_rr600@ad71284f","","48","2048","0.000404"
"ours-3.2M-lean_staten-cap12","SN-cap12 frozen (state-cap12 stage1_SN12_s0)","3.2M","lean_staten","scratch","K12 flat 2-12 155k","12","frozen","0","rr600","100","solved","256","0.8","41","lean_only","lean_judge (Lean 4.34)","2026-09-29","recomputed","hf://buckets/dan-pandori/nd-rl/state-cap12/artifacts/sc12/rr/stage1_SN12_s0__rr600.jsonl","14","A:rr600+ge17_70 k256 T0.8 seed0 (state ms48 b2048 / wp max_new1536 b1024)","transfer_long_rr600@ad71284f","","48","2048","0.000404"
"ours-3.2M-lean_staten-cap12","SN-cap12 frozen (state-cap12 stage1_SN12_s0)","3.2M","lean_staten","scratch","K12 flat 2-12 155k","12","frozen","0","rr600_gen","90","solved","256","0.8","41","lean_only","lean_judge (Lean 4.34)","2026-09-29","recomputed","hf://buckets/dan-pandori/nd-rl/state-cap12/artifacts/sc12/rr/stage1_SN12_s0__rr600.jsonl","14","A:rr600+ge17_70 k256 T0.8 seed0 (state ms48 b2048 / wp max_new1536 b1024)","transfer_long_rr600@ad71284f","","48","2048","0.000404"
"ours-3.2M-lean_staten-cap12","SN-cap12 frozen (state-cap12 stage1_SN12_s0)","3.2M","lean_staten","scratch","K12 flat 2-12 155k","12","frozen","0","rr600","100","solved","256","0.8","31","lean_only","lean_judge (Lean 4.34)","2026-09-29","recomputed","hf://buckets/dan-pandori/nd-rl/state-cap12/artifacts/sc12/rr/stage1_SN12_s0__rr600.jsonl","15","A:rr600+ge17_70 k256 T0.8 seed0 (state ms48 b2048 / wp max_new1536 b1024)","transfer_long_rr600@ad71284f","","48","2048","0.000404"
"ours-3.2M-lean_staten-cap12","SN-cap12 frozen (state-cap12 stage1_SN12_s0)","3.2M","lean_staten","scratch","K12 flat 2-12 155k","12","frozen","0","rr600_gen","100","solved","256","0.8","31","lean_only","lean_judge (Lean 4.34)","2026-09-29","recomputed","hf://buckets/dan-pandori/nd-rl/state-cap12/artifacts/sc12/rr/stage1_SN12_s0__rr600.jsonl","15","A:rr600+ge17_70 k256 T0.8 seed0 (state ms48 b2048 / wp max_new1536 b1024)","transfer_long_rr600@ad71284f","","48","2048","0.000404"
"ours-3.2M-lean_staten-cap12","SN-cap12 frozen (state-cap12 stage1_SN12_s0)","3.2M","lean_staten","scratch","K12 flat 2-12 155k","12","frozen","0","rr600","100","solved","256","0.8","18","lean_only","lean_judge (Lean 4.34)","2026-09-29","recomputed","hf://buckets/dan-pandori/nd-rl/state-cap12/artifacts/sc12/rr/stage1_SN12_s0__rr600.jsonl","16","A:rr600+ge17_70 k256 T0.8 seed0 (state ms48 b2048 / wp max_new1536 b1024)","transfer_long_rr600@ad71284f","","48","2048","0.000404"
"ours-3.2M-lean_staten-cap12","SN-cap12 frozen (state-cap12 stage1_SN12_s0)","3.2M","lean_staten","scratch","K12 flat 2-12 155k","12","frozen","0","rr600_gen","100","solved","256","0.8","18","lean_only","lean_judge (Lean 4.34)","2026-09-29","recomputed","hf://buckets/dan-pandori/nd-rl/state-cap12/artifacts/sc12/rr/stage1_SN12_s0__rr600.jsonl","16","A:rr600+ge17_70 k256 T0.8 seed0 (state ms48 b2048 / wp max_new1536 b1024)","transfer_long_rr600@ad71284f","","48","2048","0.000404"
"ours-3.2M-lean_staten-cap12","SN-cap12 frozen (state-cap12 stage1_SN12_s0)","3.2M","lean_staten","scratch","K12 flat 2-12 155k","12","frozen","0","rr600","600","solved","256","0.8","248","lean_only","lean_judge (Lean 4.34)","2026-09-29","recomputed","hf://buckets/dan-pandori/nd-rl/state-cap12/artifacts/sc12/rr/stage1_SN12_s0__rr600.jsonl","","A:rr600+ge17_70 k256 T0.8 seed0 (state ms48 b2048 / wp max_new1536 b1024)","transfer_long_rr600@ad71284f","","48","2048","0.000404"
"ours-3.2M-lean_staten-cap12","SN-cap12 frozen (state-cap12 stage1_SN12_s0)","3.2M","lean_staten","scratch","K12 flat 2-12 155k","12","frozen","0","rr600_gen_L13-16","380","Q","256","0.8","134","lean_only","lean_judge (Lean 4.34)","2026-09-29","recomputed","hf://buckets/dan-pandori/nd-rl/state-cap12/artifacts/sc12/rr/stage1_SN12_s0__rr600.jsonl","","A:rr600+ge17_70 k256 T0.8 seed0 (state ms48 b2048 / wp max_new1536 b1024)","transfer_long_rr600@ad71284f","","48","2048","0.000404"
"ours-3.2M-lean_staten-cap12","SN-cap12 frozen (state-cap12 stage1_SN12_s0)","3.2M","lean_staten","scratch","K12 flat 2-12 155k","12","frozen","0","ge17_70","70","solved","256","0.8","10","lean_only","lean_judge (Lean 4.34)","2026-09-29","recomputed","hf://buckets/dan-pandori/nd-rl/state-cap12/artifacts/sc12/rr/stage1_SN12_s0__ge17.json","17+","A:rr600+ge17_70 k256 T0.8 seed0 (state ms48 b2048 / wp max_new1536 b1024)","transfer_long_ge17@ebd5925d","","48","2048","0.000446"
"ours-3.2M-lean_staten-cap12","SN-cap12 frozen (state-cap12 stage1_SN12_s0)","3.2M","lean_staten","scratch","K12 flat 2-12 155k","12","frozen","0","rr600+ge17_70","670","L_star_ge","256","0.8","17","lean_only","lean_judge (Lean 4.34)","2026-09-29","recomputed","hf://buckets/dan-pandori/nd-rl/state-cap12/artifacts/sc12/rr/stage1_SN12_s0__rr600.jsonl + __ge17.json","","A:rr600+ge17_70 k256 T0.8 seed0 (state ms48 b2048 / wp max_new1536 b1024)","transfer_long_rr600@ad71284f;transfer_long_ge17@ebd5925d","","48","2048","0.000404"
"ours-3.2M-lean_staten-cap12","SN-cap12 frozen (state-cap12 stage1_SN12_s0)","3.2M","lean_staten","scratch","K12 flat 2-12 155k","12","frozen","0","rr600+ge17_70","670","max_accepted_lines","256","0.8","34","lean_only","lean_judge (Lean 4.34)","2026-09-29","recomputed","hf://buckets/dan-pandori/nd-rl/state-cap12/artifacts/sc12/rr/stage1_SN12_s0__rr600.jsonl + __ge17.json","","A:rr600+ge17_70 k256 T0.8 seed0 (state ms48 b2048 / wp max_new1536 b1024)","transfer_long_rr600@ad71284f;transfer_long_ge17@ebd5925d","","48","2048","0.000404"
"ours-3.2M-lean_staten-cap12","SN-cap12 frozen (state-cap12 stage1_SN12_s0)","3.2M","lean_staten","scratch","K12 flat 2-12 155k","12","frozen","0","rr600","600","frontier_pruned_ge5proofs","256","0.8","29","lean_only","lean_judge (Lean 4.34)","2026-09-29","recomputed","hf://buckets/dan-pandori/nd-rl/state-cap12/artifacts/sc12/rr/stage1_SN12_s0__rr600.json","","A:rr600+ge17_70 k256 T0.8 seed0 (state ms48 b2048 / wp max_new1536 b1024)","transfer_long_rr600@ad71284f","","48","2048","0.000404"
"ours-3.2M-lean_staten-cap12","SN-cap12 frozen (state-cap12 stage1_SN12_s1)","3.2M","lean_staten","scratch","K12 flat 2-12 155k","12","frozen","1","rr600","100","solved","256","0.8","59","lean_only","lean_judge (Lean 4.34)","2026-09-29","recomputed","hf://buckets/dan-pandori/nd-rl/state-cap12/artifacts/sc12/rr/stage1_SN12_s1__rr600.jsonl","11","A:rr600+ge17_70 k256 T0.8 seed0 (state ms48 b2048 / wp max_new1536 b1024)","transfer_long_rr600@ad71284f","","48","2048","0.000352"
"ours-3.2M-lean_staten-cap12","SN-cap12 frozen (state-cap12 stage1_SN12_s1)","3.2M","lean_staten","scratch","K12 flat 2-12 155k","12","frozen","1","rr600_gen","81","solved","256","0.8","57","lean_only","lean_judge (Lean 4.34)","2026-09-29","recomputed","hf://buckets/dan-pandori/nd-rl/state-cap12/artifacts/sc12/rr/stage1_SN12_s1__rr600.jsonl","11","A:rr600+ge17_70 k256 T0.8 seed0 (state ms48 b2048 / wp max_new1536 b1024)","transfer_long_rr600@ad71284f","","48","2048","0.000352"
"ours-3.2M-lean_staten-cap12","SN-cap12 frozen (state-cap12 stage1_SN12_s1)","3.2M","lean_staten","scratch","K12 flat 2-12 155k","12","frozen","1","rr600","100","solved","256","0.8","67","lean_only","lean_judge (Lean 4.34)","2026-09-29","recomputed","hf://buckets/dan-pandori/nd-rl/state-cap12/artifacts/sc12/rr/stage1_SN12_s1__rr600.jsonl","12","A:rr600+ge17_70 k256 T0.8 seed0 (state ms48 b2048 / wp max_new1536 b1024)","transfer_long_rr600@ad71284f","","48","2048","0.000352"
"ours-3.2M-lean_staten-cap12","SN-cap12 frozen (state-cap12 stage1_SN12_s1)","3.2M","lean_staten","scratch","K12 flat 2-12 155k","12","frozen","1","rr600_gen","66","solved","256","0.8","52","lean_only","lean_judge (Lean 4.34)","2026-09-29","recomputed","hf://buckets/dan-pandori/nd-rl/state-cap12/artifacts/sc12/rr/stage1_SN12_s1__rr600.jsonl","12","A:rr600+ge17_70 k256 T0.8 seed0 (state ms48 b2048 / wp max_new1536 b1024)","transfer_long_rr600@ad71284f","","48","2048","0.000352"
"ours-3.2M-lean_staten-cap12","SN-cap12 frozen (state-cap12 stage1_SN12_s1)","3.2M","lean_staten","scratch","K12 flat 2-12 155k","12","frozen","1","rr600","100","solved","256","0.8","55","lean_only","lean_judge (Lean 4.34)","2026-09-29","recomputed","hf://buckets/dan-pandori/nd-rl/state-cap12/artifacts/sc12/rr/stage1_SN12_s1__rr600.jsonl","13","A:rr600+ge17_70 k256 T0.8 seed0 (state ms48 b2048 / wp max_new1536 b1024)","transfer_long_rr600@ad71284f","","48","2048","0.000352"
"ours-3.2M-lean_staten-cap12","SN-cap12 frozen (state-cap12 stage1_SN12_s1)","3.2M","lean_staten","scratch","K12 flat 2-12 155k","12","frozen","1","rr600_gen","90","solved","256","0.8","55","lean_only","lean_judge (Lean 4.34)","2026-09-29","recomputed","hf://buckets/dan-pandori/nd-rl/state-cap12/artifacts/sc12/rr/stage1_SN12_s1__rr600.jsonl","13","A:rr600+ge17_70 k256 T0.8 seed0 (state ms48 b2048 / wp max_new1536 b1024)","transfer_long_rr600@ad71284f","","48","2048","0.000352"
"ours-3.2M-lean_staten-cap12","SN-cap12 frozen (state-cap12 stage1_SN12_s1)","3.2M","lean_staten","scratch","K12 flat 2-12 155k","12","frozen","1","rr600","100","solved","256","0.8","60","lean_only","lean_judge (Lean 4.34)","2026-09-29","recomputed","hf://buckets/dan-pandori/nd-rl/state-cap12/artifacts/sc12/rr/stage1_SN12_s1__rr600.jsonl","14","A:rr600+ge17_70 k256 T0.8 seed0 (state ms48 b2048 / wp max_new1536 b1024)","transfer_long_rr600@ad71284f","","48","2048","0.000352"
"ours-3.2M-lean_staten-cap12","SN-cap12 frozen (state-cap12 stage1_SN12_s1)","3.2M","lean_staten","scratch","K12 flat 2-12 155k","12","frozen","1","rr600_gen","90","solved","256","0.8","60","lean_only","lean_judge (Lean 4.34)","2026-09-29","recomputed","hf://buckets/dan-pandori/nd-rl/state-cap12/artifacts/sc12/rr/stage1_SN12_s1__rr600.jsonl","14","A:rr600+ge17_70 k256 T0.8 seed0 (state ms48 b2048 / wp max_new1536 b1024)","transfer_long_rr600@ad71284f","","48","2048","0.000352"
"ours-3.2M-lean_staten-cap12","SN-cap12 frozen (state-cap12 stage1_SN12_s1)","3.2M","lean_staten","scratch","K12 flat 2-12 155k","12","frozen","1","rr600","100","solved","256","0.8","52","lean_only","lean_judge (Lean 4.34)","2026-09-29","recomputed","hf://buckets/dan-pandori/nd-rl/state-cap12/artifacts/sc12/rr/stage1_SN12_s1__rr600.jsonl","15","A:rr600+ge17_70 k256 T0.8 seed0 (state ms48 b2048 / wp max_new1536 b1024)","transfer_long_rr600@ad71284f","","48","2048","0.000352"
"ours-3.2M-lean_staten-cap12","SN-cap12 frozen (state-cap12 stage1_SN12_s1)","3.2M","lean_staten","scratch","K12 flat 2-12 155k","12","frozen","1","rr600_gen","100","solved","256","0.8","52","lean_only","lean_judge (Lean 4.34)","2026-09-29","recomputed","hf://buckets/dan-pandori/nd-rl/state-cap12/artifacts/sc12/rr/stage1_SN12_s1__rr600.jsonl","15","A:rr600+ge17_70 k256 T0.8 seed0 (state ms48 b2048 / wp max_new1536 b1024)","transfer_long_rr600@ad71284f","","48","2048","0.000352"
"ours-3.2M-lean_staten-cap12","SN-cap12 frozen (state-cap12 stage1_SN12_s1)","3.2M","lean_staten","scratch","K12 flat 2-12 155k","12","frozen","1","rr600","100","solved","256","0.8","45","lean_only","lean_judge (Lean 4.34)","2026-09-29","recomputed","hf://buckets/dan-pandori/nd-rl/state-cap12/artifacts/sc12/rr/stage1_SN12_s1__rr600.jsonl","16","A:rr600+ge17_70 k256 T0.8 seed0 (state ms48 b2048 / wp max_new1536 b1024)","transfer_long_rr600@ad71284f","","48","2048","0.000352"
"ours-3.2M-lean_staten-cap12","SN-cap12 frozen (state-cap12 stage1_SN12_s1)","3.2M","lean_staten","scratch","K12 flat 2-12 155k","12","frozen","1","rr600_gen","100","solved","256","0.8","45","lean_only","lean_judge (Lean 4.34)","2026-09-29","recomputed","hf://buckets/dan-pandori/nd-rl/state-cap12/artifacts/sc12/rr/stage1_SN12_s1__rr600.jsonl","16","A:rr600+ge17_70 k256 T0.8 seed0 (state ms48 b2048 / wp max_new1536 b1024)","transfer_long_rr600@ad71284f","","48","2048","0.000352"
"ours-3.2M-lean_staten-cap12","SN-cap12 frozen (state-cap12 stage1_SN12_s1)","3.2M","lean_staten","scratch","K12 flat 2-12 155k","12","frozen","1","rr600","600","solved","256","0.8","338","lean_only","lean_judge (Lean 4.34)","2026-09-29","recomputed","hf://buckets/dan-pandori/nd-rl/state-cap12/artifacts/sc12/rr/stage1_SN12_s1__rr600.jsonl","","A:rr600+ge17_70 k256 T0.8 seed0 (state ms48 b2048 / wp max_new1536 b1024)","transfer_long_rr600@ad71284f","","48","2048","0.000352"
"ours-3.2M-lean_staten-cap12","SN-cap12 frozen (state-cap12 stage1_SN12_s1)","3.2M","lean_staten","scratch","K12 flat 2-12 155k","12","frozen","1","rr600_gen_L13-16","380","Q","256","0.8","212","lean_only","lean_judge (Lean 4.34)","2026-09-29","recomputed","hf://buckets/dan-pandori/nd-rl/state-cap12/artifacts/sc12/rr/stage1_SN12_s1__rr600.jsonl","","A:rr600+ge17_70 k256 T0.8 seed0 (state ms48 b2048 / wp max_new1536 b1024)","transfer_long_rr600@ad71284f","","48","2048","0.000352"
"ours-3.2M-lean_staten-cap12","SN-cap12 frozen (state-cap12 stage1_SN12_s1)","3.2M","lean_staten","scratch","K12 flat 2-12 155k","12","frozen","1","ge17_70","70","solved","256","0.8","15","lean_only","lean_judge (Lean 4.34)","2026-09-29","recomputed","hf://buckets/dan-pandori/nd-rl/state-cap12/artifacts/sc12/rr/stage1_SN12_s1__ge17.json","17+","A:rr600+ge17_70 k256 T0.8 seed0 (state ms48 b2048 / wp max_new1536 b1024)","transfer_long_ge17@ebd5925d","","48","2048","0.000112"
"ours-3.2M-lean_staten-cap12","SN-cap12 frozen (state-cap12 stage1_SN12_s1)","3.2M","lean_staten","scratch","K12 flat 2-12 155k","12","frozen","1","rr600+ge17_70","670","L_star_ge","256","0.8","17","lean_only","lean_judge (Lean 4.34)","2026-09-29","recomputed","hf://buckets/dan-pandori/nd-rl/state-cap12/artifacts/sc12/rr/stage1_SN12_s1__rr600.jsonl + __ge17.json","","A:rr600+ge17_70 k256 T0.8 seed0 (state ms48 b2048 / wp max_new1536 b1024)","transfer_long_rr600@ad71284f;transfer_long_ge17@ebd5925d","","48","2048","0.000352"
"ours-3.2M-lean_staten-cap12","SN-cap12 frozen (state-cap12 stage1_SN12_s1)","3.2M","lean_staten","scratch","K12 flat 2-12 155k","12","frozen","1","rr600+ge17_70","670","max_accepted_lines","256","0.8","37","lean_only","lean_judge (Lean 4.34)","2026-09-29","recomputed","hf://buckets/dan-pandori/nd-rl/state-cap12/artifacts/sc12/rr/stage1_SN12_s1__rr600.jsonl + __ge17.json","","A:rr600+ge17_70 k256 T0.8 seed0 (state ms48 b2048 / wp max_new1536 b1024)","transfer_long_rr600@ad71284f;transfer_long_ge17@ebd5925d","","48","2048","0.000352"
"ours-3.2M-lean_staten-cap12","SN-cap12 frozen (state-cap12 stage1_SN12_s1)","3.2M","lean_staten","scratch","K12 flat 2-12 155k","12","frozen","1","rr600","600","frontier_pruned_ge5proofs","256","0.8","32","lean_only","lean_judge (Lean 4.34)","2026-09-29","recomputed","hf://buckets/dan-pandori/nd-rl/state-cap12/artifacts/sc12/rr/stage1_SN12_s1__rr600.json","","A:rr600+ge17_70 k256 T0.8 seed0 (state ms48 b2048 / wp max_new1536 b1024)","transfer_long_rr600@ad71284f","","48","2048","0.000352"
"ours-3.2M-lean_staten-cap12","SN-cap12 frozen (state-cap12 stage1_SN12_s2)","3.2M","lean_staten","scratch","K12 flat 2-12 155k","12","frozen","2","rr600","100","solved","256","0.8","68","lean_only","lean_judge (Lean 4.34)","2026-09-29","recomputed","hf://buckets/dan-pandori/nd-rl/state-cap12/artifacts/sc12/rr/stage1_SN12_s2__rr600.jsonl","11","A:rr600+ge17_70 k256 T0.8 seed0 (state ms48 b2048 / wp max_new1536 b1024)","transfer_long_rr600@ad71284f","","48","2048","4.6e-05"
"ours-3.2M-lean_staten-cap12","SN-cap12 frozen (state-cap12 stage1_SN12_s2)","3.2M","lean_staten","scratch","K12 flat 2-12 155k","12","frozen","2","rr600_gen","81","solved","256","0.8","66","lean_only","lean_judge (Lean 4.34)","2026-09-29","recomputed","hf://buckets/dan-pandori/nd-rl/state-cap12/artifacts/sc12/rr/stage1_SN12_s2__rr600.jsonl","11","A:rr600+ge17_70 k256 T0.8 seed0 (state ms48 b2048 / wp max_new1536 b1024)","transfer_long_rr600@ad71284f","","48","2048","4.6e-05"
"ours-3.2M-lean_staten-cap12","SN-cap12 frozen (state-cap12 stage1_SN12_s2)","3.2M","lean_staten","scratch","K12 flat 2-12 155k","12","frozen","2","rr600","100","solved","256","0.8","60","lean_only","lean_judge (Lean 4.34)","2026-09-29","recomputed","hf://buckets/dan-pandori/nd-rl/state-cap12/artifacts/sc12/rr/stage1_SN12_s2__rr600.jsonl","12","A:rr600+ge17_70 k256 T0.8 seed0 (state ms48 b2048 / wp max_new1536 b1024)","transfer_long_rr600@ad71284f","","48","2048","4.6e-05"
"ours-3.2M-lean_staten-cap12","SN-cap12 frozen (state-cap12 stage1_SN12_s2)","3.2M","lean_staten","scratch","K12 flat 2-12 155k","12","frozen","2","rr600_gen","66","solved","256","0.8","48","lean_only","lean_judge (Lean 4.34)","2026-09-29","recomputed","hf://buckets/dan-pandori/nd-rl/state-cap12/artifacts/sc12/rr/stage1_SN12_s2__rr600.jsonl","12","A:rr600+ge17_70 k256 T0.8 seed0 (state ms48 b2048 / wp max_new1536 b1024)","transfer_long_rr600@ad71284f","","48","2048","4.6e-05"
"ours-3.2M-lean_staten-cap12","SN-cap12 frozen (state-cap12 stage1_SN12_s2)","3.2M","lean_staten","scratch","K12 flat 2-12 155k","12","frozen","2","rr600","100","solved","256","0.8","60","lean_only","lean_judge (Lean 4.34)","2026-09-29","recomputed","hf://buckets/dan-pandori/nd-rl/state-cap12/artifacts/sc12/rr/stage1_SN12_s2__rr600.jsonl","13","A:rr600+ge17_70 k256 T0.8 seed0 (state ms48 b2048 / wp max_new1536 b1024)","transfer_long_rr600@ad71284f","","48","2048","4.6e-05"
"ours-3.2M-lean_staten-cap12","SN-cap12 frozen (state-cap12 stage1_SN12_s2)","3.2M","lean_staten","scratch","K12 flat 2-12 155k","12","frozen","2","rr600_gen","90","solved","256","0.8","60","lean_only","lean_judge (Lean 4.34)","2026-09-29","recomputed","hf://buckets/dan-pandori/nd-rl/state-cap12/artifacts/sc12/rr/stage1_SN12_s2__rr600.jsonl","13","A:rr600+ge17_70 k256 T0.8 seed0 (state ms48 b2048 / wp max_new1536 b1024)","transfer_long_rr600@ad71284f","","48","2048","4.6e-05"
"ours-3.2M-lean_staten-cap12","SN-cap12 frozen (state-cap12 stage1_SN12_s2)","3.2M","lean_staten","scratch","K12 flat 2-12 155k","12","frozen","2","rr600","100","solved","256","0.8","61","lean_only","lean_judge (Lean 4.34)","2026-09-29","recomputed","hf://buckets/dan-pandori/nd-rl/state-cap12/artifacts/sc12/rr/stage1_SN12_s2__rr600.jsonl","14","A:rr600+ge17_70 k256 T0.8 seed0 (state ms48 b2048 / wp max_new1536 b1024)","transfer_long_rr600@ad71284f","","48","2048","4.6e-05"
"ours-3.2M-lean_staten-cap12","SN-cap12 frozen (state-cap12 stage1_SN12_s2)","3.2M","lean_staten","scratch","K12 flat 2-12 155k","12","frozen","2","rr600_gen","90","solved","256","0.8","61","lean_only","lean_judge (Lean 4.34)","2026-09-29","recomputed","hf://buckets/dan-pandori/nd-rl/state-cap12/artifacts/sc12/rr/stage1_SN12_s2__rr600.jsonl","14","A:rr600+ge17_70 k256 T0.8 seed0 (state ms48 b2048 / wp max_new1536 b1024)","transfer_long_rr600@ad71284f","","48","2048","4.6e-05"
"ours-3.2M-lean_staten-cap12","SN-cap12 frozen (state-cap12 stage1_SN12_s2)","3.2M","lean_staten","scratch","K12 flat 2-12 155k","12","frozen","2","rr600","100","solved","256","0.8","63","lean_only","lean_judge (Lean 4.34)","2026-09-29","recomputed","hf://buckets/dan-pandori/nd-rl/state-cap12/artifacts/sc12/rr/stage1_SN12_s2__rr600.jsonl","15","A:rr600+ge17_70 k256 T0.8 seed0 (state ms48 b2048 / wp max_new1536 b1024)","transfer_long_rr600@ad71284f","","48","2048","4.6e-05"
"ours-3.2M-lean_staten-cap12","SN-cap12 frozen (state-cap12 stage1_SN12_s2)","3.2M","lean_staten","scratch","K12 flat 2-12 155k","12","frozen","2","rr600_gen","100","solved","256","0.8","63","lean_only","lean_judge (Lean 4.34)","2026-09-29","recomputed","hf://buckets/dan-pandori/nd-rl/state-cap12/artifacts/sc12/rr/stage1_SN12_s2__rr600.jsonl","15","A:rr600+ge17_70 k256 T0.8 seed0 (state ms48 b2048 / wp max_new1536 b1024)","transfer_long_rr600@ad71284f","","48","2048","4.6e-05"
"ours-3.2M-lean_staten-cap12","SN-cap12 frozen (state-cap12 stage1_SN12_s2)","3.2M","lean_staten","scratch","K12 flat 2-12 155k","12","frozen","2","rr600","100","solved","256","0.8","44","lean_only","lean_judge (Lean 4.34)","2026-09-29","recomputed","hf://buckets/dan-pandori/nd-rl/state-cap12/artifacts/sc12/rr/stage1_SN12_s2__rr600.jsonl","16","A:rr600+ge17_70 k256 T0.8 seed0 (state ms48 b2048 / wp max_new1536 b1024)","transfer_long_rr600@ad71284f","","48","2048","4.6e-05"
"ours-3.2M-lean_staten-cap12","SN-cap12 frozen (state-cap12 stage1_SN12_s2)","3.2M","lean_staten","scratch","K12 flat 2-12 155k","12","frozen","2","rr600_gen","100","solved","256","0.8","44","lean_only","lean_judge (Lean 4.34)","2026-09-29","recomputed","hf://buckets/dan-pandori/nd-rl/state-cap12/artifacts/sc12/rr/stage1_SN12_s2__rr600.jsonl","16","A:rr600+ge17_70 k256 T0.8 seed0 (state ms48 b2048 / wp max_new1536 b1024)","transfer_long_rr600@ad71284f","","48","2048","4.6e-05"
"ours-3.2M-lean_staten-cap12","SN-cap12 frozen (state-cap12 stage1_SN12_s2)","3.2M","lean_staten","scratch","K12 flat 2-12 155k","12","frozen","2","rr600","600","solved","256","0.8","356","lean_only","lean_judge (Lean 4.34)","2026-09-29","recomputed","hf://buckets/dan-pandori/nd-rl/state-cap12/artifacts/sc12/rr/stage1_SN12_s2__rr600.jsonl","","A:rr600+ge17_70 k256 T0.8 seed0 (state ms48 b2048 / wp max_new1536 b1024)","transfer_long_rr600@ad71284f","","48","2048","4.6e-05"
"ours-3.2M-lean_staten-cap12","SN-cap12 frozen (state-cap12 stage1_SN12_s2)","3.2M","lean_staten","scratch","K12 flat 2-12 155k","12","frozen","2","rr600_gen_L13-16","380","Q","256","0.8","228","lean_only","lean_judge (Lean 4.34)","2026-09-29","recomputed","hf://buckets/dan-pandori/nd-rl/state-cap12/artifacts/sc12/rr/stage1_SN12_s2__rr600.jsonl","","A:rr600+ge17_70 k256 T0.8 seed0 (state ms48 b2048 / wp max_new1536 b1024)","transfer_long_rr600@ad71284f","","48","2048","4.6e-05"
"ours-3.2M-lean_staten-cap12","SN-cap12 frozen (state-cap12 stage1_SN12_s2)","3.2M","lean_staten","scratch","K12 flat 2-12 155k","12","frozen","2","ge17_70","70","solved","256","0.8","19","lean_only","lean_judge (Lean 4.34)","2026-09-29","recomputed","hf://buckets/dan-pandori/nd-rl/state-cap12/artifacts/sc12/rr/stage1_SN12_s2__ge17.json","17+","A:rr600+ge17_70 k256 T0.8 seed0 (state ms48 b2048 / wp max_new1536 b1024)","transfer_long_ge17@ebd5925d","","48","2048","0.00067"
"ours-3.2M-lean_staten-cap12","SN-cap12 frozen (state-cap12 stage1_SN12_s2)","3.2M","lean_staten","scratch","K12 flat 2-12 155k","12","frozen","2","rr600+ge17_70","670","L_star_ge","256","0.8","17","lean_only","lean_judge (Lean 4.34)","2026-09-29","recomputed","hf://buckets/dan-pandori/nd-rl/state-cap12/artifacts/sc12/rr/stage1_SN12_s2__rr600.jsonl + __ge17.json","","A:rr600+ge17_70 k256 T0.8 seed0 (state ms48 b2048 / wp max_new1536 b1024)","transfer_long_rr600@ad71284f;transfer_long_ge17@ebd5925d","","48","2048","4.6e-05"
"ours-3.2M-lean_staten-cap12","SN-cap12 frozen (state-cap12 stage1_SN12_s2)","3.2M","lean_staten","scratch","K12 flat 2-12 155k","12","frozen","2","rr600+ge17_70","670","max_accepted_lines","256","0.8","42","lean_only","lean_judge (Lean 4.34)","2026-09-29","recomputed","hf://buckets/dan-pandori/nd-rl/state-cap12/artifacts/sc12/rr/stage1_SN12_s2__rr600.jsonl + __ge17.json","","A:rr600+ge17_70 k256 T0.8 seed0 (state ms48 b2048 / wp max_new1536 b1024)","transfer_long_rr600@ad71284f;transfer_long_ge17@ebd5925d","","48","2048","4.6e-05"
"ours-3.2M-lean_staten-cap12","SN-cap12 frozen (state-cap12 stage1_SN12_s2)","3.2M","lean_staten","scratch","K12 flat 2-12 155k","12","frozen","2","rr600","600","frontier_pruned_ge5proofs","256","0.8","30","lean_only","lean_judge (Lean 4.34)","2026-09-29","recomputed","hf://buckets/dan-pandori/nd-rl/state-cap12/artifacts/sc12/rr/stage1_SN12_s2__rr600.json","","A:rr600+ge17_70 k256 T0.8 seed0 (state ms48 b2048 / wp max_new1536 b1024)","transfer_long_rr600@ad71284f","","48","2048","4.6e-05"
"ours-3.2M-lean_staten-cap12","SN-cap12 frozen (state-cap12 stage1_SN12_s3)","3.2M","lean_staten","scratch","K12 flat 2-12 155k","12","frozen","3","rr600","100","solved","256","0.8","69","lean_only","lean_judge (Lean 4.34)","2026-09-29","recomputed","hf://buckets/dan-pandori/nd-rl/state-cap12/artifacts/sc12/rr/stage1_SN12_s3__rr600.jsonl","11","A:rr600+ge17_70 k256 T0.8 seed0 (state ms48 b2048 / wp max_new1536 b1024)","transfer_long_rr600@ad71284f","","48","2048","7.2e-05"
"ours-3.2M-lean_staten-cap12","SN-cap12 frozen (state-cap12 stage1_SN12_s3)","3.2M","lean_staten","scratch","K12 flat 2-12 155k","12","frozen","3","rr600_gen","81","solved","256","0.8","66","lean_only","lean_judge (Lean 4.34)","2026-09-29","recomputed","hf://buckets/dan-pandori/nd-rl/state-cap12/artifacts/sc12/rr/stage1_SN12_s3__rr600.jsonl","11","A:rr600+ge17_70 k256 T0.8 seed0 (state ms48 b2048 / wp max_new1536 b1024)","transfer_long_rr600@ad71284f","","48","2048","7.2e-05"
"ours-3.2M-lean_staten-cap12","SN-cap12 frozen (state-cap12 stage1_SN12_s3)","3.2M","lean_staten","scratch","K12 flat 2-12 155k","12","frozen","3","rr600","100","solved","256","0.8","59","lean_only","lean_judge (Lean 4.34)","2026-09-29","recomputed","hf://buckets/dan-pandori/nd-rl/state-cap12/artifacts/sc12/rr/stage1_SN12_s3__rr600.jsonl","12","A:rr600+ge17_70 k256 T0.8 seed0 (state ms48 b2048 / wp max_new1536 b1024)","transfer_long_rr600@ad71284f","","48","2048","7.2e-05"
"ours-3.2M-lean_staten-cap12","SN-cap12 frozen (state-cap12 stage1_SN12_s3)","3.2M","lean_staten","scratch","K12 flat 2-12 155k","12","frozen","3","rr600_gen","66","solved","256","0.8","48","lean_only","lean_judge (Lean 4.34)","2026-09-29","recomputed","hf://buckets/dan-pandori/nd-rl/state-cap12/artifacts/sc12/rr/stage1_SN12_s3__rr600.jsonl","12","A:rr600+ge17_70 k256 T0.8 seed0 (state ms48 b2048 / wp max_new1536 b1024)","transfer_long_rr600@ad71284f","","48","2048","7.2e-05"
"ours-3.2M-lean_staten-cap12","SN-cap12 frozen (state-cap12 stage1_SN12_s3)","3.2M","lean_staten","scratch","K12 flat 2-12 155k","12","frozen","3","rr600","100","solved","256","0.8","56","lean_only","lean_judge (Lean 4.34)","2026-09-29","recomputed","hf://buckets/dan-pandori/nd-rl/state-cap12/artifacts/sc12/rr/stage1_SN12_s3__rr600.jsonl","13","A:rr600+ge17_70 k256 T0.8 seed0 (state ms48 b2048 / wp max_new1536 b1024)","transfer_long_rr600@ad71284f","","48","2048","7.2e-05"
"ours-3.2M-lean_staten-cap12","SN-cap12 frozen (state-cap12 stage1_SN12_s3)","3.2M","lean_staten","scratch","K12 flat 2-12 155k","12","frozen","3","rr600_gen","90","solved","256","0.8","56","lean_only","lean_judge (Lean 4.34)","2026-09-29","recomputed","hf://buckets/dan-pandori/nd-rl/state-cap12/artifacts/sc12/rr/stage1_SN12_s3__rr600.jsonl","13","A:rr600+ge17_70 k256 T0.8 seed0 (state ms48 b2048 / wp max_new1536 b1024)","transfer_long_rr600@ad71284f","","48","2048","7.2e-05"
"ours-3.2M-lean_staten-cap12","SN-cap12 frozen (state-cap12 stage1_SN12_s3)","3.2M","lean_staten","scratch","K12 flat 2-12 155k","12","frozen","3","rr600","100","solved","256","0.8","58","lean_only","lean_judge (Lean 4.34)","2026-09-29","recomputed","hf://buckets/dan-pandori/nd-rl/state-cap12/artifacts/sc12/rr/stage1_SN12_s3__rr600.jsonl","14","A:rr600+ge17_70 k256 T0.8 seed0 (state ms48 b2048 / wp max_new1536 b1024)","transfer_long_rr600@ad71284f","","48","2048","7.2e-05"
"ours-3.2M-lean_staten-cap12","SN-cap12 frozen (state-cap12 stage1_SN12_s3)","3.2M","lean_staten","scratch","K12 flat 2-12 155k","12","frozen","3","rr600_gen","90","solved","256","0.8","58","lean_only","lean_judge (Lean 4.34)","2026-09-29","recomputed","hf://buckets/dan-pandori/nd-rl/state-cap12/artifacts/sc12/rr/stage1_SN12_s3__rr600.jsonl","14","A:rr600+ge17_70 k256 T0.8 seed0 (state ms48 b2048 / wp max_new1536 b1024)","transfer_long_rr600@ad71284f","","48","2048","7.2e-05"
"ours-3.2M-lean_staten-cap12","SN-cap12 frozen (state-cap12 stage1_SN12_s3)","3.2M","lean_staten","scratch","K12 flat 2-12 155k","12","frozen","3","rr600","100","solved","256","0.8","57","lean_only","lean_judge (Lean 4.34)","2026-09-29","recomputed","hf://buckets/dan-pandori/nd-rl/state-cap12/artifacts/sc12/rr/stage1_SN12_s3__rr600.jsonl","15","A:rr600+ge17_70 k256 T0.8 seed0 (state ms48 b2048 / wp max_new1536 b1024)","transfer_long_rr600@ad71284f","","48","2048","7.2e-05"
"ours-3.2M-lean_staten-cap12","SN-cap12 frozen (state-cap12 stage1_SN12_s3)","3.2M","lean_staten","scratch","K12 flat 2-12 155k","12","frozen","3","rr600_gen","100","solved","256","0.8","57","lean_only","lean_judge (Lean 4.34)","2026-09-29","recomputed","hf://buckets/dan-pandori/nd-rl/state-cap12/artifacts/sc12/rr/stage1_SN12_s3__rr600.jsonl","15","A:rr600+ge17_70 k256 T0.8 seed0 (state ms48 b2048 / wp max_new1536 b1024)","transfer_long_rr600@ad71284f","","48","2048","7.2e-05"
"ours-3.2M-lean_staten-cap12","SN-cap12 frozen (state-cap12 stage1_SN12_s3)","3.2M","lean_staten","scratch","K12 flat 2-12 155k","12","frozen","3","rr600","100","solved","256","0.8","45","lean_only","lean_judge (Lean 4.34)","2026-09-29","recomputed","hf://buckets/dan-pandori/nd-rl/state-cap12/artifacts/sc12/rr/stage1_SN12_s3__rr600.jsonl","16","A:rr600+ge17_70 k256 T0.8 seed0 (state ms48 b2048 / wp max_new1536 b1024)","transfer_long_rr600@ad71284f","","48","2048","7.2e-05"
"ours-3.2M-lean_staten-cap12","SN-cap12 frozen (state-cap12 stage1_SN12_s3)","3.2M","lean_staten","scratch","K12 flat 2-12 155k","12","frozen","3","rr600_gen","100","solved","256","0.8","45","lean_only","lean_judge (Lean 4.34)","2026-09-29","recomputed","hf://buckets/dan-pandori/nd-rl/state-cap12/artifacts/sc12/rr/stage1_SN12_s3__rr600.jsonl","16","A:rr600+ge17_70 k256 T0.8 seed0 (state ms48 b2048 / wp max_new1536 b1024)","transfer_long_rr600@ad71284f","","48","2048","7.2e-05"
"ours-3.2M-lean_staten-cap12","SN-cap12 frozen (state-cap12 stage1_SN12_s3)","3.2M","lean_staten","scratch","K12 flat 2-12 155k","12","frozen","3","rr600","600","solved","256","0.8","344","lean_only","lean_judge (Lean 4.34)","2026-09-29","recomputed","hf://buckets/dan-pandori/nd-rl/state-cap12/artifacts/sc12/rr/stage1_SN12_s3__rr600.jsonl","","A:rr600+ge17_70 k256 T0.8 seed0 (state ms48 b2048 / wp max_new1536 b1024)","transfer_long_rr600@ad71284f","","48","2048","7.2e-05"
"ours-3.2M-lean_staten-cap12","SN-cap12 frozen (state-cap12 stage1_SN12_s3)","3.2M","lean_staten","scratch","K12 flat 2-12 155k","12","frozen","3","rr600_gen_L13-16","380","Q","256","0.8","216","lean_only","lean_judge (Lean 4.34)","2026-09-29","recomputed","hf://buckets/dan-pandori/nd-rl/state-cap12/artifacts/sc12/rr/stage1_SN12_s3__rr600.jsonl","","A:rr600+ge17_70 k256 T0.8 seed0 (state ms48 b2048 / wp max_new1536 b1024)","transfer_long_rr600@ad71284f","","48","2048","7.2e-05"
"ours-3.2M-lean_staten-cap12","SN-cap12 frozen (state-cap12 stage1_SN12_s3)","3.2M","lean_staten","scratch","K12 flat 2-12 155k","12","frozen","3","ge17_70","70","solved","256","0.8","18","lean_only","lean_judge (Lean 4.34)","2026-09-29","recomputed","hf://buckets/dan-pandori/nd-rl/state-cap12/artifacts/sc12/rr/stage1_SN12_s3__ge17.json","17+","A:rr600+ge17_70 k256 T0.8 seed0 (state ms48 b2048 / wp max_new1536 b1024)","transfer_long_ge17@ebd5925d","","48","2048","0.000167"
"ours-3.2M-lean_staten-cap12","SN-cap12 frozen (state-cap12 stage1_SN12_s3)","3.2M","lean_staten","scratch","K12 flat 2-12 155k","12","frozen","3","rr600+ge17_70","670","L_star_ge","256","0.8","17","lean_only","lean_judge (Lean 4.34)","2026-09-29","recomputed","hf://buckets/dan-pandori/nd-rl/state-cap12/artifacts/sc12/rr/stage1_SN12_s3__rr600.jsonl + __ge17.json","","A:rr600+ge17_70 k256 T0.8 seed0 (state ms48 b2048 / wp max_new1536 b1024)","transfer_long_rr600@ad71284f;transfer_long_ge17@ebd5925d","","48","2048","7.2e-05"
"ours-3.2M-lean_staten-cap12","SN-cap12 frozen (state-cap12 stage1_SN12_s3)","3.2M","lean_staten","scratch","K12 flat 2-12 155k","12","frozen","3","rr600+ge17_70","670","max_accepted_lines","256","0.8","43","lean_only","lean_judge (Lean 4.34)","2026-09-29","recomputed","hf://buckets/dan-pandori/nd-rl/state-cap12/artifacts/sc12/rr/stage1_SN12_s3__rr600.jsonl + __ge17.json","","A:rr600+ge17_70 k256 T0.8 seed0 (state ms48 b2048 / wp max_new1536 b1024)","transfer_long_rr600@ad71284f;transfer_long_ge17@ebd5925d","","48","2048","7.2e-05"
"ours-3.2M-lean_staten-cap12","SN-cap12 frozen (state-cap12 stage1_SN12_s3)","3.2M","lean_staten","scratch","K12 flat 2-12 155k","12","frozen","3","rr600","600","frontier_pruned_ge5proofs","256","0.8","33","lean_only","lean_judge (Lean 4.34)","2026-09-29","recomputed","hf://buckets/dan-pandori/nd-rl/state-cap12/artifacts/sc12/rr/stage1_SN12_s3__rr600.json","","A:rr600+ge17_70 k256 T0.8 seed0 (state ms48 b2048 / wp max_new1536 b1024)","transfer_long_rr600@ad71284f","","48","2048","7.2e-05"
"ours-3.2M-lean_seq-cap12","K12 whole-proof T1 (state-cap12 la_T1_K12_s0_r8)","3.2M","lean_seq","scratch","K12 flat 2-12 155k","12","T1","0","rr600","100","solved","256","0.8","52","lean_only","lean_judge (Lean 4.34)","2026-09-29","recomputed","hf://buckets/dan-pandori/nd-rl/state-cap12/artifacts/sc12/rr/T1_K12_s0__rr600.jsonl","11","A:rr600+ge17_70 k256 T0.8 seed0 (state ms48 b2048 / wp max_new1536 b1024)","transfer_long_rr600@ad71284f","1536","","1024","0.000436"
"ours-3.2M-lean_seq-cap12","K12 whole-proof T1 (state-cap12 la_T1_K12_s0_r8)","3.2M","lean_seq","scratch","K12 flat 2-12 155k","12","T1","0","rr600_gen","81","solved","256","0.8","52","lean_only","lean_judge (Lean 4.34)","2026-09-29","recomputed","hf://buckets/dan-pandori/nd-rl/state-cap12/artifacts/sc12/rr/T1_K12_s0__rr600.jsonl","11","A:rr600+ge17_70 k256 T0.8 seed0 (state ms48 b2048 / wp max_new1536 b1024)","transfer_long_rr600@ad71284f","1536","","1024","0.000436"
"ours-3.2M-lean_seq-cap12","K12 whole-proof T1 (state-cap12 la_T1_K12_s0_r8)","3.2M","lean_seq","scratch","K12 flat 2-12 155k","12","T1","0","rr600","100","solved","256","0.8","29","lean_only","lean_judge (Lean 4.34)","2026-09-29","recomputed","hf://buckets/dan-pandori/nd-rl/state-cap12/artifacts/sc12/rr/T1_K12_s0__rr600.jsonl","12","A:rr600+ge17_70 k256 T0.8 seed0 (state ms48 b2048 / wp max_new1536 b1024)","transfer_long_rr600@ad71284f","1536","","1024","0.000436"
"ours-3.2M-lean_seq-cap12","K12 whole-proof T1 (state-cap12 la_T1_K12_s0_r8)","3.2M","lean_seq","scratch","K12 flat 2-12 155k","12","T1","0","rr600_gen","66","solved","256","0.8","29","lean_only","lean_judge (Lean 4.34)","2026-09-29","recomputed","hf://buckets/dan-pandori/nd-rl/state-cap12/artifacts/sc12/rr/T1_K12_s0__rr600.jsonl","12","A:rr600+ge17_70 k256 T0.8 seed0 (state ms48 b2048 / wp max_new1536 b1024)","transfer_long_rr600@ad71284f","1536","","1024","0.000436"
"ours-3.2M-lean_seq-cap12","K12 whole-proof T1 (state-cap12 la_T1_K12_s0_r8)","3.2M","lean_seq","scratch","K12 flat 2-12 155k","12","T1","0","rr600","100","solved","256","0.8","32","lean_only","lean_judge (Lean 4.34)","2026-09-29","recomputed","hf://buckets/dan-pandori/nd-rl/state-cap12/artifacts/sc12/rr/T1_K12_s0__rr600.jsonl","13","A:rr600+ge17_70 k256 T0.8 seed0 (state ms48 b2048 / wp max_new1536 b1024)","transfer_long_rr600@ad71284f","1536","","1024","0.000436"
"ours-3.2M-lean_seq-cap12","K12 whole-proof T1 (state-cap12 la_T1_K12_s0_r8)","3.2M","lean_seq","scratch","K12 flat 2-12 155k","12","T1","0","rr600_gen","90","solved","256","0.8","32","lean_only","lean_judge (Lean 4.34)","2026-09-29","recomputed","hf://buckets/dan-pandori/nd-rl/state-cap12/artifacts/sc12/rr/T1_K12_s0__rr600.jsonl","13","A:rr600+ge17_70 k256 T0.8 seed0 (state ms48 b2048 / wp max_new1536 b1024)","transfer_long_rr600@ad71284f","1536","","1024","0.000436"
"ours-3.2M-lean_seq-cap12","K12 whole-proof T1 (state-cap12 la_T1_K12_s0_r8)","3.2M","lean_seq","scratch","K12 flat 2-12 155k","12","T1","0","rr600","100","solved","256","0.8","25","lean_only","lean_judge (Lean 4.34)","2026-09-29","recomputed","hf://buckets/dan-pandori/nd-rl/state-cap12/artifacts/sc12/rr/T1_K12_s0__rr600.jsonl","14","A:rr600+ge17_70 k256 T0.8 seed0 (state ms48 b2048 / wp max_new1536 b1024)","transfer_long_rr600@ad71284f","1536","","1024","0.000436"
"ours-3.2M-lean_seq-cap12","K12 whole-proof T1 (state-cap12 la_T1_K12_s0_r8)","3.2M","lean_seq","scratch","K12 flat 2-12 155k","12","T1","0","rr600_gen","90","solved","256","0.8","25","lean_only","lean_judge (Lean 4.34)","2026-09-29","recomputed","hf://buckets/dan-pandori/nd-rl/state-cap12/artifacts/sc12/rr/T1_K12_s0__rr600.jsonl","14","A:rr600+ge17_70 k256 T0.8 seed0 (state ms48 b2048 / wp max_new1536 b1024)","transfer_long_rr600@ad71284f","1536","","1024","0.000436"
"ours-3.2M-lean_seq-cap12","K12 whole-proof T1 (state-cap12 la_T1_K12_s0_r8)","3.2M","lean_seq","scratch","K12 flat 2-12 155k","12","T1","0","rr600","100","solved","256","0.8","15","lean_only","lean_judge (Lean 4.34)","2026-09-29","recomputed","hf://buckets/dan-pandori/nd-rl/state-cap12/artifacts/sc12/rr/T1_K12_s0__rr600.jsonl","15","A:rr600+ge17_70 k256 T0.8 seed0 (state ms48 b2048 / wp max_new1536 b1024)","transfer_long_rr600@ad71284f","1536","","1024","0.000436"
"ours-3.2M-lean_seq-cap12","K12 whole-proof T1 (state-cap12 la_T1_K12_s0_r8)","3.2M","lean_seq","scratch","K12 flat 2-12 155k","12","T1","0","rr600_gen","100","solved","256","0.8","15","lean_only","lean_judge (Lean 4.34)","2026-09-29","recomputed","hf://buckets/dan-pandori/nd-rl/state-cap12/artifacts/sc12/rr/T1_K12_s0__rr600.jsonl","15","A:rr600+ge17_70 k256 T0.8 seed0 (state ms48 b2048 / wp max_new1536 b1024)","transfer_long_rr600@ad71284f","1536","","1024","0.000436"
"ours-3.2M-lean_seq-cap12","K12 whole-proof T1 (state-cap12 la_T1_K12_s0_r8)","3.2M","lean_seq","scratch","K12 flat 2-12 155k","12","T1","0","rr600","100","solved","256","0.8","7","lean_only","lean_judge (Lean 4.34)","2026-09-29","recomputed","hf://buckets/dan-pandori/nd-rl/state-cap12/artifacts/sc12/rr/T1_K12_s0__rr600.jsonl","16","A:rr600+ge17_70 k256 T0.8 seed0 (state ms48 b2048 / wp max_new1536 b1024)","transfer_long_rr600@ad71284f","1536","","1024","0.000436"
"ours-3.2M-lean_seq-cap12","K12 whole-proof T1 (state-cap12 la_T1_K12_s0_r8)","3.2M","lean_seq","scratch","K12 flat 2-12 155k","12","T1","0","rr600_gen","100","solved","256","0.8","7","lean_only","lean_judge (Lean 4.34)","2026-09-29","recomputed","hf://buckets/dan-pandori/nd-rl/state-cap12/artifacts/sc12/rr/T1_K12_s0__rr600.jsonl","16","A:rr600+ge17_70 k256 T0.8 seed0 (state ms48 b2048 / wp max_new1536 b1024)","transfer_long_rr600@ad71284f","1536","","1024","0.000436"
"ours-3.2M-lean_seq-cap12","K12 whole-proof T1 (state-cap12 la_T1_K12_s0_r8)","3.2M","lean_seq","scratch","K12 flat 2-12 155k","12","T1","0","rr600","600","solved","256","0.8","160","lean_only","lean_judge (Lean 4.34)","2026-09-29","recomputed","hf://buckets/dan-pandori/nd-rl/state-cap12/artifacts/sc12/rr/T1_K12_s0__rr600.jsonl","","A:rr600+ge17_70 k256 T0.8 seed0 (state ms48 b2048 / wp max_new1536 b1024)","transfer_long_rr600@ad71284f","1536","","1024","0.000436"
"ours-3.2M-lean_seq-cap12","K12 whole-proof T1 (state-cap12 la_T1_K12_s0_r8)","3.2M","lean_seq","scratch","K12 flat 2-12 155k","12","T1","0","rr600_gen_L13-16","380","Q","256","0.8","79","lean_only","lean_judge (Lean 4.34)","2026-09-29","recomputed","hf://buckets/dan-pandori/nd-rl/state-cap12/artifacts/sc12/rr/T1_K12_s0__rr600.jsonl","","A:rr600+ge17_70 k256 T0.8 seed0 (state ms48 b2048 / wp max_new1536 b1024)","transfer_long_rr600@ad71284f","1536","","1024","0.000436"
"ours-3.2M-lean_seq-cap12","K12 whole-proof T1 (state-cap12 la_T1_K12_s0_r8)","3.2M","lean_seq","scratch","K12 flat 2-12 155k","12","T1","0","ge17_70","70","solved","256","0.8","3","lean_only","lean_judge (Lean 4.34)","2026-09-29","recomputed","hf://buckets/dan-pandori/nd-rl/state-cap12/artifacts/sc12/rr/T1_K12_s0__ge17.json","17+","A:rr600+ge17_70 k256 T0.8 seed0 (state ms48 b2048 / wp max_new1536 b1024)","transfer_long_ge17@ebd5925d","1536","","1024","0.000223"
"ours-3.2M-lean_seq-cap12","K12 whole-proof T1 (state-cap12 la_T1_K12_s0_r8)","3.2M","lean_seq","scratch","K12 flat 2-12 155k","12","T1","0","rr600+ge17_70","670","L_star","256","0.8","16","lean_only","lean_judge (Lean 4.34)","2026-09-29","recomputed","hf://buckets/dan-pandori/nd-rl/state-cap12/artifacts/sc12/rr/T1_K12_s0__rr600.jsonl + __ge17.json","","A:rr600+ge17_70 k256 T0.8 seed0 (state ms48 b2048 / wp max_new1536 b1024)","transfer_long_rr600@ad71284f;transfer_long_ge17@ebd5925d","1536","","1024","0.000436"
"ours-3.2M-lean_seq-cap12","K12 whole-proof T1 (state-cap12 la_T1_K12_s0_r8)","3.2M","lean_seq","scratch","K12 flat 2-12 155k","12","T1","0","rr600+ge17_70","670","max_accepted_lines","256","0.8","22","lean_only","lean_judge (Lean 4.34)","2026-09-29","recomputed","hf://buckets/dan-pandori/nd-rl/state-cap12/artifacts/sc12/rr/T1_K12_s0__rr600.jsonl + __ge17.json","","A:rr600+ge17_70 k256 T0.8 seed0 (state ms48 b2048 / wp max_new1536 b1024)","transfer_long_rr600@ad71284f;transfer_long_ge17@ebd5925d","1536","","1024","0.000436"
"ours-3.2M-lean_seq-cap12","K12 whole-proof T1 (state-cap12 la_T1_K12_s0_r8)","3.2M","lean_seq","scratch","K12 flat 2-12 155k","12","T1","0","rr600","600","frontier_pruned_ge5proofs","256","0.8","18","lean_only","lean_judge (Lean 4.34)","2026-09-29","recomputed","hf://buckets/dan-pandori/nd-rl/state-cap12/artifacts/sc12/rr/T1_K12_s0__rr600.json","","A:rr600+ge17_70 k256 T0.8 seed0 (state ms48 b2048 / wp max_new1536 b1024)","transfer_long_rr600@ad71284f","1536","","1024","0.000436"
"ours-3.2M-lean_seq-cap12","K12 whole-proof T1 (state-cap12 la_T1_K12_s1_r8)","3.2M","lean_seq","scratch","K12 flat 2-12 155k","12","T1","1","rr600","100","solved","256","0.8","46","lean_only","lean_judge (Lean 4.34)","2026-09-29","recomputed","hf://buckets/dan-pandori/nd-rl/state-cap12/artifacts/sc12/rr/T1_K12_s1__rr600.jsonl","11","A:rr600+ge17_70 k256 T0.8 seed0 (state ms48 b2048 / wp max_new1536 b1024)","transfer_long_rr600@ad71284f","1536","","1024","0.000319"
"ours-3.2M-lean_seq-cap12","K12 whole-proof T1 (state-cap12 la_T1_K12_s1_r8)","3.2M","lean_seq","scratch","K12 flat 2-12 155k","12","T1","1","rr600_gen","81","solved","256","0.8","46","lean_only","lean_judge (Lean 4.34)","2026-09-29","recomputed","hf://buckets/dan-pandori/nd-rl/state-cap12/artifacts/sc12/rr/T1_K12_s1__rr600.jsonl","11","A:rr600+ge17_70 k256 T0.8 seed0 (state ms48 b2048 / wp max_new1536 b1024)","transfer_long_rr600@ad71284f","1536","","1024","0.000319"
"ours-3.2M-lean_seq-cap12","K12 whole-proof T1 (state-cap12 la_T1_K12_s1_r8)","3.2M","lean_seq","scratch","K12 flat 2-12 155k","12","T1","1","rr600","100","solved","256","0.8","33","lean_only","lean_judge (Lean 4.34)","2026-09-29","recomputed","hf://buckets/dan-pandori/nd-rl/state-cap12/artifacts/sc12/rr/T1_K12_s1__rr600.jsonl","12","A:rr600+ge17_70 k256 T0.8 seed0 (state ms48 b2048 / wp max_new1536 b1024)","transfer_long_rr600@ad71284f","1536","","1024","0.000319"
"ours-3.2M-lean_seq-cap12","K12 whole-proof T1 (state-cap12 la_T1_K12_s1_r8)","3.2M","lean_seq","scratch","K12 flat 2-12 155k","12","T1","1","rr600_gen","66","solved","256","0.8","33","lean_only","lean_judge (Lean 4.34)","2026-09-29","recomputed","hf://buckets/dan-pandori/nd-rl/state-cap12/artifacts/sc12/rr/T1_K12_s1__rr600.jsonl","12","A:rr600+ge17_70 k256 T0.8 seed0 (state ms48 b2048 / wp max_new1536 b1024)","transfer_long_rr600@ad71284f","1536","","1024","0.000319"
"ours-3.2M-lean_seq-cap12","K12 whole-proof T1 (state-cap12 la_T1_K12_s1_r8)","3.2M","lean_seq","scratch","K12 flat 2-12 155k","12","T1","1","rr600","100","solved","256","0.8","22","lean_only","lean_judge (Lean 4.34)","2026-09-29","recomputed","hf://buckets/dan-pandori/nd-rl/state-cap12/artifacts/sc12/rr/T1_K12_s1__rr600.jsonl","13","A:rr600+ge17_70 k256 T0.8 seed0 (state ms48 b2048 / wp max_new1536 b1024)","transfer_long_rr600@ad71284f","1536","","1024","0.000319"
"ours-3.2M-lean_seq-cap12","K12 whole-proof T1 (state-cap12 la_T1_K12_s1_r8)","3.2M","lean_seq","scratch","K12 flat 2-12 155k","12","T1","1","rr600_gen","90","solved","256","0.8","22","lean_only","lean_judge (Lean 4.34)","2026-09-29","recomputed","hf://buckets/dan-pandori/nd-rl/state-cap12/artifacts/sc12/rr/T1_K12_s1__rr600.jsonl","13","A:rr600+ge17_70 k256 T0.8 seed0 (state ms48 b2048 / wp max_new1536 b1024)","transfer_long_rr600@ad71284f","1536","","1024","0.000319"
"ours-3.2M-lean_seq-cap12","K12 whole-proof T1 (state-cap12 la_T1_K12_s1_r8)","3.2M","lean_seq","scratch","K12 flat 2-12 155k","12","T1","1","rr600","100","solved","256","0.8","22","lean_only","lean_judge (Lean 4.34)","2026-09-29","recomputed","hf://buckets/dan-pandori/nd-rl/state-cap12/artifacts/sc12/rr/T1_K12_s1__rr600.jsonl","14","A:rr600+ge17_70 k256 T0.8 seed0 (state ms48 b2048 / wp max_new1536 b1024)","transfer_long_rr600@ad71284f","1536","","1024","0.000319"
"ours-3.2M-lean_seq-cap12","K12 whole-proof T1 (state-cap12 la_T1_K12_s1_r8)","3.2M","lean_seq","scratch","K12 flat 2-12 155k","12","T1","1","rr600_gen","90","solved","256","0.8","22","lean_only","lean_judge (Lean 4.34)","2026-09-29","recomputed","hf://buckets/dan-pandori/nd-rl/state-cap12/artifacts/sc12/rr/T1_K12_s1__rr600.jsonl","14","A:rr600+ge17_70 k256 T0.8 seed0 (state ms48 b2048 / wp max_new1536 b1024)","transfer_long_rr600@ad71284f","1536","","1024","0.000319"
"ours-3.2M-lean_seq-cap12","K12 whole-proof T1 (state-cap12 la_T1_K12_s1_r8)","3.2M","lean_seq","scratch","K12 flat 2-12 155k","12","T1","1","rr600","100","solved","256","0.8","21","lean_only","lean_judge (Lean 4.34)","2026-09-29","recomputed","hf://buckets/dan-pandori/nd-rl/state-cap12/artifacts/sc12/rr/T1_K12_s1__rr600.jsonl","15","A:rr600+ge17_70 k256 T0.8 seed0 (state ms48 b2048 / wp max_new1536 b1024)","transfer_long_rr600@ad71284f","1536","","1024","0.000319"
"ours-3.2M-lean_seq-cap12","K12 whole-proof T1 (state-cap12 la_T1_K12_s1_r8)","3.2M","lean_seq","scratch","K12 flat 2-12 155k","12","T1","1","rr600_gen","100","solved","256","0.8","21","lean_only","lean_judge (Lean 4.34)","2026-09-29","recomputed","hf://buckets/dan-pandori/nd-rl/state-cap12/artifacts/sc12/rr/T1_K12_s1__rr600.jsonl","15","A:rr600+ge17_70 k256 T0.8 seed0 (state ms48 b2048 / wp max_new1536 b1024)","transfer_long_rr600@ad71284f","1536","","1024","0.000319"
"ours-3.2M-lean_seq-cap12","K12 whole-proof T1 (state-cap12 la_T1_K12_s1_r8)","3.2M","lean_seq","scratch","K12 flat 2-12 155k","12","T1","1","rr600","100","solved","256","0.8","7","lean_only","lean_judge (Lean 4.34)","2026-09-29","recomputed","hf://buckets/dan-pandori/nd-rl/state-cap12/artifacts/sc12/rr/T1_K12_s1__rr600.jsonl","16","A:rr600+ge17_70 k256 T0.8 seed0 (state ms48 b2048 / wp max_new1536 b1024)","transfer_long_rr600@ad71284f","1536","","1024","0.000319"
"ours-3.2M-lean_seq-cap12","K12 whole-proof T1 (state-cap12 la_T1_K12_s1_r8)","3.2M","lean_seq","scratch","K12 flat 2-12 155k","12","T1","1","rr600_gen","100","solved","256","0.8","7","lean_only","lean_judge (Lean 4.34)","2026-09-29","recomputed","hf://buckets/dan-pandori/nd-rl/state-cap12/artifacts/sc12/rr/T1_K12_s1__rr600.jsonl","16","A:rr600+ge17_70 k256 T0.8 seed0 (state ms48 b2048 / wp max_new1536 b1024)","transfer_long_rr600@ad71284f","1536","","1024","0.000319"
"ours-3.2M-lean_seq-cap12","K12 whole-proof T1 (state-cap12 la_T1_K12_s1_r8)","3.2M","lean_seq","scratch","K12 flat 2-12 155k","12","T1","1","rr600","600","solved","256","0.8","151","lean_only","lean_judge (Lean 4.34)","2026-09-29","recomputed","hf://buckets/dan-pandori/nd-rl/state-cap12/artifacts/sc12/rr/T1_K12_s1__rr600.jsonl","","A:rr600+ge17_70 k256 T0.8 seed0 (state ms48 b2048 / wp max_new1536 b1024)","transfer_long_rr600@ad71284f","1536","","1024","0.000319"
"ours-3.2M-lean_seq-cap12","K12 whole-proof T1 (state-cap12 la_T1_K12_s1_r8)","3.2M","lean_seq","scratch","K12 flat 2-12 155k","12","T1","1","rr600_gen_L13-16","380","Q","256","0.8","72","lean_only","lean_judge (Lean 4.34)","2026-09-29","recomputed","hf://buckets/dan-pandori/nd-rl/state-cap12/artifacts/sc12/rr/T1_K12_s1__rr600.jsonl","","A:rr600+ge17_70 k256 T0.8 seed0 (state ms48 b2048 / wp max_new1536 b1024)","transfer_long_rr600@ad71284f","1536","","1024","0.000319"
"ours-3.2M-lean_seq-cap12","K12 whole-proof T1 (state-cap12 la_T1_K12_s1_r8)","3.2M","lean_seq","scratch","K12 flat 2-12 155k","12","T1","1","ge17_70","70","solved","256","0.8","2","lean_only","lean_judge (Lean 4.34)","2026-09-29","recomputed","hf://buckets/dan-pandori/nd-rl/state-cap12/artifacts/sc12/rr/T1_K12_s1__ge17.json","17+","A:rr600+ge17_70 k256 T0.8 seed0 (state ms48 b2048 / wp max_new1536 b1024)","transfer_long_ge17@ebd5925d","1536","","1024","0.000279"
"ours-3.2M-lean_seq-cap12","K12 whole-proof T1 (state-cap12 la_T1_K12_s1_r8)","3.2M","lean_seq","scratch","K12 flat 2-12 155k","12","T1","1","rr600+ge17_70","670","L_star","256","0.8","16","lean_only","lean_judge (Lean 4.34)","2026-09-29","recomputed","hf://buckets/dan-pandori/nd-rl/state-cap12/artifacts/sc12/rr/T1_K12_s1__rr600.jsonl + __ge17.json","","A:rr600+ge17_70 k256 T0.8 seed0 (state ms48 b2048 / wp max_new1536 b1024)","transfer_long_rr600@ad71284f;transfer_long_ge17@ebd5925d","1536","","1024","0.000319"
"ours-3.2M-lean_seq-cap12","K12 whole-proof T1 (state-cap12 la_T1_K12_s1_r8)","3.2M","lean_seq","scratch","K12 flat 2-12 155k","12","T1","1","rr600+ge17_70","670","max_accepted_lines","256","0.8","20","lean_only","lean_judge (Lean 4.34)","2026-09-29","recomputed","hf://buckets/dan-pandori/nd-rl/state-cap12/artifacts/sc12/rr/T1_K12_s1__rr600.jsonl + __ge17.json","","A:rr600+ge17_70 k256 T0.8 seed0 (state ms48 b2048 / wp max_new1536 b1024)","transfer_long_rr600@ad71284f;transfer_long_ge17@ebd5925d","1536","","1024","0.000319"
"ours-3.2M-lean_seq-cap12","K12 whole-proof T1 (state-cap12 la_T1_K12_s1_r8)","3.2M","lean_seq","scratch","K12 flat 2-12 155k","12","T1","1","rr600","600","frontier_pruned_ge5proofs","256","0.8","18","lean_only","lean_judge (Lean 4.34)","2026-09-29","recomputed","hf://buckets/dan-pandori/nd-rl/state-cap12/artifacts/sc12/rr/T1_K12_s1__rr600.json","","A:rr600+ge17_70 k256 T0.8 seed0 (state ms48 b2048 / wp max_new1536 b1024)","transfer_long_rr600@ad71284f","1536","","1024","0.000319"
"ours-3.2M-lean_staten-cap12","SN-cap12 T1 (la_T1_SN12_s0_r8)","3.2M","lean_staten","scratch","K12 flat 2-12 155k","12","T1","0","long2_91","61","solved","256","0.8","25","lean_only","lean_judge (Lean 4.34)","2026-09-30","recomputed","fork:dan_long-pool-2:artifacts/lpool2/rr/T1_SN12_s0__new.json + __cal.json","17","C:long2_91 k256 T0.8 seed0 state ms96 b2048 / wp max_new1536 b1024","transfer_long2@4543e782;transfer_long2_calib@8b642690","","96","2048","0.000186"
"ours-3.2M-lean_staten-cap12","SN-cap12 T1 (la_T1_SN12_s0_r8)","3.2M","lean_staten","scratch","K12 flat 2-12 155k","12","T1","0","long2_21","13","solved","256","0.8","5","lean_only","lean_judge (Lean 4.34)","2026-09-30","recomputed","fork:dan_long-pool-2:artifacts/lpool2/rr/T1_SN12_s0__new.json","17","D:long2_21(new) k256 T0.8 seed0 state ms96 b2048","transfer_long2@4543e782","","96","2048","0.000186"
"ours-3.2M-lean_staten-cap12","SN-cap12 T1 (la_T1_SN12_s0_r8)","3.2M","lean_staten","scratch","K12 flat 2-12 155k","12","T1","0","long2_91","30","solved","256","0.8","9","lean_only","lean_judge (Lean 4.34)","2026-09-30","recomputed","fork:dan_long-pool-2:artifacts/lpool2/rr/T1_SN12_s0__new.json + __cal.json","18+","C:long2_91 k256 T0.8 seed0 state ms96 b2048 / wp max_new1536 b1024","transfer_long2@4543e782;transfer_long2_calib@8b642690","","96","2048","0.000186"
"ours-3.2M-lean_staten-cap12","SN-cap12 T1 (la_T1_SN12_s0_r8)","3.2M","lean_staten","scratch","K12 flat 2-12 155k","12","T1","0","long2_21","8","solved","256","0.8","3","lean_only","lean_judge (Lean 4.34)","2026-09-30","recomputed","fork:dan_long-pool-2:artifacts/lpool2/rr/T1_SN12_s0__new.json","18+","D:long2_21(new) k256 T0.8 seed0 state ms96 b2048","transfer_long2@4543e782","","96","2048","0.000186"
"ours-3.2M-lean_staten-cap12","SN-cap12 T1 (la_T1_SN12_s0_r8)","3.2M","lean_staten","scratch","K12 flat 2-12 155k","12","T1","0","long2_91","91","solved","256","0.8","34","lean_only","lean_judge (Lean 4.34)","2026-09-30","recomputed","fork:dan_long-pool-2:artifacts/lpool2/rr/T1_SN12_s0__new.json + __cal.json","","C:long2_91 k256 T0.8 seed0 state ms96 b2048 / wp max_new1536 b1024","transfer_long2@4543e782;transfer_long2_calib@8b642690","","96","2048","0.000186"
"ours-3.2M-lean_staten-cap12","SN-cap12 T1 (la_T1_SN12_s0_r8)","3.2M","lean_staten","scratch","K12 flat 2-12 155k","12","T1","0","long2_21","21","solved","256","0.8","8","lean_only","lean_judge (Lean 4.34)","2026-09-30","recomputed","fork:dan_long-pool-2:artifacts/lpool2/rr/T1_SN12_s0__new.json","","D:long2_21(new) k256 T0.8 seed0 state ms96 b2048","transfer_long2@4543e782","","96","2048","0.000186"
"ours-3.2M-lean_staten-cap12","SN-cap12 T1 (la_T1_SN12_s0_r8)","3.2M","lean_staten","scratch","K12 flat 2-12 155k","12","T1","0","long2_91","91","max_accepted_lines","256","0.8","50","lean_only","lean_judge (Lean 4.34)","2026-09-30","recomputed","fork:dan_long-pool-2:artifacts/lpool2/rr/T1_SN12_s0__new.json + __cal.json","","C:long2_91 k256 T0.8 seed0 state ms96 b2048 / wp max_new1536 b1024","transfer_long2@4543e782;transfer_long2_calib@8b642690","","96","2048","0.000186"
"ours-3.2M-lean_staten-cap12","SN-cap12 T1 (la_T1_SN12_s0_r8)","3.2M","lean_staten","scratch","K12 flat 2-12 155k","12","T1","0","rr600(ms48 read)+long2_91(ms96 read)","691","L_star_ge","256","0.8","18","lean_only","lean_judge (Lean 4.34)","2026-09-30","recomputed","fork:dan_long-pool-2:artifacts/lpool2/rr/T1_SN12_s0__{new,cal}.json + rr600 read of rows above","","E:mixed reads (L* to 18+)","transfer_long_rr600@ad71284f;transfer_long2@4543e782;transfer_long2_calib@8b642690","","96","2048",""
"ours-3.2M-lean_staten-cap12","SN-cap12 T1 (la_T1_SN12_s1_r8)","3.2M","lean_staten","scratch","K12 flat 2-12 155k","12","T1","1","long2_91","61","solved","256","0.8","43","lean_only","lean_judge (Lean 4.34)","2026-09-30","recomputed","fork:dan_long-pool-2:artifacts/lpool2/rr/T1_SN12_s1__new.json + __cal.json","17","C:long2_91 k256 T0.8 seed0 state ms96 b2048 / wp max_new1536 b1024","transfer_long2@4543e782;transfer_long2_calib@8b642690","","96","2048","0.0"
"ours-3.2M-lean_staten-cap12","SN-cap12 T1 (la_T1_SN12_s1_r8)","3.2M","lean_staten","scratch","K12 flat 2-12 155k","12","T1","1","long2_21","13","solved","256","0.8","10","lean_only","lean_judge (Lean 4.34)","2026-09-30","recomputed","fork:dan_long-pool-2:artifacts/lpool2/rr/T1_SN12_s1__new.json","17","D:long2_21(new) k256 T0.8 seed0 state ms96 b2048","transfer_long2@4543e782","","96","2048","0.0"
"ours-3.2M-lean_staten-cap12","SN-cap12 T1 (la_T1_SN12_s1_r8)","3.2M","lean_staten","scratch","K12 flat 2-12 155k","12","T1","1","long2_91","30","solved","256","0.8","16","lean_only","lean_judge (Lean 4.34)","2026-09-30","recomputed","fork:dan_long-pool-2:artifacts/lpool2/rr/T1_SN12_s1__new.json + __cal.json","18+","C:long2_91 k256 T0.8 seed0 state ms96 b2048 / wp max_new1536 b1024","transfer_long2@4543e782;transfer_long2_calib@8b642690","","96","2048","0.0"
"ours-3.2M-lean_staten-cap12","SN-cap12 T1 (la_T1_SN12_s1_r8)","3.2M","lean_staten","scratch","K12 flat 2-12 155k","12","T1","1","long2_21","8","solved","256","0.8","5","lean_only","lean_judge (Lean 4.34)","2026-09-30","recomputed","fork:dan_long-pool-2:artifacts/lpool2/rr/T1_SN12_s1__new.json","18+","D:long2_21(new) k256 T0.8 seed0 state ms96 b2048","transfer_long2@4543e782","","96","2048","0.0"
"ours-3.2M-lean_staten-cap12","SN-cap12 T1 (la_T1_SN12_s1_r8)","3.2M","lean_staten","scratch","K12 flat 2-12 155k","12","T1","1","long2_91","91","solved","256","0.8","59","lean_only","lean_judge (Lean 4.34)","2026-09-30","recomputed","fork:dan_long-pool-2:artifacts/lpool2/rr/T1_SN12_s1__new.json + __cal.json","","C:long2_91 k256 T0.8 seed0 state ms96 b2048 / wp max_new1536 b1024","transfer_long2@4543e782;transfer_long2_calib@8b642690","","96","2048","0.0"
"ours-3.2M-lean_staten-cap12","SN-cap12 T1 (la_T1_SN12_s1_r8)","3.2M","lean_staten","scratch","K12 flat 2-12 155k","12","T1","1","long2_21","21","solved","256","0.8","15","lean_only","lean_judge (Lean 4.34)","2026-09-30","recomputed","fork:dan_long-pool-2:artifacts/lpool2/rr/T1_SN12_s1__new.json","","D:long2_21(new) k256 T0.8 seed0 state ms96 b2048","transfer_long2@4543e782","","96","2048","0.0"
"ours-3.2M-lean_staten-cap12","SN-cap12 T1 (la_T1_SN12_s1_r8)","3.2M","lean_staten","scratch","K12 flat 2-12 155k","12","T1","1","long2_91","91","max_accepted_lines","256","0.8","60","lean_only","lean_judge (Lean 4.34)","2026-09-30","recomputed","fork:dan_long-pool-2:artifacts/lpool2/rr/T1_SN12_s1__new.json + __cal.json","","C:long2_91 k256 T0.8 seed0 state ms96 b2048 / wp max_new1536 b1024","transfer_long2@4543e782;transfer_long2_calib@8b642690","","96","2048","0.0"
"ours-3.2M-lean_staten-cap12","SN-cap12 T1 (la_T1_SN12_s1_r8)","3.2M","lean_staten","scratch","K12 flat 2-12 155k","12","T1","1","rr600(ms48 read)+long2_91(ms96 read)","691","L_star_ge","256","0.8","18","lean_only","lean_judge (Lean 4.34)","2026-09-30","recomputed","fork:dan_long-pool-2:artifacts/lpool2/rr/T1_SN12_s1__{new,cal}.json + rr600 read of rows above","","E:mixed reads (L* to 18+)","transfer_long_rr600@ad71284f;transfer_long2@4543e782;transfer_long2_calib@8b642690","","96","2048",""
"ours-3.2M-lean_staten-cap12","SN-cap12 T1 (la_T1_SN12_s2_r8)","3.2M","lean_staten","scratch","K12 flat 2-12 155k","12","T1","2","long2_91","61","solved","256","0.8","38","lean_only","lean_judge (Lean 4.34)","2026-09-30","recomputed","fork:dan_long-pool-2:artifacts/lpool2/rr/T1_SN12_s2__new.json + __cal.json","17","C:long2_91 k256 T0.8 seed0 state ms96 b2048 / wp max_new1536 b1024","transfer_long2@4543e782;transfer_long2_calib@8b642690","","96","2048","0.000558"
"ours-3.2M-lean_staten-cap12","SN-cap12 T1 (la_T1_SN12_s2_r8)","3.2M","lean_staten","scratch","K12 flat 2-12 155k","12","T1","2","long2_21","13","solved","256","0.8","11","lean_only","lean_judge (Lean 4.34)","2026-09-30","recomputed","fork:dan_long-pool-2:artifacts/lpool2/rr/T1_SN12_s2__new.json","17","D:long2_21(new) k256 T0.8 seed0 state ms96 b2048","transfer_long2@4543e782","","96","2048","0.000558"
"ours-3.2M-lean_staten-cap12","SN-cap12 T1 (la_T1_SN12_s2_r8)","3.2M","lean_staten","scratch","K12 flat 2-12 155k","12","T1","2","long2_91","30","solved","256","0.8","20","lean_only","lean_judge (Lean 4.34)","2026-09-30","recomputed","fork:dan_long-pool-2:artifacts/lpool2/rr/T1_SN12_s2__new.json + __cal.json","18+","C:long2_91 k256 T0.8 seed0 state ms96 b2048 / wp max_new1536 b1024","transfer_long2@4543e782;transfer_long2_calib@8b642690","","96","2048","0.000558"
"ours-3.2M-lean_staten-cap12","SN-cap12 T1 (la_T1_SN12_s2_r8)","3.2M","lean_staten","scratch","K12 flat 2-12 155k","12","T1","2","long2_21","8","solved","256","0.8","6","lean_only","lean_judge (Lean 4.34)","2026-09-30","recomputed","fork:dan_long-pool-2:artifacts/lpool2/rr/T1_SN12_s2__new.json","18+","D:long2_21(new) k256 T0.8 seed0 state ms96 b2048","transfer_long2@4543e782","","96","2048","0.000558"
"ours-3.2M-lean_staten-cap12","SN-cap12 T1 (la_T1_SN12_s2_r8)","3.2M","lean_staten","scratch","K12 flat 2-12 155k","12","T1","2","long2_91","91","solved","256","0.8","58","lean_only","lean_judge (Lean 4.34)","2026-09-30","recomputed","fork:dan_long-pool-2:artifacts/lpool2/rr/T1_SN12_s2__new.json + __cal.json","","C:long2_91 k256 T0.8 seed0 state ms96 b2048 / wp max_new1536 b1024","transfer_long2@4543e782;transfer_long2_calib@8b642690","","96","2048","0.000558"
"ours-3.2M-lean_staten-cap12","SN-cap12 T1 (la_T1_SN12_s2_r8)","3.2M","lean_staten","scratch","K12 flat 2-12 155k","12","T1","2","long2_21","21","solved","256","0.8","17","lean_only","lean_judge (Lean 4.34)","2026-09-30","recomputed","fork:dan_long-pool-2:artifacts/lpool2/rr/T1_SN12_s2__new.json","","D:long2_21(new) k256 T0.8 seed0 state ms96 b2048","transfer_long2@4543e782","","96","2048","0.000558"
"ours-3.2M-lean_staten-cap12","SN-cap12 T1 (la_T1_SN12_s2_r8)","3.2M","lean_staten","scratch","K12 flat 2-12 155k","12","T1","2","long2_91","91","max_accepted_lines","256","0.8","70","lean_only","lean_judge (Lean 4.34)","2026-09-30","recomputed","fork:dan_long-pool-2:artifacts/lpool2/rr/T1_SN12_s2__new.json + __cal.json","","C:long2_91 k256 T0.8 seed0 state ms96 b2048 / wp max_new1536 b1024","transfer_long2@4543e782;transfer_long2_calib@8b642690","","96","2048","0.000558"
"ours-3.2M-lean_staten-cap12","SN-cap12 T1 (la_T1_SN12_s2_r8)","3.2M","lean_staten","scratch","K12 flat 2-12 155k","12","T1","2","rr600(ms48 read)+long2_91(ms96 read)","691","L_star_ge","256","0.8","18","lean_only","lean_judge (Lean 4.34)","2026-09-30","recomputed","fork:dan_long-pool-2:artifacts/lpool2/rr/T1_SN12_s2__{new,cal}.json + rr600 read of rows above","","E:mixed reads (L* to 18+)","transfer_long_rr600@ad71284f;transfer_long2@4543e782;transfer_long2_calib@8b642690","","96","2048",""
"ours-3.2M-lean_staten-cap12","SN-cap12 T1 (la_T1_SN12_s3_r8)","3.2M","lean_staten","scratch","K12 flat 2-12 155k","12","T1","3","long2_91","61","solved","256","0.8","42","lean_only","lean_judge (Lean 4.34)","2026-09-30","recomputed","fork:dan_long-pool-2:artifacts/lpool2/rr/T1_SN12_s3__new.json + __cal.json","17","C:long2_91 k256 T0.8 seed0 state ms96 b2048 / wp max_new1536 b1024","transfer_long2@4543e782;transfer_long2_calib@8b642690","","96","2048","0.0"
"ours-3.2M-lean_staten-cap12","SN-cap12 T1 (la_T1_SN12_s3_r8)","3.2M","lean_staten","scratch","K12 flat 2-12 155k","12","T1","3","long2_21","13","solved","256","0.8","10","lean_only","lean_judge (Lean 4.34)","2026-09-30","recomputed","fork:dan_long-pool-2:artifacts/lpool2/rr/T1_SN12_s3__new.json","17","D:long2_21(new) k256 T0.8 seed0 state ms96 b2048","transfer_long2@4543e782","","96","2048","0.0"
"ours-3.2M-lean_staten-cap12","SN-cap12 T1 (la_T1_SN12_s3_r8)","3.2M","lean_staten","scratch","K12 flat 2-12 155k","12","T1","3","long2_91","30","solved","256","0.8","19","lean_only","lean_judge (Lean 4.34)","2026-09-30","recomputed","fork:dan_long-pool-2:artifacts/lpool2/rr/T1_SN12_s3__new.json + __cal.json","18+","C:long2_91 k256 T0.8 seed0 state ms96 b2048 / wp max_new1536 b1024","transfer_long2@4543e782;transfer_long2_calib@8b642690","","96","2048","0.0"
"ours-3.2M-lean_staten-cap12","SN-cap12 T1 (la_T1_SN12_s3_r8)","3.2M","lean_staten","scratch","K12 flat 2-12 155k","12","T1","3","long2_21","8","solved","256","0.8","4","lean_only","lean_judge (Lean 4.34)","2026-09-30","recomputed","fork:dan_long-pool-2:artifacts/lpool2/rr/T1_SN12_s3__new.json","18+","D:long2_21(new) k256 T0.8 seed0 state ms96 b2048","transfer_long2@4543e782","","96","2048","0.0"
"ours-3.2M-lean_staten-cap12","SN-cap12 T1 (la_T1_SN12_s3_r8)","3.2M","lean_staten","scratch","K12 flat 2-12 155k","12","T1","3","long2_91","91","solved","256","0.8","61","lean_only","lean_judge (Lean 4.34)","2026-09-30","recomputed","fork:dan_long-pool-2:artifacts/lpool2/rr/T1_SN12_s3__new.json + __cal.json","","C:long2_91 k256 T0.8 seed0 state ms96 b2048 / wp max_new1536 b1024","transfer_long2@4543e782;transfer_long2_calib@8b642690","","96","2048","0.0"
"ours-3.2M-lean_staten-cap12","SN-cap12 T1 (la_T1_SN12_s3_r8)","3.2M","lean_staten","scratch","K12 flat 2-12 155k","12","T1","3","long2_21","21","solved","256","0.8","14","lean_only","lean_judge (Lean 4.34)","2026-09-30","recomputed","fork:dan_long-pool-2:artifacts/lpool2/rr/T1_SN12_s3__new.json","","D:long2_21(new) k256 T0.8 seed0 state ms96 b2048","transfer_long2@4543e782","","96","2048","0.0"
"ours-3.2M-lean_staten-cap12","SN-cap12 T1 (la_T1_SN12_s3_r8)","3.2M","lean_staten","scratch","K12 flat 2-12 155k","12","T1","3","long2_91","91","max_accepted_lines","256","0.8","63","lean_only","lean_judge (Lean 4.34)","2026-09-30","recomputed","fork:dan_long-pool-2:artifacts/lpool2/rr/T1_SN12_s3__new.json + __cal.json","","C:long2_91 k256 T0.8 seed0 state ms96 b2048 / wp max_new1536 b1024","transfer_long2@4543e782;transfer_long2_calib@8b642690","","96","2048","0.0"
"ours-3.2M-lean_staten-cap12","SN-cap12 T1 (la_T1_SN12_s3_r8)","3.2M","lean_staten","scratch","K12 flat 2-12 155k","12","T1","3","rr600(ms48 read)+long2_91(ms96 read)","691","L_star_ge","256","0.8","18","lean_only","lean_judge (Lean 4.34)","2026-09-30","recomputed","fork:dan_long-pool-2:artifacts/lpool2/rr/T1_SN12_s3__{new,cal}.json + rr600 read of rows above","","E:mixed reads (L* to 18+)","transfer_long_rr600@ad71284f;transfer_long2@4543e782;transfer_long2_calib@8b642690","","96","2048",""
"ours-3.2M-lean_staten-cap12","SN-cap12 frozen (stage1_SN12_s0)","3.2M","lean_staten","scratch","K12 flat 2-12 155k","12","frozen","0","long2_91","61","solved","256","0.8","9","lean_only","lean_judge (Lean 4.34)","2026-09-30","recomputed","fork:dan_long-pool-2:artifacts/lpool2/rr/stage1_SN12_s0__new.json + __cal.json","17","C:long2_91 k256 T0.8 seed0 state ms96 b2048 / wp max_new1536 b1024","transfer_long2@4543e782;transfer_long2_calib@8b642690","","96","2048","0.0"
"ours-3.2M-lean_staten-cap12","SN-cap12 frozen (stage1_SN12_s0)","3.2M","lean_staten","scratch","K12 flat 2-12 155k","12","frozen","0","long2_21","13","solved","256","0.8","2","lean_only","lean_judge (Lean 4.34)","2026-09-30","recomputed","fork:dan_long-pool-2:artifacts/lpool2/rr/stage1_SN12_s0__new.json","17","D:long2_21(new) k256 T0.8 seed0 state ms96 b2048","transfer_long2@4543e782","","96","2048","0.0"
"ours-3.2M-lean_staten-cap12","SN-cap12 frozen (stage1_SN12_s0)","3.2M","lean_staten","scratch","K12 flat 2-12 155k","12","frozen","0","long2_91","30","solved","256","0.8","2","lean_only","lean_judge (Lean 4.34)","2026-09-30","recomputed","fork:dan_long-pool-2:artifacts/lpool2/rr/stage1_SN12_s0__new.json + __cal.json","18+","C:long2_91 k256 T0.8 seed0 state ms96 b2048 / wp max_new1536 b1024","transfer_long2@4543e782;transfer_long2_calib@8b642690","","96","2048","0.0"
"ours-3.2M-lean_staten-cap12","SN-cap12 frozen (stage1_SN12_s0)","3.2M","lean_staten","scratch","K12 flat 2-12 155k","12","frozen","0","long2_21","8","solved","256","0.8","1","lean_only","lean_judge (Lean 4.34)","2026-09-30","recomputed","fork:dan_long-pool-2:artifacts/lpool2/rr/stage1_SN12_s0__new.json","18+","D:long2_21(new) k256 T0.8 seed0 state ms96 b2048","transfer_long2@4543e782","","96","2048","0.0"
"ours-3.2M-lean_staten-cap12","SN-cap12 frozen (stage1_SN12_s0)","3.2M","lean_staten","scratch","K12 flat 2-12 155k","12","frozen","0","long2_91","91","solved","256","0.8","11","lean_only","lean_judge (Lean 4.34)","2026-09-30","recomputed","fork:dan_long-pool-2:artifacts/lpool2/rr/stage1_SN12_s0__new.json + __cal.json","","C:long2_91 k256 T0.8 seed0 state ms96 b2048 / wp max_new1536 b1024","transfer_long2@4543e782;transfer_long2_calib@8b642690","","96","2048","0.0"
"ours-3.2M-lean_staten-cap12","SN-cap12 frozen (stage1_SN12_s0)","3.2M","lean_staten","scratch","K12 flat 2-12 155k","12","frozen","0","long2_21","21","solved","256","0.8","3","lean_only","lean_judge (Lean 4.34)","2026-09-30","recomputed","fork:dan_long-pool-2:artifacts/lpool2/rr/stage1_SN12_s0__new.json","","D:long2_21(new) k256 T0.8 seed0 state ms96 b2048","transfer_long2@4543e782","","96","2048","0.0"
"ours-3.2M-lean_staten-cap12","SN-cap12 frozen (stage1_SN12_s0)","3.2M","lean_staten","scratch","K12 flat 2-12 155k","12","frozen","0","long2_91","91","max_accepted_lines","256","0.8","29","lean_only","lean_judge (Lean 4.34)","2026-09-30","recomputed","fork:dan_long-pool-2:artifacts/lpool2/rr/stage1_SN12_s0__new.json + __cal.json","","C:long2_91 k256 T0.8 seed0 state ms96 b2048 / wp max_new1536 b1024","transfer_long2@4543e782;transfer_long2_calib@8b642690","","96","2048","0.0"
"ours-3.2M-lean_staten-cap12","SN-cap12 frozen (stage1_SN12_s0)","3.2M","lean_staten","scratch","K12 flat 2-12 155k","12","frozen","0","rr600(ms48 read)+long2_91(ms96 read)","691","L_star","256","0.8","17","lean_only","lean_judge (Lean 4.34)","2026-09-30","recomputed","fork:dan_long-pool-2:artifacts/lpool2/rr/stage1_SN12_s0__{new,cal}.json + rr600 read of rows above","","E:mixed reads (L* to 18+)","transfer_long_rr600@ad71284f;transfer_long2@4543e782;transfer_long2_calib@8b642690","","96","2048",""
"ours-3.2M-lean_staten-cap12","SN-cap12 frozen (stage1_SN12_s1)","3.2M","lean_staten","scratch","K12 flat 2-12 155k","12","frozen","1","long2_91","61","solved","256","0.8","11","lean_only","lean_judge (Lean 4.34)","2026-09-30","recomputed","fork:dan_long-pool-2:artifacts/lpool2/rr/stage1_SN12_s1__new.json + __cal.json","17","C:long2_91 k256 T0.8 seed0 state ms96 b2048 / wp max_new1536 b1024","transfer_long2@4543e782;transfer_long2_calib@8b642690","","96","2048","0.0"
"ours-3.2M-lean_staten-cap12","SN-cap12 frozen (stage1_SN12_s1)","3.2M","lean_staten","scratch","K12 flat 2-12 155k","12","frozen","1","long2_21","13","solved","256","0.8","1","lean_only","lean_judge (Lean 4.34)","2026-09-30","recomputed","fork:dan_long-pool-2:artifacts/lpool2/rr/stage1_SN12_s1__new.json","17","D:long2_21(new) k256 T0.8 seed0 state ms96 b2048","transfer_long2@4543e782","","96","2048","0.0"
"ours-3.2M-lean_staten-cap12","SN-cap12 frozen (stage1_SN12_s1)","3.2M","lean_staten","scratch","K12 flat 2-12 155k","12","frozen","1","long2_91","30","solved","256","0.8","5","lean_only","lean_judge (Lean 4.34)","2026-09-30","recomputed","fork:dan_long-pool-2:artifacts/lpool2/rr/stage1_SN12_s1__new.json + __cal.json","18+","C:long2_91 k256 T0.8 seed0 state ms96 b2048 / wp max_new1536 b1024","transfer_long2@4543e782;transfer_long2_calib@8b642690","","96","2048","0.0"
"ours-3.2M-lean_staten-cap12","SN-cap12 frozen (stage1_SN12_s1)","3.2M","lean_staten","scratch","K12 flat 2-12 155k","12","frozen","1","long2_21","8","solved","256","0.8","0","lean_only","lean_judge (Lean 4.34)","2026-09-30","recomputed","fork:dan_long-pool-2:artifacts/lpool2/rr/stage1_SN12_s1__new.json","18+","D:long2_21(new) k256 T0.8 seed0 state ms96 b2048","transfer_long2@4543e782","","96","2048","0.0"
"ours-3.2M-lean_staten-cap12","SN-cap12 frozen (stage1_SN12_s1)","3.2M","lean_staten","scratch","K12 flat 2-12 155k","12","frozen","1","long2_91","91","solved","256","0.8","16","lean_only","lean_judge (Lean 4.34)","2026-09-30","recomputed","fork:dan_long-pool-2:artifacts/lpool2/rr/stage1_SN12_s1__new.json + __cal.json","","C:long2_91 k256 T0.8 seed0 state ms96 b2048 / wp max_new1536 b1024","transfer_long2@4543e782;transfer_long2_calib@8b642690","","96","2048","0.0"
"ours-3.2M-lean_staten-cap12","SN-cap12 frozen (stage1_SN12_s1)","3.2M","lean_staten","scratch","K12 flat 2-12 155k","12","frozen","1","long2_21","21","solved","256","0.8","1","lean_only","lean_judge (Lean 4.34)","2026-09-30","recomputed","fork:dan_long-pool-2:artifacts/lpool2/rr/stage1_SN12_s1__new.json","","D:long2_21(new) k256 T0.8 seed0 state ms96 b2048","transfer_long2@4543e782","","96","2048","0.0"
"ours-3.2M-lean_staten-cap12","SN-cap12 frozen (stage1_SN12_s1)","3.2M","lean_staten","scratch","K12 flat 2-12 155k","12","frozen","1","long2_91","91","max_accepted_lines","256","0.8","41","lean_only","lean_judge (Lean 4.34)","2026-09-30","recomputed","fork:dan_long-pool-2:artifacts/lpool2/rr/stage1_SN12_s1__new.json + __cal.json","","C:long2_91 k256 T0.8 seed0 state ms96 b2048 / wp max_new1536 b1024","transfer_long2@4543e782;transfer_long2_calib@8b642690","","96","2048","0.0"
"ours-3.2M-lean_staten-cap12","SN-cap12 frozen (stage1_SN12_s1)","3.2M","lean_staten","scratch","K12 flat 2-12 155k","12","frozen","1","rr600(ms48 read)+long2_91(ms96 read)","691","L_star_ge","256","0.8","18","lean_only","lean_judge (Lean 4.34)","2026-09-30","recomputed","fork:dan_long-pool-2:artifacts/lpool2/rr/stage1_SN12_s1__{new,cal}.json + rr600 read of rows above","","E:mixed reads (L* to 18+)","transfer_long_rr600@ad71284f;transfer_long2@4543e782;transfer_long2_calib@8b642690","","96","2048",""
"ours-3.2M-lean_staten-cap12","SN-cap12 frozen (stage1_SN12_s2)","3.2M","lean_staten","scratch","K12 flat 2-12 155k","12","frozen","2","long2_91","61","solved","256","0.8","17","lean_only","lean_judge (Lean 4.34)","2026-09-30","recomputed","fork:dan_long-pool-2:artifacts/lpool2/rr/stage1_SN12_s2__new.json + __cal.json","17","C:long2_91 k256 T0.8 seed0 state ms96 b2048 / wp max_new1536 b1024","transfer_long2@4543e782;transfer_long2_calib@8b642690","","96","2048","0.0"
"ours-3.2M-lean_staten-cap12","SN-cap12 frozen (stage1_SN12_s2)","3.2M","lean_staten","scratch","K12 flat 2-12 155k","12","frozen","2","long2_21","13","solved","256","0.8","2","lean_only","lean_judge (Lean 4.34)","2026-09-30","recomputed","fork:dan_long-pool-2:artifacts/lpool2/rr/stage1_SN12_s2__new.json","17","D:long2_21(new) k256 T0.8 seed0 state ms96 b2048","transfer_long2@4543e782","","96","2048","0.0"
"ours-3.2M-lean_staten-cap12","SN-cap12 frozen (stage1_SN12_s2)","3.2M","lean_staten","scratch","K12 flat 2-12 155k","12","frozen","2","long2_91","30","solved","256","0.8","4","lean_only","lean_judge (Lean 4.34)","2026-09-30","recomputed","fork:dan_long-pool-2:artifacts/lpool2/rr/stage1_SN12_s2__new.json + __cal.json","18+","C:long2_91 k256 T0.8 seed0 state ms96 b2048 / wp max_new1536 b1024","transfer_long2@4543e782;transfer_long2_calib@8b642690","","96","2048","0.0"
"ours-3.2M-lean_staten-cap12","SN-cap12 frozen (stage1_SN12_s2)","3.2M","lean_staten","scratch","K12 flat 2-12 155k","12","frozen","2","long2_21","8","solved","256","0.8","1","lean_only","lean_judge (Lean 4.34)","2026-09-30","recomputed","fork:dan_long-pool-2:artifacts/lpool2/rr/stage1_SN12_s2__new.json","18+","D:long2_21(new) k256 T0.8 seed0 state ms96 b2048","transfer_long2@4543e782","","96","2048","0.0"
"ours-3.2M-lean_staten-cap12","SN-cap12 frozen (stage1_SN12_s2)","3.2M","lean_staten","scratch","K12 flat 2-12 155k","12","frozen","2","long2_91","91","solved","256","0.8","21","lean_only","lean_judge (Lean 4.34)","2026-09-30","recomputed","fork:dan_long-pool-2:artifacts/lpool2/rr/stage1_SN12_s2__new.json + __cal.json","","C:long2_91 k256 T0.8 seed0 state ms96 b2048 / wp max_new1536 b1024","transfer_long2@4543e782;transfer_long2_calib@8b642690","","96","2048","0.0"
"ours-3.2M-lean_staten-cap12","SN-cap12 frozen (stage1_SN12_s2)","3.2M","lean_staten","scratch","K12 flat 2-12 155k","12","frozen","2","long2_21","21","solved","256","0.8","3","lean_only","lean_judge (Lean 4.34)","2026-09-30","recomputed","fork:dan_long-pool-2:artifacts/lpool2/rr/stage1_SN12_s2__new.json","","D:long2_21(new) k256 T0.8 seed0 state ms96 b2048","transfer_long2@4543e782","","96","2048","0.0"
"ours-3.2M-lean_staten-cap12","SN-cap12 frozen (stage1_SN12_s2)","3.2M","lean_staten","scratch","K12 flat 2-12 155k","12","frozen","2","long2_91","91","max_accepted_lines","256","0.8","39","lean_only","lean_judge (Lean 4.34)","2026-09-30","recomputed","fork:dan_long-pool-2:artifacts/lpool2/rr/stage1_SN12_s2__new.json + __cal.json","","C:long2_91 k256 T0.8 seed0 state ms96 b2048 / wp max_new1536 b1024","transfer_long2@4543e782;transfer_long2_calib@8b642690","","96","2048","0.0"
"ours-3.2M-lean_staten-cap12","SN-cap12 frozen (stage1_SN12_s2)","3.2M","lean_staten","scratch","K12 flat 2-12 155k","12","frozen","2","rr600(ms48 read)+long2_91(ms96 read)","691","L_star","256","0.8","17","lean_only","lean_judge (Lean 4.34)","2026-09-30","recomputed","fork:dan_long-pool-2:artifacts/lpool2/rr/stage1_SN12_s2__{new,cal}.json + rr600 read of rows above","","E:mixed reads (L* to 18+)","transfer_long_rr600@ad71284f;transfer_long2@4543e782;transfer_long2_calib@8b642690","","96","2048",""
"ours-3.2M-lean_staten-cap12","SN-cap12 frozen (stage1_SN12_s3)","3.2M","lean_staten","scratch","K12 flat 2-12 155k","12","frozen","3","long2_91","61","solved","256","0.8","19","lean_only","lean_judge (Lean 4.34)","2026-09-30","recomputed","fork:dan_long-pool-2:artifacts/lpool2/rr/stage1_SN12_s3__new.json + __cal.json","17","C:long2_91 k256 T0.8 seed0 state ms96 b2048 / wp max_new1536 b1024","transfer_long2@4543e782;transfer_long2_calib@8b642690","","96","2048","0.0"
"ours-3.2M-lean_staten-cap12","SN-cap12 frozen (stage1_SN12_s3)","3.2M","lean_staten","scratch","K12 flat 2-12 155k","12","frozen","3","long2_21","13","solved","256","0.8","3","lean_only","lean_judge (Lean 4.34)","2026-09-30","recomputed","fork:dan_long-pool-2:artifacts/lpool2/rr/stage1_SN12_s3__new.json","17","D:long2_21(new) k256 T0.8 seed0 state ms96 b2048","transfer_long2@4543e782","","96","2048","0.0"
"ours-3.2M-lean_staten-cap12","SN-cap12 frozen (stage1_SN12_s3)","3.2M","lean_staten","scratch","K12 flat 2-12 155k","12","frozen","3","long2_91","30","solved","256","0.8","4","lean_only","lean_judge (Lean 4.34)","2026-09-30","recomputed","fork:dan_long-pool-2:artifacts/lpool2/rr/stage1_SN12_s3__new.json + __cal.json","18+","C:long2_91 k256 T0.8 seed0 state ms96 b2048 / wp max_new1536 b1024","transfer_long2@4543e782;transfer_long2_calib@8b642690","","96","2048","0.0"
"ours-3.2M-lean_staten-cap12","SN-cap12 frozen (stage1_SN12_s3)","3.2M","lean_staten","scratch","K12 flat 2-12 155k","12","frozen","3","long2_21","8","solved","256","0.8","2","lean_only","lean_judge (Lean 4.34)","2026-09-30","recomputed","fork:dan_long-pool-2:artifacts/lpool2/rr/stage1_SN12_s3__new.json","18+","D:long2_21(new) k256 T0.8 seed0 state ms96 b2048","transfer_long2@4543e782","","96","2048","0.0"
"ours-3.2M-lean_staten-cap12","SN-cap12 frozen (stage1_SN12_s3)","3.2M","lean_staten","scratch","K12 flat 2-12 155k","12","frozen","3","long2_91","91","solved","256","0.8","23","lean_only","lean_judge (Lean 4.34)","2026-09-30","recomputed","fork:dan_long-pool-2:artifacts/lpool2/rr/stage1_SN12_s3__new.json + __cal.json","","C:long2_91 k256 T0.8 seed0 state ms96 b2048 / wp max_new1536 b1024","transfer_long2@4543e782;transfer_long2_calib@8b642690","","96","2048","0.0"
"ours-3.2M-lean_staten-cap12","SN-cap12 frozen (stage1_SN12_s3)","3.2M","lean_staten","scratch","K12 flat 2-12 155k","12","frozen","3","long2_21","21","solved","256","0.8","5","lean_only","lean_judge (Lean 4.34)","2026-09-30","recomputed","fork:dan_long-pool-2:artifacts/lpool2/rr/stage1_SN12_s3__new.json","","D:long2_21(new) k256 T0.8 seed0 state ms96 b2048","transfer_long2@4543e782","","96","2048","0.0"
"ours-3.2M-lean_staten-cap12","SN-cap12 frozen (stage1_SN12_s3)","3.2M","lean_staten","scratch","K12 flat 2-12 155k","12","frozen","3","long2_91","91","max_accepted_lines","256","0.8","37","lean_only","lean_judge (Lean 4.34)","2026-09-30","recomputed","fork:dan_long-pool-2:artifacts/lpool2/rr/stage1_SN12_s3__new.json + __cal.json","","C:long2_91 k256 T0.8 seed0 state ms96 b2048 / wp max_new1536 b1024","transfer_long2@4543e782;transfer_long2_calib@8b642690","","96","2048","0.0"
"ours-3.2M-lean_staten-cap12","SN-cap12 frozen (stage1_SN12_s3)","3.2M","lean_staten","scratch","K12 flat 2-12 155k","12","frozen","3","rr600(ms48 read)+long2_91(ms96 read)","691","L_star","256","0.8","17","lean_only","lean_judge (Lean 4.34)","2026-09-30","recomputed","fork:dan_long-pool-2:artifacts/lpool2/rr/stage1_SN12_s3__{new,cal}.json + rr600 read of rows above","","E:mixed reads (L* to 18+)","transfer_long_rr600@ad71284f;transfer_long2@4543e782;transfer_long2_calib@8b642690","","96","2048",""
"ours-3.2M-lean_seq-cap12","K12 whole-proof T1 (la_T1_K12_s0_r8)","3.2M","lean_seq","scratch","K12 flat 2-12 155k","12","T1","0","long2_91","61","solved","256","0.8","2","lean_only","lean_judge (Lean 4.34)","2026-09-30","recomputed","fork:dan_long-pool-2:artifacts/lpool2/rr/T1_K12_s0__new.json + __cal.json","17","C:long2_91 k256 T0.8 seed0 state ms96 b2048 / wp max_new1536 b1024","transfer_long2@4543e782;transfer_long2_calib@8b642690","1536","","1024","0.000372"
"ours-3.2M-lean_seq-cap12","K12 whole-proof T1 (la_T1_K12_s0_r8)","3.2M","lean_seq","scratch","K12 flat 2-12 155k","12","T1","0","long2_21","13","solved","256","0.8","0","lean_only","lean_judge (Lean 4.34)","2026-09-30","recomputed","fork:dan_long-pool-2:artifacts/lpool2/rr/T1_K12_s0__new.json","17","D:long2_21(new) k256 T0.8 seed0 state ms96 b2048","transfer_long2@4543e782","1536","","1024","0.000372"
"ours-3.2M-lean_seq-cap12","K12 whole-proof T1 (la_T1_K12_s0_r8)","3.2M","lean_seq","scratch","K12 flat 2-12 155k","12","T1","0","long2_91","30","solved","256","0.8","1","lean_only","lean_judge (Lean 4.34)","2026-09-30","recomputed","fork:dan_long-pool-2:artifacts/lpool2/rr/T1_K12_s0__new.json + __cal.json","18+","C:long2_91 k256 T0.8 seed0 state ms96 b2048 / wp max_new1536 b1024","transfer_long2@4543e782;transfer_long2_calib@8b642690","1536","","1024","0.000372"
"ours-3.2M-lean_seq-cap12","K12 whole-proof T1 (la_T1_K12_s0_r8)","3.2M","lean_seq","scratch","K12 flat 2-12 155k","12","T1","0","long2_21","8","solved","256","0.8","0","lean_only","lean_judge (Lean 4.34)","2026-09-30","recomputed","fork:dan_long-pool-2:artifacts/lpool2/rr/T1_K12_s0__new.json","18+","D:long2_21(new) k256 T0.8 seed0 state ms96 b2048","transfer_long2@4543e782","1536","","1024","0.000372"
"ours-3.2M-lean_seq-cap12","K12 whole-proof T1 (la_T1_K12_s0_r8)","3.2M","lean_seq","scratch","K12 flat 2-12 155k","12","T1","0","long2_91","91","solved","256","0.8","3","lean_only","lean_judge (Lean 4.34)","2026-09-30","recomputed","fork:dan_long-pool-2:artifacts/lpool2/rr/T1_K12_s0__new.json + __cal.json","","C:long2_91 k256 T0.8 seed0 state ms96 b2048 / wp max_new1536 b1024","transfer_long2@4543e782;transfer_long2_calib@8b642690","1536","","1024","0.000372"
"ours-3.2M-lean_seq-cap12","K12 whole-proof T1 (la_T1_K12_s0_r8)","3.2M","lean_seq","scratch","K12 flat 2-12 155k","12","T1","0","long2_21","21","solved","256","0.8","0","lean_only","lean_judge (Lean 4.34)","2026-09-30","recomputed","fork:dan_long-pool-2:artifacts/lpool2/rr/T1_K12_s0__new.json","","D:long2_21(new) k256 T0.8 seed0 state ms96 b2048","transfer_long2@4543e782","1536","","1024","0.000372"
"ours-3.2M-lean_seq-cap12","K12 whole-proof T1 (la_T1_K12_s0_r8)","3.2M","lean_seq","scratch","K12 flat 2-12 155k","12","T1","0","long2_91","91","max_accepted_lines","256","0.8","19","lean_only","lean_judge (Lean 4.34)","2026-09-30","recomputed","fork:dan_long-pool-2:artifacts/lpool2/rr/T1_K12_s0__new.json + __cal.json","","C:long2_91 k256 T0.8 seed0 state ms96 b2048 / wp max_new1536 b1024","transfer_long2@4543e782;transfer_long2_calib@8b642690","1536","","1024","0.000372"
"ours-3.2M-lean_seq-cap12","K12 whole-proof T1 (la_T1_K12_s0_r8)","3.2M","lean_seq","scratch","K12 flat 2-12 155k","12","T1","0","rr600(ms48 read)+long2_91(ms96 read)","691","L_star","256","0.8","16","lean_only","lean_judge (Lean 4.34)","2026-09-30","recomputed","fork:dan_long-pool-2:artifacts/lpool2/rr/T1_K12_s0__{new,cal}.json + rr600 read of rows above","","E:mixed reads (L* to 18+)","transfer_long_rr600@ad71284f;transfer_long2@4543e782;transfer_long2_calib@8b642690","1536","","1024",""
"ours-3.2M-lean_seq-cap12","K12 whole-proof T1 (la_T1_K12_s1_r8)","3.2M","lean_seq","scratch","K12 flat 2-12 155k","12","T1","1","long2_91","61","solved","256","0.8","1","lean_only","lean_judge (Lean 4.34)","2026-09-30","recomputed","fork:dan_long-pool-2:artifacts/lpool2/rr/T1_K12_s1__new.json + __cal.json","17","C:long2_91 k256 T0.8 seed0 state ms96 b2048 / wp max_new1536 b1024","transfer_long2@4543e782;transfer_long2_calib@8b642690","1536","","1024","0.000186"
"ours-3.2M-lean_seq-cap12","K12 whole-proof T1 (la_T1_K12_s1_r8)","3.2M","lean_seq","scratch","K12 flat 2-12 155k","12","T1","1","long2_21","13","solved","256","0.8","0","lean_only","lean_judge (Lean 4.34)","2026-09-30","recomputed","fork:dan_long-pool-2:artifacts/lpool2/rr/T1_K12_s1__new.json","17","D:long2_21(new) k256 T0.8 seed0 state ms96 b2048","transfer_long2@4543e782","1536","","1024","0.000186"
"ours-3.2M-lean_seq-cap12","K12 whole-proof T1 (la_T1_K12_s1_r8)","3.2M","lean_seq","scratch","K12 flat 2-12 155k","12","T1","1","long2_91","30","solved","256","0.8","1","lean_only","lean_judge (Lean 4.34)","2026-09-30","recomputed","fork:dan_long-pool-2:artifacts/lpool2/rr/T1_K12_s1__new.json + __cal.json","18+","C:long2_91 k256 T0.8 seed0 state ms96 b2048 / wp max_new1536 b1024","transfer_long2@4543e782;transfer_long2_calib@8b642690","1536","","1024","0.000186"
"ours-3.2M-lean_seq-cap12","K12 whole-proof T1 (la_T1_K12_s1_r8)","3.2M","lean_seq","scratch","K12 flat 2-12 155k","12","T1","1","long2_21","8","solved","256","0.8","0","lean_only","lean_judge (Lean 4.34)","2026-09-30","recomputed","fork:dan_long-pool-2:artifacts/lpool2/rr/T1_K12_s1__new.json","18+","D:long2_21(new) k256 T0.8 seed0 state ms96 b2048","transfer_long2@4543e782","1536","","1024","0.000186"
"ours-3.2M-lean_seq-cap12","K12 whole-proof T1 (la_T1_K12_s1_r8)","3.2M","lean_seq","scratch","K12 flat 2-12 155k","12","T1","1","long2_91","91","solved","256","0.8","2","lean_only","lean_judge (Lean 4.34)","2026-09-30","recomputed","fork:dan_long-pool-2:artifacts/lpool2/rr/T1_K12_s1__new.json + __cal.json","","C:long2_91 k256 T0.8 seed0 state ms96 b2048 / wp max_new1536 b1024","transfer_long2@4543e782;transfer_long2_calib@8b642690","1536","","1024","0.000186"
"ours-3.2M-lean_seq-cap12","K12 whole-proof T1 (la_T1_K12_s1_r8)","3.2M","lean_seq","scratch","K12 flat 2-12 155k","12","T1","1","long2_21","21","solved","256","0.8","0","lean_only","lean_judge (Lean 4.34)","2026-09-30","recomputed","fork:dan_long-pool-2:artifacts/lpool2/rr/T1_K12_s1__new.json","","D:long2_21(new) k256 T0.8 seed0 state ms96 b2048","transfer_long2@4543e782","1536","","1024","0.000186"
"ours-3.2M-lean_seq-cap12","K12 whole-proof T1 (la_T1_K12_s1_r8)","3.2M","lean_seq","scratch","K12 flat 2-12 155k","12","T1","1","long2_91","91","max_accepted_lines","256","0.8","20","lean_only","lean_judge (Lean 4.34)","2026-09-30","recomputed","fork:dan_long-pool-2:artifacts/lpool2/rr/T1_K12_s1__new.json + __cal.json","","C:long2_91 k256 T0.8 seed0 state ms96 b2048 / wp max_new1536 b1024","transfer_long2@4543e782;transfer_long2_calib@8b642690","1536","","1024","0.000186"
"ours-3.2M-lean_seq-cap12","K12 whole-proof T1 (la_T1_K12_s1_r8)","3.2M","lean_seq","scratch","K12 flat 2-12 155k","12","T1","1","rr600(ms48 read)+long2_91(ms96 read)","691","L_star","256","0.8","16","lean_only","lean_judge (Lean 4.34)","2026-09-30","recomputed","fork:dan_long-pool-2:artifacts/lpool2/rr/T1_K12_s1__{new,cal}.json + rr600 read of rows above","","E:mixed reads (L* to 18+)","transfer_long_rr600@ad71284f;transfer_long2@4543e782;transfer_long2_calib@8b642690","1536","","1024",""
"ours-3.2M-lean_staten-cap6","SN-v2 T1 (state-env la_T1_SN_s0_r8)","3.2M","lean_staten","scratch","cap-6 control depth3_f0_a1 155k","6","T1","S1s0","long2_91","61","solved","256","0.8","4","lean_only","lean_judge (Lean 4.34)","2026-09-30","recomputed","fork:dan_long-pool-2:artifacts/lpool2/rr/T1_SNv2_s0__new.json + __cal.json","17","C:long2_91 k256 T0.8 seed0 state ms96 b2048 / wp max_new1536 b1024","transfer_long2@4543e782;transfer_long2_calib@8b642690","","96","2048","0.0"
"ours-3.2M-lean_staten-cap6","SN-v2 T1 (state-env la_T1_SN_s0_r8)","3.2M","lean_staten","scratch","cap-6 control depth3_f0_a1 155k","6","T1","S1s0","long2_21","13","solved","256","0.8","0","lean_only","lean_judge (Lean 4.34)","2026-09-30","recomputed","fork:dan_long-pool-2:artifacts/lpool2/rr/T1_SNv2_s0__new.json","17","D:long2_21(new) k256 T0.8 seed0 state ms96 b2048","transfer_long2@4543e782","","96","2048","0.0"
"ours-3.2M-lean_staten-cap6","SN-v2 T1 (state-env la_T1_SN_s0_r8)","3.2M","lean_staten","scratch","cap-6 control depth3_f0_a1 155k","6","T1","S1s0","long2_91","30","solved","256","0.8","0","lean_only","lean_judge (Lean 4.34)","2026-09-30","recomputed","fork:dan_long-pool-2:artifacts/lpool2/rr/T1_SNv2_s0__new.json + __cal.json","18+","C:long2_91 k256 T0.8 seed0 state ms96 b2048 / wp max_new1536 b1024","transfer_long2@4543e782;transfer_long2_calib@8b642690","","96","2048","0.0"
"ours-3.2M-lean_staten-cap6","SN-v2 T1 (state-env la_T1_SN_s0_r8)","3.2M","lean_staten","scratch","cap-6 control depth3_f0_a1 155k","6","T1","S1s0","long2_21","8","solved","256","0.8","0","lean_only","lean_judge (Lean 4.34)","2026-09-30","recomputed","fork:dan_long-pool-2:artifacts/lpool2/rr/T1_SNv2_s0__new.json","18+","D:long2_21(new) k256 T0.8 seed0 state ms96 b2048","transfer_long2@4543e782","","96","2048","0.0"
"ours-3.2M-lean_staten-cap6","SN-v2 T1 (state-env la_T1_SN_s0_r8)","3.2M","lean_staten","scratch","cap-6 control depth3_f0_a1 155k","6","T1","S1s0","long2_91","91","solved","256","0.8","4","lean_only","lean_judge (Lean 4.34)","2026-09-30","recomputed","fork:dan_long-pool-2:artifacts/lpool2/rr/T1_SNv2_s0__new.json + __cal.json","","C:long2_91 k256 T0.8 seed0 state ms96 b2048 / wp max_new1536 b1024","transfer_long2@4543e782;transfer_long2_calib@8b642690","","96","2048","0.0"
"ours-3.2M-lean_staten-cap6","SN-v2 T1 (state-env la_T1_SN_s0_r8)","3.2M","lean_staten","scratch","cap-6 control depth3_f0_a1 155k","6","T1","S1s0","long2_21","21","solved","256","0.8","0","lean_only","lean_judge (Lean 4.34)","2026-09-30","recomputed","fork:dan_long-pool-2:artifacts/lpool2/rr/T1_SNv2_s0__new.json","","D:long2_21(new) k256 T0.8 seed0 state ms96 b2048","transfer_long2@4543e782","","96","2048","0.0"
"ours-3.2M-lean_staten-cap6","SN-v2 T1 (state-env la_T1_SN_s0_r8)","3.2M","lean_staten","scratch","cap-6 control depth3_f0_a1 155k","6","T1","S1s0","long2_91","91","max_accepted_lines","256","0.8","23","lean_only","lean_judge (Lean 4.34)","2026-09-30","recomputed","fork:dan_long-pool-2:artifacts/lpool2/rr/T1_SNv2_s0__new.json + __cal.json","","C:long2_91 k256 T0.8 seed0 state ms96 b2048 / wp max_new1536 b1024","transfer_long2@4543e782;transfer_long2_calib@8b642690","","96","2048","0.0"
"ours-3.2M-lean_staten-cap6","SN-v2 T1 (state-env la_T1_SN_s0_r8)","3.2M","lean_staten","scratch","cap-6 control depth3_f0_a1 155k","6","T1","S1s0","rr600(ms48 read)+long2_91(ms96 read)","691","L_star","256","0.8","16","lean_only","lean_judge (Lean 4.34)","2026-09-30","recomputed","fork:dan_long-pool-2:artifacts/lpool2/rr/T1_SNv2_s0__{new,cal}.json + rr600 read of rows above","","E:mixed reads (L* to 18+)","transfer_long_rr600@ad71284f;transfer_long2@4543e782;transfer_long2_calib@8b642690","","96","2048",""
"ours-3.2M-lean_staten-cap6","SN-v2 T1 (state-env la_T1_SN_s1_r8)","3.2M","lean_staten","scratch","cap-6 control depth3_f0_a1 155k","6","T1","S1s1","long2_91","61","solved","256","0.8","0","lean_only","lean_judge (Lean 4.34)","2026-09-30","recomputed","fork:dan_long-pool-2:artifacts/lpool2/rr/T1_SNv2_s1__new.json + __cal.json","17","C:long2_91 k256 T0.8 seed0 state ms96 b2048 / wp max_new1536 b1024","transfer_long2@4543e782;transfer_long2_calib@8b642690","","96","2048","0.000186"
"ours-3.2M-lean_staten-cap6","SN-v2 T1 (state-env la_T1_SN_s1_r8)","3.2M","lean_staten","scratch","cap-6 control depth3_f0_a1 155k","6","T1","S1s1","long2_21","13","solved","256","0.8","0","lean_only","lean_judge (Lean 4.34)","2026-09-30","recomputed","fork:dan_long-pool-2:artifacts/lpool2/rr/T1_SNv2_s1__new.json","17","D:long2_21(new) k256 T0.8 seed0 state ms96 b2048","transfer_long2@4543e782","","96","2048","0.000186"
"ours-3.2M-lean_staten-cap6","SN-v2 T1 (state-env la_T1_SN_s1_r8)","3.2M","lean_staten","scratch","cap-6 control depth3_f0_a1 155k","6","T1","S1s1","long2_91","30","solved","256","0.8","0","lean_only","lean_judge (Lean 4.34)","2026-09-30","recomputed","fork:dan_long-pool-2:artifacts/lpool2/rr/T1_SNv2_s1__new.json + __cal.json","18+","C:long2_91 k256 T0.8 seed0 state ms96 b2048 / wp max_new1536 b1024","transfer_long2@4543e782;transfer_long2_calib@8b642690","","96","2048","0.000186"
"ours-3.2M-lean_staten-cap6","SN-v2 T1 (state-env la_T1_SN_s1_r8)","3.2M","lean_staten","scratch","cap-6 control depth3_f0_a1 155k","6","T1","S1s1","long2_21","8","solved","256","0.8","0","lean_only","lean_judge (Lean 4.34)","2026-09-30","recomputed","fork:dan_long-pool-2:artifacts/lpool2/rr/T1_SNv2_s1__new.json","18+","D:long2_21(new) k256 T0.8 seed0 state ms96 b2048","transfer_long2@4543e782","","96","2048","0.000186"
"ours-3.2M-lean_staten-cap6","SN-v2 T1 (state-env la_T1_SN_s1_r8)","3.2M","lean_staten","scratch","cap-6 control depth3_f0_a1 155k","6","T1","S1s1","long2_91","91","solved","256","0.8","0","lean_only","lean_judge (Lean 4.34)","2026-09-30","recomputed","fork:dan_long-pool-2:artifacts/lpool2/rr/T1_SNv2_s1__new.json + __cal.json","","C:long2_91 k256 T0.8 seed0 state ms96 b2048 / wp max_new1536 b1024","transfer_long2@4543e782;transfer_long2_calib@8b642690","","96","2048","0.000186"
"ours-3.2M-lean_staten-cap6","SN-v2 T1 (state-env la_T1_SN_s1_r8)","3.2M","lean_staten","scratch","cap-6 control depth3_f0_a1 155k","6","T1","S1s1","long2_21","21","solved","256","0.8","0","lean_only","lean_judge (Lean 4.34)","2026-09-30","recomputed","fork:dan_long-pool-2:artifacts/lpool2/rr/T1_SNv2_s1__new.json","","D:long2_21(new) k256 T0.8 seed0 state ms96 b2048","transfer_long2@4543e782","","96","2048","0.000186"
"ours-3.2M-lean_staten-cap6","SN-v2 T1 (state-env la_T1_SN_s1_r8)","3.2M","lean_staten","scratch","cap-6 control depth3_f0_a1 155k","6","T1","S1s1","long2_91","91","max_accepted_lines","256","0.8","0","lean_only","lean_judge (Lean 4.34)","2026-09-30","recomputed","fork:dan_long-pool-2:artifacts/lpool2/rr/T1_SNv2_s1__new.json + __cal.json","","C:long2_91 k256 T0.8 seed0 state ms96 b2048 / wp max_new1536 b1024","transfer_long2@4543e782;transfer_long2_calib@8b642690","","96","2048","0.000186"
"ours-3.2M-lean_staten-cap6","SN-v2 T1 (state-env la_T1_SN_s1_r8)","3.2M","lean_staten","scratch","cap-6 control depth3_f0_a1 155k","6","T1","S1s1","rr600(ms48 read)+long2_91(ms96 read)","691","L_star","256","0.8","15","lean_only","lean_judge (Lean 4.34)","2026-09-30","recomputed","fork:dan_long-pool-2:artifacts/lpool2/rr/T1_SNv2_s1__{new,cal}.json + rr600 read of rows above","","E:mixed reads (L* to 18+)","transfer_long_rr600@ad71284f;transfer_long2@4543e782;transfer_long2_calib@8b642690","","96","2048",""
"ours-3.2M-lean_staten-cap12","SN-cap12 T1 (la_T1_SN12_s2_r8) ms96 re-read","3.2M","lean_staten","scratch","K12 flat 2-12 155k","12","T1","2","rr600","100","solved","256","0.8","79","lean_only","lean_judge (Lean 4.34)","2026-09-30","recomputed","fork:dan_long-pool-2:artifacts/lpool2/rr/T1_SN12_s2_ms96__rr600.json","11","B:rr600 k256 T0.8 seed0 state ms96 b2048 (best-state settings)","transfer_long_rr600@ad71284f","","96","2048","0.000189"
"ours-3.2M-lean_staten-cap12","SN-cap12 T1 (la_T1_SN12_s2_r8) ms96 re-read","3.2M","lean_staten","scratch","K12 flat 2-12 155k","12","T1","2","rr600","100","solved","256","0.8","76","lean_only","lean_judge (Lean 4.34)","2026-09-30","recomputed","fork:dan_long-pool-2:artifacts/lpool2/rr/T1_SN12_s2_ms96__rr600.json","12","B:rr600 k256 T0.8 seed0 state ms96 b2048 (best-state settings)","transfer_long_rr600@ad71284f","","96","2048","0.000189"
"ours-3.2M-lean_staten-cap12","SN-cap12 T1 (la_T1_SN12_s2_r8) ms96 re-read","3.2M","lean_staten","scratch","K12 flat 2-12 155k","12","T1","2","rr600","100","solved","256","0.8","73","lean_only","lean_judge (Lean 4.34)","2026-09-30","recomputed","fork:dan_long-pool-2:artifacts/lpool2/rr/T1_SN12_s2_ms96__rr600.json","13","B:rr600 k256 T0.8 seed0 state ms96 b2048 (best-state settings)","transfer_long_rr600@ad71284f","","96","2048","0.000189"
"ours-3.2M-lean_staten-cap12","SN-cap12 T1 (la_T1_SN12_s2_r8) ms96 re-read","3.2M","lean_staten","scratch","K12 flat 2-12 155k","12","T1","2","rr600","100","solved","256","0.8","76","lean_only","lean_judge (Lean 4.34)","2026-09-30","recomputed","fork:dan_long-pool-2:artifacts/lpool2/rr/T1_SN12_s2_ms96__rr600.json","14","B:rr600 k256 T0.8 seed0 state ms96 b2048 (best-state settings)","transfer_long_rr600@ad71284f","","96","2048","0.000189"
"ours-3.2M-lean_staten-cap12","SN-cap12 T1 (la_T1_SN12_s2_r8) ms96 re-read","3.2M","lean_staten","scratch","K12 flat 2-12 155k","12","T1","2","rr600","100","solved","256","0.8","89","lean_only","lean_judge (Lean 4.34)","2026-09-30","recomputed","fork:dan_long-pool-2:artifacts/lpool2/rr/T1_SN12_s2_ms96__rr600.json","15","B:rr600 k256 T0.8 seed0 state ms96 b2048 (best-state settings)","transfer_long_rr600@ad71284f","","96","2048","0.000189"
"ours-3.2M-lean_staten-cap12","SN-cap12 T1 (la_T1_SN12_s2_r8) ms96 re-read","3.2M","lean_staten","scratch","K12 flat 2-12 155k","12","T1","2","rr600","100","solved","256","0.8","78","lean_only","lean_judge (Lean 4.34)","2026-09-30","recomputed","fork:dan_long-pool-2:artifacts/lpool2/rr/T1_SN12_s2_ms96__rr600.json","16","B:rr600 k256 T0.8 seed0 state ms96 b2048 (best-state settings)","transfer_long_rr600@ad71284f","","96","2048","0.000189"
"ours-3.2M-lean_staten-cap12","SN-cap12 T1 (la_T1_SN12_s2_r8) ms96 re-read","3.2M","lean_staten","scratch","K12 flat 2-12 155k","12","T1","2","rr600","600","solved","256","0.8","471","lean_only","lean_judge (Lean 4.34)","2026-09-30","recomputed","fork:dan_long-pool-2:artifacts/lpool2/rr/T1_SN12_s2_ms96__rr600.json","","B:rr600 k256 T0.8 seed0 state ms96 b2048 (best-state settings)","transfer_long_rr600@ad71284f","","96","2048","0.000189"
"ours-3.2M-lean_staten-cap12","SN-cap12 T1 (la_T1_SN12_s2_r8) ms96 re-read","3.2M","lean_staten","scratch","K12 flat 2-12 155k","12","T1","2","ge17_70","70","solved","256","0.8","42","lean_only","lean_judge (Lean 4.34)","2026-09-30","recomputed","fork:dan_long-pool-2:artifacts/lpool2/rr/T1_SN12_s2_ms96__ge17.json","17+","B:rr600 k256 T0.8 seed0 state ms96 b2048 (best-state settings)","transfer_long_ge17@ebd5925d","","96","2048","5.6e-05"
"ours-3.2M-lean_staten-cap12","SN-cap12 T1 (la_T1_SN12_s2_r8) ms96 re-read","3.2M","lean_staten","scratch","K12 flat 2-12 155k","12","T1","2","rr600+ge17_70","670","L_star_ge","256","0.8","17","lean_only","lean_judge (Lean 4.34)","2026-09-30","recomputed","fork:dan_long-pool-2:artifacts/lpool2/rr/T1_SN12_s2_ms96__rr600.json + __ge17.json","","B:rr600 k256 T0.8 seed0 state ms96 b2048 (best-state settings)","transfer_long_rr600@ad71284f;transfer_long_ge17@ebd5925d","","96","2048","0.000189"
"ours-3.2M-lean_staten-cap12","SN-cap12 T1 (la_T1_SN12_s3_r8) ms96 re-read","3.2M","lean_staten","scratch","K12 flat 2-12 155k","12","T1","3","rr600","100","solved","256","0.8","73","lean_only","lean_judge (Lean 4.34)","2026-09-30","recomputed","fork:dan_long-pool-2:artifacts/lpool2/rr/T1_SN12_s3_ms96__rr600.json","11","B:rr600 k256 T0.8 seed0 state ms96 b2048 (best-state settings)","transfer_long_rr600@ad71284f","","96","2048","0.000306"
"ours-3.2M-lean_staten-cap12","SN-cap12 T1 (la_T1_SN12_s3_r8) ms96 re-read","3.2M","lean_staten","scratch","K12 flat 2-12 155k","12","T1","3","rr600","100","solved","256","0.8","78","lean_only","lean_judge (Lean 4.34)","2026-09-30","recomputed","fork:dan_long-pool-2:artifacts/lpool2/rr/T1_SN12_s3_ms96__rr600.json","12","B:rr600 k256 T0.8 seed0 state ms96 b2048 (best-state settings)","transfer_long_rr600@ad71284f","","96","2048","0.000306"
"ours-3.2M-lean_staten-cap12","SN-cap12 T1 (la_T1_SN12_s3_r8) ms96 re-read","3.2M","lean_staten","scratch","K12 flat 2-12 155k","12","T1","3","rr600","100","solved","256","0.8","77","lean_only","lean_judge (Lean 4.34)","2026-09-30","recomputed","fork:dan_long-pool-2:artifacts/lpool2/rr/T1_SN12_s3_ms96__rr600.json","13","B:rr600 k256 T0.8 seed0 state ms96 b2048 (best-state settings)","transfer_long_rr600@ad71284f","","96","2048","0.000306"
"ours-3.2M-lean_staten-cap12","SN-cap12 T1 (la_T1_SN12_s3_r8) ms96 re-read","3.2M","lean_staten","scratch","K12 flat 2-12 155k","12","T1","3","rr600","100","solved","256","0.8","82","lean_only","lean_judge (Lean 4.34)","2026-09-30","recomputed","fork:dan_long-pool-2:artifacts/lpool2/rr/T1_SN12_s3_ms96__rr600.json","14","B:rr600 k256 T0.8 seed0 state ms96 b2048 (best-state settings)","transfer_long_rr600@ad71284f","","96","2048","0.000306"
"ours-3.2M-lean_staten-cap12","SN-cap12 T1 (la_T1_SN12_s3_r8) ms96 re-read","3.2M","lean_staten","scratch","K12 flat 2-12 155k","12","T1","3","rr600","100","solved","256","0.8","89","lean_only","lean_judge (Lean 4.34)","2026-09-30","recomputed","fork:dan_long-pool-2:artifacts/lpool2/rr/T1_SN12_s3_ms96__rr600.json","15","B:rr600 k256 T0.8 seed0 state ms96 b2048 (best-state settings)","transfer_long_rr600@ad71284f","","96","2048","0.000306"
"ours-3.2M-lean_staten-cap12","SN-cap12 T1 (la_T1_SN12_s3_r8) ms96 re-read","3.2M","lean_staten","scratch","K12 flat 2-12 155k","12","T1","3","rr600","100","solved","256","0.8","69","lean_only","lean_judge (Lean 4.34)","2026-09-30","recomputed","fork:dan_long-pool-2:artifacts/lpool2/rr/T1_SN12_s3_ms96__rr600.json","16","B:rr600 k256 T0.8 seed0 state ms96 b2048 (best-state settings)","transfer_long_rr600@ad71284f","","96","2048","0.000306"
"ours-3.2M-lean_staten-cap12","SN-cap12 T1 (la_T1_SN12_s3_r8) ms96 re-read","3.2M","lean_staten","scratch","K12 flat 2-12 155k","12","T1","3","rr600","600","solved","256","0.8","468","lean_only","lean_judge (Lean 4.34)","2026-09-30","recomputed","fork:dan_long-pool-2:artifacts/lpool2/rr/T1_SN12_s3_ms96__rr600.json","","B:rr600 k256 T0.8 seed0 state ms96 b2048 (best-state settings)","transfer_long_rr600@ad71284f","","96","2048","0.000306"
"ours-3.2M-lean_staten-cap12","SN-cap12 T1 (la_T1_SN12_s3_r8) ms96 re-read","3.2M","lean_staten","scratch","K12 flat 2-12 155k","12","T1","3","ge17_70","70","solved","256","0.8","41","lean_only","lean_judge (Lean 4.34)","2026-09-30","recomputed","fork:dan_long-pool-2:artifacts/lpool2/rr/T1_SN12_s3_ms96__ge17.json","17+","B:rr600 k256 T0.8 seed0 state ms96 b2048 (best-state settings)","transfer_long_ge17@ebd5925d","","96","2048","5.6e-05"
"ours-3.2M-lean_staten-cap12","SN-cap12 T1 (la_T1_SN12_s3_r8) ms96 re-read","3.2M","lean_staten","scratch","K12 flat 2-12 155k","12","T1","3","rr600+ge17_70","670","L_star_ge","256","0.8","17","lean_only","lean_judge (Lean 4.34)","2026-09-30","recomputed","fork:dan_long-pool-2:artifacts/lpool2/rr/T1_SN12_s3_ms96__rr600.json + __ge17.json","","B:rr600 k256 T0.8 seed0 state ms96 b2048 (best-state settings)","transfer_long_rr600@ad71284f;transfer_long_ge17@ebd5925d","","96","2048","0.000306"
"best-9.56M-lean_staten-cap6","best (Robbie recipe) cap6 frozen (best-state stage1 s0)","9.56M","lean_staten","scratch","best recipe cap-6 set","6","frozen","0","long2_21","13","solved","256","0.8","0","lean_only","lean_judge (Lean 4.34)","2026-09-30","recomputed","fork:dan_best-state:artifacts/bs/eval/Fz_best6_s0__long2.json","17","D:long2_21(new) k256 T0.8 seed0 state ms96 b2048","transfer_long2@4543e782","","96","2048","0.0"
"best-9.56M-lean_staten-cap6","best (Robbie recipe) cap6 frozen (best-state stage1 s0)","9.56M","lean_staten","scratch","best recipe cap-6 set","6","frozen","0","long2_21","8","solved","256","0.8","0","lean_only","lean_judge (Lean 4.34)","2026-09-30","recomputed","fork:dan_best-state:artifacts/bs/eval/Fz_best6_s0__long2.json","18+","D:long2_21(new) k256 T0.8 seed0 state ms96 b2048","transfer_long2@4543e782","","96","2048","0.0"
"best-9.56M-lean_staten-cap6","best (Robbie recipe) cap6 frozen (best-state stage1 s0)","9.56M","lean_staten","scratch","best recipe cap-6 set","6","frozen","0","long2_21","21","solved","256","0.8","0","lean_only","lean_judge (Lean 4.34)","2026-09-30","recomputed","fork:dan_best-state:artifacts/bs/eval/Fz_best6_s0__long2.json","","D:long2_21(new) k256 T0.8 seed0 state ms96 b2048","transfer_long2@4543e782","","96","2048","0.0"
"best-9.56M-lean_staten-cap6","best (Robbie recipe) cap6 frozen (best-state stage1 s0)","9.56M","lean_staten","scratch","best recipe cap-6 set","6","frozen","0","rr600","100","solved","256","0.8","22","lean_only","lean_judge (Lean 4.34)","2026-09-30","recomputed","hf://buckets/dan-pandori/nd-rl/best-state/artifacts/bs/eval/Fz_best6_s0__rr600.jsonl","11","B:rr600 k256 T0.8 seed0 state ms96 b2048 (best-state settings)","transfer_long_rr600@ad71284f","","96","2048","0.004466"
"best-9.56M-lean_staten-cap6","best (Robbie recipe) cap6 frozen (best-state stage1 s0)","9.56M","lean_staten","scratch","best recipe cap-6 set","6","frozen","0","rr600_gen","81","solved","256","0.8","22","lean_only","lean_judge (Lean 4.34)","2026-09-30","recomputed","hf://buckets/dan-pandori/nd-rl/best-state/artifacts/bs/eval/Fz_best6_s0__rr600.jsonl","11","B:rr600 k256 T0.8 seed0 state ms96 b2048 (best-state settings)","transfer_long_rr600@ad71284f","","96","2048","0.004466"
"best-9.56M-lean_staten-cap6","best (Robbie recipe) cap6 frozen (best-state stage1 s0)","9.56M","lean_staten","scratch","best recipe cap-6 set","6","frozen","0","rr600","100","solved","256","0.8","8","lean_only","lean_judge (Lean 4.34)","2026-09-30","recomputed","hf://buckets/dan-pandori/nd-rl/best-state/artifacts/bs/eval/Fz_best6_s0__rr600.jsonl","12","B:rr600 k256 T0.8 seed0 state ms96 b2048 (best-state settings)","transfer_long_rr600@ad71284f","","96","2048","0.004466"
"best-9.56M-lean_staten-cap6","best (Robbie recipe) cap6 frozen (best-state stage1 s0)","9.56M","lean_staten","scratch","best recipe cap-6 set","6","frozen","0","rr600_gen","66","solved","256","0.8","8","lean_only","lean_judge (Lean 4.34)","2026-09-30","recomputed","hf://buckets/dan-pandori/nd-rl/best-state/artifacts/bs/eval/Fz_best6_s0__rr600.jsonl","12","B:rr600 k256 T0.8 seed0 state ms96 b2048 (best-state settings)","transfer_long_rr600@ad71284f","","96","2048","0.004466"
"best-9.56M-lean_staten-cap6","best (Robbie recipe) cap6 frozen (best-state stage1 s0)","9.56M","lean_staten","scratch","best recipe cap-6 set","6","frozen","0","rr600","100","solved","256","0.8","3","lean_only","lean_judge (Lean 4.34)","2026-09-30","recomputed","hf://buckets/dan-pandori/nd-rl/best-state/artifacts/bs/eval/Fz_best6_s0__rr600.jsonl","13","B:rr600 k256 T0.8 seed0 state ms96 b2048 (best-state settings)","transfer_long_rr600@ad71284f","","96","2048","0.004466"
"best-9.56M-lean_staten-cap6","best (Robbie recipe) cap6 frozen (best-state stage1 s0)","9.56M","lean_staten","scratch","best recipe cap-6 set","6","frozen","0","rr600_gen","90","solved","256","0.8","3","lean_only","lean_judge (Lean 4.34)","2026-09-30","recomputed","hf://buckets/dan-pandori/nd-rl/best-state/artifacts/bs/eval/Fz_best6_s0__rr600.jsonl","13","B:rr600 k256 T0.8 seed0 state ms96 b2048 (best-state settings)","transfer_long_rr600@ad71284f","","96","2048","0.004466"
"best-9.56M-lean_staten-cap6","best (Robbie recipe) cap6 frozen (best-state stage1 s0)","9.56M","lean_staten","scratch","best recipe cap-6 set","6","frozen","0","rr600","100","solved","256","0.8","4","lean_only","lean_judge (Lean 4.34)","2026-09-30","recomputed","hf://buckets/dan-pandori/nd-rl/best-state/artifacts/bs/eval/Fz_best6_s0__rr600.jsonl","14","B:rr600 k256 T0.8 seed0 state ms96 b2048 (best-state settings)","transfer_long_rr600@ad71284f","","96","2048","0.004466"
"best-9.56M-lean_staten-cap6","best (Robbie recipe) cap6 frozen (best-state stage1 s0)","9.56M","lean_staten","scratch","best recipe cap-6 set","6","frozen","0","rr600_gen","90","solved","256","0.8","4","lean_only","lean_judge (Lean 4.34)","2026-09-30","recomputed","hf://buckets/dan-pandori/nd-rl/best-state/artifacts/bs/eval/Fz_best6_s0__rr600.jsonl","14","B:rr600 k256 T0.8 seed0 state ms96 b2048 (best-state settings)","transfer_long_rr600@ad71284f","","96","2048","0.004466"
"best-9.56M-lean_staten-cap6","best (Robbie recipe) cap6 frozen (best-state stage1 s0)","9.56M","lean_staten","scratch","best recipe cap-6 set","6","frozen","0","rr600","100","solved","256","0.8","1","lean_only","lean_judge (Lean 4.34)","2026-09-30","recomputed","hf://buckets/dan-pandori/nd-rl/best-state/artifacts/bs/eval/Fz_best6_s0__rr600.jsonl","15","B:rr600 k256 T0.8 seed0 state ms96 b2048 (best-state settings)","transfer_long_rr600@ad71284f","","96","2048","0.004466"
"best-9.56M-lean_staten-cap6","best (Robbie recipe) cap6 frozen (best-state stage1 s0)","9.56M","lean_staten","scratch","best recipe cap-6 set","6","frozen","0","rr600_gen","100","solved","256","0.8","1","lean_only","lean_judge (Lean 4.34)","2026-09-30","recomputed","hf://buckets/dan-pandori/nd-rl/best-state/artifacts/bs/eval/Fz_best6_s0__rr600.jsonl","15","B:rr600 k256 T0.8 seed0 state ms96 b2048 (best-state settings)","transfer_long_rr600@ad71284f","","96","2048","0.004466"
"best-9.56M-lean_staten-cap6","best (Robbie recipe) cap6 frozen (best-state stage1 s0)","9.56M","lean_staten","scratch","best recipe cap-6 set","6","frozen","0","rr600","100","solved","256","0.8","0","lean_only","lean_judge (Lean 4.34)","2026-09-30","recomputed","hf://buckets/dan-pandori/nd-rl/best-state/artifacts/bs/eval/Fz_best6_s0__rr600.jsonl","16","B:rr600 k256 T0.8 seed0 state ms96 b2048 (best-state settings)","transfer_long_rr600@ad71284f","","96","2048","0.004466"
"best-9.56M-lean_staten-cap6","best (Robbie recipe) cap6 frozen (best-state stage1 s0)","9.56M","lean_staten","scratch","best recipe cap-6 set","6","frozen","0","rr600_gen","100","solved","256","0.8","0","lean_only","lean_judge (Lean 4.34)","2026-09-30","recomputed","hf://buckets/dan-pandori/nd-rl/best-state/artifacts/bs/eval/Fz_best6_s0__rr600.jsonl","16","B:rr600 k256 T0.8 seed0 state ms96 b2048 (best-state settings)","transfer_long_rr600@ad71284f","","96","2048","0.004466"
"best-9.56M-lean_staten-cap6","best (Robbie recipe) cap6 frozen (best-state stage1 s0)","9.56M","lean_staten","scratch","best recipe cap-6 set","6","frozen","0","rr600","600","solved","256","0.8","38","lean_only","lean_judge (Lean 4.34)","2026-09-30","recomputed","hf://buckets/dan-pandori/nd-rl/best-state/artifacts/bs/eval/Fz_best6_s0__rr600.jsonl","","B:rr600 k256 T0.8 seed0 state ms96 b2048 (best-state settings)","transfer_long_rr600@ad71284f","","96","2048","0.004466"
"best-9.56M-lean_staten-cap6","best (Robbie recipe) cap6 frozen (best-state stage1 s0)","9.56M","lean_staten","scratch","best recipe cap-6 set","6","frozen","0","rr600_gen_L13-16","380","Q","256","0.8","8","lean_only","lean_judge (Lean 4.34)","2026-09-30","recomputed","hf://buckets/dan-pandori/nd-rl/best-state/artifacts/bs/eval/Fz_best6_s0__rr600.jsonl","","B:rr600 k256 T0.8 seed0 state ms96 b2048 (best-state settings)","transfer_long_rr600@ad71284f","","96","2048","0.004466"
"best-9.56M-lean_staten-cap6","best (Robbie recipe) cap6 frozen (best-state stage1 s0)","9.56M","lean_staten","scratch","best recipe cap-6 set","6","frozen","0","rr600","600","max_accepted_lines","256","0.8","18","lean_only","lean_judge (Lean 4.34)","2026-09-30","recomputed","fork:dan_best-state:artifacts/bs/eval/Fz_best6_s0__rr600.json","","B:rr600 k256 T0.8 seed0 state ms96 b2048 (best-state settings)","transfer_long_rr600@ad71284f","","96","2048","0.004466"
"best-9.56M-lean_staten-cap6","best (Robbie recipe) cap6 frozen (best-state stage1 s0)","9.56M","lean_staten","scratch","best recipe cap-6 set","6","frozen","0","rr600","600","frontier_pruned_ge5proofs","256","0.8","14","lean_only","lean_judge (Lean 4.34)","2026-09-30","recomputed","fork:dan_best-state:artifacts/bs/eval/Fz_best6_s0__rr600.json","","B:rr600 k256 T0.8 seed0 state ms96 b2048 (best-state settings)","transfer_long_rr600@ad71284f","","96","2048","0.004466"
"best-9.56M-lean_staten-cap6","best (Robbie recipe) cap6 frozen (best-state stage1 s0)","9.56M","lean_staten","scratch","best recipe cap-6 set","6","frozen","0","long2_21","21","max_accepted_lines","256","0.8","0","lean_only","lean_judge (Lean 4.34)","2026-09-30","recomputed","fork:dan_best-state:artifacts/bs/eval/Fz_best6_s0__long2.json","","D:long2_21(new) k256 T0.8 seed0 state ms96 b2048","transfer_long2@4543e782","","96","2048","0.0"
"best-9.56M-lean_staten-cap6","best (Robbie recipe) cap6 frozen (best-state stage1 s0)","9.56M","lean_staten","scratch","best recipe cap-6 set","6","frozen","0","rr600+long2_21","621","L_star","256","0.8","14","lean_only","lean_judge (Lean 4.34)","2026-09-30","recomputed","fork:dan_best-state:artifacts/bs/eval/Fz_best6_s0__rr600.json + __long2.json","","B:rr600 k256 T0.8 seed0 state ms96 b2048 (best-state settings)","transfer_long_rr600@ad71284f;transfer_long2@4543e782","","96","2048","0.004466"
"best-9.56M-lean_staten-cap6","best (Robbie recipe) cap6 frozen (best-state stage1 s0)","9.56M","lean_staten","scratch","best recipe cap-6 set","6","frozen","0","rr600","600","L_star","256","0.8","14","lean_only","lean_judge (Lean 4.34)","2026-09-30","recomputed","fork:dan_best-state:artifacts/bs/eval/Fz_best6_s0__rr600.json","","B:rr600 k256 T0.8 seed0 state ms96 b2048 (best-state settings)","transfer_long_rr600@ad71284f","","96","2048","0.004466"
"best-9.56M-lean_staten-cap6","best cap6 T1 (best-state la_T1_best6_s0_r8)","9.56M","lean_staten","scratch","best recipe cap-6 set","6","T1","0","long2_21","13","solved","256","0.8","11","lean_only","lean_judge (Lean 4.34)","2026-09-30","recomputed","fork:dan_best-state:artifacts/bs/eval/T1_best6_s0__long2.json","17","D:long2_21(new) k256 T0.8 seed0 state ms96 b2048","transfer_long2@4543e782","","96","2048","0.005208"
"best-9.56M-lean_staten-cap6","best cap6 T1 (best-state la_T1_best6_s0_r8)","9.56M","lean_staten","scratch","best recipe cap-6 set","6","T1","0","long2_21","8","solved","256","0.8","7","lean_only","lean_judge (Lean 4.34)","2026-09-30","recomputed","fork:dan_best-state:artifacts/bs/eval/T1_best6_s0__long2.json","18+","D:long2_21(new) k256 T0.8 seed0 state ms96 b2048","transfer_long2@4543e782","","96","2048","0.005208"
"best-9.56M-lean_staten-cap6","best cap6 T1 (best-state la_T1_best6_s0_r8)","9.56M","lean_staten","scratch","best recipe cap-6 set","6","T1","0","long2_21","21","solved","256","0.8","18","lean_only","lean_judge (Lean 4.34)","2026-09-30","recomputed","fork:dan_best-state:artifacts/bs/eval/T1_best6_s0__long2.json","","D:long2_21(new) k256 T0.8 seed0 state ms96 b2048","transfer_long2@4543e782","","96","2048","0.005208"
"best-9.56M-lean_staten-cap6","best cap6 T1 (best-state la_T1_best6_s0_r8)","9.56M","lean_staten","scratch","best recipe cap-6 set","6","T1","0","rr600","100","solved","256","0.8","91","lean_only","lean_judge (Lean 4.34)","2026-09-30","recomputed","fork:dan_best-state:artifacts/bs/eval/T1_best6_s0__rr600.json","11","B:rr600 k256 T0.8 seed0 state ms96 b2048 (best-state settings)","transfer_long_rr600@ad71284f","","96","2048","0.002285"
"best-9.56M-lean_staten-cap6","best cap6 T1 (best-state la_T1_best6_s0_r8)","9.56M","lean_staten","scratch","best recipe cap-6 set","6","T1","0","rr600","100","solved","256","0.8","79","lean_only","lean_judge (Lean 4.34)","2026-09-30","recomputed","fork:dan_best-state:artifacts/bs/eval/T1_best6_s0__rr600.json","12","B:rr600 k256 T0.8 seed0 state ms96 b2048 (best-state settings)","transfer_long_rr600@ad71284f","","96","2048","0.002285"
"best-9.56M-lean_staten-cap6","best cap6 T1 (best-state la_T1_best6_s0_r8)","9.56M","lean_staten","scratch","best recipe cap-6 set","6","T1","0","rr600","100","solved","256","0.8","84","lean_only","lean_judge (Lean 4.34)","2026-09-30","recomputed","fork:dan_best-state:artifacts/bs/eval/T1_best6_s0__rr600.json","13","B:rr600 k256 T0.8 seed0 state ms96 b2048 (best-state settings)","transfer_long_rr600@ad71284f","","96","2048","0.002285"
"best-9.56M-lean_staten-cap6","best cap6 T1 (best-state la_T1_best6_s0_r8)","9.56M","lean_staten","scratch","best recipe cap-6 set","6","T1","0","rr600","100","solved","256","0.8","85","lean_only","lean_judge (Lean 4.34)","2026-09-30","recomputed","fork:dan_best-state:artifacts/bs/eval/T1_best6_s0__rr600.json","14","B:rr600 k256 T0.8 seed0 state ms96 b2048 (best-state settings)","transfer_long_rr600@ad71284f","","96","2048","0.002285"
"best-9.56M-lean_staten-cap6","best cap6 T1 (best-state la_T1_best6_s0_r8)","9.56M","lean_staten","scratch","best recipe cap-6 set","6","T1","0","rr600","100","solved","256","0.8","95","lean_only","lean_judge (Lean 4.34)","2026-09-30","recomputed","fork:dan_best-state:artifacts/bs/eval/T1_best6_s0__rr600.json","15","B:rr600 k256 T0.8 seed0 state ms96 b2048 (best-state settings)","transfer_long_rr600@ad71284f","","96","2048","0.002285"
"best-9.56M-lean_staten-cap6","best cap6 T1 (best-state la_T1_best6_s0_r8)","9.56M","lean_staten","scratch","best recipe cap-6 set","6","T1","0","rr600","100","solved","256","0.8","88","lean_only","lean_judge (Lean 4.34)","2026-09-30","recomputed","fork:dan_best-state:artifacts/bs/eval/T1_best6_s0__rr600.json","16","B:rr600 k256 T0.8 seed0 state ms96 b2048 (best-state settings)","transfer_long_rr600@ad71284f","","96","2048","0.002285"
"best-9.56M-lean_staten-cap6","best cap6 T1 (best-state la_T1_best6_s0_r8)","9.56M","lean_staten","scratch","best recipe cap-6 set","6","T1","0","rr600","600","solved","256","0.8","522","lean_only","lean_judge (Lean 4.34)","2026-09-30","recomputed","fork:dan_best-state:artifacts/bs/eval/T1_best6_s0__rr600.json","","B:rr600 k256 T0.8 seed0 state ms96 b2048 (best-state settings)","transfer_long_rr600@ad71284f","","96","2048","0.002285"
"best-9.56M-lean_staten-cap6","best cap6 T1 (best-state la_T1_best6_s0_r8)","9.56M","lean_staten","scratch","best recipe cap-6 set","6","T1","0","rr600","600","max_accepted_lines","256","0.8","77","lean_only","lean_judge (Lean 4.34)","2026-09-30","recomputed","fork:dan_best-state:artifacts/bs/eval/T1_best6_s0__rr600.json","","B:rr600 k256 T0.8 seed0 state ms96 b2048 (best-state settings)","transfer_long_rr600@ad71284f","","96","2048","0.002285"
"best-9.56M-lean_staten-cap6","best cap6 T1 (best-state la_T1_best6_s0_r8)","9.56M","lean_staten","scratch","best recipe cap-6 set","6","T1","0","rr600","600","frontier_pruned_ge5proofs","256","0.8","58","lean_only","lean_judge (Lean 4.34)","2026-09-30","recomputed","fork:dan_best-state:artifacts/bs/eval/T1_best6_s0__rr600.json","","B:rr600 k256 T0.8 seed0 state ms96 b2048 (best-state settings)","transfer_long_rr600@ad71284f","","96","2048","0.002285"
"best-9.56M-lean_staten-cap6","best cap6 T1 (best-state la_T1_best6_s0_r8)","9.56M","lean_staten","scratch","best recipe cap-6 set","6","T1","0","long2_21","21","max_accepted_lines","256","0.8","72","lean_only","lean_judge (Lean 4.34)","2026-09-30","recomputed","fork:dan_best-state:artifacts/bs/eval/T1_best6_s0__long2.json","","D:long2_21(new) k256 T0.8 seed0 state ms96 b2048","transfer_long2@4543e782","","96","2048","0.005208"
"best-9.56M-lean_staten-cap6","best cap6 T1 (best-state la_T1_best6_s0_r8)","9.56M","lean_staten","scratch","best recipe cap-6 set","6","T1","0","rr600+long2_21","621","L_star_ge","256","0.8","18","lean_only","lean_judge (Lean 4.34)","2026-09-30","recomputed","fork:dan_best-state:artifacts/bs/eval/T1_best6_s0__rr600.json + __long2.json","","B:rr600 k256 T0.8 seed0 state ms96 b2048 (best-state settings)","transfer_long_rr600@ad71284f;transfer_long2@4543e782","","96","2048","0.002285"
"best-9.56M-lean_staten-cap6","best cap6 T1 (best-state la_T1_best6_s0_r8)","9.56M","lean_staten","scratch","best recipe cap-6 set","6","T1","0","rr600","600","L_star_ge","256","0.8","16","lean_only","lean_judge (Lean 4.34)","2026-09-30","recomputed","fork:dan_best-state:artifacts/bs/eval/T1_best6_s0__rr600.json","","B:rr600 k256 T0.8 seed0 state ms96 b2048 (best-state settings)","transfer_long_rr600@ad71284f","","96","2048","0.002285"
"best-9.56M-lean_staten-cap6","best (Robbie recipe) cap6 frozen (best-state stage1 s1)","9.56M","lean_staten","scratch","best recipe cap-6 set","6","frozen","1","long2_21","13","solved","256","0.8","0","lean_only","lean_judge (Lean 4.34)","2026-09-30","recomputed","fork:dan_best-state:artifacts/bs/eval/Fz_best6_s1__long2.json","17","D:long2_21(new) k256 T0.8 seed0 state ms96 b2048","transfer_long2@4543e782","","96","2048","0.000558"
"best-9.56M-lean_staten-cap6","best (Robbie recipe) cap6 frozen (best-state stage1 s1)","9.56M","lean_staten","scratch","best recipe cap-6 set","6","frozen","1","long2_21","8","solved","256","0.8","0","lean_only","lean_judge (Lean 4.34)","2026-09-30","recomputed","fork:dan_best-state:artifacts/bs/eval/Fz_best6_s1__long2.json","18+","D:long2_21(new) k256 T0.8 seed0 state ms96 b2048","transfer_long2@4543e782","","96","2048","0.000558"
"best-9.56M-lean_staten-cap6","best (Robbie recipe) cap6 frozen (best-state stage1 s1)","9.56M","lean_staten","scratch","best recipe cap-6 set","6","frozen","1","long2_21","21","solved","256","0.8","0","lean_only","lean_judge (Lean 4.34)","2026-09-30","recomputed","fork:dan_best-state:artifacts/bs/eval/Fz_best6_s1__long2.json","","D:long2_21(new) k256 T0.8 seed0 state ms96 b2048","transfer_long2@4543e782","","96","2048","0.000558"
"best-9.56M-lean_staten-cap6","best (Robbie recipe) cap6 frozen (best-state stage1 s1)","9.56M","lean_staten","scratch","best recipe cap-6 set","6","frozen","1","rr600","100","solved","256","0.8","11","lean_only","lean_judge (Lean 4.34)","2026-09-30","recomputed","hf://buckets/dan-pandori/nd-rl/best-state/artifacts/bs/eval/Fz_best6_s1__rr600.jsonl","11","B:rr600 k256 T0.8 seed0 state ms96 b2048 (best-state settings)","transfer_long_rr600@ad71284f","","96","2048","0.006029"
"best-9.56M-lean_staten-cap6","best (Robbie recipe) cap6 frozen (best-state stage1 s1)","9.56M","lean_staten","scratch","best recipe cap-6 set","6","frozen","1","rr600_gen","81","solved","256","0.8","11","lean_only","lean_judge (Lean 4.34)","2026-09-30","recomputed","hf://buckets/dan-pandori/nd-rl/best-state/artifacts/bs/eval/Fz_best6_s1__rr600.jsonl","11","B:rr600 k256 T0.8 seed0 state ms96 b2048 (best-state settings)","transfer_long_rr600@ad71284f","","96","2048","0.006029"
"best-9.56M-lean_staten-cap6","best (Robbie recipe) cap6 frozen (best-state stage1 s1)","9.56M","lean_staten","scratch","best recipe cap-6 set","6","frozen","1","rr600","100","solved","256","0.8","6","lean_only","lean_judge (Lean 4.34)","2026-09-30","recomputed","hf://buckets/dan-pandori/nd-rl/best-state/artifacts/bs/eval/Fz_best6_s1__rr600.jsonl","12","B:rr600 k256 T0.8 seed0 state ms96 b2048 (best-state settings)","transfer_long_rr600@ad71284f","","96","2048","0.006029"
"best-9.56M-lean_staten-cap6","best (Robbie recipe) cap6 frozen (best-state stage1 s1)","9.56M","lean_staten","scratch","best recipe cap-6 set","6","frozen","1","rr600_gen","66","solved","256","0.8","6","lean_only","lean_judge (Lean 4.34)","2026-09-30","recomputed","hf://buckets/dan-pandori/nd-rl/best-state/artifacts/bs/eval/Fz_best6_s1__rr600.jsonl","12","B:rr600 k256 T0.8 seed0 state ms96 b2048 (best-state settings)","transfer_long_rr600@ad71284f","","96","2048","0.006029"
"best-9.56M-lean_staten-cap6","best (Robbie recipe) cap6 frozen (best-state stage1 s1)","9.56M","lean_staten","scratch","best recipe cap-6 set","6","frozen","1","rr600","100","solved","256","0.8","2","lean_only","lean_judge (Lean 4.34)","2026-09-30","recomputed","hf://buckets/dan-pandori/nd-rl/best-state/artifacts/bs/eval/Fz_best6_s1__rr600.jsonl","13","B:rr600 k256 T0.8 seed0 state ms96 b2048 (best-state settings)","transfer_long_rr600@ad71284f","","96","2048","0.006029"
"best-9.56M-lean_staten-cap6","best (Robbie recipe) cap6 frozen (best-state stage1 s1)","9.56M","lean_staten","scratch","best recipe cap-6 set","6","frozen","1","rr600_gen","90","solved","256","0.8","2","lean_only","lean_judge (Lean 4.34)","2026-09-30","recomputed","hf://buckets/dan-pandori/nd-rl/best-state/artifacts/bs/eval/Fz_best6_s1__rr600.jsonl","13","B:rr600 k256 T0.8 seed0 state ms96 b2048 (best-state settings)","transfer_long_rr600@ad71284f","","96","2048","0.006029"
"best-9.56M-lean_staten-cap6","best (Robbie recipe) cap6 frozen (best-state stage1 s1)","9.56M","lean_staten","scratch","best recipe cap-6 set","6","frozen","1","rr600","100","solved","256","0.8","2","lean_only","lean_judge (Lean 4.34)","2026-09-30","recomputed","hf://buckets/dan-pandori/nd-rl/best-state/artifacts/bs/eval/Fz_best6_s1__rr600.jsonl","14","B:rr600 k256 T0.8 seed0 state ms96 b2048 (best-state settings)","transfer_long_rr600@ad71284f","","96","2048","0.006029"
"best-9.56M-lean_staten-cap6","best (Robbie recipe) cap6 frozen (best-state stage1 s1)","9.56M","lean_staten","scratch","best recipe cap-6 set","6","frozen","1","rr600_gen","90","solved","256","0.8","2","lean_only","lean_judge (Lean 4.34)","2026-09-30","recomputed","hf://buckets/dan-pandori/nd-rl/best-state/artifacts/bs/eval/Fz_best6_s1__rr600.jsonl","14","B:rr600 k256 T0.8 seed0 state ms96 b2048 (best-state settings)","transfer_long_rr600@ad71284f","","96","2048","0.006029"
"best-9.56M-lean_staten-cap6","best (Robbie recipe) cap6 frozen (best-state stage1 s1)","9.56M","lean_staten","scratch","best recipe cap-6 set","6","frozen","1","rr600","100","solved","256","0.8","0","lean_only","lean_judge (Lean 4.34)","2026-09-30","recomputed","hf://buckets/dan-pandori/nd-rl/best-state/artifacts/bs/eval/Fz_best6_s1__rr600.jsonl","15","B:rr600 k256 T0.8 seed0 state ms96 b2048 (best-state settings)","transfer_long_rr600@ad71284f","","96","2048","0.006029"
"best-9.56M-lean_staten-cap6","best (Robbie recipe) cap6 frozen (best-state stage1 s1)","9.56M","lean_staten","scratch","best recipe cap-6 set","6","frozen","1","rr600_gen","100","solved","256","0.8","0","lean_only","lean_judge (Lean 4.34)","2026-09-30","recomputed","hf://buckets/dan-pandori/nd-rl/best-state/artifacts/bs/eval/Fz_best6_s1__rr600.jsonl","15","B:rr600 k256 T0.8 seed0 state ms96 b2048 (best-state settings)","transfer_long_rr600@ad71284f","","96","2048","0.006029"
"best-9.56M-lean_staten-cap6","best (Robbie recipe) cap6 frozen (best-state stage1 s1)","9.56M","lean_staten","scratch","best recipe cap-6 set","6","frozen","1","rr600","100","solved","256","0.8","0","lean_only","lean_judge (Lean 4.34)","2026-09-30","recomputed","hf://buckets/dan-pandori/nd-rl/best-state/artifacts/bs/eval/Fz_best6_s1__rr600.jsonl","16","B:rr600 k256 T0.8 seed0 state ms96 b2048 (best-state settings)","transfer_long_rr600@ad71284f","","96","2048","0.006029"
"best-9.56M-lean_staten-cap6","best (Robbie recipe) cap6 frozen (best-state stage1 s1)","9.56M","lean_staten","scratch","best recipe cap-6 set","6","frozen","1","rr600_gen","100","solved","256","0.8","0","lean_only","lean_judge (Lean 4.34)","2026-09-30","recomputed","hf://buckets/dan-pandori/nd-rl/best-state/artifacts/bs/eval/Fz_best6_s1__rr600.jsonl","16","B:rr600 k256 T0.8 seed0 state ms96 b2048 (best-state settings)","transfer_long_rr600@ad71284f","","96","2048","0.006029"
"best-9.56M-lean_staten-cap6","best (Robbie recipe) cap6 frozen (best-state stage1 s1)","9.56M","lean_staten","scratch","best recipe cap-6 set","6","frozen","1","rr600","600","solved","256","0.8","21","lean_only","lean_judge (Lean 4.34)","2026-09-30","recomputed","hf://buckets/dan-pandori/nd-rl/best-state/artifacts/bs/eval/Fz_best6_s1__rr600.jsonl","","B:rr600 k256 T0.8 seed0 state ms96 b2048 (best-state settings)","transfer_long_rr600@ad71284f","","96","2048","0.006029"
"best-9.56M-lean_staten-cap6","best (Robbie recipe) cap6 frozen (best-state stage1 s1)","9.56M","lean_staten","scratch","best recipe cap-6 set","6","frozen","1","rr600_gen_L13-16","380","Q","256","0.8","4","lean_only","lean_judge (Lean 4.34)","2026-09-30","recomputed","hf://buckets/dan-pandori/nd-rl/best-state/artifacts/bs/eval/Fz_best6_s1__rr600.jsonl","","B:rr600 k256 T0.8 seed0 state ms96 b2048 (best-state settings)","transfer_long_rr600@ad71284f","","96","2048","0.006029"
"best-9.56M-lean_staten-cap6","best (Robbie recipe) cap6 frozen (best-state stage1 s1)","9.56M","lean_staten","scratch","best recipe cap-6 set","6","frozen","1","rr600","600","max_accepted_lines","256","0.8","14","lean_only","lean_judge (Lean 4.34)","2026-09-30","recomputed","fork:dan_best-state:artifacts/bs/eval/Fz_best6_s1__rr600.json","","B:rr600 k256 T0.8 seed0 state ms96 b2048 (best-state settings)","transfer_long_rr600@ad71284f","","96","2048","0.006029"
"best-9.56M-lean_staten-cap6","best (Robbie recipe) cap6 frozen (best-state stage1 s1)","9.56M","lean_staten","scratch","best recipe cap-6 set","6","frozen","1","rr600","600","frontier_pruned_ge5proofs","256","0.8","12","lean_only","lean_judge (Lean 4.34)","2026-09-30","recomputed","fork:dan_best-state:artifacts/bs/eval/Fz_best6_s1__rr600.json","","B:rr600 k256 T0.8 seed0 state ms96 b2048 (best-state settings)","transfer_long_rr600@ad71284f","","96","2048","0.006029"
"best-9.56M-lean_staten-cap6","best (Robbie recipe) cap6 frozen (best-state stage1 s1)","9.56M","lean_staten","scratch","best recipe cap-6 set","6","frozen","1","long2_21","21","max_accepted_lines","256","0.8","0","lean_only","lean_judge (Lean 4.34)","2026-09-30","recomputed","fork:dan_best-state:artifacts/bs/eval/Fz_best6_s1__long2.json","","D:long2_21(new) k256 T0.8 seed0 state ms96 b2048","transfer_long2@4543e782","","96","2048","0.000558"
"best-9.56M-lean_staten-cap6","best (Robbie recipe) cap6 frozen (best-state stage1 s1)","9.56M","lean_staten","scratch","best recipe cap-6 set","6","frozen","1","rr600+long2_21","621","L_star","256","0.8","12","lean_only","lean_judge (Lean 4.34)","2026-09-30","recomputed","fork:dan_best-state:artifacts/bs/eval/Fz_best6_s1__rr600.json + __long2.json","","B:rr600 k256 T0.8 seed0 state ms96 b2048 (best-state settings)","transfer_long_rr600@ad71284f;transfer_long2@4543e782","","96","2048","0.006029"
"best-9.56M-lean_staten-cap6","best (Robbie recipe) cap6 frozen (best-state stage1 s1)","9.56M","lean_staten","scratch","best recipe cap-6 set","6","frozen","1","rr600","600","L_star","256","0.8","12","lean_only","lean_judge (Lean 4.34)","2026-09-30","recomputed","fork:dan_best-state:artifacts/bs/eval/Fz_best6_s1__rr600.json","","B:rr600 k256 T0.8 seed0 state ms96 b2048 (best-state settings)","transfer_long_rr600@ad71284f","","96","2048","0.006029"
"best-9.56M-lean_staten-cap6","best cap6 T1 (best-state la_T1_best6_s1_r8)","9.56M","lean_staten","scratch","best recipe cap-6 set","6","T1","1","long2_21","13","solved","256","0.8","12","lean_only","lean_judge (Lean 4.34)","2026-09-30","recomputed","fork:dan_best-state:artifacts/bs/eval/T1_best6_s1__long2.json","17","D:long2_21(new) k256 T0.8 seed0 state ms96 b2048","transfer_long2@4543e782","","96","2048","0.000372"
"best-9.56M-lean_staten-cap6","best cap6 T1 (best-state la_T1_best6_s1_r8)","9.56M","lean_staten","scratch","best recipe cap-6 set","6","T1","1","long2_21","8","solved","256","0.8","6","lean_only","lean_judge (Lean 4.34)","2026-09-30","recomputed","fork:dan_best-state:artifacts/bs/eval/T1_best6_s1__long2.json","18+","D:long2_21(new) k256 T0.8 seed0 state ms96 b2048","transfer_long2@4543e782","","96","2048","0.000372"
"best-9.56M-lean_staten-cap6","best cap6 T1 (best-state la_T1_best6_s1_r8)","9.56M","lean_staten","scratch","best recipe cap-6 set","6","T1","1","long2_21","21","solved","256","0.8","18","lean_only","lean_judge (Lean 4.34)","2026-09-30","recomputed","fork:dan_best-state:artifacts/bs/eval/T1_best6_s1__long2.json","","D:long2_21(new) k256 T0.8 seed0 state ms96 b2048","transfer_long2@4543e782","","96","2048","0.000372"
"best-9.56M-lean_staten-cap6","best cap6 T1 (best-state la_T1_best6_s1_r8)","9.56M","lean_staten","scratch","best recipe cap-6 set","6","T1","1","rr600","100","solved","256","0.8","83","lean_only","lean_judge (Lean 4.34)","2026-09-30","recomputed","fork:dan_best-state:artifacts/bs/eval/T1_best6_s1__rr600.json","11","B:rr600 k256 T0.8 seed0 state ms96 b2048 (best-state settings)","transfer_long_rr600@ad71284f","","96","2048","0.001439"
"best-9.56M-lean_staten-cap6","best cap6 T1 (best-state la_T1_best6_s1_r8)","9.56M","lean_staten","scratch","best recipe cap-6 set","6","T1","1","rr600","100","solved","256","0.8","80","lean_only","lean_judge (Lean 4.34)","2026-09-30","recomputed","fork:dan_best-state:artifacts/bs/eval/T1_best6_s1__rr600.json","12","B:rr600 k256 T0.8 seed0 state ms96 b2048 (best-state settings)","transfer_long_rr600@ad71284f","","96","2048","0.001439"
"best-9.56M-lean_staten-cap6","best cap6 T1 (best-state la_T1_best6_s1_r8)","9.56M","lean_staten","scratch","best recipe cap-6 set","6","T1","1","rr600","100","solved","256","0.8","87","lean_only","lean_judge (Lean 4.34)","2026-09-30","recomputed","fork:dan_best-state:artifacts/bs/eval/T1_best6_s1__rr600.json","13","B:rr600 k256 T0.8 seed0 state ms96 b2048 (best-state settings)","transfer_long_rr600@ad71284f","","96","2048","0.001439"
"best-9.56M-lean_staten-cap6","best cap6 T1 (best-state la_T1_best6_s1_r8)","9.56M","lean_staten","scratch","best recipe cap-6 set","6","T1","1","rr600","100","solved","256","0.8","86","lean_only","lean_judge (Lean 4.34)","2026-09-30","recomputed","fork:dan_best-state:artifacts/bs/eval/T1_best6_s1__rr600.json","14","B:rr600 k256 T0.8 seed0 state ms96 b2048 (best-state settings)","transfer_long_rr600@ad71284f","","96","2048","0.001439"
"best-9.56M-lean_staten-cap6","best cap6 T1 (best-state la_T1_best6_s1_r8)","9.56M","lean_staten","scratch","best recipe cap-6 set","6","T1","1","rr600","100","solved","256","0.8","90","lean_only","lean_judge (Lean 4.34)","2026-09-30","recomputed","fork:dan_best-state:artifacts/bs/eval/T1_best6_s1__rr600.json","15","B:rr600 k256 T0.8 seed0 state ms96 b2048 (best-state settings)","transfer_long_rr600@ad71284f","","96","2048","0.001439"
"best-9.56M-lean_staten-cap6","best cap6 T1 (best-state la_T1_best6_s1_r8)","9.56M","lean_staten","scratch","best recipe cap-6 set","6","T1","1","rr600","100","solved","256","0.8","87","lean_only","lean_judge (Lean 4.34)","2026-09-30","recomputed","fork:dan_best-state:artifacts/bs/eval/T1_best6_s1__rr600.json","16","B:rr600 k256 T0.8 seed0 state ms96 b2048 (best-state settings)","transfer_long_rr600@ad71284f","","96","2048","0.001439"
"best-9.56M-lean_staten-cap6","best cap6 T1 (best-state la_T1_best6_s1_r8)","9.56M","lean_staten","scratch","best recipe cap-6 set","6","T1","1","rr600","600","solved","256","0.8","513","lean_only","lean_judge (Lean 4.34)","2026-09-30","recomputed","fork:dan_best-state:artifacts/bs/eval/T1_best6_s1__rr600.json","","B:rr600 k256 T0.8 seed0 state ms96 b2048 (best-state settings)","transfer_long_rr600@ad71284f","","96","2048","0.001439"
"best-9.56M-lean_staten-cap6","best cap6 T1 (best-state la_T1_best6_s1_r8)","9.56M","lean_staten","scratch","best recipe cap-6 set","6","T1","1","rr600","600","max_accepted_lines","256","0.8","77","lean_only","lean_judge (Lean 4.34)","2026-09-30","recomputed","fork:dan_best-state:artifacts/bs/eval/T1_best6_s1__rr600.json","","B:rr600 k256 T0.8 seed0 state ms96 b2048 (best-state settings)","transfer_long_rr600@ad71284f","","96","2048","0.001439"
"best-9.56M-lean_staten-cap6","best cap6 T1 (best-state la_T1_best6_s1_r8)","9.56M","lean_staten","scratch","best recipe cap-6 set","6","T1","1","rr600","600","frontier_pruned_ge5proofs","256","0.8","49","lean_only","lean_judge (Lean 4.34)","2026-09-30","recomputed","fork:dan_best-state:artifacts/bs/eval/T1_best6_s1__rr600.json","","B:rr600 k256 T0.8 seed0 state ms96 b2048 (best-state settings)","transfer_long_rr600@ad71284f","","96","2048","0.001439"
"best-9.56M-lean_staten-cap6","best cap6 T1 (best-state la_T1_best6_s1_r8)","9.56M","lean_staten","scratch","best recipe cap-6 set","6","T1","1","long2_21","21","max_accepted_lines","256","0.8","54","lean_only","lean_judge (Lean 4.34)","2026-09-30","recomputed","fork:dan_best-state:artifacts/bs/eval/T1_best6_s1__long2.json","","D:long2_21(new) k256 T0.8 seed0 state ms96 b2048","transfer_long2@4543e782","","96","2048","0.000372"
"best-9.56M-lean_staten-cap6","best cap6 T1 (best-state la_T1_best6_s1_r8)","9.56M","lean_staten","scratch","best recipe cap-6 set","6","T1","1","rr600+long2_21","621","L_star_ge","256","0.8","18","lean_only","lean_judge (Lean 4.34)","2026-09-30","recomputed","fork:dan_best-state:artifacts/bs/eval/T1_best6_s1__rr600.json + __long2.json","","B:rr600 k256 T0.8 seed0 state ms96 b2048 (best-state settings)","transfer_long_rr600@ad71284f;transfer_long2@4543e782","","96","2048","0.001439"
"best-9.56M-lean_staten-cap6","best cap6 T1 (best-state la_T1_best6_s1_r8)","9.56M","lean_staten","scratch","best recipe cap-6 set","6","T1","1","rr600","600","L_star_ge","256","0.8","16","lean_only","lean_judge (Lean 4.34)","2026-09-30","recomputed","fork:dan_best-state:artifacts/bs/eval/T1_best6_s1__rr600.json","","B:rr600 k256 T0.8 seed0 state ms96 b2048 (best-state settings)","transfer_long_rr600@ad71284f","","96","2048","0.001439"
"best-9.56M-lean_staten-cap6","best (Robbie recipe) cap6 frozen (best-state stage1 s2)","9.56M","lean_staten","scratch","best recipe cap-6 set","6","frozen","2","long2_21","13","solved","256","0.8","0","lean_only","lean_judge (Lean 4.34)","2026-09-30","recomputed","fork:dan_best-state:artifacts/bs/eval/Fz_best6_s2__long2.json","17","D:long2_21(new) k256 T0.8 seed0 state ms96 b2048","transfer_long2@4543e782","","96","2048","0.013579"
"best-9.56M-lean_staten-cap6","best (Robbie recipe) cap6 frozen (best-state stage1 s2)","9.56M","lean_staten","scratch","best recipe cap-6 set","6","frozen","2","long2_21","8","solved","256","0.8","0","lean_only","lean_judge (Lean 4.34)","2026-09-30","recomputed","fork:dan_best-state:artifacts/bs/eval/Fz_best6_s2__long2.json","18+","D:long2_21(new) k256 T0.8 seed0 state ms96 b2048","transfer_long2@4543e782","","96","2048","0.013579"
"best-9.56M-lean_staten-cap6","best (Robbie recipe) cap6 frozen (best-state stage1 s2)","9.56M","lean_staten","scratch","best recipe cap-6 set","6","frozen","2","long2_21","21","solved","256","0.8","0","lean_only","lean_judge (Lean 4.34)","2026-09-30","recomputed","fork:dan_best-state:artifacts/bs/eval/Fz_best6_s2__long2.json","","D:long2_21(new) k256 T0.8 seed0 state ms96 b2048","transfer_long2@4543e782","","96","2048","0.013579"
"best-9.56M-lean_staten-cap6","best (Robbie recipe) cap6 frozen (best-state stage1 s2)","9.56M","lean_staten","scratch","best recipe cap-6 set","6","frozen","2","rr600","100","solved","256","0.8","12","lean_only","lean_judge (Lean 4.34)","2026-09-30","recomputed","hf://buckets/dan-pandori/nd-rl/best-state/artifacts/bs/eval/Fz_best6_s2__rr600.jsonl","11","B:rr600 k256 T0.8 seed0 state ms96 b2048 (best-state settings)","transfer_long_rr600@ad71284f","","96","2048","0.01472"
"best-9.56M-lean_staten-cap6","best (Robbie recipe) cap6 frozen (best-state stage1 s2)","9.56M","lean_staten","scratch","best recipe cap-6 set","6","frozen","2","rr600_gen","81","solved","256","0.8","12","lean_only","lean_judge (Lean 4.34)","2026-09-30","recomputed","hf://buckets/dan-pandori/nd-rl/best-state/artifacts/bs/eval/Fz_best6_s2__rr600.jsonl","11","B:rr600 k256 T0.8 seed0 state ms96 b2048 (best-state settings)","transfer_long_rr600@ad71284f","","96","2048","0.01472"
"best-9.56M-lean_staten-cap6","best (Robbie recipe) cap6 frozen (best-state stage1 s2)","9.56M","lean_staten","scratch","best recipe cap-6 set","6","frozen","2","rr600","100","solved","256","0.8","4","lean_only","lean_judge (Lean 4.34)","2026-09-30","recomputed","hf://buckets/dan-pandori/nd-rl/best-state/artifacts/bs/eval/Fz_best6_s2__rr600.jsonl","12","B:rr600 k256 T0.8 seed0 state ms96 b2048 (best-state settings)","transfer_long_rr600@ad71284f","","96","2048","0.01472"
"best-9.56M-lean_staten-cap6","best (Robbie recipe) cap6 frozen (best-state stage1 s2)","9.56M","lean_staten","scratch","best recipe cap-6 set","6","frozen","2","rr600_gen","66","solved","256","0.8","4","lean_only","lean_judge (Lean 4.34)","2026-09-30","recomputed","hf://buckets/dan-pandori/nd-rl/best-state/artifacts/bs/eval/Fz_best6_s2__rr600.jsonl","12","B:rr600 k256 T0.8 seed0 state ms96 b2048 (best-state settings)","transfer_long_rr600@ad71284f","","96","2048","0.01472"
"best-9.56M-lean_staten-cap6","best (Robbie recipe) cap6 frozen (best-state stage1 s2)","9.56M","lean_staten","scratch","best recipe cap-6 set","6","frozen","2","rr600","100","solved","256","0.8","4","lean_only","lean_judge (Lean 4.34)","2026-09-30","recomputed","hf://buckets/dan-pandori/nd-rl/best-state/artifacts/bs/eval/Fz_best6_s2__rr600.jsonl","13","B:rr600 k256 T0.8 seed0 state ms96 b2048 (best-state settings)","transfer_long_rr600@ad71284f","","96","2048","0.01472"
"best-9.56M-lean_staten-cap6","best (Robbie recipe) cap6 frozen (best-state stage1 s2)","9.56M","lean_staten","scratch","best recipe cap-6 set","6","frozen","2","rr600_gen","90","solved","256","0.8","4","lean_only","lean_judge (Lean 4.34)","2026-09-30","recomputed","hf://buckets/dan-pandori/nd-rl/best-state/artifacts/bs/eval/Fz_best6_s2__rr600.jsonl","13","B:rr600 k256 T0.8 seed0 state ms96 b2048 (best-state settings)","transfer_long_rr600@ad71284f","","96","2048","0.01472"
"best-9.56M-lean_staten-cap6","best (Robbie recipe) cap6 frozen (best-state stage1 s2)","9.56M","lean_staten","scratch","best recipe cap-6 set","6","frozen","2","rr600","100","solved","256","0.8","1","lean_only","lean_judge (Lean 4.34)","2026-09-30","recomputed","hf://buckets/dan-pandori/nd-rl/best-state/artifacts/bs/eval/Fz_best6_s2__rr600.jsonl","14","B:rr600 k256 T0.8 seed0 state ms96 b2048 (best-state settings)","transfer_long_rr600@ad71284f","","96","2048","0.01472"
"best-9.56M-lean_staten-cap6","best (Robbie recipe) cap6 frozen (best-state stage1 s2)","9.56M","lean_staten","scratch","best recipe cap-6 set","6","frozen","2","rr600_gen","90","solved","256","0.8","1","lean_only","lean_judge (Lean 4.34)","2026-09-30","recomputed","hf://buckets/dan-pandori/nd-rl/best-state/artifacts/bs/eval/Fz_best6_s2__rr600.jsonl","14","B:rr600 k256 T0.8 seed0 state ms96 b2048 (best-state settings)","transfer_long_rr600@ad71284f","","96","2048","0.01472"
"best-9.56M-lean_staten-cap6","best (Robbie recipe) cap6 frozen (best-state stage1 s2)","9.56M","lean_staten","scratch","best recipe cap-6 set","6","frozen","2","rr600","100","solved","256","0.8","0","lean_only","lean_judge (Lean 4.34)","2026-09-30","recomputed","hf://buckets/dan-pandori/nd-rl/best-state/artifacts/bs/eval/Fz_best6_s2__rr600.jsonl","15","B:rr600 k256 T0.8 seed0 state ms96 b2048 (best-state settings)","transfer_long_rr600@ad71284f","","96","2048","0.01472"
"best-9.56M-lean_staten-cap6","best (Robbie recipe) cap6 frozen (best-state stage1 s2)","9.56M","lean_staten","scratch","best recipe cap-6 set","6","frozen","2","rr600_gen","100","solved","256","0.8","0","lean_only","lean_judge (Lean 4.34)","2026-09-30","recomputed","hf://buckets/dan-pandori/nd-rl/best-state/artifacts/bs/eval/Fz_best6_s2__rr600.jsonl","15","B:rr600 k256 T0.8 seed0 state ms96 b2048 (best-state settings)","transfer_long_rr600@ad71284f","","96","2048","0.01472"
"best-9.56M-lean_staten-cap6","best (Robbie recipe) cap6 frozen (best-state stage1 s2)","9.56M","lean_staten","scratch","best recipe cap-6 set","6","frozen","2","rr600","100","solved","256","0.8","2","lean_only","lean_judge (Lean 4.34)","2026-09-30","recomputed","hf://buckets/dan-pandori/nd-rl/best-state/artifacts/bs/eval/Fz_best6_s2__rr600.jsonl","16","B:rr600 k256 T0.8 seed0 state ms96 b2048 (best-state settings)","transfer_long_rr600@ad71284f","","96","2048","0.01472"
"best-9.56M-lean_staten-cap6","best (Robbie recipe) cap6 frozen (best-state stage1 s2)","9.56M","lean_staten","scratch","best recipe cap-6 set","6","frozen","2","rr600_gen","100","solved","256","0.8","2","lean_only","lean_judge (Lean 4.34)","2026-09-30","recomputed","hf://buckets/dan-pandori/nd-rl/best-state/artifacts/bs/eval/Fz_best6_s2__rr600.jsonl","16","B:rr600 k256 T0.8 seed0 state ms96 b2048 (best-state settings)","transfer_long_rr600@ad71284f","","96","2048","0.01472"
"best-9.56M-lean_staten-cap6","best (Robbie recipe) cap6 frozen (best-state stage1 s2)","9.56M","lean_staten","scratch","best recipe cap-6 set","6","frozen","2","rr600","600","solved","256","0.8","23","lean_only","lean_judge (Lean 4.34)","2026-09-30","recomputed","hf://buckets/dan-pandori/nd-rl/best-state/artifacts/bs/eval/Fz_best6_s2__rr600.jsonl","","B:rr600 k256 T0.8 seed0 state ms96 b2048 (best-state settings)","transfer_long_rr600@ad71284f","","96","2048","0.01472"
"best-9.56M-lean_staten-cap6","best (Robbie recipe) cap6 frozen (best-state stage1 s2)","9.56M","lean_staten","scratch","best recipe cap-6 set","6","frozen","2","rr600_gen_L13-16","380","Q","256","0.8","7","lean_only","lean_judge (Lean 4.34)","2026-09-30","recomputed","hf://buckets/dan-pandori/nd-rl/best-state/artifacts/bs/eval/Fz_best6_s2__rr600.jsonl","","B:rr600 k256 T0.8 seed0 state ms96 b2048 (best-state settings)","transfer_long_rr600@ad71284f","","96","2048","0.01472"
"best-9.56M-lean_staten-cap6","best (Robbie recipe) cap6 frozen (best-state stage1 s2)","9.56M","lean_staten","scratch","best recipe cap-6 set","6","frozen","2","rr600","600","max_accepted_lines","256","0.8","17","lean_only","lean_judge (Lean 4.34)","2026-09-30","recomputed","fork:dan_best-state:artifacts/bs/eval/Fz_best6_s2__rr600.json","","B:rr600 k256 T0.8 seed0 state ms96 b2048 (best-state settings)","transfer_long_rr600@ad71284f","","96","2048","0.01472"
"best-9.56M-lean_staten-cap6","best (Robbie recipe) cap6 frozen (best-state stage1 s2)","9.56M","lean_staten","scratch","best recipe cap-6 set","6","frozen","2","rr600","600","frontier_pruned_ge5proofs","256","0.8","16","lean_only","lean_judge (Lean 4.34)","2026-09-30","recomputed","fork:dan_best-state:artifacts/bs/eval/Fz_best6_s2__rr600.json","","B:rr600 k256 T0.8 seed0 state ms96 b2048 (best-state settings)","transfer_long_rr600@ad71284f","","96","2048","0.01472"
"best-9.56M-lean_staten-cap6","best (Robbie recipe) cap6 frozen (best-state stage1 s2)","9.56M","lean_staten","scratch","best recipe cap-6 set","6","frozen","2","long2_21","21","max_accepted_lines","256","0.8","0","lean_only","lean_judge (Lean 4.34)","2026-09-30","recomputed","fork:dan_best-state:artifacts/bs/eval/Fz_best6_s2__long2.json","","D:long2_21(new) k256 T0.8 seed0 state ms96 b2048","transfer_long2@4543e782","","96","2048","0.013579"
"best-9.56M-lean_staten-cap6","best (Robbie recipe) cap6 frozen (best-state stage1 s2)","9.56M","lean_staten","scratch","best recipe cap-6 set","6","frozen","2","rr600+long2_21","621","L_star","256","0.8","13","lean_only","lean_judge (Lean 4.34)","2026-09-30","recomputed","fork:dan_best-state:artifacts/bs/eval/Fz_best6_s2__rr600.json + __long2.json","","B:rr600 k256 T0.8 seed0 state ms96 b2048 (best-state settings)","transfer_long_rr600@ad71284f;transfer_long2@4543e782","","96","2048","0.01472"
"best-9.56M-lean_staten-cap6","best (Robbie recipe) cap6 frozen (best-state stage1 s2)","9.56M","lean_staten","scratch","best recipe cap-6 set","6","frozen","2","rr600","600","L_star","256","0.8","13","lean_only","lean_judge (Lean 4.34)","2026-09-30","recomputed","fork:dan_best-state:artifacts/bs/eval/Fz_best6_s2__rr600.json","","B:rr600 k256 T0.8 seed0 state ms96 b2048 (best-state settings)","transfer_long_rr600@ad71284f","","96","2048","0.01472"
"best-9.56M-lean_staten-cap6","best cap6 T1 (best-state la_T1_best6_s2_r8)","9.56M","lean_staten","scratch","best recipe cap-6 set","6","T1","2","long2_21","13","solved","256","0.8","11","lean_only","lean_judge (Lean 4.34)","2026-09-30","recomputed","fork:dan_best-state:artifacts/bs/eval/T1_best6_s2__long2.json","17","D:long2_21(new) k256 T0.8 seed0 state ms96 b2048","transfer_long2@4543e782","","96","2048","0.0"
"best-9.56M-lean_staten-cap6","best cap6 T1 (best-state la_T1_best6_s2_r8)","9.56M","lean_staten","scratch","best recipe cap-6 set","6","T1","2","long2_21","8","solved","256","0.8","6","lean_only","lean_judge (Lean 4.34)","2026-09-30","recomputed","fork:dan_best-state:artifacts/bs/eval/T1_best6_s2__long2.json","18+","D:long2_21(new) k256 T0.8 seed0 state ms96 b2048","transfer_long2@4543e782","","96","2048","0.0"
"best-9.56M-lean_staten-cap6","best cap6 T1 (best-state la_T1_best6_s2_r8)","9.56M","lean_staten","scratch","best recipe cap-6 set","6","T1","2","long2_21","21","solved","256","0.8","17","lean_only","lean_judge (Lean 4.34)","2026-09-30","recomputed","fork:dan_best-state:artifacts/bs/eval/T1_best6_s2__long2.json","","D:long2_21(new) k256 T0.8 seed0 state ms96 b2048","transfer_long2@4543e782","","96","2048","0.0"
"best-9.56M-lean_staten-cap6","best cap6 T1 (best-state la_T1_best6_s2_r8)","9.56M","lean_staten","scratch","best recipe cap-6 set","6","T1","2","rr600","100","solved","256","0.8","84","lean_only","lean_judge (Lean 4.34)","2026-09-30","recomputed","fork:dan_best-state:artifacts/bs/eval/T1_best6_s2__rr600.json","11","B:rr600 k256 T0.8 seed0 state ms96 b2048 (best-state settings)","transfer_long_rr600@ad71284f","","96","2048","0.000586"
"best-9.56M-lean_staten-cap6","best cap6 T1 (best-state la_T1_best6_s2_r8)","9.56M","lean_staten","scratch","best recipe cap-6 set","6","T1","2","rr600","100","solved","256","0.8","82","lean_only","lean_judge (Lean 4.34)","2026-09-30","recomputed","fork:dan_best-state:artifacts/bs/eval/T1_best6_s2__rr600.json","12","B:rr600 k256 T0.8 seed0 state ms96 b2048 (best-state settings)","transfer_long_rr600@ad71284f","","96","2048","0.000586"
"best-9.56M-lean_staten-cap6","best cap6 T1 (best-state la_T1_best6_s2_r8)","9.56M","lean_staten","scratch","best recipe cap-6 set","6","T1","2","rr600","100","solved","256","0.8","84","lean_only","lean_judge (Lean 4.34)","2026-09-30","recomputed","fork:dan_best-state:artifacts/bs/eval/T1_best6_s2__rr600.json","13","B:rr600 k256 T0.8 seed0 state ms96 b2048 (best-state settings)","transfer_long_rr600@ad71284f","","96","2048","0.000586"
"best-9.56M-lean_staten-cap6","best cap6 T1 (best-state la_T1_best6_s2_r8)","9.56M","lean_staten","scratch","best recipe cap-6 set","6","T1","2","rr600","100","solved","256","0.8","87","lean_only","lean_judge (Lean 4.34)","2026-09-30","recomputed","fork:dan_best-state:artifacts/bs/eval/T1_best6_s2__rr600.json","14","B:rr600 k256 T0.8 seed0 state ms96 b2048 (best-state settings)","transfer_long_rr600@ad71284f","","96","2048","0.000586"
"best-9.56M-lean_staten-cap6","best cap6 T1 (best-state la_T1_best6_s2_r8)","9.56M","lean_staten","scratch","best recipe cap-6 set","6","T1","2","rr600","100","solved","256","0.8","92","lean_only","lean_judge (Lean 4.34)","2026-09-30","recomputed","fork:dan_best-state:artifacts/bs/eval/T1_best6_s2__rr600.json","15","B:rr600 k256 T0.8 seed0 state ms96 b2048 (best-state settings)","transfer_long_rr600@ad71284f","","96","2048","0.000586"
"best-9.56M-lean_staten-cap6","best cap6 T1 (best-state la_T1_best6_s2_r8)","9.56M","lean_staten","scratch","best recipe cap-6 set","6","T1","2","rr600","100","solved","256","0.8","80","lean_only","lean_judge (Lean 4.34)","2026-09-30","recomputed","fork:dan_best-state:artifacts/bs/eval/T1_best6_s2__rr600.json","16","B:rr600 k256 T0.8 seed0 state ms96 b2048 (best-state settings)","transfer_long_rr600@ad71284f","","96","2048","0.000586"
"best-9.56M-lean_staten-cap6","best cap6 T1 (best-state la_T1_best6_s2_r8)","9.56M","lean_staten","scratch","best recipe cap-6 set","6","T1","2","rr600","600","solved","256","0.8","509","lean_only","lean_judge (Lean 4.34)","2026-09-30","recomputed","fork:dan_best-state:artifacts/bs/eval/T1_best6_s2__rr600.json","","B:rr600 k256 T0.8 seed0 state ms96 b2048 (best-state settings)","transfer_long_rr600@ad71284f","","96","2048","0.000586"
"best-9.56M-lean_staten-cap6","best cap6 T1 (best-state la_T1_best6_s2_r8)","9.56M","lean_staten","scratch","best recipe cap-6 set","6","T1","2","rr600","600","max_accepted_lines","256","0.8","82","lean_only","lean_judge (Lean 4.34)","2026-09-30","recomputed","fork:dan_best-state:artifacts/bs/eval/T1_best6_s2__rr600.json","","B:rr600 k256 T0.8 seed0 state ms96 b2048 (best-state settings)","transfer_long_rr600@ad71284f","","96","2048","0.000586"
"best-9.56M-lean_staten-cap6","best cap6 T1 (best-state la_T1_best6_s2_r8)","9.56M","lean_staten","scratch","best recipe cap-6 set","6","T1","2","rr600","600","frontier_pruned_ge5proofs","256","0.8","55","lean_only","lean_judge (Lean 4.34)","2026-09-30","recomputed","fork:dan_best-state:artifacts/bs/eval/T1_best6_s2__rr600.json","","B:rr600 k256 T0.8 seed0 state ms96 b2048 (best-state settings)","transfer_long_rr600@ad71284f","","96","2048","0.000586"
"best-9.56M-lean_staten-cap6","best cap6 T1 (best-state la_T1_best6_s2_r8)","9.56M","lean_staten","scratch","best recipe cap-6 set","6","T1","2","long2_21","21","max_accepted_lines","256","0.8","39","lean_only","lean_judge (Lean 4.34)","2026-09-30","recomputed","fork:dan_best-state:artifacts/bs/eval/T1_best6_s2__long2.json","","D:long2_21(new) k256 T0.8 seed0 state ms96 b2048","transfer_long2@4543e782","","96","2048","0.0"
"best-9.56M-lean_staten-cap6","best cap6 T1 (best-state la_T1_best6_s2_r8)","9.56M","lean_staten","scratch","best recipe cap-6 set","6","T1","2","rr600+long2_21","621","L_star_ge","256","0.8","18","lean_only","lean_judge (Lean 4.34)","2026-09-30","recomputed","fork:dan_best-state:artifacts/bs/eval/T1_best6_s2__rr600.json + __long2.json","","B:rr600 k256 T0.8 seed0 state ms96 b2048 (best-state settings)","transfer_long_rr600@ad71284f;transfer_long2@4543e782","","96","2048","0.000586"
"best-9.56M-lean_staten-cap6","best cap6 T1 (best-state la_T1_best6_s2_r8)","9.56M","lean_staten","scratch","best recipe cap-6 set","6","T1","2","rr600","600","L_star_ge","256","0.8","16","lean_only","lean_judge (Lean 4.34)","2026-09-30","recomputed","fork:dan_best-state:artifacts/bs/eval/T1_best6_s2__rr600.json","","B:rr600 k256 T0.8 seed0 state ms96 b2048 (best-state settings)","transfer_long_rr600@ad71284f","","96","2048","0.000586"
"best-9.56M-lean_staten-cap12","best (Robbie recipe) cap12 frozen (best-state stage1 s0)","9.56M","lean_staten","scratch","best recipe K12 155k","12","frozen","0","long2_21","13","solved","256","0.8","6","lean_only","lean_judge (Lean 4.34)","2026-09-30","recomputed","fork:dan_best-state:artifacts/bs/eval/Fz_best12_s0__long2.json","17","D:long2_21(new) k256 T0.8 seed0 state ms96 b2048","transfer_long2@4543e782","","96","2048","0.0"
"best-9.56M-lean_staten-cap12","best (Robbie recipe) cap12 frozen (best-state stage1 s0)","9.56M","lean_staten","scratch","best recipe K12 155k","12","frozen","0","long2_21","8","solved","256","0.8","4","lean_only","lean_judge (Lean 4.34)","2026-09-30","recomputed","fork:dan_best-state:artifacts/bs/eval/Fz_best12_s0__long2.json","18+","D:long2_21(new) k256 T0.8 seed0 state ms96 b2048","transfer_long2@4543e782","","96","2048","0.0"
"best-9.56M-lean_staten-cap12","best (Robbie recipe) cap12 frozen (best-state stage1 s0)","9.56M","lean_staten","scratch","best recipe K12 155k","12","frozen","0","long2_21","21","solved","256","0.8","10","lean_only","lean_judge (Lean 4.34)","2026-09-30","recomputed","fork:dan_best-state:artifacts/bs/eval/Fz_best12_s0__long2.json","","D:long2_21(new) k256 T0.8 seed0 state ms96 b2048","transfer_long2@4543e782","","96","2048","0.0"
"best-9.56M-lean_staten-cap12","best (Robbie recipe) cap12 frozen (best-state stage1 s0)","9.56M","lean_staten","scratch","best recipe K12 155k","12","frozen","0","rr600","100","solved","256","0.8","70","lean_only","lean_judge (Lean 4.34)","2026-09-30","recomputed","hf://buckets/dan-pandori/nd-rl/best-state/artifacts/bs/eval/Fz_best12_s0__rr600.jsonl","11","B:rr600 k256 T0.8 seed0 state ms96 b2048 (best-state settings)","transfer_long_rr600@ad71284f","","96","2048","0.002441"
"best-9.56M-lean_staten-cap12","best (Robbie recipe) cap12 frozen (best-state stage1 s0)","9.56M","lean_staten","scratch","best recipe K12 155k","12","frozen","0","rr600_gen","81","solved","256","0.8","69","lean_only","lean_judge (Lean 4.34)","2026-09-30","recomputed","hf://buckets/dan-pandori/nd-rl/best-state/artifacts/bs/eval/Fz_best12_s0__rr600.jsonl","11","B:rr600 k256 T0.8 seed0 state ms96 b2048 (best-state settings)","transfer_long_rr600@ad71284f","","96","2048","0.002441"
"best-9.56M-lean_staten-cap12","best (Robbie recipe) cap12 frozen (best-state stage1 s0)","9.56M","lean_staten","scratch","best recipe K12 155k","12","frozen","0","rr600","100","solved","256","0.8","60","lean_only","lean_judge (Lean 4.34)","2026-09-30","recomputed","hf://buckets/dan-pandori/nd-rl/best-state/artifacts/bs/eval/Fz_best12_s0__rr600.jsonl","12","B:rr600 k256 T0.8 seed0 state ms96 b2048 (best-state settings)","transfer_long_rr600@ad71284f","","96","2048","0.002441"
"best-9.56M-lean_staten-cap12","best (Robbie recipe) cap12 frozen (best-state stage1 s0)","9.56M","lean_staten","scratch","best recipe K12 155k","12","frozen","0","rr600_gen","66","solved","256","0.8","50","lean_only","lean_judge (Lean 4.34)","2026-09-30","recomputed","hf://buckets/dan-pandori/nd-rl/best-state/artifacts/bs/eval/Fz_best12_s0__rr600.jsonl","12","B:rr600 k256 T0.8 seed0 state ms96 b2048 (best-state settings)","transfer_long_rr600@ad71284f","","96","2048","0.002441"
"best-9.56M-lean_staten-cap12","best (Robbie recipe) cap12 frozen (best-state stage1 s0)","9.56M","lean_staten","scratch","best recipe K12 155k","12","frozen","0","rr600","100","solved","256","0.8","68","lean_only","lean_judge (Lean 4.34)","2026-09-30","recomputed","hf://buckets/dan-pandori/nd-rl/best-state/artifacts/bs/eval/Fz_best12_s0__rr600.jsonl","13","B:rr600 k256 T0.8 seed0 state ms96 b2048 (best-state settings)","transfer_long_rr600@ad71284f","","96","2048","0.002441"
"best-9.56M-lean_staten-cap12","best (Robbie recipe) cap12 frozen (best-state stage1 s0)","9.56M","lean_staten","scratch","best recipe K12 155k","12","frozen","0","rr600_gen","90","solved","256","0.8","68","lean_only","lean_judge (Lean 4.34)","2026-09-30","recomputed","hf://buckets/dan-pandori/nd-rl/best-state/artifacts/bs/eval/Fz_best12_s0__rr600.jsonl","13","B:rr600 k256 T0.8 seed0 state ms96 b2048 (best-state settings)","transfer_long_rr600@ad71284f","","96","2048","0.002441"
"best-9.56M-lean_staten-cap12","best (Robbie recipe) cap12 frozen (best-state stage1 s0)","9.56M","lean_staten","scratch","best recipe K12 155k","12","frozen","0","rr600","100","solved","256","0.8","67","lean_only","lean_judge (Lean 4.34)","2026-09-30","recomputed","hf://buckets/dan-pandori/nd-rl/best-state/artifacts/bs/eval/Fz_best12_s0__rr600.jsonl","14","B:rr600 k256 T0.8 seed0 state ms96 b2048 (best-state settings)","transfer_long_rr600@ad71284f","","96","2048","0.002441"
"best-9.56M-lean_staten-cap12","best (Robbie recipe) cap12 frozen (best-state stage1 s0)","9.56M","lean_staten","scratch","best recipe K12 155k","12","frozen","0","rr600_gen","90","solved","256","0.8","67","lean_only","lean_judge (Lean 4.34)","2026-09-30","recomputed","hf://buckets/dan-pandori/nd-rl/best-state/artifacts/bs/eval/Fz_best12_s0__rr600.jsonl","14","B:rr600 k256 T0.8 seed0 state ms96 b2048 (best-state settings)","transfer_long_rr600@ad71284f","","96","2048","0.002441"
"best-9.56M-lean_staten-cap12","best (Robbie recipe) cap12 frozen (best-state stage1 s0)","9.56M","lean_staten","scratch","best recipe K12 155k","12","frozen","0","rr600","100","solved","256","0.8","72","lean_only","lean_judge (Lean 4.34)","2026-09-30","recomputed","hf://buckets/dan-pandori/nd-rl/best-state/artifacts/bs/eval/Fz_best12_s0__rr600.jsonl","15","B:rr600 k256 T0.8 seed0 state ms96 b2048 (best-state settings)","transfer_long_rr600@ad71284f","","96","2048","0.002441"
"best-9.56M-lean_staten-cap12","best (Robbie recipe) cap12 frozen (best-state stage1 s0)","9.56M","lean_staten","scratch","best recipe K12 155k","12","frozen","0","rr600_gen","100","solved","256","0.8","72","lean_only","lean_judge (Lean 4.34)","2026-09-30","recomputed","hf://buckets/dan-pandori/nd-rl/best-state/artifacts/bs/eval/Fz_best12_s0__rr600.jsonl","15","B:rr600 k256 T0.8 seed0 state ms96 b2048 (best-state settings)","transfer_long_rr600@ad71284f","","96","2048","0.002441"
"best-9.56M-lean_staten-cap12","best (Robbie recipe) cap12 frozen (best-state stage1 s0)","9.56M","lean_staten","scratch","best recipe K12 155k","12","frozen","0","rr600","100","solved","256","0.8","64","lean_only","lean_judge (Lean 4.34)","2026-09-30","recomputed","hf://buckets/dan-pandori/nd-rl/best-state/artifacts/bs/eval/Fz_best12_s0__rr600.jsonl","16","B:rr600 k256 T0.8 seed0 state ms96 b2048 (best-state settings)","transfer_long_rr600@ad71284f","","96","2048","0.002441"
"best-9.56M-lean_staten-cap12","best (Robbie recipe) cap12 frozen (best-state stage1 s0)","9.56M","lean_staten","scratch","best recipe K12 155k","12","frozen","0","rr600_gen","100","solved","256","0.8","64","lean_only","lean_judge (Lean 4.34)","2026-09-30","recomputed","hf://buckets/dan-pandori/nd-rl/best-state/artifacts/bs/eval/Fz_best12_s0__rr600.jsonl","16","B:rr600 k256 T0.8 seed0 state ms96 b2048 (best-state settings)","transfer_long_rr600@ad71284f","","96","2048","0.002441"
"best-9.56M-lean_staten-cap12","best (Robbie recipe) cap12 frozen (best-state stage1 s0)","9.56M","lean_staten","scratch","best recipe K12 155k","12","frozen","0","rr600","600","solved","256","0.8","401","lean_only","lean_judge (Lean 4.34)","2026-09-30","recomputed","hf://buckets/dan-pandori/nd-rl/best-state/artifacts/bs/eval/Fz_best12_s0__rr600.jsonl","","B:rr600 k256 T0.8 seed0 state ms96 b2048 (best-state settings)","transfer_long_rr600@ad71284f","","96","2048","0.002441"
"best-9.56M-lean_staten-cap12","best (Robbie recipe) cap12 frozen (best-state stage1 s0)","9.56M","lean_staten","scratch","best recipe K12 155k","12","frozen","0","rr600_gen_L13-16","380","Q","256","0.8","271","lean_only","lean_judge (Lean 4.34)","2026-09-30","recomputed","hf://buckets/dan-pandori/nd-rl/best-state/artifacts/bs/eval/Fz_best12_s0__rr600.jsonl","","B:rr600 k256 T0.8 seed0 state ms96 b2048 (best-state settings)","transfer_long_rr600@ad71284f","","96","2048","0.002441"
"best-9.56M-lean_staten-cap12","best (Robbie recipe) cap12 frozen (best-state stage1 s0)","9.56M","lean_staten","scratch","best recipe K12 155k","12","frozen","0","rr600","600","max_accepted_lines","256","0.8","49","lean_only","lean_judge (Lean 4.34)","2026-09-30","recomputed","fork:dan_best-state:artifacts/bs/eval/Fz_best12_s0__rr600.json","","B:rr600 k256 T0.8 seed0 state ms96 b2048 (best-state settings)","transfer_long_rr600@ad71284f","","96","2048","0.002441"
"best-9.56M-lean_staten-cap12","best (Robbie recipe) cap12 frozen (best-state stage1 s0)","9.56M","lean_staten","scratch","best recipe K12 155k","12","frozen","0","rr600","600","frontier_pruned_ge5proofs","256","0.8","33","lean_only","lean_judge (Lean 4.34)","2026-09-30","recomputed","fork:dan_best-state:artifacts/bs/eval/Fz_best12_s0__rr600.json","","B:rr600 k256 T0.8 seed0 state ms96 b2048 (best-state settings)","transfer_long_rr600@ad71284f","","96","2048","0.002441"
"best-9.56M-lean_staten-cap12","best (Robbie recipe) cap12 frozen (best-state stage1 s0)","9.56M","lean_staten","scratch","best recipe K12 155k","12","frozen","0","long2_21","21","max_accepted_lines","256","0.8","33","lean_only","lean_judge (Lean 4.34)","2026-09-30","recomputed","fork:dan_best-state:artifacts/bs/eval/Fz_best12_s0__long2.json","","D:long2_21(new) k256 T0.8 seed0 state ms96 b2048","transfer_long2@4543e782","","96","2048","0.0"
"best-9.56M-lean_staten-cap12","best (Robbie recipe) cap12 frozen (best-state stage1 s0)","9.56M","lean_staten","scratch","best recipe K12 155k","12","frozen","0","rr600+long2_21","621","L_star","256","0.8","17","lean_only","lean_judge (Lean 4.34)","2026-09-30","recomputed","fork:dan_best-state:artifacts/bs/eval/Fz_best12_s0__rr600.json + __long2.json","","B:rr600 k256 T0.8 seed0 state ms96 b2048 (best-state settings)","transfer_long_rr600@ad71284f;transfer_long2@4543e782","","96","2048","0.002441"
"best-9.56M-lean_staten-cap12","best (Robbie recipe) cap12 frozen (best-state stage1 s0)","9.56M","lean_staten","scratch","best recipe K12 155k","12","frozen","0","rr600","600","L_star_ge","256","0.8","16","lean_only","lean_judge (Lean 4.34)","2026-09-30","recomputed","fork:dan_best-state:artifacts/bs/eval/Fz_best12_s0__rr600.json","","B:rr600 k256 T0.8 seed0 state ms96 b2048 (best-state settings)","transfer_long_rr600@ad71284f","","96","2048","0.002441"
"best-9.56M-lean_staten-cap12","best cap12 T1 (best-state la_T1_best12_s0_r8)","9.56M","lean_staten","scratch","best recipe K12 155k","12","T1","0","long2_21","13","solved","256","0.8","13","lean_only","lean_judge (Lean 4.34)","2026-09-30","recomputed","fork:dan_best-state:artifacts/bs/eval/T1_best12_s0__long2.json","17","D:long2_21(new) k256 T0.8 seed0 state ms96 b2048","transfer_long2@4543e782","","96","2048","0.000558"
"best-9.56M-lean_staten-cap12","best cap12 T1 (best-state la_T1_best12_s0_r8)","9.56M","lean_staten","scratch","best recipe K12 155k","12","T1","0","long2_21","8","solved","256","0.8","8","lean_only","lean_judge (Lean 4.34)","2026-09-30","recomputed","fork:dan_best-state:artifacts/bs/eval/T1_best12_s0__long2.json","18+","D:long2_21(new) k256 T0.8 seed0 state ms96 b2048","transfer_long2@4543e782","","96","2048","0.000558"
"best-9.56M-lean_staten-cap12","best cap12 T1 (best-state la_T1_best12_s0_r8)","9.56M","lean_staten","scratch","best recipe K12 155k","12","T1","0","long2_21","21","solved","256","0.8","21","lean_only","lean_judge (Lean 4.34)","2026-09-30","recomputed","fork:dan_best-state:artifacts/bs/eval/T1_best12_s0__long2.json","","D:long2_21(new) k256 T0.8 seed0 state ms96 b2048","transfer_long2@4543e782","","96","2048","0.000558"
"best-9.56M-lean_staten-cap12","best cap12 T1 (best-state la_T1_best12_s0_r8)","9.56M","lean_staten","scratch","best recipe K12 155k","12","T1","0","rr600","100","solved","256","0.8","92","lean_only","lean_judge (Lean 4.34)","2026-09-30","recomputed","fork:dan_best-state:artifacts/bs/eval/T1_best12_s0__rr600.json","11","B:rr600 k256 T0.8 seed0 state ms96 b2048 (best-state settings)","transfer_long_rr600@ad71284f","","96","2048","0.001178"
"best-9.56M-lean_staten-cap12","best cap12 T1 (best-state la_T1_best12_s0_r8)","9.56M","lean_staten","scratch","best recipe K12 155k","12","T1","0","rr600","100","solved","256","0.8","97","lean_only","lean_judge (Lean 4.34)","2026-09-30","recomputed","fork:dan_best-state:artifacts/bs/eval/T1_best12_s0__rr600.json","12","B:rr600 k256 T0.8 seed0 state ms96 b2048 (best-state settings)","transfer_long_rr600@ad71284f","","96","2048","0.001178"
"best-9.56M-lean_staten-cap12","best cap12 T1 (best-state la_T1_best12_s0_r8)","9.56M","lean_staten","scratch","best recipe K12 155k","12","T1","0","rr600","100","solved","256","0.8","97","lean_only","lean_judge (Lean 4.34)","2026-09-30","recomputed","fork:dan_best-state:artifacts/bs/eval/T1_best12_s0__rr600.json","13","B:rr600 k256 T0.8 seed0 state ms96 b2048 (best-state settings)","transfer_long_rr600@ad71284f","","96","2048","0.001178"
"best-9.56M-lean_staten-cap12","best cap12 T1 (best-state la_T1_best12_s0_r8)","9.56M","lean_staten","scratch","best recipe K12 155k","12","T1","0","rr600","100","solved","256","0.8","91","lean_only","lean_judge (Lean 4.34)","2026-09-30","recomputed","fork:dan_best-state:artifacts/bs/eval/T1_best12_s0__rr600.json","14","B:rr600 k256 T0.8 seed0 state ms96 b2048 (best-state settings)","transfer_long_rr600@ad71284f","","96","2048","0.001178"
"best-9.56M-lean_staten-cap12","best cap12 T1 (best-state la_T1_best12_s0_r8)","9.56M","lean_staten","scratch","best recipe K12 155k","12","T1","0","rr600","100","solved","256","0.8","100","lean_only","lean_judge (Lean 4.34)","2026-09-30","recomputed","fork:dan_best-state:artifacts/bs/eval/T1_best12_s0__rr600.json","15","B:rr600 k256 T0.8 seed0 state ms96 b2048 (best-state settings)","transfer_long_rr600@ad71284f","","96","2048","0.001178"
"best-9.56M-lean_staten-cap12","best cap12 T1 (best-state la_T1_best12_s0_r8)","9.56M","lean_staten","scratch","best recipe K12 155k","12","T1","0","rr600","100","solved","256","0.8","98","lean_only","lean_judge (Lean 4.34)","2026-09-30","recomputed","fork:dan_best-state:artifacts/bs/eval/T1_best12_s0__rr600.json","16","B:rr600 k256 T0.8 seed0 state ms96 b2048 (best-state settings)","transfer_long_rr600@ad71284f","","96","2048","0.001178"
"best-9.56M-lean_staten-cap12","best cap12 T1 (best-state la_T1_best12_s0_r8)","9.56M","lean_staten","scratch","best recipe K12 155k","12","T1","0","rr600","600","solved","256","0.8","575","lean_only","lean_judge (Lean 4.34)","2026-09-30","recomputed","fork:dan_best-state:artifacts/bs/eval/T1_best12_s0__rr600.json","","B:rr600 k256 T0.8 seed0 state ms96 b2048 (best-state settings)","transfer_long_rr600@ad71284f","","96","2048","0.001178"
"best-9.56M-lean_staten-cap12","best cap12 T1 (best-state la_T1_best12_s0_r8)","9.56M","lean_staten","scratch","best recipe K12 155k","12","T1","0","rr600","600","max_accepted_lines","256","0.8","91","lean_only","lean_judge (Lean 4.34)","2026-09-30","recomputed","fork:dan_best-state:artifacts/bs/eval/T1_best12_s0__rr600.json","","B:rr600 k256 T0.8 seed0 state ms96 b2048 (best-state settings)","transfer_long_rr600@ad71284f","","96","2048","0.001178"
"best-9.56M-lean_staten-cap12","best cap12 T1 (best-state la_T1_best12_s0_r8)","9.56M","lean_staten","scratch","best recipe K12 155k","12","T1","0","rr600","600","frontier_pruned_ge5proofs","256","0.8","60","lean_only","lean_judge (Lean 4.34)","2026-09-30","recomputed","fork:dan_best-state:artifacts/bs/eval/T1_best12_s0__rr600.json","","B:rr600 k256 T0.8 seed0 state ms96 b2048 (best-state settings)","transfer_long_rr600@ad71284f","","96","2048","0.001178"
"best-9.56M-lean_staten-cap12","best cap12 T1 (best-state la_T1_best12_s0_r8)","9.56M","lean_staten","scratch","best recipe K12 155k","12","T1","0","long2_21","21","max_accepted_lines","256","0.8","63","lean_only","lean_judge (Lean 4.34)","2026-09-30","recomputed","fork:dan_best-state:artifacts/bs/eval/T1_best12_s0__long2.json","","D:long2_21(new) k256 T0.8 seed0 state ms96 b2048","transfer_long2@4543e782","","96","2048","0.000558"
"best-9.56M-lean_staten-cap12","best cap12 T1 (best-state la_T1_best12_s0_r8)","9.56M","lean_staten","scratch","best recipe K12 155k","12","T1","0","rr600+long2_21","621","L_star_ge","256","0.8","18","lean_only","lean_judge (Lean 4.34)","2026-09-30","recomputed","fork:dan_best-state:artifacts/bs/eval/T1_best12_s0__rr600.json + __long2.json","","B:rr600 k256 T0.8 seed0 state ms96 b2048 (best-state settings)","transfer_long_rr600@ad71284f;transfer_long2@4543e782","","96","2048","0.001178"
"best-9.56M-lean_staten-cap12","best cap12 T1 (best-state la_T1_best12_s0_r8)","9.56M","lean_staten","scratch","best recipe K12 155k","12","T1","0","rr600","600","L_star_ge","256","0.8","16","lean_only","lean_judge (Lean 4.34)","2026-09-30","recomputed","fork:dan_best-state:artifacts/bs/eval/T1_best12_s0__rr600.json","","B:rr600 k256 T0.8 seed0 state ms96 b2048 (best-state settings)","transfer_long_rr600@ad71284f","","96","2048","0.001178"
"best-9.56M-lean_staten-cap12","best (Robbie recipe) cap12 frozen (best-state stage1 s1)","9.56M","lean_staten","scratch","best recipe K12 155k","12","frozen","1","long2_21","13","solved","256","0.8","4","lean_only","lean_judge (Lean 4.34)","2026-09-30","recomputed","fork:dan_best-state:artifacts/bs/eval/Fz_best12_s1__long2.json","17","D:long2_21(new) k256 T0.8 seed0 state ms96 b2048","transfer_long2@4543e782","","96","2048","0.0"
"best-9.56M-lean_staten-cap12","best (Robbie recipe) cap12 frozen (best-state stage1 s1)","9.56M","lean_staten","scratch","best recipe K12 155k","12","frozen","1","long2_21","8","solved","256","0.8","1","lean_only","lean_judge (Lean 4.34)","2026-09-30","recomputed","fork:dan_best-state:artifacts/bs/eval/Fz_best12_s1__long2.json","18+","D:long2_21(new) k256 T0.8 seed0 state ms96 b2048","transfer_long2@4543e782","","96","2048","0.0"
"best-9.56M-lean_staten-cap12","best (Robbie recipe) cap12 frozen (best-state stage1 s1)","9.56M","lean_staten","scratch","best recipe K12 155k","12","frozen","1","long2_21","21","solved","256","0.8","5","lean_only","lean_judge (Lean 4.34)","2026-09-30","recomputed","fork:dan_best-state:artifacts/bs/eval/Fz_best12_s1__long2.json","","D:long2_21(new) k256 T0.8 seed0 state ms96 b2048","transfer_long2@4543e782","","96","2048","0.0"
"best-9.56M-lean_staten-cap12","best (Robbie recipe) cap12 frozen (best-state stage1 s1)","9.56M","lean_staten","scratch","best recipe K12 155k","12","frozen","1","rr600","100","solved","256","0.8","67","lean_only","lean_judge (Lean 4.34)","2026-09-30","recomputed","hf://buckets/dan-pandori/nd-rl/best-state/artifacts/bs/eval/Fz_best12_s1__rr600.jsonl","11","B:rr600 k256 T0.8 seed0 state ms96 b2048 (best-state settings)","transfer_long_rr600@ad71284f","","96","2048","0.00207"
"best-9.56M-lean_staten-cap12","best (Robbie recipe) cap12 frozen (best-state stage1 s1)","9.56M","lean_staten","scratch","best recipe K12 155k","12","frozen","1","rr600_gen","81","solved","256","0.8","66","lean_only","lean_judge (Lean 4.34)","2026-09-30","recomputed","hf://buckets/dan-pandori/nd-rl/best-state/artifacts/bs/eval/Fz_best12_s1__rr600.jsonl","11","B:rr600 k256 T0.8 seed0 state ms96 b2048 (best-state settings)","transfer_long_rr600@ad71284f","","96","2048","0.00207"
"best-9.56M-lean_staten-cap12","best (Robbie recipe) cap12 frozen (best-state stage1 s1)","9.56M","lean_staten","scratch","best recipe K12 155k","12","frozen","1","rr600","100","solved","256","0.8","52","lean_only","lean_judge (Lean 4.34)","2026-09-30","recomputed","hf://buckets/dan-pandori/nd-rl/best-state/artifacts/bs/eval/Fz_best12_s1__rr600.jsonl","12","B:rr600 k256 T0.8 seed0 state ms96 b2048 (best-state settings)","transfer_long_rr600@ad71284f","","96","2048","0.00207"
"best-9.56M-lean_staten-cap12","best (Robbie recipe) cap12 frozen (best-state stage1 s1)","9.56M","lean_staten","scratch","best recipe K12 155k","12","frozen","1","rr600_gen","66","solved","256","0.8","47","lean_only","lean_judge (Lean 4.34)","2026-09-30","recomputed","hf://buckets/dan-pandori/nd-rl/best-state/artifacts/bs/eval/Fz_best12_s1__rr600.jsonl","12","B:rr600 k256 T0.8 seed0 state ms96 b2048 (best-state settings)","transfer_long_rr600@ad71284f","","96","2048","0.00207"
"best-9.56M-lean_staten-cap12","best (Robbie recipe) cap12 frozen (best-state stage1 s1)","9.56M","lean_staten","scratch","best recipe K12 155k","12","frozen","1","rr600","100","solved","256","0.8","61","lean_only","lean_judge (Lean 4.34)","2026-09-30","recomputed","hf://buckets/dan-pandori/nd-rl/best-state/artifacts/bs/eval/Fz_best12_s1__rr600.jsonl","13","B:rr600 k256 T0.8 seed0 state ms96 b2048 (best-state settings)","transfer_long_rr600@ad71284f","","96","2048","0.00207"
"best-9.56M-lean_staten-cap12","best (Robbie recipe) cap12 frozen (best-state stage1 s1)","9.56M","lean_staten","scratch","best recipe K12 155k","12","frozen","1","rr600_gen","90","solved","256","0.8","61","lean_only","lean_judge (Lean 4.34)","2026-09-30","recomputed","hf://buckets/dan-pandori/nd-rl/best-state/artifacts/bs/eval/Fz_best12_s1__rr600.jsonl","13","B:rr600 k256 T0.8 seed0 state ms96 b2048 (best-state settings)","transfer_long_rr600@ad71284f","","96","2048","0.00207"
"best-9.56M-lean_staten-cap12","best (Robbie recipe) cap12 frozen (best-state stage1 s1)","9.56M","lean_staten","scratch","best recipe K12 155k","12","frozen","1","rr600","100","solved","256","0.8","62","lean_only","lean_judge (Lean 4.34)","2026-09-30","recomputed","hf://buckets/dan-pandori/nd-rl/best-state/artifacts/bs/eval/Fz_best12_s1__rr600.jsonl","14","B:rr600 k256 T0.8 seed0 state ms96 b2048 (best-state settings)","transfer_long_rr600@ad71284f","","96","2048","0.00207"
"best-9.56M-lean_staten-cap12","best (Robbie recipe) cap12 frozen (best-state stage1 s1)","9.56M","lean_staten","scratch","best recipe K12 155k","12","frozen","1","rr600_gen","90","solved","256","0.8","62","lean_only","lean_judge (Lean 4.34)","2026-09-30","recomputed","hf://buckets/dan-pandori/nd-rl/best-state/artifacts/bs/eval/Fz_best12_s1__rr600.jsonl","14","B:rr600 k256 T0.8 seed0 state ms96 b2048 (best-state settings)","transfer_long_rr600@ad71284f","","96","2048","0.00207"
"best-9.56M-lean_staten-cap12","best (Robbie recipe) cap12 frozen (best-state stage1 s1)","9.56M","lean_staten","scratch","best recipe K12 155k","12","frozen","1","rr600","100","solved","256","0.8","58","lean_only","lean_judge (Lean 4.34)","2026-09-30","recomputed","hf://buckets/dan-pandori/nd-rl/best-state/artifacts/bs/eval/Fz_best12_s1__rr600.jsonl","15","B:rr600 k256 T0.8 seed0 state ms96 b2048 (best-state settings)","transfer_long_rr600@ad71284f","","96","2048","0.00207"
"best-9.56M-lean_staten-cap12","best (Robbie recipe) cap12 frozen (best-state stage1 s1)","9.56M","lean_staten","scratch","best recipe K12 155k","12","frozen","1","rr600_gen","100","solved","256","0.8","58","lean_only","lean_judge (Lean 4.34)","2026-09-30","recomputed","hf://buckets/dan-pandori/nd-rl/best-state/artifacts/bs/eval/Fz_best12_s1__rr600.jsonl","15","B:rr600 k256 T0.8 seed0 state ms96 b2048 (best-state settings)","transfer_long_rr600@ad71284f","","96","2048","0.00207"
"best-9.56M-lean_staten-cap12","best (Robbie recipe) cap12 frozen (best-state stage1 s1)","9.56M","lean_staten","scratch","best recipe K12 155k","12","frozen","1","rr600","100","solved","256","0.8","56","lean_only","lean_judge (Lean 4.34)","2026-09-30","recomputed","hf://buckets/dan-pandori/nd-rl/best-state/artifacts/bs/eval/Fz_best12_s1__rr600.jsonl","16","B:rr600 k256 T0.8 seed0 state ms96 b2048 (best-state settings)","transfer_long_rr600@ad71284f","","96","2048","0.00207"
"best-9.56M-lean_staten-cap12","best (Robbie recipe) cap12 frozen (best-state stage1 s1)","9.56M","lean_staten","scratch","best recipe K12 155k","12","frozen","1","rr600_gen","100","solved","256","0.8","56","lean_only","lean_judge (Lean 4.34)","2026-09-30","recomputed","hf://buckets/dan-pandori/nd-rl/best-state/artifacts/bs/eval/Fz_best12_s1__rr600.jsonl","16","B:rr600 k256 T0.8 seed0 state ms96 b2048 (best-state settings)","transfer_long_rr600@ad71284f","","96","2048","0.00207"
"best-9.56M-lean_staten-cap12","best (Robbie recipe) cap12 frozen (best-state stage1 s1)","9.56M","lean_staten","scratch","best recipe K12 155k","12","frozen","1","rr600","600","solved","256","0.8","356","lean_only","lean_judge (Lean 4.34)","2026-09-30","recomputed","hf://buckets/dan-pandori/nd-rl/best-state/artifacts/bs/eval/Fz_best12_s1__rr600.jsonl","","B:rr600 k256 T0.8 seed0 state ms96 b2048 (best-state settings)","transfer_long_rr600@ad71284f","","96","2048","0.00207"
"best-9.56M-lean_staten-cap12","best (Robbie recipe) cap12 frozen (best-state stage1 s1)","9.56M","lean_staten","scratch","best recipe K12 155k","12","frozen","1","rr600_gen_L13-16","380","Q","256","0.8","237","lean_only","lean_judge (Lean 4.34)","2026-09-30","recomputed","hf://buckets/dan-pandori/nd-rl/best-state/artifacts/bs/eval/Fz_best12_s1__rr600.jsonl","","B:rr600 k256 T0.8 seed0 state ms96 b2048 (best-state settings)","transfer_long_rr600@ad71284f","","96","2048","0.00207"
"best-9.56M-lean_staten-cap12","best (Robbie recipe) cap12 frozen (best-state stage1 s1)","9.56M","lean_staten","scratch","best recipe K12 155k","12","frozen","1","rr600","600","max_accepted_lines","256","0.8","40","lean_only","lean_judge (Lean 4.34)","2026-09-30","recomputed","fork:dan_best-state:artifacts/bs/eval/Fz_best12_s1__rr600.json","","B:rr600 k256 T0.8 seed0 state ms96 b2048 (best-state settings)","transfer_long_rr600@ad71284f","","96","2048","0.00207"
"best-9.56M-lean_staten-cap12","best (Robbie recipe) cap12 frozen (best-state stage1 s1)","9.56M","lean_staten","scratch","best recipe K12 155k","12","frozen","1","rr600","600","frontier_pruned_ge5proofs","256","0.8","31","lean_only","lean_judge (Lean 4.34)","2026-09-30","recomputed","fork:dan_best-state:artifacts/bs/eval/Fz_best12_s1__rr600.json","","B:rr600 k256 T0.8 seed0 state ms96 b2048 (best-state settings)","transfer_long_rr600@ad71284f","","96","2048","0.00207"
"best-9.56M-lean_staten-cap12","best (Robbie recipe) cap12 frozen (best-state stage1 s1)","9.56M","lean_staten","scratch","best recipe K12 155k","12","frozen","1","long2_21","21","max_accepted_lines","256","0.8","32","lean_only","lean_judge (Lean 4.34)","2026-09-30","recomputed","fork:dan_best-state:artifacts/bs/eval/Fz_best12_s1__long2.json","","D:long2_21(new) k256 T0.8 seed0 state ms96 b2048","transfer_long2@4543e782","","96","2048","0.0"
"best-9.56M-lean_staten-cap12","best (Robbie recipe) cap12 frozen (best-state stage1 s1)","9.56M","lean_staten","scratch","best recipe K12 155k","12","frozen","1","rr600+long2_21","621","L_star","256","0.8","17","lean_only","lean_judge (Lean 4.34)","2026-09-30","recomputed","fork:dan_best-state:artifacts/bs/eval/Fz_best12_s1__rr600.json + __long2.json","","B:rr600 k256 T0.8 seed0 state ms96 b2048 (best-state settings)","transfer_long_rr600@ad71284f;transfer_long2@4543e782","","96","2048","0.00207"
"best-9.56M-lean_staten-cap12","best (Robbie recipe) cap12 frozen (best-state stage1 s1)","9.56M","lean_staten","scratch","best recipe K12 155k","12","frozen","1","rr600","600","L_star_ge","256","0.8","16","lean_only","lean_judge (Lean 4.34)","2026-09-30","recomputed","fork:dan_best-state:artifacts/bs/eval/Fz_best12_s1__rr600.json","","B:rr600 k256 T0.8 seed0 state ms96 b2048 (best-state settings)","transfer_long_rr600@ad71284f","","96","2048","0.00207"
"best-9.56M-lean_staten-cap12","best cap12 T1 (best-state la_T1_best12_s1_r8)","9.56M","lean_staten","scratch","best recipe K12 155k","12","T1","1","long2_21","13","solved","256","0.8","13","lean_only","lean_judge (Lean 4.34)","2026-09-30","recomputed","fork:dan_best-state:artifacts/bs/eval/T1_best12_s1__long2.json","17","D:long2_21(new) k256 T0.8 seed0 state ms96 b2048","transfer_long2@4543e782","","96","2048","0.001488"
"best-9.56M-lean_staten-cap12","best cap12 T1 (best-state la_T1_best12_s1_r8)","9.56M","lean_staten","scratch","best recipe K12 155k","12","T1","1","long2_21","8","solved","256","0.8","8","lean_only","lean_judge (Lean 4.34)","2026-09-30","recomputed","fork:dan_best-state:artifacts/bs/eval/T1_best12_s1__long2.json","18+","D:long2_21(new) k256 T0.8 seed0 state ms96 b2048","transfer_long2@4543e782","","96","2048","0.001488"
"best-9.56M-lean_staten-cap12","best cap12 T1 (best-state la_T1_best12_s1_r8)","9.56M","lean_staten","scratch","best recipe K12 155k","12","T1","1","long2_21","21","solved","256","0.8","21","lean_only","lean_judge (Lean 4.34)","2026-09-30","recomputed","fork:dan_best-state:artifacts/bs/eval/T1_best12_s1__long2.json","","D:long2_21(new) k256 T0.8 seed0 state ms96 b2048","transfer_long2@4543e782","","96","2048","0.001488"
"best-9.56M-lean_staten-cap12","best cap12 T1 (best-state la_T1_best12_s1_r8)","9.56M","lean_staten","scratch","best recipe K12 155k","12","T1","1","rr600","100","solved","256","0.8","89","lean_only","lean_judge (Lean 4.34)","2026-09-30","recomputed","fork:dan_best-state:artifacts/bs/eval/T1_best12_s1__rr600.json","11","B:rr600 k256 T0.8 seed0 state ms96 b2048 (best-state settings)","transfer_long_rr600@ad71284f","","96","2048","0.002467"
"best-9.56M-lean_staten-cap12","best cap12 T1 (best-state la_T1_best12_s1_r8)","9.56M","lean_staten","scratch","best recipe K12 155k","12","T1","1","rr600","100","solved","256","0.8","97","lean_only","lean_judge (Lean 4.34)","2026-09-30","recomputed","fork:dan_best-state:artifacts/bs/eval/T1_best12_s1__rr600.json","12","B:rr600 k256 T0.8 seed0 state ms96 b2048 (best-state settings)","transfer_long_rr600@ad71284f","","96","2048","0.002467"
"best-9.56M-lean_staten-cap12","best cap12 T1 (best-state la_T1_best12_s1_r8)","9.56M","lean_staten","scratch","best recipe K12 155k","12","T1","1","rr600","100","solved","256","0.8","98","lean_only","lean_judge (Lean 4.34)","2026-09-30","recomputed","fork:dan_best-state:artifacts/bs/eval/T1_best12_s1__rr600.json","13","B:rr600 k256 T0.8 seed0 state ms96 b2048 (best-state settings)","transfer_long_rr600@ad71284f","","96","2048","0.002467"
"best-9.56M-lean_staten-cap12","best cap12 T1 (best-state la_T1_best12_s1_r8)","9.56M","lean_staten","scratch","best recipe K12 155k","12","T1","1","rr600","100","solved","256","0.8","89","lean_only","lean_judge (Lean 4.34)","2026-09-30","recomputed","fork:dan_best-state:artifacts/bs/eval/T1_best12_s1__rr600.json","14","B:rr600 k256 T0.8 seed0 state ms96 b2048 (best-state settings)","transfer_long_rr600@ad71284f","","96","2048","0.002467"
"best-9.56M-lean_staten-cap12","best cap12 T1 (best-state la_T1_best12_s1_r8)","9.56M","lean_staten","scratch","best recipe K12 155k","12","T1","1","rr600","100","solved","256","0.8","99","lean_only","lean_judge (Lean 4.34)","2026-09-30","recomputed","fork:dan_best-state:artifacts/bs/eval/T1_best12_s1__rr600.json","15","B:rr600 k256 T0.8 seed0 state ms96 b2048 (best-state settings)","transfer_long_rr600@ad71284f","","96","2048","0.002467"
"best-9.56M-lean_staten-cap12","best cap12 T1 (best-state la_T1_best12_s1_r8)","9.56M","lean_staten","scratch","best recipe K12 155k","12","T1","1","rr600","100","solved","256","0.8","98","lean_only","lean_judge (Lean 4.34)","2026-09-30","recomputed","fork:dan_best-state:artifacts/bs/eval/T1_best12_s1__rr600.json","16","B:rr600 k256 T0.8 seed0 state ms96 b2048 (best-state settings)","transfer_long_rr600@ad71284f","","96","2048","0.002467"
"best-9.56M-lean_staten-cap12","best cap12 T1 (best-state la_T1_best12_s1_r8)","9.56M","lean_staten","scratch","best recipe K12 155k","12","T1","1","rr600","600","solved","256","0.8","570","lean_only","lean_judge (Lean 4.34)","2026-09-30","recomputed","fork:dan_best-state:artifacts/bs/eval/T1_best12_s1__rr600.json","","B:rr600 k256 T0.8 seed0 state ms96 b2048 (best-state settings)","transfer_long_rr600@ad71284f","","96","2048","0.002467"
"best-9.56M-lean_staten-cap12","best cap12 T1 (best-state la_T1_best12_s1_r8)","9.56M","lean_staten","scratch","best recipe K12 155k","12","T1","1","rr600","600","max_accepted_lines","256","0.8","95","lean_only","lean_judge (Lean 4.34)","2026-09-30","recomputed","fork:dan_best-state:artifacts/bs/eval/T1_best12_s1__rr600.json","","B:rr600 k256 T0.8 seed0 state ms96 b2048 (best-state settings)","transfer_long_rr600@ad71284f","","96","2048","0.002467"
"best-9.56M-lean_staten-cap12","best cap12 T1 (best-state la_T1_best12_s1_r8)","9.56M","lean_staten","scratch","best recipe K12 155k","12","T1","1","rr600","600","frontier_pruned_ge5proofs","256","0.8","74","lean_only","lean_judge (Lean 4.34)","2026-09-30","recomputed","fork:dan_best-state:artifacts/bs/eval/T1_best12_s1__rr600.json","","B:rr600 k256 T0.8 seed0 state ms96 b2048 (best-state settings)","transfer_long_rr600@ad71284f","","96","2048","0.002467"
"best-9.56M-lean_staten-cap12","best cap12 T1 (best-state la_T1_best12_s1_r8)","9.56M","lean_staten","scratch","best recipe K12 155k","12","T1","1","long2_21","21","max_accepted_lines","256","0.8","58","lean_only","lean_judge (Lean 4.34)","2026-09-30","recomputed","fork:dan_best-state:artifacts/bs/eval/T1_best12_s1__long2.json","","D:long2_21(new) k256 T0.8 seed0 state ms96 b2048","transfer_long2@4543e782","","96","2048","0.001488"
"best-9.56M-lean_staten-cap12","best cap12 T1 (best-state la_T1_best12_s1_r8)","9.56M","lean_staten","scratch","best recipe K12 155k","12","T1","1","rr600+long2_21","621","L_star_ge","256","0.8","18","lean_only","lean_judge (Lean 4.34)","2026-09-30","recomputed","fork:dan_best-state:artifacts/bs/eval/T1_best12_s1__rr600.json + __long2.json","","B:rr600 k256 T0.8 seed0 state ms96 b2048 (best-state settings)","transfer_long_rr600@ad71284f;transfer_long2@4543e782","","96","2048","0.002467"
"best-9.56M-lean_staten-cap12","best cap12 T1 (best-state la_T1_best12_s1_r8)","9.56M","lean_staten","scratch","best recipe K12 155k","12","T1","1","rr600","600","L_star_ge","256","0.8","16","lean_only","lean_judge (Lean 4.34)","2026-09-30","recomputed","fork:dan_best-state:artifacts/bs/eval/T1_best12_s1__rr600.json","","B:rr600 k256 T0.8 seed0 state ms96 b2048 (best-state settings)","transfer_long_rr600@ad71284f","","96","2048","0.002467"
"best-9.56M-lean_staten-cap12","best (Robbie recipe) cap12 frozen (best-state stage1 s2)","9.56M","lean_staten","scratch","best recipe K12 155k","12","frozen","2","long2_21","13","solved","256","0.8","3","lean_only","lean_judge (Lean 4.34)","2026-09-30","recomputed","fork:dan_best-state:artifacts/bs/eval/Fz_best12_s2__long2.json","17","D:long2_21(new) k256 T0.8 seed0 state ms96 b2048","transfer_long2@4543e782","","96","2048","0.0"
"best-9.56M-lean_staten-cap12","best (Robbie recipe) cap12 frozen (best-state stage1 s2)","9.56M","lean_staten","scratch","best recipe K12 155k","12","frozen","2","long2_21","8","solved","256","0.8","1","lean_only","lean_judge (Lean 4.34)","2026-09-30","recomputed","fork:dan_best-state:artifacts/bs/eval/Fz_best12_s2__long2.json","18+","D:long2_21(new) k256 T0.8 seed0 state ms96 b2048","transfer_long2@4543e782","","96","2048","0.0"
"best-9.56M-lean_staten-cap12","best (Robbie recipe) cap12 frozen (best-state stage1 s2)","9.56M","lean_staten","scratch","best recipe K12 155k","12","frozen","2","long2_21","21","solved","256","0.8","4","lean_only","lean_judge (Lean 4.34)","2026-09-30","recomputed","fork:dan_best-state:artifacts/bs/eval/Fz_best12_s2__long2.json","","D:long2_21(new) k256 T0.8 seed0 state ms96 b2048","transfer_long2@4543e782","","96","2048","0.0"
"best-9.56M-lean_staten-cap12","best (Robbie recipe) cap12 frozen (best-state stage1 s2)","9.56M","lean_staten","scratch","best recipe K12 155k","12","frozen","2","rr600","100","solved","256","0.8","58","lean_only","lean_judge (Lean 4.34)","2026-09-30","recomputed","hf://buckets/dan-pandori/nd-rl/best-state/artifacts/bs/eval/Fz_best12_s2__rr600.jsonl","11","B:rr600 k256 T0.8 seed0 state ms96 b2048 (best-state settings)","transfer_long_rr600@ad71284f","","96","2048","0.000482"
"best-9.56M-lean_staten-cap12","best (Robbie recipe) cap12 frozen (best-state stage1 s2)","9.56M","lean_staten","scratch","best recipe K12 155k","12","frozen","2","rr600_gen","81","solved","256","0.8","58","lean_only","lean_judge (Lean 4.34)","2026-09-30","recomputed","hf://buckets/dan-pandori/nd-rl/best-state/artifacts/bs/eval/Fz_best12_s2__rr600.jsonl","11","B:rr600 k256 T0.8 seed0 state ms96 b2048 (best-state settings)","transfer_long_rr600@ad71284f","","96","2048","0.000482"
"best-9.56M-lean_staten-cap12","best (Robbie recipe) cap12 frozen (best-state stage1 s2)","9.56M","lean_staten","scratch","best recipe K12 155k","12","frozen","2","rr600","100","solved","256","0.8","37","lean_only","lean_judge (Lean 4.34)","2026-09-30","recomputed","hf://buckets/dan-pandori/nd-rl/best-state/artifacts/bs/eval/Fz_best12_s2__rr600.jsonl","12","B:rr600 k256 T0.8 seed0 state ms96 b2048 (best-state settings)","transfer_long_rr600@ad71284f","","96","2048","0.000482"
"best-9.56M-lean_staten-cap12","best (Robbie recipe) cap12 frozen (best-state stage1 s2)","9.56M","lean_staten","scratch","best recipe K12 155k","12","frozen","2","rr600_gen","66","solved","256","0.8","33","lean_only","lean_judge (Lean 4.34)","2026-09-30","recomputed","hf://buckets/dan-pandori/nd-rl/best-state/artifacts/bs/eval/Fz_best12_s2__rr600.jsonl","12","B:rr600 k256 T0.8 seed0 state ms96 b2048 (best-state settings)","transfer_long_rr600@ad71284f","","96","2048","0.000482"
"best-9.56M-lean_staten-cap12","best (Robbie recipe) cap12 frozen (best-state stage1 s2)","9.56M","lean_staten","scratch","best recipe K12 155k","12","frozen","2","rr600","100","solved","256","0.8","54","lean_only","lean_judge (Lean 4.34)","2026-09-30","recomputed","hf://buckets/dan-pandori/nd-rl/best-state/artifacts/bs/eval/Fz_best12_s2__rr600.jsonl","13","B:rr600 k256 T0.8 seed0 state ms96 b2048 (best-state settings)","transfer_long_rr600@ad71284f","","96","2048","0.000482"
"best-9.56M-lean_staten-cap12","best (Robbie recipe) cap12 frozen (best-state stage1 s2)","9.56M","lean_staten","scratch","best recipe K12 155k","12","frozen","2","rr600_gen","90","solved","256","0.8","54","lean_only","lean_judge (Lean 4.34)","2026-09-30","recomputed","hf://buckets/dan-pandori/nd-rl/best-state/artifacts/bs/eval/Fz_best12_s2__rr600.jsonl","13","B:rr600 k256 T0.8 seed0 state ms96 b2048 (best-state settings)","transfer_long_rr600@ad71284f","","96","2048","0.000482"
"best-9.56M-lean_staten-cap12","best (Robbie recipe) cap12 frozen (best-state stage1 s2)","9.56M","lean_staten","scratch","best recipe K12 155k","12","frozen","2","rr600","100","solved","256","0.8","52","lean_only","lean_judge (Lean 4.34)","2026-09-30","recomputed","hf://buckets/dan-pandori/nd-rl/best-state/artifacts/bs/eval/Fz_best12_s2__rr600.jsonl","14","B:rr600 k256 T0.8 seed0 state ms96 b2048 (best-state settings)","transfer_long_rr600@ad71284f","","96","2048","0.000482"
"best-9.56M-lean_staten-cap12","best (Robbie recipe) cap12 frozen (best-state stage1 s2)","9.56M","lean_staten","scratch","best recipe K12 155k","12","frozen","2","rr600_gen","90","solved","256","0.8","52","lean_only","lean_judge (Lean 4.34)","2026-09-30","recomputed","hf://buckets/dan-pandori/nd-rl/best-state/artifacts/bs/eval/Fz_best12_s2__rr600.jsonl","14","B:rr600 k256 T0.8 seed0 state ms96 b2048 (best-state settings)","transfer_long_rr600@ad71284f","","96","2048","0.000482"
"best-9.56M-lean_staten-cap12","best (Robbie recipe) cap12 frozen (best-state stage1 s2)","9.56M","lean_staten","scratch","best recipe K12 155k","12","frozen","2","rr600","100","solved","256","0.8","66","lean_only","lean_judge (Lean 4.34)","2026-09-30","recomputed","hf://buckets/dan-pandori/nd-rl/best-state/artifacts/bs/eval/Fz_best12_s2__rr600.jsonl","15","B:rr600 k256 T0.8 seed0 state ms96 b2048 (best-state settings)","transfer_long_rr600@ad71284f","","96","2048","0.000482"
"best-9.56M-lean_staten-cap12","best (Robbie recipe) cap12 frozen (best-state stage1 s2)","9.56M","lean_staten","scratch","best recipe K12 155k","12","frozen","2","rr600_gen","100","solved","256","0.8","66","lean_only","lean_judge (Lean 4.34)","2026-09-30","recomputed","hf://buckets/dan-pandori/nd-rl/best-state/artifacts/bs/eval/Fz_best12_s2__rr600.jsonl","15","B:rr600 k256 T0.8 seed0 state ms96 b2048 (best-state settings)","transfer_long_rr600@ad71284f","","96","2048","0.000482"
"best-9.56M-lean_staten-cap12","best (Robbie recipe) cap12 frozen (best-state stage1 s2)","9.56M","lean_staten","scratch","best recipe K12 155k","12","frozen","2","rr600","100","solved","256","0.8","44","lean_only","lean_judge (Lean 4.34)","2026-09-30","recomputed","hf://buckets/dan-pandori/nd-rl/best-state/artifacts/bs/eval/Fz_best12_s2__rr600.jsonl","16","B:rr600 k256 T0.8 seed0 state ms96 b2048 (best-state settings)","transfer_long_rr600@ad71284f","","96","2048","0.000482"
"best-9.56M-lean_staten-cap12","best (Robbie recipe) cap12 frozen (best-state stage1 s2)","9.56M","lean_staten","scratch","best recipe K12 155k","12","frozen","2","rr600_gen","100","solved","256","0.8","44","lean_only","lean_judge (Lean 4.34)","2026-09-30","recomputed","hf://buckets/dan-pandori/nd-rl/best-state/artifacts/bs/eval/Fz_best12_s2__rr600.jsonl","16","B:rr600 k256 T0.8 seed0 state ms96 b2048 (best-state settings)","transfer_long_rr600@ad71284f","","96","2048","0.000482"
"best-9.56M-lean_staten-cap12","best (Robbie recipe) cap12 frozen (best-state stage1 s2)","9.56M","lean_staten","scratch","best recipe K12 155k","12","frozen","2","rr600","600","solved","256","0.8","311","lean_only","lean_judge (Lean 4.34)","2026-09-30","recomputed","hf://buckets/dan-pandori/nd-rl/best-state/artifacts/bs/eval/Fz_best12_s2__rr600.jsonl","","B:rr600 k256 T0.8 seed0 state ms96 b2048 (best-state settings)","transfer_long_rr600@ad71284f","","96","2048","0.000482"
"best-9.56M-lean_staten-cap12","best (Robbie recipe) cap12 frozen (best-state stage1 s2)","9.56M","lean_staten","scratch","best recipe K12 155k","12","frozen","2","rr600_gen_L13-16","380","Q","256","0.8","216","lean_only","lean_judge (Lean 4.34)","2026-09-30","recomputed","hf://buckets/dan-pandori/nd-rl/best-state/artifacts/bs/eval/Fz_best12_s2__rr600.jsonl","","B:rr600 k256 T0.8 seed0 state ms96 b2048 (best-state settings)","transfer_long_rr600@ad71284f","","96","2048","0.000482"
"best-9.56M-lean_staten-cap12","best (Robbie recipe) cap12 frozen (best-state stage1 s2)","9.56M","lean_staten","scratch","best recipe K12 155k","12","frozen","2","rr600","600","max_accepted_lines","256","0.8","32","lean_only","lean_judge (Lean 4.34)","2026-09-30","recomputed","fork:dan_best-state:artifacts/bs/eval/Fz_best12_s2__rr600.json","","B:rr600 k256 T0.8 seed0 state ms96 b2048 (best-state settings)","transfer_long_rr600@ad71284f","","96","2048","0.000482"
"best-9.56M-lean_staten-cap12","best (Robbie recipe) cap12 frozen (best-state stage1 s2)","9.56M","lean_staten","scratch","best recipe K12 155k","12","frozen","2","rr600","600","frontier_pruned_ge5proofs","256","0.8","30","lean_only","lean_judge (Lean 4.34)","2026-09-30","recomputed","fork:dan_best-state:artifacts/bs/eval/Fz_best12_s2__rr600.json","","B:rr600 k256 T0.8 seed0 state ms96 b2048 (best-state settings)","transfer_long_rr600@ad71284f","","96","2048","0.000482"
"best-9.56M-lean_staten-cap12","best (Robbie recipe) cap12 frozen (best-state stage1 s2)","9.56M","lean_staten","scratch","best recipe K12 155k","12","frozen","2","long2_21","21","max_accepted_lines","256","0.8","28","lean_only","lean_judge (Lean 4.34)","2026-09-30","recomputed","fork:dan_best-state:artifacts/bs/eval/Fz_best12_s2__long2.json","","D:long2_21(new) k256 T0.8 seed0 state ms96 b2048","transfer_long2@4543e782","","96","2048","0.0"
"best-9.56M-lean_staten-cap12","best (Robbie recipe) cap12 frozen (best-state stage1 s2)","9.56M","lean_staten","scratch","best recipe K12 155k","12","frozen","2","rr600+long2_21","621","L_star","256","0.8","16","lean_only","lean_judge (Lean 4.34)","2026-09-30","recomputed","fork:dan_best-state:artifacts/bs/eval/Fz_best12_s2__rr600.json + __long2.json","","B:rr600 k256 T0.8 seed0 state ms96 b2048 (best-state settings)","transfer_long_rr600@ad71284f;transfer_long2@4543e782","","96","2048","0.000482"
"best-9.56M-lean_staten-cap12","best (Robbie recipe) cap12 frozen (best-state stage1 s2)","9.56M","lean_staten","scratch","best recipe K12 155k","12","frozen","2","rr600","600","L_star_ge","256","0.8","16","lean_only","lean_judge (Lean 4.34)","2026-09-30","recomputed","fork:dan_best-state:artifacts/bs/eval/Fz_best12_s2__rr600.json","","B:rr600 k256 T0.8 seed0 state ms96 b2048 (best-state settings)","transfer_long_rr600@ad71284f","","96","2048","0.000482"
"best-9.56M-lean_staten-cap12","best cap12 T1 (best-state la_T1_best12_s2_r8)","9.56M","lean_staten","scratch","best recipe K12 155k","12","T1","2","long2_21","13","solved","256","0.8","12","lean_only","lean_judge (Lean 4.34)","2026-09-30","recomputed","fork:dan_best-state:artifacts/bs/eval/T1_best12_s2__long2.json","17","D:long2_21(new) k256 T0.8 seed0 state ms96 b2048","transfer_long2@4543e782","","96","2048","0.000558"
"best-9.56M-lean_staten-cap12","best cap12 T1 (best-state la_T1_best12_s2_r8)","9.56M","lean_staten","scratch","best recipe K12 155k","12","T1","2","long2_21","8","solved","256","0.8","8","lean_only","lean_judge (Lean 4.34)","2026-09-30","recomputed","fork:dan_best-state:artifacts/bs/eval/T1_best12_s2__long2.json","18+","D:long2_21(new) k256 T0.8 seed0 state ms96 b2048","transfer_long2@4543e782","","96","2048","0.000558"
"best-9.56M-lean_staten-cap12","best cap12 T1 (best-state la_T1_best12_s2_r8)","9.56M","lean_staten","scratch","best recipe K12 155k","12","T1","2","long2_21","21","solved","256","0.8","20","lean_only","lean_judge (Lean 4.34)","2026-09-30","recomputed","fork:dan_best-state:artifacts/bs/eval/T1_best12_s2__long2.json","","D:long2_21(new) k256 T0.8 seed0 state ms96 b2048","transfer_long2@4543e782","","96","2048","0.000558"
"best-9.56M-lean_staten-cap12","best cap12 T1 (best-state la_T1_best12_s2_r8)","9.56M","lean_staten","scratch","best recipe K12 155k","12","T1","2","rr600","100","solved","256","0.8","93","lean_only","lean_judge (Lean 4.34)","2026-09-30","recomputed","fork:dan_best-state:artifacts/bs/eval/T1_best12_s2__rr600.json","11","B:rr600 k256 T0.8 seed0 state ms96 b2048 (best-state settings)","transfer_long_rr600@ad71284f","","96","2048","0.003177"
"best-9.56M-lean_staten-cap12","best cap12 T1 (best-state la_T1_best12_s2_r8)","9.56M","lean_staten","scratch","best recipe K12 155k","12","T1","2","rr600","100","solved","256","0.8","94","lean_only","lean_judge (Lean 4.34)","2026-09-30","recomputed","fork:dan_best-state:artifacts/bs/eval/T1_best12_s2__rr600.json","12","B:rr600 k256 T0.8 seed0 state ms96 b2048 (best-state settings)","transfer_long_rr600@ad71284f","","96","2048","0.003177"
"best-9.56M-lean_staten-cap12","best cap12 T1 (best-state la_T1_best12_s2_r8)","9.56M","lean_staten","scratch","best recipe K12 155k","12","T1","2","rr600","100","solved","256","0.8","97","lean_only","lean_judge (Lean 4.34)","2026-09-30","recomputed","fork:dan_best-state:artifacts/bs/eval/T1_best12_s2__rr600.json","13","B:rr600 k256 T0.8 seed0 state ms96 b2048 (best-state settings)","transfer_long_rr600@ad71284f","","96","2048","0.003177"
"best-9.56M-lean_staten-cap12","best cap12 T1 (best-state la_T1_best12_s2_r8)","9.56M","lean_staten","scratch","best recipe K12 155k","12","T1","2","rr600","100","solved","256","0.8","90","lean_only","lean_judge (Lean 4.34)","2026-09-30","recomputed","fork:dan_best-state:artifacts/bs/eval/T1_best12_s2__rr600.json","14","B:rr600 k256 T0.8 seed0 state ms96 b2048 (best-state settings)","transfer_long_rr600@ad71284f","","96","2048","0.003177"
"best-9.56M-lean_staten-cap12","best cap12 T1 (best-state la_T1_best12_s2_r8)","9.56M","lean_staten","scratch","best recipe K12 155k","12","T1","2","rr600","100","solved","256","0.8","100","lean_only","lean_judge (Lean 4.34)","2026-09-30","recomputed","fork:dan_best-state:artifacts/bs/eval/T1_best12_s2__rr600.json","15","B:rr600 k256 T0.8 seed0 state ms96 b2048 (best-state settings)","transfer_long_rr600@ad71284f","","96","2048","0.003177"
"best-9.56M-lean_staten-cap12","best cap12 T1 (best-state la_T1_best12_s2_r8)","9.56M","lean_staten","scratch","best recipe K12 155k","12","T1","2","rr600","100","solved","256","0.8","98","lean_only","lean_judge (Lean 4.34)","2026-09-30","recomputed","fork:dan_best-state:artifacts/bs/eval/T1_best12_s2__rr600.json","16","B:rr600 k256 T0.8 seed0 state ms96 b2048 (best-state settings)","transfer_long_rr600@ad71284f","","96","2048","0.003177"
"best-9.56M-lean_staten-cap12","best cap12 T1 (best-state la_T1_best12_s2_r8)","9.56M","lean_staten","scratch","best recipe K12 155k","12","T1","2","rr600","600","solved","256","0.8","572","lean_only","lean_judge (Lean 4.34)","2026-09-30","recomputed","fork:dan_best-state:artifacts/bs/eval/T1_best12_s2__rr600.json","","B:rr600 k256 T0.8 seed0 state ms96 b2048 (best-state settings)","transfer_long_rr600@ad71284f","","96","2048","0.003177"
"best-9.56M-lean_staten-cap12","best cap12 T1 (best-state la_T1_best12_s2_r8)","9.56M","lean_staten","scratch","best recipe K12 155k","12","T1","2","rr600","600","max_accepted_lines","256","0.8","90","lean_only","lean_judge (Lean 4.34)","2026-09-30","recomputed","fork:dan_best-state:artifacts/bs/eval/T1_best12_s2__rr600.json","","B:rr600 k256 T0.8 seed0 state ms96 b2048 (best-state settings)","transfer_long_rr600@ad71284f","","96","2048","0.003177"
"best-9.56M-lean_staten-cap12","best cap12 T1 (best-state la_T1_best12_s2_r8)","9.56M","lean_staten","scratch","best recipe K12 155k","12","T1","2","rr600","600","frontier_pruned_ge5proofs","256","0.8","59","lean_only","lean_judge (Lean 4.34)","2026-09-30","recomputed","fork:dan_best-state:artifacts/bs/eval/T1_best12_s2__rr600.json","","B:rr600 k256 T0.8 seed0 state ms96 b2048 (best-state settings)","transfer_long_rr600@ad71284f","","96","2048","0.003177"
"best-9.56M-lean_staten-cap12","best cap12 T1 (best-state la_T1_best12_s2_r8)","9.56M","lean_staten","scratch","best recipe K12 155k","12","T1","2","long2_21","21","max_accepted_lines","256","0.8","87","lean_only","lean_judge (Lean 4.34)","2026-09-30","recomputed","fork:dan_best-state:artifacts/bs/eval/T1_best12_s2__long2.json","","D:long2_21(new) k256 T0.8 seed0 state ms96 b2048","transfer_long2@4543e782","","96","2048","0.000558"
"best-9.56M-lean_staten-cap12","best cap12 T1 (best-state la_T1_best12_s2_r8)","9.56M","lean_staten","scratch","best recipe K12 155k","12","T1","2","rr600+long2_21","621","L_star_ge","256","0.8","18","lean_only","lean_judge (Lean 4.34)","2026-09-30","recomputed","fork:dan_best-state:artifacts/bs/eval/T1_best12_s2__rr600.json + __long2.json","","B:rr600 k256 T0.8 seed0 state ms96 b2048 (best-state settings)","transfer_long_rr600@ad71284f;transfer_long2@4543e782","","96","2048","0.003177"
"best-9.56M-lean_staten-cap12","best cap12 T1 (best-state la_T1_best12_s2_r8)","9.56M","lean_staten","scratch","best recipe K12 155k","12","T1","2","rr600","600","L_star_ge","256","0.8","16","lean_only","lean_judge (Lean 4.34)","2026-09-30","recomputed","fork:dan_best-state:artifacts/bs/eval/T1_best12_s2__rr600.json","","B:rr600 k256 T0.8 seed0 state ms96 b2048 (best-state settings)","transfer_long_rr600@ad71284f","","96","2048","0.003177"
"ours-3.2M-lean_staten-cap6","SN-v2 frozen (best-state re-read Fz_SN6_s0)","3.2M","lean_staten","scratch","cap-6 control depth3_f0_a1 155k","6","frozen","S1s0","long2_21","13","solved","256","0.8","0","lean_only","lean_judge (Lean 4.34)","2026-09-30","recomputed","fork:dan_best-state:artifacts/bs/eval/Fz_SN6_s0__long2.json","17","D:long2_21(new) k256 T0.8 seed0 state ms96 b2048","transfer_long2@4543e782","","96","2048","0.0"
"ours-3.2M-lean_staten-cap6","SN-v2 frozen (best-state re-read Fz_SN6_s0)","3.2M","lean_staten","scratch","cap-6 control depth3_f0_a1 155k","6","frozen","S1s0","long2_21","8","solved","256","0.8","0","lean_only","lean_judge (Lean 4.34)","2026-09-30","recomputed","fork:dan_best-state:artifacts/bs/eval/Fz_SN6_s0__long2.json","18+","D:long2_21(new) k256 T0.8 seed0 state ms96 b2048","transfer_long2@4543e782","","96","2048","0.0"
"ours-3.2M-lean_staten-cap6","SN-v2 frozen (best-state re-read Fz_SN6_s0)","3.2M","lean_staten","scratch","cap-6 control depth3_f0_a1 155k","6","frozen","S1s0","long2_21","21","solved","256","0.8","0","lean_only","lean_judge (Lean 4.34)","2026-09-30","recomputed","fork:dan_best-state:artifacts/bs/eval/Fz_SN6_s0__long2.json","","D:long2_21(new) k256 T0.8 seed0 state ms96 b2048","transfer_long2@4543e782","","96","2048","0.0"
"ours-3.2M-lean_staten-cap6","SN-v2 T1 (best-state re-read T1_SN6_s0)","3.2M","lean_staten","scratch","cap-6 control depth3_f0_a1 155k","6","T1","S1s0","long2_21","13","solved","256","0.8","0","lean_only","lean_judge (Lean 4.34)","2026-09-30","recomputed","fork:dan_best-state:artifacts/bs/eval/T1_SN6_s0__long2.json","17","D:long2_21(new) k256 T0.8 seed0 state ms96 b2048","transfer_long2@4543e782","","96","2048","0.0"
"ours-3.2M-lean_staten-cap6","SN-v2 T1 (best-state re-read T1_SN6_s0)","3.2M","lean_staten","scratch","cap-6 control depth3_f0_a1 155k","6","T1","S1s0","long2_21","8","solved","256","0.8","0","lean_only","lean_judge (Lean 4.34)","2026-09-30","recomputed","fork:dan_best-state:artifacts/bs/eval/T1_SN6_s0__long2.json","18+","D:long2_21(new) k256 T0.8 seed0 state ms96 b2048","transfer_long2@4543e782","","96","2048","0.0"
"ours-3.2M-lean_staten-cap6","SN-v2 T1 (best-state re-read T1_SN6_s0)","3.2M","lean_staten","scratch","cap-6 control depth3_f0_a1 155k","6","T1","S1s0","long2_21","21","solved","256","0.8","0","lean_only","lean_judge (Lean 4.34)","2026-09-30","recomputed","fork:dan_best-state:artifacts/bs/eval/T1_SN6_s0__long2.json","","D:long2_21(new) k256 T0.8 seed0 state ms96 b2048","transfer_long2@4543e782","","96","2048","0.0"
"ours-3.2M-lean_staten-cap6","SN-v2 frozen (best-state re-read Fz_SN6_s1)","3.2M","lean_staten","scratch","cap-6 control depth3_f0_a1 155k","6","frozen","S1s1","long2_21","13","solved","256","0.8","0","lean_only","lean_judge (Lean 4.34)","2026-09-30","recomputed","fork:dan_best-state:artifacts/bs/eval/Fz_SN6_s1__long2.json","17","D:long2_21(new) k256 T0.8 seed0 state ms96 b2048","transfer_long2@4543e782","","96","2048","0.0"
"ours-3.2M-lean_staten-cap6","SN-v2 frozen (best-state re-read Fz_SN6_s1)","3.2M","lean_staten","scratch","cap-6 control depth3_f0_a1 155k","6","frozen","S1s1","long2_21","8","solved","256","0.8","0","lean_only","lean_judge (Lean 4.34)","2026-09-30","recomputed","fork:dan_best-state:artifacts/bs/eval/Fz_SN6_s1__long2.json","18+","D:long2_21(new) k256 T0.8 seed0 state ms96 b2048","transfer_long2@4543e782","","96","2048","0.0"
"ours-3.2M-lean_staten-cap6","SN-v2 frozen (best-state re-read Fz_SN6_s1)","3.2M","lean_staten","scratch","cap-6 control depth3_f0_a1 155k","6","frozen","S1s1","long2_21","21","solved","256","0.8","0","lean_only","lean_judge (Lean 4.34)","2026-09-30","recomputed","fork:dan_best-state:artifacts/bs/eval/Fz_SN6_s1__long2.json","","D:long2_21(new) k256 T0.8 seed0 state ms96 b2048","transfer_long2@4543e782","","96","2048","0.0"
"ours-3.2M-lean_staten-cap6","SN-v2 T1 (best-state re-read T1_SN6_s1)","3.2M","lean_staten","scratch","cap-6 control depth3_f0_a1 155k","6","T1","S1s1","long2_21","13","solved","256","0.8","0","lean_only","lean_judge (Lean 4.34)","2026-09-30","recomputed","fork:dan_best-state:artifacts/bs/eval/T1_SN6_s1__long2.json","17","D:long2_21(new) k256 T0.8 seed0 state ms96 b2048","transfer_long2@4543e782","","96","2048","0.000372"
"ours-3.2M-lean_staten-cap6","SN-v2 T1 (best-state re-read T1_SN6_s1)","3.2M","lean_staten","scratch","cap-6 control depth3_f0_a1 155k","6","T1","S1s1","long2_21","8","solved","256","0.8","0","lean_only","lean_judge (Lean 4.34)","2026-09-30","recomputed","fork:dan_best-state:artifacts/bs/eval/T1_SN6_s1__long2.json","18+","D:long2_21(new) k256 T0.8 seed0 state ms96 b2048","transfer_long2@4543e782","","96","2048","0.000372"
"ours-3.2M-lean_staten-cap6","SN-v2 T1 (best-state re-read T1_SN6_s1)","3.2M","lean_staten","scratch","cap-6 control depth3_f0_a1 155k","6","T1","S1s1","long2_21","21","solved","256","0.8","0","lean_only","lean_judge (Lean 4.34)","2026-09-30","recomputed","fork:dan_best-state:artifacts/bs/eval/T1_SN6_s1__long2.json","","D:long2_21(new) k256 T0.8 seed0 state ms96 b2048","transfer_long2@4543e782","","96","2048","0.000372"
"ours-3.2M-lean_staten-cap12","SN-cap12 T1 k64-ladder (compute-match la_T1_cm12k64_s0_r8)","3.2M","lean_staten","scratch","K12 flat 2-12 155k","12","T1-k64","0","long2_21","13","solved","256","0.8","7","lean_only","lean_judge (Lean 4.34)","2026-10-02","recomputed","fork:dan_compute-match:artifacts/cm/eval/T1_cm12k64_s0__long2.json","17","D:long2_21(new) k256 T0.8 seed0 state ms96 b2048","transfer_long2@4543e782","","96","2048","0.0"
"ours-3.2M-lean_staten-cap12","SN-cap12 T1 k64-ladder (compute-match la_T1_cm12k64_s0_r8)","3.2M","lean_staten","scratch","K12 flat 2-12 155k","12","T1-k64","0","long2_21","8","solved","256","0.8","4","lean_only","lean_judge (Lean 4.34)","2026-10-02","recomputed","fork:dan_compute-match:artifacts/cm/eval/T1_cm12k64_s0__long2.json","18+","D:long2_21(new) k256 T0.8 seed0 state ms96 b2048","transfer_long2@4543e782","","96","2048","0.0"
"ours-3.2M-lean_staten-cap12","SN-cap12 T1 k64-ladder (compute-match la_T1_cm12k64_s0_r8)","3.2M","lean_staten","scratch","K12 flat 2-12 155k","12","T1-k64","0","long2_21","21","solved","256","0.8","11","lean_only","lean_judge (Lean 4.34)","2026-10-02","recomputed","fork:dan_compute-match:artifacts/cm/eval/T1_cm12k64_s0__long2.json","","D:long2_21(new) k256 T0.8 seed0 state ms96 b2048","transfer_long2@4543e782","","96","2048","0.0"
"ours-3.2M-lean_staten-cap12","SN-cap12 T1 k64-ladder (compute-match la_T1_cm12k64_s0_r8)","3.2M","lean_staten","scratch","K12 flat 2-12 155k","12","T1-k64","0","rr600","100","solved","256","0.8","70","lean_only","lean_judge (Lean 4.34)","2026-10-02","recomputed","fork:dan_compute-match:artifacts/cm/eval/T1_cm12k64_s0__rr600.json","11","B:rr600 k256 T0.8 seed0 state ms96 b2048 (best-state settings)","transfer_long_rr600@ad71284f","","96","2048","0.000156"
"ours-3.2M-lean_staten-cap12","SN-cap12 T1 k64-ladder (compute-match la_T1_cm12k64_s0_r8)","3.2M","lean_staten","scratch","K12 flat 2-12 155k","12","T1-k64","0","rr600","100","solved","256","0.8","77","lean_only","lean_judge (Lean 4.34)","2026-10-02","recomputed","fork:dan_compute-match:artifacts/cm/eval/T1_cm12k64_s0__rr600.json","12","B:rr600 k256 T0.8 seed0 state ms96 b2048 (best-state settings)","transfer_long_rr600@ad71284f","","96","2048","0.000156"
"ours-3.2M-lean_staten-cap12","SN-cap12 T1 k64-ladder (compute-match la_T1_cm12k64_s0_r8)","3.2M","lean_staten","scratch","K12 flat 2-12 155k","12","T1-k64","0","rr600","100","solved","256","0.8","58","lean_only","lean_judge (Lean 4.34)","2026-10-02","recomputed","fork:dan_compute-match:artifacts/cm/eval/T1_cm12k64_s0__rr600.json","13","B:rr600 k256 T0.8 seed0 state ms96 b2048 (best-state settings)","transfer_long_rr600@ad71284f","","96","2048","0.000156"
"ours-3.2M-lean_staten-cap12","SN-cap12 T1 k64-ladder (compute-match la_T1_cm12k64_s0_r8)","3.2M","lean_staten","scratch","K12 flat 2-12 155k","12","T1-k64","0","rr600","100","solved","256","0.8","62","lean_only","lean_judge (Lean 4.34)","2026-10-02","recomputed","fork:dan_compute-match:artifacts/cm/eval/T1_cm12k64_s0__rr600.json","14","B:rr600 k256 T0.8 seed0 state ms96 b2048 (best-state settings)","transfer_long_rr600@ad71284f","","96","2048","0.000156"
"ours-3.2M-lean_staten-cap12","SN-cap12 T1 k64-ladder (compute-match la_T1_cm12k64_s0_r8)","3.2M","lean_staten","scratch","K12 flat 2-12 155k","12","T1-k64","0","rr600","100","solved","256","0.8","68","lean_only","lean_judge (Lean 4.34)","2026-10-02","recomputed","fork:dan_compute-match:artifacts/cm/eval/T1_cm12k64_s0__rr600.json","15","B:rr600 k256 T0.8 seed0 state ms96 b2048 (best-state settings)","transfer_long_rr600@ad71284f","","96","2048","0.000156"
"ours-3.2M-lean_staten-cap12","SN-cap12 T1 k64-ladder (compute-match la_T1_cm12k64_s0_r8)","3.2M","lean_staten","scratch","K12 flat 2-12 155k","12","T1-k64","0","rr600","100","solved","256","0.8","44","lean_only","lean_judge (Lean 4.34)","2026-10-02","recomputed","fork:dan_compute-match:artifacts/cm/eval/T1_cm12k64_s0__rr600.json","16","B:rr600 k256 T0.8 seed0 state ms96 b2048 (best-state settings)","transfer_long_rr600@ad71284f","","96","2048","0.000156"
"ours-3.2M-lean_staten-cap12","SN-cap12 T1 k64-ladder (compute-match la_T1_cm12k64_s0_r8)","3.2M","lean_staten","scratch","K12 flat 2-12 155k","12","T1-k64","0","rr600","600","solved","256","0.8","379","lean_only","lean_judge (Lean 4.34)","2026-10-02","recomputed","fork:dan_compute-match:artifacts/cm/eval/T1_cm12k64_s0__rr600.json","","B:rr600 k256 T0.8 seed0 state ms96 b2048 (best-state settings)","transfer_long_rr600@ad71284f","","96","2048","0.000156"
"ours-3.2M-lean_staten-cap12","SN-cap12 T1 k64-ladder (compute-match la_T1_cm12k64_s0_r8)","3.2M","lean_staten","scratch","K12 flat 2-12 155k","12","T1-k64","0","rr600","600","max_accepted_lines","256","0.8","57","lean_only","lean_judge (Lean 4.34)","2026-10-02","recomputed","fork:dan_compute-match:artifacts/cm/eval/T1_cm12k64_s0__rr600.json","","B:rr600 k256 T0.8 seed0 state ms96 b2048 (best-state settings)","transfer_long_rr600@ad71284f","","96","2048","0.000156"
"ours-3.2M-lean_staten-cap12","SN-cap12 T1 k64-ladder (compute-match la_T1_cm12k64_s0_r8)","3.2M","lean_staten","scratch","K12 flat 2-12 155k","12","T1-k64","0","rr600","600","frontier_pruned_ge5proofs","256","0.8","46","lean_only","lean_judge (Lean 4.34)","2026-10-02","recomputed","fork:dan_compute-match:artifacts/cm/eval/T1_cm12k64_s0__rr600.json","","B:rr600 k256 T0.8 seed0 state ms96 b2048 (best-state settings)","transfer_long_rr600@ad71284f","","96","2048","0.000156"
"ours-3.2M-lean_staten-cap12","SN-cap12 T1 k64-ladder (compute-match la_T1_cm12k64_s0_r8)","3.2M","lean_staten","scratch","K12 flat 2-12 155k","12","T1-k64","0","long2_21","21","max_accepted_lines","256","0.8","41","lean_only","lean_judge (Lean 4.34)","2026-10-02","recomputed","fork:dan_compute-match:artifacts/cm/eval/T1_cm12k64_s0__long2.json","","D:long2_21(new) k256 T0.8 seed0 state ms96 b2048","transfer_long2@4543e782","","96","2048","0.0"
"ours-3.2M-lean_staten-cap12","SN-cap12 T1 k64-ladder (compute-match la_T1_cm12k64_s0_r8)","3.2M","lean_staten","scratch","K12 flat 2-12 155k","12","T1-k64","0","rr600+long2_21","621","L_star","256","0.8","17","lean_only","lean_judge (Lean 4.34)","2026-10-02","recomputed","fork:dan_compute-match:artifacts/cm/eval/T1_cm12k64_s0__rr600.json + __long2.json","","B:rr600 k256 T0.8 seed0 state ms96 b2048 (best-state settings)","transfer_long_rr600@ad71284f;transfer_long2@4543e782","","96","2048","0.000156"
"ours-3.2M-lean_staten-cap12","SN-cap12 T1 k64-ladder (compute-match la_T1_cm12k64_s0_r8)","3.2M","lean_staten","scratch","K12 flat 2-12 155k","12","T1-k64","0","rr600","600","L_star_ge","256","0.8","16","lean_only","lean_judge (Lean 4.34)","2026-10-02","recomputed","fork:dan_compute-match:artifacts/cm/eval/T1_cm12k64_s0__rr600.json","","B:rr600 k256 T0.8 seed0 state ms96 b2048 (best-state settings)","transfer_long_rr600@ad71284f","","96","2048","0.000156"
"ours-3.2M-lean_staten-cap12","SN-cap12 T1 (compute-match re-read of la_T1_SN12_s0_r8)","3.2M","lean_staten","scratch","K12 flat 2-12 155k","12","T1","0","long2_21","13","solved","256","0.8","6","lean_only","lean_judge (Lean 4.34)","2026-10-02","recomputed","fork:dan_compute-match:artifacts/cm/eval/T1_SN12_s0__long2.json","17","D:long2_21(new) k256 T0.8 seed0 state ms96 b2048","transfer_long2@4543e782","","96","2048","0.0"
"ours-3.2M-lean_staten-cap12","SN-cap12 T1 (compute-match re-read of la_T1_SN12_s0_r8)","3.2M","lean_staten","scratch","K12 flat 2-12 155k","12","T1","0","long2_21","8","solved","256","0.8","3","lean_only","lean_judge (Lean 4.34)","2026-10-02","recomputed","fork:dan_compute-match:artifacts/cm/eval/T1_SN12_s0__long2.json","18+","D:long2_21(new) k256 T0.8 seed0 state ms96 b2048","transfer_long2@4543e782","","96","2048","0.0"
"ours-3.2M-lean_staten-cap12","SN-cap12 T1 (compute-match re-read of la_T1_SN12_s0_r8)","3.2M","lean_staten","scratch","K12 flat 2-12 155k","12","T1","0","long2_21","21","solved","256","0.8","9","lean_only","lean_judge (Lean 4.34)","2026-10-02","recomputed","fork:dan_compute-match:artifacts/cm/eval/T1_SN12_s0__long2.json","","D:long2_21(new) k256 T0.8 seed0 state ms96 b2048","transfer_long2@4543e782","","96","2048","0.0"
"ours-3.2M-lean_staten-cap12","SN-cap12 T1 (compute-match re-read of la_T1_SN12_s0_r8)","3.2M","lean_staten","scratch","K12 flat 2-12 155k","12","T1","0","rr600","100","solved","256","0.8","69","lean_only","lean_judge (Lean 4.34)","2026-10-02","recomputed","fork:dan_compute-match:artifacts/cm/eval/T1_SN12_s0__rr600.json","11","B:rr600 k256 T0.8 seed0 state ms96 b2048 (best-state settings)","transfer_long_rr600@ad71284f","","96","2048","0.000195"
"ours-3.2M-lean_staten-cap12","SN-cap12 T1 (compute-match re-read of la_T1_SN12_s0_r8)","3.2M","lean_staten","scratch","K12 flat 2-12 155k","12","T1","0","rr600","100","solved","256","0.8","67","lean_only","lean_judge (Lean 4.34)","2026-10-02","recomputed","fork:dan_compute-match:artifacts/cm/eval/T1_SN12_s0__rr600.json","12","B:rr600 k256 T0.8 seed0 state ms96 b2048 (best-state settings)","transfer_long_rr600@ad71284f","","96","2048","0.000195"
"ours-3.2M-lean_staten-cap12","SN-cap12 T1 (compute-match re-read of la_T1_SN12_s0_r8)","3.2M","lean_staten","scratch","K12 flat 2-12 155k","12","T1","0","rr600","100","solved","256","0.8","59","lean_only","lean_judge (Lean 4.34)","2026-10-02","recomputed","fork:dan_compute-match:artifacts/cm/eval/T1_SN12_s0__rr600.json","13","B:rr600 k256 T0.8 seed0 state ms96 b2048 (best-state settings)","transfer_long_rr600@ad71284f","","96","2048","0.000195"
"ours-3.2M-lean_staten-cap12","SN-cap12 T1 (compute-match re-read of la_T1_SN12_s0_r8)","3.2M","lean_staten","scratch","K12 flat 2-12 155k","12","T1","0","rr600","100","solved","256","0.8","61","lean_only","lean_judge (Lean 4.34)","2026-10-02","recomputed","fork:dan_compute-match:artifacts/cm/eval/T1_SN12_s0__rr600.json","14","B:rr600 k256 T0.8 seed0 state ms96 b2048 (best-state settings)","transfer_long_rr600@ad71284f","","96","2048","0.000195"
"ours-3.2M-lean_staten-cap12","SN-cap12 T1 (compute-match re-read of la_T1_SN12_s0_r8)","3.2M","lean_staten","scratch","K12 flat 2-12 155k","12","T1","0","rr600","100","solved","256","0.8","65","lean_only","lean_judge (Lean 4.34)","2026-10-02","recomputed","fork:dan_compute-match:artifacts/cm/eval/T1_SN12_s0__rr600.json","15","B:rr600 k256 T0.8 seed0 state ms96 b2048 (best-state settings)","transfer_long_rr600@ad71284f","","96","2048","0.000195"
"ours-3.2M-lean_staten-cap12","SN-cap12 T1 (compute-match re-read of la_T1_SN12_s0_r8)","3.2M","lean_staten","scratch","K12 flat 2-12 155k","12","T1","0","rr600","100","solved","256","0.8","44","lean_only","lean_judge (Lean 4.34)","2026-10-02","recomputed","fork:dan_compute-match:artifacts/cm/eval/T1_SN12_s0__rr600.json","16","B:rr600 k256 T0.8 seed0 state ms96 b2048 (best-state settings)","transfer_long_rr600@ad71284f","","96","2048","0.000195"
"ours-3.2M-lean_staten-cap12","SN-cap12 T1 (compute-match re-read of la_T1_SN12_s0_r8)","3.2M","lean_staten","scratch","K12 flat 2-12 155k","12","T1","0","rr600","600","solved","256","0.8","365","lean_only","lean_judge (Lean 4.34)","2026-10-02","recomputed","fork:dan_compute-match:artifacts/cm/eval/T1_SN12_s0__rr600.json","","B:rr600 k256 T0.8 seed0 state ms96 b2048 (best-state settings)","transfer_long_rr600@ad71284f","","96","2048","0.000195"
"ours-3.2M-lean_staten-cap12","SN-cap12 T1 (compute-match re-read of la_T1_SN12_s0_r8)","3.2M","lean_staten","scratch","K12 flat 2-12 155k","12","T1","0","rr600","600","max_accepted_lines","256","0.8","48","lean_only","lean_judge (Lean 4.34)","2026-10-02","recomputed","fork:dan_compute-match:artifacts/cm/eval/T1_SN12_s0__rr600.json","","B:rr600 k256 T0.8 seed0 state ms96 b2048 (best-state settings)","transfer_long_rr600@ad71284f","","96","2048","0.000195"
"ours-3.2M-lean_staten-cap12","SN-cap12 T1 (compute-match re-read of la_T1_SN12_s0_r8)","3.2M","lean_staten","scratch","K12 flat 2-12 155k","12","T1","0","rr600","600","frontier_pruned_ge5proofs","256","0.8","40","lean_only","lean_judge (Lean 4.34)","2026-10-02","recomputed","fork:dan_compute-match:artifacts/cm/eval/T1_SN12_s0__rr600.json","","B:rr600 k256 T0.8 seed0 state ms96 b2048 (best-state settings)","transfer_long_rr600@ad71284f","","96","2048","0.000195"
"ours-3.2M-lean_staten-cap12","SN-cap12 T1 (compute-match re-read of la_T1_SN12_s0_r8)","3.2M","lean_staten","scratch","K12 flat 2-12 155k","12","T1","0","long2_21","21","max_accepted_lines","256","0.8","40","lean_only","lean_judge (Lean 4.34)","2026-10-02","recomputed","fork:dan_compute-match:artifacts/cm/eval/T1_SN12_s0__long2.json","","D:long2_21(new) k256 T0.8 seed0 state ms96 b2048","transfer_long2@4543e782","","96","2048","0.0"
"ours-3.2M-lean_staten-cap12","SN-cap12 T1 (compute-match re-read of la_T1_SN12_s0_r8)","3.2M","lean_staten","scratch","K12 flat 2-12 155k","12","T1","0","rr600+long2_21","621","L_star","256","0.8","17","lean_only","lean_judge (Lean 4.34)","2026-10-02","recomputed","fork:dan_compute-match:artifacts/cm/eval/T1_SN12_s0__rr600.json + __long2.json","","B:rr600 k256 T0.8 seed0 state ms96 b2048 (best-state settings)","transfer_long_rr600@ad71284f;transfer_long2@4543e782","","96","2048","0.000195"
"ours-3.2M-lean_staten-cap12","SN-cap12 T1 (compute-match re-read of la_T1_SN12_s0_r8)","3.2M","lean_staten","scratch","K12 flat 2-12 155k","12","T1","0","rr600","600","L_star_ge","256","0.8","16","lean_only","lean_judge (Lean 4.34)","2026-10-02","recomputed","fork:dan_compute-match:artifacts/cm/eval/T1_SN12_s0__rr600.json","","B:rr600 k256 T0.8 seed0 state ms96 b2048 (best-state settings)","transfer_long_rr600@ad71284f","","96","2048","0.000195"
"ours-3.2M-lean_staten-cap12","SN-cap12 T1 k64-ladder (compute-match la_T1_cm12k64_s1_r8)","3.2M","lean_staten","scratch","K12 flat 2-12 155k","12","T1-k64","1","long2_21","13","solved","256","0.8","8","lean_only","lean_judge (Lean 4.34)","2026-10-02","recomputed","fork:dan_compute-match:artifacts/cm/eval/T1_cm12k64_s1__long2.json","17","D:long2_21(new) k256 T0.8 seed0 state ms96 b2048","transfer_long2@4543e782","","96","2048","0.000186"
"ours-3.2M-lean_staten-cap12","SN-cap12 T1 k64-ladder (compute-match la_T1_cm12k64_s1_r8)","3.2M","lean_staten","scratch","K12 flat 2-12 155k","12","T1-k64","1","long2_21","8","solved","256","0.8","3","lean_only","lean_judge (Lean 4.34)","2026-10-02","recomputed","fork:dan_compute-match:artifacts/cm/eval/T1_cm12k64_s1__long2.json","18+","D:long2_21(new) k256 T0.8 seed0 state ms96 b2048","transfer_long2@4543e782","","96","2048","0.000186"
"ours-3.2M-lean_staten-cap12","SN-cap12 T1 k64-ladder (compute-match la_T1_cm12k64_s1_r8)","3.2M","lean_staten","scratch","K12 flat 2-12 155k","12","T1-k64","1","long2_21","21","solved","256","0.8","11","lean_only","lean_judge (Lean 4.34)","2026-10-02","recomputed","fork:dan_compute-match:artifacts/cm/eval/T1_cm12k64_s1__long2.json","","D:long2_21(new) k256 T0.8 seed0 state ms96 b2048","transfer_long2@4543e782","","96","2048","0.000186"
"ours-3.2M-lean_staten-cap12","SN-cap12 T1 k64-ladder (compute-match la_T1_cm12k64_s1_r8)","3.2M","lean_staten","scratch","K12 flat 2-12 155k","12","T1-k64","1","rr600","100","solved","256","0.8","78","lean_only","lean_judge (Lean 4.34)","2026-10-02","recomputed","fork:dan_compute-match:artifacts/cm/eval/T1_cm12k64_s1__rr600.json","11","B:rr600 k256 T0.8 seed0 state ms96 b2048 (best-state settings)","transfer_long_rr600@ad71284f","","96","2048","0.000332"
"ours-3.2M-lean_staten-cap12","SN-cap12 T1 k64-ladder (compute-match la_T1_cm12k64_s1_r8)","3.2M","lean_staten","scratch","K12 flat 2-12 155k","12","T1-k64","1","rr600","100","solved","256","0.8","86","lean_only","lean_judge (Lean 4.34)","2026-10-02","recomputed","fork:dan_compute-match:artifacts/cm/eval/T1_cm12k64_s1__rr600.json","12","B:rr600 k256 T0.8 seed0 state ms96 b2048 (best-state settings)","transfer_long_rr600@ad71284f","","96","2048","0.000332"
"ours-3.2M-lean_staten-cap12","SN-cap12 T1 k64-ladder (compute-match la_T1_cm12k64_s1_r8)","3.2M","lean_staten","scratch","K12 flat 2-12 155k","12","T1-k64","1","rr600","100","solved","256","0.8","71","lean_only","lean_judge (Lean 4.34)","2026-10-02","recomputed","fork:dan_compute-match:artifacts/cm/eval/T1_cm12k64_s1__rr600.json","13","B:rr600 k256 T0.8 seed0 state ms96 b2048 (best-state settings)","transfer_long_rr600@ad71284f","","96","2048","0.000332"
"ours-3.2M-lean_staten-cap12","SN-cap12 T1 k64-ladder (compute-match la_T1_cm12k64_s1_r8)","3.2M","lean_staten","scratch","K12 flat 2-12 155k","12","T1-k64","1","rr600","100","solved","256","0.8","75","lean_only","lean_judge (Lean 4.34)","2026-10-02","recomputed","fork:dan_compute-match:artifacts/cm/eval/T1_cm12k64_s1__rr600.json","14","B:rr600 k256 T0.8 seed0 state ms96 b2048 (best-state settings)","transfer_long_rr600@ad71284f","","96","2048","0.000332"
"ours-3.2M-lean_staten-cap12","SN-cap12 T1 k64-ladder (compute-match la_T1_cm12k64_s1_r8)","3.2M","lean_staten","scratch","K12 flat 2-12 155k","12","T1-k64","1","rr600","100","solved","256","0.8","79","lean_only","lean_judge (Lean 4.34)","2026-10-02","recomputed","fork:dan_compute-match:artifacts/cm/eval/T1_cm12k64_s1__rr600.json","15","B:rr600 k256 T0.8 seed0 state ms96 b2048 (best-state settings)","transfer_long_rr600@ad71284f","","96","2048","0.000332"
"ours-3.2M-lean_staten-cap12","SN-cap12 T1 k64-ladder (compute-match la_T1_cm12k64_s1_r8)","3.2M","lean_staten","scratch","K12 flat 2-12 155k","12","T1-k64","1","rr600","100","solved","256","0.8","73","lean_only","lean_judge (Lean 4.34)","2026-10-02","recomputed","fork:dan_compute-match:artifacts/cm/eval/T1_cm12k64_s1__rr600.json","16","B:rr600 k256 T0.8 seed0 state ms96 b2048 (best-state settings)","transfer_long_rr600@ad71284f","","96","2048","0.000332"
"ours-3.2M-lean_staten-cap12","SN-cap12 T1 k64-ladder (compute-match la_T1_cm12k64_s1_r8)","3.2M","lean_staten","scratch","K12 flat 2-12 155k","12","T1-k64","1","rr600","600","solved","256","0.8","462","lean_only","lean_judge (Lean 4.34)","2026-10-02","recomputed","fork:dan_compute-match:artifacts/cm/eval/T1_cm12k64_s1__rr600.json","","B:rr600 k256 T0.8 seed0 state ms96 b2048 (best-state settings)","transfer_long_rr600@ad71284f","","96","2048","0.000332"
"ours-3.2M-lean_staten-cap12","SN-cap12 T1 k64-ladder (compute-match la_T1_cm12k64_s1_r8)","3.2M","lean_staten","scratch","K12 flat 2-12 155k","12","T1-k64","1","rr600","600","max_accepted_lines","256","0.8","61","lean_only","lean_judge (Lean 4.34)","2026-10-02","recomputed","fork:dan_compute-match:artifacts/cm/eval/T1_cm12k64_s1__rr600.json","","B:rr600 k256 T0.8 seed0 state ms96 b2048 (best-state settings)","transfer_long_rr600@ad71284f","","96","2048","0.000332"
"ours-3.2M-lean_staten-cap12","SN-cap12 T1 k64-ladder (compute-match la_T1_cm12k64_s1_r8)","3.2M","lean_staten","scratch","K12 flat 2-12 155k","12","T1-k64","1","rr600","600","frontier_pruned_ge5proofs","256","0.8","44","lean_only","lean_judge (Lean 4.34)","2026-10-02","recomputed","fork:dan_compute-match:artifacts/cm/eval/T1_cm12k64_s1__rr600.json","","B:rr600 k256 T0.8 seed0 state ms96 b2048 (best-state settings)","transfer_long_rr600@ad71284f","","96","2048","0.000332"
"ours-3.2M-lean_staten-cap12","SN-cap12 T1 k64-ladder (compute-match la_T1_cm12k64_s1_r8)","3.2M","lean_staten","scratch","K12 flat 2-12 155k","12","T1-k64","1","long2_21","21","max_accepted_lines","256","0.8","36","lean_only","lean_judge (Lean 4.34)","2026-10-02","recomputed","fork:dan_compute-match:artifacts/cm/eval/T1_cm12k64_s1__long2.json","","D:long2_21(new) k256 T0.8 seed0 state ms96 b2048","transfer_long2@4543e782","","96","2048","0.000186"
"ours-3.2M-lean_staten-cap12","SN-cap12 T1 k64-ladder (compute-match la_T1_cm12k64_s1_r8)","3.2M","lean_staten","scratch","K12 flat 2-12 155k","12","T1-k64","1","rr600+long2_21","621","L_star","256","0.8","17","lean_only","lean_judge (Lean 4.34)","2026-10-02","recomputed","fork:dan_compute-match:artifacts/cm/eval/T1_cm12k64_s1__rr600.json + __long2.json","","B:rr600 k256 T0.8 seed0 state ms96 b2048 (best-state settings)","transfer_long_rr600@ad71284f;transfer_long2@4543e782","","96","2048","0.000332"
"ours-3.2M-lean_staten-cap12","SN-cap12 T1 k64-ladder (compute-match la_T1_cm12k64_s1_r8)","3.2M","lean_staten","scratch","K12 flat 2-12 155k","12","T1-k64","1","rr600","600","L_star_ge","256","0.8","16","lean_only","lean_judge (Lean 4.34)","2026-10-02","recomputed","fork:dan_compute-match:artifacts/cm/eval/T1_cm12k64_s1__rr600.json","","B:rr600 k256 T0.8 seed0 state ms96 b2048 (best-state settings)","transfer_long_rr600@ad71284f","","96","2048","0.000332"
"ours-3.2M-lean_staten-cap12","SN-cap12 T1 (compute-match re-read of la_T1_SN12_s1_r8)","3.2M","lean_staten","scratch","K12 flat 2-12 155k","12","T1","1","long2_21","13","solved","256","0.8","9","lean_only","lean_judge (Lean 4.34)","2026-10-02","recomputed","fork:dan_compute-match:artifacts/cm/eval/T1_SN12_s1__long2.json","17","D:long2_21(new) k256 T0.8 seed0 state ms96 b2048","transfer_long2@4543e782","","96","2048","0.0"
"ours-3.2M-lean_staten-cap12","SN-cap12 T1 (compute-match re-read of la_T1_SN12_s1_r8)","3.2M","lean_staten","scratch","K12 flat 2-12 155k","12","T1","1","long2_21","8","solved","256","0.8","5","lean_only","lean_judge (Lean 4.34)","2026-10-02","recomputed","fork:dan_compute-match:artifacts/cm/eval/T1_SN12_s1__long2.json","18+","D:long2_21(new) k256 T0.8 seed0 state ms96 b2048","transfer_long2@4543e782","","96","2048","0.0"
"ours-3.2M-lean_staten-cap12","SN-cap12 T1 (compute-match re-read of la_T1_SN12_s1_r8)","3.2M","lean_staten","scratch","K12 flat 2-12 155k","12","T1","1","long2_21","21","solved","256","0.8","14","lean_only","lean_judge (Lean 4.34)","2026-10-02","recomputed","fork:dan_compute-match:artifacts/cm/eval/T1_SN12_s1__long2.json","","D:long2_21(new) k256 T0.8 seed0 state ms96 b2048","transfer_long2@4543e782","","96","2048","0.0"
"ours-3.2M-lean_staten-cap12","SN-cap12 T1 (compute-match re-read of la_T1_SN12_s1_r8)","3.2M","lean_staten","scratch","K12 flat 2-12 155k","12","T1","1","rr600","100","solved","256","0.8","80","lean_only","lean_judge (Lean 4.34)","2026-10-02","recomputed","fork:dan_compute-match:artifacts/cm/eval/T1_SN12_s1__rr600.json","11","B:rr600 k256 T0.8 seed0 state ms96 b2048 (best-state settings)","transfer_long_rr600@ad71284f","","96","2048","0.000247"
"ours-3.2M-lean_staten-cap12","SN-cap12 T1 (compute-match re-read of la_T1_SN12_s1_r8)","3.2M","lean_staten","scratch","K12 flat 2-12 155k","12","T1","1","rr600","100","solved","256","0.8","85","lean_only","lean_judge (Lean 4.34)","2026-10-02","recomputed","fork:dan_compute-match:artifacts/cm/eval/T1_SN12_s1__rr600.json","12","B:rr600 k256 T0.8 seed0 state ms96 b2048 (best-state settings)","transfer_long_rr600@ad71284f","","96","2048","0.000247"
"ours-3.2M-lean_staten-cap12","SN-cap12 T1 (compute-match re-read of la_T1_SN12_s1_r8)","3.2M","lean_staten","scratch","K12 flat 2-12 155k","12","T1","1","rr600","100","solved","256","0.8","71","lean_only","lean_judge (Lean 4.34)","2026-10-02","recomputed","fork:dan_compute-match:artifacts/cm/eval/T1_SN12_s1__rr600.json","13","B:rr600 k256 T0.8 seed0 state ms96 b2048 (best-state settings)","transfer_long_rr600@ad71284f","","96","2048","0.000247"
"ours-3.2M-lean_staten-cap12","SN-cap12 T1 (compute-match re-read of la_T1_SN12_s1_r8)","3.2M","lean_staten","scratch","K12 flat 2-12 155k","12","T1","1","rr600","100","solved","256","0.8","73","lean_only","lean_judge (Lean 4.34)","2026-10-02","recomputed","fork:dan_compute-match:artifacts/cm/eval/T1_SN12_s1__rr600.json","14","B:rr600 k256 T0.8 seed0 state ms96 b2048 (best-state settings)","transfer_long_rr600@ad71284f","","96","2048","0.000247"
"ours-3.2M-lean_staten-cap12","SN-cap12 T1 (compute-match re-read of la_T1_SN12_s1_r8)","3.2M","lean_staten","scratch","K12 flat 2-12 155k","12","T1","1","rr600","100","solved","256","0.8","76","lean_only","lean_judge (Lean 4.34)","2026-10-02","recomputed","fork:dan_compute-match:artifacts/cm/eval/T1_SN12_s1__rr600.json","15","B:rr600 k256 T0.8 seed0 state ms96 b2048 (best-state settings)","transfer_long_rr600@ad71284f","","96","2048","0.000247"
"ours-3.2M-lean_staten-cap12","SN-cap12 T1 (compute-match re-read of la_T1_SN12_s1_r8)","3.2M","lean_staten","scratch","K12 flat 2-12 155k","12","T1","1","rr600","100","solved","256","0.8","74","lean_only","lean_judge (Lean 4.34)","2026-10-02","recomputed","fork:dan_compute-match:artifacts/cm/eval/T1_SN12_s1__rr600.json","16","B:rr600 k256 T0.8 seed0 state ms96 b2048 (best-state settings)","transfer_long_rr600@ad71284f","","96","2048","0.000247"
"ours-3.2M-lean_staten-cap12","SN-cap12 T1 (compute-match re-read of la_T1_SN12_s1_r8)","3.2M","lean_staten","scratch","K12 flat 2-12 155k","12","T1","1","rr600","600","solved","256","0.8","459","lean_only","lean_judge (Lean 4.34)","2026-10-02","recomputed","fork:dan_compute-match:artifacts/cm/eval/T1_SN12_s1__rr600.json","","B:rr600 k256 T0.8 seed0 state ms96 b2048 (best-state settings)","transfer_long_rr600@ad71284f","","96","2048","0.000247"
"ours-3.2M-lean_staten-cap12","SN-cap12 T1 (compute-match re-read of la_T1_SN12_s1_r8)","3.2M","lean_staten","scratch","K12 flat 2-12 155k","12","T1","1","rr600","600","max_accepted_lines","256","0.8","57","lean_only","lean_judge (Lean 4.34)","2026-10-02","recomputed","fork:dan_compute-match:artifacts/cm/eval/T1_SN12_s1__rr600.json","","B:rr600 k256 T0.8 seed0 state ms96 b2048 (best-state settings)","transfer_long_rr600@ad71284f","","96","2048","0.000247"
"ours-3.2M-lean_staten-cap12","SN-cap12 T1 (compute-match re-read of la_T1_SN12_s1_r8)","3.2M","lean_staten","scratch","K12 flat 2-12 155k","12","T1","1","rr600","600","frontier_pruned_ge5proofs","256","0.8","42","lean_only","lean_judge (Lean 4.34)","2026-10-02","recomputed","fork:dan_compute-match:artifacts/cm/eval/T1_SN12_s1__rr600.json","","B:rr600 k256 T0.8 seed0 state ms96 b2048 (best-state settings)","transfer_long_rr600@ad71284f","","96","2048","0.000247"
"ours-3.2M-lean_staten-cap12","SN-cap12 T1 (compute-match re-read of la_T1_SN12_s1_r8)","3.2M","lean_staten","scratch","K12 flat 2-12 155k","12","T1","1","long2_21","21","max_accepted_lines","256","0.8","44","lean_only","lean_judge (Lean 4.34)","2026-10-02","recomputed","fork:dan_compute-match:artifacts/cm/eval/T1_SN12_s1__long2.json","","D:long2_21(new) k256 T0.8 seed0 state ms96 b2048","transfer_long2@4543e782","","96","2048","0.0"
"ours-3.2M-lean_staten-cap12","SN-cap12 T1 (compute-match re-read of la_T1_SN12_s1_r8)","3.2M","lean_staten","scratch","K12 flat 2-12 155k","12","T1","1","rr600+long2_21","621","L_star_ge","256","0.8","18","lean_only","lean_judge (Lean 4.34)","2026-10-02","recomputed","fork:dan_compute-match:artifacts/cm/eval/T1_SN12_s1__rr600.json + __long2.json","","B:rr600 k256 T0.8 seed0 state ms96 b2048 (best-state settings)","transfer_long_rr600@ad71284f;transfer_long2@4543e782","","96","2048","0.000247"
"ours-3.2M-lean_staten-cap12","SN-cap12 T1 (compute-match re-read of la_T1_SN12_s1_r8)","3.2M","lean_staten","scratch","K12 flat 2-12 155k","12","T1","1","rr600","600","L_star_ge","256","0.8","16","lean_only","lean_judge (Lean 4.34)","2026-10-02","recomputed","fork:dan_compute-match:artifacts/cm/eval/T1_SN12_s1__rr600.json","","B:rr600 k256 T0.8 seed0 state ms96 b2048 (best-state settings)","transfer_long_rr600@ad71284f","","96","2048","0.000247"
"ours-3.2M-lean_staten-cap12","SN-cap12 T1 k64-ladder (compute-match la_T1_cm12k64_s2_r8)","3.2M","lean_staten","scratch","K12 flat 2-12 155k","12","T1-k64","2","long2_21","13","solved","256","0.8","9","lean_only","lean_judge (Lean 4.34)","2026-10-02","recomputed","fork:dan_compute-match:artifacts/cm/eval/T1_cm12k64_s2__long2.json","17","D:long2_21(new) k256 T0.8 seed0 state ms96 b2048","transfer_long2@4543e782","","96","2048","0.0"
"ours-3.2M-lean_staten-cap12","SN-cap12 T1 k64-ladder (compute-match la_T1_cm12k64_s2_r8)","3.2M","lean_staten","scratch","K12 flat 2-12 155k","12","T1-k64","2","long2_21","8","solved","256","0.8","6","lean_only","lean_judge (Lean 4.34)","2026-10-02","recomputed","fork:dan_compute-match:artifacts/cm/eval/T1_cm12k64_s2__long2.json","18+","D:long2_21(new) k256 T0.8 seed0 state ms96 b2048","transfer_long2@4543e782","","96","2048","0.0"
"ours-3.2M-lean_staten-cap12","SN-cap12 T1 k64-ladder (compute-match la_T1_cm12k64_s2_r8)","3.2M","lean_staten","scratch","K12 flat 2-12 155k","12","T1-k64","2","long2_21","21","solved","256","0.8","15","lean_only","lean_judge (Lean 4.34)","2026-10-02","recomputed","fork:dan_compute-match:artifacts/cm/eval/T1_cm12k64_s2__long2.json","","D:long2_21(new) k256 T0.8 seed0 state ms96 b2048","transfer_long2@4543e782","","96","2048","0.0"
"ours-3.2M-lean_staten-cap12","SN-cap12 T1 k64-ladder (compute-match la_T1_cm12k64_s2_r8)","3.2M","lean_staten","scratch","K12 flat 2-12 155k","12","T1-k64","2","rr600","100","solved","256","0.8","79","lean_only","lean_judge (Lean 4.34)","2026-10-02","recomputed","fork:dan_compute-match:artifacts/cm/eval/T1_cm12k64_s2__rr600.json","11","B:rr600 k256 T0.8 seed0 state ms96 b2048 (best-state settings)","transfer_long_rr600@ad71284f","","96","2048","3.9e-05"
"ours-3.2M-lean_staten-cap12","SN-cap12 T1 k64-ladder (compute-match la_T1_cm12k64_s2_r8)","3.2M","lean_staten","scratch","K12 flat 2-12 155k","12","T1-k64","2","rr600","100","solved","256","0.8","83","lean_only","lean_judge (Lean 4.34)","2026-10-02","recomputed","fork:dan_compute-match:artifacts/cm/eval/T1_cm12k64_s2__rr600.json","12","B:rr600 k256 T0.8 seed0 state ms96 b2048 (best-state settings)","transfer_long_rr600@ad71284f","","96","2048","3.9e-05"
"ours-3.2M-lean_staten-cap12","SN-cap12 T1 k64-ladder (compute-match la_T1_cm12k64_s2_r8)","3.2M","lean_staten","scratch","K12 flat 2-12 155k","12","T1-k64","2","rr600","100","solved","256","0.8","77","lean_only","lean_judge (Lean 4.34)","2026-10-02","recomputed","fork:dan_compute-match:artifacts/cm/eval/T1_cm12k64_s2__rr600.json","13","B:rr600 k256 T0.8 seed0 state ms96 b2048 (best-state settings)","transfer_long_rr600@ad71284f","","96","2048","3.9e-05"
"ours-3.2M-lean_staten-cap12","SN-cap12 T1 k64-ladder (compute-match la_T1_cm12k64_s2_r8)","3.2M","lean_staten","scratch","K12 flat 2-12 155k","12","T1-k64","2","rr600","100","solved","256","0.8","79","lean_only","lean_judge (Lean 4.34)","2026-10-02","recomputed","fork:dan_compute-match:artifacts/cm/eval/T1_cm12k64_s2__rr600.json","14","B:rr600 k256 T0.8 seed0 state ms96 b2048 (best-state settings)","transfer_long_rr600@ad71284f","","96","2048","3.9e-05"
"ours-3.2M-lean_staten-cap12","SN-cap12 T1 k64-ladder (compute-match la_T1_cm12k64_s2_r8)","3.2M","lean_staten","scratch","K12 flat 2-12 155k","12","T1-k64","2","rr600","100","solved","256","0.8","90","lean_only","lean_judge (Lean 4.34)","2026-10-02","recomputed","fork:dan_compute-match:artifacts/cm/eval/T1_cm12k64_s2__rr600.json","15","B:rr600 k256 T0.8 seed0 state ms96 b2048 (best-state settings)","transfer_long_rr600@ad71284f","","96","2048","3.9e-05"
"ours-3.2M-lean_staten-cap12","SN-cap12 T1 k64-ladder (compute-match la_T1_cm12k64_s2_r8)","3.2M","lean_staten","scratch","K12 flat 2-12 155k","12","T1-k64","2","rr600","100","solved","256","0.8","75","lean_only","lean_judge (Lean 4.34)","2026-10-02","recomputed","fork:dan_compute-match:artifacts/cm/eval/T1_cm12k64_s2__rr600.json","16","B:rr600 k256 T0.8 seed0 state ms96 b2048 (best-state settings)","transfer_long_rr600@ad71284f","","96","2048","3.9e-05"
"ours-3.2M-lean_staten-cap12","SN-cap12 T1 k64-ladder (compute-match la_T1_cm12k64_s2_r8)","3.2M","lean_staten","scratch","K12 flat 2-12 155k","12","T1-k64","2","rr600","600","solved","256","0.8","483","lean_only","lean_judge (Lean 4.34)","2026-10-02","recomputed","fork:dan_compute-match:artifacts/cm/eval/T1_cm12k64_s2__rr600.json","","B:rr600 k256 T0.8 seed0 state ms96 b2048 (best-state settings)","transfer_long_rr600@ad71284f","","96","2048","3.9e-05"
"ours-3.2M-lean_staten-cap12","SN-cap12 T1 k64-ladder (compute-match la_T1_cm12k64_s2_r8)","3.2M","lean_staten","scratch","K12 flat 2-12 155k","12","T1-k64","2","rr600","600","max_accepted_lines","256","0.8","57","lean_only","lean_judge (Lean 4.34)","2026-10-02","recomputed","fork:dan_compute-match:artifacts/cm/eval/T1_cm12k64_s2__rr600.json","","B:rr600 k256 T0.8 seed0 state ms96 b2048 (best-state settings)","transfer_long_rr600@ad71284f","","96","2048","3.9e-05"
"ours-3.2M-lean_staten-cap12","SN-cap12 T1 k64-ladder (compute-match la_T1_cm12k64_s2_r8)","3.2M","lean_staten","scratch","K12 flat 2-12 155k","12","T1-k64","2","rr600","600","frontier_pruned_ge5proofs","256","0.8","45","lean_only","lean_judge (Lean 4.34)","2026-10-02","recomputed","fork:dan_compute-match:artifacts/cm/eval/T1_cm12k64_s2__rr600.json","","B:rr600 k256 T0.8 seed0 state ms96 b2048 (best-state settings)","transfer_long_rr600@ad71284f","","96","2048","3.9e-05"
"ours-3.2M-lean_staten-cap12","SN-cap12 T1 k64-ladder (compute-match la_T1_cm12k64_s2_r8)","3.2M","lean_staten","scratch","K12 flat 2-12 155k","12","T1-k64","2","long2_21","21","max_accepted_lines","256","0.8","55","lean_only","lean_judge (Lean 4.34)","2026-10-02","recomputed","fork:dan_compute-match:artifacts/cm/eval/T1_cm12k64_s2__long2.json","","D:long2_21(new) k256 T0.8 seed0 state ms96 b2048","transfer_long2@4543e782","","96","2048","0.0"
"ours-3.2M-lean_staten-cap12","SN-cap12 T1 k64-ladder (compute-match la_T1_cm12k64_s2_r8)","3.2M","lean_staten","scratch","K12 flat 2-12 155k","12","T1-k64","2","rr600+long2_21","621","L_star_ge","256","0.8","18","lean_only","lean_judge (Lean 4.34)","2026-10-02","recomputed","fork:dan_compute-match:artifacts/cm/eval/T1_cm12k64_s2__rr600.json + __long2.json","","B:rr600 k256 T0.8 seed0 state ms96 b2048 (best-state settings)","transfer_long_rr600@ad71284f;transfer_long2@4543e782","","96","2048","3.9e-05"
"ours-3.2M-lean_staten-cap12","SN-cap12 T1 k64-ladder (compute-match la_T1_cm12k64_s2_r8)","3.2M","lean_staten","scratch","K12 flat 2-12 155k","12","T1-k64","2","rr600","600","L_star_ge","256","0.8","16","lean_only","lean_judge (Lean 4.34)","2026-10-02","recomputed","fork:dan_compute-match:artifacts/cm/eval/T1_cm12k64_s2__rr600.json","","B:rr600 k256 T0.8 seed0 state ms96 b2048 (best-state settings)","transfer_long_rr600@ad71284f","","96","2048","3.9e-05"
"ours-3.2M-lean_staten-cap12","SN-cap12 T1 (compute-match re-read of la_T1_SN12_s2_r8)","3.2M","lean_staten","scratch","K12 flat 2-12 155k","12","T1","2","long2_21","13","solved","256","0.8","11","lean_only","lean_judge (Lean 4.34)","2026-10-02","recomputed","fork:dan_compute-match:artifacts/cm/eval/T1_SN12_s2__long2.json","17","D:long2_21(new) k256 T0.8 seed0 state ms96 b2048","transfer_long2@4543e782","","96","2048","0.000186"
"ours-3.2M-lean_staten-cap12","SN-cap12 T1 (compute-match re-read of la_T1_SN12_s2_r8)","3.2M","lean_staten","scratch","K12 flat 2-12 155k","12","T1","2","long2_21","8","solved","256","0.8","7","lean_only","lean_judge (Lean 4.34)","2026-10-02","recomputed","fork:dan_compute-match:artifacts/cm/eval/T1_SN12_s2__long2.json","18+","D:long2_21(new) k256 T0.8 seed0 state ms96 b2048","transfer_long2@4543e782","","96","2048","0.000186"
"ours-3.2M-lean_staten-cap12","SN-cap12 T1 (compute-match re-read of la_T1_SN12_s2_r8)","3.2M","lean_staten","scratch","K12 flat 2-12 155k","12","T1","2","long2_21","21","solved","256","0.8","18","lean_only","lean_judge (Lean 4.34)","2026-10-02","recomputed","fork:dan_compute-match:artifacts/cm/eval/T1_SN12_s2__long2.json","","D:long2_21(new) k256 T0.8 seed0 state ms96 b2048","transfer_long2@4543e782","","96","2048","0.000186"
"ours-3.2M-lean_staten-cap12","SN-cap12 T1 (compute-match re-read of la_T1_SN12_s2_r8)","3.2M","lean_staten","scratch","K12 flat 2-12 155k","12","T1","2","rr600","100","solved","256","0.8","77","lean_only","lean_judge (Lean 4.34)","2026-10-02","recomputed","fork:dan_compute-match:artifacts/cm/eval/T1_SN12_s2__rr600.json","11","B:rr600 k256 T0.8 seed0 state ms96 b2048 (best-state settings)","transfer_long_rr600@ad71284f","","96","2048","0.000228"
"ours-3.2M-lean_staten-cap12","SN-cap12 T1 (compute-match re-read of la_T1_SN12_s2_r8)","3.2M","lean_staten","scratch","K12 flat 2-12 155k","12","T1","2","rr600","100","solved","256","0.8","77","lean_only","lean_judge (Lean 4.34)","2026-10-02","recomputed","fork:dan_compute-match:artifacts/cm/eval/T1_SN12_s2__rr600.json","12","B:rr600 k256 T0.8 seed0 state ms96 b2048 (best-state settings)","transfer_long_rr600@ad71284f","","96","2048","0.000228"
"ours-3.2M-lean_staten-cap12","SN-cap12 T1 (compute-match re-read of la_T1_SN12_s2_r8)","3.2M","lean_staten","scratch","K12 flat 2-12 155k","12","T1","2","rr600","100","solved","256","0.8","76","lean_only","lean_judge (Lean 4.34)","2026-10-02","recomputed","fork:dan_compute-match:artifacts/cm/eval/T1_SN12_s2__rr600.json","13","B:rr600 k256 T0.8 seed0 state ms96 b2048 (best-state settings)","transfer_long_rr600@ad71284f","","96","2048","0.000228"
"ours-3.2M-lean_staten-cap12","SN-cap12 T1 (compute-match re-read of la_T1_SN12_s2_r8)","3.2M","lean_staten","scratch","K12 flat 2-12 155k","12","T1","2","rr600","100","solved","256","0.8","77","lean_only","lean_judge (Lean 4.34)","2026-10-02","recomputed","fork:dan_compute-match:artifacts/cm/eval/T1_SN12_s2__rr600.json","14","B:rr600 k256 T0.8 seed0 state ms96 b2048 (best-state settings)","transfer_long_rr600@ad71284f","","96","2048","0.000228"
"ours-3.2M-lean_staten-cap12","SN-cap12 T1 (compute-match re-read of la_T1_SN12_s2_r8)","3.2M","lean_staten","scratch","K12 flat 2-12 155k","12","T1","2","rr600","100","solved","256","0.8","86","lean_only","lean_judge (Lean 4.34)","2026-10-02","recomputed","fork:dan_compute-match:artifacts/cm/eval/T1_SN12_s2__rr600.json","15","B:rr600 k256 T0.8 seed0 state ms96 b2048 (best-state settings)","transfer_long_rr600@ad71284f","","96","2048","0.000228"
"ours-3.2M-lean_staten-cap12","SN-cap12 T1 (compute-match re-read of la_T1_SN12_s2_r8)","3.2M","lean_staten","scratch","K12 flat 2-12 155k","12","T1","2","rr600","100","solved","256","0.8","78","lean_only","lean_judge (Lean 4.34)","2026-10-02","recomputed","fork:dan_compute-match:artifacts/cm/eval/T1_SN12_s2__rr600.json","16","B:rr600 k256 T0.8 seed0 state ms96 b2048 (best-state settings)","transfer_long_rr600@ad71284f","","96","2048","0.000228"
"ours-3.2M-lean_staten-cap12","SN-cap12 T1 (compute-match re-read of la_T1_SN12_s2_r8)","3.2M","lean_staten","scratch","K12 flat 2-12 155k","12","T1","2","rr600","600","solved","256","0.8","471","lean_only","lean_judge (Lean 4.34)","2026-10-02","recomputed","fork:dan_compute-match:artifacts/cm/eval/T1_SN12_s2__rr600.json","","B:rr600 k256 T0.8 seed0 state ms96 b2048 (best-state settings)","transfer_long_rr600@ad71284f","","96","2048","0.000228"
"ours-3.2M-lean_staten-cap12","SN-cap12 T1 (compute-match re-read of la_T1_SN12_s2_r8)","3.2M","lean_staten","scratch","K12 flat 2-12 155k","12","T1","2","rr600","600","max_accepted_lines","256","0.8","65","lean_only","lean_judge (Lean 4.34)","2026-10-02","recomputed","fork:dan_compute-match:artifacts/cm/eval/T1_SN12_s2__rr600.json","","B:rr600 k256 T0.8 seed0 state ms96 b2048 (best-state settings)","transfer_long_rr600@ad71284f","","96","2048","0.000228"
"ours-3.2M-lean_staten-cap12","SN-cap12 T1 (compute-match re-read of la_T1_SN12_s2_r8)","3.2M","lean_staten","scratch","K12 flat 2-12 155k","12","T1","2","rr600","600","frontier_pruned_ge5proofs","256","0.8","56","lean_only","lean_judge (Lean 4.34)","2026-10-02","recomputed","fork:dan_compute-match:artifacts/cm/eval/T1_SN12_s2__rr600.json","","B:rr600 k256 T0.8 seed0 state ms96 b2048 (best-state settings)","transfer_long_rr600@ad71284f","","96","2048","0.000228"
"ours-3.2M-lean_staten-cap12","SN-cap12 T1 (compute-match re-read of la_T1_SN12_s2_r8)","3.2M","lean_staten","scratch","K12 flat 2-12 155k","12","T1","2","long2_21","21","max_accepted_lines","256","0.8","46","lean_only","lean_judge (Lean 4.34)","2026-10-02","recomputed","fork:dan_compute-match:artifacts/cm/eval/T1_SN12_s2__long2.json","","D:long2_21(new) k256 T0.8 seed0 state ms96 b2048","transfer_long2@4543e782","","96","2048","0.000186"
"ours-3.2M-lean_staten-cap12","SN-cap12 T1 (compute-match re-read of la_T1_SN12_s2_r8)","3.2M","lean_staten","scratch","K12 flat 2-12 155k","12","T1","2","rr600+long2_21","621","L_star_ge","256","0.8","18","lean_only","lean_judge (Lean 4.34)","2026-10-02","recomputed","fork:dan_compute-match:artifacts/cm/eval/T1_SN12_s2__rr600.json + __long2.json","","B:rr600 k256 T0.8 seed0 state ms96 b2048 (best-state settings)","transfer_long_rr600@ad71284f;transfer_long2@4543e782","","96","2048","0.000228"
"ours-3.2M-lean_staten-cap12","SN-cap12 T1 (compute-match re-read of la_T1_SN12_s2_r8)","3.2M","lean_staten","scratch","K12 flat 2-12 155k","12","T1","2","rr600","600","L_star_ge","256","0.8","16","lean_only","lean_judge (Lean 4.34)","2026-10-02","recomputed","fork:dan_compute-match:artifacts/cm/eval/T1_SN12_s2__rr600.json","","B:rr600 k256 T0.8 seed0 state ms96 b2048 (best-state settings)","transfer_long_rr600@ad71284f","","96","2048","0.000228"
"takehome-3.2M-cap6-abs","stage1_abs + frozen","3.2M","token","scratch","take-home cap-6","6","frozen","0","ladderA-transfer2285","2285","L_star","256","0.8","7","nd_verify","","2026-09-18","copied","nd-rl:dan:experiment-summaries/2026-09-18-ladder-A-rl-technique-ladder/README.md","","G:ladder-A transfer2285 nd_verify","","","","",""
"takehome-3.2M-cap6-abs","stage1_abs + frozen","3.2M","token","scratch","take-home cap-6","6","frozen","0","ladderA-targets4495","4495","L_star","256","0.8","8","nd_verify","","2026-09-18","copied","nd-rl:dan:experiment-summaries/2026-09-18-ladder-A-rl-technique-ladder/README.md","","G:ladder-A targets4495 nd_verify","","","","",""
"takehome-3.2M-cap6-abs","stage1_abs + frozen","3.2M","token","scratch","take-home cap-6","6","frozen","1","ladderA-transfer2285","2285","L_star","256","0.8","7","nd_verify","","2026-09-18","copied","nd-rl:dan:experiment-summaries/2026-09-18-ladder-A-rl-technique-ladder/README.md","","G:ladder-A transfer2285 nd_verify","","","","",""
"takehome-3.2M-cap6-abs","stage1_abs + frozen","3.2M","token","scratch","take-home cap-6","6","frozen","1","ladderA-targets4495","4495","L_star","256","0.8","8","nd_verify","","2026-09-18","copied","nd-rl:dan:experiment-summaries/2026-09-18-ladder-A-rl-technique-ladder/README.md","","G:ladder-A targets4495 nd_verify","","","","",""
"takehome-3.2M-cap6-abs","stage1_abs + T1","3.2M","token","scratch","take-home cap-6","6","ladderA-T1","0","ladderA-transfer2285","2285","L_star","256","0.8","10","nd_verify","","2026-09-18","copied","nd-rl:dan:experiment-summaries/2026-09-18-ladder-A-rl-technique-ladder/README.md","","G:ladder-A transfer2285 nd_verify","","","","",""
"takehome-3.2M-cap6-abs","stage1_abs + T1","3.2M","token","scratch","take-home cap-6","6","ladderA-T1","0","ladderA-targets4495","4495","L_star","256","0.8","10","nd_verify","","2026-09-18","copied","nd-rl:dan:experiment-summaries/2026-09-18-ladder-A-rl-technique-ladder/README.md","","G:ladder-A targets4495 nd_verify","","","","",""
"takehome-3.2M-cap6-abs","stage1_abs + T1","3.2M","token","scratch","take-home cap-6","6","ladderA-T1","1","ladderA-transfer2285","2285","L_star","256","0.8","10","nd_verify","","2026-09-18","copied","nd-rl:dan:experiment-summaries/2026-09-18-ladder-A-rl-technique-ladder/README.md","","G:ladder-A transfer2285 nd_verify","","","","",""
"takehome-3.2M-cap6-abs","stage1_abs + T1","3.2M","token","scratch","take-home cap-6","6","ladderA-T1","1","ladderA-targets4495","4495","L_star","256","0.8","10","nd_verify","","2026-09-18","copied","nd-rl:dan:experiment-summaries/2026-09-18-ladder-A-rl-technique-ladder/README.md","","G:ladder-A targets4495 nd_verify","","","","",""
"takehome-3.2M-cap6-abs","stage1_abs + T2","3.2M","token","scratch","take-home cap-6","6","ladderA-T2","0","ladderA-transfer2285","2285","L_star","256","0.8","10","nd_verify","","2026-09-18","copied","nd-rl:dan:experiment-summaries/2026-09-18-ladder-A-rl-technique-ladder/README.md","","G:ladder-A transfer2285 nd_verify","","","","",""
"takehome-3.2M-cap6-abs","stage1_abs + T2","3.2M","token","scratch","take-home cap-6","6","ladderA-T2","0","ladderA-targets4495","4495","L_star","256","0.8","10","nd_verify","","2026-09-18","copied","nd-rl:dan:experiment-summaries/2026-09-18-ladder-A-rl-technique-ladder/README.md","","G:ladder-A targets4495 nd_verify","","","","",""
"takehome-3.2M-cap6-abs","stage1_abs + T2","3.2M","token","scratch","take-home cap-6","6","ladderA-T2","1","ladderA-transfer2285","2285","L_star","256","0.8","10","nd_verify","","2026-09-18","copied","nd-rl:dan:experiment-summaries/2026-09-18-ladder-A-rl-technique-ladder/README.md","","G:ladder-A transfer2285 nd_verify","","","","",""
"takehome-3.2M-cap6-abs","stage1_abs + T2","3.2M","token","scratch","take-home cap-6","6","ladderA-T2","1","ladderA-targets4495","4495","L_star","256","0.8","10","nd_verify","","2026-09-18","copied","nd-rl:dan:experiment-summaries/2026-09-18-ladder-A-rl-technique-ladder/README.md","","G:ladder-A targets4495 nd_verify","","","","",""
"takehome-3.2M-cap6-abs","stage1_abs + T3","3.2M","token","scratch","take-home cap-6","6","ladderA-T3","0","ladderA-transfer2285","2285","L_star","256","0.8","10","nd_verify","","2026-09-18","copied","nd-rl:dan:experiment-summaries/2026-09-18-ladder-A-rl-technique-ladder/README.md","","G:ladder-A transfer2285 nd_verify","","","","",""
"takehome-3.2M-cap6-abs","stage1_abs + T3","3.2M","token","scratch","take-home cap-6","6","ladderA-T3","0","ladderA-targets4495","4495","L_star","256","0.8","10","nd_verify","","2026-09-18","copied","nd-rl:dan:experiment-summaries/2026-09-18-ladder-A-rl-technique-ladder/README.md","","G:ladder-A targets4495 nd_verify","","","","",""
"takehome-3.2M-cap6-abs","stage1_abs + T3","3.2M","token","scratch","take-home cap-6","6","ladderA-T3","1","ladderA-transfer2285","2285","L_star","256","0.8","10","nd_verify","","2026-09-18","copied","nd-rl:dan:experiment-summaries/2026-09-18-ladder-A-rl-technique-ladder/README.md","","G:ladder-A transfer2285 nd_verify","","","","",""
"takehome-3.2M-cap6-abs","stage1_abs + T3","3.2M","token","scratch","take-home cap-6","6","ladderA-T3","1","ladderA-targets4495","4495","L_star","256","0.8","10","nd_verify","","2026-09-18","copied","nd-rl:dan:experiment-summaries/2026-09-18-ladder-A-rl-technique-ladder/README.md","","G:ladder-A targets4495 nd_verify","","","","",""
"takehome-3.2M-cap6-abs","stage1_abs + T4","3.2M","token","scratch","take-home cap-6","6","ladderA-T4","0","ladderA-transfer2285","2285","L_star","256","0.8","10","nd_verify","","2026-09-18","copied","nd-rl:dan:experiment-summaries/2026-09-18-ladder-A-rl-technique-ladder/README.md","","G:ladder-A transfer2285 nd_verify","","","","",""
"takehome-3.2M-cap6-abs","stage1_abs + T4","3.2M","token","scratch","take-home cap-6","6","ladderA-T4","0","ladderA-targets4495","4495","L_star","256","0.8","10","nd_verify","","2026-09-18","copied","nd-rl:dan:experiment-summaries/2026-09-18-ladder-A-rl-technique-ladder/README.md","","G:ladder-A targets4495 nd_verify","","","","",""
"takehome-3.2M-cap6-abs","stage1_abs + T4","3.2M","token","scratch","take-home cap-6","6","ladderA-T4","1","ladderA-transfer2285","2285","L_star","256","0.8","10","nd_verify","","2026-09-18","copied","nd-rl:dan:experiment-summaries/2026-09-18-ladder-A-rl-technique-ladder/README.md","","G:ladder-A transfer2285 nd_verify","","","","",""
"takehome-3.2M-cap6-abs","stage1_abs + T4","3.2M","token","scratch","take-home cap-6","6","ladderA-T4","1","ladderA-targets4495","4495","L_star","256","0.8","10","nd_verify","","2026-09-18","copied","nd-rl:dan:experiment-summaries/2026-09-18-ladder-A-rl-technique-ladder/README.md","","G:ladder-A targets4495 nd_verify","","","","",""
"takehome-3.2M-cap6-abs","stage1_abs + T5","3.2M","token","scratch","take-home cap-6","6","ladderA-T5","0","ladderA-transfer2285","2285","L_star","256","0.8","10","nd_verify","","2026-09-18","copied","nd-rl:dan:experiment-summaries/2026-09-18-ladder-A-rl-technique-ladder/README.md","","G:ladder-A transfer2285 nd_verify","","","","",""
"takehome-3.2M-cap6-abs","stage1_abs + T5","3.2M","token","scratch","take-home cap-6","6","ladderA-T5","0","ladderA-targets4495","4495","L_star","256","0.8","10","nd_verify","","2026-09-18","copied","nd-rl:dan:experiment-summaries/2026-09-18-ladder-A-rl-technique-ladder/README.md","","G:ladder-A targets4495 nd_verify","","","","",""
"takehome-3.2M-cap6-abs","stage1_abs + T5","3.2M","token","scratch","take-home cap-6","6","ladderA-T5","1","ladderA-transfer2285","2285","L_star","256","0.8","10","nd_verify","","2026-09-18","copied","nd-rl:dan:experiment-summaries/2026-09-18-ladder-A-rl-technique-ladder/README.md","","G:ladder-A transfer2285 nd_verify","","","","",""
"takehome-3.2M-cap6-abs","stage1_abs + T5","3.2M","token","scratch","take-home cap-6","6","ladderA-T5","1","ladderA-targets4495","4495","L_star","256","0.8","10","nd_verify","","2026-09-18","copied","nd-rl:dan:experiment-summaries/2026-09-18-ladder-A-rl-technique-ladder/README.md","","G:ladder-A targets4495 nd_verify","","","","",""
"takehome-3.2M-cap6-abs","stage1_abs + T6","3.2M","token","scratch","take-home cap-6","6","ladderA-T6","0","ladderA-transfer2285","2285","L_star","256","0.8","10","nd_verify","","2026-09-18","copied","nd-rl:dan:experiment-summaries/2026-09-18-ladder-A-rl-technique-ladder/README.md","","G:ladder-A transfer2285 nd_verify","","","","",""
"takehome-3.2M-cap6-abs","stage1_abs + T6","3.2M","token","scratch","take-home cap-6","6","ladderA-T6","0","ladderA-targets4495","4495","L_star","256","0.8","10","nd_verify","","2026-09-18","copied","nd-rl:dan:experiment-summaries/2026-09-18-ladder-A-rl-technique-ladder/README.md","","G:ladder-A targets4495 nd_verify","","","","",""
"takehome-3.2M-cap6-abs","stage1_abs + T6","3.2M","token","scratch","take-home cap-6","6","ladderA-T6","1","ladderA-transfer2285","2285","L_star","256","0.8","10","nd_verify","","2026-09-18","copied","nd-rl:dan:experiment-summaries/2026-09-18-ladder-A-rl-technique-ladder/README.md","","G:ladder-A transfer2285 nd_verify","","","","",""
"takehome-3.2M-cap6-abs","stage1_abs + T6","3.2M","token","scratch","take-home cap-6","6","ladderA-T6","1","ladderA-targets4495","4495","L_star","256","0.8","10","nd_verify","","2026-09-18","copied","nd-rl:dan:experiment-summaries/2026-09-18-ladder-A-rl-technique-ladder/README.md","","G:ladder-A targets4495 nd_verify","","","","",""
"ours-3.2M-token-cap6","token (ladder-A, on file) full-set Stage-1 s0 + ladder T1","3.2M","token","scratch","cap-6 control 155k","6","T1","S1s0/EIs0","transfer2285","2285","L_star","256","0.8","10","lean_and_ndverify","Lean 4.34 + nd_verify","2026-09-21","copied","nd-rl:origin/dan:experiment-summaries/2026-09-21-lean-format-training-format/README.md","","F:transfer2285 (old pool; 23 thms at L>=13, censored at 14)","","","","",""
"ours-3.2M-token-cap6","token (ladder-A, on file) full-set Stage-1 s0 + ladder T1","3.2M","token","scratch","cap-6 control 155k","6","T1","S1s0/EIs1","transfer2285","2285","L_star","256","0.8","10","lean_and_ndverify","Lean 4.34 + nd_verify","2026-09-21","copied","nd-rl:origin/dan:experiment-summaries/2026-09-21-lean-format-training-format/README.md","","F:transfer2285 (old pool; 23 thms at L>=13, censored at 14)","","","","",""
"ours-3.2M-token-cap6","token (ladder-A, on file) full-set Stage-1 s0 + ladder frozen","3.2M","token","scratch","cap-6 control 155k","6","frozen","S1s0/EIs0","transfer2285","2285","L_star","256","0.8","7","lean_and_ndverify","Lean 4.34 + nd_verify","2026-09-21","copied","nd-rl:origin/dan:experiment-summaries/2026-09-21-lean-format-training-format/README.md","","F:transfer2285 (old pool; 23 thms at L>=13, censored at 14)","","","","",""
"ours-3.2M-token-cap6","token (ladder-A, on file) full-set Stage-1 s0 + ladder frozen","3.2M","token","scratch","cap-6 control 155k","6","frozen","S1s0/EIs1","transfer2285","2285","L_star","256","0.8","7","lean_and_ndverify","Lean 4.34 + nd_verify","2026-09-21","copied","nd-rl:origin/dan:experiment-summaries/2026-09-21-lean-format-training-format/README.md","","F:transfer2285 (old pool; 23 thms at L>=13, censored at 14)","","","","",""
"ours-3.2M-lean_rand-cap6","lean_rand full-set Stage-1 s0 + ladder T1","3.2M","lean_seq(lean_rand names)","scratch","cap-6 control 155k","6","T1","S1s0/EIs0","transfer2285","2285","L_star","256","0.8","10","lean_and_ndverify","Lean 4.34 + nd_verify","2026-09-21","copied","nd-rl:origin/dan:experiment-summaries/2026-09-21-lean-format-training-format/README.md","","F:transfer2285 (old pool; 23 thms at L>=13, censored at 14)","","","","",""
"ours-3.2M-lean_rand-cap6","lean_rand full-set Stage-1 s0 + ladder T1","3.2M","lean_seq(lean_rand names)","scratch","cap-6 control 155k","6","T1","S1s0/EIs1","transfer2285","2285","L_star","256","0.8","10","lean_and_ndverify","Lean 4.34 + nd_verify","2026-09-21","copied","nd-rl:origin/dan:experiment-summaries/2026-09-21-lean-format-training-format/README.md","","F:transfer2285 (old pool; 23 thms at L>=13, censored at 14)","","","","",""
"ours-3.2M-lean_rand-cap6","lean_rand full-set Stage-1 s0 + ladder frozen","3.2M","lean_seq(lean_rand names)","scratch","cap-6 control 155k","6","frozen","S1s0/EIs0","transfer2285","2285","L_star","256","0.8","9","lean_and_ndverify","Lean 4.34 + nd_verify","2026-09-21","copied","nd-rl:origin/dan:experiment-summaries/2026-09-21-lean-format-training-format/README.md","","F:transfer2285 (old pool; 23 thms at L>=13, censored at 14)","","","","",""
"ours-3.2M-lean_rand-cap6","lean_rand full-set Stage-1 s0 + ladder frozen","3.2M","lean_seq(lean_rand names)","scratch","cap-6 control 155k","6","frozen","S1s0/EIs1","transfer2285","2285","L_star","256","0.8","9","lean_and_ndverify","Lean 4.34 + nd_verify","2026-09-21","copied","nd-rl:origin/dan:experiment-summaries/2026-09-21-lean-format-training-format/README.md","","F:transfer2285 (old pool; 23 thms at L>=13, censored at 14)","","","","",""
"ours-3.2M-lean_seq-cap6","lean_seq full-set Stage-1 s0 + ladder T1","3.2M","lean_seq","scratch","cap-6 control 155k","6","T1","S1s0/EIs0","transfer2285","2285","L_star","256","0.8","11","lean_and_ndverify","Lean 4.34 + nd_verify","2026-09-21","copied","nd-rl:origin/dan:experiment-summaries/2026-09-21-lean-format-training-format/README.md","","F:transfer2285 (old pool; 23 thms at L>=13, censored at 14)","","","","",""
"ours-3.2M-lean_seq-cap6","lean_seq full-set Stage-1 s0 + ladder T1","3.2M","lean_seq","scratch","cap-6 control 155k","6","T1","S1s0/EIs1","transfer2285","2285","L_star","256","0.8","11","lean_and_ndverify","Lean 4.34 + nd_verify","2026-09-21","copied","nd-rl:origin/dan:experiment-summaries/2026-09-21-lean-format-training-format/README.md","","F:transfer2285 (old pool; 23 thms at L>=13, censored at 14)","","","","",""
"ours-3.2M-lean_seq-cap6","lean_seq full-set Stage-1 s0 + ladder frozen","3.2M","lean_seq","scratch","cap-6 control 155k","6","frozen","S1s0/EIs0","transfer2285","2285","L_star","256","0.8","10","lean_and_ndverify","Lean 4.34 + nd_verify","2026-09-21","copied","nd-rl:origin/dan:experiment-summaries/2026-09-21-lean-format-training-format/README.md","","F:transfer2285 (old pool; 23 thms at L>=13, censored at 14)","","","","",""
"ours-3.2M-lean_seq-cap6","lean_seq full-set Stage-1 s0 + ladder frozen","3.2M","lean_seq","scratch","cap-6 control 155k","6","frozen","S1s0/EIs1","transfer2285","2285","L_star","256","0.8","10","lean_and_ndverify","Lean 4.34 + nd_verify","2026-09-21","copied","nd-rl:origin/dan:experiment-summaries/2026-09-21-lean-format-training-format/README.md","","F:transfer2285 (old pool; 23 thms at L>=13, censored at 14)","","","","",""
"ours-3.2M-lean_seq-cap6","lean_seq Stage-1 s2 + ladder T1","3.2M","lean_seq","scratch","cap-6 control 155k","6","T1","S1s2/EIs0","transfer2285","2285","L_star","256","0.8","12","lean_and_ndverify","Lean 4.34 + nd_verify","2026-09-22","copied","nd-rl:origin/dan:experiment-summaries/2026-09-22-lean-seed2-second-stage1-seed/README.md","","F:transfer2285 (old pool; 23 thms at L>=13, censored at 14)","","","","",""
"ours-3.2M-lean_seq-cap6","lean_seq Stage-1 s2 + ladder T1","3.2M","lean_seq","scratch","cap-6 control 155k","6","T1","S1s2/EIs1","transfer2285","2285","L_star","256","0.8","11","lean_and_ndverify","Lean 4.34 + nd_verify","2026-09-22","copied","nd-rl:origin/dan:experiment-summaries/2026-09-22-lean-seed2-second-stage1-seed/README.md","","F:transfer2285 (old pool; 23 thms at L>=13, censored at 14)","","","","",""
"ours-3.2M-lean_seq-cap6","lean_seq Stage-1 s2 + ladder frozen","3.2M","lean_seq","scratch","cap-6 control 155k","6","frozen","S1s2/EIs0","transfer2285","2285","L_star","256","0.8","10","lean_and_ndverify","Lean 4.34 + nd_verify","2026-09-22","copied","nd-rl:origin/dan:experiment-summaries/2026-09-22-lean-seed2-second-stage1-seed/README.md","","F:transfer2285 (old pool; 23 thms at L>=13, censored at 14)","","","","",""
"ours-3.2M-lean_seq-cap6","lean_seq Stage-1 s2 + ladder frozen","3.2M","lean_seq","scratch","cap-6 control 155k","6","frozen","S1s2/EIs1","transfer2285","2285","L_star","256","0.8","10","lean_and_ndverify","Lean 4.34 + nd_verify","2026-09-22","copied","nd-rl:origin/dan:experiment-summaries/2026-09-22-lean-seed2-second-stage1-seed/README.md","","F:transfer2285 (old pool; 23 thms at L>=13, censored at 14)","","","","",""
"ours-3.2M-lean_seq-cap6","cap-horizon K6 Stage-1 s0 + ladder frozen","3.2M","lean_seq","scratch","cap-6 depth3-excl 155k","6","frozen","S1s0/EIs0","transfer2285","2285","L_star","256","0.8","9","lean_and_ndverify","Lean 4.34 + nd_verify","2026-09-24","copied","nd-rl:origin/dan:experiment-summaries/2026-09-24-cap-horizon-length-horizon-vs-cap/README.md","","F:transfer2285 (old pool; 23 thms at L>=13, censored at 14)","","","","",""
"ours-3.2M-lean_seq-cap6","cap-horizon K6 Stage-1 s0 + ladder T1","3.2M","lean_seq","scratch","cap-6 depth3-excl 155k","6","T1","S1s0/EIs0","transfer2285","2285","L_star","256","0.8","12","lean_and_ndverify","Lean 4.34 + nd_verify","2026-09-24","copied","nd-rl:origin/dan:experiment-summaries/2026-09-24-cap-horizon-length-horizon-vs-cap/README.md","","F:transfer2285 (old pool; 23 thms at L>=13, censored at 14)","","","","",""
"ours-3.2M-lean_seq-cap8","cap-horizon K8flat Stage-1 s0 + ladder frozen","3.2M","lean_seq","scratch","cap-8 flat 155k (A3)","8","frozen","S1s0/EIs0","transfer2285","2285","L_star","256","0.8","11","lean_and_ndverify","Lean 4.34 + nd_verify","2026-09-24","copied","nd-rl:origin/dan:experiment-summaries/2026-09-24-cap-horizon-length-horizon-vs-cap/README.md","","F:transfer2285 (old pool; 23 thms at L>=13, censored at 14)","","","","",""
"ours-3.2M-lean_seq-cap8","cap-horizon K8flat Stage-1 s0 + ladder T1","3.2M","lean_seq","scratch","cap-8 flat 155k (A3)","8","T1","S1s0/EIs0","transfer2285","2285","L_star","256","0.8","12","lean_and_ndverify","Lean 4.34 + nd_verify","2026-09-24","copied","nd-rl:origin/dan:experiment-summaries/2026-09-24-cap-horizon-length-horizon-vs-cap/README.md","","F:transfer2285 (old pool; 23 thms at L>=13, censored at 14)","","","","",""
"ours-3.2M-lean_seq-cap8","cap-horizon K8add Stage-1 s0 + ladder frozen","3.2M","lean_seq","scratch","cap-8 add 217k","8","frozen","S1s0/EIs0","transfer2285","2285","L_star","256","0.8","10","lean_and_ndverify","Lean 4.34 + nd_verify","2026-09-24","copied","nd-rl:origin/dan:experiment-summaries/2026-09-24-cap-horizon-length-horizon-vs-cap/README.md","","F:transfer2285 (old pool; 23 thms at L>=13, censored at 14)","","","","",""
"ours-3.2M-lean_seq-cap8","cap-horizon K8add Stage-1 s0 + ladder T1","3.2M","lean_seq","scratch","cap-8 add 217k","8","T1","S1s0/EIs0","transfer2285","2285","L_star","256","0.8","12","lean_and_ndverify","Lean 4.34 + nd_verify","2026-09-24","copied","nd-rl:origin/dan:experiment-summaries/2026-09-24-cap-horizon-length-horizon-vs-cap/README.md","","F:transfer2285 (old pool; 23 thms at L>=13, censored at 14)","","","","",""
"ours-3.2M-lean_seq-cap10","cap-horizon K10 Stage-1 s0 + ladder frozen","3.2M","lean_seq","scratch","cap-10 flat 155k","10","frozen","S1s0/EIs0","transfer2285","2285","L_star","256","0.8","11","lean_and_ndverify","Lean 4.34 + nd_verify","2026-09-24","copied","nd-rl:origin/dan:experiment-summaries/2026-09-24-cap-horizon-length-horizon-vs-cap/README.md","","F:transfer2285 (old pool; 23 thms at L>=13, censored at 14)","","","","",""
"ours-3.2M-lean_seq-cap10","cap-horizon K10 Stage-1 s0 + ladder T1","3.2M","lean_seq","scratch","cap-10 flat 155k","10","T1","S1s0/EIs0","transfer2285","2285","L_star","256","0.8","12","lean_and_ndverify","Lean 4.34 + nd_verify","2026-09-24","copied","nd-rl:origin/dan:experiment-summaries/2026-09-24-cap-horizon-length-horizon-vs-cap/README.md","","F:transfer2285 (old pool; 23 thms at L>=13, censored at 14)","","","","",""
"ours-3.2M-lean_seq-cap12","cap-horizon K12 Stage-1 s0 + ladder frozen","3.2M","lean_seq","scratch","cap-12 flat 155k","12","frozen","S1s0/EIs0","transfer2285","2285","L_star","256","0.8","12","lean_and_ndverify","Lean 4.34 + nd_verify","2026-09-24","copied","nd-rl:origin/dan:experiment-summaries/2026-09-24-cap-horizon-length-horizon-vs-cap/README.md","","F:transfer2285 (old pool; 23 thms at L>=13, censored at 14)","","","","",""
"ours-3.2M-lean_seq-cap12","cap-horizon K12 Stage-1 s0 + ladder T1","3.2M","lean_seq","scratch","cap-12 flat 155k","12","T1","S1s0/EIs0","transfer2285","2285","L_star","256","0.8","12","lean_and_ndverify","Lean 4.34 + nd_verify","2026-09-24","copied","nd-rl:origin/dan:experiment-summaries/2026-09-24-cap-horizon-length-horizon-vs-cap/README.md","","F:transfer2285 (old pool; 23 thms at L>=13, censored at 14)","","","","",""
"ours-3.2M-lean_seq-cap14","cap-horizon K14 Stage-1 s0 + ladder frozen","3.2M","lean_seq","scratch","cap-14 flat 155k","14","frozen","S1s0/EIs0","transfer2285","2285","L_star","256","0.8","12","lean_and_ndverify","Lean 4.34 + nd_verify","2026-09-24","copied","nd-rl:origin/dan:experiment-summaries/2026-09-24-cap-horizon-length-horizon-vs-cap/README.md","","F:transfer2285 (old pool; 23 thms at L>=13, censored at 14)","","","","",""
"ours-3.2M-lean_seq-cap14","cap-horizon K14 Stage-1 s0 + ladder T1","3.2M","lean_seq","scratch","cap-14 flat 155k","14","T1","S1s0/EIs0","transfer2285","2285","L_star","256","0.8","12","lean_and_ndverify","Lean 4.34 + nd_verify","2026-09-24","copied","nd-rl:origin/dan:experiment-summaries/2026-09-24-cap-horizon-length-horizon-vs-cap/README.md","","F:transfer2285 (old pool; 23 thms at L>=13, censored at 14)","","","","",""
"ours-3.2M-lean_seq-cap6","ds-composition C0 Stage-1 s0 + ladder T1","3.2M","lean_seq","scratch","C0 control flat depth3-f0 155k","6","T1","S1s0/EIs0","transfer2285","2285","L_star","256","0.8","12","lean_and_ndverify","Lean 4.34 + nd_verify","2026-09-24","copied","nd-rl:origin/dan:experiment-summaries/2026-09-24-ds-composition-training-set-composition/README.md","","F:transfer2285 (old pool; 23 thms at L>=13, censored at 14)","","","","",""
"ours-3.2M-lean_seq-cap6","ds-composition C0 Stage-1 s0 + ladder frozen","3.2M","lean_seq","scratch","C0 control flat depth3-f0 155k","6","frozen","S1s0/EIs0","transfer2285","2285","L_star","256","0.8","9","lean_and_ndverify","Lean 4.34 + nd_verify","2026-09-24","copied","nd-rl:origin/dan:experiment-summaries/2026-09-24-ds-composition-training-set-composition/README.md","","F:transfer2285 (old pool; 23 thms at L>=13, censored at 14)","","","","",""
"ours-3.2M-lean_seq-cap6","ds-composition A1 Stage-1 s0 + ladder T1","3.2M","lean_seq","scratch","A1 natural histogram 155k","6","T1","S1s0/EIs0","transfer2285","2285","L_star","256","0.8","11","lean_and_ndverify","Lean 4.34 + nd_verify","2026-09-24","copied","nd-rl:origin/dan:experiment-summaries/2026-09-24-ds-composition-training-set-composition/README.md","","F:transfer2285 (old pool; 23 thms at L>=13, censored at 14)","","","","",""
"ours-3.2M-lean_seq-cap6","ds-composition A1 Stage-1 s0 + ladder frozen","3.2M","lean_seq","scratch","A1 natural histogram 155k","6","frozen","S1s0/EIs0","transfer2285","2285","L_star","256","0.8","10","lean_and_ndverify","Lean 4.34 + nd_verify","2026-09-24","copied","nd-rl:origin/dan:experiment-summaries/2026-09-24-ds-composition-training-set-composition/README.md","","F:transfer2285 (old pool; 23 thms at L>=13, censored at 14)","","","","",""
"ours-3.2M-lean_seq-cap6","ds-composition A2 Stage-1 s0 + ladder T1","3.2M","lean_seq","scratch","A2 rule quotas 155k","6","T1","S1s0/EIs0","transfer2285","2285","L_star","256","0.8","11","lean_and_ndverify","Lean 4.34 + nd_verify","2026-09-24","copied","nd-rl:origin/dan:experiment-summaries/2026-09-24-ds-composition-training-set-composition/README.md","","F:transfer2285 (old pool; 23 thms at L>=13, censored at 14)","","","","",""
"ours-3.2M-lean_seq-cap6","ds-composition A2 Stage-1 s0 + ladder frozen","3.2M","lean_seq","scratch","A2 rule quotas 155k","6","frozen","S1s0/EIs0","transfer2285","2285","L_star","256","0.8","9","lean_and_ndverify","Lean 4.34 + nd_verify","2026-09-24","copied","nd-rl:origin/dan:experiment-summaries/2026-09-24-ds-composition-training-set-composition/README.md","","F:transfer2285 (old pool; 23 thms at L>=13, censored at 14)","","","","",""
"ours-3.2M-lean_seq-cap8","ds-composition A3 Stage-1 s0 + ladder T1","3.2M","lean_seq","scratch","A3 cap-8 flat 155k","8","T1","S1s0/EIs0","transfer2285","2285","L_star","256","0.8","12","lean_and_ndverify","Lean 4.34 + nd_verify","2026-09-24","copied","nd-rl:origin/dan:experiment-summaries/2026-09-24-ds-composition-training-set-composition/README.md","","F:transfer2285 (old pool; 23 thms at L>=13, censored at 14)","","","","",""
"ours-3.2M-lean_seq-cap8","ds-composition A3 Stage-1 s0 + ladder frozen","3.2M","lean_seq","scratch","A3 cap-8 flat 155k","8","frozen","S1s0/EIs0","transfer2285","2285","L_star","256","0.8","11","lean_and_ndverify","Lean 4.34 + nd_verify","2026-09-24","copied","nd-rl:origin/dan:experiment-summaries/2026-09-24-ds-composition-training-set-composition/README.md","","F:transfer2285 (old pool; 23 thms at L>=13, censored at 14)","","","","",""
"ours-3.2M-lean_seq-cap6","ds-composition A4 Stage-1 s0 + ladder T1","3.2M","lean_seq","scratch","A4 cap-heavy 155k","6","T1","S1s0/EIs0","transfer2285","2285","L_star","256","0.8","12","lean_and_ndverify","Lean 4.34 + nd_verify","2026-09-24","copied","nd-rl:origin/dan:experiment-summaries/2026-09-24-ds-composition-training-set-composition/README.md","","F:transfer2285 (old pool; 23 thms at L>=13, censored at 14)","","","","",""
"ours-3.2M-lean_seq-cap6","ds-composition A4 Stage-1 s0 + ladder frozen","3.2M","lean_seq","scratch","A4 cap-heavy 155k","6","frozen","S1s0/EIs0","transfer2285","2285","L_star","256","0.8","10","lean_and_ndverify","Lean 4.34 + nd_verify","2026-09-24","copied","nd-rl:origin/dan:experiment-summaries/2026-09-24-ds-composition-training-set-composition/README.md","","F:transfer2285 (old pool; 23 thms at L>=13, censored at 14)","","","","",""
"ours-3.2M-lean_seq-cap6","ds-generator C0 Stage-1 s0 + ladder T1","3.2M","lean_seq","scratch","C0 control flat depth3-f0 155k","6","T1","S1s0","transfer2285","2285","L_star","256","0.8","12","lean_and_ndverify","Lean 4.34 + nd_verify","2026-09-24","copied","nd-rl:origin/dan:experiment-summaries/2026-09-24-ds-generator-proof-shape-distribution/README.md","","F:transfer2285 (old pool; 23 thms at L>=13, censored at 14)","","","","",""
"ours-3.2M-lean_seq-cap6","ds-generator C0 Stage-1 s0 + ladder frozen","3.2M","lean_seq","scratch","C0 control flat depth3-f0 155k","6","frozen","S1s0","transfer2285","2285","L_star","256","0.8","9","lean_and_ndverify","Lean 4.34 + nd_verify","2026-09-24","copied","nd-rl:origin/dan:experiment-summaries/2026-09-24-ds-generator-proof-shape-distribution/README.md","","F:transfer2285 (old pool; 23 thms at L>=13, censored at 14)","","","","",""
"ours-3.2M-lean_seq-cap6","ds-generator C0 Stage-1 s1 + ladder T1","3.2M","lean_seq","scratch","C0 control flat depth3-f0 155k","6","T1","S1s1","transfer2285","2285","L_star","256","0.8","11","lean_and_ndverify","Lean 4.34 + nd_verify","2026-09-24","copied","nd-rl:origin/dan:experiment-summaries/2026-09-24-ds-generator-proof-shape-distribution/README.md","","F:transfer2285 (old pool; 23 thms at L>=13, censored at 14)","","","","",""
"ours-3.2M-lean_seq-cap6","ds-generator C0 Stage-1 s1 + ladder frozen","3.2M","lean_seq","scratch","C0 control flat depth3-f0 155k","6","frozen","S1s1","transfer2285","2285","L_star","256","0.8","9","lean_and_ndverify","Lean 4.34 + nd_verify","2026-09-24","copied","nd-rl:origin/dan:experiment-summaries/2026-09-24-ds-generator-proof-shape-distribution/README.md","","F:transfer2285 (old pool; 23 thms at L>=13, censored at 14)","","","","",""
"ours-3.2M-lean_seq-cap6","ds-generator G1 Stage-1 s0 + ladder T1","3.2M","lean_seq","scratch","G1 ore_steps3 ore_boxes 155k","6","T1","S1s0","transfer2285","2285","L_star","256","0.8","12","lean_and_ndverify","Lean 4.34 + nd_verify","2026-09-24","copied","nd-rl:origin/dan:experiment-summaries/2026-09-24-ds-generator-proof-shape-distribution/README.md","","F:transfer2285 (old pool; 23 thms at L>=13, censored at 14)","","","","",""
"ours-3.2M-lean_seq-cap6","ds-generator G1 Stage-1 s1 + ladder T1","3.2M","lean_seq","scratch","G1 ore_steps3 ore_boxes 155k","6","T1","S1s1","transfer2285","2285","L_star","256","0.8","10","lean_and_ndverify","Lean 4.34 + nd_verify","2026-09-24","copied","nd-rl:origin/dan:experiment-summaries/2026-09-24-ds-generator-proof-shape-distribution/README.md","","F:transfer2285 (old pool; 23 thms at L>=13, censored at 14)","","","","",""
"ours-3.2M-lean_seq-cap6","ds-generator G1 Stage-1 s1 + ladder frozen","3.2M","lean_seq","scratch","G1 ore_steps3 ore_boxes 155k","6","frozen","S1s1","transfer2285","2285","L_star","256","0.8","9","lean_and_ndverify","Lean 4.34 + nd_verify","2026-09-24","copied","nd-rl:origin/dan:experiment-summaries/2026-09-24-ds-generator-proof-shape-distribution/README.md","","F:transfer2285 (old pool; 23 thms at L>=13, censored at 14)","","","","",""
"ours-3.2M-lean_seq-cap6","ds-generator G2 Stage-1 s0 + ladder T1","3.2M","lean_seq","scratch","G2 goal-directed strict 155k","6","T1","S1s0","transfer2285","2285","L_star","256","0.8","11","lean_and_ndverify","Lean 4.34 + nd_verify","2026-09-24","copied","nd-rl:origin/dan:experiment-summaries/2026-09-24-ds-generator-proof-shape-distribution/README.md","","F:transfer2285 (old pool; 23 thms at L>=13, censored at 14)","","","","",""
"ours-3.2M-lean_seq-cap6","ds-generator G2 Stage-1 s0 + ladder frozen","3.2M","lean_seq","scratch","G2 goal-directed strict 155k","6","frozen","S1s0","transfer2285","2285","L_star","256","0.8","9","lean_and_ndverify","Lean 4.34 + nd_verify","2026-09-24","copied","nd-rl:origin/dan:experiment-summaries/2026-09-24-ds-generator-proof-shape-distribution/README.md","","F:transfer2285 (old pool; 23 thms at L>=13, censored at 14)","","","","",""
"ours-3.2M-lean_seq-cap6","ds-generator G2 Stage-1 s1 + ladder T1","3.2M","lean_seq","scratch","G2 goal-directed strict 155k","6","T1","S1s1","transfer2285","2285","L_star","256","0.8","11","lean_and_ndverify","Lean 4.34 + nd_verify","2026-09-24","copied","nd-rl:origin/dan:experiment-summaries/2026-09-24-ds-generator-proof-shape-distribution/README.md","","F:transfer2285 (old pool; 23 thms at L>=13, censored at 14)","","","","",""
"ours-3.2M-lean_seq-cap6","ds-generator G2 Stage-1 s1 + ladder frozen","3.2M","lean_seq","scratch","G2 goal-directed strict 155k","6","frozen","S1s1","transfer2285","2285","L_star","256","0.8","9","lean_and_ndverify","Lean 4.34 + nd_verify","2026-09-24","copied","nd-rl:origin/dan:experiment-summaries/2026-09-24-ds-generator-proof-shape-distribution/README.md","","F:transfer2285 (old pool; 23 thms at L>=13, censored at 14)","","","","",""
"ours-3.2M-lean_seq-cap6","ds-rendering C0 Stage-1 s0 + ladder T1","3.2M","lean_seq","scratch","depth3 f0 a1 155k","6","T1","S1s0","transfer2285","2285","L_star","256","0.8","12","lean_and_ndverify","Lean 4.34 + nd_verify","2026-09-24","copied","nd-rl:origin/dan:experiment-summaries/2026-09-24-ds-rendering-lean-surface-form/README.md","","F:transfer2285 (old pool; 23 thms at L>=13, censored at 14)","","","","",""
"ours-3.2M-lean_seq-cap6","ds-rendering C0 Stage-1 s1 + ladder T1","3.2M","lean_seq","scratch","depth3 f0 a1 155k","6","T1","S1s1","transfer2285","2285","L_star","256","0.8","11","lean_and_ndverify","Lean 4.34 + nd_verify","2026-09-24","copied","nd-rl:origin/dan:experiment-summaries/2026-09-24-ds-rendering-lean-surface-form/README.md","","F:transfer2285 (old pool; 23 thms at L>=13, censored at 14)","","","","",""
"ours-3.2M-render-R1-cap6","ds-rendering R1 Stage-1 s0 + ladder T1","3.2M","lean_seq_noprem","scratch","depth3 f0 a1 155k","6","T1","S1s0","transfer2285","2285","L_star","256","0.8","11","lean_and_ndverify","Lean 4.34 + nd_verify","2026-09-24","copied","nd-rl:origin/dan:experiment-summaries/2026-09-24-ds-rendering-lean-surface-form/README.md","","F:transfer2285 (old pool; 23 thms at L>=13, censored at 14)","","","","",""
"ours-3.2M-render-R1-cap6","ds-rendering R1 Stage-1 s1 + ladder T1","3.2M","lean_seq_noprem","scratch","depth3 f0 a1 155k","6","T1","S1s1","transfer2285","2285","L_star","256","0.8","11","lean_and_ndverify","Lean 4.34 + nd_verify","2026-09-24","copied","nd-rl:origin/dan:experiment-summaries/2026-09-24-ds-rendering-lean-surface-form/README.md","","F:transfer2285 (old pool; 23 thms at L>=13, censored at 14)","","","","",""
"ours-3.2M-render-R3-cap6","ds-rendering R3 Stage-1 s0 + ladder T1","3.2M","lean_seq_nofml","scratch","depth3 f0 a1 155k","6","T1","S1s0","transfer2285","2285","L_star","256","0.8","11","lean_and_ndverify","Lean 4.34 + nd_verify","2026-09-24","copied","nd-rl:origin/dan:experiment-summaries/2026-09-24-ds-rendering-lean-surface-form/README.md","","F:transfer2285 (old pool; 23 thms at L>=13, censored at 14)","","","","",""
"ours-3.2M-render-R3-cap6","ds-rendering R3 Stage-1 s1 + ladder T1","3.2M","lean_seq_nofml","scratch","depth3 f0 a1 155k","6","T1","S1s1","transfer2285","2285","L_star","256","0.8","11","lean_and_ndverify","Lean 4.34 + nd_verify","2026-09-24","copied","nd-rl:origin/dan:experiment-summaries/2026-09-24-ds-rendering-lean-surface-form/README.md","","F:transfer2285 (old pool; 23 thms at L>=13, censored at 14)","","","","",""
"ours-3.2M-render-R4-cap6","ds-rendering R4 Stage-1 s0 + ladder T1","3.2M","lean_seq_funbare","scratch","depth3 f0 a1 155k","6","T1","S1s0","transfer2285","2285","L_star","256","0.8","11","lean_and_ndverify","Lean 4.34 + nd_verify","2026-09-24","copied","nd-rl:origin/dan:experiment-summaries/2026-09-24-ds-rendering-lean-surface-form/README.md","","F:transfer2285 (old pool; 23 thms at L>=13, censored at 14)","","","","",""
"ours-3.2M-render-R4-cap6","ds-rendering R4 Stage-1 s1 + ladder T1","3.2M","lean_seq_funbare","scratch","depth3 f0 a1 155k","6","T1","S1s1","transfer2285","2285","L_star","256","0.8","11","lean_and_ndverify","Lean 4.34 + nd_verify","2026-09-24","copied","nd-rl:origin/dan:experiment-summaries/2026-09-24-ds-rendering-lean-surface-form/README.md","","F:transfer2285 (old pool; 23 thms at L>=13, censored at 14)","","","","",""
"ours-3.2M-render-R2-cap6","ds-rendering R2 Stage-1 s0 + ladder T1","3.2M","lean_seq_intro","scratch","depth3 f0 a1 155k","6","T1","S1s0","transfer2285","2285","L_star","256","0.8","10","lean_and_ndverify","Lean 4.34 + nd_verify","2026-09-24","copied","nd-rl:origin/dan:experiment-summaries/2026-09-24-ds-rendering-lean-surface-form/README.md","","F:transfer2285 (old pool; 23 thms at L>=13, censored at 14)","","","","",""
"ours-3.2M-render-R2-cap6","ds-rendering R2 Stage-1 s1 + ladder T1","3.2M","lean_seq_intro","scratch","depth3 f0 a1 155k","6","T1","S1s1","transfer2285","2285","L_star","256","0.8","11","lean_and_ndverify","Lean 4.34 + nd_verify","2026-09-24","copied","nd-rl:origin/dan:experiment-summaries/2026-09-24-ds-rendering-lean-surface-form/README.md","","F:transfer2285 (old pool; 23 thms at L>=13, censored at 14)","","","","",""
"ours-3.2M-lean_state-cap6","state-env S T1","3.216M","lean_state","scratch","depth3 f0 a1 155k","6","T1","S1s0","transfer2285","2285","L_star","256","0.8","12","lean_only","lean_check/lean_judge (Lean 4.34)","2026-09-28","copied","nd-rl:origin/dan:experiment-summaries/2026-09-28-state-env-state-lifts-below-the-wall/README.md","","F:transfer2285 (old pool; 23 thms at L>=13, censored at 14)","","","","",""
"ours-3.2M-lean_state-cap6","state-env S frozen","3.216M","lean_state","scratch","depth3 f0 a1 155k","6","frozen","S1s0","transfer2285","2285","L_star","256","0.8","11","lean_only","lean_check/lean_judge (Lean 4.34)","2026-09-28","copied","nd-rl:origin/dan:experiment-summaries/2026-09-28-state-env-state-lifts-below-the-wall/README.md","","F:transfer2285 (old pool; 23 thms at L>=13, censored at 14)","","","","",""
"ours-3.2M-lean_state-cap6","state-env S T1","3.216M","lean_state","scratch","depth3 f0 a1 155k","6","T1","S1s1","transfer2285","2285","L_star","256","0.8","12","lean_only","lean_check/lean_judge (Lean 4.34)","2026-09-28","copied","nd-rl:origin/dan:experiment-summaries/2026-09-28-state-env-state-lifts-below-the-wall/README.md","","F:transfer2285 (old pool; 23 thms at L>=13, censored at 14)","","","","",""
"ours-3.2M-lean_state-cap6","state-env S frozen","3.216M","lean_state","scratch","depth3 f0 a1 155k","6","frozen","S1s1","transfer2285","2285","L_star","256","0.8","10","lean_only","lean_check/lean_judge (Lean 4.34)","2026-09-28","copied","nd-rl:origin/dan:experiment-summaries/2026-09-28-state-env-state-lifts-below-the-wall/README.md","","F:transfer2285 (old pool; 23 thms at L>=13, censored at 14)","","","","",""
"ours-3.2M-lean_stateh-cap6","state-env SH T1","3.216M","lean_stateh","scratch","depth3 f0 a1 155k","6","T1","S1s0","transfer2285","2285","L_star","256","0.8","12","lean_only","lean_check/lean_judge (Lean 4.34)","2026-09-28","copied","nd-rl:origin/dan:experiment-summaries/2026-09-28-state-env-state-lifts-below-the-wall/README.md","","F:transfer2285 (old pool; 23 thms at L>=13, censored at 14)","","","","",""
"ours-3.2M-lean_stateh-cap6","state-env SH frozen","3.216M","lean_stateh","scratch","depth3 f0 a1 155k","6","frozen","S1s0","transfer2285","2285","L_star","256","0.8","10","lean_only","lean_check/lean_judge (Lean 4.34)","2026-09-28","copied","nd-rl:origin/dan:experiment-summaries/2026-09-28-state-env-state-lifts-below-the-wall/README.md","","F:transfer2285 (old pool; 23 thms at L>=13, censored at 14)","","","","",""
"ours-3.2M-lean_stateh-cap6","state-env SH T1","3.216M","lean_stateh","scratch","depth3 f0 a1 155k","6","T1","S1s1","transfer2285","2285","L_star","256","0.8","12","lean_only","lean_check/lean_judge (Lean 4.34)","2026-09-28","copied","nd-rl:origin/dan:experiment-summaries/2026-09-28-state-env-state-lifts-below-the-wall/README.md","","F:transfer2285 (old pool; 23 thms at L>=13, censored at 14)","","","","",""
"ours-3.2M-lean_stateh-cap6","state-env SH frozen","3.216M","lean_stateh","scratch","depth3 f0 a1 155k","6","frozen","S1s1","transfer2285","2285","L_star","256","0.8","10","lean_only","lean_check/lean_judge (Lean 4.34)","2026-09-28","copied","nd-rl:origin/dan:experiment-summaries/2026-09-28-state-env-state-lifts-below-the-wall/README.md","","F:transfer2285 (old pool; 23 thms at L>=13, censored at 14)","","","","",""
"ours-3.2M-lean_staten-cap6","state-env SN-v2 T1","3.216M","lean_staten","scratch","depth3 f0 a1 155k","6","T1","S1s0","transfer2285","2285","L_star","256","0.8","12","lean_only","lean_check/lean_judge (Lean 4.34)","2026-09-28","copied","nd-rl:origin/dan:experiment-summaries/2026-09-28-state-env-state-lifts-below-the-wall/README.md","","F:transfer2285 (old pool; 23 thms at L>=13, censored at 14)","","","","",""
"ours-3.2M-lean_staten-cap6","state-env SN-v2 frozen","3.216M","lean_staten","scratch","depth3 f0 a1 155k","6","frozen","S1s0","transfer2285","2285","L_star","256","0.8","11","lean_only","lean_check/lean_judge (Lean 4.34)","2026-09-28","copied","nd-rl:origin/dan:experiment-summaries/2026-09-28-state-env-state-lifts-below-the-wall/README.md","","F:transfer2285 (old pool; 23 thms at L>=13, censored at 14)","","","","",""
"ours-3.2M-lean_staten-cap6","state-env SN-v2 T1","3.216M","lean_staten","scratch","depth3 f0 a1 155k","6","T1","S1s1","transfer2285","2285","L_star","256","0.8","12","lean_only","lean_check/lean_judge (Lean 4.34)","2026-09-28","copied","nd-rl:origin/dan:experiment-summaries/2026-09-28-state-env-state-lifts-below-the-wall/README.md","","F:transfer2285 (old pool; 23 thms at L>=13, censored at 14)","","","","",""
"ours-3.2M-lean_staten-cap6","state-env SN-v2 frozen","3.216M","lean_staten","scratch","depth3 f0 a1 155k","6","frozen","S1s1","transfer2285","2285","L_star","256","0.8","11","lean_only","lean_check/lean_judge (Lean 4.34)","2026-09-28","copied","nd-rl:origin/dan:experiment-summaries/2026-09-28-state-env-state-lifts-below-the-wall/README.md","","F:transfer2285 (old pool; 23 thms at L>=13, censored at 14)","","","","",""
"ours-3.2M-lean_state-cap6","state-frontier S ladder T1","3.216M","lean_state","scratch","depth3 f0 a1 155k","6","T1","S1s2","transfer2285","2285","L_star","256","0.8","12","lean_only","lean_check/lean_judge (Lean 4.34)","2026-09-28","copied","nd-rl:origin/dan:experiment-summaries/2026-09-28-state-frontier-state-passes-12-rarely-no-low-mode-in-12-seeds/README.md","","F:transfer2285 (old pool; 23 thms at L>=13, censored at 14)","","","","",""
"ours-3.2M-lean_state-cap6","state-frontier S ladder T1","3.216M","lean_state","scratch","depth3 f0 a1 155k","6","T1","S1s3","transfer2285","2285","L_star","256","0.8","12","lean_only","lean_check/lean_judge (Lean 4.34)","2026-09-28","copied","nd-rl:origin/dan:experiment-summaries/2026-09-28-state-frontier-state-passes-12-rarely-no-low-mode-in-12-seeds/README.md","","F:transfer2285 (old pool; 23 thms at L>=13, censored at 14)","","","","",""
"ours-3.2M-lean_state-cap6","state-frontier S ladder frozen","3.216M","lean_state","scratch","depth3 f0 a1 155k","6","frozen","S1s2","transfer2285","2285","L_star","256","0.8","11","lean_only","lean_check/lean_judge (Lean 4.34)","2026-09-28","copied","nd-rl:origin/dan:experiment-summaries/2026-09-28-state-frontier-state-passes-12-rarely-no-low-mode-in-12-seeds/README.md","","F:transfer2285 (old pool; 23 thms at L>=13, censored at 14)","","","","",""
"ours-3.2M-lean_state-cap6","state-frontier S ladder frozen","3.216M","lean_state","scratch","depth3 f0 a1 155k","6","frozen","S1s3","transfer2285","2285","L_star","256","0.8","11","lean_only","lean_check/lean_judge (Lean 4.34)","2026-09-28","copied","nd-rl:origin/dan:experiment-summaries/2026-09-28-state-frontier-state-passes-12-rarely-no-low-mode-in-12-seeds/README.md","","F:transfer2285 (old pool; 23 thms at L>=13, censored at 14)","","","","",""
"ours-3.2M-lean_staten-cap6","state-frontier SN ladder frozen","3.216M","lean_staten","scratch","depth3 f0 a1 155k","6","frozen","S1s2","transfer2285","2285","L_star","256","0.8","11","lean_only","lean_check/lean_judge (Lean 4.34)","2026-09-28","copied","nd-rl:origin/dan:experiment-summaries/2026-09-28-state-frontier-state-passes-12-rarely-no-low-mode-in-12-seeds/README.md","","F:transfer2285 (old pool; 23 thms at L>=13, censored at 14)","","","","",""
"ours-3.2M-lean_staten-cap6","state-frontier SN ladder frozen","3.216M","lean_staten","scratch","depth3 f0 a1 155k","6","frozen","S1s3","transfer2285","2285","L_star","256","0.8","11","lean_only","lean_check/lean_judge (Lean 4.34)","2026-09-28","copied","nd-rl:origin/dan:experiment-summaries/2026-09-28-state-frontier-state-passes-12-rarely-no-low-mode-in-12-seeds/README.md","","F:transfer2285 (old pool; 23 thms at L>=13, censored at 14)","","","","",""
"ours-3.2M-lean_staten-cap6","state-frontier SN ladder frozen","3.216M","lean_staten","scratch","depth3 f0 a1 155k","6","frozen","S1s4","transfer2285","2285","L_star","256","0.8","10","lean_only","lean_check/lean_judge (Lean 4.34)","2026-09-28","copied","nd-rl:origin/dan:experiment-summaries/2026-09-28-state-frontier-state-passes-12-rarely-no-low-mode-in-12-seeds/README.md","","F:transfer2285 (old pool; 23 thms at L>=13, censored at 14)","","","","",""
"ours-3.2M-lean_staten-cap12","la_T1_SN12_s{S}_r8","3.2M","lean_staten","scratch","K12 155k","12","T1","0","transfer2285","2285","L_star","8x32","0.8","13","lean_only","","2026-09-29","copied","nd-rl:dan:experiment-summaries/2026-09-29-state-cap12-state-and-cap12-proofs-compound-on-long-pool/README.md","","F:transfer2285 (old pool; 23 thms at L>=13, censored at 14)","","","","",""
"ours-3.2M-lean_staten-cap12","la_T1_SN12_s{S}_r8","3.2M","lean_staten","scratch","K12 155k","12","T1","1","transfer2285","2285","L_star","8x32","0.8","13","lean_only","","2026-09-29","copied","nd-rl:dan:experiment-summaries/2026-09-29-state-cap12-state-and-cap12-proofs-compound-on-long-pool/README.md","","F:transfer2285 (old pool; 23 thms at L>=13, censored at 14)","","","","",""
"ours-3.2M-lean_staten-cap12","la_T1_SN12_s{S}_r8","3.2M","lean_staten","scratch","K12 155k","12","T1","2","transfer2285","2285","L_star","8x32","0.8","13","lean_only","","2026-09-29","copied","nd-rl:dan:experiment-summaries/2026-09-29-state-cap12-state-and-cap12-proofs-compound-on-long-pool/README.md","","F:transfer2285 (old pool; 23 thms at L>=13, censored at 14)","","","","",""
"ours-3.2M-lean_staten-cap12","la_T1_SN12_s{S}_r8","3.2M","lean_staten","scratch","K12 155k","12","T1","3","transfer2285","2285","L_star","8x32","0.8","13","lean_only","","2026-09-29","copied","nd-rl:dan:experiment-summaries/2026-09-29-state-cap12-state-and-cap12-proofs-compound-on-long-pool/README.md","","F:transfer2285 (old pool; 23 thms at L>=13, censored at 14)","","","","",""
"ours-3.2M-lean_staten-cap12","stage1_SN12_s{S}","3.2M","lean_staten","scratch","K12 155k","12","frozen","0","transfer2285","2285","L_star","256","0.8","12","lean_only","","2026-09-29","copied","nd-rl:dan:experiment-summaries/2026-09-29-state-cap12-state-and-cap12-proofs-compound-on-long-pool/README.md","","F:transfer2285 (old pool; 23 thms at L>=13, censored at 14)","","","","",""
"ours-3.2M-lean_staten-cap12","stage1_SN12_s{S}","3.2M","lean_staten","scratch","K12 155k","12","frozen","1","transfer2285","2285","L_star","256","0.8","12","lean_only","","2026-09-29","copied","nd-rl:dan:experiment-summaries/2026-09-29-state-cap12-state-and-cap12-proofs-compound-on-long-pool/README.md","","F:transfer2285 (old pool; 23 thms at L>=13, censored at 14)","","","","",""
"ours-3.2M-lean_staten-cap12","stage1_SN12_s{S}","3.2M","lean_staten","scratch","K12 155k","12","frozen","2","transfer2285","2285","L_star","256","0.8","13","lean_only","","2026-09-29","copied","nd-rl:dan:experiment-summaries/2026-09-29-state-cap12-state-and-cap12-proofs-compound-on-long-pool/README.md","","F:transfer2285 (old pool; 23 thms at L>=13, censored at 14)","","","","",""
"ours-3.2M-lean_staten-cap12","stage1_SN12_s{S}","3.2M","lean_staten","scratch","K12 155k","12","frozen","3","transfer2285","2285","L_star","256","0.8","12","lean_only","","2026-09-29","copied","nd-rl:dan:experiment-summaries/2026-09-29-state-cap12-state-and-cap12-proofs-compound-on-long-pool/README.md","","F:transfer2285 (old pool; 23 thms at L>=13, censored at 14)","","","","",""
"ours-3.2M-lean_seq-cap12","la_T1_K12_s{S}_r8","3.2M","lean_seq","scratch","K12 155k","12","T1","0","transfer2285","2285","L_star","8x32","0.8","13","lean_only","","2026-09-29","copied","nd-rl:dan:experiment-summaries/2026-09-29-state-cap12-state-and-cap12-proofs-compound-on-long-pool/README.md","","F:transfer2285 (old pool; 23 thms at L>=13, censored at 14)","","","","",""
"ours-3.2M-lean_seq-cap12","la_T1_K12_s{S}_r8","3.2M","lean_seq","scratch","K12 155k","12","T1","1","transfer2285","2285","L_star","8x32","0.8","13","lean_only","","2026-09-29","copied","nd-rl:dan:experiment-summaries/2026-09-29-state-cap12-state-and-cap12-proofs-compound-on-long-pool/README.md","","F:transfer2285 (old pool; 23 thms at L>=13, censored at 14)","","","","",""
"ours-3.2M-lean_staten-cap12","la_T1_SN12_s{S}_r8","3.2M","lean_staten","scratch","K12 155k","12","T1","0","transfer_long282","282","solved","256","0.8","102","lean_only","","2026-09-30","copied","nd-rl:dan:experiment-summaries/2026-09-30-state-readouts-state-not-naming-reaches-survivors/README.md","","H:transfer_long282 textbook (state-readouts)","","","","",""
"ours-3.2M-lean_staten-cap12","la_T1_SN12_s{S}_r8","3.2M","lean_staten","scratch","K12 155k","12","T1","1","transfer_long282","282","solved","256","0.8","125","lean_only","","2026-09-30","copied","nd-rl:dan:experiment-summaries/2026-09-30-state-readouts-state-not-naming-reaches-survivors/README.md","","H:transfer_long282 textbook (state-readouts)","","","","",""
"ours-3.2M-lean_staten-cap12","la_T1_SN12_s{S}_r8","3.2M","lean_staten","scratch","K12 155k","12","T1","2","transfer_long282","282","solved","256","0.8","111","lean_only","","2026-09-30","copied","nd-rl:dan:experiment-summaries/2026-09-30-state-readouts-state-not-naming-reaches-survivors/README.md","","H:transfer_long282 textbook (state-readouts)","","","","",""
"ours-3.2M-lean_staten-cap12","la_T1_SN12_s{S}_r8","3.2M","lean_staten","scratch","K12 155k","12","T1","3","transfer_long282","282","solved","256","0.8","113","lean_only","","2026-09-30","copied","nd-rl:dan:experiment-summaries/2026-09-30-state-readouts-state-not-naming-reaches-survivors/README.md","","H:transfer_long282 textbook (state-readouts)","","","","",""
"ours-3.2M-lean_staten-cap12","stage1_SN12_s{S}","3.2M","lean_staten","scratch","K12 155k","12","frozen","0","transfer_long282","282","solved","256","0.8","35","lean_only","","2026-09-30","copied","nd-rl:dan:experiment-summaries/2026-09-30-state-readouts-state-not-naming-reaches-survivors/README.md","","H:transfer_long282 textbook (state-readouts)","","","","",""
"ours-3.2M-lean_staten-cap12","stage1_SN12_s{S}","3.2M","lean_staten","scratch","K12 155k","12","frozen","1","transfer_long282","282","solved","256","0.8","57","lean_only","","2026-09-30","copied","nd-rl:dan:experiment-summaries/2026-09-30-state-readouts-state-not-naming-reaches-survivors/README.md","","H:transfer_long282 textbook (state-readouts)","","","","",""
"ours-3.2M-lean_staten-cap12","stage1_SN12_s{S}","3.2M","lean_staten","scratch","K12 155k","12","frozen","2","transfer_long282","282","solved","256","0.8","56","lean_only","","2026-09-30","copied","nd-rl:dan:experiment-summaries/2026-09-30-state-readouts-state-not-naming-reaches-survivors/README.md","","H:transfer_long282 textbook (state-readouts)","","","","",""
"ours-3.2M-lean_staten-cap12","stage1_SN12_s{S}","3.2M","lean_staten","scratch","K12 155k","12","frozen","3","transfer_long282","282","solved","256","0.8","53","lean_only","","2026-09-30","copied","nd-rl:dan:experiment-summaries/2026-09-30-state-readouts-state-not-naming-reaches-survivors/README.md","","H:transfer_long282 textbook (state-readouts)","","","","",""
"best-9.56M-lean_staten-cap6","la_T1_best6_s{S}_r8","9.56M","lean_staten","scratch","cap-6 control 155k","6","T1","0","rr600_gen_L13-16","380","Q","256","0.8","350","lean_only","","2026-10-01","copied","nd-rl:dan:experiment-summaries/2026-09-30-best-state-robbies-recipe-wins-after-rl-level-frozen-at-cap12/README.md","","B:rr600 k256 T0.8 seed0 state ms96 b2048 (best-state settings)","transfer_long_rr600@ad71284f","","96","2048",""
"best-9.56M-lean_staten-cap6","la_T1_best6_s{S}_r8","9.56M","lean_staten","scratch","cap-6 control 155k","6","T1","1","rr600_gen_L13-16","380","Q","256","0.8","346","lean_only","","2026-10-01","copied","nd-rl:dan:experiment-summaries/2026-09-30-best-state-robbies-recipe-wins-after-rl-level-frozen-at-cap12/README.md","","B:rr600 k256 T0.8 seed0 state ms96 b2048 (best-state settings)","transfer_long_rr600@ad71284f","","96","2048",""
"best-9.56M-lean_staten-cap6","la_T1_best6_s{S}_r8","9.56M","lean_staten","scratch","cap-6 control 155k","6","T1","2","rr600_gen_L13-16","380","Q","256","0.8","339","lean_only","","2026-10-01","copied","nd-rl:dan:experiment-summaries/2026-09-30-best-state-robbies-recipe-wins-after-rl-level-frozen-at-cap12/README.md","","B:rr600 k256 T0.8 seed0 state ms96 b2048 (best-state settings)","transfer_long_rr600@ad71284f","","96","2048",""
"best-9.56M-lean_staten-cap12","la_T1_best12_s{S}_r8","9.56M","lean_staten","scratch","K12 155k","12","T1","0","rr600_gen_L13-16","380","Q","256","0.8","377","lean_only","","2026-10-01","copied","nd-rl:dan:experiment-summaries/2026-09-30-best-state-robbies-recipe-wins-after-rl-level-frozen-at-cap12/README.md","","B:rr600 k256 T0.8 seed0 state ms96 b2048 (best-state settings)","transfer_long_rr600@ad71284f","","96","2048",""
"best-9.56M-lean_staten-cap12","la_T1_best12_s{S}_r8","9.56M","lean_staten","scratch","K12 155k","12","T1","1","rr600_gen_L13-16","380","Q","256","0.8","375","lean_only","","2026-10-01","copied","nd-rl:dan:experiment-summaries/2026-09-30-best-state-robbies-recipe-wins-after-rl-level-frozen-at-cap12/README.md","","B:rr600 k256 T0.8 seed0 state ms96 b2048 (best-state settings)","transfer_long_rr600@ad71284f","","96","2048",""
"best-9.56M-lean_staten-cap12","la_T1_best12_s{S}_r8","9.56M","lean_staten","scratch","K12 155k","12","T1","2","rr600_gen_L13-16","380","Q","256","0.8","376","lean_only","","2026-10-01","copied","nd-rl:dan:experiment-summaries/2026-09-30-best-state-robbies-recipe-wins-after-rl-level-frozen-at-cap12/README.md","","B:rr600 k256 T0.8 seed0 state ms96 b2048 (best-state settings)","transfer_long_rr600@ad71284f","","96","2048",""
"ours-3.2M-lean_staten-cap12","la_T1_cm12k64_s{S}_r8","3.2M","lean_staten","scratch","K12 155k","12","T1-k64","0","rr600_gen_L13-16","380","Q","256","0.8","232","lean_only","","2026-10-02","copied","nd-rl:dan:experiment-summaries/2026-10-02-compute-match-matched-ladder-gpu-time-does-not-close-gap/README.md","","B:rr600 k256 T0.8 seed0 state ms96 b2048 (best-state settings)","transfer_long_rr600@ad71284f","","96","2048",""
"ours-3.2M-lean_staten-cap12","la_T1_cm12k64_s{S}_r8","3.2M","lean_staten","scratch","K12 155k","12","T1-k64","1","rr600_gen_L13-16","380","Q","256","0.8","295","lean_only","","2026-10-02","copied","nd-rl:dan:experiment-summaries/2026-10-02-compute-match-matched-ladder-gpu-time-does-not-close-gap/README.md","","B:rr600 k256 T0.8 seed0 state ms96 b2048 (best-state settings)","transfer_long_rr600@ad71284f","","96","2048",""
"ours-3.2M-lean_staten-cap12","la_T1_cm12k64_s{S}_r8","3.2M","lean_staten","scratch","K12 155k","12","T1-k64","2","rr600_gen_L13-16","380","Q","256","0.8","320","lean_only","","2026-10-02","copied","nd-rl:dan:experiment-summaries/2026-10-02-compute-match-matched-ladder-gpu-time-does-not-close-gap/README.md","","B:rr600 k256 T0.8 seed0 state ms96 b2048 (best-state settings)","transfer_long_rr600@ad71284f","","96","2048",""
"ours-3.2M-lean_staten-cap12","ladder r8","3.2M","lean_staten","scratch","K12 155k","12","EI-sampling-shortest(A)","0","Q291(long2_91+rr600_15-16)","291","solved","256","0.8","79","lean_only","","2026-09-30","copied","nd-rl:dan:experiment-summaries/2026-09-30-search-expert-best-first-ties-sampling-at-quarter-spend/README.md","","I:Q291 = long2_91 + rr600 gen 15-16 (frontier-supply / search-expert reads)","","","","",""
"ours-3.2M-lean_staten-cap12","ladder r8","3.2M","lean_staten","scratch","K12 155k","12","EI-sampling-shortest(A)","1","Q291(long2_91+rr600_15-16)","291","solved","256","0.8","111","lean_only","","2026-09-30","copied","nd-rl:dan:experiment-summaries/2026-09-30-search-expert-best-first-ties-sampling-at-quarter-spend/README.md","","I:Q291 = long2_91 + rr600 gen 15-16 (frontier-supply / search-expert reads)","","","","",""
"ours-3.2M-lean_staten-cap12","ladder r8","3.2M","lean_staten","scratch","K12 155k","12","EI-sampling-shortest(A)","2","Q291(long2_91+rr600_15-16)","291","solved","256","0.8","129","lean_only","","2026-09-30","copied","nd-rl:dan:experiment-summaries/2026-09-30-search-expert-best-first-ties-sampling-at-quarter-spend/README.md","","I:Q291 = long2_91 + rr600 gen 15-16 (frontier-supply / search-expert reads)","","","","",""
"ours-3.2M-lean_staten-cap12","ladder r8","3.2M","lean_staten","scratch","K12 155k","12","EI-sampling-shortest(A)","3","Q291(long2_91+rr600_15-16)","291","solved","256","0.8","148","lean_only","","2026-09-30","copied","nd-rl:dan:experiment-summaries/2026-09-30-search-expert-best-first-ties-sampling-at-quarter-spend/README.md","","I:Q291 = long2_91 + rr600 gen 15-16 (frontier-supply / search-expert reads)","","","","",""
"ours-3.2M-lean_staten-cap12","ladder r8","3.2M","lean_staten","scratch","K12 155k","12","EI-sampling-shortest(A)","4","Q291(long2_91+rr600_15-16)","291","solved","256","0.8","113","lean_only","","2026-09-30","copied","nd-rl:dan:experiment-summaries/2026-09-30-search-expert-best-first-ties-sampling-at-quarter-spend/README.md","","I:Q291 = long2_91 + rr600 gen 15-16 (frontier-supply / search-expert reads)","","","","",""
"ours-3.2M-lean_staten-cap12","ladder r8","3.2M","lean_staten","scratch","K12 155k","12","EI-sampling-shortest(A)","5","Q291(long2_91+rr600_15-16)","291","solved","256","0.8","102","lean_only","","2026-09-30","copied","nd-rl:dan:experiment-summaries/2026-09-30-search-expert-best-first-ties-sampling-at-quarter-spend/README.md","","I:Q291 = long2_91 + rr600 gen 15-16 (frontier-supply / search-expert reads)","","","","",""
"ours-3.2M-lean_staten-cap12","ladder r8","3.2M","lean_staten","scratch","K12 155k","12","EI-bestfirst(B)","0","Q291(long2_91+rr600_15-16)","291","solved","256","0.8","76","lean_only","","2026-09-30","copied","nd-rl:dan:experiment-summaries/2026-09-30-search-expert-best-first-ties-sampling-at-quarter-spend/README.md","","I:Q291 = long2_91 + rr600 gen 15-16 (frontier-supply / search-expert reads)","","","","",""
"ours-3.2M-lean_staten-cap12","ladder r8","3.2M","lean_staten","scratch","K12 155k","12","EI-bestfirst(B)","1","Q291(long2_91+rr600_15-16)","291","solved","256","0.8","118","lean_only","","2026-09-30","copied","nd-rl:dan:experiment-summaries/2026-09-30-search-expert-best-first-ties-sampling-at-quarter-spend/README.md","","I:Q291 = long2_91 + rr600 gen 15-16 (frontier-supply / search-expert reads)","","","","",""
"ours-3.2M-lean_staten-cap12","ladder r8","3.2M","lean_staten","scratch","K12 155k","12","EI-bestfirst(B)","2","Q291(long2_91+rr600_15-16)","291","solved","256","0.8","122","lean_only","","2026-09-30","copied","nd-rl:dan:experiment-summaries/2026-09-30-search-expert-best-first-ties-sampling-at-quarter-spend/README.md","","I:Q291 = long2_91 + rr600 gen 15-16 (frontier-supply / search-expert reads)","","","","",""
"ours-3.2M-lean_staten-cap12","ladder r8","3.2M","lean_staten","scratch","K12 155k","12","EI-bestfirst(B)","3","Q291(long2_91+rr600_15-16)","291","solved","256","0.8","144","lean_only","","2026-09-30","copied","nd-rl:dan:experiment-summaries/2026-09-30-search-expert-best-first-ties-sampling-at-quarter-spend/README.md","","I:Q291 = long2_91 + rr600 gen 15-16 (frontier-supply / search-expert reads)","","","","",""
"ours-3.2M-lean_staten-cap12","ladder r8","3.2M","lean_staten","scratch","K12 155k","12","EI-bestfirst(B)","4","Q291(long2_91+rr600_15-16)","291","solved","256","0.8","117","lean_only","","2026-09-30","copied","nd-rl:dan:experiment-summaries/2026-09-30-search-expert-best-first-ties-sampling-at-quarter-spend/README.md","","I:Q291 = long2_91 + rr600 gen 15-16 (frontier-supply / search-expert reads)","","","","",""
"ours-3.2M-lean_staten-cap12","ladder r8","3.2M","lean_staten","scratch","K12 155k","12","EI-bestfirst(B)","5","Q291(long2_91+rr600_15-16)","291","solved","256","0.8","97","lean_only","","2026-09-30","copied","nd-rl:dan:experiment-summaries/2026-09-30-search-expert-best-first-ties-sampling-at-quarter-spend/README.md","","I:Q291 = long2_91 + rr600 gen 15-16 (frontier-supply / search-expert reads)","","","","",""
"ours-3.2M-lean_staten-cap12","ladder r8","3.2M","lean_staten","scratch","K12 155k","12","EI-sampling-shortest-redraw(A2)","0","Q291(long2_91+rr600_15-16)","291","solved","256","0.8","80","lean_only","","2026-09-30","copied","nd-rl:dan:experiment-summaries/2026-09-30-search-expert-best-first-ties-sampling-at-quarter-spend/README.md","","I:Q291 = long2_91 + rr600 gen 15-16 (frontier-supply / search-expert reads)","","","","",""
"ours-3.2M-lean_staten-cap12","ladder r8","3.2M","lean_staten","scratch","K12 155k","12","EI-sampling-shortest-redraw(A2)","1","Q291(long2_91+rr600_15-16)","291","solved","256","0.8","129","lean_only","","2026-09-30","copied","nd-rl:dan:experiment-summaries/2026-09-30-search-expert-best-first-ties-sampling-at-quarter-spend/README.md","","I:Q291 = long2_91 + rr600 gen 15-16 (frontier-supply / search-expert reads)","","","","",""
"ours-3.2M-lean_staten-cap12","ladder r8","3.2M","lean_staten","scratch","K12 155k","12","EI-truncate-resume(C)","0","Q291(long2_91+rr600_15-16)","291","solved","256","0.8","72","lean_only","","2026-09-30","copied","nd-rl:dan:experiment-summaries/2026-09-30-search-expert-best-first-ties-sampling-at-quarter-spend/README.md","","I:Q291 = long2_91 + rr600 gen 15-16 (frontier-supply / search-expert reads)","","","","",""
"ours-3.2M-lean_staten-cap12","ladder r8","3.2M","lean_staten","scratch","K12 155k","12","EI-truncate-resume(C)","1","Q291(long2_91+rr600_15-16)","291","solved","256","0.8","121","lean_only","","2026-09-30","copied","nd-rl:dan:experiment-summaries/2026-09-30-search-expert-best-first-ties-sampling-at-quarter-spend/README.md","","I:Q291 = long2_91 + rr600 gen 15-16 (frontier-supply / search-expert reads)","","","","",""
"ours-3.2M-lean_staten-cap12","ladder r8","3.2M","lean_staten","scratch","K12 155k","12","T1","0","Q291(long2_91+rr600_15-16)","291","solved","256","0.8","142","lean_only","","2026-09-30","copied","nd-rl:dan:experiment-summaries/2026-09-30-search-expert-best-first-ties-sampling-at-quarter-spend/README.md","","I:Q291 = long2_91 + rr600 gen 15-16 (frontier-supply / search-expert reads)","","","","",""
"ours-3.2M-lean_staten-cap12","ladder r8","3.2M","lean_staten","scratch","K12 155k","12","T1","1","Q291(long2_91+rr600_15-16)","291","solved","256","0.8","207","lean_only","","2026-09-30","copied","nd-rl:dan:experiment-summaries/2026-09-30-search-expert-best-first-ties-sampling-at-quarter-spend/README.md","","I:Q291 = long2_91 + rr600 gen 15-16 (frontier-supply / search-expert reads)","","","","",""
"ours-3.2M-lean_staten-cap12","ladder r8","3.2M","lean_staten","scratch","K12 155k","12","T1","2","Q291(long2_91+rr600_15-16)","291","solved","256","0.8","218","lean_only","","2026-09-30","copied","nd-rl:dan:experiment-summaries/2026-09-30-search-expert-best-first-ties-sampling-at-quarter-spend/README.md","","I:Q291 = long2_91 + rr600 gen 15-16 (frontier-supply / search-expert reads)","","","","",""
"ours-3.2M-lean_staten-cap12","ladder r8","3.2M","lean_staten","scratch","K12 155k","12","T1","3","Q291(long2_91+rr600_15-16)","291","solved","256","0.8","220","lean_only","","2026-09-30","copied","nd-rl:dan:experiment-summaries/2026-09-30-search-expert-best-first-ties-sampling-at-quarter-spend/README.md","","I:Q291 = long2_91 + rr600 gen 15-16 (frontier-supply / search-expert reads)","","","","",""
"ours-3.2M-lean_staten-cap12","la_C_s{S}_r8 (s0-s3 = state-cap12 T1)","3.2M","lean_staten","scratch","K12 155k","12","T1(control C)","0","Q291(long2_91+rr600_15-16)","291","solved","256","0.8","142","lean_only","","2026-09-30","copied","nd-rl:dan:experiment-summaries/2026-09-30-frontier-supply-filter-works-gain-inside-mdd/README.md","","I:Q291 = long2_91 + rr600 gen 15-16 (frontier-supply / search-expert reads)","","","","",""
"ours-3.2M-lean_staten-cap12","la_C_s{S}_r8 (s0-s3 = state-cap12 T1)","3.2M","lean_staten","scratch","K12 155k","12","T1(control C)","1","Q291(long2_91+rr600_15-16)","291","solved","256","0.8","207","lean_only","","2026-09-30","copied","nd-rl:dan:experiment-summaries/2026-09-30-frontier-supply-filter-works-gain-inside-mdd/README.md","","I:Q291 = long2_91 + rr600 gen 15-16 (frontier-supply / search-expert reads)","","","","",""
"ours-3.2M-lean_staten-cap12","la_C_s{S}_r8 (s0-s3 = state-cap12 T1)","3.2M","lean_staten","scratch","K12 155k","12","T1(control C)","2","Q291(long2_91+rr600_15-16)","291","solved","256","0.8","218","lean_only","","2026-09-30","copied","nd-rl:dan:experiment-summaries/2026-09-30-frontier-supply-filter-works-gain-inside-mdd/README.md","","I:Q291 = long2_91 + rr600 gen 15-16 (frontier-supply / search-expert reads)","","","","",""
"ours-3.2M-lean_staten-cap12","la_C_s{S}_r8 (s0-s3 = state-cap12 T1)","3.2M","lean_staten","scratch","K12 155k","12","T1(control C)","3","Q291(long2_91+rr600_15-16)","291","solved","256","0.8","220","lean_only","","2026-09-30","copied","nd-rl:dan:experiment-summaries/2026-09-30-frontier-supply-filter-works-gain-inside-mdd/README.md","","I:Q291 = long2_91 + rr600 gen 15-16 (frontier-supply / search-expert reads)","","","","",""
"ours-3.2M-lean_staten-cap12","la_C_s{S}_r8 (s0-s3 = state-cap12 T1)","3.2M","lean_staten","scratch","K12 155k","12","T1(control C)","4","Q291(long2_91+rr600_15-16)","291","solved","256","0.8","220","lean_only","","2026-09-30","copied","nd-rl:dan:experiment-summaries/2026-09-30-frontier-supply-filter-works-gain-inside-mdd/README.md","","I:Q291 = long2_91 + rr600 gen 15-16 (frontier-supply / search-expert reads)","","","","",""
"ours-3.2M-lean_staten-cap12","la_C_s{S}_r8 (s0-s3 = state-cap12 T1)","3.2M","lean_staten","scratch","K12 155k","12","T1(control C)","5","Q291(long2_91+rr600_15-16)","291","solved","256","0.8","207","lean_only","","2026-09-30","copied","nd-rl:dan:experiment-summaries/2026-09-30-frontier-supply-filter-works-gain-inside-mdd/README.md","","I:Q291 = long2_91 + rr600 gen 15-16 (frontier-supply / search-expert reads)","","","","",""
"ours-3.2M-lean_staten-cap12","la_S_s{S}_r8","3.2M","lean_staten","scratch","K12 155k","12","T1+supply(S)","0","Q291(long2_91+rr600_15-16)","291","solved","256","0.8","139","lean_only","","2026-09-30","copied","nd-rl:dan:experiment-summaries/2026-09-30-frontier-supply-filter-works-gain-inside-mdd/README.md","","I:Q291 = long2_91 + rr600 gen 15-16 (frontier-supply / search-expert reads)","","","","",""
"ours-3.2M-lean_staten-cap12","la_S_s{S}_r8","3.2M","lean_staten","scratch","K12 155k","12","T1+supply(S)","1","Q291(long2_91+rr600_15-16)","291","solved","256","0.8","217","lean_only","","2026-09-30","copied","nd-rl:dan:experiment-summaries/2026-09-30-frontier-supply-filter-works-gain-inside-mdd/README.md","","I:Q291 = long2_91 + rr600 gen 15-16 (frontier-supply / search-expert reads)","","","","",""
"ours-3.2M-lean_staten-cap12","la_S_s{S}_r8","3.2M","lean_staten","scratch","K12 155k","12","T1+supply(S)","2","Q291(long2_91+rr600_15-16)","291","solved","256","0.8","226","lean_only","","2026-09-30","copied","nd-rl:dan:experiment-summaries/2026-09-30-frontier-supply-filter-works-gain-inside-mdd/README.md","","I:Q291 = long2_91 + rr600 gen 15-16 (frontier-supply / search-expert reads)","","","","",""
"ours-3.2M-lean_staten-cap12","la_S_s{S}_r8","3.2M","lean_staten","scratch","K12 155k","12","T1+supply(S)","3","Q291(long2_91+rr600_15-16)","291","solved","256","0.8","233","lean_only","","2026-09-30","copied","nd-rl:dan:experiment-summaries/2026-09-30-frontier-supply-filter-works-gain-inside-mdd/README.md","","I:Q291 = long2_91 + rr600 gen 15-16 (frontier-supply / search-expert reads)","","","","",""
"ours-3.2M-lean_staten-cap12","la_S_s{S}_r8","3.2M","lean_staten","scratch","K12 155k","12","T1+supply(S)","4","Q291(long2_91+rr600_15-16)","291","solved","256","0.8","228","lean_only","","2026-09-30","copied","nd-rl:dan:experiment-summaries/2026-09-30-frontier-supply-filter-works-gain-inside-mdd/README.md","","I:Q291 = long2_91 + rr600 gen 15-16 (frontier-supply / search-expert reads)","","","","",""
"ours-3.2M-lean_staten-cap12","la_S_s{S}_r8","3.2M","lean_staten","scratch","K12 155k","12","T1+supply(S)","5","Q291(long2_91+rr600_15-16)","291","solved","256","0.8","216","lean_only","","2026-09-30","copied","nd-rl:dan:experiment-summaries/2026-09-30-frontier-supply-filter-works-gain-inside-mdd/README.md","","I:Q291 = long2_91 + rr600 gen 15-16 (frontier-supply / search-expert reads)","","","","",""
"ours-3.2M-lean_staten-cap12","la_R_s{S}_r8","3.2M","lean_staten","scratch","K12 155k","12","T1(control rerun C')","0","Q291(long2_91+rr600_15-16)","291","solved","256","0.8","145","lean_only","","2026-09-30","copied","nd-rl:dan:experiment-summaries/2026-09-30-frontier-supply-filter-works-gain-inside-mdd/README.md","","I:Q291 = long2_91 + rr600 gen 15-16 (frontier-supply / search-expert reads)","","","","",""
"ours-3.2M-lean_staten-cap12","la_R_s{S}_r8","3.2M","lean_staten","scratch","K12 155k","12","T1(control rerun C')","1","Q291(long2_91+rr600_15-16)","291","solved","256","0.8","197","lean_only","","2026-09-30","copied","nd-rl:dan:experiment-summaries/2026-09-30-frontier-supply-filter-works-gain-inside-mdd/README.md","","I:Q291 = long2_91 + rr600 gen 15-16 (frontier-supply / search-expert reads)","","","","",""
