"family","model_label","params","format","init","train_set","cap","stage","seed","pool","n_pool","metric","k","temperature","value","checker","judge","date","provenance","source_file","apples_group"
"robbie-combined-pipeline:c005","c005 inference=plain","9.56M","lean_seq","scratch","cap-6 train.jsonl 155k","6","tts-plain","mean(3)","textbook72","72","pass_at_k_frac","128","0.8","0.4019","lean_and_ndverify","","2026-09-29","copied","nd-rl:robbie-experiments:experiment-summaries/2026-09-28-combined-model/charts/textbook-tts.csv","textbook72|k128|T0.8|lean_and_ndverify"
"robbie-combined-pipeline:c005","c005 inference=resample","9.56M","lean_seq","scratch","cap-6 train.jsonl 155k","6","tts-resample","mean(3)","textbook72","72","pass_at_k_frac","128","0.8","0.4841","lean_and_ndverify","","2026-09-29","copied","nd-rl:robbie-experiments:experiment-summaries/2026-09-28-combined-model/charts/textbook-tts.csv","textbook72|k128|T0.8|lean_and_ndverify"
"robbie-combined-pipeline:c005","c005 inference=resample, no repeats","9.56M","lean_seq","scratch","cap-6 train.jsonl 155k","6","tts-resample, no repeats","mean(3)","textbook72","72","pass_at_k_frac","128","0.8","0.5064","lean_and_ndverify","","2026-09-29","copied","nd-rl:robbie-experiments:experiment-summaries/2026-09-28-combined-model/charts/textbook-tts.csv","textbook72|k128|T0.8|lean_and_ndverify"
"robbie-combined-pipeline:c005","c005 inference=plain","9.56M","lean_seq","scratch","cap-6 train.jsonl 155k","6","tts-plain","mean(3)","textbook72","72","pass_at_k_frac","16","0.8","0.3301","lean_and_ndverify","","2026-09-29","copied","nd-rl:robbie-experiments:experiment-summaries/2026-09-28-combined-model/charts/textbook-tts.csv","textbook72|k16|T0.8|lean_and_ndverify"
"robbie-combined-pipeline:c005","c005 inference=resample","9.56M","lean_seq","scratch","cap-6 train.jsonl 155k","6","tts-resample","mean(3)","textbook72","72","pass_at_k_frac","16","0.8","0.4123","lean_and_ndverify","","2026-09-29","copied","nd-rl:robbie-experiments:experiment-summaries/2026-09-28-combined-model/charts/textbook-tts.csv","textbook72|k16|T0.8|lean_and_ndverify"
"robbie-combined-pipeline:c005","c005 inference=resample, no repeats","9.56M","lean_seq","scratch","cap-6 train.jsonl 155k","6","tts-resample, no repeats","mean(3)","textbook72","72","pass_at_k_frac","16","0.8","0.4389","lean_and_ndverify","","2026-09-29","copied","nd-rl:robbie-experiments:experiment-summaries/2026-09-28-combined-model/charts/textbook-tts.csv","textbook72|k16|T0.8|lean_and_ndverify"
"robbie-factorial:lean-best-ei","factorial lean-best-ei (pre=186 recipe, rl=harness EI 4x1500x32)","9.56M","lean_seq","scratch","cap-6 train.jsonl 155k","6","rl-harness-EI","0","textbook72","72","pass_at_k_expected_solved","16","0.8","17.023","lean_and_ndverify","robbie harness judge (fork sample Lean gate 51604b3 then nd_verify); max_new 512","2026-09-29","recomputed","nd-rl:robbie-experiments:experiment-summaries/2026-09-28-combined-model/charts/passk.csv","textbook72|k16|T0.8|lean_and_ndverify"
"robbie-factorial:lean-best-ei","factorial lean-best-ei (pre=186 recipe, rl=harness EI 4x1500x32)","9.56M","lean_seq","scratch","cap-6 train.jsonl 155k","6","rl-harness-EI","1","textbook72","72","pass_at_k_expected_solved","16","0.8","16.893","lean_and_ndverify","robbie harness judge (fork sample Lean gate 51604b3 then nd_verify); max_new 512","2026-09-29","recomputed","nd-rl:robbie-experiments:experiment-summaries/2026-09-28-combined-model/charts/passk.csv","textbook72|k16|T0.8|lean_and_ndverify"
"robbie-factorial:lean-best-ei","factorial lean-best-ei (pre=186 recipe, rl=harness EI 4x1500x32)","9.56M","lean_seq","scratch","cap-6 train.jsonl 155k","6","rl-harness-EI","2","textbook72","72","pass_at_k_expected_solved","16","0.8","16.64","lean_and_ndverify","robbie harness judge (fork sample Lean gate 51604b3 then nd_verify); max_new 512","2026-09-29","recomputed","nd-rl:robbie-experiments:experiment-summaries/2026-09-28-combined-model/charts/passk.csv","textbook72|k16|T0.8|lean_and_ndverify"
"robbie-factorial:lean-best-leon","factorial lean-best-leon (pre=186 recipe, rl=c005 Leon EI+guided)","9.56M","lean_seq","scratch","cap-6 train.jsonl 155k","6","rl-leon-c005","0","textbook72","72","pass_at_k_expected_solved","16","0.8","27.182","lean_and_ndverify","robbie harness judge (fork sample Lean gate 51604b3 then nd_verify); max_new 512","2026-09-29","recomputed","nd-rl:robbie-experiments:experiment-summaries/2026-09-28-combined-model/charts/passk.csv","textbook72|k16|T0.8|lean_and_ndverify"
"robbie-factorial:lean-best-leon","factorial lean-best-leon (pre=186 recipe, rl=c005 Leon EI+guided)","9.56M","lean_seq","scratch","cap-6 train.jsonl 155k","6","rl-leon-c005","1","textbook72","72","pass_at_k_expected_solved","16","0.8","26.677","lean_and_ndverify","robbie harness judge (fork sample Lean gate 51604b3 then nd_verify); max_new 512","2026-09-29","recomputed","nd-rl:robbie-experiments:experiment-summaries/2026-09-28-combined-model/charts/passk.csv","textbook72|k16|T0.8|lean_and_ndverify"
"robbie-factorial:lean-best-leon","factorial lean-best-leon (pre=186 recipe, rl=c005 Leon EI+guided)","9.56M","lean_seq","scratch","cap-6 train.jsonl 155k","6","rl-leon-c005","2","textbook72","72","pass_at_k_expected_solved","16","0.8","25.654","lean_and_ndverify","robbie harness judge (fork sample Lean gate 51604b3 then nd_verify); max_new 512","2026-09-29","recomputed","nd-rl:robbie-experiments:experiment-summaries/2026-09-28-combined-model/charts/passk.csv","textbook72|k16|T0.8|lean_and_ndverify"
"robbie-factorial:lean-naive-ei","factorial lean-naive-ei (pre=012 baseline, rl=harness EI 4x1500x32)","","lean_seq","scratch","cap-6 train.jsonl 155k","6","rl-harness-EI","0","textbook72","72","pass_at_k_expected_solved","16","0.8","7.095","lean_and_ndverify","robbie harness judge (fork sample Lean gate 51604b3 then nd_verify); max_new 512","2026-09-29","recomputed","nd-rl:robbie-experiments:experiment-summaries/2026-09-28-combined-model/charts/passk.csv","textbook72|k16|T0.8|lean_and_ndverify"
"robbie-factorial:lean-naive-ei","factorial lean-naive-ei (pre=012 baseline, rl=harness EI 4x1500x32)","","lean_seq","scratch","cap-6 train.jsonl 155k","6","rl-harness-EI","1","textbook72","72","pass_at_k_expected_solved","16","0.8","6.0","lean_and_ndverify","robbie harness judge (fork sample Lean gate 51604b3 then nd_verify); max_new 512","2026-09-29","recomputed","nd-rl:robbie-experiments:experiment-summaries/2026-09-28-combined-model/charts/passk.csv","textbook72|k16|T0.8|lean_and_ndverify"
"robbie-factorial:lean-naive-ei","factorial lean-naive-ei (pre=012 baseline, rl=harness EI 4x1500x32)","","lean_seq","scratch","cap-6 train.jsonl 155k","6","rl-harness-EI","2","textbook72","72","pass_at_k_expected_solved","16","0.8","7.156","lean_and_ndverify","robbie harness judge (fork sample Lean gate 51604b3 then nd_verify); max_new 512","2026-09-29","recomputed","nd-rl:robbie-experiments:experiment-summaries/2026-09-28-combined-model/charts/passk.csv","textbook72|k16|T0.8|lean_and_ndverify"
"robbie-factorial:lean-naive-leon","factorial lean-naive-leon (pre=012 baseline, rl=c005 Leon EI+guided)","","lean_seq","scratch","cap-6 train.jsonl 155k","6","rl-leon-c005","0","textbook72","72","pass_at_k_expected_solved","16","0.8","7.488","lean_and_ndverify","robbie harness judge (fork sample Lean gate 51604b3 then nd_verify); max_new 512","2026-09-29","recomputed","nd-rl:robbie-experiments:experiment-summaries/2026-09-28-combined-model/charts/passk.csv","textbook72|k16|T0.8|lean_and_ndverify"
"robbie-factorial:lean-naive-leon","factorial lean-naive-leon (pre=012 baseline, rl=c005 Leon EI+guided)","","lean_seq","scratch","cap-6 train.jsonl 155k","6","rl-leon-c005","1","textbook72","72","pass_at_k_expected_solved","16","0.8","7.837","lean_and_ndverify","robbie harness judge (fork sample Lean gate 51604b3 then nd_verify); max_new 512","2026-09-29","recomputed","nd-rl:robbie-experiments:experiment-summaries/2026-09-28-combined-model/charts/passk.csv","textbook72|k16|T0.8|lean_and_ndverify"
"robbie-factorial:lean-naive-leon","factorial lean-naive-leon (pre=012 baseline, rl=c005 Leon EI+guided)","","lean_seq","scratch","cap-6 train.jsonl 155k","6","rl-leon-c005","2","textbook72","72","pass_at_k_expected_solved","16","0.8","7.641","lean_and_ndverify","robbie harness judge (fork sample Lean gate 51604b3 then nd_verify); max_new 512","2026-09-29","recomputed","nd-rl:robbie-experiments:experiment-summaries/2026-09-28-combined-model/charts/passk.csv","textbook72|k16|T0.8|lean_and_ndverify"
"best-9.56M-cap12","la_T1_best12_s0_r8","9.56M","lean_staten","scratch","K12 155k","12","T1","0","textbook72","72","pass_at_k_expected_solved","16","0.8","45.726","lean_only","fork lean_judge (Lean 4.34 alone); state_eval in-env sampling, max_action 512 max_steps 96; seed 0; best-state read, batch 2048","2026-10-01","recomputed","hf://buckets/dan-pandori/nd-rl/best-state/artifacts/bs/eval/T1_best12_s0__tb72.jsonl","textbook72|k16|T0.8|lean_only"
"best-9.56M-cap12","la_T1_best12_s1_r8","9.56M","lean_staten","scratch","K12 155k","12","T1","1","textbook72","72","pass_at_k_expected_solved","16","0.8","42.133","lean_only","fork lean_judge (Lean 4.34 alone); state_eval in-env sampling, max_action 512 max_steps 96; seed 0; best-state read, batch 2048","2026-10-01","recomputed","hf://buckets/dan-pandori/nd-rl/best-state/artifacts/bs/eval/T1_best12_s1__tb72.jsonl","textbook72|k16|T0.8|lean_only"
"best-9.56M-cap12","la_T1_best12_s2_r8","9.56M","lean_staten","scratch","K12 155k","12","T1","2","textbook72","72","pass_at_k_expected_solved","16","0.8","43.926","lean_only","fork lean_judge (Lean 4.34 alone); state_eval in-env sampling, max_action 512 max_steps 96; seed 0; best-state read, batch 2048","2026-10-01","recomputed","hf://buckets/dan-pandori/nd-rl/best-state/artifacts/bs/eval/T1_best12_s2__tb72.jsonl","textbook72|k16|T0.8|lean_only"
"best-9.56M-cap12","stage1_best12_s0_b1200","9.56M","lean_staten","scratch","K12 155k","12","frozen","0","textbook72","72","pass_at_k_expected_solved","16","0.8","21.143","lean_only","fork lean_judge (Lean 4.34 alone); state_eval in-env sampling, max_action 512 max_steps 96; seed 0; best-state read, batch 2048","2026-09-30","recomputed","hf://buckets/dan-pandori/nd-rl/best-state/artifacts/bs/eval/Fz_best12_s0__tb72.jsonl","textbook72|k16|T0.8|lean_only"
"best-9.56M-cap12","stage1_best12_s1_b1200","9.56M","lean_staten","scratch","K12 155k","12","frozen","1","textbook72","72","pass_at_k_expected_solved","16","0.8","19.6","lean_only","fork lean_judge (Lean 4.34 alone); state_eval in-env sampling, max_action 512 max_steps 96; seed 0; best-state read, batch 2048","2026-09-30","recomputed","hf://buckets/dan-pandori/nd-rl/best-state/artifacts/bs/eval/Fz_best12_s1__tb72.jsonl","textbook72|k16|T0.8|lean_only"
"best-9.56M-cap12","stage1_best12_s2_b1200","9.56M","lean_staten","scratch","K12 155k","12","frozen","2","textbook72","72","pass_at_k_expected_solved","16","0.8","21.304","lean_only","fork lean_judge (Lean 4.34 alone); state_eval in-env sampling, max_action 512 max_steps 96; seed 0; best-state read, batch 2048","2026-09-30","recomputed","hf://buckets/dan-pandori/nd-rl/best-state/artifacts/bs/eval/Fz_best12_s2__tb72.jsonl","textbook72|k16|T0.8|lean_only"
"best-9.56M-cap12-trajectory","la_T1_best12_s0_r8","9.56M","lean_staten","scratch","K12 155k","12","T1","0","textbook72","72","pass_at_k_expected_solved","16","0.8","41.497","lean_only","fork lean_judge (Lean 4.34 alone); state_eval in-env sampling, max_action 512 max_steps 96; seed 0; sample seed x0","2026-10-01","recomputed","hf://buckets/dan-pandori/nd-rl/trajectory/artifacts/tj/eval/s0_r8__tb72_x0.jsonl","textbook72|k16|T0.8|lean_only"
"best-9.56M-cap12-trajectory","la_T1_best12_s1_r8","9.56M","lean_staten","scratch","K12 155k","12","T1","1","textbook72","72","pass_at_k_expected_solved","16","0.8","40.204","lean_only","fork lean_judge (Lean 4.34 alone); state_eval in-env sampling, max_action 512 max_steps 96; seed 0; sample seed x0","2026-10-01","recomputed","hf://buckets/dan-pandori/nd-rl/trajectory/artifacts/tj/eval/s1_r8__tb72_x0.jsonl","textbook72|k16|T0.8|lean_only"
"best-9.56M-cap12-trajectory","la_T1_best12_s2_r8","9.56M","lean_staten","scratch","K12 155k","12","T1","2","textbook72","72","pass_at_k_expected_solved","16","0.8","47.621","lean_only","fork lean_judge (Lean 4.34 alone); state_eval in-env sampling, max_action 512 max_steps 96; seed 0; sample seed x0","2026-10-01","recomputed","hf://buckets/dan-pandori/nd-rl/trajectory/artifacts/tj/eval/s2_r8__tb72_x0.jsonl","textbook72|k16|T0.8|lean_only"
"best-9.56M-cap12-trajectory","la_T1_best12_s0_p12000 r8","9.56M","lean_staten","scratch","K12 155k","12","T1-from-p12000","0","textbook72","72","pass_at_k_expected_solved","16","0.8","36.168","lean_only","fork lean_judge (Lean 4.34 alone); state_eval in-env sampling, max_action 512 max_steps 96; seed 1; sample seed x1","2026-10-02","recomputed","hf://buckets/dan-pandori/nd-rl/rl-from-ckpt/artifacts/rfc/eval/s0_p12000_r8__tb72_x1.jsonl","textbook72|k16|T0.8|lean_only"
"best-9.56M-cap12-trajectory","la_T1_best12_s1_p12000 r8","9.56M","lean_staten","scratch","K12 155k","12","T1-from-p12000","1","textbook72","72","pass_at_k_expected_solved","16","0.8","36.485","lean_only","fork lean_judge (Lean 4.34 alone); state_eval in-env sampling, max_action 512 max_steps 96; seed 1; sample seed x1","2026-10-02","recomputed","hf://buckets/dan-pandori/nd-rl/rl-from-ckpt/artifacts/rfc/eval/s1_p12000_r8__tb72_x1.jsonl","textbook72|k16|T0.8|lean_only"
"best-9.56M-cap12-trajectory","la_T1_best12_s2_p12000 r8","9.56M","lean_staten","scratch","K12 155k","12","T1-from-p12000","2","textbook72","72","pass_at_k_expected_solved","16","0.8","38.598","lean_only","fork lean_judge (Lean 4.34 alone); state_eval in-env sampling, max_action 512 max_steps 96; seed 1; sample seed x1","2026-10-02","recomputed","hf://buckets/dan-pandori/nd-rl/rl-from-ckpt/artifacts/rfc/eval/s2_p12000_r8__tb72_x1.jsonl","textbook72|k16|T0.8|lean_only"
"best-9.56M-cap12-trajectory","la_T1_best12_s0_p1600 r8","9.56M","lean_staten","scratch","K12 155k","12","T1-from-p1600","0","textbook72","72","pass_at_k_expected_solved","16","0.8","29.298","lean_only","fork lean_judge (Lean 4.34 alone); state_eval in-env sampling, max_action 512 max_steps 96; seed 1; sample seed x1","2026-10-02","recomputed","hf://buckets/dan-pandori/nd-rl/rl-from-ckpt/artifacts/rfc/eval/s0_p1600_r8__tb72_x1.jsonl","textbook72|k16|T0.8|lean_only"
"best-9.56M-cap12-trajectory","la_T1_best12_s1_p1600 r8","9.56M","lean_staten","scratch","K12 155k","12","T1-from-p1600","1","textbook72","72","pass_at_k_expected_solved","16","0.8","25.744","lean_only","fork lean_judge (Lean 4.34 alone); state_eval in-env sampling, max_action 512 max_steps 96; seed 1; sample seed x1","2026-10-02","recomputed","hf://buckets/dan-pandori/nd-rl/rl-from-ckpt/artifacts/rfc/eval/s1_p1600_r8__tb72_x1.jsonl","textbook72|k16|T0.8|lean_only"
"best-9.56M-cap12-trajectory","la_T1_best12_s2_p1600 r8","9.56M","lean_staten","scratch","K12 155k","12","T1-from-p1600","2","textbook72","72","pass_at_k_expected_solved","16","0.8","29.497","lean_only","fork lean_judge (Lean 4.34 alone); state_eval in-env sampling, max_action 512 max_steps 96; seed 1; sample seed x1","2026-10-02","recomputed","hf://buckets/dan-pandori/nd-rl/rl-from-ckpt/artifacts/rfc/eval/s2_p1600_r8__tb72_x1.jsonl","textbook72|k16|T0.8|lean_only"
"best-9.56M-cap12-trajectory","la_T1_best12_s0_p16000 r8","9.56M","lean_staten","scratch","K12 155k","12","T1-from-p16000","0","textbook72","72","pass_at_k_expected_solved","16","0.8","41.872","lean_only","fork lean_judge (Lean 4.34 alone); state_eval in-env sampling, max_action 512 max_steps 96; seed 1; sample seed x1","2026-10-02","recomputed","hf://buckets/dan-pandori/nd-rl/rl-from-ckpt/artifacts/rfc/eval/s0_p16000_r8__tb72_x1.jsonl","textbook72|k16|T0.8|lean_only"
"best-9.56M-cap12-trajectory","la_T1_best12_s1_p16000 r8","9.56M","lean_staten","scratch","K12 155k","12","T1-from-p16000","1","textbook72","72","pass_at_k_expected_solved","16","0.8","37.635","lean_only","fork lean_judge (Lean 4.34 alone); state_eval in-env sampling, max_action 512 max_steps 96; seed 1; sample seed x1","2026-10-02","recomputed","hf://buckets/dan-pandori/nd-rl/rl-from-ckpt/artifacts/rfc/eval/s1_p16000_r8__tb72_x1.jsonl","textbook72|k16|T0.8|lean_only"
"best-9.56M-cap12-trajectory","la_T1_best12_s2_p16000 r8","9.56M","lean_staten","scratch","K12 155k","12","T1-from-p16000","2","textbook72","72","pass_at_k_expected_solved","16","0.8","41.808","lean_only","fork lean_judge (Lean 4.34 alone); state_eval in-env sampling, max_action 512 max_steps 96; seed 1; sample seed x1","2026-10-02","recomputed","hf://buckets/dan-pandori/nd-rl/rl-from-ckpt/artifacts/rfc/eval/s2_p16000_r8__tb72_x1.jsonl","textbook72|k16|T0.8|lean_only"
"best-9.56M-cap12-trajectory","la_T1_best12_s0_p5000 r8","9.56M","lean_staten","scratch","K12 155k","12","T1-from-p5000","0","textbook72","72","pass_at_k_expected_solved","16","0.8","38.427","lean_only","fork lean_judge (Lean 4.34 alone); state_eval in-env sampling, max_action 512 max_steps 96; seed 1; sample seed x1","2026-10-02","recomputed","hf://buckets/dan-pandori/nd-rl/rl-from-ckpt/artifacts/rfc/eval/s0_p5000_r8__tb72_x1.jsonl","textbook72|k16|T0.8|lean_only"
"best-9.56M-cap12-trajectory","la_T1_best12_s1_p5000 r8","9.56M","lean_staten","scratch","K12 155k","12","T1-from-p5000","1","textbook72","72","pass_at_k_expected_solved","16","0.8","36.244","lean_only","fork lean_judge (Lean 4.34 alone); state_eval in-env sampling, max_action 512 max_steps 96; seed 1; sample seed x1","2026-10-02","recomputed","hf://buckets/dan-pandori/nd-rl/rl-from-ckpt/artifacts/rfc/eval/s1_p5000_r8__tb72_x1.jsonl","textbook72|k16|T0.8|lean_only"
"best-9.56M-cap12-trajectory","la_T1_best12_s2_p5000 r8","9.56M","lean_staten","scratch","K12 155k","12","T1-from-p5000","2","textbook72","72","pass_at_k_expected_solved","16","0.8","38.936","lean_only","fork lean_judge (Lean 4.34 alone); state_eval in-env sampling, max_action 512 max_steps 96; seed 1; sample seed x1","2026-10-02","recomputed","hf://buckets/dan-pandori/nd-rl/rl-from-ckpt/artifacts/rfc/eval/s2_p5000_r8__tb72_x1.jsonl","textbook72|k16|T0.8|lean_only"
"best-9.56M-cap12-trajectory","stage1_best12_s0_p0","9.56M","lean_staten","scratch","K12 155k","12","frozen@p0","0","textbook72","72","pass_at_k_expected_solved","16","0.8","0.0","lean_only","fork lean_judge (Lean 4.34 alone); state_eval in-env sampling, max_action 512 max_steps 96; seed 0; sample seed x0","","recomputed","hf://buckets/dan-pandori/nd-rl/trajectory/artifacts/tj/eval/s0_p0__tb72_x0.jsonl","textbook72|k16|T0.8|lean_only"
"best-9.56M-cap12-trajectory","stage1_best12_s1_p0","9.56M","lean_staten","scratch","K12 155k","12","frozen@p0","1","textbook72","72","pass_at_k_expected_solved","16","0.8","0.0","lean_only","fork lean_judge (Lean 4.34 alone); state_eval in-env sampling, max_action 512 max_steps 96; seed 0; sample seed x0","","recomputed","hf://buckets/dan-pandori/nd-rl/trajectory/artifacts/tj/eval/s1_p0__tb72_x0.jsonl","textbook72|k16|T0.8|lean_only"
"best-9.56M-cap12-trajectory","stage1_best12_s2_p0","9.56M","lean_staten","scratch","K12 155k","12","frozen@p0","2","textbook72","72","pass_at_k_expected_solved","16","0.8","0.0","lean_only","fork lean_judge (Lean 4.34 alone); state_eval in-env sampling, max_action 512 max_steps 96; seed 0; sample seed x0","","recomputed","hf://buckets/dan-pandori/nd-rl/trajectory/artifacts/tj/eval/s2_p0__tb72_x0.jsonl","textbook72|k16|T0.8|lean_only"
"best-9.56M-cap12-trajectory","stage1_best12_s0_p100","9.56M","lean_staten","scratch","K12 155k","12","frozen@p100","0","textbook72","72","pass_at_k_expected_solved","16","0.8","0.0","lean_only","fork lean_judge (Lean 4.34 alone); state_eval in-env sampling, max_action 512 max_steps 96; seed 0; sample seed x0","","recomputed","hf://buckets/dan-pandori/nd-rl/trajectory/artifacts/tj/eval/s0_p100__tb72_x0.jsonl","textbook72|k16|T0.8|lean_only"
"best-9.56M-cap12-trajectory","stage1_best12_s1_p100","9.56M","lean_staten","scratch","K12 155k","12","frozen@p100","1","textbook72","72","pass_at_k_expected_solved","16","0.8","0.0","lean_only","fork lean_judge (Lean 4.34 alone); state_eval in-env sampling, max_action 512 max_steps 96; seed 0; sample seed x0","","recomputed","hf://buckets/dan-pandori/nd-rl/trajectory/artifacts/tj/eval/s1_p100__tb72_x0.jsonl","textbook72|k16|T0.8|lean_only"
"best-9.56M-cap12-trajectory","stage1_best12_s2_p100","9.56M","lean_staten","scratch","K12 155k","12","frozen@p100","2","textbook72","72","pass_at_k_expected_solved","16","0.8","0.0","lean_only","fork lean_judge (Lean 4.34 alone); state_eval in-env sampling, max_action 512 max_steps 96; seed 0; sample seed x0","","recomputed","hf://buckets/dan-pandori/nd-rl/trajectory/artifacts/tj/eval/s2_p100__tb72_x0.jsonl","textbook72|k16|T0.8|lean_only"
"best-9.56M-cap12-trajectory","stage1_best12_s0_p12000","9.56M","lean_staten","scratch","K12 155k","12","frozen@p12000","0","textbook72","72","pass_at_k_expected_solved","16","0.8","15.747","lean_only","fork lean_judge (Lean 4.34 alone); state_eval in-env sampling, max_action 512 max_steps 96; seed 0; sample seed x0","","recomputed","hf://buckets/dan-pandori/nd-rl/trajectory/artifacts/tj/eval/s0_p12000__tb72_x0.jsonl","textbook72|k16|T0.8|lean_only"
"best-9.56M-cap12-trajectory","stage1_best12_s1_p12000","9.56M","lean_staten","scratch","K12 155k","12","frozen@p12000","1","textbook72","72","pass_at_k_expected_solved","16","0.8","13.852","lean_only","fork lean_judge (Lean 4.34 alone); state_eval in-env sampling, max_action 512 max_steps 96; seed 0; sample seed x0","","recomputed","hf://buckets/dan-pandori/nd-rl/trajectory/artifacts/tj/eval/s1_p12000__tb72_x0.jsonl","textbook72|k16|T0.8|lean_only"
"best-9.56M-cap12-trajectory","stage1_best12_s2_p12000","9.56M","lean_staten","scratch","K12 155k","12","frozen@p12000","2","textbook72","72","pass_at_k_expected_solved","16","0.8","13.462","lean_only","fork lean_judge (Lean 4.34 alone); state_eval in-env sampling, max_action 512 max_steps 96; seed 0; sample seed x0","","recomputed","hf://buckets/dan-pandori/nd-rl/trajectory/artifacts/tj/eval/s2_p12000__tb72_x0.jsonl","textbook72|k16|T0.8|lean_only"
"best-9.56M-cap12-trajectory","stage1_best12_s0_p1600","9.56M","lean_staten","scratch","K12 155k","12","frozen@p1600","0","textbook72","72","pass_at_k_expected_solved","16","0.8","8.773","lean_only","fork lean_judge (Lean 4.34 alone); state_eval in-env sampling, max_action 512 max_steps 96; seed 0; sample seed x0","","recomputed","hf://buckets/dan-pandori/nd-rl/trajectory/artifacts/tj/eval/s0_p1600__tb72_x0.jsonl","textbook72|k16|T0.8|lean_only"
"best-9.56M-cap12-trajectory","stage1_best12_s1_p1600","9.56M","lean_staten","scratch","K12 155k","12","frozen@p1600","1","textbook72","72","pass_at_k_expected_solved","16","0.8","8.374","lean_only","fork lean_judge (Lean 4.34 alone); state_eval in-env sampling, max_action 512 max_steps 96; seed 0; sample seed x0","","recomputed","hf://buckets/dan-pandori/nd-rl/trajectory/artifacts/tj/eval/s1_p1600__tb72_x0.jsonl","textbook72|k16|T0.8|lean_only"
"best-9.56M-cap12-trajectory","stage1_best12_s2_p1600","9.56M","lean_staten","scratch","K12 155k","12","frozen@p1600","2","textbook72","72","pass_at_k_expected_solved","16","0.8","9.595","lean_only","fork lean_judge (Lean 4.34 alone); state_eval in-env sampling, max_action 512 max_steps 96; seed 0; sample seed x0","","recomputed","hf://buckets/dan-pandori/nd-rl/trajectory/artifacts/tj/eval/s2_p1600__tb72_x0.jsonl","textbook72|k16|T0.8|lean_only"
"best-9.56M-cap12-trajectory","stage1_best12_s0_p16000","9.56M","lean_staten","scratch","K12 155k","12","frozen@p16000","0","textbook72","72","pass_at_k_expected_solved","16","0.8","18.211","lean_only","fork lean_judge (Lean 4.34 alone); state_eval in-env sampling, max_action 512 max_steps 96; seed 0; sample seed x0","2026-10-01","recomputed","hf://buckets/dan-pandori/nd-rl/trajectory/artifacts/tj/eval/s0_p16000__tb72_x0.jsonl","textbook72|k16|T0.8|lean_only"
"best-9.56M-cap12-trajectory","stage1_best12_s1_p16000","9.56M","lean_staten","scratch","K12 155k","12","frozen@p16000","1","textbook72","72","pass_at_k_expected_solved","16","0.8","22.673","lean_only","fork lean_judge (Lean 4.34 alone); state_eval in-env sampling, max_action 512 max_steps 96; seed 0; sample seed x0","","recomputed","hf://buckets/dan-pandori/nd-rl/trajectory/artifacts/tj/eval/s1_p16000__tb72_x0.jsonl","textbook72|k16|T0.8|lean_only"
"best-9.56M-cap12-trajectory","stage1_best12_s2_p16000","9.56M","lean_staten","scratch","K12 155k","12","frozen@p16000","2","textbook72","72","pass_at_k_expected_solved","16","0.8","21.004","lean_only","fork lean_judge (Lean 4.34 alone); state_eval in-env sampling, max_action 512 max_steps 96; seed 0; sample seed x0","","recomputed","hf://buckets/dan-pandori/nd-rl/trajectory/artifacts/tj/eval/s2_p16000__tb72_x0.jsonl","textbook72|k16|T0.8|lean_only"
"best-9.56M-cap12-trajectory","stage1_best12_s0_p200","9.56M","lean_staten","scratch","K12 155k","12","frozen@p200","0","textbook72","72","pass_at_k_expected_solved","16","0.8","0.324","lean_only","fork lean_judge (Lean 4.34 alone); state_eval in-env sampling, max_action 512 max_steps 96; seed 0; sample seed x0","","recomputed","hf://buckets/dan-pandori/nd-rl/trajectory/artifacts/tj/eval/s0_p200__tb72_x0.jsonl","textbook72|k16|T0.8|lean_only"
"best-9.56M-cap12-trajectory","stage1_best12_s1_p200","9.56M","lean_staten","scratch","K12 155k","12","frozen@p200","1","textbook72","72","pass_at_k_expected_solved","16","0.8","0.691","lean_only","fork lean_judge (Lean 4.34 alone); state_eval in-env sampling, max_action 512 max_steps 96; seed 0; sample seed x0","","recomputed","hf://buckets/dan-pandori/nd-rl/trajectory/artifacts/tj/eval/s1_p200__tb72_x0.jsonl","textbook72|k16|T0.8|lean_only"
"best-9.56M-cap12-trajectory","stage1_best12_s2_p200","9.56M","lean_staten","scratch","K12 155k","12","frozen@p200","2","textbook72","72","pass_at_k_expected_solved","16","0.8","0.125","lean_only","fork lean_judge (Lean 4.34 alone); state_eval in-env sampling, max_action 512 max_steps 96; seed 0; sample seed x0","","recomputed","hf://buckets/dan-pandori/nd-rl/trajectory/artifacts/tj/eval/s2_p200__tb72_x0.jsonl","textbook72|k16|T0.8|lean_only"
"best-9.56M-cap12-trajectory","stage1_best12_s0_p20000","9.56M","lean_staten","scratch","K12 155k","12","frozen@p20000","0","textbook72","72","pass_at_k_expected_solved","16","0.8","19.552","lean_only","fork lean_judge (Lean 4.34 alone); state_eval in-env sampling, max_action 512 max_steps 96; seed 0; sample seed x0","","recomputed","hf://buckets/dan-pandori/nd-rl/trajectory/artifacts/tj/eval/s0_p20000__tb72_x0.jsonl","textbook72|k16|T0.8|lean_only"
"best-9.56M-cap12-trajectory","stage1_best12_s1_p20000","9.56M","lean_staten","scratch","K12 155k","12","frozen@p20000","1","textbook72","72","pass_at_k_expected_solved","16","0.8","19.924","lean_only","fork lean_judge (Lean 4.34 alone); state_eval in-env sampling, max_action 512 max_steps 96; seed 0; sample seed x0","","recomputed","hf://buckets/dan-pandori/nd-rl/trajectory/artifacts/tj/eval/s1_p20000__tb72_x0.jsonl","textbook72|k16|T0.8|lean_only"
"best-9.56M-cap12-trajectory","stage1_best12_s2_p20000","9.56M","lean_staten","scratch","K12 155k","12","frozen@p20000","2","textbook72","72","pass_at_k_expected_solved","16","0.8","18.264","lean_only","fork lean_judge (Lean 4.34 alone); state_eval in-env sampling, max_action 512 max_steps 96; seed 0; sample seed x0","","recomputed","hf://buckets/dan-pandori/nd-rl/trajectory/artifacts/tj/eval/s2_p20000__tb72_x0.jsonl","textbook72|k16|T0.8|lean_only"
"best-9.56M-cap12-trajectory","stage1_best12_s0_p3000","9.56M","lean_staten","scratch","K12 155k","12","frozen@p3000","0","textbook72","72","pass_at_k_expected_solved","16","0.8","10.754","lean_only","fork lean_judge (Lean 4.34 alone); state_eval in-env sampling, max_action 512 max_steps 96; seed 0; sample seed x0","","recomputed","hf://buckets/dan-pandori/nd-rl/trajectory/artifacts/tj/eval/s0_p3000__tb72_x0.jsonl","textbook72|k16|T0.8|lean_only"
"best-9.56M-cap12-trajectory","stage1_best12_s1_p3000","9.56M","lean_staten","scratch","K12 155k","12","frozen@p3000","1","textbook72","72","pass_at_k_expected_solved","16","0.8","9.48","lean_only","fork lean_judge (Lean 4.34 alone); state_eval in-env sampling, max_action 512 max_steps 96; seed 0; sample seed x0","","recomputed","hf://buckets/dan-pandori/nd-rl/trajectory/artifacts/tj/eval/s1_p3000__tb72_x0.jsonl","textbook72|k16|T0.8|lean_only"
"best-9.56M-cap12-trajectory","stage1_best12_s2_p3000","9.56M","lean_staten","scratch","K12 155k","12","frozen@p3000","2","textbook72","72","pass_at_k_expected_solved","16","0.8","11.645","lean_only","fork lean_judge (Lean 4.34 alone); state_eval in-env sampling, max_action 512 max_steps 96; seed 0; sample seed x0","","recomputed","hf://buckets/dan-pandori/nd-rl/trajectory/artifacts/tj/eval/s2_p3000__tb72_x0.jsonl","textbook72|k16|T0.8|lean_only"
"best-9.56M-cap12-trajectory","stage1_best12_s0_p400","9.56M","lean_staten","scratch","K12 155k","12","frozen@p400","0","textbook72","72","pass_at_k_expected_solved","16","0.8","3.894","lean_only","fork lean_judge (Lean 4.34 alone); state_eval in-env sampling, max_action 512 max_steps 96; seed 0; sample seed x0","","recomputed","hf://buckets/dan-pandori/nd-rl/trajectory/artifacts/tj/eval/s0_p400__tb72_x0.jsonl","textbook72|k16|T0.8|lean_only"
"best-9.56M-cap12-trajectory","stage1_best12_s1_p400","9.56M","lean_staten","scratch","K12 155k","12","frozen@p400","1","textbook72","72","pass_at_k_expected_solved","16","0.8","5.48","lean_only","fork lean_judge (Lean 4.34 alone); state_eval in-env sampling, max_action 512 max_steps 96; seed 0; sample seed x0","","recomputed","hf://buckets/dan-pandori/nd-rl/trajectory/artifacts/tj/eval/s1_p400__tb72_x0.jsonl","textbook72|k16|T0.8|lean_only"
"best-9.56M-cap12-trajectory","stage1_best12_s2_p400","9.56M","lean_staten","scratch","K12 155k","12","frozen@p400","2","textbook72","72","pass_at_k_expected_solved","16","0.8","3.942","lean_only","fork lean_judge (Lean 4.34 alone); state_eval in-env sampling, max_action 512 max_steps 96; seed 0; sample seed x0","","recomputed","hf://buckets/dan-pandori/nd-rl/trajectory/artifacts/tj/eval/s2_p400__tb72_x0.jsonl","textbook72|k16|T0.8|lean_only"
"best-9.56M-cap12-trajectory","stage1_best12_s0_p50","9.56M","lean_staten","scratch","K12 155k","12","frozen@p50","0","textbook72","72","pass_at_k_expected_solved","16","0.8","0.0","lean_only","fork lean_judge (Lean 4.34 alone); state_eval in-env sampling, max_action 512 max_steps 96; seed 0; sample seed x0","","recomputed","hf://buckets/dan-pandori/nd-rl/trajectory/artifacts/tj/eval/s0_p50__tb72_x0.jsonl","textbook72|k16|T0.8|lean_only"
"best-9.56M-cap12-trajectory","stage1_best12_s1_p50","9.56M","lean_staten","scratch","K12 155k","12","frozen@p50","1","textbook72","72","pass_at_k_expected_solved","16","0.8","0.0","lean_only","fork lean_judge (Lean 4.34 alone); state_eval in-env sampling, max_action 512 max_steps 96; seed 0; sample seed x0","","recomputed","hf://buckets/dan-pandori/nd-rl/trajectory/artifacts/tj/eval/s1_p50__tb72_x0.jsonl","textbook72|k16|T0.8|lean_only"
"best-9.56M-cap12-trajectory","stage1_best12_s2_p50","9.56M","lean_staten","scratch","K12 155k","12","frozen@p50","2","textbook72","72","pass_at_k_expected_solved","16","0.8","0.0","lean_only","fork lean_judge (Lean 4.34 alone); state_eval in-env sampling, max_action 512 max_steps 96; seed 0; sample seed x0","","recomputed","hf://buckets/dan-pandori/nd-rl/trajectory/artifacts/tj/eval/s2_p50__tb72_x0.jsonl","textbook72|k16|T0.8|lean_only"
"best-9.56M-cap12-trajectory","stage1_best12_s0_p5000","9.56M","lean_staten","scratch","K12 155k","12","frozen@p5000","0","textbook72","72","pass_at_k_expected_solved","16","0.8","12.896","lean_only","fork lean_judge (Lean 4.34 alone); state_eval in-env sampling, max_action 512 max_steps 96; seed 0; sample seed x0","","recomputed","hf://buckets/dan-pandori/nd-rl/trajectory/artifacts/tj/eval/s0_p5000__tb72_x0.jsonl","textbook72|k16|T0.8|lean_only"
"best-9.56M-cap12-trajectory","stage1_best12_s1_p5000","9.56M","lean_staten","scratch","K12 155k","12","frozen@p5000","1","textbook72","72","pass_at_k_expected_solved","16","0.8","13.939","lean_only","fork lean_judge (Lean 4.34 alone); state_eval in-env sampling, max_action 512 max_steps 96; seed 0; sample seed x0","","recomputed","hf://buckets/dan-pandori/nd-rl/trajectory/artifacts/tj/eval/s1_p5000__tb72_x0.jsonl","textbook72|k16|T0.8|lean_only"
"best-9.56M-cap12-trajectory","stage1_best12_s2_p5000","9.56M","lean_staten","scratch","K12 155k","12","frozen@p5000","2","textbook72","72","pass_at_k_expected_solved","16","0.8","12.0","lean_only","fork lean_judge (Lean 4.34 alone); state_eval in-env sampling, max_action 512 max_steps 96; seed 0; sample seed x0","","recomputed","hf://buckets/dan-pandori/nd-rl/trajectory/artifacts/tj/eval/s2_p5000__tb72_x0.jsonl","textbook72|k16|T0.8|lean_only"
"best-9.56M-cap12-trajectory","stage1_best12_s0_p800","9.56M","lean_staten","scratch","K12 155k","12","frozen@p800","0","textbook72","72","pass_at_k_expected_solved","16","0.8","7.052","lean_only","fork lean_judge (Lean 4.34 alone); state_eval in-env sampling, max_action 512 max_steps 96; seed 0; sample seed x0","","recomputed","hf://buckets/dan-pandori/nd-rl/trajectory/artifacts/tj/eval/s0_p800__tb72_x0.jsonl","textbook72|k16|T0.8|lean_only"
"best-9.56M-cap12-trajectory","stage1_best12_s1_p800","9.56M","lean_staten","scratch","K12 155k","12","frozen@p800","1","textbook72","72","pass_at_k_expected_solved","16","0.8","7.739","lean_only","fork lean_judge (Lean 4.34 alone); state_eval in-env sampling, max_action 512 max_steps 96; seed 0; sample seed x0","","recomputed","hf://buckets/dan-pandori/nd-rl/trajectory/artifacts/tj/eval/s1_p800__tb72_x0.jsonl","textbook72|k16|T0.8|lean_only"
"best-9.56M-cap12-trajectory","stage1_best12_s2_p800","9.56M","lean_staten","scratch","K12 155k","12","frozen@p800","2","textbook72","72","pass_at_k_expected_solved","16","0.8","7.172","lean_only","fork lean_judge (Lean 4.34 alone); state_eval in-env sampling, max_action 512 max_steps 96; seed 0; sample seed x0","","recomputed","hf://buckets/dan-pandori/nd-rl/trajectory/artifacts/tj/eval/s2_p800__tb72_x0.jsonl","textbook72|k16|T0.8|lean_only"
"best-9.56M-cap12-trajectory","stage1_best12_s0_p8000","9.56M","lean_staten","scratch","K12 155k","12","frozen@p8000","0","textbook72","72","pass_at_k_expected_solved","16","0.8","14.909","lean_only","fork lean_judge (Lean 4.34 alone); state_eval in-env sampling, max_action 512 max_steps 96; seed 0; sample seed x0","","recomputed","hf://buckets/dan-pandori/nd-rl/trajectory/artifacts/tj/eval/s0_p8000__tb72_x0.jsonl","textbook72|k16|T0.8|lean_only"
"best-9.56M-cap12-trajectory","stage1_best12_s1_p8000","9.56M","lean_staten","scratch","K12 155k","12","frozen@p8000","1","textbook72","72","pass_at_k_expected_solved","16","0.8","15.357","lean_only","fork lean_judge (Lean 4.34 alone); state_eval in-env sampling, max_action 512 max_steps 96; seed 0; sample seed x0","","recomputed","hf://buckets/dan-pandori/nd-rl/trajectory/artifacts/tj/eval/s1_p8000__tb72_x0.jsonl","textbook72|k16|T0.8|lean_only"
"best-9.56M-cap12-trajectory","stage1_best12_s2_p8000","9.56M","lean_staten","scratch","K12 155k","12","frozen@p8000","2","textbook72","72","pass_at_k_expected_solved","16","0.8","14.304","lean_only","fork lean_judge (Lean 4.34 alone); state_eval in-env sampling, max_action 512 max_steps 96; seed 0; sample seed x0","","recomputed","hf://buckets/dan-pandori/nd-rl/trajectory/artifacts/tj/eval/s2_p8000__tb72_x0.jsonl","textbook72|k16|T0.8|lean_only"
"best-9.56M-cap12-trajectory","stage1_best12_s0_pend","9.56M","lean_staten","scratch","K12 155k","12","frozen@pend","0","textbook72","72","pass_at_k_expected_solved","16","0.8","22.785","lean_only","fork lean_judge (Lean 4.34 alone); state_eval in-env sampling, max_action 512 max_steps 96; seed 0; sample seed x0","2026-10-01","recomputed","hf://buckets/dan-pandori/nd-rl/trajectory/artifacts/tj/eval/s0_pend__tb72_x0.jsonl","textbook72|k16|T0.8|lean_only"
"best-9.56M-cap12-trajectory","stage1_best12_s1_pend","9.56M","lean_staten","scratch","K12 155k","12","frozen@pend","1","textbook72","72","pass_at_k_expected_solved","16","0.8","21.725","lean_only","fork lean_judge (Lean 4.34 alone); state_eval in-env sampling, max_action 512 max_steps 96; seed 0; sample seed x0","2026-10-01","recomputed","hf://buckets/dan-pandori/nd-rl/trajectory/artifacts/tj/eval/s1_pend__tb72_x0.jsonl","textbook72|k16|T0.8|lean_only"
"best-9.56M-cap12-trajectory","stage1_best12_s2_pend","9.56M","lean_staten","scratch","K12 155k","12","frozen@pend","2","textbook72","72","pass_at_k_expected_solved","16","0.8","26.429","lean_only","fork lean_judge (Lean 4.34 alone); state_eval in-env sampling, max_action 512 max_steps 96; seed 0; sample seed x0","2026-10-01","recomputed","hf://buckets/dan-pandori/nd-rl/trajectory/artifacts/tj/eval/s2_pend__tb72_x0.jsonl","textbook72|k16|T0.8|lean_only"
"best-9.56M-cap12-trajectory","rc_best12_s0_p12000 r8","9.56M","lean_staten","scratch","K12 155k","12","replay-only-from-p12000","0","textbook72","72","pass_at_k_expected_solved","16","0.8","26.985","lean_only","fork lean_judge (Lean 4.34 alone); state_eval in-env sampling, max_action 512 max_steps 96; seed 1; sample seed x1","2026-10-02","recomputed","hf://buckets/dan-pandori/nd-rl/rl-from-ckpt/artifacts/rfc/eval/c0_p12000_r8__tb72_x1.jsonl","textbook72|k16|T0.8|lean_only"
"best-9.56M-cap12-trajectory","rc_best12_s1_p12000 r8","9.56M","lean_staten","scratch","K12 155k","12","replay-only-from-p12000","1","textbook72","72","pass_at_k_expected_solved","16","0.8","26.982","lean_only","fork lean_judge (Lean 4.34 alone); state_eval in-env sampling, max_action 512 max_steps 96; seed 1; sample seed x1","2026-10-02","recomputed","hf://buckets/dan-pandori/nd-rl/rl-from-ckpt/artifacts/rfc/eval/c1_p12000_r8__tb72_x1.jsonl","textbook72|k16|T0.8|lean_only"
"best-9.56M-cap12-trajectory","rc_best12_s2_p12000 r8","9.56M","lean_staten","scratch","K12 155k","12","replay-only-from-p12000","2","textbook72","72","pass_at_k_expected_solved","16","0.8","29.06","lean_only","fork lean_judge (Lean 4.34 alone); state_eval in-env sampling, max_action 512 max_steps 96; seed 1; sample seed x1","2026-10-02","recomputed","hf://buckets/dan-pandori/nd-rl/rl-from-ckpt/artifacts/rfc/eval/c2_p12000_r8__tb72_x1.jsonl","textbook72|k16|T0.8|lean_only"
"best-9.56M-cap12-trajectory","rc_best12_s0_p1600 r8","9.56M","lean_staten","scratch","K12 155k","12","replay-only-from-p1600","0","textbook72","72","pass_at_k_expected_solved","16","0.8","25.366","lean_only","fork lean_judge (Lean 4.34 alone); state_eval in-env sampling, max_action 512 max_steps 96; seed 1; sample seed x1","2026-10-02","recomputed","hf://buckets/dan-pandori/nd-rl/rl-from-ckpt/artifacts/rfc/eval/c0_p1600_r8__tb72_x1.jsonl","textbook72|k16|T0.8|lean_only"
"best-9.56M-cap12-trajectory","rc_best12_s1_p1600 r8","9.56M","lean_staten","scratch","K12 155k","12","replay-only-from-p1600","1","textbook72","72","pass_at_k_expected_solved","16","0.8","20.024","lean_only","fork lean_judge (Lean 4.34 alone); state_eval in-env sampling, max_action 512 max_steps 96; seed 1; sample seed x1","2026-10-02","recomputed","hf://buckets/dan-pandori/nd-rl/rl-from-ckpt/artifacts/rfc/eval/c1_p1600_r8__tb72_x1.jsonl","textbook72|k16|T0.8|lean_only"
"best-9.56M-cap12-trajectory","rc_best12_s2_p1600 r8","9.56M","lean_staten","scratch","K12 155k","12","replay-only-from-p1600","2","textbook72","72","pass_at_k_expected_solved","16","0.8","23.73","lean_only","fork lean_judge (Lean 4.34 alone); state_eval in-env sampling, max_action 512 max_steps 96; seed 1; sample seed x1","2026-10-02","recomputed","hf://buckets/dan-pandori/nd-rl/rl-from-ckpt/artifacts/rfc/eval/c2_p1600_r8__tb72_x1.jsonl","textbook72|k16|T0.8|lean_only"
"best-9.56M-cap12-trajectory","rc_best12_s0_p16000 r8","9.56M","lean_staten","scratch","K12 155k","12","replay-only-from-p16000","0","textbook72","72","pass_at_k_expected_solved","16","0.8","29.591","lean_only","fork lean_judge (Lean 4.34 alone); state_eval in-env sampling, max_action 512 max_steps 96; seed 1; sample seed x1","2026-10-02","recomputed","hf://buckets/dan-pandori/nd-rl/rl-from-ckpt/artifacts/rfc/eval/c0_p16000_r8__tb72_x1.jsonl","textbook72|k16|T0.8|lean_only"
"best-9.56M-cap12-trajectory","rc_best12_s1_p16000 r8","9.56M","lean_staten","scratch","K12 155k","12","replay-only-from-p16000","1","textbook72","72","pass_at_k_expected_solved","16","0.8","26.471","lean_only","fork lean_judge (Lean 4.34 alone); state_eval in-env sampling, max_action 512 max_steps 96; seed 1; sample seed x1","2026-10-02","recomputed","hf://buckets/dan-pandori/nd-rl/rl-from-ckpt/artifacts/rfc/eval/c1_p16000_r8__tb72_x1.jsonl","textbook72|k16|T0.8|lean_only"
"best-9.56M-cap12-trajectory","rc_best12_s2_p16000 r8","9.56M","lean_staten","scratch","K12 155k","12","replay-only-from-p16000","2","textbook72","72","pass_at_k_expected_solved","16","0.8","31.806","lean_only","fork lean_judge (Lean 4.34 alone); state_eval in-env sampling, max_action 512 max_steps 96; seed 1; sample seed x1","2026-10-02","recomputed","hf://buckets/dan-pandori/nd-rl/rl-from-ckpt/artifacts/rfc/eval/c2_p16000_r8__tb72_x1.jsonl","textbook72|k16|T0.8|lean_only"
"best-9.56M-cap12-trajectory","rc_best12_s0_p5000 r8","9.56M","lean_staten","scratch","K12 155k","12","replay-only-from-p5000","0","textbook72","72","pass_at_k_expected_solved","16","0.8","22.03","lean_only","fork lean_judge (Lean 4.34 alone); state_eval in-env sampling, max_action 512 max_steps 96; seed 1; sample seed x1","2026-10-02","recomputed","hf://buckets/dan-pandori/nd-rl/rl-from-ckpt/artifacts/rfc/eval/c0_p5000_r8__tb72_x1.jsonl","textbook72|k16|T0.8|lean_only"
"best-9.56M-cap12-trajectory","rc_best12_s1_p5000 r8","9.56M","lean_staten","scratch","K12 155k","12","replay-only-from-p5000","1","textbook72","72","pass_at_k_expected_solved","16","0.8","21.507","lean_only","fork lean_judge (Lean 4.34 alone); state_eval in-env sampling, max_action 512 max_steps 96; seed 1; sample seed x1","2026-10-02","recomputed","hf://buckets/dan-pandori/nd-rl/rl-from-ckpt/artifacts/rfc/eval/c1_p5000_r8__tb72_x1.jsonl","textbook72|k16|T0.8|lean_only"
"best-9.56M-cap12-trajectory","rc_best12_s2_p5000 r8","9.56M","lean_staten","scratch","K12 155k","12","replay-only-from-p5000","2","textbook72","72","pass_at_k_expected_solved","16","0.8","26.663","lean_only","fork lean_judge (Lean 4.34 alone); state_eval in-env sampling, max_action 512 max_steps 96; seed 1; sample seed x1","2026-10-02","recomputed","hf://buckets/dan-pandori/nd-rl/rl-from-ckpt/artifacts/rfc/eval/c2_p5000_r8__tb72_x1.jsonl","textbook72|k16|T0.8|lean_only"
"best-9.56M-cap12-trajectory","rc_best12_s0_pend r8","9.56M","lean_staten","scratch","K12 155k","12","replay-only-from-pend","0","textbook72","72","pass_at_k_expected_solved","16","0.8","30.743","lean_only","fork lean_judge (Lean 4.34 alone); state_eval in-env sampling, max_action 512 max_steps 96; seed 1; sample seed x1","2026-10-02","recomputed","hf://buckets/dan-pandori/nd-rl/rl-from-ckpt/artifacts/rfc/eval/c0_pend_r8__tb72_x1.jsonl","textbook72|k16|T0.8|lean_only"
"best-9.56M-cap12-trajectory","rc_best12_s1_pend r8","9.56M","lean_staten","scratch","K12 155k","12","replay-only-from-pend","1","textbook72","72","pass_at_k_expected_solved","16","0.8","26.911","lean_only","fork lean_judge (Lean 4.34 alone); state_eval in-env sampling, max_action 512 max_steps 96; seed 1; sample seed x1","2026-10-02","recomputed","hf://buckets/dan-pandori/nd-rl/rl-from-ckpt/artifacts/rfc/eval/c1_pend_r8__tb72_x1.jsonl","textbook72|k16|T0.8|lean_only"
"best-9.56M-cap12-trajectory","rc_best12_s2_pend r8","9.56M","lean_staten","scratch","K12 155k","12","replay-only-from-pend","2","textbook72","72","pass_at_k_expected_solved","16","0.8","29.931","lean_only","fork lean_judge (Lean 4.34 alone); state_eval in-env sampling, max_action 512 max_steps 96; seed 1; sample seed x1","2026-10-02","recomputed","hf://buckets/dan-pandori/nd-rl/rl-from-ckpt/artifacts/rfc/eval/c2_pend_r8__tb72_x1.jsonl","textbook72|k16|T0.8|lean_only"
"best-9.56M-cap12-trajectory","la_T1_best12_s0_r1","9.56M","lean_staten","scratch","K12 155k","12","rl1","0","textbook72","72","pass_at_k_expected_solved","16","0.8","33.552","lean_only","fork lean_judge (Lean 4.34 alone); state_eval in-env sampling, max_action 512 max_steps 96; seed 0; sample seed x0","2026-10-01","recomputed","hf://buckets/dan-pandori/nd-rl/trajectory/artifacts/tj/eval/s0_r1__tb72_x0.jsonl","textbook72|k16|T0.8|lean_only"
"best-9.56M-cap12-trajectory","la_T1_best12_s1_r1","9.56M","lean_staten","scratch","K12 155k","12","rl1","1","textbook72","72","pass_at_k_expected_solved","16","0.8","31.746","lean_only","fork lean_judge (Lean 4.34 alone); state_eval in-env sampling, max_action 512 max_steps 96; seed 0; sample seed x0","2026-10-01","recomputed","hf://buckets/dan-pandori/nd-rl/trajectory/artifacts/tj/eval/s1_r1__tb72_x0.jsonl","textbook72|k16|T0.8|lean_only"
"best-9.56M-cap12-trajectory","la_T1_best12_s2_r1","9.56M","lean_staten","scratch","K12 155k","12","rl1","2","textbook72","72","pass_at_k_expected_solved","16","0.8","38.634","lean_only","fork lean_judge (Lean 4.34 alone); state_eval in-env sampling, max_action 512 max_steps 96; seed 0; sample seed x0","","recomputed","hf://buckets/dan-pandori/nd-rl/trajectory/artifacts/tj/eval/s2_r1__tb72_x0.jsonl","textbook72|k16|T0.8|lean_only"
"best-9.56M-cap12-trajectory","la_T1_best12_s0_r2","9.56M","lean_staten","scratch","K12 155k","12","rl2","0","textbook72","72","pass_at_k_expected_solved","16","0.8","36.085","lean_only","fork lean_judge (Lean 4.34 alone); state_eval in-env sampling, max_action 512 max_steps 96; seed 0; sample seed x0","2026-10-01","recomputed","hf://buckets/dan-pandori/nd-rl/trajectory/artifacts/tj/eval/s0_r2__tb72_x0.jsonl","textbook72|k16|T0.8|lean_only"
"best-9.56M-cap12-trajectory","la_T1_best12_s1_r2","9.56M","lean_staten","scratch","K12 155k","12","rl2","1","textbook72","72","pass_at_k_expected_solved","16","0.8","34.355","lean_only","fork lean_judge (Lean 4.34 alone); state_eval in-env sampling, max_action 512 max_steps 96; seed 0; sample seed x0","","recomputed","hf://buckets/dan-pandori/nd-rl/trajectory/artifacts/tj/eval/s1_r2__tb72_x0.jsonl","textbook72|k16|T0.8|lean_only"
"best-9.56M-cap12-trajectory","la_T1_best12_s2_r2","9.56M","lean_staten","scratch","K12 155k","12","rl2","2","textbook72","72","pass_at_k_expected_solved","16","0.8","41.494","lean_only","fork lean_judge (Lean 4.34 alone); state_eval in-env sampling, max_action 512 max_steps 96; seed 0; sample seed x0","","recomputed","hf://buckets/dan-pandori/nd-rl/trajectory/artifacts/tj/eval/s2_r2__tb72_x0.jsonl","textbook72|k16|T0.8|lean_only"
"best-9.56M-cap12-trajectory","la_T1_best12_s0_r3","9.56M","lean_staten","scratch","K12 155k","12","rl3","0","textbook72","72","pass_at_k_expected_solved","16","0.8","38.919","lean_only","fork lean_judge (Lean 4.34 alone); state_eval in-env sampling, max_action 512 max_steps 96; seed 0; sample seed x0","","recomputed","hf://buckets/dan-pandori/nd-rl/trajectory/artifacts/tj/eval/s0_r3__tb72_x0.jsonl","textbook72|k16|T0.8|lean_only"
"best-9.56M-cap12-trajectory","la_T1_best12_s1_r3","9.56M","lean_staten","scratch","K12 155k","12","rl3","1","textbook72","72","pass_at_k_expected_solved","16","0.8","35.331","lean_only","fork lean_judge (Lean 4.34 alone); state_eval in-env sampling, max_action 512 max_steps 96; seed 0; sample seed x0","","recomputed","hf://buckets/dan-pandori/nd-rl/trajectory/artifacts/tj/eval/s1_r3__tb72_x0.jsonl","textbook72|k16|T0.8|lean_only"
"best-9.56M-cap12-trajectory","la_T1_best12_s2_r3","9.56M","lean_staten","scratch","K12 155k","12","rl3","2","textbook72","72","pass_at_k_expected_solved","16","0.8","43.552","lean_only","fork lean_judge (Lean 4.34 alone); state_eval in-env sampling, max_action 512 max_steps 96; seed 0; sample seed x0","","recomputed","hf://buckets/dan-pandori/nd-rl/trajectory/artifacts/tj/eval/s2_r3__tb72_x0.jsonl","textbook72|k16|T0.8|lean_only"
"best-9.56M-cap12-trajectory","la_T1_best12_s0_r4","9.56M","lean_staten","scratch","K12 155k","12","rl4","0","textbook72","72","pass_at_k_expected_solved","16","0.8","39.856","lean_only","fork lean_judge (Lean 4.34 alone); state_eval in-env sampling, max_action 512 max_steps 96; seed 0; sample seed x0","","recomputed","hf://buckets/dan-pandori/nd-rl/trajectory/artifacts/tj/eval/s0_r4__tb72_x0.jsonl","textbook72|k16|T0.8|lean_only"
"best-9.56M-cap12-trajectory","la_T1_best12_s1_r4","9.56M","lean_staten","scratch","K12 155k","12","rl4","1","textbook72","72","pass_at_k_expected_solved","16","0.8","37.884","lean_only","fork lean_judge (Lean 4.34 alone); state_eval in-env sampling, max_action 512 max_steps 96; seed 0; sample seed x0","","recomputed","hf://buckets/dan-pandori/nd-rl/trajectory/artifacts/tj/eval/s1_r4__tb72_x0.jsonl","textbook72|k16|T0.8|lean_only"
"best-9.56M-cap12-trajectory","la_T1_best12_s2_r4","9.56M","lean_staten","scratch","K12 155k","12","rl4","2","textbook72","72","pass_at_k_expected_solved","16","0.8","46.662","lean_only","fork lean_judge (Lean 4.34 alone); state_eval in-env sampling, max_action 512 max_steps 96; seed 0; sample seed x0","","recomputed","hf://buckets/dan-pandori/nd-rl/trajectory/artifacts/tj/eval/s2_r4__tb72_x0.jsonl","textbook72|k16|T0.8|lean_only"
"best-9.56M-cap12-trajectory","la_T1_best12_s0_r5","9.56M","lean_staten","scratch","K12 155k","12","rl5","0","textbook72","72","pass_at_k_expected_solved","16","0.8","40.579","lean_only","fork lean_judge (Lean 4.34 alone); state_eval in-env sampling, max_action 512 max_steps 96; seed 0; sample seed x0","","recomputed","hf://buckets/dan-pandori/nd-rl/trajectory/artifacts/tj/eval/s0_r5__tb72_x0.jsonl","textbook72|k16|T0.8|lean_only"
"best-9.56M-cap12-trajectory","la_T1_best12_s1_r5","9.56M","lean_staten","scratch","K12 155k","12","rl5","1","textbook72","72","pass_at_k_expected_solved","16","0.8","37.525","lean_only","fork lean_judge (Lean 4.34 alone); state_eval in-env sampling, max_action 512 max_steps 96; seed 0; sample seed x0","","recomputed","hf://buckets/dan-pandori/nd-rl/trajectory/artifacts/tj/eval/s1_r5__tb72_x0.jsonl","textbook72|k16|T0.8|lean_only"
"best-9.56M-cap12-trajectory","la_T1_best12_s2_r5","9.56M","lean_staten","scratch","K12 155k","12","rl5","2","textbook72","72","pass_at_k_expected_solved","16","0.8","45.445","lean_only","fork lean_judge (Lean 4.34 alone); state_eval in-env sampling, max_action 512 max_steps 96; seed 0; sample seed x0","2026-10-01","recomputed","hf://buckets/dan-pandori/nd-rl/trajectory/artifacts/tj/eval/s2_r5__tb72_x0.jsonl","textbook72|k16|T0.8|lean_only"
"best-9.56M-cap12-trajectory","la_T1_best12_s0_r6","9.56M","lean_staten","scratch","K12 155k","12","rl6","0","textbook72","72","pass_at_k_expected_solved","16","0.8","41.714","lean_only","fork lean_judge (Lean 4.34 alone); state_eval in-env sampling, max_action 512 max_steps 96; seed 0; sample seed x0","","recomputed","hf://buckets/dan-pandori/nd-rl/trajectory/artifacts/tj/eval/s0_r6__tb72_x0.jsonl","textbook72|k16|T0.8|lean_only"
"best-9.56M-cap12-trajectory","la_T1_best12_s1_r6","9.56M","lean_staten","scratch","K12 155k","12","rl6","1","textbook72","72","pass_at_k_expected_solved","16","0.8","37.626","lean_only","fork lean_judge (Lean 4.34 alone); state_eval in-env sampling, max_action 512 max_steps 96; seed 0; sample seed x0","2026-10-01","recomputed","hf://buckets/dan-pandori/nd-rl/trajectory/artifacts/tj/eval/s1_r6__tb72_x0.jsonl","textbook72|k16|T0.8|lean_only"
"best-9.56M-cap12-trajectory","la_T1_best12_s2_r6","9.56M","lean_staten","scratch","K12 155k","12","rl6","2","textbook72","72","pass_at_k_expected_solved","16","0.8","47.235","lean_only","fork lean_judge (Lean 4.34 alone); state_eval in-env sampling, max_action 512 max_steps 96; seed 0; sample seed x0","2026-10-01","recomputed","hf://buckets/dan-pandori/nd-rl/trajectory/artifacts/tj/eval/s2_r6__tb72_x0.jsonl","textbook72|k16|T0.8|lean_only"
"best-9.56M-cap12-trajectory","la_T1_best12_s0_r7","9.56M","lean_staten","scratch","K12 155k","12","rl7","0","textbook72","72","pass_at_k_expected_solved","16","0.8","40.077","lean_only","fork lean_judge (Lean 4.34 alone); state_eval in-env sampling, max_action 512 max_steps 96; seed 0; sample seed x0","2026-10-01","recomputed","hf://buckets/dan-pandori/nd-rl/trajectory/artifacts/tj/eval/s0_r7__tb72_x0.jsonl","textbook72|k16|T0.8|lean_only"
"best-9.56M-cap12-trajectory","la_T1_best12_s1_r7","9.56M","lean_staten","scratch","K12 155k","12","rl7","1","textbook72","72","pass_at_k_expected_solved","16","0.8","40.214","lean_only","fork lean_judge (Lean 4.34 alone); state_eval in-env sampling, max_action 512 max_steps 96; seed 0; sample seed x0","2026-10-01","recomputed","hf://buckets/dan-pandori/nd-rl/trajectory/artifacts/tj/eval/s1_r7__tb72_x0.jsonl","textbook72|k16|T0.8|lean_only"
"best-9.56M-cap12-trajectory","la_T1_best12_s2_r7","9.56M","lean_staten","scratch","K12 155k","12","rl7","2","textbook72","72","pass_at_k_expected_solved","16","0.8","47.966","lean_only","fork lean_judge (Lean 4.34 alone); state_eval in-env sampling, max_action 512 max_steps 96; seed 0; sample seed x0","","recomputed","hf://buckets/dan-pandori/nd-rl/trajectory/artifacts/tj/eval/s2_r7__tb72_x0.jsonl","textbook72|k16|T0.8|lean_only"
"best-9.56M-cap6","la_T1_best6_s0_r8","9.56M","lean_staten","scratch","cap-6 control 155k","6","T1","0","textbook72","72","pass_at_k_expected_solved","16","0.8","33.437","lean_only","fork lean_judge (Lean 4.34 alone); state_eval in-env sampling, max_action 512 max_steps 96; seed 0; best-state read, batch 2048","2026-09-30","recomputed","hf://buckets/dan-pandori/nd-rl/best-state/artifacts/bs/eval/T1_best6_s0__tb72.jsonl","textbook72|k16|T0.8|lean_only"
"best-9.56M-cap6","la_T1_best6_s1_r8","9.56M","lean_staten","scratch","cap-6 control 155k","6","T1","1","textbook72","72","pass_at_k_expected_solved","16","0.8","33.558","lean_only","fork lean_judge (Lean 4.34 alone); state_eval in-env sampling, max_action 512 max_steps 96; seed 0; best-state read, batch 2048","2026-09-30","recomputed","hf://buckets/dan-pandori/nd-rl/best-state/artifacts/bs/eval/T1_best6_s1__tb72.jsonl","textbook72|k16|T0.8|lean_only"
"best-9.56M-cap6","la_T1_best6_s2_r8","9.56M","lean_staten","scratch","cap-6 control 155k","6","T1","2","textbook72","72","pass_at_k_expected_solved","16","0.8","28.601","lean_only","fork lean_judge (Lean 4.34 alone); state_eval in-env sampling, max_action 512 max_steps 96; seed 0; best-state read, batch 2048","2026-09-30","recomputed","hf://buckets/dan-pandori/nd-rl/best-state/artifacts/bs/eval/T1_best6_s2__tb72.jsonl","textbook72|k16|T0.8|lean_only"
"best-9.56M-cap6","stage1_best6_s0_b1200","9.56M","lean_staten","scratch","cap-6 control 155k","6","frozen","0","textbook72","72","pass_at_k_expected_solved","16","0.8","14.911","lean_only","fork lean_judge (Lean 4.34 alone); state_eval in-env sampling, max_action 512 max_steps 96; seed 0; best-state read, batch 2048","2026-09-30","recomputed","hf://buckets/dan-pandori/nd-rl/best-state/artifacts/bs/eval/Fz_best6_s0__tb72.jsonl","textbook72|k16|T0.8|lean_only"
"best-9.56M-cap6","stage1_best6_s1_b1200","9.56M","lean_staten","scratch","cap-6 control 155k","6","frozen","1","textbook72","72","pass_at_k_expected_solved","16","0.8","13.594","lean_only","fork lean_judge (Lean 4.34 alone); state_eval in-env sampling, max_action 512 max_steps 96; seed 0; best-state read, batch 2048","2026-09-30","recomputed","hf://buckets/dan-pandori/nd-rl/best-state/artifacts/bs/eval/Fz_best6_s1__tb72.jsonl","textbook72|k16|T0.8|lean_only"
"best-9.56M-cap6","stage1_best6_s2_b1200","9.56M","lean_staten","scratch","cap-6 control 155k","6","frozen","2","textbook72","72","pass_at_k_expected_solved","16","0.8","14.06","lean_only","fork lean_judge (Lean 4.34 alone); state_eval in-env sampling, max_action 512 max_steps 96; seed 0; best-state read, batch 2048","2026-09-30","recomputed","hf://buckets/dan-pandori/nd-rl/best-state/artifacts/bs/eval/Fz_best6_s2__tb72.jsonl","textbook72|k16|T0.8|lean_only"
"best-9.56M-cap6-trajectory","la_T1_best6_s0_r8","9.56M","lean_staten","scratch","cap-6 control 155k","6","T1","0","textbook72","72","pass_at_k_expected_solved","16","0.8","35.663","lean_only","fork lean_judge (Lean 4.34 alone); state_eval in-env sampling, max_action 512 max_steps 96; seed 0; sample seed x0","","recomputed","hf://buckets/dan-pandori/nd-rl/trajectory-cap6/artifacts/tj6/eval/s0_r8__tb72_x0.jsonl","textbook72|k16|T0.8|lean_only"
"best-9.56M-cap6-trajectory","la_T1_best6_s1_r8","9.56M","lean_staten","scratch","cap-6 control 155k","6","T1","1","textbook72","72","pass_at_k_expected_solved","16","0.8","35.849","lean_only","fork lean_judge (Lean 4.34 alone); state_eval in-env sampling, max_action 512 max_steps 96; seed 0; sample seed x0","","recomputed","hf://buckets/dan-pandori/nd-rl/trajectory-cap6/artifacts/tj6/eval/s1_r8__tb72_x0.jsonl","textbook72|k16|T0.8|lean_only"
"best-9.56M-cap6-trajectory","la_T1_best6_s2_r8","9.56M","lean_staten","scratch","cap-6 control 155k","6","T1","2","textbook72","72","pass_at_k_expected_solved","16","0.8","34.808","lean_only","fork lean_judge (Lean 4.34 alone); state_eval in-env sampling, max_action 512 max_steps 96; seed 0; sample seed x0","","recomputed","hf://buckets/dan-pandori/nd-rl/trajectory-cap6/artifacts/tj6/eval/s2_r8__tb72_x0.jsonl","textbook72|k16|T0.8|lean_only"
"best-9.56M-cap6-trajectory","stage1_best6_s0_p0","9.56M","lean_staten","scratch","cap-6 control 155k","6","frozen@p0","0","textbook72","72","pass_at_k_expected_solved","16","0.8","0.0","lean_only","fork lean_judge (Lean 4.34 alone); state_eval in-env sampling, max_action 512 max_steps 96; seed 0; sample seed x0","","recomputed","hf://buckets/dan-pandori/nd-rl/trajectory-cap6/artifacts/tj6/eval/s0_p0__tb72_x0.jsonl","textbook72|k16|T0.8|lean_only"
"best-9.56M-cap6-trajectory","stage1_best6_s1_p0","9.56M","lean_staten","scratch","cap-6 control 155k","6","frozen@p0","1","textbook72","72","pass_at_k_expected_solved","16","0.8","0.0","lean_only","fork lean_judge (Lean 4.34 alone); state_eval in-env sampling, max_action 512 max_steps 96; seed 0; sample seed x0","","recomputed","hf://buckets/dan-pandori/nd-rl/trajectory-cap6/artifacts/tj6/eval/s1_p0__tb72_x0.jsonl","textbook72|k16|T0.8|lean_only"
"best-9.56M-cap6-trajectory","stage1_best6_s2_p0","9.56M","lean_staten","scratch","cap-6 control 155k","6","frozen@p0","2","textbook72","72","pass_at_k_expected_solved","16","0.8","0.0","lean_only","fork lean_judge (Lean 4.34 alone); state_eval in-env sampling, max_action 512 max_steps 96; seed 0; sample seed x0","","recomputed","hf://buckets/dan-pandori/nd-rl/trajectory-cap6/artifacts/tj6/eval/s2_p0__tb72_x0.jsonl","textbook72|k16|T0.8|lean_only"
"best-9.56M-cap6-trajectory","stage1_best6_s0_p100","9.56M","lean_staten","scratch","cap-6 control 155k","6","frozen@p100","0","textbook72","72","pass_at_k_expected_solved","16","0.8","0.0","lean_only","fork lean_judge (Lean 4.34 alone); state_eval in-env sampling, max_action 512 max_steps 96; seed 0; sample seed x0","","recomputed","hf://buckets/dan-pandori/nd-rl/trajectory-cap6/artifacts/tj6/eval/s0_p100__tb72_x0.jsonl","textbook72|k16|T0.8|lean_only"
"best-9.56M-cap6-trajectory","stage1_best6_s1_p100","9.56M","lean_staten","scratch","cap-6 control 155k","6","frozen@p100","1","textbook72","72","pass_at_k_expected_solved","16","0.8","0.0","lean_only","fork lean_judge (Lean 4.34 alone); state_eval in-env sampling, max_action 512 max_steps 96; seed 0; sample seed x0","","recomputed","hf://buckets/dan-pandori/nd-rl/trajectory-cap6/artifacts/tj6/eval/s1_p100__tb72_x0.jsonl","textbook72|k16|T0.8|lean_only"
"best-9.56M-cap6-trajectory","stage1_best6_s2_p100","9.56M","lean_staten","scratch","cap-6 control 155k","6","frozen@p100","2","textbook72","72","pass_at_k_expected_solved","16","0.8","0.0","lean_only","fork lean_judge (Lean 4.34 alone); state_eval in-env sampling, max_action 512 max_steps 96; seed 0; sample seed x0","","recomputed","hf://buckets/dan-pandori/nd-rl/trajectory-cap6/artifacts/tj6/eval/s2_p100__tb72_x0.jsonl","textbook72|k16|T0.8|lean_only"
"best-9.56M-cap6-trajectory","stage1_best6_s0_p12000","9.56M","lean_staten","scratch","cap-6 control 155k","6","frozen@p12000","0","textbook72","72","pass_at_k_expected_solved","16","0.8","7.268","lean_only","fork lean_judge (Lean 4.34 alone); state_eval in-env sampling, max_action 512 max_steps 96; seed 0; sample seed x0","","recomputed","hf://buckets/dan-pandori/nd-rl/trajectory-cap6/artifacts/tj6/eval/s0_p12000__tb72_x0.jsonl","textbook72|k16|T0.8|lean_only"
"best-9.56M-cap6-trajectory","stage1_best6_s1_p12000","9.56M","lean_staten","scratch","cap-6 control 155k","6","frozen@p12000","1","textbook72","72","pass_at_k_expected_solved","16","0.8","11.591","lean_only","fork lean_judge (Lean 4.34 alone); state_eval in-env sampling, max_action 512 max_steps 96; seed 0; sample seed x0","","recomputed","hf://buckets/dan-pandori/nd-rl/trajectory-cap6/artifacts/tj6/eval/s1_p12000__tb72_x0.jsonl","textbook72|k16|T0.8|lean_only"
"best-9.56M-cap6-trajectory","stage1_best6_s2_p12000","9.56M","lean_staten","scratch","cap-6 control 155k","6","frozen@p12000","2","textbook72","72","pass_at_k_expected_solved","16","0.8","14.446","lean_only","fork lean_judge (Lean 4.34 alone); state_eval in-env sampling, max_action 512 max_steps 96; seed 0; sample seed x0","","recomputed","hf://buckets/dan-pandori/nd-rl/trajectory-cap6/artifacts/tj6/eval/s2_p12000__tb72_x0.jsonl","textbook72|k16|T0.8|lean_only"
"best-9.56M-cap6-trajectory","stage1_best6_s0_p1600","9.56M","lean_staten","scratch","cap-6 control 155k","6","frozen@p1600","0","textbook72","72","pass_at_k_expected_solved","16","0.8","6.107","lean_only","fork lean_judge (Lean 4.34 alone); state_eval in-env sampling, max_action 512 max_steps 96; seed 0; sample seed x0","","recomputed","hf://buckets/dan-pandori/nd-rl/trajectory-cap6/artifacts/tj6/eval/s0_p1600__tb72_x0.jsonl","textbook72|k16|T0.8|lean_only"
"best-9.56M-cap6-trajectory","stage1_best6_s1_p1600","9.56M","lean_staten","scratch","cap-6 control 155k","6","frozen@p1600","1","textbook72","72","pass_at_k_expected_solved","16","0.8","8.014","lean_only","fork lean_judge (Lean 4.34 alone); state_eval in-env sampling, max_action 512 max_steps 96; seed 0; sample seed x0","","recomputed","hf://buckets/dan-pandori/nd-rl/trajectory-cap6/artifacts/tj6/eval/s1_p1600__tb72_x0.jsonl","textbook72|k16|T0.8|lean_only"
"best-9.56M-cap6-trajectory","stage1_best6_s2_p1600","9.56M","lean_staten","scratch","cap-6 control 155k","6","frozen@p1600","2","textbook72","72","pass_at_k_expected_solved","16","0.8","6.989","lean_only","fork lean_judge (Lean 4.34 alone); state_eval in-env sampling, max_action 512 max_steps 96; seed 0; sample seed x0","","recomputed","hf://buckets/dan-pandori/nd-rl/trajectory-cap6/artifacts/tj6/eval/s2_p1600__tb72_x0.jsonl","textbook72|k16|T0.8|lean_only"
"best-9.56M-cap6-trajectory","stage1_best6_s0_p16000","9.56M","lean_staten","scratch","cap-6 control 155k","6","frozen@p16000","0","textbook72","72","pass_at_k_expected_solved","16","0.8","14.274","lean_only","fork lean_judge (Lean 4.34 alone); state_eval in-env sampling, max_action 512 max_steps 96; seed 0; sample seed x0","","recomputed","hf://buckets/dan-pandori/nd-rl/trajectory-cap6/artifacts/tj6/eval/s0_p16000__tb72_x0.jsonl","textbook72|k16|T0.8|lean_only"
"best-9.56M-cap6-trajectory","stage1_best6_s1_p16000","9.56M","lean_staten","scratch","cap-6 control 155k","6","frozen@p16000","1","textbook72","72","pass_at_k_expected_solved","16","0.8","12.513","lean_only","fork lean_judge (Lean 4.34 alone); state_eval in-env sampling, max_action 512 max_steps 96; seed 0; sample seed x0","","recomputed","hf://buckets/dan-pandori/nd-rl/trajectory-cap6/artifacts/tj6/eval/s1_p16000__tb72_x0.jsonl","textbook72|k16|T0.8|lean_only"
"best-9.56M-cap6-trajectory","stage1_best6_s2_p16000","9.56M","lean_staten","scratch","cap-6 control 155k","6","frozen@p16000","2","textbook72","72","pass_at_k_expected_solved","16","0.8","9.88","lean_only","fork lean_judge (Lean 4.34 alone); state_eval in-env sampling, max_action 512 max_steps 96; seed 0; sample seed x0","","recomputed","hf://buckets/dan-pandori/nd-rl/trajectory-cap6/artifacts/tj6/eval/s2_p16000__tb72_x0.jsonl","textbook72|k16|T0.8|lean_only"
"best-9.56M-cap6-trajectory","stage1_best6_s0_p200","9.56M","lean_staten","scratch","cap-6 control 155k","6","frozen@p200","0","textbook72","72","pass_at_k_expected_solved","16","0.8","0.229","lean_only","fork lean_judge (Lean 4.34 alone); state_eval in-env sampling, max_action 512 max_steps 96; seed 0; sample seed x0","","recomputed","hf://buckets/dan-pandori/nd-rl/trajectory-cap6/artifacts/tj6/eval/s0_p200__tb72_x0.jsonl","textbook72|k16|T0.8|lean_only"
"best-9.56M-cap6-trajectory","stage1_best6_s1_p200","9.56M","lean_staten","scratch","cap-6 control 155k","6","frozen@p200","1","textbook72","72","pass_at_k_expected_solved","16","0.8","0.177","lean_only","fork lean_judge (Lean 4.34 alone); state_eval in-env sampling, max_action 512 max_steps 96; seed 0; sample seed x0","","recomputed","hf://buckets/dan-pandori/nd-rl/trajectory-cap6/artifacts/tj6/eval/s1_p200__tb72_x0.jsonl","textbook72|k16|T0.8|lean_only"
"best-9.56M-cap6-trajectory","stage1_best6_s2_p200","9.56M","lean_staten","scratch","cap-6 control 155k","6","frozen@p200","2","textbook72","72","pass_at_k_expected_solved","16","0.8","1.665","lean_only","fork lean_judge (Lean 4.34 alone); state_eval in-env sampling, max_action 512 max_steps 96; seed 0; sample seed x0","","recomputed","hf://buckets/dan-pandori/nd-rl/trajectory-cap6/artifacts/tj6/eval/s2_p200__tb72_x0.jsonl","textbook72|k16|T0.8|lean_only"
"best-9.56M-cap6-trajectory","stage1_best6_s0_p20000","9.56M","lean_staten","scratch","cap-6 control 155k","6","frozen@p20000","0","textbook72","72","pass_at_k_expected_solved","16","0.8","17.821","lean_only","fork lean_judge (Lean 4.34 alone); state_eval in-env sampling, max_action 512 max_steps 96; seed 0; sample seed x0","","recomputed","hf://buckets/dan-pandori/nd-rl/trajectory-cap6/artifacts/tj6/eval/s0_p20000__tb72_x0.jsonl","textbook72|k16|T0.8|lean_only"
"best-9.56M-cap6-trajectory","stage1_best6_s1_p20000","9.56M","lean_staten","scratch","cap-6 control 155k","6","frozen@p20000","1","textbook72","72","pass_at_k_expected_solved","16","0.8","11.139","lean_only","fork lean_judge (Lean 4.34 alone); state_eval in-env sampling, max_action 512 max_steps 96; seed 0; sample seed x0","","recomputed","hf://buckets/dan-pandori/nd-rl/trajectory-cap6/artifacts/tj6/eval/s1_p20000__tb72_x0.jsonl","textbook72|k16|T0.8|lean_only"
"best-9.56M-cap6-trajectory","stage1_best6_s2_p20000","9.56M","lean_staten","scratch","cap-6 control 155k","6","frozen@p20000","2","textbook72","72","pass_at_k_expected_solved","16","0.8","12.326","lean_only","fork lean_judge (Lean 4.34 alone); state_eval in-env sampling, max_action 512 max_steps 96; seed 0; sample seed x0","","recomputed","hf://buckets/dan-pandori/nd-rl/trajectory-cap6/artifacts/tj6/eval/s2_p20000__tb72_x0.jsonl","textbook72|k16|T0.8|lean_only"
"best-9.56M-cap6-trajectory","stage1_best6_s0_p3000","9.56M","lean_staten","scratch","cap-6 control 155k","6","frozen@p3000","0","textbook72","72","pass_at_k_expected_solved","16","0.8","7.935","lean_only","fork lean_judge (Lean 4.34 alone); state_eval in-env sampling, max_action 512 max_steps 96; seed 0; sample seed x0","","recomputed","hf://buckets/dan-pandori/nd-rl/trajectory-cap6/artifacts/tj6/eval/s0_p3000__tb72_x0.jsonl","textbook72|k16|T0.8|lean_only"
"best-9.56M-cap6-trajectory","stage1_best6_s1_p3000","9.56M","lean_staten","scratch","cap-6 control 155k","6","frozen@p3000","1","textbook72","72","pass_at_k_expected_solved","16","0.8","6.596","lean_only","fork lean_judge (Lean 4.34 alone); state_eval in-env sampling, max_action 512 max_steps 96; seed 0; sample seed x0","","recomputed","hf://buckets/dan-pandori/nd-rl/trajectory-cap6/artifacts/tj6/eval/s1_p3000__tb72_x0.jsonl","textbook72|k16|T0.8|lean_only"
"best-9.56M-cap6-trajectory","stage1_best6_s2_p3000","9.56M","lean_staten","scratch","cap-6 control 155k","6","frozen@p3000","2","textbook72","72","pass_at_k_expected_solved","16","0.8","3.941","lean_only","fork lean_judge (Lean 4.34 alone); state_eval in-env sampling, max_action 512 max_steps 96; seed 0; sample seed x0","","recomputed","hf://buckets/dan-pandori/nd-rl/trajectory-cap6/artifacts/tj6/eval/s2_p3000__tb72_x0.jsonl","textbook72|k16|T0.8|lean_only"
"best-9.56M-cap6-trajectory","stage1_best6_s0_p400","9.56M","lean_staten","scratch","cap-6 control 155k","6","frozen@p400","0","textbook72","72","pass_at_k_expected_solved","16","0.8","3.318","lean_only","fork lean_judge (Lean 4.34 alone); state_eval in-env sampling, max_action 512 max_steps 96; seed 0; sample seed x0","","recomputed","hf://buckets/dan-pandori/nd-rl/trajectory-cap6/artifacts/tj6/eval/s0_p400__tb72_x0.jsonl","textbook72|k16|T0.8|lean_only"
"best-9.56M-cap6-trajectory","stage1_best6_s1_p400","9.56M","lean_staten","scratch","cap-6 control 155k","6","frozen@p400","1","textbook72","72","pass_at_k_expected_solved","16","0.8","3.589","lean_only","fork lean_judge (Lean 4.34 alone); state_eval in-env sampling, max_action 512 max_steps 96; seed 0; sample seed x0","","recomputed","hf://buckets/dan-pandori/nd-rl/trajectory-cap6/artifacts/tj6/eval/s1_p400__tb72_x0.jsonl","textbook72|k16|T0.8|lean_only"
"best-9.56M-cap6-trajectory","stage1_best6_s2_p400","9.56M","lean_staten","scratch","cap-6 control 155k","6","frozen@p400","2","textbook72","72","pass_at_k_expected_solved","16","0.8","3.322","lean_only","fork lean_judge (Lean 4.34 alone); state_eval in-env sampling, max_action 512 max_steps 96; seed 0; sample seed x0","","recomputed","hf://buckets/dan-pandori/nd-rl/trajectory-cap6/artifacts/tj6/eval/s2_p400__tb72_x0.jsonl","textbook72|k16|T0.8|lean_only"
"best-9.56M-cap6-trajectory","stage1_best6_s0_p50","9.56M","lean_staten","scratch","cap-6 control 155k","6","frozen@p50","0","textbook72","72","pass_at_k_expected_solved","16","0.8","0.0","lean_only","fork lean_judge (Lean 4.34 alone); state_eval in-env sampling, max_action 512 max_steps 96; seed 0; sample seed x0","","recomputed","hf://buckets/dan-pandori/nd-rl/trajectory-cap6/artifacts/tj6/eval/s0_p50__tb72_x0.jsonl","textbook72|k16|T0.8|lean_only"
"best-9.56M-cap6-trajectory","stage1_best6_s1_p50","9.56M","lean_staten","scratch","cap-6 control 155k","6","frozen@p50","1","textbook72","72","pass_at_k_expected_solved","16","0.8","0.0","lean_only","fork lean_judge (Lean 4.34 alone); state_eval in-env sampling, max_action 512 max_steps 96; seed 0; sample seed x0","","recomputed","hf://buckets/dan-pandori/nd-rl/trajectory-cap6/artifacts/tj6/eval/s1_p50__tb72_x0.jsonl","textbook72|k16|T0.8|lean_only"
"best-9.56M-cap6-trajectory","stage1_best6_s2_p50","9.56M","lean_staten","scratch","cap-6 control 155k","6","frozen@p50","2","textbook72","72","pass_at_k_expected_solved","16","0.8","0.0","lean_only","fork lean_judge (Lean 4.34 alone); state_eval in-env sampling, max_action 512 max_steps 96; seed 0; sample seed x0","","recomputed","hf://buckets/dan-pandori/nd-rl/trajectory-cap6/artifacts/tj6/eval/s2_p50__tb72_x0.jsonl","textbook72|k16|T0.8|lean_only"
"best-9.56M-cap6-trajectory","stage1_best6_s0_p5000","9.56M","lean_staten","scratch","cap-6 control 155k","6","frozen@p5000","0","textbook72","72","pass_at_k_expected_solved","16","0.8","7.713","lean_only","fork lean_judge (Lean 4.34 alone); state_eval in-env sampling, max_action 512 max_steps 96; seed 0; sample seed x0","","recomputed","hf://buckets/dan-pandori/nd-rl/trajectory-cap6/artifacts/tj6/eval/s0_p5000__tb72_x0.jsonl","textbook72|k16|T0.8|lean_only"
"best-9.56M-cap6-trajectory","stage1_best6_s1_p5000","9.56M","lean_staten","scratch","cap-6 control 155k","6","frozen@p5000","1","textbook72","72","pass_at_k_expected_solved","16","0.8","11.203","lean_only","fork lean_judge (Lean 4.34 alone); state_eval in-env sampling, max_action 512 max_steps 96; seed 0; sample seed x0","","recomputed","hf://buckets/dan-pandori/nd-rl/trajectory-cap6/artifacts/tj6/eval/s1_p5000__tb72_x0.jsonl","textbook72|k16|T0.8|lean_only"
"best-9.56M-cap6-trajectory","stage1_best6_s2_p5000","9.56M","lean_staten","scratch","cap-6 control 155k","6","frozen@p5000","2","textbook72","72","pass_at_k_expected_solved","16","0.8","9.969","lean_only","fork lean_judge (Lean 4.34 alone); state_eval in-env sampling, max_action 512 max_steps 96; seed 0; sample seed x0","","recomputed","hf://buckets/dan-pandori/nd-rl/trajectory-cap6/artifacts/tj6/eval/s2_p5000__tb72_x0.jsonl","textbook72|k16|T0.8|lean_only"
"best-9.56M-cap6-trajectory","stage1_best6_s0_p800","9.56M","lean_staten","scratch","cap-6 control 155k","6","frozen@p800","0","textbook72","72","pass_at_k_expected_solved","16","0.8","5.01","lean_only","fork lean_judge (Lean 4.34 alone); state_eval in-env sampling, max_action 512 max_steps 96; seed 0; sample seed x0","","recomputed","hf://buckets/dan-pandori/nd-rl/trajectory-cap6/artifacts/tj6/eval/s0_p800__tb72_x0.jsonl","textbook72|k16|T0.8|lean_only"
"best-9.56M-cap6-trajectory","stage1_best6_s1_p800","9.56M","lean_staten","scratch","cap-6 control 155k","6","frozen@p800","1","textbook72","72","pass_at_k_expected_solved","16","0.8","5.574","lean_only","fork lean_judge (Lean 4.34 alone); state_eval in-env sampling, max_action 512 max_steps 96; seed 0; sample seed x0","","recomputed","hf://buckets/dan-pandori/nd-rl/trajectory-cap6/artifacts/tj6/eval/s1_p800__tb72_x0.jsonl","textbook72|k16|T0.8|lean_only"
"best-9.56M-cap6-trajectory","stage1_best6_s2_p800","9.56M","lean_staten","scratch","cap-6 control 155k","6","frozen@p800","2","textbook72","72","pass_at_k_expected_solved","16","0.8","5.106","lean_only","fork lean_judge (Lean 4.34 alone); state_eval in-env sampling, max_action 512 max_steps 96; seed 0; sample seed x0","","recomputed","hf://buckets/dan-pandori/nd-rl/trajectory-cap6/artifacts/tj6/eval/s2_p800__tb72_x0.jsonl","textbook72|k16|T0.8|lean_only"
"best-9.56M-cap6-trajectory","stage1_best6_s0_p8000","9.56M","lean_staten","scratch","cap-6 control 155k","6","frozen@p8000","0","textbook72","72","pass_at_k_expected_solved","16","0.8","10.274","lean_only","fork lean_judge (Lean 4.34 alone); state_eval in-env sampling, max_action 512 max_steps 96; seed 0; sample seed x0","","recomputed","hf://buckets/dan-pandori/nd-rl/trajectory-cap6/artifacts/tj6/eval/s0_p8000__tb72_x0.jsonl","textbook72|k16|T0.8|lean_only"
"best-9.56M-cap6-trajectory","stage1_best6_s1_p8000","9.56M","lean_staten","scratch","cap-6 control 155k","6","frozen@p8000","1","textbook72","72","pass_at_k_expected_solved","16","0.8","8.489","lean_only","fork lean_judge (Lean 4.34 alone); state_eval in-env sampling, max_action 512 max_steps 96; seed 0; sample seed x0","","recomputed","hf://buckets/dan-pandori/nd-rl/trajectory-cap6/artifacts/tj6/eval/s1_p8000__tb72_x0.jsonl","textbook72|k16|T0.8|lean_only"
"best-9.56M-cap6-trajectory","stage1_best6_s2_p8000","9.56M","lean_staten","scratch","cap-6 control 155k","6","frozen@p8000","2","textbook72","72","pass_at_k_expected_solved","16","0.8","8.698","lean_only","fork lean_judge (Lean 4.34 alone); state_eval in-env sampling, max_action 512 max_steps 96; seed 0; sample seed x0","","recomputed","hf://buckets/dan-pandori/nd-rl/trajectory-cap6/artifacts/tj6/eval/s2_p8000__tb72_x0.jsonl","textbook72|k16|T0.8|lean_only"
"best-9.56M-cap6-trajectory","stage1_best6_s0_pend","9.56M","lean_staten","scratch","cap-6 control 155k","6","frozen@pend","0","textbook72","72","pass_at_k_expected_solved","16","0.8","12.765","lean_only","fork lean_judge (Lean 4.34 alone); state_eval in-env sampling, max_action 512 max_steps 96; seed 0; sample seed x0","","recomputed","hf://buckets/dan-pandori/nd-rl/trajectory-cap6/artifacts/tj6/eval/s0_pend__tb72_x0.jsonl","textbook72|k16|T0.8|lean_only"
"best-9.56M-cap6-trajectory","stage1_best6_s1_pend","9.56M","lean_staten","scratch","cap-6 control 155k","6","frozen@pend","1","textbook72","72","pass_at_k_expected_solved","16","0.8","10.375","lean_only","fork lean_judge (Lean 4.34 alone); state_eval in-env sampling, max_action 512 max_steps 96; seed 0; sample seed x0","","recomputed","hf://buckets/dan-pandori/nd-rl/trajectory-cap6/artifacts/tj6/eval/s1_pend__tb72_x0.jsonl","textbook72|k16|T0.8|lean_only"
"best-9.56M-cap6-trajectory","stage1_best6_s2_pend","9.56M","lean_staten","scratch","cap-6 control 155k","6","frozen@pend","2","textbook72","72","pass_at_k_expected_solved","16","0.8","12.785","lean_only","fork lean_judge (Lean 4.34 alone); state_eval in-env sampling, max_action 512 max_steps 96; seed 0; sample seed x0","","recomputed","hf://buckets/dan-pandori/nd-rl/trajectory-cap6/artifacts/tj6/eval/s2_pend__tb72_x0.jsonl","textbook72|k16|T0.8|lean_only"
"best-9.56M-cap6-trajectory","la_T1_best6_s0_r1","9.56M","lean_staten","scratch","cap-6 control 155k","6","rl1","0","textbook72","72","pass_at_k_expected_solved","16","0.8","22.94","lean_only","fork lean_judge (Lean 4.34 alone); state_eval in-env sampling, max_action 512 max_steps 96; seed 0; sample seed x0","","recomputed","hf://buckets/dan-pandori/nd-rl/trajectory-cap6/artifacts/tj6/eval/s0_r1__tb72_x0.jsonl","textbook72|k16|T0.8|lean_only"
"best-9.56M-cap6-trajectory","la_T1_best6_s1_r1","9.56M","lean_staten","scratch","cap-6 control 155k","6","rl1","1","textbook72","72","pass_at_k_expected_solved","16","0.8","21.164","lean_only","fork lean_judge (Lean 4.34 alone); state_eval in-env sampling, max_action 512 max_steps 96; seed 0; sample seed x0","","recomputed","hf://buckets/dan-pandori/nd-rl/trajectory-cap6/artifacts/tj6/eval/s1_r1__tb72_x0.jsonl","textbook72|k16|T0.8|lean_only"
"best-9.56M-cap6-trajectory","la_T1_best6_s2_r1","9.56M","lean_staten","scratch","cap-6 control 155k","6","rl1","2","textbook72","72","pass_at_k_expected_solved","16","0.8","16.972","lean_only","fork lean_judge (Lean 4.34 alone); state_eval in-env sampling, max_action 512 max_steps 96; seed 0; sample seed x0","","recomputed","hf://buckets/dan-pandori/nd-rl/trajectory-cap6/artifacts/tj6/eval/s2_r1__tb72_x0.jsonl","textbook72|k16|T0.8|lean_only"
"best-9.56M-cap6-trajectory","la_T1_best6_s0_r2","9.56M","lean_staten","scratch","cap-6 control 155k","6","rl2","0","textbook72","72","pass_at_k_expected_solved","16","0.8","24.445","lean_only","fork lean_judge (Lean 4.34 alone); state_eval in-env sampling, max_action 512 max_steps 96; seed 0; sample seed x0","","recomputed","hf://buckets/dan-pandori/nd-rl/trajectory-cap6/artifacts/tj6/eval/s0_r2__tb72_x0.jsonl","textbook72|k16|T0.8|lean_only"
"best-9.56M-cap6-trajectory","la_T1_best6_s1_r2","9.56M","lean_staten","scratch","cap-6 control 155k","6","rl2","1","textbook72","72","pass_at_k_expected_solved","16","0.8","24.94","lean_only","fork lean_judge (Lean 4.34 alone); state_eval in-env sampling, max_action 512 max_steps 96; seed 0; sample seed x0","","recomputed","hf://buckets/dan-pandori/nd-rl/trajectory-cap6/artifacts/tj6/eval/s1_r2__tb72_x0.jsonl","textbook72|k16|T0.8|lean_only"
"best-9.56M-cap6-trajectory","la_T1_best6_s2_r2","9.56M","lean_staten","scratch","cap-6 control 155k","6","rl2","2","textbook72","72","pass_at_k_expected_solved","16","0.8","21.821","lean_only","fork lean_judge (Lean 4.34 alone); state_eval in-env sampling, max_action 512 max_steps 96; seed 0; sample seed x0","","recomputed","hf://buckets/dan-pandori/nd-rl/trajectory-cap6/artifacts/tj6/eval/s2_r2__tb72_x0.jsonl","textbook72|k16|T0.8|lean_only"
"best-9.56M-cap6-trajectory","la_T1_best6_s0_r3","9.56M","lean_staten","scratch","cap-6 control 155k","6","rl3","0","textbook72","72","pass_at_k_expected_solved","16","0.8","27.092","lean_only","fork lean_judge (Lean 4.34 alone); state_eval in-env sampling, max_action 512 max_steps 96; seed 0; sample seed x0","","recomputed","hf://buckets/dan-pandori/nd-rl/trajectory-cap6/artifacts/tj6/eval/s0_r3__tb72_x0.jsonl","textbook72|k16|T0.8|lean_only"
"best-9.56M-cap6-trajectory","la_T1_best6_s1_r3","9.56M","lean_staten","scratch","cap-6 control 155k","6","rl3","1","textbook72","72","pass_at_k_expected_solved","16","0.8","29.77","lean_only","fork lean_judge (Lean 4.34 alone); state_eval in-env sampling, max_action 512 max_steps 96; seed 0; sample seed x0","","recomputed","hf://buckets/dan-pandori/nd-rl/trajectory-cap6/artifacts/tj6/eval/s1_r3__tb72_x0.jsonl","textbook72|k16|T0.8|lean_only"
"best-9.56M-cap6-trajectory","la_T1_best6_s2_r3","9.56M","lean_staten","scratch","cap-6 control 155k","6","rl3","2","textbook72","72","pass_at_k_expected_solved","16","0.8","25.411","lean_only","fork lean_judge (Lean 4.34 alone); state_eval in-env sampling, max_action 512 max_steps 96; seed 0; sample seed x0","","recomputed","hf://buckets/dan-pandori/nd-rl/trajectory-cap6/artifacts/tj6/eval/s2_r3__tb72_x0.jsonl","textbook72|k16|T0.8|lean_only"
"best-9.56M-cap6-trajectory","la_T1_best6_s0_r4","9.56M","lean_staten","scratch","cap-6 control 155k","6","rl4","0","textbook72","72","pass_at_k_expected_solved","16","0.8","30.775","lean_only","fork lean_judge (Lean 4.34 alone); state_eval in-env sampling, max_action 512 max_steps 96; seed 0; sample seed x0","","recomputed","hf://buckets/dan-pandori/nd-rl/trajectory-cap6/artifacts/tj6/eval/s0_r4__tb72_x0.jsonl","textbook72|k16|T0.8|lean_only"
"best-9.56M-cap6-trajectory","la_T1_best6_s1_r4","9.56M","lean_staten","scratch","cap-6 control 155k","6","rl4","1","textbook72","72","pass_at_k_expected_solved","16","0.8","32.741","lean_only","fork lean_judge (Lean 4.34 alone); state_eval in-env sampling, max_action 512 max_steps 96; seed 0; sample seed x0","","recomputed","hf://buckets/dan-pandori/nd-rl/trajectory-cap6/artifacts/tj6/eval/s1_r4__tb72_x0.jsonl","textbook72|k16|T0.8|lean_only"
"best-9.56M-cap6-trajectory","la_T1_best6_s2_r4","9.56M","lean_staten","scratch","cap-6 control 155k","6","rl4","2","textbook72","72","pass_at_k_expected_solved","16","0.8","28.929","lean_only","fork lean_judge (Lean 4.34 alone); state_eval in-env sampling, max_action 512 max_steps 96; seed 0; sample seed x0","","recomputed","hf://buckets/dan-pandori/nd-rl/trajectory-cap6/artifacts/tj6/eval/s2_r4__tb72_x0.jsonl","textbook72|k16|T0.8|lean_only"
"best-9.56M-cap6-trajectory","la_T1_best6_s0_r5","9.56M","lean_staten","scratch","cap-6 control 155k","6","rl5","0","textbook72","72","pass_at_k_expected_solved","16","0.8","32.831","lean_only","fork lean_judge (Lean 4.34 alone); state_eval in-env sampling, max_action 512 max_steps 96; seed 0; sample seed x0","","recomputed","hf://buckets/dan-pandori/nd-rl/trajectory-cap6/artifacts/tj6/eval/s0_r5__tb72_x0.jsonl","textbook72|k16|T0.8|lean_only"
"best-9.56M-cap6-trajectory","la_T1_best6_s1_r5","9.56M","lean_staten","scratch","cap-6 control 155k","6","rl5","1","textbook72","72","pass_at_k_expected_solved","16","0.8","36.088","lean_only","fork lean_judge (Lean 4.34 alone); state_eval in-env sampling, max_action 512 max_steps 96; seed 0; sample seed x0","","recomputed","hf://buckets/dan-pandori/nd-rl/trajectory-cap6/artifacts/tj6/eval/s1_r5__tb72_x0.jsonl","textbook72|k16|T0.8|lean_only"
"best-9.56M-cap6-trajectory","la_T1_best6_s2_r5","9.56M","lean_staten","scratch","cap-6 control 155k","6","rl5","2","textbook72","72","pass_at_k_expected_solved","16","0.8","30.892","lean_only","fork lean_judge (Lean 4.34 alone); state_eval in-env sampling, max_action 512 max_steps 96; seed 0; sample seed x0","","recomputed","hf://buckets/dan-pandori/nd-rl/trajectory-cap6/artifacts/tj6/eval/s2_r5__tb72_x0.jsonl","textbook72|k16|T0.8|lean_only"
"best-9.56M-cap6-trajectory","la_T1_best6_s0_r6","9.56M","lean_staten","scratch","cap-6 control 155k","6","rl6","0","textbook72","72","pass_at_k_expected_solved","16","0.8","33.804","lean_only","fork lean_judge (Lean 4.34 alone); state_eval in-env sampling, max_action 512 max_steps 96; seed 0; sample seed x0","","recomputed","hf://buckets/dan-pandori/nd-rl/trajectory-cap6/artifacts/tj6/eval/s0_r6__tb72_x0.jsonl","textbook72|k16|T0.8|lean_only"
"best-9.56M-cap6-trajectory","la_T1_best6_s1_r6","9.56M","lean_staten","scratch","cap-6 control 155k","6","rl6","1","textbook72","72","pass_at_k_expected_solved","16","0.8","34.923","lean_only","fork lean_judge (Lean 4.34 alone); state_eval in-env sampling, max_action 512 max_steps 96; seed 0; sample seed x0","","recomputed","hf://buckets/dan-pandori/nd-rl/trajectory-cap6/artifacts/tj6/eval/s1_r6__tb72_x0.jsonl","textbook72|k16|T0.8|lean_only"
"best-9.56M-cap6-trajectory","la_T1_best6_s2_r6","9.56M","lean_staten","scratch","cap-6 control 155k","6","rl6","2","textbook72","72","pass_at_k_expected_solved","16","0.8","32.4","lean_only","fork lean_judge (Lean 4.34 alone); state_eval in-env sampling, max_action 512 max_steps 96; seed 0; sample seed x0","","recomputed","hf://buckets/dan-pandori/nd-rl/trajectory-cap6/artifacts/tj6/eval/s2_r6__tb72_x0.jsonl","textbook72|k16|T0.8|lean_only"
"best-9.56M-cap6-trajectory","la_T1_best6_s0_r7","9.56M","lean_staten","scratch","cap-6 control 155k","6","rl7","0","textbook72","72","pass_at_k_expected_solved","16","0.8","33.529","lean_only","fork lean_judge (Lean 4.34 alone); state_eval in-env sampling, max_action 512 max_steps 96; seed 0; sample seed x0","","recomputed","hf://buckets/dan-pandori/nd-rl/trajectory-cap6/artifacts/tj6/eval/s0_r7__tb72_x0.jsonl","textbook72|k16|T0.8|lean_only"
"best-9.56M-cap6-trajectory","la_T1_best6_s1_r7","9.56M","lean_staten","scratch","cap-6 control 155k","6","rl7","1","textbook72","72","pass_at_k_expected_solved","16","0.8","37.704","lean_only","fork lean_judge (Lean 4.34 alone); state_eval in-env sampling, max_action 512 max_steps 96; seed 0; sample seed x0","","recomputed","hf://buckets/dan-pandori/nd-rl/trajectory-cap6/artifacts/tj6/eval/s1_r7__tb72_x0.jsonl","textbook72|k16|T0.8|lean_only"
"best-9.56M-cap6-trajectory","la_T1_best6_s2_r7","9.56M","lean_staten","scratch","cap-6 control 155k","6","rl7","2","textbook72","72","pass_at_k_expected_solved","16","0.8","32.922","lean_only","fork lean_judge (Lean 4.34 alone); state_eval in-env sampling, max_action 512 max_steps 96; seed 0; sample seed x0","","recomputed","hf://buckets/dan-pandori/nd-rl/trajectory-cap6/artifacts/tj6/eval/s2_r7__tb72_x0.jsonl","textbook72|k16|T0.8|lean_only"
"ours-3.2M-SN-cap12","la_T1_SN12_s0_r8","3.2M","lean_staten","scratch","K12 155k","12","T1","0","textbook72","72","pass_at_k_expected_solved","16","0.8","24.905","lean_only","fork lean_judge (Lean 4.34 alone); state_eval in-env sampling, max_action 512 max_steps 96; seed 0; compute-match read, batch 2048 (re-read of textbook72-run ckpt)","2026-10-02","recomputed","hf://buckets/dan-pandori/nd-rl/compute-match/artifacts/cm/eval/T1_SN12_s0__tb72.jsonl","textbook72|k16|T0.8|lean_only"
"ours-3.2M-SN-cap12","la_T1_SN12_s0_r8","3.2M","lean_staten","scratch","K12 155k","12","T1","0","textbook72","72","pass_at_k_expected_solved","16","0.8","25.104","lean_only","fork lean_judge (Lean 4.34 alone); state_eval in-env sampling, max_action 512 max_steps 96; seed 0; textbook72 run, batch 4096","2026-09-30","recomputed","hf://buckets/dan-pandori/nd-rl/textbook72/artifacts/textbook72/eval/T1_SN12_s0.jsonl","textbook72|k16|T0.8|lean_only"
"ours-3.2M-SN-cap12","la_T1_SN12_s1_r8","3.2M","lean_staten","scratch","K12 155k","12","T1","1","textbook72","72","pass_at_k_expected_solved","16","0.8","28.836","lean_only","fork lean_judge (Lean 4.34 alone); state_eval in-env sampling, max_action 512 max_steps 96; seed 0; compute-match read, batch 2048 (re-read of textbook72-run ckpt)","2026-10-02","recomputed","hf://buckets/dan-pandori/nd-rl/compute-match/artifacts/cm/eval/T1_SN12_s1__tb72.jsonl","textbook72|k16|T0.8|lean_only"
"ours-3.2M-SN-cap12","la_T1_SN12_s1_r8","3.2M","lean_staten","scratch","K12 155k","12","T1","1","textbook72","72","pass_at_k_expected_solved","16","0.8","27.709","lean_only","fork lean_judge (Lean 4.34 alone); state_eval in-env sampling, max_action 512 max_steps 96; seed 0; textbook72 run, batch 4096","2026-09-30","recomputed","hf://buckets/dan-pandori/nd-rl/textbook72/artifacts/textbook72/eval/T1_SN12_s1.jsonl","textbook72|k16|T0.8|lean_only"
"ours-3.2M-SN-cap12","la_T1_SN12_s2_r8","3.2M","lean_staten","scratch","K12 155k","12","T1","2","textbook72","72","pass_at_k_expected_solved","16","0.8","29.308","lean_only","fork lean_judge (Lean 4.34 alone); state_eval in-env sampling, max_action 512 max_steps 96; seed 0; compute-match read, batch 2048 (re-read of textbook72-run ckpt)","2026-10-02","recomputed","hf://buckets/dan-pandori/nd-rl/compute-match/artifacts/cm/eval/T1_SN12_s2__tb72.jsonl","textbook72|k16|T0.8|lean_only"
"ours-3.2M-SN-cap12","la_T1_SN12_s2_r8","3.2M","lean_staten","scratch","K12 155k","12","T1","2","textbook72","72","pass_at_k_expected_solved","16","0.8","29.452","lean_only","fork lean_judge (Lean 4.34 alone); state_eval in-env sampling, max_action 512 max_steps 96; seed 0; textbook72 run, batch 4096","2026-09-30","recomputed","hf://buckets/dan-pandori/nd-rl/textbook72/artifacts/textbook72/eval/T1_SN12_s2.jsonl","textbook72|k16|T0.8|lean_only"
"ours-3.2M-SN-cap12","la_T1_SN12_s3_r8","3.2M","lean_staten","scratch","K12 155k","12","T1","3","textbook72","72","pass_at_k_expected_solved","16","0.8","29.181","lean_only","fork lean_judge (Lean 4.34 alone); state_eval in-env sampling, max_action 512 max_steps 96; seed 0; textbook72 run, batch 4096","2026-09-30","recomputed","hf://buckets/dan-pandori/nd-rl/textbook72/artifacts/textbook72/eval/T1_SN12_s3.jsonl","textbook72|k16|T0.8|lean_only"
"ours-3.2M-SN-cap12","stage1_SN12_s0","3.2M","lean_staten","scratch","K12 155k","12","frozen","0","textbook72","72","pass_at_k_expected_solved","16","0.8","16.877","lean_only","fork lean_judge (Lean 4.34 alone); state_eval in-env sampling, max_action 512 max_steps 96; seed 0; textbook72 run, batch 4096","2026-09-30","recomputed","hf://buckets/dan-pandori/nd-rl/textbook72/artifacts/textbook72/eval/Fz_SN12_s0.jsonl","textbook72|k16|T0.8|lean_only"
"ours-3.2M-SN-cap12","stage1_SN12_s1","3.2M","lean_staten","scratch","K12 155k","12","frozen","1","textbook72","72","pass_at_k_expected_solved","16","0.8","18.031","lean_only","fork lean_judge (Lean 4.34 alone); state_eval in-env sampling, max_action 512 max_steps 96; seed 0; textbook72 run, batch 4096","2026-09-30","recomputed","hf://buckets/dan-pandori/nd-rl/textbook72/artifacts/textbook72/eval/Fz_SN12_s1.jsonl","textbook72|k16|T0.8|lean_only"
"ours-3.2M-SN-cap12","stage1_SN12_s2","3.2M","lean_staten","scratch","K12 155k","12","frozen","2","textbook72","72","pass_at_k_expected_solved","16","0.8","20.77","lean_only","fork lean_judge (Lean 4.34 alone); state_eval in-env sampling, max_action 512 max_steps 96; seed 0; textbook72 run, batch 4096","2026-09-30","recomputed","hf://buckets/dan-pandori/nd-rl/textbook72/artifacts/textbook72/eval/Fz_SN12_s2.jsonl","textbook72|k16|T0.8|lean_only"
"ours-3.2M-SN-cap12","stage1_SN12_s3","3.2M","lean_staten","scratch","K12 155k","12","frozen","3","textbook72","72","pass_at_k_expected_solved","16","0.8","19.447","lean_only","fork lean_judge (Lean 4.34 alone); state_eval in-env sampling, max_action 512 max_steps 96; seed 0; textbook72 run, batch 4096","2026-09-30","recomputed","hf://buckets/dan-pandori/nd-rl/textbook72/artifacts/textbook72/eval/Fz_SN12_s3.jsonl","textbook72|k16|T0.8|lean_only"
"ours-3.2M-SN-cap12-k64ladder","la_T1_cm12k64_s0_r8","3.2M","lean_staten","scratch","K12 155k","12","T1-k64","0","textbook72","72","pass_at_k_expected_solved","16","0.8","25.309","lean_only","fork lean_judge (Lean 4.34 alone); state_eval in-env sampling, max_action 512 max_steps 96; seed 0; compute-match read, batch 2048","2026-10-02","recomputed","hf://buckets/dan-pandori/nd-rl/compute-match/artifacts/cm/eval/T1_cm12k64_s0__tb72.jsonl","textbook72|k16|T0.8|lean_only"
"ours-3.2M-SN-cap12-k64ladder","la_T1_cm12k64_s1_r8","3.2M","lean_staten","scratch","K12 155k","12","T1-k64","1","textbook72","72","pass_at_k_expected_solved","16","0.8","26.1","lean_only","fork lean_judge (Lean 4.34 alone); state_eval in-env sampling, max_action 512 max_steps 96; seed 0; compute-match read, batch 2048","2026-10-02","recomputed","hf://buckets/dan-pandori/nd-rl/compute-match/artifacts/cm/eval/T1_cm12k64_s1__tb72.jsonl","textbook72|k16|T0.8|lean_only"
"ours-3.2M-SN-cap12-k64ladder","la_T1_cm12k64_s2_r8","3.2M","lean_staten","scratch","K12 155k","12","T1-k64","2","textbook72","72","pass_at_k_expected_solved","16","0.8","30.508","lean_only","fork lean_judge (Lean 4.34 alone); state_eval in-env sampling, max_action 512 max_steps 96; seed 0; compute-match read, batch 2048","2026-10-02","recomputed","hf://buckets/dan-pandori/nd-rl/compute-match/artifacts/cm/eval/T1_cm12k64_s2__tb72.jsonl","textbook72|k16|T0.8|lean_only"
"ours-3.2M-SN-v2-cap6","la_T1_SN_s0_r8","3.2M","lean_staten","scratch","cap-6 control 155k","6","T1","0","textbook72","72","pass_at_k_expected_solved","16","0.8","18.793","lean_only","fork lean_judge (Lean 4.34 alone); state_eval in-env sampling, max_action 512 max_steps 96; seed 0; textbook72 run, batch 4096","2026-09-30","recomputed","hf://buckets/dan-pandori/nd-rl/textbook72/artifacts/textbook72/eval/T1_SN6_s0.jsonl","textbook72|k16|T0.8|lean_only"
"ours-3.2M-SN-v2-cap6","la_T1_SN_s1_r8","3.2M","lean_staten","scratch","cap-6 control 155k","6","T1","1","textbook72","72","pass_at_k_expected_solved","16","0.8","13.542","lean_only","fork lean_judge (Lean 4.34 alone); state_eval in-env sampling, max_action 512 max_steps 96; seed 0; textbook72 run, batch 4096","2026-09-30","recomputed","hf://buckets/dan-pandori/nd-rl/textbook72/artifacts/textbook72/eval/T1_SN6_s1.jsonl","textbook72|k16|T0.8|lean_only"
"ours-3.2M-SN-v2-cap6","stage1_SN_s0","3.2M","lean_staten","scratch","cap-6 control 155k","6","frozen","0","textbook72","72","pass_at_k_expected_solved","16","0.8","10.749","lean_only","fork lean_judge (Lean 4.34 alone); state_eval in-env sampling, max_action 512 max_steps 96; seed 0; textbook72 run, batch 4096","2026-09-30","recomputed","hf://buckets/dan-pandori/nd-rl/textbook72/artifacts/textbook72/eval/Fz_SN6_s0.jsonl","textbook72|k16|T0.8|lean_only"
"ours-3.2M-SN-v2-cap6","stage1_SN_s1","3.2M","lean_staten","scratch","cap-6 control 155k","6","frozen","1","textbook72","72","pass_at_k_expected_solved","16","0.8","8.798","lean_only","fork lean_judge (Lean 4.34 alone); state_eval in-env sampling, max_action 512 max_steps 96; seed 0; textbook72 run, batch 4096","2026-09-30","recomputed","hf://buckets/dan-pandori/nd-rl/textbook72/artifacts/textbook72/eval/Fz_SN6_s1.jsonl","textbook72|k16|T0.8|lean_only"
"robbie-factorial:abs-best-ei","factorial abs-best-ei (pre=186 recipe, rl=harness EI 4x1500x32)","9.56M","token","scratch","cap-6 train.jsonl 155k","6","rl-harness-EI","0","textbook72","72","pass_at_k_expected_solved","16","0.8","15.323","nd_verify","robbie harness judge (fork sample Lean gate 51604b3 then nd_verify); max_new 512 (abs/token: nd_verify alone)","2026-09-29","recomputed","nd-rl:robbie-experiments:experiment-summaries/2026-09-28-combined-model/charts/passk.csv","textbook72|k16|T0.8|nd_verify"
"robbie-factorial:abs-best-ei","factorial abs-best-ei (pre=186 recipe, rl=harness EI 4x1500x32)","9.56M","token","scratch","cap-6 train.jsonl 155k","6","rl-harness-EI","1","textbook72","72","pass_at_k_expected_solved","16","0.8","15.086","nd_verify","robbie harness judge (fork sample Lean gate 51604b3 then nd_verify); max_new 512 (abs/token: nd_verify alone)","2026-09-29","recomputed","nd-rl:robbie-experiments:experiment-summaries/2026-09-28-combined-model/charts/passk.csv","textbook72|k16|T0.8|nd_verify"
"robbie-factorial:abs-best-ei","factorial abs-best-ei (pre=186 recipe, rl=harness EI 4x1500x32)","9.56M","token","scratch","cap-6 train.jsonl 155k","6","rl-harness-EI","2","textbook72","72","pass_at_k_expected_solved","16","0.8","13.871","nd_verify","robbie harness judge (fork sample Lean gate 51604b3 then nd_verify); max_new 512 (abs/token: nd_verify alone)","2026-09-29","recomputed","nd-rl:robbie-experiments:experiment-summaries/2026-09-28-combined-model/charts/passk.csv","textbook72|k16|T0.8|nd_verify"
"robbie-factorial:abs-best-leon","factorial abs-best-leon (pre=186 recipe, rl=c005 Leon EI+guided)","9.56M","token","scratch","cap-6 train.jsonl 155k","6","rl-leon-c005","0","textbook72","72","pass_at_k_expected_solved","16","0.8","20.773","nd_verify","robbie harness judge (fork sample Lean gate 51604b3 then nd_verify); max_new 512 (abs/token: nd_verify alone)","2026-09-29","recomputed","nd-rl:robbie-experiments:experiment-summaries/2026-09-28-combined-model/charts/passk.csv","textbook72|k16|T0.8|nd_verify"
"robbie-factorial:abs-best-leon","factorial abs-best-leon (pre=186 recipe, rl=c005 Leon EI+guided)","9.56M","token","scratch","cap-6 train.jsonl 155k","6","rl-leon-c005","1","textbook72","72","pass_at_k_expected_solved","16","0.8","19.388","nd_verify","robbie harness judge (fork sample Lean gate 51604b3 then nd_verify); max_new 512 (abs/token: nd_verify alone)","2026-09-29","recomputed","nd-rl:robbie-experiments:experiment-summaries/2026-09-28-combined-model/charts/passk.csv","textbook72|k16|T0.8|nd_verify"
"robbie-factorial:abs-best-leon","factorial abs-best-leon (pre=186 recipe, rl=c005 Leon EI+guided)","9.56M","token","scratch","cap-6 train.jsonl 155k","6","rl-leon-c005","2","textbook72","72","pass_at_k_expected_solved","16","0.8","21.404","nd_verify","robbie harness judge (fork sample Lean gate 51604b3 then nd_verify); max_new 512 (abs/token: nd_verify alone)","2026-09-29","recomputed","nd-rl:robbie-experiments:experiment-summaries/2026-09-28-combined-model/charts/passk.csv","textbook72|k16|T0.8|nd_verify"
"robbie-factorial:abs-naive-ei","factorial abs-naive-ei (pre=012 baseline, rl=harness EI 4x1500x32)","","token","scratch","cap-6 train.jsonl 155k","6","rl-harness-EI","0","textbook72","72","pass_at_k_expected_solved","16","0.8","6.177","nd_verify","robbie harness judge (fork sample Lean gate 51604b3 then nd_verify); max_new 512 (abs/token: nd_verify alone)","2026-09-29","recomputed","nd-rl:robbie-experiments:experiment-summaries/2026-09-28-combined-model/charts/passk.csv","textbook72|k16|T0.8|nd_verify"
"robbie-factorial:abs-naive-ei","factorial abs-naive-ei (pre=012 baseline, rl=harness EI 4x1500x32)","","token","scratch","cap-6 train.jsonl 155k","6","rl-harness-EI","1","textbook72","72","pass_at_k_expected_solved","16","0.8","8.925","nd_verify","robbie harness judge (fork sample Lean gate 51604b3 then nd_verify); max_new 512 (abs/token: nd_verify alone)","2026-09-29","recomputed","nd-rl:robbie-experiments:experiment-summaries/2026-09-28-combined-model/charts/passk.csv","textbook72|k16|T0.8|nd_verify"
"robbie-factorial:abs-naive-ei","factorial abs-naive-ei (pre=012 baseline, rl=harness EI 4x1500x32)","","token","scratch","cap-6 train.jsonl 155k","6","rl-harness-EI","2","textbook72","72","pass_at_k_expected_solved","16","0.8","8.041","nd_verify","robbie harness judge (fork sample Lean gate 51604b3 then nd_verify); max_new 512 (abs/token: nd_verify alone)","2026-09-29","recomputed","nd-rl:robbie-experiments:experiment-summaries/2026-09-28-combined-model/charts/passk.csv","textbook72|k16|T0.8|nd_verify"
"robbie-factorial:abs-naive-leon","factorial abs-naive-leon (pre=012 baseline, rl=c005 Leon EI+guided)","","token","scratch","cap-6 train.jsonl 155k","6","rl-leon-c005","0","textbook72","72","pass_at_k_expected_solved","16","0.8","8.456","nd_verify","robbie harness judge (fork sample Lean gate 51604b3 then nd_verify); max_new 512 (abs/token: nd_verify alone)","2026-09-29","recomputed","nd-rl:robbie-experiments:experiment-summaries/2026-09-28-combined-model/charts/passk.csv","textbook72|k16|T0.8|nd_verify"
"robbie-factorial:abs-naive-leon","factorial abs-naive-leon (pre=012 baseline, rl=c005 Leon EI+guided)","","token","scratch","cap-6 train.jsonl 155k","6","rl-leon-c005","1","textbook72","72","pass_at_k_expected_solved","16","0.8","8.867","nd_verify","robbie harness judge (fork sample Lean gate 51604b3 then nd_verify); max_new 512 (abs/token: nd_verify alone)","2026-09-29","recomputed","nd-rl:robbie-experiments:experiment-summaries/2026-09-28-combined-model/charts/passk.csv","textbook72|k16|T0.8|nd_verify"
"robbie-factorial:abs-naive-leon","factorial abs-naive-leon (pre=012 baseline, rl=c005 Leon EI+guided)","","token","scratch","cap-6 train.jsonl 155k","6","rl-leon-c005","2","textbook72","72","pass_at_k_expected_solved","16","0.8","7.689","nd_verify","robbie harness judge (fork sample Lean gate 51604b3 then nd_verify); max_new 512 (abs/token: nd_verify alone)","2026-09-29","recomputed","nd-rl:robbie-experiments:experiment-summaries/2026-09-28-combined-model/charts/passk.csv","textbook72|k16|T0.8|nd_verify"
"robbie-combined-pipeline:c005","c005 inference=plain","9.56M","lean_seq","scratch","cap-6 train.jsonl 155k","6","tts-plain","mean(3)","textbook72","72","pass_at_k_frac","1","0.8","0.1765","lean_and_ndverify","","2026-09-29","copied","nd-rl:robbie-experiments:experiment-summaries/2026-09-28-combined-model/charts/textbook-tts.csv","textbook72|k1|T0.8|lean_and_ndverify"
"robbie-combined-pipeline:c005","c005 inference=resample","9.56M","lean_seq","scratch","cap-6 train.jsonl 155k","6","tts-resample","mean(3)","textbook72","72","pass_at_k_frac","1","0.8","0.2596","lean_and_ndverify","","2026-09-29","copied","nd-rl:robbie-experiments:experiment-summaries/2026-09-28-combined-model/charts/textbook-tts.csv","textbook72|k1|T0.8|lean_and_ndverify"
"robbie-combined-pipeline:c005","c005 inference=resample, no repeats","9.56M","lean_seq","scratch","cap-6 train.jsonl 155k","6","tts-resample, no repeats","mean(3)","textbook72","72","pass_at_k_frac","1","0.8","0.2736","lean_and_ndverify","","2026-09-29","copied","nd-rl:robbie-experiments:experiment-summaries/2026-09-28-combined-model/charts/textbook-tts.csv","textbook72|k1|T0.8|lean_and_ndverify"
"robbie-factorial:lean-best-ei","factorial lean-best-ei (pre=186 recipe, rl=harness EI 4x1500x32)","9.56M","lean_seq","scratch","cap-6 train.jsonl 155k","6","rl-harness-EI","0","textbook72","72","pass_at_k_expected_solved","1","0.8","14.047","lean_and_ndverify","robbie harness judge (fork sample Lean gate 51604b3 then nd_verify); max_new 512","2026-09-29","recomputed","nd-rl:robbie-experiments:experiment-summaries/2026-09-28-combined-model/charts/passk.csv","textbook72|k1|T0.8|lean_and_ndverify"
"robbie-factorial:lean-best-ei","factorial lean-best-ei (pre=186 recipe, rl=harness EI 4x1500x32)","9.56M","lean_seq","scratch","cap-6 train.jsonl 155k","6","rl-harness-EI","1","textbook72","72","pass_at_k_expected_solved","1","0.8","12.57","lean_and_ndverify","robbie harness judge (fork sample Lean gate 51604b3 then nd_verify); max_new 512","2026-09-29","recomputed","nd-rl:robbie-experiments:experiment-summaries/2026-09-28-combined-model/charts/passk.csv","textbook72|k1|T0.8|lean_and_ndverify"
"robbie-factorial:lean-best-ei","factorial lean-best-ei (pre=186 recipe, rl=harness EI 4x1500x32)","9.56M","lean_seq","scratch","cap-6 train.jsonl 155k","6","rl-harness-EI","2","textbook72","72","pass_at_k_expected_solved","1","0.8","12.816","lean_and_ndverify","robbie harness judge (fork sample Lean gate 51604b3 then nd_verify); max_new 512","2026-09-29","recomputed","nd-rl:robbie-experiments:experiment-summaries/2026-09-28-combined-model/charts/passk.csv","textbook72|k1|T0.8|lean_and_ndverify"
"robbie-factorial:lean-best-leon","factorial lean-best-leon (pre=186 recipe, rl=c005 Leon EI+guided)","9.56M","lean_seq","scratch","cap-6 train.jsonl 155k","6","rl-leon-c005","0","textbook72","72","pass_at_k_expected_solved","1","0.8","14.5","lean_and_ndverify","robbie harness judge (fork sample Lean gate 51604b3 then nd_verify); max_new 512","2026-09-29","recomputed","nd-rl:robbie-experiments:experiment-summaries/2026-09-28-combined-model/charts/passk.csv","textbook72|k1|T0.8|lean_and_ndverify"
"robbie-factorial:lean-best-leon","factorial lean-best-leon (pre=186 recipe, rl=c005 Leon EI+guided)","9.56M","lean_seq","scratch","cap-6 train.jsonl 155k","6","rl-leon-c005","1","textbook72","72","pass_at_k_expected_solved","1","0.8","14.984","lean_and_ndverify","robbie harness judge (fork sample Lean gate 51604b3 then nd_verify); max_new 512","2026-09-29","recomputed","nd-rl:robbie-experiments:experiment-summaries/2026-09-28-combined-model/charts/passk.csv","textbook72|k1|T0.8|lean_and_ndverify"
"robbie-factorial:lean-best-leon","factorial lean-best-leon (pre=186 recipe, rl=c005 Leon EI+guided)","9.56M","lean_seq","scratch","cap-6 train.jsonl 155k","6","rl-leon-c005","2","textbook72","72","pass_at_k_expected_solved","1","0.8","11.754","lean_and_ndverify","robbie harness judge (fork sample Lean gate 51604b3 then nd_verify); max_new 512","2026-09-29","recomputed","nd-rl:robbie-experiments:experiment-summaries/2026-09-28-combined-model/charts/passk.csv","textbook72|k1|T0.8|lean_and_ndverify"
"robbie-factorial:lean-naive-ei","factorial lean-naive-ei (pre=012 baseline, rl=harness EI 4x1500x32)","","lean_seq","scratch","cap-6 train.jsonl 155k","6","rl-harness-EI","0","textbook72","72","pass_at_k_expected_solved","1","0.8","5.094","lean_and_ndverify","robbie harness judge (fork sample Lean gate 51604b3 then nd_verify); max_new 512","2026-09-29","recomputed","nd-rl:robbie-experiments:experiment-summaries/2026-09-28-combined-model/charts/passk.csv","textbook72|k1|T0.8|lean_and_ndverify"
"robbie-factorial:lean-naive-ei","factorial lean-naive-ei (pre=012 baseline, rl=harness EI 4x1500x32)","","lean_seq","scratch","cap-6 train.jsonl 155k","6","rl-harness-EI","1","textbook72","72","pass_at_k_expected_solved","1","0.8","4.977","lean_and_ndverify","robbie harness judge (fork sample Lean gate 51604b3 then nd_verify); max_new 512","2026-09-29","recomputed","nd-rl:robbie-experiments:experiment-summaries/2026-09-28-combined-model/charts/passk.csv","textbook72|k1|T0.8|lean_and_ndverify"
"robbie-factorial:lean-naive-ei","factorial lean-naive-ei (pre=012 baseline, rl=harness EI 4x1500x32)","","lean_seq","scratch","cap-6 train.jsonl 155k","6","rl-harness-EI","2","textbook72","72","pass_at_k_expected_solved","1","0.8","3.254","lean_and_ndverify","robbie harness judge (fork sample Lean gate 51604b3 then nd_verify); max_new 512","2026-09-29","recomputed","nd-rl:robbie-experiments:experiment-summaries/2026-09-28-combined-model/charts/passk.csv","textbook72|k1|T0.8|lean_and_ndverify"
"robbie-factorial:lean-naive-leon","factorial lean-naive-leon (pre=012 baseline, rl=c005 Leon EI+guided)","","lean_seq","scratch","cap-6 train.jsonl 155k","6","rl-leon-c005","0","textbook72","72","pass_at_k_expected_solved","1","0.8","2.793","lean_and_ndverify","robbie harness judge (fork sample Lean gate 51604b3 then nd_verify); max_new 512","2026-09-29","recomputed","nd-rl:robbie-experiments:experiment-summaries/2026-09-28-combined-model/charts/passk.csv","textbook72|k1|T0.8|lean_and_ndverify"
"robbie-factorial:lean-naive-leon","factorial lean-naive-leon (pre=012 baseline, rl=c005 Leon EI+guided)","","lean_seq","scratch","cap-6 train.jsonl 155k","6","rl-leon-c005","1","textbook72","72","pass_at_k_expected_solved","1","0.8","3.379","lean_and_ndverify","robbie harness judge (fork sample Lean gate 51604b3 then nd_verify); max_new 512","2026-09-29","recomputed","nd-rl:robbie-experiments:experiment-summaries/2026-09-28-combined-model/charts/passk.csv","textbook72|k1|T0.8|lean_and_ndverify"
"robbie-factorial:lean-naive-leon","factorial lean-naive-leon (pre=012 baseline, rl=c005 Leon EI+guided)","","lean_seq","scratch","cap-6 train.jsonl 155k","6","rl-leon-c005","2","textbook72","72","pass_at_k_expected_solved","1","0.8","3.129","lean_and_ndverify","robbie harness judge (fork sample Lean gate 51604b3 then nd_verify); max_new 512","2026-09-29","recomputed","nd-rl:robbie-experiments:experiment-summaries/2026-09-28-combined-model/charts/passk.csv","textbook72|k1|T0.8|lean_and_ndverify"
"best-9.56M-cap12","la_T1_best12_s0_r8","9.56M","lean_staten","scratch","K12 155k","12","T1","0","textbook72","72","pass_at_k_expected_solved","1","0.8","28.477","lean_only","fork lean_judge (Lean 4.34 alone); state_eval in-env sampling, max_action 512 max_steps 96; seed 0; best-state read, batch 2048","2026-10-01","recomputed","hf://buckets/dan-pandori/nd-rl/best-state/artifacts/bs/eval/T1_best12_s0__tb72.jsonl","textbook72|k1|T0.8|lean_only"
"best-9.56M-cap12","la_T1_best12_s1_r8","9.56M","lean_staten","scratch","K12 155k","12","T1","1","textbook72","72","pass_at_k_expected_solved","1","0.8","28.102","lean_only","fork lean_judge (Lean 4.34 alone); state_eval in-env sampling, max_action 512 max_steps 96; seed 0; best-state read, batch 2048","2026-10-01","recomputed","hf://buckets/dan-pandori/nd-rl/best-state/artifacts/bs/eval/T1_best12_s1__tb72.jsonl","textbook72|k1|T0.8|lean_only"
"best-9.56M-cap12","la_T1_best12_s2_r8","9.56M","lean_staten","scratch","K12 155k","12","T1","2","textbook72","72","pass_at_k_expected_solved","1","0.8","28.047","lean_only","fork lean_judge (Lean 4.34 alone); state_eval in-env sampling, max_action 512 max_steps 96; seed 0; best-state read, batch 2048","2026-10-01","recomputed","hf://buckets/dan-pandori/nd-rl/best-state/artifacts/bs/eval/T1_best12_s2__tb72.jsonl","textbook72|k1|T0.8|lean_only"
"best-9.56M-cap12","stage1_best12_s0_b1200","9.56M","lean_staten","scratch","K12 155k","12","frozen","0","textbook72","72","pass_at_k_expected_solved","1","0.8","10.66","lean_only","fork lean_judge (Lean 4.34 alone); state_eval in-env sampling, max_action 512 max_steps 96; seed 0; best-state read, batch 2048","2026-09-30","recomputed","hf://buckets/dan-pandori/nd-rl/best-state/artifacts/bs/eval/Fz_best12_s0__tb72.jsonl","textbook72|k1|T0.8|lean_only"
"best-9.56M-cap12","stage1_best12_s1_b1200","9.56M","lean_staten","scratch","K12 155k","12","frozen","1","textbook72","72","pass_at_k_expected_solved","1","0.8","10.09","lean_only","fork lean_judge (Lean 4.34 alone); state_eval in-env sampling, max_action 512 max_steps 96; seed 0; best-state read, batch 2048","2026-09-30","recomputed","hf://buckets/dan-pandori/nd-rl/best-state/artifacts/bs/eval/Fz_best12_s1__tb72.jsonl","textbook72|k1|T0.8|lean_only"
"best-9.56M-cap12","stage1_best12_s2_b1200","9.56M","lean_staten","scratch","K12 155k","12","frozen","2","textbook72","72","pass_at_k_expected_solved","1","0.8","12.055","lean_only","fork lean_judge (Lean 4.34 alone); state_eval in-env sampling, max_action 512 max_steps 96; seed 0; best-state read, batch 2048","2026-09-30","recomputed","hf://buckets/dan-pandori/nd-rl/best-state/artifacts/bs/eval/Fz_best12_s2__tb72.jsonl","textbook72|k1|T0.8|lean_only"
"best-9.56M-cap12-trajectory","la_T1_best12_s0_r8","9.56M","lean_staten","scratch","K12 155k","12","T1","0","textbook72","72","pass_at_k_expected_solved","1","0.8","27.855","lean_only","fork lean_judge (Lean 4.34 alone); state_eval in-env sampling, max_action 512 max_steps 96; seed 0; sample seed x0","2026-10-01","recomputed","hf://buckets/dan-pandori/nd-rl/trajectory/artifacts/tj/eval/s0_r8__tb72_x0.jsonl","textbook72|k1|T0.8|lean_only"
"best-9.56M-cap12-trajectory","la_T1_best12_s1_r8","9.56M","lean_staten","scratch","K12 155k","12","T1","1","textbook72","72","pass_at_k_expected_solved","1","0.8","26.164","lean_only","fork lean_judge (Lean 4.34 alone); state_eval in-env sampling, max_action 512 max_steps 96; seed 0; sample seed x0","2026-10-01","recomputed","hf://buckets/dan-pandori/nd-rl/trajectory/artifacts/tj/eval/s1_r8__tb72_x0.jsonl","textbook72|k1|T0.8|lean_only"
"best-9.56M-cap12-trajectory","la_T1_best12_s2_r8","9.56M","lean_staten","scratch","K12 155k","12","T1","2","textbook72","72","pass_at_k_expected_solved","1","0.8","30.703","lean_only","fork lean_judge (Lean 4.34 alone); state_eval in-env sampling, max_action 512 max_steps 96; seed 0; sample seed x0","2026-10-01","recomputed","hf://buckets/dan-pandori/nd-rl/trajectory/artifacts/tj/eval/s2_r8__tb72_x0.jsonl","textbook72|k1|T0.8|lean_only"
"best-9.56M-cap12-trajectory","la_T1_best12_s0_p12000 r8","9.56M","lean_staten","scratch","K12 155k","12","T1-from-p12000","0","textbook72","72","pass_at_k_expected_solved","1","0.8","22.324","lean_only","fork lean_judge (Lean 4.34 alone); state_eval in-env sampling, max_action 512 max_steps 96; seed 1; sample seed x1","2026-10-02","recomputed","hf://buckets/dan-pandori/nd-rl/rl-from-ckpt/artifacts/rfc/eval/s0_p12000_r8__tb72_x1.jsonl","textbook72|k1|T0.8|lean_only"
"best-9.56M-cap12-trajectory","la_T1_best12_s1_p12000 r8","9.56M","lean_staten","scratch","K12 155k","12","T1-from-p12000","1","textbook72","72","pass_at_k_expected_solved","1","0.8","23.051","lean_only","fork lean_judge (Lean 4.34 alone); state_eval in-env sampling, max_action 512 max_steps 96; seed 1; sample seed x1","2026-10-02","recomputed","hf://buckets/dan-pandori/nd-rl/rl-from-ckpt/artifacts/rfc/eval/s1_p12000_r8__tb72_x1.jsonl","textbook72|k1|T0.8|lean_only"
"best-9.56M-cap12-trajectory","la_T1_best12_s2_p12000 r8","9.56M","lean_staten","scratch","K12 155k","12","T1-from-p12000","2","textbook72","72","pass_at_k_expected_solved","1","0.8","24.715","lean_only","fork lean_judge (Lean 4.34 alone); state_eval in-env sampling, max_action 512 max_steps 96; seed 1; sample seed x1","2026-10-02","recomputed","hf://buckets/dan-pandori/nd-rl/rl-from-ckpt/artifacts/rfc/eval/s2_p12000_r8__tb72_x1.jsonl","textbook72|k1|T0.8|lean_only"
"best-9.56M-cap12-trajectory","la_T1_best12_s0_p1600 r8","9.56M","lean_staten","scratch","K12 155k","12","T1-from-p1600","0","textbook72","72","pass_at_k_expected_solved","1","0.8","16.34","lean_only","fork lean_judge (Lean 4.34 alone); state_eval in-env sampling, max_action 512 max_steps 96; seed 1; sample seed x1","2026-10-02","recomputed","hf://buckets/dan-pandori/nd-rl/rl-from-ckpt/artifacts/rfc/eval/s0_p1600_r8__tb72_x1.jsonl","textbook72|k1|T0.8|lean_only"
"best-9.56M-cap12-trajectory","la_T1_best12_s1_p1600 r8","9.56M","lean_staten","scratch","K12 155k","12","T1-from-p1600","1","textbook72","72","pass_at_k_expected_solved","1","0.8","13.652","lean_only","fork lean_judge (Lean 4.34 alone); state_eval in-env sampling, max_action 512 max_steps 96; seed 1; sample seed x1","2026-10-02","recomputed","hf://buckets/dan-pandori/nd-rl/rl-from-ckpt/artifacts/rfc/eval/s1_p1600_r8__tb72_x1.jsonl","textbook72|k1|T0.8|lean_only"
"best-9.56M-cap12-trajectory","la_T1_best12_s2_p1600 r8","9.56M","lean_staten","scratch","K12 155k","12","T1-from-p1600","2","textbook72","72","pass_at_k_expected_solved","1","0.8","17.09","lean_only","fork lean_judge (Lean 4.34 alone); state_eval in-env sampling, max_action 512 max_steps 96; seed 1; sample seed x1","2026-10-02","recomputed","hf://buckets/dan-pandori/nd-rl/rl-from-ckpt/artifacts/rfc/eval/s2_p1600_r8__tb72_x1.jsonl","textbook72|k1|T0.8|lean_only"
"best-9.56M-cap12-trajectory","la_T1_best12_s0_p16000 r8","9.56M","lean_staten","scratch","K12 155k","12","T1-from-p16000","0","textbook72","72","pass_at_k_expected_solved","1","0.8","27.078","lean_only","fork lean_judge (Lean 4.34 alone); state_eval in-env sampling, max_action 512 max_steps 96; seed 1; sample seed x1","2026-10-02","recomputed","hf://buckets/dan-pandori/nd-rl/rl-from-ckpt/artifacts/rfc/eval/s0_p16000_r8__tb72_x1.jsonl","textbook72|k1|T0.8|lean_only"
"best-9.56M-cap12-trajectory","la_T1_best12_s1_p16000 r8","9.56M","lean_staten","scratch","K12 155k","12","T1-from-p16000","1","textbook72","72","pass_at_k_expected_solved","1","0.8","26.102","lean_only","fork lean_judge (Lean 4.34 alone); state_eval in-env sampling, max_action 512 max_steps 96; seed 1; sample seed x1","2026-10-02","recomputed","hf://buckets/dan-pandori/nd-rl/rl-from-ckpt/artifacts/rfc/eval/s1_p16000_r8__tb72_x1.jsonl","textbook72|k1|T0.8|lean_only"
"best-9.56M-cap12-trajectory","la_T1_best12_s2_p16000 r8","9.56M","lean_staten","scratch","K12 155k","12","T1-from-p16000","2","textbook72","72","pass_at_k_expected_solved","1","0.8","25.801","lean_only","fork lean_judge (Lean 4.34 alone); state_eval in-env sampling, max_action 512 max_steps 96; seed 1; sample seed x1","2026-10-02","recomputed","hf://buckets/dan-pandori/nd-rl/rl-from-ckpt/artifacts/rfc/eval/s2_p16000_r8__tb72_x1.jsonl","textbook72|k1|T0.8|lean_only"
"best-9.56M-cap12-trajectory","la_T1_best12_s0_p5000 r8","9.56M","lean_staten","scratch","K12 155k","12","T1-from-p5000","0","textbook72","72","pass_at_k_expected_solved","1","0.8","23.992","lean_only","fork lean_judge (Lean 4.34 alone); state_eval in-env sampling, max_action 512 max_steps 96; seed 1; sample seed x1","2026-10-02","recomputed","hf://buckets/dan-pandori/nd-rl/rl-from-ckpt/artifacts/rfc/eval/s0_p5000_r8__tb72_x1.jsonl","textbook72|k1|T0.8|lean_only"
"best-9.56M-cap12-trajectory","la_T1_best12_s1_p5000 r8","9.56M","lean_staten","scratch","K12 155k","12","T1-from-p5000","1","textbook72","72","pass_at_k_expected_solved","1","0.8","22.758","lean_only","fork lean_judge (Lean 4.34 alone); state_eval in-env sampling, max_action 512 max_steps 96; seed 1; sample seed x1","2026-10-02","recomputed","hf://buckets/dan-pandori/nd-rl/rl-from-ckpt/artifacts/rfc/eval/s1_p5000_r8__tb72_x1.jsonl","textbook72|k1|T0.8|lean_only"
"best-9.56M-cap12-trajectory","la_T1_best12_s2_p5000 r8","9.56M","lean_staten","scratch","K12 155k","12","T1-from-p5000","2","textbook72","72","pass_at_k_expected_solved","1","0.8","24.074","lean_only","fork lean_judge (Lean 4.34 alone); state_eval in-env sampling, max_action 512 max_steps 96; seed 1; sample seed x1","2026-10-02","recomputed","hf://buckets/dan-pandori/nd-rl/rl-from-ckpt/artifacts/rfc/eval/s2_p5000_r8__tb72_x1.jsonl","textbook72|k1|T0.8|lean_only"
"best-9.56M-cap12-trajectory","stage1_best12_s0_p0","9.56M","lean_staten","scratch","K12 155k","12","frozen@p0","0","textbook72","72","pass_at_k_expected_solved","1","0.8","0.0","lean_only","fork lean_judge (Lean 4.34 alone); state_eval in-env sampling, max_action 512 max_steps 96; seed 0; sample seed x0","","recomputed","hf://buckets/dan-pandori/nd-rl/trajectory/artifacts/tj/eval/s0_p0__tb72_x0.jsonl","textbook72|k1|T0.8|lean_only"
"best-9.56M-cap12-trajectory","stage1_best12_s1_p0","9.56M","lean_staten","scratch","K12 155k","12","frozen@p0","1","textbook72","72","pass_at_k_expected_solved","1","0.8","0.0","lean_only","fork lean_judge (Lean 4.34 alone); state_eval in-env sampling, max_action 512 max_steps 96; seed 0; sample seed x0","","recomputed","hf://buckets/dan-pandori/nd-rl/trajectory/artifacts/tj/eval/s1_p0__tb72_x0.jsonl","textbook72|k1|T0.8|lean_only"
"best-9.56M-cap12-trajectory","stage1_best12_s2_p0","9.56M","lean_staten","scratch","K12 155k","12","frozen@p0","2","textbook72","72","pass_at_k_expected_solved","1","0.8","0.0","lean_only","fork lean_judge (Lean 4.34 alone); state_eval in-env sampling, max_action 512 max_steps 96; seed 0; sample seed x0","","recomputed","hf://buckets/dan-pandori/nd-rl/trajectory/artifacts/tj/eval/s2_p0__tb72_x0.jsonl","textbook72|k1|T0.8|lean_only"
"best-9.56M-cap12-trajectory","stage1_best12_s0_p100","9.56M","lean_staten","scratch","K12 155k","12","frozen@p100","0","textbook72","72","pass_at_k_expected_solved","1","0.8","0.0","lean_only","fork lean_judge (Lean 4.34 alone); state_eval in-env sampling, max_action 512 max_steps 96; seed 0; sample seed x0","","recomputed","hf://buckets/dan-pandori/nd-rl/trajectory/artifacts/tj/eval/s0_p100__tb72_x0.jsonl","textbook72|k1|T0.8|lean_only"
"best-9.56M-cap12-trajectory","stage1_best12_s1_p100","9.56M","lean_staten","scratch","K12 155k","12","frozen@p100","1","textbook72","72","pass_at_k_expected_solved","1","0.8","0.0","lean_only","fork lean_judge (Lean 4.34 alone); state_eval in-env sampling, max_action 512 max_steps 96; seed 0; sample seed x0","","recomputed","hf://buckets/dan-pandori/nd-rl/trajectory/artifacts/tj/eval/s1_p100__tb72_x0.jsonl","textbook72|k1|T0.8|lean_only"
"best-9.56M-cap12-trajectory","stage1_best12_s2_p100","9.56M","lean_staten","scratch","K12 155k","12","frozen@p100","2","textbook72","72","pass_at_k_expected_solved","1","0.8","0.0","lean_only","fork lean_judge (Lean 4.34 alone); state_eval in-env sampling, max_action 512 max_steps 96; seed 0; sample seed x0","","recomputed","hf://buckets/dan-pandori/nd-rl/trajectory/artifacts/tj/eval/s2_p100__tb72_x0.jsonl","textbook72|k1|T0.8|lean_only"
"best-9.56M-cap12-trajectory","stage1_best12_s0_p12000","9.56M","lean_staten","scratch","K12 155k","12","frozen@p12000","0","textbook72","72","pass_at_k_expected_solved","1","0.8","6.602","lean_only","fork lean_judge (Lean 4.34 alone); state_eval in-env sampling, max_action 512 max_steps 96; seed 0; sample seed x0","","recomputed","hf://buckets/dan-pandori/nd-rl/trajectory/artifacts/tj/eval/s0_p12000__tb72_x0.jsonl","textbook72|k1|T0.8|lean_only"
"best-9.56M-cap12-trajectory","stage1_best12_s1_p12000","9.56M","lean_staten","scratch","K12 155k","12","frozen@p12000","1","textbook72","72","pass_at_k_expected_solved","1","0.8","5.684","lean_only","fork lean_judge (Lean 4.34 alone); state_eval in-env sampling, max_action 512 max_steps 96; seed 0; sample seed x0","","recomputed","hf://buckets/dan-pandori/nd-rl/trajectory/artifacts/tj/eval/s1_p12000__tb72_x0.jsonl","textbook72|k1|T0.8|lean_only"
"best-9.56M-cap12-trajectory","stage1_best12_s2_p12000","9.56M","lean_staten","scratch","K12 155k","12","frozen@p12000","2","textbook72","72","pass_at_k_expected_solved","1","0.8","7.098","lean_only","fork lean_judge (Lean 4.34 alone); state_eval in-env sampling, max_action 512 max_steps 96; seed 0; sample seed x0","","recomputed","hf://buckets/dan-pandori/nd-rl/trajectory/artifacts/tj/eval/s2_p12000__tb72_x0.jsonl","textbook72|k1|T0.8|lean_only"
"best-9.56M-cap12-trajectory","stage1_best12_s0_p1600","9.56M","lean_staten","scratch","K12 155k","12","frozen@p1600","0","textbook72","72","pass_at_k_expected_solved","1","0.8","4.145","lean_only","fork lean_judge (Lean 4.34 alone); state_eval in-env sampling, max_action 512 max_steps 96; seed 0; sample seed x0","","recomputed","hf://buckets/dan-pandori/nd-rl/trajectory/artifacts/tj/eval/s0_p1600__tb72_x0.jsonl","textbook72|k1|T0.8|lean_only"
"best-9.56M-cap12-trajectory","stage1_best12_s1_p1600","9.56M","lean_staten","scratch","K12 155k","12","frozen@p1600","1","textbook72","72","pass_at_k_expected_solved","1","0.8","3.492","lean_only","fork lean_judge (Lean 4.34 alone); state_eval in-env sampling, max_action 512 max_steps 96; seed 0; sample seed x0","","recomputed","hf://buckets/dan-pandori/nd-rl/trajectory/artifacts/tj/eval/s1_p1600__tb72_x0.jsonl","textbook72|k1|T0.8|lean_only"
"best-9.56M-cap12-trajectory","stage1_best12_s2_p1600","9.56M","lean_staten","scratch","K12 155k","12","frozen@p1600","2","textbook72","72","pass_at_k_expected_solved","1","0.8","4.184","lean_only","fork lean_judge (Lean 4.34 alone); state_eval in-env sampling, max_action 512 max_steps 96; seed 0; sample seed x0","","recomputed","hf://buckets/dan-pandori/nd-rl/trajectory/artifacts/tj/eval/s2_p1600__tb72_x0.jsonl","textbook72|k1|T0.8|lean_only"
"best-9.56M-cap12-trajectory","stage1_best12_s0_p16000","9.56M","lean_staten","scratch","K12 155k","12","frozen@p16000","0","textbook72","72","pass_at_k_expected_solved","1","0.8","8.941","lean_only","fork lean_judge (Lean 4.34 alone); state_eval in-env sampling, max_action 512 max_steps 96; seed 0; sample seed x0","2026-10-01","recomputed","hf://buckets/dan-pandori/nd-rl/trajectory/artifacts/tj/eval/s0_p16000__tb72_x0.jsonl","textbook72|k1|T0.8|lean_only"
"best-9.56M-cap12-trajectory","stage1_best12_s1_p16000","9.56M","lean_staten","scratch","K12 155k","12","frozen@p16000","1","textbook72","72","pass_at_k_expected_solved","1","0.8","11.152","lean_only","fork lean_judge (Lean 4.34 alone); state_eval in-env sampling, max_action 512 max_steps 96; seed 0; sample seed x0","","recomputed","hf://buckets/dan-pandori/nd-rl/trajectory/artifacts/tj/eval/s1_p16000__tb72_x0.jsonl","textbook72|k1|T0.8|lean_only"
"best-9.56M-cap12-trajectory","stage1_best12_s2_p16000","9.56M","lean_staten","scratch","K12 155k","12","frozen@p16000","2","textbook72","72","pass_at_k_expected_solved","1","0.8","10.465","lean_only","fork lean_judge (Lean 4.34 alone); state_eval in-env sampling, max_action 512 max_steps 96; seed 0; sample seed x0","","recomputed","hf://buckets/dan-pandori/nd-rl/trajectory/artifacts/tj/eval/s2_p16000__tb72_x0.jsonl","textbook72|k1|T0.8|lean_only"
"best-9.56M-cap12-trajectory","stage1_best12_s0_p200","9.56M","lean_staten","scratch","K12 155k","12","frozen@p200","0","textbook72","72","pass_at_k_expected_solved","1","0.8","0.023","lean_only","fork lean_judge (Lean 4.34 alone); state_eval in-env sampling, max_action 512 max_steps 96; seed 0; sample seed x0","","recomputed","hf://buckets/dan-pandori/nd-rl/trajectory/artifacts/tj/eval/s0_p200__tb72_x0.jsonl","textbook72|k1|T0.8|lean_only"
"best-9.56M-cap12-trajectory","stage1_best12_s1_p200","9.56M","lean_staten","scratch","K12 155k","12","frozen@p200","1","textbook72","72","pass_at_k_expected_solved","1","0.8","0.051","lean_only","fork lean_judge (Lean 4.34 alone); state_eval in-env sampling, max_action 512 max_steps 96; seed 0; sample seed x0","","recomputed","hf://buckets/dan-pandori/nd-rl/trajectory/artifacts/tj/eval/s1_p200__tb72_x0.jsonl","textbook72|k1|T0.8|lean_only"
"best-9.56M-cap12-trajectory","stage1_best12_s2_p200","9.56M","lean_staten","scratch","K12 155k","12","frozen@p200","2","textbook72","72","pass_at_k_expected_solved","1","0.8","0.008","lean_only","fork lean_judge (Lean 4.34 alone); state_eval in-env sampling, max_action 512 max_steps 96; seed 0; sample seed x0","","recomputed","hf://buckets/dan-pandori/nd-rl/trajectory/artifacts/tj/eval/s2_p200__tb72_x0.jsonl","textbook72|k1|T0.8|lean_only"
"best-9.56M-cap12-trajectory","stage1_best12_s0_p20000","9.56M","lean_staten","scratch","K12 155k","12","frozen@p20000","0","textbook72","72","pass_at_k_expected_solved","1","0.8","8.59","lean_only","fork lean_judge (Lean 4.34 alone); state_eval in-env sampling, max_action 512 max_steps 96; seed 0; sample seed x0","","recomputed","hf://buckets/dan-pandori/nd-rl/trajectory/artifacts/tj/eval/s0_p20000__tb72_x0.jsonl","textbook72|k1|T0.8|lean_only"
"best-9.56M-cap12-trajectory","stage1_best12_s1_p20000","9.56M","lean_staten","scratch","K12 155k","12","frozen@p20000","1","textbook72","72","pass_at_k_expected_solved","1","0.8","8.637","lean_only","fork lean_judge (Lean 4.34 alone); state_eval in-env sampling, max_action 512 max_steps 96; seed 0; sample seed x0","","recomputed","hf://buckets/dan-pandori/nd-rl/trajectory/artifacts/tj/eval/s1_p20000__tb72_x0.jsonl","textbook72|k1|T0.8|lean_only"
"best-9.56M-cap12-trajectory","stage1_best12_s2_p20000","9.56M","lean_staten","scratch","K12 155k","12","frozen@p20000","2","textbook72","72","pass_at_k_expected_solved","1","0.8","10.621","lean_only","fork lean_judge (Lean 4.34 alone); state_eval in-env sampling, max_action 512 max_steps 96; seed 0; sample seed x0","","recomputed","hf://buckets/dan-pandori/nd-rl/trajectory/artifacts/tj/eval/s2_p20000__tb72_x0.jsonl","textbook72|k1|T0.8|lean_only"
"best-9.56M-cap12-trajectory","stage1_best12_s0_p3000","9.56M","lean_staten","scratch","K12 155k","12","frozen@p3000","0","textbook72","72","pass_at_k_expected_solved","1","0.8","6.281","lean_only","fork lean_judge (Lean 4.34 alone); state_eval in-env sampling, max_action 512 max_steps 96; seed 0; sample seed x0","","recomputed","hf://buckets/dan-pandori/nd-rl/trajectory/artifacts/tj/eval/s0_p3000__tb72_x0.jsonl","textbook72|k1|T0.8|lean_only"
"best-9.56M-cap12-trajectory","stage1_best12_s1_p3000","9.56M","lean_staten","scratch","K12 155k","12","frozen@p3000","1","textbook72","72","pass_at_k_expected_solved","1","0.8","4.27","lean_only","fork lean_judge (Lean 4.34 alone); state_eval in-env sampling, max_action 512 max_steps 96; seed 0; sample seed x0","","recomputed","hf://buckets/dan-pandori/nd-rl/trajectory/artifacts/tj/eval/s1_p3000__tb72_x0.jsonl","textbook72|k1|T0.8|lean_only"
"best-9.56M-cap12-trajectory","stage1_best12_s2_p3000","9.56M","lean_staten","scratch","K12 155k","12","frozen@p3000","2","textbook72","72","pass_at_k_expected_solved","1","0.8","5.547","lean_only","fork lean_judge (Lean 4.34 alone); state_eval in-env sampling, max_action 512 max_steps 96; seed 0; sample seed x0","","recomputed","hf://buckets/dan-pandori/nd-rl/trajectory/artifacts/tj/eval/s2_p3000__tb72_x0.jsonl","textbook72|k1|T0.8|lean_only"
"best-9.56M-cap12-trajectory","stage1_best12_s0_p400","9.56M","lean_staten","scratch","K12 155k","12","frozen@p400","0","textbook72","72","pass_at_k_expected_solved","1","0.8","0.617","lean_only","fork lean_judge (Lean 4.34 alone); state_eval in-env sampling, max_action 512 max_steps 96; seed 0; sample seed x0","","recomputed","hf://buckets/dan-pandori/nd-rl/trajectory/artifacts/tj/eval/s0_p400__tb72_x0.jsonl","textbook72|k1|T0.8|lean_only"
"best-9.56M-cap12-trajectory","stage1_best12_s1_p400","9.56M","lean_staten","scratch","K12 155k","12","frozen@p400","1","textbook72","72","pass_at_k_expected_solved","1","0.8","0.742","lean_only","fork lean_judge (Lean 4.34 alone); state_eval in-env sampling, max_action 512 max_steps 96; seed 0; sample seed x0","","recomputed","hf://buckets/dan-pandori/nd-rl/trajectory/artifacts/tj/eval/s1_p400__tb72_x0.jsonl","textbook72|k1|T0.8|lean_only"
"best-9.56M-cap12-trajectory","stage1_best12_s2_p400","9.56M","lean_staten","scratch","K12 155k","12","frozen@p400","2","textbook72","72","pass_at_k_expected_solved","1","0.8","1.152","lean_only","fork lean_judge (Lean 4.34 alone); state_eval in-env sampling, max_action 512 max_steps 96; seed 0; sample seed x0","","recomputed","hf://buckets/dan-pandori/nd-rl/trajectory/artifacts/tj/eval/s2_p400__tb72_x0.jsonl","textbook72|k1|T0.8|lean_only"
"best-9.56M-cap12-trajectory","stage1_best12_s0_p50","9.56M","lean_staten","scratch","K12 155k","12","frozen@p50","0","textbook72","72","pass_at_k_expected_solved","1","0.8","0.0","lean_only","fork lean_judge (Lean 4.34 alone); state_eval in-env sampling, max_action 512 max_steps 96; seed 0; sample seed x0","","recomputed","hf://buckets/dan-pandori/nd-rl/trajectory/artifacts/tj/eval/s0_p50__tb72_x0.jsonl","textbook72|k1|T0.8|lean_only"
"best-9.56M-cap12-trajectory","stage1_best12_s1_p50","9.56M","lean_staten","scratch","K12 155k","12","frozen@p50","1","textbook72","72","pass_at_k_expected_solved","1","0.8","0.0","lean_only","fork lean_judge (Lean 4.34 alone); state_eval in-env sampling, max_action 512 max_steps 96; seed 0; sample seed x0","","recomputed","hf://buckets/dan-pandori/nd-rl/trajectory/artifacts/tj/eval/s1_p50__tb72_x0.jsonl","textbook72|k1|T0.8|lean_only"
"best-9.56M-cap12-trajectory","stage1_best12_s2_p50","9.56M","lean_staten","scratch","K12 155k","12","frozen@p50","2","textbook72","72","pass_at_k_expected_solved","1","0.8","0.0","lean_only","fork lean_judge (Lean 4.34 alone); state_eval in-env sampling, max_action 512 max_steps 96; seed 0; sample seed x0","","recomputed","hf://buckets/dan-pandori/nd-rl/trajectory/artifacts/tj/eval/s2_p50__tb72_x0.jsonl","textbook72|k1|T0.8|lean_only"
"best-9.56M-cap12-trajectory","stage1_best12_s0_p5000","9.56M","lean_staten","scratch","K12 155k","12","frozen@p5000","0","textbook72","72","pass_at_k_expected_solved","1","0.8","7.16","lean_only","fork lean_judge (Lean 4.34 alone); state_eval in-env sampling, max_action 512 max_steps 96; seed 0; sample seed x0","","recomputed","hf://buckets/dan-pandori/nd-rl/trajectory/artifacts/tj/eval/s0_p5000__tb72_x0.jsonl","textbook72|k1|T0.8|lean_only"
"best-9.56M-cap12-trajectory","stage1_best12_s1_p5000","9.56M","lean_staten","scratch","K12 155k","12","frozen@p5000","1","textbook72","72","pass_at_k_expected_solved","1","0.8","7.668","lean_only","fork lean_judge (Lean 4.34 alone); state_eval in-env sampling, max_action 512 max_steps 96; seed 0; sample seed x0","","recomputed","hf://buckets/dan-pandori/nd-rl/trajectory/artifacts/tj/eval/s1_p5000__tb72_x0.jsonl","textbook72|k1|T0.8|lean_only"
"best-9.56M-cap12-trajectory","stage1_best12_s2_p5000","9.56M","lean_staten","scratch","K12 155k","12","frozen@p5000","2","textbook72","72","pass_at_k_expected_solved","1","0.8","6.172","lean_only","fork lean_judge (Lean 4.34 alone); state_eval in-env sampling, max_action 512 max_steps 96; seed 0; sample seed x0","","recomputed","hf://buckets/dan-pandori/nd-rl/trajectory/artifacts/tj/eval/s2_p5000__tb72_x0.jsonl","textbook72|k1|T0.8|lean_only"
"best-9.56M-cap12-trajectory","stage1_best12_s0_p800","9.56M","lean_staten","scratch","K12 155k","12","frozen@p800","0","textbook72","72","pass_at_k_expected_solved","1","0.8","3.406","lean_only","fork lean_judge (Lean 4.34 alone); state_eval in-env sampling, max_action 512 max_steps 96; seed 0; sample seed x0","","recomputed","hf://buckets/dan-pandori/nd-rl/trajectory/artifacts/tj/eval/s0_p800__tb72_x0.jsonl","textbook72|k1|T0.8|lean_only"
"best-9.56M-cap12-trajectory","stage1_best12_s1_p800","9.56M","lean_staten","scratch","K12 155k","12","frozen@p800","1","textbook72","72","pass_at_k_expected_solved","1","0.8","3.125","lean_only","fork lean_judge (Lean 4.34 alone); state_eval in-env sampling, max_action 512 max_steps 96; seed 0; sample seed x0","","recomputed","hf://buckets/dan-pandori/nd-rl/trajectory/artifacts/tj/eval/s1_p800__tb72_x0.jsonl","textbook72|k1|T0.8|lean_only"
"best-9.56M-cap12-trajectory","stage1_best12_s2_p800","9.56M","lean_staten","scratch","K12 155k","12","frozen@p800","2","textbook72","72","pass_at_k_expected_solved","1","0.8","2.465","lean_only","fork lean_judge (Lean 4.34 alone); state_eval in-env sampling, max_action 512 max_steps 96; seed 0; sample seed x0","","recomputed","hf://buckets/dan-pandori/nd-rl/trajectory/artifacts/tj/eval/s2_p800__tb72_x0.jsonl","textbook72|k1|T0.8|lean_only"
"best-9.56M-cap12-trajectory","stage1_best12_s0_p8000","9.56M","lean_staten","scratch","K12 155k","12","frozen@p8000","0","textbook72","72","pass_at_k_expected_solved","1","0.8","7.051","lean_only","fork lean_judge (Lean 4.34 alone); state_eval in-env sampling, max_action 512 max_steps 96; seed 0; sample seed x0","","recomputed","hf://buckets/dan-pandori/nd-rl/trajectory/artifacts/tj/eval/s0_p8000__tb72_x0.jsonl","textbook72|k1|T0.8|lean_only"
"best-9.56M-cap12-trajectory","stage1_best12_s1_p8000","9.56M","lean_staten","scratch","K12 155k","12","frozen@p8000","1","textbook72","72","pass_at_k_expected_solved","1","0.8","8.469","lean_only","fork lean_judge (Lean 4.34 alone); state_eval in-env sampling, max_action 512 max_steps 96; seed 0; sample seed x0","","recomputed","hf://buckets/dan-pandori/nd-rl/trajectory/artifacts/tj/eval/s1_p8000__tb72_x0.jsonl","textbook72|k1|T0.8|lean_only"
"best-9.56M-cap12-trajectory","stage1_best12_s2_p8000","9.56M","lean_staten","scratch","K12 155k","12","frozen@p8000","2","textbook72","72","pass_at_k_expected_solved","1","0.8","7.391","lean_only","fork lean_judge (Lean 4.34 alone); state_eval in-env sampling, max_action 512 max_steps 96; seed 0; sample seed x0","","recomputed","hf://buckets/dan-pandori/nd-rl/trajectory/artifacts/tj/eval/s2_p8000__tb72_x0.jsonl","textbook72|k1|T0.8|lean_only"
"best-9.56M-cap12-trajectory","stage1_best12_s0_pend","9.56M","lean_staten","scratch","K12 155k","12","frozen@pend","0","textbook72","72","pass_at_k_expected_solved","1","0.8","12.027","lean_only","fork lean_judge (Lean 4.34 alone); state_eval in-env sampling, max_action 512 max_steps 96; seed 0; sample seed x0","2026-10-01","recomputed","hf://buckets/dan-pandori/nd-rl/trajectory/artifacts/tj/eval/s0_pend__tb72_x0.jsonl","textbook72|k1|T0.8|lean_only"
"best-9.56M-cap12-trajectory","stage1_best12_s1_pend","9.56M","lean_staten","scratch","K12 155k","12","frozen@pend","1","textbook72","72","pass_at_k_expected_solved","1","0.8","11.605","lean_only","fork lean_judge (Lean 4.34 alone); state_eval in-env sampling, max_action 512 max_steps 96; seed 0; sample seed x0","2026-10-01","recomputed","hf://buckets/dan-pandori/nd-rl/trajectory/artifacts/tj/eval/s1_pend__tb72_x0.jsonl","textbook72|k1|T0.8|lean_only"
"best-9.56M-cap12-trajectory","stage1_best12_s2_pend","9.56M","lean_staten","scratch","K12 155k","12","frozen@pend","2","textbook72","72","pass_at_k_expected_solved","1","0.8","12.598","lean_only","fork lean_judge (Lean 4.34 alone); state_eval in-env sampling, max_action 512 max_steps 96; seed 0; sample seed x0","2026-10-01","recomputed","hf://buckets/dan-pandori/nd-rl/trajectory/artifacts/tj/eval/s2_pend__tb72_x0.jsonl","textbook72|k1|T0.8|lean_only"
"best-9.56M-cap12-trajectory","rc_best12_s0_p12000 r8","9.56M","lean_staten","scratch","K12 155k","12","replay-only-from-p12000","0","textbook72","72","pass_at_k_expected_solved","1","0.8","16.473","lean_only","fork lean_judge (Lean 4.34 alone); state_eval in-env sampling, max_action 512 max_steps 96; seed 1; sample seed x1","2026-10-02","recomputed","hf://buckets/dan-pandori/nd-rl/rl-from-ckpt/artifacts/rfc/eval/c0_p12000_r8__tb72_x1.jsonl","textbook72|k1|T0.8|lean_only"
"best-9.56M-cap12-trajectory","rc_best12_s1_p12000 r8","9.56M","lean_staten","scratch","K12 155k","12","replay-only-from-p12000","1","textbook72","72","pass_at_k_expected_solved","1","0.8","16.809","lean_only","fork lean_judge (Lean 4.34 alone); state_eval in-env sampling, max_action 512 max_steps 96; seed 1; sample seed x1","2026-10-02","recomputed","hf://buckets/dan-pandori/nd-rl/rl-from-ckpt/artifacts/rfc/eval/c1_p12000_r8__tb72_x1.jsonl","textbook72|k1|T0.8|lean_only"
"best-9.56M-cap12-trajectory","rc_best12_s2_p12000 r8","9.56M","lean_staten","scratch","K12 155k","12","replay-only-from-p12000","2","textbook72","72","pass_at_k_expected_solved","1","0.8","14.527","lean_only","fork lean_judge (Lean 4.34 alone); state_eval in-env sampling, max_action 512 max_steps 96; seed 1; sample seed x1","2026-10-02","recomputed","hf://buckets/dan-pandori/nd-rl/rl-from-ckpt/artifacts/rfc/eval/c2_p12000_r8__tb72_x1.jsonl","textbook72|k1|T0.8|lean_only"
"best-9.56M-cap12-trajectory","rc_best12_s0_p1600 r8","9.56M","lean_staten","scratch","K12 155k","12","replay-only-from-p1600","0","textbook72","72","pass_at_k_expected_solved","1","0.8","14.0","lean_only","fork lean_judge (Lean 4.34 alone); state_eval in-env sampling, max_action 512 max_steps 96; seed 1; sample seed x1","2026-10-02","recomputed","hf://buckets/dan-pandori/nd-rl/rl-from-ckpt/artifacts/rfc/eval/c0_p1600_r8__tb72_x1.jsonl","textbook72|k1|T0.8|lean_only"
"best-9.56M-cap12-trajectory","rc_best12_s1_p1600 r8","9.56M","lean_staten","scratch","K12 155k","12","replay-only-from-p1600","1","textbook72","72","pass_at_k_expected_solved","1","0.8","11.336","lean_only","fork lean_judge (Lean 4.34 alone); state_eval in-env sampling, max_action 512 max_steps 96; seed 1; sample seed x1","2026-10-02","recomputed","hf://buckets/dan-pandori/nd-rl/rl-from-ckpt/artifacts/rfc/eval/c1_p1600_r8__tb72_x1.jsonl","textbook72|k1|T0.8|lean_only"
"best-9.56M-cap12-trajectory","rc_best12_s2_p1600 r8","9.56M","lean_staten","scratch","K12 155k","12","replay-only-from-p1600","2","textbook72","72","pass_at_k_expected_solved","1","0.8","14.949","lean_only","fork lean_judge (Lean 4.34 alone); state_eval in-env sampling, max_action 512 max_steps 96; seed 1; sample seed x1","2026-10-02","recomputed","hf://buckets/dan-pandori/nd-rl/rl-from-ckpt/artifacts/rfc/eval/c2_p1600_r8__tb72_x1.jsonl","textbook72|k1|T0.8|lean_only"
"best-9.56M-cap12-trajectory","rc_best12_s0_p16000 r8","9.56M","lean_staten","scratch","K12 155k","12","replay-only-from-p16000","0","textbook72","72","pass_at_k_expected_solved","1","0.8","16.195","lean_only","fork lean_judge (Lean 4.34 alone); state_eval in-env sampling, max_action 512 max_steps 96; seed 1; sample seed x1","2026-10-02","recomputed","hf://buckets/dan-pandori/nd-rl/rl-from-ckpt/artifacts/rfc/eval/c0_p16000_r8__tb72_x1.jsonl","textbook72|k1|T0.8|lean_only"
"best-9.56M-cap12-trajectory","rc_best12_s1_p16000 r8","9.56M","lean_staten","scratch","K12 155k","12","replay-only-from-p16000","1","textbook72","72","pass_at_k_expected_solved","1","0.8","18.5","lean_only","fork lean_judge (Lean 4.34 alone); state_eval in-env sampling, max_action 512 max_steps 96; seed 1; sample seed x1","2026-10-02","recomputed","hf://buckets/dan-pandori/nd-rl/rl-from-ckpt/artifacts/rfc/eval/c1_p16000_r8__tb72_x1.jsonl","textbook72|k1|T0.8|lean_only"
"best-9.56M-cap12-trajectory","rc_best12_s2_p16000 r8","9.56M","lean_staten","scratch","K12 155k","12","replay-only-from-p16000","2","textbook72","72","pass_at_k_expected_solved","1","0.8","18.566","lean_only","fork lean_judge (Lean 4.34 alone); state_eval in-env sampling, max_action 512 max_steps 96; seed 1; sample seed x1","2026-10-02","recomputed","hf://buckets/dan-pandori/nd-rl/rl-from-ckpt/artifacts/rfc/eval/c2_p16000_r8__tb72_x1.jsonl","textbook72|k1|T0.8|lean_only"
"best-9.56M-cap12-trajectory","rc_best12_s0_p5000 r8","9.56M","lean_staten","scratch","K12 155k","12","replay-only-from-p5000","0","textbook72","72","pass_at_k_expected_solved","1","0.8","12.746","lean_only","fork lean_judge (Lean 4.34 alone); state_eval in-env sampling, max_action 512 max_steps 96; seed 1; sample seed x1","2026-10-02","recomputed","hf://buckets/dan-pandori/nd-rl/rl-from-ckpt/artifacts/rfc/eval/c0_p5000_r8__tb72_x1.jsonl","textbook72|k1|T0.8|lean_only"
"best-9.56M-cap12-trajectory","rc_best12_s1_p5000 r8","9.56M","lean_staten","scratch","K12 155k","12","replay-only-from-p5000","1","textbook72","72","pass_at_k_expected_solved","1","0.8","13.633","lean_only","fork lean_judge (Lean 4.34 alone); state_eval in-env sampling, max_action 512 max_steps 96; seed 1; sample seed x1","2026-10-02","recomputed","hf://buckets/dan-pandori/nd-rl/rl-from-ckpt/artifacts/rfc/eval/c1_p5000_r8__tb72_x1.jsonl","textbook72|k1|T0.8|lean_only"
"best-9.56M-cap12-trajectory","rc_best12_s2_p5000 r8","9.56M","lean_staten","scratch","K12 155k","12","replay-only-from-p5000","2","textbook72","72","pass_at_k_expected_solved","1","0.8","15.281","lean_only","fork lean_judge (Lean 4.34 alone); state_eval in-env sampling, max_action 512 max_steps 96; seed 1; sample seed x1","2026-10-02","recomputed","hf://buckets/dan-pandori/nd-rl/rl-from-ckpt/artifacts/rfc/eval/c2_p5000_r8__tb72_x1.jsonl","textbook72|k1|T0.8|lean_only"
"best-9.56M-cap12-trajectory","rc_best12_s0_pend r8","9.56M","lean_staten","scratch","K12 155k","12","replay-only-from-pend","0","textbook72","72","pass_at_k_expected_solved","1","0.8","20.59","lean_only","fork lean_judge (Lean 4.34 alone); state_eval in-env sampling, max_action 512 max_steps 96; seed 1; sample seed x1","2026-10-02","recomputed","hf://buckets/dan-pandori/nd-rl/rl-from-ckpt/artifacts/rfc/eval/c0_pend_r8__tb72_x1.jsonl","textbook72|k1|T0.8|lean_only"
"best-9.56M-cap12-trajectory","rc_best12_s1_pend r8","9.56M","lean_staten","scratch","K12 155k","12","replay-only-from-pend","1","textbook72","72","pass_at_k_expected_solved","1","0.8","16.816","lean_only","fork lean_judge (Lean 4.34 alone); state_eval in-env sampling, max_action 512 max_steps 96; seed 1; sample seed x1","2026-10-02","recomputed","hf://buckets/dan-pandori/nd-rl/rl-from-ckpt/artifacts/rfc/eval/c1_pend_r8__tb72_x1.jsonl","textbook72|k1|T0.8|lean_only"
"best-9.56M-cap12-trajectory","rc_best12_s2_pend r8","9.56M","lean_staten","scratch","K12 155k","12","replay-only-from-pend","2","textbook72","72","pass_at_k_expected_solved","1","0.8","18.305","lean_only","fork lean_judge (Lean 4.34 alone); state_eval in-env sampling, max_action 512 max_steps 96; seed 1; sample seed x1","2026-10-02","recomputed","hf://buckets/dan-pandori/nd-rl/rl-from-ckpt/artifacts/rfc/eval/c2_pend_r8__tb72_x1.jsonl","textbook72|k1|T0.8|lean_only"
"best-9.56M-cap12-trajectory","la_T1_best12_s0_r1","9.56M","lean_staten","scratch","K12 155k","12","rl1","0","textbook72","72","pass_at_k_expected_solved","1","0.8","20.32","lean_only","fork lean_judge (Lean 4.34 alone); state_eval in-env sampling, max_action 512 max_steps 96; seed 0; sample seed x0","2026-10-01","recomputed","hf://buckets/dan-pandori/nd-rl/trajectory/artifacts/tj/eval/s0_r1__tb72_x0.jsonl","textbook72|k1|T0.8|lean_only"
"best-9.56M-cap12-trajectory","la_T1_best12_s1_r1","9.56M","lean_staten","scratch","K12 155k","12","rl1","1","textbook72","72","pass_at_k_expected_solved","1","0.8","20.141","lean_only","fork lean_judge (Lean 4.34 alone); state_eval in-env sampling, max_action 512 max_steps 96; seed 0; sample seed x0","2026-10-01","recomputed","hf://buckets/dan-pandori/nd-rl/trajectory/artifacts/tj/eval/s1_r1__tb72_x0.jsonl","textbook72|k1|T0.8|lean_only"
"best-9.56M-cap12-trajectory","la_T1_best12_s2_r1","9.56M","lean_staten","scratch","K12 155k","12","rl1","2","textbook72","72","pass_at_k_expected_solved","1","0.8","22.789","lean_only","fork lean_judge (Lean 4.34 alone); state_eval in-env sampling, max_action 512 max_steps 96; seed 0; sample seed x0","","recomputed","hf://buckets/dan-pandori/nd-rl/trajectory/artifacts/tj/eval/s2_r1__tb72_x0.jsonl","textbook72|k1|T0.8|lean_only"
"best-9.56M-cap12-trajectory","la_T1_best12_s0_r2","9.56M","lean_staten","scratch","K12 155k","12","rl2","0","textbook72","72","pass_at_k_expected_solved","1","0.8","22.629","lean_only","fork lean_judge (Lean 4.34 alone); state_eval in-env sampling, max_action 512 max_steps 96; seed 0; sample seed x0","2026-10-01","recomputed","hf://buckets/dan-pandori/nd-rl/trajectory/artifacts/tj/eval/s0_r2__tb72_x0.jsonl","textbook72|k1|T0.8|lean_only"
"best-9.56M-cap12-trajectory","la_T1_best12_s1_r2","9.56M","lean_staten","scratch","K12 155k","12","rl2","1","textbook72","72","pass_at_k_expected_solved","1","0.8","22.566","lean_only","fork lean_judge (Lean 4.34 alone); state_eval in-env sampling, max_action 512 max_steps 96; seed 0; sample seed x0","","recomputed","hf://buckets/dan-pandori/nd-rl/trajectory/artifacts/tj/eval/s1_r2__tb72_x0.jsonl","textbook72|k1|T0.8|lean_only"
"best-9.56M-cap12-trajectory","la_T1_best12_s2_r2","9.56M","lean_staten","scratch","K12 155k","12","rl2","2","textbook72","72","pass_at_k_expected_solved","1","0.8","25.828","lean_only","fork lean_judge (Lean 4.34 alone); state_eval in-env sampling, max_action 512 max_steps 96; seed 0; sample seed x0","","recomputed","hf://buckets/dan-pandori/nd-rl/trajectory/artifacts/tj/eval/s2_r2__tb72_x0.jsonl","textbook72|k1|T0.8|lean_only"
"best-9.56M-cap12-trajectory","la_T1_best12_s0_r3","9.56M","lean_staten","scratch","K12 155k","12","rl3","0","textbook72","72","pass_at_k_expected_solved","1","0.8","25.129","lean_only","fork lean_judge (Lean 4.34 alone); state_eval in-env sampling, max_action 512 max_steps 96; seed 0; sample seed x0","","recomputed","hf://buckets/dan-pandori/nd-rl/trajectory/artifacts/tj/eval/s0_r3__tb72_x0.jsonl","textbook72|k1|T0.8|lean_only"
"best-9.56M-cap12-trajectory","la_T1_best12_s1_r3","9.56M","lean_staten","scratch","K12 155k","12","rl3","1","textbook72","72","pass_at_k_expected_solved","1","0.8","23.445","lean_only","fork lean_judge (Lean 4.34 alone); state_eval in-env sampling, max_action 512 max_steps 96; seed 0; sample seed x0","","recomputed","hf://buckets/dan-pandori/nd-rl/trajectory/artifacts/tj/eval/s1_r3__tb72_x0.jsonl","textbook72|k1|T0.8|lean_only"
"best-9.56M-cap12-trajectory","la_T1_best12_s2_r3","9.56M","lean_staten","scratch","K12 155k","12","rl3","2","textbook72","72","pass_at_k_expected_solved","1","0.8","28.277","lean_only","fork lean_judge (Lean 4.34 alone); state_eval in-env sampling, max_action 512 max_steps 96; seed 0; sample seed x0","","recomputed","hf://buckets/dan-pandori/nd-rl/trajectory/artifacts/tj/eval/s2_r3__tb72_x0.jsonl","textbook72|k1|T0.8|lean_only"
"best-9.56M-cap12-trajectory","la_T1_best12_s0_r4","9.56M","lean_staten","scratch","K12 155k","12","rl4","0","textbook72","72","pass_at_k_expected_solved","1","0.8","26.086","lean_only","fork lean_judge (Lean 4.34 alone); state_eval in-env sampling, max_action 512 max_steps 96; seed 0; sample seed x0","","recomputed","hf://buckets/dan-pandori/nd-rl/trajectory/artifacts/tj/eval/s0_r4__tb72_x0.jsonl","textbook72|k1|T0.8|lean_only"
"best-9.56M-cap12-trajectory","la_T1_best12_s1_r4","9.56M","lean_staten","scratch","K12 155k","12","rl4","1","textbook72","72","pass_at_k_expected_solved","1","0.8","25.289","lean_only","fork lean_judge (Lean 4.34 alone); state_eval in-env sampling, max_action 512 max_steps 96; seed 0; sample seed x0","","recomputed","hf://buckets/dan-pandori/nd-rl/trajectory/artifacts/tj/eval/s1_r4__tb72_x0.jsonl","textbook72|k1|T0.8|lean_only"
"best-9.56M-cap12-trajectory","la_T1_best12_s2_r4","9.56M","lean_staten","scratch","K12 155k","12","rl4","2","textbook72","72","pass_at_k_expected_solved","1","0.8","29.523","lean_only","fork lean_judge (Lean 4.34 alone); state_eval in-env sampling, max_action 512 max_steps 96; seed 0; sample seed x0","","recomputed","hf://buckets/dan-pandori/nd-rl/trajectory/artifacts/tj/eval/s2_r4__tb72_x0.jsonl","textbook72|k1|T0.8|lean_only"
"best-9.56M-cap12-trajectory","la_T1_best12_s0_r5","9.56M","lean_staten","scratch","K12 155k","12","rl5","0","textbook72","72","pass_at_k_expected_solved","1","0.8","25.855","lean_only","fork lean_judge (Lean 4.34 alone); state_eval in-env sampling, max_action 512 max_steps 96; seed 0; sample seed x0","","recomputed","hf://buckets/dan-pandori/nd-rl/trajectory/artifacts/tj/eval/s0_r5__tb72_x0.jsonl","textbook72|k1|T0.8|lean_only"
"best-9.56M-cap12-trajectory","la_T1_best12_s1_r5","9.56M","lean_staten","scratch","K12 155k","12","rl5","1","textbook72","72","pass_at_k_expected_solved","1","0.8","25.863","lean_only","fork lean_judge (Lean 4.34 alone); state_eval in-env sampling, max_action 512 max_steps 96; seed 0; sample seed x0","","recomputed","hf://buckets/dan-pandori/nd-rl/trajectory/artifacts/tj/eval/s1_r5__tb72_x0.jsonl","textbook72|k1|T0.8|lean_only"
"best-9.56M-cap12-trajectory","la_T1_best12_s2_r5","9.56M","lean_staten","scratch","K12 155k","12","rl5","2","textbook72","72","pass_at_k_expected_solved","1","0.8","29.242","lean_only","fork lean_judge (Lean 4.34 alone); state_eval in-env sampling, max_action 512 max_steps 96; seed 0; sample seed x0","2026-10-01","recomputed","hf://buckets/dan-pandori/nd-rl/trajectory/artifacts/tj/eval/s2_r5__tb72_x0.jsonl","textbook72|k1|T0.8|lean_only"
"best-9.56M-cap12-trajectory","la_T1_best12_s0_r6","9.56M","lean_staten","scratch","K12 155k","12","rl6","0","textbook72","72","pass_at_k_expected_solved","1","0.8","26.668","lean_only","fork lean_judge (Lean 4.34 alone); state_eval in-env sampling, max_action 512 max_steps 96; seed 0; sample seed x0","","recomputed","hf://buckets/dan-pandori/nd-rl/trajectory/artifacts/tj/eval/s0_r6__tb72_x0.jsonl","textbook72|k1|T0.8|lean_only"
"best-9.56M-cap12-trajectory","la_T1_best12_s1_r6","9.56M","lean_staten","scratch","K12 155k","12","rl6","1","textbook72","72","pass_at_k_expected_solved","1","0.8","25.297","lean_only","fork lean_judge (Lean 4.34 alone); state_eval in-env sampling, max_action 512 max_steps 96; seed 0; sample seed x0","2026-10-01","recomputed","hf://buckets/dan-pandori/nd-rl/trajectory/artifacts/tj/eval/s1_r6__tb72_x0.jsonl","textbook72|k1|T0.8|lean_only"
"best-9.56M-cap12-trajectory","la_T1_best12_s2_r6","9.56M","lean_staten","scratch","K12 155k","12","rl6","2","textbook72","72","pass_at_k_expected_solved","1","0.8","29.852","lean_only","fork lean_judge (Lean 4.34 alone); state_eval in-env sampling, max_action 512 max_steps 96; seed 0; sample seed x0","2026-10-01","recomputed","hf://buckets/dan-pandori/nd-rl/trajectory/artifacts/tj/eval/s2_r6__tb72_x0.jsonl","textbook72|k1|T0.8|lean_only"
"best-9.56M-cap12-trajectory","la_T1_best12_s0_r7","9.56M","lean_staten","scratch","K12 155k","12","rl7","0","textbook72","72","pass_at_k_expected_solved","1","0.8","26.59","lean_only","fork lean_judge (Lean 4.34 alone); state_eval in-env sampling, max_action 512 max_steps 96; seed 0; sample seed x0","2026-10-01","recomputed","hf://buckets/dan-pandori/nd-rl/trajectory/artifacts/tj/eval/s0_r7__tb72_x0.jsonl","textbook72|k1|T0.8|lean_only"
"best-9.56M-cap12-trajectory","la_T1_best12_s1_r7","9.56M","lean_staten","scratch","K12 155k","12","rl7","1","textbook72","72","pass_at_k_expected_solved","1","0.8","25.648","lean_only","fork lean_judge (Lean 4.34 alone); state_eval in-env sampling, max_action 512 max_steps 96; seed 0; sample seed x0","2026-10-01","recomputed","hf://buckets/dan-pandori/nd-rl/trajectory/artifacts/tj/eval/s1_r7__tb72_x0.jsonl","textbook72|k1|T0.8|lean_only"
"best-9.56M-cap12-trajectory","la_T1_best12_s2_r7","9.56M","lean_staten","scratch","K12 155k","12","rl7","2","textbook72","72","pass_at_k_expected_solved","1","0.8","30.246","lean_only","fork lean_judge (Lean 4.34 alone); state_eval in-env sampling, max_action 512 max_steps 96; seed 0; sample seed x0","","recomputed","hf://buckets/dan-pandori/nd-rl/trajectory/artifacts/tj/eval/s2_r7__tb72_x0.jsonl","textbook72|k1|T0.8|lean_only"
"best-9.56M-cap6","la_T1_best6_s0_r8","9.56M","lean_staten","scratch","cap-6 control 155k","6","T1","0","textbook72","72","pass_at_k_expected_solved","1","0.8","22.512","lean_only","fork lean_judge (Lean 4.34 alone); state_eval in-env sampling, max_action 512 max_steps 96; seed 0; best-state read, batch 2048","2026-09-30","recomputed","hf://buckets/dan-pandori/nd-rl/best-state/artifacts/bs/eval/T1_best6_s0__tb72.jsonl","textbook72|k1|T0.8|lean_only"
"best-9.56M-cap6","la_T1_best6_s1_r8","9.56M","lean_staten","scratch","cap-6 control 155k","6","T1","1","textbook72","72","pass_at_k_expected_solved","1","0.8","24.238","lean_only","fork lean_judge (Lean 4.34 alone); state_eval in-env sampling, max_action 512 max_steps 96; seed 0; best-state read, batch 2048","2026-09-30","recomputed","hf://buckets/dan-pandori/nd-rl/best-state/artifacts/bs/eval/T1_best6_s1__tb72.jsonl","textbook72|k1|T0.8|lean_only"
"best-9.56M-cap6","la_T1_best6_s2_r8","9.56M","lean_staten","scratch","cap-6 control 155k","6","T1","2","textbook72","72","pass_at_k_expected_solved","1","0.8","20.746","lean_only","fork lean_judge (Lean 4.34 alone); state_eval in-env sampling, max_action 512 max_steps 96; seed 0; best-state read, batch 2048","2026-09-30","recomputed","hf://buckets/dan-pandori/nd-rl/best-state/artifacts/bs/eval/T1_best6_s2__tb72.jsonl","textbook72|k1|T0.8|lean_only"
"best-9.56M-cap6","stage1_best6_s0_b1200","9.56M","lean_staten","scratch","cap-6 control 155k","6","frozen","0","textbook72","72","pass_at_k_expected_solved","1","0.8","8.945","lean_only","fork lean_judge (Lean 4.34 alone); state_eval in-env sampling, max_action 512 max_steps 96; seed 0; best-state read, batch 2048","2026-09-30","recomputed","hf://buckets/dan-pandori/nd-rl/best-state/artifacts/bs/eval/Fz_best6_s0__tb72.jsonl","textbook72|k1|T0.8|lean_only"
"best-9.56M-cap6","stage1_best6_s1_b1200","9.56M","lean_staten","scratch","cap-6 control 155k","6","frozen","1","textbook72","72","pass_at_k_expected_solved","1","0.8","8.992","lean_only","fork lean_judge (Lean 4.34 alone); state_eval in-env sampling, max_action 512 max_steps 96; seed 0; best-state read, batch 2048","2026-09-30","recomputed","hf://buckets/dan-pandori/nd-rl/best-state/artifacts/bs/eval/Fz_best6_s1__tb72.jsonl","textbook72|k1|T0.8|lean_only"
"best-9.56M-cap6","stage1_best6_s2_b1200","9.56M","lean_staten","scratch","cap-6 control 155k","6","frozen","2","textbook72","72","pass_at_k_expected_solved","1","0.8","8.719","lean_only","fork lean_judge (Lean 4.34 alone); state_eval in-env sampling, max_action 512 max_steps 96; seed 0; best-state read, batch 2048","2026-09-30","recomputed","hf://buckets/dan-pandori/nd-rl/best-state/artifacts/bs/eval/Fz_best6_s2__tb72.jsonl","textbook72|k1|T0.8|lean_only"
"best-9.56M-cap6-trajectory","la_T1_best6_s0_r8","9.56M","lean_staten","scratch","cap-6 control 155k","6","T1","0","textbook72","72","pass_at_k_expected_solved","1","0.8","27.832","lean_only","fork lean_judge (Lean 4.34 alone); state_eval in-env sampling, max_action 512 max_steps 96; seed 0; sample seed x0","","recomputed","hf://buckets/dan-pandori/nd-rl/trajectory-cap6/artifacts/tj6/eval/s0_r8__tb72_x0.jsonl","textbook72|k1|T0.8|lean_only"
"best-9.56M-cap6-trajectory","la_T1_best6_s1_r8","9.56M","lean_staten","scratch","cap-6 control 155k","6","T1","1","textbook72","72","pass_at_k_expected_solved","1","0.8","23.789","lean_only","fork lean_judge (Lean 4.34 alone); state_eval in-env sampling, max_action 512 max_steps 96; seed 0; sample seed x0","","recomputed","hf://buckets/dan-pandori/nd-rl/trajectory-cap6/artifacts/tj6/eval/s1_r8__tb72_x0.jsonl","textbook72|k1|T0.8|lean_only"
"best-9.56M-cap6-trajectory","la_T1_best6_s2_r8","9.56M","lean_staten","scratch","cap-6 control 155k","6","T1","2","textbook72","72","pass_at_k_expected_solved","1","0.8","23.562","lean_only","fork lean_judge (Lean 4.34 alone); state_eval in-env sampling, max_action 512 max_steps 96; seed 0; sample seed x0","","recomputed","hf://buckets/dan-pandori/nd-rl/trajectory-cap6/artifacts/tj6/eval/s2_r8__tb72_x0.jsonl","textbook72|k1|T0.8|lean_only"
"best-9.56M-cap6-trajectory","stage1_best6_s0_p0","9.56M","lean_staten","scratch","cap-6 control 155k","6","frozen@p0","0","textbook72","72","pass_at_k_expected_solved","1","0.8","0.0","lean_only","fork lean_judge (Lean 4.34 alone); state_eval in-env sampling, max_action 512 max_steps 96; seed 0; sample seed x0","","recomputed","hf://buckets/dan-pandori/nd-rl/trajectory-cap6/artifacts/tj6/eval/s0_p0__tb72_x0.jsonl","textbook72|k1|T0.8|lean_only"
"best-9.56M-cap6-trajectory","stage1_best6_s1_p0","9.56M","lean_staten","scratch","cap-6 control 155k","6","frozen@p0","1","textbook72","72","pass_at_k_expected_solved","1","0.8","0.0","lean_only","fork lean_judge (Lean 4.34 alone); state_eval in-env sampling, max_action 512 max_steps 96; seed 0; sample seed x0","","recomputed","hf://buckets/dan-pandori/nd-rl/trajectory-cap6/artifacts/tj6/eval/s1_p0__tb72_x0.jsonl","textbook72|k1|T0.8|lean_only"
"best-9.56M-cap6-trajectory","stage1_best6_s2_p0","9.56M","lean_staten","scratch","cap-6 control 155k","6","frozen@p0","2","textbook72","72","pass_at_k_expected_solved","1","0.8","0.0","lean_only","fork lean_judge (Lean 4.34 alone); state_eval in-env sampling, max_action 512 max_steps 96; seed 0; sample seed x0","","recomputed","hf://buckets/dan-pandori/nd-rl/trajectory-cap6/artifacts/tj6/eval/s2_p0__tb72_x0.jsonl","textbook72|k1|T0.8|lean_only"
"best-9.56M-cap6-trajectory","stage1_best6_s0_p100","9.56M","lean_staten","scratch","cap-6 control 155k","6","frozen@p100","0","textbook72","72","pass_at_k_expected_solved","1","0.8","0.0","lean_only","fork lean_judge (Lean 4.34 alone); state_eval in-env sampling, max_action 512 max_steps 96; seed 0; sample seed x0","","recomputed","hf://buckets/dan-pandori/nd-rl/trajectory-cap6/artifacts/tj6/eval/s0_p100__tb72_x0.jsonl","textbook72|k1|T0.8|lean_only"
"best-9.56M-cap6-trajectory","stage1_best6_s1_p100","9.56M","lean_staten","scratch","cap-6 control 155k","6","frozen@p100","1","textbook72","72","pass_at_k_expected_solved","1","0.8","0.0","lean_only","fork lean_judge (Lean 4.34 alone); state_eval in-env sampling, max_action 512 max_steps 96; seed 0; sample seed x0","","recomputed","hf://buckets/dan-pandori/nd-rl/trajectory-cap6/artifacts/tj6/eval/s1_p100__tb72_x0.jsonl","textbook72|k1|T0.8|lean_only"
"best-9.56M-cap6-trajectory","stage1_best6_s2_p100","9.56M","lean_staten","scratch","cap-6 control 155k","6","frozen@p100","2","textbook72","72","pass_at_k_expected_solved","1","0.8","0.0","lean_only","fork lean_judge (Lean 4.34 alone); state_eval in-env sampling, max_action 512 max_steps 96; seed 0; sample seed x0","","recomputed","hf://buckets/dan-pandori/nd-rl/trajectory-cap6/artifacts/tj6/eval/s2_p100__tb72_x0.jsonl","textbook72|k1|T0.8|lean_only"
"best-9.56M-cap6-trajectory","stage1_best6_s0_p12000","9.56M","lean_staten","scratch","cap-6 control 155k","6","frozen@p12000","0","textbook72","72","pass_at_k_expected_solved","1","0.8","5.707","lean_only","fork lean_judge (Lean 4.34 alone); state_eval in-env sampling, max_action 512 max_steps 96; seed 0; sample seed x0","","recomputed","hf://buckets/dan-pandori/nd-rl/trajectory-cap6/artifacts/tj6/eval/s0_p12000__tb72_x0.jsonl","textbook72|k1|T0.8|lean_only"
"best-9.56M-cap6-trajectory","stage1_best6_s1_p12000","9.56M","lean_staten","scratch","cap-6 control 155k","6","frozen@p12000","1","textbook72","72","pass_at_k_expected_solved","1","0.8","7.516","lean_only","fork lean_judge (Lean 4.34 alone); state_eval in-env sampling, max_action 512 max_steps 96; seed 0; sample seed x0","","recomputed","hf://buckets/dan-pandori/nd-rl/trajectory-cap6/artifacts/tj6/eval/s1_p12000__tb72_x0.jsonl","textbook72|k1|T0.8|lean_only"
"best-9.56M-cap6-trajectory","stage1_best6_s2_p12000","9.56M","lean_staten","scratch","cap-6 control 155k","6","frozen@p12000","2","textbook72","72","pass_at_k_expected_solved","1","0.8","8.824","lean_only","fork lean_judge (Lean 4.34 alone); state_eval in-env sampling, max_action 512 max_steps 96; seed 0; sample seed x0","","recomputed","hf://buckets/dan-pandori/nd-rl/trajectory-cap6/artifacts/tj6/eval/s2_p12000__tb72_x0.jsonl","textbook72|k1|T0.8|lean_only"
"best-9.56M-cap6-trajectory","stage1_best6_s0_p1600","9.56M","lean_staten","scratch","cap-6 control 155k","6","frozen@p1600","0","textbook72","72","pass_at_k_expected_solved","1","0.8","3.668","lean_only","fork lean_judge (Lean 4.34 alone); state_eval in-env sampling, max_action 512 max_steps 96; seed 0; sample seed x0","","recomputed","hf://buckets/dan-pandori/nd-rl/trajectory-cap6/artifacts/tj6/eval/s0_p1600__tb72_x0.jsonl","textbook72|k1|T0.8|lean_only"
"best-9.56M-cap6-trajectory","stage1_best6_s1_p1600","9.56M","lean_staten","scratch","cap-6 control 155k","6","frozen@p1600","1","textbook72","72","pass_at_k_expected_solved","1","0.8","3.426","lean_only","fork lean_judge (Lean 4.34 alone); state_eval in-env sampling, max_action 512 max_steps 96; seed 0; sample seed x0","","recomputed","hf://buckets/dan-pandori/nd-rl/trajectory-cap6/artifacts/tj6/eval/s1_p1600__tb72_x0.jsonl","textbook72|k1|T0.8|lean_only"
"best-9.56M-cap6-trajectory","stage1_best6_s2_p1600","9.56M","lean_staten","scratch","cap-6 control 155k","6","frozen@p1600","2","textbook72","72","pass_at_k_expected_solved","1","0.8","3.695","lean_only","fork lean_judge (Lean 4.34 alone); state_eval in-env sampling, max_action 512 max_steps 96; seed 0; sample seed x0","","recomputed","hf://buckets/dan-pandori/nd-rl/trajectory-cap6/artifacts/tj6/eval/s2_p1600__tb72_x0.jsonl","textbook72|k1|T0.8|lean_only"
"best-9.56M-cap6-trajectory","stage1_best6_s0_p16000","9.56M","lean_staten","scratch","cap-6 control 155k","6","frozen@p16000","0","textbook72","72","pass_at_k_expected_solved","1","0.8","8.141","lean_only","fork lean_judge (Lean 4.34 alone); state_eval in-env sampling, max_action 512 max_steps 96; seed 0; sample seed x0","","recomputed","hf://buckets/dan-pandori/nd-rl/trajectory-cap6/artifacts/tj6/eval/s0_p16000__tb72_x0.jsonl","textbook72|k1|T0.8|lean_only"
"best-9.56M-cap6-trajectory","stage1_best6_s1_p16000","9.56M","lean_staten","scratch","cap-6 control 155k","6","frozen@p16000","1","textbook72","72","pass_at_k_expected_solved","1","0.8","7.723","lean_only","fork lean_judge (Lean 4.34 alone); state_eval in-env sampling, max_action 512 max_steps 96; seed 0; sample seed x0","","recomputed","hf://buckets/dan-pandori/nd-rl/trajectory-cap6/artifacts/tj6/eval/s1_p16000__tb72_x0.jsonl","textbook72|k1|T0.8|lean_only"
"best-9.56M-cap6-trajectory","stage1_best6_s2_p16000","9.56M","lean_staten","scratch","cap-6 control 155k","6","frozen@p16000","2","textbook72","72","pass_at_k_expected_solved","1","0.8","6.168","lean_only","fork lean_judge (Lean 4.34 alone); state_eval in-env sampling, max_action 512 max_steps 96; seed 0; sample seed x0","","recomputed","hf://buckets/dan-pandori/nd-rl/trajectory-cap6/artifacts/tj6/eval/s2_p16000__tb72_x0.jsonl","textbook72|k1|T0.8|lean_only"
"best-9.56M-cap6-trajectory","stage1_best6_s0_p200","9.56M","lean_staten","scratch","cap-6 control 155k","6","frozen@p200","0","textbook72","72","pass_at_k_expected_solved","1","0.8","0.016","lean_only","fork lean_judge (Lean 4.34 alone); state_eval in-env sampling, max_action 512 max_steps 96; seed 0; sample seed x0","","recomputed","hf://buckets/dan-pandori/nd-rl/trajectory-cap6/artifacts/tj6/eval/s0_p200__tb72_x0.jsonl","textbook72|k1|T0.8|lean_only"
"best-9.56M-cap6-trajectory","stage1_best6_s1_p200","9.56M","lean_staten","scratch","cap-6 control 155k","6","frozen@p200","1","textbook72","72","pass_at_k_expected_solved","1","0.8","0.012","lean_only","fork lean_judge (Lean 4.34 alone); state_eval in-env sampling, max_action 512 max_steps 96; seed 0; sample seed x0","","recomputed","hf://buckets/dan-pandori/nd-rl/trajectory-cap6/artifacts/tj6/eval/s1_p200__tb72_x0.jsonl","textbook72|k1|T0.8|lean_only"
"best-9.56M-cap6-trajectory","stage1_best6_s2_p200","9.56M","lean_staten","scratch","cap-6 control 155k","6","frozen@p200","2","textbook72","72","pass_at_k_expected_solved","1","0.8","0.414","lean_only","fork lean_judge (Lean 4.34 alone); state_eval in-env sampling, max_action 512 max_steps 96; seed 0; sample seed x0","","recomputed","hf://buckets/dan-pandori/nd-rl/trajectory-cap6/artifacts/tj6/eval/s2_p200__tb72_x0.jsonl","textbook72|k1|T0.8|lean_only"
"best-9.56M-cap6-trajectory","stage1_best6_s0_p20000","9.56M","lean_staten","scratch","cap-6 control 155k","6","frozen@p20000","0","textbook72","72","pass_at_k_expected_solved","1","0.8","11.285","lean_only","fork lean_judge (Lean 4.34 alone); state_eval in-env sampling, max_action 512 max_steps 96; seed 0; sample seed x0","","recomputed","hf://buckets/dan-pandori/nd-rl/trajectory-cap6/artifacts/tj6/eval/s0_p20000__tb72_x0.jsonl","textbook72|k1|T0.8|lean_only"
"best-9.56M-cap6-trajectory","stage1_best6_s1_p20000","9.56M","lean_staten","scratch","cap-6 control 155k","6","frozen@p20000","1","textbook72","72","pass_at_k_expected_solved","1","0.8","7.652","lean_only","fork lean_judge (Lean 4.34 alone); state_eval in-env sampling, max_action 512 max_steps 96; seed 0; sample seed x0","","recomputed","hf://buckets/dan-pandori/nd-rl/trajectory-cap6/artifacts/tj6/eval/s1_p20000__tb72_x0.jsonl","textbook72|k1|T0.8|lean_only"
"best-9.56M-cap6-trajectory","stage1_best6_s2_p20000","9.56M","lean_staten","scratch","cap-6 control 155k","6","frozen@p20000","2","textbook72","72","pass_at_k_expected_solved","1","0.8","8.863","lean_only","fork lean_judge (Lean 4.34 alone); state_eval in-env sampling, max_action 512 max_steps 96; seed 0; sample seed x0","","recomputed","hf://buckets/dan-pandori/nd-rl/trajectory-cap6/artifacts/tj6/eval/s2_p20000__tb72_x0.jsonl","textbook72|k1|T0.8|lean_only"
"best-9.56M-cap6-trajectory","stage1_best6_s0_p3000","9.56M","lean_staten","scratch","cap-6 control 155k","6","frozen@p3000","0","textbook72","72","pass_at_k_expected_solved","1","0.8","4.934","lean_only","fork lean_judge (Lean 4.34 alone); state_eval in-env sampling, max_action 512 max_steps 96; seed 0; sample seed x0","","recomputed","hf://buckets/dan-pandori/nd-rl/trajectory-cap6/artifacts/tj6/eval/s0_p3000__tb72_x0.jsonl","textbook72|k1|T0.8|lean_only"
"best-9.56M-cap6-trajectory","stage1_best6_s1_p3000","9.56M","lean_staten","scratch","cap-6 control 155k","6","frozen@p3000","1","textbook72","72","pass_at_k_expected_solved","1","0.8","4.156","lean_only","fork lean_judge (Lean 4.34 alone); state_eval in-env sampling, max_action 512 max_steps 96; seed 0; sample seed x0","","recomputed","hf://buckets/dan-pandori/nd-rl/trajectory-cap6/artifacts/tj6/eval/s1_p3000__tb72_x0.jsonl","textbook72|k1|T0.8|lean_only"
"best-9.56M-cap6-trajectory","stage1_best6_s2_p3000","9.56M","lean_staten","scratch","cap-6 control 155k","6","frozen@p3000","2","textbook72","72","pass_at_k_expected_solved","1","0.8","1.707","lean_only","fork lean_judge (Lean 4.34 alone); state_eval in-env sampling, max_action 512 max_steps 96; seed 0; sample seed x0","","recomputed","hf://buckets/dan-pandori/nd-rl/trajectory-cap6/artifacts/tj6/eval/s2_p3000__tb72_x0.jsonl","textbook72|k1|T0.8|lean_only"
"best-9.56M-cap6-trajectory","stage1_best6_s0_p400","9.56M","lean_staten","scratch","cap-6 control 155k","6","frozen@p400","0","textbook72","72","pass_at_k_expected_solved","1","0.8","0.828","lean_only","fork lean_judge (Lean 4.34 alone); state_eval in-env sampling, max_action 512 max_steps 96; seed 0; sample seed x0","","recomputed","hf://buckets/dan-pandori/nd-rl/trajectory-cap6/artifacts/tj6/eval/s0_p400__tb72_x0.jsonl","textbook72|k1|T0.8|lean_only"
"best-9.56M-cap6-trajectory","stage1_best6_s1_p400","9.56M","lean_staten","scratch","cap-6 control 155k","6","frozen@p400","1","textbook72","72","pass_at_k_expected_solved","1","0.8","0.445","lean_only","fork lean_judge (Lean 4.34 alone); state_eval in-env sampling, max_action 512 max_steps 96; seed 0; sample seed x0","","recomputed","hf://buckets/dan-pandori/nd-rl/trajectory-cap6/artifacts/tj6/eval/s1_p400__tb72_x0.jsonl","textbook72|k1|T0.8|lean_only"
"best-9.56M-cap6-trajectory","stage1_best6_s2_p400","9.56M","lean_staten","scratch","cap-6 control 155k","6","frozen@p400","2","textbook72","72","pass_at_k_expected_solved","1","0.8","0.328","lean_only","fork lean_judge (Lean 4.34 alone); state_eval in-env sampling, max_action 512 max_steps 96; seed 0; sample seed x0","","recomputed","hf://buckets/dan-pandori/nd-rl/trajectory-cap6/artifacts/tj6/eval/s2_p400__tb72_x0.jsonl","textbook72|k1|T0.8|lean_only"
"best-9.56M-cap6-trajectory","stage1_best6_s0_p50","9.56M","lean_staten","scratch","cap-6 control 155k","6","frozen@p50","0","textbook72","72","pass_at_k_expected_solved","1","0.8","0.0","lean_only","fork lean_judge (Lean 4.34 alone); state_eval in-env sampling, max_action 512 max_steps 96; seed 0; sample seed x0","","recomputed","hf://buckets/dan-pandori/nd-rl/trajectory-cap6/artifacts/tj6/eval/s0_p50__tb72_x0.jsonl","textbook72|k1|T0.8|lean_only"
"best-9.56M-cap6-trajectory","stage1_best6_s1_p50","9.56M","lean_staten","scratch","cap-6 control 155k","6","frozen@p50","1","textbook72","72","pass_at_k_expected_solved","1","0.8","0.0","lean_only","fork lean_judge (Lean 4.34 alone); state_eval in-env sampling, max_action 512 max_steps 96; seed 0; sample seed x0","","recomputed","hf://buckets/dan-pandori/nd-rl/trajectory-cap6/artifacts/tj6/eval/s1_p50__tb72_x0.jsonl","textbook72|k1|T0.8|lean_only"
"best-9.56M-cap6-trajectory","stage1_best6_s2_p50","9.56M","lean_staten","scratch","cap-6 control 155k","6","frozen@p50","2","textbook72","72","pass_at_k_expected_solved","1","0.8","0.0","lean_only","fork lean_judge (Lean 4.34 alone); state_eval in-env sampling, max_action 512 max_steps 96; seed 0; sample seed x0","","recomputed","hf://buckets/dan-pandori/nd-rl/trajectory-cap6/artifacts/tj6/eval/s2_p50__tb72_x0.jsonl","textbook72|k1|T0.8|lean_only"
"best-9.56M-cap6-trajectory","stage1_best6_s0_p5000","9.56M","lean_staten","scratch","cap-6 control 155k","6","frozen@p5000","0","textbook72","72","pass_at_k_expected_solved","1","0.8","4.238","lean_only","fork lean_judge (Lean 4.34 alone); state_eval in-env sampling, max_action 512 max_steps 96; seed 0; sample seed x0","","recomputed","hf://buckets/dan-pandori/nd-rl/trajectory-cap6/artifacts/tj6/eval/s0_p5000__tb72_x0.jsonl","textbook72|k1|T0.8|lean_only"
"best-9.56M-cap6-trajectory","stage1_best6_s1_p5000","9.56M","lean_staten","scratch","cap-6 control 155k","6","frozen@p5000","1","textbook72","72","pass_at_k_expected_solved","1","0.8","7.383","lean_only","fork lean_judge (Lean 4.34 alone); state_eval in-env sampling, max_action 512 max_steps 96; seed 0; sample seed x0","","recomputed","hf://buckets/dan-pandori/nd-rl/trajectory-cap6/artifacts/tj6/eval/s1_p5000__tb72_x0.jsonl","textbook72|k1|T0.8|lean_only"
"best-9.56M-cap6-trajectory","stage1_best6_s2_p5000","9.56M","lean_staten","scratch","cap-6 control 155k","6","frozen@p5000","2","textbook72","72","pass_at_k_expected_solved","1","0.8","6.352","lean_only","fork lean_judge (Lean 4.34 alone); state_eval in-env sampling, max_action 512 max_steps 96; seed 0; sample seed x0","","recomputed","hf://buckets/dan-pandori/nd-rl/trajectory-cap6/artifacts/tj6/eval/s2_p5000__tb72_x0.jsonl","textbook72|k1|T0.8|lean_only"
"best-9.56M-cap6-trajectory","stage1_best6_s0_p800","9.56M","lean_staten","scratch","cap-6 control 155k","6","frozen@p800","0","textbook72","72","pass_at_k_expected_solved","1","0.8","2.152","lean_only","fork lean_judge (Lean 4.34 alone); state_eval in-env sampling, max_action 512 max_steps 96; seed 0; sample seed x0","","recomputed","hf://buckets/dan-pandori/nd-rl/trajectory-cap6/artifacts/tj6/eval/s0_p800__tb72_x0.jsonl","textbook72|k1|T0.8|lean_only"
"best-9.56M-cap6-trajectory","stage1_best6_s1_p800","9.56M","lean_staten","scratch","cap-6 control 155k","6","frozen@p800","1","textbook72","72","pass_at_k_expected_solved","1","0.8","1.91","lean_only","fork lean_judge (Lean 4.34 alone); state_eval in-env sampling, max_action 512 max_steps 96; seed 0; sample seed x0","","recomputed","hf://buckets/dan-pandori/nd-rl/trajectory-cap6/artifacts/tj6/eval/s1_p800__tb72_x0.jsonl","textbook72|k1|T0.8|lean_only"
"best-9.56M-cap6-trajectory","stage1_best6_s2_p800","9.56M","lean_staten","scratch","cap-6 control 155k","6","frozen@p800","2","textbook72","72","pass_at_k_expected_solved","1","0.8","1.863","lean_only","fork lean_judge (Lean 4.34 alone); state_eval in-env sampling, max_action 512 max_steps 96; seed 0; sample seed x0","","recomputed","hf://buckets/dan-pandori/nd-rl/trajectory-cap6/artifacts/tj6/eval/s2_p800__tb72_x0.jsonl","textbook72|k1|T0.8|lean_only"
"best-9.56M-cap6-trajectory","stage1_best6_s0_p8000","9.56M","lean_staten","scratch","cap-6 control 155k","6","frozen@p8000","0","textbook72","72","pass_at_k_expected_solved","1","0.8","7.809","lean_only","fork lean_judge (Lean 4.34 alone); state_eval in-env sampling, max_action 512 max_steps 96; seed 0; sample seed x0","","recomputed","hf://buckets/dan-pandori/nd-rl/trajectory-cap6/artifacts/tj6/eval/s0_p8000__tb72_x0.jsonl","textbook72|k1|T0.8|lean_only"
"best-9.56M-cap6-trajectory","stage1_best6_s1_p8000","9.56M","lean_staten","scratch","cap-6 control 155k","6","frozen@p8000","1","textbook72","72","pass_at_k_expected_solved","1","0.8","5.246","lean_only","fork lean_judge (Lean 4.34 alone); state_eval in-env sampling, max_action 512 max_steps 96; seed 0; sample seed x0","","recomputed","hf://buckets/dan-pandori/nd-rl/trajectory-cap6/artifacts/tj6/eval/s1_p8000__tb72_x0.jsonl","textbook72|k1|T0.8|lean_only"
"best-9.56M-cap6-trajectory","stage1_best6_s2_p8000","9.56M","lean_staten","scratch","cap-6 control 155k","6","frozen@p8000","2","textbook72","72","pass_at_k_expected_solved","1","0.8","5.016","lean_only","fork lean_judge (Lean 4.34 alone); state_eval in-env sampling, max_action 512 max_steps 96; seed 0; sample seed x0","","recomputed","hf://buckets/dan-pandori/nd-rl/trajectory-cap6/artifacts/tj6/eval/s2_p8000__tb72_x0.jsonl","textbook72|k1|T0.8|lean_only"
"best-9.56M-cap6-trajectory","stage1_best6_s0_pend","9.56M","lean_staten","scratch","cap-6 control 155k","6","frozen@pend","0","textbook72","72","pass_at_k_expected_solved","1","0.8","6.637","lean_only","fork lean_judge (Lean 4.34 alone); state_eval in-env sampling, max_action 512 max_steps 96; seed 0; sample seed x0","","recomputed","hf://buckets/dan-pandori/nd-rl/trajectory-cap6/artifacts/tj6/eval/s0_pend__tb72_x0.jsonl","textbook72|k1|T0.8|lean_only"
"best-9.56M-cap6-trajectory","stage1_best6_s1_pend","9.56M","lean_staten","scratch","cap-6 control 155k","6","frozen@pend","1","textbook72","72","pass_at_k_expected_solved","1","0.8","7.305","lean_only","fork lean_judge (Lean 4.34 alone); state_eval in-env sampling, max_action 512 max_steps 96; seed 0; sample seed x0","","recomputed","hf://buckets/dan-pandori/nd-rl/trajectory-cap6/artifacts/tj6/eval/s1_pend__tb72_x0.jsonl","textbook72|k1|T0.8|lean_only"
"best-9.56M-cap6-trajectory","stage1_best6_s2_pend","9.56M","lean_staten","scratch","cap-6 control 155k","6","frozen@pend","2","textbook72","72","pass_at_k_expected_solved","1","0.8","7.84","lean_only","fork lean_judge (Lean 4.34 alone); state_eval in-env sampling, max_action 512 max_steps 96; seed 0; sample seed x0","","recomputed","hf://buckets/dan-pandori/nd-rl/trajectory-cap6/artifacts/tj6/eval/s2_pend__tb72_x0.jsonl","textbook72|k1|T0.8|lean_only"
"best-9.56M-cap6-trajectory","la_T1_best6_s0_r1","9.56M","lean_staten","scratch","cap-6 control 155k","6","rl1","0","textbook72","72","pass_at_k_expected_solved","1","0.8","14.551","lean_only","fork lean_judge (Lean 4.34 alone); state_eval in-env sampling, max_action 512 max_steps 96; seed 0; sample seed x0","","recomputed","hf://buckets/dan-pandori/nd-rl/trajectory-cap6/artifacts/tj6/eval/s0_r1__tb72_x0.jsonl","textbook72|k1|T0.8|lean_only"
"best-9.56M-cap6-trajectory","la_T1_best6_s1_r1","9.56M","lean_staten","scratch","cap-6 control 155k","6","rl1","1","textbook72","72","pass_at_k_expected_solved","1","0.8","15.496","lean_only","fork lean_judge (Lean 4.34 alone); state_eval in-env sampling, max_action 512 max_steps 96; seed 0; sample seed x0","","recomputed","hf://buckets/dan-pandori/nd-rl/trajectory-cap6/artifacts/tj6/eval/s1_r1__tb72_x0.jsonl","textbook72|k1|T0.8|lean_only"
"best-9.56M-cap6-trajectory","la_T1_best6_s2_r1","9.56M","lean_staten","scratch","cap-6 control 155k","6","rl1","2","textbook72","72","pass_at_k_expected_solved","1","0.8","13.023","lean_only","fork lean_judge (Lean 4.34 alone); state_eval in-env sampling, max_action 512 max_steps 96; seed 0; sample seed x0","","recomputed","hf://buckets/dan-pandori/nd-rl/trajectory-cap6/artifacts/tj6/eval/s2_r1__tb72_x0.jsonl","textbook72|k1|T0.8|lean_only"
"best-9.56M-cap6-trajectory","la_T1_best6_s0_r2","9.56M","lean_staten","scratch","cap-6 control 155k","6","rl2","0","textbook72","72","pass_at_k_expected_solved","1","0.8","17.641","lean_only","fork lean_judge (Lean 4.34 alone); state_eval in-env sampling, max_action 512 max_steps 96; seed 0; sample seed x0","","recomputed","hf://buckets/dan-pandori/nd-rl/trajectory-cap6/artifacts/tj6/eval/s0_r2__tb72_x0.jsonl","textbook72|k1|T0.8|lean_only"
"best-9.56M-cap6-trajectory","la_T1_best6_s1_r2","9.56M","lean_staten","scratch","cap-6 control 155k","6","rl2","1","textbook72","72","pass_at_k_expected_solved","1","0.8","18.434","lean_only","fork lean_judge (Lean 4.34 alone); state_eval in-env sampling, max_action 512 max_steps 96; seed 0; sample seed x0","","recomputed","hf://buckets/dan-pandori/nd-rl/trajectory-cap6/artifacts/tj6/eval/s1_r2__tb72_x0.jsonl","textbook72|k1|T0.8|lean_only"
"best-9.56M-cap6-trajectory","la_T1_best6_s2_r2","9.56M","lean_staten","scratch","cap-6 control 155k","6","rl2","2","textbook72","72","pass_at_k_expected_solved","1","0.8","16.496","lean_only","fork lean_judge (Lean 4.34 alone); state_eval in-env sampling, max_action 512 max_steps 96; seed 0; sample seed x0","","recomputed","hf://buckets/dan-pandori/nd-rl/trajectory-cap6/artifacts/tj6/eval/s2_r2__tb72_x0.jsonl","textbook72|k1|T0.8|lean_only"
"best-9.56M-cap6-trajectory","la_T1_best6_s0_r3","9.56M","lean_staten","scratch","cap-6 control 155k","6","rl3","0","textbook72","72","pass_at_k_expected_solved","1","0.8","19.414","lean_only","fork lean_judge (Lean 4.34 alone); state_eval in-env sampling, max_action 512 max_steps 96; seed 0; sample seed x0","","recomputed","hf://buckets/dan-pandori/nd-rl/trajectory-cap6/artifacts/tj6/eval/s0_r3__tb72_x0.jsonl","textbook72|k1|T0.8|lean_only"
"best-9.56M-cap6-trajectory","la_T1_best6_s1_r3","9.56M","lean_staten","scratch","cap-6 control 155k","6","rl3","1","textbook72","72","pass_at_k_expected_solved","1","0.8","19.926","lean_only","fork lean_judge (Lean 4.34 alone); state_eval in-env sampling, max_action 512 max_steps 96; seed 0; sample seed x0","","recomputed","hf://buckets/dan-pandori/nd-rl/trajectory-cap6/artifacts/tj6/eval/s1_r3__tb72_x0.jsonl","textbook72|k1|T0.8|lean_only"
"best-9.56M-cap6-trajectory","la_T1_best6_s2_r3","9.56M","lean_staten","scratch","cap-6 control 155k","6","rl3","2","textbook72","72","pass_at_k_expected_solved","1","0.8","18.551","lean_only","fork lean_judge (Lean 4.34 alone); state_eval in-env sampling, max_action 512 max_steps 96; seed 0; sample seed x0","","recomputed","hf://buckets/dan-pandori/nd-rl/trajectory-cap6/artifacts/tj6/eval/s2_r3__tb72_x0.jsonl","textbook72|k1|T0.8|lean_only"
"best-9.56M-cap6-trajectory","la_T1_best6_s0_r4","9.56M","lean_staten","scratch","cap-6 control 155k","6","rl4","0","textbook72","72","pass_at_k_expected_solved","1","0.8","20.758","lean_only","fork lean_judge (Lean 4.34 alone); state_eval in-env sampling, max_action 512 max_steps 96; seed 0; sample seed x0","","recomputed","hf://buckets/dan-pandori/nd-rl/trajectory-cap6/artifacts/tj6/eval/s0_r4__tb72_x0.jsonl","textbook72|k1|T0.8|lean_only"
"best-9.56M-cap6-trajectory","la_T1_best6_s1_r4","9.56M","lean_staten","scratch","cap-6 control 155k","6","rl4","1","textbook72","72","pass_at_k_expected_solved","1","0.8","23.73","lean_only","fork lean_judge (Lean 4.34 alone); state_eval in-env sampling, max_action 512 max_steps 96; seed 0; sample seed x0","","recomputed","hf://buckets/dan-pandori/nd-rl/trajectory-cap6/artifacts/tj6/eval/s1_r4__tb72_x0.jsonl","textbook72|k1|T0.8|lean_only"
"best-9.56M-cap6-trajectory","la_T1_best6_s2_r4","9.56M","lean_staten","scratch","cap-6 control 155k","6","rl4","2","textbook72","72","pass_at_k_expected_solved","1","0.8","18.105","lean_only","fork lean_judge (Lean 4.34 alone); state_eval in-env sampling, max_action 512 max_steps 96; seed 0; sample seed x0","","recomputed","hf://buckets/dan-pandori/nd-rl/trajectory-cap6/artifacts/tj6/eval/s2_r4__tb72_x0.jsonl","textbook72|k1|T0.8|lean_only"
"best-9.56M-cap6-trajectory","la_T1_best6_s0_r5","9.56M","lean_staten","scratch","cap-6 control 155k","6","rl5","0","textbook72","72","pass_at_k_expected_solved","1","0.8","23.641","lean_only","fork lean_judge (Lean 4.34 alone); state_eval in-env sampling, max_action 512 max_steps 96; seed 0; sample seed x0","","recomputed","hf://buckets/dan-pandori/nd-rl/trajectory-cap6/artifacts/tj6/eval/s0_r5__tb72_x0.jsonl","textbook72|k1|T0.8|lean_only"
"best-9.56M-cap6-trajectory","la_T1_best6_s1_r5","9.56M","lean_staten","scratch","cap-6 control 155k","6","rl5","1","textbook72","72","pass_at_k_expected_solved","1","0.8","23.754","lean_only","fork lean_judge (Lean 4.34 alone); state_eval in-env sampling, max_action 512 max_steps 96; seed 0; sample seed x0","","recomputed","hf://buckets/dan-pandori/nd-rl/trajectory-cap6/artifacts/tj6/eval/s1_r5__tb72_x0.jsonl","textbook72|k1|T0.8|lean_only"
"best-9.56M-cap6-trajectory","la_T1_best6_s2_r5","9.56M","lean_staten","scratch","cap-6 control 155k","6","rl5","2","textbook72","72","pass_at_k_expected_solved","1","0.8","22.328","lean_only","fork lean_judge (Lean 4.34 alone); state_eval in-env sampling, max_action 512 max_steps 96; seed 0; sample seed x0","","recomputed","hf://buckets/dan-pandori/nd-rl/trajectory-cap6/artifacts/tj6/eval/s2_r5__tb72_x0.jsonl","textbook72|k1|T0.8|lean_only"
"best-9.56M-cap6-trajectory","la_T1_best6_s0_r6","9.56M","lean_staten","scratch","cap-6 control 155k","6","rl6","0","textbook72","72","pass_at_k_expected_solved","1","0.8","24.09","lean_only","fork lean_judge (Lean 4.34 alone); state_eval in-env sampling, max_action 512 max_steps 96; seed 0; sample seed x0","","recomputed","hf://buckets/dan-pandori/nd-rl/trajectory-cap6/artifacts/tj6/eval/s0_r6__tb72_x0.jsonl","textbook72|k1|T0.8|lean_only"
"best-9.56M-cap6-trajectory","la_T1_best6_s1_r6","9.56M","lean_staten","scratch","cap-6 control 155k","6","rl6","1","textbook72","72","pass_at_k_expected_solved","1","0.8","24.855","lean_only","fork lean_judge (Lean 4.34 alone); state_eval in-env sampling, max_action 512 max_steps 96; seed 0; sample seed x0","","recomputed","hf://buckets/dan-pandori/nd-rl/trajectory-cap6/artifacts/tj6/eval/s1_r6__tb72_x0.jsonl","textbook72|k1|T0.8|lean_only"
"best-9.56M-cap6-trajectory","la_T1_best6_s2_r6","9.56M","lean_staten","scratch","cap-6 control 155k","6","rl6","2","textbook72","72","pass_at_k_expected_solved","1","0.8","21.937","lean_only","fork lean_judge (Lean 4.34 alone); state_eval in-env sampling, max_action 512 max_steps 96; seed 0; sample seed x0","","recomputed","hf://buckets/dan-pandori/nd-rl/trajectory-cap6/artifacts/tj6/eval/s2_r6__tb72_x0.jsonl","textbook72|k1|T0.8|lean_only"
"best-9.56M-cap6-trajectory","la_T1_best6_s0_r7","9.56M","lean_staten","scratch","cap-6 control 155k","6","rl7","0","textbook72","72","pass_at_k_expected_solved","1","0.8","25.281","lean_only","fork lean_judge (Lean 4.34 alone); state_eval in-env sampling, max_action 512 max_steps 96; seed 0; sample seed x0","","recomputed","hf://buckets/dan-pandori/nd-rl/trajectory-cap6/artifacts/tj6/eval/s0_r7__tb72_x0.jsonl","textbook72|k1|T0.8|lean_only"
"best-9.56M-cap6-trajectory","la_T1_best6_s1_r7","9.56M","lean_staten","scratch","cap-6 control 155k","6","rl7","1","textbook72","72","pass_at_k_expected_solved","1","0.8","24.301","lean_only","fork lean_judge (Lean 4.34 alone); state_eval in-env sampling, max_action 512 max_steps 96; seed 0; sample seed x0","","recomputed","hf://buckets/dan-pandori/nd-rl/trajectory-cap6/artifacts/tj6/eval/s1_r7__tb72_x0.jsonl","textbook72|k1|T0.8|lean_only"
"best-9.56M-cap6-trajectory","la_T1_best6_s2_r7","9.56M","lean_staten","scratch","cap-6 control 155k","6","rl7","2","textbook72","72","pass_at_k_expected_solved","1","0.8","23.117","lean_only","fork lean_judge (Lean 4.34 alone); state_eval in-env sampling, max_action 512 max_steps 96; seed 0; sample seed x0","","recomputed","hf://buckets/dan-pandori/nd-rl/trajectory-cap6/artifacts/tj6/eval/s2_r7__tb72_x0.jsonl","textbook72|k1|T0.8|lean_only"
"ours-3.2M-SN-cap12","la_T1_SN12_s0_r8","3.2M","lean_staten","scratch","K12 155k","12","T1","0","textbook72","72","pass_at_k_expected_solved","1","0.8","12.984","lean_only","fork lean_judge (Lean 4.34 alone); state_eval in-env sampling, max_action 512 max_steps 96; seed 0; compute-match read, batch 2048 (re-read of textbook72-run ckpt)","2026-10-02","recomputed","hf://buckets/dan-pandori/nd-rl/compute-match/artifacts/cm/eval/T1_SN12_s0__tb72.jsonl","textbook72|k1|T0.8|lean_only"
"ours-3.2M-SN-cap12","la_T1_SN12_s0_r8","3.2M","lean_staten","scratch","K12 155k","12","T1","0","textbook72","72","pass_at_k_expected_solved","1","0.8","12.957","lean_only","fork lean_judge (Lean 4.34 alone); state_eval in-env sampling, max_action 512 max_steps 96; seed 0; textbook72 run, batch 4096","2026-09-30","recomputed","hf://buckets/dan-pandori/nd-rl/textbook72/artifacts/textbook72/eval/T1_SN12_s0.jsonl","textbook72|k1|T0.8|lean_only"
"ours-3.2M-SN-cap12","la_T1_SN12_s1_r8","3.2M","lean_staten","scratch","K12 155k","12","T1","1","textbook72","72","pass_at_k_expected_solved","1","0.8","15.059","lean_only","fork lean_judge (Lean 4.34 alone); state_eval in-env sampling, max_action 512 max_steps 96; seed 0; compute-match read, batch 2048 (re-read of textbook72-run ckpt)","2026-10-02","recomputed","hf://buckets/dan-pandori/nd-rl/compute-match/artifacts/cm/eval/T1_SN12_s1__tb72.jsonl","textbook72|k1|T0.8|lean_only"
"ours-3.2M-SN-cap12","la_T1_SN12_s1_r8","3.2M","lean_staten","scratch","K12 155k","12","T1","1","textbook72","72","pass_at_k_expected_solved","1","0.8","14.867","lean_only","fork lean_judge (Lean 4.34 alone); state_eval in-env sampling, max_action 512 max_steps 96; seed 0; textbook72 run, batch 4096","2026-09-30","recomputed","hf://buckets/dan-pandori/nd-rl/textbook72/artifacts/textbook72/eval/T1_SN12_s1.jsonl","textbook72|k1|T0.8|lean_only"
"ours-3.2M-SN-cap12","la_T1_SN12_s2_r8","3.2M","lean_staten","scratch","K12 155k","12","T1","2","textbook72","72","pass_at_k_expected_solved","1","0.8","17.359","lean_only","fork lean_judge (Lean 4.34 alone); state_eval in-env sampling, max_action 512 max_steps 96; seed 0; compute-match read, batch 2048 (re-read of textbook72-run ckpt)","2026-10-02","recomputed","hf://buckets/dan-pandori/nd-rl/compute-match/artifacts/cm/eval/T1_SN12_s2__tb72.jsonl","textbook72|k1|T0.8|lean_only"
"ours-3.2M-SN-cap12","la_T1_SN12_s2_r8","3.2M","lean_staten","scratch","K12 155k","12","T1","2","textbook72","72","pass_at_k_expected_solved","1","0.8","17.531","lean_only","fork lean_judge (Lean 4.34 alone); state_eval in-env sampling, max_action 512 max_steps 96; seed 0; textbook72 run, batch 4096","2026-09-30","recomputed","hf://buckets/dan-pandori/nd-rl/textbook72/artifacts/textbook72/eval/T1_SN12_s2.jsonl","textbook72|k1|T0.8|lean_only"
"ours-3.2M-SN-cap12","la_T1_SN12_s3_r8","3.2M","lean_staten","scratch","K12 155k","12","T1","3","textbook72","72","pass_at_k_expected_solved","1","0.8","18.008","lean_only","fork lean_judge (Lean 4.34 alone); state_eval in-env sampling, max_action 512 max_steps 96; seed 0; textbook72 run, batch 4096","2026-09-30","recomputed","hf://buckets/dan-pandori/nd-rl/textbook72/artifacts/textbook72/eval/T1_SN12_s3.jsonl","textbook72|k1|T0.8|lean_only"
"ours-3.2M-SN-cap12","stage1_SN12_s0","3.2M","lean_staten","scratch","K12 155k","12","frozen","0","textbook72","72","pass_at_k_expected_solved","1","0.8","8.633","lean_only","fork lean_judge (Lean 4.34 alone); state_eval in-env sampling, max_action 512 max_steps 96; seed 0; textbook72 run, batch 4096","2026-09-30","recomputed","hf://buckets/dan-pandori/nd-rl/textbook72/artifacts/textbook72/eval/Fz_SN12_s0.jsonl","textbook72|k1|T0.8|lean_only"
"ours-3.2M-SN-cap12","stage1_SN12_s1","3.2M","lean_staten","scratch","K12 155k","12","frozen","1","textbook72","72","pass_at_k_expected_solved","1","0.8","9.676","lean_only","fork lean_judge (Lean 4.34 alone); state_eval in-env sampling, max_action 512 max_steps 96; seed 0; textbook72 run, batch 4096","2026-09-30","recomputed","hf://buckets/dan-pandori/nd-rl/textbook72/artifacts/textbook72/eval/Fz_SN12_s1.jsonl","textbook72|k1|T0.8|lean_only"
"ours-3.2M-SN-cap12","stage1_SN12_s2","3.2M","lean_staten","scratch","K12 155k","12","frozen","2","textbook72","72","pass_at_k_expected_solved","1","0.8","12.414","lean_only","fork lean_judge (Lean 4.34 alone); state_eval in-env sampling, max_action 512 max_steps 96; seed 0; textbook72 run, batch 4096","2026-09-30","recomputed","hf://buckets/dan-pandori/nd-rl/textbook72/artifacts/textbook72/eval/Fz_SN12_s2.jsonl","textbook72|k1|T0.8|lean_only"
"ours-3.2M-SN-cap12","stage1_SN12_s3","3.2M","lean_staten","scratch","K12 155k","12","frozen","3","textbook72","72","pass_at_k_expected_solved","1","0.8","11.285","lean_only","fork lean_judge (Lean 4.34 alone); state_eval in-env sampling, max_action 512 max_steps 96; seed 0; textbook72 run, batch 4096","2026-09-30","recomputed","hf://buckets/dan-pandori/nd-rl/textbook72/artifacts/textbook72/eval/Fz_SN12_s3.jsonl","textbook72|k1|T0.8|lean_only"
"ours-3.2M-SN-cap12-k64ladder","la_T1_cm12k64_s0_r8","3.2M","lean_staten","scratch","K12 155k","12","T1-k64","0","textbook72","72","pass_at_k_expected_solved","1","0.8","13.547","lean_only","fork lean_judge (Lean 4.34 alone); state_eval in-env sampling, max_action 512 max_steps 96; seed 0; compute-match read, batch 2048","2026-10-02","recomputed","hf://buckets/dan-pandori/nd-rl/compute-match/artifacts/cm/eval/T1_cm12k64_s0__tb72.jsonl","textbook72|k1|T0.8|lean_only"
"ours-3.2M-SN-cap12-k64ladder","la_T1_cm12k64_s1_r8","3.2M","lean_staten","scratch","K12 155k","12","T1-k64","1","textbook72","72","pass_at_k_expected_solved","1","0.8","15.762","lean_only","fork lean_judge (Lean 4.34 alone); state_eval in-env sampling, max_action 512 max_steps 96; seed 0; compute-match read, batch 2048","2026-10-02","recomputed","hf://buckets/dan-pandori/nd-rl/compute-match/artifacts/cm/eval/T1_cm12k64_s1__tb72.jsonl","textbook72|k1|T0.8|lean_only"
"ours-3.2M-SN-cap12-k64ladder","la_T1_cm12k64_s2_r8","3.2M","lean_staten","scratch","K12 155k","12","T1-k64","2","textbook72","72","pass_at_k_expected_solved","1","0.8","18.852","lean_only","fork lean_judge (Lean 4.34 alone); state_eval in-env sampling, max_action 512 max_steps 96; seed 0; compute-match read, batch 2048","2026-10-02","recomputed","hf://buckets/dan-pandori/nd-rl/compute-match/artifacts/cm/eval/T1_cm12k64_s2__tb72.jsonl","textbook72|k1|T0.8|lean_only"
"ours-3.2M-SN-v2-cap6","la_T1_SN_s0_r8","3.2M","lean_staten","scratch","cap-6 control 155k","6","T1","0","textbook72","72","pass_at_k_expected_solved","1","0.8","13.398","lean_only","fork lean_judge (Lean 4.34 alone); state_eval in-env sampling, max_action 512 max_steps 96; seed 0; textbook72 run, batch 4096","2026-09-30","recomputed","hf://buckets/dan-pandori/nd-rl/textbook72/artifacts/textbook72/eval/T1_SN6_s0.jsonl","textbook72|k1|T0.8|lean_only"
"ours-3.2M-SN-v2-cap6","la_T1_SN_s1_r8","3.2M","lean_staten","scratch","cap-6 control 155k","6","T1","1","textbook72","72","pass_at_k_expected_solved","1","0.8","10.02","lean_only","fork lean_judge (Lean 4.34 alone); state_eval in-env sampling, max_action 512 max_steps 96; seed 0; textbook72 run, batch 4096","2026-09-30","recomputed","hf://buckets/dan-pandori/nd-rl/textbook72/artifacts/textbook72/eval/T1_SN6_s1.jsonl","textbook72|k1|T0.8|lean_only"
"ours-3.2M-SN-v2-cap6","stage1_SN_s0","3.2M","lean_staten","scratch","cap-6 control 155k","6","frozen","0","textbook72","72","pass_at_k_expected_solved","1","0.8","6.332","lean_only","fork lean_judge (Lean 4.34 alone); state_eval in-env sampling, max_action 512 max_steps 96; seed 0; textbook72 run, batch 4096","2026-09-30","recomputed","hf://buckets/dan-pandori/nd-rl/textbook72/artifacts/textbook72/eval/Fz_SN6_s0.jsonl","textbook72|k1|T0.8|lean_only"
"ours-3.2M-SN-v2-cap6","stage1_SN_s1","3.2M","lean_staten","scratch","cap-6 control 155k","6","frozen","1","textbook72","72","pass_at_k_expected_solved","1","0.8","6.133","lean_only","fork lean_judge (Lean 4.34 alone); state_eval in-env sampling, max_action 512 max_steps 96; seed 0; textbook72 run, batch 4096","2026-09-30","recomputed","hf://buckets/dan-pandori/nd-rl/textbook72/artifacts/textbook72/eval/Fz_SN6_s1.jsonl","textbook72|k1|T0.8|lean_only"
"robbie-factorial:abs-best-ei","factorial abs-best-ei (pre=186 recipe, rl=harness EI 4x1500x32)","9.56M","token","scratch","cap-6 train.jsonl 155k","6","rl-harness-EI","0","textbook72","72","pass_at_k_expected_solved","1","0.8","10.418","nd_verify","robbie harness judge (fork sample Lean gate 51604b3 then nd_verify); max_new 512 (abs/token: nd_verify alone)","2026-09-29","recomputed","nd-rl:robbie-experiments:experiment-summaries/2026-09-28-combined-model/charts/passk.csv","textbook72|k1|T0.8|nd_verify"
"robbie-factorial:abs-best-ei","factorial abs-best-ei (pre=186 recipe, rl=harness EI 4x1500x32)","9.56M","token","scratch","cap-6 train.jsonl 155k","6","rl-harness-EI","1","textbook72","72","pass_at_k_expected_solved","1","0.8","12.203","nd_verify","robbie harness judge (fork sample Lean gate 51604b3 then nd_verify); max_new 512 (abs/token: nd_verify alone)","2026-09-29","recomputed","nd-rl:robbie-experiments:experiment-summaries/2026-09-28-combined-model/charts/passk.csv","textbook72|k1|T0.8|nd_verify"
"robbie-factorial:abs-best-ei","factorial abs-best-ei (pre=186 recipe, rl=harness EI 4x1500x32)","9.56M","token","scratch","cap-6 train.jsonl 155k","6","rl-harness-EI","2","textbook72","72","pass_at_k_expected_solved","1","0.8","9.609","nd_verify","robbie harness judge (fork sample Lean gate 51604b3 then nd_verify); max_new 512 (abs/token: nd_verify alone)","2026-09-29","recomputed","nd-rl:robbie-experiments:experiment-summaries/2026-09-28-combined-model/charts/passk.csv","textbook72|k1|T0.8|nd_verify"
"robbie-factorial:abs-best-leon","factorial abs-best-leon (pre=186 recipe, rl=c005 Leon EI+guided)","9.56M","token","scratch","cap-6 train.jsonl 155k","6","rl-leon-c005","0","textbook72","72","pass_at_k_expected_solved","1","0.8","12.223","nd_verify","robbie harness judge (fork sample Lean gate 51604b3 then nd_verify); max_new 512 (abs/token: nd_verify alone)","2026-09-29","recomputed","nd-rl:robbie-experiments:experiment-summaries/2026-09-28-combined-model/charts/passk.csv","textbook72|k1|T0.8|nd_verify"
"robbie-factorial:abs-best-leon","factorial abs-best-leon (pre=186 recipe, rl=c005 Leon EI+guided)","9.56M","token","scratch","cap-6 train.jsonl 155k","6","rl-leon-c005","1","textbook72","72","pass_at_k_expected_solved","1","0.8","11.781","nd_verify","robbie harness judge (fork sample Lean gate 51604b3 then nd_verify); max_new 512 (abs/token: nd_verify alone)","2026-09-29","recomputed","nd-rl:robbie-experiments:experiment-summaries/2026-09-28-combined-model/charts/passk.csv","textbook72|k1|T0.8|nd_verify"
"robbie-factorial:abs-best-leon","factorial abs-best-leon (pre=186 recipe, rl=c005 Leon EI+guided)","9.56M","token","scratch","cap-6 train.jsonl 155k","6","rl-leon-c005","2","textbook72","72","pass_at_k_expected_solved","1","0.8","13.113","nd_verify","robbie harness judge (fork sample Lean gate 51604b3 then nd_verify); max_new 512 (abs/token: nd_verify alone)","2026-09-29","recomputed","nd-rl:robbie-experiments:experiment-summaries/2026-09-28-combined-model/charts/passk.csv","textbook72|k1|T0.8|nd_verify"
"robbie-factorial:abs-naive-ei","factorial abs-naive-ei (pre=012 baseline, rl=harness EI 4x1500x32)","","token","scratch","cap-6 train.jsonl 155k","6","rl-harness-EI","0","textbook72","72","pass_at_k_expected_solved","1","0.8","5.07","nd_verify","robbie harness judge (fork sample Lean gate 51604b3 then nd_verify); max_new 512 (abs/token: nd_verify alone)","2026-09-29","recomputed","nd-rl:robbie-experiments:experiment-summaries/2026-09-28-combined-model/charts/passk.csv","textbook72|k1|T0.8|nd_verify"
"robbie-factorial:abs-naive-ei","factorial abs-naive-ei (pre=012 baseline, rl=harness EI 4x1500x32)","","token","scratch","cap-6 train.jsonl 155k","6","rl-harness-EI","1","textbook72","72","pass_at_k_expected_solved","1","0.8","6.734","nd_verify","robbie harness judge (fork sample Lean gate 51604b3 then nd_verify); max_new 512 (abs/token: nd_verify alone)","2026-09-29","recomputed","nd-rl:robbie-experiments:experiment-summaries/2026-09-28-combined-model/charts/passk.csv","textbook72|k1|T0.8|nd_verify"
"robbie-factorial:abs-naive-ei","factorial abs-naive-ei (pre=012 baseline, rl=harness EI 4x1500x32)","","token","scratch","cap-6 train.jsonl 155k","6","rl-harness-EI","2","textbook72","72","pass_at_k_expected_solved","1","0.8","5.613","nd_verify","robbie harness judge (fork sample Lean gate 51604b3 then nd_verify); max_new 512 (abs/token: nd_verify alone)","2026-09-29","recomputed","nd-rl:robbie-experiments:experiment-summaries/2026-09-28-combined-model/charts/passk.csv","textbook72|k1|T0.8|nd_verify"
"robbie-factorial:abs-naive-leon","factorial abs-naive-leon (pre=012 baseline, rl=c005 Leon EI+guided)","","token","scratch","cap-6 train.jsonl 155k","6","rl-leon-c005","0","textbook72","72","pass_at_k_expected_solved","1","0.8","5.984","nd_verify","robbie harness judge (fork sample Lean gate 51604b3 then nd_verify); max_new 512 (abs/token: nd_verify alone)","2026-09-29","recomputed","nd-rl:robbie-experiments:experiment-summaries/2026-09-28-combined-model/charts/passk.csv","textbook72|k1|T0.8|nd_verify"
"robbie-factorial:abs-naive-leon","factorial abs-naive-leon (pre=012 baseline, rl=c005 Leon EI+guided)","","token","scratch","cap-6 train.jsonl 155k","6","rl-leon-c005","1","textbook72","72","pass_at_k_expected_solved","1","0.8","5.09","nd_verify","robbie harness judge (fork sample Lean gate 51604b3 then nd_verify); max_new 512 (abs/token: nd_verify alone)","2026-09-29","recomputed","nd-rl:robbie-experiments:experiment-summaries/2026-09-28-combined-model/charts/passk.csv","textbook72|k1|T0.8|nd_verify"
"robbie-factorial:abs-naive-leon","factorial abs-naive-leon (pre=012 baseline, rl=c005 Leon EI+guided)","","token","scratch","cap-6 train.jsonl 155k","6","rl-leon-c005","2","textbook72","72","pass_at_k_expected_solved","1","0.8","4.449","nd_verify","robbie harness judge (fork sample Lean gate 51604b3 then nd_verify); max_new 512 (abs/token: nd_verify alone)","2026-09-29","recomputed","nd-rl:robbie-experiments:experiment-summaries/2026-09-28-combined-model/charts/passk.csv","textbook72|k1|T0.8|nd_verify"
"robbie-combined-pipeline:c005","c005 inference=plain","9.56M","lean_seq","scratch","cap-6 train.jsonl 155k","6","tts-plain","mean(3)","textbook72","72","pass_at_k_frac","256","0.8","0.4167","lean_and_ndverify","","2026-09-29","copied","nd-rl:robbie-experiments:experiment-summaries/2026-09-28-combined-model/charts/textbook-tts.csv","textbook72|k256|T0.8|lean_and_ndverify"
"robbie-combined-pipeline:c005","c005 inference=resample","9.56M","lean_seq","scratch","cap-6 train.jsonl 155k","6","tts-resample","mean(3)","textbook72","72","pass_at_k_frac","256","0.8","0.5046","lean_and_ndverify","","2026-09-29","copied","nd-rl:robbie-experiments:experiment-summaries/2026-09-28-combined-model/charts/textbook-tts.csv","textbook72|k256|T0.8|lean_and_ndverify"
"robbie-combined-pipeline:c005","c005 inference=resample, no repeats","9.56M","lean_seq","scratch","cap-6 train.jsonl 155k","6","tts-resample, no repeats","mean(3)","textbook72","72","pass_at_k_frac","256","0.8","0.5185","lean_and_ndverify","","2026-09-29","copied","nd-rl:robbie-experiments:experiment-summaries/2026-09-28-combined-model/charts/textbook-tts.csv","textbook72|k256|T0.8|lean_and_ndverify"
"robbie-factorial:lean-best-ei","factorial lean-best-ei (pre=186 recipe, rl=harness EI 4x1500x32)","9.56M","lean_seq","scratch","cap-6 train.jsonl 155k","6","rl-harness-EI","0","textbook72","72","solved","256","0.8","19","lean_and_ndverify","robbie harness judge (fork sample Lean gate 51604b3 then nd_verify); max_new 512","2026-09-29","recomputed","nd-rl:robbie-experiments:experiment-summaries/2026-09-28-combined-model/charts/passk.csv","textbook72|k256|T0.8|lean_and_ndverify"
"robbie-factorial:lean-best-ei","factorial lean-best-ei (pre=186 recipe, rl=harness EI 4x1500x32)","9.56M","lean_seq","scratch","cap-6 train.jsonl 155k","6","rl-harness-EI","0","textbook72","72","pass_at_k_expected_solved","256","0.8","19.0","lean_and_ndverify","robbie harness judge (fork sample Lean gate 51604b3 then nd_verify); max_new 512","2026-09-29","recomputed","nd-rl:robbie-experiments:experiment-summaries/2026-09-28-combined-model/charts/passk.csv","textbook72|k256|T0.8|lean_and_ndverify"
"robbie-factorial:lean-best-ei","factorial lean-best-ei (pre=186 recipe, rl=harness EI 4x1500x32)","9.56M","lean_seq","scratch","cap-6 train.jsonl 155k","6","rl-harness-EI","1","textbook72","72","solved","256","0.8","21","lean_and_ndverify","robbie harness judge (fork sample Lean gate 51604b3 then nd_verify); max_new 512","2026-09-29","recomputed","nd-rl:robbie-experiments:experiment-summaries/2026-09-28-combined-model/charts/passk.csv","textbook72|k256|T0.8|lean_and_ndverify"
"robbie-factorial:lean-best-ei","factorial lean-best-ei (pre=186 recipe, rl=harness EI 4x1500x32)","9.56M","lean_seq","scratch","cap-6 train.jsonl 155k","6","rl-harness-EI","1","textbook72","72","pass_at_k_expected_solved","256","0.8","21.0","lean_and_ndverify","robbie harness judge (fork sample Lean gate 51604b3 then nd_verify); max_new 512","2026-09-29","recomputed","nd-rl:robbie-experiments:experiment-summaries/2026-09-28-combined-model/charts/passk.csv","textbook72|k256|T0.8|lean_and_ndverify"
"robbie-factorial:lean-best-ei","factorial lean-best-ei (pre=186 recipe, rl=harness EI 4x1500x32)","9.56M","lean_seq","scratch","cap-6 train.jsonl 155k","6","rl-harness-EI","2","textbook72","72","solved","256","0.8","20","lean_and_ndverify","robbie harness judge (fork sample Lean gate 51604b3 then nd_verify); max_new 512","2026-09-29","recomputed","nd-rl:robbie-experiments:experiment-summaries/2026-09-28-combined-model/charts/passk.csv","textbook72|k256|T0.8|lean_and_ndverify"
"robbie-factorial:lean-best-ei","factorial lean-best-ei (pre=186 recipe, rl=harness EI 4x1500x32)","9.56M","lean_seq","scratch","cap-6 train.jsonl 155k","6","rl-harness-EI","2","textbook72","72","pass_at_k_expected_solved","256","0.8","20.0","lean_and_ndverify","robbie harness judge (fork sample Lean gate 51604b3 then nd_verify); max_new 512","2026-09-29","recomputed","nd-rl:robbie-experiments:experiment-summaries/2026-09-28-combined-model/charts/passk.csv","textbook72|k256|T0.8|lean_and_ndverify"
"robbie-factorial:lean-best-leon","factorial lean-best-leon (pre=186 recipe, rl=c005 Leon EI+guided)","9.56M","lean_seq","scratch","cap-6 train.jsonl 155k","6","rl-leon-c005","0","textbook72","72","solved","256","0.8","32","lean_and_ndverify","robbie harness judge (fork sample Lean gate 51604b3 then nd_verify); max_new 512","2026-09-29","recomputed","nd-rl:robbie-experiments:experiment-summaries/2026-09-28-combined-model/charts/passk.csv","textbook72|k256|T0.8|lean_and_ndverify"
"robbie-factorial:lean-best-leon","factorial lean-best-leon (pre=186 recipe, rl=c005 Leon EI+guided)","9.56M","lean_seq","scratch","cap-6 train.jsonl 155k","6","rl-leon-c005","0","textbook72","72","pass_at_k_expected_solved","256","0.8","32.0","lean_and_ndverify","robbie harness judge (fork sample Lean gate 51604b3 then nd_verify); max_new 512","2026-09-29","recomputed","nd-rl:robbie-experiments:experiment-summaries/2026-09-28-combined-model/charts/passk.csv","textbook72|k256|T0.8|lean_and_ndverify"
"robbie-factorial:lean-best-leon","factorial lean-best-leon (pre=186 recipe, rl=c005 Leon EI+guided)","9.56M","lean_seq","scratch","cap-6 train.jsonl 155k","6","rl-leon-c005","1","textbook72","72","solved","256","0.8","30","lean_and_ndverify","robbie harness judge (fork sample Lean gate 51604b3 then nd_verify); max_new 512","2026-09-29","recomputed","nd-rl:robbie-experiments:experiment-summaries/2026-09-28-combined-model/charts/passk.csv","textbook72|k256|T0.8|lean_and_ndverify"
"robbie-factorial:lean-best-leon","factorial lean-best-leon (pre=186 recipe, rl=c005 Leon EI+guided)","9.56M","lean_seq","scratch","cap-6 train.jsonl 155k","6","rl-leon-c005","1","textbook72","72","pass_at_k_expected_solved","256","0.8","30.0","lean_and_ndverify","robbie harness judge (fork sample Lean gate 51604b3 then nd_verify); max_new 512","2026-09-29","recomputed","nd-rl:robbie-experiments:experiment-summaries/2026-09-28-combined-model/charts/passk.csv","textbook72|k256|T0.8|lean_and_ndverify"
"robbie-factorial:lean-best-leon","factorial lean-best-leon (pre=186 recipe, rl=c005 Leon EI+guided)","9.56M","lean_seq","scratch","cap-6 train.jsonl 155k","6","rl-leon-c005","2","textbook72","72","solved","256","0.8","32","lean_and_ndverify","robbie harness judge (fork sample Lean gate 51604b3 then nd_verify); max_new 512","2026-09-29","recomputed","nd-rl:robbie-experiments:experiment-summaries/2026-09-28-combined-model/charts/passk.csv","textbook72|k256|T0.8|lean_and_ndverify"
"robbie-factorial:lean-best-leon","factorial lean-best-leon (pre=186 recipe, rl=c005 Leon EI+guided)","9.56M","lean_seq","scratch","cap-6 train.jsonl 155k","6","rl-leon-c005","2","textbook72","72","pass_at_k_expected_solved","256","0.8","32.0","lean_and_ndverify","robbie harness judge (fork sample Lean gate 51604b3 then nd_verify); max_new 512","2026-09-29","recomputed","nd-rl:robbie-experiments:experiment-summaries/2026-09-28-combined-model/charts/passk.csv","textbook72|k256|T0.8|lean_and_ndverify"
"robbie-factorial:lean-naive-ei","factorial lean-naive-ei (pre=012 baseline, rl=harness EI 4x1500x32)","","lean_seq","scratch","cap-6 train.jsonl 155k","6","rl-harness-EI","0","textbook72","72","solved","256","0.8","8","lean_and_ndverify","robbie harness judge (fork sample Lean gate 51604b3 then nd_verify); max_new 512","2026-09-29","recomputed","nd-rl:robbie-experiments:experiment-summaries/2026-09-28-combined-model/charts/passk.csv","textbook72|k256|T0.8|lean_and_ndverify"
"robbie-factorial:lean-naive-ei","factorial lean-naive-ei (pre=012 baseline, rl=harness EI 4x1500x32)","","lean_seq","scratch","cap-6 train.jsonl 155k","6","rl-harness-EI","0","textbook72","72","pass_at_k_expected_solved","256","0.8","8.0","lean_and_ndverify","robbie harness judge (fork sample Lean gate 51604b3 then nd_verify); max_new 512","2026-09-29","recomputed","nd-rl:robbie-experiments:experiment-summaries/2026-09-28-combined-model/charts/passk.csv","textbook72|k256|T0.8|lean_and_ndverify"
"robbie-factorial:lean-naive-ei","factorial lean-naive-ei (pre=012 baseline, rl=harness EI 4x1500x32)","","lean_seq","scratch","cap-6 train.jsonl 155k","6","rl-harness-EI","1","textbook72","72","solved","256","0.8","6","lean_and_ndverify","robbie harness judge (fork sample Lean gate 51604b3 then nd_verify); max_new 512","2026-09-29","recomputed","nd-rl:robbie-experiments:experiment-summaries/2026-09-28-combined-model/charts/passk.csv","textbook72|k256|T0.8|lean_and_ndverify"
"robbie-factorial:lean-naive-ei","factorial lean-naive-ei (pre=012 baseline, rl=harness EI 4x1500x32)","","lean_seq","scratch","cap-6 train.jsonl 155k","6","rl-harness-EI","1","textbook72","72","pass_at_k_expected_solved","256","0.8","6.0","lean_and_ndverify","robbie harness judge (fork sample Lean gate 51604b3 then nd_verify); max_new 512","2026-09-29","recomputed","nd-rl:robbie-experiments:experiment-summaries/2026-09-28-combined-model/charts/passk.csv","textbook72|k256|T0.8|lean_and_ndverify"
"robbie-factorial:lean-naive-ei","factorial lean-naive-ei (pre=012 baseline, rl=harness EI 4x1500x32)","","lean_seq","scratch","cap-6 train.jsonl 155k","6","rl-harness-EI","2","textbook72","72","solved","256","0.8","10","lean_and_ndverify","robbie harness judge (fork sample Lean gate 51604b3 then nd_verify); max_new 512","2026-09-29","recomputed","nd-rl:robbie-experiments:experiment-summaries/2026-09-28-combined-model/charts/passk.csv","textbook72|k256|T0.8|lean_and_ndverify"
"robbie-factorial:lean-naive-ei","factorial lean-naive-ei (pre=012 baseline, rl=harness EI 4x1500x32)","","lean_seq","scratch","cap-6 train.jsonl 155k","6","rl-harness-EI","2","textbook72","72","pass_at_k_expected_solved","256","0.8","10.0","lean_and_ndverify","robbie harness judge (fork sample Lean gate 51604b3 then nd_verify); max_new 512","2026-09-29","recomputed","nd-rl:robbie-experiments:experiment-summaries/2026-09-28-combined-model/charts/passk.csv","textbook72|k256|T0.8|lean_and_ndverify"
"robbie-factorial:lean-naive-leon","factorial lean-naive-leon (pre=012 baseline, rl=c005 Leon EI+guided)","","lean_seq","scratch","cap-6 train.jsonl 155k","6","rl-leon-c005","0","textbook72","72","solved","256","0.8","12","lean_and_ndverify","robbie harness judge (fork sample Lean gate 51604b3 then nd_verify); max_new 512","2026-09-29","recomputed","nd-rl:robbie-experiments:experiment-summaries/2026-09-28-combined-model/charts/passk.csv","textbook72|k256|T0.8|lean_and_ndverify"
"robbie-factorial:lean-naive-leon","factorial lean-naive-leon (pre=012 baseline, rl=c005 Leon EI+guided)","","lean_seq","scratch","cap-6 train.jsonl 155k","6","rl-leon-c005","0","textbook72","72","pass_at_k_expected_solved","256","0.8","12.0","lean_and_ndverify","robbie harness judge (fork sample Lean gate 51604b3 then nd_verify); max_new 512","2026-09-29","recomputed","nd-rl:robbie-experiments:experiment-summaries/2026-09-28-combined-model/charts/passk.csv","textbook72|k256|T0.8|lean_and_ndverify"
"robbie-factorial:lean-naive-leon","factorial lean-naive-leon (pre=012 baseline, rl=c005 Leon EI+guided)","","lean_seq","scratch","cap-6 train.jsonl 155k","6","rl-leon-c005","1","textbook72","72","solved","256","0.8","10","lean_and_ndverify","robbie harness judge (fork sample Lean gate 51604b3 then nd_verify); max_new 512","2026-09-29","recomputed","nd-rl:robbie-experiments:experiment-summaries/2026-09-28-combined-model/charts/passk.csv","textbook72|k256|T0.8|lean_and_ndverify"
"robbie-factorial:lean-naive-leon","factorial lean-naive-leon (pre=012 baseline, rl=c005 Leon EI+guided)","","lean_seq","scratch","cap-6 train.jsonl 155k","6","rl-leon-c005","1","textbook72","72","pass_at_k_expected_solved","256","0.8","10.0","lean_and_ndverify","robbie harness judge (fork sample Lean gate 51604b3 then nd_verify); max_new 512","2026-09-29","recomputed","nd-rl:robbie-experiments:experiment-summaries/2026-09-28-combined-model/charts/passk.csv","textbook72|k256|T0.8|lean_and_ndverify"
"robbie-factorial:lean-naive-leon","factorial lean-naive-leon (pre=012 baseline, rl=c005 Leon EI+guided)","","lean_seq","scratch","cap-6 train.jsonl 155k","6","rl-leon-c005","2","textbook72","72","solved","256","0.8","9","lean_and_ndverify","robbie harness judge (fork sample Lean gate 51604b3 then nd_verify); max_new 512","2026-09-29","recomputed","nd-rl:robbie-experiments:experiment-summaries/2026-09-28-combined-model/charts/passk.csv","textbook72|k256|T0.8|lean_and_ndverify"
"robbie-factorial:lean-naive-leon","factorial lean-naive-leon (pre=012 baseline, rl=c005 Leon EI+guided)","","lean_seq","scratch","cap-6 train.jsonl 155k","6","rl-leon-c005","2","textbook72","72","pass_at_k_expected_solved","256","0.8","9.0","lean_and_ndverify","robbie harness judge (fork sample Lean gate 51604b3 then nd_verify); max_new 512","2026-09-29","recomputed","nd-rl:robbie-experiments:experiment-summaries/2026-09-28-combined-model/charts/passk.csv","textbook72|k256|T0.8|lean_and_ndverify"
"robbie-scale:198 9.6M 300s","198 recipe, 198 9.6M 300s (off-protocol harness)","9.56M","lean_seq","scratch","cap-6 train.jsonl 155k","6","rl-harness-EI","0","textbook72","72","solved","256","0.8","18","lean_and_ndverify","","2026-09-30","copied","nd-rl:robbie-experiments:experiment-summaries/2026-09-30-bigger-model-longer-pretrain/README.md","textbook72|k256|T0.8|lean_and_ndverify"
"robbie-scale:198 9.6M 300s","198 recipe, 198 9.6M 300s (off-protocol harness)","9.56M","lean_seq","scratch","cap-6 train.jsonl 155k","6","rl-harness-EI","1","textbook72","72","solved","256","0.8","17","lean_and_ndverify","","2026-09-30","copied","nd-rl:robbie-experiments:experiment-summaries/2026-09-30-bigger-model-longer-pretrain/README.md","textbook72|k256|T0.8|lean_and_ndverify"
"robbie-scale:198 9.6M 300s","198 recipe, 198 9.6M 300s (off-protocol harness)","9.56M","lean_seq","scratch","cap-6 train.jsonl 155k","6","rl-harness-EI","2","textbook72","72","solved","256","0.8","20","lean_and_ndverify","","2026-09-30","copied","nd-rl:robbie-experiments:experiment-summaries/2026-09-30-bigger-model-longer-pretrain/README.md","textbook72|k256|T0.8|lean_and_ndverify"
"robbie-scale:38M 1200s","198 recipe, 38M 1200s (off-protocol harness)","38.0M","lean_seq","scratch","cap-6 train.jsonl 155k","6","rl-harness-EI","0","textbook72","72","solved","256","0.8","19","lean_and_ndverify","","2026-09-30","copied","nd-rl:robbie-experiments:experiment-summaries/2026-09-30-bigger-model-longer-pretrain/README.md","textbook72|k256|T0.8|lean_and_ndverify"
"robbie-scale:38M 1200s","198 recipe, 38M 1200s (off-protocol harness)","38.0M","lean_seq","scratch","cap-6 train.jsonl 155k","6","rl-harness-EI","1","textbook72","72","solved","256","0.8","19","lean_and_ndverify","","2026-09-30","copied","nd-rl:robbie-experiments:experiment-summaries/2026-09-30-bigger-model-longer-pretrain/README.md","textbook72|k256|T0.8|lean_and_ndverify"
"robbie-scale:38M 1200s","198 recipe, 38M 1200s (off-protocol harness)","38.0M","lean_seq","scratch","cap-6 train.jsonl 155k","6","rl-harness-EI","2","textbook72","72","solved","256","0.8","16","lean_and_ndverify","","2026-09-30","copied","nd-rl:robbie-experiments:experiment-summaries/2026-09-30-bigger-model-longer-pretrain/README.md","textbook72|k256|T0.8|lean_and_ndverify"
"robbie-scale:9.6M 1200s","198 recipe, 9.6M 1200s (off-protocol harness)","9.56M","lean_seq","scratch","cap-6 train.jsonl 155k","6","rl-harness-EI","0","textbook72","72","solved","256","0.8","22","lean_and_ndverify","","2026-09-30","copied","nd-rl:robbie-experiments:experiment-summaries/2026-09-30-bigger-model-longer-pretrain/README.md","textbook72|k256|T0.8|lean_and_ndverify"
"robbie-scale:9.6M 1200s","198 recipe, 9.6M 1200s (off-protocol harness)","9.56M","lean_seq","scratch","cap-6 train.jsonl 155k","6","rl-harness-EI","1","textbook72","72","solved","256","0.8","17","lean_and_ndverify","","2026-09-30","copied","nd-rl:robbie-experiments:experiment-summaries/2026-09-30-bigger-model-longer-pretrain/README.md","textbook72|k256|T0.8|lean_and_ndverify"
"robbie-scale:9.6M 1200s","198 recipe, 9.6M 1200s (off-protocol harness)","9.56M","lean_seq","scratch","cap-6 train.jsonl 155k","6","rl-harness-EI","2","textbook72","72","solved","256","0.8","17","lean_and_ndverify","","2026-09-30","copied","nd-rl:robbie-experiments:experiment-summaries/2026-09-30-bigger-model-longer-pretrain/README.md","textbook72|k256|T0.8|lean_and_ndverify"
"robbie-autoresearch-lean:100-claude_lean-baseline-2400","100-claude_lean-baseline-2400 (keep)","","lean_seq","scratch","cap-6 train.jsonl 155k","6","rl-harness-EI","mean","textbook72","72","solved","256","0.8","14.7","lean_and_ndverify","","","copied","nd-rl:robbie-experiments:experiment-summaries/2026-09-21-pretrain-ablations/charts/runs.csv","textbook72|k256|T0.8|lean_and_ndverify|3-seed-mean"
"robbie-autoresearch-lean:101-claude_lean-depth-6","101-claude_lean-depth-6 (keep)","","lean_seq","scratch","cap-6 train.jsonl 155k","6","rl-harness-EI","mean","textbook72","72","solved","256","0.8","16.7","lean_and_ndverify","","","copied","nd-rl:robbie-experiments:experiment-summaries/2026-09-21-pretrain-ablations/charts/runs.csv","textbook72|k256|T0.8|lean_and_ndverify|3-seed-mean"
"robbie-autoresearch-lean:102-claude_lean-depth-7","102-claude_lean-depth-7 (discard)","","lean_seq","scratch","cap-6 train.jsonl 155k","6","rl-harness-EI","mean","textbook72","72","solved","256","0.8","14.7","lean_and_ndverify","","","copied","nd-rl:robbie-experiments:experiment-summaries/2026-09-21-pretrain-ablations/charts/runs.csv","textbook72|k256|T0.8|lean_and_ndverify|3-seed-mean"
"robbie-autoresearch-lean:103-claude_lean-mlp-5x","103-claude_lean-mlp-5x (discard)","","lean_seq","scratch","cap-6 train.jsonl 155k","6","rl-harness-EI","mean","textbook72","72","solved","256","0.8","14.3","lean_and_ndverify","","","copied","nd-rl:robbie-experiments:experiment-summaries/2026-09-21-pretrain-ablations/charts/runs.csv","textbook72|k256|T0.8|lean_and_ndverify|3-seed-mean"
"robbie-autoresearch-lean:104-claude_lean-muon-lr-008","104-claude_lean-muon-lr-008 (discard)","","lean_seq","scratch","cap-6 train.jsonl 155k","6","rl-harness-EI","mean","textbook72","72","solved","256","0.8","15.7","lean_and_ndverify","","","copied","nd-rl:robbie-experiments:experiment-summaries/2026-09-21-pretrain-ablations/charts/runs.csv","textbook72|k256|T0.8|lean_and_ndverify|3-seed-mean"
"robbie-autoresearch-lean:105-claude_lean-loop-middle","105-claude_lean-loop-middle (discard)","","lean_seq","scratch","cap-6 train.jsonl 155k","6","rl-harness-EI","mean","textbook72","72","solved","256","0.8","15.3","lean_and_ndverify","","","copied","nd-rl:robbie-experiments:experiment-summaries/2026-09-21-pretrain-ablations/charts/runs.csv","textbook72|k256|T0.8|lean_and_ndverify|3-seed-mean"
"robbie-autoresearch-lean:106-claude_lean-shared-attn","106-claude_lean-shared-attn (discard)","","lean_seq","scratch","cap-6 train.jsonl 155k","6","rl-harness-EI","mean","textbook72","72","solved","256","0.8","15.7","lean_and_ndverify","","","copied","nd-rl:robbie-experiments:experiment-summaries/2026-09-21-pretrain-ablations/charts/runs.csv","textbook72|k256|T0.8|lean_and_ndverify|3-seed-mean"
"robbie-autoresearch-lean:107-claude_lean-peri-ln","107-claude_lean-peri-ln (keep)","","lean_seq","scratch","cap-6 train.jsonl 155k","6","rl-harness-EI","mean","textbook72","72","solved","256","0.8","17.3","lean_and_ndverify","","","copied","nd-rl:robbie-experiments:experiment-summaries/2026-09-21-pretrain-ablations/charts/runs.csv","textbook72|k256|T0.8|lean_and_ndverify|3-seed-mean"
"robbie-autoresearch-lean:108-claude_lean-emb-ln","108-claude_lean-emb-ln (discard)","","lean_seq","scratch","cap-6 train.jsonl 155k","6","rl-harness-EI","mean","textbook72","72","solved","256","0.8","17.7","lean_and_ndverify","","","copied","nd-rl:robbie-experiments:experiment-summaries/2026-09-21-pretrain-ablations/charts/runs.csv","textbook72|k256|T0.8|lean_and_ndverify|3-seed-mean"
"robbie-autoresearch-lean:109-fable_lean-canon","109-fable_lean-canon (discard)","","lean_seq","scratch","cap-6 train.jsonl 155k","6","rl-harness-EI","mean","textbook72","72","solved","256","0.8","10.7","lean_and_ndverify","","","copied","nd-rl:robbie-experiments:experiment-summaries/2026-09-21-pretrain-ablations/charts/runs.csv","textbook72|k256|T0.8|lean_and_ndverify|3-seed-mean"
"robbie-autoresearch-lean:111-fable_lean-nope","111-fable_lean-nope (discard)","","lean_seq","scratch","cap-6 train.jsonl 155k","6","rl-harness-EI","mean","textbook72","72","solved","256","0.8","14.7","lean_and_ndverify","","","copied","nd-rl:robbie-experiments:experiment-summaries/2026-09-21-pretrain-ablations/charts/runs.csv","textbook72|k256|T0.8|lean_and_ndverify|3-seed-mean"
"robbie-autoresearch-lean:112-claude_lean-parallel-block","112-claude_lean-parallel-block (discard)","","lean_seq","scratch","cap-6 train.jsonl 155k","6","rl-harness-EI","mean","textbook72","72","solved","256","0.8","15","lean_and_ndverify","","","copied","nd-rl:robbie-experiments:experiment-summaries/2026-09-21-pretrain-ablations/charts/runs.csv","textbook72|k256|T0.8|lean_and_ndverify|3-seed-mean"
"robbie-autoresearch-lean:113-fable_lean-alibi","113-fable_lean-alibi (keep)","","lean_seq","scratch","cap-6 train.jsonl 155k","6","rl-harness-EI","mean","textbook72","72","solved","256","0.8","16","lean_and_ndverify","","","copied","nd-rl:robbie-experiments:experiment-summaries/2026-09-21-pretrain-ablations/charts/runs.csv","textbook72|k256|T0.8|lean_and_ndverify|3-seed-mean"
"robbie-autoresearch-lean:114-claude_lean-unet-skips","114-claude_lean-unet-skips (discard)","","lean_seq","scratch","cap-6 train.jsonl 155k","6","rl-harness-EI","mean","textbook72","72","solved","256","0.8","16.3","lean_and_ndverify","","","copied","nd-rl:robbie-experiments:experiment-summaries/2026-09-21-pretrain-ablations/charts/runs.csv","textbook72|k256|T0.8|lean_and_ndverify|3-seed-mean"
"robbie-autoresearch-lean:115-fable_lean-alibi-half","115-fable_lean-alibi-half (keep)","","lean_seq","scratch","cap-6 train.jsonl 155k","6","rl-harness-EI","mean","textbook72","72","solved","256","0.8","17.7","lean_and_ndverify","","","copied","nd-rl:robbie-experiments:experiment-summaries/2026-09-21-pretrain-ablations/charts/runs.csv","textbook72|k256|T0.8|lean_and_ndverify|3-seed-mean"
"robbie-autoresearch-lean:116-claude_lean-learned-slopes","116-claude_lean-learned-slopes (discard)","","lean_seq","scratch","cap-6 train.jsonl 155k","6","rl-harness-EI","mean","textbook72","72","solved","256","0.8","17","lean_and_ndverify","","","copied","nd-rl:robbie-experiments:experiment-summaries/2026-09-21-pretrain-ablations/charts/runs.csv","textbook72|k256|T0.8|lean_and_ndverify|3-seed-mean"
"robbie-autoresearch-lean:116-fable_lean-rel-bias","116-fable_lean-rel-bias (discard)","","lean_seq","scratch","cap-6 train.jsonl 155k","6","rl-harness-EI","mean","textbook72","72","solved","256","0.8","17.3","lean_and_ndverify","","","copied","nd-rl:robbie-experiments:experiment-summaries/2026-09-21-pretrain-ablations/charts/runs.csv","textbook72|k256|T0.8|lean_and_ndverify|3-seed-mean"
"robbie-autoresearch-lean:117-claude_lean-attn-sink","117-claude_lean-attn-sink (discard)","","lean_seq","scratch","cap-6 train.jsonl 155k","6","rl-harness-EI","mean","textbook72","72","solved","256","0.8","18.3","lean_and_ndverify","","","copied","nd-rl:robbie-experiments:experiment-summaries/2026-09-21-pretrain-ablations/charts/runs.csv","textbook72|k256|T0.8|lean_and_ndverify|3-seed-mean"
"robbie-autoresearch-lean:117-fable_lean-fox","117-fable_lean-fox (discard)","","lean_seq","scratch","cap-6 train.jsonl 155k","6","rl-harness-EI","mean","textbook72","72","solved","256","0.8","15","lean_and_ndverify","","","copied","nd-rl:robbie-experiments:experiment-summaries/2026-09-21-pretrain-ablations/charts/runs.csv","textbook72|k256|T0.8|lean_and_ndverify|3-seed-mean"
"robbie-autoresearch-lean:118-fable_lean-diff-attn","118-fable_lean-diff-attn (discard)","","lean_seq","scratch","cap-6 train.jsonl 155k","6","rl-harness-EI","mean","textbook72","72","solved","256","0.8","17.3","lean_and_ndverify","","","copied","nd-rl:robbie-experiments:experiment-summaries/2026-09-21-pretrain-ablations/charts/runs.csv","textbook72|k256|T0.8|lean_and_ndverify|3-seed-mean"
"robbie-autoresearch-lean:119-claude_lean-alibi-5of8","119-claude_lean-alibi-5of8 (discard)","","lean_seq","scratch","cap-6 train.jsonl 155k","6","rl-harness-EI","mean","textbook72","72","solved","256","0.8","16.7","lean_and_ndverify","","","copied","nd-rl:robbie-experiments:experiment-summaries/2026-09-21-pretrain-ablations/charts/runs.csv","textbook72|k256|T0.8|lean_and_ndverify|3-seed-mean"
"robbie-autoresearch-lean:120-claude_lean-alibi-layerwise","120-claude_lean-alibi-layerwise (discard)","","lean_seq","scratch","cap-6 train.jsonl 155k","6","rl-harness-EI","mean","textbook72","72","solved","256","0.8","15.3","lean_and_ndverify","","","copied","nd-rl:robbie-experiments:experiment-summaries/2026-09-21-pretrain-ablations/charts/runs.csv","textbook72|k256|T0.8|lean_and_ndverify|3-seed-mean"
"robbie-autoresearch-lean:120-fable_lean-prefix-lm","120-fable_lean-prefix-lm (discard)","","lean_seq","scratch","cap-6 train.jsonl 155k","6","rl-harness-EI","mean","textbook72","72","solved","256","0.8","16","lean_and_ndverify","","","copied","nd-rl:robbie-experiments:experiment-summaries/2026-09-21-pretrain-ablations/charts/runs.csv","textbook72|k256|T0.8|lean_and_ndverify|3-seed-mean"
"robbie-autoresearch-lean:121-fable_lean-value-embs","121-fable_lean-value-embs (discard)","","lean_seq","scratch","cap-6 train.jsonl 155k","6","rl-harness-EI","mean","textbook72","72","solved","256","0.8","17","lean_and_ndverify","","","copied","nd-rl:robbie-experiments:experiment-summaries/2026-09-21-pretrain-ablations/charts/runs.csv","textbook72|k256|T0.8|lean_and_ndverify|3-seed-mean"
"robbie-autoresearch-lean:122-claude_lean-logn-nope","122-claude_lean-logn-nope (discard)","","lean_seq","scratch","cap-6 train.jsonl 155k","6","rl-harness-EI","mean","textbook72","72","solved","256","0.8","16.3","lean_and_ndverify","","","copied","nd-rl:robbie-experiments:experiment-summaries/2026-09-21-pretrain-ablations/charts/runs.csv","textbook72|k256|T0.8|lean_and_ndverify|3-seed-mean"
"robbie-autoresearch-lean:123-fable_lean-talking-heads","123-fable_lean-talking-heads (discard)","","lean_seq","scratch","cap-6 train.jsonl 155k","6","rl-harness-EI","mean","textbook72","72","solved","256","0.8","14","lean_and_ndverify","","","copied","nd-rl:robbie-experiments:experiment-summaries/2026-09-21-pretrain-ablations/charts/runs.csv","textbook72|k256|T0.8|lean_and_ndverify|3-seed-mean"
"robbie-autoresearch-lean:124-claude_lean-mlp-3x","124-claude_lean-mlp-3x (discard)","","lean_seq","scratch","cap-6 train.jsonl 155k","6","rl-harness-EI","mean","textbook72","72","solved","256","0.8","16.3","lean_and_ndverify","","","copied","nd-rl:robbie-experiments:experiment-summaries/2026-09-21-pretrain-ablations/charts/runs.csv","textbook72|k256|T0.8|lean_and_ndverify|3-seed-mean"
"robbie-autoresearch-lean:125-claude_lean-alibi-3of8","125-claude_lean-alibi-3of8 (discard)","","lean_seq","scratch","cap-6 train.jsonl 155k","6","rl-harness-EI","mean","textbook72","72","solved","256","0.8","15.7","lean_and_ndverify","","","copied","nd-rl:robbie-experiments:experiment-summaries/2026-09-21-pretrain-ablations/charts/runs.csv","textbook72|k256|T0.8|lean_and_ndverify|3-seed-mean"
"robbie-autoresearch-lean:125-fable_lean-loop-3x2","125-fable_lean-loop-3x2 (discard)","","lean_seq","scratch","cap-6 train.jsonl 155k","6","rl-harness-EI","mean","textbook72","72","solved","256","0.8","14.3","lean_and_ndverify","","","copied","nd-rl:robbie-experiments:experiment-summaries/2026-09-21-pretrain-ablations/charts/runs.csv","textbook72|k256|T0.8|lean_and_ndverify|3-seed-mean"
"robbie-autoresearch-lean:126-claude_lean-depth7-mlp3x","126-claude_lean-depth7-mlp3x (discard)","","lean_seq","scratch","cap-6 train.jsonl 155k","6","rl-harness-EI","mean","textbook72","72","solved","256","0.8","16","lean_and_ndverify","","","copied","nd-rl:robbie-experiments:experiment-summaries/2026-09-21-pretrain-ablations/charts/runs.csv","textbook72|k256|T0.8|lean_and_ndverify|3-seed-mean"
"robbie-autoresearch-lean:127-fable_lean-heads-16","127-fable_lean-heads-16 (discard)","","lean_seq","scratch","cap-6 train.jsonl 155k","6","rl-harness-EI","mean","textbook72","72","solved","256","0.8","16.7","lean_and_ndverify","","","copied","nd-rl:robbie-experiments:experiment-summaries/2026-09-21-pretrain-ablations/charts/runs.csv","textbook72|k256|T0.8|lean_and_ndverify|3-seed-mean"
"robbie-autoresearch-lean:128-claude_lean-attn-dropout","128-claude_lean-attn-dropout (discard)","","lean_seq","scratch","cap-6 train.jsonl 155k","6","rl-harness-EI","mean","textbook72","72","solved","256","0.8","16","lean_and_ndverify","","","copied","nd-rl:robbie-experiments:experiment-summaries/2026-09-21-pretrain-ablations/charts/runs.csv","textbook72|k256|T0.8|lean_and_ndverify|3-seed-mean"
"robbie-autoresearch-lean:129-claude_lean-lr-floor-03","129-claude_lean-lr-floor-03 (keep)","","lean_seq","scratch","cap-6 train.jsonl 155k","6","rl-harness-EI","mean","textbook72","72","solved","256","0.8","18","lean_and_ndverify","","","copied","nd-rl:robbie-experiments:experiment-summaries/2026-09-21-pretrain-ablations/charts/runs.csv","textbook72|k256|T0.8|lean_and_ndverify|3-seed-mean"
"robbie-autoresearch-lean:130-claude_lean-constant-lr","130-claude_lean-constant-lr (discard)","","lean_seq","scratch","cap-6 train.jsonl 155k","6","rl-harness-EI","mean","textbook72","72","solved","256","0.8","16.7","lean_and_ndverify","","","copied","nd-rl:robbie-experiments:experiment-summaries/2026-09-21-pretrain-ablations/charts/runs.csv","textbook72|k256|T0.8|lean_and_ndverify|3-seed-mean"
"robbie-autoresearch-lean:131-claude_lean-swa-tail","131-claude_lean-swa-tail (discard)","","lean_seq","scratch","cap-6 train.jsonl 155k","6","rl-harness-EI","mean","textbook72","72","solved","256","0.8","17","lean_and_ndverify","","","copied","nd-rl:robbie-experiments:experiment-summaries/2026-09-21-pretrain-ablations/charts/runs.csv","textbook72|k256|T0.8|lean_and_ndverify|3-seed-mean"
"robbie-autoresearch-lean:132-fable_lean-recurrent-depth","132-fable_lean-recurrent-depth (discard)","","lean_seq","scratch","cap-6 train.jsonl 155k","6","rl-harness-EI","mean","textbook72","72","solved","256","0.8","17.3","lean_and_ndverify","","","copied","nd-rl:robbie-experiments:experiment-summaries/2026-09-21-pretrain-ablations/charts/runs.csv","textbook72|k256|T0.8|lean_and_ndverify|3-seed-mean"
"robbie-autoresearch-lean:133-claude_lean-handoff-rescale","133-claude_lean-handoff-rescale (discard)","","lean_seq","scratch","cap-6 train.jsonl 155k","6","rl-harness-EI","mean","textbook72","72","solved","256","0.8","18","lean_and_ndverify","","","copied","nd-rl:robbie-experiments:experiment-summaries/2026-09-21-pretrain-ablations/charts/runs.csv","textbook72|k256|T0.8|lean_and_ndverify|3-seed-mean"
"robbie-autoresearch-lean:134-fable_lean-loop-wide","134-fable_lean-loop-wide (discard)","","lean_seq","scratch","cap-6 train.jsonl 155k","6","rl-harness-EI","mean","textbook72","72","solved","256","0.8","16.3","lean_and_ndverify","","","copied","nd-rl:robbie-experiments:experiment-summaries/2026-09-21-pretrain-ablations/charts/runs.csv","textbook72|k256|T0.8|lean_and_ndverify|3-seed-mean"
"robbie-autoresearch-lean:135-claude_lean-wsd","135-claude_lean-wsd (discard)","","lean_seq","scratch","cap-6 train.jsonl 155k","6","rl-harness-EI","mean","textbook72","72","solved","256","0.8","15.7","lean_and_ndverify","","","copied","nd-rl:robbie-experiments:experiment-summaries/2026-09-21-pretrain-ablations/charts/runs.csv","textbook72|k256|T0.8|lean_and_ndverify|3-seed-mean"
"robbie-autoresearch-lean:136-fable_lean-mtp","136-fable_lean-mtp (keep)","","lean_seq","scratch","cap-6 train.jsonl 155k","6","rl-harness-EI","mean","textbook72","72","solved","256","0.8","18.7","lean_and_ndverify","","","copied","nd-rl:robbie-experiments:experiment-summaries/2026-09-21-pretrain-ablations/charts/runs.csv","textbook72|k256|T0.8|lean_and_ndverify|3-seed-mean"
"robbie-autoresearch-lean:137-claude_lean-floor-05","137-claude_lean-floor-05 (discard)","","lean_seq","scratch","cap-6 train.jsonl 155k","6","rl-harness-EI","mean","textbook72","72","solved","256","0.8","17.7","lean_and_ndverify","","","copied","nd-rl:robbie-experiments:experiment-summaries/2026-09-21-pretrain-ablations/charts/runs.csv","textbook72|k256|T0.8|lean_and_ndverify|3-seed-mean"
"robbie-autoresearch-lean:138-fable_lean-mtp-recurrent","138-fable_lean-mtp-recurrent (discard)","","lean_seq","scratch","cap-6 train.jsonl 155k","6","rl-harness-EI","mean","textbook72","72","solved","256","0.8","16","lean_and_ndverify","","","copied","nd-rl:robbie-experiments:experiment-summaries/2026-09-21-pretrain-ablations/charts/runs.csv","textbook72|k256|T0.8|lean_and_ndverify|3-seed-mean"
"robbie-autoresearch-lean:139-claude_lean-mhc","139-claude_lean-mhc (discard)","","lean_seq","scratch","cap-6 train.jsonl 155k","6","rl-harness-EI","mean","textbook72","72","solved","256","0.8","16.7","lean_and_ndverify","","","copied","nd-rl:robbie-experiments:experiment-summaries/2026-09-21-pretrain-ablations/charts/runs.csv","textbook72|k256|T0.8|lean_and_ndverify|3-seed-mean"
"robbie-autoresearch-lean:140-fable_lean-stack","140-fable_lean-stack (discard)","","lean_seq","scratch","cap-6 train.jsonl 155k","6","rl-harness-EI","mean","textbook72","72","solved","256","0.8","15.3","lean_and_ndverify","","","copied","nd-rl:robbie-experiments:experiment-summaries/2026-09-21-pretrain-ablations/charts/runs.csv","textbook72|k256|T0.8|lean_and_ndverify|3-seed-mean"
"robbie-autoresearch-lean:141-claude_lean-mtp-parallel","141-claude_lean-mtp-parallel (discard)","","lean_seq","scratch","cap-6 train.jsonl 155k","6","rl-harness-EI","mean","textbook72","72","solved","256","0.8","16.3","lean_and_ndverify","","","copied","nd-rl:robbie-experiments:experiment-summaries/2026-09-21-pretrain-ablations/charts/runs.csv","textbook72|k256|T0.8|lean_and_ndverify|3-seed-mean"
"robbie-autoresearch-lean:142-fable_lean-deep-sup","142-fable_lean-deep-sup (discard)","","lean_seq","scratch","cap-6 train.jsonl 155k","6","rl-harness-EI","mean","textbook72","72","solved","256","0.8","16","lean_and_ndverify","","","copied","nd-rl:robbie-experiments:experiment-summaries/2026-09-21-pretrain-ablations/charts/runs.csv","textbook72|k256|T0.8|lean_and_ndverify|3-seed-mean"
"robbie-autoresearch-lean:143-claude_lean-mtp-anneal","143-claude_lean-mtp-anneal (discard)","","lean_seq","scratch","cap-6 train.jsonl 155k","6","rl-harness-EI","mean","textbook72","72","solved","256","0.8","18.7","lean_and_ndverify","","","copied","nd-rl:robbie-experiments:experiment-summaries/2026-09-21-pretrain-ablations/charts/runs.csv","textbook72|k256|T0.8|lean_and_ndverify|3-seed-mean"
"robbie-autoresearch-lean:144-claude_lean-mtp-06","144-claude_lean-mtp-06 (discard)","","lean_seq","scratch","cap-6 train.jsonl 155k","6","rl-harness-EI","mean","textbook72","72","solved","256","0.8","17.7","lean_and_ndverify","","","copied","nd-rl:robbie-experiments:experiment-summaries/2026-09-21-pretrain-ablations/charts/runs.csv","textbook72|k256|T0.8|lean_and_ndverify|3-seed-mean"
"robbie-autoresearch-lean:144-fable_lean-wide-shallow","144-fable_lean-wide-shallow (discard)","","lean_seq","scratch","cap-6 train.jsonl 155k","6","rl-harness-EI","mean","textbook72","72","solved","256","0.8","14.7","lean_and_ndverify","","","copied","nd-rl:robbie-experiments:experiment-summaries/2026-09-21-pretrain-ablations/charts/runs.csv","textbook72|k256|T0.8|lean_and_ndverify|3-seed-mean"
"robbie-autoresearch-lean:145-claude_lean-normuon","145-claude_lean-normuon (discard)","","lean_seq","scratch","cap-6 train.jsonl 155k","6","rl-harness-EI","mean","textbook72","72","solved","256","0.8","16.7","lean_and_ndverify","","","copied","nd-rl:robbie-experiments:experiment-summaries/2026-09-21-pretrain-ablations/charts/runs.csv","textbook72|k256|T0.8|lean_and_ndverify|3-seed-mean"
"robbie-autoresearch-lean:145-fable_lean-loop-untie","145-fable_lean-loop-untie (discard)","","lean_seq","scratch","cap-6 train.jsonl 155k","6","rl-harness-EI","mean","textbook72","72","solved","256","0.8","16.7","lean_and_ndverify","","","copied","nd-rl:robbie-experiments:experiment-summaries/2026-09-21-pretrain-ablations/charts/runs.csv","textbook72|k256|T0.8|lean_and_ndverify|3-seed-mean"
"robbie-autoresearch-lean:146-claude_lean-pack-rows","146-claude_lean-pack-rows (discard)","","lean_seq","scratch","cap-6 train.jsonl 155k","6","rl-harness-EI","mean","textbook72","72","solved","256","0.8","17.3","lean_and_ndverify","","","copied","nd-rl:robbie-experiments:experiment-summaries/2026-09-21-pretrain-ablations/charts/runs.csv","textbook72|k256|T0.8|lean_and_ndverify|3-seed-mean"
"robbie-autoresearch-lean:146-fable_lean-batched-muon","146-fable_lean-batched-muon (discard)","","lean_seq","scratch","cap-6 train.jsonl 155k","6","rl-harness-EI","mean","textbook72","72","solved","256","0.8","16","lean_and_ndverify","","","copied","nd-rl:robbie-experiments:experiment-summaries/2026-09-21-pretrain-ablations/charts/runs.csv","textbook72|k256|T0.8|lean_and_ndverify|3-seed-mean"
"robbie-autoresearch-lean:147-claude_lean-bs192","147-claude_lean-bs192 (discard)","","lean_seq","scratch","cap-6 train.jsonl 155k","6","rl-harness-EI","mean","textbook72","72","solved","256","0.8","17","lean_and_ndverify","","","copied","nd-rl:robbie-experiments:experiment-summaries/2026-09-21-pretrain-ablations/charts/runs.csv","textbook72|k256|T0.8|lean_and_ndverify|3-seed-mean"
"robbie-autoresearch-lean:148-fable_lean-token-batches","148-fable_lean-token-batches (keep)","","lean_seq","scratch","cap-6 train.jsonl 155k","6","rl-harness-EI","mean","textbook72","72","solved","256","0.8","18.3","lean_and_ndverify","","","copied","nd-rl:robbie-experiments:experiment-summaries/2026-09-21-pretrain-ablations/charts/runs.csv","textbook72|k256|T0.8|lean_and_ndverify|3-seed-mean"
"robbie-autoresearch-lean:149-claude_lean-nope-flash","149-claude_lean-nope-flash (discard)","","lean_seq","scratch","cap-6 train.jsonl 155k","6","rl-harness-EI","mean","textbook72","72","solved","256","0.8","18","lean_and_ndverify","","","copied","nd-rl:robbie-experiments:experiment-summaries/2026-09-21-pretrain-ablations/charts/runs.csv","textbook72|k256|T0.8|lean_and_ndverify|3-seed-mean"
"robbie-autoresearch-lean:150-fable_lean-bigram-table","150-fable_lean-bigram-table (keep)","","lean_seq","scratch","cap-6 train.jsonl 155k","6","rl-harness-EI","mean","textbook72","72","solved","256","0.8","21.7","lean_and_ndverify","","","copied","nd-rl:robbie-experiments:experiment-summaries/2026-09-21-pretrain-ablations/charts/runs.csv","textbook72|k256|T0.8|lean_and_ndverify|3-seed-mean"
"robbie-autoresearch-lean:151-claude_lean-width320","151-claude_lean-width320 (keep)","","lean_seq","scratch","cap-6 train.jsonl 155k","6","rl-harness-EI","mean","textbook72","72","solved","256","0.8","18","lean_and_ndverify","","","copied","nd-rl:robbie-experiments:experiment-summaries/2026-09-21-pretrain-ablations/charts/runs.csv","textbook72|k256|T0.8|lean_and_ndverify|3-seed-mean"
"robbie-autoresearch-lean:152-fable2_lean-drop-path","152-fable2_lean-drop-path (discard)","","lean_seq","scratch","cap-6 train.jsonl 155k","6","rl-harness-EI","mean","textbook72","72","solved","256","0.8","17.3","lean_and_ndverify","","","copied","nd-rl:robbie-experiments:experiment-summaries/2026-09-21-pretrain-ablations/charts/runs.csv","textbook72|k256|T0.8|lean_and_ndverify|3-seed-mean"
"robbie-autoresearch-lean:153-claude_lean-width384","153-claude_lean-width384 (keep)","","lean_seq","scratch","cap-6 train.jsonl 155k","6","rl-harness-EI","mean","textbook72","72","solved","256","0.8","18.7","lean_and_ndverify","","","copied","nd-rl:robbie-experiments:experiment-summaries/2026-09-21-pretrain-ablations/charts/runs.csv","textbook72|k256|T0.8|lean_and_ndverify|3-seed-mean"
"robbie-autoresearch-lean:154-fable3_lean-attn-width448","154-fable3_lean-attn-width448 (discard)","","lean_seq","scratch","cap-6 train.jsonl 155k","6","rl-harness-EI","mean","textbook72","72","solved","256","0.8","17.7","lean_and_ndverify","","","copied","nd-rl:robbie-experiments:experiment-summaries/2026-09-21-pretrain-ablations/charts/runs.csv","textbook72|k256|T0.8|lean_and_ndverify|3-seed-mean"
"robbie-autoresearch-lean:154-fable_lean-trigram-logits","154-fable_lean-trigram-logits (discard)","","lean_seq","scratch","cap-6 train.jsonl 155k","6","rl-harness-EI","mean","textbook72","72","solved","256","0.8","20","lean_and_ndverify","","","copied","nd-rl:robbie-experiments:experiment-summaries/2026-09-21-pretrain-ablations/charts/runs.csv","textbook72|k256|T0.8|lean_and_ndverify|3-seed-mean"
"robbie-autoresearch-lean:155-claude_lean-bigram-lowrank","155-claude_lean-bigram-lowrank (discard)","","lean_seq","scratch","cap-6 train.jsonl 155k","6","rl-harness-EI","mean","textbook72","72","solved","256","0.8","19.7","lean_and_ndverify","","","copied","nd-rl:robbie-experiments:experiment-summaries/2026-09-21-pretrain-ablations/charts/runs.csv","textbook72|k256|T0.8|lean_and_ndverify|3-seed-mean"
"robbie-autoresearch-lean:156-fable2_lean-emb-unit-init","156-fable2_lean-emb-unit-init (discard)","","lean_seq","scratch","cap-6 train.jsonl 155k","6","rl-harness-EI","mean","textbook72","72","solved","256","0.8","18","lean_and_ndverify","","","copied","nd-rl:robbie-experiments:experiment-summaries/2026-09-21-pretrain-ablations/charts/runs.csv","textbook72|k256|T0.8|lean_and_ndverify|3-seed-mean"
"robbie-autoresearch-lean:157-fable3_lean-length-curriculum","157-fable3_lean-length-curriculum (discard)","","lean_seq","scratch","cap-6 train.jsonl 155k","6","rl-harness-EI","mean","textbook72","72","solved","256","0.8","19","lean_and_ndverify","","","copied","nd-rl:robbie-experiments:experiment-summaries/2026-09-21-pretrain-ablations/charts/runs.csv","textbook72|k256|T0.8|lean_and_ndverify|3-seed-mean"
"robbie-autoresearch-lean:157-fable_lean-trigram-rank36","157-fable_lean-trigram-rank36 (discard)","","lean_seq","scratch","cap-6 train.jsonl 155k","6","rl-harness-EI","mean","textbook72","72","solved","256","0.8","17.7","lean_and_ndverify","","","copied","nd-rl:robbie-experiments:experiment-summaries/2026-09-21-pretrain-ablations/charts/runs.csv","textbook72|k256|T0.8|lean_and_ndverify|3-seed-mean"
"robbie-autoresearch-lean:158-claude_lean-width448-mlp2x","158-claude_lean-width448-mlp2x (discard)","","lean_seq","scratch","cap-6 train.jsonl 155k","6","rl-harness-EI","mean","textbook72","72","solved","256","0.8","16.7","lean_and_ndverify","","","copied","nd-rl:robbie-experiments:experiment-summaries/2026-09-21-pretrain-ablations/charts/runs.csv","textbook72|k256|T0.8|lean_and_ndverify|3-seed-mean"
"robbie-autoresearch-lean:159-fable2_lean-gated-attn","159-fable2_lean-gated-attn (discard)","","lean_seq","scratch","cap-6 train.jsonl 155k","6","rl-harness-EI","mean","textbook72","72","solved","256","0.8","16","lean_and_ndverify","","","copied","nd-rl:robbie-experiments:experiment-summaries/2026-09-21-pretrain-ablations/charts/runs.csv","textbook72|k256|T0.8|lean_and_ndverify|3-seed-mean"
"robbie-autoresearch-lean:159-fable3_lean-gated-attn","159-fable3_lean-gated-attn (discard)","","lean_seq","scratch","cap-6 train.jsonl 155k","6","rl-harness-EI","mean","textbook72","72","solved","256","0.8","20.7","lean_and_ndverify","","","copied","nd-rl:robbie-experiments:experiment-summaries/2026-09-21-pretrain-ablations/charts/runs.csv","textbook72|k256|T0.8|lean_and_ndverify|3-seed-mean"
"robbie-autoresearch-lean:159-fable_lean-heads4x96","159-fable_lean-heads4x96 (discard)","","lean_seq","scratch","cap-6 train.jsonl 155k","6","rl-harness-EI","mean","textbook72","72","solved","256","0.8","17.3","lean_and_ndverify","","","copied","nd-rl:robbie-experiments:experiment-summaries/2026-09-21-pretrain-ablations/charts/runs.csv","textbook72|k256|T0.8|lean_and_ndverify|3-seed-mean"
"robbie-autoresearch-lean:160-claude_lean-batched-ns","160-claude_lean-batched-ns (discard)","","lean_seq","scratch","cap-6 train.jsonl 155k","6","rl-harness-EI","mean","textbook72","72","solved","256","0.8","20","lean_and_ndverify","","","copied","nd-rl:robbie-experiments:experiment-summaries/2026-09-21-pretrain-ablations/charts/runs.csv","textbook72|k256|T0.8|lean_and_ndverify|3-seed-mean"
"robbie-autoresearch-lean:161-fable2_lean-swiglu","161-fable2_lean-swiglu (discard)","","lean_seq","scratch","cap-6 train.jsonl 155k","6","rl-harness-EI","mean","textbook72","72","solved","256","0.8","16","lean_and_ndverify","","","copied","nd-rl:robbie-experiments:experiment-summaries/2026-09-21-pretrain-ablations/charts/runs.csv","textbook72|k256|T0.8|lean_and_ndverify|3-seed-mean"
"robbie-autoresearch-lean:161-fable3_lean-pack-nomask","161-fable3_lean-pack-nomask (discard)","","lean_seq","scratch","cap-6 train.jsonl 155k","6","rl-harness-EI","mean","textbook72","72","solved","256","0.8","17","lean_and_ndverify","","","copied","nd-rl:robbie-experiments:experiment-summaries/2026-09-21-pretrain-ablations/charts/runs.csv","textbook72|k256|T0.8|lean_and_ndverify|3-seed-mean"
"robbie-autoresearch-lean:162-fable_lean-tail-ascending","162-fable_lean-tail-ascending (discard)","","lean_seq","scratch","cap-6 train.jsonl 155k","6","rl-harness-EI","mean","textbook72","72","solved","256","0.8","17.3","lean_and_ndverify","","","copied","nd-rl:robbie-experiments:experiment-summaries/2026-09-21-pretrain-ablations/charts/runs.csv","textbook72|k256|T0.8|lean_and_ndverify|3-seed-mean"
"robbie-autoresearch-lean:163-claude_lean-repeat-6line","163-claude_lean-repeat-6line (discard)","","lean_seq","scratch","cap-6 train.jsonl 155k","6","rl-harness-EI","mean","textbook72","72","solved","256","0.8","18.3","lean_and_ndverify","","","copied","nd-rl:robbie-experiments:experiment-summaries/2026-09-21-pretrain-ablations/charts/runs.csv","textbook72|k256|T0.8|lean_and_ndverify|3-seed-mean"
"robbie-autoresearch-lean:163-fable3_lean-prompt-loss","163-fable3_lean-prompt-loss (discard)","","lean_seq","scratch","cap-6 train.jsonl 155k","6","rl-harness-EI","mean","textbook72","72","solved","256","0.8","17.3","lean_and_ndverify","","","copied","nd-rl:robbie-experiments:experiment-summaries/2026-09-21-pretrain-ablations/charts/runs.csv","textbook72|k256|T0.8|lean_and_ndverify|3-seed-mean"
"robbie-autoresearch-lean:164-fable2_lean-value-resid","164-fable2_lean-value-resid (discard)","","lean_seq","scratch","cap-6 train.jsonl 155k","6","rl-harness-EI","mean","textbook72","72","solved","256","0.8","18.3","lean_and_ndverify","","","copied","nd-rl:robbie-experiments:experiment-summaries/2026-09-21-pretrain-ablations/charts/runs.csv","textbook72|k256|T0.8|lean_and_ndverify|3-seed-mean"
"robbie-autoresearch-lean:164-fable_lean-mtp-depth2","164-fable_lean-mtp-depth2 (discard)","","lean_seq","scratch","cap-6 train.jsonl 155k","6","rl-harness-EI","mean","textbook72","72","solved","256","0.8","18.3","lean_and_ndverify","","","copied","nd-rl:robbie-experiments:experiment-summaries/2026-09-21-pretrain-ablations/charts/runs.csv","textbook72|k256|T0.8|lean_and_ndverify|3-seed-mean"
"robbie-autoresearch-lean:165-fable3_lean-gqa-width448","165-fable3_lean-gqa-width448 (discard)","","lean_seq","scratch","cap-6 train.jsonl 155k","6","rl-harness-EI","mean","textbook72","72","solved","256","0.8","19.7","lean_and_ndverify","","","copied","nd-rl:robbie-experiments:experiment-summaries/2026-09-21-pretrain-ablations/charts/runs.csv","textbook72|k256|T0.8|lean_and_ndverify|3-seed-mean"
"robbie-autoresearch-lean:166-fable2_lean-compile-dynamic","166-fable2_lean-compile-dynamic (discard)","","lean_seq","scratch","cap-6 train.jsonl 155k","6","rl-harness-EI","mean","textbook72","72","solved","256","0.8","4.3","lean_and_ndverify","","","copied","nd-rl:robbie-experiments:experiment-summaries/2026-09-21-pretrain-ablations/charts/runs.csv","textbook72|k256|T0.8|lean_and_ndverify|3-seed-mean"
"robbie-autoresearch-lean:166-fable_lean-loop-w512","166-fable_lean-loop-w512 (discard)","","lean_seq","scratch","cap-6 train.jsonl 155k","6","rl-harness-EI","mean","textbook72","72","solved","256","0.8","17.7","lean_and_ndverify","","","copied","nd-rl:robbie-experiments:experiment-summaries/2026-09-21-pretrain-ablations/charts/runs.csv","textbook72|k256|T0.8|lean_and_ndverify|3-seed-mean"
"robbie-autoresearch-lean:167-claude_lean-heads12","167-claude_lean-heads12 (discard)","","lean_seq","scratch","cap-6 train.jsonl 155k","6","rl-harness-EI","mean","textbook72","72","solved","256","0.8","17.3","lean_and_ndverify","","","copied","nd-rl:robbie-experiments:experiment-summaries/2026-09-21-pretrain-ablations/charts/runs.csv","textbook72|k256|T0.8|lean_and_ndverify|3-seed-mean"
"robbie-autoresearch-lean:168-fable3_lean-qk-norm","168-fable3_lean-qk-norm (discard)","","lean_seq","scratch","cap-6 train.jsonl 155k","6","rl-harness-EI","mean","textbook72","72","solved","256","0.8","15.3","lean_and_ndverify","","","copied","nd-rl:robbie-experiments:experiment-summaries/2026-09-21-pretrain-ablations/charts/runs.csv","textbook72|k256|T0.8|lean_and_ndverify|3-seed-mean"
"robbie-autoresearch-lean:169-fable2_lean-randpos","169-fable2_lean-randpos (discard)","","lean_seq","scratch","cap-6 train.jsonl 155k","6","rl-harness-EI","mean","textbook72","72","solved","256","0.8","18.3","lean_and_ndverify","","","copied","nd-rl:robbie-experiments:experiment-summaries/2026-09-21-pretrain-ablations/charts/runs.csv","textbook72|k256|T0.8|lean_and_ndverify|3-seed-mean"
"robbie-autoresearch-lean:169-fable_lean-sigmoid-attn","169-fable_lean-sigmoid-attn (discard)","","lean_seq","scratch","cap-6 train.jsonl 155k","6","rl-harness-EI","mean","textbook72","72","solved","256","0.8","15.7","lean_and_ndverify","","","copied","nd-rl:robbie-experiments:experiment-summaries/2026-09-21-pretrain-ablations/charts/runs.csv","textbook72|k256|T0.8|lean_and_ndverify|3-seed-mean"
"robbie-autoresearch-lean:170-claude_lean-line-alibi","170-claude_lean-line-alibi (discard)","","lean_seq","scratch","cap-6 train.jsonl 155k","6","rl-harness-EI","mean","textbook72","72","solved","256","0.8","18.7","lean_and_ndverify","","","copied","nd-rl:robbie-experiments:experiment-summaries/2026-09-21-pretrain-ablations/charts/runs.csv","textbook72|k256|T0.8|lean_and_ndverify|3-seed-mean"
"robbie-autoresearch-lean:171-fable3_lean-muon-adamw-finish","171-fable3_lean-muon-adamw-finish (discard)","","lean_seq","scratch","cap-6 train.jsonl 155k","6","rl-harness-EI","mean","textbook72","72","solved","256","0.8","19.3","lean_and_ndverify","","","copied","nd-rl:robbie-experiments:experiment-summaries/2026-09-21-pretrain-ablations/charts/runs.csv","textbook72|k256|T0.8|lean_and_ndverify|3-seed-mean"
"robbie-autoresearch-lean:172-fable2_lean-depth8-mlp2x","172-fable2_lean-depth8-mlp2x (discard)","","lean_seq","scratch","cap-6 train.jsonl 155k","6","rl-harness-EI","mean","textbook72","72","solved","256","0.8","18.7","lean_and_ndverify","","","copied","nd-rl:robbie-experiments:experiment-summaries/2026-09-21-pretrain-ablations/charts/runs.csv","textbook72|k256|T0.8|lean_and_ndverify|3-seed-mean"
"robbie-autoresearch-lean:173-fable_lean-focal-loss","173-fable_lean-focal-loss (discard)","","lean_seq","scratch","cap-6 train.jsonl 155k","6","rl-harness-EI","mean","textbook72","72","solved","256","0.8","16.3","lean_and_ndverify","","","copied","nd-rl:robbie-experiments:experiment-summaries/2026-09-21-pretrain-ablations/charts/runs.csv","textbook72|k256|T0.8|lean_and_ndverify|3-seed-mean"
"robbie-autoresearch-lean:174-claude_lean-wide-prune","174-claude_lean-wide-prune (discard)","","lean_seq","scratch","cap-6 train.jsonl 155k","6","rl-harness-EI","mean","textbook72","72","solved","256","0.8","17.7","lean_and_ndverify","","","copied","nd-rl:robbie-experiments:experiment-summaries/2026-09-21-pretrain-ablations/charts/runs.csv","textbook72|k256|T0.8|lean_and_ndverify|3-seed-mean"
"robbie-autoresearch-lean:175-fable3_lean-headwise-muon","175-fable3_lean-headwise-muon (discard)","","lean_seq","scratch","cap-6 train.jsonl 155k","6","rl-harness-EI","mean","textbook72","72","solved","256","0.8","14.3","lean_and_ndverify","","","copied","nd-rl:robbie-experiments:experiment-summaries/2026-09-21-pretrain-ablations/charts/runs.csv","textbook72|k256|T0.8|lean_and_ndverify|3-seed-mean"
"robbie-autoresearch-lean:176-fable2_lean-stiefel-pull","176-fable2_lean-stiefel-pull (discard)","","lean_seq","scratch","cap-6 train.jsonl 155k","6","rl-harness-EI","mean","textbook72","72","solved","256","0.8","17.7","lean_and_ndverify","","","copied","nd-rl:robbie-experiments:experiment-summaries/2026-09-21-pretrain-ablations/charts/runs.csv","textbook72|k256|T0.8|lean_and_ndverify|3-seed-mean"
"robbie-autoresearch-lean:176-fable_lean-born-again-kd","176-fable_lean-born-again-kd (discard)","","lean_seq","scratch","cap-6 train.jsonl 155k","6","rl-harness-EI","mean","textbook72","72","solved","256","0.8","18","lean_and_ndverify","","","copied","nd-rl:robbie-experiments:experiment-summaries/2026-09-21-pretrain-ablations/charts/runs.csv","textbook72|k256|T0.8|lean_and_ndverify|3-seed-mean"
"robbie-autoresearch-lean:177-claude_lean-late-sam","177-claude_lean-late-sam (discard)","","lean_seq","scratch","cap-6 train.jsonl 155k","6","rl-harness-EI","mean","textbook72","72","solved","256","0.8","17.7","lean_and_ndverify","","","copied","nd-rl:robbie-experiments:experiment-summaries/2026-09-21-pretrain-ablations/charts/runs.csv","textbook72|k256|T0.8|lean_and_ndverify|3-seed-mean"
"robbie-autoresearch-lean:178-claude_lean-fast-setup","178-claude_lean-fast-setup (discard)","","lean_seq","scratch","cap-6 train.jsonl 155k","6","rl-harness-EI","mean","textbook72","72","solved","256","0.8","18.7","lean_and_ndverify","","","copied","nd-rl:robbie-experiments:experiment-summaries/2026-09-21-pretrain-ablations/charts/runs.csv","textbook72|k256|T0.8|lean_and_ndverify|3-seed-mean"
"robbie-autoresearch-lean:179-claude_lean-prompt-anchor","179-claude_lean-prompt-anchor (discard)","","lean_seq","scratch","cap-6 train.jsonl 155k","6","rl-harness-EI","mean","textbook72","72","solved","256","0.8","18.7","lean_and_ndverify","","","copied","nd-rl:robbie-experiments:experiment-summaries/2026-09-21-pretrain-ablations/charts/runs.csv","textbook72|k256|T0.8|lean_and_ndverify|3-seed-mean"
"robbie-autoresearch-lean:180-claude_lean-fresh-units","180-claude_lean-fresh-units (discard)","","lean_seq","scratch","cap-6 train.jsonl 155k","6","rl-harness-EI","mean","textbook72","72","solved","256","0.8","18","lean_and_ndverify","","","copied","nd-rl:robbie-experiments:experiment-summaries/2026-09-21-pretrain-ablations/charts/runs.csv","textbook72|k256|T0.8|lean_and_ndverify|3-seed-mean"
"robbie-autoresearch-lean:181-claude_lean-relu2","181-claude_lean-relu2 (discard)","","lean_seq","scratch","cap-6 train.jsonl 155k","6","rl-harness-EI","mean","textbook72","72","solved","256","0.8","17.7","lean_and_ndverify","","","copied","nd-rl:robbie-experiments:experiment-summaries/2026-09-21-pretrain-ablations/charts/runs.csv","textbook72|k256|T0.8|lean_and_ndverify|3-seed-mean"
"robbie-autoresearch-lean:182-claude_lean-cautious-wd","182-claude_lean-cautious-wd (discard)","","lean_seq","scratch","cap-6 train.jsonl 155k","6","rl-harness-EI","mean","textbook72","72","solved","256","0.8","20.3","lean_and_ndverify","","","copied","nd-rl:robbie-experiments:experiment-summaries/2026-09-21-pretrain-ablations/charts/runs.csv","textbook72|k256|T0.8|lean_and_ndverify|3-seed-mean"
"robbie-autoresearch-lean:183-claude_lean-handoff-double","183-claude_lean-handoff-double (discard)","","lean_seq","scratch","cap-6 train.jsonl 155k","6","rl-harness-EI","mean","textbook72","72","solved","256","0.8","18","lean_and_ndverify","","","copied","nd-rl:robbie-experiments:experiment-summaries/2026-09-21-pretrain-ablations/charts/runs.csv","textbook72|k256|T0.8|lean_and_ndverify|3-seed-mean"
"robbie-autoresearch-lean:184-claude_lean-depth5-w448","184-claude_lean-depth5-w448 (discard)","","lean_seq","scratch","cap-6 train.jsonl 155k","6","rl-harness-EI","mean","textbook72","72","solved","256","0.8","18","lean_and_ndverify","","","copied","nd-rl:robbie-experiments:experiment-summaries/2026-09-21-pretrain-ablations/charts/runs.csv","textbook72|k256|T0.8|lean_and_ndverify|3-seed-mean"
"best-9.56M-cap12","la_T1_best12_s0_r8","9.56M","lean_staten","scratch","K12 155k","12","T1","0","textbook72","72","solved","256","0.8","52","lean_only","fork lean_judge (Lean 4.34 alone); state_eval in-env sampling, max_action 512 max_steps 96; seed 0; best-state read, batch 2048","2026-10-01","recomputed","hf://buckets/dan-pandori/nd-rl/best-state/artifacts/bs/eval/T1_best12_s0__tb72.jsonl","textbook72|k256|T0.8|lean_only"
"best-9.56M-cap12","la_T1_best12_s0_r8","9.56M","lean_staten","scratch","K12 155k","12","T1","0","textbook72","72","pass_at_k_expected_solved","256","0.8","52.0","lean_only","fork lean_judge (Lean 4.34 alone); state_eval in-env sampling, max_action 512 max_steps 96; seed 0; best-state read, batch 2048","2026-10-01","recomputed","hf://buckets/dan-pandori/nd-rl/best-state/artifacts/bs/eval/T1_best12_s0__tb72.jsonl","textbook72|k256|T0.8|lean_only"
"best-9.56M-cap12","la_T1_best12_s1_r8","9.56M","lean_staten","scratch","K12 155k","12","T1","1","textbook72","72","solved","256","0.8","51","lean_only","fork lean_judge (Lean 4.34 alone); state_eval in-env sampling, max_action 512 max_steps 96; seed 0; best-state read, batch 2048","2026-10-01","recomputed","hf://buckets/dan-pandori/nd-rl/best-state/artifacts/bs/eval/T1_best12_s1__tb72.jsonl","textbook72|k256|T0.8|lean_only"
"best-9.56M-cap12","la_T1_best12_s1_r8","9.56M","lean_staten","scratch","K12 155k","12","T1","1","textbook72","72","pass_at_k_expected_solved","256","0.8","51.0","lean_only","fork lean_judge (Lean 4.34 alone); state_eval in-env sampling, max_action 512 max_steps 96; seed 0; best-state read, batch 2048","2026-10-01","recomputed","hf://buckets/dan-pandori/nd-rl/best-state/artifacts/bs/eval/T1_best12_s1__tb72.jsonl","textbook72|k256|T0.8|lean_only"
"best-9.56M-cap12","la_T1_best12_s2_r8","9.56M","lean_staten","scratch","K12 155k","12","T1","2","textbook72","72","solved","256","0.8","52","lean_only","fork lean_judge (Lean 4.34 alone); state_eval in-env sampling, max_action 512 max_steps 96; seed 0; best-state read, batch 2048","2026-10-01","recomputed","hf://buckets/dan-pandori/nd-rl/best-state/artifacts/bs/eval/T1_best12_s2__tb72.jsonl","textbook72|k256|T0.8|lean_only"
"best-9.56M-cap12","la_T1_best12_s2_r8","9.56M","lean_staten","scratch","K12 155k","12","T1","2","textbook72","72","pass_at_k_expected_solved","256","0.8","52.0","lean_only","fork lean_judge (Lean 4.34 alone); state_eval in-env sampling, max_action 512 max_steps 96; seed 0; best-state read, batch 2048","2026-10-01","recomputed","hf://buckets/dan-pandori/nd-rl/best-state/artifacts/bs/eval/T1_best12_s2__tb72.jsonl","textbook72|k256|T0.8|lean_only"
"best-9.56M-cap12","stage1_best12_s0_b1200","9.56M","lean_staten","scratch","K12 155k","12","frozen","0","textbook72","72","solved","256","0.8","32","lean_only","fork lean_judge (Lean 4.34 alone); state_eval in-env sampling, max_action 512 max_steps 96; seed 0; best-state read, batch 2048","2026-09-30","recomputed","hf://buckets/dan-pandori/nd-rl/best-state/artifacts/bs/eval/Fz_best12_s0__tb72.jsonl","textbook72|k256|T0.8|lean_only"
"best-9.56M-cap12","stage1_best12_s0_b1200","9.56M","lean_staten","scratch","K12 155k","12","frozen","0","textbook72","72","pass_at_k_expected_solved","256","0.8","32.0","lean_only","fork lean_judge (Lean 4.34 alone); state_eval in-env sampling, max_action 512 max_steps 96; seed 0; best-state read, batch 2048","2026-09-30","recomputed","hf://buckets/dan-pandori/nd-rl/best-state/artifacts/bs/eval/Fz_best12_s0__tb72.jsonl","textbook72|k256|T0.8|lean_only"
"best-9.56M-cap12","stage1_best12_s1_b1200","9.56M","lean_staten","scratch","K12 155k","12","frozen","1","textbook72","72","solved","256","0.8","27","lean_only","fork lean_judge (Lean 4.34 alone); state_eval in-env sampling, max_action 512 max_steps 96; seed 0; best-state read, batch 2048","2026-09-30","recomputed","hf://buckets/dan-pandori/nd-rl/best-state/artifacts/bs/eval/Fz_best12_s1__tb72.jsonl","textbook72|k256|T0.8|lean_only"
"best-9.56M-cap12","stage1_best12_s1_b1200","9.56M","lean_staten","scratch","K12 155k","12","frozen","1","textbook72","72","pass_at_k_expected_solved","256","0.8","27.0","lean_only","fork lean_judge (Lean 4.34 alone); state_eval in-env sampling, max_action 512 max_steps 96; seed 0; best-state read, batch 2048","2026-09-30","recomputed","hf://buckets/dan-pandori/nd-rl/best-state/artifacts/bs/eval/Fz_best12_s1__tb72.jsonl","textbook72|k256|T0.8|lean_only"
"best-9.56M-cap12","stage1_best12_s2_b1200","9.56M","lean_staten","scratch","K12 155k","12","frozen","2","textbook72","72","solved","256","0.8","27","lean_only","fork lean_judge (Lean 4.34 alone); state_eval in-env sampling, max_action 512 max_steps 96; seed 0; best-state read, batch 2048","2026-09-30","recomputed","hf://buckets/dan-pandori/nd-rl/best-state/artifacts/bs/eval/Fz_best12_s2__tb72.jsonl","textbook72|k256|T0.8|lean_only"
"best-9.56M-cap12","stage1_best12_s2_b1200","9.56M","lean_staten","scratch","K12 155k","12","frozen","2","textbook72","72","pass_at_k_expected_solved","256","0.8","27.0","lean_only","fork lean_judge (Lean 4.34 alone); state_eval in-env sampling, max_action 512 max_steps 96; seed 0; best-state read, batch 2048","2026-09-30","recomputed","hf://buckets/dan-pandori/nd-rl/best-state/artifacts/bs/eval/Fz_best12_s2__tb72.jsonl","textbook72|k256|T0.8|lean_only"
"best-9.56M-cap12-trajectory","la_T1_best12_s0_r8","9.56M","lean_staten","scratch","K12 155k","12","T1","0","textbook72","72","solved","256","0.8","48","lean_only","fork lean_judge (Lean 4.34 alone); state_eval in-env sampling, max_action 512 max_steps 96; seed 0; sample seed x0","2026-10-01","recomputed","hf://buckets/dan-pandori/nd-rl/trajectory/artifacts/tj/eval/s0_r8__tb72_x0.jsonl","textbook72|k256|T0.8|lean_only"
"best-9.56M-cap12-trajectory","la_T1_best12_s0_r8","9.56M","lean_staten","scratch","K12 155k","12","T1","0","textbook72","72","pass_at_k_expected_solved","256","0.8","48.0","lean_only","fork lean_judge (Lean 4.34 alone); state_eval in-env sampling, max_action 512 max_steps 96; seed 0; sample seed x0","2026-10-01","recomputed","hf://buckets/dan-pandori/nd-rl/trajectory/artifacts/tj/eval/s0_r8__tb72_x0.jsonl","textbook72|k256|T0.8|lean_only"
"best-9.56M-cap12-trajectory","la_T1_best12_s0_r8","9.56M","lean_staten","scratch","K12 155k","12","T1","0","textbook72","72","solved","256","0.8","48","lean_only","fork lean_judge (Lean 4.34 alone); state_eval in-env sampling, max_action 512 max_steps 96; seed 1; sample seed x1","2026-10-01","copied","fork:dan_trajectory:artifacts/tj/eval/s0_r8__tb72_x1.json","textbook72|k256|T0.8|lean_only"
"best-9.56M-cap12-trajectory","la_T1_best12_s1_r8","9.56M","lean_staten","scratch","K12 155k","12","T1","1","textbook72","72","solved","256","0.8","49","lean_only","fork lean_judge (Lean 4.34 alone); state_eval in-env sampling, max_action 512 max_steps 96; seed 0; sample seed x0","2026-10-01","recomputed","hf://buckets/dan-pandori/nd-rl/trajectory/artifacts/tj/eval/s1_r8__tb72_x0.jsonl","textbook72|k256|T0.8|lean_only"
"best-9.56M-cap12-trajectory","la_T1_best12_s1_r8","9.56M","lean_staten","scratch","K12 155k","12","T1","1","textbook72","72","pass_at_k_expected_solved","256","0.8","49.0","lean_only","fork lean_judge (Lean 4.34 alone); state_eval in-env sampling, max_action 512 max_steps 96; seed 0; sample seed x0","2026-10-01","recomputed","hf://buckets/dan-pandori/nd-rl/trajectory/artifacts/tj/eval/s1_r8__tb72_x0.jsonl","textbook72|k256|T0.8|lean_only"
"best-9.56M-cap12-trajectory","la_T1_best12_s1_r8","9.56M","lean_staten","scratch","K12 155k","12","T1","1","textbook72","72","solved","256","0.8","48","lean_only","fork lean_judge (Lean 4.34 alone); state_eval in-env sampling, max_action 512 max_steps 96; seed 1; sample seed x1","2026-10-01","copied","fork:dan_trajectory:artifacts/tj/eval/s1_r8__tb72_x1.json","textbook72|k256|T0.8|lean_only"
"best-9.56M-cap12-trajectory","la_T1_best12_s2_r8","9.56M","lean_staten","scratch","K12 155k","12","T1","2","textbook72","72","solved","256","0.8","54","lean_only","fork lean_judge (Lean 4.34 alone); state_eval in-env sampling, max_action 512 max_steps 96; seed 0; sample seed x0","2026-10-01","recomputed","hf://buckets/dan-pandori/nd-rl/trajectory/artifacts/tj/eval/s2_r8__tb72_x0.jsonl","textbook72|k256|T0.8|lean_only"
"best-9.56M-cap12-trajectory","la_T1_best12_s2_r8","9.56M","lean_staten","scratch","K12 155k","12","T1","2","textbook72","72","pass_at_k_expected_solved","256","0.8","54.0","lean_only","fork lean_judge (Lean 4.34 alone); state_eval in-env sampling, max_action 512 max_steps 96; seed 0; sample seed x0","2026-10-01","recomputed","hf://buckets/dan-pandori/nd-rl/trajectory/artifacts/tj/eval/s2_r8__tb72_x0.jsonl","textbook72|k256|T0.8|lean_only"
"best-9.56M-cap12-trajectory","la_T1_best12_s2_r8","9.56M","lean_staten","scratch","K12 155k","12","T1","2","textbook72","72","solved","256","0.8","53","lean_only","fork lean_judge (Lean 4.34 alone); state_eval in-env sampling, max_action 512 max_steps 96; seed 1; sample seed x1","2026-10-01","copied","fork:dan_trajectory:artifacts/tj/eval/s2_r8__tb72_x1.json","textbook72|k256|T0.8|lean_only"
"best-9.56M-cap12-trajectory","la_T1_best12_s0_p12000 r8","9.56M","lean_staten","scratch","K12 155k","12","T1-from-p12000","0","textbook72","72","solved","256","0.8","46","lean_only","fork lean_judge (Lean 4.34 alone); state_eval in-env sampling, max_action 512 max_steps 96; seed 0; sample seed x0","2026-10-02","copied","fork:dan_rl-from-ckpt:artifacts/rfc/eval/s0_p12000_r8__tb72_x0.json","textbook72|k256|T0.8|lean_only"
"best-9.56M-cap12-trajectory","la_T1_best12_s0_p12000 r8","9.56M","lean_staten","scratch","K12 155k","12","T1-from-p12000","0","textbook72","72","solved","256","0.8","45","lean_only","fork lean_judge (Lean 4.34 alone); state_eval in-env sampling, max_action 512 max_steps 96; seed 1; sample seed x1","2026-10-02","recomputed","hf://buckets/dan-pandori/nd-rl/rl-from-ckpt/artifacts/rfc/eval/s0_p12000_r8__tb72_x1.jsonl","textbook72|k256|T0.8|lean_only"
"best-9.56M-cap12-trajectory","la_T1_best12_s0_p12000 r8","9.56M","lean_staten","scratch","K12 155k","12","T1-from-p12000","0","textbook72","72","pass_at_k_expected_solved","256","0.8","45.0","lean_only","fork lean_judge (Lean 4.34 alone); state_eval in-env sampling, max_action 512 max_steps 96; seed 1; sample seed x1","2026-10-02","recomputed","hf://buckets/dan-pandori/nd-rl/rl-from-ckpt/artifacts/rfc/eval/s0_p12000_r8__tb72_x1.jsonl","textbook72|k256|T0.8|lean_only"
"best-9.56M-cap12-trajectory","la_T1_best12_s1_p12000 r8","9.56M","lean_staten","scratch","K12 155k","12","T1-from-p12000","1","textbook72","72","solved","256","0.8","50","lean_only","fork lean_judge (Lean 4.34 alone); state_eval in-env sampling, max_action 512 max_steps 96; seed 0; sample seed x0","2026-10-02","copied","fork:dan_rl-from-ckpt:artifacts/rfc/eval/s1_p12000_r8__tb72_x0.json","textbook72|k256|T0.8|lean_only"
"best-9.56M-cap12-trajectory","la_T1_best12_s1_p12000 r8","9.56M","lean_staten","scratch","K12 155k","12","T1-from-p12000","1","textbook72","72","solved","256","0.8","51","lean_only","fork lean_judge (Lean 4.34 alone); state_eval in-env sampling, max_action 512 max_steps 96; seed 1; sample seed x1","2026-10-02","recomputed","hf://buckets/dan-pandori/nd-rl/rl-from-ckpt/artifacts/rfc/eval/s1_p12000_r8__tb72_x1.jsonl","textbook72|k256|T0.8|lean_only"
"best-9.56M-cap12-trajectory","la_T1_best12_s1_p12000 r8","9.56M","lean_staten","scratch","K12 155k","12","T1-from-p12000","1","textbook72","72","pass_at_k_expected_solved","256","0.8","51.0","lean_only","fork lean_judge (Lean 4.34 alone); state_eval in-env sampling, max_action 512 max_steps 96; seed 1; sample seed x1","2026-10-02","recomputed","hf://buckets/dan-pandori/nd-rl/rl-from-ckpt/artifacts/rfc/eval/s1_p12000_r8__tb72_x1.jsonl","textbook72|k256|T0.8|lean_only"
"best-9.56M-cap12-trajectory","la_T1_best12_s2_p12000 r8","9.56M","lean_staten","scratch","K12 155k","12","T1-from-p12000","2","textbook72","72","solved","256","0.8","47","lean_only","fork lean_judge (Lean 4.34 alone); state_eval in-env sampling, max_action 512 max_steps 96; seed 0; sample seed x0","2026-10-02","copied","fork:dan_rl-from-ckpt:artifacts/rfc/eval/s2_p12000_r8__tb72_x0.json","textbook72|k256|T0.8|lean_only"
"best-9.56M-cap12-trajectory","la_T1_best12_s2_p12000 r8","9.56M","lean_staten","scratch","K12 155k","12","T1-from-p12000","2","textbook72","72","solved","256","0.8","46","lean_only","fork lean_judge (Lean 4.34 alone); state_eval in-env sampling, max_action 512 max_steps 96; seed 1; sample seed x1","2026-10-02","recomputed","hf://buckets/dan-pandori/nd-rl/rl-from-ckpt/artifacts/rfc/eval/s2_p12000_r8__tb72_x1.jsonl","textbook72|k256|T0.8|lean_only"
"best-9.56M-cap12-trajectory","la_T1_best12_s2_p12000 r8","9.56M","lean_staten","scratch","K12 155k","12","T1-from-p12000","2","textbook72","72","pass_at_k_expected_solved","256","0.8","46.0","lean_only","fork lean_judge (Lean 4.34 alone); state_eval in-env sampling, max_action 512 max_steps 96; seed 1; sample seed x1","2026-10-02","recomputed","hf://buckets/dan-pandori/nd-rl/rl-from-ckpt/artifacts/rfc/eval/s2_p12000_r8__tb72_x1.jsonl","textbook72|k256|T0.8|lean_only"
"best-9.56M-cap12-trajectory","la_T1_best12_s0_p1600 r8","9.56M","lean_staten","scratch","K12 155k","12","T1-from-p1600","0","textbook72","72","solved","256","0.8","37","lean_only","fork lean_judge (Lean 4.34 alone); state_eval in-env sampling, max_action 512 max_steps 96; seed 0; sample seed x0","2026-10-02","copied","fork:dan_rl-from-ckpt:artifacts/rfc/eval/s0_p1600_r8__tb72_x0.json","textbook72|k256|T0.8|lean_only"
"best-9.56M-cap12-trajectory","la_T1_best12_s0_p1600 r8","9.56M","lean_staten","scratch","K12 155k","12","T1-from-p1600","0","textbook72","72","solved","256","0.8","38","lean_only","fork lean_judge (Lean 4.34 alone); state_eval in-env sampling, max_action 512 max_steps 96; seed 1; sample seed x1","2026-10-02","recomputed","hf://buckets/dan-pandori/nd-rl/rl-from-ckpt/artifacts/rfc/eval/s0_p1600_r8__tb72_x1.jsonl","textbook72|k256|T0.8|lean_only"
"best-9.56M-cap12-trajectory","la_T1_best12_s0_p1600 r8","9.56M","lean_staten","scratch","K12 155k","12","T1-from-p1600","0","textbook72","72","pass_at_k_expected_solved","256","0.8","38.0","lean_only","fork lean_judge (Lean 4.34 alone); state_eval in-env sampling, max_action 512 max_steps 96; seed 1; sample seed x1","2026-10-02","recomputed","hf://buckets/dan-pandori/nd-rl/rl-from-ckpt/artifacts/rfc/eval/s0_p1600_r8__tb72_x1.jsonl","textbook72|k256|T0.8|lean_only"
"best-9.56M-cap12-trajectory","la_T1_best12_s1_p1600 r8","9.56M","lean_staten","scratch","K12 155k","12","T1-from-p1600","1","textbook72","72","solved","256","0.8","33","lean_only","fork lean_judge (Lean 4.34 alone); state_eval in-env sampling, max_action 512 max_steps 96; seed 0; sample seed x0","2026-10-02","copied","fork:dan_rl-from-ckpt:artifacts/rfc/eval/s1_p1600_r8__tb72_x0.json","textbook72|k256|T0.8|lean_only"
"best-9.56M-cap12-trajectory","la_T1_best12_s1_p1600 r8","9.56M","lean_staten","scratch","K12 155k","12","T1-from-p1600","1","textbook72","72","solved","256","0.8","34","lean_only","fork lean_judge (Lean 4.34 alone); state_eval in-env sampling, max_action 512 max_steps 96; seed 1; sample seed x1","2026-10-02","recomputed","hf://buckets/dan-pandori/nd-rl/rl-from-ckpt/artifacts/rfc/eval/s1_p1600_r8__tb72_x1.jsonl","textbook72|k256|T0.8|lean_only"
"best-9.56M-cap12-trajectory","la_T1_best12_s1_p1600 r8","9.56M","lean_staten","scratch","K12 155k","12","T1-from-p1600","1","textbook72","72","pass_at_k_expected_solved","256","0.8","34.0","lean_only","fork lean_judge (Lean 4.34 alone); state_eval in-env sampling, max_action 512 max_steps 96; seed 1; sample seed x1","2026-10-02","recomputed","hf://buckets/dan-pandori/nd-rl/rl-from-ckpt/artifacts/rfc/eval/s1_p1600_r8__tb72_x1.jsonl","textbook72|k256|T0.8|lean_only"
"best-9.56M-cap12-trajectory","la_T1_best12_s2_p1600 r8","9.56M","lean_staten","scratch","K12 155k","12","T1-from-p1600","2","textbook72","72","solved","256","0.8","36","lean_only","fork lean_judge (Lean 4.34 alone); state_eval in-env sampling, max_action 512 max_steps 96; seed 0; sample seed x0","2026-10-02","copied","fork:dan_rl-from-ckpt:artifacts/rfc/eval/s2_p1600_r8__tb72_x0.json","textbook72|k256|T0.8|lean_only"
"best-9.56M-cap12-trajectory","la_T1_best12_s2_p1600 r8","9.56M","lean_staten","scratch","K12 155k","12","T1-from-p1600","2","textbook72","72","solved","256","0.8","38","lean_only","fork lean_judge (Lean 4.34 alone); state_eval in-env sampling, max_action 512 max_steps 96; seed 1; sample seed x1","2026-10-02","recomputed","hf://buckets/dan-pandori/nd-rl/rl-from-ckpt/artifacts/rfc/eval/s2_p1600_r8__tb72_x1.jsonl","textbook72|k256|T0.8|lean_only"
"best-9.56M-cap12-trajectory","la_T1_best12_s2_p1600 r8","9.56M","lean_staten","scratch","K12 155k","12","T1-from-p1600","2","textbook72","72","pass_at_k_expected_solved","256","0.8","38.0","lean_only","fork lean_judge (Lean 4.34 alone); state_eval in-env sampling, max_action 512 max_steps 96; seed 1; sample seed x1","2026-10-02","recomputed","hf://buckets/dan-pandori/nd-rl/rl-from-ckpt/artifacts/rfc/eval/s2_p1600_r8__tb72_x1.jsonl","textbook72|k256|T0.8|lean_only"
"best-9.56M-cap12-trajectory","la_T1_best12_s0_p16000 r8","9.56M","lean_staten","scratch","K12 155k","12","T1-from-p16000","0","textbook72","72","solved","256","0.8","50","lean_only","fork lean_judge (Lean 4.34 alone); state_eval in-env sampling, max_action 512 max_steps 96; seed 0; sample seed x0","2026-10-02","copied","fork:dan_rl-from-ckpt:artifacts/rfc/eval/s0_p16000_r8__tb72_x0.json","textbook72|k256|T0.8|lean_only"
"best-9.56M-cap12-trajectory","la_T1_best12_s0_p16000 r8","9.56M","lean_staten","scratch","K12 155k","12","T1-from-p16000","0","textbook72","72","solved","256","0.8","49","lean_only","fork lean_judge (Lean 4.34 alone); state_eval in-env sampling, max_action 512 max_steps 96; seed 1; sample seed x1","2026-10-02","recomputed","hf://buckets/dan-pandori/nd-rl/rl-from-ckpt/artifacts/rfc/eval/s0_p16000_r8__tb72_x1.jsonl","textbook72|k256|T0.8|lean_only"
"best-9.56M-cap12-trajectory","la_T1_best12_s0_p16000 r8","9.56M","lean_staten","scratch","K12 155k","12","T1-from-p16000","0","textbook72","72","pass_at_k_expected_solved","256","0.8","49.0","lean_only","fork lean_judge (Lean 4.34 alone); state_eval in-env sampling, max_action 512 max_steps 96; seed 1; sample seed x1","2026-10-02","recomputed","hf://buckets/dan-pandori/nd-rl/rl-from-ckpt/artifacts/rfc/eval/s0_p16000_r8__tb72_x1.jsonl","textbook72|k256|T0.8|lean_only"
"best-9.56M-cap12-trajectory","la_T1_best12_s1_p16000 r8","9.56M","lean_staten","scratch","K12 155k","12","T1-from-p16000","1","textbook72","72","solved","256","0.8","46","lean_only","fork lean_judge (Lean 4.34 alone); state_eval in-env sampling, max_action 512 max_steps 96; seed 0; sample seed x0","2026-10-02","copied","fork:dan_rl-from-ckpt:artifacts/rfc/eval/s1_p16000_r8__tb72_x0.json","textbook72|k256|T0.8|lean_only"
"best-9.56M-cap12-trajectory","la_T1_best12_s1_p16000 r8","9.56M","lean_staten","scratch","K12 155k","12","T1-from-p16000","1","textbook72","72","solved","256","0.8","47","lean_only","fork lean_judge (Lean 4.34 alone); state_eval in-env sampling, max_action 512 max_steps 96; seed 1; sample seed x1","2026-10-02","recomputed","hf://buckets/dan-pandori/nd-rl/rl-from-ckpt/artifacts/rfc/eval/s1_p16000_r8__tb72_x1.jsonl","textbook72|k256|T0.8|lean_only"
"best-9.56M-cap12-trajectory","la_T1_best12_s1_p16000 r8","9.56M","lean_staten","scratch","K12 155k","12","T1-from-p16000","1","textbook72","72","pass_at_k_expected_solved","256","0.8","47.0","lean_only","fork lean_judge (Lean 4.34 alone); state_eval in-env sampling, max_action 512 max_steps 96; seed 1; sample seed x1","2026-10-02","recomputed","hf://buckets/dan-pandori/nd-rl/rl-from-ckpt/artifacts/rfc/eval/s1_p16000_r8__tb72_x1.jsonl","textbook72|k256|T0.8|lean_only"
"best-9.56M-cap12-trajectory","la_T1_best12_s2_p16000 r8","9.56M","lean_staten","scratch","K12 155k","12","T1-from-p16000","2","textbook72","72","solved","256","0.8","52","lean_only","fork lean_judge (Lean 4.34 alone); state_eval in-env sampling, max_action 512 max_steps 96; seed 0; sample seed x0","2026-10-02","copied","fork:dan_rl-from-ckpt:artifacts/rfc/eval/s2_p16000_r8__tb72_x0.json","textbook72|k256|T0.8|lean_only"
"best-9.56M-cap12-trajectory","la_T1_best12_s2_p16000 r8","9.56M","lean_staten","scratch","K12 155k","12","T1-from-p16000","2","textbook72","72","solved","256","0.8","51","lean_only","fork lean_judge (Lean 4.34 alone); state_eval in-env sampling, max_action 512 max_steps 96; seed 1; sample seed x1","2026-10-02","recomputed","hf://buckets/dan-pandori/nd-rl/rl-from-ckpt/artifacts/rfc/eval/s2_p16000_r8__tb72_x1.jsonl","textbook72|k256|T0.8|lean_only"
"best-9.56M-cap12-trajectory","la_T1_best12_s2_p16000 r8","9.56M","lean_staten","scratch","K12 155k","12","T1-from-p16000","2","textbook72","72","pass_at_k_expected_solved","256","0.8","51.0","lean_only","fork lean_judge (Lean 4.34 alone); state_eval in-env sampling, max_action 512 max_steps 96; seed 1; sample seed x1","2026-10-02","recomputed","hf://buckets/dan-pandori/nd-rl/rl-from-ckpt/artifacts/rfc/eval/s2_p16000_r8__tb72_x1.jsonl","textbook72|k256|T0.8|lean_only"
"best-9.56M-cap12-trajectory","la_T1_best12_s0_p5000 r8","9.56M","lean_staten","scratch","K12 155k","12","T1-from-p5000","0","textbook72","72","solved","256","0.8","51","lean_only","fork lean_judge (Lean 4.34 alone); state_eval in-env sampling, max_action 512 max_steps 96; seed 0; sample seed x0","2026-10-02","copied","fork:dan_rl-from-ckpt:artifacts/rfc/eval/s0_p5000_r8__tb72_x0.json","textbook72|k256|T0.8|lean_only"
"best-9.56M-cap12-trajectory","la_T1_best12_s0_p5000 r8","9.56M","lean_staten","scratch","K12 155k","12","T1-from-p5000","0","textbook72","72","solved","256","0.8","48","lean_only","fork lean_judge (Lean 4.34 alone); state_eval in-env sampling, max_action 512 max_steps 96; seed 1; sample seed x1","2026-10-02","recomputed","hf://buckets/dan-pandori/nd-rl/rl-from-ckpt/artifacts/rfc/eval/s0_p5000_r8__tb72_x1.jsonl","textbook72|k256|T0.8|lean_only"
"best-9.56M-cap12-trajectory","la_T1_best12_s0_p5000 r8","9.56M","lean_staten","scratch","K12 155k","12","T1-from-p5000","0","textbook72","72","pass_at_k_expected_solved","256","0.8","48.0","lean_only","fork lean_judge (Lean 4.34 alone); state_eval in-env sampling, max_action 512 max_steps 96; seed 1; sample seed x1","2026-10-02","recomputed","hf://buckets/dan-pandori/nd-rl/rl-from-ckpt/artifacts/rfc/eval/s0_p5000_r8__tb72_x1.jsonl","textbook72|k256|T0.8|lean_only"
"best-9.56M-cap12-trajectory","la_T1_best12_s1_p5000 r8","9.56M","lean_staten","scratch","K12 155k","12","T1-from-p5000","1","textbook72","72","solved","256","0.8","46","lean_only","fork lean_judge (Lean 4.34 alone); state_eval in-env sampling, max_action 512 max_steps 96; seed 0; sample seed x0","2026-10-02","copied","fork:dan_rl-from-ckpt:artifacts/rfc/eval/s1_p5000_r8__tb72_x0.json","textbook72|k256|T0.8|lean_only"
"best-9.56M-cap12-trajectory","la_T1_best12_s1_p5000 r8","9.56M","lean_staten","scratch","K12 155k","12","T1-from-p5000","1","textbook72","72","solved","256","0.8","44","lean_only","fork lean_judge (Lean 4.34 alone); state_eval in-env sampling, max_action 512 max_steps 96; seed 1; sample seed x1","2026-10-02","recomputed","hf://buckets/dan-pandori/nd-rl/rl-from-ckpt/artifacts/rfc/eval/s1_p5000_r8__tb72_x1.jsonl","textbook72|k256|T0.8|lean_only"
"best-9.56M-cap12-trajectory","la_T1_best12_s1_p5000 r8","9.56M","lean_staten","scratch","K12 155k","12","T1-from-p5000","1","textbook72","72","pass_at_k_expected_solved","256","0.8","44.0","lean_only","fork lean_judge (Lean 4.34 alone); state_eval in-env sampling, max_action 512 max_steps 96; seed 1; sample seed x1","2026-10-02","recomputed","hf://buckets/dan-pandori/nd-rl/rl-from-ckpt/artifacts/rfc/eval/s1_p5000_r8__tb72_x1.jsonl","textbook72|k256|T0.8|lean_only"
"best-9.56M-cap12-trajectory","la_T1_best12_s2_p5000 r8","9.56M","lean_staten","scratch","K12 155k","12","T1-from-p5000","2","textbook72","72","solved","256","0.8","49","lean_only","fork lean_judge (Lean 4.34 alone); state_eval in-env sampling, max_action 512 max_steps 96; seed 0; sample seed x0","2026-10-02","copied","fork:dan_rl-from-ckpt:artifacts/rfc/eval/s2_p5000_r8__tb72_x0.json","textbook72|k256|T0.8|lean_only"
"best-9.56M-cap12-trajectory","la_T1_best12_s2_p5000 r8","9.56M","lean_staten","scratch","K12 155k","12","T1-from-p5000","2","textbook72","72","solved","256","0.8","46","lean_only","fork lean_judge (Lean 4.34 alone); state_eval in-env sampling, max_action 512 max_steps 96; seed 1; sample seed x1","2026-10-02","recomputed","hf://buckets/dan-pandori/nd-rl/rl-from-ckpt/artifacts/rfc/eval/s2_p5000_r8__tb72_x1.jsonl","textbook72|k256|T0.8|lean_only"
"best-9.56M-cap12-trajectory","la_T1_best12_s2_p5000 r8","9.56M","lean_staten","scratch","K12 155k","12","T1-from-p5000","2","textbook72","72","pass_at_k_expected_solved","256","0.8","46.0","lean_only","fork lean_judge (Lean 4.34 alone); state_eval in-env sampling, max_action 512 max_steps 96; seed 1; sample seed x1","2026-10-02","recomputed","hf://buckets/dan-pandori/nd-rl/rl-from-ckpt/artifacts/rfc/eval/s2_p5000_r8__tb72_x1.jsonl","textbook72|k256|T0.8|lean_only"
"best-9.56M-cap12-trajectory","stage1_best12_s0_p0","9.56M","lean_staten","scratch","K12 155k","12","frozen@p0","0","textbook72","72","solved","256","0.8","0","lean_only","fork lean_judge (Lean 4.34 alone); state_eval in-env sampling, max_action 512 max_steps 96; seed 0; sample seed x0","","recomputed","hf://buckets/dan-pandori/nd-rl/trajectory/artifacts/tj/eval/s0_p0__tb72_x0.jsonl","textbook72|k256|T0.8|lean_only"
"best-9.56M-cap12-trajectory","stage1_best12_s0_p0","9.56M","lean_staten","scratch","K12 155k","12","frozen@p0","0","textbook72","72","pass_at_k_expected_solved","256","0.8","0.0","lean_only","fork lean_judge (Lean 4.34 alone); state_eval in-env sampling, max_action 512 max_steps 96; seed 0; sample seed x0","","recomputed","hf://buckets/dan-pandori/nd-rl/trajectory/artifacts/tj/eval/s0_p0__tb72_x0.jsonl","textbook72|k256|T0.8|lean_only"
"best-9.56M-cap12-trajectory","stage1_best12_s0_p0","9.56M","lean_staten","scratch","K12 155k","12","frozen@p0","0","textbook72","72","solved","256","0.8","0","lean_only","fork lean_judge (Lean 4.34 alone); state_eval in-env sampling, max_action 512 max_steps 96; seed 1; sample seed x1","2026-10-01","copied","fork:dan_trajectory:artifacts/tj/eval/s0_p0__tb72_x1.json","textbook72|k256|T0.8|lean_only"
"best-9.56M-cap12-trajectory","stage1_best12_s1_p0","9.56M","lean_staten","scratch","K12 155k","12","frozen@p0","1","textbook72","72","solved","256","0.8","0","lean_only","fork lean_judge (Lean 4.34 alone); state_eval in-env sampling, max_action 512 max_steps 96; seed 0; sample seed x0","","recomputed","hf://buckets/dan-pandori/nd-rl/trajectory/artifacts/tj/eval/s1_p0__tb72_x0.jsonl","textbook72|k256|T0.8|lean_only"
"best-9.56M-cap12-trajectory","stage1_best12_s1_p0","9.56M","lean_staten","scratch","K12 155k","12","frozen@p0","1","textbook72","72","pass_at_k_expected_solved","256","0.8","0.0","lean_only","fork lean_judge (Lean 4.34 alone); state_eval in-env sampling, max_action 512 max_steps 96; seed 0; sample seed x0","","recomputed","hf://buckets/dan-pandori/nd-rl/trajectory/artifacts/tj/eval/s1_p0__tb72_x0.jsonl","textbook72|k256|T0.8|lean_only"
"best-9.56M-cap12-trajectory","stage1_best12_s1_p0","9.56M","lean_staten","scratch","K12 155k","12","frozen@p0","1","textbook72","72","solved","256","0.8","0","lean_only","fork lean_judge (Lean 4.34 alone); state_eval in-env sampling, max_action 512 max_steps 96; seed 1; sample seed x1","2026-10-01","copied","fork:dan_trajectory:artifacts/tj/eval/s1_p0__tb72_x1.json","textbook72|k256|T0.8|lean_only"
"best-9.56M-cap12-trajectory","stage1_best12_s2_p0","9.56M","lean_staten","scratch","K12 155k","12","frozen@p0","2","textbook72","72","solved","256","0.8","0","lean_only","fork lean_judge (Lean 4.34 alone); state_eval in-env sampling, max_action 512 max_steps 96; seed 0; sample seed x0","","recomputed","hf://buckets/dan-pandori/nd-rl/trajectory/artifacts/tj/eval/s2_p0__tb72_x0.jsonl","textbook72|k256|T0.8|lean_only"
"best-9.56M-cap12-trajectory","stage1_best12_s2_p0","9.56M","lean_staten","scratch","K12 155k","12","frozen@p0","2","textbook72","72","pass_at_k_expected_solved","256","0.8","0.0","lean_only","fork lean_judge (Lean 4.34 alone); state_eval in-env sampling, max_action 512 max_steps 96; seed 0; sample seed x0","","recomputed","hf://buckets/dan-pandori/nd-rl/trajectory/artifacts/tj/eval/s2_p0__tb72_x0.jsonl","textbook72|k256|T0.8|lean_only"
"best-9.56M-cap12-trajectory","stage1_best12_s2_p0","9.56M","lean_staten","scratch","K12 155k","12","frozen@p0","2","textbook72","72","solved","256","0.8","0","lean_only","fork lean_judge (Lean 4.34 alone); state_eval in-env sampling, max_action 512 max_steps 96; seed 1; sample seed x1","2026-10-01","copied","fork:dan_trajectory:artifacts/tj/eval/s2_p0__tb72_x1.json","textbook72|k256|T0.8|lean_only"
"best-9.56M-cap12-trajectory","stage1_best12_s0_p100","9.56M","lean_staten","scratch","K12 155k","12","frozen@p100","0","textbook72","72","solved","256","0.8","0","lean_only","fork lean_judge (Lean 4.34 alone); state_eval in-env sampling, max_action 512 max_steps 96; seed 0; sample seed x0","","recomputed","hf://buckets/dan-pandori/nd-rl/trajectory/artifacts/tj/eval/s0_p100__tb72_x0.jsonl","textbook72|k256|T0.8|lean_only"
"best-9.56M-cap12-trajectory","stage1_best12_s0_p100","9.56M","lean_staten","scratch","K12 155k","12","frozen@p100","0","textbook72","72","pass_at_k_expected_solved","256","0.8","0.0","lean_only","fork lean_judge (Lean 4.34 alone); state_eval in-env sampling, max_action 512 max_steps 96; seed 0; sample seed x0","","recomputed","hf://buckets/dan-pandori/nd-rl/trajectory/artifacts/tj/eval/s0_p100__tb72_x0.jsonl","textbook72|k256|T0.8|lean_only"
"best-9.56M-cap12-trajectory","stage1_best12_s0_p100","9.56M","lean_staten","scratch","K12 155k","12","frozen@p100","0","textbook72","72","solved","256","0.8","0","lean_only","fork lean_judge (Lean 4.34 alone); state_eval in-env sampling, max_action 512 max_steps 96; seed 1; sample seed x1","2026-10-01","copied","fork:dan_trajectory:artifacts/tj/eval/s0_p100__tb72_x1.json","textbook72|k256|T0.8|lean_only"
"best-9.56M-cap12-trajectory","stage1_best12_s1_p100","9.56M","lean_staten","scratch","K12 155k","12","frozen@p100","1","textbook72","72","solved","256","0.8","0","lean_only","fork lean_judge (Lean 4.34 alone); state_eval in-env sampling, max_action 512 max_steps 96; seed 0; sample seed x0","","recomputed","hf://buckets/dan-pandori/nd-rl/trajectory/artifacts/tj/eval/s1_p100__tb72_x0.jsonl","textbook72|k256|T0.8|lean_only"
"best-9.56M-cap12-trajectory","stage1_best12_s1_p100","9.56M","lean_staten","scratch","K12 155k","12","frozen@p100","1","textbook72","72","pass_at_k_expected_solved","256","0.8","0.0","lean_only","fork lean_judge (Lean 4.34 alone); state_eval in-env sampling, max_action 512 max_steps 96; seed 0; sample seed x0","","recomputed","hf://buckets/dan-pandori/nd-rl/trajectory/artifacts/tj/eval/s1_p100__tb72_x0.jsonl","textbook72|k256|T0.8|lean_only"
"best-9.56M-cap12-trajectory","stage1_best12_s1_p100","9.56M","lean_staten","scratch","K12 155k","12","frozen@p100","1","textbook72","72","solved","256","0.8","0","lean_only","fork lean_judge (Lean 4.34 alone); state_eval in-env sampling, max_action 512 max_steps 96; seed 1; sample seed x1","2026-10-01","copied","fork:dan_trajectory:artifacts/tj/eval/s1_p100__tb72_x1.json","textbook72|k256|T0.8|lean_only"
"best-9.56M-cap12-trajectory","stage1_best12_s2_p100","9.56M","lean_staten","scratch","K12 155k","12","frozen@p100","2","textbook72","72","solved","256","0.8","0","lean_only","fork lean_judge (Lean 4.34 alone); state_eval in-env sampling, max_action 512 max_steps 96; seed 0; sample seed x0","","recomputed","hf://buckets/dan-pandori/nd-rl/trajectory/artifacts/tj/eval/s2_p100__tb72_x0.jsonl","textbook72|k256|T0.8|lean_only"
"best-9.56M-cap12-trajectory","stage1_best12_s2_p100","9.56M","lean_staten","scratch","K12 155k","12","frozen@p100","2","textbook72","72","pass_at_k_expected_solved","256","0.8","0.0","lean_only","fork lean_judge (Lean 4.34 alone); state_eval in-env sampling, max_action 512 max_steps 96; seed 0; sample seed x0","","recomputed","hf://buckets/dan-pandori/nd-rl/trajectory/artifacts/tj/eval/s2_p100__tb72_x0.jsonl","textbook72|k256|T0.8|lean_only"
"best-9.56M-cap12-trajectory","stage1_best12_s2_p100","9.56M","lean_staten","scratch","K12 155k","12","frozen@p100","2","textbook72","72","solved","256","0.8","0","lean_only","fork lean_judge (Lean 4.34 alone); state_eval in-env sampling, max_action 512 max_steps 96; seed 1; sample seed x1","2026-10-01","copied","fork:dan_trajectory:artifacts/tj/eval/s2_p100__tb72_x1.json","textbook72|k256|T0.8|lean_only"
"best-9.56M-cap12-trajectory","stage1_best12_s0_p12000","9.56M","lean_staten","scratch","K12 155k","12","frozen@p12000","0","textbook72","72","solved","256","0.8","25","lean_only","fork lean_judge (Lean 4.34 alone); state_eval in-env sampling, max_action 512 max_steps 96; seed 0; sample seed x0","","recomputed","hf://buckets/dan-pandori/nd-rl/trajectory/artifacts/tj/eval/s0_p12000__tb72_x0.jsonl","textbook72|k256|T0.8|lean_only"
"best-9.56M-cap12-trajectory","stage1_best12_s0_p12000","9.56M","lean_staten","scratch","K12 155k","12","frozen@p12000","0","textbook72","72","pass_at_k_expected_solved","256","0.8","25.0","lean_only","fork lean_judge (Lean 4.34 alone); state_eval in-env sampling, max_action 512 max_steps 96; seed 0; sample seed x0","","recomputed","hf://buckets/dan-pandori/nd-rl/trajectory/artifacts/tj/eval/s0_p12000__tb72_x0.jsonl","textbook72|k256|T0.8|lean_only"
"best-9.56M-cap12-trajectory","stage1_best12_s0_p12000","9.56M","lean_staten","scratch","K12 155k","12","frozen@p12000","0","textbook72","72","solved","256","0.8","27","lean_only","fork lean_judge (Lean 4.34 alone); state_eval in-env sampling, max_action 512 max_steps 96; seed 1; sample seed x1","2026-10-01","copied","fork:dan_trajectory:artifacts/tj/eval/s0_p12000__tb72_x1.json","textbook72|k256|T0.8|lean_only"
"best-9.56M-cap12-trajectory","stage1_best12_s0_p12000 (rfc re-read)","9.56M","lean_staten","scratch","K12 155k","12","frozen@p12000","0","textbook72","72","solved","256","0.8","27","lean_only","fork lean_judge (Lean 4.34 alone); state_eval in-env sampling, max_action 512 max_steps 96; seed 1; sample seed x1","2026-10-02","copied","fork:dan_rl-from-ckpt:artifacts/rfc/eval/s0_p12000_rr__tb72_x1.json","textbook72|k256|T0.8|lean_only"
"best-9.56M-cap12-trajectory","stage1_best12_s1_p12000","9.56M","lean_staten","scratch","K12 155k","12","frozen@p12000","1","textbook72","72","solved","256","0.8","21","lean_only","fork lean_judge (Lean 4.34 alone); state_eval in-env sampling, max_action 512 max_steps 96; seed 0; sample seed x0","","recomputed","hf://buckets/dan-pandori/nd-rl/trajectory/artifacts/tj/eval/s1_p12000__tb72_x0.jsonl","textbook72|k256|T0.8|lean_only"
"best-9.56M-cap12-trajectory","stage1_best12_s1_p12000","9.56M","lean_staten","scratch","K12 155k","12","frozen@p12000","1","textbook72","72","pass_at_k_expected_solved","256","0.8","21.0","lean_only","fork lean_judge (Lean 4.34 alone); state_eval in-env sampling, max_action 512 max_steps 96; seed 0; sample seed x0","","recomputed","hf://buckets/dan-pandori/nd-rl/trajectory/artifacts/tj/eval/s1_p12000__tb72_x0.jsonl","textbook72|k256|T0.8|lean_only"
"best-9.56M-cap12-trajectory","stage1_best12_s1_p12000","9.56M","lean_staten","scratch","K12 155k","12","frozen@p12000","1","textbook72","72","solved","256","0.8","20","lean_only","fork lean_judge (Lean 4.34 alone); state_eval in-env sampling, max_action 512 max_steps 96; seed 1; sample seed x1","2026-10-01","copied","fork:dan_trajectory:artifacts/tj/eval/s1_p12000__tb72_x1.json","textbook72|k256|T0.8|lean_only"
"best-9.56M-cap12-trajectory","stage1_best12_s2_p12000","9.56M","lean_staten","scratch","K12 155k","12","frozen@p12000","2","textbook72","72","solved","256","0.8","22","lean_only","fork lean_judge (Lean 4.34 alone); state_eval in-env sampling, max_action 512 max_steps 96; seed 0; sample seed x0","","recomputed","hf://buckets/dan-pandori/nd-rl/trajectory/artifacts/tj/eval/s2_p12000__tb72_x0.jsonl","textbook72|k256|T0.8|lean_only"
"best-9.56M-cap12-trajectory","stage1_best12_s2_p12000","9.56M","lean_staten","scratch","K12 155k","12","frozen@p12000","2","textbook72","72","pass_at_k_expected_solved","256","0.8","22.0","lean_only","fork lean_judge (Lean 4.34 alone); state_eval in-env sampling, max_action 512 max_steps 96; seed 0; sample seed x0","","recomputed","hf://buckets/dan-pandori/nd-rl/trajectory/artifacts/tj/eval/s2_p12000__tb72_x0.jsonl","textbook72|k256|T0.8|lean_only"
"best-9.56M-cap12-trajectory","stage1_best12_s2_p12000","9.56M","lean_staten","scratch","K12 155k","12","frozen@p12000","2","textbook72","72","solved","256","0.8","22","lean_only","fork lean_judge (Lean 4.34 alone); state_eval in-env sampling, max_action 512 max_steps 96; seed 1; sample seed x1","2026-10-01","copied","fork:dan_trajectory:artifacts/tj/eval/s2_p12000__tb72_x1.json","textbook72|k256|T0.8|lean_only"
"best-9.56M-cap12-trajectory","stage1_best12_s0_p1600","9.56M","lean_staten","scratch","K12 155k","12","frozen@p1600","0","textbook72","72","solved","256","0.8","11","lean_only","fork lean_judge (Lean 4.34 alone); state_eval in-env sampling, max_action 512 max_steps 96; seed 0; sample seed x0","","recomputed","hf://buckets/dan-pandori/nd-rl/trajectory/artifacts/tj/eval/s0_p1600__tb72_x0.jsonl","textbook72|k256|T0.8|lean_only"
"best-9.56M-cap12-trajectory","stage1_best12_s0_p1600","9.56M","lean_staten","scratch","K12 155k","12","frozen@p1600","0","textbook72","72","pass_at_k_expected_solved","256","0.8","11.0","lean_only","fork lean_judge (Lean 4.34 alone); state_eval in-env sampling, max_action 512 max_steps 96; seed 0; sample seed x0","","recomputed","hf://buckets/dan-pandori/nd-rl/trajectory/artifacts/tj/eval/s0_p1600__tb72_x0.jsonl","textbook72|k256|T0.8|lean_only"
"best-9.56M-cap12-trajectory","stage1_best12_s0_p1600","9.56M","lean_staten","scratch","K12 155k","12","frozen@p1600","0","textbook72","72","solved","256","0.8","10","lean_only","fork lean_judge (Lean 4.34 alone); state_eval in-env sampling, max_action 512 max_steps 96; seed 1; sample seed x1","2026-10-01","copied","fork:dan_trajectory:artifacts/tj/eval/s0_p1600__tb72_x1.json","textbook72|k256|T0.8|lean_only"
"best-9.56M-cap12-trajectory","stage1_best12_s0_p1600 (rfc re-read)","9.56M","lean_staten","scratch","K12 155k","12","frozen@p1600","0","textbook72","72","solved","256","0.8","10","lean_only","fork lean_judge (Lean 4.34 alone); state_eval in-env sampling, max_action 512 max_steps 96; seed 1; sample seed x1","2026-10-02","copied","fork:dan_rl-from-ckpt:artifacts/rfc/eval/s0_p1600_rr__tb72_x1.json","textbook72|k256|T0.8|lean_only"
"best-9.56M-cap12-trajectory","stage1_best12_s1_p1600","9.56M","lean_staten","scratch","K12 155k","12","frozen@p1600","1","textbook72","72","solved","256","0.8","13","lean_only","fork lean_judge (Lean 4.34 alone); state_eval in-env sampling, max_action 512 max_steps 96; seed 0; sample seed x0","","recomputed","hf://buckets/dan-pandori/nd-rl/trajectory/artifacts/tj/eval/s1_p1600__tb72_x0.jsonl","textbook72|k256|T0.8|lean_only"
"best-9.56M-cap12-trajectory","stage1_best12_s1_p1600","9.56M","lean_staten","scratch","K12 155k","12","frozen@p1600","1","textbook72","72","pass_at_k_expected_solved","256","0.8","13.0","lean_only","fork lean_judge (Lean 4.34 alone); state_eval in-env sampling, max_action 512 max_steps 96; seed 0; sample seed x0","","recomputed","hf://buckets/dan-pandori/nd-rl/trajectory/artifacts/tj/eval/s1_p1600__tb72_x0.jsonl","textbook72|k256|T0.8|lean_only"
"best-9.56M-cap12-trajectory","stage1_best12_s1_p1600","9.56M","lean_staten","scratch","K12 155k","12","frozen@p1600","1","textbook72","72","solved","256","0.8","14","lean_only","fork lean_judge (Lean 4.34 alone); state_eval in-env sampling, max_action 512 max_steps 96; seed 1; sample seed x1","2026-10-01","copied","fork:dan_trajectory:artifacts/tj/eval/s1_p1600__tb72_x1.json","textbook72|k256|T0.8|lean_only"
"best-9.56M-cap12-trajectory","stage1_best12_s2_p1600","9.56M","lean_staten","scratch","K12 155k","12","frozen@p1600","2","textbook72","72","solved","256","0.8","14","lean_only","fork lean_judge (Lean 4.34 alone); state_eval in-env sampling, max_action 512 max_steps 96; seed 0; sample seed x0","","recomputed","hf://buckets/dan-pandori/nd-rl/trajectory/artifacts/tj/eval/s2_p1600__tb72_x0.jsonl","textbook72|k256|T0.8|lean_only"
"best-9.56M-cap12-trajectory","stage1_best12_s2_p1600","9.56M","lean_staten","scratch","K12 155k","12","frozen@p1600","2","textbook72","72","pass_at_k_expected_solved","256","0.8","14.0","lean_only","fork lean_judge (Lean 4.34 alone); state_eval in-env sampling, max_action 512 max_steps 96; seed 0; sample seed x0","","recomputed","hf://buckets/dan-pandori/nd-rl/trajectory/artifacts/tj/eval/s2_p1600__tb72_x0.jsonl","textbook72|k256|T0.8|lean_only"
"best-9.56M-cap12-trajectory","stage1_best12_s2_p1600","9.56M","lean_staten","scratch","K12 155k","12","frozen@p1600","2","textbook72","72","solved","256","0.8","13","lean_only","fork lean_judge (Lean 4.34 alone); state_eval in-env sampling, max_action 512 max_steps 96; seed 1; sample seed x1","2026-10-01","copied","fork:dan_trajectory:artifacts/tj/eval/s2_p1600__tb72_x1.json","textbook72|k256|T0.8|lean_only"
"best-9.56M-cap12-trajectory","stage1_best12_s0_p16000","9.56M","lean_staten","scratch","K12 155k","12","frozen@p16000","0","textbook72","72","solved","256","0.8","28","lean_only","fork lean_judge (Lean 4.34 alone); state_eval in-env sampling, max_action 512 max_steps 96; seed 0; sample seed x0","2026-10-01","recomputed","hf://buckets/dan-pandori/nd-rl/trajectory/artifacts/tj/eval/s0_p16000__tb72_x0.jsonl","textbook72|k256|T0.8|lean_only"
"best-9.56M-cap12-trajectory","stage1_best12_s0_p16000","9.56M","lean_staten","scratch","K12 155k","12","frozen@p16000","0","textbook72","72","pass_at_k_expected_solved","256","0.8","28.0","lean_only","fork lean_judge (Lean 4.34 alone); state_eval in-env sampling, max_action 512 max_steps 96; seed 0; sample seed x0","2026-10-01","recomputed","hf://buckets/dan-pandori/nd-rl/trajectory/artifacts/tj/eval/s0_p16000__tb72_x0.jsonl","textbook72|k256|T0.8|lean_only"
"best-9.56M-cap12-trajectory","stage1_best12_s0_p16000","9.56M","lean_staten","scratch","K12 155k","12","frozen@p16000","0","textbook72","72","solved","256","0.8","26","lean_only","fork lean_judge (Lean 4.34 alone); state_eval in-env sampling, max_action 512 max_steps 96; seed 1; sample seed x1","2026-10-01","copied","fork:dan_trajectory:artifacts/tj/eval/s0_p16000__tb72_x1.json","textbook72|k256|T0.8|lean_only"
"best-9.56M-cap12-trajectory","stage1_best12_s0_p16000 (rfc re-read)","9.56M","lean_staten","scratch","K12 155k","12","frozen@p16000","0","textbook72","72","solved","256","0.8","26","lean_only","fork lean_judge (Lean 4.34 alone); state_eval in-env sampling, max_action 512 max_steps 96; seed 1; sample seed x1","2026-10-02","copied","fork:dan_rl-from-ckpt:artifacts/rfc/eval/s0_p16000_rr__tb72_x1.json","textbook72|k256|T0.8|lean_only"
"best-9.56M-cap12-trajectory","stage1_best12_s1_p16000","9.56M","lean_staten","scratch","K12 155k","12","frozen@p16000","1","textbook72","72","solved","256","0.8","31","lean_only","fork lean_judge (Lean 4.34 alone); state_eval in-env sampling, max_action 512 max_steps 96; seed 0; sample seed x0","","recomputed","hf://buckets/dan-pandori/nd-rl/trajectory/artifacts/tj/eval/s1_p16000__tb72_x0.jsonl","textbook72|k256|T0.8|lean_only"
"best-9.56M-cap12-trajectory","stage1_best12_s1_p16000","9.56M","lean_staten","scratch","K12 155k","12","frozen@p16000","1","textbook72","72","pass_at_k_expected_solved","256","0.8","31.0","lean_only","fork lean_judge (Lean 4.34 alone); state_eval in-env sampling, max_action 512 max_steps 96; seed 0; sample seed x0","","recomputed","hf://buckets/dan-pandori/nd-rl/trajectory/artifacts/tj/eval/s1_p16000__tb72_x0.jsonl","textbook72|k256|T0.8|lean_only"
"best-9.56M-cap12-trajectory","stage1_best12_s1_p16000","9.56M","lean_staten","scratch","K12 155k","12","frozen@p16000","1","textbook72","72","solved","256","0.8","29","lean_only","fork lean_judge (Lean 4.34 alone); state_eval in-env sampling, max_action 512 max_steps 96; seed 1; sample seed x1","2026-10-01","copied","fork:dan_trajectory:artifacts/tj/eval/s1_p16000__tb72_x1.json","textbook72|k256|T0.8|lean_only"
"best-9.56M-cap12-trajectory","stage1_best12_s2_p16000","9.56M","lean_staten","scratch","K12 155k","12","frozen@p16000","2","textbook72","72","solved","256","0.8","29","lean_only","fork lean_judge (Lean 4.34 alone); state_eval in-env sampling, max_action 512 max_steps 96; seed 0; sample seed x0","","recomputed","hf://buckets/dan-pandori/nd-rl/trajectory/artifacts/tj/eval/s2_p16000__tb72_x0.jsonl","textbook72|k256|T0.8|lean_only"
"best-9.56M-cap12-trajectory","stage1_best12_s2_p16000","9.56M","lean_staten","scratch","K12 155k","12","frozen@p16000","2","textbook72","72","pass_at_k_expected_solved","256","0.8","29.0","lean_only","fork lean_judge (Lean 4.34 alone); state_eval in-env sampling, max_action 512 max_steps 96; seed 0; sample seed x0","","recomputed","hf://buckets/dan-pandori/nd-rl/trajectory/artifacts/tj/eval/s2_p16000__tb72_x0.jsonl","textbook72|k256|T0.8|lean_only"
"best-9.56M-cap12-trajectory","stage1_best12_s2_p16000","9.56M","lean_staten","scratch","K12 155k","12","frozen@p16000","2","textbook72","72","solved","256","0.8","28","lean_only","fork lean_judge (Lean 4.34 alone); state_eval in-env sampling, max_action 512 max_steps 96; seed 1; sample seed x1","2026-10-01","copied","fork:dan_trajectory:artifacts/tj/eval/s2_p16000__tb72_x1.json","textbook72|k256|T0.8|lean_only"
"best-9.56M-cap12-trajectory","stage1_best12_s0_p200","9.56M","lean_staten","scratch","K12 155k","12","frozen@p200","0","textbook72","72","solved","256","0.8","1","lean_only","fork lean_judge (Lean 4.34 alone); state_eval in-env sampling, max_action 512 max_steps 96; seed 0; sample seed x0","","recomputed","hf://buckets/dan-pandori/nd-rl/trajectory/artifacts/tj/eval/s0_p200__tb72_x0.jsonl","textbook72|k256|T0.8|lean_only"
"best-9.56M-cap12-trajectory","stage1_best12_s0_p200","9.56M","lean_staten","scratch","K12 155k","12","frozen@p200","0","textbook72","72","pass_at_k_expected_solved","256","0.8","1.0","lean_only","fork lean_judge (Lean 4.34 alone); state_eval in-env sampling, max_action 512 max_steps 96; seed 0; sample seed x0","","recomputed","hf://buckets/dan-pandori/nd-rl/trajectory/artifacts/tj/eval/s0_p200__tb72_x0.jsonl","textbook72|k256|T0.8|lean_only"
"best-9.56M-cap12-trajectory","stage1_best12_s0_p200","9.56M","lean_staten","scratch","K12 155k","12","frozen@p200","0","textbook72","72","solved","256","0.8","4","lean_only","fork lean_judge (Lean 4.34 alone); state_eval in-env sampling, max_action 512 max_steps 96; seed 1; sample seed x1","2026-10-01","copied","fork:dan_trajectory:artifacts/tj/eval/s0_p200__tb72_x1.json","textbook72|k256|T0.8|lean_only"
"best-9.56M-cap12-trajectory","stage1_best12_s1_p200","9.56M","lean_staten","scratch","K12 155k","12","frozen@p200","1","textbook72","72","solved","256","0.8","2","lean_only","fork lean_judge (Lean 4.34 alone); state_eval in-env sampling, max_action 512 max_steps 96; seed 0; sample seed x0","","recomputed","hf://buckets/dan-pandori/nd-rl/trajectory/artifacts/tj/eval/s1_p200__tb72_x0.jsonl","textbook72|k256|T0.8|lean_only"
"best-9.56M-cap12-trajectory","stage1_best12_s1_p200","9.56M","lean_staten","scratch","K12 155k","12","frozen@p200","1","textbook72","72","pass_at_k_expected_solved","256","0.8","2.0","lean_only","fork lean_judge (Lean 4.34 alone); state_eval in-env sampling, max_action 512 max_steps 96; seed 0; sample seed x0","","recomputed","hf://buckets/dan-pandori/nd-rl/trajectory/artifacts/tj/eval/s1_p200__tb72_x0.jsonl","textbook72|k256|T0.8|lean_only"
"best-9.56M-cap12-trajectory","stage1_best12_s1_p200","9.56M","lean_staten","scratch","K12 155k","12","frozen@p200","1","textbook72","72","solved","256","0.8","2","lean_only","fork lean_judge (Lean 4.34 alone); state_eval in-env sampling, max_action 512 max_steps 96; seed 1; sample seed x1","2026-10-01","copied","fork:dan_trajectory:artifacts/tj/eval/s1_p200__tb72_x1.json","textbook72|k256|T0.8|lean_only"
"best-9.56M-cap12-trajectory","stage1_best12_s2_p200","9.56M","lean_staten","scratch","K12 155k","12","frozen@p200","2","textbook72","72","solved","256","0.8","2","lean_only","fork lean_judge (Lean 4.34 alone); state_eval in-env sampling, max_action 512 max_steps 96; seed 0; sample seed x0","","recomputed","hf://buckets/dan-pandori/nd-rl/trajectory/artifacts/tj/eval/s2_p200__tb72_x0.jsonl","textbook72|k256|T0.8|lean_only"
"best-9.56M-cap12-trajectory","stage1_best12_s2_p200","9.56M","lean_staten","scratch","K12 155k","12","frozen@p200","2","textbook72","72","pass_at_k_expected_solved","256","0.8","2.0","lean_only","fork lean_judge (Lean 4.34 alone); state_eval in-env sampling, max_action 512 max_steps 96; seed 0; sample seed x0","","recomputed","hf://buckets/dan-pandori/nd-rl/trajectory/artifacts/tj/eval/s2_p200__tb72_x0.jsonl","textbook72|k256|T0.8|lean_only"
"best-9.56M-cap12-trajectory","stage1_best12_s2_p200","9.56M","lean_staten","scratch","K12 155k","12","frozen@p200","2","textbook72","72","solved","256","0.8","2","lean_only","fork lean_judge (Lean 4.34 alone); state_eval in-env sampling, max_action 512 max_steps 96; seed 1; sample seed x1","2026-10-01","copied","fork:dan_trajectory:artifacts/tj/eval/s2_p200__tb72_x1.json","textbook72|k256|T0.8|lean_only"
"best-9.56M-cap12-trajectory","stage1_best12_s0_p20000","9.56M","lean_staten","scratch","K12 155k","12","frozen@p20000","0","textbook72","72","solved","256","0.8","33","lean_only","fork lean_judge (Lean 4.34 alone); state_eval in-env sampling, max_action 512 max_steps 96; seed 0; sample seed x0","","recomputed","hf://buckets/dan-pandori/nd-rl/trajectory/artifacts/tj/eval/s0_p20000__tb72_x0.jsonl","textbook72|k256|T0.8|lean_only"
"best-9.56M-cap12-trajectory","stage1_best12_s0_p20000","9.56M","lean_staten","scratch","K12 155k","12","frozen@p20000","0","textbook72","72","pass_at_k_expected_solved","256","0.8","33.0","lean_only","fork lean_judge (Lean 4.34 alone); state_eval in-env sampling, max_action 512 max_steps 96; seed 0; sample seed x0","","recomputed","hf://buckets/dan-pandori/nd-rl/trajectory/artifacts/tj/eval/s0_p20000__tb72_x0.jsonl","textbook72|k256|T0.8|lean_only"
"best-9.56M-cap12-trajectory","stage1_best12_s0_p20000","9.56M","lean_staten","scratch","K12 155k","12","frozen@p20000","0","textbook72","72","solved","256","0.8","33","lean_only","fork lean_judge (Lean 4.34 alone); state_eval in-env sampling, max_action 512 max_steps 96; seed 1; sample seed x1","2026-10-01","copied","fork:dan_trajectory:artifacts/tj/eval/s0_p20000__tb72_x1.json","textbook72|k256|T0.8|lean_only"
"best-9.56M-cap12-trajectory","stage1_best12_s1_p20000","9.56M","lean_staten","scratch","K12 155k","12","frozen@p20000","1","textbook72","72","solved","256","0.8","30","lean_only","fork lean_judge (Lean 4.34 alone); state_eval in-env sampling, max_action 512 max_steps 96; seed 0; sample seed x0","","recomputed","hf://buckets/dan-pandori/nd-rl/trajectory/artifacts/tj/eval/s1_p20000__tb72_x0.jsonl","textbook72|k256|T0.8|lean_only"
"best-9.56M-cap12-trajectory","stage1_best12_s1_p20000","9.56M","lean_staten","scratch","K12 155k","12","frozen@p20000","1","textbook72","72","pass_at_k_expected_solved","256","0.8","30.0","lean_only","fork lean_judge (Lean 4.34 alone); state_eval in-env sampling, max_action 512 max_steps 96; seed 0; sample seed x0","","recomputed","hf://buckets/dan-pandori/nd-rl/trajectory/artifacts/tj/eval/s1_p20000__tb72_x0.jsonl","textbook72|k256|T0.8|lean_only"
"best-9.56M-cap12-trajectory","stage1_best12_s1_p20000","9.56M","lean_staten","scratch","K12 155k","12","frozen@p20000","1","textbook72","72","solved","256","0.8","28","lean_only","fork lean_judge (Lean 4.34 alone); state_eval in-env sampling, max_action 512 max_steps 96; seed 1; sample seed x1","2026-10-01","copied","fork:dan_trajectory:artifacts/tj/eval/s1_p20000__tb72_x1.json","textbook72|k256|T0.8|lean_only"
"best-9.56M-cap12-trajectory","stage1_best12_s2_p20000","9.56M","lean_staten","scratch","K12 155k","12","frozen@p20000","2","textbook72","72","solved","256","0.8","27","lean_only","fork lean_judge (Lean 4.34 alone); state_eval in-env sampling, max_action 512 max_steps 96; seed 0; sample seed x0","","recomputed","hf://buckets/dan-pandori/nd-rl/trajectory/artifacts/tj/eval/s2_p20000__tb72_x0.jsonl","textbook72|k256|T0.8|lean_only"
"best-9.56M-cap12-trajectory","stage1_best12_s2_p20000","9.56M","lean_staten","scratch","K12 155k","12","frozen@p20000","2","textbook72","72","pass_at_k_expected_solved","256","0.8","27.0","lean_only","fork lean_judge (Lean 4.34 alone); state_eval in-env sampling, max_action 512 max_steps 96; seed 0; sample seed x0","","recomputed","hf://buckets/dan-pandori/nd-rl/trajectory/artifacts/tj/eval/s2_p20000__tb72_x0.jsonl","textbook72|k256|T0.8|lean_only"
"best-9.56M-cap12-trajectory","stage1_best12_s2_p20000","9.56M","lean_staten","scratch","K12 155k","12","frozen@p20000","2","textbook72","72","solved","256","0.8","27","lean_only","fork lean_judge (Lean 4.34 alone); state_eval in-env sampling, max_action 512 max_steps 96; seed 1; sample seed x1","2026-10-01","copied","fork:dan_trajectory:artifacts/tj/eval/s2_p20000__tb72_x1.json","textbook72|k256|T0.8|lean_only"
"best-9.56M-cap12-trajectory","stage1_best12_s0_p3000","9.56M","lean_staten","scratch","K12 155k","12","frozen@p3000","0","textbook72","72","solved","256","0.8","15","lean_only","fork lean_judge (Lean 4.34 alone); state_eval in-env sampling, max_action 512 max_steps 96; seed 0; sample seed x0","","recomputed","hf://buckets/dan-pandori/nd-rl/trajectory/artifacts/tj/eval/s0_p3000__tb72_x0.jsonl","textbook72|k256|T0.8|lean_only"
"best-9.56M-cap12-trajectory","stage1_best12_s0_p3000","9.56M","lean_staten","scratch","K12 155k","12","frozen@p3000","0","textbook72","72","pass_at_k_expected_solved","256","0.8","15.0","lean_only","fork lean_judge (Lean 4.34 alone); state_eval in-env sampling, max_action 512 max_steps 96; seed 0; sample seed x0","","recomputed","hf://buckets/dan-pandori/nd-rl/trajectory/artifacts/tj/eval/s0_p3000__tb72_x0.jsonl","textbook72|k256|T0.8|lean_only"
"best-9.56M-cap12-trajectory","stage1_best12_s0_p3000","9.56M","lean_staten","scratch","K12 155k","12","frozen@p3000","0","textbook72","72","solved","256","0.8","19","lean_only","fork lean_judge (Lean 4.34 alone); state_eval in-env sampling, max_action 512 max_steps 96; seed 1; sample seed x1","2026-10-01","copied","fork:dan_trajectory:artifacts/tj/eval/s0_p3000__tb72_x1.json","textbook72|k256|T0.8|lean_only"
"best-9.56M-cap12-trajectory","stage1_best12_s1_p3000","9.56M","lean_staten","scratch","K12 155k","12","frozen@p3000","1","textbook72","72","solved","256","0.8","13","lean_only","fork lean_judge (Lean 4.34 alone); state_eval in-env sampling, max_action 512 max_steps 96; seed 0; sample seed x0","","recomputed","hf://buckets/dan-pandori/nd-rl/trajectory/artifacts/tj/eval/s1_p3000__tb72_x0.jsonl","textbook72|k256|T0.8|lean_only"
"best-9.56M-cap12-trajectory","stage1_best12_s1_p3000","9.56M","lean_staten","scratch","K12 155k","12","frozen@p3000","1","textbook72","72","pass_at_k_expected_solved","256","0.8","13.0","lean_only","fork lean_judge (Lean 4.34 alone); state_eval in-env sampling, max_action 512 max_steps 96; seed 0; sample seed x0","","recomputed","hf://buckets/dan-pandori/nd-rl/trajectory/artifacts/tj/eval/s1_p3000__tb72_x0.jsonl","textbook72|k256|T0.8|lean_only"
"best-9.56M-cap12-trajectory","stage1_best12_s1_p3000","9.56M","lean_staten","scratch","K12 155k","12","frozen@p3000","1","textbook72","72","solved","256","0.8","14","lean_only","fork lean_judge (Lean 4.34 alone); state_eval in-env sampling, max_action 512 max_steps 96; seed 1; sample seed x1","2026-10-01","copied","fork:dan_trajectory:artifacts/tj/eval/s1_p3000__tb72_x1.json","textbook72|k256|T0.8|lean_only"
"best-9.56M-cap12-trajectory","stage1_best12_s2_p3000","9.56M","lean_staten","scratch","K12 155k","12","frozen@p3000","2","textbook72","72","solved","256","0.8","16","lean_only","fork lean_judge (Lean 4.34 alone); state_eval in-env sampling, max_action 512 max_steps 96; seed 0; sample seed x0","","recomputed","hf://buckets/dan-pandori/nd-rl/trajectory/artifacts/tj/eval/s2_p3000__tb72_x0.jsonl","textbook72|k256|T0.8|lean_only"
"best-9.56M-cap12-trajectory","stage1_best12_s2_p3000","9.56M","lean_staten","scratch","K12 155k","12","frozen@p3000","2","textbook72","72","pass_at_k_expected_solved","256","0.8","16.0","lean_only","fork lean_judge (Lean 4.34 alone); state_eval in-env sampling, max_action 512 max_steps 96; seed 0; sample seed x0","","recomputed","hf://buckets/dan-pandori/nd-rl/trajectory/artifacts/tj/eval/s2_p3000__tb72_x0.jsonl","textbook72|k256|T0.8|lean_only"
"best-9.56M-cap12-trajectory","stage1_best12_s2_p3000","9.56M","lean_staten","scratch","K12 155k","12","frozen@p3000","2","textbook72","72","solved","256","0.8","19","lean_only","fork lean_judge (Lean 4.34 alone); state_eval in-env sampling, max_action 512 max_steps 96; seed 1; sample seed x1","2026-10-01","copied","fork:dan_trajectory:artifacts/tj/eval/s2_p3000__tb72_x1.json","textbook72|k256|T0.8|lean_only"
"best-9.56M-cap12-trajectory","stage1_best12_s0_p400","9.56M","lean_staten","scratch","K12 155k","12","frozen@p400","0","textbook72","72","solved","256","0.8","8","lean_only","fork lean_judge (Lean 4.34 alone); state_eval in-env sampling, max_action 512 max_steps 96; seed 0; sample seed x0","","recomputed","hf://buckets/dan-pandori/nd-rl/trajectory/artifacts/tj/eval/s0_p400__tb72_x0.jsonl","textbook72|k256|T0.8|lean_only"
"best-9.56M-cap12-trajectory","stage1_best12_s0_p400","9.56M","lean_staten","scratch","K12 155k","12","frozen@p400","0","textbook72","72","pass_at_k_expected_solved","256","0.8","8.0","lean_only","fork lean_judge (Lean 4.34 alone); state_eval in-env sampling, max_action 512 max_steps 96; seed 0; sample seed x0","","recomputed","hf://buckets/dan-pandori/nd-rl/trajectory/artifacts/tj/eval/s0_p400__tb72_x0.jsonl","textbook72|k256|T0.8|lean_only"
"best-9.56M-cap12-trajectory","stage1_best12_s0_p400","9.56M","lean_staten","scratch","K12 155k","12","frozen@p400","0","textbook72","72","solved","256","0.8","7","lean_only","fork lean_judge (Lean 4.34 alone); state_eval in-env sampling, max_action 512 max_steps 96; seed 1; sample seed x1","2026-10-01","copied","fork:dan_trajectory:artifacts/tj/eval/s0_p400__tb72_x1.json","textbook72|k256|T0.8|lean_only"
"best-9.56M-cap12-trajectory","stage1_best12_s1_p400","9.56M","lean_staten","scratch","K12 155k","12","frozen@p400","1","textbook72","72","solved","256","0.8","9","lean_only","fork lean_judge (Lean 4.34 alone); state_eval in-env sampling, max_action 512 max_steps 96; seed 0; sample seed x0","","recomputed","hf://buckets/dan-pandori/nd-rl/trajectory/artifacts/tj/eval/s1_p400__tb72_x0.jsonl","textbook72|k256|T0.8|lean_only"
"best-9.56M-cap12-trajectory","stage1_best12_s1_p400","9.56M","lean_staten","scratch","K12 155k","12","frozen@p400","1","textbook72","72","pass_at_k_expected_solved","256","0.8","9.0","lean_only","fork lean_judge (Lean 4.34 alone); state_eval in-env sampling, max_action 512 max_steps 96; seed 0; sample seed x0","","recomputed","hf://buckets/dan-pandori/nd-rl/trajectory/artifacts/tj/eval/s1_p400__tb72_x0.jsonl","textbook72|k256|T0.8|lean_only"
"best-9.56M-cap12-trajectory","stage1_best12_s1_p400","9.56M","lean_staten","scratch","K12 155k","12","frozen@p400","1","textbook72","72","solved","256","0.8","9","lean_only","fork lean_judge (Lean 4.34 alone); state_eval in-env sampling, max_action 512 max_steps 96; seed 1; sample seed x1","2026-10-01","copied","fork:dan_trajectory:artifacts/tj/eval/s1_p400__tb72_x1.json","textbook72|k256|T0.8|lean_only"
"best-9.56M-cap12-trajectory","stage1_best12_s2_p400","9.56M","lean_staten","scratch","K12 155k","12","frozen@p400","2","textbook72","72","solved","256","0.8","7","lean_only","fork lean_judge (Lean 4.34 alone); state_eval in-env sampling, max_action 512 max_steps 96; seed 0; sample seed x0","","recomputed","hf://buckets/dan-pandori/nd-rl/trajectory/artifacts/tj/eval/s2_p400__tb72_x0.jsonl","textbook72|k256|T0.8|lean_only"
"best-9.56M-cap12-trajectory","stage1_best12_s2_p400","9.56M","lean_staten","scratch","K12 155k","12","frozen@p400","2","textbook72","72","pass_at_k_expected_solved","256","0.8","7.0","lean_only","fork lean_judge (Lean 4.34 alone); state_eval in-env sampling, max_action 512 max_steps 96; seed 0; sample seed x0","","recomputed","hf://buckets/dan-pandori/nd-rl/trajectory/artifacts/tj/eval/s2_p400__tb72_x0.jsonl","textbook72|k256|T0.8|lean_only"
"best-9.56M-cap12-trajectory","stage1_best12_s2_p400","9.56M","lean_staten","scratch","K12 155k","12","frozen@p400","2","textbook72","72","solved","256","0.8","7","lean_only","fork lean_judge (Lean 4.34 alone); state_eval in-env sampling, max_action 512 max_steps 96; seed 1; sample seed x1","2026-10-01","copied","fork:dan_trajectory:artifacts/tj/eval/s2_p400__tb72_x1.json","textbook72|k256|T0.8|lean_only"
"best-9.56M-cap12-trajectory","stage1_best12_s0_p50","9.56M","lean_staten","scratch","K12 155k","12","frozen@p50","0","textbook72","72","solved","256","0.8","0","lean_only","fork lean_judge (Lean 4.34 alone); state_eval in-env sampling, max_action 512 max_steps 96; seed 0; sample seed x0","","recomputed","hf://buckets/dan-pandori/nd-rl/trajectory/artifacts/tj/eval/s0_p50__tb72_x0.jsonl","textbook72|k256|T0.8|lean_only"
"best-9.56M-cap12-trajectory","stage1_best12_s0_p50","9.56M","lean_staten","scratch","K12 155k","12","frozen@p50","0","textbook72","72","pass_at_k_expected_solved","256","0.8","0.0","lean_only","fork lean_judge (Lean 4.34 alone); state_eval in-env sampling, max_action 512 max_steps 96; seed 0; sample seed x0","","recomputed","hf://buckets/dan-pandori/nd-rl/trajectory/artifacts/tj/eval/s0_p50__tb72_x0.jsonl","textbook72|k256|T0.8|lean_only"
"best-9.56M-cap12-trajectory","stage1_best12_s0_p50","9.56M","lean_staten","scratch","K12 155k","12","frozen@p50","0","textbook72","72","solved","256","0.8","0","lean_only","fork lean_judge (Lean 4.34 alone); state_eval in-env sampling, max_action 512 max_steps 96; seed 1; sample seed x1","2026-10-01","copied","fork:dan_trajectory:artifacts/tj/eval/s0_p50__tb72_x1.json","textbook72|k256|T0.8|lean_only"
"best-9.56M-cap12-trajectory","stage1_best12_s1_p50","9.56M","lean_staten","scratch","K12 155k","12","frozen@p50","1","textbook72","72","solved","256","0.8","0","lean_only","fork lean_judge (Lean 4.34 alone); state_eval in-env sampling, max_action 512 max_steps 96; seed 0; sample seed x0","","recomputed","hf://buckets/dan-pandori/nd-rl/trajectory/artifacts/tj/eval/s1_p50__tb72_x0.jsonl","textbook72|k256|T0.8|lean_only"
"best-9.56M-cap12-trajectory","stage1_best12_s1_p50","9.56M","lean_staten","scratch","K12 155k","12","frozen@p50","1","textbook72","72","pass_at_k_expected_solved","256","0.8","0.0","lean_only","fork lean_judge (Lean 4.34 alone); state_eval in-env sampling, max_action 512 max_steps 96; seed 0; sample seed x0","","recomputed","hf://buckets/dan-pandori/nd-rl/trajectory/artifacts/tj/eval/s1_p50__tb72_x0.jsonl","textbook72|k256|T0.8|lean_only"
"best-9.56M-cap12-trajectory","stage1_best12_s1_p50","9.56M","lean_staten","scratch","K12 155k","12","frozen@p50","1","textbook72","72","solved","256","0.8","0","lean_only","fork lean_judge (Lean 4.34 alone); state_eval in-env sampling, max_action 512 max_steps 96; seed 1; sample seed x1","2026-10-01","copied","fork:dan_trajectory:artifacts/tj/eval/s1_p50__tb72_x1.json","textbook72|k256|T0.8|lean_only"
"best-9.56M-cap12-trajectory","stage1_best12_s2_p50","9.56M","lean_staten","scratch","K12 155k","12","frozen@p50","2","textbook72","72","solved","256","0.8","0","lean_only","fork lean_judge (Lean 4.34 alone); state_eval in-env sampling, max_action 512 max_steps 96; seed 0; sample seed x0","","recomputed","hf://buckets/dan-pandori/nd-rl/trajectory/artifacts/tj/eval/s2_p50__tb72_x0.jsonl","textbook72|k256|T0.8|lean_only"
"best-9.56M-cap12-trajectory","stage1_best12_s2_p50","9.56M","lean_staten","scratch","K12 155k","12","frozen@p50","2","textbook72","72","pass_at_k_expected_solved","256","0.8","0.0","lean_only","fork lean_judge (Lean 4.34 alone); state_eval in-env sampling, max_action 512 max_steps 96; seed 0; sample seed x0","","recomputed","hf://buckets/dan-pandori/nd-rl/trajectory/artifacts/tj/eval/s2_p50__tb72_x0.jsonl","textbook72|k256|T0.8|lean_only"
"best-9.56M-cap12-trajectory","stage1_best12_s2_p50","9.56M","lean_staten","scratch","K12 155k","12","frozen@p50","2","textbook72","72","solved","256","0.8","0","lean_only","fork lean_judge (Lean 4.34 alone); state_eval in-env sampling, max_action 512 max_steps 96; seed 1; sample seed x1","2026-10-01","copied","fork:dan_trajectory:artifacts/tj/eval/s2_p50__tb72_x1.json","textbook72|k256|T0.8|lean_only"
"best-9.56M-cap12-trajectory","stage1_best12_s0_p5000","9.56M","lean_staten","scratch","K12 155k","12","frozen@p5000","0","textbook72","72","solved","256","0.8","21","lean_only","fork lean_judge (Lean 4.34 alone); state_eval in-env sampling, max_action 512 max_steps 96; seed 0; sample seed x0","","recomputed","hf://buckets/dan-pandori/nd-rl/trajectory/artifacts/tj/eval/s0_p5000__tb72_x0.jsonl","textbook72|k256|T0.8|lean_only"
"best-9.56M-cap12-trajectory","stage1_best12_s0_p5000","9.56M","lean_staten","scratch","K12 155k","12","frozen@p5000","0","textbook72","72","pass_at_k_expected_solved","256","0.8","21.0","lean_only","fork lean_judge (Lean 4.34 alone); state_eval in-env sampling, max_action 512 max_steps 96; seed 0; sample seed x0","","recomputed","hf://buckets/dan-pandori/nd-rl/trajectory/artifacts/tj/eval/s0_p5000__tb72_x0.jsonl","textbook72|k256|T0.8|lean_only"
"best-9.56M-cap12-trajectory","stage1_best12_s0_p5000","9.56M","lean_staten","scratch","K12 155k","12","frozen@p5000","0","textbook72","72","solved","256","0.8","19","lean_only","fork lean_judge (Lean 4.34 alone); state_eval in-env sampling, max_action 512 max_steps 96; seed 1; sample seed x1","2026-10-01","copied","fork:dan_trajectory:artifacts/tj/eval/s0_p5000__tb72_x1.json","textbook72|k256|T0.8|lean_only"
"best-9.56M-cap12-trajectory","stage1_best12_s0_p5000 (rfc re-read)","9.56M","lean_staten","scratch","K12 155k","12","frozen@p5000","0","textbook72","72","solved","256","0.8","19","lean_only","fork lean_judge (Lean 4.34 alone); state_eval in-env sampling, max_action 512 max_steps 96; seed 1; sample seed x1","2026-10-02","copied","fork:dan_rl-from-ckpt:artifacts/rfc/eval/s0_p5000_rr__tb72_x1.json","textbook72|k256|T0.8|lean_only"
"best-9.56M-cap12-trajectory","stage1_best12_s1_p5000","9.56M","lean_staten","scratch","K12 155k","12","frozen@p5000","1","textbook72","72","solved","256","0.8","20","lean_only","fork lean_judge (Lean 4.34 alone); state_eval in-env sampling, max_action 512 max_steps 96; seed 0; sample seed x0","","recomputed","hf://buckets/dan-pandori/nd-rl/trajectory/artifacts/tj/eval/s1_p5000__tb72_x0.jsonl","textbook72|k256|T0.8|lean_only"
"best-9.56M-cap12-trajectory","stage1_best12_s1_p5000","9.56M","lean_staten","scratch","K12 155k","12","frozen@p5000","1","textbook72","72","pass_at_k_expected_solved","256","0.8","20.0","lean_only","fork lean_judge (Lean 4.34 alone); state_eval in-env sampling, max_action 512 max_steps 96; seed 0; sample seed x0","","recomputed","hf://buckets/dan-pandori/nd-rl/trajectory/artifacts/tj/eval/s1_p5000__tb72_x0.jsonl","textbook72|k256|T0.8|lean_only"
"best-9.56M-cap12-trajectory","stage1_best12_s1_p5000","9.56M","lean_staten","scratch","K12 155k","12","frozen@p5000","1","textbook72","72","solved","256","0.8","19","lean_only","fork lean_judge (Lean 4.34 alone); state_eval in-env sampling, max_action 512 max_steps 96; seed 1; sample seed x1","2026-10-01","copied","fork:dan_trajectory:artifacts/tj/eval/s1_p5000__tb72_x1.json","textbook72|k256|T0.8|lean_only"
"best-9.56M-cap12-trajectory","stage1_best12_s2_p5000","9.56M","lean_staten","scratch","K12 155k","12","frozen@p5000","2","textbook72","72","solved","256","0.8","19","lean_only","fork lean_judge (Lean 4.34 alone); state_eval in-env sampling, max_action 512 max_steps 96; seed 0; sample seed x0","","recomputed","hf://buckets/dan-pandori/nd-rl/trajectory/artifacts/tj/eval/s2_p5000__tb72_x0.jsonl","textbook72|k256|T0.8|lean_only"
"best-9.56M-cap12-trajectory","stage1_best12_s2_p5000","9.56M","lean_staten","scratch","K12 155k","12","frozen@p5000","2","textbook72","72","pass_at_k_expected_solved","256","0.8","19.0","lean_only","fork lean_judge (Lean 4.34 alone); state_eval in-env sampling, max_action 512 max_steps 96; seed 0; sample seed x0","","recomputed","hf://buckets/dan-pandori/nd-rl/trajectory/artifacts/tj/eval/s2_p5000__tb72_x0.jsonl","textbook72|k256|T0.8|lean_only"
"best-9.56M-cap12-trajectory","stage1_best12_s2_p5000","9.56M","lean_staten","scratch","K12 155k","12","frozen@p5000","2","textbook72","72","solved","256","0.8","18","lean_only","fork lean_judge (Lean 4.34 alone); state_eval in-env sampling, max_action 512 max_steps 96; seed 1; sample seed x1","2026-10-01","copied","fork:dan_trajectory:artifacts/tj/eval/s2_p5000__tb72_x1.json","textbook72|k256|T0.8|lean_only"
"best-9.56M-cap12-trajectory","stage1_best12_s0_p800","9.56M","lean_staten","scratch","K12 155k","12","frozen@p800","0","textbook72","72","solved","256","0.8","10","lean_only","fork lean_judge (Lean 4.34 alone); state_eval in-env sampling, max_action 512 max_steps 96; seed 0; sample seed x0","","recomputed","hf://buckets/dan-pandori/nd-rl/trajectory/artifacts/tj/eval/s0_p800__tb72_x0.jsonl","textbook72|k256|T0.8|lean_only"
"best-9.56M-cap12-trajectory","stage1_best12_s0_p800","9.56M","lean_staten","scratch","K12 155k","12","frozen@p800","0","textbook72","72","pass_at_k_expected_solved","256","0.8","10.0","lean_only","fork lean_judge (Lean 4.34 alone); state_eval in-env sampling, max_action 512 max_steps 96; seed 0; sample seed x0","","recomputed","hf://buckets/dan-pandori/nd-rl/trajectory/artifacts/tj/eval/s0_p800__tb72_x0.jsonl","textbook72|k256|T0.8|lean_only"
"best-9.56M-cap12-trajectory","stage1_best12_s0_p800","9.56M","lean_staten","scratch","K12 155k","12","frozen@p800","0","textbook72","72","solved","256","0.8","11","lean_only","fork lean_judge (Lean 4.34 alone); state_eval in-env sampling, max_action 512 max_steps 96; seed 1; sample seed x1","2026-10-01","copied","fork:dan_trajectory:artifacts/tj/eval/s0_p800__tb72_x1.json","textbook72|k256|T0.8|lean_only"
"best-9.56M-cap12-trajectory","stage1_best12_s1_p800","9.56M","lean_staten","scratch","K12 155k","12","frozen@p800","1","textbook72","72","solved","256","0.8","9","lean_only","fork lean_judge (Lean 4.34 alone); state_eval in-env sampling, max_action 512 max_steps 96; seed 0; sample seed x0","","recomputed","hf://buckets/dan-pandori/nd-rl/trajectory/artifacts/tj/eval/s1_p800__tb72_x0.jsonl","textbook72|k256|T0.8|lean_only"
"best-9.56M-cap12-trajectory","stage1_best12_s1_p800","9.56M","lean_staten","scratch","K12 155k","12","frozen@p800","1","textbook72","72","pass_at_k_expected_solved","256","0.8","9.0","lean_only","fork lean_judge (Lean 4.34 alone); state_eval in-env sampling, max_action 512 max_steps 96; seed 0; sample seed x0","","recomputed","hf://buckets/dan-pandori/nd-rl/trajectory/artifacts/tj/eval/s1_p800__tb72_x0.jsonl","textbook72|k256|T0.8|lean_only"
"best-9.56M-cap12-trajectory","stage1_best12_s1_p800","9.56M","lean_staten","scratch","K12 155k","12","frozen@p800","1","textbook72","72","solved","256","0.8","10","lean_only","fork lean_judge (Lean 4.34 alone); state_eval in-env sampling, max_action 512 max_steps 96; seed 1; sample seed x1","2026-10-01","copied","fork:dan_trajectory:artifacts/tj/eval/s1_p800__tb72_x1.json","textbook72|k256|T0.8|lean_only"
"best-9.56M-cap12-trajectory","stage1_best12_s2_p800","9.56M","lean_staten","scratch","K12 155k","12","frozen@p800","2","textbook72","72","solved","256","0.8","9","lean_only","fork lean_judge (Lean 4.34 alone); state_eval in-env sampling, max_action 512 max_steps 96; seed 0; sample seed x0","","recomputed","hf://buckets/dan-pandori/nd-rl/trajectory/artifacts/tj/eval/s2_p800__tb72_x0.jsonl","textbook72|k256|T0.8|lean_only"
"best-9.56M-cap12-trajectory","stage1_best12_s2_p800","9.56M","lean_staten","scratch","K12 155k","12","frozen@p800","2","textbook72","72","pass_at_k_expected_solved","256","0.8","9.0","lean_only","fork lean_judge (Lean 4.34 alone); state_eval in-env sampling, max_action 512 max_steps 96; seed 0; sample seed x0","","recomputed","hf://buckets/dan-pandori/nd-rl/trajectory/artifacts/tj/eval/s2_p800__tb72_x0.jsonl","textbook72|k256|T0.8|lean_only"
"best-9.56M-cap12-trajectory","stage1_best12_s2_p800","9.56M","lean_staten","scratch","K12 155k","12","frozen@p800","2","textbook72","72","solved","256","0.8","10","lean_only","fork lean_judge (Lean 4.34 alone); state_eval in-env sampling, max_action 512 max_steps 96; seed 1; sample seed x1","2026-10-01","copied","fork:dan_trajectory:artifacts/tj/eval/s2_p800__tb72_x1.json","textbook72|k256|T0.8|lean_only"
"best-9.56M-cap12-trajectory","stage1_best12_s0_p8000","9.56M","lean_staten","scratch","K12 155k","12","frozen@p8000","0","textbook72","72","solved","256","0.8","22","lean_only","fork lean_judge (Lean 4.34 alone); state_eval in-env sampling, max_action 512 max_steps 96; seed 0; sample seed x0","","recomputed","hf://buckets/dan-pandori/nd-rl/trajectory/artifacts/tj/eval/s0_p8000__tb72_x0.jsonl","textbook72|k256|T0.8|lean_only"
"best-9.56M-cap12-trajectory","stage1_best12_s0_p8000","9.56M","lean_staten","scratch","K12 155k","12","frozen@p8000","0","textbook72","72","pass_at_k_expected_solved","256","0.8","22.0","lean_only","fork lean_judge (Lean 4.34 alone); state_eval in-env sampling, max_action 512 max_steps 96; seed 0; sample seed x0","","recomputed","hf://buckets/dan-pandori/nd-rl/trajectory/artifacts/tj/eval/s0_p8000__tb72_x0.jsonl","textbook72|k256|T0.8|lean_only"
"best-9.56M-cap12-trajectory","stage1_best12_s0_p8000","9.56M","lean_staten","scratch","K12 155k","12","frozen@p8000","0","textbook72","72","solved","256","0.8","25","lean_only","fork lean_judge (Lean 4.34 alone); state_eval in-env sampling, max_action 512 max_steps 96; seed 1; sample seed x1","2026-10-01","copied","fork:dan_trajectory:artifacts/tj/eval/s0_p8000__tb72_x1.json","textbook72|k256|T0.8|lean_only"
"best-9.56M-cap12-trajectory","stage1_best12_s1_p8000","9.56M","lean_staten","scratch","K12 155k","12","frozen@p8000","1","textbook72","72","solved","256","0.8","21","lean_only","fork lean_judge (Lean 4.34 alone); state_eval in-env sampling, max_action 512 max_steps 96; seed 0; sample seed x0","","recomputed","hf://buckets/dan-pandori/nd-rl/trajectory/artifacts/tj/eval/s1_p8000__tb72_x0.jsonl","textbook72|k256|T0.8|lean_only"
"best-9.56M-cap12-trajectory","stage1_best12_s1_p8000","9.56M","lean_staten","scratch","K12 155k","12","frozen@p8000","1","textbook72","72","pass_at_k_expected_solved","256","0.8","21.0","lean_only","fork lean_judge (Lean 4.34 alone); state_eval in-env sampling, max_action 512 max_steps 96; seed 0; sample seed x0","","recomputed","hf://buckets/dan-pandori/nd-rl/trajectory/artifacts/tj/eval/s1_p8000__tb72_x0.jsonl","textbook72|k256|T0.8|lean_only"
"best-9.56M-cap12-trajectory","stage1_best12_s1_p8000","9.56M","lean_staten","scratch","K12 155k","12","frozen@p8000","1","textbook72","72","solved","256","0.8","20","lean_only","fork lean_judge (Lean 4.34 alone); state_eval in-env sampling, max_action 512 max_steps 96; seed 1; sample seed x1","2026-10-01","copied","fork:dan_trajectory:artifacts/tj/eval/s1_p8000__tb72_x1.json","textbook72|k256|T0.8|lean_only"
"best-9.56M-cap12-trajectory","stage1_best12_s2_p8000","9.56M","lean_staten","scratch","K12 155k","12","frozen@p8000","2","textbook72","72","solved","256","0.8","22","lean_only","fork lean_judge (Lean 4.34 alone); state_eval in-env sampling, max_action 512 max_steps 96; seed 0; sample seed x0","","recomputed","hf://buckets/dan-pandori/nd-rl/trajectory/artifacts/tj/eval/s2_p8000__tb72_x0.jsonl","textbook72|k256|T0.8|lean_only"
"best-9.56M-cap12-trajectory","stage1_best12_s2_p8000","9.56M","lean_staten","scratch","K12 155k","12","frozen@p8000","2","textbook72","72","pass_at_k_expected_solved","256","0.8","22.0","lean_only","fork lean_judge (Lean 4.34 alone); state_eval in-env sampling, max_action 512 max_steps 96; seed 0; sample seed x0","","recomputed","hf://buckets/dan-pandori/nd-rl/trajectory/artifacts/tj/eval/s2_p8000__tb72_x0.jsonl","textbook72|k256|T0.8|lean_only"
"best-9.56M-cap12-trajectory","stage1_best12_s2_p8000","9.56M","lean_staten","scratch","K12 155k","12","frozen@p8000","2","textbook72","72","solved","256","0.8","23","lean_only","fork lean_judge (Lean 4.34 alone); state_eval in-env sampling, max_action 512 max_steps 96; seed 1; sample seed x1","2026-10-01","copied","fork:dan_trajectory:artifacts/tj/eval/s2_p8000__tb72_x1.json","textbook72|k256|T0.8|lean_only"
"best-9.56M-cap12-trajectory","stage1_best12_s0_pend","9.56M","lean_staten","scratch","K12 155k","12","frozen@pend","0","textbook72","72","solved","256","0.8","32","lean_only","fork lean_judge (Lean 4.34 alone); state_eval in-env sampling, max_action 512 max_steps 96; seed 0; sample seed x0","2026-10-01","recomputed","hf://buckets/dan-pandori/nd-rl/trajectory/artifacts/tj/eval/s0_pend__tb72_x0.jsonl","textbook72|k256|T0.8|lean_only"
"best-9.56M-cap12-trajectory","stage1_best12_s0_pend","9.56M","lean_staten","scratch","K12 155k","12","frozen@pend","0","textbook72","72","pass_at_k_expected_solved","256","0.8","32.0","lean_only","fork lean_judge (Lean 4.34 alone); state_eval in-env sampling, max_action 512 max_steps 96; seed 0; sample seed x0","2026-10-01","recomputed","hf://buckets/dan-pandori/nd-rl/trajectory/artifacts/tj/eval/s0_pend__tb72_x0.jsonl","textbook72|k256|T0.8|lean_only"
"best-9.56M-cap12-trajectory","stage1_best12_s0_pend","9.56M","lean_staten","scratch","K12 155k","12","frozen@pend","0","textbook72","72","solved","256","0.8","34","lean_only","fork lean_judge (Lean 4.34 alone); state_eval in-env sampling, max_action 512 max_steps 96; seed 1; sample seed x1","2026-10-01","copied","fork:dan_trajectory:artifacts/tj/eval/s0_pend__tb72_x1.json","textbook72|k256|T0.8|lean_only"
"best-9.56M-cap12-trajectory","stage1_best12_s1_pend","9.56M","lean_staten","scratch","K12 155k","12","frozen@pend","1","textbook72","72","solved","256","0.8","32","lean_only","fork lean_judge (Lean 4.34 alone); state_eval in-env sampling, max_action 512 max_steps 96; seed 0; sample seed x0","2026-10-01","recomputed","hf://buckets/dan-pandori/nd-rl/trajectory/artifacts/tj/eval/s1_pend__tb72_x0.jsonl","textbook72|k256|T0.8|lean_only"
"best-9.56M-cap12-trajectory","stage1_best12_s1_pend","9.56M","lean_staten","scratch","K12 155k","12","frozen@pend","1","textbook72","72","pass_at_k_expected_solved","256","0.8","32.0","lean_only","fork lean_judge (Lean 4.34 alone); state_eval in-env sampling, max_action 512 max_steps 96; seed 0; sample seed x0","2026-10-01","recomputed","hf://buckets/dan-pandori/nd-rl/trajectory/artifacts/tj/eval/s1_pend__tb72_x0.jsonl","textbook72|k256|T0.8|lean_only"
"best-9.56M-cap12-trajectory","stage1_best12_s1_pend","9.56M","lean_staten","scratch","K12 155k","12","frozen@pend","1","textbook72","72","solved","256","0.8","33","lean_only","fork lean_judge (Lean 4.34 alone); state_eval in-env sampling, max_action 512 max_steps 96; seed 1; sample seed x1","2026-10-01","copied","fork:dan_trajectory:artifacts/tj/eval/s1_pend__tb72_x1.json","textbook72|k256|T0.8|lean_only"
"best-9.56M-cap12-trajectory","stage1_best12_s2_pend","9.56M","lean_staten","scratch","K12 155k","12","frozen@pend","2","textbook72","72","solved","256","0.8","38","lean_only","fork lean_judge (Lean 4.34 alone); state_eval in-env sampling, max_action 512 max_steps 96; seed 0; sample seed x0","2026-10-01","recomputed","hf://buckets/dan-pandori/nd-rl/trajectory/artifacts/tj/eval/s2_pend__tb72_x0.jsonl","textbook72|k256|T0.8|lean_only"
"best-9.56M-cap12-trajectory","stage1_best12_s2_pend","9.56M","lean_staten","scratch","K12 155k","12","frozen@pend","2","textbook72","72","pass_at_k_expected_solved","256","0.8","38.0","lean_only","fork lean_judge (Lean 4.34 alone); state_eval in-env sampling, max_action 512 max_steps 96; seed 0; sample seed x0","2026-10-01","recomputed","hf://buckets/dan-pandori/nd-rl/trajectory/artifacts/tj/eval/s2_pend__tb72_x0.jsonl","textbook72|k256|T0.8|lean_only"
"best-9.56M-cap12-trajectory","stage1_best12_s2_pend","9.56M","lean_staten","scratch","K12 155k","12","frozen@pend","2","textbook72","72","solved","256","0.8","36","lean_only","fork lean_judge (Lean 4.34 alone); state_eval in-env sampling, max_action 512 max_steps 96; seed 1; sample seed x1","2026-10-01","copied","fork:dan_trajectory:artifacts/tj/eval/s2_pend__tb72_x1.json","textbook72|k256|T0.8|lean_only"
"best-9.56M-cap12-trajectory","rc_best12_s0_p12000 r8","9.56M","lean_staten","scratch","K12 155k","12","replay-only-from-p12000","0","textbook72","72","solved","256","0.8","36","lean_only","fork lean_judge (Lean 4.34 alone); state_eval in-env sampling, max_action 512 max_steps 96; seed 0; sample seed x0","2026-10-02","copied","fork:dan_rl-from-ckpt:artifacts/rfc/eval/c0_p12000_r8__tb72_x0.json","textbook72|k256|T0.8|lean_only"
"best-9.56M-cap12-trajectory","rc_best12_s0_p12000 r8","9.56M","lean_staten","scratch","K12 155k","12","replay-only-from-p12000","0","textbook72","72","solved","256","0.8","39","lean_only","fork lean_judge (Lean 4.34 alone); state_eval in-env sampling, max_action 512 max_steps 96; seed 1; sample seed x1","2026-10-02","recomputed","hf://buckets/dan-pandori/nd-rl/rl-from-ckpt/artifacts/rfc/eval/c0_p12000_r8__tb72_x1.jsonl","textbook72|k256|T0.8|lean_only"
"best-9.56M-cap12-trajectory","rc_best12_s0_p12000 r8","9.56M","lean_staten","scratch","K12 155k","12","replay-only-from-p12000","0","textbook72","72","pass_at_k_expected_solved","256","0.8","39.0","lean_only","fork lean_judge (Lean 4.34 alone); state_eval in-env sampling, max_action 512 max_steps 96; seed 1; sample seed x1","2026-10-02","recomputed","hf://buckets/dan-pandori/nd-rl/rl-from-ckpt/artifacts/rfc/eval/c0_p12000_r8__tb72_x1.jsonl","textbook72|k256|T0.8|lean_only"
"best-9.56M-cap12-trajectory","rc_best12_s1_p12000 r8","9.56M","lean_staten","scratch","K12 155k","12","replay-only-from-p12000","1","textbook72","72","solved","256","0.8","38","lean_only","fork lean_judge (Lean 4.34 alone); state_eval in-env sampling, max_action 512 max_steps 96; seed 0; sample seed x0","2026-10-02","copied","fork:dan_rl-from-ckpt:artifacts/rfc/eval/c1_p12000_r8__tb72_x0.json","textbook72|k256|T0.8|lean_only"
"best-9.56M-cap12-trajectory","rc_best12_s1_p12000 r8","9.56M","lean_staten","scratch","K12 155k","12","replay-only-from-p12000","1","textbook72","72","solved","256","0.8","37","lean_only","fork lean_judge (Lean 4.34 alone); state_eval in-env sampling, max_action 512 max_steps 96; seed 1; sample seed x1","2026-10-02","recomputed","hf://buckets/dan-pandori/nd-rl/rl-from-ckpt/artifacts/rfc/eval/c1_p12000_r8__tb72_x1.jsonl","textbook72|k256|T0.8|lean_only"
"best-9.56M-cap12-trajectory","rc_best12_s1_p12000 r8","9.56M","lean_staten","scratch","K12 155k","12","replay-only-from-p12000","1","textbook72","72","pass_at_k_expected_solved","256","0.8","37.0","lean_only","fork lean_judge (Lean 4.34 alone); state_eval in-env sampling, max_action 512 max_steps 96; seed 1; sample seed x1","2026-10-02","recomputed","hf://buckets/dan-pandori/nd-rl/rl-from-ckpt/artifacts/rfc/eval/c1_p12000_r8__tb72_x1.jsonl","textbook72|k256|T0.8|lean_only"
"best-9.56M-cap12-trajectory","rc_best12_s2_p12000 r8","9.56M","lean_staten","scratch","K12 155k","12","replay-only-from-p12000","2","textbook72","72","solved","256","0.8","38","lean_only","fork lean_judge (Lean 4.34 alone); state_eval in-env sampling, max_action 512 max_steps 96; seed 0; sample seed x0","2026-10-02","copied","fork:dan_rl-from-ckpt:artifacts/rfc/eval/c2_p12000_r8__tb72_x0.json","textbook72|k256|T0.8|lean_only"
"best-9.56M-cap12-trajectory","rc_best12_s2_p12000 r8","9.56M","lean_staten","scratch","K12 155k","12","replay-only-from-p12000","2","textbook72","72","solved","256","0.8","39","lean_only","fork lean_judge (Lean 4.34 alone); state_eval in-env sampling, max_action 512 max_steps 96; seed 1; sample seed x1","2026-10-02","recomputed","hf://buckets/dan-pandori/nd-rl/rl-from-ckpt/artifacts/rfc/eval/c2_p12000_r8__tb72_x1.jsonl","textbook72|k256|T0.8|lean_only"
"best-9.56M-cap12-trajectory","rc_best12_s2_p12000 r8","9.56M","lean_staten","scratch","K12 155k","12","replay-only-from-p12000","2","textbook72","72","pass_at_k_expected_solved","256","0.8","39.0","lean_only","fork lean_judge (Lean 4.34 alone); state_eval in-env sampling, max_action 512 max_steps 96; seed 1; sample seed x1","2026-10-02","recomputed","hf://buckets/dan-pandori/nd-rl/rl-from-ckpt/artifacts/rfc/eval/c2_p12000_r8__tb72_x1.jsonl","textbook72|k256|T0.8|lean_only"
"best-9.56M-cap12-trajectory","rc_best12_s0_p1600 r8","9.56M","lean_staten","scratch","K12 155k","12","replay-only-from-p1600","0","textbook72","72","solved","256","0.8","33","lean_only","fork lean_judge (Lean 4.34 alone); state_eval in-env sampling, max_action 512 max_steps 96; seed 0; sample seed x0","2026-10-02","copied","fork:dan_rl-from-ckpt:artifacts/rfc/eval/c0_p1600_r8__tb72_x0.json","textbook72|k256|T0.8|lean_only"
"best-9.56M-cap12-trajectory","rc_best12_s0_p1600 r8","9.56M","lean_staten","scratch","K12 155k","12","replay-only-from-p1600","0","textbook72","72","solved","256","0.8","32","lean_only","fork lean_judge (Lean 4.34 alone); state_eval in-env sampling, max_action 512 max_steps 96; seed 1; sample seed x1","2026-10-02","recomputed","hf://buckets/dan-pandori/nd-rl/rl-from-ckpt/artifacts/rfc/eval/c0_p1600_r8__tb72_x1.jsonl","textbook72|k256|T0.8|lean_only"
"best-9.56M-cap12-trajectory","rc_best12_s0_p1600 r8","9.56M","lean_staten","scratch","K12 155k","12","replay-only-from-p1600","0","textbook72","72","pass_at_k_expected_solved","256","0.8","32.0","lean_only","fork lean_judge (Lean 4.34 alone); state_eval in-env sampling, max_action 512 max_steps 96; seed 1; sample seed x1","2026-10-02","recomputed","hf://buckets/dan-pandori/nd-rl/rl-from-ckpt/artifacts/rfc/eval/c0_p1600_r8__tb72_x1.jsonl","textbook72|k256|T0.8|lean_only"
"best-9.56M-cap12-trajectory","rc_best12_s1_p1600 r8","9.56M","lean_staten","scratch","K12 155k","12","replay-only-from-p1600","1","textbook72","72","solved","256","0.8","31","lean_only","fork lean_judge (Lean 4.34 alone); state_eval in-env sampling, max_action 512 max_steps 96; seed 0; sample seed x0","2026-10-02","copied","fork:dan_rl-from-ckpt:artifacts/rfc/eval/c1_p1600_r8__tb72_x0.json","textbook72|k256|T0.8|lean_only"
"best-9.56M-cap12-trajectory","rc_best12_s1_p1600 r8","9.56M","lean_staten","scratch","K12 155k","12","replay-only-from-p1600","1","textbook72","72","solved","256","0.8","28","lean_only","fork lean_judge (Lean 4.34 alone); state_eval in-env sampling, max_action 512 max_steps 96; seed 1; sample seed x1","2026-10-02","recomputed","hf://buckets/dan-pandori/nd-rl/rl-from-ckpt/artifacts/rfc/eval/c1_p1600_r8__tb72_x1.jsonl","textbook72|k256|T0.8|lean_only"
"best-9.56M-cap12-trajectory","rc_best12_s1_p1600 r8","9.56M","lean_staten","scratch","K12 155k","12","replay-only-from-p1600","1","textbook72","72","pass_at_k_expected_solved","256","0.8","28.0","lean_only","fork lean_judge (Lean 4.34 alone); state_eval in-env sampling, max_action 512 max_steps 96; seed 1; sample seed x1","2026-10-02","recomputed","hf://buckets/dan-pandori/nd-rl/rl-from-ckpt/artifacts/rfc/eval/c1_p1600_r8__tb72_x1.jsonl","textbook72|k256|T0.8|lean_only"
"best-9.56M-cap12-trajectory","rc_best12_s2_p1600 r8","9.56M","lean_staten","scratch","K12 155k","12","replay-only-from-p1600","2","textbook72","72","solved","256","0.8","33","lean_only","fork lean_judge (Lean 4.34 alone); state_eval in-env sampling, max_action 512 max_steps 96; seed 0; sample seed x0","2026-10-02","copied","fork:dan_rl-from-ckpt:artifacts/rfc/eval/c2_p1600_r8__tb72_x0.json","textbook72|k256|T0.8|lean_only"
"best-9.56M-cap12-trajectory","rc_best12_s2_p1600 r8","9.56M","lean_staten","scratch","K12 155k","12","replay-only-from-p1600","2","textbook72","72","solved","256","0.8","33","lean_only","fork lean_judge (Lean 4.34 alone); state_eval in-env sampling, max_action 512 max_steps 96; seed 1; sample seed x1","2026-10-02","recomputed","hf://buckets/dan-pandori/nd-rl/rl-from-ckpt/artifacts/rfc/eval/c2_p1600_r8__tb72_x1.jsonl","textbook72|k256|T0.8|lean_only"
"best-9.56M-cap12-trajectory","rc_best12_s2_p1600 r8","9.56M","lean_staten","scratch","K12 155k","12","replay-only-from-p1600","2","textbook72","72","pass_at_k_expected_solved","256","0.8","33.0","lean_only","fork lean_judge (Lean 4.34 alone); state_eval in-env sampling, max_action 512 max_steps 96; seed 1; sample seed x1","2026-10-02","recomputed","hf://buckets/dan-pandori/nd-rl/rl-from-ckpt/artifacts/rfc/eval/c2_p1600_r8__tb72_x1.jsonl","textbook72|k256|T0.8|lean_only"
"best-9.56M-cap12-trajectory","rc_best12_s0_p16000 r8","9.56M","lean_staten","scratch","K12 155k","12","replay-only-from-p16000","0","textbook72","72","solved","256","0.8","41","lean_only","fork lean_judge (Lean 4.34 alone); state_eval in-env sampling, max_action 512 max_steps 96; seed 0; sample seed x0","2026-10-02","copied","fork:dan_rl-from-ckpt:artifacts/rfc/eval/c0_p16000_r8__tb72_x0.json","textbook72|k256|T0.8|lean_only"
"best-9.56M-cap12-trajectory","rc_best12_s0_p16000 r8","9.56M","lean_staten","scratch","K12 155k","12","replay-only-from-p16000","0","textbook72","72","solved","256","0.8","41","lean_only","fork lean_judge (Lean 4.34 alone); state_eval in-env sampling, max_action 512 max_steps 96; seed 1; sample seed x1","2026-10-02","recomputed","hf://buckets/dan-pandori/nd-rl/rl-from-ckpt/artifacts/rfc/eval/c0_p16000_r8__tb72_x1.jsonl","textbook72|k256|T0.8|lean_only"
"best-9.56M-cap12-trajectory","rc_best12_s0_p16000 r8","9.56M","lean_staten","scratch","K12 155k","12","replay-only-from-p16000","0","textbook72","72","pass_at_k_expected_solved","256","0.8","41.0","lean_only","fork lean_judge (Lean 4.34 alone); state_eval in-env sampling, max_action 512 max_steps 96; seed 1; sample seed x1","2026-10-02","recomputed","hf://buckets/dan-pandori/nd-rl/rl-from-ckpt/artifacts/rfc/eval/c0_p16000_r8__tb72_x1.jsonl","textbook72|k256|T0.8|lean_only"
"best-9.56M-cap12-trajectory","rc_best12_s1_p16000 r8","9.56M","lean_staten","scratch","K12 155k","12","replay-only-from-p16000","1","textbook72","72","solved","256","0.8","39","lean_only","fork lean_judge (Lean 4.34 alone); state_eval in-env sampling, max_action 512 max_steps 96; seed 0; sample seed x0","2026-10-02","copied","fork:dan_rl-from-ckpt:artifacts/rfc/eval/c1_p16000_r8__tb72_x0.json","textbook72|k256|T0.8|lean_only"
"best-9.56M-cap12-trajectory","rc_best12_s1_p16000 r8","9.56M","lean_staten","scratch","K12 155k","12","replay-only-from-p16000","1","textbook72","72","solved","256","0.8","37","lean_only","fork lean_judge (Lean 4.34 alone); state_eval in-env sampling, max_action 512 max_steps 96; seed 1; sample seed x1","2026-10-02","recomputed","hf://buckets/dan-pandori/nd-rl/rl-from-ckpt/artifacts/rfc/eval/c1_p16000_r8__tb72_x1.jsonl","textbook72|k256|T0.8|lean_only"
"best-9.56M-cap12-trajectory","rc_best12_s1_p16000 r8","9.56M","lean_staten","scratch","K12 155k","12","replay-only-from-p16000","1","textbook72","72","pass_at_k_expected_solved","256","0.8","37.0","lean_only","fork lean_judge (Lean 4.34 alone); state_eval in-env sampling, max_action 512 max_steps 96; seed 1; sample seed x1","2026-10-02","recomputed","hf://buckets/dan-pandori/nd-rl/rl-from-ckpt/artifacts/rfc/eval/c1_p16000_r8__tb72_x1.jsonl","textbook72|k256|T0.8|lean_only"
"best-9.56M-cap12-trajectory","rc_best12_s2_p16000 r8","9.56M","lean_staten","scratch","K12 155k","12","replay-only-from-p16000","2","textbook72","72","solved","256","0.8","37","lean_only","fork lean_judge (Lean 4.34 alone); state_eval in-env sampling, max_action 512 max_steps 96; seed 0; sample seed x0","2026-10-02","copied","fork:dan_rl-from-ckpt:artifacts/rfc/eval/c2_p16000_r8__tb72_x0.json","textbook72|k256|T0.8|lean_only"
"best-9.56M-cap12-trajectory","rc_best12_s2_p16000 r8","9.56M","lean_staten","scratch","K12 155k","12","replay-only-from-p16000","2","textbook72","72","solved","256","0.8","38","lean_only","fork lean_judge (Lean 4.34 alone); state_eval in-env sampling, max_action 512 max_steps 96; seed 1; sample seed x1","2026-10-02","recomputed","hf://buckets/dan-pandori/nd-rl/rl-from-ckpt/artifacts/rfc/eval/c2_p16000_r8__tb72_x1.jsonl","textbook72|k256|T0.8|lean_only"
"best-9.56M-cap12-trajectory","rc_best12_s2_p16000 r8","9.56M","lean_staten","scratch","K12 155k","12","replay-only-from-p16000","2","textbook72","72","pass_at_k_expected_solved","256","0.8","38.0","lean_only","fork lean_judge (Lean 4.34 alone); state_eval in-env sampling, max_action 512 max_steps 96; seed 1; sample seed x1","2026-10-02","recomputed","hf://buckets/dan-pandori/nd-rl/rl-from-ckpt/artifacts/rfc/eval/c2_p16000_r8__tb72_x1.jsonl","textbook72|k256|T0.8|lean_only"
"best-9.56M-cap12-trajectory","rc_best12_s0_p5000 r8","9.56M","lean_staten","scratch","K12 155k","12","replay-only-from-p5000","0","textbook72","72","solved","256","0.8","31","lean_only","fork lean_judge (Lean 4.34 alone); state_eval in-env sampling, max_action 512 max_steps 96; seed 0; sample seed x0","2026-10-02","copied","fork:dan_rl-from-ckpt:artifacts/rfc/eval/c0_p5000_r8__tb72_x0.json","textbook72|k256|T0.8|lean_only"
"best-9.56M-cap12-trajectory","rc_best12_s0_p5000 r8","9.56M","lean_staten","scratch","K12 155k","12","replay-only-from-p5000","0","textbook72","72","solved","256","0.8","32","lean_only","fork lean_judge (Lean 4.34 alone); state_eval in-env sampling, max_action 512 max_steps 96; seed 1; sample seed x1","2026-10-02","recomputed","hf://buckets/dan-pandori/nd-rl/rl-from-ckpt/artifacts/rfc/eval/c0_p5000_r8__tb72_x1.jsonl","textbook72|k256|T0.8|lean_only"
"best-9.56M-cap12-trajectory","rc_best12_s0_p5000 r8","9.56M","lean_staten","scratch","K12 155k","12","replay-only-from-p5000","0","textbook72","72","pass_at_k_expected_solved","256","0.8","32.0","lean_only","fork lean_judge (Lean 4.34 alone); state_eval in-env sampling, max_action 512 max_steps 96; seed 1; sample seed x1","2026-10-02","recomputed","hf://buckets/dan-pandori/nd-rl/rl-from-ckpt/artifacts/rfc/eval/c0_p5000_r8__tb72_x1.jsonl","textbook72|k256|T0.8|lean_only"
"best-9.56M-cap12-trajectory","rc_best12_s1_p5000 r8","9.56M","lean_staten","scratch","K12 155k","12","replay-only-from-p5000","1","textbook72","72","solved","256","0.8","26","lean_only","fork lean_judge (Lean 4.34 alone); state_eval in-env sampling, max_action 512 max_steps 96; seed 0; sample seed x0","2026-10-02","copied","fork:dan_rl-from-ckpt:artifacts/rfc/eval/c1_p5000_r8__tb72_x0.json","textbook72|k256|T0.8|lean_only"
"best-9.56M-cap12-trajectory","rc_best12_s1_p5000 r8","9.56M","lean_staten","scratch","K12 155k","12","replay-only-from-p5000","1","textbook72","72","solved","256","0.8","27","lean_only","fork lean_judge (Lean 4.34 alone); state_eval in-env sampling, max_action 512 max_steps 96; seed 1; sample seed x1","2026-10-02","recomputed","hf://buckets/dan-pandori/nd-rl/rl-from-ckpt/artifacts/rfc/eval/c1_p5000_r8__tb72_x1.jsonl","textbook72|k256|T0.8|lean_only"
"best-9.56M-cap12-trajectory","rc_best12_s1_p5000 r8","9.56M","lean_staten","scratch","K12 155k","12","replay-only-from-p5000","1","textbook72","72","pass_at_k_expected_solved","256","0.8","27.0","lean_only","fork lean_judge (Lean 4.34 alone); state_eval in-env sampling, max_action 512 max_steps 96; seed 1; sample seed x1","2026-10-02","recomputed","hf://buckets/dan-pandori/nd-rl/rl-from-ckpt/artifacts/rfc/eval/c1_p5000_r8__tb72_x1.jsonl","textbook72|k256|T0.8|lean_only"
"best-9.56M-cap12-trajectory","rc_best12_s2_p5000 r8","9.56M","lean_staten","scratch","K12 155k","12","replay-only-from-p5000","2","textbook72","72","solved","256","0.8","38","lean_only","fork lean_judge (Lean 4.34 alone); state_eval in-env sampling, max_action 512 max_steps 96; seed 0; sample seed x0","2026-10-02","copied","fork:dan_rl-from-ckpt:artifacts/rfc/eval/c2_p5000_r8__tb72_x0.json","textbook72|k256|T0.8|lean_only"
"best-9.56M-cap12-trajectory","rc_best12_s2_p5000 r8","9.56M","lean_staten","scratch","K12 155k","12","replay-only-from-p5000","2","textbook72","72","solved","256","0.8","36","lean_only","fork lean_judge (Lean 4.34 alone); state_eval in-env sampling, max_action 512 max_steps 96; seed 1; sample seed x1","2026-10-02","recomputed","hf://buckets/dan-pandori/nd-rl/rl-from-ckpt/artifacts/rfc/eval/c2_p5000_r8__tb72_x1.jsonl","textbook72|k256|T0.8|lean_only"
"best-9.56M-cap12-trajectory","rc_best12_s2_p5000 r8","9.56M","lean_staten","scratch","K12 155k","12","replay-only-from-p5000","2","textbook72","72","pass_at_k_expected_solved","256","0.8","36.0","lean_only","fork lean_judge (Lean 4.34 alone); state_eval in-env sampling, max_action 512 max_steps 96; seed 1; sample seed x1","2026-10-02","recomputed","hf://buckets/dan-pandori/nd-rl/rl-from-ckpt/artifacts/rfc/eval/c2_p5000_r8__tb72_x1.jsonl","textbook72|k256|T0.8|lean_only"
"best-9.56M-cap12-trajectory","rc_best12_s0_pend r8","9.56M","lean_staten","scratch","K12 155k","12","replay-only-from-pend","0","textbook72","72","solved","256","0.8","37","lean_only","fork lean_judge (Lean 4.34 alone); state_eval in-env sampling, max_action 512 max_steps 96; seed 0; sample seed x0","2026-10-02","copied","fork:dan_rl-from-ckpt:artifacts/rfc/eval/c0_pend_r8__tb72_x0.json","textbook72|k256|T0.8|lean_only"
"best-9.56M-cap12-trajectory","rc_best12_s0_pend r8","9.56M","lean_staten","scratch","K12 155k","12","replay-only-from-pend","0","textbook72","72","solved","256","0.8","38","lean_only","fork lean_judge (Lean 4.34 alone); state_eval in-env sampling, max_action 512 max_steps 96; seed 1; sample seed x1","2026-10-02","recomputed","hf://buckets/dan-pandori/nd-rl/rl-from-ckpt/artifacts/rfc/eval/c0_pend_r8__tb72_x1.jsonl","textbook72|k256|T0.8|lean_only"
"best-9.56M-cap12-trajectory","rc_best12_s0_pend r8","9.56M","lean_staten","scratch","K12 155k","12","replay-only-from-pend","0","textbook72","72","pass_at_k_expected_solved","256","0.8","38.0","lean_only","fork lean_judge (Lean 4.34 alone); state_eval in-env sampling, max_action 512 max_steps 96; seed 1; sample seed x1","2026-10-02","recomputed","hf://buckets/dan-pandori/nd-rl/rl-from-ckpt/artifacts/rfc/eval/c0_pend_r8__tb72_x1.jsonl","textbook72|k256|T0.8|lean_only"
"best-9.56M-cap12-trajectory","rc_best12_s1_pend r8","9.56M","lean_staten","scratch","K12 155k","12","replay-only-from-pend","1","textbook72","72","solved","256","0.8","33","lean_only","fork lean_judge (Lean 4.34 alone); state_eval in-env sampling, max_action 512 max_steps 96; seed 0; sample seed x0","2026-10-02","copied","fork:dan_rl-from-ckpt:artifacts/rfc/eval/c1_pend_r8__tb72_x0.json","textbook72|k256|T0.8|lean_only"
"best-9.56M-cap12-trajectory","rc_best12_s1_pend r8","9.56M","lean_staten","scratch","K12 155k","12","replay-only-from-pend","1","textbook72","72","solved","256","0.8","31","lean_only","fork lean_judge (Lean 4.34 alone); state_eval in-env sampling, max_action 512 max_steps 96; seed 1; sample seed x1","2026-10-02","recomputed","hf://buckets/dan-pandori/nd-rl/rl-from-ckpt/artifacts/rfc/eval/c1_pend_r8__tb72_x1.jsonl","textbook72|k256|T0.8|lean_only"
"best-9.56M-cap12-trajectory","rc_best12_s1_pend r8","9.56M","lean_staten","scratch","K12 155k","12","replay-only-from-pend","1","textbook72","72","pass_at_k_expected_solved","256","0.8","31.0","lean_only","fork lean_judge (Lean 4.34 alone); state_eval in-env sampling, max_action 512 max_steps 96; seed 1; sample seed x1","2026-10-02","recomputed","hf://buckets/dan-pandori/nd-rl/rl-from-ckpt/artifacts/rfc/eval/c1_pend_r8__tb72_x1.jsonl","textbook72|k256|T0.8|lean_only"
"best-9.56M-cap12-trajectory","rc_best12_s2_pend r8","9.56M","lean_staten","scratch","K12 155k","12","replay-only-from-pend","2","textbook72","72","solved","256","0.8","35","lean_only","fork lean_judge (Lean 4.34 alone); state_eval in-env sampling, max_action 512 max_steps 96; seed 0; sample seed x0","2026-10-02","copied","fork:dan_rl-from-ckpt:artifacts/rfc/eval/c2_pend_r8__tb72_x0.json","textbook72|k256|T0.8|lean_only"
"best-9.56M-cap12-trajectory","rc_best12_s2_pend r8","9.56M","lean_staten","scratch","K12 155k","12","replay-only-from-pend","2","textbook72","72","solved","256","0.8","35","lean_only","fork lean_judge (Lean 4.34 alone); state_eval in-env sampling, max_action 512 max_steps 96; seed 1; sample seed x1","2026-10-02","recomputed","hf://buckets/dan-pandori/nd-rl/rl-from-ckpt/artifacts/rfc/eval/c2_pend_r8__tb72_x1.jsonl","textbook72|k256|T0.8|lean_only"
"best-9.56M-cap12-trajectory","rc_best12_s2_pend r8","9.56M","lean_staten","scratch","K12 155k","12","replay-only-from-pend","2","textbook72","72","pass_at_k_expected_solved","256","0.8","35.0","lean_only","fork lean_judge (Lean 4.34 alone); state_eval in-env sampling, max_action 512 max_steps 96; seed 1; sample seed x1","2026-10-02","recomputed","hf://buckets/dan-pandori/nd-rl/rl-from-ckpt/artifacts/rfc/eval/c2_pend_r8__tb72_x1.jsonl","textbook72|k256|T0.8|lean_only"
"best-9.56M-cap12-trajectory","la_T1_best12_s0_r1","9.56M","lean_staten","scratch","K12 155k","12","rl1","0","textbook72","72","solved","256","0.8","38","lean_only","fork lean_judge (Lean 4.34 alone); state_eval in-env sampling, max_action 512 max_steps 96; seed 0; sample seed x0","2026-10-01","recomputed","hf://buckets/dan-pandori/nd-rl/trajectory/artifacts/tj/eval/s0_r1__tb72_x0.jsonl","textbook72|k256|T0.8|lean_only"
"best-9.56M-cap12-trajectory","la_T1_best12_s0_r1","9.56M","lean_staten","scratch","K12 155k","12","rl1","0","textbook72","72","pass_at_k_expected_solved","256","0.8","38.0","lean_only","fork lean_judge (Lean 4.34 alone); state_eval in-env sampling, max_action 512 max_steps 96; seed 0; sample seed x0","2026-10-01","recomputed","hf://buckets/dan-pandori/nd-rl/trajectory/artifacts/tj/eval/s0_r1__tb72_x0.jsonl","textbook72|k256|T0.8|lean_only"
"best-9.56M-cap12-trajectory","la_T1_best12_s0_r1","9.56M","lean_staten","scratch","K12 155k","12","rl1","0","textbook72","72","solved","256","0.8","40","lean_only","fork lean_judge (Lean 4.34 alone); state_eval in-env sampling, max_action 512 max_steps 96; seed 1; sample seed x1","2026-10-01","copied","fork:dan_trajectory:artifacts/tj/eval/s0_r1__tb72_x1.json","textbook72|k256|T0.8|lean_only"
"best-9.56M-cap12-trajectory","la_T1_best12_s1_r1","9.56M","lean_staten","scratch","K12 155k","12","rl1","1","textbook72","72","solved","256","0.8","41","lean_only","fork lean_judge (Lean 4.34 alone); state_eval in-env sampling, max_action 512 max_steps 96; seed 0; sample seed x0","2026-10-01","recomputed","hf://buckets/dan-pandori/nd-rl/trajectory/artifacts/tj/eval/s1_r1__tb72_x0.jsonl","textbook72|k256|T0.8|lean_only"
"best-9.56M-cap12-trajectory","la_T1_best12_s1_r1","9.56M","lean_staten","scratch","K12 155k","12","rl1","1","textbook72","72","pass_at_k_expected_solved","256","0.8","41.0","lean_only","fork lean_judge (Lean 4.34 alone); state_eval in-env sampling, max_action 512 max_steps 96; seed 0; sample seed x0","2026-10-01","recomputed","hf://buckets/dan-pandori/nd-rl/trajectory/artifacts/tj/eval/s1_r1__tb72_x0.jsonl","textbook72|k256|T0.8|lean_only"
"best-9.56M-cap12-trajectory","la_T1_best12_s1_r1","9.56M","lean_staten","scratch","K12 155k","12","rl1","1","textbook72","72","solved","256","0.8","41","lean_only","fork lean_judge (Lean 4.34 alone); state_eval in-env sampling, max_action 512 max_steps 96; seed 1; sample seed x1","2026-10-01","copied","fork:dan_trajectory:artifacts/tj/eval/s1_r1__tb72_x1.json","textbook72|k256|T0.8|lean_only"
"best-9.56M-cap12-trajectory","la_T1_best12_s2_r1","9.56M","lean_staten","scratch","K12 155k","12","rl1","2","textbook72","72","solved","256","0.8","48","lean_only","fork lean_judge (Lean 4.34 alone); state_eval in-env sampling, max_action 512 max_steps 96; seed 0; sample seed x0","","recomputed","hf://buckets/dan-pandori/nd-rl/trajectory/artifacts/tj/eval/s2_r1__tb72_x0.jsonl","textbook72|k256|T0.8|lean_only"
"best-9.56M-cap12-trajectory","la_T1_best12_s2_r1","9.56M","lean_staten","scratch","K12 155k","12","rl1","2","textbook72","72","pass_at_k_expected_solved","256","0.8","48.0","lean_only","fork lean_judge (Lean 4.34 alone); state_eval in-env sampling, max_action 512 max_steps 96; seed 0; sample seed x0","","recomputed","hf://buckets/dan-pandori/nd-rl/trajectory/artifacts/tj/eval/s2_r1__tb72_x0.jsonl","textbook72|k256|T0.8|lean_only"
"best-9.56M-cap12-trajectory","la_T1_best12_s2_r1","9.56M","lean_staten","scratch","K12 155k","12","rl1","2","textbook72","72","solved","256","0.8","47","lean_only","fork lean_judge (Lean 4.34 alone); state_eval in-env sampling, max_action 512 max_steps 96; seed 1; sample seed x1","2026-10-01","copied","fork:dan_trajectory:artifacts/tj/eval/s2_r1__tb72_x1.json","textbook72|k256|T0.8|lean_only"
"best-9.56M-cap12-trajectory","la_T1_best12_s0_r2","9.56M","lean_staten","scratch","K12 155k","12","rl2","0","textbook72","72","solved","256","0.8","42","lean_only","fork lean_judge (Lean 4.34 alone); state_eval in-env sampling, max_action 512 max_steps 96; seed 0; sample seed x0","2026-10-01","recomputed","hf://buckets/dan-pandori/nd-rl/trajectory/artifacts/tj/eval/s0_r2__tb72_x0.jsonl","textbook72|k256|T0.8|lean_only"
"best-9.56M-cap12-trajectory","la_T1_best12_s0_r2","9.56M","lean_staten","scratch","K12 155k","12","rl2","0","textbook72","72","pass_at_k_expected_solved","256","0.8","42.0","lean_only","fork lean_judge (Lean 4.34 alone); state_eval in-env sampling, max_action 512 max_steps 96; seed 0; sample seed x0","2026-10-01","recomputed","hf://buckets/dan-pandori/nd-rl/trajectory/artifacts/tj/eval/s0_r2__tb72_x0.jsonl","textbook72|k256|T0.8|lean_only"
"best-9.56M-cap12-trajectory","la_T1_best12_s0_r2","9.56M","lean_staten","scratch","K12 155k","12","rl2","0","textbook72","72","solved","256","0.8","43","lean_only","fork lean_judge (Lean 4.34 alone); state_eval in-env sampling, max_action 512 max_steps 96; seed 1; sample seed x1","2026-10-01","copied","fork:dan_trajectory:artifacts/tj/eval/s0_r2__tb72_x1.json","textbook72|k256|T0.8|lean_only"
"best-9.56M-cap12-trajectory","la_T1_best12_s1_r2","9.56M","lean_staten","scratch","K12 155k","12","rl2","1","textbook72","72","solved","256","0.8","44","lean_only","fork lean_judge (Lean 4.34 alone); state_eval in-env sampling, max_action 512 max_steps 96; seed 0; sample seed x0","","recomputed","hf://buckets/dan-pandori/nd-rl/trajectory/artifacts/tj/eval/s1_r2__tb72_x0.jsonl","textbook72|k256|T0.8|lean_only"
"best-9.56M-cap12-trajectory","la_T1_best12_s1_r2","9.56M","lean_staten","scratch","K12 155k","12","rl2","1","textbook72","72","pass_at_k_expected_solved","256","0.8","44.0","lean_only","fork lean_judge (Lean 4.34 alone); state_eval in-env sampling, max_action 512 max_steps 96; seed 0; sample seed x0","","recomputed","hf://buckets/dan-pandori/nd-rl/trajectory/artifacts/tj/eval/s1_r2__tb72_x0.jsonl","textbook72|k256|T0.8|lean_only"
"best-9.56M-cap12-trajectory","la_T1_best12_s1_r2","9.56M","lean_staten","scratch","K12 155k","12","rl2","1","textbook72","72","solved","256","0.8","43","lean_only","fork lean_judge (Lean 4.34 alone); state_eval in-env sampling, max_action 512 max_steps 96; seed 1; sample seed x1","2026-10-01","copied","fork:dan_trajectory:artifacts/tj/eval/s1_r2__tb72_x1.json","textbook72|k256|T0.8|lean_only"
"best-9.56M-cap12-trajectory","la_T1_best12_s2_r2","9.56M","lean_staten","scratch","K12 155k","12","rl2","2","textbook72","72","solved","256","0.8","51","lean_only","fork lean_judge (Lean 4.34 alone); state_eval in-env sampling, max_action 512 max_steps 96; seed 0; sample seed x0","","recomputed","hf://buckets/dan-pandori/nd-rl/trajectory/artifacts/tj/eval/s2_r2__tb72_x0.jsonl","textbook72|k256|T0.8|lean_only"
"best-9.56M-cap12-trajectory","la_T1_best12_s2_r2","9.56M","lean_staten","scratch","K12 155k","12","rl2","2","textbook72","72","pass_at_k_expected_solved","256","0.8","51.0","lean_only","fork lean_judge (Lean 4.34 alone); state_eval in-env sampling, max_action 512 max_steps 96; seed 0; sample seed x0","","recomputed","hf://buckets/dan-pandori/nd-rl/trajectory/artifacts/tj/eval/s2_r2__tb72_x0.jsonl","textbook72|k256|T0.8|lean_only"
"best-9.56M-cap12-trajectory","la_T1_best12_s2_r2","9.56M","lean_staten","scratch","K12 155k","12","rl2","2","textbook72","72","solved","256","0.8","53","lean_only","fork lean_judge (Lean 4.34 alone); state_eval in-env sampling, max_action 512 max_steps 96; seed 1; sample seed x1","2026-10-01","copied","fork:dan_trajectory:artifacts/tj/eval/s2_r2__tb72_x1.json","textbook72|k256|T0.8|lean_only"
"best-9.56M-cap12-trajectory","la_T1_best12_s0_p12000 r2","9.56M","lean_staten","scratch","K12 155k","12","rl2-from-p12000","0","textbook72","72","solved","256","0.8","35","lean_only","fork lean_judge (Lean 4.34 alone); state_eval in-env sampling, max_action 512 max_steps 96; seed 0; sample seed x0","2026-10-02","copied","fork:dan_rl-from-ckpt:artifacts/rfc/eval/s0_p12000_r2__tb72_x0.json","textbook72|k256|T0.8|lean_only"
"best-9.56M-cap12-trajectory","la_T1_best12_s0_p12000 r2","9.56M","lean_staten","scratch","K12 155k","12","rl2-from-p12000","0","textbook72","72","solved","256","0.8","38","lean_only","fork lean_judge (Lean 4.34 alone); state_eval in-env sampling, max_action 512 max_steps 96; seed 1; sample seed x1","2026-10-02","copied","fork:dan_rl-from-ckpt:artifacts/rfc/eval/s0_p12000_r2__tb72_x1.json","textbook72|k256|T0.8|lean_only"
"best-9.56M-cap12-trajectory","la_T1_best12_s1_p12000 r2","9.56M","lean_staten","scratch","K12 155k","12","rl2-from-p12000","1","textbook72","72","solved","256","0.8","37","lean_only","fork lean_judge (Lean 4.34 alone); state_eval in-env sampling, max_action 512 max_steps 96; seed 0; sample seed x0","2026-10-02","copied","fork:dan_rl-from-ckpt:artifacts/rfc/eval/s1_p12000_r2__tb72_x0.json","textbook72|k256|T0.8|lean_only"
"best-9.56M-cap12-trajectory","la_T1_best12_s1_p12000 r2","9.56M","lean_staten","scratch","K12 155k","12","rl2-from-p12000","1","textbook72","72","solved","256","0.8","38","lean_only","fork lean_judge (Lean 4.34 alone); state_eval in-env sampling, max_action 512 max_steps 96; seed 1; sample seed x1","2026-10-02","copied","fork:dan_rl-from-ckpt:artifacts/rfc/eval/s1_p12000_r2__tb72_x1.json","textbook72|k256|T0.8|lean_only"
"best-9.56M-cap12-trajectory","la_T1_best12_s2_p12000 r2","9.56M","lean_staten","scratch","K12 155k","12","rl2-from-p12000","2","textbook72","72","solved","256","0.8","37","lean_only","fork lean_judge (Lean 4.34 alone); state_eval in-env sampling, max_action 512 max_steps 96; seed 0; sample seed x0","2026-10-02","copied","fork:dan_rl-from-ckpt:artifacts/rfc/eval/s2_p12000_r2__tb72_x0.json","textbook72|k256|T0.8|lean_only"
"best-9.56M-cap12-trajectory","la_T1_best12_s2_p12000 r2","9.56M","lean_staten","scratch","K12 155k","12","rl2-from-p12000","2","textbook72","72","solved","256","0.8","36","lean_only","fork lean_judge (Lean 4.34 alone); state_eval in-env sampling, max_action 512 max_steps 96; seed 1; sample seed x1","2026-10-02","copied","fork:dan_rl-from-ckpt:artifacts/rfc/eval/s2_p12000_r2__tb72_x1.json","textbook72|k256|T0.8|lean_only"
"best-9.56M-cap12-trajectory","la_T1_best12_s0_p1600 r2","9.56M","lean_staten","scratch","K12 155k","12","rl2-from-p1600","0","textbook72","72","solved","256","0.8","26","lean_only","fork lean_judge (Lean 4.34 alone); state_eval in-env sampling, max_action 512 max_steps 96; seed 0; sample seed x0","2026-10-02","copied","fork:dan_rl-from-ckpt:artifacts/rfc/eval/s0_p1600_r2__tb72_x0.json","textbook72|k256|T0.8|lean_only"
"best-9.56M-cap12-trajectory","la_T1_best12_s0_p1600 r2","9.56M","lean_staten","scratch","K12 155k","12","rl2-from-p1600","0","textbook72","72","solved","256","0.8","27","lean_only","fork lean_judge (Lean 4.34 alone); state_eval in-env sampling, max_action 512 max_steps 96; seed 1; sample seed x1","2026-10-02","copied","fork:dan_rl-from-ckpt:artifacts/rfc/eval/s0_p1600_r2__tb72_x1.json","textbook72|k256|T0.8|lean_only"
"best-9.56M-cap12-trajectory","la_T1_best12_s1_p1600 r2","9.56M","lean_staten","scratch","K12 155k","12","rl2-from-p1600","1","textbook72","72","solved","256","0.8","24","lean_only","fork lean_judge (Lean 4.34 alone); state_eval in-env sampling, max_action 512 max_steps 96; seed 0; sample seed x0","2026-10-02","copied","fork:dan_rl-from-ckpt:artifacts/rfc/eval/s1_p1600_r2__tb72_x0.json","textbook72|k256|T0.8|lean_only"
"best-9.56M-cap12-trajectory","la_T1_best12_s1_p1600 r2","9.56M","lean_staten","scratch","K12 155k","12","rl2-from-p1600","1","textbook72","72","solved","256","0.8","25","lean_only","fork lean_judge (Lean 4.34 alone); state_eval in-env sampling, max_action 512 max_steps 96; seed 1; sample seed x1","2026-10-02","copied","fork:dan_rl-from-ckpt:artifacts/rfc/eval/s1_p1600_r2__tb72_x1.json","textbook72|k256|T0.8|lean_only"
"best-9.56M-cap12-trajectory","la_T1_best12_s2_p1600 r2","9.56M","lean_staten","scratch","K12 155k","12","rl2-from-p1600","2","textbook72","72","solved","256","0.8","29","lean_only","fork lean_judge (Lean 4.34 alone); state_eval in-env sampling, max_action 512 max_steps 96; seed 0; sample seed x0","2026-10-02","copied","fork:dan_rl-from-ckpt:artifacts/rfc/eval/s2_p1600_r2__tb72_x0.json","textbook72|k256|T0.8|lean_only"
"best-9.56M-cap12-trajectory","la_T1_best12_s2_p1600 r2","9.56M","lean_staten","scratch","K12 155k","12","rl2-from-p1600","2","textbook72","72","solved","256","0.8","28","lean_only","fork lean_judge (Lean 4.34 alone); state_eval in-env sampling, max_action 512 max_steps 96; seed 1; sample seed x1","2026-10-02","copied","fork:dan_rl-from-ckpt:artifacts/rfc/eval/s2_p1600_r2__tb72_x1.json","textbook72|k256|T0.8|lean_only"
"best-9.56M-cap12-trajectory","la_T1_best12_s0_p16000 r2","9.56M","lean_staten","scratch","K12 155k","12","rl2-from-p16000","0","textbook72","72","solved","256","0.8","39","lean_only","fork lean_judge (Lean 4.34 alone); state_eval in-env sampling, max_action 512 max_steps 96; seed 0; sample seed x0","2026-10-02","copied","fork:dan_rl-from-ckpt:artifacts/rfc/eval/s0_p16000_r2__tb72_x0.json","textbook72|k256|T0.8|lean_only"
"best-9.56M-cap12-trajectory","la_T1_best12_s0_p16000 r2","9.56M","lean_staten","scratch","K12 155k","12","rl2-from-p16000","0","textbook72","72","solved","256","0.8","42","lean_only","fork lean_judge (Lean 4.34 alone); state_eval in-env sampling, max_action 512 max_steps 96; seed 1; sample seed x1","2026-10-02","copied","fork:dan_rl-from-ckpt:artifacts/rfc/eval/s0_p16000_r2__tb72_x1.json","textbook72|k256|T0.8|lean_only"
"best-9.56M-cap12-trajectory","la_T1_best12_s1_p16000 r2","9.56M","lean_staten","scratch","K12 155k","12","rl2-from-p16000","1","textbook72","72","solved","256","0.8","43","lean_only","fork lean_judge (Lean 4.34 alone); state_eval in-env sampling, max_action 512 max_steps 96; seed 0; sample seed x0","2026-10-02","copied","fork:dan_rl-from-ckpt:artifacts/rfc/eval/s1_p16000_r2__tb72_x0.json","textbook72|k256|T0.8|lean_only"
"best-9.56M-cap12-trajectory","la_T1_best12_s1_p16000 r2","9.56M","lean_staten","scratch","K12 155k","12","rl2-from-p16000","1","textbook72","72","solved","256","0.8","40","lean_only","fork lean_judge (Lean 4.34 alone); state_eval in-env sampling, max_action 512 max_steps 96; seed 1; sample seed x1","2026-10-02","copied","fork:dan_rl-from-ckpt:artifacts/rfc/eval/s1_p16000_r2__tb72_x1.json","textbook72|k256|T0.8|lean_only"
"best-9.56M-cap12-trajectory","la_T1_best12_s2_p16000 r2","9.56M","lean_staten","scratch","K12 155k","12","rl2-from-p16000","2","textbook72","72","solved","256","0.8","46","lean_only","fork lean_judge (Lean 4.34 alone); state_eval in-env sampling, max_action 512 max_steps 96; seed 0; sample seed x0","2026-10-02","copied","fork:dan_rl-from-ckpt:artifacts/rfc/eval/s2_p16000_r2__tb72_x0.json","textbook72|k256|T0.8|lean_only"
"best-9.56M-cap12-trajectory","la_T1_best12_s2_p16000 r2","9.56M","lean_staten","scratch","K12 155k","12","rl2-from-p16000","2","textbook72","72","solved","256","0.8","47","lean_only","fork lean_judge (Lean 4.34 alone); state_eval in-env sampling, max_action 512 max_steps 96; seed 1; sample seed x1","2026-10-02","copied","fork:dan_rl-from-ckpt:artifacts/rfc/eval/s2_p16000_r2__tb72_x1.json","textbook72|k256|T0.8|lean_only"
"best-9.56M-cap12-trajectory","la_T1_best12_s0_p5000 r2","9.56M","lean_staten","scratch","K12 155k","12","rl2-from-p5000","0","textbook72","72","solved","256","0.8","36","lean_only","fork lean_judge (Lean 4.34 alone); state_eval in-env sampling, max_action 512 max_steps 96; seed 0; sample seed x0","2026-10-02","copied","fork:dan_rl-from-ckpt:artifacts/rfc/eval/s0_p5000_r2__tb72_x0.json","textbook72|k256|T0.8|lean_only"
"best-9.56M-cap12-trajectory","la_T1_best12_s0_p5000 r2","9.56M","lean_staten","scratch","K12 155k","12","rl2-from-p5000","0","textbook72","72","solved","256","0.8","36","lean_only","fork lean_judge (Lean 4.34 alone); state_eval in-env sampling, max_action 512 max_steps 96; seed 1; sample seed x1","2026-10-02","copied","fork:dan_rl-from-ckpt:artifacts/rfc/eval/s0_p5000_r2__tb72_x1.json","textbook72|k256|T0.8|lean_only"
"best-9.56M-cap12-trajectory","la_T1_best12_s1_p5000 r2","9.56M","lean_staten","scratch","K12 155k","12","rl2-from-p5000","1","textbook72","72","solved","256","0.8","32","lean_only","fork lean_judge (Lean 4.34 alone); state_eval in-env sampling, max_action 512 max_steps 96; seed 0; sample seed x0","2026-10-02","copied","fork:dan_rl-from-ckpt:artifacts/rfc/eval/s1_p5000_r2__tb72_x0.json","textbook72|k256|T0.8|lean_only"
"best-9.56M-cap12-trajectory","la_T1_best12_s1_p5000 r2","9.56M","lean_staten","scratch","K12 155k","12","rl2-from-p5000","1","textbook72","72","solved","256","0.8","33","lean_only","fork lean_judge (Lean 4.34 alone); state_eval in-env sampling, max_action 512 max_steps 96; seed 1; sample seed x1","2026-10-02","copied","fork:dan_rl-from-ckpt:artifacts/rfc/eval/s1_p5000_r2__tb72_x1.json","textbook72|k256|T0.8|lean_only"
"best-9.56M-cap12-trajectory","la_T1_best12_s2_p5000 r2","9.56M","lean_staten","scratch","K12 155k","12","rl2-from-p5000","2","textbook72","72","solved","256","0.8","34","lean_only","fork lean_judge (Lean 4.34 alone); state_eval in-env sampling, max_action 512 max_steps 96; seed 0; sample seed x0","2026-10-02","copied","fork:dan_rl-from-ckpt:artifacts/rfc/eval/s2_p5000_r2__tb72_x0.json","textbook72|k256|T0.8|lean_only"
"best-9.56M-cap12-trajectory","la_T1_best12_s2_p5000 r2","9.56M","lean_staten","scratch","K12 155k","12","rl2-from-p5000","2","textbook72","72","solved","256","0.8","32","lean_only","fork lean_judge (Lean 4.34 alone); state_eval in-env sampling, max_action 512 max_steps 96; seed 1; sample seed x1","2026-10-02","copied","fork:dan_rl-from-ckpt:artifacts/rfc/eval/s2_p5000_r2__tb72_x1.json","textbook72|k256|T0.8|lean_only"
"best-9.56M-cap12-trajectory","la_T1_best12_s0_r3","9.56M","lean_staten","scratch","K12 155k","12","rl3","0","textbook72","72","solved","256","0.8","46","lean_only","fork lean_judge (Lean 4.34 alone); state_eval in-env sampling, max_action 512 max_steps 96; seed 0; sample seed x0","","recomputed","hf://buckets/dan-pandori/nd-rl/trajectory/artifacts/tj/eval/s0_r3__tb72_x0.jsonl","textbook72|k256|T0.8|lean_only"
"best-9.56M-cap12-trajectory","la_T1_best12_s0_r3","9.56M","lean_staten","scratch","K12 155k","12","rl3","0","textbook72","72","pass_at_k_expected_solved","256","0.8","46.0","lean_only","fork lean_judge (Lean 4.34 alone); state_eval in-env sampling, max_action 512 max_steps 96; seed 0; sample seed x0","","recomputed","hf://buckets/dan-pandori/nd-rl/trajectory/artifacts/tj/eval/s0_r3__tb72_x0.jsonl","textbook72|k256|T0.8|lean_only"
"best-9.56M-cap12-trajectory","la_T1_best12_s0_r3","9.56M","lean_staten","scratch","K12 155k","12","rl3","0","textbook72","72","solved","256","0.8","46","lean_only","fork lean_judge (Lean 4.34 alone); state_eval in-env sampling, max_action 512 max_steps 96; seed 1; sample seed x1","2026-10-01","copied","fork:dan_trajectory:artifacts/tj/eval/s0_r3__tb72_x1.json","textbook72|k256|T0.8|lean_only"
"best-9.56M-cap12-trajectory","la_T1_best12_s1_r3","9.56M","lean_staten","scratch","K12 155k","12","rl3","1","textbook72","72","solved","256","0.8","44","lean_only","fork lean_judge (Lean 4.34 alone); state_eval in-env sampling, max_action 512 max_steps 96; seed 0; sample seed x0","","recomputed","hf://buckets/dan-pandori/nd-rl/trajectory/artifacts/tj/eval/s1_r3__tb72_x0.jsonl","textbook72|k256|T0.8|lean_only"
"best-9.56M-cap12-trajectory","la_T1_best12_s1_r3","9.56M","lean_staten","scratch","K12 155k","12","rl3","1","textbook72","72","pass_at_k_expected_solved","256","0.8","44.0","lean_only","fork lean_judge (Lean 4.34 alone); state_eval in-env sampling, max_action 512 max_steps 96; seed 0; sample seed x0","","recomputed","hf://buckets/dan-pandori/nd-rl/trajectory/artifacts/tj/eval/s1_r3__tb72_x0.jsonl","textbook72|k256|T0.8|lean_only"
"best-9.56M-cap12-trajectory","la_T1_best12_s1_r3","9.56M","lean_staten","scratch","K12 155k","12","rl3","1","textbook72","72","solved","256","0.8","44","lean_only","fork lean_judge (Lean 4.34 alone); state_eval in-env sampling, max_action 512 max_steps 96; seed 1; sample seed x1","2026-10-01","copied","fork:dan_trajectory:artifacts/tj/eval/s1_r3__tb72_x1.json","textbook72|k256|T0.8|lean_only"
"best-9.56M-cap12-trajectory","la_T1_best12_s2_r3","9.56M","lean_staten","scratch","K12 155k","12","rl3","2","textbook72","72","solved","256","0.8","56","lean_only","fork lean_judge (Lean 4.34 alone); state_eval in-env sampling, max_action 512 max_steps 96; seed 0; sample seed x0","","recomputed","hf://buckets/dan-pandori/nd-rl/trajectory/artifacts/tj/eval/s2_r3__tb72_x0.jsonl","textbook72|k256|T0.8|lean_only"
"best-9.56M-cap12-trajectory","la_T1_best12_s2_r3","9.56M","lean_staten","scratch","K12 155k","12","rl3","2","textbook72","72","pass_at_k_expected_solved","256","0.8","56.0","lean_only","fork lean_judge (Lean 4.34 alone); state_eval in-env sampling, max_action 512 max_steps 96; seed 0; sample seed x0","","recomputed","hf://buckets/dan-pandori/nd-rl/trajectory/artifacts/tj/eval/s2_r3__tb72_x0.jsonl","textbook72|k256|T0.8|lean_only"
"best-9.56M-cap12-trajectory","la_T1_best12_s2_r3","9.56M","lean_staten","scratch","K12 155k","12","rl3","2","textbook72","72","solved","256","0.8","54","lean_only","fork lean_judge (Lean 4.34 alone); state_eval in-env sampling, max_action 512 max_steps 96; seed 1; sample seed x1","2026-10-01","copied","fork:dan_trajectory:artifacts/tj/eval/s2_r3__tb72_x1.json","textbook72|k256|T0.8|lean_only"
"best-9.56M-cap12-trajectory","la_T1_best12_s0_r4","9.56M","lean_staten","scratch","K12 155k","12","rl4","0","textbook72","72","solved","256","0.8","50","lean_only","fork lean_judge (Lean 4.34 alone); state_eval in-env sampling, max_action 512 max_steps 96; seed 0; sample seed x0","","recomputed","hf://buckets/dan-pandori/nd-rl/trajectory/artifacts/tj/eval/s0_r4__tb72_x0.jsonl","textbook72|k256|T0.8|lean_only"
"best-9.56M-cap12-trajectory","la_T1_best12_s0_r4","9.56M","lean_staten","scratch","K12 155k","12","rl4","0","textbook72","72","pass_at_k_expected_solved","256","0.8","50.0","lean_only","fork lean_judge (Lean 4.34 alone); state_eval in-env sampling, max_action 512 max_steps 96; seed 0; sample seed x0","","recomputed","hf://buckets/dan-pandori/nd-rl/trajectory/artifacts/tj/eval/s0_r4__tb72_x0.jsonl","textbook72|k256|T0.8|lean_only"
"best-9.56M-cap12-trajectory","la_T1_best12_s0_r4","9.56M","lean_staten","scratch","K12 155k","12","rl4","0","textbook72","72","solved","256","0.8","48","lean_only","fork lean_judge (Lean 4.34 alone); state_eval in-env sampling, max_action 512 max_steps 96; seed 1; sample seed x1","2026-10-01","copied","fork:dan_trajectory:artifacts/tj/eval/s0_r4__tb72_x1.json","textbook72|k256|T0.8|lean_only"
"best-9.56M-cap12-trajectory","la_T1_best12_s1_r4","9.56M","lean_staten","scratch","K12 155k","12","rl4","1","textbook72","72","solved","256","0.8","46","lean_only","fork lean_judge (Lean 4.34 alone); state_eval in-env sampling, max_action 512 max_steps 96; seed 0; sample seed x0","","recomputed","hf://buckets/dan-pandori/nd-rl/trajectory/artifacts/tj/eval/s1_r4__tb72_x0.jsonl","textbook72|k256|T0.8|lean_only"
"best-9.56M-cap12-trajectory","la_T1_best12_s1_r4","9.56M","lean_staten","scratch","K12 155k","12","rl4","1","textbook72","72","pass_at_k_expected_solved","256","0.8","46.0","lean_only","fork lean_judge (Lean 4.34 alone); state_eval in-env sampling, max_action 512 max_steps 96; seed 0; sample seed x0","","recomputed","hf://buckets/dan-pandori/nd-rl/trajectory/artifacts/tj/eval/s1_r4__tb72_x0.jsonl","textbook72|k256|T0.8|lean_only"
"best-9.56M-cap12-trajectory","la_T1_best12_s1_r4","9.56M","lean_staten","scratch","K12 155k","12","rl4","1","textbook72","72","solved","256","0.8","44","lean_only","fork lean_judge (Lean 4.34 alone); state_eval in-env sampling, max_action 512 max_steps 96; seed 1; sample seed x1","2026-10-01","copied","fork:dan_trajectory:artifacts/tj/eval/s1_r4__tb72_x1.json","textbook72|k256|T0.8|lean_only"
"best-9.56M-cap12-trajectory","la_T1_best12_s2_r4","9.56M","lean_staten","scratch","K12 155k","12","rl4","2","textbook72","72","solved","256","0.8","55","lean_only","fork lean_judge (Lean 4.34 alone); state_eval in-env sampling, max_action 512 max_steps 96; seed 0; sample seed x0","","recomputed","hf://buckets/dan-pandori/nd-rl/trajectory/artifacts/tj/eval/s2_r4__tb72_x0.jsonl","textbook72|k256|T0.8|lean_only"
"best-9.56M-cap12-trajectory","la_T1_best12_s2_r4","9.56M","lean_staten","scratch","K12 155k","12","rl4","2","textbook72","72","pass_at_k_expected_solved","256","0.8","55.0","lean_only","fork lean_judge (Lean 4.34 alone); state_eval in-env sampling, max_action 512 max_steps 96; seed 0; sample seed x0","","recomputed","hf://buckets/dan-pandori/nd-rl/trajectory/artifacts/tj/eval/s2_r4__tb72_x0.jsonl","textbook72|k256|T0.8|lean_only"
"best-9.56M-cap12-trajectory","la_T1_best12_s2_r4","9.56M","lean_staten","scratch","K12 155k","12","rl4","2","textbook72","72","solved","256","0.8","56","lean_only","fork lean_judge (Lean 4.34 alone); state_eval in-env sampling, max_action 512 max_steps 96; seed 1; sample seed x1","2026-10-01","copied","fork:dan_trajectory:artifacts/tj/eval/s2_r4__tb72_x1.json","textbook72|k256|T0.8|lean_only"
"best-9.56M-cap12-trajectory","la_T1_best12_s0_p12000 r4","9.56M","lean_staten","scratch","K12 155k","12","rl4-from-p12000","0","textbook72","72","solved","256","0.8","43","lean_only","fork lean_judge (Lean 4.34 alone); state_eval in-env sampling, max_action 512 max_steps 96; seed 0; sample seed x0","2026-10-02","copied","fork:dan_rl-from-ckpt:artifacts/rfc/eval/s0_p12000_r4__tb72_x0.json","textbook72|k256|T0.8|lean_only"
"best-9.56M-cap12-trajectory","la_T1_best12_s0_p12000 r4","9.56M","lean_staten","scratch","K12 155k","12","rl4-from-p12000","0","textbook72","72","solved","256","0.8","45","lean_only","fork lean_judge (Lean 4.34 alone); state_eval in-env sampling, max_action 512 max_steps 96; seed 1; sample seed x1","2026-10-02","copied","fork:dan_rl-from-ckpt:artifacts/rfc/eval/s0_p12000_r4__tb72_x1.json","textbook72|k256|T0.8|lean_only"
"best-9.56M-cap12-trajectory","la_T1_best12_s1_p12000 r4","9.56M","lean_staten","scratch","K12 155k","12","rl4-from-p12000","1","textbook72","72","solved","256","0.8","44","lean_only","fork lean_judge (Lean 4.34 alone); state_eval in-env sampling, max_action 512 max_steps 96; seed 0; sample seed x0","2026-10-02","copied","fork:dan_rl-from-ckpt:artifacts/rfc/eval/s1_p12000_r4__tb72_x0.json","textbook72|k256|T0.8|lean_only"
"best-9.56M-cap12-trajectory","la_T1_best12_s1_p12000 r4","9.56M","lean_staten","scratch","K12 155k","12","rl4-from-p12000","1","textbook72","72","solved","256","0.8","44","lean_only","fork lean_judge (Lean 4.34 alone); state_eval in-env sampling, max_action 512 max_steps 96; seed 1; sample seed x1","2026-10-02","copied","fork:dan_rl-from-ckpt:artifacts/rfc/eval/s1_p12000_r4__tb72_x1.json","textbook72|k256|T0.8|lean_only"
"best-9.56M-cap12-trajectory","la_T1_best12_s2_p12000 r4","9.56M","lean_staten","scratch","K12 155k","12","rl4-from-p12000","2","textbook72","72","solved","256","0.8","42","lean_only","fork lean_judge (Lean 4.34 alone); state_eval in-env sampling, max_action 512 max_steps 96; seed 0; sample seed x0","2026-10-02","copied","fork:dan_rl-from-ckpt:artifacts/rfc/eval/s2_p12000_r4__tb72_x0.json","textbook72|k256|T0.8|lean_only"
"best-9.56M-cap12-trajectory","la_T1_best12_s2_p12000 r4","9.56M","lean_staten","scratch","K12 155k","12","rl4-from-p12000","2","textbook72","72","solved","256","0.8","45","lean_only","fork lean_judge (Lean 4.34 alone); state_eval in-env sampling, max_action 512 max_steps 96; seed 1; sample seed x1","2026-10-02","copied","fork:dan_rl-from-ckpt:artifacts/rfc/eval/s2_p12000_r4__tb72_x1.json","textbook72|k256|T0.8|lean_only"
"best-9.56M-cap12-trajectory","la_T1_best12_s0_p1600 r4","9.56M","lean_staten","scratch","K12 155k","12","rl4-from-p1600","0","textbook72","72","solved","256","0.8","30","lean_only","fork lean_judge (Lean 4.34 alone); state_eval in-env sampling, max_action 512 max_steps 96; seed 0; sample seed x0","2026-10-02","copied","fork:dan_rl-from-ckpt:artifacts/rfc/eval/s0_p1600_r4__tb72_x0.json","textbook72|k256|T0.8|lean_only"
"best-9.56M-cap12-trajectory","la_T1_best12_s0_p1600 r4","9.56M","lean_staten","scratch","K12 155k","12","rl4-from-p1600","0","textbook72","72","solved","256","0.8","31","lean_only","fork lean_judge (Lean 4.34 alone); state_eval in-env sampling, max_action 512 max_steps 96; seed 1; sample seed x1","2026-10-02","copied","fork:dan_rl-from-ckpt:artifacts/rfc/eval/s0_p1600_r4__tb72_x1.json","textbook72|k256|T0.8|lean_only"
"best-9.56M-cap12-trajectory","la_T1_best12_s1_p1600 r4","9.56M","lean_staten","scratch","K12 155k","12","rl4-from-p1600","1","textbook72","72","solved","256","0.8","32","lean_only","fork lean_judge (Lean 4.34 alone); state_eval in-env sampling, max_action 512 max_steps 96; seed 0; sample seed x0","2026-10-02","copied","fork:dan_rl-from-ckpt:artifacts/rfc/eval/s1_p1600_r4__tb72_x0.json","textbook72|k256|T0.8|lean_only"
"best-9.56M-cap12-trajectory","la_T1_best12_s1_p1600 r4","9.56M","lean_staten","scratch","K12 155k","12","rl4-from-p1600","1","textbook72","72","solved","256","0.8","29","lean_only","fork lean_judge (Lean 4.34 alone); state_eval in-env sampling, max_action 512 max_steps 96; seed 1; sample seed x1","2026-10-02","copied","fork:dan_rl-from-ckpt:artifacts/rfc/eval/s1_p1600_r4__tb72_x1.json","textbook72|k256|T0.8|lean_only"
"best-9.56M-cap12-trajectory","la_T1_best12_s2_p1600 r4","9.56M","lean_staten","scratch","K12 155k","12","rl4-from-p1600","2","textbook72","72","solved","256","0.8","33","lean_only","fork lean_judge (Lean 4.34 alone); state_eval in-env sampling, max_action 512 max_steps 96; seed 0; sample seed x0","2026-10-02","copied","fork:dan_rl-from-ckpt:artifacts/rfc/eval/s2_p1600_r4__tb72_x0.json","textbook72|k256|T0.8|lean_only"
"best-9.56M-cap12-trajectory","la_T1_best12_s2_p1600 r4","9.56M","lean_staten","scratch","K12 155k","12","rl4-from-p1600","2","textbook72","72","solved","256","0.8","34","lean_only","fork lean_judge (Lean 4.34 alone); state_eval in-env sampling, max_action 512 max_steps 96; seed 1; sample seed x1","2026-10-02","copied","fork:dan_rl-from-ckpt:artifacts/rfc/eval/s2_p1600_r4__tb72_x1.json","textbook72|k256|T0.8|lean_only"
"best-9.56M-cap12-trajectory","la_T1_best12_s0_p16000 r4","9.56M","lean_staten","scratch","K12 155k","12","rl4-from-p16000","0","textbook72","72","solved","256","0.8","45","lean_only","fork lean_judge (Lean 4.34 alone); state_eval in-env sampling, max_action 512 max_steps 96; seed 0; sample seed x0","2026-10-02","copied","fork:dan_rl-from-ckpt:artifacts/rfc/eval/s0_p16000_r4__tb72_x0.json","textbook72|k256|T0.8|lean_only"
"best-9.56M-cap12-trajectory","la_T1_best12_s0_p16000 r4","9.56M","lean_staten","scratch","K12 155k","12","rl4-from-p16000","0","textbook72","72","solved","256","0.8","44","lean_only","fork lean_judge (Lean 4.34 alone); state_eval in-env sampling, max_action 512 max_steps 96; seed 1; sample seed x1","2026-10-02","copied","fork:dan_rl-from-ckpt:artifacts/rfc/eval/s0_p16000_r4__tb72_x1.json","textbook72|k256|T0.8|lean_only"
"best-9.56M-cap12-trajectory","la_T1_best12_s1_p16000 r4","9.56M","lean_staten","scratch","K12 155k","12","rl4-from-p16000","1","textbook72","72","solved","256","0.8","43","lean_only","fork lean_judge (Lean 4.34 alone); state_eval in-env sampling, max_action 512 max_steps 96; seed 0; sample seed x0","2026-10-02","copied","fork:dan_rl-from-ckpt:artifacts/rfc/eval/s1_p16000_r4__tb72_x0.json","textbook72|k256|T0.8|lean_only"
"best-9.56M-cap12-trajectory","la_T1_best12_s1_p16000 r4","9.56M","lean_staten","scratch","K12 155k","12","rl4-from-p16000","1","textbook72","72","solved","256","0.8","46","lean_only","fork lean_judge (Lean 4.34 alone); state_eval in-env sampling, max_action 512 max_steps 96; seed 1; sample seed x1","2026-10-02","copied","fork:dan_rl-from-ckpt:artifacts/rfc/eval/s1_p16000_r4__tb72_x1.json","textbook72|k256|T0.8|lean_only"
"best-9.56M-cap12-trajectory","la_T1_best12_s2_p16000 r4","9.56M","lean_staten","scratch","K12 155k","12","rl4-from-p16000","2","textbook72","72","solved","256","0.8","46","lean_only","fork lean_judge (Lean 4.34 alone); state_eval in-env sampling, max_action 512 max_steps 96; seed 0; sample seed x0","2026-10-02","copied","fork:dan_rl-from-ckpt:artifacts/rfc/eval/s2_p16000_r4__tb72_x0.json","textbook72|k256|T0.8|lean_only"
"best-9.56M-cap12-trajectory","la_T1_best12_s2_p16000 r4","9.56M","lean_staten","scratch","K12 155k","12","rl4-from-p16000","2","textbook72","72","solved","256","0.8","47","lean_only","fork lean_judge (Lean 4.34 alone); state_eval in-env sampling, max_action 512 max_steps 96; seed 1; sample seed x1","2026-10-02","copied","fork:dan_rl-from-ckpt:artifacts/rfc/eval/s2_p16000_r4__tb72_x1.json","textbook72|k256|T0.8|lean_only"
"best-9.56M-cap12-trajectory","la_T1_best12_s0_p5000 r4","9.56M","lean_staten","scratch","K12 155k","12","rl4-from-p5000","0","textbook72","72","solved","256","0.8","44","lean_only","fork lean_judge (Lean 4.34 alone); state_eval in-env sampling, max_action 512 max_steps 96; seed 0; sample seed x0","2026-10-02","copied","fork:dan_rl-from-ckpt:artifacts/rfc/eval/s0_p5000_r4__tb72_x0.json","textbook72|k256|T0.8|lean_only"
"best-9.56M-cap12-trajectory","la_T1_best12_s0_p5000 r4","9.56M","lean_staten","scratch","K12 155k","12","rl4-from-p5000","0","textbook72","72","solved","256","0.8","40","lean_only","fork lean_judge (Lean 4.34 alone); state_eval in-env sampling, max_action 512 max_steps 96; seed 1; sample seed x1","2026-10-02","copied","fork:dan_rl-from-ckpt:artifacts/rfc/eval/s0_p5000_r4__tb72_x1.json","textbook72|k256|T0.8|lean_only"
"best-9.56M-cap12-trajectory","la_T1_best12_s1_p5000 r4","9.56M","lean_staten","scratch","K12 155k","12","rl4-from-p5000","1","textbook72","72","solved","256","0.8","37","lean_only","fork lean_judge (Lean 4.34 alone); state_eval in-env sampling, max_action 512 max_steps 96; seed 0; sample seed x0","2026-10-02","copied","fork:dan_rl-from-ckpt:artifacts/rfc/eval/s1_p5000_r4__tb72_x0.json","textbook72|k256|T0.8|lean_only"
"best-9.56M-cap12-trajectory","la_T1_best12_s1_p5000 r4","9.56M","lean_staten","scratch","K12 155k","12","rl4-from-p5000","1","textbook72","72","solved","256","0.8","37","lean_only","fork lean_judge (Lean 4.34 alone); state_eval in-env sampling, max_action 512 max_steps 96; seed 1; sample seed x1","2026-10-02","copied","fork:dan_rl-from-ckpt:artifacts/rfc/eval/s1_p5000_r4__tb72_x1.json","textbook72|k256|T0.8|lean_only"
"best-9.56M-cap12-trajectory","la_T1_best12_s2_p5000 r4","9.56M","lean_staten","scratch","K12 155k","12","rl4-from-p5000","2","textbook72","72","solved","256","0.8","40","lean_only","fork lean_judge (Lean 4.34 alone); state_eval in-env sampling, max_action 512 max_steps 96; seed 0; sample seed x0","2026-10-02","copied","fork:dan_rl-from-ckpt:artifacts/rfc/eval/s2_p5000_r4__tb72_x0.json","textbook72|k256|T0.8|lean_only"
"best-9.56M-cap12-trajectory","la_T1_best12_s2_p5000 r4","9.56M","lean_staten","scratch","K12 155k","12","rl4-from-p5000","2","textbook72","72","solved","256","0.8","41","lean_only","fork lean_judge (Lean 4.34 alone); state_eval in-env sampling, max_action 512 max_steps 96; seed 1; sample seed x1","2026-10-02","copied","fork:dan_rl-from-ckpt:artifacts/rfc/eval/s2_p5000_r4__tb72_x1.json","textbook72|k256|T0.8|lean_only"
"best-9.56M-cap12-trajectory","la_T1_best12_s0_r5","9.56M","lean_staten","scratch","K12 155k","12","rl5","0","textbook72","72","solved","256","0.8","51","lean_only","fork lean_judge (Lean 4.34 alone); state_eval in-env sampling, max_action 512 max_steps 96; seed 0; sample seed x0","","recomputed","hf://buckets/dan-pandori/nd-rl/trajectory/artifacts/tj/eval/s0_r5__tb72_x0.jsonl","textbook72|k256|T0.8|lean_only"
"best-9.56M-cap12-trajectory","la_T1_best12_s0_r5","9.56M","lean_staten","scratch","K12 155k","12","rl5","0","textbook72","72","pass_at_k_expected_solved","256","0.8","51.0","lean_only","fork lean_judge (Lean 4.34 alone); state_eval in-env sampling, max_action 512 max_steps 96; seed 0; sample seed x0","","recomputed","hf://buckets/dan-pandori/nd-rl/trajectory/artifacts/tj/eval/s0_r5__tb72_x0.jsonl","textbook72|k256|T0.8|lean_only"
"best-9.56M-cap12-trajectory","la_T1_best12_s0_r5","9.56M","lean_staten","scratch","K12 155k","12","rl5","0","textbook72","72","solved","256","0.8","50","lean_only","fork lean_judge (Lean 4.34 alone); state_eval in-env sampling, max_action 512 max_steps 96; seed 1; sample seed x1","2026-10-01","copied","fork:dan_trajectory:artifacts/tj/eval/s0_r5__tb72_x1.json","textbook72|k256|T0.8|lean_only"
"best-9.56M-cap12-trajectory","la_T1_best12_s1_r5","9.56M","lean_staten","scratch","K12 155k","12","rl5","1","textbook72","72","solved","256","0.8","47","lean_only","fork lean_judge (Lean 4.34 alone); state_eval in-env sampling, max_action 512 max_steps 96; seed 0; sample seed x0","","recomputed","hf://buckets/dan-pandori/nd-rl/trajectory/artifacts/tj/eval/s1_r5__tb72_x0.jsonl","textbook72|k256|T0.8|lean_only"
"best-9.56M-cap12-trajectory","la_T1_best12_s1_r5","9.56M","lean_staten","scratch","K12 155k","12","rl5","1","textbook72","72","pass_at_k_expected_solved","256","0.8","47.0","lean_only","fork lean_judge (Lean 4.34 alone); state_eval in-env sampling, max_action 512 max_steps 96; seed 0; sample seed x0","","recomputed","hf://buckets/dan-pandori/nd-rl/trajectory/artifacts/tj/eval/s1_r5__tb72_x0.jsonl","textbook72|k256|T0.8|lean_only"
"best-9.56M-cap12-trajectory","la_T1_best12_s1_r5","9.56M","lean_staten","scratch","K12 155k","12","rl5","1","textbook72","72","solved","256","0.8","48","lean_only","fork lean_judge (Lean 4.34 alone); state_eval in-env sampling, max_action 512 max_steps 96; seed 1; sample seed x1","2026-10-01","copied","fork:dan_trajectory:artifacts/tj/eval/s1_r5__tb72_x1.json","textbook72|k256|T0.8|lean_only"
"best-9.56M-cap12-trajectory","la_T1_best12_s2_r5","9.56M","lean_staten","scratch","K12 155k","12","rl5","2","textbook72","72","solved","256","0.8","54","lean_only","fork lean_judge (Lean 4.34 alone); state_eval in-env sampling, max_action 512 max_steps 96; seed 0; sample seed x0","2026-10-01","recomputed","hf://buckets/dan-pandori/nd-rl/trajectory/artifacts/tj/eval/s2_r5__tb72_x0.jsonl","textbook72|k256|T0.8|lean_only"
"best-9.56M-cap12-trajectory","la_T1_best12_s2_r5","9.56M","lean_staten","scratch","K12 155k","12","rl5","2","textbook72","72","pass_at_k_expected_solved","256","0.8","54.0","lean_only","fork lean_judge (Lean 4.34 alone); state_eval in-env sampling, max_action 512 max_steps 96; seed 0; sample seed x0","2026-10-01","recomputed","hf://buckets/dan-pandori/nd-rl/trajectory/artifacts/tj/eval/s2_r5__tb72_x0.jsonl","textbook72|k256|T0.8|lean_only"
"best-9.56M-cap12-trajectory","la_T1_best12_s2_r5","9.56M","lean_staten","scratch","K12 155k","12","rl5","2","textbook72","72","solved","256","0.8","53","lean_only","fork lean_judge (Lean 4.34 alone); state_eval in-env sampling, max_action 512 max_steps 96; seed 1; sample seed x1","2026-10-01","copied","fork:dan_trajectory:artifacts/tj/eval/s2_r5__tb72_x1.json","textbook72|k256|T0.8|lean_only"
"best-9.56M-cap12-trajectory","la_T1_best12_s0_r6","9.56M","lean_staten","scratch","K12 155k","12","rl6","0","textbook72","72","solved","256","0.8","50","lean_only","fork lean_judge (Lean 4.34 alone); state_eval in-env sampling, max_action 512 max_steps 96; seed 0; sample seed x0","","recomputed","hf://buckets/dan-pandori/nd-rl/trajectory/artifacts/tj/eval/s0_r6__tb72_x0.jsonl","textbook72|k256|T0.8|lean_only"
"best-9.56M-cap12-trajectory","la_T1_best12_s0_r6","9.56M","lean_staten","scratch","K12 155k","12","rl6","0","textbook72","72","pass_at_k_expected_solved","256","0.8","50.0","lean_only","fork lean_judge (Lean 4.34 alone); state_eval in-env sampling, max_action 512 max_steps 96; seed 0; sample seed x0","","recomputed","hf://buckets/dan-pandori/nd-rl/trajectory/artifacts/tj/eval/s0_r6__tb72_x0.jsonl","textbook72|k256|T0.8|lean_only"
"best-9.56M-cap12-trajectory","la_T1_best12_s0_r6","9.56M","lean_staten","scratch","K12 155k","12","rl6","0","textbook72","72","solved","256","0.8","48","lean_only","fork lean_judge (Lean 4.34 alone); state_eval in-env sampling, max_action 512 max_steps 96; seed 1; sample seed x1","2026-10-01","copied","fork:dan_trajectory:artifacts/tj/eval/s0_r6__tb72_x1.json","textbook72|k256|T0.8|lean_only"
"best-9.56M-cap12-trajectory","la_T1_best12_s1_r6","9.56M","lean_staten","scratch","K12 155k","12","rl6","1","textbook72","72","solved","256","0.8","46","lean_only","fork lean_judge (Lean 4.34 alone); state_eval in-env sampling, max_action 512 max_steps 96; seed 0; sample seed x0","2026-10-01","recomputed","hf://buckets/dan-pandori/nd-rl/trajectory/artifacts/tj/eval/s1_r6__tb72_x0.jsonl","textbook72|k256|T0.8|lean_only"
"best-9.56M-cap12-trajectory","la_T1_best12_s1_r6","9.56M","lean_staten","scratch","K12 155k","12","rl6","1","textbook72","72","pass_at_k_expected_solved","256","0.8","46.0","lean_only","fork lean_judge (Lean 4.34 alone); state_eval in-env sampling, max_action 512 max_steps 96; seed 0; sample seed x0","2026-10-01","recomputed","hf://buckets/dan-pandori/nd-rl/trajectory/artifacts/tj/eval/s1_r6__tb72_x0.jsonl","textbook72|k256|T0.8|lean_only"
"best-9.56M-cap12-trajectory","la_T1_best12_s1_r6","9.56M","lean_staten","scratch","K12 155k","12","rl6","1","textbook72","72","solved","256","0.8","46","lean_only","fork lean_judge (Lean 4.34 alone); state_eval in-env sampling, max_action 512 max_steps 96; seed 1; sample seed x1","2026-10-01","copied","fork:dan_trajectory:artifacts/tj/eval/s1_r6__tb72_x1.json","textbook72|k256|T0.8|lean_only"
"best-9.56M-cap12-trajectory","la_T1_best12_s2_r6","9.56M","lean_staten","scratch","K12 155k","12","rl6","2","textbook72","72","solved","256","0.8","57","lean_only","fork lean_judge (Lean 4.34 alone); state_eval in-env sampling, max_action 512 max_steps 96; seed 0; sample seed x0","2026-10-01","recomputed","hf://buckets/dan-pandori/nd-rl/trajectory/artifacts/tj/eval/s2_r6__tb72_x0.jsonl","textbook72|k256|T0.8|lean_only"
"best-9.56M-cap12-trajectory","la_T1_best12_s2_r6","9.56M","lean_staten","scratch","K12 155k","12","rl6","2","textbook72","72","pass_at_k_expected_solved","256","0.8","57.0","lean_only","fork lean_judge (Lean 4.34 alone); state_eval in-env sampling, max_action 512 max_steps 96; seed 0; sample seed x0","2026-10-01","recomputed","hf://buckets/dan-pandori/nd-rl/trajectory/artifacts/tj/eval/s2_r6__tb72_x0.jsonl","textbook72|k256|T0.8|lean_only"
"best-9.56M-cap12-trajectory","la_T1_best12_s2_r6","9.56M","lean_staten","scratch","K12 155k","12","rl6","2","textbook72","72","solved","256","0.8","56","lean_only","fork lean_judge (Lean 4.34 alone); state_eval in-env sampling, max_action 512 max_steps 96; seed 1; sample seed x1","2026-10-01","copied","fork:dan_trajectory:artifacts/tj/eval/s2_r6__tb72_x1.json","textbook72|k256|T0.8|lean_only"
"best-9.56M-cap12-trajectory","la_T1_best12_s0_r7","9.56M","lean_staten","scratch","K12 155k","12","rl7","0","textbook72","72","solved","256","0.8","50","lean_only","fork lean_judge (Lean 4.34 alone); state_eval in-env sampling, max_action 512 max_steps 96; seed 0; sample seed x0","2026-10-01","recomputed","hf://buckets/dan-pandori/nd-rl/trajectory/artifacts/tj/eval/s0_r7__tb72_x0.jsonl","textbook72|k256|T0.8|lean_only"
"best-9.56M-cap12-trajectory","la_T1_best12_s0_r7","9.56M","lean_staten","scratch","K12 155k","12","rl7","0","textbook72","72","pass_at_k_expected_solved","256","0.8","50.0","lean_only","fork lean_judge (Lean 4.34 alone); state_eval in-env sampling, max_action 512 max_steps 96; seed 0; sample seed x0","2026-10-01","recomputed","hf://buckets/dan-pandori/nd-rl/trajectory/artifacts/tj/eval/s0_r7__tb72_x0.jsonl","textbook72|k256|T0.8|lean_only"
"best-9.56M-cap12-trajectory","la_T1_best12_s0_r7","9.56M","lean_staten","scratch","K12 155k","12","rl7","0","textbook72","72","solved","256","0.8","50","lean_only","fork lean_judge (Lean 4.34 alone); state_eval in-env sampling, max_action 512 max_steps 96; seed 1; sample seed x1","2026-10-01","copied","fork:dan_trajectory:artifacts/tj/eval/s0_r7__tb72_x1.json","textbook72|k256|T0.8|lean_only"
"best-9.56M-cap12-trajectory","la_T1_best12_s1_r7","9.56M","lean_staten","scratch","K12 155k","12","rl7","1","textbook72","72","solved","256","0.8","49","lean_only","fork lean_judge (Lean 4.34 alone); state_eval in-env sampling, max_action 512 max_steps 96; seed 0; sample seed x0","2026-10-01","recomputed","hf://buckets/dan-pandori/nd-rl/trajectory/artifacts/tj/eval/s1_r7__tb72_x0.jsonl","textbook72|k256|T0.8|lean_only"
"best-9.56M-cap12-trajectory","la_T1_best12_s1_r7","9.56M","lean_staten","scratch","K12 155k","12","rl7","1","textbook72","72","pass_at_k_expected_solved","256","0.8","49.0","lean_only","fork lean_judge (Lean 4.34 alone); state_eval in-env sampling, max_action 512 max_steps 96; seed 0; sample seed x0","2026-10-01","recomputed","hf://buckets/dan-pandori/nd-rl/trajectory/artifacts/tj/eval/s1_r7__tb72_x0.jsonl","textbook72|k256|T0.8|lean_only"
"best-9.56M-cap12-trajectory","la_T1_best12_s1_r7","9.56M","lean_staten","scratch","K12 155k","12","rl7","1","textbook72","72","solved","256","0.8","49","lean_only","fork lean_judge (Lean 4.34 alone); state_eval in-env sampling, max_action 512 max_steps 96; seed 1; sample seed x1","2026-10-01","copied","fork:dan_trajectory:artifacts/tj/eval/s1_r7__tb72_x1.json","textbook72|k256|T0.8|lean_only"
"best-9.56M-cap12-trajectory","la_T1_best12_s2_r7","9.56M","lean_staten","scratch","K12 155k","12","rl7","2","textbook72","72","solved","256","0.8","55","lean_only","fork lean_judge (Lean 4.34 alone); state_eval in-env sampling, max_action 512 max_steps 96; seed 0; sample seed x0","","recomputed","hf://buckets/dan-pandori/nd-rl/trajectory/artifacts/tj/eval/s2_r7__tb72_x0.jsonl","textbook72|k256|T0.8|lean_only"
"best-9.56M-cap12-trajectory","la_T1_best12_s2_r7","9.56M","lean_staten","scratch","K12 155k","12","rl7","2","textbook72","72","pass_at_k_expected_solved","256","0.8","55.0","lean_only","fork lean_judge (Lean 4.34 alone); state_eval in-env sampling, max_action 512 max_steps 96; seed 0; sample seed x0","","recomputed","hf://buckets/dan-pandori/nd-rl/trajectory/artifacts/tj/eval/s2_r7__tb72_x0.jsonl","textbook72|k256|T0.8|lean_only"
"best-9.56M-cap12-trajectory","la_T1_best12_s2_r7","9.56M","lean_staten","scratch","K12 155k","12","rl7","2","textbook72","72","solved","256","0.8","53","lean_only","fork lean_judge (Lean 4.34 alone); state_eval in-env sampling, max_action 512 max_steps 96; seed 1; sample seed x1","2026-10-01","copied","fork:dan_trajectory:artifacts/tj/eval/s2_r7__tb72_x1.json","textbook72|k256|T0.8|lean_only"
"best-9.56M-cap6","la_T1_best6_s0_r8","9.56M","lean_staten","scratch","cap-6 control 155k","6","T1","0","textbook72","72","solved","256","0.8","39","lean_only","fork lean_judge (Lean 4.34 alone); state_eval in-env sampling, max_action 512 max_steps 96; seed 0; best-state read, batch 2048","2026-09-30","recomputed","hf://buckets/dan-pandori/nd-rl/best-state/artifacts/bs/eval/T1_best6_s0__tb72.jsonl","textbook72|k256|T0.8|lean_only"
"best-9.56M-cap6","la_T1_best6_s0_r8","9.56M","lean_staten","scratch","cap-6 control 155k","6","T1","0","textbook72","72","pass_at_k_expected_solved","256","0.8","39.0","lean_only","fork lean_judge (Lean 4.34 alone); state_eval in-env sampling, max_action 512 max_steps 96; seed 0; best-state read, batch 2048","2026-09-30","recomputed","hf://buckets/dan-pandori/nd-rl/best-state/artifacts/bs/eval/T1_best6_s0__tb72.jsonl","textbook72|k256|T0.8|lean_only"
"best-9.56M-cap6","la_T1_best6_s1_r8","9.56M","lean_staten","scratch","cap-6 control 155k","6","T1","1","textbook72","72","solved","256","0.8","40","lean_only","fork lean_judge (Lean 4.34 alone); state_eval in-env sampling, max_action 512 max_steps 96; seed 0; best-state read, batch 2048","2026-09-30","recomputed","hf://buckets/dan-pandori/nd-rl/best-state/artifacts/bs/eval/T1_best6_s1__tb72.jsonl","textbook72|k256|T0.8|lean_only"
"best-9.56M-cap6","la_T1_best6_s1_r8","9.56M","lean_staten","scratch","cap-6 control 155k","6","T1","1","textbook72","72","pass_at_k_expected_solved","256","0.8","40.0","lean_only","fork lean_judge (Lean 4.34 alone); state_eval in-env sampling, max_action 512 max_steps 96; seed 0; best-state read, batch 2048","2026-09-30","recomputed","hf://buckets/dan-pandori/nd-rl/best-state/artifacts/bs/eval/T1_best6_s1__tb72.jsonl","textbook72|k256|T0.8|lean_only"
"best-9.56M-cap6","la_T1_best6_s2_r8","9.56M","lean_staten","scratch","cap-6 control 155k","6","T1","2","textbook72","72","solved","256","0.8","33","lean_only","fork lean_judge (Lean 4.34 alone); state_eval in-env sampling, max_action 512 max_steps 96; seed 0; best-state read, batch 2048","2026-09-30","recomputed","hf://buckets/dan-pandori/nd-rl/best-state/artifacts/bs/eval/T1_best6_s2__tb72.jsonl","textbook72|k256|T0.8|lean_only"
"best-9.56M-cap6","la_T1_best6_s2_r8","9.56M","lean_staten","scratch","cap-6 control 155k","6","T1","2","textbook72","72","pass_at_k_expected_solved","256","0.8","33.0","lean_only","fork lean_judge (Lean 4.34 alone); state_eval in-env sampling, max_action 512 max_steps 96; seed 0; best-state read, batch 2048","2026-09-30","recomputed","hf://buckets/dan-pandori/nd-rl/best-state/artifacts/bs/eval/T1_best6_s2__tb72.jsonl","textbook72|k256|T0.8|lean_only"
"best-9.56M-cap6","stage1_best6_s0_b1200","9.56M","lean_staten","scratch","cap-6 control 155k","6","frozen","0","textbook72","72","solved","256","0.8","19","lean_only","fork lean_judge (Lean 4.34 alone); state_eval in-env sampling, max_action 512 max_steps 96; seed 0; best-state read, batch 2048","2026-09-30","recomputed","hf://buckets/dan-pandori/nd-rl/best-state/artifacts/bs/eval/Fz_best6_s0__tb72.jsonl","textbook72|k256|T0.8|lean_only"
"best-9.56M-cap6","stage1_best6_s0_b1200","9.56M","lean_staten","scratch","cap-6 control 155k","6","frozen","0","textbook72","72","pass_at_k_expected_solved","256","0.8","19.0","lean_only","fork lean_judge (Lean 4.34 alone); state_eval in-env sampling, max_action 512 max_steps 96; seed 0; best-state read, batch 2048","2026-09-30","recomputed","hf://buckets/dan-pandori/nd-rl/best-state/artifacts/bs/eval/Fz_best6_s0__tb72.jsonl","textbook72|k256|T0.8|lean_only"
"best-9.56M-cap6","stage1_best6_s1_b1200","9.56M","lean_staten","scratch","cap-6 control 155k","6","frozen","1","textbook72","72","solved","256","0.8","18","lean_only","fork lean_judge (Lean 4.34 alone); state_eval in-env sampling, max_action 512 max_steps 96; seed 0; best-state read, batch 2048","2026-09-30","recomputed","hf://buckets/dan-pandori/nd-rl/best-state/artifacts/bs/eval/Fz_best6_s1__tb72.jsonl","textbook72|k256|T0.8|lean_only"
"best-9.56M-cap6","stage1_best6_s1_b1200","9.56M","lean_staten","scratch","cap-6 control 155k","6","frozen","1","textbook72","72","pass_at_k_expected_solved","256","0.8","18.0","lean_only","fork lean_judge (Lean 4.34 alone); state_eval in-env sampling, max_action 512 max_steps 96; seed 0; best-state read, batch 2048","2026-09-30","recomputed","hf://buckets/dan-pandori/nd-rl/best-state/artifacts/bs/eval/Fz_best6_s1__tb72.jsonl","textbook72|k256|T0.8|lean_only"
"best-9.56M-cap6","stage1_best6_s2_b1200","9.56M","lean_staten","scratch","cap-6 control 155k","6","frozen","2","textbook72","72","solved","256","0.8","20","lean_only","fork lean_judge (Lean 4.34 alone); state_eval in-env sampling, max_action 512 max_steps 96; seed 0; best-state read, batch 2048","2026-09-30","recomputed","hf://buckets/dan-pandori/nd-rl/best-state/artifacts/bs/eval/Fz_best6_s2__tb72.jsonl","textbook72|k256|T0.8|lean_only"
"best-9.56M-cap6","stage1_best6_s2_b1200","9.56M","lean_staten","scratch","cap-6 control 155k","6","frozen","2","textbook72","72","pass_at_k_expected_solved","256","0.8","20.0","lean_only","fork lean_judge (Lean 4.34 alone); state_eval in-env sampling, max_action 512 max_steps 96; seed 0; best-state read, batch 2048","2026-09-30","recomputed","hf://buckets/dan-pandori/nd-rl/best-state/artifacts/bs/eval/Fz_best6_s2__tb72.jsonl","textbook72|k256|T0.8|lean_only"
"best-9.56M-cap6-trajectory","la_T1_best6_s0_r8","9.56M","lean_staten","scratch","cap-6 control 155k","6","T1","0","textbook72","72","solved","256","0.8","43","lean_only","fork lean_judge (Lean 4.34 alone); state_eval in-env sampling, max_action 512 max_steps 96; seed 0; sample seed x0","","recomputed","hf://buckets/dan-pandori/nd-rl/trajectory-cap6/artifacts/tj6/eval/s0_r8__tb72_x0.jsonl","textbook72|k256|T0.8|lean_only"
"best-9.56M-cap6-trajectory","la_T1_best6_s0_r8","9.56M","lean_staten","scratch","cap-6 control 155k","6","T1","0","textbook72","72","pass_at_k_expected_solved","256","0.8","43.0","lean_only","fork lean_judge (Lean 4.34 alone); state_eval in-env sampling, max_action 512 max_steps 96; seed 0; sample seed x0","","recomputed","hf://buckets/dan-pandori/nd-rl/trajectory-cap6/artifacts/tj6/eval/s0_r8__tb72_x0.jsonl","textbook72|k256|T0.8|lean_only"
"best-9.56M-cap6-trajectory","la_T1_best6_s0_r8","9.56M","lean_staten","scratch","cap-6 control 155k","6","T1","0","textbook72","72","solved","256","0.8","43","lean_only","fork lean_judge (Lean 4.34 alone); state_eval in-env sampling, max_action 512 max_steps 96; seed 1; sample seed x1","","copied","fork:dan_trajectory-cap6:artifacts/tj6/eval/s0_r8__tb72_x1.json","textbook72|k256|T0.8|lean_only"
"best-9.56M-cap6-trajectory","la_T1_best6_s1_r8","9.56M","lean_staten","scratch","cap-6 control 155k","6","T1","1","textbook72","72","solved","256","0.8","41","lean_only","fork lean_judge (Lean 4.34 alone); state_eval in-env sampling, max_action 512 max_steps 96; seed 0; sample seed x0","","recomputed","hf://buckets/dan-pandori/nd-rl/trajectory-cap6/artifacts/tj6/eval/s1_r8__tb72_x0.jsonl","textbook72|k256|T0.8|lean_only"
"best-9.56M-cap6-trajectory","la_T1_best6_s1_r8","9.56M","lean_staten","scratch","cap-6 control 155k","6","T1","1","textbook72","72","pass_at_k_expected_solved","256","0.8","41.0","lean_only","fork lean_judge (Lean 4.34 alone); state_eval in-env sampling, max_action 512 max_steps 96; seed 0; sample seed x0","","recomputed","hf://buckets/dan-pandori/nd-rl/trajectory-cap6/artifacts/tj6/eval/s1_r8__tb72_x0.jsonl","textbook72|k256|T0.8|lean_only"
"best-9.56M-cap6-trajectory","la_T1_best6_s1_r8","9.56M","lean_staten","scratch","cap-6 control 155k","6","T1","1","textbook72","72","solved","256","0.8","43","lean_only","fork lean_judge (Lean 4.34 alone); state_eval in-env sampling, max_action 512 max_steps 96; seed 1; sample seed x1","","copied","fork:dan_trajectory-cap6:artifacts/tj6/eval/s1_r8__tb72_x1.json","textbook72|k256|T0.8|lean_only"
"best-9.56M-cap6-trajectory","la_T1_best6_s2_r8","9.56M","lean_staten","scratch","cap-6 control 155k","6","T1","2","textbook72","72","solved","256","0.8","38","lean_only","fork lean_judge (Lean 4.34 alone); state_eval in-env sampling, max_action 512 max_steps 96; seed 0; sample seed x0","","recomputed","hf://buckets/dan-pandori/nd-rl/trajectory-cap6/artifacts/tj6/eval/s2_r8__tb72_x0.jsonl","textbook72|k256|T0.8|lean_only"
"best-9.56M-cap6-trajectory","la_T1_best6_s2_r8","9.56M","lean_staten","scratch","cap-6 control 155k","6","T1","2","textbook72","72","pass_at_k_expected_solved","256","0.8","38.0","lean_only","fork lean_judge (Lean 4.34 alone); state_eval in-env sampling, max_action 512 max_steps 96; seed 0; sample seed x0","","recomputed","hf://buckets/dan-pandori/nd-rl/trajectory-cap6/artifacts/tj6/eval/s2_r8__tb72_x0.jsonl","textbook72|k256|T0.8|lean_only"
"best-9.56M-cap6-trajectory","la_T1_best6_s2_r8","9.56M","lean_staten","scratch","cap-6 control 155k","6","T1","2","textbook72","72","solved","256","0.8","39","lean_only","fork lean_judge (Lean 4.34 alone); state_eval in-env sampling, max_action 512 max_steps 96; seed 1; sample seed x1","","copied","fork:dan_trajectory-cap6:artifacts/tj6/eval/s2_r8__tb72_x1.json","textbook72|k256|T0.8|lean_only"
"best-9.56M-cap6-trajectory","stage1_best6_s0_p0","9.56M","lean_staten","scratch","cap-6 control 155k","6","frozen@p0","0","textbook72","72","solved","256","0.8","0","lean_only","fork lean_judge (Lean 4.34 alone); state_eval in-env sampling, max_action 512 max_steps 96; seed 0; sample seed x0","","recomputed","hf://buckets/dan-pandori/nd-rl/trajectory-cap6/artifacts/tj6/eval/s0_p0__tb72_x0.jsonl","textbook72|k256|T0.8|lean_only"
"best-9.56M-cap6-trajectory","stage1_best6_s0_p0","9.56M","lean_staten","scratch","cap-6 control 155k","6","frozen@p0","0","textbook72","72","pass_at_k_expected_solved","256","0.8","0.0","lean_only","fork lean_judge (Lean 4.34 alone); state_eval in-env sampling, max_action 512 max_steps 96; seed 0; sample seed x0","","recomputed","hf://buckets/dan-pandori/nd-rl/trajectory-cap6/artifacts/tj6/eval/s0_p0__tb72_x0.jsonl","textbook72|k256|T0.8|lean_only"
"best-9.56M-cap6-trajectory","stage1_best6_s0_p0","9.56M","lean_staten","scratch","cap-6 control 155k","6","frozen@p0","0","textbook72","72","solved","256","0.8","0","lean_only","fork lean_judge (Lean 4.34 alone); state_eval in-env sampling, max_action 512 max_steps 96; seed 1; sample seed x1","","copied","fork:dan_trajectory-cap6:artifacts/tj6/eval/s0_p0__tb72_x1.json","textbook72|k256|T0.8|lean_only"
"best-9.56M-cap6-trajectory","stage1_best6_s1_p0","9.56M","lean_staten","scratch","cap-6 control 155k","6","frozen@p0","1","textbook72","72","solved","256","0.8","0","lean_only","fork lean_judge (Lean 4.34 alone); state_eval in-env sampling, max_action 512 max_steps 96; seed 0; sample seed x0","","recomputed","hf://buckets/dan-pandori/nd-rl/trajectory-cap6/artifacts/tj6/eval/s1_p0__tb72_x0.jsonl","textbook72|k256|T0.8|lean_only"
"best-9.56M-cap6-trajectory","stage1_best6_s1_p0","9.56M","lean_staten","scratch","cap-6 control 155k","6","frozen@p0","1","textbook72","72","pass_at_k_expected_solved","256","0.8","0.0","lean_only","fork lean_judge (Lean 4.34 alone); state_eval in-env sampling, max_action 512 max_steps 96; seed 0; sample seed x0","","recomputed","hf://buckets/dan-pandori/nd-rl/trajectory-cap6/artifacts/tj6/eval/s1_p0__tb72_x0.jsonl","textbook72|k256|T0.8|lean_only"
"best-9.56M-cap6-trajectory","stage1_best6_s1_p0","9.56M","lean_staten","scratch","cap-6 control 155k","6","frozen@p0","1","textbook72","72","solved","256","0.8","0","lean_only","fork lean_judge (Lean 4.34 alone); state_eval in-env sampling, max_action 512 max_steps 96; seed 1; sample seed x1","","copied","fork:dan_trajectory-cap6:artifacts/tj6/eval/s1_p0__tb72_x1.json","textbook72|k256|T0.8|lean_only"
"best-9.56M-cap6-trajectory","stage1_best6_s2_p0","9.56M","lean_staten","scratch","cap-6 control 155k","6","frozen@p0","2","textbook72","72","solved","256","0.8","0","lean_only","fork lean_judge (Lean 4.34 alone); state_eval in-env sampling, max_action 512 max_steps 96; seed 0; sample seed x0","","recomputed","hf://buckets/dan-pandori/nd-rl/trajectory-cap6/artifacts/tj6/eval/s2_p0__tb72_x0.jsonl","textbook72|k256|T0.8|lean_only"
"best-9.56M-cap6-trajectory","stage1_best6_s2_p0","9.56M","lean_staten","scratch","cap-6 control 155k","6","frozen@p0","2","textbook72","72","pass_at_k_expected_solved","256","0.8","0.0","lean_only","fork lean_judge (Lean 4.34 alone); state_eval in-env sampling, max_action 512 max_steps 96; seed 0; sample seed x0","","recomputed","hf://buckets/dan-pandori/nd-rl/trajectory-cap6/artifacts/tj6/eval/s2_p0__tb72_x0.jsonl","textbook72|k256|T0.8|lean_only"
"best-9.56M-cap6-trajectory","stage1_best6_s2_p0","9.56M","lean_staten","scratch","cap-6 control 155k","6","frozen@p0","2","textbook72","72","solved","256","0.8","0","lean_only","fork lean_judge (Lean 4.34 alone); state_eval in-env sampling, max_action 512 max_steps 96; seed 1; sample seed x1","","copied","fork:dan_trajectory-cap6:artifacts/tj6/eval/s2_p0__tb72_x1.json","textbook72|k256|T0.8|lean_only"
"best-9.56M-cap6-trajectory","stage1_best6_s0_p100","9.56M","lean_staten","scratch","cap-6 control 155k","6","frozen@p100","0","textbook72","72","solved","256","0.8","0","lean_only","fork lean_judge (Lean 4.34 alone); state_eval in-env sampling, max_action 512 max_steps 96; seed 0; sample seed x0","","recomputed","hf://buckets/dan-pandori/nd-rl/trajectory-cap6/artifacts/tj6/eval/s0_p100__tb72_x0.jsonl","textbook72|k256|T0.8|lean_only"
"best-9.56M-cap6-trajectory","stage1_best6_s0_p100","9.56M","lean_staten","scratch","cap-6 control 155k","6","frozen@p100","0","textbook72","72","pass_at_k_expected_solved","256","0.8","0.0","lean_only","fork lean_judge (Lean 4.34 alone); state_eval in-env sampling, max_action 512 max_steps 96; seed 0; sample seed x0","","recomputed","hf://buckets/dan-pandori/nd-rl/trajectory-cap6/artifacts/tj6/eval/s0_p100__tb72_x0.jsonl","textbook72|k256|T0.8|lean_only"
"best-9.56M-cap6-trajectory","stage1_best6_s0_p100","9.56M","lean_staten","scratch","cap-6 control 155k","6","frozen@p100","0","textbook72","72","solved","256","0.8","0","lean_only","fork lean_judge (Lean 4.34 alone); state_eval in-env sampling, max_action 512 max_steps 96; seed 1; sample seed x1","","copied","fork:dan_trajectory-cap6:artifacts/tj6/eval/s0_p100__tb72_x1.json","textbook72|k256|T0.8|lean_only"
"best-9.56M-cap6-trajectory","stage1_best6_s1_p100","9.56M","lean_staten","scratch","cap-6 control 155k","6","frozen@p100","1","textbook72","72","solved","256","0.8","0","lean_only","fork lean_judge (Lean 4.34 alone); state_eval in-env sampling, max_action 512 max_steps 96; seed 0; sample seed x0","","recomputed","hf://buckets/dan-pandori/nd-rl/trajectory-cap6/artifacts/tj6/eval/s1_p100__tb72_x0.jsonl","textbook72|k256|T0.8|lean_only"
"best-9.56M-cap6-trajectory","stage1_best6_s1_p100","9.56M","lean_staten","scratch","cap-6 control 155k","6","frozen@p100","1","textbook72","72","pass_at_k_expected_solved","256","0.8","0.0","lean_only","fork lean_judge (Lean 4.34 alone); state_eval in-env sampling, max_action 512 max_steps 96; seed 0; sample seed x0","","recomputed","hf://buckets/dan-pandori/nd-rl/trajectory-cap6/artifacts/tj6/eval/s1_p100__tb72_x0.jsonl","textbook72|k256|T0.8|lean_only"
"best-9.56M-cap6-trajectory","stage1_best6_s1_p100","9.56M","lean_staten","scratch","cap-6 control 155k","6","frozen@p100","1","textbook72","72","solved","256","0.8","0","lean_only","fork lean_judge (Lean 4.34 alone); state_eval in-env sampling, max_action 512 max_steps 96; seed 1; sample seed x1","","copied","fork:dan_trajectory-cap6:artifacts/tj6/eval/s1_p100__tb72_x1.json","textbook72|k256|T0.8|lean_only"
"best-9.56M-cap6-trajectory","stage1_best6_s2_p100","9.56M","lean_staten","scratch","cap-6 control 155k","6","frozen@p100","2","textbook72","72","solved","256","0.8","0","lean_only","fork lean_judge (Lean 4.34 alone); state_eval in-env sampling, max_action 512 max_steps 96; seed 0; sample seed x0","","recomputed","hf://buckets/dan-pandori/nd-rl/trajectory-cap6/artifacts/tj6/eval/s2_p100__tb72_x0.jsonl","textbook72|k256|T0.8|lean_only"
"best-9.56M-cap6-trajectory","stage1_best6_s2_p100","9.56M","lean_staten","scratch","cap-6 control 155k","6","frozen@p100","2","textbook72","72","pass_at_k_expected_solved","256","0.8","0.0","lean_only","fork lean_judge (Lean 4.34 alone); state_eval in-env sampling, max_action 512 max_steps 96; seed 0; sample seed x0","","recomputed","hf://buckets/dan-pandori/nd-rl/trajectory-cap6/artifacts/tj6/eval/s2_p100__tb72_x0.jsonl","textbook72|k256|T0.8|lean_only"
"best-9.56M-cap6-trajectory","stage1_best6_s2_p100","9.56M","lean_staten","scratch","cap-6 control 155k","6","frozen@p100","2","textbook72","72","solved","256","0.8","0","lean_only","fork lean_judge (Lean 4.34 alone); state_eval in-env sampling, max_action 512 max_steps 96; seed 1; sample seed x1","","copied","fork:dan_trajectory-cap6:artifacts/tj6/eval/s2_p100__tb72_x1.json","textbook72|k256|T0.8|lean_only"
"best-9.56M-cap6-trajectory","stage1_best6_s0_p12000","9.56M","lean_staten","scratch","cap-6 control 155k","6","frozen@p12000","0","textbook72","72","solved","256","0.8","9","lean_only","fork lean_judge (Lean 4.34 alone); state_eval in-env sampling, max_action 512 max_steps 96; seed 0; sample seed x0","","recomputed","hf://buckets/dan-pandori/nd-rl/trajectory-cap6/artifacts/tj6/eval/s0_p12000__tb72_x0.jsonl","textbook72|k256|T0.8|lean_only"
"best-9.56M-cap6-trajectory","stage1_best6_s0_p12000","9.56M","lean_staten","scratch","cap-6 control 155k","6","frozen@p12000","0","textbook72","72","pass_at_k_expected_solved","256","0.8","9.0","lean_only","fork lean_judge (Lean 4.34 alone); state_eval in-env sampling, max_action 512 max_steps 96; seed 0; sample seed x0","","recomputed","hf://buckets/dan-pandori/nd-rl/trajectory-cap6/artifacts/tj6/eval/s0_p12000__tb72_x0.jsonl","textbook72|k256|T0.8|lean_only"
"best-9.56M-cap6-trajectory","stage1_best6_s0_p12000","9.56M","lean_staten","scratch","cap-6 control 155k","6","frozen@p12000","0","textbook72","72","solved","256","0.8","8","lean_only","fork lean_judge (Lean 4.34 alone); state_eval in-env sampling, max_action 512 max_steps 96; seed 1; sample seed x1","","copied","fork:dan_trajectory-cap6:artifacts/tj6/eval/s0_p12000__tb72_x1.json","textbook72|k256|T0.8|lean_only"
"best-9.56M-cap6-trajectory","stage1_best6_s1_p12000","9.56M","lean_staten","scratch","cap-6 control 155k","6","frozen@p12000","1","textbook72","72","solved","256","0.8","16","lean_only","fork lean_judge (Lean 4.34 alone); state_eval in-env sampling, max_action 512 max_steps 96; seed 0; sample seed x0","","recomputed","hf://buckets/dan-pandori/nd-rl/trajectory-cap6/artifacts/tj6/eval/s1_p12000__tb72_x0.jsonl","textbook72|k256|T0.8|lean_only"
"best-9.56M-cap6-trajectory","stage1_best6_s1_p12000","9.56M","lean_staten","scratch","cap-6 control 155k","6","frozen@p12000","1","textbook72","72","pass_at_k_expected_solved","256","0.8","16.0","lean_only","fork lean_judge (Lean 4.34 alone); state_eval in-env sampling, max_action 512 max_steps 96; seed 0; sample seed x0","","recomputed","hf://buckets/dan-pandori/nd-rl/trajectory-cap6/artifacts/tj6/eval/s1_p12000__tb72_x0.jsonl","textbook72|k256|T0.8|lean_only"
"best-9.56M-cap6-trajectory","stage1_best6_s1_p12000","9.56M","lean_staten","scratch","cap-6 control 155k","6","frozen@p12000","1","textbook72","72","solved","256","0.8","15","lean_only","fork lean_judge (Lean 4.34 alone); state_eval in-env sampling, max_action 512 max_steps 96; seed 1; sample seed x1","","copied","fork:dan_trajectory-cap6:artifacts/tj6/eval/s1_p12000__tb72_x1.json","textbook72|k256|T0.8|lean_only"
"best-9.56M-cap6-trajectory","stage1_best6_s2_p12000","9.56M","lean_staten","scratch","cap-6 control 155k","6","frozen@p12000","2","textbook72","72","solved","256","0.8","17","lean_only","fork lean_judge (Lean 4.34 alone); state_eval in-env sampling, max_action 512 max_steps 96; seed 0; sample seed x0","","recomputed","hf://buckets/dan-pandori/nd-rl/trajectory-cap6/artifacts/tj6/eval/s2_p12000__tb72_x0.jsonl","textbook72|k256|T0.8|lean_only"
"best-9.56M-cap6-trajectory","stage1_best6_s2_p12000","9.56M","lean_staten","scratch","cap-6 control 155k","6","frozen@p12000","2","textbook72","72","pass_at_k_expected_solved","256","0.8","17.0","lean_only","fork lean_judge (Lean 4.34 alone); state_eval in-env sampling, max_action 512 max_steps 96; seed 0; sample seed x0","","recomputed","hf://buckets/dan-pandori/nd-rl/trajectory-cap6/artifacts/tj6/eval/s2_p12000__tb72_x0.jsonl","textbook72|k256|T0.8|lean_only"
"best-9.56M-cap6-trajectory","stage1_best6_s2_p12000","9.56M","lean_staten","scratch","cap-6 control 155k","6","frozen@p12000","2","textbook72","72","solved","256","0.8","18","lean_only","fork lean_judge (Lean 4.34 alone); state_eval in-env sampling, max_action 512 max_steps 96; seed 1; sample seed x1","","copied","fork:dan_trajectory-cap6:artifacts/tj6/eval/s2_p12000__tb72_x1.json","textbook72|k256|T0.8|lean_only"
"best-9.56M-cap6-trajectory","stage1_best6_s0_p1600","9.56M","lean_staten","scratch","cap-6 control 155k","6","frozen@p1600","0","textbook72","72","solved","256","0.8","7","lean_only","fork lean_judge (Lean 4.34 alone); state_eval in-env sampling, max_action 512 max_steps 96; seed 0; sample seed x0","","recomputed","hf://buckets/dan-pandori/nd-rl/trajectory-cap6/artifacts/tj6/eval/s0_p1600__tb72_x0.jsonl","textbook72|k256|T0.8|lean_only"
"best-9.56M-cap6-trajectory","stage1_best6_s0_p1600","9.56M","lean_staten","scratch","cap-6 control 155k","6","frozen@p1600","0","textbook72","72","pass_at_k_expected_solved","256","0.8","7.0","lean_only","fork lean_judge (Lean 4.34 alone); state_eval in-env sampling, max_action 512 max_steps 96; seed 0; sample seed x0","","recomputed","hf://buckets/dan-pandori/nd-rl/trajectory-cap6/artifacts/tj6/eval/s0_p1600__tb72_x0.jsonl","textbook72|k256|T0.8|lean_only"
"best-9.56M-cap6-trajectory","stage1_best6_s0_p1600","9.56M","lean_staten","scratch","cap-6 control 155k","6","frozen@p1600","0","textbook72","72","solved","256","0.8","7","lean_only","fork lean_judge (Lean 4.34 alone); state_eval in-env sampling, max_action 512 max_steps 96; seed 1; sample seed x1","","copied","fork:dan_trajectory-cap6:artifacts/tj6/eval/s0_p1600__tb72_x1.json","textbook72|k256|T0.8|lean_only"
"best-9.56M-cap6-trajectory","stage1_best6_s1_p1600","9.56M","lean_staten","scratch","cap-6 control 155k","6","frozen@p1600","1","textbook72","72","solved","256","0.8","13","lean_only","fork lean_judge (Lean 4.34 alone); state_eval in-env sampling, max_action 512 max_steps 96; seed 0; sample seed x0","","recomputed","hf://buckets/dan-pandori/nd-rl/trajectory-cap6/artifacts/tj6/eval/s1_p1600__tb72_x0.jsonl","textbook72|k256|T0.8|lean_only"
"best-9.56M-cap6-trajectory","stage1_best6_s1_p1600","9.56M","lean_staten","scratch","cap-6 control 155k","6","frozen@p1600","1","textbook72","72","pass_at_k_expected_solved","256","0.8","13.0","lean_only","fork lean_judge (Lean 4.34 alone); state_eval in-env sampling, max_action 512 max_steps 96; seed 0; sample seed x0","","recomputed","hf://buckets/dan-pandori/nd-rl/trajectory-cap6/artifacts/tj6/eval/s1_p1600__tb72_x0.jsonl","textbook72|k256|T0.8|lean_only"
"best-9.56M-cap6-trajectory","stage1_best6_s1_p1600","9.56M","lean_staten","scratch","cap-6 control 155k","6","frozen@p1600","1","textbook72","72","solved","256","0.8","9","lean_only","fork lean_judge (Lean 4.34 alone); state_eval in-env sampling, max_action 512 max_steps 96; seed 1; sample seed x1","","copied","fork:dan_trajectory-cap6:artifacts/tj6/eval/s1_p1600__tb72_x1.json","textbook72|k256|T0.8|lean_only"
"best-9.56M-cap6-trajectory","stage1_best6_s2_p1600","9.56M","lean_staten","scratch","cap-6 control 155k","6","frozen@p1600","2","textbook72","72","solved","256","0.8","7","lean_only","fork lean_judge (Lean 4.34 alone); state_eval in-env sampling, max_action 512 max_steps 96; seed 0; sample seed x0","","recomputed","hf://buckets/dan-pandori/nd-rl/trajectory-cap6/artifacts/tj6/eval/s2_p1600__tb72_x0.jsonl","textbook72|k256|T0.8|lean_only"
"best-9.56M-cap6-trajectory","stage1_best6_s2_p1600","9.56M","lean_staten","scratch","cap-6 control 155k","6","frozen@p1600","2","textbook72","72","pass_at_k_expected_solved","256","0.8","7.0","lean_only","fork lean_judge (Lean 4.34 alone); state_eval in-env sampling, max_action 512 max_steps 96; seed 0; sample seed x0","","recomputed","hf://buckets/dan-pandori/nd-rl/trajectory-cap6/artifacts/tj6/eval/s2_p1600__tb72_x0.jsonl","textbook72|k256|T0.8|lean_only"
"best-9.56M-cap6-trajectory","stage1_best6_s2_p1600","9.56M","lean_staten","scratch","cap-6 control 155k","6","frozen@p1600","2","textbook72","72","solved","256","0.8","8","lean_only","fork lean_judge (Lean 4.34 alone); state_eval in-env sampling, max_action 512 max_steps 96; seed 1; sample seed x1","","copied","fork:dan_trajectory-cap6:artifacts/tj6/eval/s2_p1600__tb72_x1.json","textbook72|k256|T0.8|lean_only"
"best-9.56M-cap6-trajectory","stage1_best6_s0_p16000","9.56M","lean_staten","scratch","cap-6 control 155k","6","frozen@p16000","0","textbook72","72","solved","256","0.8","17","lean_only","fork lean_judge (Lean 4.34 alone); state_eval in-env sampling, max_action 512 max_steps 96; seed 0; sample seed x0","","recomputed","hf://buckets/dan-pandori/nd-rl/trajectory-cap6/artifacts/tj6/eval/s0_p16000__tb72_x0.jsonl","textbook72|k256|T0.8|lean_only"
"best-9.56M-cap6-trajectory","stage1_best6_s0_p16000","9.56M","lean_staten","scratch","cap-6 control 155k","6","frozen@p16000","0","textbook72","72","pass_at_k_expected_solved","256","0.8","17.0","lean_only","fork lean_judge (Lean 4.34 alone); state_eval in-env sampling, max_action 512 max_steps 96; seed 0; sample seed x0","","recomputed","hf://buckets/dan-pandori/nd-rl/trajectory-cap6/artifacts/tj6/eval/s0_p16000__tb72_x0.jsonl","textbook72|k256|T0.8|lean_only"
"best-9.56M-cap6-trajectory","stage1_best6_s0_p16000","9.56M","lean_staten","scratch","cap-6 control 155k","6","frozen@p16000","0","textbook72","72","solved","256","0.8","19","lean_only","fork lean_judge (Lean 4.34 alone); state_eval in-env sampling, max_action 512 max_steps 96; seed 1; sample seed x1","","copied","fork:dan_trajectory-cap6:artifacts/tj6/eval/s0_p16000__tb72_x1.json","textbook72|k256|T0.8|lean_only"
"best-9.56M-cap6-trajectory","stage1_best6_s1_p16000","9.56M","lean_staten","scratch","cap-6 control 155k","6","frozen@p16000","1","textbook72","72","solved","256","0.8","17","lean_only","fork lean_judge (Lean 4.34 alone); state_eval in-env sampling, max_action 512 max_steps 96; seed 0; sample seed x0","","recomputed","hf://buckets/dan-pandori/nd-rl/trajectory-cap6/artifacts/tj6/eval/s1_p16000__tb72_x0.jsonl","textbook72|k256|T0.8|lean_only"
"best-9.56M-cap6-trajectory","stage1_best6_s1_p16000","9.56M","lean_staten","scratch","cap-6 control 155k","6","frozen@p16000","1","textbook72","72","pass_at_k_expected_solved","256","0.8","17.0","lean_only","fork lean_judge (Lean 4.34 alone); state_eval in-env sampling, max_action 512 max_steps 96; seed 0; sample seed x0","","recomputed","hf://buckets/dan-pandori/nd-rl/trajectory-cap6/artifacts/tj6/eval/s1_p16000__tb72_x0.jsonl","textbook72|k256|T0.8|lean_only"
"best-9.56M-cap6-trajectory","stage1_best6_s1_p16000","9.56M","lean_staten","scratch","cap-6 control 155k","6","frozen@p16000","1","textbook72","72","solved","256","0.8","16","lean_only","fork lean_judge (Lean 4.34 alone); state_eval in-env sampling, max_action 512 max_steps 96; seed 1; sample seed x1","","copied","fork:dan_trajectory-cap6:artifacts/tj6/eval/s1_p16000__tb72_x1.json","textbook72|k256|T0.8|lean_only"
"best-9.56M-cap6-trajectory","stage1_best6_s2_p16000","9.56M","lean_staten","scratch","cap-6 control 155k","6","frozen@p16000","2","textbook72","72","solved","256","0.8","12","lean_only","fork lean_judge (Lean 4.34 alone); state_eval in-env sampling, max_action 512 max_steps 96; seed 0; sample seed x0","","recomputed","hf://buckets/dan-pandori/nd-rl/trajectory-cap6/artifacts/tj6/eval/s2_p16000__tb72_x0.jsonl","textbook72|k256|T0.8|lean_only"
"best-9.56M-cap6-trajectory","stage1_best6_s2_p16000","9.56M","lean_staten","scratch","cap-6 control 155k","6","frozen@p16000","2","textbook72","72","pass_at_k_expected_solved","256","0.8","12.0","lean_only","fork lean_judge (Lean 4.34 alone); state_eval in-env sampling, max_action 512 max_steps 96; seed 0; sample seed x0","","recomputed","hf://buckets/dan-pandori/nd-rl/trajectory-cap6/artifacts/tj6/eval/s2_p16000__tb72_x0.jsonl","textbook72|k256|T0.8|lean_only"
"best-9.56M-cap6-trajectory","stage1_best6_s2_p16000","9.56M","lean_staten","scratch","cap-6 control 155k","6","frozen@p16000","2","textbook72","72","solved","256","0.8","13","lean_only","fork lean_judge (Lean 4.34 alone); state_eval in-env sampling, max_action 512 max_steps 96; seed 1; sample seed x1","","copied","fork:dan_trajectory-cap6:artifacts/tj6/eval/s2_p16000__tb72_x1.json","textbook72|k256|T0.8|lean_only"
"best-9.56M-cap6-trajectory","stage1_best6_s0_p200","9.56M","lean_staten","scratch","cap-6 control 155k","6","frozen@p200","0","textbook72","72","solved","256","0.8","1","lean_only","fork lean_judge (Lean 4.34 alone); state_eval in-env sampling, max_action 512 max_steps 96; seed 0; sample seed x0","","recomputed","hf://buckets/dan-pandori/nd-rl/trajectory-cap6/artifacts/tj6/eval/s0_p200__tb72_x0.jsonl","textbook72|k256|T0.8|lean_only"
"best-9.56M-cap6-trajectory","stage1_best6_s0_p200","9.56M","lean_staten","scratch","cap-6 control 155k","6","frozen@p200","0","textbook72","72","pass_at_k_expected_solved","256","0.8","1.0","lean_only","fork lean_judge (Lean 4.34 alone); state_eval in-env sampling, max_action 512 max_steps 96; seed 0; sample seed x0","","recomputed","hf://buckets/dan-pandori/nd-rl/trajectory-cap6/artifacts/tj6/eval/s0_p200__tb72_x0.jsonl","textbook72|k256|T0.8|lean_only"
"best-9.56M-cap6-trajectory","stage1_best6_s0_p200","9.56M","lean_staten","scratch","cap-6 control 155k","6","frozen@p200","0","textbook72","72","solved","256","0.8","2","lean_only","fork lean_judge (Lean 4.34 alone); state_eval in-env sampling, max_action 512 max_steps 96; seed 1; sample seed x1","","copied","fork:dan_trajectory-cap6:artifacts/tj6/eval/s0_p200__tb72_x1.json","textbook72|k256|T0.8|lean_only"
"best-9.56M-cap6-trajectory","stage1_best6_s1_p200","9.56M","lean_staten","scratch","cap-6 control 155k","6","frozen@p200","1","textbook72","72","solved","256","0.8","1","lean_only","fork lean_judge (Lean 4.34 alone); state_eval in-env sampling, max_action 512 max_steps 96; seed 0; sample seed x0","","recomputed","hf://buckets/dan-pandori/nd-rl/trajectory-cap6/artifacts/tj6/eval/s1_p200__tb72_x0.jsonl","textbook72|k256|T0.8|lean_only"
"best-9.56M-cap6-trajectory","stage1_best6_s1_p200","9.56M","lean_staten","scratch","cap-6 control 155k","6","frozen@p200","1","textbook72","72","pass_at_k_expected_solved","256","0.8","1.0","lean_only","fork lean_judge (Lean 4.34 alone); state_eval in-env sampling, max_action 512 max_steps 96; seed 0; sample seed x0","","recomputed","hf://buckets/dan-pandori/nd-rl/trajectory-cap6/artifacts/tj6/eval/s1_p200__tb72_x0.jsonl","textbook72|k256|T0.8|lean_only"
"best-9.56M-cap6-trajectory","stage1_best6_s1_p200","9.56M","lean_staten","scratch","cap-6 control 155k","6","frozen@p200","1","textbook72","72","solved","256","0.8","1","lean_only","fork lean_judge (Lean 4.34 alone); state_eval in-env sampling, max_action 512 max_steps 96; seed 1; sample seed x1","","copied","fork:dan_trajectory-cap6:artifacts/tj6/eval/s1_p200__tb72_x1.json","textbook72|k256|T0.8|lean_only"
"best-9.56M-cap6-trajectory","stage1_best6_s2_p200","9.56M","lean_staten","scratch","cap-6 control 155k","6","frozen@p200","2","textbook72","72","solved","256","0.8","4","lean_only","fork lean_judge (Lean 4.34 alone); state_eval in-env sampling, max_action 512 max_steps 96; seed 0; sample seed x0","","recomputed","hf://buckets/dan-pandori/nd-rl/trajectory-cap6/artifacts/tj6/eval/s2_p200__tb72_x0.jsonl","textbook72|k256|T0.8|lean_only"
"best-9.56M-cap6-trajectory","stage1_best6_s2_p200","9.56M","lean_staten","scratch","cap-6 control 155k","6","frozen@p200","2","textbook72","72","pass_at_k_expected_solved","256","0.8","4.0","lean_only","fork lean_judge (Lean 4.34 alone); state_eval in-env sampling, max_action 512 max_steps 96; seed 0; sample seed x0","","recomputed","hf://buckets/dan-pandori/nd-rl/trajectory-cap6/artifacts/tj6/eval/s2_p200__tb72_x0.jsonl","textbook72|k256|T0.8|lean_only"
"best-9.56M-cap6-trajectory","stage1_best6_s2_p200","9.56M","lean_staten","scratch","cap-6 control 155k","6","frozen@p200","2","textbook72","72","solved","256","0.8","4","lean_only","fork lean_judge (Lean 4.34 alone); state_eval in-env sampling, max_action 512 max_steps 96; seed 1; sample seed x1","","copied","fork:dan_trajectory-cap6:artifacts/tj6/eval/s2_p200__tb72_x1.json","textbook72|k256|T0.8|lean_only"
"best-9.56M-cap6-trajectory","stage1_best6_s0_p20000","9.56M","lean_staten","scratch","cap-6 control 155k","6","frozen@p20000","0","textbook72","72","solved","256","0.8","21","lean_only","fork lean_judge (Lean 4.34 alone); state_eval in-env sampling, max_action 512 max_steps 96; seed 0; sample seed x0","","recomputed","hf://buckets/dan-pandori/nd-rl/trajectory-cap6/artifacts/tj6/eval/s0_p20000__tb72_x0.jsonl","textbook72|k256|T0.8|lean_only"
"best-9.56M-cap6-trajectory","stage1_best6_s0_p20000","9.56M","lean_staten","scratch","cap-6 control 155k","6","frozen@p20000","0","textbook72","72","pass_at_k_expected_solved","256","0.8","21.0","lean_only","fork lean_judge (Lean 4.34 alone); state_eval in-env sampling, max_action 512 max_steps 96; seed 0; sample seed x0","","recomputed","hf://buckets/dan-pandori/nd-rl/trajectory-cap6/artifacts/tj6/eval/s0_p20000__tb72_x0.jsonl","textbook72|k256|T0.8|lean_only"
"best-9.56M-cap6-trajectory","stage1_best6_s0_p20000","9.56M","lean_staten","scratch","cap-6 control 155k","6","frozen@p20000","0","textbook72","72","solved","256","0.8","22","lean_only","fork lean_judge (Lean 4.34 alone); state_eval in-env sampling, max_action 512 max_steps 96; seed 1; sample seed x1","","copied","fork:dan_trajectory-cap6:artifacts/tj6/eval/s0_p20000__tb72_x1.json","textbook72|k256|T0.8|lean_only"
"best-9.56M-cap6-trajectory","stage1_best6_s1_p20000","9.56M","lean_staten","scratch","cap-6 control 155k","6","frozen@p20000","1","textbook72","72","solved","256","0.8","14","lean_only","fork lean_judge (Lean 4.34 alone); state_eval in-env sampling, max_action 512 max_steps 96; seed 0; sample seed x0","","recomputed","hf://buckets/dan-pandori/nd-rl/trajectory-cap6/artifacts/tj6/eval/s1_p20000__tb72_x0.jsonl","textbook72|k256|T0.8|lean_only"
"best-9.56M-cap6-trajectory","stage1_best6_s1_p20000","9.56M","lean_staten","scratch","cap-6 control 155k","6","frozen@p20000","1","textbook72","72","pass_at_k_expected_solved","256","0.8","14.0","lean_only","fork lean_judge (Lean 4.34 alone); state_eval in-env sampling, max_action 512 max_steps 96; seed 0; sample seed x0","","recomputed","hf://buckets/dan-pandori/nd-rl/trajectory-cap6/artifacts/tj6/eval/s1_p20000__tb72_x0.jsonl","textbook72|k256|T0.8|lean_only"
"best-9.56M-cap6-trajectory","stage1_best6_s1_p20000","9.56M","lean_staten","scratch","cap-6 control 155k","6","frozen@p20000","1","textbook72","72","solved","256","0.8","14","lean_only","fork lean_judge (Lean 4.34 alone); state_eval in-env sampling, max_action 512 max_steps 96; seed 1; sample seed x1","","copied","fork:dan_trajectory-cap6:artifacts/tj6/eval/s1_p20000__tb72_x1.json","textbook72|k256|T0.8|lean_only"
"best-9.56M-cap6-trajectory","stage1_best6_s2_p20000","9.56M","lean_staten","scratch","cap-6 control 155k","6","frozen@p20000","2","textbook72","72","solved","256","0.8","17","lean_only","fork lean_judge (Lean 4.34 alone); state_eval in-env sampling, max_action 512 max_steps 96; seed 0; sample seed x0","","recomputed","hf://buckets/dan-pandori/nd-rl/trajectory-cap6/artifacts/tj6/eval/s2_p20000__tb72_x0.jsonl","textbook72|k256|T0.8|lean_only"
"best-9.56M-cap6-trajectory","stage1_best6_s2_p20000","9.56M","lean_staten","scratch","cap-6 control 155k","6","frozen@p20000","2","textbook72","72","pass_at_k_expected_solved","256","0.8","17.0","lean_only","fork lean_judge (Lean 4.34 alone); state_eval in-env sampling, max_action 512 max_steps 96; seed 0; sample seed x0","","recomputed","hf://buckets/dan-pandori/nd-rl/trajectory-cap6/artifacts/tj6/eval/s2_p20000__tb72_x0.jsonl","textbook72|k256|T0.8|lean_only"
"best-9.56M-cap6-trajectory","stage1_best6_s2_p20000","9.56M","lean_staten","scratch","cap-6 control 155k","6","frozen@p20000","2","textbook72","72","solved","256","0.8","16","lean_only","fork lean_judge (Lean 4.34 alone); state_eval in-env sampling, max_action 512 max_steps 96; seed 1; sample seed x1","","copied","fork:dan_trajectory-cap6:artifacts/tj6/eval/s2_p20000__tb72_x1.json","textbook72|k256|T0.8|lean_only"
"best-9.56M-cap6-trajectory","stage1_best6_s0_p3000","9.56M","lean_staten","scratch","cap-6 control 155k","6","frozen@p3000","0","textbook72","72","solved","256","0.8","8","lean_only","fork lean_judge (Lean 4.34 alone); state_eval in-env sampling, max_action 512 max_steps 96; seed 0; sample seed x0","","recomputed","hf://buckets/dan-pandori/nd-rl/trajectory-cap6/artifacts/tj6/eval/s0_p3000__tb72_x0.jsonl","textbook72|k256|T0.8|lean_only"
"best-9.56M-cap6-trajectory","stage1_best6_s0_p3000","9.56M","lean_staten","scratch","cap-6 control 155k","6","frozen@p3000","0","textbook72","72","pass_at_k_expected_solved","256","0.8","8.0","lean_only","fork lean_judge (Lean 4.34 alone); state_eval in-env sampling, max_action 512 max_steps 96; seed 0; sample seed x0","","recomputed","hf://buckets/dan-pandori/nd-rl/trajectory-cap6/artifacts/tj6/eval/s0_p3000__tb72_x0.jsonl","textbook72|k256|T0.8|lean_only"
"best-9.56M-cap6-trajectory","stage1_best6_s0_p3000","9.56M","lean_staten","scratch","cap-6 control 155k","6","frozen@p3000","0","textbook72","72","solved","256","0.8","10","lean_only","fork lean_judge (Lean 4.34 alone); state_eval in-env sampling, max_action 512 max_steps 96; seed 1; sample seed x1","","copied","fork:dan_trajectory-cap6:artifacts/tj6/eval/s0_p3000__tb72_x1.json","textbook72|k256|T0.8|lean_only"
"best-9.56M-cap6-trajectory","stage1_best6_s1_p3000","9.56M","lean_staten","scratch","cap-6 control 155k","6","frozen@p3000","1","textbook72","72","solved","256","0.8","9","lean_only","fork lean_judge (Lean 4.34 alone); state_eval in-env sampling, max_action 512 max_steps 96; seed 0; sample seed x0","","recomputed","hf://buckets/dan-pandori/nd-rl/trajectory-cap6/artifacts/tj6/eval/s1_p3000__tb72_x0.jsonl","textbook72|k256|T0.8|lean_only"
"best-9.56M-cap6-trajectory","stage1_best6_s1_p3000","9.56M","lean_staten","scratch","cap-6 control 155k","6","frozen@p3000","1","textbook72","72","pass_at_k_expected_solved","256","0.8","9.0","lean_only","fork lean_judge (Lean 4.34 alone); state_eval in-env sampling, max_action 512 max_steps 96; seed 0; sample seed x0","","recomputed","hf://buckets/dan-pandori/nd-rl/trajectory-cap6/artifacts/tj6/eval/s1_p3000__tb72_x0.jsonl","textbook72|k256|T0.8|lean_only"
"best-9.56M-cap6-trajectory","stage1_best6_s1_p3000","9.56M","lean_staten","scratch","cap-6 control 155k","6","frozen@p3000","1","textbook72","72","solved","256","0.8","8","lean_only","fork lean_judge (Lean 4.34 alone); state_eval in-env sampling, max_action 512 max_steps 96; seed 1; sample seed x1","","copied","fork:dan_trajectory-cap6:artifacts/tj6/eval/s1_p3000__tb72_x1.json","textbook72|k256|T0.8|lean_only"
"best-9.56M-cap6-trajectory","stage1_best6_s2_p3000","9.56M","lean_staten","scratch","cap-6 control 155k","6","frozen@p3000","2","textbook72","72","solved","256","0.8","4","lean_only","fork lean_judge (Lean 4.34 alone); state_eval in-env sampling, max_action 512 max_steps 96; seed 0; sample seed x0","","recomputed","hf://buckets/dan-pandori/nd-rl/trajectory-cap6/artifacts/tj6/eval/s2_p3000__tb72_x0.jsonl","textbook72|k256|T0.8|lean_only"
"best-9.56M-cap6-trajectory","stage1_best6_s2_p3000","9.56M","lean_staten","scratch","cap-6 control 155k","6","frozen@p3000","2","textbook72","72","pass_at_k_expected_solved","256","0.8","4.0","lean_only","fork lean_judge (Lean 4.34 alone); state_eval in-env sampling, max_action 512 max_steps 96; seed 0; sample seed x0","","recomputed","hf://buckets/dan-pandori/nd-rl/trajectory-cap6/artifacts/tj6/eval/s2_p3000__tb72_x0.jsonl","textbook72|k256|T0.8|lean_only"
"best-9.56M-cap6-trajectory","stage1_best6_s2_p3000","9.56M","lean_staten","scratch","cap-6 control 155k","6","frozen@p3000","2","textbook72","72","solved","256","0.8","5","lean_only","fork lean_judge (Lean 4.34 alone); state_eval in-env sampling, max_action 512 max_steps 96; seed 1; sample seed x1","","copied","fork:dan_trajectory-cap6:artifacts/tj6/eval/s2_p3000__tb72_x1.json","textbook72|k256|T0.8|lean_only"
"best-9.56M-cap6-trajectory","stage1_best6_s0_p400","9.56M","lean_staten","scratch","cap-6 control 155k","6","frozen@p400","0","textbook72","72","solved","256","0.8","7","lean_only","fork lean_judge (Lean 4.34 alone); state_eval in-env sampling, max_action 512 max_steps 96; seed 0; sample seed x0","","recomputed","hf://buckets/dan-pandori/nd-rl/trajectory-cap6/artifacts/tj6/eval/s0_p400__tb72_x0.jsonl","textbook72|k256|T0.8|lean_only"
"best-9.56M-cap6-trajectory","stage1_best6_s0_p400","9.56M","lean_staten","scratch","cap-6 control 155k","6","frozen@p400","0","textbook72","72","pass_at_k_expected_solved","256","0.8","7.0","lean_only","fork lean_judge (Lean 4.34 alone); state_eval in-env sampling, max_action 512 max_steps 96; seed 0; sample seed x0","","recomputed","hf://buckets/dan-pandori/nd-rl/trajectory-cap6/artifacts/tj6/eval/s0_p400__tb72_x0.jsonl","textbook72|k256|T0.8|lean_only"
"best-9.56M-cap6-trajectory","stage1_best6_s0_p400","9.56M","lean_staten","scratch","cap-6 control 155k","6","frozen@p400","0","textbook72","72","solved","256","0.8","7","lean_only","fork lean_judge (Lean 4.34 alone); state_eval in-env sampling, max_action 512 max_steps 96; seed 1; sample seed x1","","copied","fork:dan_trajectory-cap6:artifacts/tj6/eval/s0_p400__tb72_x1.json","textbook72|k256|T0.8|lean_only"
"best-9.56M-cap6-trajectory","stage1_best6_s1_p400","9.56M","lean_staten","scratch","cap-6 control 155k","6","frozen@p400","1","textbook72","72","solved","256","0.8","7","lean_only","fork lean_judge (Lean 4.34 alone); state_eval in-env sampling, max_action 512 max_steps 96; seed 0; sample seed x0","","recomputed","hf://buckets/dan-pandori/nd-rl/trajectory-cap6/artifacts/tj6/eval/s1_p400__tb72_x0.jsonl","textbook72|k256|T0.8|lean_only"
"best-9.56M-cap6-trajectory","stage1_best6_s1_p400","9.56M","lean_staten","scratch","cap-6 control 155k","6","frozen@p400","1","textbook72","72","pass_at_k_expected_solved","256","0.8","7.0","lean_only","fork lean_judge (Lean 4.34 alone); state_eval in-env sampling, max_action 512 max_steps 96; seed 0; sample seed x0","","recomputed","hf://buckets/dan-pandori/nd-rl/trajectory-cap6/artifacts/tj6/eval/s1_p400__tb72_x0.jsonl","textbook72|k256|T0.8|lean_only"
"best-9.56M-cap6-trajectory","stage1_best6_s1_p400","9.56M","lean_staten","scratch","cap-6 control 155k","6","frozen@p400","1","textbook72","72","solved","256","0.8","6","lean_only","fork lean_judge (Lean 4.34 alone); state_eval in-env sampling, max_action 512 max_steps 96; seed 1; sample seed x1","","copied","fork:dan_trajectory-cap6:artifacts/tj6/eval/s1_p400__tb72_x1.json","textbook72|k256|T0.8|lean_only"
"best-9.56M-cap6-trajectory","stage1_best6_s2_p400","9.56M","lean_staten","scratch","cap-6 control 155k","6","frozen@p400","2","textbook72","72","solved","256","0.8","6","lean_only","fork lean_judge (Lean 4.34 alone); state_eval in-env sampling, max_action 512 max_steps 96; seed 0; sample seed x0","","recomputed","hf://buckets/dan-pandori/nd-rl/trajectory-cap6/artifacts/tj6/eval/s2_p400__tb72_x0.jsonl","textbook72|k256|T0.8|lean_only"
"best-9.56M-cap6-trajectory","stage1_best6_s2_p400","9.56M","lean_staten","scratch","cap-6 control 155k","6","frozen@p400","2","textbook72","72","pass_at_k_expected_solved","256","0.8","6.0","lean_only","fork lean_judge (Lean 4.34 alone); state_eval in-env sampling, max_action 512 max_steps 96; seed 0; sample seed x0","","recomputed","hf://buckets/dan-pandori/nd-rl/trajectory-cap6/artifacts/tj6/eval/s2_p400__tb72_x0.jsonl","textbook72|k256|T0.8|lean_only"
"best-9.56M-cap6-trajectory","stage1_best6_s2_p400","9.56M","lean_staten","scratch","cap-6 control 155k","6","frozen@p400","2","textbook72","72","solved","256","0.8","7","lean_only","fork lean_judge (Lean 4.34 alone); state_eval in-env sampling, max_action 512 max_steps 96; seed 1; sample seed x1","","copied","fork:dan_trajectory-cap6:artifacts/tj6/eval/s2_p400__tb72_x1.json","textbook72|k256|T0.8|lean_only"
"best-9.56M-cap6-trajectory","stage1_best6_s0_p50","9.56M","lean_staten","scratch","cap-6 control 155k","6","frozen@p50","0","textbook72","72","solved","256","0.8","0","lean_only","fork lean_judge (Lean 4.34 alone); state_eval in-env sampling, max_action 512 max_steps 96; seed 0; sample seed x0","","recomputed","hf://buckets/dan-pandori/nd-rl/trajectory-cap6/artifacts/tj6/eval/s0_p50__tb72_x0.jsonl","textbook72|k256|T0.8|lean_only"
"best-9.56M-cap6-trajectory","stage1_best6_s0_p50","9.56M","lean_staten","scratch","cap-6 control 155k","6","frozen@p50","0","textbook72","72","pass_at_k_expected_solved","256","0.8","0.0","lean_only","fork lean_judge (Lean 4.34 alone); state_eval in-env sampling, max_action 512 max_steps 96; seed 0; sample seed x0","","recomputed","hf://buckets/dan-pandori/nd-rl/trajectory-cap6/artifacts/tj6/eval/s0_p50__tb72_x0.jsonl","textbook72|k256|T0.8|lean_only"
"best-9.56M-cap6-trajectory","stage1_best6_s0_p50","9.56M","lean_staten","scratch","cap-6 control 155k","6","frozen@p50","0","textbook72","72","solved","256","0.8","0","lean_only","fork lean_judge (Lean 4.34 alone); state_eval in-env sampling, max_action 512 max_steps 96; seed 1; sample seed x1","","copied","fork:dan_trajectory-cap6:artifacts/tj6/eval/s0_p50__tb72_x1.json","textbook72|k256|T0.8|lean_only"
"best-9.56M-cap6-trajectory","stage1_best6_s1_p50","9.56M","lean_staten","scratch","cap-6 control 155k","6","frozen@p50","1","textbook72","72","solved","256","0.8","0","lean_only","fork lean_judge (Lean 4.34 alone); state_eval in-env sampling, max_action 512 max_steps 96; seed 0; sample seed x0","","recomputed","hf://buckets/dan-pandori/nd-rl/trajectory-cap6/artifacts/tj6/eval/s1_p50__tb72_x0.jsonl","textbook72|k256|T0.8|lean_only"
"best-9.56M-cap6-trajectory","stage1_best6_s1_p50","9.56M","lean_staten","scratch","cap-6 control 155k","6","frozen@p50","1","textbook72","72","pass_at_k_expected_solved","256","0.8","0.0","lean_only","fork lean_judge (Lean 4.34 alone); state_eval in-env sampling, max_action 512 max_steps 96; seed 0; sample seed x0","","recomputed","hf://buckets/dan-pandori/nd-rl/trajectory-cap6/artifacts/tj6/eval/s1_p50__tb72_x0.jsonl","textbook72|k256|T0.8|lean_only"
"best-9.56M-cap6-trajectory","stage1_best6_s1_p50","9.56M","lean_staten","scratch","cap-6 control 155k","6","frozen@p50","1","textbook72","72","solved","256","0.8","0","lean_only","fork lean_judge (Lean 4.34 alone); state_eval in-env sampling, max_action 512 max_steps 96; seed 1; sample seed x1","","copied","fork:dan_trajectory-cap6:artifacts/tj6/eval/s1_p50__tb72_x1.json","textbook72|k256|T0.8|lean_only"
"best-9.56M-cap6-trajectory","stage1_best6_s2_p50","9.56M","lean_staten","scratch","cap-6 control 155k","6","frozen@p50","2","textbook72","72","solved","256","0.8","0","lean_only","fork lean_judge (Lean 4.34 alone); state_eval in-env sampling, max_action 512 max_steps 96; seed 0; sample seed x0","","recomputed","hf://buckets/dan-pandori/nd-rl/trajectory-cap6/artifacts/tj6/eval/s2_p50__tb72_x0.jsonl","textbook72|k256|T0.8|lean_only"
"best-9.56M-cap6-trajectory","stage1_best6_s2_p50","9.56M","lean_staten","scratch","cap-6 control 155k","6","frozen@p50","2","textbook72","72","pass_at_k_expected_solved","256","0.8","0.0","lean_only","fork lean_judge (Lean 4.34 alone); state_eval in-env sampling, max_action 512 max_steps 96; seed 0; sample seed x0","","recomputed","hf://buckets/dan-pandori/nd-rl/trajectory-cap6/artifacts/tj6/eval/s2_p50__tb72_x0.jsonl","textbook72|k256|T0.8|lean_only"
"best-9.56M-cap6-trajectory","stage1_best6_s2_p50","9.56M","lean_staten","scratch","cap-6 control 155k","6","frozen@p50","2","textbook72","72","solved","256","0.8","0","lean_only","fork lean_judge (Lean 4.34 alone); state_eval in-env sampling, max_action 512 max_steps 96; seed 1; sample seed x1","","copied","fork:dan_trajectory-cap6:artifacts/tj6/eval/s2_p50__tb72_x1.json","textbook72|k256|T0.8|lean_only"
"best-9.56M-cap6-trajectory","stage1_best6_s0_p5000","9.56M","lean_staten","scratch","cap-6 control 155k","6","frozen@p5000","0","textbook72","72","solved","256","0.8","8","lean_only","fork lean_judge (Lean 4.34 alone); state_eval in-env sampling, max_action 512 max_steps 96; seed 0; sample seed x0","","recomputed","hf://buckets/dan-pandori/nd-rl/trajectory-cap6/artifacts/tj6/eval/s0_p5000__tb72_x0.jsonl","textbook72|k256|T0.8|lean_only"
"best-9.56M-cap6-trajectory","stage1_best6_s0_p5000","9.56M","lean_staten","scratch","cap-6 control 155k","6","frozen@p5000","0","textbook72","72","pass_at_k_expected_solved","256","0.8","8.0","lean_only","fork lean_judge (Lean 4.34 alone); state_eval in-env sampling, max_action 512 max_steps 96; seed 0; sample seed x0","","recomputed","hf://buckets/dan-pandori/nd-rl/trajectory-cap6/artifacts/tj6/eval/s0_p5000__tb72_x0.jsonl","textbook72|k256|T0.8|lean_only"
"best-9.56M-cap6-trajectory","stage1_best6_s0_p5000","9.56M","lean_staten","scratch","cap-6 control 155k","6","frozen@p5000","0","textbook72","72","solved","256","0.8","10","lean_only","fork lean_judge (Lean 4.34 alone); state_eval in-env sampling, max_action 512 max_steps 96; seed 1; sample seed x1","","copied","fork:dan_trajectory-cap6:artifacts/tj6/eval/s0_p5000__tb72_x1.json","textbook72|k256|T0.8|lean_only"
"best-9.56M-cap6-trajectory","stage1_best6_s1_p5000","9.56M","lean_staten","scratch","cap-6 control 155k","6","frozen@p5000","1","textbook72","72","solved","256","0.8","13","lean_only","fork lean_judge (Lean 4.34 alone); state_eval in-env sampling, max_action 512 max_steps 96; seed 0; sample seed x0","","recomputed","hf://buckets/dan-pandori/nd-rl/trajectory-cap6/artifacts/tj6/eval/s1_p5000__tb72_x0.jsonl","textbook72|k256|T0.8|lean_only"
"best-9.56M-cap6-trajectory","stage1_best6_s1_p5000","9.56M","lean_staten","scratch","cap-6 control 155k","6","frozen@p5000","1","textbook72","72","pass_at_k_expected_solved","256","0.8","13.0","lean_only","fork lean_judge (Lean 4.34 alone); state_eval in-env sampling, max_action 512 max_steps 96; seed 0; sample seed x0","","recomputed","hf://buckets/dan-pandori/nd-rl/trajectory-cap6/artifacts/tj6/eval/s1_p5000__tb72_x0.jsonl","textbook72|k256|T0.8|lean_only"
"best-9.56M-cap6-trajectory","stage1_best6_s1_p5000","9.56M","lean_staten","scratch","cap-6 control 155k","6","frozen@p5000","1","textbook72","72","solved","256","0.8","13","lean_only","fork lean_judge (Lean 4.34 alone); state_eval in-env sampling, max_action 512 max_steps 96; seed 1; sample seed x1","","copied","fork:dan_trajectory-cap6:artifacts/tj6/eval/s1_p5000__tb72_x1.json","textbook72|k256|T0.8|lean_only"
"best-9.56M-cap6-trajectory","stage1_best6_s2_p5000","9.56M","lean_staten","scratch","cap-6 control 155k","6","frozen@p5000","2","textbook72","72","solved","256","0.8","15","lean_only","fork lean_judge (Lean 4.34 alone); state_eval in-env sampling, max_action 512 max_steps 96; seed 0; sample seed x0","","recomputed","hf://buckets/dan-pandori/nd-rl/trajectory-cap6/artifacts/tj6/eval/s2_p5000__tb72_x0.jsonl","textbook72|k256|T0.8|lean_only"
"best-9.56M-cap6-trajectory","stage1_best6_s2_p5000","9.56M","lean_staten","scratch","cap-6 control 155k","6","frozen@p5000","2","textbook72","72","pass_at_k_expected_solved","256","0.8","15.0","lean_only","fork lean_judge (Lean 4.34 alone); state_eval in-env sampling, max_action 512 max_steps 96; seed 0; sample seed x0","","recomputed","hf://buckets/dan-pandori/nd-rl/trajectory-cap6/artifacts/tj6/eval/s2_p5000__tb72_x0.jsonl","textbook72|k256|T0.8|lean_only"
"best-9.56M-cap6-trajectory","stage1_best6_s2_p5000","9.56M","lean_staten","scratch","cap-6 control 155k","6","frozen@p5000","2","textbook72","72","solved","256","0.8","13","lean_only","fork lean_judge (Lean 4.34 alone); state_eval in-env sampling, max_action 512 max_steps 96; seed 1; sample seed x1","","copied","fork:dan_trajectory-cap6:artifacts/tj6/eval/s2_p5000__tb72_x1.json","textbook72|k256|T0.8|lean_only"
"best-9.56M-cap6-trajectory","stage1_best6_s0_p800","9.56M","lean_staten","scratch","cap-6 control 155k","6","frozen@p800","0","textbook72","72","solved","256","0.8","6","lean_only","fork lean_judge (Lean 4.34 alone); state_eval in-env sampling, max_action 512 max_steps 96; seed 0; sample seed x0","","recomputed","hf://buckets/dan-pandori/nd-rl/trajectory-cap6/artifacts/tj6/eval/s0_p800__tb72_x0.jsonl","textbook72|k256|T0.8|lean_only"
"best-9.56M-cap6-trajectory","stage1_best6_s0_p800","9.56M","lean_staten","scratch","cap-6 control 155k","6","frozen@p800","0","textbook72","72","pass_at_k_expected_solved","256","0.8","6.0","lean_only","fork lean_judge (Lean 4.34 alone); state_eval in-env sampling, max_action 512 max_steps 96; seed 0; sample seed x0","","recomputed","hf://buckets/dan-pandori/nd-rl/trajectory-cap6/artifacts/tj6/eval/s0_p800__tb72_x0.jsonl","textbook72|k256|T0.8|lean_only"
"best-9.56M-cap6-trajectory","stage1_best6_s0_p800","9.56M","lean_staten","scratch","cap-6 control 155k","6","frozen@p800","0","textbook72","72","solved","256","0.8","7","lean_only","fork lean_judge (Lean 4.34 alone); state_eval in-env sampling, max_action 512 max_steps 96; seed 1; sample seed x1","","copied","fork:dan_trajectory-cap6:artifacts/tj6/eval/s0_p800__tb72_x1.json","textbook72|k256|T0.8|lean_only"
"best-9.56M-cap6-trajectory","stage1_best6_s1_p800","9.56M","lean_staten","scratch","cap-6 control 155k","6","frozen@p800","1","textbook72","72","solved","256","0.8","7","lean_only","fork lean_judge (Lean 4.34 alone); state_eval in-env sampling, max_action 512 max_steps 96; seed 0; sample seed x0","","recomputed","hf://buckets/dan-pandori/nd-rl/trajectory-cap6/artifacts/tj6/eval/s1_p800__tb72_x0.jsonl","textbook72|k256|T0.8|lean_only"
"best-9.56M-cap6-trajectory","stage1_best6_s1_p800","9.56M","lean_staten","scratch","cap-6 control 155k","6","frozen@p800","1","textbook72","72","pass_at_k_expected_solved","256","0.8","7.0","lean_only","fork lean_judge (Lean 4.34 alone); state_eval in-env sampling, max_action 512 max_steps 96; seed 0; sample seed x0","","recomputed","hf://buckets/dan-pandori/nd-rl/trajectory-cap6/artifacts/tj6/eval/s1_p800__tb72_x0.jsonl","textbook72|k256|T0.8|lean_only"
"best-9.56M-cap6-trajectory","stage1_best6_s1_p800","9.56M","lean_staten","scratch","cap-6 control 155k","6","frozen@p800","1","textbook72","72","solved","256","0.8","8","lean_only","fork lean_judge (Lean 4.34 alone); state_eval in-env sampling, max_action 512 max_steps 96; seed 1; sample seed x1","","copied","fork:dan_trajectory-cap6:artifacts/tj6/eval/s1_p800__tb72_x1.json","textbook72|k256|T0.8|lean_only"
"best-9.56M-cap6-trajectory","stage1_best6_s2_p800","9.56M","lean_staten","scratch","cap-6 control 155k","6","frozen@p800","2","textbook72","72","solved","256","0.8","8","lean_only","fork lean_judge (Lean 4.34 alone); state_eval in-env sampling, max_action 512 max_steps 96; seed 0; sample seed x0","","recomputed","hf://buckets/dan-pandori/nd-rl/trajectory-cap6/artifacts/tj6/eval/s2_p800__tb72_x0.jsonl","textbook72|k256|T0.8|lean_only"
"best-9.56M-cap6-trajectory","stage1_best6_s2_p800","9.56M","lean_staten","scratch","cap-6 control 155k","6","frozen@p800","2","textbook72","72","pass_at_k_expected_solved","256","0.8","8.0","lean_only","fork lean_judge (Lean 4.34 alone); state_eval in-env sampling, max_action 512 max_steps 96; seed 0; sample seed x0","","recomputed","hf://buckets/dan-pandori/nd-rl/trajectory-cap6/artifacts/tj6/eval/s2_p800__tb72_x0.jsonl","textbook72|k256|T0.8|lean_only"
"best-9.56M-cap6-trajectory","stage1_best6_s2_p800","9.56M","lean_staten","scratch","cap-6 control 155k","6","frozen@p800","2","textbook72","72","solved","256","0.8","8","lean_only","fork lean_judge (Lean 4.34 alone); state_eval in-env sampling, max_action 512 max_steps 96; seed 1; sample seed x1","","copied","fork:dan_trajectory-cap6:artifacts/tj6/eval/s2_p800__tb72_x1.json","textbook72|k256|T0.8|lean_only"
"best-9.56M-cap6-trajectory","stage1_best6_s0_p8000","9.56M","lean_staten","scratch","cap-6 control 155k","6","frozen@p8000","0","textbook72","72","solved","256","0.8","14","lean_only","fork lean_judge (Lean 4.34 alone); state_eval in-env sampling, max_action 512 max_steps 96; seed 0; sample seed x0","","recomputed","hf://buckets/dan-pandori/nd-rl/trajectory-cap6/artifacts/tj6/eval/s0_p8000__tb72_x0.jsonl","textbook72|k256|T0.8|lean_only"
"best-9.56M-cap6-trajectory","stage1_best6_s0_p8000","9.56M","lean_staten","scratch","cap-6 control 155k","6","frozen@p8000","0","textbook72","72","pass_at_k_expected_solved","256","0.8","14.0","lean_only","fork lean_judge (Lean 4.34 alone); state_eval in-env sampling, max_action 512 max_steps 96; seed 0; sample seed x0","","recomputed","hf://buckets/dan-pandori/nd-rl/trajectory-cap6/artifacts/tj6/eval/s0_p8000__tb72_x0.jsonl","textbook72|k256|T0.8|lean_only"
"best-9.56M-cap6-trajectory","stage1_best6_s0_p8000","9.56M","lean_staten","scratch","cap-6 control 155k","6","frozen@p8000","0","textbook72","72","solved","256","0.8","13","lean_only","fork lean_judge (Lean 4.34 alone); state_eval in-env sampling, max_action 512 max_steps 96; seed 1; sample seed x1","","copied","fork:dan_trajectory-cap6:artifacts/tj6/eval/s0_p8000__tb72_x1.json","textbook72|k256|T0.8|lean_only"
"best-9.56M-cap6-trajectory","stage1_best6_s1_p8000","9.56M","lean_staten","scratch","cap-6 control 155k","6","frozen@p8000","1","textbook72","72","solved","256","0.8","13","lean_only","fork lean_judge (Lean 4.34 alone); state_eval in-env sampling, max_action 512 max_steps 96; seed 0; sample seed x0","","recomputed","hf://buckets/dan-pandori/nd-rl/trajectory-cap6/artifacts/tj6/eval/s1_p8000__tb72_x0.jsonl","textbook72|k256|T0.8|lean_only"
"best-9.56M-cap6-trajectory","stage1_best6_s1_p8000","9.56M","lean_staten","scratch","cap-6 control 155k","6","frozen@p8000","1","textbook72","72","pass_at_k_expected_solved","256","0.8","13.0","lean_only","fork lean_judge (Lean 4.34 alone); state_eval in-env sampling, max_action 512 max_steps 96; seed 0; sample seed x0","","recomputed","hf://buckets/dan-pandori/nd-rl/trajectory-cap6/artifacts/tj6/eval/s1_p8000__tb72_x0.jsonl","textbook72|k256|T0.8|lean_only"
"best-9.56M-cap6-trajectory","stage1_best6_s1_p8000","9.56M","lean_staten","scratch","cap-6 control 155k","6","frozen@p8000","1","textbook72","72","solved","256","0.8","13","lean_only","fork lean_judge (Lean 4.34 alone); state_eval in-env sampling, max_action 512 max_steps 96; seed 1; sample seed x1","","copied","fork:dan_trajectory-cap6:artifacts/tj6/eval/s1_p8000__tb72_x1.json","textbook72|k256|T0.8|lean_only"
"best-9.56M-cap6-trajectory","stage1_best6_s2_p8000","9.56M","lean_staten","scratch","cap-6 control 155k","6","frozen@p8000","2","textbook72","72","solved","256","0.8","13","lean_only","fork lean_judge (Lean 4.34 alone); state_eval in-env sampling, max_action 512 max_steps 96; seed 0; sample seed x0","","recomputed","hf://buckets/dan-pandori/nd-rl/trajectory-cap6/artifacts/tj6/eval/s2_p8000__tb72_x0.jsonl","textbook72|k256|T0.8|lean_only"
"best-9.56M-cap6-trajectory","stage1_best6_s2_p8000","9.56M","lean_staten","scratch","cap-6 control 155k","6","frozen@p8000","2","textbook72","72","pass_at_k_expected_solved","256","0.8","13.0","lean_only","fork lean_judge (Lean 4.34 alone); state_eval in-env sampling, max_action 512 max_steps 96; seed 0; sample seed x0","","recomputed","hf://buckets/dan-pandori/nd-rl/trajectory-cap6/artifacts/tj6/eval/s2_p8000__tb72_x0.jsonl","textbook72|k256|T0.8|lean_only"
"best-9.56M-cap6-trajectory","stage1_best6_s2_p8000","9.56M","lean_staten","scratch","cap-6 control 155k","6","frozen@p8000","2","textbook72","72","solved","256","0.8","11","lean_only","fork lean_judge (Lean 4.34 alone); state_eval in-env sampling, max_action 512 max_steps 96; seed 1; sample seed x1","","copied","fork:dan_trajectory-cap6:artifacts/tj6/eval/s2_p8000__tb72_x1.json","textbook72|k256|T0.8|lean_only"
"best-9.56M-cap6-trajectory","stage1_best6_s0_pend","9.56M","lean_staten","scratch","cap-6 control 155k","6","frozen@pend","0","textbook72","72","solved","256","0.8","17","lean_only","fork lean_judge (Lean 4.34 alone); state_eval in-env sampling, max_action 512 max_steps 96; seed 0; sample seed x0","","recomputed","hf://buckets/dan-pandori/nd-rl/trajectory-cap6/artifacts/tj6/eval/s0_pend__tb72_x0.jsonl","textbook72|k256|T0.8|lean_only"
"best-9.56M-cap6-trajectory","stage1_best6_s0_pend","9.56M","lean_staten","scratch","cap-6 control 155k","6","frozen@pend","0","textbook72","72","pass_at_k_expected_solved","256","0.8","17.0","lean_only","fork lean_judge (Lean 4.34 alone); state_eval in-env sampling, max_action 512 max_steps 96; seed 0; sample seed x0","","recomputed","hf://buckets/dan-pandori/nd-rl/trajectory-cap6/artifacts/tj6/eval/s0_pend__tb72_x0.jsonl","textbook72|k256|T0.8|lean_only"
"best-9.56M-cap6-trajectory","stage1_best6_s0_pend","9.56M","lean_staten","scratch","cap-6 control 155k","6","frozen@pend","0","textbook72","72","solved","256","0.8","18","lean_only","fork lean_judge (Lean 4.34 alone); state_eval in-env sampling, max_action 512 max_steps 96; seed 1; sample seed x1","","copied","fork:dan_trajectory-cap6:artifacts/tj6/eval/s0_pend__tb72_x1.json","textbook72|k256|T0.8|lean_only"
"best-9.56M-cap6-trajectory","stage1_best6_s1_pend","9.56M","lean_staten","scratch","cap-6 control 155k","6","frozen@pend","1","textbook72","72","solved","256","0.8","14","lean_only","fork lean_judge (Lean 4.34 alone); state_eval in-env sampling, max_action 512 max_steps 96; seed 0; sample seed x0","","recomputed","hf://buckets/dan-pandori/nd-rl/trajectory-cap6/artifacts/tj6/eval/s1_pend__tb72_x0.jsonl","textbook72|k256|T0.8|lean_only"
"best-9.56M-cap6-trajectory","stage1_best6_s1_pend","9.56M","lean_staten","scratch","cap-6 control 155k","6","frozen@pend","1","textbook72","72","pass_at_k_expected_solved","256","0.8","14.0","lean_only","fork lean_judge (Lean 4.34 alone); state_eval in-env sampling, max_action 512 max_steps 96; seed 0; sample seed x0","","recomputed","hf://buckets/dan-pandori/nd-rl/trajectory-cap6/artifacts/tj6/eval/s1_pend__tb72_x0.jsonl","textbook72|k256|T0.8|lean_only"
"best-9.56M-cap6-trajectory","stage1_best6_s1_pend","9.56M","lean_staten","scratch","cap-6 control 155k","6","frozen@pend","1","textbook72","72","solved","256","0.8","18","lean_only","fork lean_judge (Lean 4.34 alone); state_eval in-env sampling, max_action 512 max_steps 96; seed 1; sample seed x1","","copied","fork:dan_trajectory-cap6:artifacts/tj6/eval/s1_pend__tb72_x1.json","textbook72|k256|T0.8|lean_only"
"best-9.56M-cap6-trajectory","stage1_best6_s2_pend","9.56M","lean_staten","scratch","cap-6 control 155k","6","frozen@pend","2","textbook72","72","solved","256","0.8","15","lean_only","fork lean_judge (Lean 4.34 alone); state_eval in-env sampling, max_action 512 max_steps 96; seed 0; sample seed x0","","recomputed","hf://buckets/dan-pandori/nd-rl/trajectory-cap6/artifacts/tj6/eval/s2_pend__tb72_x0.jsonl","textbook72|k256|T0.8|lean_only"
"best-9.56M-cap6-trajectory","stage1_best6_s2_pend","9.56M","lean_staten","scratch","cap-6 control 155k","6","frozen@pend","2","textbook72","72","pass_at_k_expected_solved","256","0.8","15.0","lean_only","fork lean_judge (Lean 4.34 alone); state_eval in-env sampling, max_action 512 max_steps 96; seed 0; sample seed x0","","recomputed","hf://buckets/dan-pandori/nd-rl/trajectory-cap6/artifacts/tj6/eval/s2_pend__tb72_x0.jsonl","textbook72|k256|T0.8|lean_only"
"best-9.56M-cap6-trajectory","stage1_best6_s2_pend","9.56M","lean_staten","scratch","cap-6 control 155k","6","frozen@pend","2","textbook72","72","solved","256","0.8","15","lean_only","fork lean_judge (Lean 4.34 alone); state_eval in-env sampling, max_action 512 max_steps 96; seed 1; sample seed x1","","copied","fork:dan_trajectory-cap6:artifacts/tj6/eval/s2_pend__tb72_x1.json","textbook72|k256|T0.8|lean_only"
"best-9.56M-cap6-trajectory","la_T1_best6_s0_r1","9.56M","lean_staten","scratch","cap-6 control 155k","6","rl1","0","textbook72","72","solved","256","0.8","28","lean_only","fork lean_judge (Lean 4.34 alone); state_eval in-env sampling, max_action 512 max_steps 96; seed 0; sample seed x0","","recomputed","hf://buckets/dan-pandori/nd-rl/trajectory-cap6/artifacts/tj6/eval/s0_r1__tb72_x0.jsonl","textbook72|k256|T0.8|lean_only"
"best-9.56M-cap6-trajectory","la_T1_best6_s0_r1","9.56M","lean_staten","scratch","cap-6 control 155k","6","rl1","0","textbook72","72","pass_at_k_expected_solved","256","0.8","28.0","lean_only","fork lean_judge (Lean 4.34 alone); state_eval in-env sampling, max_action 512 max_steps 96; seed 0; sample seed x0","","recomputed","hf://buckets/dan-pandori/nd-rl/trajectory-cap6/artifacts/tj6/eval/s0_r1__tb72_x0.jsonl","textbook72|k256|T0.8|lean_only"
"best-9.56M-cap6-trajectory","la_T1_best6_s0_r1","9.56M","lean_staten","scratch","cap-6 control 155k","6","rl1","0","textbook72","72","solved","256","0.8","27","lean_only","fork lean_judge (Lean 4.34 alone); state_eval in-env sampling, max_action 512 max_steps 96; seed 1; sample seed x1","","copied","fork:dan_trajectory-cap6:artifacts/tj6/eval/s0_r1__tb72_x1.json","textbook72|k256|T0.8|lean_only"
"best-9.56M-cap6-trajectory","la_T1_best6_s1_r1","9.56M","lean_staten","scratch","cap-6 control 155k","6","rl1","1","textbook72","72","solved","256","0.8","29","lean_only","fork lean_judge (Lean 4.34 alone); state_eval in-env sampling, max_action 512 max_steps 96; seed 0; sample seed x0","","recomputed","hf://buckets/dan-pandori/nd-rl/trajectory-cap6/artifacts/tj6/eval/s1_r1__tb72_x0.jsonl","textbook72|k256|T0.8|lean_only"
"best-9.56M-cap6-trajectory","la_T1_best6_s1_r1","9.56M","lean_staten","scratch","cap-6 control 155k","6","rl1","1","textbook72","72","pass_at_k_expected_solved","256","0.8","29.0","lean_only","fork lean_judge (Lean 4.34 alone); state_eval in-env sampling, max_action 512 max_steps 96; seed 0; sample seed x0","","recomputed","hf://buckets/dan-pandori/nd-rl/trajectory-cap6/artifacts/tj6/eval/s1_r1__tb72_x0.jsonl","textbook72|k256|T0.8|lean_only"
"best-9.56M-cap6-trajectory","la_T1_best6_s1_r1","9.56M","lean_staten","scratch","cap-6 control 155k","6","rl1","1","textbook72","72","solved","256","0.8","27","lean_only","fork lean_judge (Lean 4.34 alone); state_eval in-env sampling, max_action 512 max_steps 96; seed 1; sample seed x1","","copied","fork:dan_trajectory-cap6:artifacts/tj6/eval/s1_r1__tb72_x1.json","textbook72|k256|T0.8|lean_only"
"best-9.56M-cap6-trajectory","la_T1_best6_s2_r1","9.56M","lean_staten","scratch","cap-6 control 155k","6","rl1","2","textbook72","72","solved","256","0.8","27","lean_only","fork lean_judge (Lean 4.34 alone); state_eval in-env sampling, max_action 512 max_steps 96; seed 0; sample seed x0","","recomputed","hf://buckets/dan-pandori/nd-rl/trajectory-cap6/artifacts/tj6/eval/s2_r1__tb72_x0.jsonl","textbook72|k256|T0.8|lean_only"
"best-9.56M-cap6-trajectory","la_T1_best6_s2_r1","9.56M","lean_staten","scratch","cap-6 control 155k","6","rl1","2","textbook72","72","pass_at_k_expected_solved","256","0.8","27.0","lean_only","fork lean_judge (Lean 4.34 alone); state_eval in-env sampling, max_action 512 max_steps 96; seed 0; sample seed x0","","recomputed","hf://buckets/dan-pandori/nd-rl/trajectory-cap6/artifacts/tj6/eval/s2_r1__tb72_x0.jsonl","textbook72|k256|T0.8|lean_only"
"best-9.56M-cap6-trajectory","la_T1_best6_s2_r1","9.56M","lean_staten","scratch","cap-6 control 155k","6","rl1","2","textbook72","72","solved","256","0.8","26","lean_only","fork lean_judge (Lean 4.34 alone); state_eval in-env sampling, max_action 512 max_steps 96; seed 1; sample seed x1","","copied","fork:dan_trajectory-cap6:artifacts/tj6/eval/s2_r1__tb72_x1.json","textbook72|k256|T0.8|lean_only"
"best-9.56M-cap6-trajectory","la_T1_best6_s0_r2","9.56M","lean_staten","scratch","cap-6 control 155k","6","rl2","0","textbook72","72","solved","256","0.8","30","lean_only","fork lean_judge (Lean 4.34 alone); state_eval in-env sampling, max_action 512 max_steps 96; seed 0; sample seed x0","","recomputed","hf://buckets/dan-pandori/nd-rl/trajectory-cap6/artifacts/tj6/eval/s0_r2__tb72_x0.jsonl","textbook72|k256|T0.8|lean_only"
"best-9.56M-cap6-trajectory","la_T1_best6_s0_r2","9.56M","lean_staten","scratch","cap-6 control 155k","6","rl2","0","textbook72","72","pass_at_k_expected_solved","256","0.8","30.0","lean_only","fork lean_judge (Lean 4.34 alone); state_eval in-env sampling, max_action 512 max_steps 96; seed 0; sample seed x0","","recomputed","hf://buckets/dan-pandori/nd-rl/trajectory-cap6/artifacts/tj6/eval/s0_r2__tb72_x0.jsonl","textbook72|k256|T0.8|lean_only"
"best-9.56M-cap6-trajectory","la_T1_best6_s0_r2","9.56M","lean_staten","scratch","cap-6 control 155k","6","rl2","0","textbook72","72","solved","256","0.8","30","lean_only","fork lean_judge (Lean 4.34 alone); state_eval in-env sampling, max_action 512 max_steps 96; seed 1; sample seed x1","","copied","fork:dan_trajectory-cap6:artifacts/tj6/eval/s0_r2__tb72_x1.json","textbook72|k256|T0.8|lean_only"
"best-9.56M-cap6-trajectory","la_T1_best6_s1_r2","9.56M","lean_staten","scratch","cap-6 control 155k","6","rl2","1","textbook72","72","solved","256","0.8","32","lean_only","fork lean_judge (Lean 4.34 alone); state_eval in-env sampling, max_action 512 max_steps 96; seed 0; sample seed x0","","recomputed","hf://buckets/dan-pandori/nd-rl/trajectory-cap6/artifacts/tj6/eval/s1_r2__tb72_x0.jsonl","textbook72|k256|T0.8|lean_only"
"best-9.56M-cap6-trajectory","la_T1_best6_s1_r2","9.56M","lean_staten","scratch","cap-6 control 155k","6","rl2","1","textbook72","72","pass_at_k_expected_solved","256","0.8","32.0","lean_only","fork lean_judge (Lean 4.34 alone); state_eval in-env sampling, max_action 512 max_steps 96; seed 0; sample seed x0","","recomputed","hf://buckets/dan-pandori/nd-rl/trajectory-cap6/artifacts/tj6/eval/s1_r2__tb72_x0.jsonl","textbook72|k256|T0.8|lean_only"
"best-9.56M-cap6-trajectory","la_T1_best6_s1_r2","9.56M","lean_staten","scratch","cap-6 control 155k","6","rl2","1","textbook72","72","solved","256","0.8","29","lean_only","fork lean_judge (Lean 4.34 alone); state_eval in-env sampling, max_action 512 max_steps 96; seed 1; sample seed x1","","copied","fork:dan_trajectory-cap6:artifacts/tj6/eval/s1_r2__tb72_x1.json","textbook72|k256|T0.8|lean_only"
"best-9.56M-cap6-trajectory","la_T1_best6_s2_r2","9.56M","lean_staten","scratch","cap-6 control 155k","6","rl2","2","textbook72","72","solved","256","0.8","30","lean_only","fork lean_judge (Lean 4.34 alone); state_eval in-env sampling, max_action 512 max_steps 96; seed 0; sample seed x0","","recomputed","hf://buckets/dan-pandori/nd-rl/trajectory-cap6/artifacts/tj6/eval/s2_r2__tb72_x0.jsonl","textbook72|k256|T0.8|lean_only"
"best-9.56M-cap6-trajectory","la_T1_best6_s2_r2","9.56M","lean_staten","scratch","cap-6 control 155k","6","rl2","2","textbook72","72","pass_at_k_expected_solved","256","0.8","30.0","lean_only","fork lean_judge (Lean 4.34 alone); state_eval in-env sampling, max_action 512 max_steps 96; seed 0; sample seed x0","","recomputed","hf://buckets/dan-pandori/nd-rl/trajectory-cap6/artifacts/tj6/eval/s2_r2__tb72_x0.jsonl","textbook72|k256|T0.8|lean_only"
"best-9.56M-cap6-trajectory","la_T1_best6_s2_r2","9.56M","lean_staten","scratch","cap-6 control 155k","6","rl2","2","textbook72","72","solved","256","0.8","30","lean_only","fork lean_judge (Lean 4.34 alone); state_eval in-env sampling, max_action 512 max_steps 96; seed 1; sample seed x1","","copied","fork:dan_trajectory-cap6:artifacts/tj6/eval/s2_r2__tb72_x1.json","textbook72|k256|T0.8|lean_only"
"best-9.56M-cap6-trajectory","la_T1_best6_s0_r3","9.56M","lean_staten","scratch","cap-6 control 155k","6","rl3","0","textbook72","72","solved","256","0.8","33","lean_only","fork lean_judge (Lean 4.34 alone); state_eval in-env sampling, max_action 512 max_steps 96; seed 0; sample seed x0","","recomputed","hf://buckets/dan-pandori/nd-rl/trajectory-cap6/artifacts/tj6/eval/s0_r3__tb72_x0.jsonl","textbook72|k256|T0.8|lean_only"
"best-9.56M-cap6-trajectory","la_T1_best6_s0_r3","9.56M","lean_staten","scratch","cap-6 control 155k","6","rl3","0","textbook72","72","pass_at_k_expected_solved","256","0.8","33.0","lean_only","fork lean_judge (Lean 4.34 alone); state_eval in-env sampling, max_action 512 max_steps 96; seed 0; sample seed x0","","recomputed","hf://buckets/dan-pandori/nd-rl/trajectory-cap6/artifacts/tj6/eval/s0_r3__tb72_x0.jsonl","textbook72|k256|T0.8|lean_only"
"best-9.56M-cap6-trajectory","la_T1_best6_s0_r3","9.56M","lean_staten","scratch","cap-6 control 155k","6","rl3","0","textbook72","72","solved","256","0.8","34","lean_only","fork lean_judge (Lean 4.34 alone); state_eval in-env sampling, max_action 512 max_steps 96; seed 1; sample seed x1","","copied","fork:dan_trajectory-cap6:artifacts/tj6/eval/s0_r3__tb72_x1.json","textbook72|k256|T0.8|lean_only"
"best-9.56M-cap6-trajectory","la_T1_best6_s1_r3","9.56M","lean_staten","scratch","cap-6 control 155k","6","rl3","1","textbook72","72","solved","256","0.8","36","lean_only","fork lean_judge (Lean 4.34 alone); state_eval in-env sampling, max_action 512 max_steps 96; seed 0; sample seed x0","","recomputed","hf://buckets/dan-pandori/nd-rl/trajectory-cap6/artifacts/tj6/eval/s1_r3__tb72_x0.jsonl","textbook72|k256|T0.8|lean_only"
"best-9.56M-cap6-trajectory","la_T1_best6_s1_r3","9.56M","lean_staten","scratch","cap-6 control 155k","6","rl3","1","textbook72","72","pass_at_k_expected_solved","256","0.8","36.0","lean_only","fork lean_judge (Lean 4.34 alone); state_eval in-env sampling, max_action 512 max_steps 96; seed 0; sample seed x0","","recomputed","hf://buckets/dan-pandori/nd-rl/trajectory-cap6/artifacts/tj6/eval/s1_r3__tb72_x0.jsonl","textbook72|k256|T0.8|lean_only"
"best-9.56M-cap6-trajectory","la_T1_best6_s1_r3","9.56M","lean_staten","scratch","cap-6 control 155k","6","rl3","1","textbook72","72","solved","256","0.8","36","lean_only","fork lean_judge (Lean 4.34 alone); state_eval in-env sampling, max_action 512 max_steps 96; seed 1; sample seed x1","","copied","fork:dan_trajectory-cap6:artifacts/tj6/eval/s1_r3__tb72_x1.json","textbook72|k256|T0.8|lean_only"
"best-9.56M-cap6-trajectory","la_T1_best6_s2_r3","9.56M","lean_staten","scratch","cap-6 control 155k","6","rl3","2","textbook72","72","solved","256","0.8","35","lean_only","fork lean_judge (Lean 4.34 alone); state_eval in-env sampling, max_action 512 max_steps 96; seed 0; sample seed x0","","recomputed","hf://buckets/dan-pandori/nd-rl/trajectory-cap6/artifacts/tj6/eval/s2_r3__tb72_x0.jsonl","textbook72|k256|T0.8|lean_only"
"best-9.56M-cap6-trajectory","la_T1_best6_s2_r3","9.56M","lean_staten","scratch","cap-6 control 155k","6","rl3","2","textbook72","72","pass_at_k_expected_solved","256","0.8","35.0","lean_only","fork lean_judge (Lean 4.34 alone); state_eval in-env sampling, max_action 512 max_steps 96; seed 0; sample seed x0","","recomputed","hf://buckets/dan-pandori/nd-rl/trajectory-cap6/artifacts/tj6/eval/s2_r3__tb72_x0.jsonl","textbook72|k256|T0.8|lean_only"
"best-9.56M-cap6-trajectory","la_T1_best6_s2_r3","9.56M","lean_staten","scratch","cap-6 control 155k","6","rl3","2","textbook72","72","solved","256","0.8","34","lean_only","fork lean_judge (Lean 4.34 alone); state_eval in-env sampling, max_action 512 max_steps 96; seed 1; sample seed x1","","copied","fork:dan_trajectory-cap6:artifacts/tj6/eval/s2_r3__tb72_x1.json","textbook72|k256|T0.8|lean_only"
"best-9.56M-cap6-trajectory","la_T1_best6_s0_r4","9.56M","lean_staten","scratch","cap-6 control 155k","6","rl4","0","textbook72","72","solved","256","0.8","39","lean_only","fork lean_judge (Lean 4.34 alone); state_eval in-env sampling, max_action 512 max_steps 96; seed 0; sample seed x0","","recomputed","hf://buckets/dan-pandori/nd-rl/trajectory-cap6/artifacts/tj6/eval/s0_r4__tb72_x0.jsonl","textbook72|k256|T0.8|lean_only"
"best-9.56M-cap6-trajectory","la_T1_best6_s0_r4","9.56M","lean_staten","scratch","cap-6 control 155k","6","rl4","0","textbook72","72","pass_at_k_expected_solved","256","0.8","39.0","lean_only","fork lean_judge (Lean 4.34 alone); state_eval in-env sampling, max_action 512 max_steps 96; seed 0; sample seed x0","","recomputed","hf://buckets/dan-pandori/nd-rl/trajectory-cap6/artifacts/tj6/eval/s0_r4__tb72_x0.jsonl","textbook72|k256|T0.8|lean_only"
"best-9.56M-cap6-trajectory","la_T1_best6_s0_r4","9.56M","lean_staten","scratch","cap-6 control 155k","6","rl4","0","textbook72","72","solved","256","0.8","39","lean_only","fork lean_judge (Lean 4.34 alone); state_eval in-env sampling, max_action 512 max_steps 96; seed 1; sample seed x1","","copied","fork:dan_trajectory-cap6:artifacts/tj6/eval/s0_r4__tb72_x1.json","textbook72|k256|T0.8|lean_only"
"best-9.56M-cap6-trajectory","la_T1_best6_s1_r4","9.56M","lean_staten","scratch","cap-6 control 155k","6","rl4","1","textbook72","72","solved","256","0.8","39","lean_only","fork lean_judge (Lean 4.34 alone); state_eval in-env sampling, max_action 512 max_steps 96; seed 0; sample seed x0","","recomputed","hf://buckets/dan-pandori/nd-rl/trajectory-cap6/artifacts/tj6/eval/s1_r4__tb72_x0.jsonl","textbook72|k256|T0.8|lean_only"
"best-9.56M-cap6-trajectory","la_T1_best6_s1_r4","9.56M","lean_staten","scratch","cap-6 control 155k","6","rl4","1","textbook72","72","pass_at_k_expected_solved","256","0.8","39.0","lean_only","fork lean_judge (Lean 4.34 alone); state_eval in-env sampling, max_action 512 max_steps 96; seed 0; sample seed x0","","recomputed","hf://buckets/dan-pandori/nd-rl/trajectory-cap6/artifacts/tj6/eval/s1_r4__tb72_x0.jsonl","textbook72|k256|T0.8|lean_only"
"best-9.56M-cap6-trajectory","la_T1_best6_s1_r4","9.56M","lean_staten","scratch","cap-6 control 155k","6","rl4","1","textbook72","72","solved","256","0.8","41","lean_only","fork lean_judge (Lean 4.34 alone); state_eval in-env sampling, max_action 512 max_steps 96; seed 1; sample seed x1","","copied","fork:dan_trajectory-cap6:artifacts/tj6/eval/s1_r4__tb72_x1.json","textbook72|k256|T0.8|lean_only"
"best-9.56M-cap6-trajectory","la_T1_best6_s2_r4","9.56M","lean_staten","scratch","cap-6 control 155k","6","rl4","2","textbook72","72","solved","256","0.8","36","lean_only","fork lean_judge (Lean 4.34 alone); state_eval in-env sampling, max_action 512 max_steps 96; seed 0; sample seed x0","","recomputed","hf://buckets/dan-pandori/nd-rl/trajectory-cap6/artifacts/tj6/eval/s2_r4__tb72_x0.jsonl","textbook72|k256|T0.8|lean_only"
"best-9.56M-cap6-trajectory","la_T1_best6_s2_r4","9.56M","lean_staten","scratch","cap-6 control 155k","6","rl4","2","textbook72","72","pass_at_k_expected_solved","256","0.8","36.0","lean_only","fork lean_judge (Lean 4.34 alone); state_eval in-env sampling, max_action 512 max_steps 96; seed 0; sample seed x0","","recomputed","hf://buckets/dan-pandori/nd-rl/trajectory-cap6/artifacts/tj6/eval/s2_r4__tb72_x0.jsonl","textbook72|k256|T0.8|lean_only"
"best-9.56M-cap6-trajectory","la_T1_best6_s2_r4","9.56M","lean_staten","scratch","cap-6 control 155k","6","rl4","2","textbook72","72","solved","256","0.8","37","lean_only","fork lean_judge (Lean 4.34 alone); state_eval in-env sampling, max_action 512 max_steps 96; seed 1; sample seed x1","","copied","fork:dan_trajectory-cap6:artifacts/tj6/eval/s2_r4__tb72_x1.json","textbook72|k256|T0.8|lean_only"
"best-9.56M-cap6-trajectory","la_T1_best6_s0_r5","9.56M","lean_staten","scratch","cap-6 control 155k","6","rl5","0","textbook72","72","solved","256","0.8","39","lean_only","fork lean_judge (Lean 4.34 alone); state_eval in-env sampling, max_action 512 max_steps 96; seed 0; sample seed x0","","recomputed","hf://buckets/dan-pandori/nd-rl/trajectory-cap6/artifacts/tj6/eval/s0_r5__tb72_x0.jsonl","textbook72|k256|T0.8|lean_only"
"best-9.56M-cap6-trajectory","la_T1_best6_s0_r5","9.56M","lean_staten","scratch","cap-6 control 155k","6","rl5","0","textbook72","72","pass_at_k_expected_solved","256","0.8","39.0","lean_only","fork lean_judge (Lean 4.34 alone); state_eval in-env sampling, max_action 512 max_steps 96; seed 0; sample seed x0","","recomputed","hf://buckets/dan-pandori/nd-rl/trajectory-cap6/artifacts/tj6/eval/s0_r5__tb72_x0.jsonl","textbook72|k256|T0.8|lean_only"
"best-9.56M-cap6-trajectory","la_T1_best6_s0_r5","9.56M","lean_staten","scratch","cap-6 control 155k","6","rl5","0","textbook72","72","solved","256","0.8","39","lean_only","fork lean_judge (Lean 4.34 alone); state_eval in-env sampling, max_action 512 max_steps 96; seed 1; sample seed x1","","copied","fork:dan_trajectory-cap6:artifacts/tj6/eval/s0_r5__tb72_x1.json","textbook72|k256|T0.8|lean_only"
"best-9.56M-cap6-trajectory","la_T1_best6_s1_r5","9.56M","lean_staten","scratch","cap-6 control 155k","6","rl5","1","textbook72","72","solved","256","0.8","42","lean_only","fork lean_judge (Lean 4.34 alone); state_eval in-env sampling, max_action 512 max_steps 96; seed 0; sample seed x0","","recomputed","hf://buckets/dan-pandori/nd-rl/trajectory-cap6/artifacts/tj6/eval/s1_r5__tb72_x0.jsonl","textbook72|k256|T0.8|lean_only"
"best-9.56M-cap6-trajectory","la_T1_best6_s1_r5","9.56M","lean_staten","scratch","cap-6 control 155k","6","rl5","1","textbook72","72","pass_at_k_expected_solved","256","0.8","42.0","lean_only","fork lean_judge (Lean 4.34 alone); state_eval in-env sampling, max_action 512 max_steps 96; seed 0; sample seed x0","","recomputed","hf://buckets/dan-pandori/nd-rl/trajectory-cap6/artifacts/tj6/eval/s1_r5__tb72_x0.jsonl","textbook72|k256|T0.8|lean_only"
"best-9.56M-cap6-trajectory","la_T1_best6_s1_r5","9.56M","lean_staten","scratch","cap-6 control 155k","6","rl5","1","textbook72","72","solved","256","0.8","41","lean_only","fork lean_judge (Lean 4.34 alone); state_eval in-env sampling, max_action 512 max_steps 96; seed 1; sample seed x1","","copied","fork:dan_trajectory-cap6:artifacts/tj6/eval/s1_r5__tb72_x1.json","textbook72|k256|T0.8|lean_only"
"best-9.56M-cap6-trajectory","la_T1_best6_s2_r5","9.56M","lean_staten","scratch","cap-6 control 155k","6","rl5","2","textbook72","72","solved","256","0.8","39","lean_only","fork lean_judge (Lean 4.34 alone); state_eval in-env sampling, max_action 512 max_steps 96; seed 0; sample seed x0","","recomputed","hf://buckets/dan-pandori/nd-rl/trajectory-cap6/artifacts/tj6/eval/s2_r5__tb72_x0.jsonl","textbook72|k256|T0.8|lean_only"
"best-9.56M-cap6-trajectory","la_T1_best6_s2_r5","9.56M","lean_staten","scratch","cap-6 control 155k","6","rl5","2","textbook72","72","pass_at_k_expected_solved","256","0.8","39.0","lean_only","fork lean_judge (Lean 4.34 alone); state_eval in-env sampling, max_action 512 max_steps 96; seed 0; sample seed x0","","recomputed","hf://buckets/dan-pandori/nd-rl/trajectory-cap6/artifacts/tj6/eval/s2_r5__tb72_x0.jsonl","textbook72|k256|T0.8|lean_only"
"best-9.56M-cap6-trajectory","la_T1_best6_s2_r5","9.56M","lean_staten","scratch","cap-6 control 155k","6","rl5","2","textbook72","72","solved","256","0.8","38","lean_only","fork lean_judge (Lean 4.34 alone); state_eval in-env sampling, max_action 512 max_steps 96; seed 1; sample seed x1","","copied","fork:dan_trajectory-cap6:artifacts/tj6/eval/s2_r5__tb72_x1.json","textbook72|k256|T0.8|lean_only"
"best-9.56M-cap6-trajectory","la_T1_best6_s0_r6","9.56M","lean_staten","scratch","cap-6 control 155k","6","rl6","0","textbook72","72","solved","256","0.8","42","lean_only","fork lean_judge (Lean 4.34 alone); state_eval in-env sampling, max_action 512 max_steps 96; seed 0; sample seed x0","","recomputed","hf://buckets/dan-pandori/nd-rl/trajectory-cap6/artifacts/tj6/eval/s0_r6__tb72_x0.jsonl","textbook72|k256|T0.8|lean_only"
"best-9.56M-cap6-trajectory","la_T1_best6_s0_r6","9.56M","lean_staten","scratch","cap-6 control 155k","6","rl6","0","textbook72","72","pass_at_k_expected_solved","256","0.8","42.0","lean_only","fork lean_judge (Lean 4.34 alone); state_eval in-env sampling, max_action 512 max_steps 96; seed 0; sample seed x0","","recomputed","hf://buckets/dan-pandori/nd-rl/trajectory-cap6/artifacts/tj6/eval/s0_r6__tb72_x0.jsonl","textbook72|k256|T0.8|lean_only"
"best-9.56M-cap6-trajectory","la_T1_best6_s0_r6","9.56M","lean_staten","scratch","cap-6 control 155k","6","rl6","0","textbook72","72","solved","256","0.8","42","lean_only","fork lean_judge (Lean 4.34 alone); state_eval in-env sampling, max_action 512 max_steps 96; seed 1; sample seed x1","","copied","fork:dan_trajectory-cap6:artifacts/tj6/eval/s0_r6__tb72_x1.json","textbook72|k256|T0.8|lean_only"
"best-9.56M-cap6-trajectory","la_T1_best6_s1_r6","9.56M","lean_staten","scratch","cap-6 control 155k","6","rl6","1","textbook72","72","solved","256","0.8","42","lean_only","fork lean_judge (Lean 4.34 alone); state_eval in-env sampling, max_action 512 max_steps 96; seed 0; sample seed x0","","recomputed","hf://buckets/dan-pandori/nd-rl/trajectory-cap6/artifacts/tj6/eval/s1_r6__tb72_x0.jsonl","textbook72|k256|T0.8|lean_only"
"best-9.56M-cap6-trajectory","la_T1_best6_s1_r6","9.56M","lean_staten","scratch","cap-6 control 155k","6","rl6","1","textbook72","72","pass_at_k_expected_solved","256","0.8","42.0","lean_only","fork lean_judge (Lean 4.34 alone); state_eval in-env sampling, max_action 512 max_steps 96; seed 0; sample seed x0","","recomputed","hf://buckets/dan-pandori/nd-rl/trajectory-cap6/artifacts/tj6/eval/s1_r6__tb72_x0.jsonl","textbook72|k256|T0.8|lean_only"
"best-9.56M-cap6-trajectory","la_T1_best6_s1_r6","9.56M","lean_staten","scratch","cap-6 control 155k","6","rl6","1","textbook72","72","solved","256","0.8","42","lean_only","fork lean_judge (Lean 4.34 alone); state_eval in-env sampling, max_action 512 max_steps 96; seed 1; sample seed x1","","copied","fork:dan_trajectory-cap6:artifacts/tj6/eval/s1_r6__tb72_x1.json","textbook72|k256|T0.8|lean_only"
"best-9.56M-cap6-trajectory","la_T1_best6_s2_r6","9.56M","lean_staten","scratch","cap-6 control 155k","6","rl6","2","textbook72","72","solved","256","0.8","40","lean_only","fork lean_judge (Lean 4.34 alone); state_eval in-env sampling, max_action 512 max_steps 96; seed 0; sample seed x0","","recomputed","hf://buckets/dan-pandori/nd-rl/trajectory-cap6/artifacts/tj6/eval/s2_r6__tb72_x0.jsonl","textbook72|k256|T0.8|lean_only"
"best-9.56M-cap6-trajectory","la_T1_best6_s2_r6","9.56M","lean_staten","scratch","cap-6 control 155k","6","rl6","2","textbook72","72","pass_at_k_expected_solved","256","0.8","40.0","lean_only","fork lean_judge (Lean 4.34 alone); state_eval in-env sampling, max_action 512 max_steps 96; seed 0; sample seed x0","","recomputed","hf://buckets/dan-pandori/nd-rl/trajectory-cap6/artifacts/tj6/eval/s2_r6__tb72_x0.jsonl","textbook72|k256|T0.8|lean_only"
"best-9.56M-cap6-trajectory","la_T1_best6_s2_r6","9.56M","lean_staten","scratch","cap-6 control 155k","6","rl6","2","textbook72","72","solved","256","0.8","39","lean_only","fork lean_judge (Lean 4.34 alone); state_eval in-env sampling, max_action 512 max_steps 96; seed 1; sample seed x1","","copied","fork:dan_trajectory-cap6:artifacts/tj6/eval/s2_r6__tb72_x1.json","textbook72|k256|T0.8|lean_only"
"best-9.56M-cap6-trajectory","la_T1_best6_s0_r7","9.56M","lean_staten","scratch","cap-6 control 155k","6","rl7","0","textbook72","72","solved","256","0.8","39","lean_only","fork lean_judge (Lean 4.34 alone); state_eval in-env sampling, max_action 512 max_steps 96; seed 0; sample seed x0","","recomputed","hf://buckets/dan-pandori/nd-rl/trajectory-cap6/artifacts/tj6/eval/s0_r7__tb72_x0.jsonl","textbook72|k256|T0.8|lean_only"
"best-9.56M-cap6-trajectory","la_T1_best6_s0_r7","9.56M","lean_staten","scratch","cap-6 control 155k","6","rl7","0","textbook72","72","pass_at_k_expected_solved","256","0.8","39.0","lean_only","fork lean_judge (Lean 4.34 alone); state_eval in-env sampling, max_action 512 max_steps 96; seed 0; sample seed x0","","recomputed","hf://buckets/dan-pandori/nd-rl/trajectory-cap6/artifacts/tj6/eval/s0_r7__tb72_x0.jsonl","textbook72|k256|T0.8|lean_only"
"best-9.56M-cap6-trajectory","la_T1_best6_s0_r7","9.56M","lean_staten","scratch","cap-6 control 155k","6","rl7","0","textbook72","72","solved","256","0.8","39","lean_only","fork lean_judge (Lean 4.34 alone); state_eval in-env sampling, max_action 512 max_steps 96; seed 1; sample seed x1","","copied","fork:dan_trajectory-cap6:artifacts/tj6/eval/s0_r7__tb72_x1.json","textbook72|k256|T0.8|lean_only"
"best-9.56M-cap6-trajectory","la_T1_best6_s1_r7","9.56M","lean_staten","scratch","cap-6 control 155k","6","rl7","1","textbook72","72","solved","256","0.8","42","lean_only","fork lean_judge (Lean 4.34 alone); state_eval in-env sampling, max_action 512 max_steps 96; seed 0; sample seed x0","","recomputed","hf://buckets/dan-pandori/nd-rl/trajectory-cap6/artifacts/tj6/eval/s1_r7__tb72_x0.jsonl","textbook72|k256|T0.8|lean_only"
"best-9.56M-cap6-trajectory","la_T1_best6_s1_r7","9.56M","lean_staten","scratch","cap-6 control 155k","6","rl7","1","textbook72","72","pass_at_k_expected_solved","256","0.8","42.0","lean_only","fork lean_judge (Lean 4.34 alone); state_eval in-env sampling, max_action 512 max_steps 96; seed 0; sample seed x0","","recomputed","hf://buckets/dan-pandori/nd-rl/trajectory-cap6/artifacts/tj6/eval/s1_r7__tb72_x0.jsonl","textbook72|k256|T0.8|lean_only"
"best-9.56M-cap6-trajectory","la_T1_best6_s1_r7","9.56M","lean_staten","scratch","cap-6 control 155k","6","rl7","1","textbook72","72","solved","256","0.8","43","lean_only","fork lean_judge (Lean 4.34 alone); state_eval in-env sampling, max_action 512 max_steps 96; seed 1; sample seed x1","","copied","fork:dan_trajectory-cap6:artifacts/tj6/eval/s1_r7__tb72_x1.json","textbook72|k256|T0.8|lean_only"
"best-9.56M-cap6-trajectory","la_T1_best6_s2_r7","9.56M","lean_staten","scratch","cap-6 control 155k","6","rl7","2","textbook72","72","solved","256","0.8","37","lean_only","fork lean_judge (Lean 4.34 alone); state_eval in-env sampling, max_action 512 max_steps 96; seed 0; sample seed x0","","recomputed","hf://buckets/dan-pandori/nd-rl/trajectory-cap6/artifacts/tj6/eval/s2_r7__tb72_x0.jsonl","textbook72|k256|T0.8|lean_only"
"best-9.56M-cap6-trajectory","la_T1_best6_s2_r7","9.56M","lean_staten","scratch","cap-6 control 155k","6","rl7","2","textbook72","72","pass_at_k_expected_solved","256","0.8","37.0","lean_only","fork lean_judge (Lean 4.34 alone); state_eval in-env sampling, max_action 512 max_steps 96; seed 0; sample seed x0","","recomputed","hf://buckets/dan-pandori/nd-rl/trajectory-cap6/artifacts/tj6/eval/s2_r7__tb72_x0.jsonl","textbook72|k256|T0.8|lean_only"
"best-9.56M-cap6-trajectory","la_T1_best6_s2_r7","9.56M","lean_staten","scratch","cap-6 control 155k","6","rl7","2","textbook72","72","solved","256","0.8","36","lean_only","fork lean_judge (Lean 4.34 alone); state_eval in-env sampling, max_action 512 max_steps 96; seed 1; sample seed x1","","copied","fork:dan_trajectory-cap6:artifacts/tj6/eval/s2_r7__tb72_x1.json","textbook72|k256|T0.8|lean_only"
"ours-3.2M-SN-cap12","la_T1_SN12_s0_r8","3.2M","lean_staten","scratch","K12 155k","12","T1","0","textbook72","72","solved","256","0.8","36","lean_only","fork lean_judge (Lean 4.34 alone); state_eval in-env sampling, max_action 512 max_steps 96; seed 0; compute-match read, batch 2048 (re-read of textbook72-run ckpt)","2026-10-02","recomputed","hf://buckets/dan-pandori/nd-rl/compute-match/artifacts/cm/eval/T1_SN12_s0__tb72.jsonl","textbook72|k256|T0.8|lean_only"
"ours-3.2M-SN-cap12","la_T1_SN12_s0_r8","3.2M","lean_staten","scratch","K12 155k","12","T1","0","textbook72","72","pass_at_k_expected_solved","256","0.8","36.0","lean_only","fork lean_judge (Lean 4.34 alone); state_eval in-env sampling, max_action 512 max_steps 96; seed 0; compute-match read, batch 2048 (re-read of textbook72-run ckpt)","2026-10-02","recomputed","hf://buckets/dan-pandori/nd-rl/compute-match/artifacts/cm/eval/T1_SN12_s0__tb72.jsonl","textbook72|k256|T0.8|lean_only"
"ours-3.2M-SN-cap12","la_T1_SN12_s0_r8","3.2M","lean_staten","scratch","K12 155k","12","T1","0","textbook72","72","solved","256","0.8","37","lean_only","fork lean_judge (Lean 4.34 alone); state_eval in-env sampling, max_action 512 max_steps 96; seed 0; textbook72 run, batch 4096","2026-09-30","recomputed","hf://buckets/dan-pandori/nd-rl/textbook72/artifacts/textbook72/eval/T1_SN12_s0.jsonl","textbook72|k256|T0.8|lean_only"
"ours-3.2M-SN-cap12","la_T1_SN12_s0_r8","3.2M","lean_staten","scratch","K12 155k","12","T1","0","textbook72","72","pass_at_k_expected_solved","256","0.8","37.0","lean_only","fork lean_judge (Lean 4.34 alone); state_eval in-env sampling, max_action 512 max_steps 96; seed 0; textbook72 run, batch 4096","2026-09-30","recomputed","hf://buckets/dan-pandori/nd-rl/textbook72/artifacts/textbook72/eval/T1_SN12_s0.jsonl","textbook72|k256|T0.8|lean_only"
"ours-3.2M-SN-cap12","la_T1_SN12_s1_r8","3.2M","lean_staten","scratch","K12 155k","12","T1","1","textbook72","72","solved","256","0.8","40","lean_only","fork lean_judge (Lean 4.34 alone); state_eval in-env sampling, max_action 512 max_steps 96; seed 0; compute-match read, batch 2048 (re-read of textbook72-run ckpt)","2026-10-02","recomputed","hf://buckets/dan-pandori/nd-rl/compute-match/artifacts/cm/eval/T1_SN12_s1__tb72.jsonl","textbook72|k256|T0.8|lean_only"
"ours-3.2M-SN-cap12","la_T1_SN12_s1_r8","3.2M","lean_staten","scratch","K12 155k","12","T1","1","textbook72","72","pass_at_k_expected_solved","256","0.8","40.0","lean_only","fork lean_judge (Lean 4.34 alone); state_eval in-env sampling, max_action 512 max_steps 96; seed 0; compute-match read, batch 2048 (re-read of textbook72-run ckpt)","2026-10-02","recomputed","hf://buckets/dan-pandori/nd-rl/compute-match/artifacts/cm/eval/T1_SN12_s1__tb72.jsonl","textbook72|k256|T0.8|lean_only"
"ours-3.2M-SN-cap12","la_T1_SN12_s1_r8","3.2M","lean_staten","scratch","K12 155k","12","T1","1","textbook72","72","solved","256","0.8","38","lean_only","fork lean_judge (Lean 4.34 alone); state_eval in-env sampling, max_action 512 max_steps 96; seed 0; textbook72 run, batch 4096","2026-09-30","recomputed","hf://buckets/dan-pandori/nd-rl/textbook72/artifacts/textbook72/eval/T1_SN12_s1.jsonl","textbook72|k256|T0.8|lean_only"
"ours-3.2M-SN-cap12","la_T1_SN12_s1_r8","3.2M","lean_staten","scratch","K12 155k","12","T1","1","textbook72","72","pass_at_k_expected_solved","256","0.8","38.0","lean_only","fork lean_judge (Lean 4.34 alone); state_eval in-env sampling, max_action 512 max_steps 96; seed 0; textbook72 run, batch 4096","2026-09-30","recomputed","hf://buckets/dan-pandori/nd-rl/textbook72/artifacts/textbook72/eval/T1_SN12_s1.jsonl","textbook72|k256|T0.8|lean_only"
"ours-3.2M-SN-cap12","la_T1_SN12_s2_r8","3.2M","lean_staten","scratch","K12 155k","12","T1","2","textbook72","72","solved","256","0.8","36","lean_only","fork lean_judge (Lean 4.34 alone); state_eval in-env sampling, max_action 512 max_steps 96; seed 0; compute-match read, batch 2048 (re-read of textbook72-run ckpt)","2026-10-02","recomputed","hf://buckets/dan-pandori/nd-rl/compute-match/artifacts/cm/eval/T1_SN12_s2__tb72.jsonl","textbook72|k256|T0.8|lean_only"
"ours-3.2M-SN-cap12","la_T1_SN12_s2_r8","3.2M","lean_staten","scratch","K12 155k","12","T1","2","textbook72","72","pass_at_k_expected_solved","256","0.8","36.0","lean_only","fork lean_judge (Lean 4.34 alone); state_eval in-env sampling, max_action 512 max_steps 96; seed 0; compute-match read, batch 2048 (re-read of textbook72-run ckpt)","2026-10-02","recomputed","hf://buckets/dan-pandori/nd-rl/compute-match/artifacts/cm/eval/T1_SN12_s2__tb72.jsonl","textbook72|k256|T0.8|lean_only"
"ours-3.2M-SN-cap12","la_T1_SN12_s2_r8","3.2M","lean_staten","scratch","K12 155k","12","T1","2","textbook72","72","solved","256","0.8","36","lean_only","fork lean_judge (Lean 4.34 alone); state_eval in-env sampling, max_action 512 max_steps 96; seed 0; textbook72 run, batch 4096","2026-09-30","recomputed","hf://buckets/dan-pandori/nd-rl/textbook72/artifacts/textbook72/eval/T1_SN12_s2.jsonl","textbook72|k256|T0.8|lean_only"
"ours-3.2M-SN-cap12","la_T1_SN12_s2_r8","3.2M","lean_staten","scratch","K12 155k","12","T1","2","textbook72","72","pass_at_k_expected_solved","256","0.8","36.0","lean_only","fork lean_judge (Lean 4.34 alone); state_eval in-env sampling, max_action 512 max_steps 96; seed 0; textbook72 run, batch 4096","2026-09-30","recomputed","hf://buckets/dan-pandori/nd-rl/textbook72/artifacts/textbook72/eval/T1_SN12_s2.jsonl","textbook72|k256|T0.8|lean_only"
"ours-3.2M-SN-cap12","la_T1_SN12_s3_r8","3.2M","lean_staten","scratch","K12 155k","12","T1","3","textbook72","72","solved","256","0.8","38","lean_only","fork lean_judge (Lean 4.34 alone); state_eval in-env sampling, max_action 512 max_steps 96; seed 0; textbook72 run, batch 4096","2026-09-30","recomputed","hf://buckets/dan-pandori/nd-rl/textbook72/artifacts/textbook72/eval/T1_SN12_s3.jsonl","textbook72|k256|T0.8|lean_only"
"ours-3.2M-SN-cap12","la_T1_SN12_s3_r8","3.2M","lean_staten","scratch","K12 155k","12","T1","3","textbook72","72","pass_at_k_expected_solved","256","0.8","38.0","lean_only","fork lean_judge (Lean 4.34 alone); state_eval in-env sampling, max_action 512 max_steps 96; seed 0; textbook72 run, batch 4096","2026-09-30","recomputed","hf://buckets/dan-pandori/nd-rl/textbook72/artifacts/textbook72/eval/T1_SN12_s3.jsonl","textbook72|k256|T0.8|lean_only"
"ours-3.2M-SN-cap12","stage1_SN12_s0","3.2M","lean_staten","scratch","K12 155k","12","frozen","0","textbook72","72","solved","256","0.8","26","lean_only","fork lean_judge (Lean 4.34 alone); state_eval in-env sampling, max_action 512 max_steps 96; seed 0; textbook72 run, batch 4096","2026-09-30","recomputed","hf://buckets/dan-pandori/nd-rl/textbook72/artifacts/textbook72/eval/Fz_SN12_s0.jsonl","textbook72|k256|T0.8|lean_only"
"ours-3.2M-SN-cap12","stage1_SN12_s0","3.2M","lean_staten","scratch","K12 155k","12","frozen","0","textbook72","72","pass_at_k_expected_solved","256","0.8","26.0","lean_only","fork lean_judge (Lean 4.34 alone); state_eval in-env sampling, max_action 512 max_steps 96; seed 0; textbook72 run, batch 4096","2026-09-30","recomputed","hf://buckets/dan-pandori/nd-rl/textbook72/artifacts/textbook72/eval/Fz_SN12_s0.jsonl","textbook72|k256|T0.8|lean_only"
"ours-3.2M-SN-cap12","stage1_SN12_s1","3.2M","lean_staten","scratch","K12 155k","12","frozen","1","textbook72","72","solved","256","0.8","29","lean_only","fork lean_judge (Lean 4.34 alone); state_eval in-env sampling, max_action 512 max_steps 96; seed 0; textbook72 run, batch 4096","2026-09-30","recomputed","hf://buckets/dan-pandori/nd-rl/textbook72/artifacts/textbook72/eval/Fz_SN12_s1.jsonl","textbook72|k256|T0.8|lean_only"
"ours-3.2M-SN-cap12","stage1_SN12_s1","3.2M","lean_staten","scratch","K12 155k","12","frozen","1","textbook72","72","pass_at_k_expected_solved","256","0.8","29.0","lean_only","fork lean_judge (Lean 4.34 alone); state_eval in-env sampling, max_action 512 max_steps 96; seed 0; textbook72 run, batch 4096","2026-09-30","recomputed","hf://buckets/dan-pandori/nd-rl/textbook72/artifacts/textbook72/eval/Fz_SN12_s1.jsonl","textbook72|k256|T0.8|lean_only"
"ours-3.2M-SN-cap12","stage1_SN12_s2","3.2M","lean_staten","scratch","K12 155k","12","frozen","2","textbook72","72","solved","256","0.8","32","lean_only","fork lean_judge (Lean 4.34 alone); state_eval in-env sampling, max_action 512 max_steps 96; seed 0; textbook72 run, batch 4096","2026-09-30","recomputed","hf://buckets/dan-pandori/nd-rl/textbook72/artifacts/textbook72/eval/Fz_SN12_s2.jsonl","textbook72|k256|T0.8|lean_only"
"ours-3.2M-SN-cap12","stage1_SN12_s2","3.2M","lean_staten","scratch","K12 155k","12","frozen","2","textbook72","72","pass_at_k_expected_solved","256","0.8","32.0","lean_only","fork lean_judge (Lean 4.34 alone); state_eval in-env sampling, max_action 512 max_steps 96; seed 0; textbook72 run, batch 4096","2026-09-30","recomputed","hf://buckets/dan-pandori/nd-rl/textbook72/artifacts/textbook72/eval/Fz_SN12_s2.jsonl","textbook72|k256|T0.8|lean_only"
"ours-3.2M-SN-cap12","stage1_SN12_s3","3.2M","lean_staten","scratch","K12 155k","12","frozen","3","textbook72","72","solved","256","0.8","26","lean_only","fork lean_judge (Lean 4.34 alone); state_eval in-env sampling, max_action 512 max_steps 96; seed 0; textbook72 run, batch 4096","2026-09-30","recomputed","hf://buckets/dan-pandori/nd-rl/textbook72/artifacts/textbook72/eval/Fz_SN12_s3.jsonl","textbook72|k256|T0.8|lean_only"
"ours-3.2M-SN-cap12","stage1_SN12_s3","3.2M","lean_staten","scratch","K12 155k","12","frozen","3","textbook72","72","pass_at_k_expected_solved","256","0.8","26.0","lean_only","fork lean_judge (Lean 4.34 alone); state_eval in-env sampling, max_action 512 max_steps 96; seed 0; textbook72 run, batch 4096","2026-09-30","recomputed","hf://buckets/dan-pandori/nd-rl/textbook72/artifacts/textbook72/eval/Fz_SN12_s3.jsonl","textbook72|k256|T0.8|lean_only"
"ours-3.2M-SN-cap12-k64ladder","la_T1_cm12k64_s0_r8","3.2M","lean_staten","scratch","K12 155k","12","T1-k64","0","textbook72","72","solved","256","0.8","36","lean_only","fork lean_judge (Lean 4.34 alone); state_eval in-env sampling, max_action 512 max_steps 96; seed 0; compute-match read, batch 2048","2026-10-02","recomputed","hf://buckets/dan-pandori/nd-rl/compute-match/artifacts/cm/eval/T1_cm12k64_s0__tb72.jsonl","textbook72|k256|T0.8|lean_only"
"ours-3.2M-SN-cap12-k64ladder","la_T1_cm12k64_s0_r8","3.2M","lean_staten","scratch","K12 155k","12","T1-k64","0","textbook72","72","pass_at_k_expected_solved","256","0.8","36.0","lean_only","fork lean_judge (Lean 4.34 alone); state_eval in-env sampling, max_action 512 max_steps 96; seed 0; compute-match read, batch 2048","2026-10-02","recomputed","hf://buckets/dan-pandori/nd-rl/compute-match/artifacts/cm/eval/T1_cm12k64_s0__tb72.jsonl","textbook72|k256|T0.8|lean_only"
"ours-3.2M-SN-cap12-k64ladder","la_T1_cm12k64_s1_r8","3.2M","lean_staten","scratch","K12 155k","12","T1-k64","1","textbook72","72","solved","256","0.8","36","lean_only","fork lean_judge (Lean 4.34 alone); state_eval in-env sampling, max_action 512 max_steps 96; seed 0; compute-match read, batch 2048","2026-10-02","recomputed","hf://buckets/dan-pandori/nd-rl/compute-match/artifacts/cm/eval/T1_cm12k64_s1__tb72.jsonl","textbook72|k256|T0.8|lean_only"
"ours-3.2M-SN-cap12-k64ladder","la_T1_cm12k64_s1_r8","3.2M","lean_staten","scratch","K12 155k","12","T1-k64","1","textbook72","72","pass_at_k_expected_solved","256","0.8","36.0","lean_only","fork lean_judge (Lean 4.34 alone); state_eval in-env sampling, max_action 512 max_steps 96; seed 0; compute-match read, batch 2048","2026-10-02","recomputed","hf://buckets/dan-pandori/nd-rl/compute-match/artifacts/cm/eval/T1_cm12k64_s1__tb72.jsonl","textbook72|k256|T0.8|lean_only"
"ours-3.2M-SN-cap12-k64ladder","la_T1_cm12k64_s2_r8","3.2M","lean_staten","scratch","K12 155k","12","T1-k64","2","textbook72","72","solved","256","0.8","36","lean_only","fork lean_judge (Lean 4.34 alone); state_eval in-env sampling, max_action 512 max_steps 96; seed 0; compute-match read, batch 2048","2026-10-02","recomputed","hf://buckets/dan-pandori/nd-rl/compute-match/artifacts/cm/eval/T1_cm12k64_s2__tb72.jsonl","textbook72|k256|T0.8|lean_only"
"ours-3.2M-SN-cap12-k64ladder","la_T1_cm12k64_s2_r8","3.2M","lean_staten","scratch","K12 155k","12","T1-k64","2","textbook72","72","pass_at_k_expected_solved","256","0.8","36.0","lean_only","fork lean_judge (Lean 4.34 alone); state_eval in-env sampling, max_action 512 max_steps 96; seed 0; compute-match read, batch 2048","2026-10-02","recomputed","hf://buckets/dan-pandori/nd-rl/compute-match/artifacts/cm/eval/T1_cm12k64_s2__tb72.jsonl","textbook72|k256|T0.8|lean_only"
"ours-3.2M-SN-v2-cap6","la_T1_SN_s0_r8","3.2M","lean_staten","scratch","cap-6 control 155k","6","T1","0","textbook72","72","solved","256","0.8","22","lean_only","fork lean_judge (Lean 4.34 alone); state_eval in-env sampling, max_action 512 max_steps 96; seed 0; textbook72 run, batch 4096","2026-09-30","recomputed","hf://buckets/dan-pandori/nd-rl/textbook72/artifacts/textbook72/eval/T1_SN6_s0.jsonl","textbook72|k256|T0.8|lean_only"
"ours-3.2M-SN-v2-cap6","la_T1_SN_s0_r8","3.2M","lean_staten","scratch","cap-6 control 155k","6","T1","0","textbook72","72","pass_at_k_expected_solved","256","0.8","22.0","lean_only","fork lean_judge (Lean 4.34 alone); state_eval in-env sampling, max_action 512 max_steps 96; seed 0; textbook72 run, batch 4096","2026-09-30","recomputed","hf://buckets/dan-pandori/nd-rl/textbook72/artifacts/textbook72/eval/T1_SN6_s0.jsonl","textbook72|k256|T0.8|lean_only"
"ours-3.2M-SN-v2-cap6","la_T1_SN_s1_r8","3.2M","lean_staten","scratch","cap-6 control 155k","6","T1","1","textbook72","72","solved","256","0.8","16","lean_only","fork lean_judge (Lean 4.34 alone); state_eval in-env sampling, max_action 512 max_steps 96; seed 0; textbook72 run, batch 4096","2026-09-30","recomputed","hf://buckets/dan-pandori/nd-rl/textbook72/artifacts/textbook72/eval/T1_SN6_s1.jsonl","textbook72|k256|T0.8|lean_only"
"ours-3.2M-SN-v2-cap6","la_T1_SN_s1_r8","3.2M","lean_staten","scratch","cap-6 control 155k","6","T1","1","textbook72","72","pass_at_k_expected_solved","256","0.8","16.0","lean_only","fork lean_judge (Lean 4.34 alone); state_eval in-env sampling, max_action 512 max_steps 96; seed 0; textbook72 run, batch 4096","2026-09-30","recomputed","hf://buckets/dan-pandori/nd-rl/textbook72/artifacts/textbook72/eval/T1_SN6_s1.jsonl","textbook72|k256|T0.8|lean_only"
"ours-3.2M-SN-v2-cap6","stage1_SN_s0","3.2M","lean_staten","scratch","cap-6 control 155k","6","frozen","0","textbook72","72","solved","256","0.8","16","lean_only","fork lean_judge (Lean 4.34 alone); state_eval in-env sampling, max_action 512 max_steps 96; seed 0; textbook72 run, batch 4096","2026-09-30","recomputed","hf://buckets/dan-pandori/nd-rl/textbook72/artifacts/textbook72/eval/Fz_SN6_s0.jsonl","textbook72|k256|T0.8|lean_only"
"ours-3.2M-SN-v2-cap6","stage1_SN_s0","3.2M","lean_staten","scratch","cap-6 control 155k","6","frozen","0","textbook72","72","pass_at_k_expected_solved","256","0.8","16.0","lean_only","fork lean_judge (Lean 4.34 alone); state_eval in-env sampling, max_action 512 max_steps 96; seed 0; textbook72 run, batch 4096","2026-09-30","recomputed","hf://buckets/dan-pandori/nd-rl/textbook72/artifacts/textbook72/eval/Fz_SN6_s0.jsonl","textbook72|k256|T0.8|lean_only"
"ours-3.2M-SN-v2-cap6","stage1_SN_s1","3.2M","lean_staten","scratch","cap-6 control 155k","6","frozen","1","textbook72","72","solved","256","0.8","14","lean_only","fork lean_judge (Lean 4.34 alone); state_eval in-env sampling, max_action 512 max_steps 96; seed 0; textbook72 run, batch 4096","2026-09-30","recomputed","hf://buckets/dan-pandori/nd-rl/textbook72/artifacts/textbook72/eval/Fz_SN6_s1.jsonl","textbook72|k256|T0.8|lean_only"
"ours-3.2M-SN-v2-cap6","stage1_SN_s1","3.2M","lean_staten","scratch","cap-6 control 155k","6","frozen","1","textbook72","72","pass_at_k_expected_solved","256","0.8","14.0","lean_only","fork lean_judge (Lean 4.34 alone); state_eval in-env sampling, max_action 512 max_steps 96; seed 0; textbook72 run, batch 4096","2026-09-30","recomputed","hf://buckets/dan-pandori/nd-rl/textbook72/artifacts/textbook72/eval/Fz_SN6_s1.jsonl","textbook72|k256|T0.8|lean_only"
"robbie-factorial:abs-best-ei","factorial abs-best-ei (pre=186 recipe, rl=harness EI 4x1500x32)","9.56M","token","scratch","cap-6 train.jsonl 155k","6","rl-harness-EI","0","textbook72","72","solved","256","0.8","19","nd_verify","robbie harness judge (fork sample Lean gate 51604b3 then nd_verify); max_new 512 (abs/token: nd_verify alone)","2026-09-29","recomputed","nd-rl:robbie-experiments:experiment-summaries/2026-09-28-combined-model/charts/passk.csv","textbook72|k256|T0.8|nd_verify"
"robbie-factorial:abs-best-ei","factorial abs-best-ei (pre=186 recipe, rl=harness EI 4x1500x32)","9.56M","token","scratch","cap-6 train.jsonl 155k","6","rl-harness-EI","0","textbook72","72","pass_at_k_expected_solved","256","0.8","19.0","nd_verify","robbie harness judge (fork sample Lean gate 51604b3 then nd_verify); max_new 512 (abs/token: nd_verify alone)","2026-09-29","recomputed","nd-rl:robbie-experiments:experiment-summaries/2026-09-28-combined-model/charts/passk.csv","textbook72|k256|T0.8|nd_verify"
"robbie-factorial:abs-best-ei","factorial abs-best-ei (pre=186 recipe, rl=harness EI 4x1500x32)","9.56M","token","scratch","cap-6 train.jsonl 155k","6","rl-harness-EI","1","textbook72","72","solved","256","0.8","17","nd_verify","robbie harness judge (fork sample Lean gate 51604b3 then nd_verify); max_new 512 (abs/token: nd_verify alone)","2026-09-29","recomputed","nd-rl:robbie-experiments:experiment-summaries/2026-09-28-combined-model/charts/passk.csv","textbook72|k256|T0.8|nd_verify"
"robbie-factorial:abs-best-ei","factorial abs-best-ei (pre=186 recipe, rl=harness EI 4x1500x32)","9.56M","token","scratch","cap-6 train.jsonl 155k","6","rl-harness-EI","1","textbook72","72","pass_at_k_expected_solved","256","0.8","17.0","nd_verify","robbie harness judge (fork sample Lean gate 51604b3 then nd_verify); max_new 512 (abs/token: nd_verify alone)","2026-09-29","recomputed","nd-rl:robbie-experiments:experiment-summaries/2026-09-28-combined-model/charts/passk.csv","textbook72|k256|T0.8|nd_verify"
"robbie-factorial:abs-best-ei","factorial abs-best-ei (pre=186 recipe, rl=harness EI 4x1500x32)","9.56M","token","scratch","cap-6 train.jsonl 155k","6","rl-harness-EI","2","textbook72","72","solved","256","0.8","15","nd_verify","robbie harness judge (fork sample Lean gate 51604b3 then nd_verify); max_new 512 (abs/token: nd_verify alone)","2026-09-29","recomputed","nd-rl:robbie-experiments:experiment-summaries/2026-09-28-combined-model/charts/passk.csv","textbook72|k256|T0.8|nd_verify"
"robbie-factorial:abs-best-ei","factorial abs-best-ei (pre=186 recipe, rl=harness EI 4x1500x32)","9.56M","token","scratch","cap-6 train.jsonl 155k","6","rl-harness-EI","2","textbook72","72","pass_at_k_expected_solved","256","0.8","15.0","nd_verify","robbie harness judge (fork sample Lean gate 51604b3 then nd_verify); max_new 512 (abs/token: nd_verify alone)","2026-09-29","recomputed","nd-rl:robbie-experiments:experiment-summaries/2026-09-28-combined-model/charts/passk.csv","textbook72|k256|T0.8|nd_verify"
"robbie-factorial:abs-best-leon","factorial abs-best-leon (pre=186 recipe, rl=c005 Leon EI+guided)","9.56M","token","scratch","cap-6 train.jsonl 155k","6","rl-leon-c005","0","textbook72","72","solved","256","0.8","27","nd_verify","robbie harness judge (fork sample Lean gate 51604b3 then nd_verify); max_new 512 (abs/token: nd_verify alone)","2026-09-29","recomputed","nd-rl:robbie-experiments:experiment-summaries/2026-09-28-combined-model/charts/passk.csv","textbook72|k256|T0.8|nd_verify"
"robbie-factorial:abs-best-leon","factorial abs-best-leon (pre=186 recipe, rl=c005 Leon EI+guided)","9.56M","token","scratch","cap-6 train.jsonl 155k","6","rl-leon-c005","0","textbook72","72","pass_at_k_expected_solved","256","0.8","27.0","nd_verify","robbie harness judge (fork sample Lean gate 51604b3 then nd_verify); max_new 512 (abs/token: nd_verify alone)","2026-09-29","recomputed","nd-rl:robbie-experiments:experiment-summaries/2026-09-28-combined-model/charts/passk.csv","textbook72|k256|T0.8|nd_verify"
"robbie-factorial:abs-best-leon","factorial abs-best-leon (pre=186 recipe, rl=c005 Leon EI+guided)","9.56M","token","scratch","cap-6 train.jsonl 155k","6","rl-leon-c005","1","textbook72","72","solved","256","0.8","23","nd_verify","robbie harness judge (fork sample Lean gate 51604b3 then nd_verify); max_new 512 (abs/token: nd_verify alone)","2026-09-29","recomputed","nd-rl:robbie-experiments:experiment-summaries/2026-09-28-combined-model/charts/passk.csv","textbook72|k256|T0.8|nd_verify"
"robbie-factorial:abs-best-leon","factorial abs-best-leon (pre=186 recipe, rl=c005 Leon EI+guided)","9.56M","token","scratch","cap-6 train.jsonl 155k","6","rl-leon-c005","1","textbook72","72","pass_at_k_expected_solved","256","0.8","23.0","nd_verify","robbie harness judge (fork sample Lean gate 51604b3 then nd_verify); max_new 512 (abs/token: nd_verify alone)","2026-09-29","recomputed","nd-rl:robbie-experiments:experiment-summaries/2026-09-28-combined-model/charts/passk.csv","textbook72|k256|T0.8|nd_verify"
"robbie-factorial:abs-best-leon","factorial abs-best-leon (pre=186 recipe, rl=c005 Leon EI+guided)","9.56M","token","scratch","cap-6 train.jsonl 155k","6","rl-leon-c005","2","textbook72","72","solved","256","0.8","25","nd_verify","robbie harness judge (fork sample Lean gate 51604b3 then nd_verify); max_new 512 (abs/token: nd_verify alone)","2026-09-29","recomputed","nd-rl:robbie-experiments:experiment-summaries/2026-09-28-combined-model/charts/passk.csv","textbook72|k256|T0.8|nd_verify"
"robbie-factorial:abs-best-leon","factorial abs-best-leon (pre=186 recipe, rl=c005 Leon EI+guided)","9.56M","token","scratch","cap-6 train.jsonl 155k","6","rl-leon-c005","2","textbook72","72","pass_at_k_expected_solved","256","0.8","25.0","nd_verify","robbie harness judge (fork sample Lean gate 51604b3 then nd_verify); max_new 512 (abs/token: nd_verify alone)","2026-09-29","recomputed","nd-rl:robbie-experiments:experiment-summaries/2026-09-28-combined-model/charts/passk.csv","textbook72|k256|T0.8|nd_verify"
"robbie-factorial:abs-naive-ei","factorial abs-naive-ei (pre=012 baseline, rl=harness EI 4x1500x32)","","token","scratch","cap-6 train.jsonl 155k","6","rl-harness-EI","0","textbook72","72","solved","256","0.8","7","nd_verify","robbie harness judge (fork sample Lean gate 51604b3 then nd_verify); max_new 512 (abs/token: nd_verify alone)","2026-09-29","recomputed","nd-rl:robbie-experiments:experiment-summaries/2026-09-28-combined-model/charts/passk.csv","textbook72|k256|T0.8|nd_verify"
"robbie-factorial:abs-naive-ei","factorial abs-naive-ei (pre=012 baseline, rl=harness EI 4x1500x32)","","token","scratch","cap-6 train.jsonl 155k","6","rl-harness-EI","0","textbook72","72","pass_at_k_expected_solved","256","0.8","7.0","nd_verify","robbie harness judge (fork sample Lean gate 51604b3 then nd_verify); max_new 512 (abs/token: nd_verify alone)","2026-09-29","recomputed","nd-rl:robbie-experiments:experiment-summaries/2026-09-28-combined-model/charts/passk.csv","textbook72|k256|T0.8|nd_verify"
"robbie-factorial:abs-naive-ei","factorial abs-naive-ei (pre=012 baseline, rl=harness EI 4x1500x32)","","token","scratch","cap-6 train.jsonl 155k","6","rl-harness-EI","1","textbook72","72","solved","256","0.8","11","nd_verify","robbie harness judge (fork sample Lean gate 51604b3 then nd_verify); max_new 512 (abs/token: nd_verify alone)","2026-09-29","recomputed","nd-rl:robbie-experiments:experiment-summaries/2026-09-28-combined-model/charts/passk.csv","textbook72|k256|T0.8|nd_verify"
"robbie-factorial:abs-naive-ei","factorial abs-naive-ei (pre=012 baseline, rl=harness EI 4x1500x32)","","token","scratch","cap-6 train.jsonl 155k","6","rl-harness-EI","1","textbook72","72","pass_at_k_expected_solved","256","0.8","11.0","nd_verify","robbie harness judge (fork sample Lean gate 51604b3 then nd_verify); max_new 512 (abs/token: nd_verify alone)","2026-09-29","recomputed","nd-rl:robbie-experiments:experiment-summaries/2026-09-28-combined-model/charts/passk.csv","textbook72|k256|T0.8|nd_verify"
"robbie-factorial:abs-naive-ei","factorial abs-naive-ei (pre=012 baseline, rl=harness EI 4x1500x32)","","token","scratch","cap-6 train.jsonl 155k","6","rl-harness-EI","2","textbook72","72","solved","256","0.8","9","nd_verify","robbie harness judge (fork sample Lean gate 51604b3 then nd_verify); max_new 512 (abs/token: nd_verify alone)","2026-09-29","recomputed","nd-rl:robbie-experiments:experiment-summaries/2026-09-28-combined-model/charts/passk.csv","textbook72|k256|T0.8|nd_verify"
"robbie-factorial:abs-naive-ei","factorial abs-naive-ei (pre=012 baseline, rl=harness EI 4x1500x32)","","token","scratch","cap-6 train.jsonl 155k","6","rl-harness-EI","2","textbook72","72","pass_at_k_expected_solved","256","0.8","9.0","nd_verify","robbie harness judge (fork sample Lean gate 51604b3 then nd_verify); max_new 512 (abs/token: nd_verify alone)","2026-09-29","recomputed","nd-rl:robbie-experiments:experiment-summaries/2026-09-28-combined-model/charts/passk.csv","textbook72|k256|T0.8|nd_verify"
"robbie-factorial:abs-naive-leon","factorial abs-naive-leon (pre=012 baseline, rl=c005 Leon EI+guided)","","token","scratch","cap-6 train.jsonl 155k","6","rl-leon-c005","0","textbook72","72","solved","256","0.8","11","nd_verify","robbie harness judge (fork sample Lean gate 51604b3 then nd_verify); max_new 512 (abs/token: nd_verify alone)","2026-09-29","recomputed","nd-rl:robbie-experiments:experiment-summaries/2026-09-28-combined-model/charts/passk.csv","textbook72|k256|T0.8|nd_verify"
"robbie-factorial:abs-naive-leon","factorial abs-naive-leon (pre=012 baseline, rl=c005 Leon EI+guided)","","token","scratch","cap-6 train.jsonl 155k","6","rl-leon-c005","0","textbook72","72","pass_at_k_expected_solved","256","0.8","11.0","nd_verify","robbie harness judge (fork sample Lean gate 51604b3 then nd_verify); max_new 512 (abs/token: nd_verify alone)","2026-09-29","recomputed","nd-rl:robbie-experiments:experiment-summaries/2026-09-28-combined-model/charts/passk.csv","textbook72|k256|T0.8|nd_verify"
"robbie-factorial:abs-naive-leon","factorial abs-naive-leon (pre=012 baseline, rl=c005 Leon EI+guided)","","token","scratch","cap-6 train.jsonl 155k","6","rl-leon-c005","1","textbook72","72","solved","256","0.8","12","nd_verify","robbie harness judge (fork sample Lean gate 51604b3 then nd_verify); max_new 512 (abs/token: nd_verify alone)","2026-09-29","recomputed","nd-rl:robbie-experiments:experiment-summaries/2026-09-28-combined-model/charts/passk.csv","textbook72|k256|T0.8|nd_verify"
"robbie-factorial:abs-naive-leon","factorial abs-naive-leon (pre=012 baseline, rl=c005 Leon EI+guided)","","token","scratch","cap-6 train.jsonl 155k","6","rl-leon-c005","1","textbook72","72","pass_at_k_expected_solved","256","0.8","12.0","nd_verify","robbie harness judge (fork sample Lean gate 51604b3 then nd_verify); max_new 512 (abs/token: nd_verify alone)","2026-09-29","recomputed","nd-rl:robbie-experiments:experiment-summaries/2026-09-28-combined-model/charts/passk.csv","textbook72|k256|T0.8|nd_verify"
"robbie-factorial:abs-naive-leon","factorial abs-naive-leon (pre=012 baseline, rl=c005 Leon EI+guided)","","token","scratch","cap-6 train.jsonl 155k","6","rl-leon-c005","2","textbook72","72","solved","256","0.8","13","nd_verify","robbie harness judge (fork sample Lean gate 51604b3 then nd_verify); max_new 512 (abs/token: nd_verify alone)","2026-09-29","recomputed","nd-rl:robbie-experiments:experiment-summaries/2026-09-28-combined-model/charts/passk.csv","textbook72|k256|T0.8|nd_verify"
"robbie-factorial:abs-naive-leon","factorial abs-naive-leon (pre=012 baseline, rl=c005 Leon EI+guided)","","token","scratch","cap-6 train.jsonl 155k","6","rl-leon-c005","2","textbook72","72","pass_at_k_expected_solved","256","0.8","13.0","nd_verify","robbie harness judge (fork sample Lean gate 51604b3 then nd_verify); max_new 512 (abs/token: nd_verify alone)","2026-09-29","recomputed","nd-rl:robbie-experiments:experiment-summaries/2026-09-28-combined-model/charts/passk.csv","textbook72|k256|T0.8|nd_verify"
"robbie-autoresearch-token:012_baseline-3seeds","012_baseline-3seeds (keep)","","token","scratch","cap-6 train.jsonl 155k","6","rl-harness-EI","mean","textbook72","72","solved","256","0.8","9.7","nd_verify","","","copied","nd-rl:robbie-experiments:experiment-summaries/2026-09-21-pretrain-ablations/charts/runs.csv","textbook72|k256|T0.8|nd_verify|3-seed-mean"
"robbie-autoresearch-token:013_wd-1","013_wd-1 (discard)","","token","scratch","cap-6 train.jsonl 155k","6","rl-harness-EI","mean","textbook72","72","solved","256","0.8","8.3","nd_verify","","","copied","nd-rl:robbie-experiments:experiment-summaries/2026-09-21-pretrain-ablations/charts/runs.csv","textbook72|k256|T0.8|nd_verify|3-seed-mean"
"robbie-autoresearch-token:014_loop-abab","014_loop-abab (discard)","","token","scratch","cap-6 train.jsonl 155k","6","rl-harness-EI","mean","textbook72","72","solved","256","0.8","8.3","nd_verify","","","copied","nd-rl:robbie-experiments:experiment-summaries/2026-09-21-pretrain-ablations/charts/runs.csv","textbook72|k256|T0.8|nd_verify|3-seed-mean"
"robbie-autoresearch-token:015_beta2-099","015_beta2-099 (discard)","","token","scratch","cap-6 train.jsonl 155k","6","rl-harness-EI","mean","textbook72","72","solved","256","0.8","8.3","nd_verify","","","copied","nd-rl:robbie-experiments:experiment-summaries/2026-09-21-pretrain-ablations/charts/runs.csv","textbook72|k256|T0.8|nd_verify|3-seed-mean"
"robbie-autoresearch-token:017_label-smoothing-002","017_label-smoothing-002 (discard)","","token","scratch","cap-6 train.jsonl 155k","6","rl-harness-EI","mean","textbook72","72","solved","256","0.8","10","nd_verify","","","copied","nd-rl:robbie-experiments:experiment-summaries/2026-09-21-pretrain-ablations/charts/runs.csv","textbook72|k256|T0.8|nd_verify|3-seed-mean"
"robbie-autoresearch-token:018_matrix-only-decay","018_matrix-only-decay (discard)","","token","scratch","cap-6 train.jsonl 155k","6","rl-harness-EI","mean","textbook72","72","solved","256","0.8","8","nd_verify","","","copied","nd-rl:robbie-experiments:experiment-summaries/2026-09-21-pretrain-ablations/charts/runs.csv","textbook72|k256|T0.8|nd_verify|3-seed-mean"
"robbie-autoresearch-token:019_heads-16","019_heads-16 (discard)","","token","scratch","cap-6 train.jsonl 155k","6","rl-harness-EI","mean","textbook72","72","solved","256","0.8","8.3","nd_verify","","","copied","nd-rl:robbie-experiments:experiment-summaries/2026-09-21-pretrain-ablations/charts/runs.csv","textbook72|k256|T0.8|nd_verify|3-seed-mean"
"robbie-autoresearch-token:020_depth-scaled-init","020_depth-scaled-init (discard)","","token","scratch","cap-6 train.jsonl 155k","6","rl-harness-EI","mean","textbook72","72","solved","256","0.8","7.7","nd_verify","","","copied","nd-rl:robbie-experiments:experiment-summaries/2026-09-21-pretrain-ablations/charts/runs.csv","textbook72|k256|T0.8|nd_verify|3-seed-mean"
"robbie-autoresearch-token:022_warmup-600","022_warmup-600 (discard)","","token","scratch","cap-6 train.jsonl 155k","6","rl-harness-EI","mean","textbook72","72","solved","256","0.8","9.3","nd_verify","","","copied","nd-rl:robbie-experiments:experiment-summaries/2026-09-21-pretrain-ablations/charts/runs.csv","textbook72|k256|T0.8|nd_verify|3-seed-mean"
"robbie-autoresearch-token:023_tied-embeddings","023_tied-embeddings (discard)","","token","scratch","cap-6 train.jsonl 155k","6","rl-harness-EI","mean","textbook72","72","solved","256","0.8","8.7","nd_verify","","","copied","nd-rl:robbie-experiments:experiment-summaries/2026-09-21-pretrain-ablations/charts/runs.csv","textbook72|k256|T0.8|nd_verify|3-seed-mean"
"robbie-autoresearch-token:024_projection-no-bias","024_projection-no-bias (discard)","","token","scratch","cap-6 train.jsonl 155k","6","rl-harness-EI","mean","textbook72","72","solved","256","0.8","8.7","nd_verify","","","copied","nd-rl:robbie-experiments:experiment-summaries/2026-09-21-pretrain-ablations/charts/runs.csv","textbook72|k256|T0.8|nd_verify|3-seed-mean"
"robbie-autoresearch-token:025_ema-099","025_ema-099 (discard)","","token","scratch","cap-6 train.jsonl 155k","6","rl-harness-EI","mean","textbook72","72","solved","256","0.8","8.3","nd_verify","","","copied","nd-rl:robbie-experiments:experiment-summaries/2026-09-21-pretrain-ablations/charts/runs.csv","textbook72|k256|T0.8|nd_verify|3-seed-mean"
"robbie-autoresearch-token:026_rmsnorm","026_rmsnorm (discard)","","token","scratch","cap-6 train.jsonl 155k","6","rl-harness-EI","mean","textbook72","72","solved","256","0.8","8","nd_verify","","","copied","nd-rl:robbie-experiments:experiment-summaries/2026-09-21-pretrain-ablations/charts/runs.csv","textbook72|k256|T0.8|nd_verify|3-seed-mean"
"robbie-autoresearch-token:027_stable-lr","027_stable-lr (discard)","","token","scratch","cap-6 train.jsonl 155k","6","rl-harness-EI","mean","textbook72","72","solved","256","0.8","9","nd_verify","","","copied","nd-rl:robbie-experiments:experiment-summaries/2026-09-21-pretrain-ablations/charts/runs.csv","textbook72|k256|T0.8|nd_verify|3-seed-mean"
"robbie-autoresearch-token:028_shared-middle","028_shared-middle (discard)","","token","scratch","cap-6 train.jsonl 155k","6","rl-harness-EI","mean","textbook72","72","solved","256","0.8","8.3","nd_verify","","","copied","nd-rl:robbie-experiments:experiment-summaries/2026-09-21-pretrain-ablations/charts/runs.csv","textbook72|k256|T0.8|nd_verify|3-seed-mean"
"robbie-autoresearch-token:029_rope-base-100k","029_rope-base-100k (discard)","","token","scratch","cap-6 train.jsonl 155k","6","rl-harness-EI","mean","textbook72","72","solved","256","0.8","7.3","nd_verify","","","copied","nd-rl:robbie-experiments:experiment-summaries/2026-09-21-pretrain-ablations/charts/runs.csv","textbook72|k256|T0.8|nd_verify|3-seed-mean"
"robbie-autoresearch-token:030_muon-hidden","030_muon-hidden (keep)","","token","scratch","cap-6 train.jsonl 155k","6","rl-harness-EI","mean","textbook72","72","solved","256","0.8","12","nd_verify","","","copied","nd-rl:robbie-experiments:experiment-summaries/2026-09-21-pretrain-ablations/charts/runs.csv","textbook72|k256|T0.8|nd_verify|3-seed-mean"
"robbie-autoresearch-token:031_muon-split-qkv","031_muon-split-qkv (keep)","","token","scratch","cap-6 train.jsonl 155k","6","rl-harness-EI","mean","textbook72","72","solved","256","0.8","10","nd_verify","","","copied","nd-rl:robbie-experiments:experiment-summaries/2026-09-21-pretrain-ablations/charts/runs.csv","textbook72|k256|T0.8|nd_verify|3-seed-mean"
"robbie-autoresearch-token:032_muon-adamw-finish","032_muon-adamw-finish (keep)","","token","scratch","cap-6 train.jsonl 155k","6","rl-harness-EI","mean","textbook72","72","solved","256","0.8","11.3","nd_verify","","","copied","nd-rl:robbie-experiments:experiment-summaries/2026-09-21-pretrain-ablations/charts/runs.csv","textbook72|k256|T0.8|nd_verify|3-seed-mean"
"robbie-autoresearch-token:033_muon-adamw-finish-40pct","033_muon-adamw-finish-40pct (discard)","","token","scratch","cap-6 train.jsonl 155k","6","rl-harness-EI","mean","textbook72","72","solved","256","0.8","10.3","nd_verify","","","copied","nd-rl:robbie-experiments:experiment-summaries/2026-09-21-pretrain-ablations/charts/runs.csv","textbook72|k256|T0.8|nd_verify|3-seed-mean"
"robbie-autoresearch-token:034_muon-lr-half","034_muon-lr-half (keep)","","token","scratch","cap-6 train.jsonl 155k","6","rl-harness-EI","mean","textbook72","72","solved","256","0.8","11","nd_verify","","","copied","nd-rl:robbie-experiments:experiment-summaries/2026-09-21-pretrain-ablations/charts/runs.csv","textbook72|k256|T0.8|nd_verify|3-seed-mean"
"robbie-autoresearch-token:035_muon-lr-quarter","035_muon-lr-quarter (discard)","","token","scratch","cap-6 train.jsonl 155k","6","rl-harness-EI","mean","textbook72","72","solved","256","0.8","11","nd_verify","","","copied","nd-rl:robbie-experiments:experiment-summaries/2026-09-21-pretrain-ablations/charts/runs.csv","textbook72|k256|T0.8|nd_verify|3-seed-mean"
"robbie-autoresearch-token:036_muon-momentum-090","036_muon-momentum-090 (discard)","","token","scratch","cap-6 train.jsonl 155k","6","rl-harness-EI","mean","textbook72","72","solved","256","0.8","11.7","nd_verify","","","copied","nd-rl:robbie-experiments:experiment-summaries/2026-09-21-pretrain-ablations/charts/runs.csv","textbook72|k256|T0.8|nd_verify|3-seed-mean"
"robbie-autoresearch-token:037_muon-momentum-098","037_muon-momentum-098 (discard)","","token","scratch","cap-6 train.jsonl 155k","6","rl-harness-EI","mean","textbook72","72","solved","256","0.8","11.7","nd_verify","","","copied","nd-rl:robbie-experiments:experiment-summaries/2026-09-21-pretrain-ablations/charts/runs.csv","textbook72|k256|T0.8|nd_verify|3-seed-mean"
"robbie-autoresearch-token:038_muon-adamw-finish-10pct","038_muon-adamw-finish-10pct (keep)","","token","scratch","cap-6 train.jsonl 155k","6","rl-harness-EI","mean","textbook72","72","solved","256","0.8","12.3","nd_verify","","","copied","nd-rl:robbie-experiments:experiment-summaries/2026-09-21-pretrain-ablations/charts/runs.csv","textbook72|k256|T0.8|nd_verify|3-seed-mean"
"robbie-autoresearch-token:039_muon-adamw-finish-5pct","039_muon-adamw-finish-5pct (keep)","","token","scratch","cap-6 train.jsonl 155k","6","rl-harness-EI","mean","textbook72","72","solved","256","0.8","10.7","nd_verify","","","copied","nd-rl:robbie-experiments:experiment-summaries/2026-09-21-pretrain-ablations/charts/runs.csv","textbook72|k256|T0.8|nd_verify|3-seed-mean"
"robbie-autoresearch-token:040_muon-no-adamw-finish","040_muon-no-adamw-finish (keep)","","token","scratch","cap-6 train.jsonl 155k","6","rl-harness-EI","mean","textbook72","72","solved","256","0.8","12.7","nd_verify","","","copied","nd-rl:robbie-experiments:experiment-summaries/2026-09-21-pretrain-ablations/charts/runs.csv","textbook72|k256|T0.8|nd_verify|3-seed-mean"
"robbie-autoresearch-token:041-claude_partial-rope","041-claude_partial-rope (discard)","","token","scratch","cap-6 train.jsonl 155k","6","rl-harness-EI","mean","textbook72","72","solved","256","0.8","11.3","nd_verify","","","copied","nd-rl:robbie-experiments:experiment-summaries/2026-09-21-pretrain-ablations/charts/runs.csv","textbook72|k256|T0.8|nd_verify|3-seed-mean"
"robbie-autoresearch-token:042-codex_z-loss-1e-4","042-codex_z-loss-1e-4 (discard)","","token","scratch","cap-6 train.jsonl 155k","6","rl-harness-EI","mean","textbook72","72","solved","256","0.8","10.3","nd_verify","","","copied","nd-rl:robbie-experiments:experiment-summaries/2026-09-21-pretrain-ablations/charts/runs.csv","textbook72|k256|T0.8|nd_verify|3-seed-mean"
"robbie-autoresearch-token:043-codex_orthogonal-init","043-codex_orthogonal-init (keep)","","token","scratch","cap-6 train.jsonl 155k","6","rl-harness-EI","mean","textbook72","72","solved","256","0.8","11","nd_verify","","","copied","nd-rl:robbie-experiments:experiment-summaries/2026-09-21-pretrain-ablations/charts/runs.csv","textbook72|k256|T0.8|nd_verify|3-seed-mean"
"robbie-autoresearch-token:044-claude_gated-attention","044-claude_gated-attention (discard)","","token","scratch","cap-6 train.jsonl 155k","6","rl-harness-EI","mean","textbook72","72","solved","256","0.8","10","nd_verify","","","copied","nd-rl:robbie-experiments:experiment-summaries/2026-09-21-pretrain-ablations/charts/runs.csv","textbook72|k256|T0.8|nd_verify|3-seed-mean"
"robbie-autoresearch-token:045-codex_split-qkv-orthogonal-init","045-codex_split-qkv-orthogonal-init (discard)","","token","scratch","cap-6 train.jsonl 155k","6","rl-harness-EI","mean","textbook72","72","solved","256","0.8","11","nd_verify","","","copied","nd-rl:robbie-experiments:experiment-summaries/2026-09-21-pretrain-ablations/charts/runs.csv","textbook72|k256|T0.8|nd_verify|3-seed-mean"
"robbie-autoresearch-token:046-codex_muon-no-nesterov","046-codex_muon-no-nesterov (discard)","","token","scratch","cap-6 train.jsonl 155k","6","rl-harness-EI","mean","textbook72","72","solved","256","0.8","9","nd_verify","","","copied","nd-rl:robbie-experiments:experiment-summaries/2026-09-21-pretrain-ablations/charts/runs.csv","textbook72|k256|T0.8|nd_verify|3-seed-mean"
"robbie-autoresearch-token:047-claude_swiglu","047-claude_swiglu (discard)","","token","scratch","cap-6 train.jsonl 155k","6","rl-harness-EI","mean","textbook72","72","solved","256","0.8","9.3","nd_verify","","","copied","nd-rl:robbie-experiments:experiment-summaries/2026-09-21-pretrain-ablations/charts/runs.csv","textbook72|k256|T0.8|nd_verify|3-seed-mean"
"robbie-autoresearch-token:048-codex_checkpoint-average-tail","048-codex_checkpoint-average-tail (discard)","","token","scratch","cap-6 train.jsonl 155k","6","rl-harness-EI","mean","textbook72","72","solved","256","0.8","12","nd_verify","","","copied","nd-rl:robbie-experiments:experiment-summaries/2026-09-21-pretrain-ablations/charts/runs.csv","textbook72|k256|T0.8|nd_verify|3-seed-mean"
"robbie-autoresearch-token:049-claude_heads-4","049-claude_heads-4 (discard)","","token","scratch","cap-6 train.jsonl 155k","6","rl-harness-EI","mean","textbook72","72","solved","256","0.8","11.7","nd_verify","","","copied","nd-rl:robbie-experiments:experiment-summaries/2026-09-21-pretrain-ablations/charts/runs.csv","textbook72|k256|T0.8|nd_verify|3-seed-mean"
"robbie-autoresearch-token:050-codex_residual-dropout-005","050-codex_residual-dropout-005 (discard)","","token","scratch","cap-6 train.jsonl 155k","6","rl-harness-EI","mean","textbook72","72","solved","256","0.8","11","nd_verify","","","copied","nd-rl:robbie-experiments:experiment-summaries/2026-09-21-pretrain-ablations/charts/runs.csv","textbook72|k256|T0.8|nd_verify|3-seed-mean"
"robbie-autoresearch-token:051-claude_depth-5","051-claude_depth-5 (keep)","","token","scratch","cap-6 train.jsonl 155k","6","rl-harness-EI","mean","textbook72","72","solved","256","0.8","12.7","nd_verify","","","copied","nd-rl:robbie-experiments:experiment-summaries/2026-09-21-pretrain-ablations/charts/runs.csv","textbook72|k256|T0.8|nd_verify|3-seed-mean"
"robbie-autoresearch-token:052-codex_entropy-bonus-001","052-codex_entropy-bonus-001 (keep)","","token","scratch","cap-6 train.jsonl 155k","6","rl-harness-EI","mean","textbook72","72","solved","256","0.8","11.7","nd_verify","","","copied","nd-rl:robbie-experiments:experiment-summaries/2026-09-21-pretrain-ablations/charts/runs.csv","textbook72|k256|T0.8|nd_verify|3-seed-mean"
"robbie-autoresearch-token:053-codex_entropy-bonus-002","053-codex_entropy-bonus-002 (discard)","","token","scratch","cap-6 train.jsonl 155k","6","rl-harness-EI","mean","textbook72","72","solved","256","0.8","10.7","nd_verify","","","copied","nd-rl:robbie-experiments:experiment-summaries/2026-09-21-pretrain-ablations/charts/runs.csv","textbook72|k256|T0.8|nd_verify|3-seed-mean"
"robbie-autoresearch-token:054-claude_top-mlp","054-claude_top-mlp (discard)","","token","scratch","cap-6 train.jsonl 155k","6","rl-harness-EI","mean","textbook72","72","solved","256","0.8","11","nd_verify","","","copied","nd-rl:robbie-experiments:experiment-summaries/2026-09-21-pretrain-ablations/charts/runs.csv","textbook72|k256|T0.8|nd_verify|3-seed-mean"
"robbie-autoresearch-token:054-codex_depth5-entropy-001","054-codex_depth5-entropy-001 (discard)","","token","scratch","cap-6 train.jsonl 155k","6","rl-harness-EI","mean","textbook72","72","solved","256","0.8","11","nd_verify","","","copied","nd-rl:robbie-experiments:experiment-summaries/2026-09-21-pretrain-ablations/charts/runs.csv","textbook72|k256|T0.8|nd_verify|3-seed-mean"
"robbie-autoresearch-token:055-codex_muon-lr-015","055-codex_muon-lr-015 (discard)","","token","scratch","cap-6 train.jsonl 155k","6","rl-harness-EI","mean","textbook72","72","solved","256","0.8","11.3","nd_verify","","","copied","nd-rl:robbie-experiments:experiment-summaries/2026-09-21-pretrain-ablations/charts/runs.csv","textbook72|k256|T0.8|nd_verify|3-seed-mean"
"robbie-autoresearch-token:056-claude_mtp-depth1","056-claude_mtp-depth1 (discard)","","token","scratch","cap-6 train.jsonl 155k","6","rl-harness-EI","mean","textbook72","72","solved","256","0.8","11","nd_verify","","","copied","nd-rl:robbie-experiments:experiment-summaries/2026-09-21-pretrain-ablations/charts/runs.csv","textbook72|k256|T0.8|nd_verify|3-seed-mean"
"robbie-autoresearch-token:057-claude_depth6-width224","057-claude_depth6-width224 (discard)","","token","scratch","cap-6 train.jsonl 155k","6","rl-harness-EI","mean","textbook72","72","solved","256","0.8","11.7","nd_verify","","","copied","nd-rl:robbie-experiments:experiment-summaries/2026-09-21-pretrain-ablations/charts/runs.csv","textbook72|k256|T0.8|nd_verify|3-seed-mean"
"robbie-autoresearch-token:058-claude_nope-block3","058-claude_nope-block3 (discard)","","token","scratch","cap-6 train.jsonl 155k","6","rl-harness-EI","mean","textbook72","72","solved","256","0.8","11.3","nd_verify","","","copied","nd-rl:robbie-experiments:experiment-summaries/2026-09-21-pretrain-ablations/charts/runs.csv","textbook72|k256|T0.8|nd_verify|3-seed-mean"
"robbie-autoresearch-token:059-claude_qk-norm","059-claude_qk-norm (discard)","","token","scratch","cap-6 train.jsonl 155k","6","rl-harness-EI","mean","textbook72","72","solved","256","0.8","9","nd_verify","","","copied","nd-rl:robbie-experiments:experiment-summaries/2026-09-21-pretrain-ablations/charts/runs.csv","textbook72|k256|T0.8|nd_verify|3-seed-mean"
"robbie-autoresearch-token:060-claude_value-residual","060-claude_value-residual (discard)","","token","scratch","cap-6 train.jsonl 155k","6","rl-harness-EI","mean","textbook72","72","solved","256","0.8","12.7","nd_verify","","","copied","nd-rl:robbie-experiments:experiment-summaries/2026-09-21-pretrain-ablations/charts/runs.csv","textbook72|k256|T0.8|nd_verify|3-seed-mean"
"robbie-autoresearch-token:061-claude_rope-base-500","061-claude_rope-base-500 (discard)","","token","scratch","cap-6 train.jsonl 155k","6","rl-harness-EI","mean","textbook72","72","solved","256","0.8","11","nd_verify","","","copied","nd-rl:robbie-experiments:experiment-summaries/2026-09-21-pretrain-ablations/charts/runs.csv","textbook72|k256|T0.8|nd_verify|3-seed-mean"
"robbie-autoresearch-token:062-claude_depth-6","062-claude_depth-6 (discard)","","token","scratch","cap-6 train.jsonl 155k","6","rl-harness-EI","mean","textbook72","72","solved","256","0.8","9.3","nd_verify","","","copied","nd-rl:robbie-experiments:experiment-summaries/2026-09-21-pretrain-ablations/charts/runs.csv","textbook72|k256|T0.8|nd_verify|3-seed-mean"
"robbie-autoresearch-token:063-claude_zero-init-proj","063-claude_zero-init-proj (discard)","","token","scratch","cap-6 train.jsonl 155k","6","rl-harness-EI","mean","textbook72","72","solved","256","0.8","10","nd_verify","","","copied","nd-rl:robbie-experiments:experiment-summaries/2026-09-21-pretrain-ablations/charts/runs.csv","textbook72|k256|T0.8|nd_verify|3-seed-mean"
"robbie-autoresearch-token:064-claude_muon-head","064-claude_muon-head (keep)","","token","scratch","cap-6 train.jsonl 155k","6","rl-harness-EI","mean","textbook72","72","solved","256","0.8","11.7","nd_verify","","","copied","nd-rl:robbie-experiments:experiment-summaries/2026-09-21-pretrain-ablations/charts/runs.csv","textbook72|k256|T0.8|nd_verify|3-seed-mean"
"robbie-autoresearch-token:065-claude_muon-emb","065-claude_muon-emb (discard)","","token","scratch","cap-6 train.jsonl 155k","6","rl-harness-EI","mean","textbook72","72","solved","256","0.8","10.3","nd_verify","","","copied","nd-rl:robbie-experiments:experiment-summaries/2026-09-21-pretrain-ablations/charts/runs.csv","textbook72|k256|T0.8|nd_verify|3-seed-mean"
"robbie-autoresearch-token:066-claude_bs-128","066-claude_bs-128 (keep)","","token","scratch","cap-6 train.jsonl 155k","6","rl-harness-EI","mean","textbook72","72","solved","256","0.8","12","nd_verify","","","copied","nd-rl:robbie-experiments:experiment-summaries/2026-09-21-pretrain-ablations/charts/runs.csv","textbook72|k256|T0.8|nd_verify|3-seed-mean"
"robbie-autoresearch-token:067-claude_bs-64","067-claude_bs-64 (discard)","","token","scratch","cap-6 train.jsonl 155k","6","rl-harness-EI","mean","textbook72","72","solved","256","0.8","11.7","nd_verify","","","copied","nd-rl:robbie-experiments:experiment-summaries/2026-09-21-pretrain-ablations/charts/runs.csv","textbook72|k256|T0.8|nd_verify|3-seed-mean"
"robbie-autoresearch-token:068-claude_muon-lr-007","068-claude_muon-lr-007 (discard)","","token","scratch","cap-6 train.jsonl 155k","6","rl-harness-EI","mean","textbook72","72","solved","256","0.8","12","nd_verify","","","copied","nd-rl:robbie-experiments:experiment-summaries/2026-09-21-pretrain-ablations/charts/runs.csv","textbook72|k256|T0.8|nd_verify|3-seed-mean"
"robbie-autoresearch-token:069-claude_muon-wd-3x","069-claude_muon-wd-3x (keep)","","token","scratch","cap-6 train.jsonl 155k","6","rl-harness-EI","mean","textbook72","72","solved","256","0.8","12","nd_verify","","","copied","nd-rl:robbie-experiments:experiment-summaries/2026-09-21-pretrain-ablations/charts/runs.csv","textbook72|k256|T0.8|nd_verify|3-seed-mean"
"robbie-autoresearch-token:070-claude_muon-wd-10x","070-claude_muon-wd-10x (keep)","","token","scratch","cap-6 train.jsonl 155k","6","rl-harness-EI","mean","textbook72","72","solved","256","0.8","13","nd_verify","","","copied","nd-rl:robbie-experiments:experiment-summaries/2026-09-21-pretrain-ablations/charts/runs.csv","textbook72|k256|T0.8|nd_verify|3-seed-mean"
"robbie-autoresearch-token:072-claude_resid-handoff-half","072-claude_resid-handoff-half (discard)","","token","scratch","cap-6 train.jsonl 155k","6","rl-harness-EI","mean","textbook72","72","solved","256","0.8","12.7","nd_verify","","","copied","nd-rl:robbie-experiments:experiment-summaries/2026-09-21-pretrain-ablations/charts/runs.csv","textbook72|k256|T0.8|nd_verify|3-seed-mean"
"robbie-autoresearch-token:073-claude_emb-wd-10x","073-claude_emb-wd-10x (discard)","","token","scratch","cap-6 train.jsonl 155k","6","rl-harness-EI","mean","textbook72","72","solved","256","0.8","13.3","nd_verify","","","copied","nd-rl:robbie-experiments:experiment-summaries/2026-09-21-pretrain-ablations/charts/runs.csv","textbook72|k256|T0.8|nd_verify|3-seed-mean"
"robbie-autoresearch-token:074-claude_resid-handoff-exact","074-claude_resid-handoff-exact (discard)","","token","scratch","cap-6 train.jsonl 155k","6","rl-harness-EI","mean","textbook72","72","solved","256","0.8","13.7","nd_verify","","","copied","nd-rl:robbie-experiments:experiment-summaries/2026-09-21-pretrain-ablations/charts/runs.csv","textbook72|k256|T0.8|nd_verify|3-seed-mean"
"robbie-autoresearch-token:075-claude_muon-wd-15x","075-claude_muon-wd-15x (discard)","","token","scratch","cap-6 train.jsonl 155k","6","rl-harness-EI","mean","textbook72","72","solved","256","0.8","13","nd_verify","","","copied","nd-rl:robbie-experiments:experiment-summaries/2026-09-21-pretrain-ablations/charts/runs.csv","textbook72|k256|T0.8|nd_verify|3-seed-mean"
"robbie-autoresearch-token:076-claude_relu-squared","076-claude_relu-squared (discard)","","token","scratch","cap-6 train.jsonl 155k","6","rl-harness-EI","mean","textbook72","72","solved","256","0.8","11.3","nd_verify","","","copied","nd-rl:robbie-experiments:experiment-summaries/2026-09-21-pretrain-ablations/charts/runs.csv","textbook72|k256|T0.8|nd_verify|3-seed-mean"
"robbie-autoresearch-token:077-claude_lr-floor-03","077-claude_lr-floor-03 (discard)","","token","scratch","cap-6 train.jsonl 155k","6","rl-harness-EI","mean","textbook72","72","solved","256","0.8","13.7","nd_verify","","","copied","nd-rl:robbie-experiments:experiment-summaries/2026-09-21-pretrain-ablations/charts/runs.csv","textbook72|k256|T0.8|nd_verify|3-seed-mean"
"robbie-autoresearch-token:078-claude_muon-rms-scale","078-claude_muon-rms-scale (keep)","","token","scratch","cap-6 train.jsonl 155k","6","rl-harness-EI","mean","textbook72","72","solved","256","0.8","13.7","nd_verify","","","copied","nd-rl:robbie-experiments:experiment-summaries/2026-09-21-pretrain-ablations/charts/runs.csv","textbook72|k256|T0.8|nd_verify|3-seed-mean"
"robbie-autoresearch-token:079-claude_attn-temp","079-claude_attn-temp (discard)","","token","scratch","cap-6 train.jsonl 155k","6","rl-harness-EI","mean","textbook72","72","solved","256","0.8","12.3","nd_verify","","","copied","nd-rl:robbie-experiments:experiment-summaries/2026-09-21-pretrain-ablations/charts/runs.csv","textbook72|k256|T0.8|nd_verify|3-seed-mean"
"robbie-autoresearch-token:080-claude_no-grad-clip","080-claude_no-grad-clip (discard)","","token","scratch","cap-6 train.jsonl 155k","6","rl-harness-EI","mean","textbook72","72","solved","256","0.8","12.3","nd_verify","","","copied","nd-rl:robbie-experiments:experiment-summaries/2026-09-21-pretrain-ablations/charts/runs.csv","textbook72|k256|T0.8|nd_verify|3-seed-mean"
"robbie-autoresearch-token:081-claude_polar-express","081-claude_polar-express (keep)","","token","scratch","cap-6 train.jsonl 155k","6","rl-harness-EI","mean","textbook72","72","solved","256","0.8","13.7","nd_verify","","","copied","nd-rl:robbie-experiments:experiment-summaries/2026-09-21-pretrain-ablations/charts/runs.csv","textbook72|k256|T0.8|nd_verify|3-seed-mean"
"robbie-autoresearch-token:082-claude_normuon","082-claude_normuon (discard)","","token","scratch","cap-6 train.jsonl 155k","6","rl-harness-EI","mean","textbook72","72","solved","256","0.8","13.3","nd_verify","","","copied","nd-rl:robbie-experiments:experiment-summaries/2026-09-21-pretrain-ablations/charts/runs.csv","textbook72|k256|T0.8|nd_verify|3-seed-mean"
"robbie-autoresearch-token:084-claude_muon-per-head-qkv","084-claude_muon-per-head-qkv (discard)","","token","scratch","cap-6 train.jsonl 155k","6","rl-harness-EI","mean","textbook72","72","solved","256","0.8","13","nd_verify","","","copied","nd-rl:robbie-experiments:experiment-summaries/2026-09-21-pretrain-ablations/charts/runs.csv","textbook72|k256|T0.8|nd_verify|3-seed-mean"
"robbie-autoresearch-token:085-claude_muon-polish-step","085-claude_muon-polish-step (discard)","","token","scratch","cap-6 train.jsonl 155k","6","rl-harness-EI","mean","textbook72","72","solved","256","0.8","12","nd_verify","","","copied","nd-rl:robbie-experiments:experiment-summaries/2026-09-21-pretrain-ablations/charts/runs.csv","textbook72|k256|T0.8|nd_verify|3-seed-mean"
"robbie-autoresearch-token:086-claude_cautious-wd","086-claude_cautious-wd (discard)","","token","scratch","cap-6 train.jsonl 155k","6","rl-harness-EI","mean","textbook72","72","solved","256","0.8","12","nd_verify","","","copied","nd-rl:robbie-experiments:experiment-summaries/2026-09-21-pretrain-ablations/charts/runs.csv","textbook72|k256|T0.8|nd_verify|3-seed-mean"
"robbie-autoresearch-token:087-claude_emb-lr-5x","087-claude_emb-lr-5x (discard)","","token","scratch","cap-6 train.jsonl 155k","6","rl-harness-EI","mean","textbook72","72","solved","256","0.8","12","nd_verify","","","copied","nd-rl:robbie-experiments:experiment-summaries/2026-09-21-pretrain-ablations/charts/runs.csv","textbook72|k256|T0.8|nd_verify|3-seed-mean"
"robbie-autoresearch-token:088-claude_muon-cosine-zero","088-claude_muon-cosine-zero (discard)","","token","scratch","cap-6 train.jsonl 155k","6","rl-harness-EI","mean","textbook72","72","solved","256","0.8","13.3","nd_verify","","","copied","nd-rl:robbie-experiments:experiment-summaries/2026-09-21-pretrain-ablations/charts/runs.csv","textbook72|k256|T0.8|nd_verify|3-seed-mean"
"robbie-autoresearch-token:089-claude_loop-abbbc","089-claude_loop-abbbc (discard)","","token","scratch","cap-6 train.jsonl 155k","6","rl-harness-EI","mean","textbook72","72","solved","256","0.8","12.3","nd_verify","","","copied","nd-rl:robbie-experiments:experiment-summaries/2026-09-21-pretrain-ablations/charts/runs.csv","textbook72|k256|T0.8|nd_verify|3-seed-mean"
"robbie-autoresearch-token:090-claude_ssmax","090-claude_ssmax (discard)","","token","scratch","cap-6 train.jsonl 155k","6","rl-harness-EI","mean","textbook72","72","solved","256","0.8","12.3","nd_verify","","","copied","nd-rl:robbie-experiments:experiment-summaries/2026-09-21-pretrain-ablations/charts/runs.csv","textbook72|k256|T0.8|nd_verify|3-seed-mean"
"robbie-autoresearch-token:091-claude_logit-softcap","091-claude_logit-softcap (discard)","","token","scratch","cap-6 train.jsonl 155k","6","rl-harness-EI","mean","textbook72","72","solved","256","0.8","12.7","nd_verify","","","copied","nd-rl:robbie-experiments:experiment-summaries/2026-09-21-pretrain-ablations/charts/runs.csv","textbook72|k256|T0.8|nd_verify|3-seed-mean"
"robbie-autoresearch-token:092-claude_bs-96","092-claude_bs-96 (discard)","","token","scratch","cap-6 train.jsonl 155k","6","rl-harness-EI","mean","textbook72","72","solved","256","0.8","12","nd_verify","","","copied","nd-rl:robbie-experiments:experiment-summaries/2026-09-21-pretrain-ablations/charts/runs.csv","textbook72|k256|T0.8|nd_verify|3-seed-mean"
"robbie-autoresearch-token:093-claude_entropy-penalty","093-claude_entropy-penalty (discard)","","token","scratch","cap-6 train.jsonl 155k","6","rl-harness-EI","mean","textbook72","72","solved","256","0.8","11.3","nd_verify","","","copied","nd-rl:robbie-experiments:experiment-summaries/2026-09-21-pretrain-ablations/charts/runs.csv","textbook72|k256|T0.8|nd_verify|3-seed-mean"
"robbie-autoresearch-token:094-claude_muon-momentum-warmup","094-claude_muon-momentum-warmup (discard)","","token","scratch","cap-6 train.jsonl 155k","6","rl-harness-EI","mean","textbook72","72","solved","256","0.8","12.3","nd_verify","","","copied","nd-rl:robbie-experiments:experiment-summaries/2026-09-21-pretrain-ablations/charts/runs.csv","textbook72|k256|T0.8|nd_verify|3-seed-mean"
"robbie-autoresearch-token:095-claude_muon-lr-012","095-claude_muon-lr-012 (discard)","","token","scratch","cap-6 train.jsonl 155k","6","rl-harness-EI","mean","textbook72","72","solved","256","0.8","12.7","nd_verify","","","copied","nd-rl:robbie-experiments:experiment-summaries/2026-09-21-pretrain-ablations/charts/runs.csv","textbook72|k256|T0.8|nd_verify|3-seed-mean"
"robbie-autoresearch-token:096-claude_prompt-loss","096-claude_prompt-loss (discard)","","token","scratch","cap-6 train.jsonl 155k","6","rl-harness-EI","mean","textbook72","72","solved","256","0.8","12","nd_verify","","","copied","nd-rl:robbie-experiments:experiment-summaries/2026-09-21-pretrain-ablations/charts/runs.csv","textbook72|k256|T0.8|nd_verify|3-seed-mean"
"robbie-combined-pipeline:c005","c005 inference=plain","9.56M","lean_seq","scratch","cap-6 train.jsonl 155k","6","tts-plain","mean(3)","textbook72","72","pass_at_k_frac","2","0.8","0.2213","lean_and_ndverify","","2026-09-29","copied","nd-rl:robbie-experiments:experiment-summaries/2026-09-28-combined-model/charts/textbook-tts.csv","textbook72|k2|T0.8|lean_and_ndverify"
"robbie-combined-pipeline:c005","c005 inference=resample","9.56M","lean_seq","scratch","cap-6 train.jsonl 155k","6","tts-resample","mean(3)","textbook72","72","pass_at_k_frac","2","0.8","0.3106","lean_and_ndverify","","2026-09-29","copied","nd-rl:robbie-experiments:experiment-summaries/2026-09-28-combined-model/charts/textbook-tts.csv","textbook72|k2|T0.8|lean_and_ndverify"
"robbie-combined-pipeline:c005","c005 inference=resample, no repeats","9.56M","lean_seq","scratch","cap-6 train.jsonl 155k","6","tts-resample, no repeats","mean(3)","textbook72","72","pass_at_k_frac","2","0.8","0.3288","lean_and_ndverify","","2026-09-29","copied","nd-rl:robbie-experiments:experiment-summaries/2026-09-28-combined-model/charts/textbook-tts.csv","textbook72|k2|T0.8|lean_and_ndverify"
"robbie-combined-pipeline:c005","c005 inference=plain","9.56M","lean_seq","scratch","cap-6 train.jsonl 155k","6","tts-plain","mean(3)","textbook72","72","pass_at_k_frac","32","0.8","0.3588","lean_and_ndverify","","2026-09-29","copied","nd-rl:robbie-experiments:experiment-summaries/2026-09-28-combined-model/charts/textbook-tts.csv","textbook72|k32|T0.8|lean_and_ndverify"
"robbie-combined-pipeline:c005","c005 inference=resample","9.56M","lean_seq","scratch","cap-6 train.jsonl 155k","6","tts-resample","mean(3)","textbook72","72","pass_at_k_frac","32","0.8","0.4358","lean_and_ndverify","","2026-09-29","copied","nd-rl:robbie-experiments:experiment-summaries/2026-09-28-combined-model/charts/textbook-tts.csv","textbook72|k32|T0.8|lean_and_ndverify"
"robbie-combined-pipeline:c005","c005 inference=resample, no repeats","9.56M","lean_seq","scratch","cap-6 train.jsonl 155k","6","tts-resample, no repeats","mean(3)","textbook72","72","pass_at_k_frac","32","0.8","0.4639","lean_and_ndverify","","2026-09-29","copied","nd-rl:robbie-experiments:experiment-summaries/2026-09-28-combined-model/charts/textbook-tts.csv","textbook72|k32|T0.8|lean_and_ndverify"
"robbie-combined-pipeline:c005","c005 inference=plain","9.56M","lean_seq","scratch","cap-6 train.jsonl 155k","6","tts-plain","mean(3)","textbook72","72","pass_at_k_frac","4","0.8","0.2620","lean_and_ndverify","","2026-09-29","copied","nd-rl:robbie-experiments:experiment-summaries/2026-09-28-combined-model/charts/textbook-tts.csv","textbook72|k4|T0.8|lean_and_ndverify"
"robbie-combined-pipeline:c005","c005 inference=resample","9.56M","lean_seq","scratch","cap-6 train.jsonl 155k","6","tts-resample","mean(3)","textbook72","72","pass_at_k_frac","4","0.8","0.3527","lean_and_ndverify","","2026-09-29","copied","nd-rl:robbie-experiments:experiment-summaries/2026-09-28-combined-model/charts/textbook-tts.csv","textbook72|k4|T0.8|lean_and_ndverify"
"robbie-combined-pipeline:c005","c005 inference=resample, no repeats","9.56M","lean_seq","scratch","cap-6 train.jsonl 155k","6","tts-resample, no repeats","mean(3)","textbook72","72","pass_at_k_frac","4","0.8","0.3750","lean_and_ndverify","","2026-09-29","copied","nd-rl:robbie-experiments:experiment-summaries/2026-09-28-combined-model/charts/textbook-tts.csv","textbook72|k4|T0.8|lean_and_ndverify"
"robbie-factorial:lean-best-ei","factorial lean-best-ei (pre=186 recipe, rl=harness EI 4x1500x32)","9.56M","lean_seq","scratch","cap-6 train.jsonl 155k","6","rl-harness-EI","0","textbook72","72","pass_at_k_expected_solved","4","0.8","16.105","lean_and_ndverify","robbie harness judge (fork sample Lean gate 51604b3 then nd_verify); max_new 512","2026-09-29","recomputed","nd-rl:robbie-experiments:experiment-summaries/2026-09-28-combined-model/charts/passk.csv","textbook72|k4|T0.8|lean_and_ndverify"
"robbie-factorial:lean-best-ei","factorial lean-best-ei (pre=186 recipe, rl=harness EI 4x1500x32)","9.56M","lean_seq","scratch","cap-6 train.jsonl 155k","6","rl-harness-EI","1","textbook72","72","pass_at_k_expected_solved","4","0.8","14.94","lean_and_ndverify","robbie harness judge (fork sample Lean gate 51604b3 then nd_verify); max_new 512","2026-09-29","recomputed","nd-rl:robbie-experiments:experiment-summaries/2026-09-28-combined-model/charts/passk.csv","textbook72|k4|T0.8|lean_and_ndverify"
"robbie-factorial:lean-best-ei","factorial lean-best-ei (pre=186 recipe, rl=harness EI 4x1500x32)","9.56M","lean_seq","scratch","cap-6 train.jsonl 155k","6","rl-harness-EI","2","textbook72","72","pass_at_k_expected_solved","4","0.8","14.595","lean_and_ndverify","robbie harness judge (fork sample Lean gate 51604b3 then nd_verify); max_new 512","2026-09-29","recomputed","nd-rl:robbie-experiments:experiment-summaries/2026-09-28-combined-model/charts/passk.csv","textbook72|k4|T0.8|lean_and_ndverify"
"robbie-factorial:lean-best-leon","factorial lean-best-leon (pre=186 recipe, rl=c005 Leon EI+guided)","9.56M","lean_seq","scratch","cap-6 train.jsonl 155k","6","rl-leon-c005","0","textbook72","72","pass_at_k_expected_solved","4","0.8","21.89","lean_and_ndverify","robbie harness judge (fork sample Lean gate 51604b3 then nd_verify); max_new 512","2026-09-29","recomputed","nd-rl:robbie-experiments:experiment-summaries/2026-09-28-combined-model/charts/passk.csv","textbook72|k4|T0.8|lean_and_ndverify"
"robbie-factorial:lean-best-leon","factorial lean-best-leon (pre=186 recipe, rl=c005 Leon EI+guided)","9.56M","lean_seq","scratch","cap-6 train.jsonl 155k","6","rl-leon-c005","1","textbook72","72","pass_at_k_expected_solved","4","0.8","22.332","lean_and_ndverify","robbie harness judge (fork sample Lean gate 51604b3 then nd_verify); max_new 512","2026-09-29","recomputed","nd-rl:robbie-experiments:experiment-summaries/2026-09-28-combined-model/charts/passk.csv","textbook72|k4|T0.8|lean_and_ndverify"
"robbie-factorial:lean-best-leon","factorial lean-best-leon (pre=186 recipe, rl=c005 Leon EI+guided)","9.56M","lean_seq","scratch","cap-6 train.jsonl 155k","6","rl-leon-c005","2","textbook72","72","pass_at_k_expected_solved","4","0.8","18.517","lean_and_ndverify","robbie harness judge (fork sample Lean gate 51604b3 then nd_verify); max_new 512","2026-09-29","recomputed","nd-rl:robbie-experiments:experiment-summaries/2026-09-28-combined-model/charts/passk.csv","textbook72|k4|T0.8|lean_and_ndverify"
"robbie-factorial:lean-naive-ei","factorial lean-naive-ei (pre=012 baseline, rl=harness EI 4x1500x32)","","lean_seq","scratch","cap-6 train.jsonl 155k","6","rl-harness-EI","0","textbook72","72","pass_at_k_expected_solved","4","0.8","6.178","lean_and_ndverify","robbie harness judge (fork sample Lean gate 51604b3 then nd_verify); max_new 512","2026-09-29","recomputed","nd-rl:robbie-experiments:experiment-summaries/2026-09-28-combined-model/charts/passk.csv","textbook72|k4|T0.8|lean_and_ndverify"
"robbie-factorial:lean-naive-ei","factorial lean-naive-ei (pre=012 baseline, rl=harness EI 4x1500x32)","","lean_seq","scratch","cap-6 train.jsonl 155k","6","rl-harness-EI","1","textbook72","72","pass_at_k_expected_solved","4","0.8","5.858","lean_and_ndverify","robbie harness judge (fork sample Lean gate 51604b3 then nd_verify); max_new 512","2026-09-29","recomputed","nd-rl:robbie-experiments:experiment-summaries/2026-09-28-combined-model/charts/passk.csv","textbook72|k4|T0.8|lean_and_ndverify"
"robbie-factorial:lean-naive-ei","factorial lean-naive-ei (pre=012 baseline, rl=harness EI 4x1500x32)","","lean_seq","scratch","cap-6 train.jsonl 155k","6","rl-harness-EI","2","textbook72","72","pass_at_k_expected_solved","4","0.8","5.383","lean_and_ndverify","robbie harness judge (fork sample Lean gate 51604b3 then nd_verify); max_new 512","2026-09-29","recomputed","nd-rl:robbie-experiments:experiment-summaries/2026-09-28-combined-model/charts/passk.csv","textbook72|k4|T0.8|lean_and_ndverify"
"robbie-factorial:lean-naive-leon","factorial lean-naive-leon (pre=012 baseline, rl=c005 Leon EI+guided)","","lean_seq","scratch","cap-6 train.jsonl 155k","6","rl-leon-c005","0","textbook72","72","pass_at_k_expected_solved","4","0.8","5.784","lean_and_ndverify","robbie harness judge (fork sample Lean gate 51604b3 then nd_verify); max_new 512","2026-09-29","recomputed","nd-rl:robbie-experiments:experiment-summaries/2026-09-28-combined-model/charts/passk.csv","textbook72|k4|T0.8|lean_and_ndverify"
"robbie-factorial:lean-naive-leon","factorial lean-naive-leon (pre=012 baseline, rl=c005 Leon EI+guided)","","lean_seq","scratch","cap-6 train.jsonl 155k","6","rl-leon-c005","1","textbook72","72","pass_at_k_expected_solved","4","0.8","6.007","lean_and_ndverify","robbie harness judge (fork sample Lean gate 51604b3 then nd_verify); max_new 512","2026-09-29","recomputed","nd-rl:robbie-experiments:experiment-summaries/2026-09-28-combined-model/charts/passk.csv","textbook72|k4|T0.8|lean_and_ndverify"
"robbie-factorial:lean-naive-leon","factorial lean-naive-leon (pre=012 baseline, rl=c005 Leon EI+guided)","","lean_seq","scratch","cap-6 train.jsonl 155k","6","rl-leon-c005","2","textbook72","72","pass_at_k_expected_solved","4","0.8","5.651","lean_and_ndverify","robbie harness judge (fork sample Lean gate 51604b3 then nd_verify); max_new 512","2026-09-29","recomputed","nd-rl:robbie-experiments:experiment-summaries/2026-09-28-combined-model/charts/passk.csv","textbook72|k4|T0.8|lean_and_ndverify"
"best-9.56M-cap12","la_T1_best12_s0_r8","9.56M","lean_staten","scratch","K12 155k","12","T1","0","textbook72","72","pass_at_k_expected_solved","4","0.8","38.968","lean_only","fork lean_judge (Lean 4.34 alone); state_eval in-env sampling, max_action 512 max_steps 96; seed 0; best-state read, batch 2048","2026-10-01","recomputed","hf://buckets/dan-pandori/nd-rl/best-state/artifacts/bs/eval/T1_best12_s0__tb72.jsonl","textbook72|k4|T0.8|lean_only"
"best-9.56M-cap12","la_T1_best12_s1_r8","9.56M","lean_staten","scratch","K12 155k","12","T1","1","textbook72","72","pass_at_k_expected_solved","4","0.8","36.696","lean_only","fork lean_judge (Lean 4.34 alone); state_eval in-env sampling, max_action 512 max_steps 96; seed 0; best-state read, batch 2048","2026-10-01","recomputed","hf://buckets/dan-pandori/nd-rl/best-state/artifacts/bs/eval/T1_best12_s1__tb72.jsonl","textbook72|k4|T0.8|lean_only"
"best-9.56M-cap12","la_T1_best12_s2_r8","9.56M","lean_staten","scratch","K12 155k","12","T1","2","textbook72","72","pass_at_k_expected_solved","4","0.8","36.737","lean_only","fork lean_judge (Lean 4.34 alone); state_eval in-env sampling, max_action 512 max_steps 96; seed 0; best-state read, batch 2048","2026-10-01","recomputed","hf://buckets/dan-pandori/nd-rl/best-state/artifacts/bs/eval/T1_best12_s2__tb72.jsonl","textbook72|k4|T0.8|lean_only"
"best-9.56M-cap12","stage1_best12_s0_b1200","9.56M","lean_staten","scratch","K12 155k","12","frozen","0","textbook72","72","pass_at_k_expected_solved","4","0.8","15.686","lean_only","fork lean_judge (Lean 4.34 alone); state_eval in-env sampling, max_action 512 max_steps 96; seed 0; best-state read, batch 2048","2026-09-30","recomputed","hf://buckets/dan-pandori/nd-rl/best-state/artifacts/bs/eval/Fz_best12_s0__tb72.jsonl","textbook72|k4|T0.8|lean_only"
"best-9.56M-cap12","stage1_best12_s1_b1200","9.56M","lean_staten","scratch","K12 155k","12","frozen","1","textbook72","72","pass_at_k_expected_solved","4","0.8","14.648","lean_only","fork lean_judge (Lean 4.34 alone); state_eval in-env sampling, max_action 512 max_steps 96; seed 0; best-state read, batch 2048","2026-09-30","recomputed","hf://buckets/dan-pandori/nd-rl/best-state/artifacts/bs/eval/Fz_best12_s1__tb72.jsonl","textbook72|k4|T0.8|lean_only"
"best-9.56M-cap12","stage1_best12_s2_b1200","9.56M","lean_staten","scratch","K12 155k","12","frozen","2","textbook72","72","pass_at_k_expected_solved","4","0.8","16.904","lean_only","fork lean_judge (Lean 4.34 alone); state_eval in-env sampling, max_action 512 max_steps 96; seed 0; best-state read, batch 2048","2026-09-30","recomputed","hf://buckets/dan-pandori/nd-rl/best-state/artifacts/bs/eval/Fz_best12_s2__tb72.jsonl","textbook72|k4|T0.8|lean_only"
"best-9.56M-cap12-trajectory","la_T1_best12_s0_r8","9.56M","lean_staten","scratch","K12 155k","12","T1","0","textbook72","72","pass_at_k_expected_solved","4","0.8","35.507","lean_only","fork lean_judge (Lean 4.34 alone); state_eval in-env sampling, max_action 512 max_steps 96; seed 0; sample seed x0","2026-10-01","recomputed","hf://buckets/dan-pandori/nd-rl/trajectory/artifacts/tj/eval/s0_r8__tb72_x0.jsonl","textbook72|k4|T0.8|lean_only"
"best-9.56M-cap12-trajectory","la_T1_best12_s1_r8","9.56M","lean_staten","scratch","K12 155k","12","T1","1","textbook72","72","pass_at_k_expected_solved","4","0.8","34.705","lean_only","fork lean_judge (Lean 4.34 alone); state_eval in-env sampling, max_action 512 max_steps 96; seed 0; sample seed x0","2026-10-01","recomputed","hf://buckets/dan-pandori/nd-rl/trajectory/artifacts/tj/eval/s1_r8__tb72_x0.jsonl","textbook72|k4|T0.8|lean_only"
"best-9.56M-cap12-trajectory","la_T1_best12_s2_r8","9.56M","lean_staten","scratch","K12 155k","12","T1","2","textbook72","72","pass_at_k_expected_solved","4","0.8","41.569","lean_only","fork lean_judge (Lean 4.34 alone); state_eval in-env sampling, max_action 512 max_steps 96; seed 0; sample seed x0","2026-10-01","recomputed","hf://buckets/dan-pandori/nd-rl/trajectory/artifacts/tj/eval/s2_r8__tb72_x0.jsonl","textbook72|k4|T0.8|lean_only"
"best-9.56M-cap12-trajectory","la_T1_best12_s0_p12000 r8","9.56M","lean_staten","scratch","K12 155k","12","T1-from-p12000","0","textbook72","72","pass_at_k_expected_solved","4","0.8","30.146","lean_only","fork lean_judge (Lean 4.34 alone); state_eval in-env sampling, max_action 512 max_steps 96; seed 1; sample seed x1","2026-10-02","recomputed","hf://buckets/dan-pandori/nd-rl/rl-from-ckpt/artifacts/rfc/eval/s0_p12000_r8__tb72_x1.jsonl","textbook72|k4|T0.8|lean_only"
"best-9.56M-cap12-trajectory","la_T1_best12_s1_p12000 r8","9.56M","lean_staten","scratch","K12 155k","12","T1-from-p12000","1","textbook72","72","pass_at_k_expected_solved","4","0.8","30.108","lean_only","fork lean_judge (Lean 4.34 alone); state_eval in-env sampling, max_action 512 max_steps 96; seed 1; sample seed x1","2026-10-02","recomputed","hf://buckets/dan-pandori/nd-rl/rl-from-ckpt/artifacts/rfc/eval/s1_p12000_r8__tb72_x1.jsonl","textbook72|k4|T0.8|lean_only"
"best-9.56M-cap12-trajectory","la_T1_best12_s2_p12000 r8","9.56M","lean_staten","scratch","K12 155k","12","T1-from-p12000","2","textbook72","72","pass_at_k_expected_solved","4","0.8","33.219","lean_only","fork lean_judge (Lean 4.34 alone); state_eval in-env sampling, max_action 512 max_steps 96; seed 1; sample seed x1","2026-10-02","recomputed","hf://buckets/dan-pandori/nd-rl/rl-from-ckpt/artifacts/rfc/eval/s2_p12000_r8__tb72_x1.jsonl","textbook72|k4|T0.8|lean_only"
"best-9.56M-cap12-trajectory","la_T1_best12_s0_p1600 r8","9.56M","lean_staten","scratch","K12 155k","12","T1-from-p1600","0","textbook72","72","pass_at_k_expected_solved","4","0.8","22.913","lean_only","fork lean_judge (Lean 4.34 alone); state_eval in-env sampling, max_action 512 max_steps 96; seed 1; sample seed x1","2026-10-02","recomputed","hf://buckets/dan-pandori/nd-rl/rl-from-ckpt/artifacts/rfc/eval/s0_p1600_r8__tb72_x1.jsonl","textbook72|k4|T0.8|lean_only"
"best-9.56M-cap12-trajectory","la_T1_best12_s1_p1600 r8","9.56M","lean_staten","scratch","K12 155k","12","T1-from-p1600","1","textbook72","72","pass_at_k_expected_solved","4","0.8","20.28","lean_only","fork lean_judge (Lean 4.34 alone); state_eval in-env sampling, max_action 512 max_steps 96; seed 1; sample seed x1","2026-10-02","recomputed","hf://buckets/dan-pandori/nd-rl/rl-from-ckpt/artifacts/rfc/eval/s1_p1600_r8__tb72_x1.jsonl","textbook72|k4|T0.8|lean_only"
"best-9.56M-cap12-trajectory","la_T1_best12_s2_p1600 r8","9.56M","lean_staten","scratch","K12 155k","12","T1-from-p1600","2","textbook72","72","pass_at_k_expected_solved","4","0.8","24.14","lean_only","fork lean_judge (Lean 4.34 alone); state_eval in-env sampling, max_action 512 max_steps 96; seed 1; sample seed x1","2026-10-02","recomputed","hf://buckets/dan-pandori/nd-rl/rl-from-ckpt/artifacts/rfc/eval/s2_p1600_r8__tb72_x1.jsonl","textbook72|k4|T0.8|lean_only"
"best-9.56M-cap12-trajectory","la_T1_best12_s0_p16000 r8","9.56M","lean_staten","scratch","K12 155k","12","T1-from-p16000","0","textbook72","72","pass_at_k_expected_solved","4","0.8","36.121","lean_only","fork lean_judge (Lean 4.34 alone); state_eval in-env sampling, max_action 512 max_steps 96; seed 1; sample seed x1","2026-10-02","recomputed","hf://buckets/dan-pandori/nd-rl/rl-from-ckpt/artifacts/rfc/eval/s0_p16000_r8__tb72_x1.jsonl","textbook72|k4|T0.8|lean_only"
"best-9.56M-cap12-trajectory","la_T1_best12_s1_p16000 r8","9.56M","lean_staten","scratch","K12 155k","12","T1-from-p16000","1","textbook72","72","pass_at_k_expected_solved","4","0.8","33.788","lean_only","fork lean_judge (Lean 4.34 alone); state_eval in-env sampling, max_action 512 max_steps 96; seed 1; sample seed x1","2026-10-02","recomputed","hf://buckets/dan-pandori/nd-rl/rl-from-ckpt/artifacts/rfc/eval/s1_p16000_r8__tb72_x1.jsonl","textbook72|k4|T0.8|lean_only"
"best-9.56M-cap12-trajectory","la_T1_best12_s2_p16000 r8","9.56M","lean_staten","scratch","K12 155k","12","T1-from-p16000","2","textbook72","72","pass_at_k_expected_solved","4","0.8","34.108","lean_only","fork lean_judge (Lean 4.34 alone); state_eval in-env sampling, max_action 512 max_steps 96; seed 1; sample seed x1","2026-10-02","recomputed","hf://buckets/dan-pandori/nd-rl/rl-from-ckpt/artifacts/rfc/eval/s2_p16000_r8__tb72_x1.jsonl","textbook72|k4|T0.8|lean_only"
"best-9.56M-cap12-trajectory","la_T1_best12_s0_p5000 r8","9.56M","lean_staten","scratch","K12 155k","12","T1-from-p5000","0","textbook72","72","pass_at_k_expected_solved","4","0.8","32.346","lean_only","fork lean_judge (Lean 4.34 alone); state_eval in-env sampling, max_action 512 max_steps 96; seed 1; sample seed x1","2026-10-02","recomputed","hf://buckets/dan-pandori/nd-rl/rl-from-ckpt/artifacts/rfc/eval/s0_p5000_r8__tb72_x1.jsonl","textbook72|k4|T0.8|lean_only"
"best-9.56M-cap12-trajectory","la_T1_best12_s1_p5000 r8","9.56M","lean_staten","scratch","K12 155k","12","T1-from-p5000","1","textbook72","72","pass_at_k_expected_solved","4","0.8","31.615","lean_only","fork lean_judge (Lean 4.34 alone); state_eval in-env sampling, max_action 512 max_steps 96; seed 1; sample seed x1","2026-10-02","recomputed","hf://buckets/dan-pandori/nd-rl/rl-from-ckpt/artifacts/rfc/eval/s1_p5000_r8__tb72_x1.jsonl","textbook72|k4|T0.8|lean_only"
"best-9.56M-cap12-trajectory","la_T1_best12_s2_p5000 r8","9.56M","lean_staten","scratch","K12 155k","12","T1-from-p5000","2","textbook72","72","pass_at_k_expected_solved","4","0.8","31.682","lean_only","fork lean_judge (Lean 4.34 alone); state_eval in-env sampling, max_action 512 max_steps 96; seed 1; sample seed x1","2026-10-02","recomputed","hf://buckets/dan-pandori/nd-rl/rl-from-ckpt/artifacts/rfc/eval/s2_p5000_r8__tb72_x1.jsonl","textbook72|k4|T0.8|lean_only"
"best-9.56M-cap12-trajectory","stage1_best12_s0_p0","9.56M","lean_staten","scratch","K12 155k","12","frozen@p0","0","textbook72","72","pass_at_k_expected_solved","4","0.8","0.0","lean_only","fork lean_judge (Lean 4.34 alone); state_eval in-env sampling, max_action 512 max_steps 96; seed 0; sample seed x0","","recomputed","hf://buckets/dan-pandori/nd-rl/trajectory/artifacts/tj/eval/s0_p0__tb72_x0.jsonl","textbook72|k4|T0.8|lean_only"
"best-9.56M-cap12-trajectory","stage1_best12_s1_p0","9.56M","lean_staten","scratch","K12 155k","12","frozen@p0","1","textbook72","72","pass_at_k_expected_solved","4","0.8","0.0","lean_only","fork lean_judge (Lean 4.34 alone); state_eval in-env sampling, max_action 512 max_steps 96; seed 0; sample seed x0","","recomputed","hf://buckets/dan-pandori/nd-rl/trajectory/artifacts/tj/eval/s1_p0__tb72_x0.jsonl","textbook72|k4|T0.8|lean_only"
"best-9.56M-cap12-trajectory","stage1_best12_s2_p0","9.56M","lean_staten","scratch","K12 155k","12","frozen@p0","2","textbook72","72","pass_at_k_expected_solved","4","0.8","0.0","lean_only","fork lean_judge (Lean 4.34 alone); state_eval in-env sampling, max_action 512 max_steps 96; seed 0; sample seed x0","","recomputed","hf://buckets/dan-pandori/nd-rl/trajectory/artifacts/tj/eval/s2_p0__tb72_x0.jsonl","textbook72|k4|T0.8|lean_only"
"best-9.56M-cap12-trajectory","stage1_best12_s0_p100","9.56M","lean_staten","scratch","K12 155k","12","frozen@p100","0","textbook72","72","pass_at_k_expected_solved","4","0.8","0.0","lean_only","fork lean_judge (Lean 4.34 alone); state_eval in-env sampling, max_action 512 max_steps 96; seed 0; sample seed x0","","recomputed","hf://buckets/dan-pandori/nd-rl/trajectory/artifacts/tj/eval/s0_p100__tb72_x0.jsonl","textbook72|k4|T0.8|lean_only"
"best-9.56M-cap12-trajectory","stage1_best12_s1_p100","9.56M","lean_staten","scratch","K12 155k","12","frozen@p100","1","textbook72","72","pass_at_k_expected_solved","4","0.8","0.0","lean_only","fork lean_judge (Lean 4.34 alone); state_eval in-env sampling, max_action 512 max_steps 96; seed 0; sample seed x0","","recomputed","hf://buckets/dan-pandori/nd-rl/trajectory/artifacts/tj/eval/s1_p100__tb72_x0.jsonl","textbook72|k4|T0.8|lean_only"
"best-9.56M-cap12-trajectory","stage1_best12_s2_p100","9.56M","lean_staten","scratch","K12 155k","12","frozen@p100","2","textbook72","72","pass_at_k_expected_solved","4","0.8","0.0","lean_only","fork lean_judge (Lean 4.34 alone); state_eval in-env sampling, max_action 512 max_steps 96; seed 0; sample seed x0","","recomputed","hf://buckets/dan-pandori/nd-rl/trajectory/artifacts/tj/eval/s2_p100__tb72_x0.jsonl","textbook72|k4|T0.8|lean_only"
"best-9.56M-cap12-trajectory","stage1_best12_s0_p12000","9.56M","lean_staten","scratch","K12 155k","12","frozen@p12000","0","textbook72","72","pass_at_k_expected_solved","4","0.8","11.801","lean_only","fork lean_judge (Lean 4.34 alone); state_eval in-env sampling, max_action 512 max_steps 96; seed 0; sample seed x0","","recomputed","hf://buckets/dan-pandori/nd-rl/trajectory/artifacts/tj/eval/s0_p12000__tb72_x0.jsonl","textbook72|k4|T0.8|lean_only"
"best-9.56M-cap12-trajectory","stage1_best12_s1_p12000","9.56M","lean_staten","scratch","K12 155k","12","frozen@p12000","1","textbook72","72","pass_at_k_expected_solved","4","0.8","10.161","lean_only","fork lean_judge (Lean 4.34 alone); state_eval in-env sampling, max_action 512 max_steps 96; seed 0; sample seed x0","","recomputed","hf://buckets/dan-pandori/nd-rl/trajectory/artifacts/tj/eval/s1_p12000__tb72_x0.jsonl","textbook72|k4|T0.8|lean_only"
"best-9.56M-cap12-trajectory","stage1_best12_s2_p12000","9.56M","lean_staten","scratch","K12 155k","12","frozen@p12000","2","textbook72","72","pass_at_k_expected_solved","4","0.8","10.262","lean_only","fork lean_judge (Lean 4.34 alone); state_eval in-env sampling, max_action 512 max_steps 96; seed 0; sample seed x0","","recomputed","hf://buckets/dan-pandori/nd-rl/trajectory/artifacts/tj/eval/s2_p12000__tb72_x0.jsonl","textbook72|k4|T0.8|lean_only"
"best-9.56M-cap12-trajectory","stage1_best12_s0_p1600","9.56M","lean_staten","scratch","K12 155k","12","frozen@p1600","0","textbook72","72","pass_at_k_expected_solved","4","0.8","7.221","lean_only","fork lean_judge (Lean 4.34 alone); state_eval in-env sampling, max_action 512 max_steps 96; seed 0; sample seed x0","","recomputed","hf://buckets/dan-pandori/nd-rl/trajectory/artifacts/tj/eval/s0_p1600__tb72_x0.jsonl","textbook72|k4|T0.8|lean_only"
"best-9.56M-cap12-trajectory","stage1_best12_s1_p1600","9.56M","lean_staten","scratch","K12 155k","12","frozen@p1600","1","textbook72","72","pass_at_k_expected_solved","4","0.8","6.312","lean_only","fork lean_judge (Lean 4.34 alone); state_eval in-env sampling, max_action 512 max_steps 96; seed 0; sample seed x0","","recomputed","hf://buckets/dan-pandori/nd-rl/trajectory/artifacts/tj/eval/s1_p1600__tb72_x0.jsonl","textbook72|k4|T0.8|lean_only"
"best-9.56M-cap12-trajectory","stage1_best12_s2_p1600","9.56M","lean_staten","scratch","K12 155k","12","frozen@p1600","2","textbook72","72","pass_at_k_expected_solved","4","0.8","7.587","lean_only","fork lean_judge (Lean 4.34 alone); state_eval in-env sampling, max_action 512 max_steps 96; seed 0; sample seed x0","","recomputed","hf://buckets/dan-pandori/nd-rl/trajectory/artifacts/tj/eval/s2_p1600__tb72_x0.jsonl","textbook72|k4|T0.8|lean_only"
"best-9.56M-cap12-trajectory","stage1_best12_s0_p16000","9.56M","lean_staten","scratch","K12 155k","12","frozen@p16000","0","textbook72","72","pass_at_k_expected_solved","4","0.8","13.119","lean_only","fork lean_judge (Lean 4.34 alone); state_eval in-env sampling, max_action 512 max_steps 96; seed 0; sample seed x0","2026-10-01","recomputed","hf://buckets/dan-pandori/nd-rl/trajectory/artifacts/tj/eval/s0_p16000__tb72_x0.jsonl","textbook72|k4|T0.8|lean_only"
"best-9.56M-cap12-trajectory","stage1_best12_s1_p16000","9.56M","lean_staten","scratch","K12 155k","12","frozen@p16000","1","textbook72","72","pass_at_k_expected_solved","4","0.8","18.332","lean_only","fork lean_judge (Lean 4.34 alone); state_eval in-env sampling, max_action 512 max_steps 96; seed 0; sample seed x0","","recomputed","hf://buckets/dan-pandori/nd-rl/trajectory/artifacts/tj/eval/s1_p16000__tb72_x0.jsonl","textbook72|k4|T0.8|lean_only"
"best-9.56M-cap12-trajectory","stage1_best12_s2_p16000","9.56M","lean_staten","scratch","K12 155k","12","frozen@p16000","2","textbook72","72","pass_at_k_expected_solved","4","0.8","15.937","lean_only","fork lean_judge (Lean 4.34 alone); state_eval in-env sampling, max_action 512 max_steps 96; seed 0; sample seed x0","","recomputed","hf://buckets/dan-pandori/nd-rl/trajectory/artifacts/tj/eval/s2_p16000__tb72_x0.jsonl","textbook72|k4|T0.8|lean_only"
"best-9.56M-cap12-trajectory","stage1_best12_s0_p200","9.56M","lean_staten","scratch","K12 155k","12","frozen@p200","0","textbook72","72","pass_at_k_expected_solved","4","0.8","0.091","lean_only","fork lean_judge (Lean 4.34 alone); state_eval in-env sampling, max_action 512 max_steps 96; seed 0; sample seed x0","","recomputed","hf://buckets/dan-pandori/nd-rl/trajectory/artifacts/tj/eval/s0_p200__tb72_x0.jsonl","textbook72|k4|T0.8|lean_only"
"best-9.56M-cap12-trajectory","stage1_best12_s1_p200","9.56M","lean_staten","scratch","K12 155k","12","frozen@p200","1","textbook72","72","pass_at_k_expected_solved","4","0.8","0.197","lean_only","fork lean_judge (Lean 4.34 alone); state_eval in-env sampling, max_action 512 max_steps 96; seed 0; sample seed x0","","recomputed","hf://buckets/dan-pandori/nd-rl/trajectory/artifacts/tj/eval/s1_p200__tb72_x0.jsonl","textbook72|k4|T0.8|lean_only"
"best-9.56M-cap12-trajectory","stage1_best12_s2_p200","9.56M","lean_staten","scratch","K12 155k","12","frozen@p200","2","textbook72","72","pass_at_k_expected_solved","4","0.8","0.031","lean_only","fork lean_judge (Lean 4.34 alone); state_eval in-env sampling, max_action 512 max_steps 96; seed 0; sample seed x0","","recomputed","hf://buckets/dan-pandori/nd-rl/trajectory/artifacts/tj/eval/s2_p200__tb72_x0.jsonl","textbook72|k4|T0.8|lean_only"
"best-9.56M-cap12-trajectory","stage1_best12_s0_p20000","9.56M","lean_staten","scratch","K12 155k","12","frozen@p20000","0","textbook72","72","pass_at_k_expected_solved","4","0.8","14.116","lean_only","fork lean_judge (Lean 4.34 alone); state_eval in-env sampling, max_action 512 max_steps 96; seed 0; sample seed x0","","recomputed","hf://buckets/dan-pandori/nd-rl/trajectory/artifacts/tj/eval/s0_p20000__tb72_x0.jsonl","textbook72|k4|T0.8|lean_only"
"best-9.56M-cap12-trajectory","stage1_best12_s1_p20000","9.56M","lean_staten","scratch","K12 155k","12","frozen@p20000","1","textbook72","72","pass_at_k_expected_solved","4","0.8","14.835","lean_only","fork lean_judge (Lean 4.34 alone); state_eval in-env sampling, max_action 512 max_steps 96; seed 0; sample seed x0","","recomputed","hf://buckets/dan-pandori/nd-rl/trajectory/artifacts/tj/eval/s1_p20000__tb72_x0.jsonl","textbook72|k4|T0.8|lean_only"
"best-9.56M-cap12-trajectory","stage1_best12_s2_p20000","9.56M","lean_staten","scratch","K12 155k","12","frozen@p20000","2","textbook72","72","pass_at_k_expected_solved","4","0.8","14.545","lean_only","fork lean_judge (Lean 4.34 alone); state_eval in-env sampling, max_action 512 max_steps 96; seed 0; sample seed x0","","recomputed","hf://buckets/dan-pandori/nd-rl/trajectory/artifacts/tj/eval/s2_p20000__tb72_x0.jsonl","textbook72|k4|T0.8|lean_only"
"best-9.56M-cap12-trajectory","stage1_best12_s0_p3000","9.56M","lean_staten","scratch","K12 155k","12","frozen@p3000","0","textbook72","72","pass_at_k_expected_solved","4","0.8","8.777","lean_only","fork lean_judge (Lean 4.34 alone); state_eval in-env sampling, max_action 512 max_steps 96; seed 0; sample seed x0","","recomputed","hf://buckets/dan-pandori/nd-rl/trajectory/artifacts/tj/eval/s0_p3000__tb72_x0.jsonl","textbook72|k4|T0.8|lean_only"
"best-9.56M-cap12-trajectory","stage1_best12_s1_p3000","9.56M","lean_staten","scratch","K12 155k","12","frozen@p3000","1","textbook72","72","pass_at_k_expected_solved","4","0.8","7.368","lean_only","fork lean_judge (Lean 4.34 alone); state_eval in-env sampling, max_action 512 max_steps 96; seed 0; sample seed x0","","recomputed","hf://buckets/dan-pandori/nd-rl/trajectory/artifacts/tj/eval/s1_p3000__tb72_x0.jsonl","textbook72|k4|T0.8|lean_only"
"best-9.56M-cap12-trajectory","stage1_best12_s2_p3000","9.56M","lean_staten","scratch","K12 155k","12","frozen@p3000","2","textbook72","72","pass_at_k_expected_solved","4","0.8","8.745","lean_only","fork lean_judge (Lean 4.34 alone); state_eval in-env sampling, max_action 512 max_steps 96; seed 0; sample seed x0","","recomputed","hf://buckets/dan-pandori/nd-rl/trajectory/artifacts/tj/eval/s2_p3000__tb72_x0.jsonl","textbook72|k4|T0.8|lean_only"
"best-9.56M-cap12-trajectory","stage1_best12_s0_p400","9.56M","lean_staten","scratch","K12 155k","12","frozen@p400","0","textbook72","72","pass_at_k_expected_solved","4","0.8","1.866","lean_only","fork lean_judge (Lean 4.34 alone); state_eval in-env sampling, max_action 512 max_steps 96; seed 0; sample seed x0","","recomputed","hf://buckets/dan-pandori/nd-rl/trajectory/artifacts/tj/eval/s0_p400__tb72_x0.jsonl","textbook72|k4|T0.8|lean_only"
"best-9.56M-cap12-trajectory","stage1_best12_s1_p400","9.56M","lean_staten","scratch","K12 155k","12","frozen@p400","1","textbook72","72","pass_at_k_expected_solved","4","0.8","2.434","lean_only","fork lean_judge (Lean 4.34 alone); state_eval in-env sampling, max_action 512 max_steps 96; seed 0; sample seed x0","","recomputed","hf://buckets/dan-pandori/nd-rl/trajectory/artifacts/tj/eval/s1_p400__tb72_x0.jsonl","textbook72|k4|T0.8|lean_only"
"best-9.56M-cap12-trajectory","stage1_best12_s2_p400","9.56M","lean_staten","scratch","K12 155k","12","frozen@p400","2","textbook72","72","pass_at_k_expected_solved","4","0.8","2.338","lean_only","fork lean_judge (Lean 4.34 alone); state_eval in-env sampling, max_action 512 max_steps 96; seed 0; sample seed x0","","recomputed","hf://buckets/dan-pandori/nd-rl/trajectory/artifacts/tj/eval/s2_p400__tb72_x0.jsonl","textbook72|k4|T0.8|lean_only"
"best-9.56M-cap12-trajectory","stage1_best12_s0_p50","9.56M","lean_staten","scratch","K12 155k","12","frozen@p50","0","textbook72","72","pass_at_k_expected_solved","4","0.8","0.0","lean_only","fork lean_judge (Lean 4.34 alone); state_eval in-env sampling, max_action 512 max_steps 96; seed 0; sample seed x0","","recomputed","hf://buckets/dan-pandori/nd-rl/trajectory/artifacts/tj/eval/s0_p50__tb72_x0.jsonl","textbook72|k4|T0.8|lean_only"
"best-9.56M-cap12-trajectory","stage1_best12_s1_p50","9.56M","lean_staten","scratch","K12 155k","12","frozen@p50","1","textbook72","72","pass_at_k_expected_solved","4","0.8","0.0","lean_only","fork lean_judge (Lean 4.34 alone); state_eval in-env sampling, max_action 512 max_steps 96; seed 0; sample seed x0","","recomputed","hf://buckets/dan-pandori/nd-rl/trajectory/artifacts/tj/eval/s1_p50__tb72_x0.jsonl","textbook72|k4|T0.8|lean_only"
"best-9.56M-cap12-trajectory","stage1_best12_s2_p50","9.56M","lean_staten","scratch","K12 155k","12","frozen@p50","2","textbook72","72","pass_at_k_expected_solved","4","0.8","0.0","lean_only","fork lean_judge (Lean 4.34 alone); state_eval in-env sampling, max_action 512 max_steps 96; seed 0; sample seed x0","","recomputed","hf://buckets/dan-pandori/nd-rl/trajectory/artifacts/tj/eval/s2_p50__tb72_x0.jsonl","textbook72|k4|T0.8|lean_only"
"best-9.56M-cap12-trajectory","stage1_best12_s0_p5000","9.56M","lean_staten","scratch","K12 155k","12","frozen@p5000","0","textbook72","72","pass_at_k_expected_solved","4","0.8","10.546","lean_only","fork lean_judge (Lean 4.34 alone); state_eval in-env sampling, max_action 512 max_steps 96; seed 0; sample seed x0","","recomputed","hf://buckets/dan-pandori/nd-rl/trajectory/artifacts/tj/eval/s0_p5000__tb72_x0.jsonl","textbook72|k4|T0.8|lean_only"
"best-9.56M-cap12-trajectory","stage1_best12_s1_p5000","9.56M","lean_staten","scratch","K12 155k","12","frozen@p5000","1","textbook72","72","pass_at_k_expected_solved","4","0.8","11.123","lean_only","fork lean_judge (Lean 4.34 alone); state_eval in-env sampling, max_action 512 max_steps 96; seed 0; sample seed x0","","recomputed","hf://buckets/dan-pandori/nd-rl/trajectory/artifacts/tj/eval/s1_p5000__tb72_x0.jsonl","textbook72|k4|T0.8|lean_only"
"best-9.56M-cap12-trajectory","stage1_best12_s2_p5000","9.56M","lean_staten","scratch","K12 155k","12","frozen@p5000","2","textbook72","72","pass_at_k_expected_solved","4","0.8","9.205","lean_only","fork lean_judge (Lean 4.34 alone); state_eval in-env sampling, max_action 512 max_steps 96; seed 0; sample seed x0","","recomputed","hf://buckets/dan-pandori/nd-rl/trajectory/artifacts/tj/eval/s2_p5000__tb72_x0.jsonl","textbook72|k4|T0.8|lean_only"
"best-9.56M-cap12-trajectory","stage1_best12_s0_p800","9.56M","lean_staten","scratch","K12 155k","12","frozen@p800","0","textbook72","72","pass_at_k_expected_solved","4","0.8","5.96","lean_only","fork lean_judge (Lean 4.34 alone); state_eval in-env sampling, max_action 512 max_steps 96; seed 0; sample seed x0","","recomputed","hf://buckets/dan-pandori/nd-rl/trajectory/artifacts/tj/eval/s0_p800__tb72_x0.jsonl","textbook72|k4|T0.8|lean_only"
"best-9.56M-cap12-trajectory","stage1_best12_s1_p800","9.56M","lean_staten","scratch","K12 155k","12","frozen@p800","1","textbook72","72","pass_at_k_expected_solved","4","0.8","5.893","lean_only","fork lean_judge (Lean 4.34 alone); state_eval in-env sampling, max_action 512 max_steps 96; seed 0; sample seed x0","","recomputed","hf://buckets/dan-pandori/nd-rl/trajectory/artifacts/tj/eval/s1_p800__tb72_x0.jsonl","textbook72|k4|T0.8|lean_only"
"best-9.56M-cap12-trajectory","stage1_best12_s2_p800","9.56M","lean_staten","scratch","K12 155k","12","frozen@p800","2","textbook72","72","pass_at_k_expected_solved","4","0.8","5.126","lean_only","fork lean_judge (Lean 4.34 alone); state_eval in-env sampling, max_action 512 max_steps 96; seed 0; sample seed x0","","recomputed","hf://buckets/dan-pandori/nd-rl/trajectory/artifacts/tj/eval/s2_p800__tb72_x0.jsonl","textbook72|k4|T0.8|lean_only"
"best-9.56M-cap12-trajectory","stage1_best12_s0_p8000","9.56M","lean_staten","scratch","K12 155k","12","frozen@p8000","0","textbook72","72","pass_at_k_expected_solved","4","0.8","10.754","lean_only","fork lean_judge (Lean 4.34 alone); state_eval in-env sampling, max_action 512 max_steps 96; seed 0; sample seed x0","","recomputed","hf://buckets/dan-pandori/nd-rl/trajectory/artifacts/tj/eval/s0_p8000__tb72_x0.jsonl","textbook72|k4|T0.8|lean_only"
"best-9.56M-cap12-trajectory","stage1_best12_s1_p8000","9.56M","lean_staten","scratch","K12 155k","12","frozen@p8000","1","textbook72","72","pass_at_k_expected_solved","4","0.8","12.148","lean_only","fork lean_judge (Lean 4.34 alone); state_eval in-env sampling, max_action 512 max_steps 96; seed 0; sample seed x0","","recomputed","hf://buckets/dan-pandori/nd-rl/trajectory/artifacts/tj/eval/s1_p8000__tb72_x0.jsonl","textbook72|k4|T0.8|lean_only"
"best-9.56M-cap12-trajectory","stage1_best12_s2_p8000","9.56M","lean_staten","scratch","K12 155k","12","frozen@p8000","2","textbook72","72","pass_at_k_expected_solved","4","0.8","11.355","lean_only","fork lean_judge (Lean 4.34 alone); state_eval in-env sampling, max_action 512 max_steps 96; seed 0; sample seed x0","","recomputed","hf://buckets/dan-pandori/nd-rl/trajectory/artifacts/tj/eval/s2_p8000__tb72_x0.jsonl","textbook72|k4|T0.8|lean_only"
"best-9.56M-cap12-trajectory","stage1_best12_s0_pend","9.56M","lean_staten","scratch","K12 155k","12","frozen@pend","0","textbook72","72","pass_at_k_expected_solved","4","0.8","17.513","lean_only","fork lean_judge (Lean 4.34 alone); state_eval in-env sampling, max_action 512 max_steps 96; seed 0; sample seed x0","2026-10-01","recomputed","hf://buckets/dan-pandori/nd-rl/trajectory/artifacts/tj/eval/s0_pend__tb72_x0.jsonl","textbook72|k4|T0.8|lean_only"
"best-9.56M-cap12-trajectory","stage1_best12_s1_pend","9.56M","lean_staten","scratch","K12 155k","12","frozen@pend","1","textbook72","72","pass_at_k_expected_solved","4","0.8","17.183","lean_only","fork lean_judge (Lean 4.34 alone); state_eval in-env sampling, max_action 512 max_steps 96; seed 0; sample seed x0","2026-10-01","recomputed","hf://buckets/dan-pandori/nd-rl/trajectory/artifacts/tj/eval/s1_pend__tb72_x0.jsonl","textbook72|k4|T0.8|lean_only"
"best-9.56M-cap12-trajectory","stage1_best12_s2_pend","9.56M","lean_staten","scratch","K12 155k","12","frozen@pend","2","textbook72","72","pass_at_k_expected_solved","4","0.8","19.698","lean_only","fork lean_judge (Lean 4.34 alone); state_eval in-env sampling, max_action 512 max_steps 96; seed 0; sample seed x0","2026-10-01","recomputed","hf://buckets/dan-pandori/nd-rl/trajectory/artifacts/tj/eval/s2_pend__tb72_x0.jsonl","textbook72|k4|T0.8|lean_only"
"best-9.56M-cap12-trajectory","rc_best12_s0_p12000 r8","9.56M","lean_staten","scratch","K12 155k","12","replay-only-from-p12000","0","textbook72","72","pass_at_k_expected_solved","4","0.8","21.164","lean_only","fork lean_judge (Lean 4.34 alone); state_eval in-env sampling, max_action 512 max_steps 96; seed 1; sample seed x1","2026-10-02","recomputed","hf://buckets/dan-pandori/nd-rl/rl-from-ckpt/artifacts/rfc/eval/c0_p12000_r8__tb72_x1.jsonl","textbook72|k4|T0.8|lean_only"
"best-9.56M-cap12-trajectory","rc_best12_s1_p12000 r8","9.56M","lean_staten","scratch","K12 155k","12","replay-only-from-p12000","1","textbook72","72","pass_at_k_expected_solved","4","0.8","22.021","lean_only","fork lean_judge (Lean 4.34 alone); state_eval in-env sampling, max_action 512 max_steps 96; seed 1; sample seed x1","2026-10-02","recomputed","hf://buckets/dan-pandori/nd-rl/rl-from-ckpt/artifacts/rfc/eval/c1_p12000_r8__tb72_x1.jsonl","textbook72|k4|T0.8|lean_only"
"best-9.56M-cap12-trajectory","rc_best12_s2_p12000 r8","9.56M","lean_staten","scratch","K12 155k","12","replay-only-from-p12000","2","textbook72","72","pass_at_k_expected_solved","4","0.8","21.663","lean_only","fork lean_judge (Lean 4.34 alone); state_eval in-env sampling, max_action 512 max_steps 96; seed 1; sample seed x1","2026-10-02","recomputed","hf://buckets/dan-pandori/nd-rl/rl-from-ckpt/artifacts/rfc/eval/c2_p12000_r8__tb72_x1.jsonl","textbook72|k4|T0.8|lean_only"
"best-9.56M-cap12-trajectory","rc_best12_s0_p1600 r8","9.56M","lean_staten","scratch","K12 155k","12","replay-only-from-p1600","0","textbook72","72","pass_at_k_expected_solved","4","0.8","19.946","lean_only","fork lean_judge (Lean 4.34 alone); state_eval in-env sampling, max_action 512 max_steps 96; seed 1; sample seed x1","2026-10-02","recomputed","hf://buckets/dan-pandori/nd-rl/rl-from-ckpt/artifacts/rfc/eval/c0_p1600_r8__tb72_x1.jsonl","textbook72|k4|T0.8|lean_only"
"best-9.56M-cap12-trajectory","rc_best12_s1_p1600 r8","9.56M","lean_staten","scratch","K12 155k","12","replay-only-from-p1600","1","textbook72","72","pass_at_k_expected_solved","4","0.8","15.073","lean_only","fork lean_judge (Lean 4.34 alone); state_eval in-env sampling, max_action 512 max_steps 96; seed 1; sample seed x1","2026-10-02","recomputed","hf://buckets/dan-pandori/nd-rl/rl-from-ckpt/artifacts/rfc/eval/c1_p1600_r8__tb72_x1.jsonl","textbook72|k4|T0.8|lean_only"
"best-9.56M-cap12-trajectory","rc_best12_s2_p1600 r8","9.56M","lean_staten","scratch","K12 155k","12","replay-only-from-p1600","2","textbook72","72","pass_at_k_expected_solved","4","0.8","19.843","lean_only","fork lean_judge (Lean 4.34 alone); state_eval in-env sampling, max_action 512 max_steps 96; seed 1; sample seed x1","2026-10-02","recomputed","hf://buckets/dan-pandori/nd-rl/rl-from-ckpt/artifacts/rfc/eval/c2_p1600_r8__tb72_x1.jsonl","textbook72|k4|T0.8|lean_only"
"best-9.56M-cap12-trajectory","rc_best12_s0_p16000 r8","9.56M","lean_staten","scratch","K12 155k","12","replay-only-from-p16000","0","textbook72","72","pass_at_k_expected_solved","4","0.8","23.537","lean_only","fork lean_judge (Lean 4.34 alone); state_eval in-env sampling, max_action 512 max_steps 96; seed 1; sample seed x1","2026-10-02","recomputed","hf://buckets/dan-pandori/nd-rl/rl-from-ckpt/artifacts/rfc/eval/c0_p16000_r8__tb72_x1.jsonl","textbook72|k4|T0.8|lean_only"
"best-9.56M-cap12-trajectory","rc_best12_s1_p16000 r8","9.56M","lean_staten","scratch","K12 155k","12","replay-only-from-p16000","1","textbook72","72","pass_at_k_expected_solved","4","0.8","22.475","lean_only","fork lean_judge (Lean 4.34 alone); state_eval in-env sampling, max_action 512 max_steps 96; seed 1; sample seed x1","2026-10-02","recomputed","hf://buckets/dan-pandori/nd-rl/rl-from-ckpt/artifacts/rfc/eval/c1_p16000_r8__tb72_x1.jsonl","textbook72|k4|T0.8|lean_only"
"best-9.56M-cap12-trajectory","rc_best12_s2_p16000 r8","9.56M","lean_staten","scratch","K12 155k","12","replay-only-from-p16000","2","textbook72","72","pass_at_k_expected_solved","4","0.8","25.905","lean_only","fork lean_judge (Lean 4.34 alone); state_eval in-env sampling, max_action 512 max_steps 96; seed 1; sample seed x1","2026-10-02","recomputed","hf://buckets/dan-pandori/nd-rl/rl-from-ckpt/artifacts/rfc/eval/c2_p16000_r8__tb72_x1.jsonl","textbook72|k4|T0.8|lean_only"
"best-9.56M-cap12-trajectory","rc_best12_s0_p5000 r8","9.56M","lean_staten","scratch","K12 155k","12","replay-only-from-p5000","0","textbook72","72","pass_at_k_expected_solved","4","0.8","17.44","lean_only","fork lean_judge (Lean 4.34 alone); state_eval in-env sampling, max_action 512 max_steps 96; seed 1; sample seed x1","2026-10-02","recomputed","hf://buckets/dan-pandori/nd-rl/rl-from-ckpt/artifacts/rfc/eval/c0_p5000_r8__tb72_x1.jsonl","textbook72|k4|T0.8|lean_only"
"best-9.56M-cap12-trajectory","rc_best12_s1_p5000 r8","9.56M","lean_staten","scratch","K12 155k","12","replay-only-from-p5000","1","textbook72","72","pass_at_k_expected_solved","4","0.8","17.104","lean_only","fork lean_judge (Lean 4.34 alone); state_eval in-env sampling, max_action 512 max_steps 96; seed 1; sample seed x1","2026-10-02","recomputed","hf://buckets/dan-pandori/nd-rl/rl-from-ckpt/artifacts/rfc/eval/c1_p5000_r8__tb72_x1.jsonl","textbook72|k4|T0.8|lean_only"
"best-9.56M-cap12-trajectory","rc_best12_s2_p5000 r8","9.56M","lean_staten","scratch","K12 155k","12","replay-only-from-p5000","2","textbook72","72","pass_at_k_expected_solved","4","0.8","21.009","lean_only","fork lean_judge (Lean 4.34 alone); state_eval in-env sampling, max_action 512 max_steps 96; seed 1; sample seed x1","2026-10-02","recomputed","hf://buckets/dan-pandori/nd-rl/rl-from-ckpt/artifacts/rfc/eval/c2_p5000_r8__tb72_x1.jsonl","textbook72|k4|T0.8|lean_only"
"best-9.56M-cap12-trajectory","rc_best12_s0_pend r8","9.56M","lean_staten","scratch","K12 155k","12","replay-only-from-pend","0","textbook72","72","pass_at_k_expected_solved","4","0.8","26.347","lean_only","fork lean_judge (Lean 4.34 alone); state_eval in-env sampling, max_action 512 max_steps 96; seed 1; sample seed x1","2026-10-02","recomputed","hf://buckets/dan-pandori/nd-rl/rl-from-ckpt/artifacts/rfc/eval/c0_pend_r8__tb72_x1.jsonl","textbook72|k4|T0.8|lean_only"
"best-9.56M-cap12-trajectory","rc_best12_s1_pend r8","9.56M","lean_staten","scratch","K12 155k","12","replay-only-from-pend","1","textbook72","72","pass_at_k_expected_solved","4","0.8","21.773","lean_only","fork lean_judge (Lean 4.34 alone); state_eval in-env sampling, max_action 512 max_steps 96; seed 1; sample seed x1","2026-10-02","recomputed","hf://buckets/dan-pandori/nd-rl/rl-from-ckpt/artifacts/rfc/eval/c1_pend_r8__tb72_x1.jsonl","textbook72|k4|T0.8|lean_only"
"best-9.56M-cap12-trajectory","rc_best12_s2_pend r8","9.56M","lean_staten","scratch","K12 155k","12","replay-only-from-pend","2","textbook72","72","pass_at_k_expected_solved","4","0.8","24.586","lean_only","fork lean_judge (Lean 4.34 alone); state_eval in-env sampling, max_action 512 max_steps 96; seed 1; sample seed x1","2026-10-02","recomputed","hf://buckets/dan-pandori/nd-rl/rl-from-ckpt/artifacts/rfc/eval/c2_pend_r8__tb72_x1.jsonl","textbook72|k4|T0.8|lean_only"
"best-9.56M-cap12-trajectory","la_T1_best12_s0_r1","9.56M","lean_staten","scratch","K12 155k","12","rl1","0","textbook72","72","pass_at_k_expected_solved","4","0.8","27.315","lean_only","fork lean_judge (Lean 4.34 alone); state_eval in-env sampling, max_action 512 max_steps 96; seed 0; sample seed x0","2026-10-01","recomputed","hf://buckets/dan-pandori/nd-rl/trajectory/artifacts/tj/eval/s0_r1__tb72_x0.jsonl","textbook72|k4|T0.8|lean_only"
"best-9.56M-cap12-trajectory","la_T1_best12_s1_r1","9.56M","lean_staten","scratch","K12 155k","12","rl1","1","textbook72","72","pass_at_k_expected_solved","4","0.8","26.999","lean_only","fork lean_judge (Lean 4.34 alone); state_eval in-env sampling, max_action 512 max_steps 96; seed 0; sample seed x0","2026-10-01","recomputed","hf://buckets/dan-pandori/nd-rl/trajectory/artifacts/tj/eval/s1_r1__tb72_x0.jsonl","textbook72|k4|T0.8|lean_only"
"best-9.56M-cap12-trajectory","la_T1_best12_s2_r1","9.56M","lean_staten","scratch","K12 155k","12","rl1","2","textbook72","72","pass_at_k_expected_solved","4","0.8","31.66","lean_only","fork lean_judge (Lean 4.34 alone); state_eval in-env sampling, max_action 512 max_steps 96; seed 0; sample seed x0","","recomputed","hf://buckets/dan-pandori/nd-rl/trajectory/artifacts/tj/eval/s2_r1__tb72_x0.jsonl","textbook72|k4|T0.8|lean_only"
"best-9.56M-cap12-trajectory","la_T1_best12_s0_r2","9.56M","lean_staten","scratch","K12 155k","12","rl2","0","textbook72","72","pass_at_k_expected_solved","4","0.8","29.718","lean_only","fork lean_judge (Lean 4.34 alone); state_eval in-env sampling, max_action 512 max_steps 96; seed 0; sample seed x0","2026-10-01","recomputed","hf://buckets/dan-pandori/nd-rl/trajectory/artifacts/tj/eval/s0_r2__tb72_x0.jsonl","textbook72|k4|T0.8|lean_only"
"best-9.56M-cap12-trajectory","la_T1_best12_s1_r2","9.56M","lean_staten","scratch","K12 155k","12","rl2","1","textbook72","72","pass_at_k_expected_solved","4","0.8","29.444","lean_only","fork lean_judge (Lean 4.34 alone); state_eval in-env sampling, max_action 512 max_steps 96; seed 0; sample seed x0","","recomputed","hf://buckets/dan-pandori/nd-rl/trajectory/artifacts/tj/eval/s1_r2__tb72_x0.jsonl","textbook72|k4|T0.8|lean_only"
"best-9.56M-cap12-trajectory","la_T1_best12_s2_r2","9.56M","lean_staten","scratch","K12 155k","12","rl2","2","textbook72","72","pass_at_k_expected_solved","4","0.8","34.745","lean_only","fork lean_judge (Lean 4.34 alone); state_eval in-env sampling, max_action 512 max_steps 96; seed 0; sample seed x0","","recomputed","hf://buckets/dan-pandori/nd-rl/trajectory/artifacts/tj/eval/s2_r2__tb72_x0.jsonl","textbook72|k4|T0.8|lean_only"
"best-9.56M-cap12-trajectory","la_T1_best12_s0_r3","9.56M","lean_staten","scratch","K12 155k","12","rl3","0","textbook72","72","pass_at_k_expected_solved","4","0.8","33.235","lean_only","fork lean_judge (Lean 4.34 alone); state_eval in-env sampling, max_action 512 max_steps 96; seed 0; sample seed x0","","recomputed","hf://buckets/dan-pandori/nd-rl/trajectory/artifacts/tj/eval/s0_r3__tb72_x0.jsonl","textbook72|k4|T0.8|lean_only"
"best-9.56M-cap12-trajectory","la_T1_best12_s1_r3","9.56M","lean_staten","scratch","K12 155k","12","rl3","1","textbook72","72","pass_at_k_expected_solved","4","0.8","29.995","lean_only","fork lean_judge (Lean 4.34 alone); state_eval in-env sampling, max_action 512 max_steps 96; seed 0; sample seed x0","","recomputed","hf://buckets/dan-pandori/nd-rl/trajectory/artifacts/tj/eval/s1_r3__tb72_x0.jsonl","textbook72|k4|T0.8|lean_only"
"best-9.56M-cap12-trajectory","la_T1_best12_s2_r3","9.56M","lean_staten","scratch","K12 155k","12","rl3","2","textbook72","72","pass_at_k_expected_solved","4","0.8","37.312","lean_only","fork lean_judge (Lean 4.34 alone); state_eval in-env sampling, max_action 512 max_steps 96; seed 0; sample seed x0","","recomputed","hf://buckets/dan-pandori/nd-rl/trajectory/artifacts/tj/eval/s2_r3__tb72_x0.jsonl","textbook72|k4|T0.8|lean_only"
"best-9.56M-cap12-trajectory","la_T1_best12_s0_r4","9.56M","lean_staten","scratch","K12 155k","12","rl4","0","textbook72","72","pass_at_k_expected_solved","4","0.8","34.313","lean_only","fork lean_judge (Lean 4.34 alone); state_eval in-env sampling, max_action 512 max_steps 96; seed 0; sample seed x0","","recomputed","hf://buckets/dan-pandori/nd-rl/trajectory/artifacts/tj/eval/s0_r4__tb72_x0.jsonl","textbook72|k4|T0.8|lean_only"
"best-9.56M-cap12-trajectory","la_T1_best12_s1_r4","9.56M","lean_staten","scratch","K12 155k","12","rl4","1","textbook72","72","pass_at_k_expected_solved","4","0.8","33.005","lean_only","fork lean_judge (Lean 4.34 alone); state_eval in-env sampling, max_action 512 max_steps 96; seed 0; sample seed x0","","recomputed","hf://buckets/dan-pandori/nd-rl/trajectory/artifacts/tj/eval/s1_r4__tb72_x0.jsonl","textbook72|k4|T0.8|lean_only"
"best-9.56M-cap12-trajectory","la_T1_best12_s2_r4","9.56M","lean_staten","scratch","K12 155k","12","rl4","2","textbook72","72","pass_at_k_expected_solved","4","0.8","39.735","lean_only","fork lean_judge (Lean 4.34 alone); state_eval in-env sampling, max_action 512 max_steps 96; seed 0; sample seed x0","","recomputed","hf://buckets/dan-pandori/nd-rl/trajectory/artifacts/tj/eval/s2_r4__tb72_x0.jsonl","textbook72|k4|T0.8|lean_only"
"best-9.56M-cap12-trajectory","la_T1_best12_s0_r5","9.56M","lean_staten","scratch","K12 155k","12","rl5","0","textbook72","72","pass_at_k_expected_solved","4","0.8","34.438","lean_only","fork lean_judge (Lean 4.34 alone); state_eval in-env sampling, max_action 512 max_steps 96; seed 0; sample seed x0","","recomputed","hf://buckets/dan-pandori/nd-rl/trajectory/artifacts/tj/eval/s0_r5__tb72_x0.jsonl","textbook72|k4|T0.8|lean_only"
"best-9.56M-cap12-trajectory","la_T1_best12_s1_r5","9.56M","lean_staten","scratch","K12 155k","12","rl5","1","textbook72","72","pass_at_k_expected_solved","4","0.8","33.167","lean_only","fork lean_judge (Lean 4.34 alone); state_eval in-env sampling, max_action 512 max_steps 96; seed 0; sample seed x0","","recomputed","hf://buckets/dan-pandori/nd-rl/trajectory/artifacts/tj/eval/s1_r5__tb72_x0.jsonl","textbook72|k4|T0.8|lean_only"
"best-9.56M-cap12-trajectory","la_T1_best12_s2_r5","9.56M","lean_staten","scratch","K12 155k","12","rl5","2","textbook72","72","pass_at_k_expected_solved","4","0.8","39.039","lean_only","fork lean_judge (Lean 4.34 alone); state_eval in-env sampling, max_action 512 max_steps 96; seed 0; sample seed x0","2026-10-01","recomputed","hf://buckets/dan-pandori/nd-rl/trajectory/artifacts/tj/eval/s2_r5__tb72_x0.jsonl","textbook72|k4|T0.8|lean_only"
"best-9.56M-cap12-trajectory","la_T1_best12_s0_r6","9.56M","lean_staten","scratch","K12 155k","12","rl6","0","textbook72","72","pass_at_k_expected_solved","4","0.8","34.673","lean_only","fork lean_judge (Lean 4.34 alone); state_eval in-env sampling, max_action 512 max_steps 96; seed 0; sample seed x0","","recomputed","hf://buckets/dan-pandori/nd-rl/trajectory/artifacts/tj/eval/s0_r6__tb72_x0.jsonl","textbook72|k4|T0.8|lean_only"
"best-9.56M-cap12-trajectory","la_T1_best12_s1_r6","9.56M","lean_staten","scratch","K12 155k","12","rl6","1","textbook72","72","pass_at_k_expected_solved","4","0.8","33.394","lean_only","fork lean_judge (Lean 4.34 alone); state_eval in-env sampling, max_action 512 max_steps 96; seed 0; sample seed x0","2026-10-01","recomputed","hf://buckets/dan-pandori/nd-rl/trajectory/artifacts/tj/eval/s1_r6__tb72_x0.jsonl","textbook72|k4|T0.8|lean_only"
"best-9.56M-cap12-trajectory","la_T1_best12_s2_r6","9.56M","lean_staten","scratch","K12 155k","12","rl6","2","textbook72","72","pass_at_k_expected_solved","4","0.8","39.667","lean_only","fork lean_judge (Lean 4.34 alone); state_eval in-env sampling, max_action 512 max_steps 96; seed 0; sample seed x0","2026-10-01","recomputed","hf://buckets/dan-pandori/nd-rl/trajectory/artifacts/tj/eval/s2_r6__tb72_x0.jsonl","textbook72|k4|T0.8|lean_only"
"best-9.56M-cap12-trajectory","la_T1_best12_s0_r7","9.56M","lean_staten","scratch","K12 155k","12","rl7","0","textbook72","72","pass_at_k_expected_solved","4","0.8","34.502","lean_only","fork lean_judge (Lean 4.34 alone); state_eval in-env sampling, max_action 512 max_steps 96; seed 0; sample seed x0","2026-10-01","recomputed","hf://buckets/dan-pandori/nd-rl/trajectory/artifacts/tj/eval/s0_r7__tb72_x0.jsonl","textbook72|k4|T0.8|lean_only"
"best-9.56M-cap12-trajectory","la_T1_best12_s1_r7","9.56M","lean_staten","scratch","K12 155k","12","rl7","1","textbook72","72","pass_at_k_expected_solved","4","0.8","34.469","lean_only","fork lean_judge (Lean 4.34 alone); state_eval in-env sampling, max_action 512 max_steps 96; seed 0; sample seed x0","2026-10-01","recomputed","hf://buckets/dan-pandori/nd-rl/trajectory/artifacts/tj/eval/s1_r7__tb72_x0.jsonl","textbook72|k4|T0.8|lean_only"
"best-9.56M-cap12-trajectory","la_T1_best12_s2_r7","9.56M","lean_staten","scratch","K12 155k","12","rl7","2","textbook72","72","pass_at_k_expected_solved","4","0.8","41.165","lean_only","fork lean_judge (Lean 4.34 alone); state_eval in-env sampling, max_action 512 max_steps 96; seed 0; sample seed x0","","recomputed","hf://buckets/dan-pandori/nd-rl/trajectory/artifacts/tj/eval/s2_r7__tb72_x0.jsonl","textbook72|k4|T0.8|lean_only"
"best-9.56M-cap6","la_T1_best6_s0_r8","9.56M","lean_staten","scratch","cap-6 control 155k","6","T1","0","textbook72","72","pass_at_k_expected_solved","4","0.8","28.975","lean_only","fork lean_judge (Lean 4.34 alone); state_eval in-env sampling, max_action 512 max_steps 96; seed 0; best-state read, batch 2048","2026-09-30","recomputed","hf://buckets/dan-pandori/nd-rl/best-state/artifacts/bs/eval/T1_best6_s0__tb72.jsonl","textbook72|k4|T0.8|lean_only"
"best-9.56M-cap6","la_T1_best6_s1_r8","9.56M","lean_staten","scratch","cap-6 control 155k","6","T1","1","textbook72","72","pass_at_k_expected_solved","4","0.8","29.252","lean_only","fork lean_judge (Lean 4.34 alone); state_eval in-env sampling, max_action 512 max_steps 96; seed 0; best-state read, batch 2048","2026-09-30","recomputed","hf://buckets/dan-pandori/nd-rl/best-state/artifacts/bs/eval/T1_best6_s1__tb72.jsonl","textbook72|k4|T0.8|lean_only"
"best-9.56M-cap6","la_T1_best6_s2_r8","9.56M","lean_staten","scratch","cap-6 control 155k","6","T1","2","textbook72","72","pass_at_k_expected_solved","4","0.8","26.2","lean_only","fork lean_judge (Lean 4.34 alone); state_eval in-env sampling, max_action 512 max_steps 96; seed 0; best-state read, batch 2048","2026-09-30","recomputed","hf://buckets/dan-pandori/nd-rl/best-state/artifacts/bs/eval/T1_best6_s2__tb72.jsonl","textbook72|k4|T0.8|lean_only"
"best-9.56M-cap6","stage1_best6_s0_b1200","9.56M","lean_staten","scratch","cap-6 control 155k","6","frozen","0","textbook72","72","pass_at_k_expected_solved","4","0.8","12.579","lean_only","fork lean_judge (Lean 4.34 alone); state_eval in-env sampling, max_action 512 max_steps 96; seed 0; best-state read, batch 2048","2026-09-30","recomputed","hf://buckets/dan-pandori/nd-rl/best-state/artifacts/bs/eval/Fz_best6_s0__tb72.jsonl","textbook72|k4|T0.8|lean_only"
"best-9.56M-cap6","stage1_best6_s1_b1200","9.56M","lean_staten","scratch","cap-6 control 155k","6","frozen","1","textbook72","72","pass_at_k_expected_solved","4","0.8","11.704","lean_only","fork lean_judge (Lean 4.34 alone); state_eval in-env sampling, max_action 512 max_steps 96; seed 0; best-state read, batch 2048","2026-09-30","recomputed","hf://buckets/dan-pandori/nd-rl/best-state/artifacts/bs/eval/Fz_best6_s1__tb72.jsonl","textbook72|k4|T0.8|lean_only"
"best-9.56M-cap6","stage1_best6_s2_b1200","9.56M","lean_staten","scratch","cap-6 control 155k","6","frozen","2","textbook72","72","pass_at_k_expected_solved","4","0.8","11.534","lean_only","fork lean_judge (Lean 4.34 alone); state_eval in-env sampling, max_action 512 max_steps 96; seed 0; best-state read, batch 2048","2026-09-30","recomputed","hf://buckets/dan-pandori/nd-rl/best-state/artifacts/bs/eval/Fz_best6_s2__tb72.jsonl","textbook72|k4|T0.8|lean_only"
"best-9.56M-cap6-trajectory","la_T1_best6_s0_r8","9.56M","lean_staten","scratch","cap-6 control 155k","6","T1","0","textbook72","72","pass_at_k_expected_solved","4","0.8","32.604","lean_only","fork lean_judge (Lean 4.34 alone); state_eval in-env sampling, max_action 512 max_steps 96; seed 0; sample seed x0","","recomputed","hf://buckets/dan-pandori/nd-rl/trajectory-cap6/artifacts/tj6/eval/s0_r8__tb72_x0.jsonl","textbook72|k4|T0.8|lean_only"
"best-9.56M-cap6-trajectory","la_T1_best6_s1_r8","9.56M","lean_staten","scratch","cap-6 control 155k","6","T1","1","textbook72","72","pass_at_k_expected_solved","4","0.8","30.494","lean_only","fork lean_judge (Lean 4.34 alone); state_eval in-env sampling, max_action 512 max_steps 96; seed 0; sample seed x0","","recomputed","hf://buckets/dan-pandori/nd-rl/trajectory-cap6/artifacts/tj6/eval/s1_r8__tb72_x0.jsonl","textbook72|k4|T0.8|lean_only"
"best-9.56M-cap6-trajectory","la_T1_best6_s2_r8","9.56M","lean_staten","scratch","cap-6 control 155k","6","T1","2","textbook72","72","pass_at_k_expected_solved","4","0.8","30.724","lean_only","fork lean_judge (Lean 4.34 alone); state_eval in-env sampling, max_action 512 max_steps 96; seed 0; sample seed x0","","recomputed","hf://buckets/dan-pandori/nd-rl/trajectory-cap6/artifacts/tj6/eval/s2_r8__tb72_x0.jsonl","textbook72|k4|T0.8|lean_only"
"best-9.56M-cap6-trajectory","stage1_best6_s0_p0","9.56M","lean_staten","scratch","cap-6 control 155k","6","frozen@p0","0","textbook72","72","pass_at_k_expected_solved","4","0.8","0.0","lean_only","fork lean_judge (Lean 4.34 alone); state_eval in-env sampling, max_action 512 max_steps 96; seed 0; sample seed x0","","recomputed","hf://buckets/dan-pandori/nd-rl/trajectory-cap6/artifacts/tj6/eval/s0_p0__tb72_x0.jsonl","textbook72|k4|T0.8|lean_only"
"best-9.56M-cap6-trajectory","stage1_best6_s1_p0","9.56M","lean_staten","scratch","cap-6 control 155k","6","frozen@p0","1","textbook72","72","pass_at_k_expected_solved","4","0.8","0.0","lean_only","fork lean_judge (Lean 4.34 alone); state_eval in-env sampling, max_action 512 max_steps 96; seed 0; sample seed x0","","recomputed","hf://buckets/dan-pandori/nd-rl/trajectory-cap6/artifacts/tj6/eval/s1_p0__tb72_x0.jsonl","textbook72|k4|T0.8|lean_only"
"best-9.56M-cap6-trajectory","stage1_best6_s2_p0","9.56M","lean_staten","scratch","cap-6 control 155k","6","frozen@p0","2","textbook72","72","pass_at_k_expected_solved","4","0.8","0.0","lean_only","fork lean_judge (Lean 4.34 alone); state_eval in-env sampling, max_action 512 max_steps 96; seed 0; sample seed x0","","recomputed","hf://buckets/dan-pandori/nd-rl/trajectory-cap6/artifacts/tj6/eval/s2_p0__tb72_x0.jsonl","textbook72|k4|T0.8|lean_only"
"best-9.56M-cap6-trajectory","stage1_best6_s0_p100","9.56M","lean_staten","scratch","cap-6 control 155k","6","frozen@p100","0","textbook72","72","pass_at_k_expected_solved","4","0.8","0.0","lean_only","fork lean_judge (Lean 4.34 alone); state_eval in-env sampling, max_action 512 max_steps 96; seed 0; sample seed x0","","recomputed","hf://buckets/dan-pandori/nd-rl/trajectory-cap6/artifacts/tj6/eval/s0_p100__tb72_x0.jsonl","textbook72|k4|T0.8|lean_only"
"best-9.56M-cap6-trajectory","stage1_best6_s1_p100","9.56M","lean_staten","scratch","cap-6 control 155k","6","frozen@p100","1","textbook72","72","pass_at_k_expected_solved","4","0.8","0.0","lean_only","fork lean_judge (Lean 4.34 alone); state_eval in-env sampling, max_action 512 max_steps 96; seed 0; sample seed x0","","recomputed","hf://buckets/dan-pandori/nd-rl/trajectory-cap6/artifacts/tj6/eval/s1_p100__tb72_x0.jsonl","textbook72|k4|T0.8|lean_only"
"best-9.56M-cap6-trajectory","stage1_best6_s2_p100","9.56M","lean_staten","scratch","cap-6 control 155k","6","frozen@p100","2","textbook72","72","pass_at_k_expected_solved","4","0.8","0.0","lean_only","fork lean_judge (Lean 4.34 alone); state_eval in-env sampling, max_action 512 max_steps 96; seed 0; sample seed x0","","recomputed","hf://buckets/dan-pandori/nd-rl/trajectory-cap6/artifacts/tj6/eval/s2_p100__tb72_x0.jsonl","textbook72|k4|T0.8|lean_only"
"best-9.56M-cap6-trajectory","stage1_best6_s0_p12000","9.56M","lean_staten","scratch","cap-6 control 155k","6","frozen@p12000","0","textbook72","72","pass_at_k_expected_solved","4","0.8","6.51","lean_only","fork lean_judge (Lean 4.34 alone); state_eval in-env sampling, max_action 512 max_steps 96; seed 0; sample seed x0","","recomputed","hf://buckets/dan-pandori/nd-rl/trajectory-cap6/artifacts/tj6/eval/s0_p12000__tb72_x0.jsonl","textbook72|k4|T0.8|lean_only"
"best-9.56M-cap6-trajectory","stage1_best6_s1_p12000","9.56M","lean_staten","scratch","cap-6 control 155k","6","frozen@p12000","1","textbook72","72","pass_at_k_expected_solved","4","0.8","9.855","lean_only","fork lean_judge (Lean 4.34 alone); state_eval in-env sampling, max_action 512 max_steps 96; seed 0; sample seed x0","","recomputed","hf://buckets/dan-pandori/nd-rl/trajectory-cap6/artifacts/tj6/eval/s1_p12000__tb72_x0.jsonl","textbook72|k4|T0.8|lean_only"
"best-9.56M-cap6-trajectory","stage1_best6_s2_p12000","9.56M","lean_staten","scratch","cap-6 control 155k","6","frozen@p12000","2","textbook72","72","pass_at_k_expected_solved","4","0.8","12.195","lean_only","fork lean_judge (Lean 4.34 alone); state_eval in-env sampling, max_action 512 max_steps 96; seed 0; sample seed x0","","recomputed","hf://buckets/dan-pandori/nd-rl/trajectory-cap6/artifacts/tj6/eval/s2_p12000__tb72_x0.jsonl","textbook72|k4|T0.8|lean_only"
"best-9.56M-cap6-trajectory","stage1_best6_s0_p1600","9.56M","lean_staten","scratch","cap-6 control 155k","6","frozen@p1600","0","textbook72","72","pass_at_k_expected_solved","4","0.8","5.623","lean_only","fork lean_judge (Lean 4.34 alone); state_eval in-env sampling, max_action 512 max_steps 96; seed 0; sample seed x0","","recomputed","hf://buckets/dan-pandori/nd-rl/trajectory-cap6/artifacts/tj6/eval/s0_p1600__tb72_x0.jsonl","textbook72|k4|T0.8|lean_only"
"best-9.56M-cap6-trajectory","stage1_best6_s1_p1600","9.56M","lean_staten","scratch","cap-6 control 155k","6","frozen@p1600","1","textbook72","72","pass_at_k_expected_solved","4","0.8","5.784","lean_only","fork lean_judge (Lean 4.34 alone); state_eval in-env sampling, max_action 512 max_steps 96; seed 0; sample seed x0","","recomputed","hf://buckets/dan-pandori/nd-rl/trajectory-cap6/artifacts/tj6/eval/s1_p1600__tb72_x0.jsonl","textbook72|k4|T0.8|lean_only"
"best-9.56M-cap6-trajectory","stage1_best6_s2_p1600","9.56M","lean_staten","scratch","cap-6 control 155k","6","frozen@p1600","2","textbook72","72","pass_at_k_expected_solved","4","0.8","6.235","lean_only","fork lean_judge (Lean 4.34 alone); state_eval in-env sampling, max_action 512 max_steps 96; seed 0; sample seed x0","","recomputed","hf://buckets/dan-pandori/nd-rl/trajectory-cap6/artifacts/tj6/eval/s2_p1600__tb72_x0.jsonl","textbook72|k4|T0.8|lean_only"
"best-9.56M-cap6-trajectory","stage1_best6_s0_p16000","9.56M","lean_staten","scratch","cap-6 control 155k","6","frozen@p16000","0","textbook72","72","pass_at_k_expected_solved","4","0.8","11.79","lean_only","fork lean_judge (Lean 4.34 alone); state_eval in-env sampling, max_action 512 max_steps 96; seed 0; sample seed x0","","recomputed","hf://buckets/dan-pandori/nd-rl/trajectory-cap6/artifacts/tj6/eval/s0_p16000__tb72_x0.jsonl","textbook72|k4|T0.8|lean_only"
"best-9.56M-cap6-trajectory","stage1_best6_s1_p16000","9.56M","lean_staten","scratch","cap-6 control 155k","6","frozen@p16000","1","textbook72","72","pass_at_k_expected_solved","4","0.8","10.002","lean_only","fork lean_judge (Lean 4.34 alone); state_eval in-env sampling, max_action 512 max_steps 96; seed 0; sample seed x0","","recomputed","hf://buckets/dan-pandori/nd-rl/trajectory-cap6/artifacts/tj6/eval/s1_p16000__tb72_x0.jsonl","textbook72|k4|T0.8|lean_only"
"best-9.56M-cap6-trajectory","stage1_best6_s2_p16000","9.56M","lean_staten","scratch","cap-6 control 155k","6","frozen@p16000","2","textbook72","72","pass_at_k_expected_solved","4","0.8","8.108","lean_only","fork lean_judge (Lean 4.34 alone); state_eval in-env sampling, max_action 512 max_steps 96; seed 0; sample seed x0","","recomputed","hf://buckets/dan-pandori/nd-rl/trajectory-cap6/artifacts/tj6/eval/s2_p16000__tb72_x0.jsonl","textbook72|k4|T0.8|lean_only"
"best-9.56M-cap6-trajectory","stage1_best6_s0_p200","9.56M","lean_staten","scratch","cap-6 control 155k","6","frozen@p200","0","textbook72","72","pass_at_k_expected_solved","4","0.8","0.061","lean_only","fork lean_judge (Lean 4.34 alone); state_eval in-env sampling, max_action 512 max_steps 96; seed 0; sample seed x0","","recomputed","hf://buckets/dan-pandori/nd-rl/trajectory-cap6/artifacts/tj6/eval/s0_p200__tb72_x0.jsonl","textbook72|k4|T0.8|lean_only"
"best-9.56M-cap6-trajectory","stage1_best6_s1_p200","9.56M","lean_staten","scratch","cap-6 control 155k","6","frozen@p200","1","textbook72","72","pass_at_k_expected_solved","4","0.8","0.046","lean_only","fork lean_judge (Lean 4.34 alone); state_eval in-env sampling, max_action 512 max_steps 96; seed 0; sample seed x0","","recomputed","hf://buckets/dan-pandori/nd-rl/trajectory-cap6/artifacts/tj6/eval/s1_p200__tb72_x0.jsonl","textbook72|k4|T0.8|lean_only"
"best-9.56M-cap6-trajectory","stage1_best6_s2_p200","9.56M","lean_staten","scratch","cap-6 control 155k","6","frozen@p200","2","textbook72","72","pass_at_k_expected_solved","4","0.8","1.025","lean_only","fork lean_judge (Lean 4.34 alone); state_eval in-env sampling, max_action 512 max_steps 96; seed 0; sample seed x0","","recomputed","hf://buckets/dan-pandori/nd-rl/trajectory-cap6/artifacts/tj6/eval/s2_p200__tb72_x0.jsonl","textbook72|k4|T0.8|lean_only"
"best-9.56M-cap6-trajectory","stage1_best6_s0_p20000","9.56M","lean_staten","scratch","cap-6 control 155k","6","frozen@p20000","0","textbook72","72","pass_at_k_expected_solved","4","0.8","15.195","lean_only","fork lean_judge (Lean 4.34 alone); state_eval in-env sampling, max_action 512 max_steps 96; seed 0; sample seed x0","","recomputed","hf://buckets/dan-pandori/nd-rl/trajectory-cap6/artifacts/tj6/eval/s0_p20000__tb72_x0.jsonl","textbook72|k4|T0.8|lean_only"
"best-9.56M-cap6-trajectory","stage1_best6_s1_p20000","9.56M","lean_staten","scratch","cap-6 control 155k","6","frozen@p20000","1","textbook72","72","pass_at_k_expected_solved","4","0.8","9.521","lean_only","fork lean_judge (Lean 4.34 alone); state_eval in-env sampling, max_action 512 max_steps 96; seed 0; sample seed x0","","recomputed","hf://buckets/dan-pandori/nd-rl/trajectory-cap6/artifacts/tj6/eval/s1_p20000__tb72_x0.jsonl","textbook72|k4|T0.8|lean_only"
"best-9.56M-cap6-trajectory","stage1_best6_s2_p20000","9.56M","lean_staten","scratch","cap-6 control 155k","6","frozen@p20000","2","textbook72","72","pass_at_k_expected_solved","4","0.8","10.606","lean_only","fork lean_judge (Lean 4.34 alone); state_eval in-env sampling, max_action 512 max_steps 96; seed 0; sample seed x0","","recomputed","hf://buckets/dan-pandori/nd-rl/trajectory-cap6/artifacts/tj6/eval/s2_p20000__tb72_x0.jsonl","textbook72|k4|T0.8|lean_only"
"best-9.56M-cap6-trajectory","stage1_best6_s0_p3000","9.56M","lean_staten","scratch","cap-6 control 155k","6","frozen@p3000","0","textbook72","72","pass_at_k_expected_solved","4","0.8","7.38","lean_only","fork lean_judge (Lean 4.34 alone); state_eval in-env sampling, max_action 512 max_steps 96; seed 0; sample seed x0","","recomputed","hf://buckets/dan-pandori/nd-rl/trajectory-cap6/artifacts/tj6/eval/s0_p3000__tb72_x0.jsonl","textbook72|k4|T0.8|lean_only"
"best-9.56M-cap6-trajectory","stage1_best6_s1_p3000","9.56M","lean_staten","scratch","cap-6 control 155k","6","frozen@p3000","1","textbook72","72","pass_at_k_expected_solved","4","0.8","5.562","lean_only","fork lean_judge (Lean 4.34 alone); state_eval in-env sampling, max_action 512 max_steps 96; seed 0; sample seed x0","","recomputed","hf://buckets/dan-pandori/nd-rl/trajectory-cap6/artifacts/tj6/eval/s1_p3000__tb72_x0.jsonl","textbook72|k4|T0.8|lean_only"
"best-9.56M-cap6-trajectory","stage1_best6_s2_p3000","9.56M","lean_staten","scratch","cap-6 control 155k","6","frozen@p3000","2","textbook72","72","pass_at_k_expected_solved","4","0.8","3.007","lean_only","fork lean_judge (Lean 4.34 alone); state_eval in-env sampling, max_action 512 max_steps 96; seed 0; sample seed x0","","recomputed","hf://buckets/dan-pandori/nd-rl/trajectory-cap6/artifacts/tj6/eval/s2_p3000__tb72_x0.jsonl","textbook72|k4|T0.8|lean_only"
"best-9.56M-cap6-trajectory","stage1_best6_s0_p400","9.56M","lean_staten","scratch","cap-6 control 155k","6","frozen@p400","0","textbook72","72","pass_at_k_expected_solved","4","0.8","2.029","lean_only","fork lean_judge (Lean 4.34 alone); state_eval in-env sampling, max_action 512 max_steps 96; seed 0; sample seed x0","","recomputed","hf://buckets/dan-pandori/nd-rl/trajectory-cap6/artifacts/tj6/eval/s0_p400__tb72_x0.jsonl","textbook72|k4|T0.8|lean_only"
"best-9.56M-cap6-trajectory","stage1_best6_s1_p400","9.56M","lean_staten","scratch","cap-6 control 155k","6","frozen@p400","1","textbook72","72","pass_at_k_expected_solved","4","0.8","1.509","lean_only","fork lean_judge (Lean 4.34 alone); state_eval in-env sampling, max_action 512 max_steps 96; seed 0; sample seed x0","","recomputed","hf://buckets/dan-pandori/nd-rl/trajectory-cap6/artifacts/tj6/eval/s1_p400__tb72_x0.jsonl","textbook72|k4|T0.8|lean_only"
"best-9.56M-cap6-trajectory","stage1_best6_s2_p400","9.56M","lean_staten","scratch","cap-6 control 155k","6","frozen@p400","2","textbook72","72","pass_at_k_expected_solved","4","0.8","1.188","lean_only","fork lean_judge (Lean 4.34 alone); state_eval in-env sampling, max_action 512 max_steps 96; seed 0; sample seed x0","","recomputed","hf://buckets/dan-pandori/nd-rl/trajectory-cap6/artifacts/tj6/eval/s2_p400__tb72_x0.jsonl","textbook72|k4|T0.8|lean_only"
"best-9.56M-cap6-trajectory","stage1_best6_s0_p50","9.56M","lean_staten","scratch","cap-6 control 155k","6","frozen@p50","0","textbook72","72","pass_at_k_expected_solved","4","0.8","0.0","lean_only","fork lean_judge (Lean 4.34 alone); state_eval in-env sampling, max_action 512 max_steps 96; seed 0; sample seed x0","","recomputed","hf://buckets/dan-pandori/nd-rl/trajectory-cap6/artifacts/tj6/eval/s0_p50__tb72_x0.jsonl","textbook72|k4|T0.8|lean_only"
"best-9.56M-cap6-trajectory","stage1_best6_s1_p50","9.56M","lean_staten","scratch","cap-6 control 155k","6","frozen@p50","1","textbook72","72","pass_at_k_expected_solved","4","0.8","0.0","lean_only","fork lean_judge (Lean 4.34 alone); state_eval in-env sampling, max_action 512 max_steps 96; seed 0; sample seed x0","","recomputed","hf://buckets/dan-pandori/nd-rl/trajectory-cap6/artifacts/tj6/eval/s1_p50__tb72_x0.jsonl","textbook72|k4|T0.8|lean_only"
"best-9.56M-cap6-trajectory","stage1_best6_s2_p50","9.56M","lean_staten","scratch","cap-6 control 155k","6","frozen@p50","2","textbook72","72","pass_at_k_expected_solved","4","0.8","0.0","lean_only","fork lean_judge (Lean 4.34 alone); state_eval in-env sampling, max_action 512 max_steps 96; seed 0; sample seed x0","","recomputed","hf://buckets/dan-pandori/nd-rl/trajectory-cap6/artifacts/tj6/eval/s2_p50__tb72_x0.jsonl","textbook72|k4|T0.8|lean_only"
"best-9.56M-cap6-trajectory","stage1_best6_s0_p5000","9.56M","lean_staten","scratch","cap-6 control 155k","6","frozen@p5000","0","textbook72","72","pass_at_k_expected_solved","4","0.8","6.238","lean_only","fork lean_judge (Lean 4.34 alone); state_eval in-env sampling, max_action 512 max_steps 96; seed 0; sample seed x0","","recomputed","hf://buckets/dan-pandori/nd-rl/trajectory-cap6/artifacts/tj6/eval/s0_p5000__tb72_x0.jsonl","textbook72|k4|T0.8|lean_only"
"best-9.56M-cap6-trajectory","stage1_best6_s1_p5000","9.56M","lean_staten","scratch","cap-6 control 155k","6","frozen@p5000","1","textbook72","72","pass_at_k_expected_solved","4","0.8","9.879","lean_only","fork lean_judge (Lean 4.34 alone); state_eval in-env sampling, max_action 512 max_steps 96; seed 0; sample seed x0","","recomputed","hf://buckets/dan-pandori/nd-rl/trajectory-cap6/artifacts/tj6/eval/s1_p5000__tb72_x0.jsonl","textbook72|k4|T0.8|lean_only"
"best-9.56M-cap6-trajectory","stage1_best6_s2_p5000","9.56M","lean_staten","scratch","cap-6 control 155k","6","frozen@p5000","2","textbook72","72","pass_at_k_expected_solved","4","0.8","8.089","lean_only","fork lean_judge (Lean 4.34 alone); state_eval in-env sampling, max_action 512 max_steps 96; seed 0; sample seed x0","","recomputed","hf://buckets/dan-pandori/nd-rl/trajectory-cap6/artifacts/tj6/eval/s2_p5000__tb72_x0.jsonl","textbook72|k4|T0.8|lean_only"
"best-9.56M-cap6-trajectory","stage1_best6_s0_p800","9.56M","lean_staten","scratch","cap-6 control 155k","6","frozen@p800","0","textbook72","72","pass_at_k_expected_solved","4","0.8","3.664","lean_only","fork lean_judge (Lean 4.34 alone); state_eval in-env sampling, max_action 512 max_steps 96; seed 0; sample seed x0","","recomputed","hf://buckets/dan-pandori/nd-rl/trajectory-cap6/artifacts/tj6/eval/s0_p800__tb72_x0.jsonl","textbook72|k4|T0.8|lean_only"
"best-9.56M-cap6-trajectory","stage1_best6_s1_p800","9.56M","lean_staten","scratch","cap-6 control 155k","6","frozen@p800","1","textbook72","72","pass_at_k_expected_solved","4","0.8","4.033","lean_only","fork lean_judge (Lean 4.34 alone); state_eval in-env sampling, max_action 512 max_steps 96; seed 0; sample seed x0","","recomputed","hf://buckets/dan-pandori/nd-rl/trajectory-cap6/artifacts/tj6/eval/s1_p800__tb72_x0.jsonl","textbook72|k4|T0.8|lean_only"
"best-9.56M-cap6-trajectory","stage1_best6_s2_p800","9.56M","lean_staten","scratch","cap-6 control 155k","6","frozen@p800","2","textbook72","72","pass_at_k_expected_solved","4","0.8","3.593","lean_only","fork lean_judge (Lean 4.34 alone); state_eval in-env sampling, max_action 512 max_steps 96; seed 0; sample seed x0","","recomputed","hf://buckets/dan-pandori/nd-rl/trajectory-cap6/artifacts/tj6/eval/s2_p800__tb72_x0.jsonl","textbook72|k4|T0.8|lean_only"
"best-9.56M-cap6-trajectory","stage1_best6_s0_p8000","9.56M","lean_staten","scratch","cap-6 control 155k","6","frozen@p8000","0","textbook72","72","pass_at_k_expected_solved","4","0.8","9.333","lean_only","fork lean_judge (Lean 4.34 alone); state_eval in-env sampling, max_action 512 max_steps 96; seed 0; sample seed x0","","recomputed","hf://buckets/dan-pandori/nd-rl/trajectory-cap6/artifacts/tj6/eval/s0_p8000__tb72_x0.jsonl","textbook72|k4|T0.8|lean_only"
"best-9.56M-cap6-trajectory","stage1_best6_s1_p8000","9.56M","lean_staten","scratch","cap-6 control 155k","6","frozen@p8000","1","textbook72","72","pass_at_k_expected_solved","4","0.8","7.046","lean_only","fork lean_judge (Lean 4.34 alone); state_eval in-env sampling, max_action 512 max_steps 96; seed 0; sample seed x0","","recomputed","hf://buckets/dan-pandori/nd-rl/trajectory-cap6/artifacts/tj6/eval/s1_p8000__tb72_x0.jsonl","textbook72|k4|T0.8|lean_only"
"best-9.56M-cap6-trajectory","stage1_best6_s2_p8000","9.56M","lean_staten","scratch","cap-6 control 155k","6","frozen@p8000","2","textbook72","72","pass_at_k_expected_solved","4","0.8","6.733","lean_only","fork lean_judge (Lean 4.34 alone); state_eval in-env sampling, max_action 512 max_steps 96; seed 0; sample seed x0","","recomputed","hf://buckets/dan-pandori/nd-rl/trajectory-cap6/artifacts/tj6/eval/s2_p8000__tb72_x0.jsonl","textbook72|k4|T0.8|lean_only"
"best-9.56M-cap6-trajectory","stage1_best6_s0_pend","9.56M","lean_staten","scratch","cap-6 control 155k","6","frozen@pend","0","textbook72","72","pass_at_k_expected_solved","4","0.8","9.927","lean_only","fork lean_judge (Lean 4.34 alone); state_eval in-env sampling, max_action 512 max_steps 96; seed 0; sample seed x0","","recomputed","hf://buckets/dan-pandori/nd-rl/trajectory-cap6/artifacts/tj6/eval/s0_pend__tb72_x0.jsonl","textbook72|k4|T0.8|lean_only"
"best-9.56M-cap6-trajectory","stage1_best6_s1_pend","9.56M","lean_staten","scratch","cap-6 control 155k","6","frozen@pend","1","textbook72","72","pass_at_k_expected_solved","4","0.8","8.725","lean_only","fork lean_judge (Lean 4.34 alone); state_eval in-env sampling, max_action 512 max_steps 96; seed 0; sample seed x0","","recomputed","hf://buckets/dan-pandori/nd-rl/trajectory-cap6/artifacts/tj6/eval/s1_pend__tb72_x0.jsonl","textbook72|k4|T0.8|lean_only"
"best-9.56M-cap6-trajectory","stage1_best6_s2_pend","9.56M","lean_staten","scratch","cap-6 control 155k","6","frozen@pend","2","textbook72","72","pass_at_k_expected_solved","4","0.8","10.49","lean_only","fork lean_judge (Lean 4.34 alone); state_eval in-env sampling, max_action 512 max_steps 96; seed 0; sample seed x0","","recomputed","hf://buckets/dan-pandori/nd-rl/trajectory-cap6/artifacts/tj6/eval/s2_pend__tb72_x0.jsonl","textbook72|k4|T0.8|lean_only"
"best-9.56M-cap6-trajectory","la_T1_best6_s0_r1","9.56M","lean_staten","scratch","cap-6 control 155k","6","rl1","0","textbook72","72","pass_at_k_expected_solved","4","0.8","19.044","lean_only","fork lean_judge (Lean 4.34 alone); state_eval in-env sampling, max_action 512 max_steps 96; seed 0; sample seed x0","","recomputed","hf://buckets/dan-pandori/nd-rl/trajectory-cap6/artifacts/tj6/eval/s0_r1__tb72_x0.jsonl","textbook72|k4|T0.8|lean_only"
"best-9.56M-cap6-trajectory","la_T1_best6_s1_r1","9.56M","lean_staten","scratch","cap-6 control 155k","6","rl1","1","textbook72","72","pass_at_k_expected_solved","4","0.8","18.41","lean_only","fork lean_judge (Lean 4.34 alone); state_eval in-env sampling, max_action 512 max_steps 96; seed 0; sample seed x0","","recomputed","hf://buckets/dan-pandori/nd-rl/trajectory-cap6/artifacts/tj6/eval/s1_r1__tb72_x0.jsonl","textbook72|k4|T0.8|lean_only"
"best-9.56M-cap6-trajectory","la_T1_best6_s2_r1","9.56M","lean_staten","scratch","cap-6 control 155k","6","rl1","2","textbook72","72","pass_at_k_expected_solved","4","0.8","15.223","lean_only","fork lean_judge (Lean 4.34 alone); state_eval in-env sampling, max_action 512 max_steps 96; seed 0; sample seed x0","","recomputed","hf://buckets/dan-pandori/nd-rl/trajectory-cap6/artifacts/tj6/eval/s2_r1__tb72_x0.jsonl","textbook72|k4|T0.8|lean_only"
"best-9.56M-cap6-trajectory","la_T1_best6_s0_r2","9.56M","lean_staten","scratch","cap-6 control 155k","6","rl2","0","textbook72","72","pass_at_k_expected_solved","4","0.8","21.862","lean_only","fork lean_judge (Lean 4.34 alone); state_eval in-env sampling, max_action 512 max_steps 96; seed 0; sample seed x0","","recomputed","hf://buckets/dan-pandori/nd-rl/trajectory-cap6/artifacts/tj6/eval/s0_r2__tb72_x0.jsonl","textbook72|k4|T0.8|lean_only"
"best-9.56M-cap6-trajectory","la_T1_best6_s1_r2","9.56M","lean_staten","scratch","cap-6 control 155k","6","rl2","1","textbook72","72","pass_at_k_expected_solved","4","0.8","21.483","lean_only","fork lean_judge (Lean 4.34 alone); state_eval in-env sampling, max_action 512 max_steps 96; seed 0; sample seed x0","","recomputed","hf://buckets/dan-pandori/nd-rl/trajectory-cap6/artifacts/tj6/eval/s1_r2__tb72_x0.jsonl","textbook72|k4|T0.8|lean_only"
"best-9.56M-cap6-trajectory","la_T1_best6_s2_r2","9.56M","lean_staten","scratch","cap-6 control 155k","6","rl2","2","textbook72","72","pass_at_k_expected_solved","4","0.8","19.284","lean_only","fork lean_judge (Lean 4.34 alone); state_eval in-env sampling, max_action 512 max_steps 96; seed 0; sample seed x0","","recomputed","hf://buckets/dan-pandori/nd-rl/trajectory-cap6/artifacts/tj6/eval/s2_r2__tb72_x0.jsonl","textbook72|k4|T0.8|lean_only"
"best-9.56M-cap6-trajectory","la_T1_best6_s0_r3","9.56M","lean_staten","scratch","cap-6 control 155k","6","rl3","0","textbook72","72","pass_at_k_expected_solved","4","0.8","23.414","lean_only","fork lean_judge (Lean 4.34 alone); state_eval in-env sampling, max_action 512 max_steps 96; seed 0; sample seed x0","","recomputed","hf://buckets/dan-pandori/nd-rl/trajectory-cap6/artifacts/tj6/eval/s0_r3__tb72_x0.jsonl","textbook72|k4|T0.8|lean_only"
"best-9.56M-cap6-trajectory","la_T1_best6_s1_r3","9.56M","lean_staten","scratch","cap-6 control 155k","6","rl3","1","textbook72","72","pass_at_k_expected_solved","4","0.8","25.526","lean_only","fork lean_judge (Lean 4.34 alone); state_eval in-env sampling, max_action 512 max_steps 96; seed 0; sample seed x0","","recomputed","hf://buckets/dan-pandori/nd-rl/trajectory-cap6/artifacts/tj6/eval/s1_r3__tb72_x0.jsonl","textbook72|k4|T0.8|lean_only"
"best-9.56M-cap6-trajectory","la_T1_best6_s2_r3","9.56M","lean_staten","scratch","cap-6 control 155k","6","rl3","2","textbook72","72","pass_at_k_expected_solved","4","0.8","21.869","lean_only","fork lean_judge (Lean 4.34 alone); state_eval in-env sampling, max_action 512 max_steps 96; seed 0; sample seed x0","","recomputed","hf://buckets/dan-pandori/nd-rl/trajectory-cap6/artifacts/tj6/eval/s2_r3__tb72_x0.jsonl","textbook72|k4|T0.8|lean_only"
"best-9.56M-cap6-trajectory","la_T1_best6_s0_r4","9.56M","lean_staten","scratch","cap-6 control 155k","6","rl4","0","textbook72","72","pass_at_k_expected_solved","4","0.8","26.38","lean_only","fork lean_judge (Lean 4.34 alone); state_eval in-env sampling, max_action 512 max_steps 96; seed 0; sample seed x0","","recomputed","hf://buckets/dan-pandori/nd-rl/trajectory-cap6/artifacts/tj6/eval/s0_r4__tb72_x0.jsonl","textbook72|k4|T0.8|lean_only"
"best-9.56M-cap6-trajectory","la_T1_best6_s1_r4","9.56M","lean_staten","scratch","cap-6 control 155k","6","rl4","1","textbook72","72","pass_at_k_expected_solved","4","0.8","29.236","lean_only","fork lean_judge (Lean 4.34 alone); state_eval in-env sampling, max_action 512 max_steps 96; seed 0; sample seed x0","","recomputed","hf://buckets/dan-pandori/nd-rl/trajectory-cap6/artifacts/tj6/eval/s1_r4__tb72_x0.jsonl","textbook72|k4|T0.8|lean_only"
"best-9.56M-cap6-trajectory","la_T1_best6_s2_r4","9.56M","lean_staten","scratch","cap-6 control 155k","6","rl4","2","textbook72","72","pass_at_k_expected_solved","4","0.8","22.718","lean_only","fork lean_judge (Lean 4.34 alone); state_eval in-env sampling, max_action 512 max_steps 96; seed 0; sample seed x0","","recomputed","hf://buckets/dan-pandori/nd-rl/trajectory-cap6/artifacts/tj6/eval/s2_r4__tb72_x0.jsonl","textbook72|k4|T0.8|lean_only"
"best-9.56M-cap6-trajectory","la_T1_best6_s0_r5","9.56M","lean_staten","scratch","cap-6 control 155k","6","rl5","0","textbook72","72","pass_at_k_expected_solved","4","0.8","29.772","lean_only","fork lean_judge (Lean 4.34 alone); state_eval in-env sampling, max_action 512 max_steps 96; seed 0; sample seed x0","","recomputed","hf://buckets/dan-pandori/nd-rl/trajectory-cap6/artifacts/tj6/eval/s0_r5__tb72_x0.jsonl","textbook72|k4|T0.8|lean_only"
"best-9.56M-cap6-trajectory","la_T1_best6_s1_r5","9.56M","lean_staten","scratch","cap-6 control 155k","6","rl5","1","textbook72","72","pass_at_k_expected_solved","4","0.8","30.851","lean_only","fork lean_judge (Lean 4.34 alone); state_eval in-env sampling, max_action 512 max_steps 96; seed 0; sample seed x0","","recomputed","hf://buckets/dan-pandori/nd-rl/trajectory-cap6/artifacts/tj6/eval/s1_r5__tb72_x0.jsonl","textbook72|k4|T0.8|lean_only"
"best-9.56M-cap6-trajectory","la_T1_best6_s2_r5","9.56M","lean_staten","scratch","cap-6 control 155k","6","rl5","2","textbook72","72","pass_at_k_expected_solved","4","0.8","26.953","lean_only","fork lean_judge (Lean 4.34 alone); state_eval in-env sampling, max_action 512 max_steps 96; seed 0; sample seed x0","","recomputed","hf://buckets/dan-pandori/nd-rl/trajectory-cap6/artifacts/tj6/eval/s2_r5__tb72_x0.jsonl","textbook72|k4|T0.8|lean_only"
"best-9.56M-cap6-trajectory","la_T1_best6_s0_r6","9.56M","lean_staten","scratch","cap-6 control 155k","6","rl6","0","textbook72","72","pass_at_k_expected_solved","4","0.8","29.877","lean_only","fork lean_judge (Lean 4.34 alone); state_eval in-env sampling, max_action 512 max_steps 96; seed 0; sample seed x0","","recomputed","hf://buckets/dan-pandori/nd-rl/trajectory-cap6/artifacts/tj6/eval/s0_r6__tb72_x0.jsonl","textbook72|k4|T0.8|lean_only"
"best-9.56M-cap6-trajectory","la_T1_best6_s1_r6","9.56M","lean_staten","scratch","cap-6 control 155k","6","rl6","1","textbook72","72","pass_at_k_expected_solved","4","0.8","30.993","lean_only","fork lean_judge (Lean 4.34 alone); state_eval in-env sampling, max_action 512 max_steps 96; seed 0; sample seed x0","","recomputed","hf://buckets/dan-pandori/nd-rl/trajectory-cap6/artifacts/tj6/eval/s1_r6__tb72_x0.jsonl","textbook72|k4|T0.8|lean_only"
"best-9.56M-cap6-trajectory","la_T1_best6_s2_r6","9.56M","lean_staten","scratch","cap-6 control 155k","6","rl6","2","textbook72","72","pass_at_k_expected_solved","4","0.8","27.238","lean_only","fork lean_judge (Lean 4.34 alone); state_eval in-env sampling, max_action 512 max_steps 96; seed 0; sample seed x0","","recomputed","hf://buckets/dan-pandori/nd-rl/trajectory-cap6/artifacts/tj6/eval/s2_r6__tb72_x0.jsonl","textbook72|k4|T0.8|lean_only"
"best-9.56M-cap6-trajectory","la_T1_best6_s0_r7","9.56M","lean_staten","scratch","cap-6 control 155k","6","rl7","0","textbook72","72","pass_at_k_expected_solved","4","0.8","30.497","lean_only","fork lean_judge (Lean 4.34 alone); state_eval in-env sampling, max_action 512 max_steps 96; seed 0; sample seed x0","","recomputed","hf://buckets/dan-pandori/nd-rl/trajectory-cap6/artifacts/tj6/eval/s0_r7__tb72_x0.jsonl","textbook72|k4|T0.8|lean_only"
"best-9.56M-cap6-trajectory","la_T1_best6_s1_r7","9.56M","lean_staten","scratch","cap-6 control 155k","6","rl7","1","textbook72","72","pass_at_k_expected_solved","4","0.8","31.746","lean_only","fork lean_judge (Lean 4.34 alone); state_eval in-env sampling, max_action 512 max_steps 96; seed 0; sample seed x0","","recomputed","hf://buckets/dan-pandori/nd-rl/trajectory-cap6/artifacts/tj6/eval/s1_r7__tb72_x0.jsonl","textbook72|k4|T0.8|lean_only"
"best-9.56M-cap6-trajectory","la_T1_best6_s2_r7","9.56M","lean_staten","scratch","cap-6 control 155k","6","rl7","2","textbook72","72","pass_at_k_expected_solved","4","0.8","28.516","lean_only","fork lean_judge (Lean 4.34 alone); state_eval in-env sampling, max_action 512 max_steps 96; seed 0; sample seed x0","","recomputed","hf://buckets/dan-pandori/nd-rl/trajectory-cap6/artifacts/tj6/eval/s2_r7__tb72_x0.jsonl","textbook72|k4|T0.8|lean_only"
"ours-3.2M-SN-cap12","la_T1_SN12_s0_r8","3.2M","lean_staten","scratch","K12 155k","12","T1","0","textbook72","72","pass_at_k_expected_solved","4","0.8","19.25","lean_only","fork lean_judge (Lean 4.34 alone); state_eval in-env sampling, max_action 512 max_steps 96; seed 0; compute-match read, batch 2048 (re-read of textbook72-run ckpt)","2026-10-02","recomputed","hf://buckets/dan-pandori/nd-rl/compute-match/artifacts/cm/eval/T1_SN12_s0__tb72.jsonl","textbook72|k4|T0.8|lean_only"
"ours-3.2M-SN-cap12","la_T1_SN12_s0_r8","3.2M","lean_staten","scratch","K12 155k","12","T1","0","textbook72","72","pass_at_k_expected_solved","4","0.8","19.143","lean_only","fork lean_judge (Lean 4.34 alone); state_eval in-env sampling, max_action 512 max_steps 96; seed 0; textbook72 run, batch 4096","2026-09-30","recomputed","hf://buckets/dan-pandori/nd-rl/textbook72/artifacts/textbook72/eval/T1_SN12_s0.jsonl","textbook72|k4|T0.8|lean_only"
"ours-3.2M-SN-cap12","la_T1_SN12_s1_r8","3.2M","lean_staten","scratch","K12 155k","12","T1","1","textbook72","72","pass_at_k_expected_solved","4","0.8","21.904","lean_only","fork lean_judge (Lean 4.34 alone); state_eval in-env sampling, max_action 512 max_steps 96; seed 0; compute-match read, batch 2048 (re-read of textbook72-run ckpt)","2026-10-02","recomputed","hf://buckets/dan-pandori/nd-rl/compute-match/artifacts/cm/eval/T1_SN12_s1__tb72.jsonl","textbook72|k4|T0.8|lean_only"
"ours-3.2M-SN-cap12","la_T1_SN12_s1_r8","3.2M","lean_staten","scratch","K12 155k","12","T1","1","textbook72","72","pass_at_k_expected_solved","4","0.8","21.292","lean_only","fork lean_judge (Lean 4.34 alone); state_eval in-env sampling, max_action 512 max_steps 96; seed 0; textbook72 run, batch 4096","2026-09-30","recomputed","hf://buckets/dan-pandori/nd-rl/textbook72/artifacts/textbook72/eval/T1_SN12_s1.jsonl","textbook72|k4|T0.8|lean_only"
"ours-3.2M-SN-cap12","la_T1_SN12_s2_r8","3.2M","lean_staten","scratch","K12 155k","12","T1","2","textbook72","72","pass_at_k_expected_solved","4","0.8","23.877","lean_only","fork lean_judge (Lean 4.34 alone); state_eval in-env sampling, max_action 512 max_steps 96; seed 0; compute-match read, batch 2048 (re-read of textbook72-run ckpt)","2026-10-02","recomputed","hf://buckets/dan-pandori/nd-rl/compute-match/artifacts/cm/eval/T1_SN12_s2__tb72.jsonl","textbook72|k4|T0.8|lean_only"
"ours-3.2M-SN-cap12","la_T1_SN12_s2_r8","3.2M","lean_staten","scratch","K12 155k","12","T1","2","textbook72","72","pass_at_k_expected_solved","4","0.8","24.112","lean_only","fork lean_judge (Lean 4.34 alone); state_eval in-env sampling, max_action 512 max_steps 96; seed 0; textbook72 run, batch 4096","2026-09-30","recomputed","hf://buckets/dan-pandori/nd-rl/textbook72/artifacts/textbook72/eval/T1_SN12_s2.jsonl","textbook72|k4|T0.8|lean_only"
"ours-3.2M-SN-cap12","la_T1_SN12_s3_r8","3.2M","lean_staten","scratch","K12 155k","12","T1","3","textbook72","72","pass_at_k_expected_solved","4","0.8","24.309","lean_only","fork lean_judge (Lean 4.34 alone); state_eval in-env sampling, max_action 512 max_steps 96; seed 0; textbook72 run, batch 4096","2026-09-30","recomputed","hf://buckets/dan-pandori/nd-rl/textbook72/artifacts/textbook72/eval/T1_SN12_s3.jsonl","textbook72|k4|T0.8|lean_only"
"ours-3.2M-SN-cap12","stage1_SN12_s0","3.2M","lean_staten","scratch","K12 155k","12","frozen","0","textbook72","72","pass_at_k_expected_solved","4","0.8","12.519","lean_only","fork lean_judge (Lean 4.34 alone); state_eval in-env sampling, max_action 512 max_steps 96; seed 0; textbook72 run, batch 4096","2026-09-30","recomputed","hf://buckets/dan-pandori/nd-rl/textbook72/artifacts/textbook72/eval/Fz_SN12_s0.jsonl","textbook72|k4|T0.8|lean_only"
"ours-3.2M-SN-cap12","stage1_SN12_s1","3.2M","lean_staten","scratch","K12 155k","12","frozen","1","textbook72","72","pass_at_k_expected_solved","4","0.8","13.903","lean_only","fork lean_judge (Lean 4.34 alone); state_eval in-env sampling, max_action 512 max_steps 96; seed 0; textbook72 run, batch 4096","2026-09-30","recomputed","hf://buckets/dan-pandori/nd-rl/textbook72/artifacts/textbook72/eval/Fz_SN12_s1.jsonl","textbook72|k4|T0.8|lean_only"
"ours-3.2M-SN-cap12","stage1_SN12_s2","3.2M","lean_staten","scratch","K12 155k","12","frozen","2","textbook72","72","pass_at_k_expected_solved","4","0.8","16.709","lean_only","fork lean_judge (Lean 4.34 alone); state_eval in-env sampling, max_action 512 max_steps 96; seed 0; textbook72 run, batch 4096","2026-09-30","recomputed","hf://buckets/dan-pandori/nd-rl/textbook72/artifacts/textbook72/eval/Fz_SN12_s2.jsonl","textbook72|k4|T0.8|lean_only"
"ours-3.2M-SN-cap12","stage1_SN12_s3","3.2M","lean_staten","scratch","K12 155k","12","frozen","3","textbook72","72","pass_at_k_expected_solved","4","0.8","16.009","lean_only","fork lean_judge (Lean 4.34 alone); state_eval in-env sampling, max_action 512 max_steps 96; seed 0; textbook72 run, batch 4096","2026-09-30","recomputed","hf://buckets/dan-pandori/nd-rl/textbook72/artifacts/textbook72/eval/Fz_SN12_s3.jsonl","textbook72|k4|T0.8|lean_only"
"ours-3.2M-SN-cap12-k64ladder","la_T1_cm12k64_s0_r8","3.2M","lean_staten","scratch","K12 155k","12","T1-k64","0","textbook72","72","pass_at_k_expected_solved","4","0.8","20.436","lean_only","fork lean_judge (Lean 4.34 alone); state_eval in-env sampling, max_action 512 max_steps 96; seed 0; compute-match read, batch 2048","2026-10-02","recomputed","hf://buckets/dan-pandori/nd-rl/compute-match/artifacts/cm/eval/T1_cm12k64_s0__tb72.jsonl","textbook72|k4|T0.8|lean_only"
"ours-3.2M-SN-cap12-k64ladder","la_T1_cm12k64_s1_r8","3.2M","lean_staten","scratch","K12 155k","12","T1-k64","1","textbook72","72","pass_at_k_expected_solved","4","0.8","21.646","lean_only","fork lean_judge (Lean 4.34 alone); state_eval in-env sampling, max_action 512 max_steps 96; seed 0; compute-match read, batch 2048","2026-10-02","recomputed","hf://buckets/dan-pandori/nd-rl/compute-match/artifacts/cm/eval/T1_cm12k64_s1__tb72.jsonl","textbook72|k4|T0.8|lean_only"
"ours-3.2M-SN-cap12-k64ladder","la_T1_cm12k64_s2_r8","3.2M","lean_staten","scratch","K12 155k","12","T1-k64","2","textbook72","72","pass_at_k_expected_solved","4","0.8","25.933","lean_only","fork lean_judge (Lean 4.34 alone); state_eval in-env sampling, max_action 512 max_steps 96; seed 0; compute-match read, batch 2048","2026-10-02","recomputed","hf://buckets/dan-pandori/nd-rl/compute-match/artifacts/cm/eval/T1_cm12k64_s2__tb72.jsonl","textbook72|k4|T0.8|lean_only"
"ours-3.2M-SN-v2-cap6","la_T1_SN_s0_r8","3.2M","lean_staten","scratch","cap-6 control 155k","6","T1","0","textbook72","72","pass_at_k_expected_solved","4","0.8","16.29","lean_only","fork lean_judge (Lean 4.34 alone); state_eval in-env sampling, max_action 512 max_steps 96; seed 0; textbook72 run, batch 4096","2026-09-30","recomputed","hf://buckets/dan-pandori/nd-rl/textbook72/artifacts/textbook72/eval/T1_SN6_s0.jsonl","textbook72|k4|T0.8|lean_only"
"ours-3.2M-SN-v2-cap6","la_T1_SN_s1_r8","3.2M","lean_staten","scratch","cap-6 control 155k","6","T1","1","textbook72","72","pass_at_k_expected_solved","4","0.8","11.508","lean_only","fork lean_judge (Lean 4.34 alone); state_eval in-env sampling, max_action 512 max_steps 96; seed 0; textbook72 run, batch 4096","2026-09-30","recomputed","hf://buckets/dan-pandori/nd-rl/textbook72/artifacts/textbook72/eval/T1_SN6_s1.jsonl","textbook72|k4|T0.8|lean_only"
"ours-3.2M-SN-v2-cap6","stage1_SN_s0","3.2M","lean_staten","scratch","cap-6 control 155k","6","frozen","0","textbook72","72","pass_at_k_expected_solved","4","0.8","8.374","lean_only","fork lean_judge (Lean 4.34 alone); state_eval in-env sampling, max_action 512 max_steps 96; seed 0; textbook72 run, batch 4096","2026-09-30","recomputed","hf://buckets/dan-pandori/nd-rl/textbook72/artifacts/textbook72/eval/Fz_SN6_s0.jsonl","textbook72|k4|T0.8|lean_only"
"ours-3.2M-SN-v2-cap6","stage1_SN_s1","3.2M","lean_staten","scratch","cap-6 control 155k","6","frozen","1","textbook72","72","pass_at_k_expected_solved","4","0.8","7.417","lean_only","fork lean_judge (Lean 4.34 alone); state_eval in-env sampling, max_action 512 max_steps 96; seed 0; textbook72 run, batch 4096","2026-09-30","recomputed","hf://buckets/dan-pandori/nd-rl/textbook72/artifacts/textbook72/eval/Fz_SN6_s1.jsonl","textbook72|k4|T0.8|lean_only"
"robbie-factorial:abs-best-ei","factorial abs-best-ei (pre=186 recipe, rl=harness EI 4x1500x32)","9.56M","token","scratch","cap-6 train.jsonl 155k","6","rl-harness-EI","0","textbook72","72","pass_at_k_expected_solved","4","0.8","13.738","nd_verify","robbie harness judge (fork sample Lean gate 51604b3 then nd_verify); max_new 512 (abs/token: nd_verify alone)","2026-09-29","recomputed","nd-rl:robbie-experiments:experiment-summaries/2026-09-28-combined-model/charts/passk.csv","textbook72|k4|T0.8|nd_verify"
"robbie-factorial:abs-best-ei","factorial abs-best-ei (pre=186 recipe, rl=harness EI 4x1500x32)","9.56M","token","scratch","cap-6 train.jsonl 155k","6","rl-harness-EI","1","textbook72","72","pass_at_k_expected_solved","4","0.8","13.68","nd_verify","robbie harness judge (fork sample Lean gate 51604b3 then nd_verify); max_new 512 (abs/token: nd_verify alone)","2026-09-29","recomputed","nd-rl:robbie-experiments:experiment-summaries/2026-09-28-combined-model/charts/passk.csv","textbook72|k4|T0.8|nd_verify"
"robbie-factorial:abs-best-ei","factorial abs-best-ei (pre=186 recipe, rl=harness EI 4x1500x32)","9.56M","token","scratch","cap-6 train.jsonl 155k","6","rl-harness-EI","2","textbook72","72","pass_at_k_expected_solved","4","0.8","11.937","nd_verify","robbie harness judge (fork sample Lean gate 51604b3 then nd_verify); max_new 512 (abs/token: nd_verify alone)","2026-09-29","recomputed","nd-rl:robbie-experiments:experiment-summaries/2026-09-28-combined-model/charts/passk.csv","textbook72|k4|T0.8|nd_verify"
"robbie-factorial:abs-best-leon","factorial abs-best-leon (pre=186 recipe, rl=c005 Leon EI+guided)","9.56M","token","scratch","cap-6 train.jsonl 155k","6","rl-leon-c005","0","textbook72","72","pass_at_k_expected_solved","4","0.8","16.965","nd_verify","robbie harness judge (fork sample Lean gate 51604b3 then nd_verify); max_new 512 (abs/token: nd_verify alone)","2026-09-29","recomputed","nd-rl:robbie-experiments:experiment-summaries/2026-09-28-combined-model/charts/passk.csv","textbook72|k4|T0.8|nd_verify"
"robbie-factorial:abs-best-leon","factorial abs-best-leon (pre=186 recipe, rl=c005 Leon EI+guided)","9.56M","token","scratch","cap-6 train.jsonl 155k","6","rl-leon-c005","1","textbook72","72","pass_at_k_expected_solved","4","0.8","16.22","nd_verify","robbie harness judge (fork sample Lean gate 51604b3 then nd_verify); max_new 512 (abs/token: nd_verify alone)","2026-09-29","recomputed","nd-rl:robbie-experiments:experiment-summaries/2026-09-28-combined-model/charts/passk.csv","textbook72|k4|T0.8|nd_verify"
"robbie-factorial:abs-best-leon","factorial abs-best-leon (pre=186 recipe, rl=c005 Leon EI+guided)","9.56M","token","scratch","cap-6 train.jsonl 155k","6","rl-leon-c005","2","textbook72","72","pass_at_k_expected_solved","4","0.8","18.343","nd_verify","robbie harness judge (fork sample Lean gate 51604b3 then nd_verify); max_new 512 (abs/token: nd_verify alone)","2026-09-29","recomputed","nd-rl:robbie-experiments:experiment-summaries/2026-09-28-combined-model/charts/passk.csv","textbook72|k4|T0.8|nd_verify"
"robbie-factorial:abs-naive-ei","factorial abs-naive-ei (pre=012 baseline, rl=harness EI 4x1500x32)","","token","scratch","cap-6 train.jsonl 155k","6","rl-harness-EI","0","textbook72","72","pass_at_k_expected_solved","4","0.8","5.967","nd_verify","robbie harness judge (fork sample Lean gate 51604b3 then nd_verify); max_new 512 (abs/token: nd_verify alone)","2026-09-29","recomputed","nd-rl:robbie-experiments:experiment-summaries/2026-09-28-combined-model/charts/passk.csv","textbook72|k4|T0.8|nd_verify"
"robbie-factorial:abs-naive-ei","factorial abs-naive-ei (pre=012 baseline, rl=harness EI 4x1500x32)","","token","scratch","cap-6 train.jsonl 155k","6","rl-harness-EI","1","textbook72","72","pass_at_k_expected_solved","4","0.8","7.874","nd_verify","robbie harness judge (fork sample Lean gate 51604b3 then nd_verify); max_new 512 (abs/token: nd_verify alone)","2026-09-29","recomputed","nd-rl:robbie-experiments:experiment-summaries/2026-09-28-combined-model/charts/passk.csv","textbook72|k4|T0.8|nd_verify"
"robbie-factorial:abs-naive-ei","factorial abs-naive-ei (pre=012 baseline, rl=harness EI 4x1500x32)","","token","scratch","cap-6 train.jsonl 155k","6","rl-harness-EI","2","textbook72","72","pass_at_k_expected_solved","4","0.8","7.468","nd_verify","robbie harness judge (fork sample Lean gate 51604b3 then nd_verify); max_new 512 (abs/token: nd_verify alone)","2026-09-29","recomputed","nd-rl:robbie-experiments:experiment-summaries/2026-09-28-combined-model/charts/passk.csv","textbook72|k4|T0.8|nd_verify"
"robbie-factorial:abs-naive-leon","factorial abs-naive-leon (pre=012 baseline, rl=c005 Leon EI+guided)","","token","scratch","cap-6 train.jsonl 155k","6","rl-leon-c005","0","textbook72","72","pass_at_k_expected_solved","4","0.8","7.653","nd_verify","robbie harness judge (fork sample Lean gate 51604b3 then nd_verify); max_new 512 (abs/token: nd_verify alone)","2026-09-29","recomputed","nd-rl:robbie-experiments:experiment-summaries/2026-09-28-combined-model/charts/passk.csv","textbook72|k4|T0.8|nd_verify"
"robbie-factorial:abs-naive-leon","factorial abs-naive-leon (pre=012 baseline, rl=c005 Leon EI+guided)","","token","scratch","cap-6 train.jsonl 155k","6","rl-leon-c005","1","textbook72","72","pass_at_k_expected_solved","4","0.8","7.725","nd_verify","robbie harness judge (fork sample Lean gate 51604b3 then nd_verify); max_new 512 (abs/token: nd_verify alone)","2026-09-29","recomputed","nd-rl:robbie-experiments:experiment-summaries/2026-09-28-combined-model/charts/passk.csv","textbook72|k4|T0.8|nd_verify"
"robbie-factorial:abs-naive-leon","factorial abs-naive-leon (pre=012 baseline, rl=c005 Leon EI+guided)","","token","scratch","cap-6 train.jsonl 155k","6","rl-leon-c005","2","textbook72","72","pass_at_k_expected_solved","4","0.8","6.378","nd_verify","robbie harness judge (fork sample Lean gate 51604b3 then nd_verify); max_new 512 (abs/token: nd_verify alone)","2026-09-29","recomputed","nd-rl:robbie-experiments:experiment-summaries/2026-09-28-combined-model/charts/passk.csv","textbook72|k4|T0.8|nd_verify"
"robbie-combined-pipeline:c005","c005 inference=plain","9.56M","lean_seq","scratch","cap-6 train.jsonl 155k","6","tts-plain","mean(3)","textbook72","72","pass_at_k_frac","64","0.8","0.3825","lean_and_ndverify","","2026-09-29","copied","nd-rl:robbie-experiments:experiment-summaries/2026-09-28-combined-model/charts/textbook-tts.csv","textbook72|k64|T0.8|lean_and_ndverify"
"robbie-combined-pipeline:c005","c005 inference=resample","9.56M","lean_seq","scratch","cap-6 train.jsonl 155k","6","tts-resample","mean(3)","textbook72","72","pass_at_k_frac","64","0.8","0.4605","lean_and_ndverify","","2026-09-29","copied","nd-rl:robbie-experiments:experiment-summaries/2026-09-28-combined-model/charts/textbook-tts.csv","textbook72|k64|T0.8|lean_and_ndverify"
"robbie-combined-pipeline:c005","c005 inference=resample, no repeats","9.56M","lean_seq","scratch","cap-6 train.jsonl 155k","6","tts-resample, no repeats","mean(3)","textbook72","72","pass_at_k_frac","64","0.8","0.4874","lean_and_ndverify","","2026-09-29","copied","nd-rl:robbie-experiments:experiment-summaries/2026-09-28-combined-model/charts/textbook-tts.csv","textbook72|k64|T0.8|lean_and_ndverify"
"robbie-factorial:lean-best-ei","factorial lean-best-ei (pre=186 recipe, rl=harness EI 4x1500x32)","9.56M","lean_seq","scratch","cap-6 train.jsonl 155k","6","rl-harness-EI","0","textbook72","72","pass_at_k_expected_solved","64","0.8","18.139","lean_and_ndverify","robbie harness judge (fork sample Lean gate 51604b3 then nd_verify); max_new 512","2026-09-29","recomputed","nd-rl:robbie-experiments:experiment-summaries/2026-09-28-combined-model/charts/passk.csv","textbook72|k64|T0.8|lean_and_ndverify"
"robbie-factorial:lean-best-ei","factorial lean-best-ei (pre=186 recipe, rl=harness EI 4x1500x32)","9.56M","lean_seq","scratch","cap-6 train.jsonl 155k","6","rl-harness-EI","1","textbook72","72","pass_at_k_expected_solved","64","0.8","18.93","lean_and_ndverify","robbie harness judge (fork sample Lean gate 51604b3 then nd_verify); max_new 512","2026-09-29","recomputed","nd-rl:robbie-experiments:experiment-summaries/2026-09-28-combined-model/charts/passk.csv","textbook72|k64|T0.8|lean_and_ndverify"
"robbie-factorial:lean-best-ei","factorial lean-best-ei (pre=186 recipe, rl=harness EI 4x1500x32)","9.56M","lean_seq","scratch","cap-6 train.jsonl 155k","6","rl-harness-EI","2","textbook72","72","pass_at_k_expected_solved","64","0.8","18.257","lean_and_ndverify","robbie harness judge (fork sample Lean gate 51604b3 then nd_verify); max_new 512","2026-09-29","recomputed","nd-rl:robbie-experiments:experiment-summaries/2026-09-28-combined-model/charts/passk.csv","textbook72|k64|T0.8|lean_and_ndverify"
"robbie-factorial:lean-best-leon","factorial lean-best-leon (pre=186 recipe, rl=c005 Leon EI+guided)","9.56M","lean_seq","scratch","cap-6 train.jsonl 155k","6","rl-leon-c005","0","textbook72","72","pass_at_k_expected_solved","64","0.8","30.131","lean_and_ndverify","robbie harness judge (fork sample Lean gate 51604b3 then nd_verify); max_new 512","2026-09-29","recomputed","nd-rl:robbie-experiments:experiment-summaries/2026-09-28-combined-model/charts/passk.csv","textbook72|k64|T0.8|lean_and_ndverify"
"robbie-factorial:lean-best-leon","factorial lean-best-leon (pre=186 recipe, rl=c005 Leon EI+guided)","9.56M","lean_seq","scratch","cap-6 train.jsonl 155k","6","rl-leon-c005","1","textbook72","72","pass_at_k_expected_solved","64","0.8","28.447","lean_and_ndverify","robbie harness judge (fork sample Lean gate 51604b3 then nd_verify); max_new 512","2026-09-29","recomputed","nd-rl:robbie-experiments:experiment-summaries/2026-09-28-combined-model/charts/passk.csv","textbook72|k64|T0.8|lean_and_ndverify"
"robbie-factorial:lean-best-leon","factorial lean-best-leon (pre=186 recipe, rl=c005 Leon EI+guided)","9.56M","lean_seq","scratch","cap-6 train.jsonl 155k","6","rl-leon-c005","2","textbook72","72","pass_at_k_expected_solved","64","0.8","30.131","lean_and_ndverify","robbie harness judge (fork sample Lean gate 51604b3 then nd_verify); max_new 512","2026-09-29","recomputed","nd-rl:robbie-experiments:experiment-summaries/2026-09-28-combined-model/charts/passk.csv","textbook72|k64|T0.8|lean_and_ndverify"
"robbie-factorial:lean-naive-ei","factorial lean-naive-ei (pre=012 baseline, rl=harness EI 4x1500x32)","","lean_seq","scratch","cap-6 train.jsonl 155k","6","rl-harness-EI","0","textbook72","72","pass_at_k_expected_solved","64","0.8","7.824","lean_and_ndverify","robbie harness judge (fork sample Lean gate 51604b3 then nd_verify); max_new 512","2026-09-29","recomputed","nd-rl:robbie-experiments:experiment-summaries/2026-09-28-combined-model/charts/passk.csv","textbook72|k64|T0.8|lean_and_ndverify"
"robbie-factorial:lean-naive-ei","factorial lean-naive-ei (pre=012 baseline, rl=harness EI 4x1500x32)","","lean_seq","scratch","cap-6 train.jsonl 155k","6","rl-harness-EI","1","textbook72","72","pass_at_k_expected_solved","64","0.8","6.0","lean_and_ndverify","robbie harness judge (fork sample Lean gate 51604b3 then nd_verify); max_new 512","2026-09-29","recomputed","nd-rl:robbie-experiments:experiment-summaries/2026-09-28-combined-model/charts/passk.csv","textbook72|k64|T0.8|lean_and_ndverify"
"robbie-factorial:lean-naive-ei","factorial lean-naive-ei (pre=012 baseline, rl=harness EI 4x1500x32)","","lean_seq","scratch","cap-6 train.jsonl 155k","6","rl-harness-EI","2","textbook72","72","pass_at_k_expected_solved","64","0.8","8.882","lean_and_ndverify","robbie harness judge (fork sample Lean gate 51604b3 then nd_verify); max_new 512","2026-09-29","recomputed","nd-rl:robbie-experiments:experiment-summaries/2026-09-28-combined-model/charts/passk.csv","textbook72|k64|T0.8|lean_and_ndverify"
"robbie-factorial:lean-naive-leon","factorial lean-naive-leon (pre=012 baseline, rl=c005 Leon EI+guided)","","lean_seq","scratch","cap-6 train.jsonl 155k","6","rl-leon-c005","0","textbook72","72","pass_at_k_expected_solved","64","0.8","8.956","lean_and_ndverify","robbie harness judge (fork sample Lean gate 51604b3 then nd_verify); max_new 512","2026-09-29","recomputed","nd-rl:robbie-experiments:experiment-summaries/2026-09-28-combined-model/charts/passk.csv","textbook72|k64|T0.8|lean_and_ndverify"
"robbie-factorial:lean-naive-leon","factorial lean-naive-leon (pre=012 baseline, rl=c005 Leon EI+guided)","","lean_seq","scratch","cap-6 train.jsonl 155k","6","rl-leon-c005","1","textbook72","72","pass_at_k_expected_solved","64","0.8","8.825","lean_and_ndverify","robbie harness judge (fork sample Lean gate 51604b3 then nd_verify); max_new 512","2026-09-29","recomputed","nd-rl:robbie-experiments:experiment-summaries/2026-09-28-combined-model/charts/passk.csv","textbook72|k64|T0.8|lean_and_ndverify"
"robbie-factorial:lean-naive-leon","factorial lean-naive-leon (pre=012 baseline, rl=c005 Leon EI+guided)","","lean_seq","scratch","cap-6 train.jsonl 155k","6","rl-leon-c005","2","textbook72","72","pass_at_k_expected_solved","64","0.8","8.895","lean_and_ndverify","robbie harness judge (fork sample Lean gate 51604b3 then nd_verify); max_new 512","2026-09-29","recomputed","nd-rl:robbie-experiments:experiment-summaries/2026-09-28-combined-model/charts/passk.csv","textbook72|k64|T0.8|lean_and_ndverify"
"best-9.56M-cap12","la_T1_best12_s0_r8","9.56M","lean_staten","scratch","K12 155k","12","T1","0","textbook72","72","pass_at_k_expected_solved","64","0.8","49.77","lean_only","fork lean_judge (Lean 4.34 alone); state_eval in-env sampling, max_action 512 max_steps 96; seed 0; best-state read, batch 2048","2026-10-01","recomputed","hf://buckets/dan-pandori/nd-rl/best-state/artifacts/bs/eval/T1_best12_s0__tb72.jsonl","textbook72|k64|T0.8|lean_only"
"best-9.56M-cap12","la_T1_best12_s1_r8","9.56M","lean_staten","scratch","K12 155k","12","T1","1","textbook72","72","pass_at_k_expected_solved","64","0.8","46.492","lean_only","fork lean_judge (Lean 4.34 alone); state_eval in-env sampling, max_action 512 max_steps 96; seed 0; best-state read, batch 2048","2026-10-01","recomputed","hf://buckets/dan-pandori/nd-rl/best-state/artifacts/bs/eval/T1_best12_s1__tb72.jsonl","textbook72|k64|T0.8|lean_only"
"best-9.56M-cap12","la_T1_best12_s2_r8","9.56M","lean_staten","scratch","K12 155k","12","T1","2","textbook72","72","pass_at_k_expected_solved","64","0.8","50.009","lean_only","fork lean_judge (Lean 4.34 alone); state_eval in-env sampling, max_action 512 max_steps 96; seed 0; best-state read, batch 2048","2026-10-01","recomputed","hf://buckets/dan-pandori/nd-rl/best-state/artifacts/bs/eval/T1_best12_s2__tb72.jsonl","textbook72|k64|T0.8|lean_only"
"best-9.56M-cap12","stage1_best12_s0_b1200","9.56M","lean_staten","scratch","K12 155k","12","frozen","0","textbook72","72","pass_at_k_expected_solved","64","0.8","26.522","lean_only","fork lean_judge (Lean 4.34 alone); state_eval in-env sampling, max_action 512 max_steps 96; seed 0; best-state read, batch 2048","2026-09-30","recomputed","hf://buckets/dan-pandori/nd-rl/best-state/artifacts/bs/eval/Fz_best12_s0__tb72.jsonl","textbook72|k64|T0.8|lean_only"
"best-9.56M-cap12","stage1_best12_s1_b1200","9.56M","lean_staten","scratch","K12 155k","12","frozen","1","textbook72","72","pass_at_k_expected_solved","64","0.8","24.311","lean_only","fork lean_judge (Lean 4.34 alone); state_eval in-env sampling, max_action 512 max_steps 96; seed 0; best-state read, batch 2048","2026-09-30","recomputed","hf://buckets/dan-pandori/nd-rl/best-state/artifacts/bs/eval/Fz_best12_s1__tb72.jsonl","textbook72|k64|T0.8|lean_only"
"best-9.56M-cap12","stage1_best12_s2_b1200","9.56M","lean_staten","scratch","K12 155k","12","frozen","2","textbook72","72","pass_at_k_expected_solved","64","0.8","24.462","lean_only","fork lean_judge (Lean 4.34 alone); state_eval in-env sampling, max_action 512 max_steps 96; seed 0; best-state read, batch 2048","2026-09-30","recomputed","hf://buckets/dan-pandori/nd-rl/best-state/artifacts/bs/eval/Fz_best12_s2__tb72.jsonl","textbook72|k64|T0.8|lean_only"
"best-9.56M-cap12-trajectory","la_T1_best12_s0_r8","9.56M","lean_staten","scratch","K12 155k","12","T1","0","textbook72","72","pass_at_k_expected_solved","64","0.8","45.145","lean_only","fork lean_judge (Lean 4.34 alone); state_eval in-env sampling, max_action 512 max_steps 96; seed 0; sample seed x0","2026-10-01","recomputed","hf://buckets/dan-pandori/nd-rl/trajectory/artifacts/tj/eval/s0_r8__tb72_x0.jsonl","textbook72|k64|T0.8|lean_only"
"best-9.56M-cap12-trajectory","la_T1_best12_s1_r8","9.56M","lean_staten","scratch","K12 155k","12","T1","1","textbook72","72","pass_at_k_expected_solved","64","0.8","44.461","lean_only","fork lean_judge (Lean 4.34 alone); state_eval in-env sampling, max_action 512 max_steps 96; seed 0; sample seed x0","2026-10-01","recomputed","hf://buckets/dan-pandori/nd-rl/trajectory/artifacts/tj/eval/s1_r8__tb72_x0.jsonl","textbook72|k64|T0.8|lean_only"
"best-9.56M-cap12-trajectory","la_T1_best12_s2_r8","9.56M","lean_staten","scratch","K12 155k","12","T1","2","textbook72","72","pass_at_k_expected_solved","64","0.8","51.846","lean_only","fork lean_judge (Lean 4.34 alone); state_eval in-env sampling, max_action 512 max_steps 96; seed 0; sample seed x0","2026-10-01","recomputed","hf://buckets/dan-pandori/nd-rl/trajectory/artifacts/tj/eval/s2_r8__tb72_x0.jsonl","textbook72|k64|T0.8|lean_only"
"best-9.56M-cap12-trajectory","la_T1_best12_s0_p12000 r8","9.56M","lean_staten","scratch","K12 155k","12","T1-from-p12000","0","textbook72","72","pass_at_k_expected_solved","64","0.8","41.103","lean_only","fork lean_judge (Lean 4.34 alone); state_eval in-env sampling, max_action 512 max_steps 96; seed 1; sample seed x1","2026-10-02","recomputed","hf://buckets/dan-pandori/nd-rl/rl-from-ckpt/artifacts/rfc/eval/s0_p12000_r8__tb72_x1.jsonl","textbook72|k64|T0.8|lean_only"
"best-9.56M-cap12-trajectory","la_T1_best12_s1_p12000 r8","9.56M","lean_staten","scratch","K12 155k","12","T1-from-p12000","1","textbook72","72","pass_at_k_expected_solved","64","0.8","43.498","lean_only","fork lean_judge (Lean 4.34 alone); state_eval in-env sampling, max_action 512 max_steps 96; seed 1; sample seed x1","2026-10-02","recomputed","hf://buckets/dan-pandori/nd-rl/rl-from-ckpt/artifacts/rfc/eval/s1_p12000_r8__tb72_x1.jsonl","textbook72|k64|T0.8|lean_only"
"best-9.56M-cap12-trajectory","la_T1_best12_s2_p12000 r8","9.56M","lean_staten","scratch","K12 155k","12","T1-from-p12000","2","textbook72","72","pass_at_k_expected_solved","64","0.8","42.955","lean_only","fork lean_judge (Lean 4.34 alone); state_eval in-env sampling, max_action 512 max_steps 96; seed 1; sample seed x1","2026-10-02","recomputed","hf://buckets/dan-pandori/nd-rl/rl-from-ckpt/artifacts/rfc/eval/s2_p12000_r8__tb72_x1.jsonl","textbook72|k64|T0.8|lean_only"
"best-9.56M-cap12-trajectory","la_T1_best12_s0_p1600 r8","9.56M","lean_staten","scratch","K12 155k","12","T1-from-p1600","0","textbook72","72","pass_at_k_expected_solved","64","0.8","34.842","lean_only","fork lean_judge (Lean 4.34 alone); state_eval in-env sampling, max_action 512 max_steps 96; seed 1; sample seed x1","2026-10-02","recomputed","hf://buckets/dan-pandori/nd-rl/rl-from-ckpt/artifacts/rfc/eval/s0_p1600_r8__tb72_x1.jsonl","textbook72|k64|T0.8|lean_only"
"best-9.56M-cap12-trajectory","la_T1_best12_s1_p1600 r8","9.56M","lean_staten","scratch","K12 155k","12","T1-from-p1600","1","textbook72","72","pass_at_k_expected_solved","64","0.8","29.954","lean_only","fork lean_judge (Lean 4.34 alone); state_eval in-env sampling, max_action 512 max_steps 96; seed 1; sample seed x1","2026-10-02","recomputed","hf://buckets/dan-pandori/nd-rl/rl-from-ckpt/artifacts/rfc/eval/s1_p1600_r8__tb72_x1.jsonl","textbook72|k64|T0.8|lean_only"
"best-9.56M-cap12-trajectory","la_T1_best12_s2_p1600 r8","9.56M","lean_staten","scratch","K12 155k","12","T1-from-p1600","2","textbook72","72","pass_at_k_expected_solved","64","0.8","33.334","lean_only","fork lean_judge (Lean 4.34 alone); state_eval in-env sampling, max_action 512 max_steps 96; seed 1; sample seed x1","2026-10-02","recomputed","hf://buckets/dan-pandori/nd-rl/rl-from-ckpt/artifacts/rfc/eval/s2_p1600_r8__tb72_x1.jsonl","textbook72|k64|T0.8|lean_only"
"best-9.56M-cap12-trajectory","la_T1_best12_s0_p16000 r8","9.56M","lean_staten","scratch","K12 155k","12","T1-from-p16000","0","textbook72","72","pass_at_k_expected_solved","64","0.8","46.037","lean_only","fork lean_judge (Lean 4.34 alone); state_eval in-env sampling, max_action 512 max_steps 96; seed 1; sample seed x1","2026-10-02","recomputed","hf://buckets/dan-pandori/nd-rl/rl-from-ckpt/artifacts/rfc/eval/s0_p16000_r8__tb72_x1.jsonl","textbook72|k64|T0.8|lean_only"
"best-9.56M-cap12-trajectory","la_T1_best12_s1_p16000 r8","9.56M","lean_staten","scratch","K12 155k","12","T1-from-p16000","1","textbook72","72","pass_at_k_expected_solved","64","0.8","41.872","lean_only","fork lean_judge (Lean 4.34 alone); state_eval in-env sampling, max_action 512 max_steps 96; seed 1; sample seed x1","2026-10-02","recomputed","hf://buckets/dan-pandori/nd-rl/rl-from-ckpt/artifacts/rfc/eval/s1_p16000_r8__tb72_x1.jsonl","textbook72|k64|T0.8|lean_only"
"best-9.56M-cap12-trajectory","la_T1_best12_s2_p16000 r8","9.56M","lean_staten","scratch","K12 155k","12","T1-from-p16000","2","textbook72","72","pass_at_k_expected_solved","64","0.8","47.611","lean_only","fork lean_judge (Lean 4.34 alone); state_eval in-env sampling, max_action 512 max_steps 96; seed 1; sample seed x1","2026-10-02","recomputed","hf://buckets/dan-pandori/nd-rl/rl-from-ckpt/artifacts/rfc/eval/s2_p16000_r8__tb72_x1.jsonl","textbook72|k64|T0.8|lean_only"
"best-9.56M-cap12-trajectory","la_T1_best12_s0_p5000 r8","9.56M","lean_staten","scratch","K12 155k","12","T1-from-p5000","0","textbook72","72","pass_at_k_expected_solved","64","0.8","43.18","lean_only","fork lean_judge (Lean 4.34 alone); state_eval in-env sampling, max_action 512 max_steps 96; seed 1; sample seed x1","2026-10-02","recomputed","hf://buckets/dan-pandori/nd-rl/rl-from-ckpt/artifacts/rfc/eval/s0_p5000_r8__tb72_x1.jsonl","textbook72|k64|T0.8|lean_only"
"best-9.56M-cap12-trajectory","la_T1_best12_s1_p5000 r8","9.56M","lean_staten","scratch","K12 155k","12","T1-from-p5000","1","textbook72","72","pass_at_k_expected_solved","64","0.8","40.105","lean_only","fork lean_judge (Lean 4.34 alone); state_eval in-env sampling, max_action 512 max_steps 96; seed 1; sample seed x1","2026-10-02","recomputed","hf://buckets/dan-pandori/nd-rl/rl-from-ckpt/artifacts/rfc/eval/s1_p5000_r8__tb72_x1.jsonl","textbook72|k64|T0.8|lean_only"
"best-9.56M-cap12-trajectory","la_T1_best12_s2_p5000 r8","9.56M","lean_staten","scratch","K12 155k","12","T1-from-p5000","2","textbook72","72","pass_at_k_expected_solved","64","0.8","43.252","lean_only","fork lean_judge (Lean 4.34 alone); state_eval in-env sampling, max_action 512 max_steps 96; seed 1; sample seed x1","2026-10-02","recomputed","hf://buckets/dan-pandori/nd-rl/rl-from-ckpt/artifacts/rfc/eval/s2_p5000_r8__tb72_x1.jsonl","textbook72|k64|T0.8|lean_only"
"best-9.56M-cap12-trajectory","stage1_best12_s0_p0","9.56M","lean_staten","scratch","K12 155k","12","frozen@p0","0","textbook72","72","pass_at_k_expected_solved","64","0.8","0.0","lean_only","fork lean_judge (Lean 4.34 alone); state_eval in-env sampling, max_action 512 max_steps 96; seed 0; sample seed x0","","recomputed","hf://buckets/dan-pandori/nd-rl/trajectory/artifacts/tj/eval/s0_p0__tb72_x0.jsonl","textbook72|k64|T0.8|lean_only"
"best-9.56M-cap12-trajectory","stage1_best12_s1_p0","9.56M","lean_staten","scratch","K12 155k","12","frozen@p0","1","textbook72","72","pass_at_k_expected_solved","64","0.8","0.0","lean_only","fork lean_judge (Lean 4.34 alone); state_eval in-env sampling, max_action 512 max_steps 96; seed 0; sample seed x0","","recomputed","hf://buckets/dan-pandori/nd-rl/trajectory/artifacts/tj/eval/s1_p0__tb72_x0.jsonl","textbook72|k64|T0.8|lean_only"
"best-9.56M-cap12-trajectory","stage1_best12_s2_p0","9.56M","lean_staten","scratch","K12 155k","12","frozen@p0","2","textbook72","72","pass_at_k_expected_solved","64","0.8","0.0","lean_only","fork lean_judge (Lean 4.34 alone); state_eval in-env sampling, max_action 512 max_steps 96; seed 0; sample seed x0","","recomputed","hf://buckets/dan-pandori/nd-rl/trajectory/artifacts/tj/eval/s2_p0__tb72_x0.jsonl","textbook72|k64|T0.8|lean_only"
"best-9.56M-cap12-trajectory","stage1_best12_s0_p100","9.56M","lean_staten","scratch","K12 155k","12","frozen@p100","0","textbook72","72","pass_at_k_expected_solved","64","0.8","0.0","lean_only","fork lean_judge (Lean 4.34 alone); state_eval in-env sampling, max_action 512 max_steps 96; seed 0; sample seed x0","","recomputed","hf://buckets/dan-pandori/nd-rl/trajectory/artifacts/tj/eval/s0_p100__tb72_x0.jsonl","textbook72|k64|T0.8|lean_only"
"best-9.56M-cap12-trajectory","stage1_best12_s1_p100","9.56M","lean_staten","scratch","K12 155k","12","frozen@p100","1","textbook72","72","pass_at_k_expected_solved","64","0.8","0.0","lean_only","fork lean_judge (Lean 4.34 alone); state_eval in-env sampling, max_action 512 max_steps 96; seed 0; sample seed x0","","recomputed","hf://buckets/dan-pandori/nd-rl/trajectory/artifacts/tj/eval/s1_p100__tb72_x0.jsonl","textbook72|k64|T0.8|lean_only"
"best-9.56M-cap12-trajectory","stage1_best12_s2_p100","9.56M","lean_staten","scratch","K12 155k","12","frozen@p100","2","textbook72","72","pass_at_k_expected_solved","64","0.8","0.0","lean_only","fork lean_judge (Lean 4.34 alone); state_eval in-env sampling, max_action 512 max_steps 96; seed 0; sample seed x0","","recomputed","hf://buckets/dan-pandori/nd-rl/trajectory/artifacts/tj/eval/s2_p100__tb72_x0.jsonl","textbook72|k64|T0.8|lean_only"
"best-9.56M-cap12-trajectory","stage1_best12_s0_p12000","9.56M","lean_staten","scratch","K12 155k","12","frozen@p12000","0","textbook72","72","pass_at_k_expected_solved","64","0.8","20.239","lean_only","fork lean_judge (Lean 4.34 alone); state_eval in-env sampling, max_action 512 max_steps 96; seed 0; sample seed x0","","recomputed","hf://buckets/dan-pandori/nd-rl/trajectory/artifacts/tj/eval/s0_p12000__tb72_x0.jsonl","textbook72|k64|T0.8|lean_only"
"best-9.56M-cap12-trajectory","stage1_best12_s1_p12000","9.56M","lean_staten","scratch","K12 155k","12","frozen@p12000","1","textbook72","72","pass_at_k_expected_solved","64","0.8","17.484","lean_only","fork lean_judge (Lean 4.34 alone); state_eval in-env sampling, max_action 512 max_steps 96; seed 0; sample seed x0","","recomputed","hf://buckets/dan-pandori/nd-rl/trajectory/artifacts/tj/eval/s1_p12000__tb72_x0.jsonl","textbook72|k64|T0.8|lean_only"
"best-9.56M-cap12-trajectory","stage1_best12_s2_p12000","9.56M","lean_staten","scratch","K12 155k","12","frozen@p12000","2","textbook72","72","pass_at_k_expected_solved","64","0.8","17.329","lean_only","fork lean_judge (Lean 4.34 alone); state_eval in-env sampling, max_action 512 max_steps 96; seed 0; sample seed x0","","recomputed","hf://buckets/dan-pandori/nd-rl/trajectory/artifacts/tj/eval/s2_p12000__tb72_x0.jsonl","textbook72|k64|T0.8|lean_only"
"best-9.56M-cap12-trajectory","stage1_best12_s0_p1600","9.56M","lean_staten","scratch","K12 155k","12","frozen@p1600","0","textbook72","72","pass_at_k_expected_solved","64","0.8","10.255","lean_only","fork lean_judge (Lean 4.34 alone); state_eval in-env sampling, max_action 512 max_steps 96; seed 0; sample seed x0","","recomputed","hf://buckets/dan-pandori/nd-rl/trajectory/artifacts/tj/eval/s0_p1600__tb72_x0.jsonl","textbook72|k64|T0.8|lean_only"
"best-9.56M-cap12-trajectory","stage1_best12_s1_p1600","9.56M","lean_staten","scratch","K12 155k","12","frozen@p1600","1","textbook72","72","pass_at_k_expected_solved","64","0.8","10.142","lean_only","fork lean_judge (Lean 4.34 alone); state_eval in-env sampling, max_action 512 max_steps 96; seed 0; sample seed x0","","recomputed","hf://buckets/dan-pandori/nd-rl/trajectory/artifacts/tj/eval/s1_p1600__tb72_x0.jsonl","textbook72|k64|T0.8|lean_only"
"best-9.56M-cap12-trajectory","stage1_best12_s2_p1600","9.56M","lean_staten","scratch","K12 155k","12","frozen@p1600","2","textbook72","72","pass_at_k_expected_solved","64","0.8","11.465","lean_only","fork lean_judge (Lean 4.34 alone); state_eval in-env sampling, max_action 512 max_steps 96; seed 0; sample seed x0","","recomputed","hf://buckets/dan-pandori/nd-rl/trajectory/artifacts/tj/eval/s2_p1600__tb72_x0.jsonl","textbook72|k64|T0.8|lean_only"
"best-9.56M-cap12-trajectory","stage1_best12_s0_p16000","9.56M","lean_staten","scratch","K12 155k","12","frozen@p16000","0","textbook72","72","pass_at_k_expected_solved","64","0.8","23.457","lean_only","fork lean_judge (Lean 4.34 alone); state_eval in-env sampling, max_action 512 max_steps 96; seed 0; sample seed x0","2026-10-01","recomputed","hf://buckets/dan-pandori/nd-rl/trajectory/artifacts/tj/eval/s0_p16000__tb72_x0.jsonl","textbook72|k64|T0.8|lean_only"
"best-9.56M-cap12-trajectory","stage1_best12_s1_p16000","9.56M","lean_staten","scratch","K12 155k","12","frozen@p16000","1","textbook72","72","pass_at_k_expected_solved","64","0.8","25.631","lean_only","fork lean_judge (Lean 4.34 alone); state_eval in-env sampling, max_action 512 max_steps 96; seed 0; sample seed x0","","recomputed","hf://buckets/dan-pandori/nd-rl/trajectory/artifacts/tj/eval/s1_p16000__tb72_x0.jsonl","textbook72|k64|T0.8|lean_only"
"best-9.56M-cap12-trajectory","stage1_best12_s2_p16000","9.56M","lean_staten","scratch","K12 155k","12","frozen@p16000","2","textbook72","72","pass_at_k_expected_solved","64","0.8","24.195","lean_only","fork lean_judge (Lean 4.34 alone); state_eval in-env sampling, max_action 512 max_steps 96; seed 0; sample seed x0","","recomputed","hf://buckets/dan-pandori/nd-rl/trajectory/artifacts/tj/eval/s2_p16000__tb72_x0.jsonl","textbook72|k64|T0.8|lean_only"
"best-9.56M-cap12-trajectory","stage1_best12_s0_p200","9.56M","lean_staten","scratch","K12 155k","12","frozen@p200","0","textbook72","72","pass_at_k_expected_solved","64","0.8","0.826","lean_only","fork lean_judge (Lean 4.34 alone); state_eval in-env sampling, max_action 512 max_steps 96; seed 0; sample seed x0","","recomputed","hf://buckets/dan-pandori/nd-rl/trajectory/artifacts/tj/eval/s0_p200__tb72_x0.jsonl","textbook72|k64|T0.8|lean_only"
"best-9.56M-cap12-trajectory","stage1_best12_s1_p200","9.56M","lean_staten","scratch","K12 155k","12","frozen@p200","1","textbook72","72","pass_at_k_expected_solved","64","0.8","1.696","lean_only","fork lean_judge (Lean 4.34 alone); state_eval in-env sampling, max_action 512 max_steps 96; seed 0; sample seed x0","","recomputed","hf://buckets/dan-pandori/nd-rl/trajectory/artifacts/tj/eval/s1_p200__tb72_x0.jsonl","textbook72|k64|T0.8|lean_only"
"best-9.56M-cap12-trajectory","stage1_best12_s2_p200","9.56M","lean_staten","scratch","K12 155k","12","frozen@p200","2","textbook72","72","pass_at_k_expected_solved","64","0.8","0.5","lean_only","fork lean_judge (Lean 4.34 alone); state_eval in-env sampling, max_action 512 max_steps 96; seed 0; sample seed x0","","recomputed","hf://buckets/dan-pandori/nd-rl/trajectory/artifacts/tj/eval/s2_p200__tb72_x0.jsonl","textbook72|k64|T0.8|lean_only"
"best-9.56M-cap12-trajectory","stage1_best12_s0_p20000","9.56M","lean_staten","scratch","K12 155k","12","frozen@p20000","0","textbook72","72","pass_at_k_expected_solved","64","0.8","25.56","lean_only","fork lean_judge (Lean 4.34 alone); state_eval in-env sampling, max_action 512 max_steps 96; seed 0; sample seed x0","","recomputed","hf://buckets/dan-pandori/nd-rl/trajectory/artifacts/tj/eval/s0_p20000__tb72_x0.jsonl","textbook72|k64|T0.8|lean_only"
"best-9.56M-cap12-trajectory","stage1_best12_s1_p20000","9.56M","lean_staten","scratch","K12 155k","12","frozen@p20000","1","textbook72","72","pass_at_k_expected_solved","64","0.8","24.403","lean_only","fork lean_judge (Lean 4.34 alone); state_eval in-env sampling, max_action 512 max_steps 96; seed 0; sample seed x0","","recomputed","hf://buckets/dan-pandori/nd-rl/trajectory/artifacts/tj/eval/s1_p20000__tb72_x0.jsonl","textbook72|k64|T0.8|lean_only"
"best-9.56M-cap12-trajectory","stage1_best12_s2_p20000","9.56M","lean_staten","scratch","K12 155k","12","frozen@p20000","2","textbook72","72","pass_at_k_expected_solved","64","0.8","22.881","lean_only","fork lean_judge (Lean 4.34 alone); state_eval in-env sampling, max_action 512 max_steps 96; seed 0; sample seed x0","","recomputed","hf://buckets/dan-pandori/nd-rl/trajectory/artifacts/tj/eval/s2_p20000__tb72_x0.jsonl","textbook72|k64|T0.8|lean_only"
"best-9.56M-cap12-trajectory","stage1_best12_s0_p3000","9.56M","lean_staten","scratch","K12 155k","12","frozen@p3000","0","textbook72","72","pass_at_k_expected_solved","64","0.8","12.956","lean_only","fork lean_judge (Lean 4.34 alone); state_eval in-env sampling, max_action 512 max_steps 96; seed 0; sample seed x0","","recomputed","hf://buckets/dan-pandori/nd-rl/trajectory/artifacts/tj/eval/s0_p3000__tb72_x0.jsonl","textbook72|k64|T0.8|lean_only"
"best-9.56M-cap12-trajectory","stage1_best12_s1_p3000","9.56M","lean_staten","scratch","K12 155k","12","frozen@p3000","1","textbook72","72","pass_at_k_expected_solved","64","0.8","11.311","lean_only","fork lean_judge (Lean 4.34 alone); state_eval in-env sampling, max_action 512 max_steps 96; seed 0; sample seed x0","","recomputed","hf://buckets/dan-pandori/nd-rl/trajectory/artifacts/tj/eval/s1_p3000__tb72_x0.jsonl","textbook72|k64|T0.8|lean_only"
"best-9.56M-cap12-trajectory","stage1_best12_s2_p3000","9.56M","lean_staten","scratch","K12 155k","12","frozen@p3000","2","textbook72","72","pass_at_k_expected_solved","64","0.8","14.277","lean_only","fork lean_judge (Lean 4.34 alone); state_eval in-env sampling, max_action 512 max_steps 96; seed 0; sample seed x0","","recomputed","hf://buckets/dan-pandori/nd-rl/trajectory/artifacts/tj/eval/s2_p3000__tb72_x0.jsonl","textbook72|k64|T0.8|lean_only"
"best-9.56M-cap12-trajectory","stage1_best12_s0_p400","9.56M","lean_staten","scratch","K12 155k","12","frozen@p400","0","textbook72","72","pass_at_k_expected_solved","64","0.8","5.836","lean_only","fork lean_judge (Lean 4.34 alone); state_eval in-env sampling, max_action 512 max_steps 96; seed 0; sample seed x0","","recomputed","hf://buckets/dan-pandori/nd-rl/trajectory/artifacts/tj/eval/s0_p400__tb72_x0.jsonl","textbook72|k64|T0.8|lean_only"
"best-9.56M-cap12-trajectory","stage1_best12_s1_p400","9.56M","lean_staten","scratch","K12 155k","12","frozen@p400","1","textbook72","72","pass_at_k_expected_solved","64","0.8","8.106","lean_only","fork lean_judge (Lean 4.34 alone); state_eval in-env sampling, max_action 512 max_steps 96; seed 0; sample seed x0","","recomputed","hf://buckets/dan-pandori/nd-rl/trajectory/artifacts/tj/eval/s1_p400__tb72_x0.jsonl","textbook72|k64|T0.8|lean_only"
"best-9.56M-cap12-trajectory","stage1_best12_s2_p400","9.56M","lean_staten","scratch","K12 155k","12","frozen@p400","2","textbook72","72","pass_at_k_expected_solved","64","0.8","5.443","lean_only","fork lean_judge (Lean 4.34 alone); state_eval in-env sampling, max_action 512 max_steps 96; seed 0; sample seed x0","","recomputed","hf://buckets/dan-pandori/nd-rl/trajectory/artifacts/tj/eval/s2_p400__tb72_x0.jsonl","textbook72|k64|T0.8|lean_only"
"best-9.56M-cap12-trajectory","stage1_best12_s0_p50","9.56M","lean_staten","scratch","K12 155k","12","frozen@p50","0","textbook72","72","pass_at_k_expected_solved","64","0.8","0.0","lean_only","fork lean_judge (Lean 4.34 alone); state_eval in-env sampling, max_action 512 max_steps 96; seed 0; sample seed x0","","recomputed","hf://buckets/dan-pandori/nd-rl/trajectory/artifacts/tj/eval/s0_p50__tb72_x0.jsonl","textbook72|k64|T0.8|lean_only"
"best-9.56M-cap12-trajectory","stage1_best12_s1_p50","9.56M","lean_staten","scratch","K12 155k","12","frozen@p50","1","textbook72","72","pass_at_k_expected_solved","64","0.8","0.0","lean_only","fork lean_judge (Lean 4.34 alone); state_eval in-env sampling, max_action 512 max_steps 96; seed 0; sample seed x0","","recomputed","hf://buckets/dan-pandori/nd-rl/trajectory/artifacts/tj/eval/s1_p50__tb72_x0.jsonl","textbook72|k64|T0.8|lean_only"
"best-9.56M-cap12-trajectory","stage1_best12_s2_p50","9.56M","lean_staten","scratch","K12 155k","12","frozen@p50","2","textbook72","72","pass_at_k_expected_solved","64","0.8","0.0","lean_only","fork lean_judge (Lean 4.34 alone); state_eval in-env sampling, max_action 512 max_steps 96; seed 0; sample seed x0","","recomputed","hf://buckets/dan-pandori/nd-rl/trajectory/artifacts/tj/eval/s2_p50__tb72_x0.jsonl","textbook72|k64|T0.8|lean_only"
"best-9.56M-cap12-trajectory","stage1_best12_s0_p5000","9.56M","lean_staten","scratch","K12 155k","12","frozen@p5000","0","textbook72","72","pass_at_k_expected_solved","64","0.8","15.628","lean_only","fork lean_judge (Lean 4.34 alone); state_eval in-env sampling, max_action 512 max_steps 96; seed 0; sample seed x0","","recomputed","hf://buckets/dan-pandori/nd-rl/trajectory/artifacts/tj/eval/s0_p5000__tb72_x0.jsonl","textbook72|k64|T0.8|lean_only"
"best-9.56M-cap12-trajectory","stage1_best12_s1_p5000","9.56M","lean_staten","scratch","K12 155k","12","frozen@p5000","1","textbook72","72","pass_at_k_expected_solved","64","0.8","16.522","lean_only","fork lean_judge (Lean 4.34 alone); state_eval in-env sampling, max_action 512 max_steps 96; seed 0; sample seed x0","","recomputed","hf://buckets/dan-pandori/nd-rl/trajectory/artifacts/tj/eval/s1_p5000__tb72_x0.jsonl","textbook72|k64|T0.8|lean_only"
"best-9.56M-cap12-trajectory","stage1_best12_s2_p5000","9.56M","lean_staten","scratch","K12 155k","12","frozen@p5000","2","textbook72","72","pass_at_k_expected_solved","64","0.8","15.258","lean_only","fork lean_judge (Lean 4.34 alone); state_eval in-env sampling, max_action 512 max_steps 96; seed 0; sample seed x0","","recomputed","hf://buckets/dan-pandori/nd-rl/trajectory/artifacts/tj/eval/s2_p5000__tb72_x0.jsonl","textbook72|k64|T0.8|lean_only"
"best-9.56M-cap12-trajectory","stage1_best12_s0_p800","9.56M","lean_staten","scratch","K12 155k","12","frozen@p800","0","textbook72","72","pass_at_k_expected_solved","64","0.8","8.628","lean_only","fork lean_judge (Lean 4.34 alone); state_eval in-env sampling, max_action 512 max_steps 96; seed 0; sample seed x0","","recomputed","hf://buckets/dan-pandori/nd-rl/trajectory/artifacts/tj/eval/s0_p800__tb72_x0.jsonl","textbook72|k64|T0.8|lean_only"
"best-9.56M-cap12-trajectory","stage1_best12_s1_p800","9.56M","lean_staten","scratch","K12 155k","12","frozen@p800","1","textbook72","72","pass_at_k_expected_solved","64","0.8","8.67","lean_only","fork lean_judge (Lean 4.34 alone); state_eval in-env sampling, max_action 512 max_steps 96; seed 0; sample seed x0","","recomputed","hf://buckets/dan-pandori/nd-rl/trajectory/artifacts/tj/eval/s1_p800__tb72_x0.jsonl","textbook72|k64|T0.8|lean_only"
"best-9.56M-cap12-trajectory","stage1_best12_s2_p800","9.56M","lean_staten","scratch","K12 155k","12","frozen@p800","2","textbook72","72","pass_at_k_expected_solved","64","0.8","8.38","lean_only","fork lean_judge (Lean 4.34 alone); state_eval in-env sampling, max_action 512 max_steps 96; seed 0; sample seed x0","","recomputed","hf://buckets/dan-pandori/nd-rl/trajectory/artifacts/tj/eval/s2_p800__tb72_x0.jsonl","textbook72|k64|T0.8|lean_only"
"best-9.56M-cap12-trajectory","stage1_best12_s0_p8000","9.56M","lean_staten","scratch","K12 155k","12","frozen@p8000","0","textbook72","72","pass_at_k_expected_solved","64","0.8","18.453","lean_only","fork lean_judge (Lean 4.34 alone); state_eval in-env sampling, max_action 512 max_steps 96; seed 0; sample seed x0","","recomputed","hf://buckets/dan-pandori/nd-rl/trajectory/artifacts/tj/eval/s0_p8000__tb72_x0.jsonl","textbook72|k64|T0.8|lean_only"
"best-9.56M-cap12-trajectory","stage1_best12_s1_p8000","9.56M","lean_staten","scratch","K12 155k","12","frozen@p8000","1","textbook72","72","pass_at_k_expected_solved","64","0.8","18.077","lean_only","fork lean_judge (Lean 4.34 alone); state_eval in-env sampling, max_action 512 max_steps 96; seed 0; sample seed x0","","recomputed","hf://buckets/dan-pandori/nd-rl/trajectory/artifacts/tj/eval/s1_p8000__tb72_x0.jsonl","textbook72|k64|T0.8|lean_only"
"best-9.56M-cap12-trajectory","stage1_best12_s2_p8000","9.56M","lean_staten","scratch","K12 155k","12","frozen@p8000","2","textbook72","72","pass_at_k_expected_solved","64","0.8","18.129","lean_only","fork lean_judge (Lean 4.34 alone); state_eval in-env sampling, max_action 512 max_steps 96; seed 0; sample seed x0","","recomputed","hf://buckets/dan-pandori/nd-rl/trajectory/artifacts/tj/eval/s2_p8000__tb72_x0.jsonl","textbook72|k64|T0.8|lean_only"
"best-9.56M-cap12-trajectory","stage1_best12_s0_pend","9.56M","lean_staten","scratch","K12 155k","12","frozen@pend","0","textbook72","72","pass_at_k_expected_solved","64","0.8","28.175","lean_only","fork lean_judge (Lean 4.34 alone); state_eval in-env sampling, max_action 512 max_steps 96; seed 0; sample seed x0","2026-10-01","recomputed","hf://buckets/dan-pandori/nd-rl/trajectory/artifacts/tj/eval/s0_pend__tb72_x0.jsonl","textbook72|k64|T0.8|lean_only"
"best-9.56M-cap12-trajectory","stage1_best12_s1_pend","9.56M","lean_staten","scratch","K12 155k","12","frozen@pend","1","textbook72","72","pass_at_k_expected_solved","64","0.8","26.031","lean_only","fork lean_judge (Lean 4.34 alone); state_eval in-env sampling, max_action 512 max_steps 96; seed 0; sample seed x0","2026-10-01","recomputed","hf://buckets/dan-pandori/nd-rl/trajectory/artifacts/tj/eval/s1_pend__tb72_x0.jsonl","textbook72|k64|T0.8|lean_only"
"best-9.56M-cap12-trajectory","stage1_best12_s2_pend","9.56M","lean_staten","scratch","K12 155k","12","frozen@pend","2","textbook72","72","pass_at_k_expected_solved","64","0.8","31.884","lean_only","fork lean_judge (Lean 4.34 alone); state_eval in-env sampling, max_action 512 max_steps 96; seed 0; sample seed x0","2026-10-01","recomputed","hf://buckets/dan-pandori/nd-rl/trajectory/artifacts/tj/eval/s2_pend__tb72_x0.jsonl","textbook72|k64|T0.8|lean_only"
"best-9.56M-cap12-trajectory","rc_best12_s0_p12000 r8","9.56M","lean_staten","scratch","K12 155k","12","replay-only-from-p12000","0","textbook72","72","pass_at_k_expected_solved","64","0.8","32.929","lean_only","fork lean_judge (Lean 4.34 alone); state_eval in-env sampling, max_action 512 max_steps 96; seed 1; sample seed x1","2026-10-02","recomputed","hf://buckets/dan-pandori/nd-rl/rl-from-ckpt/artifacts/rfc/eval/c0_p12000_r8__tb72_x1.jsonl","textbook72|k64|T0.8|lean_only"
"best-9.56M-cap12-trajectory","rc_best12_s1_p12000 r8","9.56M","lean_staten","scratch","K12 155k","12","replay-only-from-p12000","1","textbook72","72","pass_at_k_expected_solved","64","0.8","31.882","lean_only","fork lean_judge (Lean 4.34 alone); state_eval in-env sampling, max_action 512 max_steps 96; seed 1; sample seed x1","2026-10-02","recomputed","hf://buckets/dan-pandori/nd-rl/rl-from-ckpt/artifacts/rfc/eval/c1_p12000_r8__tb72_x1.jsonl","textbook72|k64|T0.8|lean_only"
"best-9.56M-cap12-trajectory","rc_best12_s2_p12000 r8","9.56M","lean_staten","scratch","K12 155k","12","replay-only-from-p12000","2","textbook72","72","pass_at_k_expected_solved","64","0.8","34.211","lean_only","fork lean_judge (Lean 4.34 alone); state_eval in-env sampling, max_action 512 max_steps 96; seed 1; sample seed x1","2026-10-02","recomputed","hf://buckets/dan-pandori/nd-rl/rl-from-ckpt/artifacts/rfc/eval/c2_p12000_r8__tb72_x1.jsonl","textbook72|k64|T0.8|lean_only"
"best-9.56M-cap12-trajectory","rc_best12_s0_p1600 r8","9.56M","lean_staten","scratch","K12 155k","12","replay-only-from-p1600","0","textbook72","72","pass_at_k_expected_solved","64","0.8","29.3","lean_only","fork lean_judge (Lean 4.34 alone); state_eval in-env sampling, max_action 512 max_steps 96; seed 1; sample seed x1","2026-10-02","recomputed","hf://buckets/dan-pandori/nd-rl/rl-from-ckpt/artifacts/rfc/eval/c0_p1600_r8__tb72_x1.jsonl","textbook72|k64|T0.8|lean_only"
"best-9.56M-cap12-trajectory","rc_best12_s1_p1600 r8","9.56M","lean_staten","scratch","K12 155k","12","replay-only-from-p1600","1","textbook72","72","pass_at_k_expected_solved","64","0.8","24.553","lean_only","fork lean_judge (Lean 4.34 alone); state_eval in-env sampling, max_action 512 max_steps 96; seed 1; sample seed x1","2026-10-02","recomputed","hf://buckets/dan-pandori/nd-rl/rl-from-ckpt/artifacts/rfc/eval/c1_p1600_r8__tb72_x1.jsonl","textbook72|k64|T0.8|lean_only"
"best-9.56M-cap12-trajectory","rc_best12_s2_p1600 r8","9.56M","lean_staten","scratch","K12 155k","12","replay-only-from-p1600","2","textbook72","72","pass_at_k_expected_solved","64","0.8","28.158","lean_only","fork lean_judge (Lean 4.34 alone); state_eval in-env sampling, max_action 512 max_steps 96; seed 1; sample seed x1","2026-10-02","recomputed","hf://buckets/dan-pandori/nd-rl/rl-from-ckpt/artifacts/rfc/eval/c2_p1600_r8__tb72_x1.jsonl","textbook72|k64|T0.8|lean_only"
"best-9.56M-cap12-trajectory","rc_best12_s0_p16000 r8","9.56M","lean_staten","scratch","K12 155k","12","replay-only-from-p16000","0","textbook72","72","pass_at_k_expected_solved","64","0.8","35.441","lean_only","fork lean_judge (Lean 4.34 alone); state_eval in-env sampling, max_action 512 max_steps 96; seed 1; sample seed x1","2026-10-02","recomputed","hf://buckets/dan-pandori/nd-rl/rl-from-ckpt/artifacts/rfc/eval/c0_p16000_r8__tb72_x1.jsonl","textbook72|k64|T0.8|lean_only"
"best-9.56M-cap12-trajectory","rc_best12_s1_p16000 r8","9.56M","lean_staten","scratch","K12 155k","12","replay-only-from-p16000","1","textbook72","72","pass_at_k_expected_solved","64","0.8","32.295","lean_only","fork lean_judge (Lean 4.34 alone); state_eval in-env sampling, max_action 512 max_steps 96; seed 1; sample seed x1","2026-10-02","recomputed","hf://buckets/dan-pandori/nd-rl/rl-from-ckpt/artifacts/rfc/eval/c1_p16000_r8__tb72_x1.jsonl","textbook72|k64|T0.8|lean_only"
"best-9.56M-cap12-trajectory","rc_best12_s2_p16000 r8","9.56M","lean_staten","scratch","K12 155k","12","replay-only-from-p16000","2","textbook72","72","pass_at_k_expected_solved","64","0.8","36.125","lean_only","fork lean_judge (Lean 4.34 alone); state_eval in-env sampling, max_action 512 max_steps 96; seed 1; sample seed x1","2026-10-02","recomputed","hf://buckets/dan-pandori/nd-rl/rl-from-ckpt/artifacts/rfc/eval/c2_p16000_r8__tb72_x1.jsonl","textbook72|k64|T0.8|lean_only"
"best-9.56M-cap12-trajectory","rc_best12_s0_p5000 r8","9.56M","lean_staten","scratch","K12 155k","12","replay-only-from-p5000","0","textbook72","72","pass_at_k_expected_solved","64","0.8","27.594","lean_only","fork lean_judge (Lean 4.34 alone); state_eval in-env sampling, max_action 512 max_steps 96; seed 1; sample seed x1","2026-10-02","recomputed","hf://buckets/dan-pandori/nd-rl/rl-from-ckpt/artifacts/rfc/eval/c0_p5000_r8__tb72_x1.jsonl","textbook72|k64|T0.8|lean_only"
"best-9.56M-cap12-trajectory","rc_best12_s1_p5000 r8","9.56M","lean_staten","scratch","K12 155k","12","replay-only-from-p5000","1","textbook72","72","pass_at_k_expected_solved","64","0.8","24.96","lean_only","fork lean_judge (Lean 4.34 alone); state_eval in-env sampling, max_action 512 max_steps 96; seed 1; sample seed x1","2026-10-02","recomputed","hf://buckets/dan-pandori/nd-rl/rl-from-ckpt/artifacts/rfc/eval/c1_p5000_r8__tb72_x1.jsonl","textbook72|k64|T0.8|lean_only"
"best-9.56M-cap12-trajectory","rc_best12_s2_p5000 r8","9.56M","lean_staten","scratch","K12 155k","12","replay-only-from-p5000","2","textbook72","72","pass_at_k_expected_solved","64","0.8","31.915","lean_only","fork lean_judge (Lean 4.34 alone); state_eval in-env sampling, max_action 512 max_steps 96; seed 1; sample seed x1","2026-10-02","recomputed","hf://buckets/dan-pandori/nd-rl/rl-from-ckpt/artifacts/rfc/eval/c2_p5000_r8__tb72_x1.jsonl","textbook72|k64|T0.8|lean_only"
"best-9.56M-cap12-trajectory","rc_best12_s0_pend r8","9.56M","lean_staten","scratch","K12 155k","12","replay-only-from-pend","0","textbook72","72","pass_at_k_expected_solved","64","0.8","34.044","lean_only","fork lean_judge (Lean 4.34 alone); state_eval in-env sampling, max_action 512 max_steps 96; seed 1; sample seed x1","2026-10-02","recomputed","hf://buckets/dan-pandori/nd-rl/rl-from-ckpt/artifacts/rfc/eval/c0_pend_r8__tb72_x1.jsonl","textbook72|k64|T0.8|lean_only"
"best-9.56M-cap12-trajectory","rc_best12_s1_pend r8","9.56M","lean_staten","scratch","K12 155k","12","replay-only-from-pend","1","textbook72","72","pass_at_k_expected_solved","64","0.8","29.803","lean_only","fork lean_judge (Lean 4.34 alone); state_eval in-env sampling, max_action 512 max_steps 96; seed 1; sample seed x1","2026-10-02","recomputed","hf://buckets/dan-pandori/nd-rl/rl-from-ckpt/artifacts/rfc/eval/c1_pend_r8__tb72_x1.jsonl","textbook72|k64|T0.8|lean_only"
"best-9.56M-cap12-trajectory","rc_best12_s2_pend r8","9.56M","lean_staten","scratch","K12 155k","12","replay-only-from-pend","2","textbook72","72","pass_at_k_expected_solved","64","0.8","32.608","lean_only","fork lean_judge (Lean 4.34 alone); state_eval in-env sampling, max_action 512 max_steps 96; seed 1; sample seed x1","2026-10-02","recomputed","hf://buckets/dan-pandori/nd-rl/rl-from-ckpt/artifacts/rfc/eval/c2_pend_r8__tb72_x1.jsonl","textbook72|k64|T0.8|lean_only"
"best-9.56M-cap12-trajectory","la_T1_best12_s0_r1","9.56M","lean_staten","scratch","K12 155k","12","rl1","0","textbook72","72","pass_at_k_expected_solved","64","0.8","37.279","lean_only","fork lean_judge (Lean 4.34 alone); state_eval in-env sampling, max_action 512 max_steps 96; seed 0; sample seed x0","2026-10-01","recomputed","hf://buckets/dan-pandori/nd-rl/trajectory/artifacts/tj/eval/s0_r1__tb72_x0.jsonl","textbook72|k64|T0.8|lean_only"
"best-9.56M-cap12-trajectory","la_T1_best12_s1_r1","9.56M","lean_staten","scratch","K12 155k","12","rl1","1","textbook72","72","pass_at_k_expected_solved","64","0.8","36.441","lean_only","fork lean_judge (Lean 4.34 alone); state_eval in-env sampling, max_action 512 max_steps 96; seed 0; sample seed x0","2026-10-01","recomputed","hf://buckets/dan-pandori/nd-rl/trajectory/artifacts/tj/eval/s1_r1__tb72_x0.jsonl","textbook72|k64|T0.8|lean_only"
"best-9.56M-cap12-trajectory","la_T1_best12_s2_r1","9.56M","lean_staten","scratch","K12 155k","12","rl1","2","textbook72","72","pass_at_k_expected_solved","64","0.8","44.175","lean_only","fork lean_judge (Lean 4.34 alone); state_eval in-env sampling, max_action 512 max_steps 96; seed 0; sample seed x0","","recomputed","hf://buckets/dan-pandori/nd-rl/trajectory/artifacts/tj/eval/s2_r1__tb72_x0.jsonl","textbook72|k64|T0.8|lean_only"
"best-9.56M-cap12-trajectory","la_T1_best12_s0_r2","9.56M","lean_staten","scratch","K12 155k","12","rl2","0","textbook72","72","pass_at_k_expected_solved","64","0.8","39.667","lean_only","fork lean_judge (Lean 4.34 alone); state_eval in-env sampling, max_action 512 max_steps 96; seed 0; sample seed x0","2026-10-01","recomputed","hf://buckets/dan-pandori/nd-rl/trajectory/artifacts/tj/eval/s0_r2__tb72_x0.jsonl","textbook72|k64|T0.8|lean_only"
"best-9.56M-cap12-trajectory","la_T1_best12_s1_r2","9.56M","lean_staten","scratch","K12 155k","12","rl2","1","textbook72","72","pass_at_k_expected_solved","64","0.8","39.63","lean_only","fork lean_judge (Lean 4.34 alone); state_eval in-env sampling, max_action 512 max_steps 96; seed 0; sample seed x0","","recomputed","hf://buckets/dan-pandori/nd-rl/trajectory/artifacts/tj/eval/s1_r2__tb72_x0.jsonl","textbook72|k64|T0.8|lean_only"
"best-9.56M-cap12-trajectory","la_T1_best12_s2_r2","9.56M","lean_staten","scratch","K12 155k","12","rl2","2","textbook72","72","pass_at_k_expected_solved","64","0.8","46.943","lean_only","fork lean_judge (Lean 4.34 alone); state_eval in-env sampling, max_action 512 max_steps 96; seed 0; sample seed x0","","recomputed","hf://buckets/dan-pandori/nd-rl/trajectory/artifacts/tj/eval/s2_r2__tb72_x0.jsonl","textbook72|k64|T0.8|lean_only"
"best-9.56M-cap12-trajectory","la_T1_best12_s0_r3","9.56M","lean_staten","scratch","K12 155k","12","rl3","0","textbook72","72","pass_at_k_expected_solved","64","0.8","42.605","lean_only","fork lean_judge (Lean 4.34 alone); state_eval in-env sampling, max_action 512 max_steps 96; seed 0; sample seed x0","","recomputed","hf://buckets/dan-pandori/nd-rl/trajectory/artifacts/tj/eval/s0_r3__tb72_x0.jsonl","textbook72|k64|T0.8|lean_only"
"best-9.56M-cap12-trajectory","la_T1_best12_s1_r3","9.56M","lean_staten","scratch","K12 155k","12","rl3","1","textbook72","72","pass_at_k_expected_solved","64","0.8","40.707","lean_only","fork lean_judge (Lean 4.34 alone); state_eval in-env sampling, max_action 512 max_steps 96; seed 0; sample seed x0","","recomputed","hf://buckets/dan-pandori/nd-rl/trajectory/artifacts/tj/eval/s1_r3__tb72_x0.jsonl","textbook72|k64|T0.8|lean_only"
"best-9.56M-cap12-trajectory","la_T1_best12_s2_r3","9.56M","lean_staten","scratch","K12 155k","12","rl3","2","textbook72","72","pass_at_k_expected_solved","64","0.8","50.277","lean_only","fork lean_judge (Lean 4.34 alone); state_eval in-env sampling, max_action 512 max_steps 96; seed 0; sample seed x0","","recomputed","hf://buckets/dan-pandori/nd-rl/trajectory/artifacts/tj/eval/s2_r3__tb72_x0.jsonl","textbook72|k64|T0.8|lean_only"
"best-9.56M-cap12-trajectory","la_T1_best12_s0_r4","9.56M","lean_staten","scratch","K12 155k","12","rl4","0","textbook72","72","pass_at_k_expected_solved","64","0.8","44.189","lean_only","fork lean_judge (Lean 4.34 alone); state_eval in-env sampling, max_action 512 max_steps 96; seed 0; sample seed x0","","recomputed","hf://buckets/dan-pandori/nd-rl/trajectory/artifacts/tj/eval/s0_r4__tb72_x0.jsonl","textbook72|k64|T0.8|lean_only"
"best-9.56M-cap12-trajectory","la_T1_best12_s1_r4","9.56M","lean_staten","scratch","K12 155k","12","rl4","1","textbook72","72","pass_at_k_expected_solved","64","0.8","42.444","lean_only","fork lean_judge (Lean 4.34 alone); state_eval in-env sampling, max_action 512 max_steps 96; seed 0; sample seed x0","","recomputed","hf://buckets/dan-pandori/nd-rl/trajectory/artifacts/tj/eval/s1_r4__tb72_x0.jsonl","textbook72|k64|T0.8|lean_only"
"best-9.56M-cap12-trajectory","la_T1_best12_s2_r4","9.56M","lean_staten","scratch","K12 155k","12","rl4","2","textbook72","72","pass_at_k_expected_solved","64","0.8","51.197","lean_only","fork lean_judge (Lean 4.34 alone); state_eval in-env sampling, max_action 512 max_steps 96; seed 0; sample seed x0","","recomputed","hf://buckets/dan-pandori/nd-rl/trajectory/artifacts/tj/eval/s2_r4__tb72_x0.jsonl","textbook72|k64|T0.8|lean_only"
"best-9.56M-cap12-trajectory","la_T1_best12_s0_r5","9.56M","lean_staten","scratch","K12 155k","12","rl5","0","textbook72","72","pass_at_k_expected_solved","64","0.8","45.858","lean_only","fork lean_judge (Lean 4.34 alone); state_eval in-env sampling, max_action 512 max_steps 96; seed 0; sample seed x0","","recomputed","hf://buckets/dan-pandori/nd-rl/trajectory/artifacts/tj/eval/s0_r5__tb72_x0.jsonl","textbook72|k64|T0.8|lean_only"
"best-9.56M-cap12-trajectory","la_T1_best12_s1_r5","9.56M","lean_staten","scratch","K12 155k","12","rl5","1","textbook72","72","pass_at_k_expected_solved","64","0.8","42.312","lean_only","fork lean_judge (Lean 4.34 alone); state_eval in-env sampling, max_action 512 max_steps 96; seed 0; sample seed x0","","recomputed","hf://buckets/dan-pandori/nd-rl/trajectory/artifacts/tj/eval/s1_r5__tb72_x0.jsonl","textbook72|k64|T0.8|lean_only"
"best-9.56M-cap12-trajectory","la_T1_best12_s2_r5","9.56M","lean_staten","scratch","K12 155k","12","rl5","2","textbook72","72","pass_at_k_expected_solved","64","0.8","50.759","lean_only","fork lean_judge (Lean 4.34 alone); state_eval in-env sampling, max_action 512 max_steps 96; seed 0; sample seed x0","2026-10-01","recomputed","hf://buckets/dan-pandori/nd-rl/trajectory/artifacts/tj/eval/s2_r5__tb72_x0.jsonl","textbook72|k64|T0.8|lean_only"
"best-9.56M-cap12-trajectory","la_T1_best12_s0_r6","9.56M","lean_staten","scratch","K12 155k","12","rl6","0","textbook72","72","pass_at_k_expected_solved","64","0.8","46.856","lean_only","fork lean_judge (Lean 4.34 alone); state_eval in-env sampling, max_action 512 max_steps 96; seed 0; sample seed x0","","recomputed","hf://buckets/dan-pandori/nd-rl/trajectory/artifacts/tj/eval/s0_r6__tb72_x0.jsonl","textbook72|k64|T0.8|lean_only"
"best-9.56M-cap12-trajectory","la_T1_best12_s1_r6","9.56M","lean_staten","scratch","K12 155k","12","rl6","1","textbook72","72","pass_at_k_expected_solved","64","0.8","41.323","lean_only","fork lean_judge (Lean 4.34 alone); state_eval in-env sampling, max_action 512 max_steps 96; seed 0; sample seed x0","2026-10-01","recomputed","hf://buckets/dan-pandori/nd-rl/trajectory/artifacts/tj/eval/s1_r6__tb72_x0.jsonl","textbook72|k64|T0.8|lean_only"
"best-9.56M-cap12-trajectory","la_T1_best12_s2_r6","9.56M","lean_staten","scratch","K12 155k","12","rl6","2","textbook72","72","pass_at_k_expected_solved","64","0.8","52.177","lean_only","fork lean_judge (Lean 4.34 alone); state_eval in-env sampling, max_action 512 max_steps 96; seed 0; sample seed x0","2026-10-01","recomputed","hf://buckets/dan-pandori/nd-rl/trajectory/artifacts/tj/eval/s2_r6__tb72_x0.jsonl","textbook72|k64|T0.8|lean_only"
"best-9.56M-cap12-trajectory","la_T1_best12_s0_r7","9.56M","lean_staten","scratch","K12 155k","12","rl7","0","textbook72","72","pass_at_k_expected_solved","64","0.8","44.092","lean_only","fork lean_judge (Lean 4.34 alone); state_eval in-env sampling, max_action 512 max_steps 96; seed 0; sample seed x0","2026-10-01","recomputed","hf://buckets/dan-pandori/nd-rl/trajectory/artifacts/tj/eval/s0_r7__tb72_x0.jsonl","textbook72|k64|T0.8|lean_only"
"best-9.56M-cap12-trajectory","la_T1_best12_s1_r7","9.56M","lean_staten","scratch","K12 155k","12","rl7","1","textbook72","72","pass_at_k_expected_solved","64","0.8","45.159","lean_only","fork lean_judge (Lean 4.34 alone); state_eval in-env sampling, max_action 512 max_steps 96; seed 0; sample seed x0","2026-10-01","recomputed","hf://buckets/dan-pandori/nd-rl/trajectory/artifacts/tj/eval/s1_r7__tb72_x0.jsonl","textbook72|k64|T0.8|lean_only"
"best-9.56M-cap12-trajectory","la_T1_best12_s2_r7","9.56M","lean_staten","scratch","K12 155k","12","rl7","2","textbook72","72","pass_at_k_expected_solved","64","0.8","52.221","lean_only","fork lean_judge (Lean 4.34 alone); state_eval in-env sampling, max_action 512 max_steps 96; seed 0; sample seed x0","","recomputed","hf://buckets/dan-pandori/nd-rl/trajectory/artifacts/tj/eval/s2_r7__tb72_x0.jsonl","textbook72|k64|T0.8|lean_only"
"best-9.56M-cap6","la_T1_best6_s0_r8","9.56M","lean_staten","scratch","cap-6 control 155k","6","T1","0","textbook72","72","pass_at_k_expected_solved","64","0.8","36.415","lean_only","fork lean_judge (Lean 4.34 alone); state_eval in-env sampling, max_action 512 max_steps 96; seed 0; best-state read, batch 2048","2026-09-30","recomputed","hf://buckets/dan-pandori/nd-rl/best-state/artifacts/bs/eval/T1_best6_s0__tb72.jsonl","textbook72|k64|T0.8|lean_only"
"best-9.56M-cap6","la_T1_best6_s1_r8","9.56M","lean_staten","scratch","cap-6 control 155k","6","T1","1","textbook72","72","pass_at_k_expected_solved","64","0.8","37.544","lean_only","fork lean_judge (Lean 4.34 alone); state_eval in-env sampling, max_action 512 max_steps 96; seed 0; best-state read, batch 2048","2026-09-30","recomputed","hf://buckets/dan-pandori/nd-rl/best-state/artifacts/bs/eval/T1_best6_s1__tb72.jsonl","textbook72|k64|T0.8|lean_only"
"best-9.56M-cap6","la_T1_best6_s2_r8","9.56M","lean_staten","scratch","cap-6 control 155k","6","T1","2","textbook72","72","pass_at_k_expected_solved","64","0.8","30.298","lean_only","fork lean_judge (Lean 4.34 alone); state_eval in-env sampling, max_action 512 max_steps 96; seed 0; best-state read, batch 2048","2026-09-30","recomputed","hf://buckets/dan-pandori/nd-rl/best-state/artifacts/bs/eval/T1_best6_s2__tb72.jsonl","textbook72|k64|T0.8|lean_only"
"best-9.56M-cap6","stage1_best6_s0_b1200","9.56M","lean_staten","scratch","cap-6 control 155k","6","frozen","0","textbook72","72","pass_at_k_expected_solved","64","0.8","17.298","lean_only","fork lean_judge (Lean 4.34 alone); state_eval in-env sampling, max_action 512 max_steps 96; seed 0; best-state read, batch 2048","2026-09-30","recomputed","hf://buckets/dan-pandori/nd-rl/best-state/artifacts/bs/eval/Fz_best6_s0__tb72.jsonl","textbook72|k64|T0.8|lean_only"
"best-9.56M-cap6","stage1_best6_s1_b1200","9.56M","lean_staten","scratch","cap-6 control 155k","6","frozen","1","textbook72","72","pass_at_k_expected_solved","64","0.8","16.016","lean_only","fork lean_judge (Lean 4.34 alone); state_eval in-env sampling, max_action 512 max_steps 96; seed 0; best-state read, batch 2048","2026-09-30","recomputed","hf://buckets/dan-pandori/nd-rl/best-state/artifacts/bs/eval/Fz_best6_s1__tb72.jsonl","textbook72|k64|T0.8|lean_only"
"best-9.56M-cap6","stage1_best6_s2_b1200","9.56M","lean_staten","scratch","cap-6 control 155k","6","frozen","2","textbook72","72","pass_at_k_expected_solved","64","0.8","17.533","lean_only","fork lean_judge (Lean 4.34 alone); state_eval in-env sampling, max_action 512 max_steps 96; seed 0; best-state read, batch 2048","2026-09-30","recomputed","hf://buckets/dan-pandori/nd-rl/best-state/artifacts/bs/eval/Fz_best6_s2__tb72.jsonl","textbook72|k64|T0.8|lean_only"
"best-9.56M-cap6-trajectory","la_T1_best6_s0_r8","9.56M","lean_staten","scratch","cap-6 control 155k","6","T1","0","textbook72","72","pass_at_k_expected_solved","64","0.8","38.994","lean_only","fork lean_judge (Lean 4.34 alone); state_eval in-env sampling, max_action 512 max_steps 96; seed 0; sample seed x0","","recomputed","hf://buckets/dan-pandori/nd-rl/trajectory-cap6/artifacts/tj6/eval/s0_r8__tb72_x0.jsonl","textbook72|k64|T0.8|lean_only"
"best-9.56M-cap6-trajectory","la_T1_best6_s1_r8","9.56M","lean_staten","scratch","cap-6 control 155k","6","T1","1","textbook72","72","pass_at_k_expected_solved","64","0.8","39.583","lean_only","fork lean_judge (Lean 4.34 alone); state_eval in-env sampling, max_action 512 max_steps 96; seed 0; sample seed x0","","recomputed","hf://buckets/dan-pandori/nd-rl/trajectory-cap6/artifacts/tj6/eval/s1_r8__tb72_x0.jsonl","textbook72|k64|T0.8|lean_only"
"best-9.56M-cap6-trajectory","la_T1_best6_s2_r8","9.56M","lean_staten","scratch","cap-6 control 155k","6","T1","2","textbook72","72","pass_at_k_expected_solved","64","0.8","36.953","lean_only","fork lean_judge (Lean 4.34 alone); state_eval in-env sampling, max_action 512 max_steps 96; seed 0; sample seed x0","","recomputed","hf://buckets/dan-pandori/nd-rl/trajectory-cap6/artifacts/tj6/eval/s2_r8__tb72_x0.jsonl","textbook72|k64|T0.8|lean_only"
"best-9.56M-cap6-trajectory","stage1_best6_s0_p0","9.56M","lean_staten","scratch","cap-6 control 155k","6","frozen@p0","0","textbook72","72","pass_at_k_expected_solved","64","0.8","0.0","lean_only","fork lean_judge (Lean 4.34 alone); state_eval in-env sampling, max_action 512 max_steps 96; seed 0; sample seed x0","","recomputed","hf://buckets/dan-pandori/nd-rl/trajectory-cap6/artifacts/tj6/eval/s0_p0__tb72_x0.jsonl","textbook72|k64|T0.8|lean_only"
"best-9.56M-cap6-trajectory","stage1_best6_s1_p0","9.56M","lean_staten","scratch","cap-6 control 155k","6","frozen@p0","1","textbook72","72","pass_at_k_expected_solved","64","0.8","0.0","lean_only","fork lean_judge (Lean 4.34 alone); state_eval in-env sampling, max_action 512 max_steps 96; seed 0; sample seed x0","","recomputed","hf://buckets/dan-pandori/nd-rl/trajectory-cap6/artifacts/tj6/eval/s1_p0__tb72_x0.jsonl","textbook72|k64|T0.8|lean_only"
"best-9.56M-cap6-trajectory","stage1_best6_s2_p0","9.56M","lean_staten","scratch","cap-6 control 155k","6","frozen@p0","2","textbook72","72","pass_at_k_expected_solved","64","0.8","0.0","lean_only","fork lean_judge (Lean 4.34 alone); state_eval in-env sampling, max_action 512 max_steps 96; seed 0; sample seed x0","","recomputed","hf://buckets/dan-pandori/nd-rl/trajectory-cap6/artifacts/tj6/eval/s2_p0__tb72_x0.jsonl","textbook72|k64|T0.8|lean_only"
"best-9.56M-cap6-trajectory","stage1_best6_s0_p100","9.56M","lean_staten","scratch","cap-6 control 155k","6","frozen@p100","0","textbook72","72","pass_at_k_expected_solved","64","0.8","0.0","lean_only","fork lean_judge (Lean 4.34 alone); state_eval in-env sampling, max_action 512 max_steps 96; seed 0; sample seed x0","","recomputed","hf://buckets/dan-pandori/nd-rl/trajectory-cap6/artifacts/tj6/eval/s0_p100__tb72_x0.jsonl","textbook72|k64|T0.8|lean_only"
"best-9.56M-cap6-trajectory","stage1_best6_s1_p100","9.56M","lean_staten","scratch","cap-6 control 155k","6","frozen@p100","1","textbook72","72","pass_at_k_expected_solved","64","0.8","0.0","lean_only","fork lean_judge (Lean 4.34 alone); state_eval in-env sampling, max_action 512 max_steps 96; seed 0; sample seed x0","","recomputed","hf://buckets/dan-pandori/nd-rl/trajectory-cap6/artifacts/tj6/eval/s1_p100__tb72_x0.jsonl","textbook72|k64|T0.8|lean_only"
"best-9.56M-cap6-trajectory","stage1_best6_s2_p100","9.56M","lean_staten","scratch","cap-6 control 155k","6","frozen@p100","2","textbook72","72","pass_at_k_expected_solved","64","0.8","0.0","lean_only","fork lean_judge (Lean 4.34 alone); state_eval in-env sampling, max_action 512 max_steps 96; seed 0; sample seed x0","","recomputed","hf://buckets/dan-pandori/nd-rl/trajectory-cap6/artifacts/tj6/eval/s2_p100__tb72_x0.jsonl","textbook72|k64|T0.8|lean_only"
"best-9.56M-cap6-trajectory","stage1_best6_s0_p12000","9.56M","lean_staten","scratch","cap-6 control 155k","6","frozen@p12000","0","textbook72","72","pass_at_k_expected_solved","64","0.8","8.075","lean_only","fork lean_judge (Lean 4.34 alone); state_eval in-env sampling, max_action 512 max_steps 96; seed 0; sample seed x0","","recomputed","hf://buckets/dan-pandori/nd-rl/trajectory-cap6/artifacts/tj6/eval/s0_p12000__tb72_x0.jsonl","textbook72|k64|T0.8|lean_only"
"best-9.56M-cap6-trajectory","stage1_best6_s1_p12000","9.56M","lean_staten","scratch","cap-6 control 155k","6","frozen@p12000","1","textbook72","72","pass_at_k_expected_solved","64","0.8","14.205","lean_only","fork lean_judge (Lean 4.34 alone); state_eval in-env sampling, max_action 512 max_steps 96; seed 0; sample seed x0","","recomputed","hf://buckets/dan-pandori/nd-rl/trajectory-cap6/artifacts/tj6/eval/s1_p12000__tb72_x0.jsonl","textbook72|k64|T0.8|lean_only"
"best-9.56M-cap6-trajectory","stage1_best6_s2_p12000","9.56M","lean_staten","scratch","cap-6 control 155k","6","frozen@p12000","2","textbook72","72","pass_at_k_expected_solved","64","0.8","15.682","lean_only","fork lean_judge (Lean 4.34 alone); state_eval in-env sampling, max_action 512 max_steps 96; seed 0; sample seed x0","","recomputed","hf://buckets/dan-pandori/nd-rl/trajectory-cap6/artifacts/tj6/eval/s2_p12000__tb72_x0.jsonl","textbook72|k64|T0.8|lean_only"
"best-9.56M-cap6-trajectory","stage1_best6_s0_p1600","9.56M","lean_staten","scratch","cap-6 control 155k","6","frozen@p1600","0","textbook72","72","pass_at_k_expected_solved","64","0.8","6.438","lean_only","fork lean_judge (Lean 4.34 alone); state_eval in-env sampling, max_action 512 max_steps 96; seed 0; sample seed x0","","recomputed","hf://buckets/dan-pandori/nd-rl/trajectory-cap6/artifacts/tj6/eval/s0_p1600__tb72_x0.jsonl","textbook72|k64|T0.8|lean_only"
"best-9.56M-cap6-trajectory","stage1_best6_s1_p1600","9.56M","lean_staten","scratch","cap-6 control 155k","6","frozen@p1600","1","textbook72","72","pass_at_k_expected_solved","64","0.8","10.24","lean_only","fork lean_judge (Lean 4.34 alone); state_eval in-env sampling, max_action 512 max_steps 96; seed 0; sample seed x0","","recomputed","hf://buckets/dan-pandori/nd-rl/trajectory-cap6/artifacts/tj6/eval/s1_p1600__tb72_x0.jsonl","textbook72|k64|T0.8|lean_only"
"best-9.56M-cap6-trajectory","stage1_best6_s2_p1600","9.56M","lean_staten","scratch","cap-6 control 155k","6","frozen@p1600","2","textbook72","72","pass_at_k_expected_solved","64","0.8","7.0","lean_only","fork lean_judge (Lean 4.34 alone); state_eval in-env sampling, max_action 512 max_steps 96; seed 0; sample seed x0","","recomputed","hf://buckets/dan-pandori/nd-rl/trajectory-cap6/artifacts/tj6/eval/s2_p1600__tb72_x0.jsonl","textbook72|k64|T0.8|lean_only"
"best-9.56M-cap6-trajectory","stage1_best6_s0_p16000","9.56M","lean_staten","scratch","cap-6 control 155k","6","frozen@p16000","0","textbook72","72","pass_at_k_expected_solved","64","0.8","15.668","lean_only","fork lean_judge (Lean 4.34 alone); state_eval in-env sampling, max_action 512 max_steps 96; seed 0; sample seed x0","","recomputed","hf://buckets/dan-pandori/nd-rl/trajectory-cap6/artifacts/tj6/eval/s0_p16000__tb72_x0.jsonl","textbook72|k64|T0.8|lean_only"
"best-9.56M-cap6-trajectory","stage1_best6_s1_p16000","9.56M","lean_staten","scratch","cap-6 control 155k","6","frozen@p16000","1","textbook72","72","pass_at_k_expected_solved","64","0.8","14.686","lean_only","fork lean_judge (Lean 4.34 alone); state_eval in-env sampling, max_action 512 max_steps 96; seed 0; sample seed x0","","recomputed","hf://buckets/dan-pandori/nd-rl/trajectory-cap6/artifacts/tj6/eval/s1_p16000__tb72_x0.jsonl","textbook72|k64|T0.8|lean_only"
"best-9.56M-cap6-trajectory","stage1_best6_s2_p16000","9.56M","lean_staten","scratch","cap-6 control 155k","6","frozen@p16000","2","textbook72","72","pass_at_k_expected_solved","64","0.8","11.326","lean_only","fork lean_judge (Lean 4.34 alone); state_eval in-env sampling, max_action 512 max_steps 96; seed 0; sample seed x0","","recomputed","hf://buckets/dan-pandori/nd-rl/trajectory-cap6/artifacts/tj6/eval/s2_p16000__tb72_x0.jsonl","textbook72|k64|T0.8|lean_only"
"best-9.56M-cap6-trajectory","stage1_best6_s0_p200","9.56M","lean_staten","scratch","cap-6 control 155k","6","frozen@p200","0","textbook72","72","pass_at_k_expected_solved","64","0.8","0.686","lean_only","fork lean_judge (Lean 4.34 alone); state_eval in-env sampling, max_action 512 max_steps 96; seed 0; sample seed x0","","recomputed","hf://buckets/dan-pandori/nd-rl/trajectory-cap6/artifacts/tj6/eval/s0_p200__tb72_x0.jsonl","textbook72|k64|T0.8|lean_only"
"best-9.56M-cap6-trajectory","stage1_best6_s1_p200","9.56M","lean_staten","scratch","cap-6 control 155k","6","frozen@p200","1","textbook72","72","pass_at_k_expected_solved","64","0.8","0.58","lean_only","fork lean_judge (Lean 4.34 alone); state_eval in-env sampling, max_action 512 max_steps 96; seed 0; sample seed x0","","recomputed","hf://buckets/dan-pandori/nd-rl/trajectory-cap6/artifacts/tj6/eval/s1_p200__tb72_x0.jsonl","textbook72|k64|T0.8|lean_only"
"best-9.56M-cap6-trajectory","stage1_best6_s2_p200","9.56M","lean_staten","scratch","cap-6 control 155k","6","frozen@p200","2","textbook72","72","pass_at_k_expected_solved","64","0.8","2.888","lean_only","fork lean_judge (Lean 4.34 alone); state_eval in-env sampling, max_action 512 max_steps 96; seed 0; sample seed x0","","recomputed","hf://buckets/dan-pandori/nd-rl/trajectory-cap6/artifacts/tj6/eval/s2_p200__tb72_x0.jsonl","textbook72|k64|T0.8|lean_only"
"best-9.56M-cap6-trajectory","stage1_best6_s0_p20000","9.56M","lean_staten","scratch","cap-6 control 155k","6","frozen@p20000","0","textbook72","72","pass_at_k_expected_solved","64","0.8","19.078","lean_only","fork lean_judge (Lean 4.34 alone); state_eval in-env sampling, max_action 512 max_steps 96; seed 0; sample seed x0","","recomputed","hf://buckets/dan-pandori/nd-rl/trajectory-cap6/artifacts/tj6/eval/s0_p20000__tb72_x0.jsonl","textbook72|k64|T0.8|lean_only"
"best-9.56M-cap6-trajectory","stage1_best6_s1_p20000","9.56M","lean_staten","scratch","cap-6 control 155k","6","frozen@p20000","1","textbook72","72","pass_at_k_expected_solved","64","0.8","12.906","lean_only","fork lean_judge (Lean 4.34 alone); state_eval in-env sampling, max_action 512 max_steps 96; seed 0; sample seed x0","","recomputed","hf://buckets/dan-pandori/nd-rl/trajectory-cap6/artifacts/tj6/eval/s1_p20000__tb72_x0.jsonl","textbook72|k64|T0.8|lean_only"
"best-9.56M-cap6-trajectory","stage1_best6_s2_p20000","9.56M","lean_staten","scratch","cap-6 control 155k","6","frozen@p20000","2","textbook72","72","pass_at_k_expected_solved","64","0.8","14.499","lean_only","fork lean_judge (Lean 4.34 alone); state_eval in-env sampling, max_action 512 max_steps 96; seed 0; sample seed x0","","recomputed","hf://buckets/dan-pandori/nd-rl/trajectory-cap6/artifacts/tj6/eval/s2_p20000__tb72_x0.jsonl","textbook72|k64|T0.8|lean_only"
"best-9.56M-cap6-trajectory","stage1_best6_s0_p3000","9.56M","lean_staten","scratch","cap-6 control 155k","6","frozen@p3000","0","textbook72","72","pass_at_k_expected_solved","64","0.8","8.0","lean_only","fork lean_judge (Lean 4.34 alone); state_eval in-env sampling, max_action 512 max_steps 96; seed 0; sample seed x0","","recomputed","hf://buckets/dan-pandori/nd-rl/trajectory-cap6/artifacts/tj6/eval/s0_p3000__tb72_x0.jsonl","textbook72|k64|T0.8|lean_only"
"best-9.56M-cap6-trajectory","stage1_best6_s1_p3000","9.56M","lean_staten","scratch","cap-6 control 155k","6","frozen@p3000","1","textbook72","72","pass_at_k_expected_solved","64","0.8","7.946","lean_only","fork lean_judge (Lean 4.34 alone); state_eval in-env sampling, max_action 512 max_steps 96; seed 0; sample seed x0","","recomputed","hf://buckets/dan-pandori/nd-rl/trajectory-cap6/artifacts/tj6/eval/s1_p3000__tb72_x0.jsonl","textbook72|k64|T0.8|lean_only"
"best-9.56M-cap6-trajectory","stage1_best6_s2_p3000","9.56M","lean_staten","scratch","cap-6 control 155k","6","frozen@p3000","2","textbook72","72","pass_at_k_expected_solved","64","0.8","4.0","lean_only","fork lean_judge (Lean 4.34 alone); state_eval in-env sampling, max_action 512 max_steps 96; seed 0; sample seed x0","","recomputed","hf://buckets/dan-pandori/nd-rl/trajectory-cap6/artifacts/tj6/eval/s2_p3000__tb72_x0.jsonl","textbook72|k64|T0.8|lean_only"
"best-9.56M-cap6-trajectory","stage1_best6_s0_p400","9.56M","lean_staten","scratch","cap-6 control 155k","6","frozen@p400","0","textbook72","72","pass_at_k_expected_solved","64","0.8","5.348","lean_only","fork lean_judge (Lean 4.34 alone); state_eval in-env sampling, max_action 512 max_steps 96; seed 0; sample seed x0","","recomputed","hf://buckets/dan-pandori/nd-rl/trajectory-cap6/artifacts/tj6/eval/s0_p400__tb72_x0.jsonl","textbook72|k64|T0.8|lean_only"
"best-9.56M-cap6-trajectory","stage1_best6_s1_p400","9.56M","lean_staten","scratch","cap-6 control 155k","6","frozen@p400","1","textbook72","72","pass_at_k_expected_solved","64","0.8","5.347","lean_only","fork lean_judge (Lean 4.34 alone); state_eval in-env sampling, max_action 512 max_steps 96; seed 0; sample seed x0","","recomputed","hf://buckets/dan-pandori/nd-rl/trajectory-cap6/artifacts/tj6/eval/s1_p400__tb72_x0.jsonl","textbook72|k64|T0.8|lean_only"
"best-9.56M-cap6-trajectory","stage1_best6_s2_p400","9.56M","lean_staten","scratch","cap-6 control 155k","6","frozen@p400","2","textbook72","72","pass_at_k_expected_solved","64","0.8","5.306","lean_only","fork lean_judge (Lean 4.34 alone); state_eval in-env sampling, max_action 512 max_steps 96; seed 0; sample seed x0","","recomputed","hf://buckets/dan-pandori/nd-rl/trajectory-cap6/artifacts/tj6/eval/s2_p400__tb72_x0.jsonl","textbook72|k64|T0.8|lean_only"
"best-9.56M-cap6-trajectory","stage1_best6_s0_p50","9.56M","lean_staten","scratch","cap-6 control 155k","6","frozen@p50","0","textbook72","72","pass_at_k_expected_solved","64","0.8","0.0","lean_only","fork lean_judge (Lean 4.34 alone); state_eval in-env sampling, max_action 512 max_steps 96; seed 0; sample seed x0","","recomputed","hf://buckets/dan-pandori/nd-rl/trajectory-cap6/artifacts/tj6/eval/s0_p50__tb72_x0.jsonl","textbook72|k64|T0.8|lean_only"
"best-9.56M-cap6-trajectory","stage1_best6_s1_p50","9.56M","lean_staten","scratch","cap-6 control 155k","6","frozen@p50","1","textbook72","72","pass_at_k_expected_solved","64","0.8","0.0","lean_only","fork lean_judge (Lean 4.34 alone); state_eval in-env sampling, max_action 512 max_steps 96; seed 0; sample seed x0","","recomputed","hf://buckets/dan-pandori/nd-rl/trajectory-cap6/artifacts/tj6/eval/s1_p50__tb72_x0.jsonl","textbook72|k64|T0.8|lean_only"
"best-9.56M-cap6-trajectory","stage1_best6_s2_p50","9.56M","lean_staten","scratch","cap-6 control 155k","6","frozen@p50","2","textbook72","72","pass_at_k_expected_solved","64","0.8","0.0","lean_only","fork lean_judge (Lean 4.34 alone); state_eval in-env sampling, max_action 512 max_steps 96; seed 0; sample seed x0","","recomputed","hf://buckets/dan-pandori/nd-rl/trajectory-cap6/artifacts/tj6/eval/s2_p50__tb72_x0.jsonl","textbook72|k64|T0.8|lean_only"
"best-9.56M-cap6-trajectory","stage1_best6_s0_p5000","9.56M","lean_staten","scratch","cap-6 control 155k","6","frozen@p5000","0","textbook72","72","pass_at_k_expected_solved","64","0.8","8.0","lean_only","fork lean_judge (Lean 4.34 alone); state_eval in-env sampling, max_action 512 max_steps 96; seed 0; sample seed x0","","recomputed","hf://buckets/dan-pandori/nd-rl/trajectory-cap6/artifacts/tj6/eval/s0_p5000__tb72_x0.jsonl","textbook72|k64|T0.8|lean_only"
"best-9.56M-cap6-trajectory","stage1_best6_s1_p5000","9.56M","lean_staten","scratch","cap-6 control 155k","6","frozen@p5000","1","textbook72","72","pass_at_k_expected_solved","64","0.8","12.124","lean_only","fork lean_judge (Lean 4.34 alone); state_eval in-env sampling, max_action 512 max_steps 96; seed 0; sample seed x0","","recomputed","hf://buckets/dan-pandori/nd-rl/trajectory-cap6/artifacts/tj6/eval/s1_p5000__tb72_x0.jsonl","textbook72|k64|T0.8|lean_only"
"best-9.56M-cap6-trajectory","stage1_best6_s2_p5000","9.56M","lean_staten","scratch","cap-6 control 155k","6","frozen@p5000","2","textbook72","72","pass_at_k_expected_solved","64","0.8","12.541","lean_only","fork lean_judge (Lean 4.34 alone); state_eval in-env sampling, max_action 512 max_steps 96; seed 0; sample seed x0","","recomputed","hf://buckets/dan-pandori/nd-rl/trajectory-cap6/artifacts/tj6/eval/s2_p5000__tb72_x0.jsonl","textbook72|k64|T0.8|lean_only"
"best-9.56M-cap6-trajectory","stage1_best6_s0_p800","9.56M","lean_staten","scratch","cap-6 control 155k","6","frozen@p800","0","textbook72","72","pass_at_k_expected_solved","64","0.8","5.897","lean_only","fork lean_judge (Lean 4.34 alone); state_eval in-env sampling, max_action 512 max_steps 96; seed 0; sample seed x0","","recomputed","hf://buckets/dan-pandori/nd-rl/trajectory-cap6/artifacts/tj6/eval/s0_p800__tb72_x0.jsonl","textbook72|k64|T0.8|lean_only"
"best-9.56M-cap6-trajectory","stage1_best6_s1_p800","9.56M","lean_staten","scratch","cap-6 control 155k","6","frozen@p800","1","textbook72","72","pass_at_k_expected_solved","64","0.8","6.636","lean_only","fork lean_judge (Lean 4.34 alone); state_eval in-env sampling, max_action 512 max_steps 96; seed 0; sample seed x0","","recomputed","hf://buckets/dan-pandori/nd-rl/trajectory-cap6/artifacts/tj6/eval/s1_p800__tb72_x0.jsonl","textbook72|k64|T0.8|lean_only"
"best-9.56M-cap6-trajectory","stage1_best6_s2_p800","9.56M","lean_staten","scratch","cap-6 control 155k","6","frozen@p800","2","textbook72","72","pass_at_k_expected_solved","64","0.8","6.265","lean_only","fork lean_judge (Lean 4.34 alone); state_eval in-env sampling, max_action 512 max_steps 96; seed 0; sample seed x0","","recomputed","hf://buckets/dan-pandori/nd-rl/trajectory-cap6/artifacts/tj6/eval/s2_p800__tb72_x0.jsonl","textbook72|k64|T0.8|lean_only"
"best-9.56M-cap6-trajectory","stage1_best6_s0_p8000","9.56M","lean_staten","scratch","cap-6 control 155k","6","frozen@p8000","0","textbook72","72","pass_at_k_expected_solved","64","0.8","12.062","lean_only","fork lean_judge (Lean 4.34 alone); state_eval in-env sampling, max_action 512 max_steps 96; seed 0; sample seed x0","","recomputed","hf://buckets/dan-pandori/nd-rl/trajectory-cap6/artifacts/tj6/eval/s0_p8000__tb72_x0.jsonl","textbook72|k64|T0.8|lean_only"
"best-9.56M-cap6-trajectory","stage1_best6_s1_p8000","9.56M","lean_staten","scratch","cap-6 control 155k","6","frozen@p8000","1","textbook72","72","pass_at_k_expected_solved","64","0.8","11.166","lean_only","fork lean_judge (Lean 4.34 alone); state_eval in-env sampling, max_action 512 max_steps 96; seed 0; sample seed x0","","recomputed","hf://buckets/dan-pandori/nd-rl/trajectory-cap6/artifacts/tj6/eval/s1_p8000__tb72_x0.jsonl","textbook72|k64|T0.8|lean_only"
"best-9.56M-cap6-trajectory","stage1_best6_s2_p8000","9.56M","lean_staten","scratch","cap-6 control 155k","6","frozen@p8000","2","textbook72","72","pass_at_k_expected_solved","64","0.8","10.819","lean_only","fork lean_judge (Lean 4.34 alone); state_eval in-env sampling, max_action 512 max_steps 96; seed 0; sample seed x0","","recomputed","hf://buckets/dan-pandori/nd-rl/trajectory-cap6/artifacts/tj6/eval/s2_p8000__tb72_x0.jsonl","textbook72|k64|T0.8|lean_only"
"best-9.56M-cap6-trajectory","stage1_best6_s0_pend","9.56M","lean_staten","scratch","cap-6 control 155k","6","frozen@pend","0","textbook72","72","pass_at_k_expected_solved","64","0.8","14.939","lean_only","fork lean_judge (Lean 4.34 alone); state_eval in-env sampling, max_action 512 max_steps 96; seed 0; sample seed x0","","recomputed","hf://buckets/dan-pandori/nd-rl/trajectory-cap6/artifacts/tj6/eval/s0_pend__tb72_x0.jsonl","textbook72|k64|T0.8|lean_only"
"best-9.56M-cap6-trajectory","stage1_best6_s1_pend","9.56M","lean_staten","scratch","cap-6 control 155k","6","frozen@pend","1","textbook72","72","pass_at_k_expected_solved","64","0.8","12.093","lean_only","fork lean_judge (Lean 4.34 alone); state_eval in-env sampling, max_action 512 max_steps 96; seed 0; sample seed x0","","recomputed","hf://buckets/dan-pandori/nd-rl/trajectory-cap6/artifacts/tj6/eval/s1_pend__tb72_x0.jsonl","textbook72|k64|T0.8|lean_only"
"best-9.56M-cap6-trajectory","stage1_best6_s2_pend","9.56M","lean_staten","scratch","cap-6 control 155k","6","frozen@pend","2","textbook72","72","pass_at_k_expected_solved","64","0.8","14.792","lean_only","fork lean_judge (Lean 4.34 alone); state_eval in-env sampling, max_action 512 max_steps 96; seed 0; sample seed x0","","recomputed","hf://buckets/dan-pandori/nd-rl/trajectory-cap6/artifacts/tj6/eval/s2_pend__tb72_x0.jsonl","textbook72|k64|T0.8|lean_only"
"best-9.56M-cap6-trajectory","la_T1_best6_s0_r1","9.56M","lean_staten","scratch","cap-6 control 155k","6","rl1","0","textbook72","72","pass_at_k_expected_solved","64","0.8","25.797","lean_only","fork lean_judge (Lean 4.34 alone); state_eval in-env sampling, max_action 512 max_steps 96; seed 0; sample seed x0","","recomputed","hf://buckets/dan-pandori/nd-rl/trajectory-cap6/artifacts/tj6/eval/s0_r1__tb72_x0.jsonl","textbook72|k64|T0.8|lean_only"
"best-9.56M-cap6-trajectory","la_T1_best6_s1_r1","9.56M","lean_staten","scratch","cap-6 control 155k","6","rl1","1","textbook72","72","pass_at_k_expected_solved","64","0.8","25.261","lean_only","fork lean_judge (Lean 4.34 alone); state_eval in-env sampling, max_action 512 max_steps 96; seed 0; sample seed x0","","recomputed","hf://buckets/dan-pandori/nd-rl/trajectory-cap6/artifacts/tj6/eval/s1_r1__tb72_x0.jsonl","textbook72|k64|T0.8|lean_only"
"best-9.56M-cap6-trajectory","la_T1_best6_s2_r1","9.56M","lean_staten","scratch","cap-6 control 155k","6","rl1","2","textbook72","72","pass_at_k_expected_solved","64","0.8","20.646","lean_only","fork lean_judge (Lean 4.34 alone); state_eval in-env sampling, max_action 512 max_steps 96; seed 0; sample seed x0","","recomputed","hf://buckets/dan-pandori/nd-rl/trajectory-cap6/artifacts/tj6/eval/s2_r1__tb72_x0.jsonl","textbook72|k64|T0.8|lean_only"
"best-9.56M-cap6-trajectory","la_T1_best6_s0_r2","9.56M","lean_staten","scratch","cap-6 control 155k","6","rl2","0","textbook72","72","pass_at_k_expected_solved","64","0.8","27.389","lean_only","fork lean_judge (Lean 4.34 alone); state_eval in-env sampling, max_action 512 max_steps 96; seed 0; sample seed x0","","recomputed","hf://buckets/dan-pandori/nd-rl/trajectory-cap6/artifacts/tj6/eval/s0_r2__tb72_x0.jsonl","textbook72|k64|T0.8|lean_only"
"best-9.56M-cap6-trajectory","la_T1_best6_s1_r2","9.56M","lean_staten","scratch","cap-6 control 155k","6","rl2","1","textbook72","72","pass_at_k_expected_solved","64","0.8","28.676","lean_only","fork lean_judge (Lean 4.34 alone); state_eval in-env sampling, max_action 512 max_steps 96; seed 0; sample seed x0","","recomputed","hf://buckets/dan-pandori/nd-rl/trajectory-cap6/artifacts/tj6/eval/s1_r2__tb72_x0.jsonl","textbook72|k64|T0.8|lean_only"
"best-9.56M-cap6-trajectory","la_T1_best6_s2_r2","9.56M","lean_staten","scratch","cap-6 control 155k","6","rl2","2","textbook72","72","pass_at_k_expected_solved","64","0.8","24.861","lean_only","fork lean_judge (Lean 4.34 alone); state_eval in-env sampling, max_action 512 max_steps 96; seed 0; sample seed x0","","recomputed","hf://buckets/dan-pandori/nd-rl/trajectory-cap6/artifacts/tj6/eval/s2_r2__tb72_x0.jsonl","textbook72|k64|T0.8|lean_only"
"best-9.56M-cap6-trajectory","la_T1_best6_s0_r3","9.56M","lean_staten","scratch","cap-6 control 155k","6","rl3","0","textbook72","72","pass_at_k_expected_solved","64","0.8","30.423","lean_only","fork lean_judge (Lean 4.34 alone); state_eval in-env sampling, max_action 512 max_steps 96; seed 0; sample seed x0","","recomputed","hf://buckets/dan-pandori/nd-rl/trajectory-cap6/artifacts/tj6/eval/s0_r3__tb72_x0.jsonl","textbook72|k64|T0.8|lean_only"
"best-9.56M-cap6-trajectory","la_T1_best6_s1_r3","9.56M","lean_staten","scratch","cap-6 control 155k","6","rl3","1","textbook72","72","pass_at_k_expected_solved","64","0.8","32.758","lean_only","fork lean_judge (Lean 4.34 alone); state_eval in-env sampling, max_action 512 max_steps 96; seed 0; sample seed x0","","recomputed","hf://buckets/dan-pandori/nd-rl/trajectory-cap6/artifacts/tj6/eval/s1_r3__tb72_x0.jsonl","textbook72|k64|T0.8|lean_only"
"best-9.56M-cap6-trajectory","la_T1_best6_s2_r3","9.56M","lean_staten","scratch","cap-6 control 155k","6","rl3","2","textbook72","72","pass_at_k_expected_solved","64","0.8","30.554","lean_only","fork lean_judge (Lean 4.34 alone); state_eval in-env sampling, max_action 512 max_steps 96; seed 0; sample seed x0","","recomputed","hf://buckets/dan-pandori/nd-rl/trajectory-cap6/artifacts/tj6/eval/s2_r3__tb72_x0.jsonl","textbook72|k64|T0.8|lean_only"
"best-9.56M-cap6-trajectory","la_T1_best6_s0_r4","9.56M","lean_staten","scratch","cap-6 control 155k","6","rl4","0","textbook72","72","pass_at_k_expected_solved","64","0.8","35.128","lean_only","fork lean_judge (Lean 4.34 alone); state_eval in-env sampling, max_action 512 max_steps 96; seed 0; sample seed x0","","recomputed","hf://buckets/dan-pandori/nd-rl/trajectory-cap6/artifacts/tj6/eval/s0_r4__tb72_x0.jsonl","textbook72|k64|T0.8|lean_only"
"best-9.56M-cap6-trajectory","la_T1_best6_s1_r4","9.56M","lean_staten","scratch","cap-6 control 155k","6","rl4","1","textbook72","72","pass_at_k_expected_solved","64","0.8","36.055","lean_only","fork lean_judge (Lean 4.34 alone); state_eval in-env sampling, max_action 512 max_steps 96; seed 0; sample seed x0","","recomputed","hf://buckets/dan-pandori/nd-rl/trajectory-cap6/artifacts/tj6/eval/s1_r4__tb72_x0.jsonl","textbook72|k64|T0.8|lean_only"
"best-9.56M-cap6-trajectory","la_T1_best6_s2_r4","9.56M","lean_staten","scratch","cap-6 control 155k","6","rl4","2","textbook72","72","pass_at_k_expected_solved","64","0.8","33.294","lean_only","fork lean_judge (Lean 4.34 alone); state_eval in-env sampling, max_action 512 max_steps 96; seed 0; sample seed x0","","recomputed","hf://buckets/dan-pandori/nd-rl/trajectory-cap6/artifacts/tj6/eval/s2_r4__tb72_x0.jsonl","textbook72|k64|T0.8|lean_only"
"best-9.56M-cap6-trajectory","la_T1_best6_s0_r5","9.56M","lean_staten","scratch","cap-6 control 155k","6","rl5","0","textbook72","72","pass_at_k_expected_solved","64","0.8","36.424","lean_only","fork lean_judge (Lean 4.34 alone); state_eval in-env sampling, max_action 512 max_steps 96; seed 0; sample seed x0","","recomputed","hf://buckets/dan-pandori/nd-rl/trajectory-cap6/artifacts/tj6/eval/s0_r5__tb72_x0.jsonl","textbook72|k64|T0.8|lean_only"
"best-9.56M-cap6-trajectory","la_T1_best6_s1_r5","9.56M","lean_staten","scratch","cap-6 control 155k","6","rl5","1","textbook72","72","pass_at_k_expected_solved","64","0.8","39.498","lean_only","fork lean_judge (Lean 4.34 alone); state_eval in-env sampling, max_action 512 max_steps 96; seed 0; sample seed x0","","recomputed","hf://buckets/dan-pandori/nd-rl/trajectory-cap6/artifacts/tj6/eval/s1_r5__tb72_x0.jsonl","textbook72|k64|T0.8|lean_only"
"best-9.56M-cap6-trajectory","la_T1_best6_s2_r5","9.56M","lean_staten","scratch","cap-6 control 155k","6","rl5","2","textbook72","72","pass_at_k_expected_solved","64","0.8","34.256","lean_only","fork lean_judge (Lean 4.34 alone); state_eval in-env sampling, max_action 512 max_steps 96; seed 0; sample seed x0","","recomputed","hf://buckets/dan-pandori/nd-rl/trajectory-cap6/artifacts/tj6/eval/s2_r5__tb72_x0.jsonl","textbook72|k64|T0.8|lean_only"
"best-9.56M-cap6-trajectory","la_T1_best6_s0_r6","9.56M","lean_staten","scratch","cap-6 control 155k","6","rl6","0","textbook72","72","pass_at_k_expected_solved","64","0.8","37.818","lean_only","fork lean_judge (Lean 4.34 alone); state_eval in-env sampling, max_action 512 max_steps 96; seed 0; sample seed x0","","recomputed","hf://buckets/dan-pandori/nd-rl/trajectory-cap6/artifacts/tj6/eval/s0_r6__tb72_x0.jsonl","textbook72|k64|T0.8|lean_only"
"best-9.56M-cap6-trajectory","la_T1_best6_s1_r6","9.56M","lean_staten","scratch","cap-6 control 155k","6","rl6","1","textbook72","72","pass_at_k_expected_solved","64","0.8","39.099","lean_only","fork lean_judge (Lean 4.34 alone); state_eval in-env sampling, max_action 512 max_steps 96; seed 0; sample seed x0","","recomputed","hf://buckets/dan-pandori/nd-rl/trajectory-cap6/artifacts/tj6/eval/s1_r6__tb72_x0.jsonl","textbook72|k64|T0.8|lean_only"
"best-9.56M-cap6-trajectory","la_T1_best6_s2_r6","9.56M","lean_staten","scratch","cap-6 control 155k","6","rl6","2","textbook72","72","pass_at_k_expected_solved","64","0.8","37.214","lean_only","fork lean_judge (Lean 4.34 alone); state_eval in-env sampling, max_action 512 max_steps 96; seed 0; sample seed x0","","recomputed","hf://buckets/dan-pandori/nd-rl/trajectory-cap6/artifacts/tj6/eval/s2_r6__tb72_x0.jsonl","textbook72|k64|T0.8|lean_only"
"best-9.56M-cap6-trajectory","la_T1_best6_s0_r7","9.56M","lean_staten","scratch","cap-6 control 155k","6","rl7","0","textbook72","72","pass_at_k_expected_solved","64","0.8","36.698","lean_only","fork lean_judge (Lean 4.34 alone); state_eval in-env sampling, max_action 512 max_steps 96; seed 0; sample seed x0","","recomputed","hf://buckets/dan-pandori/nd-rl/trajectory-cap6/artifacts/tj6/eval/s0_r7__tb72_x0.jsonl","textbook72|k64|T0.8|lean_only"
"best-9.56M-cap6-trajectory","la_T1_best6_s1_r7","9.56M","lean_staten","scratch","cap-6 control 155k","6","rl7","1","textbook72","72","pass_at_k_expected_solved","64","0.8","40.916","lean_only","fork lean_judge (Lean 4.34 alone); state_eval in-env sampling, max_action 512 max_steps 96; seed 0; sample seed x0","","recomputed","hf://buckets/dan-pandori/nd-rl/trajectory-cap6/artifacts/tj6/eval/s1_r7__tb72_x0.jsonl","textbook72|k64|T0.8|lean_only"
"best-9.56M-cap6-trajectory","la_T1_best6_s2_r7","9.56M","lean_staten","scratch","cap-6 control 155k","6","rl7","2","textbook72","72","pass_at_k_expected_solved","64","0.8","35.235","lean_only","fork lean_judge (Lean 4.34 alone); state_eval in-env sampling, max_action 512 max_steps 96; seed 0; sample seed x0","","recomputed","hf://buckets/dan-pandori/nd-rl/trajectory-cap6/artifacts/tj6/eval/s2_r7__tb72_x0.jsonl","textbook72|k64|T0.8|lean_only"
"ours-3.2M-SN-cap12","la_T1_SN12_s0_r8","3.2M","lean_staten","scratch","K12 155k","12","T1","0","textbook72","72","pass_at_k_expected_solved","64","0.8","30.649","lean_only","fork lean_judge (Lean 4.34 alone); state_eval in-env sampling, max_action 512 max_steps 96; seed 0; compute-match read, batch 2048 (re-read of textbook72-run ckpt)","2026-10-02","recomputed","hf://buckets/dan-pandori/nd-rl/compute-match/artifacts/cm/eval/T1_SN12_s0__tb72.jsonl","textbook72|k64|T0.8|lean_only"
"ours-3.2M-SN-cap12","la_T1_SN12_s0_r8","3.2M","lean_staten","scratch","K12 155k","12","T1","0","textbook72","72","pass_at_k_expected_solved","64","0.8","31.001","lean_only","fork lean_judge (Lean 4.34 alone); state_eval in-env sampling, max_action 512 max_steps 96; seed 0; textbook72 run, batch 4096","2026-09-30","recomputed","hf://buckets/dan-pandori/nd-rl/textbook72/artifacts/textbook72/eval/T1_SN12_s0.jsonl","textbook72|k64|T0.8|lean_only"
"ours-3.2M-SN-cap12","la_T1_SN12_s1_r8","3.2M","lean_staten","scratch","K12 155k","12","T1","1","textbook72","72","pass_at_k_expected_solved","64","0.8","35.022","lean_only","fork lean_judge (Lean 4.34 alone); state_eval in-env sampling, max_action 512 max_steps 96; seed 0; compute-match read, batch 2048 (re-read of textbook72-run ckpt)","2026-10-02","recomputed","hf://buckets/dan-pandori/nd-rl/compute-match/artifacts/cm/eval/T1_SN12_s1__tb72.jsonl","textbook72|k64|T0.8|lean_only"
"ours-3.2M-SN-cap12","la_T1_SN12_s1_r8","3.2M","lean_staten","scratch","K12 155k","12","T1","1","textbook72","72","pass_at_k_expected_solved","64","0.8","33.634","lean_only","fork lean_judge (Lean 4.34 alone); state_eval in-env sampling, max_action 512 max_steps 96; seed 0; textbook72 run, batch 4096","2026-09-30","recomputed","hf://buckets/dan-pandori/nd-rl/textbook72/artifacts/textbook72/eval/T1_SN12_s1.jsonl","textbook72|k64|T0.8|lean_only"
"ours-3.2M-SN-cap12","la_T1_SN12_s2_r8","3.2M","lean_staten","scratch","K12 155k","12","T1","2","textbook72","72","pass_at_k_expected_solved","64","0.8","33.209","lean_only","fork lean_judge (Lean 4.34 alone); state_eval in-env sampling, max_action 512 max_steps 96; seed 0; compute-match read, batch 2048 (re-read of textbook72-run ckpt)","2026-10-02","recomputed","hf://buckets/dan-pandori/nd-rl/compute-match/artifacts/cm/eval/T1_SN12_s2__tb72.jsonl","textbook72|k64|T0.8|lean_only"
"ours-3.2M-SN-cap12","la_T1_SN12_s2_r8","3.2M","lean_staten","scratch","K12 155k","12","T1","2","textbook72","72","pass_at_k_expected_solved","64","0.8","33.467","lean_only","fork lean_judge (Lean 4.34 alone); state_eval in-env sampling, max_action 512 max_steps 96; seed 0; textbook72 run, batch 4096","2026-09-30","recomputed","hf://buckets/dan-pandori/nd-rl/textbook72/artifacts/textbook72/eval/T1_SN12_s2.jsonl","textbook72|k64|T0.8|lean_only"
"ours-3.2M-SN-cap12","la_T1_SN12_s3_r8","3.2M","lean_staten","scratch","K12 155k","12","T1","3","textbook72","72","pass_at_k_expected_solved","64","0.8","34.028","lean_only","fork lean_judge (Lean 4.34 alone); state_eval in-env sampling, max_action 512 max_steps 96; seed 0; textbook72 run, batch 4096","2026-09-30","recomputed","hf://buckets/dan-pandori/nd-rl/textbook72/artifacts/textbook72/eval/T1_SN12_s3.jsonl","textbook72|k64|T0.8|lean_only"
"ours-3.2M-SN-cap12","stage1_SN12_s0","3.2M","lean_staten","scratch","K12 155k","12","frozen","0","textbook72","72","pass_at_k_expected_solved","64","0.8","22.145","lean_only","fork lean_judge (Lean 4.34 alone); state_eval in-env sampling, max_action 512 max_steps 96; seed 0; textbook72 run, batch 4096","2026-09-30","recomputed","hf://buckets/dan-pandori/nd-rl/textbook72/artifacts/textbook72/eval/Fz_SN12_s0.jsonl","textbook72|k64|T0.8|lean_only"
"ours-3.2M-SN-cap12","stage1_SN12_s1","3.2M","lean_staten","scratch","K12 155k","12","frozen","1","textbook72","72","pass_at_k_expected_solved","64","0.8","23.512","lean_only","fork lean_judge (Lean 4.34 alone); state_eval in-env sampling, max_action 512 max_steps 96; seed 0; textbook72 run, batch 4096","2026-09-30","recomputed","hf://buckets/dan-pandori/nd-rl/textbook72/artifacts/textbook72/eval/Fz_SN12_s1.jsonl","textbook72|k64|T0.8|lean_only"
"ours-3.2M-SN-cap12","stage1_SN12_s2","3.2M","lean_staten","scratch","K12 155k","12","frozen","2","textbook72","72","pass_at_k_expected_solved","64","0.8","25.733","lean_only","fork lean_judge (Lean 4.34 alone); state_eval in-env sampling, max_action 512 max_steps 96; seed 0; textbook72 run, batch 4096","2026-09-30","recomputed","hf://buckets/dan-pandori/nd-rl/textbook72/artifacts/textbook72/eval/Fz_SN12_s2.jsonl","textbook72|k64|T0.8|lean_only"
"ours-3.2M-SN-cap12","stage1_SN12_s3","3.2M","lean_staten","scratch","K12 155k","12","frozen","3","textbook72","72","pass_at_k_expected_solved","64","0.8","21.809","lean_only","fork lean_judge (Lean 4.34 alone); state_eval in-env sampling, max_action 512 max_steps 96; seed 0; textbook72 run, batch 4096","2026-09-30","recomputed","hf://buckets/dan-pandori/nd-rl/textbook72/artifacts/textbook72/eval/Fz_SN12_s3.jsonl","textbook72|k64|T0.8|lean_only"
"ours-3.2M-SN-cap12-k64ladder","la_T1_cm12k64_s0_r8","3.2M","lean_staten","scratch","K12 155k","12","T1-k64","0","textbook72","72","pass_at_k_expected_solved","64","0.8","29.597","lean_only","fork lean_judge (Lean 4.34 alone); state_eval in-env sampling, max_action 512 max_steps 96; seed 0; compute-match read, batch 2048","2026-10-02","recomputed","hf://buckets/dan-pandori/nd-rl/compute-match/artifacts/cm/eval/T1_cm12k64_s0__tb72.jsonl","textbook72|k64|T0.8|lean_only"
"ours-3.2M-SN-cap12-k64ladder","la_T1_cm12k64_s1_r8","3.2M","lean_staten","scratch","K12 155k","12","T1-k64","1","textbook72","72","pass_at_k_expected_solved","64","0.8","30.919","lean_only","fork lean_judge (Lean 4.34 alone); state_eval in-env sampling, max_action 512 max_steps 96; seed 0; compute-match read, batch 2048","2026-10-02","recomputed","hf://buckets/dan-pandori/nd-rl/compute-match/artifacts/cm/eval/T1_cm12k64_s1__tb72.jsonl","textbook72|k64|T0.8|lean_only"
"ours-3.2M-SN-cap12-k64ladder","la_T1_cm12k64_s2_r8","3.2M","lean_staten","scratch","K12 155k","12","T1-k64","2","textbook72","72","pass_at_k_expected_solved","64","0.8","34.018","lean_only","fork lean_judge (Lean 4.34 alone); state_eval in-env sampling, max_action 512 max_steps 96; seed 0; compute-match read, batch 2048","2026-10-02","recomputed","hf://buckets/dan-pandori/nd-rl/compute-match/artifacts/cm/eval/T1_cm12k64_s2__tb72.jsonl","textbook72|k64|T0.8|lean_only"
"ours-3.2M-SN-v2-cap6","la_T1_SN_s0_r8","3.2M","lean_staten","scratch","cap-6 control 155k","6","T1","0","textbook72","72","pass_at_k_expected_solved","64","0.8","20.743","lean_only","fork lean_judge (Lean 4.34 alone); state_eval in-env sampling, max_action 512 max_steps 96; seed 0; textbook72 run, batch 4096","2026-09-30","recomputed","hf://buckets/dan-pandori/nd-rl/textbook72/artifacts/textbook72/eval/T1_SN6_s0.jsonl","textbook72|k64|T0.8|lean_only"
"ours-3.2M-SN-v2-cap6","la_T1_SN_s1_r8","3.2M","lean_staten","scratch","cap-6 control 155k","6","T1","1","textbook72","72","pass_at_k_expected_solved","64","0.8","15.236","lean_only","fork lean_judge (Lean 4.34 alone); state_eval in-env sampling, max_action 512 max_steps 96; seed 0; textbook72 run, batch 4096","2026-09-30","recomputed","hf://buckets/dan-pandori/nd-rl/textbook72/artifacts/textbook72/eval/T1_SN6_s1.jsonl","textbook72|k64|T0.8|lean_only"
"ours-3.2M-SN-v2-cap6","stage1_SN_s0","3.2M","lean_staten","scratch","cap-6 control 155k","6","frozen","0","textbook72","72","pass_at_k_expected_solved","64","0.8","13.822","lean_only","fork lean_judge (Lean 4.34 alone); state_eval in-env sampling, max_action 512 max_steps 96; seed 0; textbook72 run, batch 4096","2026-09-30","recomputed","hf://buckets/dan-pandori/nd-rl/textbook72/artifacts/textbook72/eval/Fz_SN6_s0.jsonl","textbook72|k64|T0.8|lean_only"
"ours-3.2M-SN-v2-cap6","stage1_SN_s1","3.2M","lean_staten","scratch","cap-6 control 155k","6","frozen","1","textbook72","72","pass_at_k_expected_solved","64","0.8","11.622","lean_only","fork lean_judge (Lean 4.34 alone); state_eval in-env sampling, max_action 512 max_steps 96; seed 0; textbook72 run, batch 4096","2026-09-30","recomputed","hf://buckets/dan-pandori/nd-rl/textbook72/artifacts/textbook72/eval/Fz_SN6_s1.jsonl","textbook72|k64|T0.8|lean_only"
"robbie-factorial:abs-best-ei","factorial abs-best-ei (pre=186 recipe, rl=harness EI 4x1500x32)","9.56M","token","scratch","cap-6 train.jsonl 155k","6","rl-harness-EI","0","textbook72","72","pass_at_k_expected_solved","64","0.8","16.33","nd_verify","robbie harness judge (fork sample Lean gate 51604b3 then nd_verify); max_new 512 (abs/token: nd_verify alone)","2026-09-29","recomputed","nd-rl:robbie-experiments:experiment-summaries/2026-09-28-combined-model/charts/passk.csv","textbook72|k64|T0.8|nd_verify"
"robbie-factorial:abs-best-ei","factorial abs-best-ei (pre=186 recipe, rl=harness EI 4x1500x32)","9.56M","token","scratch","cap-6 train.jsonl 155k","6","rl-harness-EI","1","textbook72","72","pass_at_k_expected_solved","64","0.8","16.403","nd_verify","robbie harness judge (fork sample Lean gate 51604b3 then nd_verify); max_new 512 (abs/token: nd_verify alone)","2026-09-29","recomputed","nd-rl:robbie-experiments:experiment-summaries/2026-09-28-combined-model/charts/passk.csv","textbook72|k64|T0.8|nd_verify"
"robbie-factorial:abs-best-ei","factorial abs-best-ei (pre=186 recipe, rl=harness EI 4x1500x32)","9.56M","token","scratch","cap-6 train.jsonl 155k","6","rl-harness-EI","2","textbook72","72","pass_at_k_expected_solved","64","0.8","14.438","nd_verify","robbie harness judge (fork sample Lean gate 51604b3 then nd_verify); max_new 512 (abs/token: nd_verify alone)","2026-09-29","recomputed","nd-rl:robbie-experiments:experiment-summaries/2026-09-28-combined-model/charts/passk.csv","textbook72|k64|T0.8|nd_verify"
"robbie-factorial:abs-best-leon","factorial abs-best-leon (pre=186 recipe, rl=c005 Leon EI+guided)","9.56M","token","scratch","cap-6 train.jsonl 155k","6","rl-leon-c005","0","textbook72","72","pass_at_k_expected_solved","64","0.8","24.387","nd_verify","robbie harness judge (fork sample Lean gate 51604b3 then nd_verify); max_new 512 (abs/token: nd_verify alone)","2026-09-29","recomputed","nd-rl:robbie-experiments:experiment-summaries/2026-09-28-combined-model/charts/passk.csv","textbook72|k64|T0.8|nd_verify"
"robbie-factorial:abs-best-leon","factorial abs-best-leon (pre=186 recipe, rl=c005 Leon EI+guided)","9.56M","token","scratch","cap-6 train.jsonl 155k","6","rl-leon-c005","1","textbook72","72","pass_at_k_expected_solved","64","0.8","21.457","nd_verify","robbie harness judge (fork sample Lean gate 51604b3 then nd_verify); max_new 512 (abs/token: nd_verify alone)","2026-09-29","recomputed","nd-rl:robbie-experiments:experiment-summaries/2026-09-28-combined-model/charts/passk.csv","textbook72|k64|T0.8|nd_verify"
"robbie-factorial:abs-best-leon","factorial abs-best-leon (pre=186 recipe, rl=c005 Leon EI+guided)","9.56M","token","scratch","cap-6 train.jsonl 155k","6","rl-leon-c005","2","textbook72","72","pass_at_k_expected_solved","64","0.8","23.644","nd_verify","robbie harness judge (fork sample Lean gate 51604b3 then nd_verify); max_new 512 (abs/token: nd_verify alone)","2026-09-29","recomputed","nd-rl:robbie-experiments:experiment-summaries/2026-09-28-combined-model/charts/passk.csv","textbook72|k64|T0.8|nd_verify"
"robbie-factorial:abs-naive-ei","factorial abs-naive-ei (pre=012 baseline, rl=harness EI 4x1500x32)","","token","scratch","cap-6 train.jsonl 155k","6","rl-harness-EI","0","textbook72","72","pass_at_k_expected_solved","64","0.8","6.58","nd_verify","robbie harness judge (fork sample Lean gate 51604b3 then nd_verify); max_new 512 (abs/token: nd_verify alone)","2026-09-29","recomputed","nd-rl:robbie-experiments:experiment-summaries/2026-09-28-combined-model/charts/passk.csv","textbook72|k64|T0.8|nd_verify"
"robbie-factorial:abs-naive-ei","factorial abs-naive-ei (pre=012 baseline, rl=harness EI 4x1500x32)","","token","scratch","cap-6 train.jsonl 155k","6","rl-harness-EI","1","textbook72","72","pass_at_k_expected_solved","64","0.8","9.873","nd_verify","robbie harness judge (fork sample Lean gate 51604b3 then nd_verify); max_new 512 (abs/token: nd_verify alone)","2026-09-29","recomputed","nd-rl:robbie-experiments:experiment-summaries/2026-09-28-combined-model/charts/passk.csv","textbook72|k64|T0.8|nd_verify"
"robbie-factorial:abs-naive-ei","factorial abs-naive-ei (pre=012 baseline, rl=harness EI 4x1500x32)","","token","scratch","cap-6 train.jsonl 155k","6","rl-harness-EI","2","textbook72","72","pass_at_k_expected_solved","64","0.8","8.25","nd_verify","robbie harness judge (fork sample Lean gate 51604b3 then nd_verify); max_new 512 (abs/token: nd_verify alone)","2026-09-29","recomputed","nd-rl:robbie-experiments:experiment-summaries/2026-09-28-combined-model/charts/passk.csv","textbook72|k64|T0.8|nd_verify"
"robbie-factorial:abs-naive-leon","factorial abs-naive-leon (pre=012 baseline, rl=c005 Leon EI+guided)","","token","scratch","cap-6 train.jsonl 155k","6","rl-leon-c005","0","textbook72","72","pass_at_k_expected_solved","64","0.8","9.563","nd_verify","robbie harness judge (fork sample Lean gate 51604b3 then nd_verify); max_new 512 (abs/token: nd_verify alone)","2026-09-29","recomputed","nd-rl:robbie-experiments:experiment-summaries/2026-09-28-combined-model/charts/passk.csv","textbook72|k64|T0.8|nd_verify"
"robbie-factorial:abs-naive-leon","factorial abs-naive-leon (pre=012 baseline, rl=c005 Leon EI+guided)","","token","scratch","cap-6 train.jsonl 155k","6","rl-leon-c005","1","textbook72","72","pass_at_k_expected_solved","64","0.8","10.147","nd_verify","robbie harness judge (fork sample Lean gate 51604b3 then nd_verify); max_new 512 (abs/token: nd_verify alone)","2026-09-29","recomputed","nd-rl:robbie-experiments:experiment-summaries/2026-09-28-combined-model/charts/passk.csv","textbook72|k64|T0.8|nd_verify"
"robbie-factorial:abs-naive-leon","factorial abs-naive-leon (pre=012 baseline, rl=c005 Leon EI+guided)","","token","scratch","cap-6 train.jsonl 155k","6","rl-leon-c005","2","textbook72","72","pass_at_k_expected_solved","64","0.8","10.061","nd_verify","robbie harness judge (fork sample Lean gate 51604b3 then nd_verify); max_new 512 (abs/token: nd_verify alone)","2026-09-29","recomputed","nd-rl:robbie-experiments:experiment-summaries/2026-09-28-combined-model/charts/passk.csv","textbook72|k64|T0.8|nd_verify"
"robbie-combined-pipeline:c005","c005 inference=plain","9.56M","lean_seq","scratch","cap-6 train.jsonl 155k","6","tts-plain","mean(3)","textbook72","72","pass_at_k_frac","8","0.8","0.2980","lean_and_ndverify","","2026-09-29","copied","nd-rl:robbie-experiments:experiment-summaries/2026-09-28-combined-model/charts/textbook-tts.csv","textbook72|k8|T0.8|lean_and_ndverify"
"robbie-combined-pipeline:c005","c005 inference=resample","9.56M","lean_seq","scratch","cap-6 train.jsonl 155k","6","tts-resample","mean(3)","textbook72","72","pass_at_k_frac","8","0.8","0.3862","lean_and_ndverify","","2026-09-29","copied","nd-rl:robbie-experiments:experiment-summaries/2026-09-28-combined-model/charts/textbook-tts.csv","textbook72|k8|T0.8|lean_and_ndverify"
"robbie-combined-pipeline:c005","c005 inference=resample, no repeats","9.56M","lean_seq","scratch","cap-6 train.jsonl 155k","6","tts-resample, no repeats","mean(3)","textbook72","72","pass_at_k_frac","8","0.8","0.4109","lean_and_ndverify","","2026-09-29","copied","nd-rl:robbie-experiments:experiment-summaries/2026-09-28-combined-model/charts/textbook-tts.csv","textbook72|k8|T0.8|lean_and_ndverify"
