pool	family	arm	role	seed	ladder	round	n_new	new_d0	new_d1	new_d2	new_d3p	cum_n	cum_d3p	steps	rule_AS	rule_IMPI	rule_PR	rule_ORI1	rule_ANDI	rule_ORE	rule_R	rule_ORI2	rule_IMPE	rule_NEGE	rule_DN	rule_NEGI	rule_ANDE2	rule_ANDE1	rule_BOTE
found	ds-composition	la_T1_a1	headline	0	ds-composition/artifacts/dsc/la_T1_a1_s0	1	1379	0.0015	0.1030	0.4634	0.4322	1379	0.4322	10286	0.3282	0.3152	0.1599	0.0307	0.0677	0.0044	0.0062	0.0271	0.0179	0.0066	0.0097	0.0043	0.0103	0.0094	0.0023
found	ds-composition	la_T1_a1	headline	0	ds-composition/artifacts/dsc/la_T1_a1_s0	2	1397	0.0014	0.0415	0.1775	0.7795	2776	0.6070	11205	0.3525	0.3403	0.1304	0.0241	0.0560	0.0041	0.0042	0.0239	0.0202	0.0061	0.0158	0.0040	0.0090	0.0074	0.0021
found	ds-composition	la_T1_a1	headline	0	ds-composition/artifacts/dsc/la_T1_a1_s0	3	590	0.0000	0.0814	0.2508	0.6678	3366	0.6176	5053	0.3343	0.2974	0.1466	0.0321	0.0659	0.0150	0.0089	0.0245	0.0241	0.0107	0.0142	0.0067	0.0077	0.0077	0.0040
found	ds-composition	la_T1_a1	headline	0	ds-composition/artifacts/dsc/la_T1_a1_s0	4	468	0.0000	0.0534	0.3141	0.6325	3834	0.6195	4083	0.3297	0.2937	0.1421	0.0306	0.0678	0.0127	0.0091	0.0250	0.0230	0.0142	0.0196	0.0105	0.0091	0.0093	0.0037
found	ds-composition	la_T1_a1	headline	0	ds-composition/artifacts/dsc/la_T1_a1_s0	5	436	0.0023	0.0849	0.3899	0.5229	4270	0.6096	3767	0.3114	0.2761	0.1564	0.0332	0.0719	0.0117	0.0141	0.0260	0.0226	0.0170	0.0188	0.0119	0.0125	0.0114	0.0050
found	ds-composition	la_T1_a1	headline	0	ds-composition/artifacts/dsc/la_T1_a1_s0	6	399	0.0000	0.0852	0.3509	0.5639	4669	0.6057	3517	0.3173	0.2843	0.1459	0.0267	0.0779	0.0117	0.0154	0.0287	0.0168	0.0125	0.0225	0.0097	0.0136	0.0142	0.0028
found	ds-composition	la_T1_a1	headline	0	ds-composition/artifacts/dsc/la_T1_a1_s0	7	434	0.0000	0.0668	0.3272	0.6060	5103	0.6057	3766	0.3202	0.2900	0.1423	0.0345	0.0693	0.0114	0.0165	0.0212	0.0167	0.0125	0.0260	0.0074	0.0162	0.0106	0.0050
found	ds-composition	la_T1_a1	headline	0	ds-composition/artifacts/dsc/la_T1_a1_s0	8	413	0.0000	0.0702	0.3099	0.6199	5516	0.6068	3677	0.3179	0.2945	0.1338	0.0318	0.0770	0.0095	0.0212	0.0340	0.0158	0.0095	0.0280	0.0044	0.0101	0.0076	0.0049
found_transfer	ds-composition	la_T1_a1	headline	0	ds-composition/artifacts/dsc/la_T1_a1_s0	1	142	0.0000	0.0845	0.3028	0.6127	142	0.6127	1144	0.3400	0.3164	0.1547	0.0262	0.0621	0.0079	0.0017	0.0245	0.0140	0.0105	0.0079	0.0079	0.0114	0.0122	0.0026
found_transfer	ds-composition	la_T1_a1	headline	0	ds-composition/artifacts/dsc/la_T1_a1_s0	2	437	0.0000	0.0160	0.1670	0.8169	579	0.7668	3872	0.3329	0.3239	0.1635	0.0271	0.0731	0.0026	0.0028	0.0173	0.0274	0.0041	0.0065	0.0039	0.0072	0.0075	0.0003
found_transfer	ds-composition	la_T1_a1	headline	0	ds-composition/artifacts/dsc/la_T1_a1_s0	3	335	0.0000	0.0239	0.2239	0.7522	914	0.7615	3059	0.3276	0.3063	0.1533	0.0333	0.0706	0.0082	0.0075	0.0232	0.0324	0.0072	0.0052	0.0049	0.0095	0.0085	0.0023
found_transfer	ds-composition	la_T1_a1	headline	0	ds-composition/artifacts/dsc/la_T1_a1_s0	4	293	0.0000	0.0580	0.1502	0.7918	1207	0.7688	2717	0.3324	0.2981	0.1457	0.0294	0.0725	0.0144	0.0040	0.0228	0.0324	0.0096	0.0129	0.0055	0.0096	0.0066	0.0040
found_transfer	ds-composition	la_T1_a1	headline	0	ds-composition/artifacts/dsc/la_T1_a1_s0	5	289	0.0000	0.0657	0.1972	0.7370	1496	0.7627	2652	0.3247	0.2941	0.1486	0.0317	0.0652	0.0098	0.0094	0.0222	0.0336	0.0151	0.0132	0.0109	0.0083	0.0090	0.0041
found_transfer	ds-composition	la_T1_a1	headline	0	ds-composition/artifacts/dsc/la_T1_a1_s0	6	210	0.0000	0.0476	0.2619	0.6905	1706	0.7538	1952	0.3181	0.2915	0.1568	0.0302	0.0768	0.0097	0.0108	0.0179	0.0343	0.0102	0.0128	0.0072	0.0113	0.0092	0.0031
found_transfer	ds-composition	la_T1_a1	headline	0	ds-composition/artifacts/dsc/la_T1_a1_s0	7	209	0.0000	0.0526	0.1962	0.7512	1915	0.7535	1967	0.3289	0.2959	0.1413	0.0341	0.0737	0.0137	0.0127	0.0153	0.0269	0.0112	0.0147	0.0056	0.0112	0.0092	0.0056
found_transfer	ds-composition	la_T1_a1	headline	0	ds-composition/artifacts/dsc/la_T1_a1_s0	8	290	0.0000	0.0345	0.1241	0.8414	2205	0.7651	2773	0.3220	0.3094	0.1331	0.0408	0.0945	0.0054	0.0090	0.0245	0.0169	0.0043	0.0177	0.0018	0.0108	0.0072	0.0025
found	ds-composition	la_T1_a2	headline	0	ds-composition/artifacts/dsc/la_T1_a2_s0	1	839	0.0024	0.1085	0.5077	0.3814	839	0.3814	6060	0.3328	0.3059	0.1551	0.0304	0.0591	0.0094	0.0046	0.0310	0.0149	0.0142	0.0045	0.0081	0.0120	0.0119	0.0061
found	ds-composition	la_T1_a2	headline	0	ds-composition/artifacts/dsc/la_T1_a2_s0	2	1557	0.0006	0.0308	0.1959	0.7726	2396	0.6356	12276	0.3580	0.3436	0.1264	0.0248	0.0505	0.0055	0.0042	0.0236	0.0159	0.0080	0.0148	0.0035	0.0088	0.0079	0.0045
found	ds-composition	la_T1_a2	headline	0	ds-composition/artifacts/dsc/la_T1_a2_s0	3	582	0.0000	0.0447	0.2990	0.6564	2978	0.6397	4825	0.3312	0.3142	0.1424	0.0323	0.0707	0.0058	0.0066	0.0230	0.0176	0.0141	0.0110	0.0054	0.0091	0.0079	0.0087
found	ds-composition	la_T1_a2	headline	0	ds-composition/artifacts/dsc/la_T1_a2_s0	4	459	0.0000	0.0458	0.3115	0.6427	3437	0.6401	3893	0.3303	0.3062	0.1369	0.0326	0.0755	0.0098	0.0072	0.0270	0.0149	0.0141	0.0100	0.0046	0.0110	0.0103	0.0095
found	ds-composition	la_T1_a2	headline	0	ds-composition/artifacts/dsc/la_T1_a2_s0	5	380	0.0000	0.0526	0.3158	0.6316	3817	0.6392	3273	0.3281	0.2948	0.1442	0.0364	0.0703	0.0141	0.0095	0.0247	0.0180	0.0110	0.0098	0.0052	0.0128	0.0150	0.0061
found	ds-composition	la_T1_a2	headline	0	ds-composition/artifacts/dsc/la_T1_a2_s0	6	358	0.0000	0.0782	0.3017	0.6201	4175	0.6376	3097	0.3268	0.2835	0.1469	0.0284	0.0607	0.0184	0.0123	0.0242	0.0249	0.0155	0.0097	0.0065	0.0149	0.0184	0.0090
found	ds-composition	la_T1_a2	headline	0	ds-composition/artifacts/dsc/la_T1_a2_s0	7	376	0.0027	0.0585	0.3378	0.6011	4551	0.6346	3285	0.3184	0.2798	0.1519	0.0253	0.0627	0.0152	0.0167	0.0320	0.0216	0.0183	0.0091	0.0082	0.0177	0.0131	0.0100
found	ds-composition	la_T1_a2	headline	0	ds-composition/artifacts/dsc/la_T1_a2_s0	8	322	0.0000	0.0714	0.3043	0.6242	4873	0.6339	2867	0.3212	0.2794	0.1535	0.0269	0.0576	0.0185	0.0188	0.0290	0.0178	0.0206	0.0087	0.0049	0.0136	0.0143	0.0153
found_transfer	ds-composition	la_T1_a2	headline	0	ds-composition/artifacts/dsc/la_T1_a2_s0	1	70	0.0000	0.0571	0.4714	0.4714	70	0.4714	532	0.3515	0.2970	0.1335	0.0207	0.0207	0.0150	0.0038	0.0282	0.0282	0.0263	0.0019	0.0244	0.0207	0.0263	0.0019
found_transfer	ds-composition	la_T1_a2	headline	0	ds-composition/artifacts/dsc/la_T1_a2_s0	2	405	0.0000	0.0173	0.1432	0.8395	475	0.7853	3458	0.3441	0.3253	0.1492	0.0289	0.0625	0.0061	0.0026	0.0188	0.0197	0.0084	0.0069	0.0067	0.0093	0.0098	0.0017
found_transfer	ds-composition	la_T1_a2	headline	0	ds-composition/artifacts/dsc/la_T1_a2_s0	3	255	0.0000	0.0235	0.1176	0.8588	730	0.8110	2283	0.3425	0.3193	0.1415	0.0289	0.0714	0.0096	0.0057	0.0223	0.0223	0.0074	0.0079	0.0039	0.0083	0.0053	0.0035
found_transfer	ds-composition	la_T1_a2	headline	0	ds-composition/artifacts/dsc/la_T1_a2_s0	4	283	0.0000	0.0318	0.1307	0.8375	1013	0.8184	2589	0.3364	0.3183	0.1333	0.0382	0.0865	0.0081	0.0050	0.0239	0.0166	0.0046	0.0070	0.0019	0.0062	0.0112	0.0027
found_transfer	ds-composition	la_T1_a2	headline	0	ds-composition/artifacts/dsc/la_T1_a2_s0	5	241	0.0000	0.0249	0.1369	0.8382	1254	0.8222	2214	0.3302	0.3121	0.1341	0.0370	0.0795	0.0072	0.0036	0.0271	0.0190	0.0099	0.0063	0.0036	0.0108	0.0131	0.0063
found_transfer	ds-composition	la_T1_a2	headline	0	ds-composition/artifacts/dsc/la_T1_a2_s0	6	261	0.0000	0.0536	0.2069	0.7395	1515	0.8079	2389	0.3240	0.2918	0.1465	0.0264	0.0791	0.0134	0.0100	0.0167	0.0318	0.0126	0.0092	0.0054	0.0159	0.0100	0.0071
found_transfer	ds-composition	la_T1_a2	headline	0	ds-composition/artifacts/dsc/la_T1_a2_s0	7	251	0.0000	0.0637	0.2032	0.7331	1766	0.7973	2322	0.3230	0.2885	0.1481	0.0280	0.0823	0.0155	0.0112	0.0263	0.0241	0.0125	0.0060	0.0034	0.0103	0.0116	0.0090
found_transfer	ds-composition	la_T1_a2	headline	0	ds-composition/artifacts/dsc/la_T1_a2_s0	8	250	0.0000	0.0240	0.1920	0.7840	2016	0.7956	2342	0.3147	0.2963	0.1503	0.0286	0.0764	0.0085	0.0128	0.0213	0.0243	0.0145	0.0060	0.0013	0.0115	0.0196	0.0137
found	ds-composition	la_T1_a3	headline	0	ds-composition/artifacts/dsc/la_T1_a3_s0	1	4301	0.0019	0.0911	0.3990	0.5080	4301	0.5080	34794	0.3243	0.2932	0.1572	0.0318	0.0617	0.0129	0.0101	0.0241	0.0268	0.0113	0.0128	0.0053	0.0118	0.0106	0.0060
found	ds-composition	la_T1_a3	headline	0	ds-composition/artifacts/dsc/la_T1_a3_s0	2	2342	0.0000	0.0756	0.2912	0.6332	6643	0.5522	20924	0.3190	0.2837	0.1494	0.0340	0.0673	0.0146	0.0149	0.0252	0.0227	0.0121	0.0152	0.0061	0.0160	0.0139	0.0059
found	ds-composition	la_T1_a3	headline	0	ds-composition/artifacts/dsc/la_T1_a3_s0	3	1703	0.0012	0.0934	0.3159	0.5895	8346	0.5598	15630	0.3128	0.2738	0.1518	0.0338	0.0682	0.0173	0.0253	0.0261	0.0218	0.0130	0.0148	0.0044	0.0132	0.0144	0.0093
found	ds-composition	la_T1_a3	headline	0	ds-composition/artifacts/dsc/la_T1_a3_s0	4	1508	0.0013	0.0889	0.2911	0.6187	9854	0.5688	13948	0.3133	0.2736	0.1480	0.0375	0.0609	0.0173	0.0249	0.0236	0.0218	0.0150	0.0189	0.0052	0.0169	0.0125	0.0106
found	ds-composition	la_T1_a3	headline	0	ds-composition/artifacts/dsc/la_T1_a3_s0	5	1763	0.0023	0.0868	0.2989	0.6120	11617	0.5754	16457	0.3112	0.2699	0.1439	0.0362	0.0579	0.0187	0.0340	0.0255	0.0217	0.0159	0.0155	0.0041	0.0164	0.0156	0.0137
found	ds-composition	la_T1_a3	headline	0	ds-composition/artifacts/dsc/la_T1_a3_s0	6	1779	0.0022	0.0972	0.2889	0.6116	13396	0.5802	16714	0.3075	0.2660	0.1435	0.0403	0.0586	0.0186	0.0366	0.0247	0.0209	0.0160	0.0168	0.0042	0.0166	0.0144	0.0153
found	ds-composition	la_T1_a3	headline	0	ds-composition/artifacts/dsc/la_T1_a3_s0	7	2016	0.0000	0.0838	0.2649	0.6513	15412	0.5895	19043	0.3090	0.2734	0.1364	0.0386	0.0568	0.0160	0.0349	0.0217	0.0212	0.0177	0.0170	0.0036	0.0173	0.0166	0.0198
found	ds-composition	la_T1_a3	headline	0	ds-composition/artifacts/dsc/la_T1_a3_s0	8	2271	0.0022	0.0828	0.2589	0.6561	17683	0.5980	21703	0.3066	0.2697	0.1368	0.0429	0.0599	0.0167	0.0381	0.0252	0.0199	0.0160	0.0170	0.0035	0.0140	0.0155	0.0183
found_transfer	ds-composition	la_T1_a3	headline	0	ds-composition/artifacts/dsc/la_T1_a3_s0	1	1258	0.0008	0.0525	0.2862	0.6606	1258	0.6606	11128	0.3224	0.2901	0.1582	0.0292	0.0701	0.0127	0.0071	0.0214	0.0342	0.0099	0.0093	0.0070	0.0127	0.0130	0.0027
found_transfer	ds-composition	la_T1_a3	headline	0	ds-composition/artifacts/dsc/la_T1_a3_s0	2	1290	0.0000	0.0388	0.1775	0.7837	2548	0.7229	12157	0.3194	0.2908	0.1485	0.0358	0.0831	0.0114	0.0107	0.0214	0.0261	0.0098	0.0106	0.0058	0.0121	0.0105	0.0041
found_transfer	ds-composition	la_T1_a3	headline	0	ds-composition/artifacts/dsc/la_T1_a3_s0	3	875	0.0011	0.0389	0.2114	0.7486	3423	0.7295	8450	0.3173	0.2854	0.1475	0.0288	0.0845	0.0141	0.0172	0.0240	0.0264	0.0105	0.0114	0.0037	0.0111	0.0114	0.0069
found_transfer	ds-composition	la_T1_a3	headline	0	ds-composition/artifacts/dsc/la_T1_a3_s0	4	696	0.0014	0.0474	0.2098	0.7414	4119	0.7315	6801	0.3176	0.2820	0.1431	0.0326	0.0828	0.0147	0.0169	0.0219	0.0243	0.0126	0.0141	0.0062	0.0149	0.0099	0.0065
found_transfer	ds-composition	la_T1_a3	headline	0	ds-composition/artifacts/dsc/la_T1_a3_s0	5	752	0.0000	0.0452	0.2021	0.7527	4871	0.7348	7448	0.3124	0.2751	0.1490	0.0338	0.0789	0.0164	0.0224	0.0213	0.0275	0.0125	0.0115	0.0046	0.0142	0.0124	0.0078
found_transfer	ds-composition	la_T1_a3	headline	0	ds-composition/artifacts/dsc/la_T1_a3_s0	6	697	0.0014	0.0846	0.1549	0.7590	5568	0.7378	6978	0.3061	0.2645	0.1561	0.0363	0.0784	0.0191	0.0301	0.0195	0.0251	0.0126	0.0136	0.0034	0.0130	0.0103	0.0119
found_transfer	ds-composition	la_T1_a3	headline	0	ds-composition/artifacts/dsc/la_T1_a3_s0	7	814	0.0000	0.0676	0.2052	0.7273	6382	0.7364	8107	0.3089	0.2720	0.1458	0.0308	0.0736	0.0167	0.0284	0.0207	0.0221	0.0165	0.0122	0.0036	0.0143	0.0164	0.0180
found_transfer	ds-composition	la_T1_a3	headline	0	ds-composition/artifacts/dsc/la_T1_a3_s0	8	847	0.0000	0.0697	0.1960	0.7344	7229	0.7362	8590	0.3070	0.2679	0.1434	0.0331	0.0792	0.0169	0.0313	0.0201	0.0217	0.0163	0.0133	0.0054	0.0136	0.0135	0.0175
found	ds-composition	la_T1_a4	headline	0	ds-composition/artifacts/dsc/la_T1_a4_s0	1	978	0.0041	0.1309	0.5204	0.3446	978	0.3446	7214	0.3162	0.2994	0.1748	0.0299	0.0787	0.0055	0.0055	0.0236	0.0182	0.0093	0.0101	0.0057	0.0094	0.0100	0.0036
found	ds-composition	la_T1_a4	headline	0	ds-composition/artifacts/dsc/la_T1_a4_s0	2	1591	0.0006	0.0314	0.1534	0.8146	2569	0.6357	12547	0.3619	0.3513	0.1176	0.0277	0.0548	0.0036	0.0033	0.0230	0.0167	0.0053	0.0150	0.0034	0.0080	0.0068	0.0018
found	ds-composition	la_T1_a4	headline	0	ds-composition/artifacts/dsc/la_T1_a4_s0	3	599	0.0000	0.0334	0.2821	0.6845	3168	0.6449	5025	0.3389	0.3104	0.1391	0.0300	0.0714	0.0100	0.0068	0.0221	0.0237	0.0115	0.0143	0.0086	0.0064	0.0038	0.0030
found	ds-composition	la_T1_a4	headline	0	ds-composition/artifacts/dsc/la_T1_a4_s0	4	453	0.0022	0.0530	0.3135	0.6313	3621	0.6432	3873	0.3318	0.2969	0.1387	0.0315	0.0741	0.0116	0.0046	0.0305	0.0186	0.0176	0.0134	0.0116	0.0072	0.0059	0.0059
found	ds-composition	la_T1_a4	headline	0	ds-composition/artifacts/dsc/la_T1_a4_s0	5	415	0.0000	0.0458	0.3060	0.6482	4036	0.6437	3596	0.3273	0.3003	0.1413	0.0370	0.0734	0.0108	0.0053	0.0270	0.0164	0.0156	0.0136	0.0053	0.0108	0.0056	0.0103
found	ds-composition	la_T1_a4	headline	0	ds-composition/artifacts/dsc/la_T1_a4_s0	6	342	0.0000	0.0409	0.3450	0.6140	4378	0.6414	2969	0.3193	0.2910	0.1391	0.0290	0.0812	0.0101	0.0081	0.0263	0.0189	0.0189	0.0219	0.0081	0.0111	0.0064	0.0108
found	ds-composition	la_T1_a4	headline	0	ds-composition/artifacts/dsc/la_T1_a4_s0	7	313	0.0000	0.0383	0.2620	0.6997	4691	0.6453	2783	0.3295	0.3029	0.1279	0.0284	0.0744	0.0104	0.0115	0.0302	0.0190	0.0172	0.0155	0.0057	0.0097	0.0061	0.0115
found	ds-composition	la_T1_a4	headline	0	ds-composition/artifacts/dsc/la_T1_a4_s0	8	299	0.0000	0.0535	0.3244	0.6221	4990	0.6439	2639	0.3225	0.2880	0.1451	0.0277	0.0712	0.0140	0.0106	0.0208	0.0208	0.0182	0.0201	0.0064	0.0121	0.0106	0.0117
found_transfer	ds-composition	la_T1_a4	headline	0	ds-composition/artifacts/dsc/la_T1_a4_s0	1	80	0.0000	0.1500	0.4125	0.4375	80	0.4375	638	0.3135	0.2947	0.1708	0.0204	0.0784	0.0000	0.0016	0.0266	0.0235	0.0204	0.0063	0.0188	0.0110	0.0125	0.0016
found_transfer	ds-composition	la_T1_a4	headline	0	ds-composition/artifacts/dsc/la_T1_a4_s0	2	436	0.0000	0.0321	0.0757	0.8922	516	0.8217	3778	0.3438	0.3314	0.1570	0.0278	0.0654	0.0053	0.0016	0.0230	0.0201	0.0021	0.0064	0.0019	0.0064	0.0077	0.0003
found_transfer	ds-composition	la_T1_a4	headline	0	ds-composition/artifacts/dsc/la_T1_a4_s0	3	348	0.0000	0.0316	0.1839	0.7845	864	0.8067	3093	0.3456	0.3214	0.1229	0.0323	0.0769	0.0091	0.0048	0.0285	0.0188	0.0084	0.0107	0.0061	0.0081	0.0042	0.0023
found_transfer	ds-composition	la_T1_a4	headline	0	ds-composition/artifacts/dsc/la_T1_a4_s0	4	237	0.0000	0.0084	0.1730	0.8186	1101	0.8093	2197	0.3314	0.3104	0.1425	0.0305	0.0901	0.0068	0.0055	0.0232	0.0250	0.0086	0.0100	0.0073	0.0055	0.0018	0.0014
found_transfer	ds-composition	la_T1_a4	headline	0	ds-composition/artifacts/dsc/la_T1_a4_s0	5	327	0.0000	0.0398	0.1682	0.7920	1428	0.8053	3028	0.3273	0.3065	0.1371	0.0327	0.0964	0.0076	0.0030	0.0218	0.0264	0.0106	0.0119	0.0056	0.0046	0.0036	0.0050
found_transfer	ds-composition	la_T1_a4	headline	0	ds-composition/artifacts/dsc/la_T1_a4_s0	6	277	0.0000	0.0289	0.1769	0.7942	1705	0.8035	2612	0.3224	0.2971	0.1394	0.0360	0.0907	0.0100	0.0050	0.0191	0.0245	0.0126	0.0153	0.0054	0.0073	0.0080	0.0073
found_transfer	ds-composition	la_T1_a4	headline	0	ds-composition/artifacts/dsc/la_T1_a4_s0	7	251	0.0000	0.0478	0.1952	0.7570	1956	0.7975	2351	0.3203	0.2956	0.1416	0.0391	0.0863	0.0106	0.0068	0.0242	0.0234	0.0119	0.0115	0.0034	0.0089	0.0077	0.0085
found_transfer	ds-composition	la_T1_a4	headline	0	ds-composition/artifacts/dsc/la_T1_a4_s0	8	212	0.0000	0.0660	0.1698	0.7642	2168	0.7943	2006	0.3076	0.2861	0.1635	0.0274	0.0892	0.0105	0.0150	0.0249	0.0309	0.0100	0.0100	0.0005	0.0085	0.0065	0.0095
found	ds-composition	la_T1_c0	headline	0	ds-composition/artifacts/dsc/la_T1_c0_s0	1	976	0.0041	0.1537	0.5645	0.2777	976	0.2777	7180	0.3097	0.2893	0.1836	0.0336	0.0726	0.0077	0.0068	0.0291	0.0178	0.0109	0.0088	0.0052	0.0109	0.0085	0.0057
found	ds-composition	la_T1_c0	headline	0	ds-composition/artifacts/dsc/la_T1_c0_s0	2	1622	0.0000	0.0253	0.1646	0.8101	2598	0.6101	12795	0.3623	0.3502	0.1206	0.0274	0.0534	0.0045	0.0037	0.0232	0.0157	0.0046	0.0140	0.0030	0.0066	0.0091	0.0016
found	ds-composition	la_T1_c0	headline	0	ds-composition/artifacts/dsc/la_T1_c0_s0	3	683	0.0000	0.0483	0.2928	0.6589	3281	0.6202	5747	0.3377	0.3115	0.1396	0.0331	0.0764	0.0104	0.0066	0.0223	0.0188	0.0080	0.0117	0.0054	0.0071	0.0087	0.0028
found	ds-composition	la_T1_c0	headline	0	ds-composition/artifacts/dsc/la_T1_c0_s0	4	458	0.0000	0.0502	0.2969	0.6528	3739	0.6242	3986	0.3279	0.3011	0.1387	0.0319	0.0840	0.0100	0.0090	0.0261	0.0173	0.0108	0.0161	0.0068	0.0098	0.0065	0.0040
found	ds-composition	la_T1_c0	headline	0	ds-composition/artifacts/dsc/la_T1_c0_s0	5	371	0.0000	0.0485	0.2884	0.6631	4110	0.6277	3289	0.3232	0.2934	0.1505	0.0313	0.0800	0.0109	0.0112	0.0283	0.0189	0.0106	0.0112	0.0079	0.0094	0.0103	0.0027
found	ds-composition	la_T1_c0	headline	0	ds-composition/artifacts/dsc/la_T1_c0_s0	6	366	0.0000	0.0847	0.4044	0.5109	4476	0.6182	3130	0.3118	0.2789	0.1575	0.0358	0.0786	0.0121	0.0096	0.0262	0.0185	0.0134	0.0179	0.0086	0.0131	0.0131	0.0048
found	ds-composition	la_T1_c0	headline	0	ds-composition/artifacts/dsc/la_T1_c0_s0	7	313	0.0000	0.0831	0.3291	0.5879	4789	0.6162	2753	0.3088	0.2830	0.1547	0.0298	0.0872	0.0084	0.0138	0.0272	0.0247	0.0127	0.0163	0.0091	0.0073	0.0134	0.0036
found	ds-composition	la_T1_c0	headline	0	ds-composition/artifacts/dsc/la_T1_c0_s0	8	315	0.0000	0.0762	0.3873	0.5365	5104	0.6113	2755	0.3060	0.2751	0.1535	0.0370	0.0791	0.0094	0.0163	0.0298	0.0225	0.0174	0.0171	0.0120	0.0102	0.0091	0.0054
found_transfer	ds-composition	la_T1_c0	headline	0	ds-composition/artifacts/dsc/la_T1_c0_s0	1	90	0.0000	0.1222	0.3111	0.5667	90	0.5667	714	0.3347	0.3179	0.1583	0.0336	0.0644	0.0056	0.0000	0.0196	0.0112	0.0056	0.0112	0.0056	0.0168	0.0154	0.0000
found_transfer	ds-composition	la_T1_c0	headline	0	ds-composition/artifacts/dsc/la_T1_c0_s0	2	441	0.0023	0.0385	0.1474	0.8118	531	0.7702	3854	0.3347	0.3204	0.1663	0.0371	0.0693	0.0065	0.0029	0.0228	0.0179	0.0023	0.0049	0.0013	0.0039	0.0086	0.0010
found_transfer	ds-composition	la_T1_c0	headline	0	ds-composition/artifacts/dsc/la_T1_c0_s0	3	357	0.0000	0.0084	0.1681	0.8235	888	0.7917	3257	0.3344	0.3175	0.1455	0.0359	0.0795	0.0080	0.0089	0.0193	0.0255	0.0031	0.0068	0.0009	0.0077	0.0049	0.0021
found_transfer	ds-composition	la_T1_c0	headline	0	ds-composition/artifacts/dsc/la_T1_c0_s0	4	313	0.0000	0.0128	0.1342	0.8530	1201	0.8077	2906	0.3331	0.3190	0.1366	0.0423	0.0936	0.0055	0.0055	0.0182	0.0182	0.0034	0.0076	0.0031	0.0065	0.0069	0.0003
found_transfer	ds-composition	la_T1_c0	headline	0	ds-composition/artifacts/dsc/la_T1_c0_s0	5	254	0.0000	0.0197	0.1496	0.8307	1455	0.8117	2367	0.3274	0.3122	0.1428	0.0317	0.0807	0.0063	0.0114	0.0266	0.0237	0.0055	0.0106	0.0025	0.0080	0.0076	0.0030
found_transfer	ds-composition	la_T1_c0	headline	0	ds-composition/artifacts/dsc/la_T1_c0_s0	6	249	0.0000	0.0080	0.1084	0.8835	1704	0.8222	2358	0.3274	0.3104	0.1357	0.0394	0.0806	0.0064	0.0098	0.0284	0.0144	0.0064	0.0153	0.0042	0.0098	0.0098	0.0021
found_transfer	ds-composition	la_T1_c0	headline	0	ds-composition/artifacts/dsc/la_T1_c0_s0	7	194	0.0000	0.0258	0.1959	0.7784	1898	0.8177	1800	0.3194	0.2939	0.1444	0.0428	0.0833	0.0089	0.0078	0.0272	0.0206	0.0111	0.0122	0.0078	0.0089	0.0083	0.0033
found_transfer	ds-composition	la_T1_c0	headline	0	ds-composition/artifacts/dsc/la_T1_c0_s0	8	162	0.0062	0.0123	0.2222	0.7593	2060	0.8131	1510	0.3146	0.2927	0.1490	0.0344	0.0881	0.0066	0.0132	0.0265	0.0238	0.0099	0.0139	0.0086	0.0093	0.0079	0.0013
found	ds-composition	la_frozen_a1	frozen	0	ds-composition/artifacts/dsc/la_frozen_a1_s0	1	1379	0.0015	0.1030	0.4634	0.4322	1379	0.4322	10286	0.3282	0.3152	0.1599	0.0307	0.0677	0.0044	0.0062	0.0271	0.0179	0.0066	0.0097	0.0043	0.0103	0.0094	0.0023
found	ds-composition	la_frozen_a1	frozen	0	ds-composition/artifacts/dsc/la_frozen_a1_s0	2	253	0.0000	0.1423	0.3755	0.4822	1632	0.4400	1940	0.3253	0.3108	0.1536	0.0222	0.0784	0.0062	0.0077	0.0309	0.0216	0.0057	0.0165	0.0021	0.0077	0.0077	0.0036
found	ds-composition	la_frozen_a1	frozen	0	ds-composition/artifacts/dsc/la_frozen_a1_s0	3	152	0.0000	0.1447	0.4145	0.4408	1784	0.4400	1152	0.3220	0.3090	0.1493	0.0278	0.0807	0.0052	0.0148	0.0269	0.0165	0.0061	0.0217	0.0026	0.0078	0.0061	0.0035
found	ds-composition	la_frozen_a1	frozen	0	ds-composition/artifacts/dsc/la_frozen_a1_s0	4	88	0.0000	0.1136	0.4318	0.4545	1872	0.4407	683	0.3265	0.2987	0.1552	0.0381	0.0586	0.0102	0.0088	0.0322	0.0176	0.0132	0.0176	0.0073	0.0059	0.0044	0.0059
found	ds-composition	la_frozen_a1	frozen	0	ds-composition/artifacts/dsc/la_frozen_a1_s0	5	92	0.0109	0.0870	0.4130	0.4891	1964	0.4430	720	0.3278	0.3139	0.1417	0.0278	0.0778	0.0042	0.0042	0.0194	0.0278	0.0069	0.0250	0.0056	0.0111	0.0056	0.0014
found	ds-composition	la_frozen_a1	frozen	0	ds-composition/artifacts/dsc/la_frozen_a1_s0	6	61	0.0000	0.1148	0.4590	0.4262	2025	0.4425	482	0.3237	0.2822	0.1598	0.0124	0.0622	0.0145	0.0124	0.0290	0.0270	0.0145	0.0187	0.0124	0.0187	0.0104	0.0021
found	ds-composition	la_frozen_a1	frozen	0	ds-composition/artifacts/dsc/la_frozen_a1_s0	7	56	0.0179	0.0536	0.4643	0.4643	2081	0.4431	439	0.3212	0.3144	0.1412	0.0251	0.0888	0.0023	0.0182	0.0296	0.0137	0.0068	0.0159	0.0023	0.0068	0.0091	0.0046
found	ds-composition	la_frozen_a1	frozen	0	ds-composition/artifacts/dsc/la_frozen_a1_s0	8	37	0.0000	0.1081	0.3784	0.5135	2118	0.4443	288	0.3333	0.3264	0.1319	0.0174	0.0868	0.0035	0.0139	0.0278	0.0104	0.0000	0.0243	0.0000	0.0069	0.0174	0.0000
found_transfer	ds-composition	la_frozen_a1	frozen	0	ds-composition/artifacts/dsc/la_frozen_a1_s0	1	142	0.0000	0.0845	0.3028	0.6127	142	0.6127	1144	0.3400	0.3164	0.1547	0.0262	0.0621	0.0079	0.0017	0.0245	0.0140	0.0105	0.0079	0.0079	0.0114	0.0122	0.0026
found_transfer	ds-composition	la_frozen_a1	frozen	0	ds-composition/artifacts/dsc/la_frozen_a1_s0	2	30	0.0000	0.2333	0.2667	0.5000	172	0.5930	249	0.2932	0.2811	0.2169	0.0281	0.0763	0.0040	0.0040	0.0321	0.0161	0.0120	0.0040	0.0040	0.0080	0.0120	0.0080
found_transfer	ds-composition	la_frozen_a1	frozen	0	ds-composition/artifacts/dsc/la_frozen_a1_s0	3	24	0.0000	0.0833	0.4583	0.4583	196	0.5765	200	0.3250	0.2750	0.1750	0.0200	0.0850	0.0200	0.0000	0.0050	0.0300	0.0200	0.0150	0.0100	0.0050	0.0050	0.0100
found_transfer	ds-composition	la_frozen_a1	frozen	0	ds-composition/artifacts/dsc/la_frozen_a1_s0	4	21	0.0000	0.0952	0.3810	0.5238	217	0.5714	179	0.3073	0.2961	0.2179	0.0391	0.0726	0.0056	0.0112	0.0056	0.0168	0.0000	0.0056	0.0000	0.0056	0.0168	0.0000
found_transfer	ds-composition	la_frozen_a1	frozen	0	ds-composition/artifacts/dsc/la_frozen_a1_s0	5	17	0.0000	0.0588	0.2941	0.6471	234	0.5769	144	0.3264	0.2986	0.1736	0.0208	0.0556	0.0139	0.0000	0.0139	0.0486	0.0000	0.0069	0.0000	0.0139	0.0278	0.0000
found_transfer	ds-composition	la_frozen_a1	frozen	0	ds-composition/artifacts/dsc/la_frozen_a1_s0	6	11	0.0000	0.1818	0.4545	0.3636	245	0.5673	96	0.2812	0.2708	0.1771	0.0208	0.0833	0.0000	0.0208	0.0208	0.0417	0.0208	0.0104	0.0104	0.0208	0.0104	0.0104
found_transfer	ds-composition	la_frozen_a1	frozen	0	ds-composition/artifacts/dsc/la_frozen_a1_s0	7	13	0.0000	0.0769	0.4615	0.4615	258	0.5620	112	0.3214	0.2857	0.1964	0.0179	0.0714	0.0179	0.0000	0.0089	0.0268	0.0089	0.0000	0.0000	0.0089	0.0268	0.0089
found_transfer	ds-composition	la_frozen_a1	frozen	0	ds-composition/artifacts/dsc/la_frozen_a1_s0	8	7	0.0000	0.2857	0.5714	0.1429	265	0.5509	58	0.3103	0.2759	0.1724	0.0172	0.0862	0.0172	0.0000	0.0345	0.0000	0.0000	0.0172	0.0000	0.0172	0.0517	0.0000
found	ds-composition	la_frozen_a2	frozen	0	ds-composition/artifacts/dsc/la_frozen_a2_s0	1	839	0.0024	0.1085	0.5077	0.3814	839	0.3814	6060	0.3328	0.3059	0.1551	0.0304	0.0591	0.0094	0.0046	0.0310	0.0149	0.0142	0.0045	0.0081	0.0120	0.0119	0.0061
found	ds-composition	la_frozen_a2	frozen	0	ds-composition/artifacts/dsc/la_frozen_a2_s0	2	170	0.0000	0.0824	0.4588	0.4588	1009	0.3944	1258	0.3339	0.3203	0.1399	0.0310	0.0453	0.0048	0.0048	0.0390	0.0175	0.0095	0.0087	0.0040	0.0151	0.0207	0.0056
found	ds-composition	la_frozen_a2	frozen	0	ds-composition/artifacts/dsc/la_frozen_a2_s0	3	104	0.0000	0.0962	0.4808	0.4231	1113	0.3971	777	0.3295	0.3140	0.1493	0.0257	0.0592	0.0064	0.0064	0.0335	0.0219	0.0142	0.0064	0.0026	0.0129	0.0064	0.0116
found	ds-composition	la_frozen_a2	frozen	0	ds-composition/artifacts/dsc/la_frozen_a2_s0	4	68	0.0000	0.1176	0.4265	0.4559	1181	0.4005	503	0.3340	0.3221	0.1412	0.0298	0.0477	0.0060	0.0139	0.0298	0.0159	0.0040	0.0159	0.0000	0.0179	0.0179	0.0040
found	ds-composition	la_frozen_a2	frozen	0	ds-composition/artifacts/dsc/la_frozen_a2_s0	5	57	0.0000	0.1228	0.3860	0.4912	1238	0.4047	426	0.3357	0.3192	0.1291	0.0352	0.0657	0.0070	0.0023	0.0352	0.0188	0.0047	0.0094	0.0023	0.0211	0.0117	0.0023
found	ds-composition	la_frozen_a2	frozen	0	ds-composition/artifacts/dsc/la_frozen_a2_s0	6	60	0.0167	0.1333	0.4333	0.4167	1298	0.4052	439	0.3303	0.3098	0.1390	0.0228	0.0774	0.0091	0.0046	0.0205	0.0182	0.0137	0.0137	0.0023	0.0137	0.0137	0.0114
found	ds-composition	la_frozen_a2	frozen	0	ds-composition/artifacts/dsc/la_frozen_a2_s0	7	42	0.0000	0.1190	0.4524	0.4286	1340	0.4060	317	0.3091	0.3091	0.1514	0.0379	0.0536	0.0000	0.0032	0.0379	0.0221	0.0126	0.0221	0.0000	0.0126	0.0158	0.0126
found	ds-composition	la_frozen_a2	frozen	0	ds-composition/artifacts/dsc/la_frozen_a2_s0	8	35	0.0000	0.0000	0.4857	0.5143	1375	0.4087	265	0.3472	0.3245	0.1245	0.0604	0.0491	0.0113	0.0038	0.0377	0.0000	0.0038	0.0151	0.0000	0.0113	0.0075	0.0038
found_transfer	ds-composition	la_frozen_a2	frozen	0	ds-composition/artifacts/dsc/la_frozen_a2_s0	1	70	0.0000	0.0571	0.4714	0.4714	70	0.4714	532	0.3515	0.2970	0.1335	0.0207	0.0207	0.0150	0.0038	0.0282	0.0282	0.0263	0.0019	0.0244	0.0207	0.0263	0.0019
found_transfer	ds-composition	la_frozen_a2	frozen	0	ds-composition/artifacts/dsc/la_frozen_a2_s0	2	19	0.0000	0.1579	0.5789	0.2632	89	0.4270	147	0.3061	0.2585	0.1633	0.0272	0.0408	0.0136	0.0000	0.0408	0.0340	0.0340	0.0000	0.0204	0.0272	0.0204	0.0136
found_transfer	ds-composition	la_frozen_a2	frozen	0	ds-composition/artifacts/dsc/la_frozen_a2_s0	3	17	0.0000	0.1176	0.3529	0.5294	106	0.4434	131	0.3282	0.2824	0.1374	0.0076	0.0611	0.0153	0.0076	0.0229	0.0382	0.0305	0.0076	0.0153	0.0153	0.0153	0.0153
found_transfer	ds-composition	la_frozen_a2	frozen	0	ds-composition/artifacts/dsc/la_frozen_a2_s0	4	10	0.0000	0.1000	0.4000	0.5000	116	0.4483	77	0.3377	0.2987	0.1169	0.0390	0.0519	0.0130	0.0130	0.0130	0.0390	0.0130	0.0000	0.0130	0.0390	0.0130	0.0000
found_transfer	ds-composition	la_frozen_a2	frozen	0	ds-composition/artifacts/dsc/la_frozen_a2_s0	5	9	0.0000	0.1111	0.2222	0.6667	125	0.4640	68	0.3382	0.3235	0.1324	0.0147	0.0588	0.0000	0.0000	0.0294	0.0441	0.0147	0.0000	0.0147	0.0147	0.0147	0.0000
found_transfer	ds-composition	la_frozen_a2	frozen	0	ds-composition/artifacts/dsc/la_frozen_a2_s0	6	7	0.0000	0.1429	0.5714	0.2857	132	0.4545	53	0.2830	0.2642	0.1887	0.0189	0.0755	0.0000	0.0000	0.0000	0.0943	0.0189	0.0189	0.0189	0.0000	0.0189	0.0000
found_transfer	ds-composition	la_frozen_a2	frozen	0	ds-composition/artifacts/dsc/la_frozen_a2_s0	7	7	0.0000	0.0000	0.2857	0.7143	139	0.4676	53	0.3774	0.3019	0.0755	0.0189	0.0189	0.0189	0.0189	0.0000	0.0377	0.0566	0.0189	0.0377	0.0000	0.0000	0.0189
found_transfer	ds-composition	la_frozen_a2	frozen	0	ds-composition/artifacts/dsc/la_frozen_a2_s0	8	3	0.0000	0.3333	0.6667	0.0000	142	0.4577	21	0.2857	0.0952	0.1429	0.0476	0.0000	0.0476	0.0000	0.0000	0.0952	0.0952	0.0000	0.0952	0.0476	0.0476	0.0000
found	ds-composition	la_frozen_a3	frozen	0	ds-composition/artifacts/dsc/la_frozen_a3_s0	1	4301	0.0019	0.0911	0.3990	0.5080	4301	0.5080	34794	0.3243	0.2932	0.1572	0.0318	0.0617	0.0129	0.0101	0.0241	0.0268	0.0113	0.0128	0.0053	0.0118	0.0106	0.0060
found	ds-composition	la_frozen_a3	frozen	0	ds-composition/artifacts/dsc/la_frozen_a3_s0	2	853	0.0012	0.1278	0.4326	0.4385	5154	0.4965	7412	0.3029	0.2678	0.1650	0.0353	0.0720	0.0143	0.0209	0.0270	0.0278	0.0128	0.0139	0.0065	0.0138	0.0135	0.0065
found	ds-composition	la_frozen_a3	frozen	0	ds-composition/artifacts/dsc/la_frozen_a3_s0	3	496	0.0020	0.1069	0.4294	0.4617	5650	0.4935	4320	0.3002	0.2676	0.1639	0.0333	0.0660	0.0132	0.0238	0.0322	0.0282	0.0130	0.0137	0.0063	0.0164	0.0155	0.0067
found	ds-composition	la_frozen_a3	frozen	0	ds-composition/artifacts/dsc/la_frozen_a3_s0	4	428	0.0000	0.1332	0.3925	0.4743	6078	0.4921	3768	0.3041	0.2635	0.1611	0.0361	0.0730	0.0175	0.0279	0.0257	0.0234	0.0117	0.0146	0.0056	0.0143	0.0154	0.0061
found	ds-composition	la_frozen_a3	frozen	0	ds-composition/artifacts/dsc/la_frozen_a3_s0	5	339	0.0029	0.1180	0.4012	0.4779	6417	0.4914	2993	0.2974	0.2693	0.1647	0.0371	0.0675	0.0114	0.0274	0.0271	0.0277	0.0134	0.0104	0.0053	0.0174	0.0157	0.0084
found	ds-composition	la_frozen_a3	frozen	0	ds-composition/artifacts/dsc/la_frozen_a3_s0	6	280	0.0000	0.1036	0.5036	0.3929	6697	0.4872	2490	0.2960	0.2643	0.1635	0.0394	0.0783	0.0133	0.0301	0.0265	0.0249	0.0145	0.0092	0.0052	0.0145	0.0120	0.0084
found	ds-composition	la_frozen_a3	frozen	0	ds-composition/artifacts/dsc/la_frozen_a3_s0	7	246	0.0000	0.1545	0.4065	0.4390	6943	0.4855	2205	0.2916	0.2567	0.1669	0.0358	0.0730	0.0136	0.0308	0.0240	0.0286	0.0141	0.0132	0.0077	0.0177	0.0200	0.0063
found	ds-composition	la_frozen_a3	frozen	0	ds-composition/artifacts/dsc/la_frozen_a3_s0	8	216	0.0000	0.1713	0.4398	0.3889	7159	0.4826	1929	0.2924	0.2566	0.1706	0.0378	0.0793	0.0166	0.0321	0.0290	0.0275	0.0093	0.0135	0.0026	0.0145	0.0119	0.0062
found_transfer	ds-composition	la_frozen_a3	frozen	0	ds-composition/artifacts/dsc/la_frozen_a3_s0	1	1258	0.0008	0.0525	0.2862	0.6606	1258	0.6606	11128	0.3224	0.2901	0.1582	0.0292	0.0701	0.0127	0.0071	0.0214	0.0342	0.0099	0.0093	0.0070	0.0127	0.0130	0.0027
found_transfer	ds-composition	la_frozen_a3	frozen	0	ds-composition/artifacts/dsc/la_frozen_a3_s0	2	272	0.0000	0.0735	0.3162	0.6103	1530	0.6516	2526	0.3068	0.2664	0.1619	0.0317	0.0831	0.0154	0.0135	0.0214	0.0340	0.0150	0.0103	0.0095	0.0154	0.0107	0.0048
found_transfer	ds-composition	la_frozen_a3	frozen	0	ds-composition/artifacts/dsc/la_frozen_a3_s0	3	181	0.0000	0.0939	0.3481	0.5580	1711	0.6417	1670	0.3000	0.2653	0.1653	0.0341	0.0874	0.0138	0.0132	0.0246	0.0359	0.0120	0.0102	0.0072	0.0150	0.0114	0.0048
found_transfer	ds-composition	la_frozen_a3	frozen	0	ds-composition/artifacts/dsc/la_frozen_a3_s0	4	139	0.0000	0.0576	0.3597	0.5827	1850	0.6373	1285	0.3004	0.2739	0.1549	0.0327	0.0934	0.0117	0.0187	0.0265	0.0288	0.0070	0.0202	0.0031	0.0125	0.0125	0.0039
found_transfer	ds-composition	la_frozen_a3	frozen	0	ds-composition/artifacts/dsc/la_frozen_a3_s0	5	122	0.0000	0.1639	0.2951	0.5410	1972	0.6313	1110	0.2910	0.2640	0.1721	0.0297	0.0766	0.0117	0.0162	0.0297	0.0360	0.0117	0.0144	0.0036	0.0180	0.0171	0.0081
found_transfer	ds-composition	la_frozen_a3	frozen	0	ds-composition/artifacts/dsc/la_frozen_a3_s0	6	88	0.0114	0.0682	0.3864	0.5341	2060	0.6272	817	0.2974	0.2570	0.1591	0.0379	0.0942	0.0171	0.0208	0.0196	0.0257	0.0135	0.0208	0.0061	0.0135	0.0086	0.0086
found_transfer	ds-composition	la_frozen_a3	frozen	0	ds-composition/artifacts/dsc/la_frozen_a3_s0	7	100	0.0000	0.1200	0.2700	0.6100	2160	0.6264	928	0.3039	0.2651	0.1573	0.0377	0.0711	0.0162	0.0183	0.0323	0.0291	0.0097	0.0140	0.0065	0.0172	0.0172	0.0043
found_transfer	ds-composition	la_frozen_a3	frozen	0	ds-composition/artifacts/dsc/la_frozen_a3_s0	8	89	0.0000	0.1124	0.3708	0.5169	2249	0.6221	856	0.2967	0.2699	0.1624	0.0374	0.0818	0.0105	0.0245	0.0175	0.0362	0.0070	0.0105	0.0058	0.0187	0.0199	0.0012
found	ds-composition	la_frozen_a4	frozen	0	ds-composition/artifacts/dsc/la_frozen_a4_s0	1	978	0.0041	0.1309	0.5204	0.3446	978	0.3446	7214	0.3162	0.2994	0.1748	0.0299	0.0787	0.0055	0.0055	0.0236	0.0182	0.0093	0.0101	0.0057	0.0094	0.0100	0.0036
found	ds-composition	la_frozen_a4	frozen	0	ds-composition/artifacts/dsc/la_frozen_a4_s0	2	211	0.0000	0.0995	0.3460	0.5545	1189	0.3818	1588	0.3407	0.3287	0.1316	0.0264	0.0567	0.0038	0.0063	0.0302	0.0195	0.0050	0.0227	0.0044	0.0120	0.0113	0.0006
found	ds-composition	la_frozen_a4	frozen	0	ds-composition/artifacts/dsc/la_frozen_a4_s0	3	140	0.0000	0.1286	0.3643	0.5071	1329	0.3950	1056	0.3343	0.3153	0.1402	0.0312	0.0767	0.0066	0.0028	0.0265	0.0199	0.0066	0.0133	0.0057	0.0104	0.0095	0.0009
found	ds-composition	la_frozen_a4	frozen	0	ds-composition/artifacts/dsc/la_frozen_a4_s0	4	82	0.0000	0.0488	0.3049	0.6463	1411	0.4096	623	0.3483	0.3419	0.1236	0.0369	0.0610	0.0016	0.0000	0.0225	0.0112	0.0064	0.0144	0.0032	0.0128	0.0128	0.0032
found	ds-composition	la_frozen_a4	frozen	0	ds-composition/artifacts/dsc/la_frozen_a4_s0	5	84	0.0000	0.0833	0.3095	0.6071	1495	0.4207	639	0.3427	0.3271	0.1424	0.0297	0.0438	0.0063	0.0047	0.0344	0.0219	0.0063	0.0078	0.0031	0.0156	0.0110	0.0031
found	ds-composition	la_frozen_a4	frozen	0	ds-composition/artifacts/dsc/la_frozen_a4_s0	6	55	0.0000	0.1091	0.2909	0.6000	1550	0.4271	421	0.3397	0.3254	0.1283	0.0285	0.0665	0.0048	0.0095	0.0309	0.0166	0.0048	0.0261	0.0048	0.0024	0.0119	0.0000
found	ds-composition	la_frozen_a4	frozen	0	ds-composition/artifacts/dsc/la_frozen_a4_s0	7	49	0.0000	0.1020	0.2041	0.6939	1599	0.4353	364	0.3544	0.3544	0.0934	0.0357	0.0632	0.0000	0.0027	0.0330	0.0110	0.0027	0.0302	0.0000	0.0027	0.0137	0.0027
found	ds-composition	la_frozen_a4	frozen	0	ds-composition/artifacts/dsc/la_frozen_a4_s0	8	41	0.0000	0.0488	0.3415	0.6098	1640	0.4396	313	0.3419	0.3387	0.1374	0.0319	0.0703	0.0000	0.0096	0.0288	0.0064	0.0032	0.0160	0.0032	0.0000	0.0128	0.0000
found_transfer	ds-composition	la_frozen_a4	frozen	0	ds-composition/artifacts/dsc/la_frozen_a4_s0	1	80	0.0000	0.1500	0.4125	0.4375	80	0.4375	638	0.3135	0.2947	0.1708	0.0204	0.0784	0.0000	0.0016	0.0266	0.0235	0.0204	0.0063	0.0188	0.0110	0.0125	0.0016
found_transfer	ds-composition	la_frozen_a4	frozen	0	ds-composition/artifacts/dsc/la_frozen_a4_s0	2	39	0.0000	0.0513	0.1795	0.7692	119	0.5462	322	0.3478	0.3292	0.1615	0.0311	0.0435	0.0062	0.0000	0.0155	0.0155	0.0062	0.0124	0.0062	0.0155	0.0093	0.0000
found_transfer	ds-composition	la_frozen_a4	frozen	0	ds-composition/artifacts/dsc/la_frozen_a4_s0	3	22	0.0000	0.0909	0.3182	0.5909	141	0.5532	179	0.3240	0.3184	0.1620	0.0223	0.0670	0.0000	0.0056	0.0056	0.0447	0.0112	0.0168	0.0056	0.0056	0.0056	0.0056
found_transfer	ds-composition	la_frozen_a4	frozen	0	ds-composition/artifacts/dsc/la_frozen_a4_s0	4	10	0.0000	0.1000	0.3000	0.6000	151	0.5563	83	0.3253	0.3253	0.1446	0.0482	0.0602	0.0000	0.0120	0.0120	0.0120	0.0120	0.0120	0.0000	0.0120	0.0120	0.0120
found_transfer	ds-composition	la_frozen_a4	frozen	0	ds-composition/artifacts/dsc/la_frozen_a4_s0	5	13	0.0000	0.0769	0.1538	0.7692	164	0.5732	104	0.3558	0.3173	0.1538	0.0192	0.0481	0.0192	0.0000	0.0192	0.0000	0.0096	0.0192	0.0000	0.0192	0.0096	0.0096
found_transfer	ds-composition	la_frozen_a4	frozen	0	ds-composition/artifacts/dsc/la_frozen_a4_s0	6	7	0.0000	0.1429	0.2857	0.5714	171	0.5731	57	0.3509	0.2807	0.1754	0.0000	0.0702	0.0351	0.0000	0.0000	0.0175	0.0000	0.0351	0.0000	0.0000	0.0351	0.0000
found_transfer	ds-composition	la_frozen_a4	frozen	0	ds-composition/artifacts/dsc/la_frozen_a4_s0	7	9	0.0000	0.1111	0.2222	0.6667	180	0.5778	72	0.3472	0.3472	0.1389	0.0278	0.0694	0.0000	0.0000	0.0000	0.0278	0.0000	0.0139	0.0000	0.0139	0.0139	0.0000
found_transfer	ds-composition	la_frozen_a4	frozen	0	ds-composition/artifacts/dsc/la_frozen_a4_s0	8	6	0.0000	0.1667	0.0000	0.8333	186	0.5860	53	0.3019	0.3019	0.2264	0.0189	0.0755	0.0000	0.0000	0.0000	0.0377	0.0000	0.0000	0.0000	0.0000	0.0377	0.0000
found	ds-composition	la_frozen_c0	frozen	0	ds-composition/artifacts/dsc/la_frozen_c0_s0	1	976	0.0041	0.1537	0.5645	0.2777	976	0.2777	7180	0.3097	0.2893	0.1836	0.0336	0.0726	0.0077	0.0068	0.0291	0.0178	0.0109	0.0088	0.0052	0.0109	0.0085	0.0057
found	ds-composition	la_frozen_c0	frozen	0	ds-composition/artifacts/dsc/la_frozen_c0_s0	2	216	0.0000	0.1065	0.3981	0.4954	1192	0.3171	1626	0.3358	0.3173	0.1378	0.0295	0.0683	0.0074	0.0049	0.0258	0.0148	0.0105	0.0166	0.0037	0.0086	0.0123	0.0068
found	ds-composition	la_frozen_c0	frozen	0	ds-composition/artifacts/dsc/la_frozen_c0_s0	3	157	0.0064	0.1529	0.4268	0.4140	1349	0.3284	1196	0.3119	0.3010	0.1564	0.0401	0.0853	0.0025	0.0050	0.0276	0.0134	0.0100	0.0151	0.0059	0.0092	0.0125	0.0042
found	ds-composition	la_frozen_c0	frozen	0	ds-composition/artifacts/dsc/la_frozen_c0_s0	4	119	0.0000	0.0756	0.3950	0.5294	1468	0.3447	900	0.3389	0.3256	0.1344	0.0300	0.0500	0.0033	0.0078	0.0289	0.0211	0.0089	0.0200	0.0067	0.0111	0.0111	0.0022
found	ds-composition	la_frozen_c0	frozen	0	ds-composition/artifacts/dsc/la_frozen_c0_s0	5	84	0.0000	0.1071	0.5000	0.3929	1552	0.3473	638	0.3150	0.3072	0.1614	0.0345	0.0721	0.0016	0.0110	0.0376	0.0094	0.0094	0.0125	0.0047	0.0063	0.0125	0.0047
found	ds-composition	la_frozen_c0	frozen	0	ds-composition/artifacts/dsc/la_frozen_c0_s0	6	69	0.0000	0.1304	0.4058	0.4638	1621	0.3523	513	0.3275	0.3158	0.1423	0.0429	0.0565	0.0039	0.0097	0.0370	0.0117	0.0078	0.0234	0.0039	0.0058	0.0078	0.0039
found	ds-composition	la_frozen_c0	frozen	0	ds-composition/artifacts/dsc/la_frozen_c0_s0	7	71	0.0000	0.0986	0.4085	0.4930	1692	0.3582	540	0.3315	0.3074	0.1463	0.0370	0.0796	0.0093	0.0056	0.0222	0.0111	0.0074	0.0074	0.0056	0.0130	0.0148	0.0019
found	ds-composition	la_frozen_c0	frozen	0	ds-composition/artifacts/dsc/la_frozen_c0_s0	8	38	0.0000	0.1579	0.3158	0.5263	1730	0.3618	292	0.3322	0.3185	0.1301	0.0377	0.0616	0.0068	0.0103	0.0205	0.0171	0.0068	0.0308	0.0000	0.0068	0.0137	0.0068
found_transfer	ds-composition	la_frozen_c0	frozen	0	ds-composition/artifacts/dsc/la_frozen_c0_s0	1	90	0.0000	0.1222	0.3111	0.5667	90	0.5667	714	0.3347	0.3179	0.1583	0.0336	0.0644	0.0056	0.0000	0.0196	0.0112	0.0056	0.0112	0.0056	0.0168	0.0154	0.0000
found_transfer	ds-composition	la_frozen_c0	frozen	0	ds-composition/artifacts/dsc/la_frozen_c0_s0	2	37	0.0000	0.1622	0.3514	0.4865	127	0.5433	300	0.3333	0.2867	0.1533	0.0333	0.0567	0.0200	0.0000	0.0300	0.0133	0.0100	0.0133	0.0067	0.0100	0.0300	0.0033
found_transfer	ds-composition	la_frozen_c0	frozen	0	ds-composition/artifacts/dsc/la_frozen_c0_s0	3	24	0.0000	0.2083	0.2083	0.5833	151	0.5497	193	0.3212	0.3057	0.1503	0.0415	0.0415	0.0000	0.0000	0.0466	0.0207	0.0207	0.0052	0.0155	0.0104	0.0155	0.0052
found_transfer	ds-composition	la_frozen_c0	frozen	0	ds-composition/artifacts/dsc/la_frozen_c0_s0	4	11	0.0000	0.2727	0.2727	0.4545	162	0.5432	90	0.3333	0.2778	0.1333	0.0667	0.0556	0.0222	0.0111	0.0444	0.0000	0.0111	0.0000	0.0111	0.0222	0.0111	0.0000
found_transfer	ds-composition	la_frozen_c0	frozen	0	ds-composition/artifacts/dsc/la_frozen_c0_s0	5	13	0.0000	0.0769	0.6154	0.3077	175	0.5257	103	0.2816	0.2816	0.1748	0.0388	0.0874	0.0000	0.0097	0.0194	0.0194	0.0194	0.0291	0.0000	0.0097	0.0097	0.0194
found_transfer	ds-composition	la_frozen_c0	frozen	0	ds-composition/artifacts/dsc/la_frozen_c0_s0	6	15	0.0000	0.0667	0.2667	0.6667	190	0.5368	122	0.3279	0.3279	0.1557	0.0246	0.0656	0.0000	0.0000	0.0246	0.0410	0.0000	0.0082	0.0000	0.0082	0.0164	0.0000
found_transfer	ds-composition	la_frozen_c0	frozen	0	ds-composition/artifacts/dsc/la_frozen_c0_s0	7	10	0.0000	0.1000	0.6000	0.3000	200	0.5250	82	0.3171	0.2805	0.1463	0.0244	0.0610	0.0122	0.0000	0.0488	0.0244	0.0244	0.0244	0.0122	0.0122	0.0000	0.0122
found_transfer	ds-composition	la_frozen_c0	frozen	0	ds-composition/artifacts/dsc/la_frozen_c0_s0	8	3	0.0000	0.3333	0.6667	0.0000	203	0.5172	26	0.2692	0.2692	0.1923	0.0000	0.0769	0.0000	0.0000	0.0769	0.0385	0.0000	0.0000	0.0000	0.0769	0.0000	0.0000
found	ds-generator	la_T1_c0	headline	0	ds-generator/artifacts/dsg/la_T1_c0_s0	1	977	0.0041	0.1535	0.5640	0.2784	977	0.2784	7187	0.3099	0.2894	0.1834	0.0337	0.0725	0.0077	0.0068	0.0291	0.0178	0.0109	0.0088	0.0051	0.0109	0.0085	0.0057
found	ds-generator	la_T1_c0	headline	0	ds-generator/artifacts/dsg/la_T1_c0_s0	2	1653	0.0000	0.0290	0.1615	0.8094	2630	0.6122	13041	0.3622	0.3500	0.1194	0.0268	0.0529	0.0044	0.0030	0.0228	0.0158	0.0054	0.0153	0.0034	0.0069	0.0097	0.0021
found	ds-generator	la_T1_c0	headline	0	ds-generator/artifacts/dsg/la_T1_c0_s0	3	684	0.0000	0.0424	0.2836	0.6740	3314	0.6249	5768	0.3341	0.3141	0.1378	0.0388	0.0692	0.0076	0.0062	0.0265	0.0180	0.0087	0.0135	0.0047	0.0095	0.0071	0.0040
found	ds-generator	la_T1_c0	headline	0	ds-generator/artifacts/dsg/la_T1_c0_s0	4	478	0.0000	0.0397	0.2992	0.6611	3792	0.6295	4087	0.3259	0.3029	0.1378	0.0276	0.0773	0.0086	0.0078	0.0274	0.0193	0.0132	0.0193	0.0059	0.0091	0.0105	0.0073
found	ds-generator	la_T1_c0	headline	0	ds-generator/artifacts/dsg/la_T1_c0_s0	5	378	0.0000	0.0608	0.2910	0.6481	4170	0.6312	3272	0.3276	0.2946	0.1326	0.0339	0.0813	0.0116	0.0104	0.0254	0.0141	0.0162	0.0171	0.0098	0.0089	0.0101	0.0064
found	ds-generator	la_T1_c0	headline	0	ds-generator/artifacts/dsg/la_T1_c0_s0	6	378	0.0000	0.0635	0.3360	0.6005	4548	0.6286	3315	0.3213	0.2839	0.1445	0.0323	0.0769	0.0142	0.0078	0.0305	0.0187	0.0181	0.0151	0.0090	0.0094	0.0090	0.0094
found	ds-generator	la_T1_c0	headline	0	ds-generator/artifacts/dsg/la_T1_c0_s0	7	368	0.0000	0.0462	0.3696	0.5842	4916	0.6253	3217	0.3180	0.2869	0.1452	0.0336	0.0671	0.0115	0.0118	0.0295	0.0202	0.0155	0.0242	0.0081	0.0093	0.0115	0.0075
found	ds-generator	la_T1_c0	headline	0	ds-generator/artifacts/dsg/la_T1_c0_s0	8	350	0.0000	0.0543	0.3629	0.5829	5266	0.6225	3102	0.3150	0.2821	0.1512	0.0322	0.0732	0.0123	0.0106	0.0274	0.0229	0.0132	0.0200	0.0084	0.0139	0.0123	0.0055
found_transfer	ds-generator	la_T1_c0	headline	0	ds-generator/artifacts/dsg/la_T1_c0_s0	1	90	0.0000	0.1222	0.3111	0.5667	90	0.5667	714	0.3347	0.3179	0.1583	0.0336	0.0644	0.0056	0.0000	0.0196	0.0112	0.0056	0.0112	0.0056	0.0168	0.0154	0.0000
found_transfer	ds-generator	la_T1_c0	headline	0	ds-generator/artifacts/dsg/la_T1_c0_s0	2	447	0.0022	0.0380	0.1342	0.8255	537	0.7821	3897	0.3385	0.3251	0.1604	0.0341	0.0685	0.0062	0.0033	0.0216	0.0182	0.0018	0.0072	0.0010	0.0056	0.0077	0.0008
found_transfer	ds-generator	la_T1_c0	headline	0	ds-generator/artifacts/dsg/la_T1_c0_s0	3	354	0.0028	0.0085	0.1554	0.8333	891	0.8025	3247	0.3314	0.3181	0.1475	0.0394	0.0751	0.0059	0.0095	0.0246	0.0240	0.0037	0.0059	0.0015	0.0052	0.0059	0.0022
found_transfer	ds-generator	la_T1_c0	headline	0	ds-generator/artifacts/dsg/la_T1_c0_s0	4	289	0.0000	0.0104	0.1419	0.8478	1180	0.8136	2671	0.3414	0.3238	0.1273	0.0371	0.0880	0.0079	0.0060	0.0198	0.0150	0.0037	0.0112	0.0019	0.0075	0.0075	0.0019
found_transfer	ds-generator	la_T1_c0	headline	0	ds-generator/artifacts/dsg/la_T1_c0_s0	5	232	0.0000	0.0086	0.1767	0.8147	1412	0.8137	2146	0.3248	0.3057	0.1393	0.0373	0.0829	0.0070	0.0070	0.0228	0.0186	0.0084	0.0205	0.0051	0.0070	0.0103	0.0033
found_transfer	ds-generator	la_T1_c0	headline	0	ds-generator/artifacts/dsg/la_T1_c0_s0	6	238	0.0000	0.0084	0.1597	0.8319	1650	0.8164	2222	0.3290	0.3092	0.1323	0.0329	0.0860	0.0068	0.0081	0.0311	0.0221	0.0095	0.0135	0.0063	0.0063	0.0045	0.0027
found_transfer	ds-generator	la_T1_c0	headline	0	ds-generator/artifacts/dsg/la_T1_c0_s0	7	227	0.0000	0.0573	0.1630	0.7797	1877	0.8119	2142	0.3235	0.2932	0.1419	0.0308	0.0784	0.0107	0.0098	0.0322	0.0205	0.0145	0.0126	0.0089	0.0079	0.0089	0.0061
found_transfer	ds-generator	la_T1_c0	headline	0	ds-generator/artifacts/dsg/la_T1_c0_s0	8	231	0.0000	0.0173	0.2078	0.7749	2108	0.8079	2192	0.3139	0.2938	0.1451	0.0420	0.0830	0.0073	0.0151	0.0237	0.0173	0.0091	0.0160	0.0055	0.0105	0.0141	0.0036
found	ds-generator	la_T1_c0	headline	1	ds-generator/artifacts/dsg/la_T1_c0_s1	1	997	0.0040	0.1374	0.5767	0.2818	997	0.2818	7305	0.3092	0.2884	0.1837	0.0339	0.0757	0.0075	0.0047	0.0231	0.0216	0.0111	0.0123	0.0057	0.0075	0.0100	0.0053
found	ds-generator	la_T1_c0	headline	1	ds-generator/artifacts/dsg/la_T1_c0_s1	2	1598	0.0006	0.0369	0.1840	0.7785	2595	0.5877	12593	0.3583	0.3425	0.1278	0.0245	0.0516	0.0061	0.0037	0.0247	0.0204	0.0055	0.0126	0.0036	0.0083	0.0085	0.0020
found	ds-generator	la_T1_c0	headline	1	ds-generator/artifacts/dsg/la_T1_c0_s1	3	688	0.0000	0.0509	0.2922	0.6570	3283	0.6022	5766	0.3340	0.3084	0.1446	0.0338	0.0753	0.0097	0.0069	0.0258	0.0172	0.0101	0.0095	0.0062	0.0095	0.0050	0.0038
found	ds-generator	la_T1_c0	headline	1	ds-generator/artifacts/dsg/la_T1_c0_s1	4	564	0.0000	0.0780	0.2961	0.6259	3847	0.6057	4878	0.3245	0.2932	0.1511	0.0326	0.0769	0.0119	0.0064	0.0264	0.0240	0.0119	0.0096	0.0076	0.0111	0.0086	0.0043
found	ds-generator	la_T1_c0	headline	1	ds-generator/artifacts/dsg/la_T1_c0_s1	5	403	0.0000	0.0794	0.3201	0.6005	4250	0.6052	3483	0.3170	0.2908	0.1525	0.0281	0.0787	0.0078	0.0072	0.0192	0.0195	0.0192	0.0080	0.0106	0.0161	0.0161	0.0092
found	ds-generator	la_T1_c0	headline	1	ds-generator/artifacts/dsg/la_T1_c0_s1	6	363	0.0000	0.0771	0.3140	0.6088	4613	0.6055	3183	0.3195	0.2897	0.1514	0.0264	0.0738	0.0116	0.0060	0.0280	0.0207	0.0157	0.0119	0.0066	0.0151	0.0145	0.0091
found	ds-generator	la_T1_c0	headline	1	ds-generator/artifacts/dsg/la_T1_c0_s1	7	344	0.0000	0.0640	0.3052	0.6308	4957	0.6072	3038	0.3213	0.2936	0.1455	0.0280	0.0698	0.0109	0.0105	0.0230	0.0181	0.0161	0.0165	0.0059	0.0142	0.0161	0.0105
found	ds-generator	la_T1_c0	headline	1	ds-generator/artifacts/dsg/la_T1_c0_s1	8	403	0.0000	0.0769	0.2655	0.6576	5360	0.6110	3600	0.3178	0.2894	0.1486	0.0297	0.0697	0.0117	0.0111	0.0208	0.0211	0.0167	0.0158	0.0050	0.0142	0.0167	0.0117
found_transfer	ds-generator	la_T1_c0	headline	1	ds-generator/artifacts/dsg/la_T1_c0_s1	1	64	0.0000	0.1562	0.5469	0.2969	64	0.2969	493	0.3063	0.2779	0.1826	0.0264	0.0852	0.0061	0.0020	0.0162	0.0264	0.0203	0.0081	0.0162	0.0061	0.0162	0.0041
found_transfer	ds-generator	la_T1_c0	headline	1	ds-generator/artifacts/dsg/la_T1_c0_s1	2	435	0.0000	0.0184	0.1379	0.8437	499	0.7735	3770	0.3390	0.3241	0.1700	0.0233	0.0642	0.0066	0.0003	0.0162	0.0308	0.0027	0.0048	0.0016	0.0074	0.0080	0.0011
found_transfer	ds-generator	la_T1_c0	headline	1	ds-generator/artifacts/dsg/la_T1_c0_s1	3	391	0.0000	0.0128	0.1535	0.8338	890	0.8000	3553	0.3313	0.3076	0.1489	0.0411	0.0813	0.0090	0.0039	0.0234	0.0236	0.0076	0.0045	0.0056	0.0062	0.0039	0.0020
found_transfer	ds-generator	la_T1_c0	headline	1	ds-generator/artifacts/dsg/la_T1_c0_s1	4	356	0.0000	0.0112	0.1742	0.8146	1246	0.8042	3284	0.3362	0.3176	0.1346	0.0338	0.0795	0.0073	0.0040	0.0228	0.0320	0.0061	0.0061	0.0040	0.0082	0.0058	0.0021
found_transfer	ds-generator	la_T1_c0	headline	1	ds-generator/artifacts/dsg/la_T1_c0_s1	5	264	0.0038	0.0492	0.1742	0.7727	1510	0.7987	2422	0.3278	0.2985	0.1429	0.0252	0.0801	0.0107	0.0045	0.0252	0.0256	0.0124	0.0120	0.0078	0.0124	0.0103	0.0045
found_transfer	ds-generator	la_T1_c0	headline	1	ds-generator/artifacts/dsg/la_T1_c0_s1	6	237	0.0000	0.0253	0.1814	0.7932	1747	0.7979	2221	0.3287	0.3089	0.1364	0.0338	0.0864	0.0077	0.0045	0.0257	0.0198	0.0113	0.0099	0.0045	0.0072	0.0086	0.0068
found_transfer	ds-generator	la_T1_c0	headline	1	ds-generator/artifacts/dsg/la_T1_c0_s1	7	203	0.0000	0.0542	0.1921	0.7537	1950	0.7933	1901	0.3272	0.2983	0.1383	0.0310	0.0752	0.0126	0.0063	0.0237	0.0168	0.0121	0.0121	0.0037	0.0153	0.0184	0.0089
found_transfer	ds-generator	la_T1_c0	headline	1	ds-generator/artifacts/dsg/la_T1_c0_s1	8	225	0.0000	0.0311	0.1956	0.7733	2175	0.7913	2120	0.3104	0.2981	0.1476	0.0425	0.0896	0.0052	0.0057	0.0203	0.0269	0.0080	0.0113	0.0019	0.0142	0.0123	0.0061
found	ds-generator	la_T1_g1	headline	0	ds-generator/artifacts/dsg/la_T1_g1_s0	1	597	0.0067	0.1541	0.7906	0.0486	597	0.0486	4333	0.2707	0.2509	0.2407	0.0413	0.0891	0.0088	0.0092	0.0300	0.0228	0.0102	0.0048	0.0023	0.0046	0.0067	0.0078
found	ds-generator	la_T1_g1	headline	0	ds-generator/artifacts/dsg/la_T1_g1_s0	2	1689	0.0006	0.0219	0.1504	0.8271	2286	0.6238	13079	0.3669	0.3564	0.1136	0.0261	0.0434	0.0034	0.0036	0.0242	0.0154	0.0053	0.0164	0.0038	0.0113	0.0088	0.0015
found	ds-generator	la_T1_g1	headline	0	ds-generator/artifacts/dsg/la_T1_g1_s0	3	848	0.0012	0.0330	0.2653	0.7005	3134	0.6445	7094	0.3331	0.3148	0.1417	0.0319	0.0816	0.0070	0.0042	0.0254	0.0195	0.0072	0.0103	0.0042	0.0085	0.0078	0.0030
found	ds-generator	la_T1_g1	headline	0	ds-generator/artifacts/dsg/la_T1_g1_s0	4	521	0.0019	0.0576	0.3301	0.6104	3655	0.6397	4410	0.3168	0.2948	0.1540	0.0390	0.0789	0.0077	0.0082	0.0274	0.0268	0.0104	0.0118	0.0066	0.0091	0.0048	0.0039
found	ds-generator	la_T1_g1	headline	0	ds-generator/artifacts/dsg/la_T1_g1_s0	5	480	0.0021	0.0521	0.2667	0.6792	4135	0.6443	4180	0.3172	0.3007	0.1428	0.0347	0.0780	0.0048	0.0079	0.0318	0.0261	0.0093	0.0144	0.0069	0.0120	0.0110	0.0024
found	ds-generator	la_T1_g1	headline	0	ds-generator/artifacts/dsg/la_T1_g1_s0	6	471	0.0000	0.0892	0.2569	0.6539	4606	0.6452	4147	0.3144	0.2906	0.1497	0.0369	0.0719	0.0087	0.0142	0.0270	0.0215	0.0125	0.0152	0.0065	0.0140	0.0106	0.0063
found	ds-generator	la_T1_g1	headline	0	ds-generator/artifacts/dsg/la_T1_g1_s0	7	422	0.0000	0.0664	0.3318	0.6019	5028	0.6416	3719	0.3133	0.2791	0.1495	0.0371	0.0699	0.0132	0.0169	0.0237	0.0242	0.0148	0.0196	0.0078	0.0102	0.0132	0.0075
found	ds-generator	la_T1_g1	headline	0	ds-generator/artifacts/dsg/la_T1_g1_s0	8	429	0.0000	0.0862	0.3263	0.5874	5457	0.6373	3798	0.3081	0.2744	0.1501	0.0266	0.0716	0.0137	0.0184	0.0361	0.0211	0.0134	0.0158	0.0063	0.0176	0.0174	0.0095
found_transfer	ds-generator	la_T1_g1	headline	0	ds-generator/artifacts/dsg/la_T1_g1_s0	1	44	0.0000	0.3182	0.5682	0.1136	44	0.1136	332	0.2681	0.2018	0.2259	0.0241	0.0602	0.0241	0.0030	0.0331	0.0301	0.0422	0.0120	0.0181	0.0181	0.0151	0.0241
found_transfer	ds-generator	la_T1_g1	headline	0	ds-generator/artifacts/dsg/la_T1_g1_s0	2	337	0.0000	0.0534	0.1691	0.7774	381	0.7008	2825	0.3370	0.3165	0.1703	0.0262	0.0492	0.0088	0.0025	0.0198	0.0219	0.0088	0.0074	0.0028	0.0113	0.0113	0.0060
found_transfer	ds-generator	la_T1_g1	headline	0	ds-generator/artifacts/dsg/la_T1_g1_s0	3	421	0.0000	0.0190	0.1188	0.8622	802	0.7855	3785	0.3297	0.3144	0.1509	0.0354	0.0824	0.0061	0.0034	0.0203	0.0259	0.0058	0.0079	0.0032	0.0071	0.0048	0.0026
found_transfer	ds-generator	la_T1_g1	headline	0	ds-generator/artifacts/dsg/la_T1_g1_s0	4	292	0.0000	0.0103	0.1575	0.8322	1094	0.7980	2696	0.3268	0.3093	0.1461	0.0349	0.0861	0.0059	0.0052	0.0245	0.0263	0.0067	0.0074	0.0056	0.0085	0.0056	0.0011
found_transfer	ds-generator	la_T1_g1	headline	0	ds-generator/artifacts/dsg/la_T1_g1_s0	5	318	0.0000	0.0063	0.1541	0.8396	1412	0.8074	2928	0.3268	0.3139	0.1393	0.0335	0.0813	0.0031	0.0068	0.0270	0.0311	0.0072	0.0072	0.0068	0.0089	0.0068	0.0003
found_transfer	ds-generator	la_T1_g1	headline	0	ds-generator/artifacts/dsg/la_T1_g1_s0	6	309	0.0000	0.0259	0.1133	0.8608	1721	0.8170	2936	0.3202	0.3031	0.1444	0.0330	0.0974	0.0068	0.0089	0.0327	0.0201	0.0048	0.0112	0.0034	0.0068	0.0058	0.0014
found_transfer	ds-generator	la_T1_g1	headline	0	ds-generator/artifacts/dsg/la_T1_g1_s0	7	279	0.0000	0.0609	0.1720	0.7670	2000	0.8100	2657	0.3146	0.2887	0.1588	0.0320	0.0851	0.0120	0.0128	0.0215	0.0305	0.0079	0.0087	0.0019	0.0113	0.0064	0.0079
found_transfer	ds-generator	la_T1_g1	headline	0	ds-generator/artifacts/dsg/la_T1_g1_s0	8	263	0.0000	0.0342	0.1825	0.7833	2263	0.8069	2507	0.3139	0.2876	0.1508	0.0339	0.0874	0.0108	0.0136	0.0191	0.0287	0.0092	0.0096	0.0048	0.0096	0.0144	0.0068
found	ds-generator	la_T1_g1	headline	1	ds-generator/artifacts/dsg/la_T1_g1_s1	1	1095	0.0027	0.0365	0.3479	0.6128	1095	0.6128	8158	0.3519	0.3397	0.1378	0.0275	0.0461	0.0049	0.0020	0.0292	0.0177	0.0039	0.0146	0.0025	0.0094	0.0115	0.0015
found	ds-generator	la_T1_g1	headline	1	ds-generator/artifacts/dsg/la_T1_g1_s1	2	938	0.0011	0.0181	0.1940	0.7868	2033	0.6931	7365	0.3595	0.3453	0.1283	0.0281	0.0501	0.0050	0.0052	0.0248	0.0162	0.0053	0.0143	0.0042	0.0076	0.0050	0.0011
found	ds-generator	la_T1_g1	headline	1	ds-generator/artifacts/dsg/la_T1_g1_s1	3	390	0.0000	0.0462	0.2872	0.6667	2423	0.6888	3212	0.3394	0.3051	0.1469	0.0246	0.0635	0.0134	0.0115	0.0227	0.0184	0.0121	0.0121	0.0075	0.0090	0.0090	0.0047
found	ds-generator	la_T1_g1	headline	1	ds-generator/artifacts/dsg/la_T1_g1_s1	4	298	0.0000	0.0805	0.3255	0.5940	2721	0.6784	2471	0.3258	0.2926	0.1538	0.0279	0.0797	0.0130	0.0085	0.0178	0.0202	0.0142	0.0138	0.0073	0.0113	0.0073	0.0069
found	ds-generator	la_T1_g1	headline	1	ds-generator/artifacts/dsg/la_T1_g1_s1	5	268	0.0000	0.0560	0.3209	0.6231	2989	0.6735	2271	0.3280	0.3021	0.1453	0.0295	0.0872	0.0106	0.0062	0.0207	0.0150	0.0154	0.0110	0.0048	0.0088	0.0048	0.0106
found	ds-generator	la_T1_g1	headline	1	ds-generator/artifacts/dsg/la_T1_g1_s1	6	203	0.0000	0.0837	0.2463	0.6700	3192	0.6732	1726	0.3343	0.2990	0.1356	0.0348	0.0730	0.0151	0.0052	0.0267	0.0156	0.0162	0.0180	0.0052	0.0058	0.0046	0.0110
found	ds-generator	la_T1_g1	headline	1	ds-generator/artifacts/dsg/la_T1_g1_s1	7	160	0.0000	0.0688	0.3063	0.6250	3352	0.6709	1394	0.3271	0.2819	0.1442	0.0387	0.0746	0.0179	0.0079	0.0366	0.0129	0.0179	0.0100	0.0093	0.0043	0.0079	0.0086
found	ds-generator	la_T1_g1	headline	1	ds-generator/artifacts/dsg/la_T1_g1_s1	8	154	0.0000	0.0649	0.2662	0.6688	3506	0.6708	1340	0.3246	0.2925	0.1418	0.0418	0.0731	0.0127	0.0037	0.0313	0.0097	0.0201	0.0157	0.0067	0.0090	0.0037	0.0134
found_transfer	ds-generator	la_T1_g1	headline	1	ds-generator/artifacts/dsg/la_T1_g1_s1	1	138	0.0000	0.0362	0.1304	0.8333	138	0.8333	1129	0.3454	0.3375	0.1709	0.0195	0.0478	0.0027	0.0000	0.0177	0.0230	0.0035	0.0053	0.0027	0.0089	0.0142	0.0009
found_transfer	ds-generator	la_T1_g1	headline	1	ds-generator/artifacts/dsg/la_T1_g1_s1	2	221	0.0000	0.0136	0.1312	0.8552	359	0.8468	1902	0.3386	0.3275	0.1661	0.0247	0.0599	0.0053	0.0011	0.0210	0.0252	0.0016	0.0047	0.0005	0.0126	0.0100	0.0011
found_transfer	ds-generator	la_T1_g1	headline	1	ds-generator/artifacts/dsg/la_T1_g1_s1	3	136	0.0000	0.0221	0.1250	0.8529	495	0.8485	1218	0.3448	0.3153	0.1445	0.0296	0.0583	0.0131	0.0099	0.0279	0.0213	0.0057	0.0099	0.0033	0.0074	0.0066	0.0025
found_transfer	ds-generator	la_T1_g1	headline	1	ds-generator/artifacts/dsg/la_T1_g1_s1	4	113	0.0000	0.0265	0.1770	0.7965	608	0.8388	1022	0.3346	0.2916	0.1497	0.0333	0.0763	0.0166	0.0068	0.0196	0.0166	0.0147	0.0098	0.0098	0.0059	0.0098	0.0049
found_transfer	ds-generator	la_T1_g1	headline	1	ds-generator/artifacts/dsg/la_T1_g1_s1	5	152	0.0000	0.0395	0.1053	0.8553	760	0.8421	1391	0.3386	0.3206	0.1308	0.0381	0.0848	0.0086	0.0079	0.0216	0.0273	0.0043	0.0086	0.0007	0.0014	0.0029	0.0036
found_transfer	ds-generator	la_T1_g1	headline	1	ds-generator/artifacts/dsg/la_T1_g1_s1	6	133	0.0000	0.0526	0.1353	0.8120	893	0.8376	1191	0.3484	0.3073	0.1310	0.0235	0.0781	0.0193	0.0025	0.0285	0.0160	0.0118	0.0109	0.0025	0.0042	0.0067	0.0092
found_transfer	ds-generator	la_T1_g1	headline	1	ds-generator/artifacts/dsg/la_T1_g1_s1	7	91	0.0000	0.0769	0.0769	0.8462	984	0.8384	846	0.3357	0.2979	0.1442	0.0437	0.0697	0.0177	0.0024	0.0225	0.0225	0.0142	0.0035	0.0024	0.0071	0.0047	0.0118
found_transfer	ds-generator	la_T1_g1	headline	1	ds-generator/artifacts/dsg/la_T1_g1_s1	8	105	0.0000	0.0667	0.1619	0.7714	1089	0.8320	938	0.3305	0.3060	0.1343	0.0437	0.0832	0.0117	0.0043	0.0245	0.0075	0.0139	0.0139	0.0011	0.0064	0.0064	0.0128
found	ds-generator	la_T1_g2	headline	0	ds-generator/artifacts/dsg/la_T1_g2_s0	1	486	0.0000	0.0350	0.7922	0.1728	486	0.1728	3522	0.3015	0.2836	0.2107	0.0287	0.0659	0.0040	0.0045	0.0290	0.0199	0.0114	0.0065	0.0099	0.0125	0.0105	0.0014
found	ds-generator	la_T1_g2	headline	0	ds-generator/artifacts/dsg/la_T1_g2_s0	2	1219	0.0000	0.0098	0.1017	0.8884	1705	0.6845	9267	0.3832	0.3760	0.0901	0.0231	0.0279	0.0028	0.0024	0.0235	0.0168	0.0044	0.0227	0.0016	0.0121	0.0106	0.0028
found	ds-generator	la_T1_g2	headline	0	ds-generator/artifacts/dsg/la_T1_g2_s0	3	643	0.0000	0.0358	0.1742	0.7900	2348	0.7134	5207	0.3528	0.3334	0.1333	0.0250	0.0749	0.0083	0.0038	0.0209	0.0085	0.0077	0.0113	0.0029	0.0063	0.0061	0.0048
found	ds-generator	la_T1_g2	headline	0	ds-generator/artifacts/dsg/la_T1_g2_s0	4	379	0.0000	0.0554	0.2427	0.7018	2727	0.7118	3154	0.3370	0.3228	0.1278	0.0374	0.0850	0.0054	0.0010	0.0247	0.0127	0.0095	0.0127	0.0035	0.0070	0.0076	0.0060
found	ds-generator	la_T1_g2	headline	0	ds-generator/artifacts/dsg/la_T1_g2_s0	5	258	0.0000	0.0504	0.3023	0.6473	2985	0.7062	2172	0.3264	0.2988	0.1326	0.0345	0.0958	0.0115	0.0041	0.0304	0.0120	0.0106	0.0193	0.0046	0.0069	0.0064	0.0060
found	ds-generator	la_T1_g2	headline	0	ds-generator/artifacts/dsg/la_T1_g2_s0	6	195	0.0000	0.0564	0.3385	0.6051	3180	0.7000	1678	0.3176	0.2867	0.1555	0.0191	0.0912	0.0125	0.0048	0.0328	0.0161	0.0119	0.0238	0.0060	0.0083	0.0077	0.0060
found	ds-generator	la_T1_g2	headline	0	ds-generator/artifacts/dsg/la_T1_g2_s0	7	123	0.0000	0.0650	0.2520	0.6829	3303	0.6994	1068	0.3287	0.2884	0.1358	0.0225	0.0693	0.0169	0.0066	0.0309	0.0150	0.0215	0.0272	0.0066	0.0103	0.0056	0.0150
found	ds-generator	la_T1_g2	headline	0	ds-generator/artifacts/dsg/la_T1_g2_s0	8	145	0.0000	0.0621	0.2345	0.7034	3448	0.6995	1268	0.3289	0.2918	0.1356	0.0229	0.0773	0.0158	0.0016	0.0323	0.0189	0.0213	0.0189	0.0055	0.0079	0.0055	0.0158
found_transfer	ds-generator	la_T1_g2	headline	0	ds-generator/artifacts/dsg/la_T1_g2_s0	1	30	0.0000	0.0000	0.5667	0.4333	30	0.4333	235	0.3362	0.3234	0.1489	0.0213	0.0468	0.0000	0.0000	0.0128	0.0255	0.0128	0.0255	0.0128	0.0170	0.0170	0.0000
found_transfer	ds-generator	la_T1_g2	headline	0	ds-generator/artifacts/dsg/la_T1_g2_s0	2	218	0.0000	0.0092	0.0734	0.9174	248	0.8589	1820	0.3533	0.3456	0.1582	0.0231	0.0258	0.0033	0.0000	0.0165	0.0341	0.0044	0.0055	0.0011	0.0115	0.0143	0.0033
found_transfer	ds-generator	la_T1_g2	headline	0	ds-generator/artifacts/dsg/la_T1_g2_s0	3	209	0.0000	0.0670	0.0909	0.8421	457	0.8512	1823	0.3423	0.3143	0.1668	0.0247	0.0702	0.0137	0.0033	0.0225	0.0060	0.0093	0.0077	0.0005	0.0055	0.0044	0.0088
found_transfer	ds-generator	la_T1_g2	headline	0	ds-generator/artifacts/dsg/la_T1_g2_s0	4	162	0.0000	0.0432	0.1173	0.8395	619	0.8481	1459	0.3434	0.3283	0.1261	0.0329	0.0822	0.0062	0.0014	0.0288	0.0075	0.0075	0.0137	0.0027	0.0075	0.0069	0.0048
found_transfer	ds-generator	la_T1_g2	headline	0	ds-generator/artifacts/dsg/la_T1_g2_s0	5	132	0.0000	0.0833	0.1288	0.7879	751	0.8375	1193	0.3403	0.3152	0.1308	0.0210	0.0964	0.0126	0.0008	0.0285	0.0117	0.0092	0.0109	0.0000	0.0059	0.0075	0.0092
found_transfer	ds-generator	la_T1_g2	headline	0	ds-generator/artifacts/dsg/la_T1_g2_s0	6	104	0.0000	0.0192	0.1346	0.8462	855	0.8386	959	0.3316	0.3180	0.1283	0.0282	0.0970	0.0063	0.0010	0.0334	0.0094	0.0063	0.0209	0.0010	0.0042	0.0094	0.0052
found_transfer	ds-generator	la_T1_g2	headline	0	ds-generator/artifacts/dsg/la_T1_g2_s0	7	86	0.0000	0.0465	0.2093	0.7442	941	0.8300	791	0.3350	0.2958	0.1429	0.0215	0.0759	0.0190	0.0088	0.0291	0.0114	0.0114	0.0202	0.0013	0.0101	0.0076	0.0101
found_transfer	ds-generator	la_T1_g2	headline	0	ds-generator/artifacts/dsg/la_T1_g2_s0	8	101	0.0000	0.0396	0.1881	0.7723	1042	0.8244	919	0.3330	0.3036	0.1360	0.0370	0.0729	0.0131	0.0033	0.0272	0.0141	0.0120	0.0120	0.0033	0.0065	0.0174	0.0087
found	ds-generator	la_T1_g2	headline	1	ds-generator/artifacts/dsg/la_T1_g2_s1	1	1021	0.0000	0.0059	0.3585	0.6357	1021	0.6357	7522	0.3603	0.3530	0.1232	0.0287	0.0371	0.0017	0.0027	0.0265	0.0134	0.0043	0.0179	0.0039	0.0130	0.0140	0.0004
found	ds-generator	la_T1_g2	headline	1	ds-generator/artifacts/dsg/la_T1_g2_s1	2	864	0.0000	0.0069	0.1505	0.8426	1885	0.7305	6757	0.3673	0.3577	0.1208	0.0212	0.0556	0.0031	0.0052	0.0215	0.0127	0.0038	0.0164	0.0034	0.0061	0.0047	0.0004
found	ds-generator	la_T1_g2	headline	1	ds-generator/artifacts/dsg/la_T1_g2_s1	3	377	0.0000	0.0027	0.2467	0.7507	2262	0.7339	3075	0.3538	0.3278	0.1268	0.0250	0.0670	0.0091	0.0049	0.0247	0.0117	0.0094	0.0159	0.0078	0.0078	0.0065	0.0016
found	ds-generator	la_T1_g2	headline	1	ds-generator/artifacts/dsg/la_T1_g2_s1	4	235	0.0000	0.0128	0.3064	0.6809	2497	0.7289	1961	0.3478	0.3100	0.1224	0.0342	0.0694	0.0158	0.0051	0.0270	0.0092	0.0087	0.0204	0.0061	0.0122	0.0092	0.0025
found	ds-generator	la_T1_g2	headline	1	ds-generator/artifacts/dsg/la_T1_g2_s1	5	227	0.0000	0.0088	0.2555	0.7357	2724	0.7294	1924	0.3482	0.3207	0.1159	0.0322	0.0707	0.0120	0.0062	0.0244	0.0161	0.0052	0.0198	0.0036	0.0135	0.0099	0.0016
found	ds-generator	la_T1_g2	headline	1	ds-generator/artifacts/dsg/la_T1_g2_s1	6	236	0.0000	0.0720	0.3008	0.6271	2960	0.7213	1992	0.3258	0.3042	0.1421	0.0261	0.0843	0.0080	0.0025	0.0371	0.0070	0.0100	0.0131	0.0055	0.0166	0.0131	0.0045
found	ds-generator	la_T1_g2	headline	1	ds-generator/artifacts/dsg/la_T1_g2_s1	7	180	0.0000	0.0333	0.3722	0.5944	3140	0.7140	1548	0.3211	0.3023	0.1537	0.0271	0.0917	0.0058	0.0019	0.0245	0.0174	0.0078	0.0174	0.0071	0.0123	0.0090	0.0006
found	ds-generator	la_T1_g2	headline	1	ds-generator/artifacts/dsg/la_T1_g2_s1	8	147	0.0000	0.1088	0.2993	0.5918	3287	0.7085	1258	0.3060	0.2886	0.1701	0.0366	0.0930	0.0056	0.0024	0.0334	0.0135	0.0079	0.0191	0.0064	0.0072	0.0087	0.0016
found_transfer	ds-generator	la_T1_g2	headline	1	ds-generator/artifacts/dsg/la_T1_g2_s1	1	93	0.0000	0.0000	0.1075	0.8925	93	0.8925	735	0.3701	0.3619	0.1265	0.0286	0.0218	0.0027	0.0014	0.0150	0.0177	0.0027	0.0068	0.0027	0.0150	0.0272	0.0000
found_transfer	ds-generator	la_T1_g2	headline	1	ds-generator/artifacts/dsg/la_T1_g2_s1	2	212	0.0000	0.0047	0.0330	0.9623	305	0.9410	1818	0.3504	0.3421	0.1722	0.0165	0.0567	0.0039	0.0039	0.0132	0.0220	0.0006	0.0077	0.0006	0.0055	0.0050	0.0000
found_transfer	ds-generator	la_T1_g2	headline	1	ds-generator/artifacts/dsg/la_T1_g2_s1	3	105	0.0000	0.0000	0.0381	0.9619	410	0.9463	940	0.3447	0.3351	0.1287	0.0383	0.0798	0.0043	0.0032	0.0287	0.0106	0.0011	0.0160	0.0011	0.0032	0.0053	0.0000
found_transfer	ds-generator	la_T1_g2	headline	1	ds-generator/artifacts/dsg/la_T1_g2_s1	4	118	0.0000	0.0000	0.1017	0.8983	528	0.9356	1068	0.3614	0.3418	0.1189	0.0234	0.0768	0.0075	0.0066	0.0187	0.0122	0.0056	0.0056	0.0047	0.0094	0.0066	0.0009
found_transfer	ds-generator	la_T1_g2	headline	1	ds-generator/artifacts/dsg/la_T1_g2_s1	5	133	0.0000	0.0000	0.1203	0.8797	661	0.9244	1225	0.3567	0.3314	0.1102	0.0392	0.0735	0.0106	0.0090	0.0278	0.0139	0.0041	0.0114	0.0041	0.0033	0.0049	0.0000
found_transfer	ds-generator	la_T1_g2	headline	1	ds-generator/artifacts/dsg/la_T1_g2_s1	6	142	0.0000	0.0000	0.0634	0.9366	803	0.9265	1309	0.3468	0.3323	0.1146	0.0244	0.1001	0.0053	0.0023	0.0321	0.0053	0.0038	0.0092	0.0038	0.0092	0.0107	0.0000
found_transfer	ds-generator	la_T1_g2	headline	1	ds-generator/artifacts/dsg/la_T1_g2_s1	7	96	0.0000	0.0000	0.1146	0.8854	899	0.9221	887	0.3382	0.3179	0.1263	0.0338	0.0812	0.0079	0.0079	0.0271	0.0158	0.0068	0.0180	0.0045	0.0079	0.0045	0.0023
found_transfer	ds-generator	la_T1_g2	headline	1	ds-generator/artifacts/dsg/la_T1_g2_s1	8	121	0.0000	0.0083	0.2066	0.7851	1020	0.9059	1136	0.3239	0.3125	0.1426	0.0317	0.1030	0.0044	0.0044	0.0282	0.0132	0.0035	0.0167	0.0026	0.0044	0.0079	0.0009
found	ds-generator	la_frozen_c0	frozen	0	ds-generator/artifacts/dsg/la_frozen_c0_s0	1	977	0.0041	0.1535	0.5640	0.2784	977	0.2784	7187	0.3099	0.2894	0.1834	0.0337	0.0725	0.0077	0.0068	0.0291	0.0178	0.0109	0.0088	0.0051	0.0109	0.0085	0.0057
found	ds-generator	la_frozen_c0	frozen	0	ds-generator/artifacts/dsg/la_frozen_c0_s0	2	216	0.0000	0.1065	0.3981	0.4954	1193	0.3177	1627	0.3356	0.3171	0.1383	0.0295	0.0682	0.0074	0.0049	0.0258	0.0148	0.0104	0.0166	0.0037	0.0086	0.0123	0.0068
found	ds-generator	la_frozen_c0	frozen	0	ds-generator/artifacts/dsg/la_frozen_c0_s0	3	157	0.0064	0.1529	0.4268	0.4140	1350	0.3289	1196	0.3119	0.3010	0.1564	0.0401	0.0853	0.0025	0.0050	0.0276	0.0134	0.0100	0.0151	0.0059	0.0092	0.0125	0.0042
found	ds-generator	la_frozen_c0	frozen	0	ds-generator/artifacts/dsg/la_frozen_c0_s0	4	120	0.0000	0.0750	0.3917	0.5333	1470	0.3456	907	0.3396	0.3264	0.1334	0.0298	0.0507	0.0033	0.0077	0.0287	0.0209	0.0088	0.0198	0.0066	0.0110	0.0110	0.0022
found	ds-generator	la_frozen_c0	frozen	0	ds-generator/artifacts/dsg/la_frozen_c0_s0	5	84	0.0000	0.1071	0.5000	0.3929	1554	0.3481	638	0.3150	0.3072	0.1614	0.0345	0.0721	0.0016	0.0110	0.0376	0.0094	0.0094	0.0125	0.0047	0.0063	0.0125	0.0047
found	ds-generator	la_frozen_c0	frozen	0	ds-generator/artifacts/dsg/la_frozen_c0_s0	6	71	0.0000	0.1268	0.3944	0.4789	1625	0.3538	528	0.3295	0.3182	0.1383	0.0417	0.0549	0.0038	0.0095	0.0360	0.0114	0.0076	0.0265	0.0038	0.0057	0.0095	0.0038
found	ds-generator	la_frozen_c0	frozen	0	ds-generator/artifacts/dsg/la_frozen_c0_s0	7	71	0.0000	0.0986	0.4085	0.4930	1696	0.3597	540	0.3315	0.3074	0.1463	0.0370	0.0796	0.0093	0.0056	0.0222	0.0111	0.0074	0.0074	0.0056	0.0130	0.0148	0.0019
found	ds-generator	la_frozen_c0	frozen	0	ds-generator/artifacts/dsg/la_frozen_c0_s0	8	39	0.0000	0.1538	0.3077	0.5385	1735	0.3637	300	0.3333	0.3200	0.1267	0.0367	0.0633	0.0067	0.0100	0.0233	0.0167	0.0067	0.0300	0.0000	0.0067	0.0133	0.0067
found_transfer	ds-generator	la_frozen_c0	frozen	0	ds-generator/artifacts/dsg/la_frozen_c0_s0	1	90	0.0000	0.1222	0.3111	0.5667	90	0.5667	714	0.3347	0.3179	0.1583	0.0336	0.0644	0.0056	0.0000	0.0196	0.0112	0.0056	0.0112	0.0056	0.0168	0.0154	0.0000
found_transfer	ds-generator	la_frozen_c0	frozen	0	ds-generator/artifacts/dsg/la_frozen_c0_s0	2	37	0.0000	0.1622	0.3514	0.4865	127	0.5433	300	0.3333	0.2867	0.1533	0.0333	0.0567	0.0200	0.0000	0.0300	0.0133	0.0100	0.0133	0.0067	0.0100	0.0300	0.0033
found_transfer	ds-generator	la_frozen_c0	frozen	0	ds-generator/artifacts/dsg/la_frozen_c0_s0	3	24	0.0000	0.2083	0.2083	0.5833	151	0.5497	193	0.3212	0.3057	0.1503	0.0415	0.0415	0.0000	0.0000	0.0466	0.0207	0.0207	0.0052	0.0155	0.0104	0.0155	0.0052
found_transfer	ds-generator	la_frozen_c0	frozen	0	ds-generator/artifacts/dsg/la_frozen_c0_s0	4	11	0.0000	0.2727	0.2727	0.4545	162	0.5432	90	0.3333	0.2778	0.1333	0.0667	0.0556	0.0222	0.0111	0.0444	0.0000	0.0111	0.0000	0.0111	0.0222	0.0111	0.0000
found_transfer	ds-generator	la_frozen_c0	frozen	0	ds-generator/artifacts/dsg/la_frozen_c0_s0	5	13	0.0000	0.0769	0.6154	0.3077	175	0.5257	103	0.2816	0.2816	0.1748	0.0388	0.0874	0.0000	0.0097	0.0194	0.0194	0.0194	0.0291	0.0000	0.0097	0.0097	0.0194
found_transfer	ds-generator	la_frozen_c0	frozen	0	ds-generator/artifacts/dsg/la_frozen_c0_s0	6	15	0.0000	0.0667	0.2667	0.6667	190	0.5368	122	0.3279	0.3279	0.1557	0.0246	0.0656	0.0000	0.0000	0.0246	0.0410	0.0000	0.0082	0.0000	0.0082	0.0164	0.0000
found_transfer	ds-generator	la_frozen_c0	frozen	0	ds-generator/artifacts/dsg/la_frozen_c0_s0	7	10	0.0000	0.1000	0.6000	0.3000	200	0.5250	82	0.3171	0.2805	0.1463	0.0244	0.0610	0.0122	0.0000	0.0488	0.0244	0.0244	0.0244	0.0122	0.0122	0.0000	0.0122
found_transfer	ds-generator	la_frozen_c0	frozen	0	ds-generator/artifacts/dsg/la_frozen_c0_s0	8	3	0.0000	0.3333	0.6667	0.0000	203	0.5172	26	0.2692	0.2692	0.1923	0.0000	0.0769	0.0000	0.0000	0.0769	0.0385	0.0000	0.0000	0.0000	0.0769	0.0000	0.0000
found	ds-generator	la_frozen_c0	frozen	1	ds-generator/artifacts/dsg/la_frozen_c0_s1	1	997	0.0040	0.1374	0.5767	0.2818	997	0.2818	7305	0.3092	0.2884	0.1837	0.0339	0.0757	0.0075	0.0047	0.0231	0.0216	0.0111	0.0123	0.0057	0.0075	0.0100	0.0053
found	ds-generator	la_frozen_c0	frozen	1	ds-generator/artifacts/dsg/la_frozen_c0_s1	2	210	0.0000	0.1381	0.5095	0.3524	1207	0.2941	1560	0.3122	0.2994	0.1609	0.0308	0.0795	0.0045	0.0064	0.0282	0.0244	0.0077	0.0109	0.0038	0.0141	0.0135	0.0038
found	ds-generator	la_frozen_c0	frozen	1	ds-generator/artifacts/dsg/la_frozen_c0_s1	3	130	0.0000	0.1000	0.4846	0.4154	1337	0.3059	976	0.3268	0.3176	0.1434	0.0297	0.0799	0.0041	0.0092	0.0256	0.0195	0.0061	0.0205	0.0010	0.0041	0.0072	0.0051
found	ds-generator	la_frozen_c0	frozen	1	ds-generator/artifacts/dsg/la_frozen_c0_s1	4	87	0.0000	0.0920	0.5862	0.3218	1424	0.3069	660	0.3061	0.2909	0.1758	0.0212	0.0848	0.0045	0.0061	0.0333	0.0152	0.0121	0.0136	0.0061	0.0106	0.0136	0.0061
found	ds-generator	la_frozen_c0	frozen	1	ds-generator/artifacts/dsg/la_frozen_c0_s1	5	53	0.0000	0.1698	0.5094	0.3208	1477	0.3074	403	0.3052	0.2978	0.1687	0.0372	0.0670	0.0025	0.0074	0.0273	0.0248	0.0124	0.0124	0.0025	0.0099	0.0149	0.0099
found	ds-generator	la_frozen_c0	frozen	1	ds-generator/artifacts/dsg/la_frozen_c0_s1	6	50	0.0000	0.1600	0.4600	0.3800	1527	0.3098	375	0.3120	0.2987	0.1573	0.0400	0.0640	0.0053	0.0000	0.0213	0.0133	0.0080	0.0320	0.0027	0.0267	0.0133	0.0053
found	ds-generator	la_frozen_c0	frozen	1	ds-generator/artifacts/dsg/la_frozen_c0_s1	7	65	0.0000	0.1385	0.6000	0.2615	1592	0.3078	483	0.3064	0.3023	0.1718	0.0331	0.0870	0.0021	0.0041	0.0269	0.0186	0.0062	0.0124	0.0000	0.0124	0.0104	0.0062
found	ds-generator	la_frozen_c0	frozen	1	ds-generator/artifacts/dsg/la_frozen_c0_s1	8	57	0.0000	0.1754	0.3684	0.4561	1649	0.3129	432	0.3171	0.3125	0.1505	0.0324	0.0903	0.0023	0.0116	0.0185	0.0208	0.0046	0.0208	0.0000	0.0069	0.0069	0.0046
found_transfer	ds-generator	la_frozen_c0	frozen	1	ds-generator/artifacts/dsg/la_frozen_c0_s1	1	64	0.0000	0.1562	0.5469	0.2969	64	0.2969	493	0.3063	0.2779	0.1826	0.0264	0.0852	0.0061	0.0020	0.0162	0.0264	0.0203	0.0081	0.0162	0.0061	0.0162	0.0041
found_transfer	ds-generator	la_frozen_c0	frozen	1	ds-generator/artifacts/dsg/la_frozen_c0_s1	2	19	0.0000	0.1579	0.2632	0.5789	83	0.3614	150	0.3333	0.3067	0.1667	0.0267	0.0667	0.0133	0.0000	0.0133	0.0400	0.0067	0.0067	0.0000	0.0133	0.0000	0.0067
found_transfer	ds-generator	la_frozen_c0	frozen	1	ds-generator/artifacts/dsg/la_frozen_c0_s1	3	17	0.0000	0.0588	0.4706	0.4706	100	0.3800	135	0.3481	0.3037	0.1630	0.0148	0.0370	0.0222	0.0000	0.0444	0.0296	0.0000	0.0074	0.0000	0.0074	0.0222	0.0000
found_transfer	ds-generator	la_frozen_c0	frozen	1	ds-generator/artifacts/dsg/la_frozen_c0_s1	4	14	0.0000	0.0000	0.5714	0.4286	114	0.3860	116	0.3190	0.2759	0.1983	0.0086	0.0517	0.0172	0.0000	0.0345	0.0431	0.0086	0.0172	0.0086	0.0086	0.0086	0.0000
found_transfer	ds-generator	la_frozen_c0	frozen	1	ds-generator/artifacts/dsg/la_frozen_c0_s1	5	5	0.0000	0.0000	0.6000	0.4000	119	0.3866	39	0.3333	0.3333	0.1538	0.0000	0.0513	0.0000	0.0000	0.0000	0.0513	0.0000	0.0513	0.0000	0.0000	0.0256	0.0000
found_transfer	ds-generator	la_frozen_c0	frozen	1	ds-generator/artifacts/dsg/la_frozen_c0_s1	6	5	0.0000	0.4000	0.2000	0.4000	124	0.3871	38	0.2895	0.2368	0.2368	0.0000	0.0789	0.0263	0.0000	0.0263	0.0263	0.0263	0.0000	0.0000	0.0000	0.0263	0.0263
found_transfer	ds-generator	la_frozen_c0	frozen	1	ds-generator/artifacts/dsg/la_frozen_c0_s1	7	4	0.0000	0.2500	0.5000	0.2500	128	0.3828	31	0.2903	0.2258	0.1935	0.0323	0.0968	0.0323	0.0000	0.0323	0.0323	0.0323	0.0000	0.0000	0.0000	0.0000	0.0323
found_transfer	ds-generator	la_frozen_c0	frozen	1	ds-generator/artifacts/dsg/la_frozen_c0_s1	8	8	0.0000	0.0000	0.3750	0.6250	136	0.3971	66	0.3182	0.3030	0.1667	0.0152	0.0152	0.0000	0.0000	0.0303	0.0758	0.0152	0.0000	0.0152	0.0455	0.0000	0.0000
found	ds-generator	la_frozen_g1	frozen	1	ds-generator/artifacts/dsg/la_frozen_g1_s1	1	1095	0.0027	0.0365	0.3479	0.6128	1095	0.6128	8158	0.3519	0.3397	0.1378	0.0275	0.0461	0.0049	0.0020	0.0292	0.0177	0.0039	0.0146	0.0025	0.0094	0.0115	0.0015
found	ds-generator	la_frozen_g1	frozen	1	ds-generator/artifacts/dsg/la_frozen_g1_s1	2	206	0.0000	0.0825	0.3107	0.6068	1301	0.6118	1560	0.3410	0.3231	0.1442	0.0263	0.0513	0.0058	0.0064	0.0282	0.0244	0.0083	0.0167	0.0064	0.0109	0.0051	0.0019
found	ds-generator	la_frozen_g1	frozen	1	ds-generator/artifacts/dsg/la_frozen_g1_s1	3	114	0.0000	0.0439	0.3509	0.6053	1415	0.6113	871	0.3502	0.3261	0.1332	0.0344	0.0608	0.0092	0.0069	0.0195	0.0172	0.0069	0.0138	0.0057	0.0069	0.0080	0.0011
found	ds-generator	la_frozen_g1	frozen	1	ds-generator/artifacts/dsg/la_frozen_g1_s1	4	86	0.0000	0.0581	0.4535	0.4884	1501	0.6043	657	0.3212	0.3151	0.1689	0.0274	0.0700	0.0030	0.0061	0.0244	0.0213	0.0015	0.0137	0.0000	0.0122	0.0137	0.0015
found	ds-generator	la_frozen_g1	frozen	1	ds-generator/artifacts/dsg/la_frozen_g1_s1	5	59	0.0000	0.1186	0.4237	0.4576	1560	0.5987	453	0.3113	0.3002	0.1810	0.0464	0.0662	0.0022	0.0022	0.0309	0.0155	0.0155	0.0044	0.0066	0.0088	0.0000	0.0088
found	ds-generator	la_frozen_g1	frozen	1	ds-generator/artifacts/dsg/la_frozen_g1_s1	6	49	0.0000	0.0408	0.4286	0.5306	1609	0.5966	379	0.3298	0.3140	0.1689	0.0264	0.0607	0.0079	0.0026	0.0264	0.0211	0.0000	0.0185	0.0000	0.0132	0.0106	0.0000
found	ds-generator	la_frozen_g1	frozen	1	ds-generator/artifacts/dsg/la_frozen_g1_s1	7	41	0.0000	0.0976	0.3659	0.5366	1650	0.5952	319	0.3260	0.3197	0.1599	0.0376	0.0470	0.0031	0.0063	0.0251	0.0282	0.0031	0.0157	0.0000	0.0157	0.0094	0.0031
found	ds-generator	la_frozen_g1	frozen	1	ds-generator/artifacts/dsg/la_frozen_g1_s1	8	19	0.0000	0.0526	0.4737	0.4737	1669	0.5938	148	0.3108	0.3108	0.1824	0.0203	0.0946	0.0000	0.0068	0.0203	0.0135	0.0068	0.0135	0.0000	0.0068	0.0068	0.0068
found_transfer	ds-generator	la_frozen_g1	frozen	1	ds-generator/artifacts/dsg/la_frozen_g1_s1	1	138	0.0000	0.0362	0.1304	0.8333	138	0.8333	1129	0.3454	0.3375	0.1709	0.0195	0.0478	0.0027	0.0000	0.0177	0.0230	0.0035	0.0053	0.0027	0.0089	0.0142	0.0009
found_transfer	ds-generator	la_frozen_g1	frozen	1	ds-generator/artifacts/dsg/la_frozen_g1_s1	2	29	0.0000	0.0345	0.2069	0.7586	167	0.8204	241	0.3361	0.3195	0.1826	0.0124	0.0456	0.0083	0.0000	0.0249	0.0249	0.0041	0.0083	0.0000	0.0207	0.0083	0.0041
found_transfer	ds-generator	la_frozen_g1	frozen	1	ds-generator/artifacts/dsg/la_frozen_g1_s1	3	17	0.0000	0.0588	0.2353	0.7059	184	0.8098	138	0.3478	0.3188	0.1449	0.0145	0.0435	0.0145	0.0072	0.0435	0.0145	0.0072	0.0217	0.0000	0.0072	0.0072	0.0072
found_transfer	ds-generator	la_frozen_g1	frozen	1	ds-generator/artifacts/dsg/la_frozen_g1_s1	4	8	0.0000	0.0000	0.2500	0.7500	192	0.8073	68	0.3235	0.3088	0.1912	0.0441	0.0588	0.0000	0.0000	0.0000	0.0294	0.0147	0.0000	0.0147	0.0147	0.0000	0.0000
found_transfer	ds-generator	la_frozen_g1	frozen	1	ds-generator/artifacts/dsg/la_frozen_g1_s1	5	8	0.0000	0.1250	0.0000	0.8750	200	0.8100	63	0.3492	0.3492	0.1587	0.0000	0.0159	0.0000	0.0000	0.0159	0.0635	0.0000	0.0159	0.0000	0.0000	0.0317	0.0000
found_transfer	ds-generator	la_frozen_g1	frozen	1	ds-generator/artifacts/dsg/la_frozen_g1_s1	6	2	0.0000	0.0000	0.5000	0.5000	202	0.8069	16	0.3125	0.3125	0.1875	0.0000	0.1250	0.0000	0.0000	0.0625	0.0000	0.0000	0.0000	0.0000	0.0000	0.0000	0.0000
found_transfer	ds-generator	la_frozen_g1	frozen	1	ds-generator/artifacts/dsg/la_frozen_g1_s1	7	8	0.0000	0.0000	0.2500	0.7500	210	0.8048	66	0.3333	0.3333	0.1667	0.0152	0.0909	0.0000	0.0000	0.0303	0.0000	0.0000	0.0000	0.0000	0.0303	0.0000	0.0000
found_transfer	ds-generator	la_frozen_g1	frozen	1	ds-generator/artifacts/dsg/la_frozen_g1_s1	8	5	0.0000	0.2000	0.0000	0.8000	215	0.8047	41	0.3415	0.2927	0.1951	0.0244	0.0244	0.0244	0.0000	0.0244	0.0488	0.0000	0.0000	0.0000	0.0000	0.0244	0.0000
found	ds-generator	la_frozen_g2	frozen	0	ds-generator/artifacts/dsg/la_frozen_g2_s0	1	486	0.0000	0.0350	0.7922	0.1728	486	0.1728	3522	0.3015	0.2836	0.2107	0.0287	0.0659	0.0040	0.0045	0.0290	0.0199	0.0114	0.0065	0.0099	0.0125	0.0105	0.0014
found	ds-generator	la_frozen_g2	frozen	0	ds-generator/artifacts/dsg/la_frozen_g2_s0	2	97	0.0000	0.0515	0.7010	0.2474	583	0.1852	715	0.3077	0.2965	0.1692	0.0322	0.0727	0.0042	0.0056	0.0196	0.0210	0.0070	0.0126	0.0028	0.0210	0.0238	0.0042
found	ds-generator	la_frozen_g2	frozen	0	ds-generator/artifacts/dsg/la_frozen_g2_s0	3	45	0.0000	0.0889	0.6444	0.2667	628	0.1911	333	0.3033	0.2943	0.1712	0.0210	0.0631	0.0030	0.0090	0.0360	0.0240	0.0090	0.0270	0.0030	0.0150	0.0150	0.0060
found	ds-generator	la_frozen_g2	frozen	0	ds-generator/artifacts/dsg/la_frozen_g2_s0	4	45	0.0000	0.0444	0.6444	0.3111	673	0.1991	329	0.3283	0.2888	0.1550	0.0334	0.0669	0.0152	0.0091	0.0122	0.0213	0.0091	0.0243	0.0091	0.0122	0.0152	0.0000
found	ds-generator	la_frozen_g2	frozen	0	ds-generator/artifacts/dsg/la_frozen_g2_s0	5	31	0.0000	0.0000	0.6774	0.3226	704	0.2045	229	0.3362	0.3057	0.1441	0.0262	0.0393	0.0131	0.0087	0.0262	0.0262	0.0044	0.0131	0.0044	0.0175	0.0349	0.0000
found	ds-generator	la_frozen_g2	frozen	0	ds-generator/artifacts/dsg/la_frozen_g2_s0	6	21	0.0000	0.0952	0.4286	0.4762	725	0.2124	152	0.3355	0.3158	0.1513	0.0000	0.0395	0.0066	0.0066	0.0197	0.0395	0.0066	0.0329	0.0066	0.0132	0.0263	0.0000
found	ds-generator	la_frozen_g2	frozen	0	ds-generator/artifacts/dsg/la_frozen_g2_s0	7	23	0.0000	0.0870	0.6087	0.3043	748	0.2152	169	0.3195	0.2840	0.1479	0.0414	0.0473	0.0118	0.0000	0.0592	0.0178	0.0178	0.0059	0.0118	0.0118	0.0178	0.0059
found	ds-generator	la_frozen_g2	frozen	0	ds-generator/artifacts/dsg/la_frozen_g2_s0	8	19	0.0000	0.0526	0.5789	0.3684	767	0.2190	138	0.3188	0.3188	0.1377	0.0652	0.0870	0.0000	0.0000	0.0145	0.0072	0.0000	0.0290	0.0000	0.0217	0.0000	0.0000
found_transfer	ds-generator	la_frozen_g2	frozen	0	ds-generator/artifacts/dsg/la_frozen_g2_s0	1	30	0.0000	0.0000	0.5667	0.4333	30	0.4333	235	0.3362	0.3234	0.1489	0.0213	0.0468	0.0000	0.0000	0.0128	0.0255	0.0128	0.0255	0.0128	0.0170	0.0170	0.0000
found_transfer	ds-generator	la_frozen_g2	frozen	0	ds-generator/artifacts/dsg/la_frozen_g2_s0	2	9	0.0000	0.0000	0.7778	0.2222	39	0.3846	72	0.2917	0.2778	0.1806	0.0000	0.0833	0.0000	0.0000	0.0417	0.0417	0.0139	0.0000	0.0139	0.0278	0.0278	0.0000
found_transfer	ds-generator	la_frozen_g2	frozen	0	ds-generator/artifacts/dsg/la_frozen_g2_s0	3	10	0.0000	0.0000	0.5000	0.5000	49	0.4082	80	0.3125	0.3125	0.1750	0.0000	0.0375	0.0000	0.0000	0.0000	0.0625	0.0000	0.0375	0.0000	0.0250	0.0375	0.0000
found_transfer	ds-generator	la_frozen_g2	frozen	0	ds-generator/artifacts/dsg/la_frozen_g2_s0	4	2	0.0000	0.0000	0.5000	0.5000	51	0.4118	16	0.3125	0.2500	0.1875	0.0000	0.0000	0.0000	0.0000	0.0000	0.1250	0.0625	0.0000	0.0625	0.0000	0.0000	0.0000
found_transfer	ds-generator	la_frozen_g2	frozen	0	ds-generator/artifacts/dsg/la_frozen_g2_s0	5	6	0.0000	0.5000	0.3333	0.1667	57	0.3860	45	0.2667	0.2222	0.2000	0.0222	0.0889	0.0222	0.0000	0.0444	0.0444	0.0222	0.0000	0.0000	0.0444	0.0000	0.0222
found_transfer	ds-generator	la_frozen_g2	frozen	0	ds-generator/artifacts/dsg/la_frozen_g2_s0	6	1	0.0000	0.0000	1.0000	0.0000	58	0.3793	8	0.2500	0.2500	0.2500	0.0000	0.0000	0.0000	0.0000	0.0000	0.1250	0.0000	0.0000	0.0000	0.1250	0.0000	0.0000
found_transfer	ds-generator	la_frozen_g2	frozen	0	ds-generator/artifacts/dsg/la_frozen_g2_s0	7	1	0.0000	0.0000	1.0000	0.0000	59	0.3729	8	0.2500	0.2500	0.2500	0.0000	0.0000	0.0000	0.0000	0.0000	0.1250	0.0000	0.0000	0.0000	0.1250	0.0000	0.0000
found_transfer	ds-generator	la_frozen_g2	frozen	0	ds-generator/artifacts/dsg/la_frozen_g2_s0	8	0					59	0.3729	0	0.0000	0.0000	0.0000	0.0000	0.0000	0.0000	0.0000	0.0000	0.0000	0.0000	0.0000	0.0000	0.0000	0.0000	0.0000
found	ds-generator	la_frozen_g2	frozen	1	ds-generator/artifacts/dsg/la_frozen_g2_s1	1	1021	0.0000	0.0059	0.3585	0.6357	1021	0.6357	7522	0.3603	0.3530	0.1232	0.0287	0.0371	0.0017	0.0027	0.0265	0.0134	0.0043	0.0179	0.0039	0.0130	0.0140	0.0004
found	ds-generator	la_frozen_g2	frozen	1	ds-generator/artifacts/dsg/la_frozen_g2_s1	2	174	0.0000	0.0172	0.3333	0.6494	1195	0.6377	1297	0.3639	0.3531	0.1033	0.0262	0.0486	0.0039	0.0054	0.0270	0.0177	0.0031	0.0200	0.0031	0.0146	0.0100	0.0000
found	ds-generator	la_frozen_g2	frozen	1	ds-generator/artifacts/dsg/la_frozen_g2_s1	3	88	0.0000	0.0114	0.2841	0.7045	1283	0.6422	661	0.3646	0.3585	0.0908	0.0303	0.0439	0.0015	0.0045	0.0363	0.0061	0.0061	0.0257	0.0030	0.0136	0.0121	0.0030
found	ds-generator	la_frozen_g2	frozen	1	ds-generator/artifacts/dsg/la_frozen_g2_s1	4	58	0.0000	0.0517	0.4483	0.5000	1341	0.6361	442	0.3235	0.3190	0.1471	0.0385	0.0588	0.0000	0.0000	0.0204	0.0317	0.0045	0.0204	0.0045	0.0226	0.0090	0.0000
found	ds-generator	la_frozen_g2	frozen	1	ds-generator/artifacts/dsg/la_frozen_g2_s1	5	39	0.0000	0.0769	0.4359	0.4872	1380	0.6319	293	0.3311	0.3072	0.1502	0.0102	0.0785	0.0068	0.0205	0.0137	0.0273	0.0102	0.0205	0.0102	0.0102	0.0034	0.0000
found	ds-generator	la_frozen_g2	frozen	1	ds-generator/artifacts/dsg/la_frozen_g2_s1	6	48	0.0000	0.0208	0.2917	0.6875	1428	0.6338	365	0.3534	0.3534	0.1123	0.0274	0.0521	0.0000	0.0055	0.0247	0.0110	0.0027	0.0274	0.0000	0.0219	0.0055	0.0027
found	ds-generator	la_frozen_g2	frozen	1	ds-generator/artifacts/dsg/la_frozen_g2_s1	7	32	0.0000	0.0000	0.6250	0.3750	1460	0.6281	241	0.3237	0.3029	0.1660	0.0124	0.0747	0.0041	0.0083	0.0166	0.0332	0.0124	0.0083	0.0124	0.0124	0.0124	0.0000
found	ds-generator	la_frozen_g2	frozen	1	ds-generator/artifacts/dsg/la_frozen_g2_s1	8	30	0.0000	0.0333	0.4000	0.5667	1490	0.6268	224	0.3571	0.3393	0.1116	0.0268	0.0536	0.0089	0.0089	0.0179	0.0089	0.0089	0.0312	0.0000	0.0134	0.0045	0.0089
found_transfer	ds-generator	la_frozen_g2	frozen	1	ds-generator/artifacts/dsg/la_frozen_g2_s1	1	93	0.0000	0.0000	0.1075	0.8925	93	0.8925	735	0.3701	0.3619	0.1265	0.0286	0.0218	0.0027	0.0014	0.0150	0.0177	0.0027	0.0068	0.0027	0.0150	0.0272	0.0000
found_transfer	ds-generator	la_frozen_g2	frozen	1	ds-generator/artifacts/dsg/la_frozen_g2_s1	2	23	0.0000	0.0435	0.2174	0.7391	116	0.8621	183	0.3497	0.3443	0.1475	0.0164	0.0437	0.0000	0.0000	0.0055	0.0328	0.0055	0.0055	0.0055	0.0219	0.0219	0.0000
found_transfer	ds-generator	la_frozen_g2	frozen	1	ds-generator/artifacts/dsg/la_frozen_g2_s1	3	13	0.0000	0.0000	0.3077	0.6923	129	0.8450	109	0.3211	0.3211	0.1651	0.0367	0.0550	0.0000	0.0000	0.0183	0.0183	0.0000	0.0092	0.0000	0.0459	0.0092	0.0000
found_transfer	ds-generator	la_frozen_g2	frozen	1	ds-generator/artifacts/dsg/la_frozen_g2_s1	4	7	0.0000	0.0000	0.2857	0.7143	136	0.8382	59	0.3220	0.3220	0.1695	0.0169	0.0339	0.0000	0.0000	0.0169	0.0678	0.0000	0.0169	0.0000	0.0169	0.0169	0.0000
found_transfer	ds-generator	la_frozen_g2	frozen	1	ds-generator/artifacts/dsg/la_frozen_g2_s1	5	11	0.0000	0.0000	0.1818	0.8182	147	0.8367	92	0.3370	0.3370	0.1848	0.0000	0.0435	0.0000	0.0000	0.0217	0.0326	0.0000	0.0217	0.0000	0.0000	0.0217	0.0000
found_transfer	ds-generator	la_frozen_g2	frozen	1	ds-generator/artifacts/dsg/la_frozen_g2_s1	6	5	0.0000	0.0000	0.2000	0.8000	152	0.8355	43	0.3256	0.3256	0.1860	0.0000	0.1163	0.0000	0.0000	0.0000	0.0233	0.0000	0.0233	0.0000	0.0000	0.0000	0.0000
found_transfer	ds-generator	la_frozen_g2	frozen	1	ds-generator/artifacts/dsg/la_frozen_g2_s1	7	3	0.0000	0.0000	0.3333	0.6667	155	0.8323	25	0.3200	0.3200	0.2400	0.0000	0.0000	0.0000	0.0000	0.0400	0.0400	0.0000	0.0000	0.0000	0.0400	0.0000	0.0000
found_transfer	ds-generator	la_frozen_g2	frozen	1	ds-generator/artifacts/dsg/la_frozen_g2_s1	8	2	0.0000	0.0000	0.0000	1.0000	157	0.8344	18	0.3333	0.3333	0.2222	0.0000	0.0000	0.0000	0.0000	0.0000	0.1111	0.0000	0.0000	0.0000	0.0000	0.0000	0.0000
found	ladder-A	la_T1	headline	0	ladder-A/artifacts/ladder/la_T1_s0	1	377	0.0080	0.2016	0.7135	0.0769	377	0.0769	2646	0.2710	0.2657	0.2324	0.0431	0.0926	0.0023	0.0045	0.0310	0.0159	0.0132	0.0079	0.0008	0.0034	0.0038	0.0125
found	ladder-A	la_T1	headline	0	ladder-A/artifacts/ladder/la_T1_s0	2	813	0.0012	0.0332	0.2706	0.6950	1190	0.4992	5836	0.3717	0.3686	0.0888	0.0288	0.0377	0.0010	0.0050	0.0252	0.0087	0.0101	0.0260	0.0010	0.0081	0.0103	0.0091
found	ladder-A	la_T1	headline	0	ladder-A/artifacts/ladder/la_T1_s0	3	680	0.0015	0.0500	0.2426	0.7059	1870	0.5743	5204	0.3476	0.3399	0.1312	0.0257	0.0444	0.0006	0.0025	0.0259	0.0213	0.0167	0.0088	0.0065	0.0102	0.0083	0.0102
found	ladder-A	la_T1	headline	0	ladder-A/artifacts/ladder/la_T1_s0	4	417	0.0000	0.0480	0.2758	0.6763	2287	0.5929	3344	0.3295	0.3149	0.1645	0.0209	0.0652	0.0018	0.0027	0.0138	0.0242	0.0209	0.0051	0.0111	0.0099	0.0057	0.0099
found	ladder-A	la_T1	headline	0	ladder-A/artifacts/ladder/la_T1_s0	5	281	0.0000	0.0463	0.3665	0.5872	2568	0.5923	2292	0.3172	0.3050	0.1614	0.0358	0.0711	0.0035	0.0009	0.0201	0.0236	0.0218	0.0087	0.0052	0.0065	0.0026	0.0166
found	ladder-A	la_T1	headline	0	ladder-A/artifacts/ladder/la_T1_s0	6	213	0.0000	0.0282	0.4038	0.5681	2781	0.5904	1745	0.3209	0.3072	0.1536	0.0304	0.0779	0.0057	0.0011	0.0212	0.0166	0.0172	0.0097	0.0023	0.0103	0.0109	0.0149
found	ladder-A	la_T1	headline	0	ladder-A/artifacts/ladder/la_T1_s0	7	161	0.0062	0.0497	0.4224	0.5217	2942	0.5867	1311	0.3143	0.2990	0.1609	0.0328	0.0679	0.0053	0.0023	0.0198	0.0214	0.0282	0.0038	0.0046	0.0099	0.0053	0.0244
found	ladder-A	la_T1	headline	0	ladder-A/artifacts/ladder/la_T1_s0	8	172	0.0000	0.0698	0.3837	0.5465	3114	0.5845	1439	0.3030	0.2905	0.1682	0.0271	0.0896	0.0042	0.0014	0.0271	0.0202	0.0202	0.0097	0.0042	0.0118	0.0063	0.0167
found_transfer	ladder-A	la_T1	headline	0	ladder-A/artifacts/ladder/la_T1_s0	1	18	0.0000	0.2222	0.7222	0.0556	18	0.0556	127	0.2756	0.2283	0.1890	0.0472	0.0472	0.0079	0.0000	0.0394	0.0472	0.0551	0.0000	0.0315	0.0079	0.0000	0.0236
found_transfer	ladder-A	la_T1	headline	0	ladder-A/artifacts/ladder/la_T1_s0	2	73	0.0000	0.0548	0.3973	0.5479	91	0.4505	537	0.3445	0.3222	0.1136	0.0261	0.0559	0.0019	0.0000	0.0186	0.0391	0.0223	0.0186	0.0186	0.0056	0.0093	0.0037
found_transfer	ladder-A	la_T1	headline	0	ladder-A/artifacts/ladder/la_T1_s0	3	147	0.0000	0.0544	0.3197	0.6259	238	0.5588	1155	0.3281	0.3108	0.1506	0.0312	0.0580	0.0000	0.0000	0.0251	0.0390	0.0199	0.0017	0.0173	0.0069	0.0087	0.0026
found_transfer	ladder-A	la_T1	headline	0	ladder-A/artifacts/ladder/la_T1_s0	4	168	0.0000	0.0000	0.1845	0.8155	406	0.6650	1429	0.3310	0.3240	0.1749	0.0245	0.0728	0.0000	0.0000	0.0154	0.0266	0.0084	0.0028	0.0070	0.0035	0.0077	0.0014
found_transfer	ladder-A	la_T1	headline	0	ladder-A/artifacts/ladder/la_T1_s0	5	152	0.0000	0.0132	0.2434	0.7434	558	0.6864	1338	0.3146	0.3117	0.1764	0.0336	0.0972	0.0007	0.0007	0.0164	0.0202	0.0052	0.0090	0.0015	0.0060	0.0030	0.0037
found_transfer	ladder-A	la_T1	headline	0	ladder-A/artifacts/ladder/la_T1_s0	6	123	0.0000	0.0488	0.1463	0.8049	681	0.7078	1096	0.3203	0.3075	0.1560	0.0319	0.0922	0.0055	0.0027	0.0338	0.0192	0.0036	0.0091	0.0018	0.0073	0.0073	0.0018
found_transfer	ladder-A	la_T1	headline	0	ladder-A/artifacts/ladder/la_T1_s0	7	64	0.0000	0.0156	0.1719	0.8125	745	0.7168	575	0.3287	0.3252	0.1426	0.0330	0.0835	0.0017	0.0087	0.0261	0.0243	0.0000	0.0035	0.0000	0.0122	0.0104	0.0000
found_transfer	ladder-A	la_T1	headline	0	ladder-A/artifacts/ladder/la_T1_s0	8	91	0.0000	0.0220	0.2527	0.7253	836	0.7177	819	0.3101	0.3028	0.1612	0.0330	0.0904	0.0024	0.0012	0.0305	0.0208	0.0098	0.0073	0.0024	0.0073	0.0134	0.0073
found	ladder-A	la_T1	headline	1	ladder-A/artifacts/ladder/la_T1_s1	1	356	0.0084	0.2079	0.7022	0.0815	356	0.0815	2499	0.2693	0.2641	0.2345	0.0428	0.0928	0.0020	0.0036	0.0304	0.0176	0.0136	0.0072	0.0012	0.0036	0.0048	0.0124
found	ladder-A	la_T1	headline	1	ladder-A/artifacts/ladder/la_T1_s1	2	738	0.0027	0.0407	0.2656	0.6911	1094	0.4927	5266	0.3728	0.3678	0.0826	0.0300	0.0344	0.0013	0.0046	0.0270	0.0093	0.0112	0.0302	0.0023	0.0076	0.0101	0.0089
found	ladder-A	la_T1	headline	1	ladder-A/artifacts/ladder/la_T1_s1	3	809	0.0000	0.0198	0.2497	0.7305	1903	0.5938	6205	0.3544	0.3462	0.1281	0.0224	0.0490	0.0008	0.0034	0.0253	0.0187	0.0137	0.0064	0.0066	0.0102	0.0077	0.0071
found	ladder-A	la_T1	headline	1	ladder-A/artifacts/ladder/la_T1_s1	4	423	0.0000	0.0449	0.3357	0.6194	2326	0.5985	3358	0.3270	0.3160	0.1575	0.0259	0.0682	0.0018	0.0015	0.0200	0.0211	0.0185	0.0060	0.0074	0.0110	0.0071	0.0110
found	ladder-A	la_T1	headline	1	ladder-A/artifacts/ladder/la_T1_s1	5	353	0.0000	0.0425	0.3003	0.6572	2679	0.6062	2891	0.3241	0.3137	0.1608	0.0242	0.0699	0.0028	0.0031	0.0221	0.0246	0.0169	0.0083	0.0048	0.0059	0.0066	0.0121
found	ladder-A	la_T1	headline	1	ladder-A/artifacts/ladder/la_T1_s1	6	234	0.0000	0.0385	0.4188	0.5427	2913	0.6011	1916	0.3189	0.3006	0.1623	0.0365	0.0757	0.0068	0.0026	0.0188	0.0209	0.0193	0.0073	0.0047	0.0068	0.0042	0.0146
found	ladder-A	la_T1	headline	1	ladder-A/artifacts/ladder/la_T1_s1	7	216	0.0000	0.0972	0.3565	0.5463	3129	0.5973	1801	0.3043	0.2893	0.1688	0.0372	0.0827	0.0067	0.0006	0.0261	0.0278	0.0172	0.0078	0.0017	0.0111	0.0033	0.0155
found	ladder-A	la_T1	headline	1	ladder-A/artifacts/ladder/la_T1_s1	8	167	0.0000	0.0659	0.3413	0.5928	3296	0.5971	1397	0.3128	0.2928	0.1510	0.0344	0.0759	0.0072	0.0007	0.0265	0.0186	0.0243	0.0093	0.0057	0.0093	0.0129	0.0186
found_transfer	ladder-A	la_T1	headline	1	ladder-A/artifacts/ladder/la_T1_s1	1	14	0.0000	0.2143	0.7857	0.0000	14	0.0000	100	0.2600	0.2100	0.2100	0.0400	0.0800	0.0100	0.0000	0.0300	0.0500	0.0500	0.0000	0.0300	0.0100	0.0000	0.0200
found_transfer	ladder-A	la_T1	headline	1	ladder-A/artifacts/ladder/la_T1_s1	2	60	0.0000	0.0833	0.3833	0.5333	74	0.4324	438	0.3356	0.3082	0.1233	0.0274	0.0525	0.0000	0.0000	0.0160	0.0457	0.0320	0.0137	0.0274	0.0068	0.0068	0.0046
found_transfer	ladder-A	la_T1	headline	1	ladder-A/artifacts/ladder/la_T1_s1	3	155	0.0000	0.0065	0.2581	0.7355	229	0.6376	1238	0.3417	0.3263	0.1502	0.0234	0.0533	0.0000	0.0000	0.0210	0.0283	0.0178	0.0073	0.0153	0.0057	0.0073	0.0024
found_transfer	ladder-A	la_T1	headline	1	ladder-A/artifacts/ladder/la_T1_s1	4	163	0.0000	0.0123	0.2638	0.7239	392	0.6735	1371	0.3246	0.3166	0.1729	0.0277	0.0824	0.0007	0.0000	0.0168	0.0328	0.0066	0.0000	0.0066	0.0044	0.0080	0.0000
found_transfer	ladder-A	la_T1	headline	1	ladder-A/artifacts/ladder/la_T1_s1	5	156	0.0000	0.0064	0.2179	0.7756	548	0.7026	1380	0.3145	0.3123	0.1739	0.0290	0.0993	0.0000	0.0007	0.0239	0.0196	0.0051	0.0065	0.0022	0.0058	0.0043	0.0029
found_transfer	ladder-A	la_T1	headline	1	ladder-A/artifacts/ladder/la_T1_s1	6	119	0.0000	0.0252	0.1345	0.8403	667	0.7271	1050	0.3381	0.3257	0.1486	0.0371	0.0686	0.0048	0.0029	0.0210	0.0200	0.0095	0.0048	0.0029	0.0038	0.0057	0.0067
found_transfer	ladder-A	la_T1	headline	1	ladder-A/artifacts/ladder/la_T1_s1	7	112	0.0089	0.0357	0.1786	0.7768	779	0.7343	1006	0.3082	0.3012	0.1541	0.0487	0.0964	0.0020	0.0010	0.0298	0.0199	0.0089	0.0070	0.0030	0.0060	0.0080	0.0060
found_transfer	ladder-A	la_T1	headline	1	ladder-A/artifacts/ladder/la_T1_s1	8	89	0.0000	0.0112	0.1236	0.8652	868	0.7477	811	0.3292	0.3255	0.1356	0.0321	0.0888	0.0012	0.0000	0.0321	0.0185	0.0099	0.0049	0.0012	0.0086	0.0037	0.0086
found	ladder-A	la_T2	extra	0	ladder-A/artifacts/ladder/la_T2_s0	1	377	0.0080	0.2016	0.7135	0.0769	377	0.0769	2646	0.2710	0.2657	0.2324	0.0431	0.0926	0.0023	0.0045	0.0310	0.0159	0.0132	0.0079	0.0008	0.0034	0.0038	0.0125
found	ladder-A	la_T2	extra	0	ladder-A/artifacts/ladder/la_T2_s0	2	829	0.0000	0.0458	0.2606	0.6936	1206	0.5008	5948	0.3700	0.3670	0.0884	0.0291	0.0377	0.0007	0.0045	0.0249	0.0108	0.0106	0.0277	0.0017	0.0081	0.0099	0.0089
found	ladder-A	la_T2	extra	0	ladder-A/artifacts/ladder/la_T2_s0	3	725	0.0014	0.0331	0.2510	0.7145	1931	0.5810	5577	0.3495	0.3409	0.1323	0.0249	0.0472	0.0013	0.0022	0.0253	0.0206	0.0154	0.0072	0.0061	0.0097	0.0081	0.0095
found	ladder-A	la_T2	extra	0	ladder-A/artifacts/ladder/la_T2_s0	4	422	0.0000	0.0403	0.3057	0.6540	2353	0.5941	3408	0.3275	0.3110	0.1667	0.0185	0.0660	0.0032	0.0032	0.0132	0.0252	0.0208	0.0056	0.0100	0.0091	0.0088	0.0112
found	ladder-A	la_T2	extra	0	ladder-A/artifacts/ladder/la_T2_s0	5	246	0.0000	0.0366	0.3699	0.5935	2599	0.5941	2041	0.3155	0.2994	0.1828	0.0196	0.0686	0.0064	0.0044	0.0157	0.0294	0.0171	0.0083	0.0034	0.0083	0.0073	0.0137
found	ladder-A	la_T2	extra	0	ladder-A/artifacts/ladder/la_T2_s0	6	198	0.0000	0.0606	0.3485	0.5909	2797	0.5939	1652	0.3130	0.2984	0.1580	0.0291	0.0757	0.0048	0.0006	0.0230	0.0248	0.0212	0.0073	0.0048	0.0133	0.0085	0.0176
found	ladder-A	la_T2	extra	0	ladder-A/artifacts/ladder/la_T2_s0	7	178	0.0000	0.1124	0.3034	0.5843	2975	0.5933	1501	0.3091	0.2885	0.1606	0.0300	0.0819	0.0067	0.0007	0.0240	0.0220	0.0240	0.0080	0.0073	0.0107	0.0093	0.0173
found	ladder-A	la_T2	extra	0	ladder-A/artifacts/ladder/la_T2_s0	8	138	0.0000	0.0942	0.3551	0.5507	3113	0.5914	1181	0.3023	0.2760	0.1609	0.0347	0.0906	0.0093	0.0008	0.0279	0.0288	0.0161	0.0059	0.0076	0.0169	0.0135	0.0085
found_transfer	ladder-A	la_T2	extra	0	ladder-A/artifacts/ladder/la_T2_s0	1	18	0.0000	0.2222	0.7222	0.0556	18	0.0556	127	0.2756	0.2283	0.1890	0.0472	0.0472	0.0079	0.0000	0.0394	0.0472	0.0551	0.0000	0.0315	0.0079	0.0000	0.0236
found_transfer	ladder-A	la_T2	extra	0	ladder-A/artifacts/ladder/la_T2_s0	2	74	0.0000	0.0541	0.3649	0.5811	92	0.4783	547	0.3437	0.3199	0.1133	0.0219	0.0585	0.0000	0.0018	0.0165	0.0402	0.0274	0.0183	0.0238	0.0055	0.0055	0.0037
found_transfer	ladder-A	la_T2	extra	0	ladder-A/artifacts/ladder/la_T2_s0	3	151	0.0000	0.0265	0.3113	0.6623	243	0.5926	1184	0.3361	0.3218	0.1402	0.0346	0.0591	0.0000	0.0000	0.0211	0.0389	0.0152	0.0034	0.0144	0.0051	0.0093	0.0008
found_transfer	ladder-A	la_T2	extra	0	ladder-A/artifacts/ladder/la_T2_s0	4	194	0.0000	0.0206	0.1856	0.7938	437	0.6819	1659	0.3249	0.3165	0.1808	0.0259	0.0747	0.0006	0.0006	0.0205	0.0259	0.0090	0.0030	0.0072	0.0036	0.0048	0.0018
found_transfer	ladder-A	la_T2	extra	0	ladder-A/artifacts/ladder/la_T2_s0	5	119	0.0000	0.0168	0.1092	0.8739	556	0.7230	1054	0.3311	0.3245	0.1746	0.0275	0.0778	0.0028	0.0019	0.0142	0.0190	0.0028	0.0057	0.0009	0.0085	0.0066	0.0019
found_transfer	ladder-A	la_T2	extra	0	ladder-A/artifacts/ladder/la_T2_s0	6	104	0.0000	0.0288	0.1538	0.8173	660	0.7379	942	0.3153	0.3079	0.1603	0.0212	0.1200	0.0032	0.0011	0.0149	0.0191	0.0064	0.0106	0.0011	0.0042	0.0096	0.0053
found_transfer	ladder-A	la_T2	extra	0	ladder-A/artifacts/ladder/la_T2_s0	7	133	0.0000	0.0677	0.1805	0.7519	793	0.7402	1185	0.3139	0.3072	0.1519	0.0338	0.0776	0.0000	0.0034	0.0262	0.0304	0.0118	0.0068	0.0068	0.0110	0.0143	0.0051
found_transfer	ladder-A	la_T2	extra	0	ladder-A/artifacts/ladder/la_T2_s0	8	99	0.0000	0.0606	0.1111	0.8283	892	0.7500	889	0.3228	0.3105	0.1305	0.0382	0.0832	0.0034	0.0000	0.0259	0.0225	0.0146	0.0067	0.0056	0.0135	0.0135	0.0090
found	ladder-A	la_T2	extra	1	ladder-A/artifacts/ladder/la_T2_s1	1	356	0.0084	0.2079	0.7022	0.0815	356	0.0815	2499	0.2693	0.2641	0.2345	0.0428	0.0928	0.0020	0.0036	0.0304	0.0176	0.0136	0.0072	0.0012	0.0036	0.0048	0.0124
found	ladder-A	la_T2	extra	1	ladder-A/artifacts/ladder/la_T2_s1	2	712	0.0028	0.0421	0.2837	0.6713	1068	0.4747	5094	0.3691	0.3649	0.0897	0.0283	0.0314	0.0012	0.0053	0.0255	0.0104	0.0124	0.0298	0.0020	0.0084	0.0112	0.0104
found	ladder-A	la_T2	extra	1	ladder-A/artifacts/ladder/la_T2_s1	3	755	0.0000	0.0252	0.2424	0.7325	1823	0.5815	5733	0.3572	0.3475	0.1200	0.0248	0.0412	0.0009	0.0031	0.0269	0.0185	0.0185	0.0082	0.0082	0.0087	0.0061	0.0103
found	ladder-A	la_T2	extra	1	ladder-A/artifacts/ladder/la_T2_s1	4	485	0.0000	0.0268	0.3237	0.6495	2308	0.5958	3885	0.3305	0.3184	0.1516	0.0224	0.0728	0.0031	0.0021	0.0185	0.0170	0.0216	0.0062	0.0064	0.0082	0.0059	0.0152
found	ladder-A	la_T2	extra	1	ladder-A/artifacts/ladder/la_T2_s1	5	320	0.0000	0.0625	0.3219	0.6156	2628	0.5982	2633	0.3156	0.3038	0.1675	0.0281	0.0790	0.0057	0.0023	0.0175	0.0197	0.0201	0.0072	0.0023	0.0076	0.0057	0.0179
found	ladder-A	la_T2	extra	1	ladder-A/artifacts/ladder/la_T2_s1	6	229	0.0000	0.0524	0.3450	0.6026	2857	0.5985	1938	0.3117	0.2946	0.1729	0.0382	0.0774	0.0077	0.0010	0.0181	0.0273	0.0139	0.0103	0.0026	0.0077	0.0052	0.0114
found	ladder-A	la_T2	extra	1	ladder-A/artifacts/ladder/la_T2_s1	7	158	0.0000	0.0759	0.3101	0.6139	3015	0.5993	1340	0.3104	0.2970	0.1687	0.0313	0.0754	0.0082	0.0000	0.0231	0.0328	0.0134	0.0075	0.0015	0.0127	0.0060	0.0119
found	ladder-A	la_T2	extra	1	ladder-A/artifacts/ladder/la_T2_s1	8	131	0.0076	0.0763	0.3359	0.5802	3146	0.5985	1104	0.3143	0.2853	0.1667	0.0236	0.0661	0.0136	0.0009	0.0272	0.0308	0.0217	0.0036	0.0045	0.0118	0.0127	0.0172
found_transfer	ladder-A	la_T2	extra	1	ladder-A/artifacts/ladder/la_T2_s1	1	14	0.0000	0.2143	0.7857	0.0000	14	0.0000	100	0.2600	0.2100	0.2100	0.0400	0.0800	0.0100	0.0000	0.0300	0.0500	0.0500	0.0000	0.0300	0.0100	0.0000	0.0200
found_transfer	ladder-A	la_T2	extra	1	ladder-A/artifacts/ladder/la_T2_s1	2	56	0.0000	0.0714	0.4464	0.4821	70	0.3857	410	0.3293	0.3049	0.1244	0.0293	0.0561	0.0000	0.0000	0.0146	0.0463	0.0317	0.0220	0.0244	0.0049	0.0049	0.0073
found_transfer	ladder-A	la_T2	extra	1	ladder-A/artifacts/ladder/la_T2_s1	3	138	0.0000	0.0290	0.2971	0.6739	208	0.5769	1072	0.3405	0.3200	0.1362	0.0299	0.0476	0.0000	0.0000	0.0243	0.0326	0.0243	0.0047	0.0205	0.0065	0.0093	0.0037
found_transfer	ladder-A	la_T2	extra	1	ladder-A/artifacts/ladder/la_T2_s1	4	182	0.0055	0.0110	0.1758	0.8077	390	0.6846	1552	0.3267	0.3209	0.1740	0.0251	0.0805	0.0000	0.0000	0.0174	0.0277	0.0077	0.0039	0.0058	0.0032	0.0052	0.0019
found_transfer	ladder-A	la_T2	extra	1	ladder-A/artifacts/ladder/la_T2_s1	5	173	0.0000	0.0173	0.1792	0.8035	563	0.7211	1509	0.3247	0.3128	0.1637	0.0311	0.0888	0.0053	0.0013	0.0252	0.0212	0.0046	0.0066	0.0033	0.0053	0.0046	0.0013
found_transfer	ladder-A	la_T2	extra	1	ladder-A/artifacts/ladder/la_T2_s1	6	132	0.0000	0.0000	0.2045	0.7955	695	0.7353	1181	0.3192	0.3167	0.1550	0.0381	0.0940	0.0017	0.0025	0.0246	0.0169	0.0051	0.0068	0.0000	0.0051	0.0093	0.0051
found_transfer	ladder-A	la_T2	extra	1	ladder-A/artifacts/ladder/la_T2_s1	7	107	0.0000	0.0093	0.2336	0.7570	802	0.7382	960	0.3125	0.3083	0.1698	0.0406	0.0771	0.0031	0.0010	0.0292	0.0219	0.0115	0.0063	0.0000	0.0063	0.0010	0.0115
found_transfer	ladder-A	la_T2	extra	1	ladder-A/artifacts/ladder/la_T2_s1	8	95	0.0000	0.0316	0.1579	0.8105	897	0.7458	853	0.3294	0.3200	0.1407	0.0328	0.0727	0.0035	0.0023	0.0199	0.0176	0.0176	0.0047	0.0023	0.0059	0.0152	0.0152
found	ladder-A	la_T3	extra	0	ladder-A/artifacts/ladder/la_T3_s0	1	354	0.0085	0.2288	0.6893	0.0734	354	0.0734	2483	0.2670	0.2590	0.2388	0.0431	0.0914	0.0032	0.0036	0.0318	0.0177	0.0149	0.0064	0.0016	0.0036	0.0044	0.0133
found	ladder-A	la_T3	extra	0	ladder-A/artifacts/ladder/la_T3_s0	2	858	0.0012	0.0350	0.2506	0.7133	1212	0.5264	6173	0.3731	0.3705	0.0838	0.0303	0.0381	0.0006	0.0042	0.0280	0.0094	0.0091	0.0259	0.0013	0.0083	0.0097	0.0078
found	ladder-A	la_T3	extra	0	ladder-A/artifacts/ladder/la_T3_s0	3	776	0.0013	0.0335	0.2616	0.7036	1988	0.5956	5991	0.3460	0.3368	0.1365	0.0229	0.0522	0.0005	0.0022	0.0224	0.0215	0.0177	0.0065	0.0082	0.0088	0.0082	0.0095
found	ladder-A	la_T3	extra	0	ladder-A/artifacts/ladder/la_T3_s0	4	477	0.0000	0.0503	0.3564	0.5933	2465	0.5951	3836	0.3201	0.3076	0.1702	0.0258	0.0691	0.0034	0.0021	0.0182	0.0227	0.0198	0.0060	0.0060	0.0094	0.0057	0.0138
found	ladder-A	la_T3	extra	0	ladder-A/artifacts/ladder/la_T3_s0	5	318	0.0000	0.0755	0.4025	0.5220	2783	0.5868	2575	0.3052	0.2948	0.1701	0.0404	0.0843	0.0043	0.0019	0.0221	0.0221	0.0186	0.0050	0.0035	0.0097	0.0027	0.0151
found	ladder-A	la_T3	extra	0	ladder-A/artifacts/ladder/la_T3_s0	6	247	0.0000	0.0729	0.3117	0.6154	3030	0.5891	2025	0.3230	0.3027	0.1664	0.0257	0.0711	0.0104	0.0020	0.0202	0.0212	0.0143	0.0069	0.0025	0.0109	0.0109	0.0119
found	ladder-A	la_T3	extra	0	ladder-A/artifacts/ladder/la_T3_s0	7	211	0.0000	0.0427	0.3744	0.5829	3241	0.5887	1752	0.3231	0.2951	0.1672	0.0280	0.0611	0.0143	0.0046	0.0337	0.0228	0.0143	0.0057	0.0017	0.0103	0.0057	0.0126
found	ladder-A	la_T3	extra	0	ladder-A/artifacts/ladder/la_T3_s0	8	184	0.0000	0.0598	0.3261	0.6141	3425	0.5901	1552	0.3177	0.2925	0.1546	0.0271	0.0818	0.0103	0.0058	0.0258	0.0148	0.0219	0.0103	0.0064	0.0084	0.0071	0.0155
found_transfer	ladder-A	la_T3	extra	0	ladder-A/artifacts/ladder/la_T3_s0	1	14	0.0000	0.1429	0.8571	0.0000	14	0.0000	99	0.2828	0.2222	0.1919	0.0505	0.0404	0.0101	0.0000	0.0202	0.0404	0.0707	0.0000	0.0404	0.0000	0.0000	0.0303
found_transfer	ladder-A	la_T3	extra	0	ladder-A/artifacts/ladder/la_T3_s0	2	75	0.0000	0.0667	0.2933	0.6400	89	0.5393	555	0.3514	0.3333	0.1045	0.0378	0.0486	0.0018	0.0000	0.0234	0.0360	0.0162	0.0144	0.0144	0.0072	0.0090	0.0018
found_transfer	ladder-A	la_T3	extra	0	ladder-A/artifacts/ladder/la_T3_s0	3	197	0.0000	0.0152	0.2640	0.7208	286	0.6643	1595	0.3342	0.3185	0.1524	0.0270	0.0639	0.0000	0.0000	0.0219	0.0301	0.0176	0.0044	0.0157	0.0044	0.0082	0.0019
found_transfer	ladder-A	la_T3	extra	0	ladder-A/artifacts/ladder/la_T3_s0	4	200	0.0050	0.0150	0.1900	0.7900	486	0.7160	1732	0.3222	0.3158	0.1778	0.0266	0.0866	0.0012	0.0000	0.0156	0.0289	0.0075	0.0035	0.0040	0.0029	0.0040	0.0035
found_transfer	ladder-A	la_T3	extra	0	ladder-A/artifacts/ladder/la_T3_s0	5	137	0.0000	0.0073	0.2190	0.7737	623	0.7287	1217	0.3155	0.3122	0.1586	0.0370	0.1035	0.0016	0.0008	0.0205	0.0181	0.0025	0.0115	0.0008	0.0090	0.0066	0.0016
found_transfer	ladder-A	la_T3	extra	0	ladder-A/artifacts/ladder/la_T3_s0	6	120	0.0000	0.0250	0.1583	0.8167	743	0.7429	1072	0.3218	0.3116	0.1576	0.0308	0.0774	0.0047	0.0028	0.0252	0.0261	0.0103	0.0056	0.0028	0.0056	0.0103	0.0075
found_transfer	ladder-A	la_T3	extra	0	ladder-A/artifacts/ladder/la_T3_s0	7	117	0.0000	0.0085	0.1624	0.8291	860	0.7547	1049	0.3327	0.3174	0.1478	0.0315	0.0867	0.0095	0.0038	0.0219	0.0219	0.0067	0.0076	0.0010	0.0019	0.0038	0.0057
found_transfer	ladder-A	la_T3	extra	0	ladder-A/artifacts/ladder/la_T3_s0	8	112	0.0000	0.0089	0.1339	0.8571	972	0.7665	1026	0.3216	0.3158	0.1413	0.0429	0.0877	0.0029	0.0000	0.0283	0.0205	0.0068	0.0127	0.0010	0.0058	0.0068	0.0058
found	ladder-A	la_T3	extra	1	ladder-A/artifacts/ladder/la_T3_s1	1	371	0.0108	0.2156	0.7035	0.0701	371	0.0701	2602	0.2663	0.2610	0.2379	0.0388	0.0930	0.0019	0.0046	0.0331	0.0173	0.0146	0.0073	0.0015	0.0038	0.0058	0.0131
found	ladder-A	la_T3	extra	1	ladder-A/artifacts/ladder/la_T3_s1	2	803	0.0025	0.0399	0.2204	0.7372	1174	0.5264	5765	0.3766	0.3728	0.0798	0.0298	0.0354	0.0012	0.0043	0.0274	0.0088	0.0085	0.0286	0.0014	0.0088	0.0094	0.0071
found	ladder-A	la_T3	extra	1	ladder-A/artifacts/ladder/la_T3_s1	3	709	0.0000	0.0339	0.2539	0.7123	1883	0.5964	5467	0.3483	0.3406	0.1394	0.0247	0.0494	0.0007	0.0022	0.0214	0.0198	0.0152	0.0075	0.0062	0.0088	0.0070	0.0090
found	ladder-A	la_T3	extra	1	ladder-A/artifacts/ladder/la_T3_s1	4	493	0.0000	0.0446	0.3408	0.6146	2376	0.6002	3914	0.3288	0.3117	0.1559	0.0232	0.0710	0.0038	0.0020	0.0143	0.0261	0.0210	0.0054	0.0095	0.0095	0.0064	0.0115
found	ladder-A	la_T3	extra	1	ladder-A/artifacts/ladder/la_T3_s1	5	241	0.0000	0.0788	0.3112	0.6100	2617	0.6011	1957	0.3168	0.3030	0.1681	0.0235	0.0731	0.0036	0.0020	0.0245	0.0291	0.0148	0.0087	0.0066	0.0097	0.0082	0.0082
found	ladder-A	la_T3	extra	1	ladder-A/artifacts/ladder/la_T3_s1	6	214	0.0000	0.0421	0.4206	0.5374	2831	0.5963	1756	0.3115	0.2990	0.1691	0.0353	0.0797	0.0046	0.0023	0.0233	0.0233	0.0171	0.0051	0.0034	0.0068	0.0057	0.0137
found	ladder-A	la_T3	extra	1	ladder-A/artifacts/ladder/la_T3_s1	7	197	0.0000	0.0609	0.3249	0.6142	3028	0.5974	1628	0.3225	0.3065	0.1499	0.0393	0.0792	0.0061	0.0018	0.0264	0.0141	0.0166	0.0074	0.0037	0.0068	0.0068	0.0129
found	ladder-A	la_T3	extra	1	ladder-A/artifacts/ladder/la_T3_s1	8	153	0.0000	0.0719	0.3791	0.5490	3181	0.5951	1265	0.3075	0.2980	0.1613	0.0292	0.0909	0.0032	0.0016	0.0237	0.0166	0.0221	0.0071	0.0032	0.0103	0.0063	0.0190
found_transfer	ladder-A	la_T3	extra	1	ladder-A/artifacts/ladder/la_T3_s1	1	17	0.0000	0.2353	0.6471	0.1176	17	0.1176	121	0.2727	0.2314	0.1983	0.0579	0.0579	0.0083	0.0000	0.0331	0.0413	0.0496	0.0000	0.0248	0.0000	0.0000	0.0248
found_transfer	ladder-A	la_T3	extra	1	ladder-A/artifacts/ladder/la_T3_s1	2	69	0.0000	0.0580	0.3333	0.6087	86	0.5116	512	0.3438	0.3262	0.1152	0.0312	0.0566	0.0000	0.0000	0.0195	0.0332	0.0215	0.0156	0.0176	0.0059	0.0098	0.0039
found_transfer	ladder-A	la_T3	extra	1	ladder-A/artifacts/ladder/la_T3_s1	3	133	0.0000	0.0150	0.2180	0.7669	219	0.6667	1070	0.3421	0.3262	0.1439	0.0327	0.0495	0.0000	0.0000	0.0280	0.0234	0.0178	0.0047	0.0159	0.0065	0.0075	0.0019
found_transfer	ladder-A	la_T3	extra	1	ladder-A/artifacts/ladder/la_T3_s1	4	200	0.0000	0.0150	0.2600	0.7250	419	0.6945	1683	0.3250	0.3137	0.1788	0.0208	0.0814	0.0018	0.0000	0.0113	0.0374	0.0095	0.0024	0.0077	0.0042	0.0042	0.0018
found_transfer	ladder-A	la_T3	extra	1	ladder-A/artifacts/ladder/la_T3_s1	5	102	0.0000	0.0098	0.1667	0.8235	521	0.7198	881	0.3326	0.3235	0.1578	0.0284	0.0795	0.0034	0.0011	0.0227	0.0284	0.0023	0.0011	0.0023	0.0068	0.0102	0.0000
found_transfer	ladder-A	la_T3	extra	1	ladder-A/artifacts/ladder/la_T3_s1	6	118	0.0000	0.0508	0.1695	0.7797	639	0.7308	1055	0.3137	0.3081	0.1668	0.0332	0.0900	0.0019	0.0019	0.0294	0.0218	0.0076	0.0085	0.0019	0.0047	0.0047	0.0057
found_transfer	ladder-A	la_T3	extra	1	ladder-A/artifacts/ladder/la_T3_s1	7	93	0.0000	0.0108	0.1935	0.7957	732	0.7391	835	0.3198	0.3174	0.1353	0.0443	0.0946	0.0000	0.0048	0.0228	0.0228	0.0036	0.0144	0.0024	0.0060	0.0108	0.0012
found_transfer	ladder-A	la_T3	extra	1	ladder-A/artifacts/ladder/la_T3_s1	8	79	0.0127	0.0127	0.1139	0.8608	811	0.7509	717	0.3222	0.3208	0.1450	0.0377	0.0976	0.0000	0.0014	0.0265	0.0139	0.0084	0.0112	0.0014	0.0000	0.0070	0.0070
found	ladder-A	la_T4	extra	0	ladder-A/artifacts/ladder/la_T4_s0	1	354	0.0085	0.2288	0.6893	0.0734	354	0.0734	2483	0.2670	0.2590	0.2388	0.0431	0.0914	0.0032	0.0036	0.0318	0.0177	0.0149	0.0064	0.0016	0.0036	0.0044	0.0133
found	ladder-A	la_T4	extra	0	ladder-A/artifacts/ladder/la_T4_s0	2	259	0.0000	0.0077	0.2085	0.7838	613	0.3736	1985	0.3632	0.3612	0.1144	0.0358	0.0534	0.0010	0.0020	0.0307	0.0045	0.0035	0.0171	0.0000	0.0040	0.0055	0.0035
found	ladder-A	la_T4	extra	0	ladder-A/artifacts/ladder/la_T4_s0	3	134	0.0000	0.0000	0.1269	0.8731	747	0.4632	1102	0.3494	0.3494	0.1434	0.0354	0.0762	0.0000	0.0036	0.0154	0.0118	0.0000	0.0100	0.0000	0.0018	0.0036	0.0000
found	ladder-A	la_T4	extra	0	ladder-A/artifacts/ladder/la_T4_s0	4	1124	0.0009	0.0205	0.1788	0.7998	1871	0.6654	8490	0.3682	0.3635	0.1044	0.0241	0.0424	0.0001	0.0034	0.0238	0.0172	0.0084	0.0179	0.0045	0.0078	0.0106	0.0038
found	ladder-A	la_T4	extra	0	ladder-A/artifacts/ladder/la_T4_s0	5	377	0.0000	0.0371	0.4085	0.5544	2248	0.6468	2969	0.3223	0.3078	0.1620	0.0293	0.0613	0.0020	0.0037	0.0185	0.0290	0.0185	0.0077	0.0104	0.0145	0.0047	0.0081
found	ladder-A	la_T4	extra	0	ladder-A/artifacts/ladder/la_T4_s0	6	295	0.0000	0.0610	0.3898	0.5492	2543	0.6355	2363	0.3161	0.3026	0.1655	0.0322	0.0762	0.0034	0.0034	0.0174	0.0267	0.0165	0.0080	0.0068	0.0106	0.0051	0.0097
found	ladder-A	la_T4	extra	0	ladder-A/artifacts/ladder/la_T4_s0	7	265	0.0000	0.0642	0.4642	0.4717	2808	0.6200	2131	0.3125	0.2919	0.1760	0.0291	0.0666	0.0075	0.0014	0.0145	0.0225	0.0253	0.0080	0.0056	0.0127	0.0066	0.0197
found	ladder-A	la_T4	extra	0	ladder-A/artifacts/ladder/la_T4_s0	8	208	0.0000	0.0625	0.3750	0.5625	3016	0.6160	1699	0.3196	0.2984	0.1483	0.0300	0.0683	0.0077	0.0012	0.0235	0.0253	0.0259	0.0065	0.0059	0.0106	0.0088	0.0200
found_transfer	ladder-A	la_T4	extra	0	ladder-A/artifacts/ladder/la_T4_s0	1	14	0.0000	0.1429	0.8571	0.0000	14	0.0000	99	0.2828	0.2222	0.1919	0.0505	0.0404	0.0101	0.0000	0.0202	0.0404	0.0707	0.0000	0.0404	0.0000	0.0000	0.0303
found_transfer	ladder-A	la_T4	extra	0	ladder-A/artifacts/ladder/la_T4_s0	2	88	0.0000	0.1023	0.4205	0.4773	102	0.4118	648	0.3225	0.2917	0.1389	0.0231	0.0540	0.0000	0.0000	0.0247	0.0571	0.0324	0.0123	0.0309	0.0046	0.0062	0.0015
found_transfer	ladder-A	la_T4	extra	0	ladder-A/artifacts/ladder/la_T4_s0	3	154	0.0065	0.0130	0.0779	0.9026	256	0.7070	1286	0.3445	0.3421	0.1509	0.0404	0.0661	0.0000	0.0000	0.0194	0.0117	0.0031	0.0031	0.0023	0.0054	0.0101	0.0008
found_transfer	ladder-A	la_T4	extra	0	ladder-A/artifacts/ladder/la_T4_s0	4	130	0.0000	0.0077	0.1231	0.8692	386	0.7617	1138	0.3286	0.3243	0.1749	0.0193	0.0923	0.0000	0.0000	0.0211	0.0228	0.0044	0.0009	0.0044	0.0026	0.0044	0.0000
found_transfer	ladder-A	la_T4	extra	0	ladder-A/artifacts/ladder/la_T4_s0	5	135	0.0000	0.0148	0.2148	0.7704	521	0.7639	1170	0.3188	0.3060	0.1692	0.0239	0.0846	0.0009	0.0017	0.0188	0.0333	0.0120	0.0103	0.0111	0.0051	0.0034	0.0009
found_transfer	ladder-A	la_T4	extra	0	ladder-A/artifacts/ladder/la_T4_s0	6	112	0.0000	0.0000	0.2232	0.7768	633	0.7662	991	0.3179	0.3169	0.1705	0.0313	0.0888	0.0000	0.0040	0.0141	0.0323	0.0030	0.0071	0.0010	0.0030	0.0081	0.0020
found_transfer	ladder-A	la_T4	extra	0	ladder-A/artifacts/ladder/la_T4_s0	7	138	0.0000	0.0217	0.2754	0.7029	771	0.7549	1230	0.3089	0.3024	0.1618	0.0309	0.0967	0.0024	0.0016	0.0252	0.0374	0.0057	0.0089	0.0016	0.0065	0.0057	0.0041
found_transfer	ladder-A	la_T4	extra	0	ladder-A/artifacts/ladder/la_T4_s0	8	117	0.0000	0.0256	0.2137	0.7607	888	0.7556	1042	0.3311	0.3177	0.1411	0.0298	0.0864	0.0058	0.0000	0.0307	0.0163	0.0106	0.0038	0.0019	0.0067	0.0096	0.0086
found	ladder-A	la_T4	extra	1	ladder-A/artifacts/ladder/la_T4_s1	1	371	0.0108	0.2156	0.7035	0.0701	371	0.0701	2602	0.2663	0.2610	0.2379	0.0388	0.0930	0.0019	0.0046	0.0331	0.0173	0.0146	0.0073	0.0015	0.0038	0.0058	0.0131
found	ladder-A	la_T4	extra	1	ladder-A/artifacts/ladder/la_T4_s1	2	256	0.0000	0.0195	0.1953	0.7852	627	0.3620	1951	0.3629	0.3624	0.1128	0.0436	0.0482	0.0000	0.0036	0.0338	0.0051	0.0026	0.0138	0.0005	0.0026	0.0062	0.0021
found	ladder-A	la_T4	extra	1	ladder-A/artifacts/ladder/la_T4_s1	3	137	0.0000	0.0073	0.0949	0.8978	764	0.4581	1141	0.3471	0.3462	0.1534	0.0333	0.0649	0.0000	0.0009	0.0184	0.0149	0.0018	0.0105	0.0009	0.0018	0.0053	0.0009
found	ladder-A	la_T4	extra	1	ladder-A/artifacts/ladder/la_T4_s1	4	1103	0.0009	0.0227	0.1750	0.8015	1867	0.6610	8340	0.3683	0.3638	0.1095	0.0216	0.0405	0.0008	0.0028	0.0213	0.0171	0.0080	0.0187	0.0029	0.0090	0.0104	0.0052
found	ladder-A	la_T4	extra	1	ladder-A/artifacts/ladder/la_T4_s1	5	401	0.0000	0.0648	0.3815	0.5536	2268	0.6420	3103	0.3248	0.3062	0.1479	0.0248	0.0638	0.0019	0.0039	0.0190	0.0335	0.0235	0.0077	0.0148	0.0119	0.0074	0.0087
found	ladder-A	la_T4	extra	1	ladder-A/artifacts/ladder/la_T4_s1	6	291	0.0000	0.0550	0.3677	0.5773	2559	0.6346	2289	0.3338	0.3080	0.1398	0.0284	0.0712	0.0083	0.0035	0.0249	0.0210	0.0201	0.0057	0.0092	0.0118	0.0035	0.0109
found	ladder-A	la_T4	extra	1	ladder-A/artifacts/ladder/la_T4_s1	7	246	0.0000	0.0691	0.3862	0.5447	2805	0.6267	1996	0.3166	0.2981	0.1513	0.0306	0.0752	0.0060	0.0005	0.0256	0.0235	0.0266	0.0055	0.0065	0.0075	0.0060	0.0205
found	ladder-A	la_T4	extra	1	ladder-A/artifacts/ladder/la_T4_s1	8	208	0.0000	0.0913	0.3269	0.5817	3013	0.6236	1703	0.3118	0.2959	0.1574	0.0288	0.0687	0.0047	0.0006	0.0159	0.0252	0.0252	0.0135	0.0065	0.0153	0.0117	0.0188
found_transfer	ladder-A	la_T4	extra	1	ladder-A/artifacts/ladder/la_T4_s1	1	17	0.0000	0.2353	0.6471	0.1176	17	0.1176	121	0.2727	0.2314	0.1983	0.0579	0.0579	0.0083	0.0000	0.0331	0.0413	0.0496	0.0000	0.0248	0.0000	0.0000	0.0248
found_transfer	ladder-A	la_T4	extra	1	ladder-A/artifacts/ladder/la_T4_s1	2	77	0.0000	0.0909	0.3896	0.5195	94	0.4468	562	0.3327	0.3025	0.1263	0.0231	0.0480	0.0000	0.0000	0.0196	0.0516	0.0356	0.0125	0.0302	0.0053	0.0071	0.0053
found_transfer	ladder-A	la_T4	extra	1	ladder-A/artifacts/ladder/la_T4_s1	3	160	0.0000	0.0000	0.0813	0.9187	254	0.7441	1330	0.3511	0.3466	0.1504	0.0323	0.0571	0.0000	0.0000	0.0211	0.0105	0.0045	0.0038	0.0045	0.0068	0.0113	0.0000
found_transfer	ladder-A	la_T4	extra	1	ladder-A/artifacts/ladder/la_T4_s1	4	119	0.0000	0.0084	0.0924	0.8992	373	0.7936	1049	0.3317	0.3298	0.1764	0.0305	0.0791	0.0000	0.0000	0.0181	0.0286	0.0019	0.0000	0.0019	0.0000	0.0019	0.0000
found_transfer	ladder-A	la_T4	extra	1	ladder-A/artifacts/ladder/la_T4_s1	5	131	0.0000	0.0153	0.2901	0.6947	504	0.7679	1121	0.3167	0.3033	0.1686	0.0250	0.0776	0.0000	0.0009	0.0223	0.0393	0.0152	0.0045	0.0134	0.0062	0.0054	0.0018
found_transfer	ladder-A	la_T4	extra	1	ladder-A/artifacts/ladder/la_T4_s1	6	108	0.0000	0.0185	0.3056	0.6759	612	0.7516	926	0.3218	0.3078	0.1609	0.0270	0.0961	0.0043	0.0011	0.0151	0.0313	0.0076	0.0119	0.0054	0.0043	0.0032	0.0022
found_transfer	ladder-A	la_T4	extra	1	ladder-A/artifacts/ladder/la_T4_s1	7	112	0.0000	0.0714	0.1607	0.7679	724	0.7541	990	0.3162	0.3051	0.1444	0.0313	0.0929	0.0020	0.0000	0.0253	0.0263	0.0141	0.0040	0.0071	0.0111	0.0131	0.0071
found_transfer	ladder-A	la_T4	extra	1	ladder-A/artifacts/ladder/la_T4_s1	8	116	0.0086	0.0776	0.1897	0.7241	840	0.7500	1027	0.3067	0.2902	0.1500	0.0331	0.0808	0.0039	0.0039	0.0292	0.0302	0.0195	0.0058	0.0088	0.0127	0.0146	0.0107
found	ladder-A	la_T5	extra	0	ladder-A/artifacts/ladder/la_T5_s0	1	354	0.0085	0.2288	0.6893	0.0734	354	0.0734	2483	0.2670	0.2590	0.2388	0.0431	0.0914	0.0032	0.0036	0.0318	0.0177	0.0149	0.0064	0.0016	0.0036	0.0044	0.0133
found	ladder-A	la_T5	extra	0	ladder-A/artifacts/ladder/la_T5_s0	2	770	0.0026	0.0299	0.3052	0.6623	1124	0.4769	5497	0.3697	0.3631	0.0840	0.0304	0.0418	0.0015	0.0045	0.0226	0.0133	0.0126	0.0282	0.0038	0.0062	0.0096	0.0087
found	ladder-A	la_T5	extra	0	ladder-A/artifacts/ladder/la_T5_s0	3	755	0.0000	0.0265	0.2212	0.7523	1879	0.5875	5799	0.3554	0.3502	0.1273	0.0235	0.0483	0.0003	0.0034	0.0262	0.0171	0.0116	0.0078	0.0047	0.0088	0.0084	0.0071
found	ladder-A	la_T5	extra	0	ladder-A/artifacts/ladder/la_T5_s0	4	516	0.0000	0.0252	0.2868	0.6880	2395	0.6092	4148	0.3329	0.3214	0.1606	0.0243	0.0632	0.0022	0.0022	0.0142	0.0236	0.0164	0.0063	0.0077	0.0108	0.0055	0.0087
found	ladder-A	la_T5	extra	0	ladder-A/artifacts/ladder/la_T5_s0	5	280	0.0000	0.0571	0.3643	0.5786	2675	0.6060	2262	0.3183	0.2989	0.1768	0.0305	0.0690	0.0097	0.0022	0.0217	0.0217	0.0164	0.0066	0.0044	0.0084	0.0035	0.0119
found	ladder-A	la_T5	extra	0	ladder-A/artifacts/ladder/la_T5_s0	6	251	0.0000	0.0757	0.3108	0.6135	2926	0.6066	2050	0.3215	0.2932	0.1639	0.0288	0.0790	0.0122	0.0034	0.0229	0.0234	0.0176	0.0049	0.0093	0.0073	0.0044	0.0083
found	ladder-A	la_T5	extra	0	ladder-A/artifacts/ladder/la_T5_s0	7	198	0.0051	0.0505	0.3788	0.5657	3124	0.6040	1638	0.3144	0.2998	0.1563	0.0336	0.0836	0.0055	0.0018	0.0226	0.0201	0.0214	0.0092	0.0043	0.0055	0.0049	0.0171
found	ladder-A	la_T5	extra	0	ladder-A/artifacts/ladder/la_T5_s0	8	163	0.0061	0.0736	0.3190	0.6012	3287	0.6039	1363	0.3118	0.2920	0.1621	0.0360	0.0616	0.0066	0.0015	0.0345	0.0198	0.0242	0.0095	0.0073	0.0051	0.0110	0.0169
found_transfer	ladder-A	la_T5	extra	0	ladder-A/artifacts/ladder/la_T5_s0	1	14	0.0000	0.1429	0.8571	0.0000	14	0.0000	99	0.2828	0.2222	0.1919	0.0505	0.0404	0.0101	0.0000	0.0202	0.0404	0.0707	0.0000	0.0404	0.0000	0.0000	0.0303
found_transfer	ladder-A	la_T5	extra	0	ladder-A/artifacts/ladder/la_T5_s0	2	78	0.0000	0.0513	0.4872	0.4615	92	0.3913	562	0.3399	0.2954	0.0996	0.0267	0.0391	0.0000	0.0000	0.0142	0.0641	0.0463	0.0125	0.0445	0.0089	0.0071	0.0018
found_transfer	ladder-A	la_T5	extra	0	ladder-A/artifacts/ladder/la_T5_s0	3	154	0.0000	0.0260	0.2857	0.6883	246	0.5772	1215	0.3374	0.3267	0.1473	0.0296	0.0634	0.0000	0.0000	0.0222	0.0296	0.0115	0.0049	0.0107	0.0041	0.0115	0.0008
found_transfer	ladder-A	la_T5	extra	0	ladder-A/artifacts/ladder/la_T5_s0	4	189	0.0000	0.0159	0.1270	0.8571	435	0.6989	1636	0.3282	0.3264	0.1742	0.0257	0.0807	0.0000	0.0000	0.0232	0.0220	0.0043	0.0037	0.0018	0.0049	0.0024	0.0024
found_transfer	ladder-A	la_T5	extra	0	ladder-A/artifacts/ladder/la_T5_s0	5	131	0.0000	0.0458	0.1145	0.8397	566	0.7314	1143	0.3263	0.3123	0.1741	0.0367	0.0814	0.0079	0.0009	0.0192	0.0192	0.0044	0.0035	0.0026	0.0061	0.0035	0.0017
found_transfer	ladder-A	la_T5	extra	0	ladder-A/artifacts/ladder/la_T5_s0	6	127	0.0000	0.0236	0.1890	0.7874	693	0.7417	1138	0.3199	0.3102	0.1643	0.0334	0.1028	0.0053	0.0026	0.0158	0.0202	0.0035	0.0070	0.0018	0.0079	0.0035	0.0018
found_transfer	ladder-A	la_T5	extra	0	ladder-A/artifacts/ladder/la_T5_s0	7	107	0.0093	0.0187	0.1682	0.8037	800	0.7500	962	0.3202	0.3119	0.1445	0.0395	0.0977	0.0042	0.0010	0.0281	0.0239	0.0052	0.0062	0.0010	0.0031	0.0094	0.0042
found_transfer	ladder-A	la_T5	extra	0	ladder-A/artifacts/ladder/la_T5_s0	8	79	0.0000	0.0127	0.2405	0.7468	879	0.7497	712	0.3202	0.3174	0.1461	0.0379	0.0843	0.0014	0.0000	0.0239	0.0225	0.0112	0.0112	0.0000	0.0056	0.0070	0.0112
found	ladder-A	la_T5	extra	1	ladder-A/artifacts/ladder/la_T5_s1	1	371	0.0108	0.2156	0.7035	0.0701	371	0.0701	2602	0.2663	0.2610	0.2379	0.0388	0.0930	0.0019	0.0046	0.0331	0.0173	0.0146	0.0073	0.0015	0.0038	0.0058	0.0131
found	ladder-A	la_T5	extra	1	ladder-A/artifacts/ladder/la_T5_s1	2	929	0.0011	0.0431	0.2562	0.6997	1300	0.5200	6708	0.3688	0.3637	0.0905	0.0286	0.0392	0.0007	0.0045	0.0282	0.0110	0.0122	0.0240	0.0037	0.0076	0.0086	0.0085
found	ladder-A	la_T5	extra	1	ladder-A/artifacts/ladder/la_T5_s1	3	681	0.0000	0.0338	0.2937	0.6725	1981	0.5724	5231	0.3447	0.3359	0.1374	0.0250	0.0491	0.0011	0.0023	0.0212	0.0197	0.0197	0.0069	0.0065	0.0105	0.0067	0.0132
found	ladder-A	la_T5	extra	1	ladder-A/artifacts/ladder/la_T5_s1	4	491	0.0000	0.0265	0.2994	0.6741	2472	0.5926	3925	0.3350	0.3218	0.1534	0.0234	0.0701	0.0043	0.0023	0.0161	0.0161	0.0183	0.0056	0.0061	0.0089	0.0064	0.0122
found	ladder-A	la_T5	extra	1	ladder-A/artifacts/ladder/la_T5_s1	5	313	0.0000	0.0351	0.3355	0.6294	2785	0.5968	2555	0.3229	0.3092	0.1652	0.0278	0.0728	0.0063	0.0012	0.0184	0.0266	0.0157	0.0078	0.0031	0.0063	0.0043	0.0125
found	ladder-A	la_T5	extra	1	ladder-A/artifacts/ladder/la_T5_s1	6	219	0.0000	0.0731	0.3288	0.5982	3004	0.5969	1801	0.3176	0.3026	0.1627	0.0272	0.0733	0.0061	0.0028	0.0261	0.0211	0.0189	0.0078	0.0039	0.0072	0.0078	0.0150
found	ladder-A	la_T5	extra	1	ladder-A/artifacts/ladder/la_T5_s1	7	205	0.0000	0.0439	0.4000	0.5561	3209	0.5943	1709	0.3125	0.2967	0.1627	0.0345	0.0767	0.0070	0.0006	0.0222	0.0158	0.0228	0.0076	0.0035	0.0111	0.0070	0.0193
found	ladder-A	la_T5	extra	1	ladder-A/artifacts/ladder/la_T5_s1	8	154	0.0000	0.0584	0.3896	0.5519	3363	0.5923	1284	0.3100	0.2897	0.1706	0.0265	0.0755	0.0109	0.0023	0.0280	0.0195	0.0226	0.0062	0.0047	0.0086	0.0070	0.0179
found_transfer	ladder-A	la_T5	extra	1	ladder-A/artifacts/ladder/la_T5_s1	1	17	0.0000	0.2353	0.6471	0.1176	17	0.1176	121	0.2727	0.2314	0.1983	0.0579	0.0579	0.0083	0.0000	0.0331	0.0413	0.0496	0.0000	0.0248	0.0000	0.0000	0.0248
found_transfer	ladder-A	la_T5	extra	1	ladder-A/artifacts/ladder/la_T5_s1	2	94	0.0000	0.0745	0.3404	0.5851	111	0.5135	696	0.3391	0.3118	0.1236	0.0230	0.0474	0.0000	0.0000	0.0244	0.0431	0.0302	0.0129	0.0273	0.0057	0.0086	0.0029
found_transfer	ladder-A	la_T5	extra	1	ladder-A/artifacts/ladder/la_T5_s1	3	147	0.0000	0.0204	0.2993	0.6803	258	0.6085	1180	0.3314	0.3136	0.1492	0.0322	0.0610	0.0000	0.0000	0.0237	0.0322	0.0212	0.0034	0.0178	0.0034	0.0076	0.0034
found_transfer	ladder-A	la_T5	extra	1	ladder-A/artifacts/ladder/la_T5_s1	4	193	0.0000	0.0104	0.1762	0.8135	451	0.6962	1655	0.3287	0.3263	0.1740	0.0314	0.0779	0.0006	0.0006	0.0169	0.0254	0.0024	0.0018	0.0012	0.0054	0.0060	0.0012
found_transfer	ladder-A	la_T5	extra	1	ladder-A/artifacts/ladder/la_T5_s1	5	132	0.0000	0.0152	0.1818	0.8030	583	0.7204	1154	0.3258	0.3146	0.1802	0.0243	0.0841	0.0069	0.0035	0.0208	0.0225	0.0017	0.0069	0.0009	0.0017	0.0052	0.0009
found_transfer	ladder-A	la_T5	extra	1	ladder-A/artifacts/ladder/la_T5_s1	6	129	0.0000	0.0078	0.1473	0.8450	712	0.7430	1157	0.3215	0.3146	0.1478	0.0354	0.1037	0.0035	0.0000	0.0268	0.0147	0.0061	0.0052	0.0017	0.0086	0.0061	0.0043
found_transfer	ladder-A	la_T5	extra	1	ladder-A/artifacts/ladder/la_T5_s1	7	132	0.0000	0.0076	0.1591	0.8333	844	0.7571	1179	0.3299	0.3282	0.1332	0.0331	0.0772	0.0017	0.0034	0.0221	0.0187	0.0136	0.0102	0.0000	0.0085	0.0059	0.0144
found_transfer	ladder-A	la_T5	extra	1	ladder-A/artifacts/ladder/la_T5_s1	8	108	0.0000	0.0185	0.1944	0.7870	952	0.7605	964	0.3205	0.3091	0.1483	0.0394	0.0747	0.0062	0.0010	0.0270	0.0218	0.0135	0.0073	0.0021	0.0062	0.0114	0.0114
found	ladder-A	la_frozen	frozen	0	ladder-A/artifacts/ladder/la_frozen_s0	1	354	0.0085	0.2288	0.6893	0.0734	354	0.0734	2483	0.2670	0.2590	0.2388	0.0431	0.0914	0.0032	0.0036	0.0318	0.0177	0.0149	0.0064	0.0016	0.0036	0.0044	0.0133
found	ladder-A	la_frozen	frozen	0	ladder-A/artifacts/ladder/la_frozen_s0	2	53	0.0000	0.2075	0.6981	0.0943	407	0.0762	372	0.2688	0.2634	0.2043	0.0269	0.1022	0.0000	0.0081	0.0376	0.0242	0.0242	0.0081	0.0054	0.0054	0.0027	0.0188
found	ladder-A	la_frozen	frozen	0	ladder-A/artifacts/ladder/la_frozen_s0	3	31	0.0323	0.3226	0.5806	0.0645	438	0.0753	219	0.2511	0.2374	0.2237	0.0457	0.0822	0.0046	0.0046	0.0320	0.0320	0.0228	0.0320	0.0046	0.0000	0.0091	0.0183
found	ladder-A	la_frozen	frozen	0	ladder-A/artifacts/ladder/la_frozen_s0	4	35	0.0571	0.2286	0.6857	0.0286	473	0.0719	246	0.2520	0.2439	0.2276	0.0691	0.0854	0.0041	0.0041	0.0325	0.0285	0.0081	0.0041	0.0000	0.0244	0.0081	0.0081
found	ladder-A	la_frozen	frozen	0	ladder-A/artifacts/ladder/la_frozen_s0	5	21	0.0000	0.1905	0.4762	0.3333	494	0.0830	149	0.3020	0.2953	0.1611	0.0134	0.0805	0.0000	0.0067	0.0336	0.0268	0.0268	0.0201	0.0067	0.0000	0.0067	0.0201
found	ladder-A	la_frozen	frozen	0	ladder-A/artifacts/ladder/la_frozen_s0	6	18	0.0000	0.1111	0.7778	0.1111	512	0.0840	127	0.2835	0.2835	0.1732	0.0394	0.0551	0.0000	0.0000	0.0394	0.0157	0.0394	0.0315	0.0000	0.0000	0.0000	0.0394
found	ladder-A	la_frozen	frozen	0	ladder-A/artifacts/ladder/la_frozen_s0	7	15	0.0000	0.2667	0.4667	0.2667	527	0.0892	105	0.2952	0.2952	0.1524	0.0476	0.0857	0.0000	0.0000	0.0381	0.0000	0.0190	0.0190	0.0000	0.0095	0.0190	0.0190
found	ladder-A	la_frozen	frozen	0	ladder-A/artifacts/ladder/la_frozen_s0	8	17	0.0000	0.0588	0.7647	0.1765	544	0.0919	119	0.3193	0.2941	0.1681	0.0336	0.0504	0.0084	0.0168	0.0168	0.0252	0.0168	0.0000	0.0084	0.0084	0.0252	0.0084
found_transfer	ladder-A	la_frozen	frozen	0	ladder-A/artifacts/ladder/la_frozen_s0	1	14	0.0000	0.1429	0.8571	0.0000	14	0.0000	99	0.2828	0.2222	0.1919	0.0505	0.0404	0.0101	0.0000	0.0202	0.0404	0.0707	0.0000	0.0404	0.0000	0.0000	0.0303
found_transfer	ladder-A	la_frozen	frozen	0	ladder-A/artifacts/ladder/la_frozen_s0	2	3	0.0000	1.0000	0.0000	0.0000	17	0.0000	21	0.1905	0.1905	0.2381	0.0000	0.0952	0.0000	0.0000	0.1429	0.0952	0.0000	0.0000	0.0000	0.0476	0.0000	0.0000
found_transfer	ladder-A	la_frozen	frozen	0	ladder-A/artifacts/ladder/la_frozen_s0	3	2	0.0000	0.0000	0.5000	0.5000	19	0.0526	14	0.3571	0.3571	0.0714	0.0000	0.1429	0.0000	0.0000	0.0000	0.0000	0.0000	0.0000	0.0000	0.0714	0.0000	0.0000
found_transfer	ladder-A	la_frozen	frozen	0	ladder-A/artifacts/ladder/la_frozen_s0	4	2	0.5000	0.5000	0.0000	0.0000	21	0.0476	15	0.0667	0.0667	0.4000	0.0667	0.2667	0.0000	0.0000	0.0667	0.0667	0.0000	0.0000	0.0000	0.0000	0.0000	0.0000
found_transfer	ladder-A	la_frozen	frozen	0	ladder-A/artifacts/ladder/la_frozen_s0	5	0					21	0.0476	0	0.0000	0.0000	0.0000	0.0000	0.0000	0.0000	0.0000	0.0000	0.0000	0.0000	0.0000	0.0000	0.0000	0.0000	0.0000
found_transfer	ladder-A	la_frozen	frozen	0	ladder-A/artifacts/ladder/la_frozen_s0	6	2	0.0000	0.0000	1.0000	0.0000	23	0.0435	14	0.2857	0.2143	0.1429	0.0000	0.0714	0.0000	0.0000	0.0000	0.1429	0.0714	0.0000	0.0714	0.0000	0.0000	0.0000
found_transfer	ladder-A	la_frozen	frozen	0	ladder-A/artifacts/ladder/la_frozen_s0	7	0					23	0.0435	0	0.0000	0.0000	0.0000	0.0000	0.0000	0.0000	0.0000	0.0000	0.0000	0.0000	0.0000	0.0000	0.0000	0.0000	0.0000
found_transfer	ladder-A	la_frozen	frozen	0	ladder-A/artifacts/ladder/la_frozen_s0	8	1	0.0000	0.0000	0.0000	1.0000	24	0.0833	7	0.4286	0.4286	0.0000	0.1429	0.0000	0.0000	0.0000	0.0000	0.0000	0.0000	0.0000	0.0000	0.0000	0.0000	0.0000
found	ladder-A	la_frozen	frozen	1	ladder-A/artifacts/ladder/la_frozen_s1	1	356	0.0084	0.2079	0.7022	0.0815	356	0.0815	2499	0.2693	0.2641	0.2345	0.0428	0.0928	0.0020	0.0036	0.0304	0.0176	0.0136	0.0072	0.0012	0.0036	0.0048	0.0124
found	ladder-A	la_frozen	frozen	1	ladder-A/artifacts/ladder/la_frozen_s1	2	61	0.0000	0.3770	0.5574	0.0656	417	0.0791	428	0.2570	0.2430	0.2243	0.0444	0.0911	0.0047	0.0070	0.0421	0.0164	0.0210	0.0140	0.0047	0.0047	0.0093	0.0164
found	ladder-A	la_frozen	frozen	1	ladder-A/artifacts/ladder/la_frozen_s1	3	41	0.0732	0.1951	0.5854	0.1463	458	0.0852	290	0.2586	0.2552	0.2138	0.0379	0.0966	0.0000	0.0034	0.0345	0.0276	0.0241	0.0103	0.0034	0.0069	0.0069	0.0207
found	ladder-A	la_frozen	frozen	1	ladder-A/artifacts/ladder/la_frozen_s1	4	28	0.0000	0.2857	0.5714	0.1429	486	0.0885	196	0.2806	0.2602	0.1939	0.0408	0.1020	0.0051	0.0051	0.0357	0.0255	0.0153	0.0153	0.0102	0.0000	0.0051	0.0051
found	ladder-A	la_frozen	frozen	1	ladder-A/artifacts/ladder/la_frozen_s1	5	15	0.0000	0.1333	0.7333	0.1333	501	0.0898	106	0.3019	0.2830	0.1698	0.0472	0.0566	0.0094	0.0000	0.0660	0.0094	0.0189	0.0189	0.0000	0.0000	0.0000	0.0189
found	ladder-A	la_frozen	frozen	1	ladder-A/artifacts/ladder/la_frozen_s1	6	9	0.0000	0.4444	0.4444	0.1111	510	0.0902	66	0.2424	0.2424	0.2121	0.0909	0.0758	0.0000	0.0000	0.0455	0.0303	0.0152	0.0152	0.0000	0.0152	0.0000	0.0152
found	ladder-A	la_frozen	frozen	1	ladder-A/artifacts/ladder/la_frozen_s1	7	15	0.0000	0.3333	0.6000	0.0667	525	0.0895	105	0.2476	0.2476	0.2095	0.0286	0.0762	0.0000	0.0000	0.0476	0.0286	0.0476	0.0095	0.0000	0.0000	0.0095	0.0476
found	ladder-A	la_frozen	frozen	1	ladder-A/artifacts/ladder/la_frozen_s1	8	7	0.0000	0.2857	0.5714	0.1429	532	0.0902	50	0.2600	0.2600	0.1600	0.0400	0.0800	0.0000	0.0000	0.0200	0.0400	0.0400	0.0400	0.0000	0.0200	0.0000	0.0400
found_transfer	ladder-A	la_frozen	frozen	1	ladder-A/artifacts/ladder/la_frozen_s1	1	14	0.0000	0.2143	0.7857	0.0000	14	0.0000	100	0.2600	0.2100	0.2100	0.0400	0.0800	0.0100	0.0000	0.0300	0.0500	0.0500	0.0000	0.0300	0.0100	0.0000	0.0200
found_transfer	ladder-A	la_frozen	frozen	1	ladder-A/artifacts/ladder/la_frozen_s1	2	5	0.0000	0.4000	0.2000	0.4000	19	0.1053	36	0.2778	0.2778	0.1944	0.0833	0.0833	0.0000	0.0000	0.0556	0.0278	0.0000	0.0000	0.0000	0.0000	0.0000	0.0000
found_transfer	ladder-A	la_frozen	frozen	1	ladder-A/artifacts/ladder/la_frozen_s1	3	2	0.0000	0.5000	0.5000	0.0000	21	0.0952	14	0.2143	0.2143	0.2143	0.0714	0.0000	0.0000	0.0000	0.0714	0.0714	0.0714	0.0000	0.0000	0.0000	0.0000	0.0714
found_transfer	ladder-A	la_frozen	frozen	1	ladder-A/artifacts/ladder/la_frozen_s1	4	1	0.0000	0.0000	1.0000	0.0000	22	0.0909	7	0.2857	0.2857	0.1429	0.0000	0.0000	0.0000	0.0000	0.0000	0.0000	0.1429	0.0000	0.0000	0.0000	0.0000	0.1429
found_transfer	ladder-A	la_frozen	frozen	1	ladder-A/artifacts/ladder/la_frozen_s1	5	1	1.0000	0.0000	0.0000	0.0000	23	0.0870	7	0.0000	0.0000	0.4286	0.0000	0.2857	0.0000	0.0000	0.1429	0.1429	0.0000	0.0000	0.0000	0.0000	0.0000	0.0000
found_transfer	ladder-A	la_frozen	frozen	1	ladder-A/artifacts/ladder/la_frozen_s1	6	2	0.0000	0.0000	1.0000	0.0000	25	0.0800	14	0.3571	0.2857	0.0714	0.0000	0.0714	0.0000	0.0000	0.0000	0.0714	0.0714	0.0000	0.0714	0.0000	0.0000	0.0000
found_transfer	ladder-A	la_frozen	frozen	1	ladder-A/artifacts/ladder/la_frozen_s1	7	1	0.0000	0.0000	1.0000	0.0000	26	0.0769	7	0.2857	0.1429	0.1429	0.0000	0.0000	0.0000	0.0000	0.0000	0.1429	0.1429	0.0000	0.1429	0.0000	0.0000	0.0000
found_transfer	ladder-A	la_frozen	frozen	1	ladder-A/artifacts/ladder/la_frozen_s1	8	0					26	0.0769	0	0.0000	0.0000	0.0000	0.0000	0.0000	0.0000	0.0000	0.0000	0.0000	0.0000	0.0000	0.0000	0.0000	0.0000	0.0000
found	lean-format	la_T1_rand	headline	0	lean-format/artifacts/lf/la_T1_rand_s0	1	1500	0.0007	0.0420	0.2053	0.7520	1500	0.7520	11232	0.3689	0.3603	0.1167	0.0260	0.0397	0.0026	0.0015	0.0231	0.0142	0.0061	0.0182	0.0034	0.0084	0.0081	0.0028
found	lean-format	la_T1_rand	headline	0	lean-format/artifacts/lf/la_T1_rand_s0	2	679	0.0015	0.0398	0.2607	0.6981	2179	0.7352	5416	0.3512	0.3250	0.1453	0.0222	0.0650	0.0107	0.0015	0.0210	0.0201	0.0087	0.0072	0.0048	0.0065	0.0070	0.0039
found	lean-format	la_T1_rand	headline	0	lean-format/artifacts/lf/la_T1_rand_s0	3	311	0.0000	0.0386	0.3505	0.6109	2490	0.7197	2586	0.3364	0.3132	0.1466	0.0263	0.0754	0.0081	0.0023	0.0236	0.0193	0.0143	0.0073	0.0070	0.0077	0.0050	0.0073
found	lean-format	la_T1_rand	headline	0	lean-format/artifacts/lf/la_T1_rand_s0	4	260	0.0000	0.0462	0.3308	0.6231	2750	0.7105	2170	0.3323	0.3083	0.1419	0.0313	0.0885	0.0083	0.0028	0.0258	0.0111	0.0143	0.0088	0.0074	0.0069	0.0055	0.0069
found	lean-format	la_T1_rand	headline	0	lean-format/artifacts/lf/la_T1_rand_s0	5	192	0.0052	0.0990	0.3646	0.5312	2942	0.6988	1599	0.3208	0.2902	0.1557	0.0281	0.0851	0.0100	0.0094	0.0175	0.0156	0.0181	0.0175	0.0106	0.0031	0.0106	0.0075
found	lean-format	la_T1_rand	headline	0	lean-format/artifacts/lf/la_T1_rand_s0	6	189	0.0000	0.0423	0.3016	0.6561	3131	0.6963	1606	0.3263	0.3039	0.1351	0.0405	0.0859	0.0081	0.0131	0.0243	0.0093	0.0162	0.0137	0.0062	0.0037	0.0037	0.0100
found	lean-format	la_T1_rand	headline	0	lean-format/artifacts/lf/la_T1_rand_s0	7	207	0.0048	0.0338	0.3333	0.6280	3338	0.6920	1760	0.3267	0.3040	0.1386	0.0335	0.0813	0.0091	0.0125	0.0290	0.0091	0.0176	0.0114	0.0045	0.0040	0.0057	0.0131
found	lean-format	la_T1_rand	headline	0	lean-format/artifacts/lf/la_T1_rand_s0	8	180	0.0000	0.0611	0.2667	0.6722	3518	0.6910	1559	0.3175	0.3047	0.1443	0.0378	0.0763	0.0038	0.0064	0.0250	0.0192	0.0225	0.0103	0.0051	0.0032	0.0064	0.0173
found_transfer	lean-format	la_T1_rand	headline	0	lean-format/artifacts/lf/la_T1_rand_s0	1	204	0.0000	0.0098	0.0931	0.8971	204	0.8971	1668	0.3645	0.3477	0.1499	0.0234	0.0312	0.0066	0.0000	0.0156	0.0228	0.0054	0.0078	0.0036	0.0090	0.0108	0.0018
found_transfer	lean-format	la_T1_rand	headline	0	lean-format/artifacts/lf/la_T1_rand_s0	2	186	0.0000	0.0108	0.1022	0.8871	390	0.8923	1636	0.3466	0.3313	0.1742	0.0147	0.0599	0.0067	0.0012	0.0134	0.0275	0.0037	0.0049	0.0018	0.0061	0.0061	0.0018
found_transfer	lean-format	la_T1_rand	headline	0	lean-format/artifacts/lf/la_T1_rand_s0	3	141	0.0000	0.0213	0.1560	0.8227	531	0.8738	1256	0.3487	0.3328	0.1194	0.0239	0.0748	0.0056	0.0040	0.0311	0.0135	0.0104	0.0199	0.0048	0.0032	0.0024	0.0056
found_transfer	lean-format	la_T1_rand	headline	0	lean-format/artifacts/lf/la_T1_rand_s0	4	104	0.0000	0.0288	0.1250	0.8462	635	0.8693	958	0.3361	0.3184	0.1367	0.0334	0.0804	0.0073	0.0031	0.0386	0.0146	0.0073	0.0063	0.0031	0.0063	0.0042	0.0042
found_transfer	lean-format	la_T1_rand	headline	0	lean-format/artifacts/lf/la_T1_rand_s0	5	75	0.0000	0.0133	0.0400	0.9467	710	0.8775	699	0.3505	0.3348	0.1202	0.0272	0.0887	0.0057	0.0029	0.0229	0.0186	0.0086	0.0100	0.0043	0.0000	0.0014	0.0043
found_transfer	lean-format	la_T1_rand	headline	0	lean-format/artifacts/lf/la_T1_rand_s0	6	104	0.0000	0.0000	0.1154	0.8846	814	0.8784	963	0.3344	0.3188	0.1277	0.0312	0.0914	0.0062	0.0031	0.0270	0.0280	0.0083	0.0052	0.0031	0.0031	0.0073	0.0052
found_transfer	lean-format	la_T1_rand	headline	0	lean-format/artifacts/lf/la_T1_rand_s0	7	96	0.0000	0.0104	0.1562	0.8333	910	0.8736	884	0.3337	0.3201	0.1256	0.0373	0.0871	0.0057	0.0045	0.0328	0.0057	0.0090	0.0113	0.0023	0.0090	0.0090	0.0068
found_transfer	lean-format	la_T1_rand	headline	0	lean-format/artifacts/lf/la_T1_rand_s0	8	104	0.0000	0.0096	0.1538	0.8365	1014	0.8698	976	0.3350	0.3197	0.1332	0.0389	0.0861	0.0041	0.0072	0.0184	0.0195	0.0113	0.0072	0.0072	0.0041	0.0041	0.0041
found	lean-format	la_T1_rand	headline	1	lean-format/artifacts/lf/la_T1_rand_s1	1	1487	0.0007	0.0424	0.2071	0.7498	1487	0.7498	11116	0.3696	0.3601	0.1153	0.0264	0.0400	0.0031	0.0014	0.0223	0.0153	0.0061	0.0190	0.0034	0.0072	0.0079	0.0027
found	lean-format	la_T1_rand	headline	1	lean-format/artifacts/lf/la_T1_rand_s1	2	638	0.0016	0.0439	0.2288	0.7257	2125	0.7426	5098	0.3550	0.3252	0.1438	0.0212	0.0590	0.0124	0.0029	0.0206	0.0175	0.0092	0.0075	0.0051	0.0078	0.0086	0.0041
found	lean-format	la_T1_rand	headline	1	lean-format/artifacts/lf/la_T1_rand_s1	3	340	0.0000	0.0794	0.3529	0.5676	2465	0.7185	2782	0.3260	0.3030	0.1520	0.0302	0.0881	0.0083	0.0025	0.0219	0.0173	0.0165	0.0072	0.0065	0.0072	0.0032	0.0101
found	lean-format	la_T1_rand	headline	1	lean-format/artifacts/lf/la_T1_rand_s1	4	275	0.0036	0.1055	0.3927	0.4982	2740	0.6964	2276	0.3155	0.2869	0.1639	0.0299	0.0826	0.0110	0.0062	0.0228	0.0198	0.0193	0.0079	0.0066	0.0088	0.0062	0.0127
found	lean-format	la_T1_rand	headline	1	lean-format/artifacts/lf/la_T1_rand_s1	5	241	0.0000	0.0498	0.3651	0.5851	2981	0.6874	2041	0.3219	0.2925	0.1563	0.0333	0.0671	0.0083	0.0069	0.0279	0.0201	0.0225	0.0103	0.0127	0.0078	0.0024	0.0098
found	lean-format	la_T1_rand	headline	1	lean-format/artifacts/lf/la_T1_rand_s1	6	238	0.0000	0.0378	0.4370	0.5252	3219	0.6754	1981	0.3205	0.2958	0.1494	0.0288	0.0772	0.0081	0.0111	0.0242	0.0177	0.0202	0.0136	0.0086	0.0050	0.0076	0.0121
found	lean-format	la_T1_rand	headline	1	lean-format/artifacts/lf/la_T1_rand_s1	7	166	0.0000	0.1024	0.3614	0.5361	3385	0.6685	1373	0.3161	0.2884	0.1544	0.0313	0.0670	0.0087	0.0080	0.0233	0.0226	0.0233	0.0182	0.0102	0.0095	0.0058	0.0131
found	lean-format	la_T1_rand	headline	1	lean-format/artifacts/lf/la_T1_rand_s1	8	158	0.0000	0.0570	0.4051	0.5380	3543	0.6627	1326	0.3152	0.2926	0.1493	0.0249	0.0792	0.0098	0.0075	0.0219	0.0189	0.0226	0.0181	0.0030	0.0106	0.0068	0.0196
found_transfer	lean-format	la_T1_rand	headline	1	lean-format/artifacts/lf/la_T1_rand_s1	1	197	0.0000	0.0102	0.0964	0.8934	197	0.8934	1613	0.3608	0.3503	0.1525	0.0260	0.0329	0.0037	0.0000	0.0174	0.0186	0.0050	0.0074	0.0031	0.0087	0.0118	0.0019
found_transfer	lean-format	la_T1_rand	headline	1	lean-format/artifacts/lf/la_T1_rand_s1	2	191	0.0000	0.0681	0.0995	0.8325	388	0.8634	1656	0.3478	0.3116	0.1745	0.0145	0.0550	0.0175	0.0018	0.0133	0.0236	0.0109	0.0030	0.0012	0.0072	0.0085	0.0097
found_transfer	lean-format	la_T1_rand	headline	1	lean-format/artifacts/lf/la_T1_rand_s1	3	107	0.0000	0.0374	0.1028	0.8598	495	0.8626	946	0.3425	0.3224	0.1459	0.0211	0.0634	0.0063	0.0011	0.0190	0.0349	0.0116	0.0116	0.0074	0.0042	0.0042	0.0042
found_transfer	lean-format	la_T1_rand	headline	1	lean-format/artifacts/lf/la_T1_rand_s1	4	140	0.0000	0.0429	0.1714	0.7857	635	0.8457	1250	0.3456	0.3168	0.1160	0.0256	0.0824	0.0096	0.0032	0.0304	0.0200	0.0176	0.0096	0.0096	0.0032	0.0024	0.0080
found_transfer	lean-format	la_T1_rand	headline	1	lean-format/artifacts/lf/la_T1_rand_s1	5	179	0.0000	0.0559	0.1620	0.7821	814	0.8317	1602	0.3333	0.3084	0.1292	0.0406	0.0843	0.0075	0.0037	0.0218	0.0181	0.0181	0.0081	0.0100	0.0044	0.0044	0.0081
found_transfer	lean-format	la_T1_rand	headline	1	lean-format/artifacts/lf/la_T1_rand_s1	6	113	0.0000	0.0619	0.1593	0.7788	927	0.8252	1028	0.3268	0.3054	0.1362	0.0272	0.0856	0.0088	0.0078	0.0233	0.0165	0.0136	0.0195	0.0039	0.0088	0.0068	0.0097
found_transfer	lean-format	la_T1_rand	headline	1	lean-format/artifacts/lf/la_T1_rand_s1	7	78	0.0000	0.0513	0.2051	0.7436	1005	0.8189	701	0.3210	0.2924	0.1555	0.0328	0.0699	0.0100	0.0086	0.0271	0.0328	0.0143	0.0086	0.0086	0.0057	0.0071	0.0057
found_transfer	lean-format	la_T1_rand	headline	1	lean-format/artifacts/lf/la_T1_rand_s1	8	77	0.0000	0.0649	0.1429	0.7922	1082	0.8170	704	0.3338	0.3125	0.1321	0.0355	0.0710	0.0099	0.0014	0.0369	0.0142	0.0142	0.0170	0.0014	0.0028	0.0043	0.0128
found	lean-format	la_T1_seq	headline	0	lean-format/artifacts/lf/la_T1_seq_s0	1	1893	0.0021	0.0497	0.2229	0.7253	1893	0.7253	14352	0.3620	0.3506	0.1212	0.0245	0.0516	0.0039	0.0009	0.0244	0.0153	0.0064	0.0169	0.0036	0.0072	0.0087	0.0028
found	lean-format	la_T1_seq	headline	0	lean-format/artifacts/lf/la_T1_seq_s0	2	695	0.0014	0.0475	0.3151	0.6360	2588	0.7013	5764	0.3326	0.3059	0.1608	0.0293	0.0569	0.0099	0.0047	0.0220	0.0267	0.0102	0.0151	0.0069	0.0076	0.0080	0.0033
found	lean-format	la_T1_seq	headline	0	lean-format/artifacts/lf/la_T1_seq_s0	3	479	0.0000	0.0459	0.3800	0.5741	3067	0.6814	4010	0.3204	0.3035	0.1544	0.0364	0.0776	0.0045	0.0085	0.0244	0.0202	0.0122	0.0130	0.0080	0.0080	0.0047	0.0042
found	lean-format	la_T1_seq	headline	0	lean-format/artifacts/lf/la_T1_seq_s0	4	397	0.0000	0.0479	0.3275	0.6247	3464	0.6749	3397	0.3215	0.3079	0.1454	0.0356	0.0765	0.0050	0.0091	0.0247	0.0183	0.0085	0.0221	0.0035	0.0059	0.0109	0.0050
found	lean-format	la_T1_seq	headline	0	lean-format/artifacts/lf/la_T1_seq_s0	5	357	0.0000	0.0784	0.3389	0.5826	3821	0.6663	3079	0.3167	0.2949	0.1500	0.0412	0.0828	0.0088	0.0058	0.0237	0.0149	0.0104	0.0221	0.0042	0.0114	0.0068	0.0062
found	lean-format	la_T1_seq	headline	0	lean-format/artifacts/lf/la_T1_seq_s0	6	301	0.0000	0.0532	0.2757	0.6711	4122	0.6667	2622	0.3223	0.2963	0.1407	0.0309	0.0755	0.0088	0.0057	0.0275	0.0149	0.0122	0.0301	0.0084	0.0088	0.0141	0.0038
found	lean-format	la_T1_seq	headline	0	lean-format/artifacts/lf/la_T1_seq_s0	7	220	0.0000	0.0727	0.3409	0.5864	4342	0.6626	1891	0.3136	0.2951	0.1460	0.0338	0.0862	0.0074	0.0122	0.0275	0.0222	0.0116	0.0180	0.0037	0.0069	0.0085	0.0074
found	lean-format	la_T1_seq	headline	0	lean-format/artifacts/lf/la_T1_seq_s0	8	303	0.0000	0.0264	0.3267	0.6469	4645	0.6616	2720	0.3195	0.2996	0.1401	0.0327	0.0643	0.0077	0.0132	0.0279	0.0210	0.0077	0.0294	0.0044	0.0151	0.0136	0.0037
found_transfer	lean-format	la_T1_seq	headline	0	lean-format/artifacts/lf/la_T1_seq_s0	1	292	0.0000	0.0240	0.1062	0.8699	292	0.8699	2441	0.3527	0.3437	0.1516	0.0217	0.0561	0.0037	0.0004	0.0197	0.0176	0.0033	0.0094	0.0016	0.0074	0.0094	0.0016
found_transfer	lean-format	la_T1_seq	headline	0	lean-format/artifacts/lf/la_T1_seq_s0	2	257	0.0000	0.0233	0.1323	0.8444	549	0.8579	2297	0.3444	0.3248	0.1471	0.0235	0.0627	0.0078	0.0013	0.0200	0.0344	0.0048	0.0078	0.0039	0.0061	0.0104	0.0009
found_transfer	lean-format	la_T1_seq	headline	0	lean-format/artifacts/lf/la_T1_seq_s0	3	236	0.0000	0.0297	0.1568	0.8136	785	0.8446	2133	0.3394	0.3235	0.1313	0.0314	0.0830	0.0066	0.0023	0.0234	0.0197	0.0047	0.0164	0.0028	0.0075	0.0061	0.0019
found_transfer	lean-format	la_T1_seq	headline	0	lean-format/artifacts/lf/la_T1_seq_s0	4	271	0.0000	0.0148	0.1144	0.8708	1056	0.8513	2484	0.3305	0.3217	0.1333	0.0330	0.0958	0.0032	0.0040	0.0270	0.0193	0.0044	0.0101	0.0024	0.0060	0.0072	0.0020
found_transfer	lean-format	la_T1_seq	headline	0	lean-format/artifacts/lf/la_T1_seq_s0	5	210	0.0000	0.0048	0.1476	0.8476	1266	0.8507	1956	0.3246	0.3124	0.1426	0.0317	0.0997	0.0046	0.0026	0.0225	0.0220	0.0051	0.0102	0.0031	0.0087	0.0082	0.0020
found_transfer	lean-format	la_T1_seq	headline	0	lean-format/artifacts/lf/la_T1_seq_s0	6	153	0.0000	0.0392	0.1569	0.8039	1419	0.8457	1432	0.3163	0.2961	0.1487	0.0328	0.0985	0.0077	0.0063	0.0272	0.0196	0.0077	0.0154	0.0049	0.0091	0.0070	0.0028
found_transfer	lean-format	la_T1_seq	headline	0	lean-format/artifacts/lf/la_T1_seq_s0	7	147	0.0000	0.0136	0.1701	0.8163	1566	0.8429	1382	0.3162	0.3061	0.1541	0.0326	0.0868	0.0036	0.0051	0.0333	0.0174	0.0065	0.0145	0.0029	0.0072	0.0101	0.0036
found_transfer	lean-format	la_T1_seq	headline	0	lean-format/artifacts/lf/la_T1_seq_s0	8	201	0.0000	0.0149	0.1990	0.7861	1767	0.8364	1905	0.3118	0.2908	0.1517	0.0362	0.0898	0.0084	0.0042	0.0283	0.0367	0.0058	0.0157	0.0042	0.0068	0.0073	0.0021
found	lean-format	la_T1_seq	headline	1	lean-format/artifacts/lf/la_T1_seq_s1	1	1877	0.0021	0.0522	0.2227	0.7230	1877	0.7230	14227	0.3610	0.3508	0.1217	0.0254	0.0501	0.0033	0.0013	0.0250	0.0155	0.0067	0.0168	0.0036	0.0070	0.0086	0.0032
found	lean-format	la_T1_seq	headline	1	lean-format/artifacts/lf/la_T1_seq_s1	2	725	0.0000	0.0634	0.3421	0.5945	2602	0.6872	5953	0.3296	0.3020	0.1682	0.0279	0.0640	0.0101	0.0071	0.0181	0.0262	0.0119	0.0096	0.0074	0.0064	0.0071	0.0045
found	lean-format	la_T1_seq	headline	1	lean-format/artifacts/lf/la_T1_seq_s1	3	415	0.0000	0.0723	0.3446	0.5831	3017	0.6729	3465	0.3198	0.3007	0.1524	0.0349	0.0889	0.0069	0.0078	0.0173	0.0202	0.0113	0.0121	0.0052	0.0069	0.0095	0.0061
found	lean-format	la_T1_seq	headline	1	lean-format/artifacts/lf/la_T1_seq_s1	4	470	0.0000	0.0745	0.2957	0.6298	3487	0.6670	4037	0.3240	0.2960	0.1427	0.0297	0.0830	0.0111	0.0027	0.0315	0.0186	0.0139	0.0159	0.0057	0.0097	0.0074	0.0082
found	lean-format	la_T1_seq	headline	1	lean-format/artifacts/lf/la_T1_seq_s1	5	383	0.0000	0.0653	0.3290	0.6057	3870	0.6610	3322	0.3251	0.3004	0.1406	0.0310	0.0801	0.0093	0.0039	0.0196	0.0166	0.0148	0.0232	0.0060	0.0105	0.0099	0.0090
found	lean-format	la_T1_seq	headline	1	lean-format/artifacts/lf/la_T1_seq_s1	6	326	0.0000	0.0552	0.3098	0.6350	4196	0.6590	2854	0.3210	0.2971	0.1419	0.0343	0.0722	0.0095	0.0067	0.0238	0.0189	0.0109	0.0256	0.0049	0.0144	0.0116	0.0074
found	lean-format	la_T1_seq	headline	1	lean-format/artifacts/lf/la_T1_seq_s1	7	333	0.0030	0.0601	0.2943	0.6426	4529	0.6578	2944	0.3183	0.2938	0.1393	0.0370	0.0652	0.0099	0.0071	0.0251	0.0173	0.0126	0.0262	0.0048	0.0170	0.0173	0.0092
found	lean-format	la_T1_seq	headline	1	lean-format/artifacts/lf/la_T1_seq_s1	8	324	0.0000	0.0586	0.3364	0.6049	4853	0.6542	2863	0.3182	0.2861	0.1446	0.0318	0.0583	0.0140	0.0119	0.0255	0.0238	0.0112	0.0332	0.0042	0.0136	0.0164	0.0073
found_transfer	lean-format	la_T1_seq	headline	1	lean-format/artifacts/lf/la_T1_seq_s1	1	290	0.0000	0.0310	0.0862	0.8828	290	0.8828	2411	0.3542	0.3438	0.1539	0.0216	0.0552	0.0046	0.0000	0.0174	0.0162	0.0029	0.0087	0.0012	0.0058	0.0129	0.0017
found_transfer	lean-format	la_T1_seq	headline	1	lean-format/artifacts/lf/la_T1_seq_s1	2	298	0.0000	0.0268	0.1510	0.8221	588	0.8520	2649	0.3469	0.3228	0.1385	0.0249	0.0683	0.0098	0.0011	0.0174	0.0302	0.0079	0.0098	0.0045	0.0060	0.0083	0.0034
found_transfer	lean-format	la_T1_seq	headline	1	lean-format/artifacts/lf/la_T1_seq_s1	3	166	0.0000	0.0301	0.0964	0.8735	754	0.8568	1513	0.3463	0.3265	0.1276	0.0271	0.0853	0.0086	0.0033	0.0231	0.0152	0.0086	0.0099	0.0026	0.0040	0.0059	0.0059
found_transfer	lean-format	la_T1_seq	headline	1	lean-format/artifacts/lf/la_T1_seq_s1	4	284	0.0000	0.0563	0.1444	0.7993	1038	0.8410	2616	0.3238	0.3058	0.1498	0.0313	0.0852	0.0076	0.0034	0.0260	0.0248	0.0096	0.0115	0.0027	0.0065	0.0050	0.0069
found_transfer	lean-format	la_T1_seq	headline	1	lean-format/artifacts/lf/la_T1_seq_s1	5	205	0.0000	0.0537	0.1561	0.7902	1243	0.8327	1886	0.3203	0.3001	0.1527	0.0350	0.0992	0.0085	0.0037	0.0270	0.0186	0.0101	0.0058	0.0032	0.0064	0.0027	0.0069
found_transfer	lean-format	la_T1_seq	headline	1	lean-format/artifacts/lf/la_T1_seq_s1	6	213	0.0000	0.0376	0.1831	0.7793	1456	0.8249	1971	0.3227	0.3029	0.1410	0.0315	0.0918	0.0066	0.0025	0.0274	0.0162	0.0107	0.0112	0.0066	0.0117	0.0127	0.0046
found_transfer	lean-format	la_T1_seq	headline	1	lean-format/artifacts/lf/la_T1_seq_s1	7	186	0.0000	0.0376	0.2097	0.7527	1642	0.8167	1730	0.3145	0.3023	0.1416	0.0283	0.0942	0.0046	0.0069	0.0266	0.0243	0.0098	0.0202	0.0029	0.0110	0.0052	0.0075
found_transfer	lean-format	la_T1_seq	headline	1	lean-format/artifacts/lf/la_T1_seq_s1	8	159	0.0000	0.0440	0.2013	0.7547	1801	0.8112	1477	0.3209	0.2905	0.1517	0.0311	0.0636	0.0122	0.0047	0.0203	0.0440	0.0122	0.0142	0.0061	0.0088	0.0135	0.0061
found	lean-format	la_frozen_rand	frozen	0	lean-format/artifacts/lf/la_frozen_rand_s0	1	1500	0.0007	0.0420	0.2053	0.7520	1500	0.7520	11232	0.3689	0.3603	0.1167	0.0260	0.0397	0.0026	0.0015	0.0231	0.0142	0.0061	0.0182	0.0034	0.0084	0.0081	0.0028
found	lean-format	la_frozen_rand	frozen	0	lean-format/artifacts/lf/la_frozen_rand_s0	2	175	0.0057	0.0857	0.2914	0.6171	1675	0.7379	1349	0.3462	0.3210	0.1527	0.0252	0.0541	0.0111	0.0030	0.0185	0.0259	0.0104	0.0096	0.0030	0.0052	0.0067	0.0074
found	lean-format	la_frozen_rand	frozen	0	lean-format/artifacts/lf/la_frozen_rand_s0	3	107	0.0000	0.1589	0.4299	0.4112	1782	0.7183	796	0.3254	0.2965	0.1621	0.0201	0.0804	0.0113	0.0013	0.0264	0.0188	0.0176	0.0075	0.0063	0.0088	0.0063	0.0113
found	lean-format	la_frozen_rand	frozen	0	lean-format/artifacts/lf/la_frozen_rand_s0	4	62	0.0000	0.0645	0.4032	0.5323	1844	0.7120	473	0.3510	0.3298	0.1311	0.0233	0.0507	0.0085	0.0000	0.0275	0.0190	0.0085	0.0169	0.0042	0.0106	0.0148	0.0042
found	lean-format	la_frozen_rand	frozen	0	lean-format/artifacts/lf/la_frozen_rand_s0	5	55	0.0000	0.0545	0.6000	0.3455	1899	0.7014	428	0.3084	0.2967	0.1822	0.0280	0.0631	0.0047	0.0000	0.0397	0.0444	0.0070	0.0093	0.0023	0.0023	0.0070	0.0047
found	lean-format	la_frozen_rand	frozen	0	lean-format/artifacts/lf/la_frozen_rand_s0	6	43	0.0000	0.2558	0.4419	0.3023	1942	0.6926	327	0.2875	0.2661	0.2080	0.0428	0.0550	0.0092	0.0031	0.0245	0.0398	0.0183	0.0061	0.0031	0.0092	0.0122	0.0153
found	lean-format	la_frozen_rand	frozen	0	lean-format/artifacts/lf/la_frozen_rand_s0	7	29	0.0000	0.1379	0.4138	0.4483	1971	0.6890	223	0.3274	0.3094	0.1390	0.0269	0.0628	0.0090	0.0224	0.0090	0.0448	0.0090	0.0090	0.0000	0.0090	0.0135	0.0090
found	lean-format	la_frozen_rand	frozen	0	lean-format/artifacts/lf/la_frozen_rand_s0	8	33	0.0000	0.1515	0.4242	0.4242	2004	0.6846	255	0.3176	0.2941	0.1608	0.0431	0.0706	0.0078	0.0000	0.0118	0.0118	0.0235	0.0078	0.0078	0.0157	0.0118	0.0157
found_transfer	lean-format	la_frozen_rand	frozen	0	lean-format/artifacts/lf/la_frozen_rand_s0	1	204	0.0000	0.0098	0.0931	0.8971	204	0.8971	1668	0.3645	0.3477	0.1499	0.0234	0.0312	0.0066	0.0000	0.0156	0.0228	0.0054	0.0078	0.0036	0.0090	0.0108	0.0018
found_transfer	lean-format	la_frozen_rand	frozen	0	lean-format/artifacts/lf/la_frozen_rand_s0	2	28	0.0000	0.0357	0.1786	0.7857	232	0.8836	239	0.3347	0.3264	0.1925	0.0167	0.0586	0.0042	0.0000	0.0000	0.0418	0.0042	0.0042	0.0000	0.0000	0.0126	0.0042
found_transfer	lean-format	la_frozen_rand	frozen	0	lean-format/artifacts/lf/la_frozen_rand_s0	3	15	0.0000	0.0000	0.2000	0.8000	247	0.8785	127	0.3465	0.3465	0.1732	0.0394	0.0394	0.0000	0.0079	0.0079	0.0079	0.0079	0.0000	0.0000	0.0157	0.0000	0.0079
found_transfer	lean-format	la_frozen_rand	frozen	0	lean-format/artifacts/lf/la_frozen_rand_s0	4	11	0.0000	0.0909	0.0909	0.8182	258	0.8760	95	0.3684	0.3053	0.1684	0.0000	0.0316	0.0316	0.0000	0.0105	0.0316	0.0211	0.0000	0.0000	0.0105	0.0000	0.0211
found_transfer	lean-format	la_frozen_rand	frozen	0	lean-format/artifacts/lf/la_frozen_rand_s0	5	10	0.0000	0.1000	0.2000	0.7000	268	0.8694	87	0.3103	0.3103	0.2414	0.0115	0.1034	0.0000	0.0000	0.0000	0.0115	0.0000	0.0000	0.0000	0.0000	0.0115	0.0000
found_transfer	lean-format	la_frozen_rand	frozen	0	lean-format/artifacts/lf/la_frozen_rand_s0	6	7	0.0000	0.0000	0.1429	0.8571	275	0.8691	62	0.3226	0.3226	0.1935	0.0161	0.0161	0.0000	0.0000	0.0484	0.0323	0.0000	0.0323	0.0000	0.0161	0.0000	0.0000
found_transfer	lean-format	la_frozen_rand	frozen	0	lean-format/artifacts/lf/la_frozen_rand_s0	7	13	0.0000	0.0769	0.2308	0.6923	288	0.8611	110	0.3182	0.2818	0.2000	0.0364	0.0182	0.0091	0.0000	0.0091	0.0455	0.0364	0.0000	0.0182	0.0000	0.0091	0.0182
found_transfer	lean-format	la_frozen_rand	frozen	0	lean-format/artifacts/lf/la_frozen_rand_s0	8	6	0.0000	0.1667	0.1667	0.6667	294	0.8571	48	0.3333	0.2917	0.1875	0.0000	0.0833	0.0208	0.0000	0.0000	0.0208	0.0208	0.0000	0.0000	0.0208	0.0000	0.0208
found	lean-format	la_frozen_rand	frozen	1	lean-format/artifacts/lf/la_frozen_rand_s1	1	1487	0.0007	0.0424	0.2071	0.7498	1487	0.7498	11116	0.3696	0.3601	0.1153	0.0264	0.0400	0.0031	0.0014	0.0223	0.0153	0.0061	0.0190	0.0034	0.0072	0.0079	0.0027
found	lean-format	la_frozen_rand	frozen	1	lean-format/artifacts/lf/la_frozen_rand_s1	2	171	0.0000	0.1053	0.3275	0.5673	1658	0.7310	1309	0.3377	0.3209	0.1620	0.0260	0.0519	0.0061	0.0023	0.0244	0.0244	0.0130	0.0061	0.0046	0.0092	0.0031	0.0084
found	lean-format	la_frozen_rand	frozen	1	lean-format/artifacts/lf/la_frozen_rand_s1	3	87	0.0000	0.0575	0.3908	0.5517	1745	0.7221	669	0.3333	0.3229	0.1570	0.0269	0.0628	0.0045	0.0015	0.0284	0.0090	0.0135	0.0090	0.0015	0.0075	0.0105	0.0120
found	lean-format	la_frozen_rand	frozen	1	lean-format/artifacts/lf/la_frozen_rand_s1	4	72	0.0139	0.1250	0.3611	0.5000	1817	0.7133	554	0.3195	0.3069	0.1823	0.0199	0.0596	0.0054	0.0018	0.0144	0.0343	0.0144	0.0018	0.0018	0.0126	0.0126	0.0126
found	lean-format	la_frozen_rand	frozen	1	lean-format/artifacts/lf/la_frozen_rand_s1	5	46	0.0000	0.0870	0.2609	0.6522	1863	0.7118	355	0.3549	0.3296	0.1352	0.0394	0.0507	0.0113	0.0028	0.0225	0.0085	0.0056	0.0141	0.0028	0.0113	0.0085	0.0028
found	lean-format	la_frozen_rand	frozen	1	lean-format/artifacts/lf/la_frozen_rand_s1	6	33	0.0000	0.2121	0.3333	0.4545	1896	0.7073	258	0.3178	0.2907	0.1899	0.0233	0.0581	0.0116	0.0078	0.0194	0.0388	0.0116	0.0039	0.0039	0.0078	0.0078	0.0078
found	lean-format	la_frozen_rand	frozen	1	lean-format/artifacts/lf/la_frozen_rand_s1	7	40	0.0000	0.1750	0.3000	0.5250	1936	0.7035	304	0.3191	0.2961	0.1579	0.0395	0.0526	0.0066	0.0000	0.0362	0.0099	0.0230	0.0132	0.0099	0.0033	0.0197	0.0132
found	lean-format	la_frozen_rand	frozen	1	lean-format/artifacts/lf/la_frozen_rand_s1	8	40	0.0000	0.0250	0.4750	0.5000	1976	0.6994	318	0.3270	0.3082	0.1730	0.0220	0.0755	0.0063	0.0031	0.0157	0.0409	0.0063	0.0094	0.0063	0.0063	0.0000	0.0000
found_transfer	lean-format	la_frozen_rand	frozen	1	lean-format/artifacts/lf/la_frozen_rand_s1	1	197	0.0000	0.0102	0.0964	0.8934	197	0.8934	1613	0.3608	0.3503	0.1525	0.0260	0.0329	0.0037	0.0000	0.0174	0.0186	0.0050	0.0074	0.0031	0.0087	0.0118	0.0019
found_transfer	lean-format	la_frozen_rand	frozen	1	lean-format/artifacts/lf/la_frozen_rand_s1	2	25	0.0000	0.0000	0.0400	0.9600	222	0.9009	213	0.3568	0.3333	0.1831	0.0188	0.0376	0.0094	0.0000	0.0047	0.0376	0.0047	0.0000	0.0047	0.0047	0.0047	0.0000
found_transfer	lean-format	la_frozen_rand	frozen	1	lean-format/artifacts/lf/la_frozen_rand_s1	3	20	0.0000	0.0500	0.1500	0.8000	242	0.8926	166	0.3614	0.3193	0.1506	0.0181	0.0301	0.0181	0.0060	0.0060	0.0301	0.0120	0.0181	0.0060	0.0060	0.0120	0.0060
found_transfer	lean-format	la_frozen_rand	frozen	1	lean-format/artifacts/lf/la_frozen_rand_s1	4	9	0.0000	0.0000	0.2222	0.7778	251	0.8884	80	0.3125	0.3125	0.2375	0.0250	0.0375	0.0000	0.0000	0.0125	0.0625	0.0000	0.0000	0.0000	0.0000	0.0000	0.0000
found_transfer	lean-format	la_frozen_rand	frozen	1	lean-format/artifacts/lf/la_frozen_rand_s1	5	8	0.0000	0.1250	0.1250	0.7500	259	0.8842	68	0.3382	0.2794	0.1912	0.0294	0.0147	0.0294	0.0000	0.0000	0.0441	0.0294	0.0000	0.0000	0.0000	0.0147	0.0294
found_transfer	lean-format	la_frozen_rand	frozen	1	lean-format/artifacts/lf/la_frozen_rand_s1	6	10	0.0000	0.3000	0.2000	0.5000	269	0.8699	79	0.3291	0.2785	0.1646	0.0000	0.0380	0.0253	0.0000	0.0127	0.0253	0.0380	0.0000	0.0000	0.0253	0.0253	0.0380
found_transfer	lean-format	la_frozen_rand	frozen	1	lean-format/artifacts/lf/la_frozen_rand_s1	7	8	0.0000	0.1250	0.2500	0.6250	277	0.8628	67	0.3284	0.2985	0.1940	0.0149	0.0746	0.0149	0.0000	0.0149	0.0299	0.0149	0.0000	0.0000	0.0000	0.0000	0.0149
found_transfer	lean-format	la_frozen_rand	frozen	1	lean-format/artifacts/lf/la_frozen_rand_s1	8	5	0.0000	0.0000	0.2000	0.8000	282	0.8617	43	0.3256	0.3256	0.2093	0.0233	0.0233	0.0000	0.0000	0.0000	0.0698	0.0000	0.0000	0.0000	0.0233	0.0000	0.0000
found	lean-format	la_frozen_seq	frozen	0	lean-format/artifacts/lf/la_frozen_seq_s0	1	1893	0.0021	0.0497	0.2229	0.7253	1893	0.7253	14352	0.3620	0.3506	0.1212	0.0245	0.0516	0.0039	0.0009	0.0244	0.0153	0.0064	0.0169	0.0036	0.0072	0.0087	0.0028
found	lean-format	la_frozen_seq	frozen	0	lean-format/artifacts/lf/la_frozen_seq_s0	2	180	0.0000	0.1333	0.3833	0.4833	2073	0.7043	1403	0.3179	0.3008	0.1618	0.0385	0.0670	0.0057	0.0043	0.0264	0.0235	0.0135	0.0128	0.0057	0.0050	0.0093	0.0078
found	lean-format	la_frozen_seq	frozen	0	lean-format/artifacts/lf/la_frozen_seq_s0	3	95	0.0000	0.1158	0.4421	0.4421	2168	0.6928	757	0.3078	0.2801	0.1783	0.0462	0.0476	0.0092	0.0053	0.0264	0.0343	0.0185	0.0066	0.0092	0.0066	0.0145	0.0092
found	lean-format	la_frozen_seq	frozen	0	lean-format/artifacts/lf/la_frozen_seq_s0	4	90	0.0000	0.1111	0.4111	0.4778	2258	0.6842	705	0.3149	0.3050	0.1518	0.0411	0.0553	0.0043	0.0071	0.0270	0.0241	0.0113	0.0184	0.0014	0.0128	0.0170	0.0085
found	lean-format	la_frozen_seq	frozen	0	lean-format/artifacts/lf/la_frozen_seq_s0	5	64	0.0000	0.1094	0.2656	0.6250	2322	0.6826	521	0.3321	0.3225	0.1248	0.0288	0.0691	0.0038	0.0134	0.0250	0.0173	0.0096	0.0288	0.0019	0.0077	0.0077	0.0077
found	lean-format	la_frozen_seq	frozen	0	lean-format/artifacts/lf/la_frozen_seq_s0	6	68	0.0000	0.1912	0.3824	0.4265	2390	0.6753	539	0.3173	0.2931	0.1577	0.0334	0.0872	0.0111	0.0074	0.0408	0.0167	0.0037	0.0093	0.0019	0.0093	0.0093	0.0019
found	lean-format	la_frozen_seq	frozen	0	lean-format/artifacts/lf/la_frozen_seq_s0	7	59	0.0000	0.1017	0.3729	0.5254	2449	0.6717	468	0.3248	0.3034	0.1325	0.0235	0.0684	0.0085	0.0128	0.0299	0.0321	0.0128	0.0299	0.0043	0.0064	0.0021	0.0085
found	lean-format	la_frozen_seq	frozen	0	lean-format/artifacts/lf/la_frozen_seq_s0	8	37	0.0000	0.1081	0.4865	0.4054	2486	0.6677	291	0.3196	0.2921	0.1478	0.0206	0.0722	0.0137	0.0069	0.0481	0.0309	0.0069	0.0137	0.0000	0.0069	0.0137	0.0069
found_transfer	lean-format	la_frozen_seq	frozen	0	lean-format/artifacts/lf/la_frozen_seq_s0	1	292	0.0000	0.0240	0.1062	0.8699	292	0.8699	2441	0.3527	0.3437	0.1516	0.0217	0.0561	0.0037	0.0004	0.0197	0.0176	0.0033	0.0094	0.0016	0.0074	0.0094	0.0016
found_transfer	lean-format	la_frozen_seq	frozen	0	lean-format/artifacts/lf/la_frozen_seq_s0	2	44	0.0000	0.1136	0.2273	0.6591	336	0.8423	371	0.3208	0.3100	0.1671	0.0216	0.0647	0.0054	0.0000	0.0323	0.0323	0.0054	0.0108	0.0000	0.0108	0.0135	0.0054
found_transfer	lean-format	la_frozen_seq	frozen	0	lean-format/artifacts/lf/la_frozen_seq_s0	3	25	0.0000	0.0800	0.1200	0.8000	361	0.8393	222	0.3468	0.3063	0.1441	0.0180	0.0766	0.0180	0.0000	0.0225	0.0225	0.0090	0.0180	0.0045	0.0045	0.0045	0.0045
found_transfer	lean-format	la_frozen_seq	frozen	0	lean-format/artifacts/lf/la_frozen_seq_s0	4	20	0.0000	0.0000	0.1000	0.9000	381	0.8425	172	0.3488	0.3314	0.1453	0.0116	0.0640	0.0058	0.0000	0.0233	0.0291	0.0058	0.0058	0.0058	0.0116	0.0116	0.0000
found_transfer	lean-format	la_frozen_seq	frozen	0	lean-format/artifacts/lf/la_frozen_seq_s0	5	14	0.0000	0.0714	0.4286	0.5000	395	0.8304	116	0.3190	0.2931	0.1293	0.0517	0.0776	0.0086	0.0000	0.0172	0.0259	0.0086	0.0259	0.0086	0.0086	0.0259	0.0000
found_transfer	lean-format	la_frozen_seq	frozen	0	lean-format/artifacts/lf/la_frozen_seq_s0	6	15	0.0000	0.0667	0.0000	0.9333	410	0.8341	131	0.3511	0.3359	0.0992	0.0458	0.0458	0.0076	0.0000	0.0305	0.0153	0.0076	0.0000	0.0000	0.0229	0.0305	0.0076
found_transfer	lean-format	la_frozen_seq	frozen	0	lean-format/artifacts/lf/la_frozen_seq_s0	7	15	0.0000	0.0667	0.2000	0.7333	425	0.8306	125	0.3360	0.3120	0.1280	0.0480	0.0400	0.0080	0.0000	0.0560	0.0160	0.0080	0.0160	0.0080	0.0000	0.0240	0.0000
found_transfer	lean-format	la_frozen_seq	frozen	0	lean-format/artifacts/lf/la_frozen_seq_s0	8	7	0.0000	0.0000	0.2857	0.7143	432	0.8287	63	0.3016	0.3016	0.1587	0.0476	0.0794	0.0000	0.0000	0.0317	0.0317	0.0000	0.0476	0.0000	0.0000	0.0000	0.0000
found	lean-format	la_frozen_seq	frozen	1	lean-format/artifacts/lf/la_frozen_seq_s1	1	1877	0.0021	0.0522	0.2227	0.7230	1877	0.7230	14227	0.3610	0.3508	0.1217	0.0254	0.0501	0.0033	0.0013	0.0250	0.0155	0.0067	0.0168	0.0036	0.0070	0.0086	0.0032
found	lean-format	la_frozen_seq	frozen	1	lean-format/artifacts/lf/la_frozen_seq_s1	2	189	0.0000	0.0794	0.4074	0.5132	2066	0.7038	1474	0.3270	0.3087	0.1506	0.0339	0.0746	0.0075	0.0081	0.0210	0.0142	0.0102	0.0156	0.0034	0.0088	0.0095	0.0068
found	lean-format	la_frozen_seq	frozen	1	lean-format/artifacts/lf/la_frozen_seq_s1	3	110	0.0000	0.1909	0.3818	0.4273	2176	0.6898	856	0.3072	0.2897	0.1577	0.0421	0.0829	0.0058	0.0082	0.0234	0.0199	0.0152	0.0152	0.0058	0.0047	0.0129	0.0093
found	lean-format	la_frozen_seq	frozen	1	lean-format/artifacts/lf/la_frozen_seq_s1	4	79	0.0000	0.1392	0.4937	0.3671	2255	0.6785	623	0.3130	0.2825	0.1701	0.0449	0.0642	0.0128	0.0032	0.0209	0.0225	0.0128	0.0177	0.0048	0.0112	0.0112	0.0080
found	lean-format	la_frozen_seq	frozen	1	lean-format/artifacts/lf/la_frozen_seq_s1	5	71	0.0000	0.0845	0.3380	0.5775	2326	0.6754	564	0.3316	0.3121	0.1472	0.0301	0.0567	0.0071	0.0035	0.0319	0.0248	0.0053	0.0195	0.0053	0.0106	0.0142	0.0000
found	lean-format	la_frozen_seq	frozen	1	lean-format/artifacts/lf/la_frozen_seq_s1	6	59	0.0000	0.1695	0.3898	0.4407	2385	0.6696	469	0.3177	0.2836	0.1620	0.0341	0.0746	0.0128	0.0000	0.0256	0.0192	0.0107	0.0277	0.0085	0.0043	0.0171	0.0021
found	lean-format	la_frozen_seq	frozen	1	lean-format/artifacts/lf/la_frozen_seq_s1	7	43	0.0000	0.0233	0.4884	0.4884	2428	0.6664	349	0.3181	0.3181	0.1404	0.0487	0.0573	0.0000	0.0000	0.0372	0.0258	0.0115	0.0201	0.0000	0.0029	0.0086	0.0115
found	lean-format	la_frozen_seq	frozen	1	lean-format/artifacts/lf/la_frozen_seq_s1	8	53	0.0000	0.1132	0.4717	0.4151	2481	0.6610	423	0.3073	0.2908	0.1655	0.0331	0.0615	0.0071	0.0047	0.0378	0.0473	0.0095	0.0071	0.0024	0.0071	0.0118	0.0071
found_transfer	lean-format	la_frozen_seq	frozen	1	lean-format/artifacts/lf/la_frozen_seq_s1	1	290	0.0000	0.0310	0.0862	0.8828	290	0.8828	2411	0.3542	0.3438	0.1539	0.0216	0.0552	0.0046	0.0000	0.0174	0.0162	0.0029	0.0087	0.0012	0.0058	0.0129	0.0017
found_transfer	lean-format	la_frozen_seq	frozen	1	lean-format/artifacts/lf/la_frozen_seq_s1	2	42	0.0000	0.0714	0.1429	0.7857	332	0.8705	364	0.3352	0.3269	0.1401	0.0302	0.0495	0.0027	0.0000	0.0385	0.0330	0.0082	0.0110	0.0027	0.0110	0.0055	0.0055
found_transfer	lean-format	la_frozen_seq	frozen	1	lean-format/artifacts/lf/la_frozen_seq_s1	3	24	0.0000	0.0833	0.4167	0.5000	356	0.8455	205	0.3268	0.2829	0.1610	0.0195	0.0732	0.0195	0.0000	0.0390	0.0244	0.0049	0.0098	0.0049	0.0244	0.0098	0.0000
found_transfer	lean-format	la_frozen_seq	frozen	1	lean-format/artifacts/lf/la_frozen_seq_s1	4	26	0.0000	0.1154	0.2692	0.6154	382	0.8298	226	0.3142	0.2832	0.1637	0.0310	0.0796	0.0088	0.0044	0.0265	0.0265	0.0177	0.0177	0.0133	0.0044	0.0044	0.0044
found_transfer	lean-format	la_frozen_seq	frozen	1	lean-format/artifacts/lf/la_frozen_seq_s1	5	16	0.0000	0.1250	0.1875	0.6875	398	0.8241	141	0.3333	0.3333	0.1135	0.0142	0.0709	0.0000	0.0071	0.0496	0.0284	0.0071	0.0071	0.0000	0.0000	0.0284	0.0071
found_transfer	lean-format	la_frozen_seq	frozen	1	lean-format/artifacts/lf/la_frozen_seq_s1	6	10	0.0000	0.1000	0.1000	0.8000	408	0.8235	85	0.3294	0.3294	0.1412	0.0471	0.0471	0.0000	0.0000	0.0353	0.0118	0.0118	0.0118	0.0000	0.0000	0.0235	0.0118
found_transfer	lean-format	la_frozen_seq	frozen	1	lean-format/artifacts/lf/la_frozen_seq_s1	7	10	0.0000	0.0000	0.2000	0.8000	418	0.8230	87	0.3333	0.3333	0.1149	0.0575	0.0690	0.0000	0.0000	0.0345	0.0230	0.0000	0.0230	0.0000	0.0115	0.0000	0.0000
found_transfer	lean-format	la_frozen_seq	frozen	1	lean-format/artifacts/lf/la_frozen_seq_s1	8	9	0.0000	0.1111	0.2222	0.6667	427	0.8197	76	0.3553	0.3158	0.1184	0.0263	0.0658	0.0132	0.0000	0.0395	0.0263	0.0132	0.0000	0.0132	0.0132	0.0000	0.0000
found	lean-seed2	la_T1_seq2	headline	0	lean-seed2/artifacts/lf/la_T1_seq2_s0	1	1938	0.0015	0.0568	0.2549	0.6868	1938	0.6868	14561	0.3597	0.3492	0.1185	0.0301	0.0559	0.0037	0.0023	0.0275	0.0104	0.0058	0.0155	0.0031	0.0082	0.0076	0.0027
found	lean-seed2	la_T1_seq2	headline	0	lean-seed2/artifacts/lf/la_T1_seq2_s0	2	917	0.0000	0.0589	0.3239	0.6172	2855	0.6644	7608	0.3272	0.3077	0.1625	0.0263	0.0777	0.0072	0.0067	0.0217	0.0201	0.0096	0.0089	0.0050	0.0075	0.0074	0.0046
found	lean-seed2	la_T1_seq2	headline	0	lean-seed2/artifacts/lf/la_T1_seq2_s0	3	556	0.0018	0.0594	0.3489	0.5899	3411	0.6523	4743	0.3169	0.2964	0.1577	0.0280	0.0841	0.0061	0.0091	0.0249	0.0215	0.0148	0.0114	0.0082	0.0082	0.0061	0.0065
found	lean-seed2	la_T1_seq2	headline	0	lean-seed2/artifacts/lf/la_T1_seq2_s0	4	415	0.0024	0.0651	0.3422	0.5904	3826	0.6456	3569	0.3161	0.2925	0.1477	0.0272	0.0877	0.0078	0.0120	0.0255	0.0165	0.0182	0.0137	0.0078	0.0098	0.0070	0.0104
found	lean-seed2	la_T1_seq2	headline	0	lean-seed2/artifacts/lf/la_T1_seq2_s0	5	350	0.0000	0.0400	0.3229	0.6371	4176	0.6449	3103	0.3145	0.2933	0.1495	0.0335	0.0928	0.0081	0.0113	0.0300	0.0164	0.0097	0.0113	0.0052	0.0103	0.0097	0.0045
found	lean-seed2	la_T1_seq2	headline	0	lean-seed2/artifacts/lf/la_T1_seq2_s0	6	357	0.0000	0.0616	0.2885	0.6499	4533	0.6453	3166	0.3165	0.2960	0.1447	0.0357	0.0846	0.0073	0.0114	0.0297	0.0190	0.0142	0.0092	0.0060	0.0082	0.0095	0.0082
found	lean-seed2	la_T1_seq2	headline	0	lean-seed2/artifacts/lf/la_T1_seq2_s0	7	363	0.0000	0.0744	0.2645	0.6612	4896	0.6464	3209	0.3157	0.3004	0.1430	0.0302	0.0807	0.0056	0.0134	0.0262	0.0165	0.0159	0.0115	0.0041	0.0137	0.0112	0.0118
found	lean-seed2	la_T1_seq2	headline	0	lean-seed2/artifacts/lf/la_T1_seq2_s0	8	439	0.0000	0.0547	0.3075	0.6378	5335	0.6457	3927	0.3147	0.2916	0.1385	0.0323	0.0761	0.0071	0.0176	0.0313	0.0196	0.0160	0.0127	0.0089	0.0158	0.0104	0.0071
found_transfer	lean-seed2	la_T1_seq2	headline	0	lean-seed2/artifacts/lf/la_T1_seq2_s0	1	265	0.0000	0.0377	0.1434	0.8189	265	0.8189	2168	0.3519	0.3404	0.1439	0.0291	0.0623	0.0042	0.0005	0.0226	0.0111	0.0037	0.0078	0.0032	0.0074	0.0115	0.0005
found_transfer	lean-seed2	la_T1_seq2	headline	0	lean-seed2/artifacts/lf/la_T1_seq2_s0	2	401	0.0000	0.0200	0.1122	0.8678	666	0.8483	3624	0.3372	0.3281	0.1479	0.0334	0.0889	0.0041	0.0022	0.0199	0.0177	0.0028	0.0069	0.0008	0.0050	0.0030	0.0022
found_transfer	lean-seed2	la_T1_seq2	headline	0	lean-seed2/artifacts/lf/la_T1_seq2_s0	3	288	0.0035	0.0139	0.1667	0.8160	954	0.8386	2623	0.3321	0.3103	0.1403	0.0305	0.0942	0.0084	0.0042	0.0236	0.0194	0.0065	0.0103	0.0050	0.0099	0.0038	0.0015
found_transfer	lean-seed2	la_T1_seq2	headline	0	lean-seed2/artifacts/lf/la_T1_seq2_s0	4	251	0.0000	0.0199	0.1514	0.8287	1205	0.8365	2363	0.3237	0.3110	0.1460	0.0271	0.1045	0.0042	0.0059	0.0241	0.0135	0.0068	0.0135	0.0042	0.0059	0.0068	0.0025
found_transfer	lean-seed2	la_T1_seq2	headline	0	lean-seed2/artifacts/lf/la_T1_seq2_s0	5	206	0.0000	0.0194	0.1602	0.8204	1411	0.8342	1922	0.3215	0.3049	0.1405	0.0364	0.0900	0.0042	0.0088	0.0265	0.0229	0.0104	0.0114	0.0083	0.0073	0.0047	0.0021
found_transfer	lean-seed2	la_T1_seq2	headline	0	lean-seed2/artifacts/lf/la_T1_seq2_s0	6	241	0.0000	0.0332	0.1992	0.7676	1652	0.8245	2272	0.3156	0.2936	0.1483	0.0335	0.0924	0.0084	0.0128	0.0295	0.0224	0.0084	0.0088	0.0053	0.0106	0.0075	0.0031
found_transfer	lean-seed2	la_T1_seq2	headline	0	lean-seed2/artifacts/lf/la_T1_seq2_s0	7	214	0.0000	0.0374	0.1495	0.8131	1866	0.8232	2014	0.3213	0.3039	0.1405	0.0218	0.0884	0.0055	0.0099	0.0268	0.0253	0.0124	0.0154	0.0065	0.0109	0.0055	0.0060
found_transfer	lean-seed2	la_T1_seq2	headline	0	lean-seed2/artifacts/lf/la_T1_seq2_s0	8	269	0.0000	0.0223	0.1599	0.8178	2135	0.8225	2576	0.3144	0.2977	0.1429	0.0307	0.1009	0.0058	0.0202	0.0252	0.0182	0.0074	0.0085	0.0050	0.0113	0.0093	0.0023
found	lean-seed2	la_T1_seq2	headline	1	lean-seed2/artifacts/lf/la_T1_seq2_s1	1	1914	0.0021	0.0606	0.2597	0.6776	1914	0.6776	14356	0.3589	0.3490	0.1190	0.0311	0.0540	0.0034	0.0021	0.0281	0.0117	0.0057	0.0154	0.0031	0.0083	0.0077	0.0026
found	lean-seed2	la_T1_seq2	headline	1	lean-seed2/artifacts/lf/la_T1_seq2_s1	2	889	0.0000	0.0529	0.3195	0.6277	2803	0.6618	7392	0.3279	0.3075	0.1667	0.0241	0.0762	0.0074	0.0078	0.0191	0.0234	0.0097	0.0060	0.0055	0.0070	0.0074	0.0042
found	lean-seed2	la_T1_seq2	headline	1	lean-seed2/artifacts/lf/la_T1_seq2_s1	3	535	0.0000	0.0561	0.3776	0.5664	3338	0.6465	4541	0.3182	0.2957	0.1608	0.0308	0.0874	0.0084	0.0101	0.0220	0.0185	0.0115	0.0110	0.0057	0.0075	0.0066	0.0057
found	lean-seed2	la_T1_seq2	headline	1	lean-seed2/artifacts/lf/la_T1_seq2_s1	4	424	0.0000	0.0519	0.3325	0.6156	3762	0.6430	3704	0.3161	0.2918	0.1566	0.0283	0.0837	0.0097	0.0065	0.0294	0.0205	0.0119	0.0173	0.0049	0.0086	0.0076	0.0070
found	lean-seed2	la_T1_seq2	headline	1	lean-seed2/artifacts/lf/la_T1_seq2_s1	5	335	0.0000	0.0358	0.2955	0.6687	4097	0.6451	2913	0.3199	0.2990	0.1407	0.0299	0.0862	0.0086	0.0113	0.0268	0.0151	0.0120	0.0165	0.0038	0.0110	0.0110	0.0082
found	lean-seed2	la_T1_seq2	headline	1	lean-seed2/artifacts/lf/la_T1_seq2_s1	6	379	0.0000	0.0580	0.2902	0.6517	4476	0.6457	3358	0.3172	0.2954	0.1453	0.0304	0.0846	0.0092	0.0146	0.0310	0.0176	0.0083	0.0143	0.0033	0.0119	0.0122	0.0048
found	lean-seed2	la_T1_seq2	headline	1	lean-seed2/artifacts/lf/la_T1_seq2_s1	7	275	0.0000	0.0800	0.2982	0.6218	4751	0.6443	2406	0.3159	0.2901	0.1413	0.0299	0.0881	0.0091	0.0158	0.0249	0.0162	0.0179	0.0158	0.0075	0.0100	0.0075	0.0100
found	lean-seed2	la_T1_seq2	headline	1	lean-seed2/artifacts/lf/la_T1_seq2_s1	8	303	0.0000	0.0627	0.3597	0.5776	5054	0.6403	2682	0.3173	0.2942	0.1372	0.0309	0.0850	0.0093	0.0183	0.0261	0.0157	0.0149	0.0172	0.0045	0.0108	0.0082	0.0104
found_transfer	lean-seed2	la_T1_seq2	headline	1	lean-seed2/artifacts/lf/la_T1_seq2_s1	1	272	0.0000	0.0368	0.1434	0.8199	272	0.8199	2240	0.3504	0.3415	0.1415	0.0326	0.0621	0.0031	0.0009	0.0223	0.0129	0.0036	0.0076	0.0027	0.0076	0.0103	0.0009
found_transfer	lean-seed2	la_T1_seq2	headline	1	lean-seed2/artifacts/lf/la_T1_seq2_s1	2	370	0.0000	0.0243	0.1081	0.8676	642	0.8474	3341	0.3385	0.3283	0.1538	0.0275	0.0769	0.0045	0.0021	0.0227	0.0218	0.0030	0.0069	0.0012	0.0069	0.0039	0.0018
found_transfer	lean-seed2	la_T1_seq2	headline	1	lean-seed2/artifacts/lf/la_T1_seq2_s1	3	283	0.0000	0.0283	0.2014	0.7703	925	0.8238	2610	0.3241	0.3065	0.1567	0.0368	0.0985	0.0080	0.0042	0.0230	0.0165	0.0038	0.0061	0.0015	0.0069	0.0050	0.0023
found_transfer	lean-seed2	la_T1_seq2	headline	1	lean-seed2/artifacts/lf/la_T1_seq2_s1	4	210	0.0000	0.0190	0.2286	0.7524	1135	0.8106	1935	0.3220	0.3003	0.1494	0.0269	0.1039	0.0088	0.0072	0.0264	0.0160	0.0057	0.0119	0.0041	0.0083	0.0078	0.0016
found_transfer	lean-seed2	la_T1_seq2	headline	1	lean-seed2/artifacts/lf/la_T1_seq2_s1	5	224	0.0045	0.0268	0.1339	0.8348	1359	0.8146	2089	0.3274	0.3049	0.1393	0.0349	0.0852	0.0101	0.0096	0.0230	0.0196	0.0053	0.0139	0.0024	0.0124	0.0091	0.0029
found_transfer	lean-seed2	la_T1_seq2	headline	1	lean-seed2/artifacts/lf/la_T1_seq2_s1	6	200	0.0000	0.0100	0.1150	0.8750	1559	0.8223	1901	0.3246	0.3093	0.1357	0.0247	0.1047	0.0063	0.0089	0.0263	0.0153	0.0047	0.0153	0.0026	0.0100	0.0095	0.0021
found_transfer	lean-seed2	la_T1_seq2	headline	1	lean-seed2/artifacts/lf/la_T1_seq2_s1	7	200	0.0000	0.0100	0.1100	0.8800	1759	0.8289	1898	0.3193	0.3082	0.1412	0.0311	0.1033	0.0037	0.0121	0.0237	0.0163	0.0090	0.0090	0.0037	0.0074	0.0068	0.0053
found_transfer	lean-seed2	la_T1_seq2	headline	1	lean-seed2/artifacts/lf/la_T1_seq2_s1	8	189	0.0000	0.0265	0.1534	0.8201	1948	0.8280	1786	0.3147	0.3024	0.1433	0.0375	0.0957	0.0050	0.0129	0.0330	0.0162	0.0039	0.0112	0.0022	0.0106	0.0095	0.0017
found	lean-seed2	la_frozen_seq2	frozen	0	lean-seed2/artifacts/lf/la_frozen_seq2_s0	1	1938	0.0015	0.0568	0.2549	0.6868	1938	0.6868	14561	0.3597	0.3492	0.1185	0.0301	0.0559	0.0037	0.0023	0.0275	0.0104	0.0058	0.0155	0.0031	0.0082	0.0076	0.0027
found	lean-seed2	la_frozen_seq2	frozen	0	lean-seed2/artifacts/lf/la_frozen_seq2_s0	2	218	0.0046	0.1055	0.4312	0.4587	2156	0.6637	1726	0.3163	0.3036	0.1611	0.0365	0.0765	0.0035	0.0058	0.0307	0.0191	0.0098	0.0116	0.0058	0.0070	0.0087	0.0041
found	lean-seed2	la_frozen_seq2	frozen	0	lean-seed2/artifacts/lf/la_frozen_seq2_s0	3	137	0.0000	0.1095	0.4891	0.4015	2293	0.6481	1075	0.3116	0.3051	0.1563	0.0344	0.0930	0.0019	0.0112	0.0233	0.0177	0.0074	0.0130	0.0028	0.0102	0.0074	0.0047
found	lean-seed2	la_frozen_seq2	frozen	0	lean-seed2/artifacts/lf/la_frozen_seq2_s0	4	121	0.0000	0.1157	0.4215	0.4628	2414	0.6388	945	0.3143	0.3005	0.1492	0.0328	0.0868	0.0042	0.0032	0.0360	0.0127	0.0148	0.0190	0.0053	0.0085	0.0032	0.0095
found	lean-seed2	la_frozen_seq2	frozen	0	lean-seed2/artifacts/lf/la_frozen_seq2_s0	5	80	0.0000	0.1625	0.4125	0.4250	2494	0.6319	629	0.3068	0.2989	0.1463	0.0382	0.0795	0.0016	0.0127	0.0318	0.0191	0.0143	0.0175	0.0048	0.0111	0.0079	0.0095
found	lean-seed2	la_frozen_seq2	frozen	0	lean-seed2/artifacts/lf/la_frozen_seq2_s0	6	97	0.0000	0.1237	0.5052	0.3711	2591	0.6222	771	0.3048	0.2983	0.1595	0.0402	0.1012	0.0013	0.0052	0.0220	0.0285	0.0065	0.0078	0.0039	0.0065	0.0117	0.0026
found	lean-seed2	la_frozen_seq2	frozen	0	lean-seed2/artifacts/lf/la_frozen_seq2_s0	7	52	0.0000	0.0769	0.4231	0.5000	2643	0.6198	419	0.3222	0.3103	0.1408	0.0358	0.0692	0.0048	0.0095	0.0310	0.0167	0.0119	0.0215	0.0024	0.0048	0.0095	0.0095
found	lean-seed2	la_frozen_seq2	frozen	0	lean-seed2/artifacts/lf/la_frozen_seq2_s0	8	43	0.0000	0.0930	0.4186	0.4884	2686	0.6176	344	0.3110	0.3023	0.1512	0.0378	0.0930	0.0029	0.0058	0.0262	0.0233	0.0087	0.0116	0.0029	0.0116	0.0058	0.0058
found_transfer	lean-seed2	la_frozen_seq2	frozen	0	lean-seed2/artifacts/lf/la_frozen_seq2_s0	1	265	0.0000	0.0377	0.1434	0.8189	265	0.8189	2168	0.3519	0.3404	0.1439	0.0291	0.0623	0.0042	0.0005	0.0226	0.0111	0.0037	0.0078	0.0032	0.0074	0.0115	0.0005
found_transfer	lean-seed2	la_frozen_seq2	frozen	0	lean-seed2/artifacts/lf/la_frozen_seq2_s0	2	47	0.0000	0.0638	0.1277	0.8085	312	0.8173	414	0.3237	0.3237	0.1546	0.0290	0.0966	0.0000	0.0024	0.0242	0.0193	0.0024	0.0121	0.0000	0.0048	0.0048	0.0024
found_transfer	lean-seed2	la_frozen_seq2	frozen	0	lean-seed2/artifacts/lf/la_frozen_seq2_s0	3	26	0.0000	0.0385	0.1923	0.7692	338	0.8136	232	0.3276	0.3276	0.1509	0.0603	0.0905	0.0000	0.0000	0.0302	0.0043	0.0000	0.0086	0.0000	0.0000	0.0000	0.0000
found_transfer	lean-seed2	la_frozen_seq2	frozen	0	lean-seed2/artifacts/lf/la_frozen_seq2_s0	4	38	0.0000	0.0000	0.1842	0.8158	376	0.8138	341	0.3402	0.3284	0.1408	0.0205	0.1085	0.0059	0.0000	0.0205	0.0147	0.0000	0.0117	0.0000	0.0029	0.0059	0.0000
found_transfer	lean-seed2	la_frozen_seq2	frozen	0	lean-seed2/artifacts/lf/la_frozen_seq2_s0	5	16	0.0000	0.0625	0.1250	0.8125	392	0.8138	136	0.3382	0.3309	0.1324	0.0221	0.0882	0.0000	0.0000	0.0221	0.0221	0.0074	0.0147	0.0074	0.0147	0.0000	0.0000
found_transfer	lean-seed2	la_frozen_seq2	frozen	0	lean-seed2/artifacts/lf/la_frozen_seq2_s0	6	20	0.0000	0.0500	0.1500	0.8000	412	0.8131	172	0.3372	0.3314	0.1047	0.0349	0.0930	0.0000	0.0000	0.0174	0.0291	0.0058	0.0174	0.0058	0.0233	0.0000	0.0000
found_transfer	lean-seed2	la_frozen_seq2	frozen	0	lean-seed2/artifacts/lf/la_frozen_seq2_s0	7	17	0.0000	0.0000	0.1176	0.8824	429	0.8159	147	0.3469	0.3469	0.1020	0.0408	0.1020	0.0000	0.0000	0.0272	0.0068	0.0000	0.0272	0.0000	0.0000	0.0000	0.0000
found_transfer	lean-seed2	la_frozen_seq2	frozen	0	lean-seed2/artifacts/lf/la_frozen_seq2_s0	8	10	0.0000	0.0000	0.4000	0.6000	439	0.8109	85	0.3294	0.2941	0.1765	0.0118	0.0824	0.0118	0.0000	0.0353	0.0235	0.0118	0.0000	0.0118	0.0118	0.0000	0.0000
found	lean-seed2	la_frozen_seq2	frozen	1	lean-seed2/artifacts/lf/la_frozen_seq2_s1	1	1914	0.0021	0.0606	0.2597	0.6776	1914	0.6776	14356	0.3589	0.3490	0.1190	0.0311	0.0540	0.0034	0.0021	0.0281	0.0117	0.0057	0.0154	0.0031	0.0083	0.0077	0.0026
found	lean-seed2	la_frozen_seq2	frozen	1	lean-seed2/artifacts/lf/la_frozen_seq2_s1	2	258	0.0000	0.1047	0.4264	0.4690	2172	0.6529	2011	0.3202	0.3028	0.1606	0.0269	0.0845	0.0060	0.0085	0.0214	0.0189	0.0104	0.0109	0.0055	0.0104	0.0080	0.0050
found	lean-seed2	la_frozen_seq2	frozen	1	lean-seed2/artifacts/lf/la_frozen_seq2_s1	3	136	0.0000	0.0809	0.4118	0.5074	2308	0.6443	1083	0.3306	0.3204	0.1302	0.0369	0.0757	0.0028	0.0046	0.0369	0.0157	0.0083	0.0129	0.0046	0.0102	0.0065	0.0037
found	lean-seed2	la_frozen_seq2	frozen	1	lean-seed2/artifacts/lf/la_frozen_seq2_s1	4	114	0.0000	0.1404	0.4561	0.4035	2422	0.6329	913	0.2979	0.2881	0.1796	0.0449	0.0909	0.0033	0.0044	0.0318	0.0197	0.0077	0.0044	0.0033	0.0066	0.0131	0.0044
found	lean-seed2	la_frozen_seq2	frozen	1	lean-seed2/artifacts/lf/la_frozen_seq2_s1	5	90	0.0000	0.0778	0.4778	0.4444	2512	0.6262	714	0.3137	0.3011	0.1471	0.0280	0.1120	0.0042	0.0084	0.0238	0.0126	0.0098	0.0168	0.0042	0.0084	0.0042	0.0056
found	lean-seed2	la_frozen_seq2	frozen	1	lean-seed2/artifacts/lf/la_frozen_seq2_s1	6	58	0.0000	0.1379	0.3966	0.4655	2570	0.6226	460	0.3087	0.3043	0.1500	0.0391	0.0870	0.0000	0.0152	0.0217	0.0196	0.0130	0.0196	0.0043	0.0043	0.0043	0.0087
found	lean-seed2	la_frozen_seq2	frozen	1	lean-seed2/artifacts/lf/la_frozen_seq2_s1	7	64	0.0000	0.0625	0.4688	0.4688	2634	0.6188	515	0.3107	0.2932	0.1534	0.0350	0.0757	0.0039	0.0078	0.0272	0.0136	0.0194	0.0175	0.0097	0.0097	0.0136	0.0097
found	lean-seed2	la_frozen_seq2	frozen	1	lean-seed2/artifacts/lf/la_frozen_seq2_s1	8	55	0.0000	0.1273	0.4182	0.4545	2689	0.6155	437	0.3066	0.3021	0.1648	0.0389	0.0961	0.0023	0.0092	0.0297	0.0114	0.0046	0.0137	0.0000	0.0114	0.0046	0.0046
found_transfer	lean-seed2	la_frozen_seq2	frozen	1	lean-seed2/artifacts/lf/la_frozen_seq2_s1	1	272	0.0000	0.0368	0.1434	0.8199	272	0.8199	2240	0.3504	0.3415	0.1415	0.0326	0.0621	0.0031	0.0009	0.0223	0.0129	0.0036	0.0076	0.0027	0.0076	0.0103	0.0009
found_transfer	lean-seed2	la_frozen_seq2	frozen	1	lean-seed2/artifacts/lf/la_frozen_seq2_s1	2	49	0.0000	0.0408	0.1020	0.8571	321	0.8255	424	0.3396	0.3325	0.1297	0.0165	0.1014	0.0024	0.0000	0.0259	0.0047	0.0047	0.0283	0.0024	0.0071	0.0024	0.0024
found_transfer	lean-seed2	la_frozen_seq2	frozen	1	lean-seed2/artifacts/lf/la_frozen_seq2_s1	3	38	0.0000	0.0000	0.2895	0.7105	359	0.8134	331	0.3474	0.3414	0.1239	0.0242	0.0876	0.0030	0.0000	0.0181	0.0181	0.0000	0.0272	0.0000	0.0000	0.0091	0.0000
found_transfer	lean-seed2	la_frozen_seq2	frozen	1	lean-seed2/artifacts/lf/la_frozen_seq2_s1	4	27	0.0000	0.0370	0.1481	0.8148	386	0.8135	244	0.3320	0.3156	0.1680	0.0328	0.0902	0.0082	0.0000	0.0328	0.0123	0.0000	0.0000	0.0000	0.0082	0.0000	0.0000
found_transfer	lean-seed2	la_frozen_seq2	frozen	1	lean-seed2/artifacts/lf/la_frozen_seq2_s1	5	19	0.0000	0.0526	0.0526	0.8947	405	0.8173	168	0.3452	0.3393	0.1250	0.0179	0.1131	0.0000	0.0000	0.0238	0.0060	0.0060	0.0060	0.0060	0.0000	0.0119	0.0000
found_transfer	lean-seed2	la_frozen_seq2	frozen	1	lean-seed2/artifacts/lf/la_frozen_seq2_s1	6	14	0.0000	0.0714	0.1429	0.7857	419	0.8162	124	0.3226	0.3226	0.1613	0.0403	0.0726	0.0000	0.0000	0.0161	0.0403	0.0000	0.0161	0.0000	0.0000	0.0081	0.0000
found_transfer	lean-seed2	la_frozen_seq2	frozen	1	lean-seed2/artifacts/lf/la_frozen_seq2_s1	7	20	0.0000	0.1500	0.2000	0.6500	439	0.8087	167	0.3174	0.3174	0.1497	0.0479	0.0898	0.0000	0.0000	0.0240	0.0180	0.0060	0.0120	0.0000	0.0120	0.0000	0.0060
found_transfer	lean-seed2	la_frozen_seq2	frozen	1	lean-seed2/artifacts/lf/la_frozen_seq2_s1	8	10	0.0000	0.0000	0.1000	0.9000	449	0.8107	90	0.3333	0.3333	0.1444	0.0333	0.0889	0.0000	0.0000	0.0111	0.0222	0.0111	0.0000	0.0000	0.0111	0.0000	0.0111
found	ds-composition	la_T1_a1	headline	1	noise-floor/artifacts/nf/la_T1_dsc_a1_s1	1	1528	0.0020	0.0785	0.3102	0.6093	1528	0.6093	11347	0.3523	0.3415	0.1282	0.0288	0.0567	0.0046	0.0048	0.0280	0.0137	0.0040	0.0171	0.0017	0.0071	0.0092	0.0023
found	ds-composition	la_T1_a1	headline	1	noise-floor/artifacts/nf/la_T1_dsc_a1_s1	2	1069	0.0019	0.0430	0.2844	0.6707	2597	0.6346	8595	0.3367	0.3225	0.1513	0.0270	0.0632	0.0049	0.0064	0.0205	0.0230	0.0076	0.0118	0.0044	0.0114	0.0063	0.0031
found	ds-composition	la_T1_a1	headline	1	noise-floor/artifacts/nf/la_T1_dsc_a1_s1	3	569	0.0000	0.0931	0.3058	0.6011	3166	0.6286	4782	0.3289	0.2949	0.1564	0.0307	0.0638	0.0138	0.0094	0.0215	0.0266	0.0115	0.0146	0.0065	0.0096	0.0069	0.0048
found	ds-composition	la_T1_a1	headline	1	noise-floor/artifacts/nf/la_T1_dsc_a1_s1	4	483	0.0000	0.0725	0.2774	0.6501	3649	0.6314	4152	0.3316	0.2934	0.1411	0.0325	0.0778	0.0142	0.0082	0.0224	0.0190	0.0140	0.0154	0.0099	0.0075	0.0089	0.0041
found	ds-composition	la_T1_a1	headline	1	noise-floor/artifacts/nf/la_T1_dsc_a1_s1	5	350	0.0029	0.0743	0.3571	0.5657	3999	0.6257	2988	0.3203	0.2912	0.1489	0.0368	0.0870	0.0110	0.0074	0.0251	0.0187	0.0120	0.0134	0.0070	0.0094	0.0067	0.0050
found	ds-composition	la_T1_a1	headline	1	noise-floor/artifacts/nf/la_T1_dsc_a1_s1	6	333	0.0000	0.0931	0.2973	0.6096	4332	0.6244	2892	0.3167	0.2887	0.1528	0.0411	0.0660	0.0111	0.0138	0.0242	0.0201	0.0131	0.0173	0.0059	0.0107	0.0111	0.0073
found	ds-composition	la_T1_a1	headline	1	noise-floor/artifacts/nf/la_T1_dsc_a1_s1	7	344	0.0000	0.0756	0.2936	0.6308	4676	0.6249	2989	0.3202	0.2931	0.1432	0.0328	0.0736	0.0100	0.0084	0.0254	0.0214	0.0124	0.0184	0.0070	0.0124	0.0164	0.0054
found	ds-composition	la_T1_a1	headline	1	noise-floor/artifacts/nf/la_T1_dsc_a1_s1	8	282	0.0000	0.0674	0.2837	0.6489	4958	0.6263	2450	0.3180	0.2996	0.1339	0.0290	0.0780	0.0069	0.0110	0.0282	0.0257	0.0102	0.0261	0.0045	0.0122	0.0114	0.0053
found_transfer	ds-composition	la_T1_a1	headline	1	noise-floor/artifacts/nf/la_T1_dsc_a1_s1	1	168	0.0000	0.1071	0.1786	0.7143	168	0.7143	1334	0.3486	0.3261	0.1469	0.0240	0.0622	0.0097	0.0022	0.0247	0.0135	0.0082	0.0082	0.0030	0.0045	0.0127	0.0052
found_transfer	ds-composition	la_T1_a1	headline	1	noise-floor/artifacts/nf/la_T1_dsc_a1_s1	2	342	0.0000	0.0351	0.1374	0.8275	510	0.7902	3010	0.3395	0.3226	0.1661	0.0183	0.0704	0.0083	0.0023	0.0153	0.0252	0.0033	0.0053	0.0003	0.0116	0.0083	0.0030
found_transfer	ds-composition	la_T1_a1	headline	1	noise-floor/artifacts/nf/la_T1_dsc_a1_s1	3	269	0.0000	0.0483	0.1413	0.8104	779	0.7972	2452	0.3324	0.3124	0.1517	0.0298	0.0808	0.0090	0.0053	0.0212	0.0249	0.0057	0.0073	0.0020	0.0077	0.0061	0.0037
found_transfer	ds-composition	la_T1_a1	headline	1	noise-floor/artifacts/nf/la_T1_dsc_a1_s1	4	236	0.0000	0.0424	0.1653	0.7924	1015	0.7961	2149	0.3350	0.3127	0.1433	0.0419	0.0731	0.0093	0.0042	0.0228	0.0237	0.0074	0.0079	0.0037	0.0060	0.0051	0.0037
found_transfer	ds-composition	la_T1_a1	headline	1	noise-floor/artifacts/nf/la_T1_dsc_a1_s1	5	233	0.0000	0.0515	0.1245	0.8240	1248	0.8013	2141	0.3410	0.3027	0.1420	0.0355	0.0668	0.0154	0.0042	0.0248	0.0220	0.0135	0.0093	0.0075	0.0070	0.0023	0.0061
found_transfer	ds-composition	la_T1_a1	headline	1	noise-floor/artifacts/nf/la_T1_dsc_a1_s1	6	219	0.0000	0.0320	0.1324	0.8356	1467	0.8064	2026	0.3322	0.3139	0.1254	0.0434	0.0958	0.0064	0.0094	0.0183	0.0192	0.0079	0.0138	0.0054	0.0044	0.0020	0.0025
found_transfer	ds-composition	la_T1_a1	headline	1	noise-floor/artifacts/nf/la_T1_dsc_a1_s1	7	235	0.0043	0.0298	0.1830	0.7830	1702	0.8032	2197	0.3209	0.2918	0.1443	0.0337	0.0856	0.0091	0.0077	0.0273	0.0291	0.0114	0.0082	0.0109	0.0132	0.0064	0.0005
found_transfer	ds-composition	la_T1_a1	headline	1	noise-floor/artifacts/nf/la_T1_dsc_a1_s1	8	149	0.0000	0.0134	0.2013	0.7852	1851	0.8017	1368	0.3187	0.3077	0.1374	0.0387	0.0870	0.0044	0.0037	0.0322	0.0256	0.0073	0.0095	0.0022	0.0110	0.0095	0.0051
found	ds-composition	la_frozen_a1	frozen	1	noise-floor/artifacts/nf/la_frozen_dsc_a1_s1	1	1528	0.0020	0.0785	0.3102	0.6093	1528	0.6093	11347	0.3523	0.3415	0.1282	0.0288	0.0567	0.0046	0.0048	0.0280	0.0137	0.0040	0.0171	0.0017	0.0071	0.0092	0.0023
found	ds-composition	la_frozen_a1	frozen	1	noise-floor/artifacts/nf/la_frozen_dsc_a1_s1	2	202	0.0000	0.1188	0.3713	0.5099	1730	0.5977	1537	0.3273	0.3208	0.1353	0.0358	0.0761	0.0020	0.0065	0.0215	0.0176	0.0065	0.0267	0.0026	0.0059	0.0117	0.0039
found	ds-composition	la_frozen_a1	frozen	1	noise-floor/artifacts/nf/la_frozen_dsc_a1_s1	3	133	0.0075	0.1429	0.4962	0.3534	1863	0.5802	1022	0.3072	0.2955	0.1693	0.0294	0.0793	0.0049	0.0117	0.0303	0.0254	0.0068	0.0137	0.0020	0.0137	0.0059	0.0049
found	ds-composition	la_frozen_a1	frozen	1	noise-floor/artifacts/nf/la_frozen_dsc_a1_s1	4	78	0.0000	0.0897	0.4744	0.4359	1941	0.5744	601	0.3095	0.3028	0.1647	0.0383	0.0799	0.0017	0.0067	0.0333	0.0250	0.0033	0.0166	0.0033	0.0050	0.0100	0.0000
found	ds-composition	la_frozen_a1	frozen	1	noise-floor/artifacts/nf/la_frozen_dsc_a1_s1	5	77	0.0000	0.1429	0.5325	0.3247	2018	0.5649	591	0.2944	0.2826	0.1658	0.0406	0.0897	0.0017	0.0152	0.0372	0.0186	0.0152	0.0152	0.0085	0.0051	0.0034	0.0068
found	ds-composition	la_frozen_a1	frozen	1	noise-floor/artifacts/nf/la_frozen_dsc_a1_s1	6	61	0.0164	0.1311	0.4098	0.4426	2079	0.5613	476	0.3046	0.2941	0.1639	0.0315	0.0735	0.0042	0.0168	0.0252	0.0210	0.0063	0.0231	0.0021	0.0168	0.0126	0.0042
found	ds-composition	la_frozen_a1	frozen	1	noise-floor/artifacts/nf/la_frozen_dsc_a1_s1	7	54	0.0185	0.0926	0.3704	0.5185	2133	0.5602	426	0.3216	0.3005	0.1315	0.0446	0.0657	0.0070	0.0141	0.0399	0.0094	0.0141	0.0164	0.0070	0.0094	0.0117	0.0070
found	ds-composition	la_frozen_a1	frozen	1	noise-floor/artifacts/nf/la_frozen_dsc_a1_s1	8	39	0.0000	0.1026	0.4103	0.4872	2172	0.5589	303	0.3201	0.3102	0.1551	0.0396	0.0693	0.0033	0.0198	0.0165	0.0165	0.0066	0.0165	0.0033	0.0165	0.0033	0.0033
found_transfer	ds-composition	la_frozen_a1	frozen	1	noise-floor/artifacts/nf/la_frozen_dsc_a1_s1	1	168	0.0000	0.1071	0.1786	0.7143	168	0.7143	1334	0.3486	0.3261	0.1469	0.0240	0.0622	0.0097	0.0022	0.0247	0.0135	0.0082	0.0082	0.0030	0.0045	0.0127	0.0052
found_transfer	ds-composition	la_frozen_a1	frozen	1	noise-floor/artifacts/nf/la_frozen_dsc_a1_s1	2	28	0.0000	0.1071	0.3214	0.5714	196	0.6939	225	0.3289	0.3156	0.1511	0.0400	0.0222	0.0044	0.0133	0.0356	0.0133	0.0133	0.0089	0.0044	0.0089	0.0267	0.0133
found_transfer	ds-composition	la_frozen_a1	frozen	1	noise-floor/artifacts/nf/la_frozen_dsc_a1_s1	3	18	0.0000	0.1111	0.4444	0.4444	214	0.6729	150	0.3133	0.2933	0.1733	0.0067	0.0800	0.0067	0.0000	0.0000	0.0267	0.0133	0.0067	0.0067	0.0333	0.0333	0.0067
found_transfer	ds-composition	la_frozen_a1	frozen	1	noise-floor/artifacts/nf/la_frozen_dsc_a1_s1	4	13	0.0000	0.1538	0.2308	0.6154	227	0.6696	103	0.3301	0.3107	0.1262	0.0194	0.0583	0.0097	0.0000	0.0583	0.0194	0.0194	0.0097	0.0000	0.0097	0.0097	0.0194
found_transfer	ds-composition	la_frozen_a1	frozen	1	noise-floor/artifacts/nf/la_frozen_dsc_a1_s1	5	15	0.0000	0.0667	0.4000	0.5333	242	0.6612	126	0.3254	0.3175	0.1508	0.0079	0.0635	0.0000	0.0000	0.0238	0.0238	0.0079	0.0000	0.0079	0.0317	0.0397	0.0000
found_transfer	ds-composition	la_frozen_a1	frozen	1	noise-floor/artifacts/nf/la_frozen_dsc_a1_s1	6	5	0.0000	0.2000	0.6000	0.2000	247	0.6518	41	0.2927	0.2439	0.1463	0.0000	0.0244	0.0244	0.0244	0.0488	0.0244	0.0244	0.0000	0.0000	0.0488	0.0732	0.0244
found_transfer	ds-composition	la_frozen_a1	frozen	1	noise-floor/artifacts/nf/la_frozen_dsc_a1_s1	7	7	0.0000	0.0000	0.4286	0.5714	254	0.6496	61	0.3115	0.3115	0.1967	0.0164	0.0820	0.0000	0.0000	0.0164	0.0164	0.0000	0.0000	0.0000	0.0164	0.0328	0.0000
found_transfer	ds-composition	la_frozen_a1	frozen	1	noise-floor/artifacts/nf/la_frozen_dsc_a1_s1	8	10	0.0000	0.2000	0.3000	0.5000	264	0.6439	81	0.3210	0.2840	0.1235	0.0494	0.0741	0.0123	0.0000	0.0370	0.0000	0.0247	0.0247	0.0123	0.0123	0.0123	0.0123
found	ds-generator	la_frozen_g1	frozen	0	noise-floor/artifacts/nf/la_frozen_dsg_g1_s0	1	597	0.0067	0.1541	0.7906	0.0486	597	0.0486	4333	0.2707	0.2509	0.2407	0.0413	0.0891	0.0088	0.0092	0.0300	0.0228	0.0102	0.0048	0.0023	0.0046	0.0067	0.0078
found	ds-generator	la_frozen_g1	frozen	0	noise-floor/artifacts/nf/la_frozen_dsg_g1_s0	2	123	0.0000	0.1545	0.7398	0.1057	720	0.0583	913	0.2705	0.2585	0.2169	0.0394	0.0953	0.0044	0.0066	0.0296	0.0285	0.0110	0.0077	0.0033	0.0077	0.0131	0.0077
found	ds-generator	la_frozen_g1	frozen	0	noise-floor/artifacts/nf/la_frozen_dsg_g1_s0	3	71	0.0141	0.1972	0.6761	0.1127	791	0.0632	528	0.2595	0.2481	0.2235	0.0189	0.0909	0.0038	0.0170	0.0417	0.0341	0.0095	0.0133	0.0038	0.0133	0.0170	0.0057
found	ds-generator	la_frozen_g1	frozen	0	noise-floor/artifacts/nf/la_frozen_dsg_g1_s0	4	52	0.0000	0.1538	0.7115	0.1346	843	0.0676	401	0.2768	0.2369	0.2145	0.0299	0.0623	0.0125	0.0249	0.0374	0.0324	0.0175	0.0125	0.0150	0.0100	0.0150	0.0025
found	ds-generator	la_frozen_g1	frozen	0	noise-floor/artifacts/nf/la_frozen_dsg_g1_s0	5	46	0.0000	0.0870	0.7609	0.1522	889	0.0720	345	0.2899	0.2783	0.1826	0.0319	0.0928	0.0029	0.0145	0.0319	0.0232	0.0116	0.0116	0.0058	0.0087	0.0087	0.0058
found	ds-generator	la_frozen_g1	frozen	0	noise-floor/artifacts/nf/la_frozen_dsg_g1_s0	6	23	0.0000	0.2174	0.6957	0.0870	912	0.0724	179	0.2514	0.2402	0.2458	0.0335	0.0782	0.0056	0.0503	0.0335	0.0223	0.0056	0.0112	0.0000	0.0168	0.0000	0.0056
found	ds-generator	la_frozen_g1	frozen	0	noise-floor/artifacts/nf/la_frozen_dsg_g1_s0	7	30	0.0000	0.2000	0.5333	0.2667	942	0.0786	222	0.2928	0.2793	0.1757	0.0315	0.0946	0.0045	0.0045	0.0586	0.0000	0.0090	0.0135	0.0045	0.0135	0.0135	0.0045
found	ds-generator	la_frozen_g1	frozen	0	noise-floor/artifacts/nf/la_frozen_dsg_g1_s0	8	30	0.0000	0.2333	0.4333	0.3333	972	0.0864	221	0.3032	0.2805	0.1629	0.0407	0.0814	0.0090	0.0181	0.0317	0.0045	0.0181	0.0090	0.0045	0.0136	0.0090	0.0136
found_transfer	ds-generator	la_frozen_g1	frozen	0	noise-floor/artifacts/nf/la_frozen_dsg_g1_s0	1	44	0.0000	0.3182	0.5682	0.1136	44	0.1136	332	0.2681	0.2018	0.2259	0.0241	0.0602	0.0241	0.0030	0.0331	0.0301	0.0422	0.0120	0.0181	0.0181	0.0151	0.0241
found_transfer	ds-generator	la_frozen_g1	frozen	0	noise-floor/artifacts/nf/la_frozen_dsg_g1_s0	2	9	0.0000	0.3333	0.6667	0.0000	53	0.0943	72	0.2639	0.1806	0.2639	0.0278	0.0833	0.0417	0.0000	0.0000	0.0278	0.0417	0.0000	0.0000	0.0000	0.0278	0.0417
found_transfer	ds-generator	la_frozen_g1	frozen	0	noise-floor/artifacts/nf/la_frozen_dsg_g1_s0	3	9	0.0000	0.0000	0.8889	0.1111	62	0.0968	74	0.2838	0.2838	0.1622	0.0405	0.0676	0.0000	0.0405	0.0135	0.0135	0.0135	0.0405	0.0000	0.0135	0.0135	0.0135
found_transfer	ds-generator	la_frozen_g1	frozen	0	noise-floor/artifacts/nf/la_frozen_dsg_g1_s0	4	3	0.0000	0.0000	1.0000	0.0000	65	0.0923	25	0.2400	0.2400	0.2400	0.0000	0.2000	0.0000	0.0400	0.0000	0.0400	0.0000	0.0000	0.0000	0.0000	0.0000	0.0000
found_transfer	ds-generator	la_frozen_g1	frozen	0	noise-floor/artifacts/nf/la_frozen_dsg_g1_s0	5	6	0.0000	0.0000	1.0000	0.0000	71	0.0845	47	0.2766	0.2766	0.1702	0.0426	0.0851	0.0000	0.0000	0.0426	0.0000	0.0000	0.0000	0.0000	0.0426	0.0638	0.0000
found_transfer	ds-generator	la_frozen_g1	frozen	0	noise-floor/artifacts/nf/la_frozen_dsg_g1_s0	6	3	0.0000	0.6667	0.3333	0.0000	74	0.0811	23	0.1739	0.1739	0.3043	0.0000	0.1304	0.0000	0.0435	0.0000	0.1739	0.0000	0.0000	0.0000	0.0000	0.0000	0.0000
found_transfer	ds-generator	la_frozen_g1	frozen	0	noise-floor/artifacts/nf/la_frozen_dsg_g1_s0	7	7	0.0000	0.2857	0.5714	0.1429	81	0.0864	55	0.2545	0.2182	0.2000	0.0364	0.0727	0.0182	0.0000	0.0182	0.0364	0.0364	0.0545	0.0000	0.0182	0.0000	0.0364
found_transfer	ds-generator	la_frozen_g1	frozen	0	noise-floor/artifacts/nf/la_frozen_dsg_g1_s0	8	3	0.0000	0.0000	0.6667	0.3333	84	0.0952	26	0.2692	0.2692	0.1923	0.0385	0.1154	0.0000	0.0000	0.0385	0.0385	0.0000	0.0385	0.0000	0.0000	0.0000	0.0000
found	noise-floor	la_frozen_p1	frozen	0	noise-floor/artifacts/nf/la_frozen_p1_s0	1	937	0.0043	0.1430	0.6094	0.2433	937	0.2433	6865	0.3039	0.2902	0.1876	0.0351	0.0795	0.0055	0.0111	0.0302	0.0162	0.0080	0.0071	0.0026	0.0098	0.0079	0.0054
found	noise-floor	la_frozen_p1	frozen	0	noise-floor/artifacts/nf/la_frozen_p1_s0	2	219	0.0000	0.1187	0.4977	0.3836	1156	0.2699	1634	0.3127	0.3060	0.1585	0.0324	0.0765	0.0012	0.0073	0.0361	0.0208	0.0104	0.0122	0.0043	0.0086	0.0067	0.0061
found	noise-floor	la_frozen_p1	frozen	0	noise-floor/artifacts/nf/la_frozen_p1_s0	3	116	0.0000	0.1207	0.4914	0.3879	1272	0.2807	873	0.3139	0.3013	0.1569	0.0389	0.0573	0.0034	0.0103	0.0355	0.0263	0.0115	0.0115	0.0057	0.0126	0.0092	0.0057
found	noise-floor	la_frozen_p1	frozen	0	noise-floor/artifacts/nf/la_frozen_p1_s0	4	84	0.0000	0.2024	0.4048	0.3929	1356	0.2876	634	0.3060	0.2965	0.1625	0.0363	0.0773	0.0032	0.0079	0.0284	0.0221	0.0095	0.0221	0.0032	0.0079	0.0110	0.0063
found	noise-floor	la_frozen_p1	frozen	0	noise-floor/artifacts/nf/la_frozen_p1_s0	5	82	0.0000	0.0854	0.4146	0.5000	1438	0.2997	622	0.3296	0.3135	0.1399	0.0370	0.0675	0.0064	0.0145	0.0225	0.0080	0.0129	0.0177	0.0032	0.0096	0.0080	0.0096
found	noise-floor	la_frozen_p1	frozen	0	noise-floor/artifacts/nf/la_frozen_p1_s0	6	58	0.0000	0.1724	0.4138	0.4138	1496	0.3041	451	0.3082	0.2882	0.1663	0.0333	0.0687	0.0089	0.0177	0.0355	0.0244	0.0089	0.0177	0.0022	0.0089	0.0044	0.0067
found	noise-floor	la_frozen_p1	frozen	0	noise-floor/artifacts/nf/la_frozen_p1_s0	7	69	0.0000	0.1449	0.5072	0.3478	1565	0.3061	536	0.3060	0.2892	0.1623	0.0410	0.0597	0.0075	0.0093	0.0578	0.0187	0.0075	0.0149	0.0019	0.0075	0.0112	0.0056
found	noise-floor	la_frozen_p1	frozen	0	noise-floor/artifacts/nf/la_frozen_p1_s0	8	50	0.0000	0.1400	0.5200	0.3400	1615	0.3071	390	0.2974	0.2846	0.1744	0.0231	0.0718	0.0026	0.0256	0.0308	0.0256	0.0154	0.0179	0.0077	0.0128	0.0026	0.0077
found_transfer	noise-floor	la_frozen_p1	frozen	0	noise-floor/artifacts/nf/la_frozen_p1_s0	1	78	0.0000	0.1795	0.4872	0.3333	78	0.3333	608	0.2961	0.2747	0.1875	0.0296	0.0493	0.0066	0.0000	0.0428	0.0296	0.0197	0.0033	0.0082	0.0197	0.0214	0.0115
found_transfer	noise-floor	la_frozen_p1	frozen	0	noise-floor/artifacts/nf/la_frozen_p1_s0	2	30	0.0000	0.2000	0.3667	0.4333	108	0.3611	235	0.3277	0.2894	0.1574	0.0383	0.0596	0.0170	0.0043	0.0340	0.0085	0.0170	0.0128	0.0043	0.0085	0.0085	0.0128
found_transfer	noise-floor	la_frozen_p1	frozen	0	noise-floor/artifacts/nf/la_frozen_p1_s0	3	16	0.0000	0.2500	0.5000	0.2500	124	0.3468	123	0.2683	0.2358	0.1626	0.0244	0.0813	0.0081	0.0081	0.0650	0.0407	0.0244	0.0163	0.0163	0.0163	0.0244	0.0081
found_transfer	noise-floor	la_frozen_p1	frozen	0	noise-floor/artifacts/nf/la_frozen_p1_s0	4	10	0.0000	0.2000	0.3000	0.5000	134	0.3582	79	0.3038	0.3038	0.1772	0.0127	0.0380	0.0000	0.0000	0.0633	0.0380	0.0127	0.0127	0.0000	0.0127	0.0127	0.0127
found_transfer	noise-floor	la_frozen_p1	frozen	0	noise-floor/artifacts/nf/la_frozen_p1_s0	5	9	0.0000	0.0000	0.4444	0.5556	143	0.3706	74	0.3378	0.3378	0.1216	0.0811	0.0135	0.0000	0.0135	0.0405	0.0000	0.0135	0.0135	0.0000	0.0000	0.0135	0.0135
found_transfer	noise-floor	la_frozen_p1	frozen	0	noise-floor/artifacts/nf/la_frozen_p1_s0	6	10	0.0000	0.1000	0.6000	0.3000	153	0.3660	83	0.3253	0.2892	0.1566	0.0120	0.1084	0.0120	0.0000	0.0120	0.0120	0.0120	0.0361	0.0120	0.0000	0.0120	0.0000
found_transfer	noise-floor	la_frozen_p1	frozen	0	noise-floor/artifacts/nf/la_frozen_p1_s0	7	7	0.0000	0.1429	0.4286	0.4286	160	0.3688	55	0.3455	0.2727	0.1818	0.0182	0.0182	0.0364	0.0000	0.0727	0.0000	0.0182	0.0182	0.0000	0.0000	0.0000	0.0182
found_transfer	noise-floor	la_frozen_p1	frozen	0	noise-floor/artifacts/nf/la_frozen_p1_s0	8	11	0.0000	0.0000	0.3636	0.6364	171	0.3860	91	0.3297	0.3187	0.1648	0.0110	0.0769	0.0000	0.0000	0.0220	0.0110	0.0110	0.0110	0.0110	0.0110	0.0220	0.0000
found	noise-floor	la_frozen_p1	frozen	1	noise-floor/artifacts/nf/la_frozen_p1_s1	1	1714	0.0018	0.0484	0.2614	0.6884	1714	0.6884	12869	0.3592	0.3524	0.1193	0.0264	0.0532	0.0020	0.0005	0.0282	0.0137	0.0051	0.0197	0.0028	0.0075	0.0076	0.0023
found	noise-floor	la_frozen_p1	frozen	1	noise-floor/artifacts/nf/la_frozen_p1_s1	2	199	0.0050	0.1357	0.3467	0.5126	1913	0.6702	1539	0.3203	0.3119	0.1540	0.0338	0.0695	0.0026	0.0039	0.0279	0.0188	0.0143	0.0130	0.0032	0.0078	0.0078	0.0110
found	noise-floor	la_frozen_p1	frozen	1	noise-floor/artifacts/nf/la_frozen_p1_s1	3	139	0.0000	0.1007	0.3741	0.5252	2052	0.6603	1099	0.3221	0.3085	0.1583	0.0264	0.0673	0.0045	0.0009	0.0364	0.0209	0.0127	0.0146	0.0045	0.0073	0.0073	0.0082
found	noise-floor	la_frozen_p1	frozen	1	noise-floor/artifacts/nf/la_frozen_p1_s1	4	100	0.0000	0.0800	0.3500	0.5700	2152	0.6561	797	0.3275	0.3112	0.1506	0.0301	0.0740	0.0063	0.0038	0.0263	0.0201	0.0075	0.0088	0.0038	0.0138	0.0125	0.0038
found	noise-floor	la_frozen_p1	frozen	1	noise-floor/artifacts/nf/la_frozen_p1_s1	5	63	0.0000	0.1587	0.4444	0.3968	2215	0.6488	489	0.3170	0.2945	0.1636	0.0368	0.0838	0.0082	0.0061	0.0184	0.0143	0.0123	0.0143	0.0061	0.0102	0.0082	0.0061
found	noise-floor	la_frozen_p1	frozen	1	noise-floor/artifacts/nf/la_frozen_p1_s1	6	60	0.0000	0.1000	0.4667	0.4333	2275	0.6431	471	0.3121	0.2951	0.1614	0.0361	0.0743	0.0064	0.0021	0.0318	0.0212	0.0149	0.0127	0.0042	0.0127	0.0042	0.0106
found	noise-floor	la_frozen_p1	frozen	1	noise-floor/artifacts/nf/la_frozen_p1_s1	7	69	0.0000	0.1449	0.4783	0.3768	2344	0.6352	538	0.3030	0.2937	0.1710	0.0335	0.0799	0.0037	0.0037	0.0260	0.0279	0.0130	0.0186	0.0019	0.0130	0.0000	0.0112
found	noise-floor	la_frozen_p1	frozen	1	noise-floor/artifacts/nf/la_frozen_p1_s1	8	46	0.0217	0.1087	0.3913	0.4783	2390	0.6322	367	0.3025	0.3025	0.1717	0.0409	0.0599	0.0000	0.0054	0.0327	0.0245	0.0054	0.0245	0.0000	0.0191	0.0054	0.0054
found_transfer	noise-floor	la_frozen_p1	frozen	1	noise-floor/artifacts/nf/la_frozen_p1_s1	1	238	0.0000	0.0294	0.1681	0.8025	238	0.8025	1952	0.3473	0.3438	0.1434	0.0292	0.0548	0.0010	0.0005	0.0261	0.0149	0.0026	0.0138	0.0015	0.0097	0.0102	0.0010
found_transfer	noise-floor	la_frozen_p1	frozen	1	noise-floor/artifacts/nf/la_frozen_p1_s1	2	47	0.0000	0.1277	0.2340	0.6383	285	0.7754	381	0.3123	0.3097	0.1890	0.0210	0.0787	0.0000	0.0026	0.0341	0.0210	0.0052	0.0052	0.0026	0.0052	0.0105	0.0026
found_transfer	noise-floor	la_frozen_p1	frozen	1	noise-floor/artifacts/nf/la_frozen_p1_s1	3	29	0.0000	0.0690	0.3103	0.6207	314	0.7611	243	0.3128	0.3045	0.1728	0.0123	0.0658	0.0041	0.0000	0.0535	0.0206	0.0041	0.0206	0.0000	0.0165	0.0082	0.0041
found_transfer	noise-floor	la_frozen_p1	frozen	1	noise-floor/artifacts/nf/la_frozen_p1_s1	4	20	0.0000	0.0000	0.1000	0.9000	334	0.7695	169	0.3491	0.3373	0.1183	0.0355	0.0651	0.0059	0.0000	0.0414	0.0118	0.0000	0.0237	0.0000	0.0000	0.0118	0.0000
found_transfer	noise-floor	la_frozen_p1	frozen	1	noise-floor/artifacts/nf/la_frozen_p1_s1	5	15	0.0000	0.0667	0.4000	0.5333	349	0.7593	126	0.3254	0.3095	0.1508	0.0317	0.0714	0.0079	0.0000	0.0238	0.0238	0.0079	0.0159	0.0000	0.0159	0.0079	0.0079
found_transfer	noise-floor	la_frozen_p1	frozen	1	noise-floor/artifacts/nf/la_frozen_p1_s1	6	12	0.0000	0.0000	0.1667	0.8333	361	0.7618	105	0.3238	0.3143	0.1714	0.0476	0.0286	0.0000	0.0000	0.0095	0.0381	0.0190	0.0190	0.0095	0.0095	0.0000	0.0095
found_transfer	noise-floor	la_frozen_p1	frozen	1	noise-floor/artifacts/nf/la_frozen_p1_s1	7	11	0.0000	0.0909	0.2727	0.6364	372	0.7581	94	0.3298	0.3085	0.1383	0.0638	0.0638	0.0106	0.0000	0.0106	0.0000	0.0106	0.0426	0.0000	0.0000	0.0106	0.0106
found_transfer	noise-floor	la_frozen_p1	frozen	1	noise-floor/artifacts/nf/la_frozen_p1_s1	8	12	0.0000	0.0833	0.3333	0.5833	384	0.7526	102	0.3137	0.3137	0.1667	0.0196	0.0980	0.0000	0.0098	0.0294	0.0392	0.0000	0.0098	0.0000	0.0000	0.0000	0.0000
found	noise-floor	la_frozen_p2	frozen	0	noise-floor/artifacts/nf/la_frozen_p2_s0	1	1584	0.0032	0.0890	0.3188	0.5890	1584	0.5890	11718	0.3489	0.3356	0.1333	0.0277	0.0579	0.0044	0.0049	0.0253	0.0136	0.0078	0.0158	0.0044	0.0084	0.0089	0.0033
found	noise-floor	la_frozen_p2	frozen	0	noise-floor/artifacts/nf/la_frozen_p2_s0	2	219	0.0000	0.1324	0.3790	0.4886	1803	0.5768	1692	0.3180	0.3073	0.1661	0.0266	0.0727	0.0041	0.0089	0.0331	0.0213	0.0059	0.0112	0.0024	0.0106	0.0083	0.0035
found	noise-floor	la_frozen_p2	frozen	0	noise-floor/artifacts/nf/la_frozen_p2_s0	3	120	0.0000	0.0750	0.4917	0.4333	1923	0.5679	923	0.3239	0.3023	0.1484	0.0238	0.0758	0.0098	0.0108	0.0249	0.0195	0.0130	0.0206	0.0022	0.0065	0.0087	0.0098
found	noise-floor	la_frozen_p2	frozen	0	noise-floor/artifacts/nf/la_frozen_p2_s0	4	88	0.0000	0.0909	0.4659	0.4432	2011	0.5624	685	0.3168	0.3066	0.1460	0.0234	0.0715	0.0044	0.0175	0.0321	0.0248	0.0058	0.0263	0.0015	0.0102	0.0088	0.0044
found	noise-floor	la_frozen_p2	frozen	0	noise-floor/artifacts/nf/la_frozen_p2_s0	5	55	0.0000	0.0727	0.4727	0.4545	2066	0.5595	439	0.3121	0.2984	0.1663	0.0273	0.0615	0.0023	0.0114	0.0273	0.0251	0.0159	0.0205	0.0091	0.0137	0.0023	0.0068
found	noise-floor	la_frozen_p2	frozen	0	noise-floor/artifacts/nf/la_frozen_p2_s0	6	67	0.0000	0.1642	0.3731	0.4627	2133	0.5565	524	0.3130	0.3073	0.1489	0.0401	0.0725	0.0000	0.0153	0.0229	0.0229	0.0134	0.0191	0.0057	0.0076	0.0038	0.0076
found	noise-floor	la_frozen_p2	frozen	0	noise-floor/artifacts/nf/la_frozen_p2_s0	7	44	0.0000	0.2727	0.3636	0.3636	2177	0.5526	340	0.2794	0.2735	0.1971	0.0324	0.1176	0.0000	0.0147	0.0324	0.0176	0.0088	0.0118	0.0059	0.0059	0.0000	0.0029
found	noise-floor	la_frozen_p2	frozen	0	noise-floor/artifacts/nf/la_frozen_p2_s0	8	34	0.0000	0.1176	0.4706	0.4118	2211	0.5504	261	0.3257	0.2912	0.1456	0.0268	0.0728	0.0115	0.0192	0.0307	0.0230	0.0115	0.0192	0.0115	0.0077	0.0038	0.0000
found_transfer	noise-floor	la_frozen_p2	frozen	0	noise-floor/artifacts/nf/la_frozen_p2_s0	1	158	0.0000	0.0759	0.1709	0.7532	158	0.7532	1272	0.3436	0.3223	0.1596	0.0252	0.0574	0.0071	0.0000	0.0220	0.0149	0.0102	0.0086	0.0071	0.0063	0.0126	0.0031
found_transfer	noise-floor	la_frozen_p2	frozen	0	noise-floor/artifacts/nf/la_frozen_p2_s0	2	27	0.0000	0.0000	0.2963	0.7037	185	0.7459	224	0.3482	0.3304	0.1607	0.0268	0.0491	0.0089	0.0000	0.0134	0.0134	0.0045	0.0089	0.0000	0.0134	0.0179	0.0045
found_transfer	noise-floor	la_frozen_p2	frozen	0	noise-floor/artifacts/nf/la_frozen_p2_s0	3	20	0.0000	0.1500	0.3000	0.5500	205	0.7268	167	0.3054	0.2934	0.2096	0.0180	0.0778	0.0060	0.0000	0.0180	0.0359	0.0060	0.0000	0.0000	0.0120	0.0120	0.0060
found_transfer	noise-floor	la_frozen_p2	frozen	0	noise-floor/artifacts/nf/la_frozen_p2_s0	4	12	0.0000	0.0000	0.2500	0.7500	217	0.7281	102	0.3235	0.3235	0.1863	0.0098	0.0980	0.0000	0.0098	0.0098	0.0000	0.0000	0.0000	0.0000	0.0294	0.0098	0.0000
found_transfer	noise-floor	la_frozen_p2	frozen	0	noise-floor/artifacts/nf/la_frozen_p2_s0	5	13	0.0000	0.2308	0.3077	0.4615	230	0.7130	105	0.3143	0.2571	0.2095	0.0286	0.0857	0.0286	0.0000	0.0190	0.0095	0.0095	0.0095	0.0000	0.0000	0.0190	0.0095
found_transfer	noise-floor	la_frozen_p2	frozen	0	noise-floor/artifacts/nf/la_frozen_p2_s0	6	13	0.0000	0.1538	0.3846	0.4615	243	0.6996	109	0.2844	0.2661	0.2110	0.0000	0.0917	0.0092	0.0000	0.0183	0.0367	0.0092	0.0092	0.0000	0.0183	0.0367	0.0092
found_transfer	noise-floor	la_frozen_p2	frozen	0	noise-floor/artifacts/nf/la_frozen_p2_s0	7	4	0.0000	0.0000	0.0000	1.0000	247	0.7045	34	0.3824	0.3235	0.1176	0.0000	0.1176	0.0294	0.0000	0.0000	0.0294	0.0000	0.0000	0.0000	0.0000	0.0000	0.0000
found_transfer	noise-floor	la_frozen_p2	frozen	0	noise-floor/artifacts/nf/la_frozen_p2_s0	8	7	0.0000	0.2857	0.1429	0.5714	254	0.7008	55	0.3273	0.2909	0.1273	0.0364	0.0364	0.0182	0.0000	0.0727	0.0000	0.0182	0.0182	0.0000	0.0000	0.0364	0.0182
found	noise-floor	la_frozen_p2	frozen	1	noise-floor/artifacts/nf/la_frozen_p2_s1	1	846	0.0047	0.1608	0.7518	0.0827	846	0.0827	6276	0.2777	0.2631	0.2248	0.0338	0.0870	0.0051	0.0086	0.0335	0.0247	0.0104	0.0053	0.0045	0.0061	0.0097	0.0059
found	noise-floor	la_frozen_p2	frozen	1	noise-floor/artifacts/nf/la_frozen_p2_s1	2	161	0.0062	0.2298	0.6087	0.1553	1007	0.0943	1220	0.2721	0.2574	0.2074	0.0361	0.0754	0.0041	0.0156	0.0311	0.0369	0.0164	0.0041	0.0066	0.0123	0.0148	0.0098
found	noise-floor	la_frozen_p2	frozen	1	noise-floor/artifacts/nf/la_frozen_p2_s1	3	111	0.0000	0.1982	0.5676	0.2342	1118	0.1082	851	0.2926	0.2820	0.1833	0.0317	0.0975	0.0035	0.0106	0.0282	0.0329	0.0059	0.0035	0.0035	0.0129	0.0094	0.0024
found	noise-floor	la_frozen_p2	frozen	1	noise-floor/artifacts/nf/la_frozen_p2_s1	4	60	0.0000	0.2333	0.5667	0.2000	1178	0.1129	455	0.2857	0.2725	0.1868	0.0462	0.0923	0.0066	0.0176	0.0308	0.0176	0.0044	0.0044	0.0000	0.0110	0.0198	0.0044
found	noise-floor	la_frozen_p2	frozen	1	noise-floor/artifacts/nf/la_frozen_p2_s1	5	60	0.0000	0.1333	0.6167	0.2500	1238	0.1195	458	0.2904	0.2707	0.1725	0.0459	0.0830	0.0044	0.0066	0.0415	0.0197	0.0131	0.0066	0.0109	0.0109	0.0218	0.0022
found	noise-floor	la_frozen_p2	frozen	1	noise-floor/artifacts/nf/la_frozen_p2_s1	6	52	0.0000	0.1538	0.6538	0.1923	1290	0.1225	406	0.2882	0.2783	0.1798	0.0369	0.0936	0.0025	0.0123	0.0345	0.0246	0.0123	0.0123	0.0049	0.0049	0.0074	0.0074
found	noise-floor	la_frozen_p2	frozen	1	noise-floor/artifacts/nf/la_frozen_p2_s1	7	50	0.0000	0.1400	0.6800	0.1800	1340	0.1246	385	0.2961	0.2753	0.1896	0.0416	0.0701	0.0078	0.0104	0.0390	0.0130	0.0078	0.0130	0.0052	0.0130	0.0156	0.0026
found	noise-floor	la_frozen_p2	frozen	1	noise-floor/artifacts/nf/la_frozen_p2_s1	8	32	0.0000	0.1875	0.6250	0.1875	1372	0.1261	242	0.2934	0.2686	0.1694	0.0331	0.1074	0.0083	0.0041	0.0248	0.0207	0.0165	0.0165	0.0083	0.0124	0.0083	0.0083
found_transfer	noise-floor	la_frozen_p2	frozen	1	noise-floor/artifacts/nf/la_frozen_p2_s1	1	73	0.0000	0.1507	0.7397	0.1096	73	0.1096	594	0.2626	0.2559	0.2407	0.0303	0.0976	0.0000	0.0051	0.0303	0.0370	0.0101	0.0051	0.0067	0.0067	0.0084	0.0034
found_transfer	noise-floor	la_frozen_p2	frozen	1	noise-floor/artifacts/nf/la_frozen_p2_s1	2	25	0.0000	0.1200	0.6800	0.2000	98	0.1327	207	0.2995	0.2850	0.1836	0.0145	0.0725	0.0048	0.0145	0.0386	0.0242	0.0048	0.0193	0.0048	0.0097	0.0242	0.0000
found_transfer	noise-floor	la_frozen_p2	frozen	1	noise-floor/artifacts/nf/la_frozen_p2_s1	3	14	0.0714	0.1429	0.5714	0.2143	112	0.1429	112	0.2768	0.2768	0.1518	0.0179	0.0893	0.0000	0.0089	0.0625	0.0089	0.0179	0.0179	0.0000	0.0268	0.0268	0.0179
found_transfer	noise-floor	la_frozen_p2	frozen	1	noise-floor/artifacts/nf/la_frozen_p2_s1	4	2	0.0000	0.0000	0.5000	0.5000	114	0.1491	17	0.3529	0.3529	0.1176	0.0000	0.0588	0.0000	0.0000	0.0000	0.0000	0.0000	0.0000	0.0000	0.0588	0.0588	0.0000
found_transfer	noise-floor	la_frozen_p2	frozen	1	noise-floor/artifacts/nf/la_frozen_p2_s1	5	12	0.0000	0.2500	0.5833	0.1667	126	0.1508	92	0.3043	0.2500	0.1630	0.0109	0.0543	0.0217	0.0109	0.0326	0.0326	0.0326	0.0109	0.0109	0.0217	0.0217	0.0217
found_transfer	noise-floor	la_frozen_p2	frozen	1	noise-floor/artifacts/nf/la_frozen_p2_s1	6	8	0.0000	0.0000	0.8750	0.1250	134	0.1493	66	0.2576	0.2576	0.2121	0.0000	0.1061	0.0000	0.0303	0.1061	0.0000	0.0000	0.0303	0.0000	0.0000	0.0000	0.0000
found_transfer	noise-floor	la_frozen_p2	frozen	1	noise-floor/artifacts/nf/la_frozen_p2_s1	7	6	0.0000	0.1667	0.1667	0.6667	140	0.1714	51	0.3333	0.2941	0.1765	0.0196	0.0784	0.0196	0.0000	0.0196	0.0000	0.0196	0.0000	0.0000	0.0000	0.0196	0.0196
found_transfer	noise-floor	la_frozen_p2	frozen	1	noise-floor/artifacts/nf/la_frozen_p2_s1	8	5	0.0000	0.2000	0.6000	0.2000	145	0.1724	41	0.2683	0.2683	0.1707	0.0488	0.0488	0.0000	0.0244	0.0244	0.0488	0.0000	0.0244	0.0000	0.0000	0.0732	0.0000
found	noise-floor	la_frozen_p3	frozen	0	noise-floor/artifacts/nf/la_frozen_p3_s0	1	585	0.0034	0.1795	0.7214	0.0957	585	0.0957	4301	0.2813	0.2655	0.2241	0.0342	0.0972	0.0058	0.0049	0.0279	0.0233	0.0088	0.0047	0.0042	0.0072	0.0063	0.0047
found	noise-floor	la_frozen_p3	frozen	0	noise-floor/artifacts/nf/la_frozen_p3_s0	2	135	0.0074	0.1852	0.5778	0.2296	720	0.1208	1027	0.2980	0.2726	0.1879	0.0243	0.0993	0.0078	0.0058	0.0234	0.0273	0.0156	0.0058	0.0097	0.0097	0.0068	0.0058
found	noise-floor	la_frozen_p3	frozen	0	noise-floor/artifacts/nf/la_frozen_p3_s0	3	97	0.0000	0.0825	0.5567	0.3608	817	0.1493	738	0.3279	0.2967	0.1518	0.0285	0.0759	0.0122	0.0095	0.0312	0.0190	0.0081	0.0041	0.0068	0.0163	0.0108	0.0014
found	noise-floor	la_frozen_p3	frozen	0	noise-floor/artifacts/nf/la_frozen_p3_s0	4	71	0.0000	0.1408	0.5915	0.2676	888	0.1588	533	0.3002	0.2871	0.1726	0.0375	0.0919	0.0056	0.0000	0.0300	0.0169	0.0056	0.0131	0.0019	0.0056	0.0281	0.0038
found	noise-floor	la_frozen_p3	frozen	0	noise-floor/artifacts/nf/la_frozen_p3_s0	5	52	0.0192	0.1731	0.4808	0.3269	940	0.1681	396	0.2904	0.2727	0.1869	0.0404	0.0783	0.0051	0.0051	0.0303	0.0404	0.0076	0.0101	0.0076	0.0076	0.0177	0.0000
found	noise-floor	la_frozen_p3	frozen	0	noise-floor/artifacts/nf/la_frozen_p3_s0	6	39	0.0000	0.1538	0.5385	0.3077	979	0.1736	299	0.2977	0.2910	0.1806	0.0435	0.0803	0.0033	0.0100	0.0301	0.0268	0.0000	0.0100	0.0000	0.0167	0.0100	0.0000
found	noise-floor	la_frozen_p3	frozen	0	noise-floor/artifacts/nf/la_frozen_p3_s0	7	45	0.0000	0.1778	0.5556	0.2667	1024	0.1777	342	0.2895	0.2807	0.1813	0.0409	0.1023	0.0029	0.0058	0.0263	0.0058	0.0175	0.0088	0.0029	0.0058	0.0146	0.0146
found	noise-floor	la_frozen_p3	frozen	0	noise-floor/artifacts/nf/la_frozen_p3_s0	8	34	0.0000	0.0882	0.5294	0.3824	1058	0.1843	258	0.3101	0.3101	0.1589	0.0349	0.0969	0.0000	0.0078	0.0194	0.0271	0.0000	0.0116	0.0000	0.0155	0.0078	0.0000
found_transfer	noise-floor	la_frozen_p3	frozen	0	noise-floor/artifacts/nf/la_frozen_p3_s0	1	44	0.0000	0.0909	0.7500	0.1591	44	0.1591	349	0.2837	0.2779	0.2120	0.0258	0.0659	0.0000	0.0057	0.0458	0.0315	0.0057	0.0115	0.0057	0.0201	0.0086	0.0000
found_transfer	noise-floor	la_frozen_p3	frozen	0	noise-floor/artifacts/nf/la_frozen_p3_s0	2	13	0.0000	0.3077	0.3846	0.3077	57	0.1930	105	0.2857	0.2571	0.1810	0.0095	0.0952	0.0095	0.0190	0.0286	0.0190	0.0190	0.0095	0.0095	0.0381	0.0095	0.0095
found_transfer	noise-floor	la_frozen_p3	frozen	0	noise-floor/artifacts/nf/la_frozen_p3_s0	3	13	0.0000	0.2308	0.5385	0.2308	70	0.2000	99	0.3030	0.2828	0.1616	0.0000	0.1010	0.0101	0.0000	0.0404	0.0404	0.0101	0.0101	0.0000	0.0101	0.0202	0.0101
found_transfer	noise-floor	la_frozen_p3	frozen	0	noise-floor/artifacts/nf/la_frozen_p3_s0	4	5	0.0000	0.0000	0.6000	0.4000	75	0.2133	42	0.3333	0.3333	0.1667	0.0714	0.0714	0.0000	0.0000	0.0000	0.0238	0.0000	0.0000	0.0000	0.0000	0.0000	0.0000
found_transfer	noise-floor	la_frozen_p3	frozen	0	noise-floor/artifacts/nf/la_frozen_p3_s0	5	5	0.0000	0.2000	0.4000	0.4000	80	0.2250	41	0.2927	0.2927	0.2195	0.0244	0.0244	0.0000	0.0244	0.0000	0.0488	0.0000	0.0000	0.0000	0.0244	0.0488	0.0000
found_transfer	noise-floor	la_frozen_p3	frozen	0	noise-floor/artifacts/nf/la_frozen_p3_s0	6	6	0.0000	0.3333	0.3333	0.3333	86	0.2326	50	0.2800	0.2200	0.2000	0.0400	0.0600	0.0200	0.0000	0.0400	0.0600	0.0400	0.0000	0.0200	0.0000	0.0000	0.0200
found_transfer	noise-floor	la_frozen_p3	frozen	0	noise-floor/artifacts/nf/la_frozen_p3_s0	7	3	0.0000	0.6667	0.3333	0.0000	89	0.2247	23	0.3043	0.1304	0.2609	0.0000	0.0435	0.0870	0.0000	0.0000	0.0000	0.0870	0.0000	0.0000	0.0000	0.0000	0.0870
found_transfer	noise-floor	la_frozen_p3	frozen	0	noise-floor/artifacts/nf/la_frozen_p3_s0	8	2	0.0000	0.5000	0.0000	0.5000	91	0.2308	17	0.2353	0.2353	0.2941	0.0000	0.1176	0.0000	0.0000	0.0000	0.0000	0.0588	0.0000	0.0000	0.0000	0.0000	0.0588
found	noise-floor	la_frozen_p3	frozen	1	noise-floor/artifacts/nf/la_frozen_p3_s1	1	964	0.0031	0.1266	0.5010	0.3693	964	0.3693	7123	0.3191	0.3037	0.1751	0.0309	0.0636	0.0052	0.0041	0.0333	0.0190	0.0093	0.0094	0.0051	0.0083	0.0100	0.0042
found	noise-floor	la_frozen_p3	frozen	1	noise-floor/artifacts/nf/la_frozen_p3_s1	2	246	0.0000	0.0976	0.2886	0.6138	1210	0.4190	1854	0.3479	0.3371	0.1278	0.0254	0.0523	0.0038	0.0059	0.0302	0.0189	0.0059	0.0189	0.0032	0.0086	0.0113	0.0027
found	noise-floor	la_frozen_p3	frozen	1	noise-floor/artifacts/nf/la_frozen_p3_s1	3	141	0.0000	0.0993	0.3688	0.5319	1351	0.4308	1068	0.3361	0.3249	0.1348	0.0318	0.0562	0.0028	0.0037	0.0384	0.0197	0.0066	0.0215	0.0056	0.0103	0.0066	0.0009
found	noise-floor	la_frozen_p3	frozen	1	noise-floor/artifacts/nf/la_frozen_p3_s1	4	110	0.0000	0.1273	0.4182	0.4545	1461	0.4326	839	0.3242	0.3182	0.1549	0.0203	0.0751	0.0012	0.0072	0.0334	0.0203	0.0072	0.0131	0.0036	0.0107	0.0072	0.0036
found	noise-floor	la_frozen_p3	frozen	1	noise-floor/artifacts/nf/la_frozen_p3_s1	5	60	0.0000	0.1000	0.4500	0.4500	1521	0.4333	468	0.3184	0.3162	0.1603	0.0278	0.0769	0.0000	0.0021	0.0342	0.0321	0.0043	0.0150	0.0021	0.0064	0.0021	0.0021
found	noise-floor	la_frozen_p3	frozen	1	noise-floor/artifacts/nf/la_frozen_p3_s1	6	78	0.0000	0.1026	0.3462	0.5513	1599	0.4390	595	0.3328	0.3210	0.1395	0.0336	0.0689	0.0050	0.0067	0.0269	0.0218	0.0050	0.0185	0.0017	0.0067	0.0084	0.0034
found	noise-floor	la_frozen_p3	frozen	1	noise-floor/artifacts/nf/la_frozen_p3_s1	7	52	0.0000	0.0769	0.3462	0.5769	1651	0.4434	400	0.3375	0.3375	0.1475	0.0425	0.0600	0.0000	0.0025	0.0150	0.0125	0.0050	0.0100	0.0000	0.0150	0.0100	0.0050
found	noise-floor	la_frozen_p3	frozen	1	noise-floor/artifacts/nf/la_frozen_p3_s1	8	50	0.0000	0.0600	0.3800	0.5600	1701	0.4468	373	0.3485	0.3351	0.1260	0.0349	0.0429	0.0054	0.0107	0.0295	0.0161	0.0054	0.0161	0.0027	0.0161	0.0080	0.0027
found_transfer	noise-floor	la_frozen_p3	frozen	1	noise-floor/artifacts/nf/la_frozen_p3_s1	1	93	0.0000	0.1075	0.3441	0.5484	93	0.5484	755	0.3272	0.3099	0.1775	0.0238	0.0662	0.0040	0.0000	0.0265	0.0159	0.0119	0.0079	0.0093	0.0066	0.0106	0.0026
found_transfer	noise-floor	la_frozen_p3	frozen	1	noise-floor/artifacts/nf/la_frozen_p3_s1	2	29	0.0000	0.0000	0.4138	0.5862	122	0.5574	242	0.3264	0.3182	0.1818	0.0248	0.0496	0.0041	0.0000	0.0413	0.0289	0.0000	0.0041	0.0000	0.0041	0.0165	0.0000
found_transfer	noise-floor	la_frozen_p3	frozen	1	noise-floor/artifacts/nf/la_frozen_p3_s1	3	29	0.0000	0.0690	0.2759	0.6552	151	0.5762	236	0.3305	0.3220	0.1525	0.0212	0.0593	0.0000	0.0000	0.0339	0.0169	0.0085	0.0254	0.0085	0.0085	0.0127	0.0000
found_transfer	noise-floor	la_frozen_p3	frozen	1	noise-floor/artifacts/nf/la_frozen_p3_s1	4	10	0.0000	0.3000	0.3000	0.4000	161	0.5652	82	0.3049	0.2805	0.2073	0.0000	0.1098	0.0122	0.0000	0.0244	0.0366	0.0000	0.0122	0.0000	0.0122	0.0000	0.0000
found_transfer	noise-floor	la_frozen_p3	frozen	1	noise-floor/artifacts/nf/la_frozen_p3_s1	5	15	0.0000	0.0000	0.2667	0.7333	176	0.5795	127	0.3307	0.3307	0.1811	0.0236	0.0866	0.0000	0.0079	0.0000	0.0236	0.0000	0.0000	0.0000	0.0000	0.0157	0.0000
found_transfer	noise-floor	la_frozen_p3	frozen	1	noise-floor/artifacts/nf/la_frozen_p3_s1	6	13	0.0000	0.1538	0.2308	0.6154	189	0.5820	112	0.3036	0.3036	0.1964	0.0089	0.0536	0.0000	0.0000	0.0714	0.0536	0.0000	0.0089	0.0000	0.0000	0.0000	0.0000
found_transfer	noise-floor	la_frozen_p3	frozen	1	noise-floor/artifacts/nf/la_frozen_p3_s1	7	15	0.0000	0.0667	0.2667	0.6667	204	0.5882	128	0.3281	0.3281	0.1562	0.0078	0.0547	0.0000	0.0000	0.0234	0.0469	0.0078	0.0000	0.0000	0.0156	0.0234	0.0078
found_transfer	noise-floor	la_frozen_p3	frozen	1	noise-floor/artifacts/nf/la_frozen_p3_s1	8	8	0.0000	0.2500	0.0000	0.7500	212	0.5943	68	0.3235	0.2647	0.2059	0.0441	0.0147	0.0294	0.0000	0.0147	0.0294	0.0294	0.0000	0.0000	0.0147	0.0000	0.0294
found	noise-floor	la_frozen_p4	frozen	0	noise-floor/artifacts/nf/la_frozen_p4_s0	1	1034	0.0029	0.1248	0.6083	0.2640	1034	0.2640	7638	0.3070	0.2921	0.1839	0.0306	0.0727	0.0048	0.0109	0.0281	0.0219	0.0089	0.0086	0.0052	0.0107	0.0107	0.0037
found	noise-floor	la_frozen_p4	frozen	0	noise-floor/artifacts/nf/la_frozen_p4_s0	2	221	0.0045	0.1448	0.4208	0.4299	1255	0.2932	1674	0.3160	0.3017	0.1601	0.0275	0.0818	0.0042	0.0102	0.0233	0.0257	0.0078	0.0167	0.0060	0.0102	0.0072	0.0018
found	noise-floor	la_frozen_p4	frozen	0	noise-floor/artifacts/nf/la_frozen_p4_s0	3	127	0.0000	0.1339	0.4094	0.4567	1382	0.3082	972	0.3169	0.3086	0.1533	0.0247	0.0751	0.0010	0.0123	0.0340	0.0216	0.0093	0.0123	0.0062	0.0113	0.0103	0.0031
found	noise-floor	la_frozen_p4	frozen	0	noise-floor/artifacts/nf/la_frozen_p4_s0	4	110	0.0000	0.0636	0.4455	0.4909	1492	0.3217	845	0.3337	0.3195	0.1302	0.0189	0.0769	0.0024	0.0083	0.0284	0.0189	0.0107	0.0225	0.0095	0.0071	0.0118	0.0012
found	noise-floor	la_frozen_p4	frozen	0	noise-floor/artifacts/nf/la_frozen_p4_s0	5	101	0.0000	0.0990	0.4950	0.4059	1593	0.3271	772	0.3148	0.3057	0.1606	0.0389	0.0777	0.0013	0.0117	0.0272	0.0130	0.0104	0.0117	0.0065	0.0091	0.0078	0.0039
found	noise-floor	la_frozen_p4	frozen	0	noise-floor/artifacts/nf/la_frozen_p4_s0	6	72	0.0000	0.1944	0.3194	0.4861	1665	0.3339	561	0.3155	0.3012	0.1711	0.0446	0.0749	0.0071	0.0089	0.0214	0.0160	0.0053	0.0089	0.0000	0.0089	0.0107	0.0053
found	noise-floor	la_frozen_p4	frozen	0	noise-floor/artifacts/nf/la_frozen_p4_s0	7	69	0.0000	0.1014	0.4638	0.4348	1734	0.3379	528	0.3125	0.3049	0.1610	0.0322	0.0568	0.0000	0.0170	0.0398	0.0170	0.0152	0.0152	0.0076	0.0076	0.0057	0.0076
found	noise-floor	la_frozen_p4	frozen	0	noise-floor/artifacts/nf/la_frozen_p4_s0	8	49	0.0000	0.0816	0.4694	0.4490	1783	0.3410	387	0.2997	0.2997	0.1705	0.0362	0.0724	0.0000	0.0233	0.0336	0.0181	0.0026	0.0207	0.0000	0.0078	0.0129	0.0026
found_transfer	noise-floor	la_frozen_p4	frozen	0	noise-floor/artifacts/nf/la_frozen_p4_s0	1	111	0.0000	0.0811	0.4414	0.4775	111	0.4775	899	0.3137	0.2981	0.1780	0.0278	0.0489	0.0000	0.0033	0.0289	0.0356	0.0178	0.0067	0.0156	0.0111	0.0122	0.0022
found_transfer	noise-floor	la_frozen_p4	frozen	0	noise-floor/artifacts/nf/la_frozen_p4_s0	2	32	0.0312	0.0312	0.3750	0.5625	143	0.4965	267	0.3146	0.2959	0.1760	0.0225	0.0674	0.0037	0.0000	0.0187	0.0412	0.0112	0.0262	0.0112	0.0075	0.0037	0.0000
found_transfer	noise-floor	la_frozen_p4	frozen	0	noise-floor/artifacts/nf/la_frozen_p4_s0	3	22	0.0000	0.1364	0.3636	0.5000	165	0.4970	176	0.3011	0.2898	0.1761	0.0170	0.0852	0.0000	0.0057	0.0114	0.0455	0.0227	0.0000	0.0114	0.0170	0.0057	0.0114
found_transfer	noise-floor	la_frozen_p4	frozen	0	noise-floor/artifacts/nf/la_frozen_p4_s0	4	11	0.0000	0.0909	0.4545	0.4545	176	0.4943	97	0.3196	0.2784	0.1856	0.0309	0.0619	0.0103	0.0000	0.0103	0.0515	0.0206	0.0000	0.0206	0.0000	0.0103	0.0000
found_transfer	noise-floor	la_frozen_p4	frozen	0	noise-floor/artifacts/nf/la_frozen_p4_s0	5	16	0.0000	0.0625	0.3125	0.6250	192	0.5052	139	0.3165	0.3022	0.1942	0.0000	0.1151	0.0072	0.0072	0.0000	0.0144	0.0072	0.0144	0.0000	0.0072	0.0072	0.0072
found_transfer	noise-floor	la_frozen_p4	frozen	0	noise-floor/artifacts/nf/la_frozen_p4_s0	6	19	0.0000	0.2632	0.1579	0.5789	211	0.5118	158	0.2975	0.2975	0.1899	0.0190	0.0886	0.0000	0.0063	0.0190	0.0506	0.0000	0.0000	0.0000	0.0253	0.0063	0.0000
found_transfer	noise-floor	la_frozen_p4	frozen	0	noise-floor/artifacts/nf/la_frozen_p4_s0	7	10	0.0000	0.0000	0.3000	0.7000	221	0.5204	77	0.3636	0.3506	0.1299	0.0260	0.0130	0.0000	0.0000	0.0000	0.0130	0.0130	0.0130	0.0130	0.0000	0.0649	0.0000
found_transfer	noise-floor	la_frozen_p4	frozen	0	noise-floor/artifacts/nf/la_frozen_p4_s0	8	12	0.0000	0.1667	0.6667	0.1667	233	0.5021	101	0.2871	0.2772	0.1782	0.0495	0.1287	0.0000	0.0000	0.0099	0.0198	0.0099	0.0198	0.0099	0.0000	0.0099	0.0000
found	noise-floor	la_frozen_p4	frozen	1	noise-floor/artifacts/nf/la_frozen_p4_s1	1	1900	0.0011	0.0705	0.2900	0.6384	1900	0.6384	14333	0.3497	0.3394	0.1345	0.0278	0.0535	0.0035	0.0034	0.0273	0.0180	0.0054	0.0141	0.0033	0.0093	0.0088	0.0021
found	noise-floor	la_frozen_p4	frozen	1	noise-floor/artifacts/nf/la_frozen_p4_s1	2	220	0.0045	0.0955	0.4091	0.4909	2120	0.6231	1712	0.3172	0.3078	0.1612	0.0298	0.0643	0.0023	0.0134	0.0251	0.0280	0.0088	0.0146	0.0047	0.0088	0.0099	0.0041
found	noise-floor	la_frozen_p4	frozen	1	noise-floor/artifacts/nf/la_frozen_p4_s1	3	120	0.0000	0.1083	0.4500	0.4417	2240	0.6134	951	0.3123	0.3007	0.1588	0.0358	0.0820	0.0042	0.0084	0.0336	0.0210	0.0074	0.0158	0.0032	0.0032	0.0095	0.0042
found	noise-floor	la_frozen_p4	frozen	1	noise-floor/artifacts/nf/la_frozen_p4_s1	4	107	0.0000	0.1308	0.4673	0.4019	2347	0.6037	844	0.3057	0.2915	0.1671	0.0438	0.0735	0.0047	0.0095	0.0225	0.0284	0.0083	0.0154	0.0047	0.0107	0.0107	0.0036
found	noise-floor	la_frozen_p4	frozen	1	noise-floor/artifacts/nf/la_frozen_p4_s1	5	89	0.0000	0.1124	0.3708	0.5169	2436	0.6006	698	0.3166	0.3009	0.1375	0.0330	0.0888	0.0043	0.0129	0.0229	0.0215	0.0100	0.0172	0.0072	0.0129	0.0115	0.0029
found	noise-floor	la_frozen_p4	frozen	1	noise-floor/artifacts/nf/la_frozen_p4_s1	6	76	0.0000	0.0789	0.3553	0.5658	2512	0.5995	620	0.3145	0.3048	0.1452	0.0435	0.0758	0.0016	0.0129	0.0242	0.0226	0.0097	0.0113	0.0065	0.0145	0.0097	0.0032
found	noise-floor	la_frozen_p4	frozen	1	noise-floor/artifacts/nf/la_frozen_p4_s1	7	49	0.0000	0.2245	0.4286	0.3469	2561	0.5947	388	0.2861	0.2784	0.1830	0.0258	0.0954	0.0026	0.0026	0.0335	0.0387	0.0077	0.0052	0.0026	0.0155	0.0180	0.0052
found	noise-floor	la_frozen_p4	frozen	1	noise-floor/artifacts/nf/la_frozen_p4_s1	8	37	0.0000	0.1081	0.4595	0.4324	2598	0.5924	297	0.3030	0.2896	0.1684	0.0269	0.0707	0.0034	0.0101	0.0303	0.0337	0.0135	0.0168	0.0067	0.0135	0.0067	0.0067
found_transfer	noise-floor	la_frozen_p4	frozen	1	noise-floor/artifacts/nf/la_frozen_p4_s1	1	254	0.0000	0.0354	0.1693	0.7953	254	0.7953	2094	0.3453	0.3362	0.1600	0.0224	0.0587	0.0033	0.0005	0.0186	0.0191	0.0029	0.0043	0.0024	0.0096	0.0162	0.0005
found_transfer	noise-floor	la_frozen_p4	frozen	1	noise-floor/artifacts/nf/la_frozen_p4_s1	2	40	0.0000	0.1250	0.1750	0.7000	294	0.7823	339	0.3127	0.3068	0.1681	0.0324	0.0560	0.0029	0.0029	0.0354	0.0324	0.0029	0.0029	0.0000	0.0206	0.0206	0.0029
found_transfer	noise-floor	la_frozen_p4	frozen	1	noise-floor/artifacts/nf/la_frozen_p4_s1	3	21	0.0000	0.0000	0.3333	0.6667	315	0.7746	187	0.3102	0.2995	0.1818	0.0374	0.0695	0.0053	0.0000	0.0535	0.0214	0.0000	0.0053	0.0000	0.0107	0.0053	0.0000
found_transfer	noise-floor	la_frozen_p4	frozen	1	noise-floor/artifacts/nf/la_frozen_p4_s1	4	15	0.0000	0.0667	0.2000	0.7333	330	0.7727	127	0.3150	0.3150	0.1417	0.0315	0.0630	0.0000	0.0079	0.0394	0.0315	0.0000	0.0079	0.0000	0.0157	0.0315	0.0000
found_transfer	noise-floor	la_frozen_p4	frozen	1	noise-floor/artifacts/nf/la_frozen_p4_s1	5	14	0.0000	0.0000	0.4286	0.5714	344	0.7645	120	0.3083	0.3000	0.1750	0.0250	0.0917	0.0000	0.0000	0.0333	0.0250	0.0083	0.0000	0.0083	0.0083	0.0167	0.0000
found_transfer	noise-floor	la_frozen_p4	frozen	1	noise-floor/artifacts/nf/la_frozen_p4_s1	6	7	0.0000	0.1429	0.4286	0.4286	351	0.7578	57	0.3158	0.2807	0.1579	0.0000	0.0526	0.0175	0.0000	0.0702	0.0351	0.0000	0.0000	0.0000	0.0175	0.0526	0.0000
found_transfer	noise-floor	la_frozen_p4	frozen	1	noise-floor/artifacts/nf/la_frozen_p4_s1	7	8	0.0000	0.0000	0.3750	0.6250	359	0.7549	70	0.3143	0.3143	0.1857	0.0000	0.1000	0.0000	0.0000	0.0429	0.0286	0.0000	0.0143	0.0000	0.0000	0.0000	0.0000
found_transfer	noise-floor	la_frozen_p4	frozen	1	noise-floor/artifacts/nf/la_frozen_p4_s1	8	7	0.0000	0.0000	0.2857	0.7143	366	0.7541	63	0.3333	0.3016	0.1587	0.0159	0.0952	0.0159	0.0000	0.0000	0.0476	0.0000	0.0159	0.0000	0.0000	0.0159	0.0000
found	round3-run4b	ei_depth3_25M_mix	headline	0	round3-run4b/artifacts/r3_4b/ei_depth3_25M_s0_mix	1	1049	0.0000	0.0000	1.0000	0.0000	1049	0.0000	7343	0.2857	0.2857	0.2762	0.0342	0.0237	0.0000	0.0245	0.0375	0.0170	0.0003	0.0004	0.0000	0.0114	0.0031	0.0003
found	round3-run4b	ei_depth3_25M_mix	headline	0	round3-run4b/artifacts/r3_4b/ei_depth3_25M_s0_mix	2	1255	0.0000	0.0000	1.0000	0.0000	2304	0.0000	8795	0.2854	0.2844	0.2712	0.0275	0.0160	0.0000	0.0364	0.0259	0.0164	0.0042	0.0156	0.0010	0.0094	0.0034	0.0032
found	round3-run4b	ei_depth3_25M_mix	headline	0	round3-run4b/artifacts/r3_4b/ei_depth3_25M_s0_mix	3	817	0.0000	0.0000	1.0000	0.0000	3121	0.0000	5723	0.2864	0.2845	0.2486	0.0197	0.0238	0.0000	0.0320	0.0204	0.0166	0.0224	0.0108	0.0019	0.0070	0.0054	0.0204
found	round3-run4b	ei_depth3_25M_mix	headline	0	round3-run4b/artifacts/r3_4b/ei_depth3_25M_s0_mix	4	576	0.0000	0.0000	1.0000	0.0000	3697	0.0000	4037	0.2911	0.2893	0.2244	0.0201	0.0223	0.0000	0.0260	0.0198	0.0144	0.0324	0.0191	0.0017	0.0042	0.0045	0.0307
found	round3-run4b	ei_depth3_25M_mix	headline	0	round3-run4b/artifacts/r3_4b/ei_depth3_25M_s0_mix	5	380	0.0000	0.0000	1.0000	0.0000	4077	0.0000	2667	0.2891	0.2876	0.2302	0.0206	0.0124	0.0000	0.0281	0.0187	0.0184	0.0352	0.0161	0.0015	0.0052	0.0030	0.0337
found	round3-run4b	ei_depth3_25M_mix	headline	0	round3-run4b/artifacts/r3_4b/ei_depth3_25M_s0_mix	6	271	0.0000	0.0000	1.0000	0.0000	4348	0.0000	1901	0.2862	0.2841	0.2167	0.0163	0.0226	0.0000	0.0189	0.0105	0.0126	0.0452	0.0268	0.0021	0.0110	0.0037	0.0431
found	round3-run4b	ei_depth3_25M_mix	headline	0	round3-run4b/artifacts/r3_4b/ei_depth3_25M_s0_mix	7	289	0.0000	0.0000	1.0000	0.0000	4637	0.0000	2036	0.2868	0.2849	0.2225	0.0177	0.0147	0.0000	0.0275	0.0128	0.0074	0.0476	0.0172	0.0020	0.0103	0.0029	0.0457
found	round3-run4b	ei_depth3_25M_mix	headline	0	round3-run4b/artifacts/r3_4b/ei_depth3_25M_s0_mix	8	221	0.0000	0.0000	1.0000	0.0000	4858	0.0000	1572	0.2869	0.2863	0.2093	0.0242	0.0293	0.0000	0.0108	0.0070	0.0064	0.0649	0.0064	0.0006	0.0019	0.0019	0.0642
found	round3-run4b	ei_depth3_25M_mix	headline	1	round3-run4b/artifacts/r3_4b/ei_depth3_25M_s1_mix	1	540	0.0000	0.0000	1.0000	0.0000	540	0.0000	3781	0.2856	0.2856	0.2764	0.0431	0.0264	0.0000	0.0122	0.0386	0.0140	0.0003	0.0016	0.0000	0.0106	0.0053	0.0003
found	round3-run4b	ei_depth3_25M_mix	headline	1	round3-run4b/artifacts/r3_4b/ei_depth3_25M_s1_mix	2	1324	0.0000	0.0000	1.0000	0.0000	1864	0.0000	9291	0.2852	0.2851	0.2704	0.0367	0.0212	0.0000	0.0413	0.0212	0.0090	0.0030	0.0074	0.0001	0.0130	0.0033	0.0029
found	round3-run4b	ei_depth3_25M_mix	headline	1	round3-run4b/artifacts/r3_4b/ei_depth3_25M_s1_mix	3	916	0.0000	0.0000	1.0000	0.0000	2780	0.0000	6431	0.2884	0.2866	0.2594	0.0233	0.0213	0.0000	0.0383	0.0183	0.0191	0.0118	0.0089	0.0019	0.0075	0.0053	0.0100
found	round3-run4b	ei_depth3_25M_mix	headline	1	round3-run4b/artifacts/r3_4b/ei_depth3_25M_s1_mix	4	482	0.0000	0.0000	1.0000	0.0000	3262	0.0000	3404	0.2858	0.2835	0.2665	0.0326	0.0223	0.0000	0.0267	0.0259	0.0264	0.0088	0.0032	0.0024	0.0062	0.0032	0.0065
found	round3-run4b	ei_depth3_25M_mix	headline	1	round3-run4b/artifacts/r3_4b/ei_depth3_25M_s1_mix	5	315	0.0000	0.0000	1.0000	0.0000	3577	0.0000	2223	0.2865	0.2843	0.2573	0.0171	0.0207	0.0000	0.0328	0.0252	0.0229	0.0162	0.0090	0.0022	0.0054	0.0063	0.0139
found	round3-run4b	ei_depth3_25M_mix	headline	1	round3-run4b/artifacts/r3_4b/ei_depth3_25M_s1_mix	6	381	0.0000	0.0000	1.0000	0.0000	3958	0.0000	2682	0.2860	0.2841	0.2289	0.0220	0.0328	0.0000	0.0216	0.0287	0.0172	0.0213	0.0283	0.0019	0.0037	0.0041	0.0194
found	round3-run4b	ei_depth3_25M_mix	headline	1	round3-run4b/artifacts/r3_4b/ei_depth3_25M_s1_mix	7	360	0.0000	0.0000	1.0000	0.0000	4318	0.0000	2554	0.2890	0.2890	0.2200	0.0161	0.0211	0.0000	0.0235	0.0372	0.0117	0.0294	0.0258	0.0000	0.0067	0.0012	0.0294
found	round3-run4b	ei_depth3_25M_mix	headline	1	round3-run4b/artifacts/r3_4b/ei_depth3_25M_s1_mix	8	367	0.0000	0.0000	1.0000	0.0000	4685	0.0000	2598	0.2856	0.2833	0.1952	0.0154	0.0242	0.0000	0.0154	0.0219	0.0073	0.0643	0.0185	0.0023	0.0035	0.0012	0.0620
found	round3-run4b	ei_depth3_25M_mix	headline	2	round3-run4b/artifacts/r3_4b/ei_depth3_25M_s2_mix	1	988	0.0000	0.0000	1.0000	0.0000	988	0.0000	6916	0.2857	0.2857	0.2692	0.0353	0.0266	0.0000	0.0207	0.0435	0.0107	0.0026	0.0012	0.0000	0.0130	0.0032	0.0026
found	round3-run4b	ei_depth3_25M_mix	headline	2	round3-run4b/artifacts/r3_4b/ei_depth3_25M_s2_mix	2	1500	0.0000	0.0000	1.0000	0.0000	2488	0.0000	10501	0.2857	0.2857	0.2590	0.0268	0.0185	0.0000	0.0378	0.0285	0.0173	0.0097	0.0076	0.0000	0.0083	0.0054	0.0097
found	round3-run4b	ei_depth3_25M_mix	headline	2	round3-run4b/artifacts/r3_4b/ei_depth3_25M_s2_mix	3	743	0.0000	0.0000	1.0000	0.0000	3231	0.0000	5237	0.2838	0.2838	0.2370	0.0220	0.0233	0.0000	0.0275	0.0275	0.0204	0.0244	0.0134	0.0000	0.0107	0.0019	0.0244
found	round3-run4b	ei_depth3_25M_mix	headline	2	round3-run4b/artifacts/r3_4b/ei_depth3_25M_s2_mix	4	505	0.0000	0.0000	1.0000	0.0000	3736	0.0000	3556	0.2840	0.2826	0.2222	0.0247	0.0188	0.0000	0.0157	0.0202	0.0149	0.0470	0.0138	0.0014	0.0062	0.0028	0.0456
found	round3-run4b	ei_depth3_25M_mix	headline	2	round3-run4b/artifacts/r3_4b/ei_depth3_25M_s2_mix	5	509	0.0000	0.0000	1.0000	0.0000	4245	0.0000	3574	0.2893	0.2876	0.1959	0.0157	0.0148	0.0000	0.0118	0.0106	0.0070	0.0764	0.0084	0.0017	0.0042	0.0020	0.0747
found	round3-run4b	ei_depth3_25M_mix	headline	2	round3-run4b/artifacts/r3_4b/ei_depth3_25M_s2_mix	6	382	0.0000	0.0000	1.0000	0.0000	4627	0.0000	2691	0.2906	0.2891	0.1970	0.0178	0.0126	0.0000	0.0108	0.0190	0.0071	0.0684	0.0145	0.0015	0.0037	0.0011	0.0669
found	round3-run4b	ei_depth3_25M_mix	headline	2	round3-run4b/artifacts/r3_4b/ei_depth3_25M_s2_mix	7	293	0.0000	0.0000	1.0000	0.0000	4920	0.0000	2063	0.2894	0.2889	0.2050	0.0150	0.0160	0.0000	0.0121	0.0247	0.0102	0.0640	0.0078	0.0005	0.0029	0.0000	0.0635
found	round3-run4b	ei_depth3_25M_mix	headline	2	round3-run4b/artifacts/r3_4b/ei_depth3_25M_s2_mix	8	294	0.0000	0.0000	1.0000	0.0000	5214	0.0000	2081	0.2840	0.2830	0.2057	0.0101	0.0043	0.0000	0.0096	0.0154	0.0101	0.0812	0.0115	0.0010	0.0034	0.0005	0.0802
found	round3-run4b	ei_depth3_25Mr_mix	headline	0	round3-run4b/artifacts/r3_4b/ei_depth3_25Mr_s0_mix	1	921	0.0000	0.0000	0.9989	0.0011	921	0.0011	6447	0.2868	0.2868	0.2702	0.0223	0.0344	0.0000	0.0226	0.0392	0.0214	0.0000	0.0000	0.0000	0.0127	0.0034	0.0000
found	round3-run4b	ei_depth3_25Mr_mix	headline	0	round3-run4b/artifacts/r3_4b/ei_depth3_25Mr_s0_mix	2	1753	0.0000	0.0000	0.9104	0.0896	2674	0.0591	12292	0.3000	0.2986	0.2472	0.0263	0.0198	0.0000	0.0316	0.0262	0.0194	0.0015	0.0142	0.0015	0.0078	0.0058	0.0001
found	round3-run4b	ei_depth3_25Mr_mix	headline	0	round3-run4b/artifacts/r3_4b/ei_depth3_25Mr_s0_mix	3	1794	0.0000	0.0000	0.5329	0.4671	4468	0.2229	12651	0.3509	0.3498	0.1417	0.0251	0.0280	0.0000	0.0195	0.0206	0.0121	0.0047	0.0255	0.0011	0.0092	0.0083	0.0036
found	round3-run4b	ei_depth3_25Mr_mix	headline	0	round3-run4b/artifacts/r3_4b/ei_depth3_25Mr_s0_mix	4	2425	0.0000	0.0000	0.2041	0.7959	6893	0.4245	18081	0.3754	0.3750	0.1061	0.0258	0.0347	0.0000	0.0067	0.0192	0.0147	0.0018	0.0156	0.0003	0.0125	0.0105	0.0015
found	round3-run4b	ei_depth3_25Mr_mix	headline	0	round3-run4b/artifacts/r3_4b/ei_depth3_25Mr_s0_mix	5	2546	0.0000	0.0000	0.1748	0.8252	9439	0.5326	19480	0.3695	0.3687	0.1200	0.0259	0.0268	0.0000	0.0053	0.0267	0.0185	0.0029	0.0123	0.0008	0.0105	0.0099	0.0022
found	round3-run4b	ei_depth3_25Mr_mix	headline	0	round3-run4b/artifacts/r3_4b/ei_depth3_25Mr_s0_mix	6	1812	0.0000	0.0000	0.1623	0.8377	11251	0.5817	13864	0.3717	0.3707	0.1163	0.0232	0.0255	0.0000	0.0039	0.0206	0.0258	0.0045	0.0141	0.0010	0.0126	0.0069	0.0035
found	round3-run4b	ei_depth3_25Mr_mix	headline	0	round3-run4b/artifacts/r3_4b/ei_depth3_25Mr_s0_mix	7	1042	0.0000	0.0000	0.1747	0.8253	12293	0.6024	8024	0.3671	0.3639	0.1238	0.0204	0.0355	0.0000	0.0040	0.0163	0.0272	0.0062	0.0130	0.0032	0.0100	0.0064	0.0030
found	round3-run4b	ei_depth3_25Mr_mix	headline	0	round3-run4b/artifacts/r3_4b/ei_depth3_25Mr_s0_mix	8	1013	0.0000	0.0000	0.2211	0.7789	13306	0.6158	7745	0.3635	0.3586	0.1286	0.0258	0.0309	0.0000	0.0075	0.0179	0.0210	0.0072	0.0133	0.0049	0.0084	0.0101	0.0023
found_transfer	round3-run4b	ei_depth3_25Mr_mix	headline	0	round3-run4b/artifacts/r3_4b/ei_depth3_25Mr_s0_mix	1	0					0		0	0.0000	0.0000	0.0000	0.0000	0.0000	0.0000	0.0000	0.0000	0.0000	0.0000	0.0000	0.0000	0.0000	0.0000	0.0000
found_transfer	round3-run4b	ei_depth3_25Mr_mix	headline	0	round3-run4b/artifacts/r3_4b/ei_depth3_25Mr_s0_mix	2	5	0.0000	0.0000	0.0000	1.0000	5	1.0000	35	0.4286	0.4286	0.0000	0.0000	0.1429	0.0000	0.0000	0.0000	0.0000	0.0000	0.0000	0.0000	0.0000	0.0000	0.0000
found_transfer	round3-run4b	ei_depth3_25Mr_mix	headline	0	round3-run4b/artifacts/r3_4b/ei_depth3_25Mr_s0_mix	3	77	0.0000	0.0000	0.0000	1.0000	82	1.0000	561	0.4118	0.4118	0.0392	0.0000	0.1070	0.0000	0.0000	0.0000	0.0303	0.0000	0.0000	0.0000	0.0000	0.0000	0.0000
found_transfer	round3-run4b	ei_depth3_25Mr_mix	headline	0	round3-run4b/artifacts/r3_4b/ei_depth3_25Mr_s0_mix	4	449	0.0000	0.0000	0.0000	1.0000	531	1.0000	3520	0.3827	0.3827	0.0994	0.0256	0.0764	0.0000	0.0000	0.0045	0.0213	0.0000	0.0074	0.0000	0.0000	0.0000	0.0000
found_transfer	round3-run4b	ei_depth3_25Mr_mix	headline	0	round3-run4b/artifacts/r3_4b/ei_depth3_25Mr_s0_mix	5	499	0.0000	0.0000	0.0000	1.0000	1030	1.0000	3961	0.3779	0.3779	0.1161	0.0298	0.0424	0.0000	0.0000	0.0222	0.0124	0.0000	0.0083	0.0000	0.0045	0.0083	0.0000
found_transfer	round3-run4b	ei_depth3_25Mr_mix	headline	0	round3-run4b/artifacts/r3_4b/ei_depth3_25Mr_s0_mix	6	339	0.0000	0.0000	0.0000	1.0000	1369	1.0000	2690	0.3781	0.3781	0.1149	0.0223	0.0424	0.0000	0.0000	0.0108	0.0197	0.0000	0.0097	0.0000	0.0190	0.0052	0.0000
found_transfer	round3-run4b	ei_depth3_25Mr_mix	headline	0	round3-run4b/artifacts/r3_4b/ei_depth3_25Mr_s0_mix	7	178	0.0000	0.0000	0.0000	1.0000	1547	1.0000	1416	0.3771	0.3771	0.1179	0.0233	0.0459	0.0000	0.0000	0.0191	0.0191	0.0000	0.0056	0.0000	0.0078	0.0071	0.0000
found_transfer	round3-run4b	ei_depth3_25Mr_mix	headline	0	round3-run4b/artifacts/r3_4b/ei_depth3_25Mr_s0_mix	8	196	0.0000	0.0000	0.0000	1.0000	1743	1.0000	1556	0.3779	0.3779	0.1125	0.0225	0.0533	0.0000	0.0000	0.0116	0.0186	0.0000	0.0122	0.0000	0.0103	0.0032	0.0000
found	round3-run4b	ei_depth3_25Mr_frozen	frozen	1	round3-run4b/artifacts/r3_4b/ei_depth3_25Mr_s1_frozen	1	0					0		0	0.0000	0.0000	0.0000	0.0000	0.0000	0.0000	0.0000	0.0000	0.0000	0.0000	0.0000	0.0000	0.0000	0.0000	0.0000
found	round3-run4b	ei_depth3_25Mr_frozen	frozen	1	round3-run4b/artifacts/r3_4b/ei_depth3_25Mr_s1_frozen	2	0					0		0	0.0000	0.0000	0.0000	0.0000	0.0000	0.0000	0.0000	0.0000	0.0000	0.0000	0.0000	0.0000	0.0000	0.0000	0.0000
found	round3-run4b	ei_depth3_25Mr_frozen	frozen	1	round3-run4b/artifacts/r3_4b/ei_depth3_25Mr_s1_frozen	3	0					0		0	0.0000	0.0000	0.0000	0.0000	0.0000	0.0000	0.0000	0.0000	0.0000	0.0000	0.0000	0.0000	0.0000	0.0000	0.0000
found	round3-run4b	ei_depth3_25Mr_frozen	frozen	1	round3-run4b/artifacts/r3_4b/ei_depth3_25Mr_s1_frozen	4	0					0		0	0.0000	0.0000	0.0000	0.0000	0.0000	0.0000	0.0000	0.0000	0.0000	0.0000	0.0000	0.0000	0.0000	0.0000	0.0000
found	round3-run4b	ei_depth3_25Mr_frozen	frozen	1	round3-run4b/artifacts/r3_4b/ei_depth3_25Mr_s1_frozen	5	0					0		0	0.0000	0.0000	0.0000	0.0000	0.0000	0.0000	0.0000	0.0000	0.0000	0.0000	0.0000	0.0000	0.0000	0.0000	0.0000
found	round3-run4b	ei_depth3_25Mr_frozen	frozen	1	round3-run4b/artifacts/r3_4b/ei_depth3_25Mr_s1_frozen	6	0					0		0	0.0000	0.0000	0.0000	0.0000	0.0000	0.0000	0.0000	0.0000	0.0000	0.0000	0.0000	0.0000	0.0000	0.0000	0.0000
found	round3-run4b	ei_depth3_25Mr_frozen	frozen	1	round3-run4b/artifacts/r3_4b/ei_depth3_25Mr_s1_frozen	7	0					0		0	0.0000	0.0000	0.0000	0.0000	0.0000	0.0000	0.0000	0.0000	0.0000	0.0000	0.0000	0.0000	0.0000	0.0000	0.0000
found	round3-run4b	ei_depth3_25Mr_frozen	frozen	1	round3-run4b/artifacts/r3_4b/ei_depth3_25Mr_s1_frozen	8	1	0.0000	0.0000	0.0000	1.0000	1	1.0000	7	0.4286	0.4286	0.0000	0.0000	0.1429	0.0000	0.0000	0.0000	0.0000	0.0000	0.0000	0.0000	0.0000	0.0000	0.0000
found_transfer	round3-run4b	ei_depth3_25Mr_frozen	frozen	1	round3-run4b/artifacts/r3_4b/ei_depth3_25Mr_s1_frozen	1	3	0.0000	0.0000	0.0000	1.0000	3	1.0000	21	0.4286	0.4286	0.0000	0.0000	0.1429	0.0000	0.0000	0.0000	0.0000	0.0000	0.0000	0.0000	0.0000	0.0000	0.0000
found_transfer	round3-run4b	ei_depth3_25Mr_frozen	frozen	1	round3-run4b/artifacts/r3_4b/ei_depth3_25Mr_s1_frozen	2	0					3	1.0000	0	0.0000	0.0000	0.0000	0.0000	0.0000	0.0000	0.0000	0.0000	0.0000	0.0000	0.0000	0.0000	0.0000	0.0000	0.0000
found_transfer	round3-run4b	ei_depth3_25Mr_frozen	frozen	1	round3-run4b/artifacts/r3_4b/ei_depth3_25Mr_s1_frozen	3	2	0.0000	0.0000	0.0000	1.0000	5	1.0000	14	0.4286	0.4286	0.0000	0.0000	0.1429	0.0000	0.0000	0.0000	0.0000	0.0000	0.0000	0.0000	0.0000	0.0000	0.0000
found_transfer	round3-run4b	ei_depth3_25Mr_frozen	frozen	1	round3-run4b/artifacts/r3_4b/ei_depth3_25Mr_s1_frozen	4	1	0.0000	0.0000	0.0000	1.0000	6	1.0000	7	0.4286	0.4286	0.0000	0.0000	0.1429	0.0000	0.0000	0.0000	0.0000	0.0000	0.0000	0.0000	0.0000	0.0000	0.0000
found_transfer	round3-run4b	ei_depth3_25Mr_frozen	frozen	1	round3-run4b/artifacts/r3_4b/ei_depth3_25Mr_s1_frozen	5	0					6	1.0000	0	0.0000	0.0000	0.0000	0.0000	0.0000	0.0000	0.0000	0.0000	0.0000	0.0000	0.0000	0.0000	0.0000	0.0000	0.0000
found_transfer	round3-run4b	ei_depth3_25Mr_frozen	frozen	1	round3-run4b/artifacts/r3_4b/ei_depth3_25Mr_s1_frozen	6	0					6	1.0000	0	0.0000	0.0000	0.0000	0.0000	0.0000	0.0000	0.0000	0.0000	0.0000	0.0000	0.0000	0.0000	0.0000	0.0000	0.0000
found_transfer	round3-run4b	ei_depth3_25Mr_frozen	frozen	1	round3-run4b/artifacts/r3_4b/ei_depth3_25Mr_s1_frozen	7	0					6	1.0000	0	0.0000	0.0000	0.0000	0.0000	0.0000	0.0000	0.0000	0.0000	0.0000	0.0000	0.0000	0.0000	0.0000	0.0000	0.0000
found_transfer	round3-run4b	ei_depth3_25Mr_frozen	frozen	1	round3-run4b/artifacts/r3_4b/ei_depth3_25Mr_s1_frozen	8	2	0.0000	0.0000	0.0000	1.0000	8	1.0000	14	0.4286	0.4286	0.0000	0.0000	0.1429	0.0000	0.0000	0.0000	0.0000	0.0000	0.0000	0.0000	0.0000	0.0000	0.0000
found	round3-run4b	ei_depth3_25Mr_mix	headline	1	round3-run4b/artifacts/r3_4b/ei_depth3_25Mr_s1_mix	1	1001	0.0000	0.0010	0.9890	0.0100	1001	0.0100	7007	0.2871	0.2871	0.2744	0.0374	0.0228	0.0000	0.0233	0.0334	0.0120	0.0001	0.0031	0.0000	0.0180	0.0010	0.0001
found	round3-run4b	ei_depth3_25Mr_mix	headline	1	round3-run4b/artifacts/r3_4b/ei_depth3_25Mr_s1_mix	2	2138	0.0000	0.0112	0.7035	0.2853	3139	0.1975	15012	0.3252	0.3241	0.1967	0.0282	0.0239	0.0000	0.0288	0.0206	0.0138	0.0027	0.0225	0.0011	0.0071	0.0036	0.0016
found	round3-run4b	ei_depth3_25Mr_mix	headline	1	round3-run4b/artifacts/r3_4b/ei_depth3_25Mr_s1_mix	3	3443	0.0000	0.0038	0.2335	0.7627	6582	0.4932	25695	0.3703	0.3698	0.1193	0.0295	0.0367	0.0000	0.0070	0.0209	0.0099	0.0013	0.0145	0.0005	0.0120	0.0073	0.0008
found	round3-run4b	ei_depth3_25Mr_mix	headline	1	round3-run4b/artifacts/r3_4b/ei_depth3_25Mr_s1_mix	4	2963	0.0000	0.0013	0.1951	0.8036	9545	0.5895	22680	0.3670	0.3660	0.1249	0.0209	0.0309	0.0000	0.0037	0.0202	0.0192	0.0063	0.0084	0.0010	0.0126	0.0136	0.0053
found	round3-run4b	ei_depth3_25Mr_mix	headline	1	round3-run4b/artifacts/r3_4b/ei_depth3_25Mr_s1_mix	5	1736	0.0000	0.0012	0.1889	0.8099	11281	0.6234	13287	0.3677	0.3637	0.1231	0.0208	0.0282	0.0000	0.0056	0.0178	0.0216	0.0084	0.0107	0.0041	0.0137	0.0102	0.0044
found	round3-run4b	ei_depth3_25Mr_mix	headline	1	round3-run4b/artifacts/r3_4b/ei_depth3_25Mr_s1_mix	6	1408	0.0000	0.0007	0.2124	0.7869	12689	0.6416	10792	0.3642	0.3592	0.1286	0.0208	0.0258	0.0000	0.0069	0.0179	0.0319	0.0086	0.0125	0.0049	0.0091	0.0059	0.0037
found	round3-run4b	ei_depth3_25Mr_mix	headline	1	round3-run4b/artifacts/r3_4b/ei_depth3_25Mr_s1_mix	7	937	0.0000	0.0000	0.1985	0.8015	13626	0.6526	7250	0.3623	0.3583	0.1337	0.0156	0.0328	0.0000	0.0073	0.0171	0.0297	0.0077	0.0112	0.0040	0.0095	0.0070	0.0037
found	round3-run4b	ei_depth3_25Mr_mix	headline	1	round3-run4b/artifacts/r3_4b/ei_depth3_25Mr_s1_mix	8	609	0.0000	0.0000	0.1691	0.8309	14235	0.6602	4676	0.3693	0.3668	0.1176	0.0218	0.0376	0.0000	0.0043	0.0160	0.0235	0.0064	0.0120	0.0026	0.0090	0.0092	0.0038
found_transfer	round3-run4b	ei_depth3_25Mr_mix	headline	1	round3-run4b/artifacts/r3_4b/ei_depth3_25Mr_s1_mix	1	3	0.0000	0.0000	0.0000	1.0000	3	1.0000	21	0.4286	0.4286	0.0000	0.0000	0.1429	0.0000	0.0000	0.0000	0.0000	0.0000	0.0000	0.0000	0.0000	0.0000	0.0000
found_transfer	round3-run4b	ei_depth3_25Mr_mix	headline	1	round3-run4b/artifacts/r3_4b/ei_depth3_25Mr_s1_mix	2	105	0.0000	0.0000	0.0000	1.0000	108	1.0000	751	0.4194	0.4194	0.0213	0.0040	0.1252	0.0000	0.0000	0.0107	0.0000	0.0000	0.0000	0.0000	0.0000	0.0000	0.0000
found_transfer	round3-run4b	ei_depth3_25Mr_mix	headline	1	round3-run4b/artifacts/r3_4b/ei_depth3_25Mr_s1_mix	3	509	0.0000	0.0000	0.0000	1.0000	617	1.0000	4018	0.3800	0.3800	0.1132	0.0192	0.0697	0.0000	0.0000	0.0251	0.0022	0.0000	0.0045	0.0000	0.0000	0.0060	0.0000
found_transfer	round3-run4b	ei_depth3_25Mr_mix	headline	1	round3-run4b/artifacts/r3_4b/ei_depth3_25Mr_s1_mix	4	571	0.0000	0.0000	0.0000	1.0000	1188	1.0000	4547	0.3767	0.3767	0.1172	0.0295	0.0545	0.0000	0.0000	0.0152	0.0145	0.0000	0.0029	0.0000	0.0084	0.0044	0.0000
found_transfer	round3-run4b	ei_depth3_25Mr_mix	headline	1	round3-run4b/artifacts/r3_4b/ei_depth3_25Mr_s1_mix	5	280	0.0000	0.0000	0.0000	1.0000	1468	1.0000	2226	0.3774	0.3774	0.1164	0.0256	0.0548	0.0000	0.0000	0.0036	0.0256	0.0000	0.0099	0.0000	0.0045	0.0049	0.0000
found_transfer	round3-run4b	ei_depth3_25Mr_mix	headline	1	round3-run4b/artifacts/r3_4b/ei_depth3_25Mr_s1_mix	6	230	0.0000	0.0000	0.0000	1.0000	1698	1.0000	1820	0.3791	0.3791	0.1110	0.0275	0.0489	0.0000	0.0000	0.0071	0.0242	0.0000	0.0033	0.0000	0.0099	0.0099	0.0000
found_transfer	round3-run4b	ei_depth3_25Mr_mix	headline	1	round3-run4b/artifacts/r3_4b/ei_depth3_25Mr_s1_mix	7	185	0.0000	0.0000	0.0000	1.0000	1883	1.0000	1472	0.3770	0.3770	0.1135	0.0245	0.0489	0.0000	0.0000	0.0068	0.0211	0.0000	0.0095	0.0000	0.0095	0.0122	0.0000
found_transfer	round3-run4b	ei_depth3_25Mr_mix	headline	1	round3-run4b/artifacts/r3_4b/ei_depth3_25Mr_s1_mix	8	139	0.0000	0.0000	0.0000	1.0000	2022	1.0000	1100	0.3791	0.3791	0.1127	0.0273	0.0427	0.0000	0.0000	0.0164	0.0255	0.0000	0.0082	0.0000	0.0036	0.0055	0.0000
found	round3-run4b	ei_depth3_25Mr_req	headline	1	round3-run4b/artifacts/r3_4b/ei_depth3_25Mr_s1_req	1	0					0		0	0.0000	0.0000	0.0000	0.0000	0.0000	0.0000	0.0000	0.0000	0.0000	0.0000	0.0000	0.0000	0.0000	0.0000	0.0000
found	round3-run4b	ei_depth3_25Mr_req	headline	1	round3-run4b/artifacts/r3_4b/ei_depth3_25Mr_s1_req	2	0					0		0	0.0000	0.0000	0.0000	0.0000	0.0000	0.0000	0.0000	0.0000	0.0000	0.0000	0.0000	0.0000	0.0000	0.0000	0.0000
found	round3-run4b	ei_depth3_25Mr_req	headline	1	round3-run4b/artifacts/r3_4b/ei_depth3_25Mr_s1_req	3	0					0		0	0.0000	0.0000	0.0000	0.0000	0.0000	0.0000	0.0000	0.0000	0.0000	0.0000	0.0000	0.0000	0.0000	0.0000	0.0000
found	round3-run4b	ei_depth3_25Mr_req	headline	1	round3-run4b/artifacts/r3_4b/ei_depth3_25Mr_s1_req	4	0					0		0	0.0000	0.0000	0.0000	0.0000	0.0000	0.0000	0.0000	0.0000	0.0000	0.0000	0.0000	0.0000	0.0000	0.0000	0.0000
found	round3-run4b	ei_depth3_25Mr_req	headline	1	round3-run4b/artifacts/r3_4b/ei_depth3_25Mr_s1_req	5	0					0		0	0.0000	0.0000	0.0000	0.0000	0.0000	0.0000	0.0000	0.0000	0.0000	0.0000	0.0000	0.0000	0.0000	0.0000	0.0000
found	round3-run4b	ei_depth3_25Mr_req	headline	1	round3-run4b/artifacts/r3_4b/ei_depth3_25Mr_s1_req	6	0					0		0	0.0000	0.0000	0.0000	0.0000	0.0000	0.0000	0.0000	0.0000	0.0000	0.0000	0.0000	0.0000	0.0000	0.0000	0.0000
found	round3-run4b	ei_depth3_25Mr_req	headline	1	round3-run4b/artifacts/r3_4b/ei_depth3_25Mr_s1_req	7	0					0		0	0.0000	0.0000	0.0000	0.0000	0.0000	0.0000	0.0000	0.0000	0.0000	0.0000	0.0000	0.0000	0.0000	0.0000	0.0000
found	round3-run4b	ei_depth3_25Mr_req	headline	1	round3-run4b/artifacts/r3_4b/ei_depth3_25Mr_s1_req	8	1	0.0000	0.0000	0.0000	1.0000	1	1.0000	7	0.4286	0.4286	0.0000	0.0000	0.1429	0.0000	0.0000	0.0000	0.0000	0.0000	0.0000	0.0000	0.0000	0.0000	0.0000
found_transfer	round3-run4b	ei_depth3_25Mr_req	headline	1	round3-run4b/artifacts/r3_4b/ei_depth3_25Mr_s1_req	1	3	0.0000	0.0000	0.0000	1.0000	3	1.0000	21	0.4286	0.4286	0.0000	0.0000	0.1429	0.0000	0.0000	0.0000	0.0000	0.0000	0.0000	0.0000	0.0000	0.0000	0.0000
found_transfer	round3-run4b	ei_depth3_25Mr_req	headline	1	round3-run4b/artifacts/r3_4b/ei_depth3_25Mr_s1_req	2	0					3	1.0000	0	0.0000	0.0000	0.0000	0.0000	0.0000	0.0000	0.0000	0.0000	0.0000	0.0000	0.0000	0.0000	0.0000	0.0000	0.0000
found_transfer	round3-run4b	ei_depth3_25Mr_req	headline	1	round3-run4b/artifacts/r3_4b/ei_depth3_25Mr_s1_req	3	2	0.0000	0.0000	0.0000	1.0000	5	1.0000	14	0.4286	0.4286	0.0000	0.0000	0.1429	0.0000	0.0000	0.0000	0.0000	0.0000	0.0000	0.0000	0.0000	0.0000	0.0000
found_transfer	round3-run4b	ei_depth3_25Mr_req	headline	1	round3-run4b/artifacts/r3_4b/ei_depth3_25Mr_s1_req	4	1	0.0000	0.0000	0.0000	1.0000	6	1.0000	7	0.4286	0.4286	0.0000	0.0000	0.1429	0.0000	0.0000	0.0000	0.0000	0.0000	0.0000	0.0000	0.0000	0.0000	0.0000
found_transfer	round3-run4b	ei_depth3_25Mr_req	headline	1	round3-run4b/artifacts/r3_4b/ei_depth3_25Mr_s1_req	5	0					6	1.0000	0	0.0000	0.0000	0.0000	0.0000	0.0000	0.0000	0.0000	0.0000	0.0000	0.0000	0.0000	0.0000	0.0000	0.0000	0.0000
found_transfer	round3-run4b	ei_depth3_25Mr_req	headline	1	round3-run4b/artifacts/r3_4b/ei_depth3_25Mr_s1_req	6	0					6	1.0000	0	0.0000	0.0000	0.0000	0.0000	0.0000	0.0000	0.0000	0.0000	0.0000	0.0000	0.0000	0.0000	0.0000	0.0000	0.0000
found_transfer	round3-run4b	ei_depth3_25Mr_req	headline	1	round3-run4b/artifacts/r3_4b/ei_depth3_25Mr_s1_req	7	0					6	1.0000	0	0.0000	0.0000	0.0000	0.0000	0.0000	0.0000	0.0000	0.0000	0.0000	0.0000	0.0000	0.0000	0.0000	0.0000	0.0000
found_transfer	round3-run4b	ei_depth3_25Mr_req	headline	1	round3-run4b/artifacts/r3_4b/ei_depth3_25Mr_s1_req	8	2	0.0000	0.0000	0.0000	1.0000	8	1.0000	14	0.4286	0.4286	0.0000	0.0000	0.1429	0.0000	0.0000	0.0000	0.0000	0.0000	0.0000	0.0000	0.0000	0.0000	0.0000
found	round3-run4b	ei_depth3_25Mr_mix	headline	2	round3-run4b/artifacts/r3_4b/ei_depth3_25Mr_s2_mix	1	1011	0.0000	0.0000	1.0000	0.0000	1011	0.0000	7077	0.2859	0.2859	0.2829	0.0322	0.0175	0.0000	0.0172	0.0370	0.0154	0.0000	0.0016	0.0000	0.0212	0.0032	0.0000
found	round3-run4b	ei_depth3_25Mr_mix	headline	2	round3-run4b/artifacts/r3_4b/ei_depth3_25Mr_s2_mix	2	1339	0.0000	0.0000	1.0000	0.0000	2350	0.0000	9373	0.2881	0.2859	0.2697	0.0276	0.0242	0.0000	0.0360	0.0237	0.0210	0.0021	0.0045	0.0021	0.0086	0.0064	0.0000
found	round3-run4b	ei_depth3_25Mr_mix	headline	2	round3-run4b/artifacts/r3_4b/ei_depth3_25Mr_s2_mix	3	855	0.0000	0.0000	1.0000	0.0000	3205	0.0000	5999	0.2874	0.2847	0.2719	0.0250	0.0248	0.0000	0.0412	0.0243	0.0210	0.0028	0.0057	0.0027	0.0048	0.0035	0.0002
found	round3-run4b	ei_depth3_25Mr_mix	headline	2	round3-run4b/artifacts/r3_4b/ei_depth3_25Mr_s2_mix	4	538	0.0000	0.0000	1.0000	0.0000	3743	0.0000	3773	0.2876	0.2868	0.2526	0.0183	0.0292	0.0000	0.0368	0.0159	0.0183	0.0101	0.0278	0.0008	0.0029	0.0037	0.0093
found	round3-run4b	ei_depth3_25Mr_mix	headline	2	round3-run4b/artifacts/r3_4b/ei_depth3_25Mr_s2_mix	5	406	0.0000	0.0000	1.0000	0.0000	4149	0.0000	2846	0.2878	0.2878	0.2150	0.0172	0.0221	0.0000	0.0200	0.0401	0.0137	0.0302	0.0285	0.0000	0.0028	0.0046	0.0302
found	round3-run4b	ei_depth3_25Mr_mix	headline	2	round3-run4b/artifacts/r3_4b/ei_depth3_25Mr_s2_mix	6	443	0.0000	0.0000	1.0000	0.0000	4592	0.0000	3106	0.2862	0.2849	0.2147	0.0145	0.0145	0.0000	0.0229	0.0222	0.0145	0.0515	0.0161	0.0013	0.0039	0.0026	0.0502
found	round3-run4b	ei_depth3_25Mr_mix	headline	2	round3-run4b/artifacts/r3_4b/ei_depth3_25Mr_s2_mix	7	391	0.0000	0.0000	0.9974	0.0026	4983	0.0002	2738	0.2860	0.2860	0.1950	0.0153	0.0113	0.0000	0.0201	0.0164	0.0066	0.0738	0.0106	0.0000	0.0026	0.0026	0.0738
found	round3-run4b	ei_depth3_25Mr_mix	headline	2	round3-run4b/artifacts/r3_4b/ei_depth3_25Mr_s2_mix	8	371	0.0000	0.0000	0.9030	0.0970	5354	0.0069	2621	0.2972	0.2968	0.1717	0.0244	0.0153	0.0000	0.0088	0.0164	0.0072	0.0752	0.0031	0.0004	0.0027	0.0061	0.0748
found	round3-run4b	ei_depth3_85M_mix	headline	0	round3-run4b/artifacts/r3_4b/ei_depth3_85M_s0_mix	1	997	0.0000	0.0000	1.0000	0.0000	997	0.0000	6980	0.2857	0.2857	0.2735	0.0381	0.0254	0.0000	0.0173	0.0340	0.0156	0.0001	0.0049	0.0000	0.0169	0.0027	0.0001
found	round3-run4b	ei_depth3_85M_mix	headline	0	round3-run4b/artifacts/r3_4b/ei_depth3_85M_s0_mix	2	1293	0.0000	0.0000	1.0000	0.0000	2290	0.0000	9077	0.2849	0.2849	0.2718	0.0280	0.0219	0.0000	0.0297	0.0299	0.0184	0.0024	0.0108	0.0000	0.0107	0.0042	0.0024
found	round3-run4b	ei_depth3_85M_mix	headline	0	round3-run4b/artifacts/r3_4b/ei_depth3_85M_s0_mix	3	917	0.0000	0.0000	1.0000	0.0000	3207	0.0000	6467	0.2836	0.2834	0.2704	0.0251	0.0215	0.0000	0.0356	0.0308	0.0189	0.0032	0.0118	0.0002	0.0068	0.0057	0.0031
found	round3-run4b	ei_depth3_85M_mix	headline	0	round3-run4b/artifacts/r3_4b/ei_depth3_85M_s0_mix	4	527	0.0000	0.0000	1.0000	0.0000	3734	0.0000	3711	0.2840	0.2781	0.2528	0.0264	0.0167	0.0000	0.0326	0.0291	0.0119	0.0202	0.0086	0.0059	0.0049	0.0146	0.0143
found	round3-run4b	ei_depth3_85M_mix	headline	0	round3-run4b/artifacts/r3_4b/ei_depth3_85M_s0_mix	5	367	0.0000	0.0000	1.0000	0.0000	4101	0.0000	2580	0.2845	0.2829	0.2407	0.0256	0.0124	0.0000	0.0349	0.0209	0.0128	0.0333	0.0089	0.0016	0.0043	0.0054	0.0318
found	round3-run4b	ei_depth3_85M_mix	headline	0	round3-run4b/artifacts/r3_4b/ei_depth3_85M_s0_mix	6	208	0.0000	0.0000	1.0000	0.0000	4309	0.0000	1459	0.2858	0.2810	0.2330	0.0219	0.0096	0.0000	0.0295	0.0117	0.0117	0.0507	0.0055	0.0048	0.0055	0.0034	0.0459
found	round3-run4b	ei_depth3_85M_mix	headline	0	round3-run4b/artifacts/r3_4b/ei_depth3_85M_s0_mix	7	203	0.0000	0.0000	1.0000	0.0000	4512	0.0000	1423	0.3036	0.3015	0.2003	0.0316	0.0112	0.0000	0.0281	0.0126	0.0070	0.0429	0.0063	0.0021	0.0091	0.0028	0.0408
found	round3-run4b	ei_depth3_85M_mix	headline	0	round3-run4b/artifacts/r3_4b/ei_depth3_85M_s0_mix	8	226	0.0000	0.0000	1.0000	0.0000	4738	0.0000	1585	0.2959	0.2946	0.2120	0.0233	0.0107	0.0000	0.0227	0.0145	0.0114	0.0498	0.0063	0.0013	0.0038	0.0050	0.0486
found	round3-run4b	ei_depth3_85M_mix	headline	1	round3-run4b/artifacts/r3_4b/ei_depth3_85M_s1_mix	1	972	0.0000	0.0000	1.0000	0.0000	972	0.0000	6830	0.2846	0.2836	0.2753	0.0526	0.0224	0.0000	0.0122	0.0291	0.0173	0.0029	0.0012	0.0010	0.0145	0.0015	0.0019
found	round3-run4b	ei_depth3_85M_mix	headline	1	round3-run4b/artifacts/r3_4b/ei_depth3_85M_s1_mix	2	1320	0.0000	0.0000	1.0000	0.0000	2292	0.0000	9277	0.2846	0.2825	0.2626	0.0283	0.0174	0.0000	0.0215	0.0230	0.0209	0.0162	0.0124	0.0020	0.0102	0.0043	0.0141
found	round3-run4b	ei_depth3_85M_mix	headline	1	round3-run4b/artifacts/r3_4b/ei_depth3_85M_s1_mix	3	666	0.0000	0.0000	1.0000	0.0000	2958	0.0000	4669	0.2853	0.2842	0.2463	0.0169	0.0186	0.0000	0.0330	0.0218	0.0109	0.0268	0.0150	0.0011	0.0066	0.0077	0.0257
found	round3-run4b	ei_depth3_85M_mix	headline	1	round3-run4b/artifacts/r3_4b/ei_depth3_85M_s1_mix	4	499	0.0000	0.0000	1.0000	0.0000	3457	0.0000	3496	0.2855	0.2852	0.2337	0.0203	0.0089	0.0000	0.0383	0.0146	0.0109	0.0461	0.0066	0.0003	0.0017	0.0023	0.0458
found	round3-run4b	ei_depth3_85M_mix	headline	1	round3-run4b/artifacts/r3_4b/ei_depth3_85M_s1_mix	5	325	0.0000	0.0000	1.0000	0.0000	3782	0.0000	2279	0.2852	0.2852	0.2352	0.0132	0.0097	0.0000	0.0369	0.0189	0.0110	0.0452	0.0044	0.0000	0.0075	0.0026	0.0452
found	round3-run4b	ei_depth3_85M_mix	headline	1	round3-run4b/artifacts/r3_4b/ei_depth3_85M_s1_mix	6	235	0.0000	0.0000	1.0000	0.0000	4017	0.0000	1650	0.2848	0.2836	0.2497	0.0224	0.0158	0.0000	0.0364	0.0194	0.0133	0.0291	0.0055	0.0012	0.0073	0.0036	0.0279
found	round3-run4b	ei_depth3_85M_mix	headline	1	round3-run4b/artifacts/r3_4b/ei_depth3_85M_s1_mix	7	209	0.0000	0.0000	1.0000	0.0000	4226	0.0000	1480	0.2824	0.2811	0.2507	0.0236	0.0162	0.0000	0.0432	0.0162	0.0122	0.0297	0.0061	0.0014	0.0068	0.0020	0.0284
found	round3-run4b	ei_depth3_85M_mix	headline	1	round3-run4b/artifacts/r3_4b/ei_depth3_85M_s1_mix	8	151	0.0000	0.0000	1.0000	0.0000	4377	0.0000	1067	0.2830	0.2802	0.2615	0.0272	0.0197	0.0000	0.0291	0.0197	0.0150	0.0225	0.0150	0.0028	0.0047	0.0000	0.0197
found	round3-run4b	ei_depth3_85M_mix	headline	2	round3-run4b/artifacts/r3_4b/ei_depth3_85M_s2_mix	1	1092	0.0000	0.0000	1.0000	0.0000	1092	0.0000	7645	0.2875	0.2875	0.2653	0.0405	0.0275	0.0000	0.0196	0.0344	0.0080	0.0026	0.0041	0.0000	0.0175	0.0029	0.0026
found	round3-run4b	ei_depth3_85M_mix	headline	2	round3-run4b/artifacts/r3_4b/ei_depth3_85M_s2_mix	2	1452	0.0000	0.0000	1.0000	0.0000	2544	0.0000	10184	0.2872	0.2866	0.2600	0.0296	0.0223	0.0000	0.0353	0.0298	0.0121	0.0096	0.0067	0.0006	0.0078	0.0034	0.0090
found	round3-run4b	ei_depth3_85M_mix	headline	2	round3-run4b/artifacts/r3_4b/ei_depth3_85M_s2_mix	3	707	0.0000	0.0000	1.0000	0.0000	3251	0.0000	4999	0.2851	0.2833	0.2533	0.0228	0.0232	0.0000	0.0354	0.0324	0.0134	0.0166	0.0078	0.0018	0.0044	0.0058	0.0148
found	round3-run4b	ei_depth3_85M_mix	headline	2	round3-run4b/artifacts/r3_4b/ei_depth3_85M_s2_mix	4	488	0.0000	0.0000	1.0000	0.0000	3739	0.0000	3441	0.2848	0.2842	0.2357	0.0192	0.0250	0.0000	0.0238	0.0323	0.0151	0.0264	0.0212	0.0006	0.0029	0.0029	0.0259
found	round3-run4b	ei_depth3_85M_mix	headline	2	round3-run4b/artifacts/r3_4b/ei_depth3_85M_s2_mix	5	366	0.0000	0.0027	0.9973	0.0000	4105	0.0000	2574	0.2848	0.2836	0.2370	0.0268	0.0202	0.0000	0.0202	0.0272	0.0256	0.0233	0.0179	0.0012	0.0058	0.0043	0.0221
found	round3-run4b	ei_depth3_85M_mix	headline	2	round3-run4b/artifacts/r3_4b/ei_depth3_85M_s2_mix	6	262	0.0000	0.0954	0.9046	0.0000	4367	0.0000	1845	0.2705	0.2699	0.2363	0.0173	0.0336	0.0000	0.0260	0.0260	0.0157	0.0358	0.0244	0.0005	0.0054	0.0033	0.0352
found	round3-run4b	ei_depth3_85M_mix	headline	2	round3-run4b/artifacts/r3_4b/ei_depth3_85M_s2_mix	7	259	0.0000	0.0579	0.9421	0.0000	4626	0.0000	1818	0.2778	0.2778	0.2283	0.0160	0.0242	0.0000	0.0187	0.0198	0.0143	0.0495	0.0165	0.0000	0.0055	0.0022	0.0495
found	round3-run4b	ei_depth3_85M_mix	headline	2	round3-run4b/artifacts/r3_4b/ei_depth3_85M_s2_mix	8	216	0.0000	0.0231	0.9769	0.0000	4842	0.0000	1512	0.2831	0.2804	0.2070	0.0152	0.0172	0.0000	0.0172	0.0119	0.0159	0.0681	0.0126	0.0026	0.0020	0.0013	0.0655
found	round3-run4b	ei_depth3_85Mr_mix	headline	0	round3-run4b/artifacts/r3_4b/ei_depth3_85Mr_s0_mix	1	1131	0.0000	0.0018	0.9982	0.0000	1131	0.0000	7917	0.2856	0.2829	0.2693	0.0337	0.0256	0.0000	0.0139	0.0359	0.0125	0.0066	0.0085	0.0027	0.0162	0.0028	0.0039
found	round3-run4b	ei_depth3_85Mr_mix	headline	0	round3-run4b/artifacts/r3_4b/ei_depth3_85Mr_s0_mix	2	1764	0.0000	0.0136	0.9864	0.0000	2895	0.0000	12377	0.2850	0.2838	0.2606	0.0211	0.0199	0.0000	0.0361	0.0222	0.0187	0.0153	0.0091	0.0012	0.0078	0.0053	0.0141
found	round3-run4b	ei_depth3_85Mr_mix	headline	0	round3-run4b/artifacts/r3_4b/ei_depth3_85Mr_s0_mix	3	921	0.0000	0.0195	0.9794	0.0011	3816	0.0003	6481	0.2842	0.2833	0.2476	0.0204	0.0268	0.0000	0.0339	0.0227	0.0171	0.0211	0.0127	0.0009	0.0054	0.0035	0.0202
found	round3-run4b	ei_depth3_85Mr_mix	headline	0	round3-run4b/artifacts/r3_4b/ei_depth3_85Mr_s0_mix	4	540	0.0000	0.0093	0.9852	0.0056	4356	0.0009	3831	0.2824	0.2819	0.2493	0.0175	0.0355	0.0000	0.0292	0.0227	0.0149	0.0170	0.0271	0.0005	0.0029	0.0026	0.0164
found	round3-run4b	ei_depth3_85Mr_mix	headline	0	round3-run4b/artifacts/r3_4b/ei_depth3_85Mr_s0_mix	5	353	0.0000	0.0000	0.9632	0.0368	4709	0.0036	2501	0.2887	0.2875	0.2391	0.0268	0.0252	0.0000	0.0256	0.0248	0.0164	0.0208	0.0172	0.0012	0.0028	0.0044	0.0196
found	round3-run4b	ei_depth3_85Mr_mix	headline	0	round3-run4b/artifacts/r3_4b/ei_depth3_85Mr_s0_mix	6	212	0.0000	0.0000	0.9764	0.0236	4921	0.0045	1494	0.2871	0.2871	0.2503	0.0281	0.0134	0.0000	0.0301	0.0207	0.0174	0.0187	0.0194	0.0000	0.0047	0.0040	0.0187
found	round3-run4b	ei_depth3_85Mr_mix	headline	0	round3-run4b/artifacts/r3_4b/ei_depth3_85Mr_s0_mix	7	152	0.0000	0.0329	0.9474	0.0197	5073	0.0049	1074	0.2831	0.2831	0.2337	0.0335	0.0289	0.0000	0.0196	0.0186	0.0196	0.0270	0.0214	0.0000	0.0019	0.0028	0.0270
found	round3-run4b	ei_depth3_85Mr_mix	headline	0	round3-run4b/artifacts/r3_4b/ei_depth3_85Mr_s0_mix	8	151	0.0000	0.0000	0.9868	0.0132	5224	0.0052	1069	0.2844	0.2825	0.2311	0.0346	0.0206	0.0000	0.0318	0.0318	0.0094	0.0243	0.0150	0.0019	0.0056	0.0047	0.0225
found	round3-run4b	ei_depth3_85Mr_mix	headline	1	round3-run4b/artifacts/r3_4b/ei_depth3_85Mr_s1_mix	1	1221	0.0000	0.0000	1.0000	0.0000	1221	0.0000	8547	0.2857	0.2845	0.2643	0.0439	0.0332	0.0000	0.0113	0.0359	0.0146	0.0039	0.0063	0.0012	0.0075	0.0049	0.0027
found	round3-run4b	ei_depth3_85Mr_mix	headline	1	round3-run4b/artifacts/r3_4b/ei_depth3_85Mr_s1_mix	2	1450	0.0000	0.0000	1.0000	0.0000	2671	0.0000	10160	0.2863	0.2847	0.2669	0.0247	0.0196	0.0000	0.0396	0.0216	0.0143	0.0078	0.0089	0.0016	0.0111	0.0068	0.0062
found	round3-run4b	ei_depth3_85Mr_mix	headline	1	round3-run4b/artifacts/r3_4b/ei_depth3_85Mr_s1_mix	3	966	0.0000	0.0010	0.9990	0.0000	3637	0.0000	6799	0.2868	0.2853	0.2397	0.0174	0.0225	0.0000	0.0285	0.0171	0.0182	0.0268	0.0176	0.0015	0.0071	0.0062	0.0253
found	round3-run4b	ei_depth3_85Mr_mix	headline	1	round3-run4b/artifacts/r3_4b/ei_depth3_85Mr_s1_mix	4	550	0.0000	0.0418	0.9582	0.0000	4187	0.0000	3874	0.2811	0.2790	0.2344	0.0173	0.0266	0.0000	0.0245	0.0137	0.0188	0.0343	0.0266	0.0021	0.0036	0.0057	0.0323
found	round3-run4b	ei_depth3_85Mr_mix	headline	1	round3-run4b/artifacts/r3_4b/ei_depth3_85Mr_s1_mix	5	317	0.0000	0.0379	0.9621	0.0000	4504	0.0000	2229	0.2813	0.2799	0.2275	0.0144	0.0345	0.0000	0.0166	0.0135	0.0188	0.0372	0.0319	0.0013	0.0036	0.0036	0.0359
found	round3-run4b	ei_depth3_85Mr_mix	headline	1	round3-run4b/artifacts/r3_4b/ei_depth3_85Mr_s1_mix	6	323	0.0000	0.0248	0.9659	0.0093	4827	0.0006	2270	0.2828	0.2815	0.2225	0.0123	0.0189	0.0004	0.0291	0.0159	0.0106	0.0493	0.0176	0.0009	0.0070	0.0026	0.0485
found	round3-run4b	ei_depth3_85Mr_mix	headline	1	round3-run4b/artifacts/r3_4b/ei_depth3_85Mr_s1_mix	7	294	0.0000	0.0000	0.8741	0.1259	5121	0.0078	2090	0.2990	0.2933	0.2038	0.0096	0.0325	0.0048	0.0244	0.0287	0.0091	0.0383	0.0124	0.0010	0.0019	0.0038	0.0373
found	round3-run4b	ei_depth3_85Mr_mix	headline	1	round3-run4b/artifacts/r3_4b/ei_depth3_85Mr_s1_mix	8	662	0.0000	0.0030	0.3489	0.6480	5783	0.0811	4717	0.3712	0.3655	0.0943	0.0114	0.0494	0.0057	0.0089	0.0210	0.0028	0.0227	0.0208	0.0000	0.0025	0.0011	0.0227
found_transfer	round3-run4b	ei_depth3_85Mr_mix	headline	1	round3-run4b/artifacts/r3_4b/ei_depth3_85Mr_s1_mix	1	0					0		0	0.0000	0.0000	0.0000	0.0000	0.0000	0.0000	0.0000	0.0000	0.0000	0.0000	0.0000	0.0000	0.0000	0.0000	0.0000
found_transfer	round3-run4b	ei_depth3_85Mr_mix	headline	1	round3-run4b/artifacts/r3_4b/ei_depth3_85Mr_s1_mix	2	0					0		0	0.0000	0.0000	0.0000	0.0000	0.0000	0.0000	0.0000	0.0000	0.0000	0.0000	0.0000	0.0000	0.0000	0.0000	0.0000
found_transfer	round3-run4b	ei_depth3_85Mr_mix	headline	1	round3-run4b/artifacts/r3_4b/ei_depth3_85Mr_s1_mix	3	0					0		0	0.0000	0.0000	0.0000	0.0000	0.0000	0.0000	0.0000	0.0000	0.0000	0.0000	0.0000	0.0000	0.0000	0.0000	0.0000
found_transfer	round3-run4b	ei_depth3_85Mr_mix	headline	1	round3-run4b/artifacts/r3_4b/ei_depth3_85Mr_s1_mix	4	0					0		0	0.0000	0.0000	0.0000	0.0000	0.0000	0.0000	0.0000	0.0000	0.0000	0.0000	0.0000	0.0000	0.0000	0.0000	0.0000
found_transfer	round3-run4b	ei_depth3_85Mr_mix	headline	1	round3-run4b/artifacts/r3_4b/ei_depth3_85Mr_s1_mix	5	0					0		0	0.0000	0.0000	0.0000	0.0000	0.0000	0.0000	0.0000	0.0000	0.0000	0.0000	0.0000	0.0000	0.0000	0.0000	0.0000
found_transfer	round3-run4b	ei_depth3_85Mr_mix	headline	1	round3-run4b/artifacts/r3_4b/ei_depth3_85Mr_s1_mix	6	0					0		0	0.0000	0.0000	0.0000	0.0000	0.0000	0.0000	0.0000	0.0000	0.0000	0.0000	0.0000	0.0000	0.0000	0.0000	0.0000
found_transfer	round3-run4b	ei_depth3_85Mr_mix	headline	1	round3-run4b/artifacts/r3_4b/ei_depth3_85Mr_s1_mix	7	8	0.0000	0.0000	0.0000	1.0000	8	1.0000	62	0.3871	0.3871	0.0968	0.0000	0.1290	0.0000	0.0000	0.0000	0.0000	0.0000	0.0000	0.0000	0.0000	0.0000	0.0000
found_transfer	round3-run4b	ei_depth3_85Mr_mix	headline	1	round3-run4b/artifacts/r3_4b/ei_depth3_85Mr_s1_mix	8	90	0.0000	0.0000	0.0000	1.0000	98	1.0000	692	0.3902	0.3902	0.0809	0.0000	0.1142	0.0000	0.0000	0.0246	0.0000	0.0000	0.0000	0.0000	0.0000	0.0000	0.0000
found	round3-run4b	ei_depth3_85Mr_mix	headline	2	round3-run4b/artifacts/r3_4b/ei_depth3_85Mr_s2_mix	1	1303	0.0000	0.0000	1.0000	0.0000	1303	0.0000	9140	0.2852	0.2835	0.2765	0.0345	0.0219	0.0000	0.0201	0.0352	0.0212	0.0022	0.0008	0.0018	0.0142	0.0025	0.0004
found	round3-run4b	ei_depth3_85Mr_mix	headline	2	round3-run4b/artifacts/r3_4b/ei_depth3_85Mr_s2_mix	2	1333	0.0000	0.0000	1.0000	0.0000	2636	0.0000	9344	0.2878	0.2855	0.2687	0.0259	0.0162	0.0000	0.0354	0.0277	0.0174	0.0073	0.0076	0.0022	0.0088	0.0044	0.0050
found	round3-run4b	ei_depth3_85Mr_mix	headline	2	round3-run4b/artifacts/r3_4b/ei_depth3_85Mr_s2_mix	3	869	0.0000	0.0000	0.9988	0.0012	3505	0.0003	6100	0.2875	0.2862	0.2582	0.0290	0.0230	0.0002	0.0392	0.0175	0.0151	0.0095	0.0126	0.0010	0.0061	0.0064	0.0085
found	round3-run4b	ei_depth3_85Mr_mix	headline	2	round3-run4b/artifacts/r3_4b/ei_depth3_85Mr_s2_mix	4	522	0.0000	0.0000	0.9540	0.0460	4027	0.0062	3692	0.2960	0.2847	0.2457	0.0198	0.0255	0.0054	0.0371	0.0171	0.0133	0.0144	0.0168	0.0005	0.0049	0.0051	0.0138
found	round3-run4b	ei_depth3_85Mr_mix	headline	2	round3-run4b/artifacts/r3_4b/ei_depth3_85Mr_s2_mix	5	336	0.0000	0.0000	0.8393	0.1607	4363	0.0181	2377	0.3105	0.3016	0.2154	0.0273	0.0231	0.0038	0.0320	0.0164	0.0126	0.0168	0.0126	0.0013	0.0059	0.0050	0.0156
found	round3-run4b	ei_depth3_85Mr_mix	headline	2	round3-run4b/artifacts/r3_4b/ei_depth3_85Mr_s2_mix	6	469	0.0000	0.0000	0.2878	0.7122	4832	0.0855	3435	0.3712	0.3654	0.1156	0.0475	0.0143	0.0009	0.0090	0.0186	0.0160	0.0084	0.0213	0.0041	0.0020	0.0015	0.0044
found	round3-run4b	ei_depth3_85Mr_mix	headline	2	round3-run4b/artifacts/r3_4b/ei_depth3_85Mr_s2_mix	7	2774	0.0000	0.0000	0.0671	0.9329	7606	0.3946	21024	0.3871	0.3857	0.0905	0.0263	0.0311	0.0001	0.0021	0.0234	0.0166	0.0029	0.0114	0.0012	0.0113	0.0086	0.0017
found	round3-run4b	ei_depth3_85Mr_mix	headline	2	round3-run4b/artifacts/r3_4b/ei_depth3_85Mr_s2_mix	8	2939	0.0000	0.0000	0.0619	0.9381	10545	0.5460	22571	0.3828	0.3797	0.0975	0.0210	0.0355	0.0003	0.0009	0.0220	0.0159	0.0041	0.0130	0.0026	0.0119	0.0113	0.0016
found_transfer	round3-run4b	ei_depth3_85Mr_mix	headline	2	round3-run4b/artifacts/r3_4b/ei_depth3_85Mr_s2_mix	1	0					0		0	0.0000	0.0000	0.0000	0.0000	0.0000	0.0000	0.0000	0.0000	0.0000	0.0000	0.0000	0.0000	0.0000	0.0000	0.0000
found_transfer	round3-run4b	ei_depth3_85Mr_mix	headline	2	round3-run4b/artifacts/r3_4b/ei_depth3_85Mr_s2_mix	2	0					0		0	0.0000	0.0000	0.0000	0.0000	0.0000	0.0000	0.0000	0.0000	0.0000	0.0000	0.0000	0.0000	0.0000	0.0000	0.0000
found_transfer	round3-run4b	ei_depth3_85Mr_mix	headline	2	round3-run4b/artifacts/r3_4b/ei_depth3_85Mr_s2_mix	3	0					0		0	0.0000	0.0000	0.0000	0.0000	0.0000	0.0000	0.0000	0.0000	0.0000	0.0000	0.0000	0.0000	0.0000	0.0000	0.0000
found_transfer	round3-run4b	ei_depth3_85Mr_mix	headline	2	round3-run4b/artifacts/r3_4b/ei_depth3_85Mr_s2_mix	4	0					0		0	0.0000	0.0000	0.0000	0.0000	0.0000	0.0000	0.0000	0.0000	0.0000	0.0000	0.0000	0.0000	0.0000	0.0000	0.0000
found_transfer	round3-run4b	ei_depth3_85Mr_mix	headline	2	round3-run4b/artifacts/r3_4b/ei_depth3_85Mr_s2_mix	5	0					0		0	0.0000	0.0000	0.0000	0.0000	0.0000	0.0000	0.0000	0.0000	0.0000	0.0000	0.0000	0.0000	0.0000	0.0000	0.0000
found_transfer	round3-run4b	ei_depth3_85Mr_mix	headline	2	round3-run4b/artifacts/r3_4b/ei_depth3_85Mr_s2_mix	6	60	0.0000	0.0000	0.0000	1.0000	60	1.0000	451	0.3991	0.3991	0.0687	0.0399	0.0643	0.0000	0.0000	0.0288	0.0000	0.0000	0.0000	0.0000	0.0000	0.0000	0.0000
found_transfer	round3-run4b	ei_depth3_85Mr_mix	headline	2	round3-run4b/artifacts/r3_4b/ei_depth3_85Mr_s2_mix	7	417	0.0000	0.0000	0.0000	1.0000	477	1.0000	3284	0.3809	0.3809	0.1108	0.0134	0.0646	0.0000	0.0000	0.0180	0.0238	0.0000	0.0061	0.0000	0.0015	0.0000	0.0000
found_transfer	round3-run4b	ei_depth3_85Mr_mix	headline	2	round3-run4b/artifacts/r3_4b/ei_depth3_85Mr_s2_mix	8	741	0.0000	0.0000	0.0000	1.0000	1218	1.0000	5873	0.3785	0.3785	0.1141	0.0291	0.0511	0.0000	0.0000	0.0194	0.0126	0.0000	0.0073	0.0000	0.0037	0.0056	0.0000
found	state-cap12	la_T1_K12	headline	0	state-cap12/artifacts/sc12/la_T1_K12_s0	1	5815	0.0010	0.1159	0.6413	0.2418	5815	0.2418	54166	0.3061	0.2056	0.1780	0.0324	0.0685	0.0458	0.0316	0.0240	0.0265	0.0218	0.0143	0.0088	0.0123	0.0115	0.0127
found	state-cap12	la_T1_K12	headline	0	state-cap12/artifacts/sc12/la_T1_K12_s0	2	7027	0.0007	0.0662	0.3484	0.5847	12842	0.4295	68815	0.3178	0.2498	0.1441	0.0393	0.0662	0.0314	0.0283	0.0301	0.0228	0.0150	0.0159	0.0052	0.0116	0.0123	0.0102
found	state-cap12	la_T1_K12	headline	0	state-cap12/artifacts/sc12/la_T1_K12_s0	3	6129	0.0018	0.0679	0.3899	0.5404	18971	0.4653	61933	0.3091	0.2347	0.1450	0.0506	0.0627	0.0336	0.0303	0.0317	0.0220	0.0201	0.0161	0.0072	0.0109	0.0123	0.0137
found	state-cap12	la_T1_K12	headline	0	state-cap12/artifacts/sc12/la_T1_K12_s0	4	7901	0.0008	0.0577	0.3689	0.5726	26872	0.4968	80710	0.3104	0.2369	0.1384	0.0613	0.0572	0.0334	0.0308	0.0315	0.0219	0.0190	0.0155	0.0067	0.0120	0.0115	0.0135
found	state-cap12	la_T1_K12	headline	0	state-cap12/artifacts/sc12/la_T1_K12_s0	5	10217	0.0007	0.0450	0.3488	0.6055	37089	0.5268	103227	0.3077	0.2437	0.1336	0.0715	0.0543	0.0283	0.0264	0.0302	0.0223	0.0205	0.0167	0.0073	0.0116	0.0120	0.0138
found	state-cap12	la_T1_K12	headline	0	state-cap12/artifacts/sc12/la_T1_K12_s0	6	12154	0.0005	0.0446	0.3503	0.6047	49243	0.5460	122082	0.3083	0.2465	0.1298	0.0761	0.0516	0.0273	0.0265	0.0270	0.0239	0.0209	0.0149	0.0073	0.0138	0.0115	0.0146
found	state-cap12	la_T1_K12	headline	0	state-cap12/artifacts/sc12/la_T1_K12_s0	7	15071	0.0006	0.0421	0.3445	0.6128	64314	0.5617	152437	0.3073	0.2460	0.1287	0.0809	0.0515	0.0266	0.0266	0.0252	0.0238	0.0214	0.0150	0.0080	0.0127	0.0114	0.0149
found	state-cap12	la_T1_K12	headline	0	state-cap12/artifacts/sc12/la_T1_K12_s0	8	15873	0.0004	0.0411	0.3501	0.6084	80187	0.5709	160563	0.3065	0.2431	0.1275	0.0837	0.0503	0.0272	0.0280	0.0249	0.0251	0.0217	0.0155	0.0090	0.0119	0.0117	0.0139
found_transfer	state-cap12	la_T1_K12	headline	0	state-cap12/artifacts/sc12/la_T1_K12_s0	1	1633	0.0006	0.1212	0.5732	0.3050	1633	0.3050	16358	0.3058	0.1856	0.1800	0.0282	0.0736	0.0526	0.0304	0.0190	0.0348	0.0268	0.0127	0.0150	0.0139	0.0126	0.0089
found_transfer	state-cap12	la_T1_K12	headline	0	state-cap12/artifacts/sc12/la_T1_K12_s0	2	2899	0.0003	0.0417	0.2208	0.7372	4532	0.5814	29485	0.3173	0.2579	0.1521	0.0321	0.0741	0.0262	0.0250	0.0244	0.0275	0.0134	0.0135	0.0070	0.0112	0.0121	0.0062
found_transfer	state-cap12	la_T1_K12	headline	0	state-cap12/artifacts/sc12/la_T1_K12_s0	3	2166	0.0009	0.0314	0.2114	0.7562	6698	0.6380	22796	0.3160	0.2570	0.1423	0.0386	0.0728	0.0259	0.0265	0.0242	0.0275	0.0140	0.0160	0.0072	0.0129	0.0128	0.0064
found_transfer	state-cap12	la_T1_K12	headline	0	state-cap12/artifacts/sc12/la_T1_K12_s0	4	2621	0.0000	0.0332	0.2198	0.7470	9319	0.6686	28116	0.3125	0.2498	0.1401	0.0467	0.0695	0.0274	0.0296	0.0250	0.0248	0.0160	0.0163	0.0079	0.0124	0.0138	0.0083
found_transfer	state-cap12	la_T1_K12	headline	0	state-cap12/artifacts/sc12/la_T1_K12_s0	5	3126	0.0003	0.0224	0.1894	0.7879	12445	0.6986	33408	0.3118	0.2553	0.1317	0.0582	0.0648	0.0236	0.0262	0.0252	0.0267	0.0180	0.0155	0.0092	0.0114	0.0140	0.0083
found_transfer	state-cap12	la_T1_K12	headline	0	state-cap12/artifacts/sc12/la_T1_K12_s0	6	3642	0.0003	0.0253	0.1864	0.7880	16087	0.7188	38672	0.3091	0.2579	0.1299	0.0627	0.0660	0.0213	0.0247	0.0218	0.0266	0.0176	0.0150	0.0087	0.0143	0.0156	0.0089
found_transfer	state-cap12	la_T1_K12	headline	0	state-cap12/artifacts/sc12/la_T1_K12_s0	7	4464	0.0009	0.0242	0.1940	0.7809	20551	0.7323	47452	0.3096	0.2538	0.1271	0.0688	0.0613	0.0227	0.0252	0.0228	0.0293	0.0184	0.0158	0.0105	0.0123	0.0147	0.0078
found_transfer	state-cap12	la_T1_K12	headline	0	state-cap12/artifacts/sc12/la_T1_K12_s0	8	4713	0.0000	0.0244	0.2001	0.7755	25264	0.7404	50085	0.3067	0.2505	0.1279	0.0731	0.0583	0.0222	0.0254	0.0202	0.0326	0.0200	0.0148	0.0119	0.0140	0.0141	0.0082
found	state-cap12	la_T1_K12	headline	1	state-cap12/artifacts/sc12/la_T1_K12_s1	1	4951	0.0012	0.1097	0.6823	0.2068	4951	0.2068	46180	0.3046	0.2046	0.1839	0.0331	0.0670	0.0458	0.0276	0.0284	0.0316	0.0209	0.0120	0.0084	0.0094	0.0103	0.0124
found	state-cap12	la_T1_K12	headline	1	state-cap12/artifacts/sc12/la_T1_K12_s1	2	5783	0.0003	0.0540	0.3600	0.5857	10734	0.4109	55698	0.3238	0.2540	0.1433	0.0391	0.0624	0.0321	0.0210	0.0309	0.0244	0.0158	0.0162	0.0057	0.0104	0.0112	0.0098
found	state-cap12	la_T1_K12	headline	1	state-cap12/artifacts/sc12/la_T1_K12_s1	3	5269	0.0008	0.0518	0.4177	0.5297	16003	0.4500	52956	0.3097	0.2387	0.1438	0.0555	0.0624	0.0324	0.0238	0.0327	0.0262	0.0195	0.0142	0.0063	0.0113	0.0101	0.0134
found	state-cap12	la_T1_K12	headline	1	state-cap12/artifacts/sc12/la_T1_K12_s1	4	7627	0.0009	0.0372	0.3789	0.5829	23630	0.4929	76748	0.3120	0.2453	0.1361	0.0642	0.0563	0.0302	0.0234	0.0311	0.0241	0.0195	0.0155	0.0063	0.0115	0.0106	0.0139
found	state-cap12	la_T1_K12	headline	1	state-cap12/artifacts/sc12/la_T1_K12_s1	5	8956	0.0007	0.0408	0.3556	0.6029	32586	0.5232	89210	0.3092	0.2522	0.1314	0.0730	0.0551	0.0252	0.0212	0.0304	0.0261	0.0201	0.0142	0.0066	0.0109	0.0103	0.0140
found	state-cap12	la_T1_K12	headline	1	state-cap12/artifacts/sc12/la_T1_K12_s1	6	11151	0.0004	0.0350	0.3617	0.6030	43737	0.5435	111203	0.3095	0.2512	0.1283	0.0779	0.0530	0.0257	0.0230	0.0306	0.0272	0.0197	0.0141	0.0069	0.0105	0.0088	0.0134
found	state-cap12	la_T1_K12	headline	1	state-cap12/artifacts/sc12/la_T1_K12_s1	7	13004	0.0009	0.0274	0.3577	0.6140	56741	0.5597	130059	0.3088	0.2509	0.1275	0.0797	0.0510	0.0250	0.0225	0.0294	0.0291	0.0216	0.0134	0.0081	0.0096	0.0099	0.0137
found	state-cap12	la_T1_K12	headline	1	state-cap12/artifacts/sc12/la_T1_K12_s1	8	13138	0.0010	0.0334	0.3558	0.6098	69879	0.5691	131231	0.3091	0.2511	0.1247	0.0808	0.0513	0.0247	0.0210	0.0293	0.0283	0.0226	0.0142	0.0086	0.0103	0.0096	0.0146
found_transfer	state-cap12	la_T1_K12	headline	1	state-cap12/artifacts/sc12/la_T1_K12_s1	1	1328	0.0015	0.0843	0.6190	0.2952	1328	0.2952	13085	0.3062	0.1897	0.1878	0.0252	0.0646	0.0496	0.0241	0.0232	0.0413	0.0280	0.0150	0.0173	0.0093	0.0105	0.0082
found_transfer	state-cap12	la_T1_K12	headline	1	state-cap12/artifacts/sc12/la_T1_K12_s1	2	2405	0.0008	0.0312	0.2170	0.7509	3733	0.5888	24379	0.3213	0.2656	0.1487	0.0345	0.0772	0.0244	0.0171	0.0222	0.0306	0.0126	0.0135	0.0069	0.0095	0.0106	0.0052
found_transfer	state-cap12	la_T1_K12	headline	1	state-cap12/artifacts/sc12/la_T1_K12_s1	3	1939	0.0000	0.0361	0.2336	0.7303	5672	0.6372	19971	0.3183	0.2577	0.1412	0.0408	0.0752	0.0265	0.0190	0.0260	0.0292	0.0160	0.0139	0.0075	0.0104	0.0107	0.0075
found_transfer	state-cap12	la_T1_K12	headline	1	state-cap12/artifacts/sc12/la_T1_K12_s1	4	2344	0.0013	0.0260	0.2099	0.7628	8016	0.6739	24720	0.3140	0.2555	0.1385	0.0472	0.0724	0.0255	0.0197	0.0284	0.0292	0.0167	0.0156	0.0074	0.0104	0.0111	0.0084
found_transfer	state-cap12	la_T1_K12	headline	1	state-cap12/artifacts/sc12/la_T1_K12_s1	5	2600	0.0004	0.0204	0.2258	0.7535	10616	0.6934	27308	0.3112	0.2619	0.1329	0.0561	0.0695	0.0210	0.0167	0.0255	0.0332	0.0167	0.0163	0.0074	0.0116	0.0117	0.0083
found_transfer	state-cap12	la_T1_K12	headline	1	state-cap12/artifacts/sc12/la_T1_K12_s1	6	3217	0.0000	0.0140	0.1989	0.7871	13833	0.7152	34054	0.3101	0.2607	0.1339	0.0639	0.0661	0.0215	0.0208	0.0283	0.0332	0.0137	0.0156	0.0065	0.0097	0.0096	0.0066
found_transfer	state-cap12	la_T1_K12	headline	1	state-cap12/artifacts/sc12/la_T1_K12_s1	7	3723	0.0000	0.0115	0.1775	0.8109	17556	0.7355	39115	0.3090	0.2613	0.1290	0.0687	0.0624	0.0198	0.0184	0.0268	0.0367	0.0164	0.0160	0.0080	0.0094	0.0110	0.0072
found_transfer	state-cap12	la_T1_K12	headline	1	state-cap12/artifacts/sc12/la_T1_K12_s1	8	3761	0.0000	0.0125	0.1896	0.7979	21317	0.7465	39201	0.3096	0.2635	0.1263	0.0692	0.0628	0.0190	0.0160	0.0274	0.0360	0.0176	0.0149	0.0081	0.0095	0.0106	0.0092
found	state-cap12	la_T1_SN12	headline	0	state-cap12/artifacts/sc12/la_T1_SN12_s0	1	12565	0.0004	0.0677	0.3674	0.5644	12565	0.5644	129018	0.3310	0.2241	0.1363	0.0354	0.0579	0.0476	0.0367	0.0288	0.0202	0.0219	0.0172	0.0116	0.0103	0.0103	0.0108
found	state-cap12	la_T1_SN12	headline	0	state-cap12/artifacts/sc12/la_T1_SN12_s0	2	9361	0.0005	0.0699	0.3593	0.5703	21926	0.5670	109582	0.3272	0.1965	0.1233	0.0450	0.0561	0.0582	0.0450	0.0344	0.0217	0.0252	0.0177	0.0142	0.0118	0.0124	0.0116
found	state-cap12	la_T1_SN12	headline	0	state-cap12/artifacts/sc12/la_T1_SN12_s0	3	11424	0.0002	0.0496	0.3429	0.6073	33350	0.5808	138786	0.3331	0.2007	0.1069	0.0492	0.0535	0.0594	0.0471	0.0361	0.0212	0.0255	0.0188	0.0137	0.0111	0.0118	0.0119
found	state-cap12	la_T1_SN12	headline	0	state-cap12/artifacts/sc12/la_T1_SN12_s0	4	14370	0.0000	0.0430	0.3143	0.6427	47720	0.5994	173544	0.3338	0.2073	0.0989	0.0576	0.0484	0.0557	0.0440	0.0363	0.0215	0.0265	0.0190	0.0151	0.0119	0.0128	0.0115
found	state-cap12	la_T1_SN12	headline	0	state-cap12/artifacts/sc12/la_T1_SN12_s0	5	17716	0.0002	0.0387	0.3068	0.6542	65436	0.6142	215796	0.3348	0.2099	0.0942	0.0616	0.0458	0.0549	0.0437	0.0356	0.0227	0.0269	0.0194	0.0152	0.0116	0.0124	0.0115
found	state-cap12	la_T1_SN12	headline	0	state-cap12/artifacts/sc12/la_T1_SN12_s0	6	20508	0.0000	0.0316	0.2927	0.6757	85944	0.6289	250023	0.3357	0.2132	0.0900	0.0645	0.0440	0.0532	0.0422	0.0354	0.0232	0.0275	0.0205	0.0162	0.0112	0.0122	0.0111
found	state-cap12	la_T1_SN12	headline	0	state-cap12/artifacts/sc12/la_T1_SN12_s0	7	22818	0.0001	0.0298	0.2859	0.6843	108762	0.6405	282768	0.3382	0.2121	0.0856	0.0667	0.0443	0.0552	0.0451	0.0338	0.0230	0.0261	0.0191	0.0157	0.0119	0.0131	0.0102
found	state-cap12	la_T1_SN12	headline	0	state-cap12/artifacts/sc12/la_T1_SN12_s0	8	27363	0.0001	0.0270	0.2853	0.6876	136125	0.6500	340412	0.3357	0.2106	0.0847	0.0702	0.0436	0.0545	0.0461	0.0325	0.0240	0.0270	0.0192	0.0161	0.0121	0.0127	0.0110
found_transfer	state-cap12	la_T1_SN12	headline	0	state-cap12/artifacts/sc12/la_T1_SN12_s0	1	5104	0.0006	0.0601	0.3029	0.6364	5104	0.6364	56014	0.3283	0.2168	0.1348	0.0349	0.0685	0.0484	0.0373	0.0250	0.0232	0.0228	0.0153	0.0147	0.0095	0.0125	0.0080
found_transfer	state-cap12	la_T1_SN12	headline	0	state-cap12/artifacts/sc12/la_T1_SN12_s0	2	3845	0.0000	0.0614	0.3025	0.6362	8949	0.6363	47195	0.3234	0.1916	0.1222	0.0430	0.0682	0.0564	0.0451	0.0302	0.0210	0.0288	0.0171	0.0190	0.0118	0.0130	0.0092
found_transfer	state-cap12	la_T1_SN12	headline	0	state-cap12/artifacts/sc12/la_T1_SN12_s0	3	4207	0.0000	0.0513	0.2976	0.6511	13156	0.6410	53659	0.3270	0.1907	0.1110	0.0491	0.0647	0.0591	0.0451	0.0310	0.0224	0.0286	0.0170	0.0182	0.0119	0.0147	0.0096
found_transfer	state-cap12	la_T1_SN12	headline	0	state-cap12/artifacts/sc12/la_T1_SN12_s0	4	4887	0.0000	0.0409	0.2805	0.6785	18043	0.6512	62449	0.3260	0.1944	0.1040	0.0519	0.0614	0.0552	0.0409	0.0322	0.0238	0.0325	0.0168	0.0212	0.0138	0.0149	0.0109
found_transfer	state-cap12	la_T1_SN12	headline	0	state-cap12/artifacts/sc12/la_T1_SN12_s0	5	5494	0.0000	0.0386	0.2563	0.7051	23537	0.6638	71454	0.3287	0.1921	0.0988	0.0543	0.0569	0.0569	0.0421	0.0323	0.0250	0.0343	0.0168	0.0228	0.0133	0.0155	0.0102
found_transfer	state-cap12	la_T1_SN12	headline	0	state-cap12/artifacts/sc12/la_T1_SN12_s0	6	6377	0.0000	0.0310	0.2522	0.7168	29914	0.6751	82940	0.3283	0.1953	0.0957	0.0591	0.0529	0.0551	0.0405	0.0330	0.0250	0.0352	0.0170	0.0228	0.0135	0.0154	0.0113
found_transfer	state-cap12	la_T1_SN12	headline	0	state-cap12/artifacts/sc12/la_T1_SN12_s0	7	6828	0.0001	0.0248	0.2528	0.7223	36742	0.6838	91451	0.3311	0.1906	0.0887	0.0620	0.0548	0.0587	0.0453	0.0306	0.0254	0.0342	0.0156	0.0231	0.0140	0.0162	0.0097
found_transfer	state-cap12	la_T1_SN12	headline	0	state-cap12/artifacts/sc12/la_T1_SN12_s0	8	8372	0.0000	0.0227	0.2580	0.7193	45114	0.6904	111560	0.3283	0.1900	0.0913	0.0625	0.0519	0.0567	0.0438	0.0300	0.0277	0.0368	0.0165	0.0249	0.0140	0.0153	0.0103
found	state-cap12	la_T1_SN12	headline	1	state-cap12/artifacts/sc12/la_T1_SN12_s1	1	15199	0.0005	0.0732	0.3598	0.5666	15199	0.5666	161365	0.3273	0.2194	0.1377	0.0349	0.0611	0.0492	0.0363	0.0292	0.0243	0.0210	0.0157	0.0095	0.0118	0.0107	0.0121
found	state-cap12	la_T1_SN12	headline	1	state-cap12/artifacts/sc12/la_T1_SN12_s1	2	11264	0.0004	0.0660	0.3495	0.5841	26463	0.5740	138410	0.3286	0.1925	0.1193	0.0417	0.0578	0.0616	0.0453	0.0319	0.0262	0.0258	0.0171	0.0128	0.0140	0.0120	0.0134
found	state-cap12	la_T1_SN12	headline	1	state-cap12/artifacts/sc12/la_T1_SN12_s1	3	13643	0.0000	0.0575	0.3284	0.6142	40106	0.5877	169204	0.3299	0.1942	0.1082	0.0490	0.0536	0.0608	0.0441	0.0328	0.0264	0.0283	0.0178	0.0141	0.0142	0.0125	0.0140
found	state-cap12	la_T1_SN12	headline	1	state-cap12/artifacts/sc12/la_T1_SN12_s1	4	19170	0.0000	0.0471	0.2999	0.6530	59276	0.6088	239619	0.3329	0.1995	0.0974	0.0562	0.0500	0.0593	0.0429	0.0321	0.0274	0.0288	0.0185	0.0148	0.0135	0.0126	0.0140
found	state-cap12	la_T1_SN12	headline	1	state-cap12/artifacts/sc12/la_T1_SN12_s1	5	24199	0.0000	0.0386	0.2851	0.6764	83475	0.6284	304629	0.3353	0.2026	0.0896	0.0626	0.0477	0.0588	0.0434	0.0314	0.0276	0.0287	0.0186	0.0151	0.0130	0.0120	0.0134
found	state-cap12	la_T1_SN12	headline	1	state-cap12/artifacts/sc12/la_T1_SN12_s1	6	28314	0.0001	0.0313	0.2644	0.7043	111789	0.6476	361903	0.3393	0.2016	0.0837	0.0650	0.0455	0.0613	0.0447	0.0299	0.0273	0.0287	0.0194	0.0151	0.0131	0.0122	0.0133
found	state-cap12	la_T1_SN12	headline	1	state-cap12/artifacts/sc12/la_T1_SN12_s1	7	32697	0.0001	0.0280	0.2536	0.7183	144486	0.6636	416060	0.3400	0.2055	0.0807	0.0707	0.0439	0.0598	0.0434	0.0287	0.0278	0.0279	0.0189	0.0150	0.0126	0.0121	0.0129
found	state-cap12	la_T1_SN12	headline	1	state-cap12/artifacts/sc12/la_T1_SN12_s1	8	36378	0.0001	0.0266	0.2588	0.7145	180864	0.6739	470670	0.3411	0.2035	0.0795	0.0712	0.0422	0.0611	0.0457	0.0271	0.0287	0.0284	0.0189	0.0155	0.0128	0.0117	0.0127
found_transfer	state-cap12	la_T1_SN12	headline	1	state-cap12/artifacts/sc12/la_T1_SN12_s1	1	6492	0.0006	0.0516	0.3001	0.6477	6492	0.6477	73524	0.3239	0.2167	0.1345	0.0368	0.0729	0.0480	0.0360	0.0265	0.0268	0.0200	0.0135	0.0113	0.0121	0.0131	0.0080
found_transfer	state-cap12	la_T1_SN12	headline	1	state-cap12/artifacts/sc12/la_T1_SN12_s1	2	4920	0.0004	0.0543	0.3100	0.6354	11412	0.6424	62623	0.3233	0.1891	0.1190	0.0422	0.0680	0.0589	0.0436	0.0292	0.0276	0.0281	0.0156	0.0165	0.0142	0.0141	0.0106
found_transfer	state-cap12	la_T1_SN12	headline	1	state-cap12/artifacts/sc12/la_T1_SN12_s1	3	5328	0.0002	0.0578	0.2885	0.6535	16740	0.6459	70403	0.3235	0.1835	0.1081	0.0458	0.0635	0.0608	0.0414	0.0333	0.0288	0.0319	0.0154	0.0182	0.0164	0.0171	0.0122
found_transfer	state-cap12	la_T1_SN12	headline	1	state-cap12/artifacts/sc12/la_T1_SN12_s1	4	6887	0.0000	0.0415	0.2691	0.6894	23627	0.6586	92569	0.3274	0.1886	0.1004	0.0503	0.0592	0.0603	0.0430	0.0313	0.0313	0.0310	0.0157	0.0183	0.0157	0.0160	0.0116
found_transfer	state-cap12	la_T1_SN12	headline	1	state-cap12/artifacts/sc12/la_T1_SN12_s1	5	8270	0.0000	0.0389	0.2692	0.6919	31897	0.6672	111680	0.3271	0.1834	0.0931	0.0573	0.0546	0.0606	0.0411	0.0326	0.0335	0.0360	0.0166	0.0224	0.0145	0.0150	0.0123
found_transfer	state-cap12	la_T1_SN12	headline	1	state-cap12/artifacts/sc12/la_T1_SN12_s1	6	9464	0.0000	0.0287	0.2657	0.7055	41361	0.6760	129604	0.3295	0.1807	0.0903	0.0586	0.0525	0.0630	0.0420	0.0306	0.0335	0.0370	0.0169	0.0228	0.0147	0.0157	0.0122
found_transfer	state-cap12	la_T1_SN12	headline	1	state-cap12/artifacts/sc12/la_T1_SN12_s1	7	10543	0.0001	0.0276	0.2468	0.7255	51904	0.6861	144785	0.3321	0.1851	0.0860	0.0629	0.0518	0.0628	0.0423	0.0291	0.0335	0.0350	0.0160	0.0215	0.0142	0.0155	0.0122
found_transfer	state-cap12	la_T1_SN12	headline	1	state-cap12/artifacts/sc12/la_T1_SN12_s1	8	11431	0.0001	0.0242	0.2558	0.7199	63335	0.6922	159693	0.3317	0.1829	0.0847	0.0640	0.0481	0.0624	0.0440	0.0279	0.0344	0.0380	0.0165	0.0239	0.0149	0.0144	0.0119
found	state-cap12	la_T1_SN12	headline	2	state-cap12/artifacts/sc12/la_T1_SN12_s2	1	15425	0.0002	0.0732	0.3597	0.5669	15425	0.5669	163914	0.3267	0.2171	0.1371	0.0385	0.0595	0.0497	0.0352	0.0282	0.0243	0.0221	0.0168	0.0102	0.0108	0.0115	0.0122
found	state-cap12	la_T1_SN12	headline	2	state-cap12/artifacts/sc12/la_T1_SN12_s2	2	12604	0.0002	0.0586	0.3538	0.5874	28029	0.5761	154792	0.3267	0.1923	0.1155	0.0487	0.0570	0.0606	0.0464	0.0326	0.0257	0.0262	0.0178	0.0131	0.0115	0.0130	0.0129
found	state-cap12	la_T1_SN12	headline	2	state-cap12/artifacts/sc12/la_T1_SN12_s2	3	16309	0.0001	0.0494	0.3185	0.6320	44338	0.5967	203300	0.3315	0.1949	0.1022	0.0591	0.0498	0.0607	0.0460	0.0327	0.0259	0.0274	0.0170	0.0151	0.0127	0.0131	0.0118
found	state-cap12	la_T1_SN12	headline	2	state-cap12/artifacts/sc12/la_T1_SN12_s2	4	21710	0.0001	0.0410	0.2937	0.6652	66048	0.6192	272574	0.3336	0.1968	0.0942	0.0663	0.0488	0.0606	0.0459	0.0321	0.0259	0.0271	0.0175	0.0156	0.0119	0.0124	0.0113
found	state-cap12	la_T1_SN12	headline	2	state-cap12/artifacts/sc12/la_T1_SN12_s2	5	26424	0.0000	0.0358	0.2768	0.6874	92472	0.6387	328218	0.3336	0.2042	0.0909	0.0711	0.0478	0.0567	0.0455	0.0305	0.0260	0.0266	0.0170	0.0160	0.0114	0.0118	0.0108
found	state-cap12	la_T1_SN12	headline	2	state-cap12/artifacts/sc12/la_T1_SN12_s2	6	32465	0.0002	0.0337	0.2574	0.7088	124937	0.6569	399299	0.3336	0.2081	0.0880	0.0789	0.0462	0.0552	0.0450	0.0302	0.0255	0.0251	0.0166	0.0152	0.0113	0.0112	0.0099
found	state-cap12	la_T1_SN12	headline	2	state-cap12/artifacts/sc12/la_T1_SN12_s2	7	37185	0.0000	0.0301	0.2478	0.7221	162122	0.6718	466172	0.3372	0.2056	0.0858	0.0793	0.0460	0.0586	0.0459	0.0295	0.0246	0.0236	0.0172	0.0144	0.0112	0.0115	0.0095
found	state-cap12	la_T1_SN12	headline	2	state-cap12/artifacts/sc12/la_T1_SN12_s2	8	40080	0.0000	0.0291	0.2484	0.7225	202202	0.6819	504371	0.3361	0.2025	0.0853	0.0819	0.0457	0.0594	0.0462	0.0279	0.0247	0.0253	0.0166	0.0149	0.0115	0.0122	0.0102
found_transfer	state-cap12	la_T1_SN12	headline	2	state-cap12/artifacts/sc12/la_T1_SN12_s2	1	6655	0.0009	0.0591	0.2938	0.6463	6655	0.6463	74951	0.3238	0.2140	0.1349	0.0393	0.0666	0.0479	0.0338	0.0250	0.0287	0.0233	0.0149	0.0140	0.0120	0.0128	0.0089
found_transfer	state-cap12	la_T1_SN12	headline	2	state-cap12/artifacts/sc12/la_T1_SN12_s2	2	5370	0.0004	0.0607	0.3058	0.6331	12025	0.6404	68421	0.3210	0.1871	0.1160	0.0444	0.0665	0.0573	0.0443	0.0282	0.0300	0.0303	0.0165	0.0193	0.0134	0.0151	0.0107
found_transfer	state-cap12	la_T1_SN12	headline	2	state-cap12/artifacts/sc12/la_T1_SN12_s2	3	6259	0.0000	0.0438	0.2889	0.6674	18284	0.6496	82734	0.3233	0.1820	0.1048	0.0513	0.0604	0.0598	0.0454	0.0302	0.0309	0.0333	0.0159	0.0216	0.0140	0.0168	0.0102
found_transfer	state-cap12	la_T1_SN12	headline	2	state-cap12/artifacts/sc12/la_T1_SN12_s2	4	7601	0.0000	0.0479	0.2759	0.6762	25885	0.6574	102796	0.3261	0.1753	0.0963	0.0562	0.0572	0.0629	0.0447	0.0277	0.0302	0.0370	0.0171	0.0251	0.0165	0.0174	0.0101
found_transfer	state-cap12	la_T1_SN12	headline	2	state-cap12/artifacts/sc12/la_T1_SN12_s2	5	8812	0.0001	0.0373	0.2623	0.7003	34697	0.6683	118362	0.3236	0.1837	0.0940	0.0624	0.0578	0.0576	0.0446	0.0283	0.0316	0.0354	0.0164	0.0246	0.0147	0.0157	0.0096
found_transfer	state-cap12	la_T1_SN12	headline	2	state-cap12/artifacts/sc12/la_T1_SN12_s2	6	10326	0.0001	0.0367	0.2327	0.7305	45023	0.6826	137641	0.3236	0.1867	0.0912	0.0696	0.0572	0.0565	0.0451	0.0261	0.0312	0.0348	0.0146	0.0239	0.0144	0.0152	0.0100
found_transfer	state-cap12	la_T1_SN12	headline	2	state-cap12/artifacts/sc12/la_T1_SN12_s2	7	11597	0.0000	0.0294	0.2338	0.7368	56620	0.6937	157676	0.3259	0.1844	0.0901	0.0693	0.0574	0.0592	0.0462	0.0269	0.0299	0.0336	0.0153	0.0231	0.0135	0.0152	0.0098
found_transfer	state-cap12	la_T1_SN12	headline	2	state-cap12/artifacts/sc12/la_T1_SN12_s2	8	12699	0.0000	0.0312	0.2091	0.7597	69319	0.7058	172209	0.3253	0.1840	0.0907	0.0716	0.0559	0.0593	0.0441	0.0257	0.0320	0.0340	0.0150	0.0227	0.0139	0.0158	0.0099
found	state-cap12	la_T1_SN12	headline	3	state-cap12/artifacts/sc12/la_T1_SN12_s3	1	13875	0.0002	0.0806	0.3779	0.5412	13875	0.5412	145410	0.3214	0.2177	0.1422	0.0405	0.0639	0.0466	0.0351	0.0288	0.0235	0.0215	0.0138	0.0104	0.0116	0.0110	0.0119
found	state-cap12	la_T1_SN12	headline	3	state-cap12/artifacts/sc12/la_T1_SN12_s3	2	10036	0.0005	0.0701	0.3875	0.5418	23911	0.5415	120795	0.3189	0.1908	0.1265	0.0464	0.0628	0.0579	0.0425	0.0322	0.0268	0.0262	0.0142	0.0123	0.0149	0.0132	0.0146
found	state-cap12	la_T1_SN12	headline	3	state-cap12/artifacts/sc12/la_T1_SN12_s3	3	13815	0.0001	0.0502	0.3540	0.5957	37726	0.5613	168684	0.3223	0.1982	0.1127	0.0553	0.0570	0.0557	0.0427	0.0353	0.0266	0.0255	0.0159	0.0126	0.0141	0.0127	0.0135
found	state-cap12	la_T1_SN12	headline	3	state-cap12/artifacts/sc12/la_T1_SN12_s3	4	18298	0.0001	0.0398	0.3324	0.6277	56024	0.5830	221133	0.3252	0.2051	0.1041	0.0650	0.0534	0.0535	0.0428	0.0337	0.0255	0.0250	0.0155	0.0131	0.0133	0.0125	0.0122
found	state-cap12	la_T1_SN12	headline	3	state-cap12/artifacts/sc12/la_T1_SN12_s3	5	24769	0.0000	0.0343	0.2946	0.6710	80793	0.6100	299126	0.3286	0.2109	0.0955	0.0708	0.0495	0.0522	0.0399	0.0339	0.0261	0.0248	0.0167	0.0133	0.0139	0.0124	0.0116
found	state-cap12	la_T1_SN12	headline	3	state-cap12/artifacts/sc12/la_T1_SN12_s3	6	28473	0.0000	0.0295	0.2818	0.6887	109266	0.6305	341941	0.3290	0.2136	0.0908	0.0744	0.0485	0.0507	0.0391	0.0333	0.0249	0.0253	0.0175	0.0139	0.0144	0.0129	0.0116
found	state-cap12	la_T1_SN12	headline	3	state-cap12/artifacts/sc12/la_T1_SN12_s3	7	34266	0.0000	0.0265	0.2725	0.7010	143532	0.6473	417211	0.3320	0.2131	0.0876	0.0783	0.0456	0.0523	0.0390	0.0327	0.0254	0.0249	0.0169	0.0143	0.0141	0.0128	0.0109
found	state-cap12	la_T1_SN12	headline	3	state-cap12/artifacts/sc12/la_T1_SN12_s3	8	35175	0.0000	0.0277	0.2738	0.6985	178707	0.6574	427420	0.3298	0.2145	0.0867	0.0804	0.0468	0.0499	0.0389	0.0309	0.0254	0.0263	0.0169	0.0155	0.0134	0.0131	0.0114
found_transfer	state-cap12	la_T1_SN12	headline	3	state-cap12/artifacts/sc12/la_T1_SN12_s3	1	6131	0.0007	0.0675	0.3159	0.6159	6131	0.6159	68871	0.3178	0.2114	0.1388	0.0418	0.0747	0.0464	0.0371	0.0264	0.0255	0.0222	0.0122	0.0134	0.0113	0.0122	0.0087
found_transfer	state-cap12	la_T1_SN12	headline	3	state-cap12/artifacts/sc12/la_T1_SN12_s3	2	4433	0.0002	0.0625	0.3059	0.6314	10564	0.6224	54869	0.3147	0.1945	0.1227	0.0465	0.0686	0.0520	0.0408	0.0307	0.0291	0.0276	0.0145	0.0163	0.0164	0.0143	0.0113
found_transfer	state-cap12	la_T1_SN12	headline	3	state-cap12/artifacts/sc12/la_T1_SN12_s3	3	5369	0.0004	0.0430	0.2967	0.6599	15933	0.6350	70278	0.3188	0.1845	0.1101	0.0531	0.0654	0.0587	0.0424	0.0318	0.0304	0.0286	0.0141	0.0168	0.0178	0.0160	0.0114
found_transfer	state-cap12	la_T1_SN12	headline	3	state-cap12/artifacts/sc12/la_T1_SN12_s3	4	6527	0.0005	0.0418	0.2798	0.6780	22460	0.6475	85526	0.3186	0.1871	0.1048	0.0583	0.0651	0.0568	0.0447	0.0313	0.0289	0.0294	0.0136	0.0179	0.0166	0.0160	0.0109
found_transfer	state-cap12	la_T1_SN12	headline	3	state-cap12/artifacts/sc12/la_T1_SN12_s3	5	8406	0.0001	0.0276	0.2451	0.7272	30866	0.6692	110572	0.3225	0.1943	0.0974	0.0621	0.0591	0.0543	0.0425	0.0303	0.0309	0.0316	0.0148	0.0196	0.0155	0.0142	0.0110
found_transfer	state-cap12	la_T1_SN12	headline	3	state-cap12/artifacts/sc12/la_T1_SN12_s3	6	9157	0.0008	0.0300	0.2527	0.7165	40023	0.6800	119673	0.3208	0.1930	0.0958	0.0649	0.0579	0.0539	0.0416	0.0309	0.0313	0.0320	0.0155	0.0200	0.0158	0.0153	0.0114
found_transfer	state-cap12	la_T1_SN12	headline	3	state-cap12/artifacts/sc12/la_T1_SN12_s3	7	10898	0.0000	0.0237	0.2401	0.7362	50921	0.6921	145527	0.3234	0.1922	0.0914	0.0685	0.0571	0.0550	0.0403	0.0304	0.0325	0.0324	0.0146	0.0213	0.0160	0.0148	0.0100
found_transfer	state-cap12	la_T1_SN12	headline	3	state-cap12/artifacts/sc12/la_T1_SN12_s3	8	11229	0.0001	0.0230	0.2249	0.7521	62150	0.7029	149306	0.3224	0.1921	0.0909	0.0689	0.0562	0.0531	0.0400	0.0281	0.0311	0.0364	0.0150	0.0241	0.0153	0.0146	0.0117
found	state-env	la_T1_SH	headline	0	state-env/artifacts/se/la_T1_SH_s0	1	2239	0.0009	0.0558	0.3024	0.6409	2239	0.6409	17003	0.3503	0.3365	0.1332	0.0281	0.0506	0.0043	0.0035	0.0253	0.0182	0.0084	0.0150	0.0052	0.0088	0.0091	0.0034
found	state-env	la_T1_SH	headline	0	state-env/artifacts/se/la_T1_SH_s0	2	1029	0.0000	0.0962	0.3071	0.5967	3268	0.6270	8439	0.3333	0.2928	0.1409	0.0315	0.0698	0.0142	0.0046	0.0229	0.0223	0.0209	0.0113	0.0121	0.0079	0.0063	0.0092
found	state-env	la_T1_SH	headline	0	state-env/artifacts/se/la_T1_SH_s0	3	691	0.0014	0.0622	0.3126	0.6237	3959	0.6264	5996	0.3302	0.2835	0.1446	0.0304	0.0670	0.0190	0.0035	0.0275	0.0192	0.0195	0.0122	0.0087	0.0123	0.0115	0.0108
found	state-env	la_T1_SH	headline	0	state-env/artifacts/se/la_T1_SH_s0	4	559	0.0000	0.0787	0.3345	0.5868	4518	0.6215	4961	0.3249	0.2719	0.1506	0.0290	0.0697	0.0224	0.0040	0.0240	0.0222	0.0216	0.0159	0.0083	0.0125	0.0097	0.0133
found	state-env	la_T1_SH	headline	0	state-env/artifacts/se/la_T1_SH_s0	5	463	0.0000	0.0907	0.3326	0.5767	4981	0.6173	4247	0.3202	0.2590	0.1592	0.0273	0.0624	0.0275	0.0054	0.0330	0.0181	0.0226	0.0155	0.0061	0.0151	0.0122	0.0162
found	state-env	la_T1_SH	headline	0	state-env/artifacts/se/la_T1_SH_s0	6	513	0.0019	0.0994	0.3918	0.5068	5494	0.6070	4692	0.3131	0.2477	0.1560	0.0283	0.0742	0.0290	0.0066	0.0326	0.0181	0.0273	0.0162	0.0075	0.0130	0.0111	0.0194
found	state-env	la_T1_SH	headline	0	state-env/artifacts/se/la_T1_SH_s0	7	519	0.0000	0.1137	0.3410	0.5453	6013	0.6017	4864	0.3146	0.2500	0.1460	0.0323	0.0666	0.0296	0.0080	0.0284	0.0193	0.0296	0.0154	0.0053	0.0175	0.0134	0.0241
found	state-env	la_T1_SH	headline	0	state-env/artifacts/se/la_T1_SH_s0	8	556	0.0000	0.0989	0.3291	0.5719	6569	0.5992	5225	0.3158	0.2614	0.1393	0.0302	0.0605	0.0241	0.0094	0.0299	0.0214	0.0299	0.0182	0.0061	0.0168	0.0136	0.0233
found_transfer	state-env	la_T1_SH	headline	0	state-env/artifacts/se/la_T1_SH_s0	1	453	0.0000	0.0464	0.2362	0.7174	453	0.7174	3759	0.3355	0.3168	0.1548	0.0250	0.0604	0.0048	0.0003	0.0197	0.0319	0.0128	0.0090	0.0090	0.0059	0.0098	0.0043
found_transfer	state-env	la_T1_SH	headline	0	state-env/artifacts/se/la_T1_SH_s0	2	491	0.0000	0.0631	0.1690	0.7678	944	0.7436	4309	0.3391	0.3029	0.1332	0.0299	0.0650	0.0137	0.0044	0.0227	0.0320	0.0160	0.0084	0.0088	0.0091	0.0060	0.0088
found_transfer	state-env	la_T1_SH	headline	0	state-env/artifacts/se/la_T1_SH_s0	3	389	0.0000	0.0514	0.1311	0.8175	1333	0.7652	3612	0.3375	0.2998	0.1354	0.0307	0.0795	0.0166	0.0042	0.0227	0.0221	0.0105	0.0116	0.0044	0.0100	0.0086	0.0064
found_transfer	state-env	la_T1_SH	headline	0	state-env/artifacts/se/la_T1_SH_s0	4	343	0.0000	0.0437	0.1545	0.8017	1676	0.7727	3235	0.3320	0.2835	0.1413	0.0300	0.0748	0.0210	0.0040	0.0213	0.0232	0.0182	0.0114	0.0065	0.0127	0.0080	0.0121
found_transfer	state-env	la_T1_SH	headline	0	state-env/artifacts/se/la_T1_SH_s0	5	300	0.0033	0.0567	0.1967	0.7433	1976	0.7682	2902	0.3208	0.2722	0.1440	0.0310	0.0851	0.0210	0.0048	0.0252	0.0276	0.0183	0.0152	0.0065	0.0086	0.0076	0.0121
found_transfer	state-env	la_T1_SH	headline	0	state-env/artifacts/se/la_T1_SH_s0	6	335	0.0000	0.0866	0.2179	0.6955	2311	0.7577	3229	0.3162	0.2626	0.1490	0.0319	0.0715	0.0229	0.0034	0.0313	0.0245	0.0235	0.0167	0.0077	0.0142	0.0087	0.0158
found_transfer	state-env	la_T1_SH	headline	0	state-env/artifacts/se/la_T1_SH_s0	7	334	0.0000	0.1078	0.2575	0.6347	2645	0.7422	3275	0.3118	0.2479	0.1499	0.0354	0.0824	0.0287	0.0052	0.0247	0.0192	0.0290	0.0113	0.0064	0.0134	0.0116	0.0229
found_transfer	state-env	la_T1_SH	headline	0	state-env/artifacts/se/la_T1_SH_s0	8	336	0.0000	0.0476	0.2381	0.7143	2981	0.7390	3338	0.3223	0.2624	0.1405	0.0357	0.0722	0.0261	0.0099	0.0225	0.0282	0.0231	0.0129	0.0078	0.0129	0.0081	0.0156
found	state-env	la_T1_SH	headline	1	state-env/artifacts/se/la_T1_SH_s1	1	2350	0.0013	0.0609	0.3098	0.6281	2350	0.6281	17872	0.3464	0.3356	0.1360	0.0282	0.0563	0.0033	0.0032	0.0273	0.0213	0.0064	0.0137	0.0042	0.0078	0.0077	0.0026
found	state-env	la_T1_SH	headline	1	state-env/artifacts/se/la_T1_SH_s1	2	1052	0.0019	0.0846	0.3356	0.5779	3402	0.6126	8748	0.3269	0.2869	0.1543	0.0311	0.0654	0.0154	0.0062	0.0261	0.0259	0.0176	0.0105	0.0091	0.0069	0.0085	0.0091
found	state-env	la_T1_SH	headline	1	state-env/artifacts/se/la_T1_SH_s1	3	779	0.0000	0.0976	0.3286	0.5738	4181	0.6054	6750	0.3234	0.2767	0.1502	0.0310	0.0671	0.0182	0.0049	0.0265	0.0218	0.0209	0.0150	0.0102	0.0119	0.0108	0.0114
found	state-env	la_T1_SH	headline	1	state-env/artifacts/se/la_T1_SH_s1	4	725	0.0000	0.0717	0.3269	0.6014	4906	0.6048	6461	0.3272	0.2736	0.1433	0.0285	0.0658	0.0218	0.0036	0.0245	0.0226	0.0209	0.0204	0.0099	0.0125	0.0139	0.0115
found	state-env	la_T1_SH	headline	1	state-env/artifacts/se/la_T1_SH_s1	5	706	0.0000	0.0595	0.3598	0.5807	5612	0.6017	6414	0.3148	0.2652	0.1523	0.0281	0.0639	0.0193	0.0097	0.0276	0.0246	0.0232	0.0243	0.0109	0.0122	0.0106	0.0133
found	state-env	la_T1_SH	headline	1	state-env/artifacts/se/la_T1_SH_s1	6	675	0.0000	0.0874	0.3289	0.5837	6287	0.5998	6149	0.3135	0.2605	0.1498	0.0301	0.0603	0.0221	0.0117	0.0252	0.0203	0.0278	0.0236	0.0088	0.0120	0.0146	0.0195
found	state-env	la_T1_SH	headline	1	state-env/artifacts/se/la_T1_SH_s1	7	744	0.0000	0.0820	0.3145	0.6035	7031	0.6002	6887	0.3178	0.2659	0.1384	0.0292	0.0619	0.0216	0.0093	0.0238	0.0199	0.0273	0.0290	0.0087	0.0155	0.0118	0.0199
found	state-env	la_T1_SH	headline	1	state-env/artifacts/se/la_T1_SH_s1	8	701	0.0000	0.0556	0.2882	0.6562	7732	0.6053	6583	0.3249	0.2728	0.1264	0.0254	0.0538	0.0205	0.0129	0.0211	0.0211	0.0281	0.0292	0.0111	0.0166	0.0172	0.0190
found_transfer	state-env	la_T1_SH	headline	1	state-env/artifacts/se/la_T1_SH_s1	1	429	0.0000	0.0490	0.1795	0.7716	429	0.7716	3594	0.3347	0.3230	0.1622	0.0223	0.0634	0.0031	0.0003	0.0192	0.0378	0.0072	0.0042	0.0056	0.0056	0.0092	0.0022
found_transfer	state-env	la_T1_SH	headline	1	state-env/artifacts/se/la_T1_SH_s1	2	613	0.0000	0.0359	0.2186	0.7455	1042	0.7562	5447	0.3312	0.3007	0.1410	0.0292	0.0742	0.0110	0.0037	0.0283	0.0310	0.0130	0.0088	0.0084	0.0059	0.0070	0.0066
found_transfer	state-env	la_T1_SH	headline	1	state-env/artifacts/se/la_T1_SH_s1	3	511	0.0000	0.0431	0.1703	0.7867	1553	0.7663	4707	0.3306	0.2957	0.1366	0.0334	0.0739	0.0142	0.0036	0.0257	0.0276	0.0132	0.0123	0.0064	0.0085	0.0100	0.0083
found_transfer	state-env	la_T1_SH	headline	1	state-env/artifacts/se/la_T1_SH_s1	4	417	0.0024	0.0456	0.2206	0.7314	1970	0.7589	3915	0.3285	0.2820	0.1359	0.0337	0.0771	0.0197	0.0043	0.0220	0.0238	0.0148	0.0176	0.0072	0.0128	0.0130	0.0077
found_transfer	state-env	la_T1_SH	headline	1	state-env/artifacts/se/la_T1_SH_s1	5	401	0.0000	0.0324	0.2170	0.7506	2371	0.7575	3817	0.3251	0.2874	0.1365	0.0301	0.0781	0.0152	0.0065	0.0186	0.0259	0.0157	0.0238	0.0073	0.0115	0.0081	0.0100
found_transfer	state-env	la_T1_SH	headline	1	state-env/artifacts/se/la_T1_SH_s1	6	419	0.0000	0.0501	0.2243	0.7255	2790	0.7527	4139	0.3184	0.2733	0.1479	0.0259	0.0756	0.0174	0.0048	0.0208	0.0292	0.0213	0.0181	0.0104	0.0133	0.0126	0.0111
found_transfer	state-env	la_T1_SH	headline	1	state-env/artifacts/se/la_T1_SH_s1	7	424	0.0000	0.0425	0.1887	0.7689	3214	0.7548	4201	0.3178	0.2692	0.1381	0.0255	0.0769	0.0190	0.0081	0.0221	0.0281	0.0219	0.0186	0.0105	0.0143	0.0176	0.0124
found_transfer	state-env	la_T1_SH	headline	1	state-env/artifacts/se/la_T1_SH_s1	8	409	0.0000	0.0440	0.2078	0.7482	3623	0.7541	4057	0.3251	0.2672	0.1262	0.0274	0.0670	0.0229	0.0067	0.0202	0.0242	0.0271	0.0276	0.0121	0.0138	0.0168	0.0158
found	state-env	la_T1_SN	headline	0	state-env/artifacts/se/la_T1_SN_s0	1	3975	0.0013	0.0740	0.3436	0.5811	3975	0.5811	31762	0.3316	0.3115	0.1466	0.0302	0.0684	0.0070	0.0052	0.0250	0.0203	0.0132	0.0119	0.0060	0.0077	0.0082	0.0071
found	state-env	la_T1_SN	headline	0	state-env/artifacts/se/la_T1_SN_s0	2	1566	0.0006	0.1335	0.3582	0.5077	5541	0.5604	14084	0.3118	0.2570	0.1594	0.0308	0.0733	0.0219	0.0138	0.0281	0.0229	0.0249	0.0109	0.0110	0.0104	0.0100	0.0137
found	state-env	la_T1_SN	headline	0	state-env/artifacts/se/la_T1_SN_s0	3	1371	0.0000	0.1524	0.3603	0.4872	6912	0.5459	13005	0.3027	0.2388	0.1525	0.0304	0.0760	0.0256	0.0243	0.0298	0.0259	0.0301	0.0128	0.0128	0.0114	0.0095	0.0175
found	state-env	la_T1_SN	headline	0	state-env/artifacts/se/la_T1_SN_s0	4	1560	0.0006	0.1295	0.3917	0.4782	8472	0.5334	15851	0.3113	0.2144	0.1479	0.0290	0.0704	0.0403	0.0295	0.0261	0.0298	0.0334	0.0130	0.0163	0.0114	0.0093	0.0178
found	state-env	la_T1_SN	headline	0	state-env/artifacts/se/la_T1_SN_s0	5	1929	0.0005	0.1146	0.3712	0.5137	10401	0.5298	20558	0.3175	0.2115	0.1353	0.0295	0.0661	0.0458	0.0294	0.0247	0.0301	0.0348	0.0133	0.0145	0.0145	0.0113	0.0216
found	state-env	la_T1_SN	headline	0	state-env/artifacts/se/la_T1_SN_s0	6	2289	0.0000	0.1254	0.3351	0.5395	12690	0.5315	25354	0.3225	0.1979	0.1304	0.0292	0.0616	0.0540	0.0301	0.0260	0.0269	0.0394	0.0137	0.0166	0.0138	0.0125	0.0254
found	state-env	la_T1_SN	headline	0	state-env/artifacts/se/la_T1_SN_s0	7	2718	0.0004	0.1126	0.3469	0.5401	15408	0.5330	31199	0.3231	0.1972	0.1239	0.0307	0.0581	0.0528	0.0322	0.0255	0.0323	0.0412	0.0139	0.0204	0.0139	0.0114	0.0235
found	state-env	la_T1_SN	headline	0	state-env/artifacts/se/la_T1_SN_s0	8	3161	0.0006	0.1009	0.3224	0.5761	18569	0.5404	38050	0.3353	0.1891	0.1160	0.0278	0.0538	0.0636	0.0313	0.0228	0.0328	0.0405	0.0179	0.0190	0.0126	0.0125	0.0251
found_transfer	state-env	la_T1_SN	headline	0	state-env/artifacts/se/la_T1_SN_s0	1	1295	0.0000	0.0448	0.2602	0.6950	1295	0.6950	11457	0.3230	0.3027	0.1526	0.0310	0.0860	0.0068	0.0034	0.0242	0.0265	0.0122	0.0072	0.0067	0.0056	0.0065	0.0056
found_transfer	state-env	la_T1_SN	headline	0	state-env/artifacts/se/la_T1_SN_s0	2	915	0.0011	0.0798	0.2383	0.6809	2210	0.6891	8685	0.3179	0.2716	0.1428	0.0352	0.0913	0.0183	0.0112	0.0243	0.0227	0.0184	0.0108	0.0097	0.0100	0.0071	0.0086
found_transfer	state-env	la_T1_SN	headline	0	state-env/artifacts/se/la_T1_SN_s0	3	728	0.0014	0.0920	0.2637	0.6429	2938	0.6777	7263	0.3158	0.2496	0.1337	0.0322	0.0909	0.0253	0.0146	0.0223	0.0293	0.0275	0.0114	0.0156	0.0123	0.0077	0.0117
found_transfer	state-env	la_T1_SN	headline	0	state-env/artifacts/se/la_T1_SN_s0	4	886	0.0000	0.1038	0.3126	0.5835	3824	0.6559	9428	0.3130	0.2137	0.1398	0.0334	0.0871	0.0394	0.0235	0.0216	0.0290	0.0345	0.0113	0.0206	0.0098	0.0090	0.0143
found_transfer	state-env	la_T1_SN	headline	0	state-env/artifacts/se/la_T1_SN_s0	5	974	0.0000	0.0893	0.2885	0.6222	4798	0.6490	10652	0.3183	0.2188	0.1305	0.0301	0.0766	0.0381	0.0235	0.0194	0.0316	0.0391	0.0121	0.0232	0.0115	0.0092	0.0180
found_transfer	state-env	la_T1_SN	headline	0	state-env/artifacts/se/la_T1_SN_s0	6	1008	0.0010	0.1012	0.2857	0.6121	5806	0.6426	11561	0.3258	0.1965	0.1247	0.0344	0.0695	0.0516	0.0260	0.0222	0.0288	0.0424	0.0116	0.0259	0.0122	0.0093	0.0189
found_transfer	state-env	la_T1_SN	headline	0	state-env/artifacts/se/la_T1_SN_s0	7	1239	0.0008	0.0993	0.2599	0.6400	7045	0.6422	14878	0.3291	0.1893	0.1190	0.0334	0.0702	0.0569	0.0262	0.0196	0.0316	0.0448	0.0101	0.0261	0.0130	0.0097	0.0209
found_transfer	state-env	la_T1_SN	headline	0	state-env/artifacts/se/la_T1_SN_s0	8	1332	0.0000	0.0998	0.2523	0.6479	8377	0.6431	16254	0.3346	0.1836	0.1147	0.0294	0.0643	0.0611	0.0270	0.0202	0.0279	0.0509	0.0102	0.0287	0.0113	0.0100	0.0260
found	state-env	la_T1_SN	headline	1	state-env/artifacts/se/la_T1_SN_s1	1	3323	0.0006	0.0668	0.3355	0.5971	3323	0.5971	26309	0.3422	0.3262	0.1349	0.0310	0.0633	0.0057	0.0030	0.0281	0.0176	0.0100	0.0140	0.0046	0.0072	0.0070	0.0053
found	state-env	la_T1_SN	headline	1	state-env/artifacts/se/la_T1_SN_s1	2	1304	0.0008	0.0905	0.3558	0.5529	4627	0.5846	11431	0.3218	0.2828	0.1464	0.0277	0.0685	0.0146	0.0054	0.0271	0.0288	0.0206	0.0137	0.0097	0.0123	0.0098	0.0108
found	state-env	la_T1_SN	headline	1	state-env/artifacts/se/la_T1_SN_s1	3	953	0.0010	0.1175	0.3547	0.5268	5580	0.5747	8808	0.3256	0.2673	0.1348	0.0314	0.0651	0.0234	0.0060	0.0301	0.0283	0.0259	0.0156	0.0116	0.0115	0.0094	0.0142
found	state-env	la_T1_SN	headline	1	state-env/artifacts/se/la_T1_SN_s1	4	811	0.0012	0.1073	0.4217	0.4698	6391	0.5614	7813	0.3229	0.2528	0.1375	0.0262	0.0630	0.0298	0.0092	0.0260	0.0316	0.0282	0.0165	0.0105	0.0160	0.0119	0.0179
found	state-env	la_T1_SN	headline	1	state-env/artifacts/se/la_T1_SN_s1	5	905	0.0000	0.0917	0.3657	0.5425	7296	0.5591	9296	0.3340	0.2440	0.1265	0.0262	0.0554	0.0384	0.0093	0.0276	0.0341	0.0299	0.0194	0.0132	0.0128	0.0123	0.0169
found	state-env	la_T1_SN	headline	1	state-env/artifacts/se/la_T1_SN_s1	6	920	0.0000	0.0793	0.3674	0.5533	8216	0.5584	9533	0.3396	0.2380	0.1242	0.0275	0.0513	0.0438	0.0100	0.0210	0.0370	0.0305	0.0183	0.0138	0.0155	0.0131	0.0164
found	state-env	la_T1_SN	headline	1	state-env/artifacts/se/la_T1_SN_s1	7	1090	0.0009	0.0734	0.3532	0.5725	9306	0.5601	11963	0.3543	0.2224	0.1174	0.0229	0.0462	0.0600	0.0154	0.0212	0.0316	0.0273	0.0218	0.0120	0.0185	0.0140	0.0150
found	state-env	la_T1_SN	headline	1	state-env/artifacts/se/la_T1_SN_s1	8	1296	0.0000	0.0818	0.3387	0.5795	10602	0.5624	14399	0.3499	0.2275	0.1134	0.0258	0.0432	0.0546	0.0113	0.0231	0.0378	0.0301	0.0201	0.0132	0.0173	0.0160	0.0167
found_transfer	state-env	la_T1_SN	headline	1	state-env/artifacts/se/la_T1_SN_s1	1	934	0.0000	0.0482	0.1981	0.7537	934	0.7537	8124	0.3371	0.3215	0.1370	0.0323	0.0745	0.0044	0.0014	0.0260	0.0236	0.0103	0.0068	0.0068	0.0066	0.0078	0.0039
found_transfer	state-env	la_T1_SN	headline	1	state-env/artifacts/se/la_T1_SN_s1	2	737	0.0000	0.0638	0.2537	0.6825	1671	0.7223	6795	0.3239	0.2873	0.1352	0.0368	0.0851	0.0141	0.0031	0.0247	0.0234	0.0166	0.0152	0.0084	0.0094	0.0081	0.0087
found_transfer	state-env	la_T1_SN	headline	1	state-env/artifacts/se/la_T1_SN_s1	3	579	0.0000	0.0984	0.2470	0.6546	2250	0.7049	5629	0.3255	0.2675	0.1320	0.0314	0.0782	0.0231	0.0044	0.0252	0.0329	0.0204	0.0155	0.0117	0.0137	0.0096	0.0089
found_transfer	state-env	la_T1_SN	headline	1	state-env/artifacts/se/la_T1_SN_s1	4	504	0.0000	0.0813	0.2540	0.6647	2754	0.6975	5029	0.3271	0.2573	0.1350	0.0344	0.0732	0.0298	0.0030	0.0227	0.0294	0.0223	0.0155	0.0101	0.0169	0.0111	0.0121
found_transfer	state-env	la_T1_SN	headline	1	state-env/artifacts/se/la_T1_SN_s1	5	465	0.0000	0.0495	0.2710	0.6796	3219	0.6949	4777	0.3345	0.2558	0.1294	0.0312	0.0664	0.0345	0.0073	0.0214	0.0350	0.0216	0.0128	0.0096	0.0159	0.0128	0.0119
found_transfer	state-env	la_T1_SN	headline	1	state-env/artifacts/se/la_T1_SN_s1	6	450	0.0000	0.1022	0.3200	0.5778	3669	0.6806	4875	0.3342	0.2261	0.1292	0.0285	0.0605	0.0453	0.0074	0.0207	0.0365	0.0330	0.0127	0.0174	0.0199	0.0123	0.0162
found_transfer	state-env	la_T1_SN	headline	1	state-env/artifacts/se/la_T1_SN_s1	7	435	0.0000	0.0805	0.2805	0.6391	4104	0.6762	4911	0.3502	0.2197	0.1214	0.0289	0.0564	0.0584	0.0108	0.0204	0.0348	0.0285	0.0126	0.0136	0.0173	0.0110	0.0159
found_transfer	state-env	la_T1_SN	headline	1	state-env/artifacts/se/la_T1_SN_s1	8	516	0.0019	0.0601	0.2888	0.6492	4620	0.6732	5748	0.3436	0.2343	0.1190	0.0291	0.0555	0.0466	0.0106	0.0200	0.0409	0.0275	0.0151	0.0160	0.0198	0.0104	0.0115
found	state-env	la_T1_S	headline	0	state-env/artifacts/se/la_T1_S_s0	1	3070	0.0010	0.0648	0.3173	0.6169	3070	0.6169	23876	0.3424	0.3288	0.1332	0.0326	0.0623	0.0047	0.0031	0.0268	0.0167	0.0103	0.0132	0.0042	0.0086	0.0072	0.0061
found	state-env	la_T1_S	headline	0	state-env/artifacts/se/la_T1_S_s0	2	1108	0.0000	0.1128	0.3321	0.5551	4178	0.6005	9373	0.3223	0.2772	0.1552	0.0297	0.0727	0.0165	0.0058	0.0224	0.0196	0.0249	0.0117	0.0121	0.0089	0.0082	0.0129
found	state-env	la_T1_S	headline	0	state-env/artifacts/se/la_T1_S_s0	3	716	0.0014	0.1439	0.3534	0.5014	4894	0.5860	6385	0.3117	0.2507	0.1522	0.0327	0.0747	0.0229	0.0083	0.0324	0.0199	0.0291	0.0105	0.0152	0.0141	0.0110	0.0146
found	state-env	la_T1_S	headline	0	state-env/artifacts/se/la_T1_S_s0	4	604	0.0017	0.1225	0.3675	0.5083	5498	0.5775	5443	0.3149	0.2537	0.1532	0.0310	0.0676	0.0252	0.0073	0.0277	0.0241	0.0252	0.0125	0.0108	0.0152	0.0164	0.0151
found	state-env	la_T1_S	headline	0	state-env/artifacts/se/la_T1_S_s0	5	535	0.0000	0.1514	0.3963	0.4523	6033	0.5664	4925	0.3123	0.2355	0.1533	0.0376	0.0629	0.0323	0.0075	0.0256	0.0227	0.0359	0.0118	0.0122	0.0106	0.0146	0.0252
found	state-env	la_T1_S	headline	0	state-env/artifacts/se/la_T1_S_s0	6	569	0.0000	0.1406	0.3480	0.5114	6602	0.5616	5514	0.3219	0.2207	0.1433	0.0361	0.0613	0.0426	0.0107	0.0272	0.0199	0.0365	0.0123	0.0160	0.0165	0.0134	0.0216
found	state-env	la_T1_S	headline	0	state-env/artifacts/se/la_T1_S_s0	7	645	0.0016	0.1364	0.3566	0.5054	7247	0.5566	6164	0.3125	0.2294	0.1426	0.0333	0.0641	0.0355	0.0149	0.0264	0.0214	0.0359	0.0156	0.0120	0.0162	0.0152	0.0250
found	state-env	la_T1_S	headline	0	state-env/artifacts/se/la_T1_S_s0	8	712	0.0028	0.0997	0.3371	0.5604	7959	0.5570	6958	0.3252	0.2351	0.1288	0.0348	0.0493	0.0401	0.0151	0.0249	0.0230	0.0358	0.0210	0.0099	0.0144	0.0147	0.0280
found_transfer	state-env	la_T1_S	headline	0	state-env/artifacts/se/la_T1_S_s0	1	818	0.0012	0.0526	0.1822	0.7641	818	0.7641	7040	0.3388	0.3236	0.1372	0.0338	0.0744	0.0050	0.0018	0.0230	0.0216	0.0105	0.0082	0.0053	0.0050	0.0061	0.0057
found_transfer	state-env	la_T1_S	headline	0	state-env/artifacts/se/la_T1_S_s0	2	574	0.0000	0.0453	0.1969	0.7578	1392	0.7615	5226	0.3270	0.2998	0.1372	0.0318	0.0859	0.0090	0.0044	0.0235	0.0249	0.0142	0.0119	0.0092	0.0101	0.0061	0.0050
found_transfer	state-env	la_T1_S	headline	0	state-env/artifacts/se/la_T1_S_s0	3	457	0.0000	0.0941	0.2385	0.6674	1849	0.7382	4287	0.3226	0.2589	0.1400	0.0390	0.0819	0.0243	0.0061	0.0264	0.0189	0.0275	0.0075	0.0152	0.0112	0.0082	0.0126
found_transfer	state-env	la_T1_S	headline	0	state-env/artifacts/se/la_T1_S_s0	4	388	0.0026	0.1108	0.2216	0.6649	2237	0.7255	3676	0.3156	0.2603	0.1387	0.0373	0.0887	0.0207	0.0052	0.0302	0.0209	0.0229	0.0106	0.0139	0.0139	0.0122	0.0090
found_transfer	state-env	la_T1_S	headline	0	state-env/artifacts/se/la_T1_S_s0	5	374	0.0000	0.0936	0.2701	0.6364	2611	0.7128	3652	0.3190	0.2448	0.1481	0.0375	0.0690	0.0312	0.0068	0.0225	0.0255	0.0293	0.0112	0.0118	0.0118	0.0131	0.0183
found_transfer	state-env	la_T1_S	headline	0	state-env/artifacts/se/la_T1_S_s0	6	367	0.0000	0.1090	0.2507	0.6403	2978	0.7038	3726	0.3274	0.2230	0.1323	0.0352	0.0781	0.0432	0.0091	0.0247	0.0183	0.0373	0.0118	0.0180	0.0115	0.0097	0.0204
found_transfer	state-env	la_T1_S	headline	0	state-env/artifacts/se/la_T1_S_s0	7	317	0.0000	0.1325	0.2839	0.5836	3295	0.6923	3180	0.3085	0.2274	0.1443	0.0314	0.0714	0.0336	0.0088	0.0314	0.0248	0.0381	0.0119	0.0138	0.0173	0.0079	0.0292
found_transfer	state-env	la_T1_S	headline	0	state-env/artifacts/se/la_T1_S_s0	8	372	0.0000	0.1452	0.2608	0.5941	3667	0.6823	3855	0.3230	0.2127	0.1357	0.0355	0.0734	0.0470	0.0137	0.0202	0.0171	0.0407	0.0125	0.0163	0.0112	0.0135	0.0275
found	state-env	la_T1_S	headline	1	state-env/artifacts/se/la_T1_S_s1	1	3144	0.0006	0.0668	0.3327	0.5999	3144	0.5999	24554	0.3428	0.3252	0.1330	0.0297	0.0620	0.0063	0.0043	0.0259	0.0186	0.0110	0.0147	0.0051	0.0080	0.0074	0.0060
found	state-env	la_T1_S	headline	1	state-env/artifacts/se/la_T1_S_s1	2	1252	0.0000	0.0903	0.3618	0.5479	4396	0.5851	10766	0.3267	0.2799	0.1470	0.0274	0.0669	0.0189	0.0059	0.0284	0.0211	0.0225	0.0155	0.0091	0.0099	0.0075	0.0134
found	state-env	la_T1_S	headline	1	state-env/artifacts/se/la_T1_S_s1	3	771	0.0000	0.1141	0.3502	0.5357	5167	0.5777	6944	0.3249	0.2555	0.1421	0.0289	0.0665	0.0285	0.0095	0.0287	0.0226	0.0249	0.0204	0.0124	0.0115	0.0108	0.0127
found	state-env	la_T1_S	headline	1	state-env/artifacts/se/la_T1_S_s1	4	822	0.0000	0.1131	0.3564	0.5304	5989	0.5712	7610	0.3246	0.2464	0.1394	0.0280	0.0558	0.0334	0.0105	0.0277	0.0258	0.0269	0.0244	0.0114	0.0184	0.0116	0.0156
found	state-env	la_T1_S	headline	1	state-env/artifacts/se/la_T1_S_s1	5	835	0.0012	0.0802	0.3461	0.5725	6824	0.5714	8085	0.3408	0.2430	0.1305	0.0251	0.0477	0.0444	0.0129	0.0230	0.0270	0.0239	0.0276	0.0089	0.0162	0.0141	0.0150
found	state-env	la_T1_S	headline	1	state-env/artifacts/se/la_T1_S_s1	6	908	0.0000	0.0859	0.3612	0.5529	7732	0.5692	8906	0.3366	0.2312	0.1311	0.0272	0.0466	0.0484	0.0154	0.0196	0.0280	0.0254	0.0311	0.0086	0.0191	0.0145	0.0172
found	state-env	la_T1_S	headline	1	state-env/artifacts/se/la_T1_S_s1	7	902	0.0000	0.0976	0.3282	0.5743	8634	0.5697	9178	0.3406	0.2161	0.1313	0.0266	0.0434	0.0579	0.0192	0.0209	0.0243	0.0273	0.0275	0.0088	0.0208	0.0163	0.0191
found	state-env	la_T1_S	headline	1	state-env/artifacts/se/la_T1_S_s1	8	1044	0.0000	0.0709	0.3285	0.6006	9678	0.5731	10922	0.3511	0.2107	0.1205	0.0262	0.0421	0.0655	0.0177	0.0233	0.0205	0.0309	0.0304	0.0095	0.0156	0.0140	0.0221
found_transfer	state-env	la_T1_S	headline	1	state-env/artifacts/se/la_T1_S_s1	1	827	0.0000	0.0411	0.2273	0.7316	827	0.7316	7122	0.3391	0.3187	0.1373	0.0317	0.0743	0.0073	0.0021	0.0240	0.0219	0.0098	0.0090	0.0058	0.0076	0.0063	0.0051
found_transfer	state-env	la_T1_S	headline	1	state-env/artifacts/se/la_T1_S_s1	2	633	0.0000	0.0600	0.2148	0.7251	1460	0.7288	5746	0.3340	0.2967	0.1356	0.0249	0.0729	0.0143	0.0037	0.0280	0.0233	0.0181	0.0137	0.0087	0.0087	0.0077	0.0097
found_transfer	state-env	la_T1_S	headline	1	state-env/artifacts/se/la_T1_S_s1	3	515	0.0019	0.0893	0.2350	0.6738	1975	0.7144	4913	0.3234	0.2593	0.1374	0.0332	0.0824	0.0238	0.0053	0.0204	0.0293	0.0250	0.0153	0.0165	0.0116	0.0083	0.0088
found_transfer	state-env	la_T1_S	headline	1	state-env/artifacts/se/la_T1_S_s1	4	470	0.0000	0.0723	0.2213	0.7064	2445	0.7129	4633	0.3309	0.2523	0.1323	0.0315	0.0781	0.0330	0.0076	0.0179	0.0281	0.0227	0.0181	0.0125	0.0171	0.0078	0.0101
found_transfer	state-env	la_T1_S	headline	1	state-env/artifacts/se/la_T1_S_s1	5	398	0.0000	0.0905	0.2588	0.6508	2843	0.7042	3999	0.3316	0.2388	0.1283	0.0270	0.0708	0.0390	0.0103	0.0235	0.0320	0.0283	0.0160	0.0148	0.0130	0.0130	0.0138
found_transfer	state-env	la_T1_S	headline	1	state-env/artifacts/se/la_T1_S_s1	6	461	0.0000	0.0716	0.2560	0.6725	3304	0.6998	4714	0.3271	0.2410	0.1305	0.0293	0.0639	0.0367	0.0119	0.0212	0.0369	0.0284	0.0174	0.0127	0.0148	0.0125	0.0157
found_transfer	state-env	la_T1_S	headline	1	state-env/artifacts/se/la_T1_S_s1	7	401	0.0000	0.0599	0.2344	0.7057	3705	0.7004	4265	0.3374	0.2263	0.1285	0.0319	0.0617	0.0499	0.0096	0.0181	0.0263	0.0324	0.0178	0.0113	0.0152	0.0127	0.0211
found_transfer	state-env	la_T1_S	headline	1	state-env/artifacts/se/la_T1_S_s1	8	482	0.0000	0.0539	0.2261	0.7199	4187	0.7027	5293	0.3410	0.2243	0.1207	0.0302	0.0593	0.0538	0.0132	0.0204	0.0263	0.0314	0.0187	0.0091	0.0153	0.0130	0.0232
found	state-env	la_frozen_SH	frozen	0	state-env/artifacts/se/la_frozen_SH_s0	1	2241	0.0009	0.0598	0.2981	0.6412	2241	0.6412	17028	0.3494	0.3360	0.1335	0.0289	0.0520	0.0042	0.0036	0.0255	0.0184	0.0076	0.0151	0.0051	0.0092	0.0090	0.0027
found	state-env	la_frozen_SH	frozen	0	state-env/artifacts/se/la_frozen_SH_s0	2	293	0.0000	0.1160	0.4096	0.4744	2534	0.6219	2310	0.3225	0.2926	0.1558	0.0247	0.0758	0.0095	0.0056	0.0268	0.0242	0.0165	0.0117	0.0108	0.0078	0.0074	0.0082
found	state-env	la_frozen_SH	frozen	0	state-env/artifacts/se/la_frozen_SH_s0	3	177	0.0000	0.0960	0.4237	0.4802	2711	0.6127	1427	0.3167	0.2894	0.1605	0.0413	0.0708	0.0098	0.0077	0.0245	0.0315	0.0126	0.0112	0.0077	0.0035	0.0056	0.0070
found	state-env	la_frozen_SH	frozen	0	state-env/artifacts/se/la_frozen_SH_s0	4	115	0.0000	0.1391	0.4783	0.3826	2826	0.6033	905	0.3127	0.2840	0.1624	0.0343	0.0696	0.0110	0.0088	0.0320	0.0210	0.0177	0.0044	0.0066	0.0144	0.0077	0.0133
found	state-env	la_frozen_SH	frozen	0	state-env/artifacts/se/la_frozen_SH_s0	5	113	0.0000	0.1062	0.5044	0.3894	2939	0.5951	902	0.3149	0.2838	0.1630	0.0466	0.0698	0.0122	0.0055	0.0166	0.0222	0.0177	0.0100	0.0067	0.0044	0.0133	0.0133
found	state-env	la_frozen_SH	frozen	0	state-env/artifacts/se/la_frozen_SH_s0	6	88	0.0114	0.1250	0.3864	0.4773	3027	0.5917	696	0.3075	0.2931	0.1624	0.0431	0.0848	0.0043	0.0086	0.0187	0.0244	0.0158	0.0101	0.0057	0.0029	0.0057	0.0129
found	state-env	la_frozen_SH	frozen	0	state-env/artifacts/se/la_frozen_SH_s0	7	63	0.0000	0.0952	0.5079	0.3968	3090	0.5877	502	0.3028	0.2789	0.1693	0.0359	0.0837	0.0080	0.0060	0.0438	0.0219	0.0100	0.0120	0.0080	0.0060	0.0100	0.0040
found	state-env	la_frozen_SH	frozen	0	state-env/artifacts/se/la_frozen_SH_s0	8	68	0.0000	0.1618	0.4265	0.4118	3158	0.5839	548	0.2938	0.2755	0.1715	0.0365	0.0748	0.0055	0.0128	0.0310	0.0146	0.0237	0.0091	0.0073	0.0091	0.0146	0.0201
found_transfer	state-env	la_frozen_SH	frozen	0	state-env/artifacts/se/la_frozen_SH_s0	1	451	0.0000	0.0443	0.2350	0.7206	451	0.7206	3757	0.3338	0.3170	0.1581	0.0264	0.0594	0.0037	0.0011	0.0186	0.0325	0.0133	0.0072	0.0093	0.0056	0.0096	0.0045
found_transfer	state-env	la_frozen_SH	frozen	0	state-env/artifacts/se/la_frozen_SH_s0	2	85	0.0000	0.0588	0.2353	0.7059	536	0.7183	719	0.3296	0.2990	0.1474	0.0278	0.0626	0.0111	0.0042	0.0223	0.0292	0.0167	0.0139	0.0083	0.0097	0.0056	0.0125
found_transfer	state-env	la_frozen_SH	frozen	0	state-env/artifacts/se/la_frozen_SH_s0	3	42	0.0000	0.0238	0.3333	0.6429	578	0.7128	365	0.3151	0.2959	0.1534	0.0247	0.0630	0.0027	0.0082	0.0219	0.0466	0.0164	0.0137	0.0137	0.0082	0.0110	0.0055
found_transfer	state-env	la_frozen_SH	frozen	0	state-env/artifacts/se/la_frozen_SH_s0	4	49	0.0000	0.0408	0.2857	0.6735	627	0.7097	431	0.3248	0.3063	0.1415	0.0371	0.0580	0.0070	0.0093	0.0232	0.0278	0.0116	0.0255	0.0046	0.0023	0.0093	0.0116
found_transfer	state-env	la_frozen_SH	frozen	0	state-env/artifacts/se/la_frozen_SH_s0	5	38	0.0000	0.1053	0.2632	0.6316	665	0.7053	323	0.3158	0.2941	0.1455	0.0279	0.0898	0.0093	0.0031	0.0279	0.0124	0.0093	0.0155	0.0031	0.0093	0.0186	0.0186
found_transfer	state-env	la_frozen_SH	frozen	0	state-env/artifacts/se/la_frozen_SH_s0	6	18	0.0000	0.1667	0.3333	0.5000	683	0.6999	159	0.2893	0.2390	0.2138	0.0377	0.0755	0.0252	0.0063	0.0189	0.0314	0.0189	0.0126	0.0000	0.0063	0.0063	0.0189
found_transfer	state-env	la_frozen_SH	frozen	0	state-env/artifacts/se/la_frozen_SH_s0	7	27	0.0000	0.0741	0.3333	0.5926	710	0.6958	236	0.3136	0.2966	0.1780	0.0212	0.0636	0.0085	0.0000	0.0169	0.0297	0.0042	0.0085	0.0000	0.0127	0.0254	0.0212
found_transfer	state-env	la_frozen_SH	frozen	0	state-env/artifacts/se/la_frozen_SH_s0	8	20	0.0000	0.0500	0.2500	0.7000	730	0.6959	171	0.3333	0.3099	0.1345	0.0468	0.0702	0.0058	0.0000	0.0292	0.0292	0.0117	0.0058	0.0117	0.0058	0.0000	0.0058
found	state-env	la_frozen_SH	frozen	1	state-env/artifacts/se/la_frozen_SH_s1	1	2358	0.0013	0.0602	0.2990	0.6395	2358	0.6395	17941	0.3469	0.3366	0.1352	0.0277	0.0560	0.0029	0.0036	0.0260	0.0217	0.0069	0.0133	0.0045	0.0083	0.0078	0.0027
found	state-env	la_frozen_SH	frozen	1	state-env/artifacts/se/la_frozen_SH_s1	2	267	0.0037	0.1086	0.5056	0.3820	2625	0.6133	2112	0.3087	0.2869	0.1785	0.0289	0.0795	0.0099	0.0090	0.0294	0.0284	0.0076	0.0104	0.0019	0.0109	0.0033	0.0066
found	state-env	la_frozen_SH	frozen	1	state-env/artifacts/se/la_frozen_SH_s1	3	154	0.0000	0.1169	0.4675	0.4156	2779	0.6024	1222	0.3159	0.2840	0.1538	0.0303	0.0712	0.0106	0.0041	0.0352	0.0229	0.0172	0.0188	0.0106	0.0074	0.0090	0.0090
found	state-env	la_frozen_SH	frozen	1	state-env/artifacts/se/la_frozen_SH_s1	4	124	0.0081	0.1452	0.4355	0.4113	2903	0.5942	994	0.3018	0.2736	0.1680	0.0272	0.0734	0.0101	0.0091	0.0272	0.0292	0.0151	0.0131	0.0080	0.0141	0.0191	0.0111
found	state-env	la_frozen_SH	frozen	1	state-env/artifacts/se/la_frozen_SH_s1	5	96	0.0000	0.1042	0.5312	0.3646	2999	0.5869	774	0.3023	0.2829	0.1705	0.0375	0.0749	0.0078	0.0052	0.0284	0.0375	0.0129	0.0116	0.0039	0.0103	0.0052	0.0090
found	state-env	la_frozen_SH	frozen	1	state-env/artifacts/se/la_frozen_SH_s1	6	81	0.0000	0.0741	0.4938	0.4321	3080	0.5828	657	0.3059	0.2877	0.1766	0.0259	0.0776	0.0061	0.0091	0.0289	0.0381	0.0076	0.0046	0.0061	0.0076	0.0122	0.0061
found	state-env	la_frozen_SH	frozen	1	state-env/artifacts/se/la_frozen_SH_s1	7	64	0.0000	0.1562	0.4844	0.3594	3144	0.5782	521	0.3013	0.2726	0.1612	0.0307	0.0845	0.0134	0.0173	0.0269	0.0326	0.0115	0.0134	0.0019	0.0096	0.0096	0.0134
found	state-env	la_frozen_SH	frozen	1	state-env/artifacts/se/la_frozen_SH_s1	8	50	0.0000	0.1800	0.5400	0.2800	3194	0.5736	385	0.2935	0.2779	0.1844	0.0338	0.0753	0.0078	0.0052	0.0312	0.0260	0.0078	0.0078	0.0000	0.0104	0.0156	0.0234
found_transfer	state-env	la_frozen_SH	frozen	1	state-env/artifacts/se/la_frozen_SH_s1	1	436	0.0000	0.0550	0.1927	0.7523	436	0.7523	3648	0.3342	0.3207	0.1612	0.0230	0.0620	0.0038	0.0008	0.0197	0.0376	0.0077	0.0041	0.0058	0.0069	0.0099	0.0027
found_transfer	state-env	la_frozen_SH	frozen	1	state-env/artifacts/se/la_frozen_SH_s1	2	74	0.0000	0.0541	0.3514	0.5946	510	0.7294	622	0.3199	0.2958	0.1608	0.0338	0.0707	0.0064	0.0032	0.0177	0.0338	0.0145	0.0048	0.0113	0.0064	0.0113	0.0096
found_transfer	state-env	la_frozen_SH	frozen	1	state-env/artifacts/se/la_frozen_SH_s1	3	46	0.0000	0.0870	0.2174	0.6957	556	0.7266	408	0.3186	0.2966	0.1667	0.0270	0.0711	0.0074	0.0049	0.0392	0.0319	0.0098	0.0025	0.0074	0.0049	0.0025	0.0098
found_transfer	state-env	la_frozen_SH	frozen	1	state-env/artifacts/se/la_frozen_SH_s1	4	27	0.0000	0.0741	0.2963	0.6296	583	0.7221	234	0.3034	0.2863	0.1752	0.0385	0.0940	0.0043	0.0128	0.0128	0.0385	0.0085	0.0085	0.0085	0.0043	0.0043	0.0000
found_transfer	state-env	la_frozen_SH	frozen	1	state-env/artifacts/se/la_frozen_SH_s1	5	38	0.0000	0.1053	0.2632	0.6316	621	0.7166	329	0.3222	0.2888	0.1520	0.0274	0.0638	0.0122	0.0000	0.0274	0.0365	0.0152	0.0122	0.0091	0.0122	0.0061	0.0152
found_transfer	state-env	la_frozen_SH	frozen	1	state-env/artifacts/se/la_frozen_SH_s1	6	31	0.0323	0.0968	0.2581	0.6129	652	0.7117	261	0.3065	0.2759	0.1533	0.0153	0.0575	0.0115	0.0038	0.0460	0.0383	0.0115	0.0115	0.0077	0.0383	0.0153	0.0077
found_transfer	state-env	la_frozen_SH	frozen	1	state-env/artifacts/se/la_frozen_SH_s1	7	24	0.0000	0.0833	0.0833	0.8333	676	0.7160	213	0.3192	0.3099	0.1549	0.0376	0.0751	0.0047	0.0000	0.0329	0.0141	0.0094	0.0094	0.0000	0.0047	0.0094	0.0188
found_transfer	state-env	la_frozen_SH	frozen	1	state-env/artifacts/se/la_frozen_SH_s1	8	22	0.0000	0.1364	0.3182	0.5455	698	0.7106	187	0.3102	0.2567	0.1765	0.0374	0.0481	0.0214	0.0000	0.0214	0.0481	0.0214	0.0053	0.0107	0.0107	0.0107	0.0214
found	state-env	la_frozen_SN	frozen	0	state-env/artifacts/se/la_frozen_SN_s0	1	3975	0.0013	0.0740	0.3436	0.5811	3975	0.5811	31762	0.3316	0.3115	0.1466	0.0302	0.0684	0.0070	0.0052	0.0250	0.0203	0.0132	0.0119	0.0060	0.0077	0.0082	0.0071
found	state-env	la_frozen_SN	frozen	0	state-env/artifacts/se/la_frozen_SN_s0	2	571	0.0000	0.1804	0.4063	0.4133	4546	0.5601	4943	0.2899	0.2630	0.1796	0.0352	0.0787	0.0103	0.0150	0.0338	0.0283	0.0178	0.0109	0.0063	0.0099	0.0095	0.0117
found	state-env	la_frozen_SN	frozen	0	state-env/artifacts/se/la_frozen_SN_s0	3	332	0.0000	0.1566	0.4367	0.4066	4878	0.5496	2946	0.2950	0.2604	0.1707	0.0356	0.0699	0.0129	0.0173	0.0350	0.0292	0.0217	0.0115	0.0088	0.0085	0.0092	0.0143
found	state-env	la_frozen_SN	frozen	0	state-env/artifacts/se/la_frozen_SN_s0	4	248	0.0000	0.1694	0.4516	0.3790	5126	0.5414	2170	0.2963	0.2535	0.1793	0.0346	0.0857	0.0189	0.0138	0.0327	0.0230	0.0171	0.0115	0.0051	0.0074	0.0088	0.0124
found	state-env	la_frozen_SN	frozen	0	state-env/artifacts/se/la_frozen_SN_s0	5	196	0.0051	0.1888	0.4490	0.3571	5322	0.5346	1747	0.2896	0.2484	0.1826	0.0372	0.0841	0.0177	0.0183	0.0263	0.0240	0.0200	0.0086	0.0057	0.0069	0.0137	0.0166
found	state-env	la_frozen_SN	frozen	0	state-env/artifacts/se/la_frozen_SN_s0	6	187	0.0000	0.2032	0.4225	0.3743	5509	0.5291	1674	0.2826	0.2545	0.1798	0.0299	0.0938	0.0108	0.0155	0.0346	0.0281	0.0209	0.0125	0.0066	0.0078	0.0096	0.0131
found	state-env	la_frozen_SN	frozen	0	state-env/artifacts/se/la_frozen_SN_s0	7	171	0.0058	0.1345	0.4503	0.4094	5680	0.5255	1572	0.2952	0.2678	0.1654	0.0382	0.0833	0.0115	0.0178	0.0324	0.0305	0.0153	0.0115	0.0045	0.0083	0.0057	0.0127
found	state-env	la_frozen_SN	frozen	0	state-env/artifacts/se/la_frozen_SN_s0	8	138	0.0000	0.1377	0.4493	0.4130	5818	0.5229	1273	0.2977	0.2514	0.1767	0.0275	0.0746	0.0196	0.0173	0.0299	0.0291	0.0236	0.0126	0.0071	0.0055	0.0118	0.0157
found_transfer	state-env	la_frozen_SN	frozen	0	state-env/artifacts/se/la_frozen_SN_s0	1	1295	0.0000	0.0448	0.2602	0.6950	1295	0.6950	11457	0.3230	0.3027	0.1526	0.0310	0.0860	0.0068	0.0034	0.0242	0.0265	0.0122	0.0072	0.0067	0.0056	0.0065	0.0056
found_transfer	state-env	la_frozen_SN	frozen	0	state-env/artifacts/se/la_frozen_SN_s0	2	229	0.0044	0.0655	0.2882	0.6419	1524	0.6870	2139	0.3123	0.2833	0.1421	0.0323	0.1057	0.0108	0.0070	0.0220	0.0262	0.0140	0.0140	0.0075	0.0065	0.0098	0.0065
found_transfer	state-env	la_frozen_SN	frozen	0	state-env/artifacts/se/la_frozen_SN_s0	3	144	0.0000	0.0903	0.3681	0.5417	1668	0.6745	1359	0.3017	0.2737	0.1545	0.0412	0.1008	0.0088	0.0103	0.0243	0.0250	0.0191	0.0103	0.0103	0.0052	0.0059	0.0088
found_transfer	state-env	la_frozen_SN	frozen	0	state-env/artifacts/se/la_frozen_SN_s0	4	118	0.0000	0.1102	0.2881	0.6017	1786	0.6697	1139	0.3020	0.2669	0.1598	0.0430	0.1036	0.0149	0.0061	0.0193	0.0255	0.0158	0.0105	0.0053	0.0105	0.0070	0.0097
found_transfer	state-env	la_frozen_SN	frozen	0	state-env/artifacts/se/la_frozen_SN_s0	5	88	0.0114	0.0114	0.3409	0.6364	1874	0.6681	833	0.3061	0.2797	0.1573	0.0252	0.0924	0.0108	0.0120	0.0252	0.0324	0.0120	0.0132	0.0048	0.0120	0.0084	0.0084
found_transfer	state-env	la_frozen_SN	frozen	0	state-env/artifacts/se/la_frozen_SN_s0	6	77	0.0000	0.1429	0.4026	0.4545	1951	0.6597	732	0.2883	0.2596	0.1749	0.0383	0.1025	0.0137	0.0178	0.0232	0.0260	0.0178	0.0068	0.0014	0.0068	0.0068	0.0164
found_transfer	state-env	la_frozen_SN	frozen	0	state-env/artifacts/se/la_frozen_SN_s0	7	68	0.0000	0.1029	0.4265	0.4706	2019	0.6533	645	0.2961	0.2527	0.1628	0.0372	0.0977	0.0155	0.0186	0.0264	0.0233	0.0202	0.0171	0.0124	0.0078	0.0047	0.0078
found_transfer	state-env	la_frozen_SN	frozen	0	state-env/artifacts/se/la_frozen_SN_s0	8	56	0.0000	0.1250	0.4107	0.4643	2075	0.6482	557	0.3124	0.2603	0.1544	0.0305	0.0862	0.0197	0.0072	0.0215	0.0341	0.0233	0.0108	0.0126	0.0126	0.0054	0.0090
found	state-env	la_frozen_SN	frozen	1	state-env/artifacts/se/la_frozen_SN_s1	1	3323	0.0006	0.0668	0.3355	0.5971	3323	0.5971	26309	0.3422	0.3262	0.1349	0.0310	0.0633	0.0057	0.0030	0.0281	0.0176	0.0100	0.0140	0.0046	0.0072	0.0070	0.0053
found	state-env	la_frozen_SN	frozen	1	state-env/artifacts/se/la_frozen_SN_s1	2	473	0.0021	0.1121	0.4461	0.4397	3796	0.5774	4000	0.3157	0.2843	0.1542	0.0360	0.0710	0.0120	0.0057	0.0283	0.0293	0.0155	0.0105	0.0075	0.0107	0.0105	0.0088
found	state-env	la_frozen_SN	frozen	1	state-env/artifacts/se/la_frozen_SN_s1	3	280	0.0000	0.1179	0.4000	0.4821	4076	0.5709	2416	0.3200	0.2893	0.1515	0.0257	0.0745	0.0120	0.0075	0.0364	0.0261	0.0153	0.0095	0.0066	0.0087	0.0083	0.0087
found	state-env	la_frozen_SN	frozen	1	state-env/artifacts/se/la_frozen_SN_s1	4	198	0.0000	0.1212	0.4747	0.4040	4274	0.5632	1752	0.3099	0.2842	0.1541	0.0360	0.0731	0.0103	0.0091	0.0342	0.0263	0.0143	0.0120	0.0051	0.0137	0.0074	0.0103
found	state-env	la_frozen_SN	frozen	1	state-env/artifacts/se/la_frozen_SN_s1	5	163	0.0000	0.1288	0.4049	0.4663	4437	0.5596	1455	0.3127	0.2825	0.1450	0.0220	0.0694	0.0124	0.0158	0.0357	0.0330	0.0199	0.0144	0.0055	0.0110	0.0055	0.0151
found	state-env	la_frozen_SN	frozen	1	state-env/artifacts/se/la_frozen_SN_s1	6	163	0.0000	0.1104	0.3926	0.4969	4600	0.5574	1455	0.3203	0.2866	0.1409	0.0357	0.0577	0.0131	0.0144	0.0337	0.0309	0.0165	0.0151	0.0076	0.0089	0.0082	0.0103
found	state-env	la_frozen_SN	frozen	1	state-env/artifacts/se/la_frozen_SN_s1	7	112	0.0000	0.1161	0.5000	0.3839	4712	0.5533	984	0.3039	0.2693	0.1636	0.0376	0.0711	0.0152	0.0112	0.0376	0.0315	0.0173	0.0102	0.0041	0.0091	0.0051	0.0132
found	state-env	la_frozen_SN	frozen	1	state-env/artifacts/se/la_frozen_SN_s1	8	103	0.0097	0.1456	0.4563	0.3883	4815	0.5497	907	0.2977	0.2756	0.1588	0.0397	0.0750	0.0066	0.0099	0.0243	0.0353	0.0154	0.0132	0.0088	0.0165	0.0154	0.0077
found_transfer	state-env	la_frozen_SN	frozen	1	state-env/artifacts/se/la_frozen_SN_s1	1	934	0.0000	0.0482	0.1981	0.7537	934	0.7537	8124	0.3371	0.3215	0.1370	0.0323	0.0745	0.0044	0.0014	0.0260	0.0236	0.0103	0.0068	0.0068	0.0066	0.0078	0.0039
found_transfer	state-env	la_frozen_SN	frozen	1	state-env/artifacts/se/la_frozen_SN_s1	2	187	0.0000	0.0374	0.3476	0.6150	1121	0.7306	1721	0.3225	0.2992	0.1365	0.0337	0.0843	0.0093	0.0046	0.0267	0.0296	0.0110	0.0139	0.0046	0.0081	0.0064	0.0093
found_transfer	state-env	la_frozen_SN	frozen	1	state-env/artifacts/se/la_frozen_SN_s1	3	116	0.0000	0.0948	0.2672	0.6379	1237	0.7219	1060	0.3236	0.2915	0.1340	0.0387	0.0840	0.0132	0.0028	0.0292	0.0255	0.0123	0.0142	0.0057	0.0104	0.0066	0.0085
found_transfer	state-env	la_frozen_SN	frozen	1	state-env/artifacts/se/la_frozen_SN_s1	4	88	0.0000	0.1250	0.2273	0.6477	1325	0.7170	824	0.3204	0.2998	0.1250	0.0352	0.0971	0.0049	0.0049	0.0255	0.0303	0.0170	0.0049	0.0109	0.0097	0.0049	0.0097
found_transfer	state-env	la_frozen_SN	frozen	1	state-env/artifacts/se/la_frozen_SN_s1	5	74	0.0000	0.0541	0.2297	0.7162	1399	0.7169	694	0.3228	0.2867	0.1455	0.0346	0.0893	0.0144	0.0058	0.0173	0.0288	0.0101	0.0101	0.0072	0.0130	0.0115	0.0029
found_transfer	state-env	la_frozen_SN	frozen	1	state-env/artifacts/se/la_frozen_SN_s1	6	61	0.0000	0.0656	0.2623	0.6721	1460	0.7151	565	0.3221	0.2938	0.1363	0.0319	0.0832	0.0053	0.0035	0.0319	0.0212	0.0230	0.0053	0.0177	0.0071	0.0071	0.0106
found_transfer	state-env	la_frozen_SN	frozen	1	state-env/artifacts/se/la_frozen_SN_s1	7	57	0.0000	0.0351	0.2807	0.6842	1517	0.7139	537	0.3296	0.3073	0.1285	0.0279	0.0968	0.0093	0.0056	0.0186	0.0298	0.0093	0.0093	0.0037	0.0074	0.0074	0.0093
found_transfer	state-env	la_frozen_SN	frozen	1	state-env/artifacts/se/la_frozen_SN_s1	8	35	0.0000	0.0286	0.1714	0.8000	1552	0.7159	331	0.3233	0.3082	0.1511	0.0332	0.0906	0.0060	0.0000	0.0332	0.0242	0.0060	0.0060	0.0030	0.0091	0.0030	0.0030
found	state-env	la_frozen_S	frozen	0	state-env/artifacts/se/la_frozen_S_s0	1	3070	0.0010	0.0648	0.3173	0.6169	3070	0.6169	23876	0.3424	0.3288	0.1332	0.0326	0.0623	0.0047	0.0031	0.0268	0.0167	0.0103	0.0132	0.0042	0.0086	0.0072	0.0061
found	state-env	la_frozen_S	frozen	0	state-env/artifacts/se/la_frozen_S_s0	2	471	0.0000	0.1231	0.4119	0.4650	3541	0.5967	3882	0.3122	0.2908	0.1533	0.0337	0.0786	0.0072	0.0070	0.0291	0.0227	0.0170	0.0124	0.0070	0.0093	0.0095	0.0103
found	state-env	la_frozen_S	frozen	0	state-env/artifacts/se/la_frozen_S_s0	3	260	0.0000	0.1269	0.3731	0.5000	3801	0.5901	2181	0.3054	0.2843	0.1646	0.0408	0.0793	0.0078	0.0087	0.0284	0.0229	0.0142	0.0105	0.0055	0.0092	0.0083	0.0101
found	state-env	la_frozen_S	frozen	0	state-env/artifacts/se/la_frozen_S_s0	4	192	0.0000	0.0938	0.4427	0.4635	3993	0.5840	1611	0.3191	0.2824	0.1477	0.0304	0.0888	0.0161	0.0106	0.0261	0.0211	0.0149	0.0130	0.0043	0.0074	0.0062	0.0118
found	state-env	la_frozen_S	frozen	0	state-env/artifacts/se/la_frozen_S_s0	5	154	0.0065	0.0974	0.3377	0.5584	4147	0.5831	1300	0.3231	0.2915	0.1346	0.0331	0.0815	0.0123	0.0077	0.0177	0.0208	0.0169	0.0185	0.0069	0.0131	0.0123	0.0100
found	state-env	la_frozen_S	frozen	0	state-env/artifacts/se/la_frozen_S_s0	6	146	0.0068	0.1575	0.4384	0.3973	4293	0.5768	1222	0.3003	0.2774	0.1604	0.0450	0.0818	0.0098	0.0074	0.0245	0.0221	0.0172	0.0106	0.0033	0.0155	0.0082	0.0164
found	state-env	la_frozen_S	frozen	0	state-env/artifacts/se/la_frozen_S_s0	7	129	0.0000	0.1628	0.3721	0.4651	4422	0.5735	1089	0.3150	0.2645	0.1478	0.0331	0.0670	0.0230	0.0129	0.0340	0.0248	0.0266	0.0101	0.0046	0.0064	0.0083	0.0220
found	state-env	la_frozen_S	frozen	0	state-env/artifacts/se/la_frozen_S_s0	8	102	0.0000	0.1078	0.3039	0.5882	4524	0.5738	884	0.3258	0.2885	0.1324	0.0396	0.0758	0.0158	0.0079	0.0339	0.0147	0.0192	0.0124	0.0057	0.0079	0.0057	0.0147
found_transfer	state-env	la_frozen_S	frozen	0	state-env/artifacts/se/la_frozen_S_s0	1	818	0.0012	0.0526	0.1822	0.7641	818	0.7641	7040	0.3388	0.3236	0.1372	0.0338	0.0744	0.0050	0.0018	0.0230	0.0216	0.0105	0.0082	0.0053	0.0050	0.0061	0.0057
found_transfer	state-env	la_frozen_S	frozen	0	state-env/artifacts/se/la_frozen_S_s0	2	184	0.0000	0.0652	0.2446	0.6902	1002	0.7505	1647	0.3230	0.3005	0.1384	0.0340	0.0868	0.0079	0.0030	0.0328	0.0200	0.0152	0.0097	0.0067	0.0073	0.0061	0.0085
found_transfer	state-env	la_frozen_S	frozen	0	state-env/artifacts/se/la_frozen_S_s0	3	93	0.0000	0.0645	0.2366	0.6989	1095	0.7461	825	0.3273	0.3091	0.1333	0.0400	0.0885	0.0061	0.0024	0.0339	0.0218	0.0097	0.0036	0.0061	0.0073	0.0061	0.0048
found_transfer	state-env	la_frozen_S	frozen	0	state-env/artifacts/se/la_frozen_S_s0	4	73	0.0000	0.0959	0.3014	0.6027	1168	0.7372	648	0.3148	0.2886	0.1451	0.0401	0.0910	0.0108	0.0046	0.0386	0.0154	0.0123	0.0062	0.0046	0.0108	0.0093	0.0077
found_transfer	state-env	la_frozen_S	frozen	0	state-env/artifacts/se/la_frozen_S_s0	5	59	0.0000	0.0678	0.2712	0.6610	1227	0.7335	539	0.3191	0.3006	0.1410	0.0260	0.0853	0.0074	0.0074	0.0334	0.0278	0.0130	0.0111	0.0037	0.0074	0.0074	0.0093
found_transfer	state-env	la_frozen_S	frozen	0	state-env/artifacts/se/la_frozen_S_s0	6	59	0.0000	0.0847	0.2712	0.6441	1286	0.7294	531	0.3183	0.2919	0.1450	0.0358	0.0847	0.0094	0.0056	0.0245	0.0226	0.0113	0.0132	0.0075	0.0113	0.0151	0.0038
found_transfer	state-env	la_frozen_S	frozen	0	state-env/artifacts/se/la_frozen_S_s0	7	56	0.0000	0.0536	0.2857	0.6607	1342	0.7265	498	0.3153	0.2912	0.1526	0.0161	0.0823	0.0080	0.0040	0.0402	0.0301	0.0161	0.0060	0.0080	0.0100	0.0080	0.0120
found_transfer	state-env	la_frozen_S	frozen	0	state-env/artifacts/se/la_frozen_S_s0	8	45	0.0000	0.0667	0.2889	0.6444	1387	0.7239	408	0.3235	0.3015	0.1250	0.0343	0.1029	0.0098	0.0049	0.0123	0.0147	0.0098	0.0221	0.0025	0.0098	0.0147	0.0123
found	state-env	la_frozen_S	frozen	1	state-env/artifacts/se/la_frozen_S_s1	1	3144	0.0006	0.0668	0.3327	0.5999	3144	0.5999	24554	0.3428	0.3252	0.1330	0.0297	0.0620	0.0063	0.0043	0.0259	0.0186	0.0110	0.0147	0.0051	0.0080	0.0074	0.0060
found	state-env	la_frozen_S	frozen	1	state-env/artifacts/se/la_frozen_S_s1	2	476	0.0000	0.0987	0.4013	0.5000	3620	0.5867	3942	0.3217	0.2925	0.1469	0.0342	0.0746	0.0119	0.0084	0.0297	0.0236	0.0122	0.0122	0.0053	0.0119	0.0076	0.0074
found	state-env	la_frozen_S	frozen	1	state-env/artifacts/se/la_frozen_S_s1	3	252	0.0000	0.0992	0.4921	0.4087	3872	0.5752	2137	0.3201	0.2854	0.1423	0.0290	0.0786	0.0126	0.0117	0.0323	0.0229	0.0154	0.0150	0.0094	0.0108	0.0075	0.0070
found	state-env	la_frozen_S	frozen	1	state-env/artifacts/se/la_frozen_S_s1	4	187	0.0000	0.1016	0.4599	0.4385	4059	0.5689	1603	0.3144	0.2863	0.1510	0.0268	0.0799	0.0100	0.0125	0.0243	0.0212	0.0162	0.0143	0.0081	0.0150	0.0119	0.0081
found	state-env	la_frozen_S	frozen	1	state-env/artifacts/se/la_frozen_S_s1	5	170	0.0059	0.1176	0.4412	0.4353	4229	0.5635	1448	0.3156	0.2825	0.1464	0.0311	0.0725	0.0124	0.0110	0.0283	0.0249	0.0242	0.0090	0.0083	0.0076	0.0097	0.0166
found	state-env	la_frozen_S	frozen	1	state-env/artifacts/se/la_frozen_S_s1	6	135	0.0000	0.0963	0.4296	0.4741	4364	0.5607	1161	0.3127	0.2911	0.1473	0.0319	0.0689	0.0086	0.0095	0.0336	0.0250	0.0138	0.0233	0.0043	0.0121	0.0078	0.0103
found	state-env	la_frozen_S	frozen	1	state-env/artifacts/se/la_frozen_S_s1	7	131	0.0000	0.1145	0.3817	0.5038	4495	0.5591	1111	0.3132	0.2808	0.1620	0.0279	0.0675	0.0135	0.0171	0.0306	0.0198	0.0153	0.0153	0.0054	0.0108	0.0108	0.0099
found	state-env	la_frozen_S	frozen	1	state-env/artifacts/se/la_frozen_S_s1	8	126	0.0000	0.1270	0.4603	0.4127	4621	0.5551	1102	0.3149	0.2768	0.1470	0.0336	0.0708	0.0145	0.0191	0.0263	0.0200	0.0172	0.0154	0.0091	0.0145	0.0109	0.0100
found_transfer	state-env	la_frozen_S	frozen	1	state-env/artifacts/se/la_frozen_S_s1	1	827	0.0000	0.0411	0.2273	0.7316	827	0.7316	7122	0.3391	0.3187	0.1373	0.0317	0.0743	0.0073	0.0021	0.0240	0.0219	0.0098	0.0090	0.0058	0.0076	0.0063	0.0051
found_transfer	state-env	la_frozen_S	frozen	1	state-env/artifacts/se/la_frozen_S_s1	2	169	0.0000	0.0710	0.2959	0.6331	996	0.7149	1500	0.3287	0.2967	0.1427	0.0367	0.0787	0.0120	0.0027	0.0307	0.0213	0.0140	0.0080	0.0080	0.0060	0.0060	0.0080
found_transfer	state-env	la_frozen_S	frozen	1	state-env/artifacts/se/la_frozen_S_s1	3	93	0.0000	0.0538	0.2903	0.6559	1089	0.7098	831	0.3213	0.2936	0.1432	0.0289	0.0866	0.0096	0.0048	0.0205	0.0301	0.0132	0.0132	0.0084	0.0072	0.0120	0.0072
found_transfer	state-env	la_frozen_S	frozen	1	state-env/artifacts/se/la_frozen_S_s1	4	74	0.0000	0.1486	0.2162	0.6351	1163	0.7051	653	0.3185	0.2833	0.1593	0.0322	0.0674	0.0153	0.0046	0.0337	0.0291	0.0168	0.0077	0.0046	0.0061	0.0077	0.0138
found_transfer	state-env	la_frozen_S	frozen	1	state-env/artifacts/se/la_frozen_S_s1	5	51	0.0000	0.0196	0.1961	0.7843	1214	0.7084	458	0.3341	0.3210	0.1310	0.0349	0.0830	0.0044	0.0022	0.0415	0.0175	0.0044	0.0044	0.0044	0.0087	0.0044	0.0044
found_transfer	state-env	la_frozen_S	frozen	1	state-env/artifacts/se/la_frozen_S_s1	6	47	0.0000	0.0638	0.2766	0.6596	1261	0.7066	417	0.3189	0.3046	0.1487	0.0312	0.0935	0.0048	0.0072	0.0240	0.0240	0.0072	0.0144	0.0048	0.0072	0.0048	0.0048
found_transfer	state-env	la_frozen_S	frozen	1	state-env/artifacts/se/la_frozen_S_s1	7	49	0.0000	0.0816	0.2449	0.6735	1310	0.7053	452	0.3319	0.2721	0.1504	0.0288	0.0708	0.0265	0.0044	0.0133	0.0310	0.0199	0.0000	0.0066	0.0133	0.0177	0.0133
found_transfer	state-env	la_frozen_S	frozen	1	state-env/artifacts/se/la_frozen_S_s1	8	41	0.0000	0.0976	0.3659	0.5366	1351	0.7002	370	0.3189	0.2784	0.1405	0.0514	0.0649	0.0162	0.0000	0.0324	0.0216	0.0243	0.0081	0.0081	0.0162	0.0027	0.0162
found	state-frontier	la_T1_S	headline	2	state-frontier/artifacts/sf2/la_T1_S_s2	1	3319	0.0009	0.0708	0.3378	0.5905	3319	0.5905	25915	0.3386	0.3227	0.1349	0.0333	0.0613	0.0048	0.0044	0.0283	0.0203	0.0108	0.0129	0.0064	0.0085	0.0084	0.0046
found	state-frontier	la_T1_S	headline	2	state-frontier/artifacts/sf2/la_T1_S_s2	2	1253	0.0000	0.1261	0.3208	0.5531	4572	0.5803	10905	0.3174	0.2694	0.1566	0.0289	0.0729	0.0176	0.0090	0.0276	0.0214	0.0236	0.0129	0.0127	0.0103	0.0089	0.0108
found	state-frontier	la_T1_S	headline	2	state-frontier/artifacts/sf2/la_T1_S_s2	3	986	0.0000	0.1105	0.3499	0.5396	5558	0.5730	8895	0.3131	0.2625	0.1501	0.0316	0.0715	0.0202	0.0147	0.0273	0.0225	0.0245	0.0163	0.0101	0.0108	0.0103	0.0144
found	state-frontier	la_T1_S	headline	2	state-frontier/artifacts/sf2/la_T1_S_s2	4	975	0.0000	0.1169	0.3579	0.5251	6533	0.5659	9148	0.3102	0.2474	0.1476	0.0272	0.0723	0.0247	0.0210	0.0218	0.0265	0.0266	0.0178	0.0134	0.0150	0.0156	0.0130
found	state-frontier	la_T1_S	headline	2	state-frontier/artifacts/sf2/la_T1_S_s2	5	1082	0.0009	0.1285	0.3882	0.4824	7615	0.5540	10382	0.3058	0.2350	0.1468	0.0302	0.0684	0.0279	0.0283	0.0279	0.0238	0.0282	0.0200	0.0149	0.0150	0.0134	0.0142
found	state-frontier	la_T1_S	headline	2	state-frontier/artifacts/sf2/la_T1_S_s2	6	1045	0.0000	0.1196	0.3703	0.5100	8660	0.5487	10272	0.3137	0.2310	0.1389	0.0308	0.0572	0.0340	0.0291	0.0256	0.0238	0.0325	0.0222	0.0147	0.0133	0.0137	0.0195
found	state-frontier	la_T1_S	headline	2	state-frontier/artifacts/sf2/la_T1_S_s2	7	1287	0.0023	0.1103	0.3271	0.5602	9947	0.5502	13078	0.3217	0.2306	0.1272	0.0330	0.0518	0.0390	0.0323	0.0234	0.0242	0.0314	0.0227	0.0131	0.0158	0.0128	0.0210
found	state-frontier	la_T1_S	headline	2	state-frontier/artifacts/sf2/la_T1_S_s2	8	1411	0.0021	0.1219	0.3423	0.5337	11358	0.5482	14551	0.3159	0.2226	0.1282	0.0330	0.0540	0.0406	0.0366	0.0195	0.0247	0.0352	0.0221	0.0120	0.0165	0.0122	0.0270
found_transfer	state-frontier	la_T1_S	headline	2	state-frontier/artifacts/sf2/la_T1_S_s2	1	951	0.0000	0.0494	0.2271	0.7234	951	0.7234	8212	0.3329	0.3161	0.1387	0.0346	0.0710	0.0037	0.0019	0.0231	0.0296	0.0132	0.0068	0.0095	0.0069	0.0080	0.0039
found_transfer	state-frontier	la_T1_S	headline	2	state-frontier/artifacts/sf2/la_T1_S_s2	2	689	0.0000	0.0682	0.1959	0.7358	1640	0.7287	6366	0.3236	0.2883	0.1396	0.0313	0.0899	0.0130	0.0064	0.0298	0.0206	0.0146	0.0097	0.0093	0.0105	0.0080	0.0053
found_transfer	state-frontier	la_T1_S	headline	2	state-frontier/artifacts/sf2/la_T1_S_s2	3	584	0.0017	0.0805	0.2192	0.6986	2224	0.7208	5549	0.3138	0.2662	0.1427	0.0350	0.0845	0.0175	0.0099	0.0249	0.0211	0.0220	0.0171	0.0126	0.0128	0.0105	0.0096
found_transfer	state-frontier	la_T1_S	headline	2	state-frontier/artifacts/sf2/la_T1_S_s2	4	635	0.0016	0.0976	0.2409	0.6598	2859	0.7072	6207	0.3132	0.2507	0.1429	0.0375	0.0757	0.0256	0.0155	0.0253	0.0282	0.0230	0.0168	0.0113	0.0114	0.0106	0.0122
found_transfer	state-frontier	la_T1_S	headline	2	state-frontier/artifacts/sf2/la_T1_S_s2	5	650	0.0000	0.1200	0.2523	0.6277	3509	0.6925	6565	0.3115	0.2299	0.1401	0.0356	0.0743	0.0297	0.0219	0.0222	0.0282	0.0326	0.0154	0.0222	0.0143	0.0113	0.0107
found_transfer	state-frontier	la_T1_S	headline	2	state-frontier/artifacts/sf2/la_T1_S_s2	6	508	0.0000	0.1280	0.2638	0.6083	4017	0.6819	5285	0.3103	0.2206	0.1372	0.0365	0.0749	0.0341	0.0157	0.0250	0.0225	0.0367	0.0172	0.0216	0.0159	0.0149	0.0168
found_transfer	state-frontier	la_T1_S	headline	2	state-frontier/artifacts/sf2/la_T1_S_s2	7	673	0.0000	0.0966	0.2749	0.6285	4690	0.6742	7077	0.3124	0.2282	0.1378	0.0309	0.0726	0.0338	0.0195	0.0213	0.0336	0.0314	0.0143	0.0167	0.0170	0.0133	0.0172
found_transfer	state-frontier	la_T1_S	headline	2	state-frontier/artifacts/sf2/la_T1_S_s2	8	556	0.0000	0.0881	0.2608	0.6511	5246	0.6717	6019	0.3225	0.2241	0.1276	0.0337	0.0671	0.0405	0.0246	0.0174	0.0253	0.0336	0.0191	0.0173	0.0155	0.0133	0.0184
found	state-frontier	la_T1_S	headline	3	state-frontier/artifacts/sf2/la_T1_S_s3	1	3901	0.0010	0.0815	0.3358	0.5816	3901	0.5816	31125	0.3320	0.3128	0.1449	0.0316	0.0683	0.0066	0.0065	0.0272	0.0192	0.0111	0.0118	0.0061	0.0082	0.0087	0.0051
found	state-frontier	la_T1_S	headline	3	state-frontier/artifacts/sf2/la_T1_S_s3	2	1626	0.0018	0.1119	0.3536	0.5326	5527	0.5672	14684	0.3122	0.2653	0.1565	0.0313	0.0755	0.0185	0.0161	0.0283	0.0218	0.0202	0.0120	0.0098	0.0116	0.0106	0.0105
found	state-frontier	la_T1_S	headline	3	state-frontier/artifacts/sf2/la_T1_S_s3	3	1271	0.0000	0.1424	0.3753	0.4823	6798	0.5513	12126	0.3099	0.2398	0.1573	0.0270	0.0689	0.0302	0.0258	0.0266	0.0289	0.0222	0.0115	0.0097	0.0151	0.0138	0.0133
found	state-frontier	la_T1_S	headline	3	state-frontier/artifacts/sf2/la_T1_S_s3	4	1461	0.0000	0.1177	0.3320	0.5503	8259	0.5512	14806	0.3159	0.2305	0.1428	0.0304	0.0640	0.0363	0.0280	0.0305	0.0266	0.0280	0.0101	0.0127	0.0122	0.0151	0.0169
found	state-frontier	la_T1_S	headline	3	state-frontier/artifacts/sf2/la_T1_S_s3	5	1827	0.0005	0.1166	0.3213	0.5616	10086	0.5530	19277	0.3206	0.2214	0.1387	0.0312	0.0640	0.0429	0.0329	0.0258	0.0274	0.0276	0.0116	0.0134	0.0142	0.0123	0.0158
found	state-frontier	la_T1_S	headline	3	state-frontier/artifacts/sf2/la_T1_S_s3	6	2066	0.0010	0.1186	0.3437	0.5368	12152	0.5503	22507	0.3147	0.2099	0.1309	0.0314	0.0600	0.0431	0.0388	0.0275	0.0295	0.0346	0.0113	0.0187	0.0153	0.0162	0.0180
found	state-frontier	la_T1_S	headline	3	state-frontier/artifacts/sf2/la_T1_S_s3	7	2617	0.0008	0.1127	0.3473	0.5392	14769	0.5483	29012	0.3191	0.2081	0.1266	0.0282	0.0548	0.0449	0.0406	0.0267	0.0297	0.0353	0.0125	0.0211	0.0168	0.0192	0.0163
found	state-frontier	la_T1_S	headline	3	state-frontier/artifacts/sf2/la_T1_S_s3	8	3162	0.0006	0.1123	0.3501	0.5370	17931	0.5463	36427	0.3157	0.1968	0.1234	0.0307	0.0557	0.0472	0.0435	0.0266	0.0304	0.0407	0.0125	0.0245	0.0167	0.0172	0.0185
found_transfer	state-frontier	la_T1_S	headline	3	state-frontier/artifacts/sf2/la_T1_S_s3	1	1301	0.0015	0.0576	0.2283	0.7125	1301	0.7125	11483	0.3240	0.3031	0.1475	0.0338	0.0869	0.0069	0.0045	0.0240	0.0255	0.0109	0.0074	0.0071	0.0065	0.0079	0.0039
found_transfer	state-frontier	la_T1_S	headline	3	state-frontier/artifacts/sf2/la_T1_S_s3	2	1020	0.0010	0.0814	0.2578	0.6598	2321	0.6894	9721	0.3134	0.2662	0.1461	0.0389	0.0924	0.0179	0.0121	0.0257	0.0212	0.0185	0.0113	0.0114	0.0085	0.0089	0.0073
found_transfer	state-frontier	la_T1_S	headline	3	state-frontier/artifacts/sf2/la_T1_S_s3	3	833	0.0000	0.0576	0.3061	0.6363	3154	0.6753	8322	0.3195	0.2467	0.1462	0.0302	0.0798	0.0316	0.0173	0.0217	0.0317	0.0199	0.0095	0.0096	0.0143	0.0114	0.0105
found_transfer	state-frontier	la_T1_S	headline	3	state-frontier/artifacts/sf2/la_T1_S_s3	4	794	0.0000	0.0768	0.2481	0.6751	3948	0.6753	8464	0.3198	0.2332	0.1368	0.0317	0.0749	0.0363	0.0233	0.0207	0.0330	0.0265	0.0089	0.0141	0.0139	0.0143	0.0128
found_transfer	state-frontier	la_T1_S	headline	3	state-frontier/artifacts/sf2/la_T1_S_s3	5	962	0.0000	0.0800	0.2734	0.6466	4910	0.6697	10693	0.3249	0.2156	0.1309	0.0321	0.0728	0.0463	0.0243	0.0260	0.0286	0.0291	0.0104	0.0167	0.0161	0.0136	0.0127
found_transfer	state-frontier	la_T1_S	headline	3	state-frontier/artifacts/sf2/la_T1_S_s3	6	1061	0.0000	0.1008	0.2648	0.6343	5971	0.6634	12165	0.3199	0.2022	0.1288	0.0293	0.0681	0.0481	0.0270	0.0247	0.0308	0.0390	0.0117	0.0215	0.0150	0.0144	0.0194
found_transfer	state-frontier	la_T1_S	headline	3	state-frontier/artifacts/sf2/la_T1_S_s3	7	1301	0.0008	0.1161	0.2659	0.6172	7272	0.6551	15133	0.3190	0.1891	0.1263	0.0273	0.0623	0.0498	0.0324	0.0190	0.0319	0.0465	0.0093	0.0305	0.0202	0.0186	0.0178
found_transfer	state-frontier	la_T1_S	headline	3	state-frontier/artifacts/sf2/la_T1_S_s3	8	1536	0.0000	0.1009	0.2520	0.6471	8808	0.6537	18536	0.3216	0.1914	0.1237	0.0279	0.0644	0.0520	0.0341	0.0186	0.0339	0.0420	0.0104	0.0263	0.0181	0.0187	0.0167
found	state-frontier	la_frozen_SN	frozen	2	state-frontier/artifacts/sf2/la_frozen_SN_s2	1	3382	0.0009	0.0787	0.3492	0.5713	3382	0.5713	26460	0.3374	0.3171	0.1388	0.0313	0.0609	0.0067	0.0060	0.0285	0.0185	0.0128	0.0124	0.0068	0.0084	0.0079	0.0062
found	state-frontier	la_frozen_SN	frozen	2	state-frontier/artifacts/sf2/la_frozen_SN_s2	2	458	0.0000	0.1703	0.3908	0.4389	3840	0.5555	3862	0.3094	0.2745	0.1585	0.0401	0.0777	0.0135	0.0111	0.0277	0.0249	0.0163	0.0145	0.0080	0.0070	0.0083	0.0085
found	state-frontier	la_frozen_SN	frozen	2	state-frontier/artifacts/sf2/la_frozen_SN_s2	3	273	0.0000	0.1648	0.4432	0.3919	4113	0.5446	2306	0.3014	0.2702	0.1605	0.0338	0.0872	0.0113	0.0160	0.0325	0.0217	0.0186	0.0117	0.0087	0.0108	0.0048	0.0108
found	state-frontier	la_frozen_SN	frozen	2	state-frontier/artifacts/sf2/la_frozen_SN_s2	4	180	0.0000	0.1778	0.4667	0.3556	4293	0.5367	1518	0.2991	0.2681	0.1667	0.0349	0.0817	0.0125	0.0152	0.0329	0.0237	0.0165	0.0119	0.0059	0.0105	0.0079	0.0125
found	state-frontier	la_frozen_SN	frozen	2	state-frontier/artifacts/sf2/la_frozen_SN_s2	5	157	0.0064	0.1656	0.4076	0.4204	4450	0.5326	1353	0.3030	0.2653	0.1626	0.0281	0.0828	0.0140	0.0140	0.0303	0.0281	0.0177	0.0163	0.0096	0.0118	0.0074	0.0089
found	state-frontier	la_frozen_SN	frozen	2	state-frontier/artifacts/sf2/la_frozen_SN_s2	6	127	0.0000	0.1024	0.4409	0.4567	4577	0.5305	1087	0.3063	0.2787	0.1546	0.0258	0.0865	0.0110	0.0230	0.0294	0.0175	0.0156	0.0101	0.0055	0.0147	0.0101	0.0110
found	state-frontier	la_frozen_SN	frozen	2	state-frontier/artifacts/sf2/la_frozen_SN_s2	7	110	0.0000	0.1364	0.3636	0.5000	4687	0.5298	947	0.3157	0.2851	0.1468	0.0327	0.0707	0.0116	0.0127	0.0348	0.0158	0.0158	0.0180	0.0074	0.0084	0.0148	0.0095
found	state-frontier	la_frozen_SN	frozen	2	state-frontier/artifacts/sf2/la_frozen_SN_s2	8	88	0.0000	0.2500	0.3750	0.3750	4775	0.5269	761	0.2957	0.2510	0.1656	0.0237	0.0841	0.0184	0.0210	0.0407	0.0184	0.0223	0.0105	0.0079	0.0118	0.0145	0.0145
found_transfer	state-frontier	la_frozen_SN	frozen	2	state-frontier/artifacts/sf2/la_frozen_SN_s2	1	945	0.0000	0.0720	0.2085	0.7196	945	0.7196	8184	0.3350	0.3098	0.1386	0.0341	0.0731	0.0079	0.0032	0.0263	0.0233	0.0142	0.0064	0.0094	0.0066	0.0077	0.0045
found_transfer	state-frontier	la_frozen_SN	frozen	2	state-frontier/artifacts/sf2/la_frozen_SN_s2	2	175	0.0057	0.1200	0.2857	0.5886	1120	0.6991	1564	0.3210	0.2781	0.1426	0.0371	0.0850	0.0179	0.0077	0.0281	0.0256	0.0141	0.0077	0.0070	0.0064	0.0121	0.0096
found_transfer	state-frontier	la_frozen_SN	frozen	2	state-frontier/artifacts/sf2/la_frozen_SN_s2	3	101	0.0000	0.0693	0.2871	0.6436	1221	0.6945	920	0.3120	0.2902	0.1609	0.0326	0.0946	0.0087	0.0087	0.0217	0.0261	0.0109	0.0054	0.0043	0.0130	0.0043	0.0065
found_transfer	state-frontier	la_frozen_SN	frozen	2	state-frontier/artifacts/sf2/la_frozen_SN_s2	4	75	0.0000	0.0667	0.2933	0.6400	1296	0.6914	688	0.3140	0.2936	0.1337	0.0378	0.1017	0.0073	0.0044	0.0349	0.0262	0.0087	0.0087	0.0058	0.0087	0.0102	0.0044
found_transfer	state-frontier	la_frozen_SN	frozen	2	state-frontier/artifacts/sf2/la_frozen_SN_s2	5	50	0.0000	0.0800	0.2800	0.6400	1346	0.6895	455	0.3099	0.2769	0.1385	0.0418	0.1011	0.0088	0.0088	0.0440	0.0110	0.0198	0.0132	0.0154	0.0066	0.0000	0.0044
found_transfer	state-frontier	la_frozen_SN	frozen	2	state-frontier/artifacts/sf2/la_frozen_SN_s2	6	57	0.0000	0.1053	0.1754	0.7193	1403	0.6907	515	0.3223	0.2835	0.1437	0.0350	0.0835	0.0155	0.0039	0.0252	0.0252	0.0194	0.0155	0.0078	0.0019	0.0019	0.0155
found_transfer	state-frontier	la_frozen_SN	frozen	2	state-frontier/artifacts/sf2/la_frozen_SN_s2	7	41	0.0000	0.1463	0.1951	0.6585	1444	0.6898	376	0.3112	0.2660	0.1489	0.0399	0.0851	0.0186	0.0080	0.0346	0.0160	0.0133	0.0133	0.0080	0.0133	0.0160	0.0080
found_transfer	state-frontier	la_frozen_SN	frozen	2	state-frontier/artifacts/sf2/la_frozen_SN_s2	8	47	0.0000	0.1064	0.2766	0.6170	1491	0.6875	425	0.3082	0.2871	0.1506	0.0400	0.0965	0.0071	0.0094	0.0212	0.0141	0.0235	0.0047	0.0071	0.0047	0.0047	0.0212
found	state-frontier	la_frozen_SN	frozen	3	state-frontier/artifacts/sf2/la_frozen_SN_s3	1	4157	0.0012	0.0849	0.3442	0.5696	4157	0.5696	33300	0.3307	0.3086	0.1468	0.0310	0.0678	0.0080	0.0062	0.0256	0.0193	0.0139	0.0117	0.0061	0.0087	0.0076	0.0080
found	state-frontier	la_frozen_SN	frozen	3	state-frontier/artifacts/sf2/la_frozen_SN_s3	2	577	0.0000	0.1161	0.4350	0.4489	4734	0.5549	5043	0.3038	0.2685	0.1654	0.0307	0.0789	0.0133	0.0125	0.0280	0.0200	0.0218	0.0127	0.0087	0.0133	0.0091	0.0133
found	state-frontier	la_frozen_SN	frozen	3	state-frontier/artifacts/sf2/la_frozen_SN_s3	3	343	0.0000	0.1633	0.4111	0.4257	5077	0.5462	2997	0.2996	0.2596	0.1652	0.0340	0.0717	0.0157	0.0163	0.0287	0.0264	0.0240	0.0080	0.0087	0.0150	0.0110	0.0160
found	state-frontier	la_frozen_SN	frozen	3	state-frontier/artifacts/sf2/la_frozen_SN_s3	4	254	0.0000	0.1772	0.4016	0.4213	5331	0.5402	2236	0.2996	0.2585	0.1619	0.0326	0.0742	0.0157	0.0215	0.0291	0.0237	0.0224	0.0148	0.0098	0.0130	0.0103	0.0130
found	state-frontier	la_frozen_SN	frozen	3	state-frontier/artifacts/sf2/la_frozen_SN_s3	5	197	0.0000	0.1574	0.4061	0.4365	5528	0.5365	1788	0.2987	0.2629	0.1650	0.0347	0.0794	0.0129	0.0190	0.0280	0.0246	0.0196	0.0117	0.0101	0.0112	0.0117	0.0106
found	state-frontier	la_frozen_SN	frozen	3	state-frontier/artifacts/sf2/la_frozen_SN_s3	6	185	0.0000	0.2054	0.4108	0.3838	5713	0.5316	1617	0.2975	0.2523	0.1694	0.0334	0.0742	0.0198	0.0173	0.0291	0.0229	0.0216	0.0118	0.0056	0.0167	0.0111	0.0173
found	state-frontier	la_frozen_SN	frozen	3	state-frontier/artifacts/sf2/la_frozen_SN_s3	7	176	0.0000	0.1193	0.4830	0.3977	5889	0.5276	1571	0.3017	0.2623	0.1553	0.0337	0.0789	0.0165	0.0165	0.0255	0.0261	0.0210	0.0121	0.0064	0.0146	0.0153	0.0140
found	state-frontier	la_frozen_SN	frozen	3	state-frontier/artifacts/sf2/la_frozen_SN_s3	8	135	0.0000	0.2000	0.4222	0.3778	6024	0.5242	1217	0.2876	0.2547	0.1726	0.0296	0.0896	0.0131	0.0279	0.0320	0.0230	0.0156	0.0156	0.0066	0.0140	0.0066	0.0115
found_transfer	state-frontier	la_frozen_SN	frozen	3	state-frontier/artifacts/sf2/la_frozen_SN_s3	1	1280	0.0008	0.0617	0.2492	0.6883	1280	0.6883	11286	0.3278	0.3005	0.1455	0.0313	0.0813	0.0100	0.0035	0.0241	0.0239	0.0145	0.0084	0.0073	0.0078	0.0068	0.0074
found_transfer	state-frontier	la_frozen_SN	frozen	3	state-frontier/artifacts/sf2/la_frozen_SN_s3	2	242	0.0000	0.1033	0.3099	0.5868	1522	0.6721	2258	0.3056	0.2706	0.1581	0.0301	0.0917	0.0142	0.0097	0.0341	0.0226	0.0168	0.0089	0.0066	0.0106	0.0093	0.0111
found_transfer	state-frontier	la_frozen_SN	frozen	3	state-frontier/artifacts/sf2/la_frozen_SN_s3	3	152	0.0000	0.0921	0.2763	0.6316	1674	0.6685	1446	0.3154	0.2718	0.1418	0.0415	0.0816	0.0173	0.0124	0.0263	0.0214	0.0201	0.0069	0.0090	0.0118	0.0118	0.0111
found_transfer	state-frontier	la_frozen_SN	frozen	3	state-frontier/artifacts/sf2/la_frozen_SN_s3	4	118	0.0000	0.0678	0.4068	0.5254	1792	0.6590	1101	0.2988	0.2543	0.1680	0.0472	0.0972	0.0191	0.0082	0.0254	0.0182	0.0182	0.0054	0.0064	0.0136	0.0082	0.0118
found_transfer	state-frontier	la_frozen_SN	frozen	3	state-frontier/artifacts/sf2/la_frozen_SN_s3	5	109	0.0000	0.1468	0.3761	0.4771	1901	0.6486	1049	0.3060	0.2431	0.1640	0.0315	0.0763	0.0248	0.0229	0.0229	0.0324	0.0238	0.0076	0.0133	0.0124	0.0086	0.0105
found_transfer	state-frontier	la_frozen_SN	frozen	3	state-frontier/artifacts/sf2/la_frozen_SN_s3	6	76	0.0000	0.0921	0.2237	0.6842	1977	0.6500	735	0.3197	0.2748	0.1429	0.0395	0.0830	0.0218	0.0095	0.0327	0.0272	0.0122	0.0122	0.0014	0.0054	0.0054	0.0122
found_transfer	state-frontier	la_frozen_SN	frozen	3	state-frontier/artifacts/sf2/la_frozen_SN_s3	7	68	0.0000	0.1029	0.2941	0.6029	2045	0.6484	652	0.2991	0.2577	0.1534	0.0475	0.0706	0.0169	0.0153	0.0322	0.0276	0.0215	0.0123	0.0077	0.0153	0.0092	0.0138
found_transfer	state-frontier	la_frozen_SN	frozen	3	state-frontier/artifacts/sf2/la_frozen_SN_s3	8	69	0.0000	0.1304	0.2319	0.6377	2114	0.6481	674	0.3042	0.2522	0.1484	0.0504	0.1068	0.0237	0.0134	0.0104	0.0237	0.0134	0.0030	0.0045	0.0163	0.0193	0.0104
found	state-frontier	la_frozen_SN	frozen	4	state-frontier/artifacts/sf2/la_frozen_SN_s4	1	2859	0.0010	0.0749	0.3305	0.5936	2859	0.5936	22153	0.3435	0.3236	0.1357	0.0309	0.0576	0.0065	0.0037	0.0281	0.0186	0.0115	0.0128	0.0068	0.0084	0.0075	0.0047
found	state-frontier	la_frozen_SN	frozen	4	state-frontier/artifacts/sf2/la_frozen_SN_s4	2	375	0.0000	0.1600	0.3920	0.4480	3234	0.5767	3107	0.3167	0.2810	0.1571	0.0257	0.0818	0.0129	0.0074	0.0277	0.0206	0.0203	0.0138	0.0100	0.0084	0.0061	0.0106
found	state-frontier	la_frozen_SN	frozen	4	state-frontier/artifacts/sf2/la_frozen_SN_s4	3	240	0.0000	0.1375	0.4292	0.4333	3474	0.5668	2021	0.3127	0.2721	0.1573	0.0332	0.0703	0.0139	0.0089	0.0351	0.0188	0.0257	0.0089	0.0129	0.0064	0.0099	0.0139
found	state-frontier	la_frozen_SN	frozen	4	state-frontier/artifacts/sf2/la_frozen_SN_s4	4	165	0.0000	0.1030	0.4788	0.4182	3639	0.5600	1390	0.3129	0.2813	0.1568	0.0338	0.0640	0.0115	0.0086	0.0317	0.0201	0.0216	0.0108	0.0086	0.0144	0.0108	0.0129
found	state-frontier	la_frozen_SN	frozen	4	state-frontier/artifacts/sf2/la_frozen_SN_s4	5	143	0.0000	0.1678	0.4406	0.3916	3782	0.5537	1208	0.3071	0.2591	0.1714	0.0348	0.0811	0.0199	0.0091	0.0265	0.0273	0.0207	0.0108	0.0083	0.0066	0.0050	0.0124
found	state-frontier	la_frozen_SN	frozen	4	state-frontier/artifacts/sf2/la_frozen_SN_s4	6	85	0.0000	0.1529	0.4588	0.3882	3867	0.5500	723	0.3140	0.2752	0.1687	0.0194	0.0705	0.0166	0.0028	0.0235	0.0346	0.0166	0.0124	0.0055	0.0111	0.0166	0.0124
found	state-frontier	la_frozen_SN	frozen	4	state-frontier/artifacts/sf2/la_frozen_SN_s4	7	95	0.0000	0.1684	0.4316	0.4000	3962	0.5464	822	0.3054	0.2835	0.1630	0.0341	0.0718	0.0097	0.0134	0.0353	0.0426	0.0061	0.0122	0.0024	0.0073	0.0097	0.0036
found	state-frontier	la_frozen_SN	frozen	4	state-frontier/artifacts/sf2/la_frozen_SN_s4	8	68	0.0000	0.0735	0.3676	0.5588	4030	0.5467	595	0.3244	0.2908	0.1345	0.0420	0.0672	0.0134	0.0202	0.0235	0.0252	0.0134	0.0185	0.0067	0.0050	0.0067	0.0084
found_transfer	state-frontier	la_frozen_SN	frozen	4	state-frontier/artifacts/sf2/la_frozen_SN_s4	1	729	0.0000	0.0645	0.2222	0.7133	729	0.7133	6233	0.3368	0.3101	0.1405	0.0284	0.0701	0.0080	0.0021	0.0257	0.0265	0.0154	0.0074	0.0106	0.0064	0.0067	0.0053
found_transfer	state-frontier	la_frozen_SN	frozen	4	state-frontier/artifacts/sf2/la_frozen_SN_s4	2	146	0.0000	0.0890	0.2740	0.6370	875	0.7006	1294	0.3246	0.2921	0.1406	0.0263	0.0904	0.0131	0.0031	0.0240	0.0317	0.0139	0.0093	0.0062	0.0108	0.0062	0.0077
found_transfer	state-frontier	la_frozen_SN	frozen	4	state-frontier/artifacts/sf2/la_frozen_SN_s4	3	75	0.0000	0.0933	0.1867	0.7200	950	0.7021	678	0.3215	0.2876	0.1372	0.0310	0.0782	0.0088	0.0029	0.0265	0.0339	0.0221	0.0133	0.0162	0.0059	0.0088	0.0059
found_transfer	state-frontier	la_frozen_SN	frozen	4	state-frontier/artifacts/sf2/la_frozen_SN_s4	4	61	0.0000	0.0492	0.2295	0.7213	1011	0.7033	552	0.3315	0.3062	0.1196	0.0417	0.0924	0.0109	0.0072	0.0254	0.0217	0.0072	0.0181	0.0036	0.0054	0.0054	0.0036
found_transfer	state-frontier	la_frozen_SN	frozen	4	state-frontier/artifacts/sf2/la_frozen_SN_s4	5	40	0.0000	0.1250	0.3750	0.5000	1051	0.6955	363	0.3003	0.2700	0.1543	0.0386	0.0992	0.0110	0.0000	0.0248	0.0193	0.0248	0.0220	0.0083	0.0055	0.0028	0.0193
found_transfer	state-frontier	la_frozen_SN	frozen	4	state-frontier/artifacts/sf2/la_frozen_SN_s4	6	39	0.0000	0.1026	0.2051	0.6923	1090	0.6954	354	0.3249	0.2966	0.1441	0.0282	0.0791	0.0113	0.0056	0.0254	0.0226	0.0169	0.0169	0.0056	0.0056	0.0056	0.0113
found_transfer	state-frontier	la_frozen_SN	frozen	4	state-frontier/artifacts/sf2/la_frozen_SN_s4	7	45	0.0000	0.0889	0.2667	0.6444	1135	0.6934	428	0.3248	0.2617	0.1449	0.0467	0.0654	0.0257	0.0070	0.0350	0.0234	0.0234	0.0140	0.0117	0.0047	0.0000	0.0117
found_transfer	state-frontier	la_frozen_SN	frozen	4	state-frontier/artifacts/sf2/la_frozen_SN_s4	8	37	0.0000	0.0811	0.2162	0.7027	1172	0.6937	344	0.3285	0.2820	0.1483	0.0291	0.0872	0.0203	0.0029	0.0203	0.0087	0.0233	0.0116	0.0058	0.0116	0.0029	0.0174
found	state-frontier	la_frozen_S	frozen	2	state-frontier/artifacts/sf2/la_frozen_S_s2	1	3319	0.0009	0.0708	0.3378	0.5905	3319	0.5905	25915	0.3386	0.3227	0.1349	0.0333	0.0613	0.0048	0.0044	0.0283	0.0203	0.0108	0.0129	0.0064	0.0085	0.0084	0.0046
found	state-frontier	la_frozen_S	frozen	2	state-frontier/artifacts/sf2/la_frozen_S_s2	2	503	0.0000	0.1451	0.4076	0.4473	3822	0.5717	4215	0.3079	0.2811	0.1632	0.0361	0.0726	0.0093	0.0090	0.0325	0.0240	0.0159	0.0123	0.0083	0.0102	0.0097	0.0078
found	state-frontier	la_frozen_S	frozen	2	state-frontier/artifacts/sf2/la_frozen_S_s2	3	254	0.0039	0.1220	0.3858	0.4882	4076	0.5665	2178	0.3058	0.2810	0.1616	0.0335	0.0753	0.0096	0.0073	0.0354	0.0239	0.0170	0.0147	0.0055	0.0069	0.0110	0.0115
found	state-frontier	la_frozen_S	frozen	2	state-frontier/artifacts/sf2/la_frozen_S_s2	4	196	0.0000	0.1224	0.4337	0.4439	4272	0.5609	1677	0.3047	0.2803	0.1598	0.0358	0.0757	0.0083	0.0119	0.0304	0.0185	0.0179	0.0167	0.0078	0.0095	0.0125	0.0101
found	state-frontier	la_frozen_S	frozen	2	state-frontier/artifacts/sf2/la_frozen_S_s2	5	185	0.0000	0.1459	0.4216	0.4324	4457	0.5555	1580	0.3044	0.2677	0.1570	0.0392	0.0791	0.0139	0.0120	0.0278	0.0190	0.0215	0.0133	0.0089	0.0127	0.0108	0.0127
found	state-frontier	la_frozen_S	frozen	2	state-frontier/artifacts/sf2/la_frozen_S_s2	6	129	0.0000	0.0853	0.4496	0.4651	4586	0.5530	1096	0.3066	0.2838	0.1551	0.0356	0.0648	0.0082	0.0137	0.0356	0.0219	0.0146	0.0164	0.0064	0.0100	0.0182	0.0091
found	state-frontier	la_frozen_S	frozen	2	state-frontier/artifacts/sf2/la_frozen_S_s2	7	107	0.0000	0.1402	0.4673	0.3925	4693	0.5493	936	0.2906	0.2650	0.1763	0.0385	0.0684	0.0085	0.0171	0.0395	0.0299	0.0150	0.0085	0.0085	0.0171	0.0096	0.0075
found	state-frontier	la_frozen_S	frozen	2	state-frontier/artifacts/sf2/la_frozen_S_s2	8	114	0.0000	0.1053	0.4561	0.4386	4807	0.5467	1019	0.3140	0.2826	0.1423	0.0373	0.0854	0.0118	0.0098	0.0285	0.0216	0.0177	0.0128	0.0079	0.0108	0.0079	0.0098
found_transfer	state-frontier	la_frozen_S	frozen	2	state-frontier/artifacts/sf2/la_frozen_S_s2	1	951	0.0000	0.0494	0.2271	0.7234	951	0.7234	8212	0.3329	0.3161	0.1387	0.0346	0.0710	0.0037	0.0019	0.0231	0.0296	0.0132	0.0068	0.0095	0.0069	0.0080	0.0039
found_transfer	state-frontier	la_frozen_S	frozen	2	state-frontier/artifacts/sf2/la_frozen_S_s2	2	156	0.0000	0.1026	0.2308	0.6667	1107	0.7154	1411	0.3239	0.2984	0.1439	0.0298	0.0744	0.0106	0.0050	0.0276	0.0319	0.0113	0.0099	0.0043	0.0099	0.0120	0.0071
found_transfer	state-frontier	la_frozen_S	frozen	2	state-frontier/artifacts/sf2/la_frozen_S_s2	3	113	0.0000	0.0619	0.2832	0.6549	1220	0.7098	1022	0.3209	0.2886	0.1497	0.0382	0.0773	0.0117	0.0059	0.0313	0.0176	0.0147	0.0088	0.0088	0.0108	0.0098	0.0059
found_transfer	state-frontier	la_frozen_S	frozen	2	state-frontier/artifacts/sf2/la_frozen_S_s2	4	87	0.0000	0.0805	0.2874	0.6322	1307	0.7047	806	0.3102	0.2854	0.1439	0.0422	0.0906	0.0062	0.0099	0.0199	0.0223	0.0199	0.0099	0.0124	0.0087	0.0099	0.0087
found_transfer	state-frontier	la_frozen_S	frozen	2	state-frontier/artifacts/sf2/la_frozen_S_s2	5	55	0.0000	0.0909	0.2727	0.6364	1362	0.7019	509	0.3163	0.2849	0.1375	0.0472	0.0727	0.0079	0.0118	0.0432	0.0216	0.0157	0.0098	0.0157	0.0039	0.0118	0.0000
found_transfer	state-frontier	la_frozen_S	frozen	2	state-frontier/artifacts/sf2/la_frozen_S_s2	6	56	0.0000	0.0357	0.3929	0.5714	1418	0.6968	508	0.3189	0.2795	0.1358	0.0394	0.0827	0.0157	0.0039	0.0315	0.0315	0.0118	0.0157	0.0079	0.0059	0.0138	0.0059
found_transfer	state-frontier	la_frozen_S	frozen	2	state-frontier/artifacts/sf2/la_frozen_S_s2	7	48	0.0000	0.1042	0.2708	0.6250	1466	0.6944	437	0.3181	0.2792	0.1510	0.0297	0.1030	0.0160	0.0092	0.0252	0.0206	0.0137	0.0069	0.0069	0.0092	0.0023	0.0092
found_transfer	state-frontier	la_frozen_S	frozen	2	state-frontier/artifacts/sf2/la_frozen_S_s2	8	37	0.0000	0.0541	0.2162	0.7297	1503	0.6953	348	0.3103	0.3046	0.1523	0.0201	0.0920	0.0000	0.0029	0.0374	0.0374	0.0057	0.0115	0.0057	0.0115	0.0086	0.0000
found	state-frontier	la_frozen_S	frozen	3	state-frontier/artifacts/sf2/la_frozen_S_s3	1	3901	0.0010	0.0815	0.3358	0.5816	3901	0.5816	31125	0.3320	0.3128	0.1449	0.0316	0.0683	0.0066	0.0065	0.0272	0.0192	0.0111	0.0118	0.0061	0.0082	0.0087	0.0051
found	state-frontier	la_frozen_S	frozen	3	state-frontier/artifacts/sf2/la_frozen_S_s3	2	562	0.0018	0.1317	0.4591	0.4075	4463	0.5597	4842	0.2955	0.2670	0.1764	0.0388	0.0867	0.0109	0.0138	0.0281	0.0221	0.0145	0.0118	0.0066	0.0091	0.0101	0.0085
found	state-frontier	la_frozen_S	frozen	3	state-frontier/artifacts/sf2/la_frozen_S_s3	3	348	0.0000	0.1351	0.4339	0.4310	4811	0.5504	3079	0.3033	0.2660	0.1692	0.0348	0.0825	0.0146	0.0182	0.0279	0.0240	0.0156	0.0071	0.0081	0.0110	0.0091	0.0084
found	state-frontier	la_frozen_S	frozen	3	state-frontier/artifacts/sf2/la_frozen_S_s3	4	270	0.0037	0.1593	0.4481	0.3889	5081	0.5418	2377	0.2958	0.2642	0.1687	0.0328	0.0858	0.0130	0.0177	0.0303	0.0278	0.0143	0.0088	0.0055	0.0147	0.0105	0.0101
found	state-frontier	la_frozen_S	frozen	3	state-frontier/artifacts/sf2/la_frozen_S_s3	5	215	0.0000	0.1488	0.4279	0.4233	5296	0.5370	1933	0.2944	0.2571	0.1681	0.0326	0.0760	0.0135	0.0166	0.0357	0.0243	0.0217	0.0114	0.0103	0.0098	0.0176	0.0109
found	state-frontier	la_frozen_S	frozen	3	state-frontier/artifacts/sf2/la_frozen_S_s3	6	189	0.0000	0.1481	0.4233	0.4286	5485	0.5333	1680	0.3012	0.2649	0.1601	0.0363	0.0786	0.0131	0.0196	0.0310	0.0256	0.0161	0.0095	0.0101	0.0137	0.0101	0.0101
found	state-frontier	la_frozen_S	frozen	3	state-frontier/artifacts/sf2/la_frozen_S_s3	7	151	0.0000	0.1258	0.4570	0.4172	5636	0.5302	1365	0.2967	0.2674	0.1678	0.0352	0.0747	0.0110	0.0190	0.0366	0.0293	0.0168	0.0095	0.0073	0.0095	0.0073	0.0117
found	state-frontier	la_frozen_S	frozen	3	state-frontier/artifacts/sf2/la_frozen_S_s3	8	143	0.0000	0.1678	0.4615	0.3706	5779	0.5262	1301	0.2936	0.2537	0.1653	0.0423	0.0692	0.0146	0.0238	0.0331	0.0246	0.0231	0.0061	0.0108	0.0146	0.0108	0.0146
found_transfer	state-frontier	la_frozen_S	frozen	3	state-frontier/artifacts/sf2/la_frozen_S_s3	1	1301	0.0015	0.0576	0.2283	0.7125	1301	0.7125	11483	0.3240	0.3031	0.1475	0.0338	0.0869	0.0069	0.0045	0.0240	0.0255	0.0109	0.0074	0.0071	0.0065	0.0079	0.0039
found_transfer	state-frontier	la_frozen_S	frozen	3	state-frontier/artifacts/sf2/la_frozen_S_s3	2	219	0.0000	0.0731	0.2192	0.7078	1520	0.7118	2068	0.3124	0.2809	0.1436	0.0392	0.0982	0.0121	0.0077	0.0227	0.0218	0.0140	0.0111	0.0073	0.0097	0.0121	0.0073
found_transfer	state-frontier	la_frozen_S	frozen	3	state-frontier/artifacts/sf2/la_frozen_S_s3	3	151	0.0000	0.1060	0.3113	0.5828	1671	0.7002	1436	0.3085	0.2660	0.1476	0.0397	0.1045	0.0153	0.0084	0.0244	0.0216	0.0181	0.0111	0.0118	0.0056	0.0097	0.0077
found_transfer	state-frontier	la_frozen_S	frozen	3	state-frontier/artifacts/sf2/la_frozen_S_s3	4	133	0.0000	0.1579	0.2632	0.5789	1804	0.6912	1242	0.2955	0.2585	0.1602	0.0346	0.0998	0.0129	0.0129	0.0282	0.0242	0.0209	0.0097	0.0113	0.0081	0.0113	0.0121
found_transfer	state-frontier	la_frozen_S	frozen	3	state-frontier/artifacts/sf2/la_frozen_S_s3	5	88	0.0000	0.0909	0.2500	0.6591	1892	0.6897	852	0.3075	0.2817	0.1549	0.0376	0.0880	0.0094	0.0153	0.0282	0.0305	0.0129	0.0047	0.0070	0.0094	0.0059	0.0070
found_transfer	state-frontier	la_frozen_S	frozen	3	state-frontier/artifacts/sf2/la_frozen_S_s3	6	93	0.0000	0.0645	0.3118	0.6237	1985	0.6866	891	0.3030	0.2671	0.1616	0.0460	0.0954	0.0146	0.0123	0.0303	0.0269	0.0123	0.0079	0.0067	0.0045	0.0056	0.0056
found_transfer	state-frontier	la_frozen_S	frozen	3	state-frontier/artifacts/sf2/la_frozen_S_s3	7	62	0.0000	0.0806	0.3548	0.5645	2047	0.6830	577	0.2964	0.2686	0.1560	0.0589	0.0763	0.0087	0.0017	0.0243	0.0295	0.0173	0.0104	0.0104	0.0156	0.0191	0.0069
found_transfer	state-frontier	la_frozen_S	frozen	3	state-frontier/artifacts/sf2/la_frozen_S_s3	8	64	0.0000	0.0469	0.3438	0.6094	2111	0.6807	611	0.3110	0.2799	0.1473	0.0376	0.0949	0.0098	0.0065	0.0278	0.0344	0.0131	0.0065	0.0115	0.0065	0.0082	0.0049
found	support-curves	la_T1_sc	headline	0	support-curves/artifacts/sc/la_T1_sc_s0	1	979	0.0041	0.1542	0.5638	0.2778	979	0.2778	7199	0.3098	0.2893	0.1835	0.0336	0.0724	0.0076	0.0068	0.0290	0.0179	0.0108	0.0088	0.0051	0.0108	0.0085	0.0060
found	support-curves	la_T1_sc	headline	0	support-curves/artifacts/sc/la_T1_sc_s0	2	1701	0.0000	0.0300	0.1652	0.8048	2680	0.6123	13444	0.3618	0.3483	0.1200	0.0276	0.0545	0.0052	0.0037	0.0238	0.0155	0.0045	0.0139	0.0030	0.0065	0.0098	0.0016
found	support-curves	la_T1_sc	headline	0	support-curves/artifacts/sc/la_T1_sc_s0	3	663	0.0000	0.0603	0.3243	0.6154	3343	0.6129	5579	0.3303	0.3060	0.1470	0.0335	0.0789	0.0100	0.0091	0.0244	0.0185	0.0082	0.0097	0.0043	0.0079	0.0081	0.0041
found	support-curves	la_T1_sc	headline	0	support-curves/artifacts/sc/la_T1_sc_s0	4	473	0.0000	0.0507	0.3362	0.6131	3816	0.6129	4086	0.3231	0.2969	0.1495	0.0355	0.0839	0.0095	0.0083	0.0252	0.0186	0.0120	0.0105	0.0071	0.0083	0.0066	0.0049
found	support-curves	la_T1_sc	headline	0	support-curves/artifacts/sc/la_T1_sc_s0	5	407	0.0000	0.0639	0.3145	0.6216	4223	0.6138	3564	0.3316	0.2991	0.1411	0.0404	0.0735	0.0132	0.0109	0.0238	0.0121	0.0115	0.0137	0.0062	0.0107	0.0070	0.0051
found	support-curves	la_T1_sc	headline	0	support-curves/artifacts/sc/la_T1_sc_s0	6	339	0.0000	0.0678	0.3481	0.5841	4562	0.6116	2991	0.3226	0.2805	0.1441	0.0381	0.0772	0.0177	0.0127	0.0308	0.0174	0.0124	0.0134	0.0067	0.0120	0.0090	0.0053
found	support-curves	la_T1_sc	headline	0	support-curves/artifacts/sc/la_T1_sc_s0	7	343	0.0000	0.0875	0.2682	0.6443	4905	0.6139	3078	0.3187	0.2843	0.1459	0.0354	0.0712	0.0136	0.0146	0.0309	0.0224	0.0162	0.0159	0.0071	0.0078	0.0075	0.0084
found	support-curves	la_T1_sc	headline	0	support-curves/artifacts/sc/la_T1_sc_s0	8	305	0.0000	0.0689	0.3180	0.6131	5210	0.6138	2716	0.3189	0.2912	0.1355	0.0365	0.0832	0.0107	0.0177	0.0291	0.0151	0.0118	0.0210	0.0063	0.0081	0.0092	0.0059
found_transfer	support-curves	la_T1_sc	headline	0	support-curves/artifacts/sc/la_T1_sc_s0	1	94	0.0106	0.1277	0.3191	0.5426	94	0.5426	743	0.3284	0.3122	0.1642	0.0350	0.0633	0.0054	0.0000	0.0188	0.0148	0.0054	0.0108	0.0054	0.0162	0.0148	0.0054
found_transfer	support-curves	la_T1_sc	headline	0	support-curves/artifacts/sc/la_T1_sc_s0	2	432	0.0023	0.0370	0.1157	0.8449	526	0.7909	3770	0.3424	0.3260	0.1552	0.0358	0.0655	0.0074	0.0042	0.0225	0.0162	0.0021	0.0061	0.0016	0.0058	0.0085	0.0005
found_transfer	support-curves	la_T1_sc	headline	0	support-curves/artifacts/sc/la_T1_sc_s0	3	407	0.0000	0.0221	0.1499	0.8280	933	0.8071	3720	0.3298	0.3156	0.1478	0.0360	0.0844	0.0062	0.0075	0.0220	0.0245	0.0032	0.0078	0.0019	0.0056	0.0062	0.0013
found_transfer	support-curves	la_T1_sc	headline	0	support-curves/artifacts/sc/la_T1_sc_s0	4	296	0.0000	0.0203	0.1824	0.7973	1229	0.8047	2728	0.3343	0.3156	0.1349	0.0352	0.0876	0.0084	0.0055	0.0304	0.0165	0.0051	0.0114	0.0018	0.0062	0.0037	0.0033
found_transfer	support-curves	la_T1_sc	headline	0	support-curves/artifacts/sc/la_T1_sc_s0	5	239	0.0000	0.0335	0.1381	0.8285	1468	0.8086	2232	0.3266	0.3114	0.1362	0.0439	0.0793	0.0063	0.0076	0.0305	0.0130	0.0072	0.0175	0.0027	0.0081	0.0054	0.0045
found_transfer	support-curves	la_T1_sc	headline	0	support-curves/artifacts/sc/la_T1_sc_s0	6	202	0.0000	0.0297	0.1733	0.7970	1670	0.8072	1912	0.3237	0.2986	0.1433	0.0397	0.0842	0.0099	0.0099	0.0256	0.0188	0.0068	0.0110	0.0052	0.0099	0.0115	0.0016
found_transfer	support-curves	la_T1_sc	headline	0	support-curves/artifacts/sc/la_T1_sc_s0	7	221	0.0000	0.0633	0.1312	0.8054	1891	0.8070	2104	0.3294	0.2947	0.1416	0.0318	0.0875	0.0147	0.0124	0.0238	0.0138	0.0124	0.0147	0.0052	0.0067	0.0052	0.0062
found_transfer	support-curves	la_T1_sc	headline	0	support-curves/artifacts/sc/la_T1_sc_s0	8	163	0.0000	0.0552	0.1227	0.8221	2054	0.8082	1549	0.3183	0.2873	0.1453	0.0374	0.0839	0.0123	0.0110	0.0310	0.0213	0.0116	0.0103	0.0065	0.0123	0.0065	0.0052
found	support-curves	la_T1_sc	headline	1	support-curves/artifacts/sc/la_T1_sc_s1rerun	1	997	0.0040	0.1364	0.5747	0.2849	997	0.2849	7300	0.3100	0.2889	0.1827	0.0341	0.0751	0.0077	0.0048	0.0232	0.0214	0.0110	0.0123	0.0058	0.0075	0.0104	0.0052
found	support-curves	la_T1_sc	headline	1	support-curves/artifacts/sc/la_T1_sc_s1rerun	2	1551	0.0000	0.0361	0.1728	0.7911	2548	0.5930	12213	0.3586	0.3457	0.1277	0.0242	0.0519	0.0049	0.0030	0.0252	0.0208	0.0046	0.0133	0.0030	0.0079	0.0076	0.0016
found	support-curves	la_T1_sc	headline	1	support-curves/artifacts/sc/la_T1_sc_s1rerun	3	666	0.0000	0.0495	0.3063	0.6441	3214	0.6036	5577	0.3319	0.3098	0.1461	0.0335	0.0744	0.0081	0.0036	0.0258	0.0215	0.0093	0.0108	0.0059	0.0100	0.0057	0.0034
found	support-curves	la_T1_sc	headline	1	support-curves/artifacts/sc/la_T1_sc_s1rerun	4	467	0.0000	0.0600	0.3062	0.6338	3681	0.6074	3995	0.3282	0.2936	0.1492	0.0325	0.0753	0.0123	0.0083	0.0218	0.0198	0.0153	0.0120	0.0100	0.0093	0.0073	0.0053
found	support-curves	la_T1_sc	headline	1	support-curves/artifacts/sc/la_T1_sc_s1rerun	5	412	0.0000	0.0752	0.2913	0.6335	4093	0.6101	3591	0.3183	0.2896	0.1504	0.0326	0.0785	0.0097	0.0033	0.0290	0.0192	0.0209	0.0106	0.0092	0.0078	0.0092	0.0117
found	support-curves	la_T1_sc	headline	1	support-curves/artifacts/sc/la_T1_sc_s1rerun	6	370	0.0000	0.0703	0.2811	0.6486	4463	0.6133	3235	0.3258	0.2930	0.1465	0.0325	0.0742	0.0136	0.0056	0.0253	0.0226	0.0145	0.0074	0.0056	0.0139	0.0105	0.0090
found	support-curves	la_T1_sc	headline	1	support-curves/artifacts/sc/la_T1_sc_s1rerun	7	319	0.0000	0.0721	0.3041	0.6238	4782	0.6140	2817	0.3166	0.2943	0.1431	0.0295	0.0731	0.0089	0.0092	0.0266	0.0270	0.0117	0.0128	0.0046	0.0153	0.0202	0.0071
found	support-curves	la_T1_sc	headline	1	support-curves/artifacts/sc/la_T1_sc_s1rerun	8	378	0.0000	0.0635	0.3571	0.5794	5160	0.6114	3351	0.3127	0.2838	0.1546	0.0316	0.0639	0.0113	0.0137	0.0221	0.0251	0.0200	0.0131	0.0063	0.0149	0.0131	0.0137
found_transfer	support-curves	la_T1_sc	headline	1	support-curves/artifacts/sc/la_T1_sc_s1rerun	1	65	0.0154	0.1538	0.5231	0.3077	65	0.3077	500	0.3060	0.2780	0.1840	0.0280	0.0840	0.0060	0.0020	0.0160	0.0240	0.0200	0.0080	0.0160	0.0060	0.0160	0.0060
found_transfer	support-curves	la_T1_sc	headline	1	support-curves/artifacts/sc/la_T1_sc_s1rerun	2	435	0.0023	0.0115	0.1333	0.8529	500	0.7820	3763	0.3396	0.3253	0.1666	0.0258	0.0656	0.0058	0.0000	0.0181	0.0295	0.0029	0.0035	0.0027	0.0072	0.0072	0.0003
found_transfer	support-curves	la_T1_sc	headline	1	support-curves/artifacts/sc/la_T1_sc_s1rerun	3	359	0.0000	0.0139	0.1783	0.8078	859	0.7928	3237	0.3299	0.3102	0.1504	0.0355	0.0840	0.0083	0.0034	0.0188	0.0309	0.0056	0.0056	0.0031	0.0056	0.0062	0.0025
found_transfer	support-curves	la_T1_sc	headline	1	support-curves/artifacts/sc/la_T1_sc_s1rerun	4	298	0.0000	0.0403	0.1309	0.8289	1157	0.8021	2740	0.3380	0.3150	0.1369	0.0292	0.0748	0.0088	0.0040	0.0281	0.0223	0.0088	0.0080	0.0055	0.0109	0.0066	0.0033
found_transfer	support-curves	la_T1_sc	headline	1	support-curves/artifacts/sc/la_T1_sc_s1rerun	5	266	0.0000	0.0188	0.1654	0.8158	1423	0.8046	2455	0.3291	0.3071	0.1405	0.0338	0.0831	0.0086	0.0037	0.0248	0.0265	0.0077	0.0106	0.0049	0.0086	0.0081	0.0029
found_transfer	support-curves	la_T1_sc	headline	1	support-curves/artifacts/sc/la_T1_sc_s1rerun	6	222	0.0000	0.0450	0.1486	0.8063	1645	0.8049	2046	0.3294	0.3011	0.1432	0.0293	0.0816	0.0117	0.0059	0.0205	0.0264	0.0127	0.0083	0.0049	0.0093	0.0078	0.0078
found_transfer	support-curves	la_T1_sc	headline	1	support-curves/artifacts/sc/la_T1_sc_s1rerun	7	246	0.0000	0.0610	0.1667	0.7724	1891	0.8006	2284	0.3174	0.2929	0.1397	0.0355	0.0854	0.0096	0.0039	0.0232	0.0232	0.0131	0.0140	0.0053	0.0153	0.0136	0.0079
found_transfer	support-curves	la_T1_sc	headline	1	support-curves/artifacts/sc/la_T1_sc_s1rerun	8	224	0.0000	0.0268	0.1607	0.8125	2115	0.8019	2128	0.3195	0.3008	0.1471	0.0390	0.0757	0.0080	0.0009	0.0202	0.0334	0.0108	0.0122	0.0028	0.0122	0.0094	0.0080
