path	commit	git_blob	bytes
artifacts/TEST_RUN_DONE	6123570e	1d5cf064d739eb9484500d9ec85969a77f69058d	77
artifacts/dsg/assemble_g1.json	6123570e	a5439be370dbe7df80a581d2483d0918c177ec7c	1262
artifacts/dsg/assemble_g2.json	6123570e	67bc61c45ae793ebb8f2f3ca775acd1aaa1a3494	1416
artifacts/dsg/ei_d3_g1_s0/args.json	6123570e	658e05d8cc6bdd2791f44d8b47ebb6a9a508735a	538
artifacts/dsg/ei_d3_g1_s0/round_1.json	6123570e	4d2f73ea5c72e21686aff62d722bdaa0ae918a59	9028
artifacts/dsg/ei_d3_g1_s0/round_2.json	6123570e	b4d99f4aa1e4fdb1845dfa4c6eabc93fb4671343	9173
artifacts/dsg/ei_d3_g1_s0/round_3.json	6123570e	d93b277b6ff235f07f396319add073977f36491a	9245
artifacts/dsg/ei_d3_g1_s0/round_4.json	6123570e	535117127a17c01a42523f17358aece15186d662	9230
artifacts/dsg/ei_d3_g1_s1/args.json	6123570e	74f856602bf71a9a068497cf90be26458b9d1a7d	538
artifacts/dsg/ei_d3_g1_s1/round_1.json	6123570e	96145c65bd775b9e3ccdf046ef34c442db092305	9145
artifacts/dsg/ei_d3_g1_s1/round_2.json	6123570e	76419e0e3551ec1c7696d8f1eb8a9088bb2422c8	9233
artifacts/dsg/ei_d3_g1_s1/round_3.json	6123570e	76384231c2a78ee8d0af558a8e0cd11c129ac752	9261
artifacts/dsg/ei_d3_g1_s1/round_4.json	6123570e	48926c02839a65a3fc954e338ae59e622fce4b5f	9239
artifacts/dsg/ei_d3_g2_s0/args.json	6123570e	eebd8bb3bbda17316ce6fe51594f962c188a4b5e	538
artifacts/dsg/ei_d3_g2_s0/round_1.json	6123570e	0035f178fba6a92e801aaa674894176d1347e165	9075
artifacts/dsg/ei_d3_g2_s0/round_2.json	6123570e	1723be2349ce439e49207308530c58a3c3a249bc	9109
artifacts/dsg/ei_d3_g2_s0/round_3.json	6123570e	0146285b5e692f42e75fae6b2a724eff287ef3bb	9221
artifacts/dsg/ei_d3_g2_s0/round_4.json	6123570e	c1ad777529426a68bc3388824cc6e2fbaa423ffc	9281
artifacts/dsg/ei_d3_g2_s1/args.json	6123570e	78dad0da1f286547ef7e67c9a8879330ae1384fd	538
artifacts/dsg/ei_d3_g2_s1/round_1.json	6123570e	5bbe19e0f84a5de8e70344f6cedce134000ac10a	8890
artifacts/dsg/ei_d3_g2_s1/round_2.json	6123570e	061765bfb3211dc16515f7a2c7bfe1b6ce7e923a	9152
artifacts/dsg/ei_d3_g2_s1/round_3.json	6123570e	036d2a5d7437a434d271be9b449d1d400fd81296	9240
artifacts/dsg/ei_d3_g2_s1/round_4.json	6123570e	61bce198272b7e8c408b421be17135246aaf3bb5	9261
artifacts/dsg/fetch.done	6123570e	e69de29bb2d1d6434b8b29ae775ad8c2e48c5391	0
artifacts/dsg/frozen_d3_g1_s0/args.json	6123570e	b8b02822337e4b5c2311a9bfc32869932b47512a	541
artifacts/dsg/frozen_d3_g1_s0/round_1.json	6123570e	8801193faf2ffa23aed5129db98e57c03b084f40	8979
artifacts/dsg/frozen_d3_g1_s0/round_2.json	6123570e	2543e743761334952dcbd98789dc6a162472149f	8996
artifacts/dsg/frozen_d3_g1_s0/round_3.json	6123570e	07474ff4358a84ef18682ee0ea85afc10c9fdbce	9019
artifacts/dsg/frozen_d3_g1_s0/round_4.json	6123570e	0785183f2c2b1f08fe7e25a195167d9e043bc2a5	9007
artifacts/dsg/frozen_d3_g1_s1/args.json	6123570e	f763b30165f08f3b08905fae199144afa8591a48	541
artifacts/dsg/frozen_d3_g1_s1/round_1.json	6123570e	50180c1ca9e2ff239cb9253fc0d98b06a53682f9	9095
artifacts/dsg/frozen_d3_g1_s1/round_2.json	6123570e	ce41e11705d9d16a184fe4975b361663ea4477c1	9086
artifacts/dsg/frozen_d3_g1_s1/round_3.json	6123570e	d119ca33455f421ada2272e969692d48c5ae6f67	9107
artifacts/dsg/frozen_d3_g1_s1/round_4.json	6123570e	528796bf23900fea511bbf0c4cd485ee2f50ef35	9081
artifacts/dsg/frozen_d3_g2_s0/args.json	6123570e	1ed5d48fa385dc4f17667d830eea98544b1adeab	541
artifacts/dsg/frozen_d3_g2_s0/round_1.json	6123570e	2a57b3559e3a665dd4456c6ab1298ba6b4c5ac0a	9027
artifacts/dsg/frozen_d3_g2_s0/round_2.json	6123570e	6ddb2809a9f990da90f79d8e422591321538e83f	9011
artifacts/dsg/frozen_d3_g2_s0/round_3.json	6123570e	5d8868f20e1a2dd4ef12e7c00e0b24d6766bd26b	9006
artifacts/dsg/frozen_d3_g2_s0/round_4.json	6123570e	b992374f674d4da90cc49077bb50da4c4dc99c2b	9007
artifacts/dsg/frozen_d3_g2_s1/args.json	6123570e	f33d2e6e1ff38c93be68f02ac4e255804a45d191	541
artifacts/dsg/frozen_d3_g2_s1/round_1.json	6123570e	757b593be480f46ad0c4a517f3f190d22faa40f9	8841
artifacts/dsg/frozen_d3_g2_s1/round_2.json	6123570e	20beae6e48c47e3be0a5f4d138d619d285f7d74b	8927
artifacts/dsg/frozen_d3_g2_s1/round_3.json	6123570e	1cf3556fd8c36fe00e7a73e32eea72428432283a	8892
artifacts/dsg/frozen_d3_g2_s1/round_4.json	6123570e	4434bfd307311e7dbafb1810df96c33bc39ceb4e	8900
artifacts/dsg/gen_g1_stats.json	6123570e	5fc25476102e19ab584e64d71807e5703b4743b6	219
artifacts/dsg/gen_g1fill_stats.json	6123570e	0d3e3c1b650ebcf4e06c869186472fa1e139fc00	219
artifacts/dsg/heldout2_c0_s0.done	6123570e	e69de29bb2d1d6434b8b29ae775ad8c2e48c5391	0
artifacts/dsg/heldout2_c0_s0.json	6123570e	241b1f15c23696ff10750ca834ae8f0984088522	1459
artifacts/dsg/heldout2_c0_s1.done	6123570e	e69de29bb2d1d6434b8b29ae775ad8c2e48c5391	0
artifacts/dsg/heldout2_c0_s1.json	6123570e	a6965829faeb4f606d066e58ec7e884a583cd54a	1442
artifacts/dsg/heldout2_g1_s0.done	6123570e	e69de29bb2d1d6434b8b29ae775ad8c2e48c5391	0
artifacts/dsg/heldout2_g1_s0.json	6123570e	a36abbfb5a57b6535b13acc05c27920f039c19dd	1454
artifacts/dsg/heldout2_g1_s1.done	6123570e	e69de29bb2d1d6434b8b29ae775ad8c2e48c5391	0
artifacts/dsg/heldout2_g1_s1.json	6123570e	fedb10e719b36383380003629dbe764bd7014fd2	1452
artifacts/dsg/heldout2_g2_s0.done	6123570e	e69de29bb2d1d6434b8b29ae775ad8c2e48c5391	0
artifacts/dsg/heldout2_g2_s0.json	6123570e	cf5ca8c1523bdc8d03ff0d24adf8937b4187f24e	1495
artifacts/dsg/heldout2_g2_s1.done	6123570e	e69de29bb2d1d6434b8b29ae775ad8c2e48c5391	0
artifacts/dsg/heldout2_g2_s1.json	6123570e	9ebe4f1b5a2b7f6b228543246715de339b928998	1486
artifacts/dsg/heldout_c0_s0.json	6123570e	241b1f15c23696ff10750ca834ae8f0984088522	1459
artifacts/dsg/heldout_c0_s1.json	6123570e	4be3695367eb00be54d485766564e96046a3c70b	1439
artifacts/dsg/heldout_g1_s0.json	6123570e	96f8a67632f79089877ec38a45e3818494a29a0f	1455
artifacts/dsg/heldout_g1_s1.json	6123570e	10d534c322da41b0e3a8d09b08520d5658c551a5	1447
artifacts/dsg/heldout_g2_s0.json	6123570e	250d22ae480b6113ff1b0b298aea3a6258367b25	1492
artifacts/dsg/heldout_g2_s1.json	6123570e	88057056138cbe70297f791e1ccd3b37d7014bb1	1456
artifacts/dsg/la_T1_c0_s0.done	6123570e	e69de29bb2d1d6434b8b29ae775ad8c2e48c5391	0
artifacts/dsg/la_T1_c0_s0/args.json	6123570e	e668936b2f7ca19f73507f7185a3166187376c02	693
artifacts/dsg/la_T1_c0_s0/round_1.json	6123570e	4b577ca470b1849ebcc03f0d82373fa1dfc11471	10117
artifacts/dsg/la_T1_c0_s0/round_2.json	6123570e	5858f3823bde061930c61f5a3de6ce3fc53f6a22	10377
artifacts/dsg/la_T1_c0_s0/round_3.json	6123570e	d8370ac506718fad924b5222e81f1576e3d91ce1	10543
artifacts/dsg/la_T1_c0_s0/round_4.json	6123570e	3ddb8944f0bc6d763677120d3792678e6b2840c7	10639
artifacts/dsg/la_T1_c0_s0/round_5.json	6123570e	98aa14e66379e576bd55c94ce1e9fe1ddb7136c7	10739
artifacts/dsg/la_T1_c0_s0/round_6.json	6123570e	fac32823120db48a94aa430bce2ef4700f6339c6	10678
artifacts/dsg/la_T1_c0_s0/round_7.json	6123570e	d09c638826b2e3b44b5037c91cfc3b80273eb665	10667
artifacts/dsg/la_T1_c0_s0/round_8.json	6123570e	c29f9fb3bb1012993f1961e288ef6542a178c75d	10875
artifacts/dsg/la_T1_c0_s1.done	6123570e	e69de29bb2d1d6434b8b29ae775ad8c2e48c5391	0
artifacts/dsg/la_T1_c0_s1/args.json	6123570e	50c24f2cbe151dd94177cc4b7c25c4b04d92ae62	693
artifacts/dsg/la_T1_c0_s1/round_1.json	6123570e	b10958641db7c46b861e4afa82282d934cbd7de8	10114
artifacts/dsg/la_T1_c0_s1/round_2.json	6123570e	c5cdcc906c5de1da0c5337473548a169150c8304	10422
artifacts/dsg/la_T1_c0_s1/round_3.json	6123570e	9ba507975422584fdfcb2eb861f497fb8476bddc	10583
artifacts/dsg/la_T1_c0_s1/round_4.json	6123570e	767a307f00ee4e6fd9d13d83f062ef7b4781cf2d	10763
artifacts/dsg/la_T1_c0_s1/round_5.json	6123570e	7c64c53769d164b753905275c9f6b4b0be78cf22	10782
artifacts/dsg/la_T1_c0_s1/round_6.json	6123570e	aa0fc319b540ef309e63a50b906efe6a28722aa9	10796
artifacts/dsg/la_T1_c0_s1/round_7.json	6123570e	a19f25920217f1a9ee37ea02d70ca5a9f56fb622	10831
artifacts/dsg/la_T1_c0_s1/round_8.json	6123570e	b005215872ae130a7ecc5bc83f3555e662ed5861	10756
artifacts/dsg/la_T1_g1_s0.done	6123570e	e69de29bb2d1d6434b8b29ae775ad8c2e48c5391	0
artifacts/dsg/la_T1_g1_s0/args.json	6123570e	2a10e9d19c1a4e87bf396bca3f81769188aaa9a6	681
artifacts/dsg/la_T1_g1_s0/round_1.json	6123570e	b164a2b1802eac1505209a4d3ae357edabecb910	10059
artifacts/dsg/la_T1_g1_s0/round_2.json	6123570e	6e9afba7eacb7ceb5f64cd6cdf862154437786cd	10319
artifacts/dsg/la_T1_g1_s0/round_3.json	6123570e	e950c1a4d24f7e38ce1c611d5c64af8c532613e1	10631
artifacts/dsg/la_T1_g1_s0/round_4.json	6123570e	f56bbb41996ba12673f2b482b260e29cdfe70d62	10619
artifacts/dsg/la_T1_g1_s0/round_5.json	6123570e	11b947f36946e165ada431af9e3fbedf1eaf4ccb	10562
artifacts/dsg/la_T1_g1_s0/round_6.json	6123570e	73431b01d96e02079ea97ace4d646695ad2184b0	10690
artifacts/dsg/la_T1_g1_s0/round_7.json	6123570e	f4155f94173463d742084667a8456c01fb7e7653	10831
artifacts/dsg/la_T1_g1_s0/round_8.json	6123570e	47eefab683b91b62437e1409d0393be6210535c8	10895
artifacts/dsg/la_T1_g1_s1.done	6123570e	e69de29bb2d1d6434b8b29ae775ad8c2e48c5391	0
artifacts/dsg/la_T1_g1_s1/args.json	6123570e	0f5442bf8003853329b8b86a061e70013eb99333	681
artifacts/dsg/la_T1_g1_s1/round_1.json	6123570e	3fa9c3a0871fc62ad16b35a31839a84d9a3f235d	10019
artifacts/dsg/la_T1_g1_s1/round_2.json	6123570e	6f5db0a4757c026925e1690ed882ea3d8fc3e9b2	10374
artifacts/dsg/la_T1_g1_s1/round_3.json	6123570e	0feabd02f632ba79f63d11eb7d2d16aadaf10d30	10440
artifacts/dsg/la_T1_g1_s1/round_4.json	6123570e	4f924969098ca67d6360024f549a575c361df3a8	10496
artifacts/dsg/la_T1_g1_s1/round_5.json	6123570e	ce495ff8ad9fdb909e09410ca66edcc4a71acfa3	10543
artifacts/dsg/la_T1_g1_s1/round_6.json	6123570e	b75056f84a6a34d87281be6edca4ed6a0f5a3f5a	10563
artifacts/dsg/la_T1_g1_s1/round_7.json	6123570e	0ed15fdbf7bb8de6c05fc074b59190535b8f7ac3	10678
artifacts/dsg/la_T1_g1_s1/round_8.json	6123570e	9b701b50d048c7239fb03c283a2e08de4a296ab6	10616
artifacts/dsg/la_T1_g2_s0.done	6123570e	e69de29bb2d1d6434b8b29ae775ad8c2e48c5391	0
artifacts/dsg/la_T1_g2_s0/args.json	6123570e	8e3f684c4b3b06a51069c0025b457d3aeedc1e34	681
artifacts/dsg/la_T1_g2_s0/round_1.json	6123570e	3ef95cf83b0c93a5a2eb2ee8f75905d019830c95	10060
artifacts/dsg/la_T1_g2_s0/round_2.json	6123570e	628d81269b3b2813778debf6dc5d11aef83ce6be	10369
artifacts/dsg/la_T1_g2_s0/round_3.json	6123570e	19f5042ca2cd88c657ccd9b4ea43cd3de76589c0	10471
artifacts/dsg/la_T1_g2_s0/round_4.json	6123570e	98bd0f31eb16cbe0cfaf69bd55fa4b2ef9126aa0	10496
artifacts/dsg/la_T1_g2_s0/round_5.json	6123570e	50aab3ea66caf8285e0b517b6590ac8271299fef	10436
artifacts/dsg/la_T1_g2_s0/round_6.json	6123570e	bbfb14d52e481459df5aa264e279916fccb21778	10545
artifacts/dsg/la_T1_g2_s0/round_7.json	6123570e	41207ae57fb219e23cc24c5fc2c4bf5257110784	10587
artifacts/dsg/la_T1_g2_s0/round_8.json	6123570e	a54478264e8908ddd6ad9c073e31c9a485206ef4	10536
artifacts/dsg/la_T1_g2_s1.done	6123570e	e69de29bb2d1d6434b8b29ae775ad8c2e48c5391	0
artifacts/dsg/la_T1_g2_s1/args.json	6123570e	1c85e87cf96c54e45ffc2f354949ccd170770735	681
artifacts/dsg/la_T1_g2_s1/round_1.json	6123570e	8f975bd7c1b4fd68ed4145c80485371f33a619ef	10084
artifacts/dsg/la_T1_g2_s1/round_2.json	6123570e	b827567558209225d7ac632a811108676dcdb855	10359
artifacts/dsg/la_T1_g2_s1/round_3.json	6123570e	22d311d3f2132b0b1757fb7c3a47ced8d8721f2c	10388
artifacts/dsg/la_T1_g2_s1/round_4.json	6123570e	af4b6d5e84757f4b0201c2debf4fa87a831470aa	10440
artifacts/dsg/la_T1_g2_s1/round_5.json	6123570e	b3c016bd3b55618299726815eb70027b74b0cc1c	10655
artifacts/dsg/la_T1_g2_s1/round_6.json	6123570e	4830df3dff24fd75e4f82ee466e62b6f37c51e3a	10590
artifacts/dsg/la_T1_g2_s1/round_7.json	6123570e	5b6366bde8d4c1e1c42460c846f71209e10d60c5	10694
artifacts/dsg/la_T1_g2_s1/round_8.json	6123570e	dae016a00c623e231988563d1923a8abdf186a1a	10841
artifacts/dsg/la_frozen_c0_s0.done	6123570e	e69de29bb2d1d6434b8b29ae775ad8c2e48c5391	0
artifacts/dsg/la_frozen_c0_s0/args.json	6123570e	ff54abbe93dd8b2abcef2973b3e4baec61b42b5a	696
artifacts/dsg/la_frozen_c0_s0/round_1.json	6123570e	db3d028a2484836828e51c14114757c0b47bf51d	10066
artifacts/dsg/la_frozen_c0_s0/round_2.json	6123570e	1a100a62d7828e85ac2e17cef5b88553441d4515	10002
artifacts/dsg/la_frozen_c0_s0/round_3.json	6123570e	bdbbc4ad2198c4233b34b399d8119f0f260bd649	10083
artifacts/dsg/la_frozen_c0_s0/round_4.json	6123570e	fd5720d3cb3946973e25f201495959aafe9a2a80	10089
artifacts/dsg/la_frozen_c0_s0/round_5.json	6123570e	6108ca374e6bc81bd6426db60652e8126519bc87	10109
artifacts/dsg/la_frozen_c0_s0/round_6.json	6123570e	653fc5cd35feec9630a9dfdc48f1f666fc30c88a	10081
artifacts/dsg/la_frozen_c0_s0/round_7.json	6123570e	fddc04a8a12fde789a17c1afc5110a8de10252d5	10109
artifacts/dsg/la_frozen_c0_s0/round_8.json	6123570e	c9f7fb987d7f0f31bb3547e953eb80f13081becd	10033
artifacts/dsg/la_frozen_c0_s1.done	6123570e	e69de29bb2d1d6434b8b29ae775ad8c2e48c5391	0
artifacts/dsg/la_frozen_c0_s1/args.json	6123570e	304351724eefc51cca80346781f6be7fd25e74b4	696
artifacts/dsg/la_frozen_c0_s1/round_1.json	6123570e	a354470f70cc277cc1f57ac0e2e726cd565fabd9	10063
artifacts/dsg/la_frozen_c0_s1/round_2.json	6123570e	931cae3920c677080e80e92215c43e013806e486	10105
artifacts/dsg/la_frozen_c0_s1/round_3.json	6123570e	a51c9e78160dfee65694f6f737ebdc167a68de19	10131
artifacts/dsg/la_frozen_c0_s1/round_4.json	6123570e	44d82d39ff55b2fcbf8363764f15f7dae0be0503	10154
artifacts/dsg/la_frozen_c0_s1/round_5.json	6123570e	7197b18d69cacabdcde2f01fc373c8a9ef330581	10148
artifacts/dsg/la_frozen_c0_s1/round_6.json	6123570e	bb05bf841d2920f4c210bb2588ec903433582365	10152
artifacts/dsg/la_frozen_c0_s1/round_7.json	6123570e	dcbc086a6d947452ae9db78ae4eb628ae5079fc9	10099
artifacts/dsg/la_frozen_c0_s1/round_8.json	6123570e	fc4c5e03db0bd25c343a2611c9e5b6f7b2067589	10159
artifacts/dsg/la_frozen_g1_s0/args.json	6123570e	b672b3e537e44efd47cec17977f07045d9f1720f	684
artifacts/dsg/la_frozen_g1_s1.done	6123570e	e69de29bb2d1d6434b8b29ae775ad8c2e48c5391	0
artifacts/dsg/la_frozen_g1_s1/args.json	6123570e	6d59d96cb31bc0a55be21ad0bbff16c5c9159bcb	684
artifacts/dsg/la_frozen_g1_s1/round_1.json	6123570e	cdfcfb9138c6b90418e6a4b13771fa386a813944	9968
artifacts/dsg/la_frozen_g1_s1/round_2.json	6123570e	3a6faf282a89061a2685a5ac7cfc21cfe4713fc4	10086
artifacts/dsg/la_frozen_g1_s1/round_3.json	6123570e	dbfb45396204da3d1046145ba667ddd5f1be33e3	10085
artifacts/dsg/la_frozen_g1_s1/round_4.json	6123570e	669d3f531f17d8fa98c6d54995be61787da7fca1	10178
artifacts/dsg/la_frozen_g1_s1/round_5.json	6123570e	197be4d335573f1b834b90ea4d66750da67a1f90	10075
artifacts/dsg/la_frozen_g1_s1/round_6.json	6123570e	a479421de2c27c1e168232ecf73c8f6752b2e809	10098
artifacts/dsg/la_frozen_g1_s1/round_7.json	6123570e	f742a7c936dc75a236be1ad864c248dbb4ed5646	10072
artifacts/dsg/la_frozen_g1_s1/round_8.json	6123570e	6ac83cbef0134dd5e65dfe91fae99557a2dbb955	10049
artifacts/dsg/la_frozen_g2_s0.done	6123570e	e69de29bb2d1d6434b8b29ae775ad8c2e48c5391	0
artifacts/dsg/la_frozen_g2_s0/args.json	6123570e	3494659a318b924be5b3201fc41d82552b6722a1	684
artifacts/dsg/la_frozen_g2_s0/round_1.json	6123570e	6a538b44fe25888c8b92a62d03ac76210416109e	10009
artifacts/dsg/la_frozen_g2_s0/round_2.json	6123570e	41d5f2a999ec348a0a35e993c999cb698a3b1806	9976
artifacts/dsg/la_frozen_g2_s0/round_3.json	6123570e	d2f059f72784a43644c98516642f72229973d015	9987
artifacts/dsg/la_frozen_g2_s0/round_4.json	6123570e	09510c0c7e235d38ed0ccf4d6eae1f50a2735695	9983
artifacts/dsg/la_frozen_g2_s0/round_5.json	6123570e	0f587439dbe349e09222c7308528982221d3152f	9999
artifacts/dsg/la_frozen_g2_s0/round_6.json	6123570e	765b294e232880a72a3b443928d72e323321d6fa	9990
artifacts/dsg/la_frozen_g2_s0/round_7.json	6123570e	1c9781879cbe7cdf60b6de641b7f2a7e1550d7c9	9960
artifacts/dsg/la_frozen_g2_s0/round_8.json	6123570e	fd8963aabd874851b9f488218dd0a9befec6850d	9939
artifacts/dsg/la_frozen_g2_s1.done	6123570e	e69de29bb2d1d6434b8b29ae775ad8c2e48c5391	0
artifacts/dsg/la_frozen_g2_s1/args.json	6123570e	d9e9139c5b6df0d6423b8b3a5eba3b5b4e8cdb42	684
artifacts/dsg/la_frozen_g2_s1/round_1.json	6123570e	981b80a20fe5e6e4ffd1509dab023c56533e8460	10033
artifacts/dsg/la_frozen_g2_s1/round_2.json	6123570e	36c205764ff96567ceaa6d667f191ca3fb8c4231	10037
artifacts/dsg/la_frozen_g2_s1/round_3.json	6123570e	3faf0063be55997a040a1fadce307c51f2b52f00	10076
artifacts/dsg/la_frozen_g2_s1/round_4.json	6123570e	daf303f523a41c01748ab5a28d1193990a029c33	10092
artifacts/dsg/la_frozen_g2_s1/round_5.json	6123570e	7cf75cc8c5ab31cc37c92be076726d68f219d9a5	10104
artifacts/dsg/la_frozen_g2_s1/round_6.json	6123570e	9ee372a70e72445cf830d5a34efd9c14364f1f0d	10098
artifacts/dsg/la_frozen_g2_s1/round_7.json	6123570e	0593e637b16788747ddb5988d39dd23a104f725f	10061
artifacts/dsg/la_frozen_g2_s1/round_8.json	6123570e	fcc86dc5c34cd89c89bf1c7c9d2587d7ceccd857	10094
artifacts/dsg/ladder_all_s0.done	6123570e	e69de29bb2d1d6434b8b29ae775ad8c2e48c5391	0
artifacts/dsg/ladder_all_s1.done	6123570e	e69de29bb2d1d6434b8b29ae775ad8c2e48c5391	0
artifacts/dsg/logs/fetch.log	6123570e	b93f14a24c1f36135ac7e3d71ab02bba7dbf32ed	668
artifacts/dsg/logs/heldout2_c0_s0.log	6123570e	7225fa4de2eb71d04a6fcc0e5c57f5a7b329a84f	1110
artifacts/dsg/logs/heldout2_c0_s1.log	6123570e	f2998b9828c2571b7cd72ca2b12100bbcfc23022	1110
artifacts/dsg/logs/heldout2_g1_s0.log	6123570e	ce55e94aa54405e6c557c8fea4f017cee7579d06	1176
artifacts/dsg/logs/heldout2_g1_s1.log	6123570e	7040b1a4d973f401a10bd153cc151b61eaa67728	1172
artifacts/dsg/logs/heldout2_g2_s0.log	6123570e	0794d4483f63a3d182e084bf39fbebbf35a5f8c9	1208
artifacts/dsg/logs/heldout2_g2_s1.log	6123570e	a0d3255338f32bedaa8831b4bc69c48214f6ed43	1207
artifacts/dsg/logs/la_T1_c0_s0.log	6123570e	cba5495531648590b6322bc3c147fe85609cf90e	36268
artifacts/dsg/logs/la_T1_c0_s1.log	6123570e	93489db9dd8574c323bc2c8d98d656f14994e0c9	36323
artifacts/dsg/logs/la_T1_g1_s0.log	6123570e	e169004ba7f74fe13fbac6260baa494b2e0c530c	36195
artifacts/dsg/logs/la_T1_g1_s1.log	6123570e	e5857d5f4a15b096e44d1549910580a99b53d8d1	35961
artifacts/dsg/logs/la_T1_g2_s0.log	6123570e	047d8443167f6902d6fa4870e3b21cf8ad95f3f4	35979
artifacts/dsg/logs/la_T1_g2_s1.log	6123570e	86bfd915ad677c162984429f5803aba3259f17a7	36732
artifacts/dsg/logs/la_frozen_c0_s0.log	6123570e	eb00dce44152ff7a7a8631922bb3e8d1386e8314	31557
artifacts/dsg/logs/la_frozen_c0_s1.log	6123570e	ff152be33377c7c679a00783f8055e242b73f5bb	31786
artifacts/dsg/logs/la_frozen_g1_s0.log	6123570e	2cb4e7d80e02fddcee866191b13c18206f4460ac	287
artifacts/dsg/logs/la_frozen_g1_s1.log	6123570e	1a64a7aa789df6555d5fcfd025595580e15aca19	31598
artifacts/dsg/logs/la_frozen_g2_s0.log	6123570e	6c63c1afaf656aa58f2fbc0d27be4a63caada0d0	31833
artifacts/dsg/logs/la_frozen_g2_s1.log	6123570e	bfdf0995f513c4ad9df34efe134a236b3b6eb4f3	32175
artifacts/dsg/logs/mark_s0.log	6123570e	0891d1626f67ba9f6fb84d74b10537b29c366a23	175
artifacts/dsg/logs/mark_s1.log	6123570e	d737a35ad3f52a8a494660ef88ae19f2daa1c063	179
artifacts/dsg/logs/record_c0_s0.log	6123570e	5a204d2df823f9181f286f725d7e6d8c530d1e01	489
artifacts/dsg/logs/record_c0_s1.log	6123570e	14663e9fb47779fc3b59be30eaacf790e72e5cdc	489
artifacts/dsg/logs/record_g1_s0.log	6123570e	7118a17625d7956790d0eefd4be8daf2b80d40f3	588
artifacts/dsg/logs/record_g1_s1.log	6123570e	5658463b6a058f68a17e72624cfae6df6783714c	703
artifacts/dsg/logs/record_g2_s0.log	6123570e	a3466a81f3016c107e1a96936ed47ab41ae20443	691
artifacts/dsg/logs/record_g2_s1.log	6123570e	ffa5b983f62174639f774d8b7a87b1a306218f56	695
artifacts/dsg/logs/regress.log	6123570e	20c94a9bcf388a741600557fc46ee89936ced29f	332
artifacts/dsg/logs/setup.log	6123570e	c9828310915bc24533f31e699628d790c4151faa	1392
artifacts/dsg/logs/stage1_g1_s0.log	6123570e	2dbea32f695ac54226dfe06917d65ff7a8d4bfb2	1941
artifacts/dsg/logs/stage1_g1_s1.log	6123570e	f9d262864539aac1ce051b3b125752453648269b	1928
artifacts/dsg/logs/stage1_g2_s0.log	6123570e	58a46a75bc6c1f09392de233da8a594829b4718f	1941
artifacts/dsg/logs/stage1_g2_s1.log	6123570e	93d0f07c07750377ff4d9bd30418942b16621464	1929
artifacts/dsg/mark_s0.done	6123570e	e69de29bb2d1d6434b8b29ae775ad8c2e48c5391	0
artifacts/dsg/mark_s1.done	6123570e	e69de29bb2d1d6434b8b29ae775ad8c2e48c5391	0
artifacts/dsg/merge_g1.txt	6123570e	a654c94b46b497eedef3f53ad184ff68803ca1e8	843
artifacts/dsg/merge_g1fill.txt	6123570e	b845259434c5aef8aa4b2a67ffc8ecc26a1f4bcf	843
artifacts/dsg/merge_g2.txt	6123570e	b851598691414db2673bc2eecebd5df1586b221e	842
artifacts/dsg/overlap_c0.json	6123570e	58103ec7b91dbd29960554fa8d57f15e86e321c0	1614
artifacts/dsg/overlap_g1.json	6123570e	f81bad6516f2630205a063894b99a156ede93c06	1749
artifacts/dsg/overlap_g2.json	6123570e	7f6a476f2c6045ef84b70da79f127d64cfe1f8e5	1748
artifacts/dsg/record_c0_s0.done	6123570e	e69de29bb2d1d6434b8b29ae775ad8c2e48c5391	0
artifacts/dsg/record_c0_s0.json	6123570e	1dc8c01591f39fba6cee538b13e6a2c0a33d9af3	1452
artifacts/dsg/record_c0_s1.done	6123570e	e69de29bb2d1d6434b8b29ae775ad8c2e48c5391	0
artifacts/dsg/record_c0_s1.json	6123570e	7703b5c9e82913a5493cc5b89d8f0bed3f573341	1452
artifacts/dsg/record_g1_s0.done	6123570e	e69de29bb2d1d6434b8b29ae775ad8c2e48c5391	0
artifacts/dsg/record_g1_s0.json	6123570e	5c2a60bb4c073d940f54d9c4982a4687840fc705	1868
artifacts/dsg/record_g1_s1.done	6123570e	e69de29bb2d1d6434b8b29ae775ad8c2e48c5391	0
artifacts/dsg/record_g1_s1.json	6123570e	92f59f2d8a075604a1c34d70c6b50165f1bc04ae	2308
artifacts/dsg/record_g2_s0.done	6123570e	e69de29bb2d1d6434b8b29ae775ad8c2e48c5391	0
artifacts/dsg/record_g2_s0.json	6123570e	08d0b5ac7abaccdd05c968eeec874ca1586f20ec	2296
artifacts/dsg/record_g2_s1.done	6123570e	e69de29bb2d1d6434b8b29ae775ad8c2e48c5391	0
artifacts/dsg/record_g2_s1.json	6123570e	c00db9880fe9d32d892fd69b293d91a5408ccab7	2300
artifacts/dsg/regress.done	6123570e	e69de29bb2d1d6434b8b29ae775ad8c2e48c5391	0
artifacts/dsg/regress.json	6123570e	54e2a39f3da2f44f719634071dd419327d57b4e6	303
artifacts/dsg/render_g1.json	6123570e	f8b2b97954e7c2660818405d7575a74ab5e936b2	367
artifacts/dsg/render_g2.json	6123570e	dd297cf294fdf20bf6b0beee9f55f45e7314d089	362
artifacts/dsg/shape_c0_a1.json	6123570e	77d20ae557d6eb26d3a5dab9ba65072c488f4181	1951
artifacts/dsg/shape_g1.json	6123570e	1abf4f968c4ade183c2fe7613d3352fb6a6802fd	2011
artifacts/dsg/shape_g2.json	6123570e	5338c3bb946f568dfda343e262aed1df998f2bd4	2026
artifacts/dsg/stage1_g1_s0.done	6123570e	e69de29bb2d1d6434b8b29ae775ad8c2e48c5391	0
artifacts/dsg/stage1_g1_s1.done	6123570e	e69de29bb2d1d6434b8b29ae775ad8c2e48c5391	0
artifacts/dsg/stage1_g2_s0.done	6123570e	e69de29bb2d1d6434b8b29ae775ad8c2e48c5391	0
artifacts/dsg/stage1_g2_s1.done	6123570e	e69de29bb2d1d6434b8b29ae775ad8c2e48c5391	0
artifacts/dsg/summary.json	6123570e	99e6c87bc407212f44b3fc5659885cbcadae1dca	79733
artifacts/ei_abs_long_s0.log	6123570e	2d699205ff339f18f8149d603b917b9908207a00	41512
artifacts/ei_abs_long_s0/args.json	6123570e	734caaa8c38e2f00d4af6ac39b9849595d7bd34d	463
artifacts/ei_abs_long_s0/round_1.json	6123570e	3abbdc0dd4066e76e2ad56c88526e8c4444facde	12133
artifacts/ei_abs_long_s0/round_2.json	6123570e	8a3210823f7bf5f71f7a94e980b6a72ff0fe5ba2	12244
artifacts/ei_abs_long_s0/round_3.json	6123570e	f0b728f8725445810fc81e5d215fd1c278bfe78f	12233
artifacts/ei_abs_long_s0/round_4.json	6123570e	0c77fe4bfe4669fa81863063c35432e2292938a2	12256
artifacts/ei_abs_long_s0/round_5.json	6123570e	8f661fd18612cb990a2e067dccedf6f2ee61ed9a	12346
artifacts/ei_abs_long_s0/round_6.json	6123570e	f70e0123e9c736558db3d6358b7a048a09b88211	12311
artifacts/ei_abs_long_s0/round_7.json	6123570e	bf296841c76ea95ffb110a4f422806ffc7925963	12243
artifacts/ei_abs_long_s0/round_8.json	6123570e	4ad0c0bb3c6c734a7aee37e6c92b8e3faaa6d486	12318
artifacts/ei_abs_long_s0_OOM_crash.log	6123570e	aad9a0d3563a6479269ae1741c266a568cce53f9	2522
artifacts/ei_abs_long_s0_norm/round_1.json	6123570e	9ea2df4274a4a47eb2f0f47d23be971cadb7ecd6	13312
artifacts/ei_abs_long_s0_norm/round_2.json	6123570e	de5a02ae51cd37f51b09642b27aad5444ba2c671	13431
artifacts/ei_abs_long_s0_norm/round_3.json	6123570e	7721e0f8a9af4013080bec35ec6f3613addc69ab	13442
artifacts/ei_abs_long_s0_norm/round_4.json	6123570e	3baca06930b30921fe3e89fd3c87563a64ac3869	13514
artifacts/ei_abs_long_s0_norm/round_5.json	6123570e	57809ac8dff8ccdcb02bca052c3a5a8260382b25	13615
artifacts/ei_abs_long_s0_norm/round_6.json	6123570e	6873c126959b426cc6ee57b2600aeec2087cc10e	13582
artifacts/ei_abs_long_s0_norm/round_7.json	6123570e	ab6de71cb312d9dafffb642d9e1c0de9f4bbb37f	13540
artifacts/ei_abs_long_s0_norm/round_8.json	6123570e	64a2aa301d4fbba2ab476e31567553b6e60b5049	13613
artifacts/ei_abs_long_s0_r1_val36_greedy.txt	6123570e	fbf8fc287c11a90b65fd74f636e4dae9e0f9dc69	2266
artifacts/ei_abs_long_s0_r1_val36_k32.json	6123570e	36119d5f30b0aa4714f3e16858581d31ed8d7c45	2449
artifacts/ei_abs_long_s0_r2_val36_greedy.txt	6123570e	0d90a5794680b08258dcadbdf8a0f4a80c355c3f	2190
artifacts/ei_abs_long_s0_r2_val36_k32.json	6123570e	5f2d51092761b242b11409e477c87f21d2904d2b	2507
artifacts/ei_abs_long_s0_r3_val36_greedy.txt	6123570e	11ef1431a5e1ad35f6c160f7efebb7e6c9234878	2254
artifacts/ei_abs_long_s0_r3_val36_k32.json	6123570e	f8e0248cb37fcc4824bd88487c6e86ec01bc6537	2491
artifacts/ei_abs_long_s0_r4_val36_greedy.txt	6123570e	c3137625f9c7228bce7294f1bd6923da9530b50e	2215
artifacts/ei_abs_long_s0_r4_val36_k32.json	6123570e	0887edd3da0b8146bb04be857d47a52a242f335b	2515
artifacts/ei_abs_long_s0_r5_val36_greedy.txt	6123570e	43f4b3268145fccef075da32e89a807208ba078b	2215
artifacts/ei_abs_long_s0_r5_val36_k32.json	6123570e	88a0398f938495cbc53325e5fd08f7b1a5aae508	2501
artifacts/ei_abs_long_s0_r6_val36_greedy.txt	6123570e	9d8fdaad69ecb56cc8cf2573eeccc0a429df2b46	2265
artifacts/ei_abs_long_s0_r6_val36_k32.json	6123570e	3654402a1131dda8f370b117586ddd5da7f60985	2486
artifacts/ei_abs_long_s0_r7_val36_greedy.txt	6123570e	4b2edb3bac93ef545903d6e9b760ee6c53031321	2197
artifacts/ei_abs_long_s0_r7_val36_k32.json	6123570e	74369bef57134274aba1f8f19e92067fda6e76f5	2475
artifacts/ei_abs_long_s0_r8_val36_greedy.txt	6123570e	18736ff5d60bceee842b5dd8ea0db1bc2607770a	2262
artifacts/ei_abs_long_s0_r8_val36_k32.json	6123570e	569e6b4b21363d4b57e65ee146f70c699bfaeb49	2431
artifacts/ei_abs_s0.log	6123570e	aefeb0f31405ce4e741f27f7f1bd40c363cd911d	41133
artifacts/ei_abs_s0/args.json	6123570e	4aa432cfed948651297d738c4b8f99e835d1f1db	395
artifacts/ei_abs_s0/round_1.json	6123570e	9c8426a93038db93967d4a45b3b3f1e1fe2c3e90	12057
artifacts/ei_abs_s0/round_2.json	6123570e	facb58a3e872e6a6f3fc5b1cd01fc586216086dc	12190
artifacts/ei_abs_s0/round_3.json	6123570e	d733ad6d131d69f4e6da21ae6b7beb4364948b2f	12111
artifacts/ei_abs_s0/round_4.json	6123570e	a227def0a7680a5f0e21b6b324dc3988e01b6664	12304
artifacts/ei_abs_s0/round_5.json	6123570e	2a978fb2c57c9ab708bcd617cdb6185b1cae0f12	12374
artifacts/ei_abs_s0/round_6.json	6123570e	1f2253257d4fcc758df5cb6444f98a7bbf1a4abb	12410
artifacts/ei_abs_s0/round_7.json	6123570e	99f59153475319411f751d488287f62590694f40	12365
artifacts/ei_abs_s0/round_8.json	6123570e	2ff27167c4d5ced440d64fd700351e48717754bd	12292
artifacts/ei_abs_s0_all/round_1.json	6123570e	9c8426a93038db93967d4a45b3b3f1e1fe2c3e90	12057
artifacts/ei_abs_s0_all/round_10.json	6123570e	699e0d5125768db182966cfcd52eb3c41107f1f2	12330
artifacts/ei_abs_s0_all/round_11.json	6123570e	03d9769dd36dd74e01dc77d5cedce941b9bdb692	12383
artifacts/ei_abs_s0_all/round_12.json	6123570e	c08bf565069f252b8a607217dd9abbea243b6692	12362
artifacts/ei_abs_s0_all/round_13.json	6123570e	0cbb5b88223c2c78b821c4cda1069804034acf16	12317
artifacts/ei_abs_s0_all/round_14.json	6123570e	84cddc2914c1f5ec3317a90c5096fccc15fcdb9c	12383
artifacts/ei_abs_s0_all/round_15.json	6123570e	bfec9907c8fd44693813e4f13975cb1fafd7c667	12389
artifacts/ei_abs_s0_all/round_16.json	6123570e	b83ac4be94eb5502db01de35805797cfbcebc764	12355
artifacts/ei_abs_s0_all/round_2.json	6123570e	facb58a3e872e6a6f3fc5b1cd01fc586216086dc	12190
artifacts/ei_abs_s0_all/round_3.json	6123570e	d733ad6d131d69f4e6da21ae6b7beb4364948b2f	12111
artifacts/ei_abs_s0_all/round_4.json	6123570e	a227def0a7680a5f0e21b6b324dc3988e01b6664	12304
artifacts/ei_abs_s0_all/round_5.json	6123570e	2a978fb2c57c9ab708bcd617cdb6185b1cae0f12	12374
artifacts/ei_abs_s0_all/round_6.json	6123570e	1f2253257d4fcc758df5cb6444f98a7bbf1a4abb	12410
artifacts/ei_abs_s0_all/round_7.json	6123570e	99f59153475319411f751d488287f62590694f40	12365
artifacts/ei_abs_s0_all/round_8.json	6123570e	2ff27167c4d5ced440d64fd700351e48717754bd	12292
artifacts/ei_abs_s0_all/round_9.json	6123570e	568137759cd8b780c96a942d406b0864cc08b498	12342
artifacts/ei_abs_s0_all_norm/round_1.json	6123570e	29f64e5803b8033bc7b127c064257a3fd5859226	13235
artifacts/ei_abs_s0_all_norm/round_10.json	6123570e	b19d8a5c81ae2c4cd4c21e4e9a93a9a2f7c01f10	13643
artifacts/ei_abs_s0_all_norm/round_11.json	6123570e	2fc22de92af3362ddacd07bbbe348e1064dfc3e2	13697
artifacts/ei_abs_s0_all_norm/round_12.json	6123570e	e73480bbe90245af86b5c5036ce58d3620f8c187	13676
artifacts/ei_abs_s0_all_norm/round_13.json	6123570e	31c65128d0fb4f030a11fe7ab64a8441842948b9	13632
artifacts/ei_abs_s0_all_norm/round_14.json	6123570e	cbc74178e91bf055d077adc2822079d3367f88a2	13698
artifacts/ei_abs_s0_all_norm/round_15.json	6123570e	13b0fe238b37dcff67d2ace4ff5ee93a6e68329a	13709
artifacts/ei_abs_s0_all_norm/round_16.json	6123570e	ef1a38a5ea4abb2573a26da58910a9cfec306c21	13675
artifacts/ei_abs_s0_all_norm/round_2.json	6123570e	1a98cf32a7235228355d76adff9e890267e34f9f	13377
artifacts/ei_abs_s0_all_norm/round_3.json	6123570e	15a4a635bc3823c81d0f3205f664ac404e9e6289	13301
artifacts/ei_abs_s0_all_norm/round_4.json	6123570e	6a9cab5d927baed371d7dba20cc19646d0dd870a	13567
artifacts/ei_abs_s0_all_norm/round_5.json	6123570e	31fecd71f2b6a3cd53253ca4cbd94a51607906a6	13645
artifacts/ei_abs_s0_all_norm/round_6.json	6123570e	385c98f1a4c4869f7f8615cae3115bb9abf21f2e	13721
artifacts/ei_abs_s0_all_norm/round_7.json	6123570e	febf6fa896c95fec5c431b6bef3e8675612366a6	13676
artifacts/ei_abs_s0_all_norm/round_8.json	6123570e	ab81392d8a0ce906628d8c1c1a92c86b919a9e73	13604
artifacts/ei_abs_s0_all_norm/round_9.json	6123570e	b9e8fcf13fcd5d44c0076fa72d7a78fb4c8ffa27	13654
artifacts/ei_abs_s0_cont.log	6123570e	aeeb5f72a752e22a18fcb771a3c8a47ba34a59d5	42330
artifacts/ei_abs_s0_cont/args.json	6123570e	8248745c7f953651fa709222ca2ffdac2b9b4656	481
artifacts/ei_abs_s0_cont/round_10.json	6123570e	699e0d5125768db182966cfcd52eb3c41107f1f2	12330
artifacts/ei_abs_s0_cont/round_11.json	6123570e	03d9769dd36dd74e01dc77d5cedce941b9bdb692	12383
artifacts/ei_abs_s0_cont/round_12.json	6123570e	c08bf565069f252b8a607217dd9abbea243b6692	12362
artifacts/ei_abs_s0_cont/round_13.json	6123570e	0cbb5b88223c2c78b821c4cda1069804034acf16	12317
artifacts/ei_abs_s0_cont/round_14.json	6123570e	84cddc2914c1f5ec3317a90c5096fccc15fcdb9c	12383
artifacts/ei_abs_s0_cont/round_15.json	6123570e	bfec9907c8fd44693813e4f13975cb1fafd7c667	12389
artifacts/ei_abs_s0_cont/round_16.json	6123570e	b83ac4be94eb5502db01de35805797cfbcebc764	12355
artifacts/ei_abs_s0_cont/round_9.json	6123570e	568137759cd8b780c96a942d406b0864cc08b498	12342
artifacts/ei_abs_s0_cont_norm/round_10.json	6123570e	b19d8a5c81ae2c4cd4c21e4e9a93a9a2f7c01f10	13643
artifacts/ei_abs_s0_cont_norm/round_11.json	6123570e	2fc22de92af3362ddacd07bbbe348e1064dfc3e2	13697
artifacts/ei_abs_s0_cont_norm/round_12.json	6123570e	e73480bbe90245af86b5c5036ce58d3620f8c187	13676
artifacts/ei_abs_s0_cont_norm/round_13.json	6123570e	31c65128d0fb4f030a11fe7ab64a8441842948b9	13632
artifacts/ei_abs_s0_cont_norm/round_14.json	6123570e	cbc74178e91bf055d077adc2822079d3367f88a2	13698
artifacts/ei_abs_s0_cont_norm/round_15.json	6123570e	13b0fe238b37dcff67d2ace4ff5ee93a6e68329a	13709
artifacts/ei_abs_s0_cont_norm/round_16.json	6123570e	ef1a38a5ea4abb2573a26da58910a9cfec306c21	13675
artifacts/ei_abs_s0_cont_norm/round_9.json	6123570e	b9e8fcf13fcd5d44c0076fa72d7a78fb4c8ffa27	13654
artifacts/ei_abs_s0_cont_r10_val36_greedy.txt	6123570e	c53d77ffa08b8f499cdc68a68ac512756adef2fb	2226
artifacts/ei_abs_s0_cont_r10_val36_k32.json	6123570e	1059b4736a9429f0bae6995c4b539ce04055c2ed	2501
artifacts/ei_abs_s0_cont_r11_val36_greedy.txt	6123570e	f19e1cf905129457b7295c08a798ded0c7376131	2226
artifacts/ei_abs_s0_cont_r11_val36_k32.json	6123570e	95f0a341a5bce12ee3fce4464f2b85108f5bfd35	2479
artifacts/ei_abs_s0_cont_r12_val36_greedy.txt	6123570e	ad9ad7bfea280fa335a62780f3b2fa477e2cac91	2240
artifacts/ei_abs_s0_cont_r12_val36_k32.json	6123570e	ef9d1092de57ab68d38d8951ffe463e3481802d7	2479
artifacts/ei_abs_s0_cont_r13_val36_greedy.txt	6123570e	b6309ede94cfb7a00b85b89a1417f1b2fd5b35e6	2266
artifacts/ei_abs_s0_cont_r13_val36_k32.json	6123570e	21b98af2788190165bf893fa16a269daf5647ac6	2478
artifacts/ei_abs_s0_cont_r14_val36_greedy.txt	6123570e	c1c32bc985535c5efb1a9e6f1cc4f69266e2491d	2251
artifacts/ei_abs_s0_cont_r14_val36_k32.json	6123570e	0fc0ab497d7d613a18a4872051f847ee538250da	2501
artifacts/ei_abs_s0_cont_r15_val36_greedy.txt	6123570e	acff05e4a358d1735d3e02e47b676260c0e119bc	2219
artifacts/ei_abs_s0_cont_r15_val36_k32.json	6123570e	16fd57f287b59004fb0184416bc5d34bc5499e99	2490
artifacts/ei_abs_s0_cont_r16_val36_greedy.txt	6123570e	2741b04a5f4e78106ef4fa7fe0b05ebc2d6ebd07	2237
artifacts/ei_abs_s0_cont_r16_val36_k32.json	6123570e	f3c08c25b97b25215174c287aea0b736667e50e3	2491
artifacts/ei_abs_s0_cont_r9_val36_greedy.txt	6123570e	dc3eefbb0abdd5450574f87e0a14fd9a5389976f	2215
artifacts/ei_abs_s0_cont_r9_val36_k32.json	6123570e	bde9067761ecf7f629bc3ae9456a5b09b80c763f	2499
artifacts/ei_abs_s0_norm/round_1.json	6123570e	29f64e5803b8033bc7b127c064257a3fd5859226	13235
artifacts/ei_abs_s0_norm/round_2.json	6123570e	1a98cf32a7235228355d76adff9e890267e34f9f	13377
artifacts/ei_abs_s0_norm/round_3.json	6123570e	15a4a635bc3823c81d0f3205f664ac404e9e6289	13301
artifacts/ei_abs_s0_norm/round_4.json	6123570e	6a9cab5d927baed371d7dba20cc19646d0dd870a	13567
artifacts/ei_abs_s0_norm/round_5.json	6123570e	31fecd71f2b6a3cd53253ca4cbd94a51607906a6	13645
artifacts/ei_abs_s0_norm/round_6.json	6123570e	385c98f1a4c4869f7f8615cae3115bb9abf21f2e	13721
artifacts/ei_abs_s0_norm/round_7.json	6123570e	febf6fa896c95fec5c431b6bef3e8675612366a6	13676
artifacts/ei_abs_s0_norm/round_8.json	6123570e	ab81392d8a0ce906628d8c1c1a92c86b919a9e73	13604
artifacts/ei_abs_s0_r1_val36_greedy.txt	6123570e	f468218981d88ce41c639f7ba55498ab48b25a6b	2176
artifacts/ei_abs_s0_r1_val36_k32.json	6123570e	bbda0cfdb65eea33a98c0e5d5f7da6ada3ea7d8c	2443
artifacts/ei_abs_s0_r2_val36_greedy.txt	6123570e	3e6dab216355ffea860a7f79b7763cc8ad63b187	2277
artifacts/ei_abs_s0_r2_val36_k32.json	6123570e	20d2e4cec63fcebb2a687c8a11727cbccfba9235	2474
artifacts/ei_abs_s0_r3_val36_greedy.txt	6123570e	16781c09ec1d43c2682fe84cd34107ae0707945f	2161
artifacts/ei_abs_s0_r3_val36_k32.json	6123570e	c378a37bdfe6b66366257d1ffa0a6b2618c78822	2473
artifacts/ei_abs_s0_r4_val36_greedy.txt	6123570e	47aaa21186410bf8bd7d8b41b964ad6d46877764	2174
artifacts/ei_abs_s0_r4_val36_k32.json	6123570e	b5fe5322c07a80959b7e673e5c866c54f0a3f643	2471
artifacts/ei_abs_s0_r5_val36_greedy.txt	6123570e	bcf44e2489392075931651aef275bab29dc324f2	2215
artifacts/ei_abs_s0_r5_val36_k32.json	6123570e	930f756f258a7b4ccb2dda23b42d5bfbe819b9d7	2421
artifacts/ei_abs_s0_r6_val36_greedy.txt	6123570e	deb4265ad7039c64aad3b4edfaaf5937359fb723	2179
artifacts/ei_abs_s0_r6_val36_k32.json	6123570e	0c6459580a2075f227ad834807d3f213ecd6dd85	2494
artifacts/ei_abs_s0_r7_val36_greedy.txt	6123570e	04b0cd962cde9bc1a01bfe3073193cf41b53f5b9	2210
artifacts/ei_abs_s0_r7_val36_k32.json	6123570e	6fae1405fabc14abc90de90b8416ab11ee1bfec3	2470
artifacts/ei_abs_s0_r8_val36_greedy.txt	6123570e	c8271d3f6535a3c14c535b15dc5a7170bfaa7096	2211
artifacts/ei_abs_s0_r8_val36_k32.json	6123570e	16035bbe29b93124fb4a5e6d53aa447d5ca71e93	2472
artifacts/ei_abs_s1.log	6123570e	6bc690f9513294b5cb528279a348bf2080a8411f	41165
artifacts/ei_abs_s1/args.json	6123570e	6c21b53c70ce75b022472ab2efca2ff7b27255cc	457
artifacts/ei_abs_s1/round_1.json	6123570e	d6cf62f92d8e5dbd1ee3e393325584e14b1018d8	12102
artifacts/ei_abs_s1/round_2.json	6123570e	6ce68807cdf17eecba3cd98f74b6e75e205b9b82	12219
artifacts/ei_abs_s1/round_3.json	6123570e	1f770ca260a0eda43390c79740339b86bc015072	12102
artifacts/ei_abs_s1/round_4.json	6123570e	5eb91078a2589556fc7d8a08ac07449d956466d5	12315
artifacts/ei_abs_s1/round_5.json	6123570e	02cdf3906b4d2b12d1f3e8cd49a7bf799b9c09c5	12280
artifacts/ei_abs_s1/round_6.json	6123570e	0609b7090c79d02e95f87b707e809b53e9498ae9	12306
artifacts/ei_abs_s1/round_7.json	6123570e	91bff7a18a84072a271b622e9127bd01b1e60bc5	12287
artifacts/ei_abs_s1/round_8.json	6123570e	dbd6a7fd47d6eac547659220a072ae027da58e6f	12369
artifacts/ei_abs_s1_norm/round_1.json	6123570e	85b43f07ac8fa8f9d6e8df7ac49830b69cd97859	13281
artifacts/ei_abs_s1_norm/round_2.json	6123570e	8856c625fc5100773bbadc8cf9da4e5803c2a0be	13403
artifacts/ei_abs_s1_norm/round_3.json	6123570e	e8d008e628c176ef1bb11e070bdab1a4f3b454a2	13292
artifacts/ei_abs_s1_norm/round_4.json	6123570e	6ede2eaa4cd1815ae5f2fba19f43e29ea5efdd12	13573
artifacts/ei_abs_s1_norm/round_5.json	6123570e	773817ec090adf7f96c2e705a1a4ad9c99184142	13550
artifacts/ei_abs_s1_norm/round_6.json	6123570e	014b00b1eb0d6d456e53b2bb985c3f95f1c95ab9	13605
artifacts/ei_abs_s1_norm/round_7.json	6123570e	4cde0157dedb7c425715a080992adde0c510be6e	13597
artifacts/ei_abs_s1_norm/round_8.json	6123570e	220ff16c1964f6e463a337fb1fb7d05e5aae51fd	13681
artifacts/ei_abs_s1_r1_val36_greedy.txt	6123570e	d41b19af1151ff98760d86daf8cbbed5225067ed	2249
artifacts/ei_abs_s1_r1_val36_k32.json	6123570e	8abfe655b5b281c4f8b5d8771b4e0b819e95bd9f	2433
artifacts/ei_abs_s1_r2_val36_greedy.txt	6123570e	163fcd4ad2c820ee922f3cc8ab539077b62c709d	2206
artifacts/ei_abs_s1_r2_val36_k32.json	6123570e	fcefad8adaf734bee5be5cb2fba2bec27ea9f497	2435
artifacts/ei_abs_s1_r3_val36_greedy.txt	6123570e	898914f75f63537757460508208264ffde0ce306	2242
artifacts/ei_abs_s1_r3_val36_k32.json	6123570e	92ac5f3f906501e1be41f9d969b124ac1b3a9b51	2432
artifacts/ei_abs_s1_r4_val36_greedy.txt	6123570e	a1081cc2f73fad25432e547b9e3512c1c8cb7a3a	2231
artifacts/ei_abs_s1_r4_val36_k32.json	6123570e	7a1df99839de44543b4631b8a85dac0c33b24e1d	2483
artifacts/ei_abs_s1_r5_val36_greedy.txt	6123570e	78fd3450fd16d2c40e2a798d0ea60ebf07c0a206	2236
artifacts/ei_abs_s1_r5_val36_k32.json	6123570e	490f64cd7fa5567c61a94d200d63587da3564815	2471
artifacts/ei_abs_s1_r6_val36_greedy.txt	6123570e	0ffbb18ccdb61d1d6ea82381a83a5ddaed005955	2201
artifacts/ei_abs_s1_r6_val36_k32.json	6123570e	50bc855373d259174c780c92a874cdef64d16e53	2419
artifacts/ei_abs_s1_r7_val36_greedy.txt	6123570e	049aef49ddd0eb14b892a8f29e11ffbcbd7910c4	2233
artifacts/ei_abs_s1_r7_val36_k32.json	6123570e	9f528c01fd1de5a0835eee885a34e7f971330d79	2473
artifacts/ei_abs_s1_r8_val36_greedy.txt	6123570e	5b4056cb779aabd4222dc1ffba7fa35f71f43605	2237
artifacts/ei_abs_s1_r8_val36_k32.json	6123570e	5d63417676e86cdf94db8f25eaa0d9ecea611390	2471
artifacts/final_transfer_k128.json	6123570e	b18029eb831e1d51204fa50bec889a2b366e9f22	2251
artifacts/final_transfer_k128_norm.json	6123570e	b8fdfa4859667801bcb3e3752e3135d2ebe52775	651
artifacts/frozen_abs_s0.log	6123570e	6688c94989855a41e6475dd215b7ed4d502bdcbe	37239
artifacts/frozen_abs_s0/args.json	6123570e	171e6d647de8c3222cad7edb3ff916f0afd4bbc1	398
artifacts/frozen_abs_s0/round_1.json	6123570e	fc71ceaf9484eb4aa263d988601df66ed73322dd	12031
artifacts/frozen_abs_s0/round_2.json	6123570e	dcf0d4e85c6a14f37c04b9019ad69827c117b678	12124
artifacts/frozen_abs_s0/round_3.json	6123570e	c497a72184eacd187675c4ee550c11104ae6872d	12151
artifacts/frozen_abs_s0/round_4.json	6123570e	31453812ac5405e569e1e8f992d6ac1fe83ec1a0	12204
artifacts/frozen_abs_s0/round_5.json	6123570e	045e5962a978c4cab4705defaa60482633d3e717	12166
artifacts/frozen_abs_s0/round_6.json	6123570e	13fb3920675258d0f3c7d239b026b32e1ce31ea5	12169
artifacts/frozen_abs_s0/round_7.json	6123570e	4fe6a8eaf3bd26dbebeaedf862a9d6bb675b1b2e	12166
artifacts/frozen_abs_s0/round_8.json	6123570e	b723bb0cf2fa0fbfd39ceec28856621c6248ce7d	12158
artifacts/frozen_abs_s0_all/round_1.json	6123570e	fc71ceaf9484eb4aa263d988601df66ed73322dd	12031
artifacts/frozen_abs_s0_all/round_10.json	6123570e	dc8c5607f5463668e72c2fb3f9cf7a8af309dd97	12090
artifacts/frozen_abs_s0_all/round_11.json	6123570e	c20cb883a673b0d58fea9b15281495d0ddc057a3	12169
artifacts/frozen_abs_s0_all/round_12.json	6123570e	9b7c1aac2bfe81e1e5158d9cc9c7568b44983afb	12132
artifacts/frozen_abs_s0_all/round_13.json	6123570e	510b09eb59635a5b980fbeadf604fe78b8b8fb33	12156
artifacts/frozen_abs_s0_all/round_14.json	6123570e	c19a7da78408ba9a63e6cb5f54365ab078a65158	12080
artifacts/frozen_abs_s0_all/round_15.json	6123570e	f3724044b90b291f2c30d50c6bf008124b9bc7f1	12122
artifacts/frozen_abs_s0_all/round_16.json	6123570e	728592cbbba41392053b1ade5dbb873295f229d1	12143
artifacts/frozen_abs_s0_all/round_2.json	6123570e	dcf0d4e85c6a14f37c04b9019ad69827c117b678	12124
artifacts/frozen_abs_s0_all/round_3.json	6123570e	c497a72184eacd187675c4ee550c11104ae6872d	12151
artifacts/frozen_abs_s0_all/round_4.json	6123570e	31453812ac5405e569e1e8f992d6ac1fe83ec1a0	12204
artifacts/frozen_abs_s0_all/round_5.json	6123570e	045e5962a978c4cab4705defaa60482633d3e717	12166
artifacts/frozen_abs_s0_all/round_6.json	6123570e	13fb3920675258d0f3c7d239b026b32e1ce31ea5	12169
artifacts/frozen_abs_s0_all/round_7.json	6123570e	4fe6a8eaf3bd26dbebeaedf862a9d6bb675b1b2e	12166
artifacts/frozen_abs_s0_all/round_8.json	6123570e	b723bb0cf2fa0fbfd39ceec28856621c6248ce7d	12158
artifacts/frozen_abs_s0_all/round_9.json	6123570e	bbc6dc7f2780cf389d2a2b22b43d299e776f9fcd	12111
artifacts/frozen_abs_s0_all_norm/round_1.json	6123570e	e6631ca01acc958d53d9f66c984473cd1c3cd6c2	13209
artifacts/frozen_abs_s0_all_norm/round_10.json	6123570e	141004749783a201b6050f3f38dc61f409075a4d	13275
artifacts/frozen_abs_s0_all_norm/round_11.json	6123570e	e8fa7e098b8e15bd03df720d42271de8cc122bd8	13354
artifacts/frozen_abs_s0_all_norm/round_12.json	6123570e	17742518b06b78a2b61afc26383be12dc61e65e1	13317
artifacts/frozen_abs_s0_all_norm/round_13.json	6123570e	dadc7cd22af4b041fdc6482b9213e8f52ca383c0	13340
artifacts/frozen_abs_s0_all_norm/round_14.json	6123570e	e1e97d06a937f37c2a5c46a6b430768b007c2822	13266
artifacts/frozen_abs_s0_all_norm/round_15.json	6123570e	8ecbb89942f426740761a56ecf89ade6f6e4b124	13308
artifacts/frozen_abs_s0_all_norm/round_16.json	6123570e	d4c98f8975c37e6030130138fa78b2507c50c0e0	13328
artifacts/frozen_abs_s0_all_norm/round_2.json	6123570e	a00629e7f0813bb506070e97dd91b31a12837c81	13301
artifacts/frozen_abs_s0_all_norm/round_3.json	6123570e	b467db411999d6079fbd20239f45cf42174cce7a	13331
artifacts/frozen_abs_s0_all_norm/round_4.json	6123570e	da35823b03069094409be067e8ca3d571c2e2763	13385
artifacts/frozen_abs_s0_all_norm/round_5.json	6123570e	ee1bf52e4b63dd621afc864624781122756eba9a	13347
artifacts/frozen_abs_s0_all_norm/round_6.json	6123570e	722e0d3db7de284ac21fe5ba0cbfed47aa428296	13352
artifacts/frozen_abs_s0_all_norm/round_7.json	6123570e	1a155d20450b6f7a541f28c18acd78487f309456	13351
artifacts/frozen_abs_s0_all_norm/round_8.json	6123570e	a199278bcef57df101e30335e93e0b42a54d482e	13340
artifacts/frozen_abs_s0_all_norm/round_9.json	6123570e	36bccf016b334f96166db1718763c193d01edd3a	13295
artifacts/frozen_abs_s0_cont.log	6123570e	ed748e48e70dd1432c8fef92026a1863284aa879	37705
artifacts/frozen_abs_s0_cont/args.json	6123570e	f181ed52aace2a31f8e529b7ed40a258a56a367c	486
artifacts/frozen_abs_s0_cont/round_10.json	6123570e	dc8c5607f5463668e72c2fb3f9cf7a8af309dd97	12090
artifacts/frozen_abs_s0_cont/round_11.json	6123570e	c20cb883a673b0d58fea9b15281495d0ddc057a3	12169
artifacts/frozen_abs_s0_cont/round_12.json	6123570e	9b7c1aac2bfe81e1e5158d9cc9c7568b44983afb	12132
artifacts/frozen_abs_s0_cont/round_13.json	6123570e	510b09eb59635a5b980fbeadf604fe78b8b8fb33	12156
artifacts/frozen_abs_s0_cont/round_14.json	6123570e	c19a7da78408ba9a63e6cb5f54365ab078a65158	12080
artifacts/frozen_abs_s0_cont/round_15.json	6123570e	f3724044b90b291f2c30d50c6bf008124b9bc7f1	12122
artifacts/frozen_abs_s0_cont/round_16.json	6123570e	728592cbbba41392053b1ade5dbb873295f229d1	12143
artifacts/frozen_abs_s0_cont/round_9.json	6123570e	bbc6dc7f2780cf389d2a2b22b43d299e776f9fcd	12111
artifacts/frozen_abs_s0_cont_norm/round_10.json	6123570e	141004749783a201b6050f3f38dc61f409075a4d	13275
artifacts/frozen_abs_s0_cont_norm/round_11.json	6123570e	e8fa7e098b8e15bd03df720d42271de8cc122bd8	13354
artifacts/frozen_abs_s0_cont_norm/round_12.json	6123570e	17742518b06b78a2b61afc26383be12dc61e65e1	13317
artifacts/frozen_abs_s0_cont_norm/round_13.json	6123570e	dadc7cd22af4b041fdc6482b9213e8f52ca383c0	13340
artifacts/frozen_abs_s0_cont_norm/round_14.json	6123570e	e1e97d06a937f37c2a5c46a6b430768b007c2822	13266
artifacts/frozen_abs_s0_cont_norm/round_15.json	6123570e	8ecbb89942f426740761a56ecf89ade6f6e4b124	13308
artifacts/frozen_abs_s0_cont_norm/round_16.json	6123570e	d4c98f8975c37e6030130138fa78b2507c50c0e0	13328
artifacts/frozen_abs_s0_cont_norm/round_9.json	6123570e	36bccf016b334f96166db1718763c193d01edd3a	13295
artifacts/frozen_abs_s0_norm/round_1.json	6123570e	e6631ca01acc958d53d9f66c984473cd1c3cd6c2	13209
artifacts/frozen_abs_s0_norm/round_2.json	6123570e	a00629e7f0813bb506070e97dd91b31a12837c81	13301
artifacts/frozen_abs_s0_norm/round_3.json	6123570e	b467db411999d6079fbd20239f45cf42174cce7a	13331
artifacts/frozen_abs_s0_norm/round_4.json	6123570e	da35823b03069094409be067e8ca3d571c2e2763	13385
artifacts/frozen_abs_s0_norm/round_5.json	6123570e	ee1bf52e4b63dd621afc864624781122756eba9a	13347
artifacts/frozen_abs_s0_norm/round_6.json	6123570e	722e0d3db7de284ac21fe5ba0cbfed47aa428296	13352
artifacts/frozen_abs_s0_norm/round_7.json	6123570e	1a155d20450b6f7a541f28c18acd78487f309456	13351
artifacts/frozen_abs_s0_norm/round_8.json	6123570e	a199278bcef57df101e30335e93e0b42a54d482e	13340
artifacts/frozen_abs_s1.log	6123570e	9fbe9f38df5f06d586e33cf889fe2668b17d9d89	37309
artifacts/frozen_abs_s1/args.json	6123570e	b43cfc755e345235bb29a4323bbf7d3c50180658	460
artifacts/frozen_abs_s1/round_1.json	6123570e	8a2c045fb1612cae2f596d0945e23c6ad1cdda48	12076
artifacts/frozen_abs_s1/round_2.json	6123570e	57a6ff5e8ae956538fce47ed5a529f9d7e6ce35a	12144
artifacts/frozen_abs_s1/round_3.json	6123570e	781fd2ebcdaee733561e3405becd80cc3b565ba8	12175
artifacts/frozen_abs_s1/round_4.json	6123570e	11949358c6ea7ed08e167ae8d717746e6686a066	12061
artifacts/frozen_abs_s1/round_5.json	6123570e	b1ed364583a2e0cef75c76a8238e3448c4babb93	12198
artifacts/frozen_abs_s1/round_6.json	6123570e	62a6416e628d0098afe3f77ae932f6a23adeee54	12126
artifacts/frozen_abs_s1/round_7.json	6123570e	c72bfea1e0e437699776ce15a4c9e5054a945d61	12139
artifacts/frozen_abs_s1/round_8.json	6123570e	13d1de87ad2ea161140211ea70d166cd0d76eaa7	12100
artifacts/frozen_abs_s1_norm/round_1.json	6123570e	52e21ccd4d322c30ecba62138d4ad2735ec58a34	13255
artifacts/frozen_abs_s1_norm/round_2.json	6123570e	c8e77eef5d1d18f8ee8e166b5ce0ef68a0222976	13322
artifacts/frozen_abs_s1_norm/round_3.json	6123570e	b6f0e199bba0a9b2bde6852593936853b5d0f011	13356
artifacts/frozen_abs_s1_norm/round_4.json	6123570e	c3a0f7a0560bc723016759b9893c852a4a8274ac	13242
artifacts/frozen_abs_s1_norm/round_5.json	6123570e	dfb626dfcbb970f8de5c9bcca9b2fcecefe57043	13381
artifacts/frozen_abs_s1_norm/round_6.json	6123570e	2be8363bccf5e0715c0e46e870db9e978530e7e0	13309
artifacts/frozen_abs_s1_norm/round_7.json	6123570e	810e4fbd4b77d250eb020830cf94a2647b2a9f9c	13324
artifacts/frozen_abs_s1_norm/round_8.json	6123570e	21d3f15064b9b8141f738b3508d17ca292e50e53	13285
artifacts/fs/a40more.done	6123570e	e69de29bb2d1d6434b8b29ae775ad8c2e48c5391	0
artifacts/fs/b1.done	6123570e	e69de29bb2d1d6434b8b29ae775ad8c2e48c5391	0
artifacts/fs/ev/fast1_s0.json	6123570e	fbff8592a6bfb4d70cca8e7b2918cd781e818310	3131
artifacts/fs/ev/fast1b_s7.json	6123570e	649268eabc61127b01394fab4e198f8cef033c17	3131
artifacts/fs/ev/fast2_s1.json	6123570e	58087795b5a142db212a2cfe045eaaa47dbeed57	3142
artifacts/fs/ev/fast2_s2.json	6123570e	a2b97d06a43991901900af978f8fcaaafc820e86	3177
artifacts/fs/ev/fast4_s3.json	6123570e	29facb335416b12161589a2671e512a12ec82957	3159
artifacts/fs/ev/fast4_s4.json	6123570e	b5e750246fcd68db225758085c8dc91603f71c11	3142
artifacts/fs/ev/fast4_s5.json	6123570e	b7cd017e886ca83e65401f6b6a62f7c28b2862b9	3138
artifacts/fs/ev/fast4_s6.json	6123570e	ab2c3f3dd1b4224f9362881cef3ddb27defbabe3	3143
artifacts/fs/eval_list.txt	6123570e	661c8c6fdb87c758b8d7a5b9ffdea2a478dad156	169
artifacts/fs/gpubench2_h100.done	6123570e	e69de29bb2d1d6434b8b29ae775ad8c2e48c5391	0
artifacts/fs/gpubench_a40.done	6123570e	e69de29bb2d1d6434b8b29ae775ad8c2e48c5391	0
artifacts/fs/gpubench_h100.done	6123570e	e69de29bb2d1d6434b8b29ae775ad8c2e48c5391	0
artifacts/fs/logs/a40_bs512_s301.log	6123570e	65be33c0ce0e41bc5e52bd096323a8b01d95d9b5	1044
artifacts/fs/logs/a40_fast1_s300.log	6123570e	f4369e140bcc2d98d3f2a78c5721c199550e2070	2142
artifacts/fs/logs/a40_fast2_s302.log	6123570e	4bdadaaf028d7d0a0c2559f753e5546a8edefb95	2139
artifacts/fs/logs/a40_fast2_s303.log	6123570e	bee9c803285939ec19e43337d4673c8d165ac3d9	2139
artifacts/fs/logs/a40_leg1_s304.log	6123570e	9a269c440c5b57431b321481814138a9856cf1d6	776
artifacts/fs/logs/a40_warm_s900.log	6123570e	938a6d32cdc4a30c1a1768c2e8a9f839be3784a2	725
artifacts/fs/logs/a40more.out	6123570e	e69de29bb2d1d6434b8b29ae775ad8c2e48c5391	0
artifacts/fs/logs/b1_fast.log	6123570e	441445345254ddb162f182f78328a73113b888d0	2229
artifacts/fs/logs/b1_fast2.log	6123570e	d5d472d23af8256e15c6f45e890f251110778374	2074
artifacts/fs/logs/b1_legacy.log	6123570e	b7869f3676bed7cc52ad78c9f0f4f5cf71c8a98a	1086
artifacts/fs/logs/b1_nopack.log	6123570e	12a522c8b0544c71e296ab14b68af6eaa51ea216	3130
artifacts/fs/logs/b2_graph.log	6123570e	7776ab30a31460a3e98d5430e902d90a34cab1af	2310
artifacts/fs/logs/b2_graph_mat.log	6123570e	d096627b48f788b6a1438fae81f517d2573ef8d4	8530
artifacts/fs/logs/eval.log	6123570e	60e4340e598b3862b90d86c046f2321620ffc310	942
artifacts/fs/logs/fast1_s0.log	6123570e	c74897a7587c952d7f854a11cc6b54d80042bdd5	5288
artifacts/fs/logs/fast1_smi.txt	6123570e	97d020b0077261fbb107a6742ee2202885242609	1405
artifacts/fs/logs/fast1b_s7.log	6123570e	d41e7f605ed4e914e0acb424e3453c92d457ccbe	5283
artifacts/fs/logs/fast1b_smi.txt	6123570e	fd1962c21b79e8d0274110079549f6d55ae23a6d	1257
artifacts/fs/logs/fast2_s1.log	6123570e	50c135c26907362dc132de607db39107618b08b9	5301
artifacts/fs/logs/fast2_s2.log	6123570e	d91b28a971606346582b3a2a269126a2e1ac9357	5294
artifacts/fs/logs/fast2_smi.txt	6123570e	8d0f403f461271221384ba224085f8d98b555249	2542
artifacts/fs/logs/fast4_s3.log	6123570e	a318d5fb0cfdf9fa7149a83147ac5e76c69c6f49	5302
artifacts/fs/logs/fast4_s4.log	6123570e	de915be7841f4761db7b35e35f94d4ac7a461720	5302
artifacts/fs/logs/fast4_s5.log	6123570e	e0e1fcd7ec557117b880decda9ff4f60128723cc	5302
artifacts/fs/logs/fast4_s6.log	6123570e	4c1d6f4f035eb40094ea078cf74e6ac101289f79	5302
artifacts/fs/logs/fast4_smi.txt	6123570e	283cac3975d76b7e5ec7543eee741ccdae4263e5	4874
artifacts/fs/logs/gpubench2_h100.out	6123570e	e69de29bb2d1d6434b8b29ae775ad8c2e48c5391	0
artifacts/fs/logs/gpubench_h100.out	6123570e	e69de29bb2d1d6434b8b29ae775ad8c2e48c5391	0
artifacts/fs/logs/graph_vs_nograph_graph.log	6123570e	ba3afd6615154084ca0408d3aab455bf2e8ade67	15114
artifacts/fs/logs/graph_vs_nograph_nograph.log	6123570e	3f44492d6e9a6939fd85cb68fb23343715b157a6	15039
artifacts/fs/logs/h100_bs512_s301.log	6123570e	fe7c83e7eafea81f6aa84a39467546a3c10b950d	1046
artifacts/fs/logs/h100_fast16_s330.log	6123570e	5da0a8aec7addf009f6ac5449b5b6c1641cfbbd9	2146
artifacts/fs/logs/h100_fast16_s331.log	6123570e	f5224158905353c956382a0f565d444fd4f0c48f	2146
artifacts/fs/logs/h100_fast16_s332.log	6123570e	919b8c4051767fb3188d01613598a683ff7e506d	2146
artifacts/fs/logs/h100_fast16_s333.log	6123570e	45c2c2d0dade710cda4ed849a63aff3228f88992	2146
artifacts/fs/logs/h100_fast16_s334.log	6123570e	d92543b6ee83305f6ca307dcc1ab1f1b98f85b07	2146
artifacts/fs/logs/h100_fast16_s335.log	6123570e	6dd47fc4d57d22f0dae557e0fa6fae75eb5c2d2c	2146
artifacts/fs/logs/h100_fast16_s336.log	6123570e	e10d8ee697bd72c492c465ec1a1fb0232299ac07	2146
artifacts/fs/logs/h100_fast16_s337.log	6123570e	8764f1bb04938629a5714aad90521963cdfc7a26	2146
artifacts/fs/logs/h100_fast16_s338.log	6123570e	719ab80f05fe6648ebba2d6ba3b39f2b7bb80249	2146
artifacts/fs/logs/h100_fast16_s339.log	6123570e	dc184bdd6b7002198de660c522ae795b8a241002	2146
artifacts/fs/logs/h100_fast16_s340.log	6123570e	aaef062aab0df7d278536f498fbbcd1fe0ca10be	2146
artifacts/fs/logs/h100_fast16_s341.log	6123570e	78bb5884ef63d660e628618ba5ba8248f4c38ac8	2146
artifacts/fs/logs/h100_fast16_s342.log	6123570e	8e2b7d90861c19f7b1ae8206dbba6c529cf279c4	2146
artifacts/fs/logs/h100_fast16_s343.log	6123570e	5068f687cacc713f92a5167f36cac5ac9470efb3	2146
artifacts/fs/logs/h100_fast16_s344.log	6123570e	ca62029e7b7985e4cd8704c8b11c632eaa30ed63	2146
artifacts/fs/logs/h100_fast16_s345.log	6123570e	8f0c4fee6536786fae9fc4a930000e64b59d51ed	2146
artifacts/fs/logs/h100_fast1_s300.log	6123570e	090c6ee59dd94c23cd8ef9ec63684c26e9c02f86	2144
artifacts/fs/logs/h100_fast2_s302.log	6123570e	a52ff3111997b599316031c630dfcc59cfc21a16	2140
artifacts/fs/logs/h100_fast2_s303.log	6123570e	310c8194055de62a0316420c96bff93e80793d79	2140
artifacts/fs/logs/h100_fast4_s310.log	6123570e	338381922a47f1a6016625767f24c7f32b9c3d69	2143
artifacts/fs/logs/h100_fast4_s311.log	6123570e	2d1bc1bab9fdef5d5ff683e85d6be72f4342b005	2143
artifacts/fs/logs/h100_fast4_s312.log	6123570e	61dd923d1def14abe652eb712cee09a1aed28a32	2143
artifacts/fs/logs/h100_fast4_s313.log	6123570e	15b1c4f64090a449a488d047898efb1858e44a19	2143
artifacts/fs/logs/h100_fast8_s320.log	6123570e	690a34c41316f64b59bb6165e2b721c2163c8243	2140
artifacts/fs/logs/h100_fast8_s321.log	6123570e	241a3c22db9aa36d06bcada167089f3cd606c747	2140
artifacts/fs/logs/h100_fast8_s322.log	6123570e	27aed70dffb71ab24d5644bd77b4e5dbc1bfd3b7	2140
artifacts/fs/logs/h100_fast8_s323.log	6123570e	c599756dd2142fd1dc401d7fc9742a556df0f388	2144
artifacts/fs/logs/h100_fast8_s324.log	6123570e	ac715d564509466c4b12ea588398c753c339dd32	2140
artifacts/fs/logs/h100_fast8_s325.log	6123570e	e9d76b19d20f110434bf9321fa883634074ce1c0	2140
artifacts/fs/logs/h100_fast8_s326.log	6123570e	6a5943dfee0afba3e1df07c804891ba94145e568	2140
artifacts/fs/logs/h100_fast8_s327.log	6123570e	3d2ca3722117d6dc04d0be3c15b795372ad7f50c	2140
artifacts/fs/logs/h100_leg1_s304.log	6123570e	e17a7be6357843766638833fcc7167c9fa643d7d	776
artifacts/fs/logs/h100_warm_s900.log	6123570e	120599909ece39ae2f1875aa9a0ebf0ac91fa6bc	729
artifacts/fs/logs/leg1_s200.log	6123570e	d07f861cef39d8ed6a7e4885a60f48959461ad0d	1086
artifacts/fs/logs/leg1_smi.txt	6123570e	94aeb3125fdd33669fe10e1cae32e007b9dba411	789
artifacts/fs/logs/leg2_s201.log	6123570e	ef4c85bde2e7b199cd726356c39a78c9a1d1f0be	1088
artifacts/fs/logs/leg2_s202.log	6123570e	d2d59b29bcf46f253d0b1249dcb63cea91b11663	1088
artifacts/fs/logs/leg2_smi.txt	6123570e	8e071b55251d1895802778311b7dd366a2c94d44	1470
artifacts/fs/logs/leg4_s203.log	6123570e	1a9b506d86b80f6ae42c6e1ae18add317b089963	1090
artifacts/fs/logs/leg4_s204.log	6123570e	e4438b718713a434a7ff5077d03e7d7cef5d0f63	1090
artifacts/fs/logs/leg4_s205.log	6123570e	e351ab58fe635143eab1471942f395b7bf566077	1090
artifacts/fs/logs/leg4_s206.log	6123570e	02abd46c3f9d2763d9632fba65c1a57f0384f623	1090
artifacts/fs/logs/leg4_smi.txt	6123570e	a0f3039b8111ff1c8df6f00e24b5a3ed747c238e	2628
artifacts/fs/logs/legfull_s0.log	6123570e	419fbe85f1a14c6250cd259bf7d0597a2aa30668	5035
artifacts/fs/logs/main.out	6123570e	e69de29bb2d1d6434b8b29ae775ad8c2e48c5391	0
artifacts/fs/logs/setup.log	6123570e	e4e6d21367ec65c5db4d2288ef529a4d7b0cf613	939
artifacts/fs/logs/smoke.log	6123570e	58ceac01072fdbf871173fe89d4408b1398f5dc7	838
artifacts/fs/logs/thr8_s100.log	6123570e	3f8248d9fdfa49502d156dcf3b6ed939de00dd44	2147
artifacts/fs/logs/thr8_s101.log	6123570e	201222d8c97101f6512bb5f1f22f4955ff8d631c	2147
artifacts/fs/logs/thr8_s102.log	6123570e	60e81e2dc2d8610f3d4a7d3f181f970b33371aab	2147
artifacts/fs/logs/thr8_s103.log	6123570e	6fede8b4b38695e68bc0b4b3a708c5fcf4e41315	2147
artifacts/fs/logs/thr8_s104.log	6123570e	c96503db37878ed077238c60791857cb5a0551ab	2147
artifacts/fs/logs/thr8_s105.log	6123570e	2d69a3f8e505ab438e4f45cf9ba26cef7e9151f2	2147
artifacts/fs/logs/thr8_s106.log	6123570e	a4a524db33ac2d0ead5ef10d965c5f2da4ca0873	2147
artifacts/fs/logs/thr8_s107.log	6123570e	b8491f0f0c335d8a7b9665a496e9a2a3dca62a04	2147
artifacts/fs/logs/thr8_smi.txt	6123570e	779efc6451cc1cf1b45afdfcfac8c4adcead8754	3514
artifacts/fs/main.done	6123570e	e69de29bb2d1d6434b8b29ae775ad8c2e48c5391	0
artifacts/fs/old/ev_c_s0.json	6123570e	1edd566d11ad622f71db2bb970177dde4cb2f23d	3060
artifacts/fs/old/ev_c_s1.json	6123570e	2deb2d892ec1d63ec5ccbe13dd418145fc5dd5a4	3101
artifacts/fs/old/ev_c_s2.json	6123570e	010428a99a0d7df5fc9cfd630d4e2a912c67b60a	3046
artifacts/fs/old/ev_c_s3.json	6123570e	bb571e2456b222b439440fa5c9966455e386de5a	3016
artifacts/fs/old/ev_c_s4.json	6123570e	c0d425384192990121d78140e4d48510b969f66b	3057
artifacts/fs/old/ev_c_s5.json	6123570e	316baab4d5c364ae2b047610016d5bb36b5d35b7	3056
artifacts/fs/old/ev_c_s6.json	6123570e	4250d7b33bca0004f61a518ef3226f3efb6ed60f	3036
artifacts/fs/old/ev_c_s7.json	6123570e	aea04ebf8fba2e39bb2a8f786a4fb2c52425d0fb	3055
artifacts/fs/old/ev_r6a_s0.json	6123570e	a540f5f62039b02f99162e9e4d74b171564a25b5	3032
artifacts/fs/old/ev_r6a_s1.json	6123570e	39bb07f891a1dda5b6015b254ee64795f3b1161e	3079
artifacts/fs/old/ev_r6b_s0.json	6123570e	8401ad24301ee7e1ba573fa59699b835f01bc90b	3052
artifacts/fs/old/ev_r6b_s1.json	6123570e	54c9ec379779284aa7d2300f18cf6b239e180ffc	3011
artifacts/fs/old/ev_r6c_s0.json	6123570e	0bae3f8c07ca8b24f817c3d4da8c4a06dbe1d329	3063
artifacts/fs/old/ev_r6c_s1.json	6123570e	ef95d5223f487266d9ae687709beb8700e394b1a	3029
artifacts/fs/old/ev_r6d_s0.json	6123570e	80a29042c984139a291ecca3cdf24b8ba96ee358	3007
artifacts/fs/old/ev_r6d_s1.json	6123570e	bbda48ce5db1e1b808d2b35bbf53cbe2ee454acf	3050
artifacts/fs/selftest.json	6123570e	00d76316b19d9e82b55933d280c937596b908e10	815
artifacts/fs/summary.json	6123570e	ce1452534397ffde92e22e35c0e68cde29720ef4	26090
artifacts/fs/tables.md	6123570e	94b3fd652cbc072bd27d0f102dd63fdefdc559f7	3276
artifacts/fu/assemble_a1.log	6123570e	e69de29bb2d1d6434b8b29ae775ad8c2e48c5391	0
artifacts/fu/assemble_a2.log	6123570e	e69de29bb2d1d6434b8b29ae775ad8c2e48c5391	0
artifacts/fu/assemble_a3.log	6123570e	e69de29bb2d1d6434b8b29ae775ad8c2e48c5391	0
artifacts/fu/assemble_b1.log	6123570e	e69de29bb2d1d6434b8b29ae775ad8c2e48c5391	0
artifacts/fu/assemble_b2.log	6123570e	e69de29bb2d1d6434b8b29ae775ad8c2e48c5391	0
artifacts/fu/blockA_analysis.done	6123570e	e69de29bb2d1d6434b8b29ae775ad8c2e48c5391	0
artifacts/fu/blockA_analysis.log	6123570e	a2bb55be299e8fd0598092601efd1a043c7cd978	3837
artifacts/fu/blockA_summary.json	6123570e	ca922e5bcec80fd2dd2b48ee71a5b6b727023a8a	14616
artifacts/fu/blockA_table.md	6123570e	80eb397bc638025ef563be6867fe0570d5263fad	2213
artifacts/fu/blockB_summary.json	6123570e	8c9730782bf61e654e4e8b088f9aadf717f12f67	9090
artifacts/fu/blockC_summary.json	6123570e	2965f18802108110eb90ebacc19c44301a022a8d	4317
artifacts/fu/c8_examples.txt	6123570e	19dfe1144df67f869ff1a0f34e6f74251f041f43	3572
artifacts/fu/followup_draft.md	6123570e	d7e4b95c533aa333c9c72d3efeac902d6ad68d9e	2684
artifacts/fu/indep_check.log	6123570e	2d7aadcd9f2f275faedff41fcc7481a4bf05cd8d	887
artifacts/fu/metrics_c8_f0001s0.json	6123570e	6a707bc77b92120401ffccc0efb4219b7366310f	147756
artifacts/fu/metrics_c8_f001s0.json	6123570e	3bd0359f8e95d55992b6415c8ab4c83eb91d6e5c	153027
artifacts/fu/metrics_c8_f0s0.json	6123570e	4d5159512125793d73b3b7685f22907f2a75ad22	123244
artifacts/fu/metrics_c8_f0s1.json	6123570e	2dc637548f156447b7542ef2da3744827546d12e	128655
artifacts/fu/metrics_c8_frozen_s0.json	6123570e	32f5cd884637c255762a5358c49e5d60e85c9f82	106613
artifacts/fu/metrics_c8_frozen_s1.json	6123570e	05acc239c284e85478701288701e57e0798551ca	114097
artifacts/fu/metrics_reductio2_f01s0.json	6123570e	5c0ac8bff84abe07076300d34b79514fdf9127b5	336418
artifacts/fu/metrics_reductio2_f01s1.json	6123570e	9ca11ce3a22a3fe2dcc6a624d13ddc37f883de8d	310651
artifacts/fu/metrics_reductio2_frozen.json	6123570e	3617db0473908ccf7207b6a239ff415f2455fc11	196615
artifacts/fu/metrics_reductio2_frozen_f01s0.json	6123570e	44cb7c4b09131bb1a589e651025a20b7c64df910	157299
artifacts/fu/metrics_reductio2_partial.json	6123570e	3bc8de731ede402161ac0095c5268930828f125a	202814
artifacts/fu/phase2_followup_draft.md	6123570e	0b3867f1f7be254ec61b0009ccb65af7032a5ef3	15046
artifacts/fu/podlogs_p1/cov_derived_ore_strict_f0_c8_s0.log	6123570e	061a7121ea545bad4a5f9b09d5492d8b52e4318a	39183
artifacts/fu/podlogs_p1/ei_depth3_f0.1_b1_s0.log	6123570e	97b648210b02dcd2e40272746e5e00e79102cc6f	32211
artifacts/fu/podlogs_p1/ei_depth3_f0.1_b1_s1.log	6123570e	c918c411c20f36d6ce3c0c5234169f0cb0b84419	31640
artifacts/fu/podlogs_p1/ei_depth3_f0_a3_s0.log	6123570e	6f2bdb834f3efde9699af91266c52131eb9aa5ff	31967
artifacts/fu/podlogs_p1/ei_depth3_f0_a3_s1.log	6123570e	8046a648c89d15b81d577b3a51f779b0d8322f60	32135
artifacts/fu/podlogs_p1/ei_derived_ore_strict_f0.001_c8_s0.log	6123570e	016a7f2d05a7e5f7b2e184bff2e4021042d68b56	33840
artifacts/fu/podlogs_p1/ei_derived_ore_strict_f0.01_c8_s0.log	6123570e	83b618000f5271313de9896335c9df8fbf06524b	33751
artifacts/fu/podlogs_p1/ei_derived_ore_strict_f0_c8_s0.log	6123570e	5bc1953caf5c7d82e8ce47da2f73213d50a855de	33372
artifacts/fu/podlogs_p1/ei_derived_ore_strict_f0_c8_s1.log	6123570e	56e0bc28854d58fc2bc8b9d3fc82cd7c60176558	33514
artifacts/fu/podlogs_p1/frozen_depth3_f0.1_b1_s0.log	6123570e	2cee3637b08c6d903d759e245491e97a8ae87d48	27447
artifacts/fu/podlogs_p1/frozen_depth3_f0.1_b1_s1.log	6123570e	507a80ae644ed553563dd4a0ea6d5b1ed36ed530	27534
artifacts/fu/podlogs_p1/frozen_depth3_f0_a3_s0.log	6123570e	ef025a699602b48cc8d4c91f0fafebf821cccbfb	26962
artifacts/fu/podlogs_p1/frozen_depth3_f0_a3_s1.log	6123570e	b1f3696ba70977465b425e40290912119c5553de	27229
artifacts/fu/podlogs_p1/frozen_derived_ore_strict_f0_c8_s0.log	6123570e	e78c6a31a43746ba0c82c01c6f2ba4a2772db6fd	29167
artifacts/fu/podlogs_p1/frozen_derived_ore_strict_f0_c8_s1.log	6123570e	4cd71817f3271d16b89501a8bedb86682ec31345	29250
artifacts/fu/podlogs_p1/fu_blockC_minlen_all.log	6123570e	309185996b6a714b4496a67a62571d90ca37269c	7181
artifacts/fu/podlogs_p1/fu_blockC_targets.log	6123570e	b64c143db66538de190b0b53d5b6b0e4e1ebddf4	1631
artifacts/fu/podlogs_p1/fu_gen_c8long.log	6123570e	69865ba7232915d7fd2db59f28249c5f07bb22a9	260
artifacts/fu/podlogs_p1/fu_gen_cap8.log	6123570e	b429800e41042c184c903bc371ac2ee3dea4da69	245
artifacts/fu/podlogs_p1/fu_queue_A_p1.log	6123570e	9deea0b4d9d1eff4b8aa2c2b898f4c273a20d5cf	932
artifacts/fu/podlogs_p1/fu_queue_C_p1.log	6123570e	b69089bbd37d948eb19150777a3515640bd3aeff	1116
artifacts/fu/podlogs_p1/fu_queue_nov_p1.log	6123570e	9f38017b48dc63169a33209f555c439db736f056	712
artifacts/fu/podlogs_p1/nov_depth3_f0.1_b1_s0.log	6123570e	61e338afe457995db665fa61cb40e46a18f16278	411
artifacts/fu/podlogs_p1/nov_depth3_f0.1_b1_s1.log	6123570e	0f687910b2bc537cdcc670535f63e8bed6158617	411
artifacts/fu/podlogs_p1/nov_depth3_f0_a3_s0.log	6123570e	e62373897feeed5649f9e1390258228c91767925	403
artifacts/fu/podlogs_p1/nov_depth3_f0_a3_s1.log	6123570e	50a37a46ae70368f7f949bd8c0744c8fd304dbf3	403
artifacts/fu/podlogs_p1/nov_derived_ore_strict_f0.001_c8_s0.log	6123570e	8d98d8712c936b44caac664c6c7786c7ac65ee40	467
artifacts/fu/podlogs_p1/nov_derived_ore_strict_f0.01_c8_s0.log	6123570e	cc1be8ca6d229d90bf9abe14cec2905bb8e2fc5b	463
artifacts/fu/podlogs_p1/nov_derived_ore_strict_f0_c8_s0.log	6123570e	157266ccc0747ec8e5721423e2714cbd2e259402	451
artifacts/fu/podlogs_p1/nov_derived_ore_strict_f0_c8_s1.log	6123570e	74539d8f700a0169d2523066883232f6bfa43c39	451
artifacts/fu/podlogs_p1/stage1_depth3_f0.1_b1_s0.log	6123570e	f6b78dc8353f07bd9858348d350e881c7f2d0044	1606
artifacts/fu/podlogs_p1/stage1_depth3_f0.1_b1_s1.log	6123570e	889d16d4396bb89cfbc49dffbed1b83c63d998f7	1604
artifacts/fu/podlogs_p1/stage1_depth3_f0_a3_s0.log	6123570e	9aa9ec37420abbb32998029ea887ae70a4441c2a	1602
artifacts/fu/podlogs_p1/stage1_depth3_f0_a3_s1.log	6123570e	eda4acbea07f398992fe0cf4a63f43bbf124fe24	1602
artifacts/fu/podlogs_p1/stage1_derived_ore_strict_f0.001_c8_s0.log	6123570e	f5564651195ce258244a9fa1498e2f09b6e1f262	1624
artifacts/fu/podlogs_p1/stage1_derived_ore_strict_f0.01_c8_s0.log	6123570e	b3292f0e1a5742a6894bbcb8475e0b79065b9992	1623
artifacts/fu/podlogs_p1/stage1_derived_ore_strict_f0_c8_s0.log	6123570e	6fff42605e13578187839fa8a1c172e861ee350d	1620
artifacts/fu/podlogs_p1/stage1_derived_ore_strict_f0_c8_s1.log	6123570e	59134822812983178ec739eb21b4eb54f7ef98d8	1620
artifacts/fu/podlogs_p2/ei_depth3_f0_a1_s0.log	6123570e	09df6e6f6e7c8e48f0aec5cfafea4d017e4a3855	32042
artifacts/fu/podlogs_p2/ei_depth3_f0_a1_s1.log	6123570e	b4aa52a096bfea4e30e2cdd2bef55751e588d8d0	32148
artifacts/fu/podlogs_p2/ei_depth3_f0_a2_s0.log	6123570e	b003f024cfff215e30991e0ee34db55453a1283e	31963
artifacts/fu/podlogs_p2/ei_depth3_f0_a2_s1.log	6123570e	ea85aac83a9d84ea6fd217eb3397134c737c7135	31698
artifacts/fu/podlogs_p2/frozen_depth3_f0_a1_s0.log	6123570e	adb7cf50bc3812d37e5fd53feafaf252d7b2052f	27777
artifacts/fu/podlogs_p2/frozen_depth3_f0_a1_s1.log	6123570e	7e8099ebacd6eb2deaabd946e65a0a32f555f8c1	27090
artifacts/fu/podlogs_p2/frozen_depth3_f0_a2_s0.log	6123570e	9a2689bee18d79f8299a67feca5e505ef31a41d5	27476
artifacts/fu/podlogs_p2/frozen_depth3_f0_a2_s1.log	6123570e	2b79c58522a2878847c2035752e49b988b0ee5d4	27078
artifacts/fu/podlogs_p2/fu_assemble_a1.log	6123570e	488d55b6cf5060b2ef1f52841b3c01ef5cbc15e7	968
artifacts/fu/podlogs_p2/fu_assemble_a2.log	6123570e	d8aa55d0a67d207448342d68caba036d904db878	968
artifacts/fu/podlogs_p2/fu_assemble_a3.log	6123570e	9b1dbe3d8796760b4c6b10e6fbf13da7bc95cd5f	968
artifacts/fu/podlogs_p2/fu_assemble_b1.log	6123570e	a698ebf99a81e3d360d02eae16c1e8f707586e05	974
artifacts/fu/podlogs_p2/fu_assemble_b2.log	6123570e	62acce50c7d1701c91ded28e46de1698470103c7	974
artifacts/fu/podlogs_p2/fu_blockB_pool.log	6123570e	00eef940e6bcc01b9f5ebe14f942fc2778e69166	1321
artifacts/fu/podlogs_p2/fu_blockB_pool2.log	6123570e	563f0a57e2be80acd3d67262096c84691fbb1ea2	2285
artifacts/fu/podlogs_p2/fu_gen_rnd.log	6123570e	0420299fca56989182fd9f20e59c7d587ce400fe	259
artifacts/fu/podlogs_p2/fu_gen_rndco.log	6123570e	e96d6486fa7a5d5a154d0a8918d5996eb5df570c	275
artifacts/fu/podlogs_p2/fu_queue_A_p2.log	6123570e	d41caa0e42787a747d410b9359bc4e6e93bf1023	908
artifacts/fu/podlogs_p2/fu_queue_nov_p2.log	6123570e	74f73ad00f2a649660a1b5513317ba51b9c8879c	318
artifacts/fu/podlogs_p2/nov_depth3_f0_a1_s0.log	6123570e	6bddda5035b39fe59a9ac542e5b1f6fb43b94d20	403
artifacts/fu/podlogs_p2/nov_depth3_f0_a1_s1.log	6123570e	339ab83615477fdec0b68d27bfa3569804c3beb4	403
artifacts/fu/podlogs_p2/nov_depth3_f0_a2_s0.log	6123570e	76d647431d08553ae6300ebd1e57b45689b22d4d	403
artifacts/fu/podlogs_p2/nov_depth3_f0_a2_s1.log	6123570e	a8873ad5e9743e7c6bea0833c5fd8e0d8a86afe9	403
artifacts/fu/podlogs_p2/stage1_depth3_f0_a1_s0.log	6123570e	c9ea598d9232591f271c00f2ec33593d1ef74cbf	1602
artifacts/fu/podlogs_p2/stage1_depth3_f0_a1_s1.log	6123570e	7c685152e171469e20c9d906c99f09d6e26ecdb8	1602
artifacts/fu/podlogs_p2/stage1_depth3_f0_a2_s0.log	6123570e	e246b97e13c0990c1997367d7b7f6bf0ef3a7b2e	1602
artifacts/fu/podlogs_p2/stage1_depth3_f0_a2_s1.log	6123570e	3114c61baafaa85228b0e53500c679dcdf9df18d	1599
artifacts/fu/podlogs_p3/cov_reductio_f0_s0_t2.log	6123570e	f2976c5f0c2065d6216cec18cc2ca3b10cab656a	34743
artifacts/fu/podlogs_p3/ei_depth3_f0.1_b2_s0.log	6123570e	99849177090add130822a28d5a3dd70d360151ab	32240
artifacts/fu/podlogs_p3/ei_depth3_f0.1_b2_s1.log	6123570e	99d3b5c847fcca522ec1047c994aecbe50983c5a	32483
artifacts/fu/podlogs_p3/ei_reductio_f0.1_s0_t2.log	6123570e	18f25236f34b9ab32967af8285ad2995fd19bbe1	27009
artifacts/fu/podlogs_p3/ei_reductio_f0.1_s1_t2.log	6123570e	60a545da0df0c8d7d5beb628f441d5129004ba45	26929
artifacts/fu/podlogs_p3/ei_reductio_f0_s0_t2.log	6123570e	ff7e63c3307cdb5e14d6f6f35fbba0316b0a06a0	25953
artifacts/fu/podlogs_p3/ei_reductio_f0_s1_t2.log	6123570e	b31b726510f5d96f51e51049cdcc18cd8b0f388c	22333
artifacts/fu/podlogs_p3/ei_reductio_f0_s2_t2.log	6123570e	e71b1cfb691da0491d5409efadb32fd44384c5cc	22270
artifacts/fu/podlogs_p3/frozen_depth3_f0.1_b2_s0.log	6123570e	d34ee74604c19733e1211600930fb027b46e89e5	27587
artifacts/fu/podlogs_p3/frozen_depth3_f0.1_b2_s1.log	6123570e	b5aecd55747111a54c15559ecdc340765487ca7c	27889
artifacts/fu/podlogs_p3/frozen_reductio_f0.1_s0_t2.log	6123570e	5034ecad884c0ff7419405600b691bccc8246b0d	22883
artifacts/fu/podlogs_p3/frozen_reductio_f0.1_s1_t2.log	6123570e	b08b8c276238c5b313cd9ec3ca2e9d972b02d00d	23017
artifacts/fu/podlogs_p3/frozen_reductio_f0_s0_t2.log	6123570e	d1131dccc838e8771865890b1883dd675c4bcb68	22206
artifacts/fu/podlogs_p3/frozen_reductio_f0_s1_t2.log	6123570e	c0b63048115553a3f09d297ad3067a4d491cc62f	22133
artifacts/fu/podlogs_p3/frozen_reductio_f0_s2_t2.log	6123570e	01ad35477bde6c09297c7ca9b95dd7a462f60c26	22070
artifacts/fu/podlogs_p3/fu_assemble_c8.log	6123570e	5313635148f9fac995b3c811662d8f865c4530f0	1242
artifacts/fu/podlogs_p3/fu_blockC_pool.log	6123570e	0578cd1f36955d65caee26cc39dcb42796dbdffe	1155
artifacts/fu/podlogs_p3/fu_blockC_targets2.log	6123570e	cfc82abc16f7cdc4accc107cb63f403c9b34a9e9	7085
artifacts/fu/podlogs_p3/fu_blockC_targets3.log	6123570e	3c056fd45ca4ee5826595fa2a3e0fe45efa7a764	570
artifacts/fu/podlogs_p3/fu_gen_c8long2.log	6123570e	3a68257582124bf5a71ae99d5165b0bf7ec7e470	258
artifacts/fu/podlogs_p3/fu_gen_cap8nat.log	6123570e	2f103974f2c58afbc195314116b84a665a98baa6	225
artifacts/fu/podlogs_p3/fu_queue_A_p3.log	6123570e	d289d60aa02e5f1057640562a7dd58645e3dfc92	498
artifacts/fu/podlogs_p3/fu_queue_B_p3.log	6123570e	ef73c25613ee4b4c658c662f07fa84baa9c21030	952
artifacts/fu/podlogs_p3/fu_queue_nov_p3.log	6123570e	5f342d89ab63b35a0236c77ca2aae8486dd22e0d	565
artifacts/fu/podlogs_p3/nov_depth3_f0.1_b2_s0.log	6123570e	856bd450d91e90740575cf79449116dd601c5f93	411
artifacts/fu/podlogs_p3/nov_depth3_f0.1_b2_s1.log	6123570e	53139e7d4f6bd5cd43efdb6f2ed4fcc18b358977	411
artifacts/fu/podlogs_p3/nov_reductio_f0.1_s0_t2.log	6123570e	8a4e0a7b052dff1a0a7f8928c47a05777a12e221	410
artifacts/fu/podlogs_p3/nov_reductio_f0.1_s1_t2.log	6123570e	db604a0f42c4d99f2b76b248749ac0bbce36e86c	410
artifacts/fu/podlogs_p3/nov_reductio_f0_s0_t2.log	6123570e	3820717035bc94337c776dc8ffc5df0dc5366bdd	402
artifacts/fu/podlogs_p3/nov_reductio_f0_s1_t2.log	6123570e	9571776141838fadc00f3af51269a615a8a3a214	1209
artifacts/fu/podlogs_p3/nov_reductio_f0_s2_t2.log	6123570e	ad859aa51cc4a10422d4d364f1dbbfec847e34ae	1209
artifacts/fu/podlogs_p3/stage1_depth3_f0.1_b2_s0.log	6123570e	cb1d7a3dcb2cc28c17d308cffe093827600a4198	1603
artifacts/fu/podlogs_p3/stage1_depth3_f0.1_b2_s1.log	6123570e	1deaba82d7fd460996bfb5e0252a47c7a736d9da	1603
artifacts/fu/podlogs_p3/stage1_reductio_f0_s2.log	6123570e	c41f2faa232fa6616adcefbbeb94215a26136e96	1600
artifacts/fu/pull_c.log	6123570e	846c3d5ce6b9b3c73bc979401fd606edda743891	7
artifacts/fu/pull_c8.log	6123570e	846c3d5ce6b9b3c73bc979401fd606edda743891	7
artifacts/fu/pull_c8sets.log	6123570e	d0774016c74f8d015a36f6e9cbe96c519daf7ae1	14
artifacts/fu/pull_p1_a.log	6123570e	3b14da7273caafa7a2472709a9674032e6ec82ad	308
artifacts/fu/pull_p2_b.log	6123570e	e723f7d1b4149f0fd6f0831669c0d8a3ce70cd97	10
artifacts/fu/pull_p2_final.log	6123570e	089370a7488d1b92b4f9c644960327db9516108a	75
artifacts/fu/pull_p3_b.log	6123570e	2c03d1f71ff23633ac2f7f522adc6762d23dc475	10
artifacts/fu/pull_p3_final.log	6123570e	41525ddb9ccecc6f611c466039cc851ec1d9c42f	1423
artifacts/fu/pull_sets.log	6123570e	2812334de301f66bfc0cc9ecbe79083952e17b20	12
artifacts/fu/push_B_p3.log	6123570e	0f3fa97d59c36dd7e6beb9bfe3eb0b57065c3436	12
artifacts/fu/push_c8_p3.log	6123570e	0d0d4ba2f8f4c18174a1c0af01585ec9d3ec06b7	10
artifacts/fu/push_p2.log	6123570e	6fa647454285e992dcfc5bb30def1ca396ea7c8a	10
artifacts/fu/start_p1.log	6123570e	e33b5778a1f18c2b4719ca611d6dd29e3379ba65	33
artifacts/fu/start_p3.log	6123570e	ff6cd383b014ae5cdc85d3c0ea893c8d8b03047d	33
artifacts/fu/sync_p1p3.log	6123570e	f4d292a6944aa3c45d7c0d8ecacab0f6b71ac70c	10
artifacts/fu_assemble_c8.log	6123570e	5313635148f9fac995b3c811662d8f865c4530f0	1242
artifacts/fu_blockB_pool.log	6123570e	00eef940e6bcc01b9f5ebe14f942fc2778e69166	1321
artifacts/fu_blockB_pool2.log	6123570e	563f0a57e2be80acd3d67262096c84691fbb1ea2	2285
artifacts/fu_blockC_minlen_all.log	6123570e	309185996b6a714b4496a67a62571d90ca37269c	7181
artifacts/fu_blockC_pool.log	6123570e	0578cd1f36955d65caee26cc39dcb42796dbdffe	1155
artifacts/fu_blockC_targets.log	6123570e	b64c143db66538de190b0b53d5b6b0e4e1ebddf4	1631
artifacts/fu_gen_c8long.log	6123570e	69865ba7232915d7fd2db59f28249c5f07bb22a9	260
artifacts/fu_gen_cap8.log	6123570e	b429800e41042c184c903bc371ac2ee3dea4da69	245
artifacts/fu_gen_rnd.log	6123570e	0420299fca56989182fd9f20e59c7d587ce400fe	259
artifacts/fu_gen_rndco.log	6123570e	e96d6486fa7a5d5a154d0a8918d5996eb5df570c	275
artifacts/fu_queue_A_p2.log	6123570e	d41caa0e42787a747d410b9359bc4e6e93bf1023	908
artifacts/fu_queue_nov_p2.log	6123570e	74f73ad00f2a649660a1b5513317ba51b9c8879c	318
artifacts/ign/ei_r8_first300.json	6123570e	ffca4cfd127550661dedac94edea0d675b25cd74	1826
artifacts/ign/podlogs_p1/cov_depth3_f0_a1_s0.log	6123570e	2d8c7032530c9f79a068820e8ff8d0be1daeafb7	28840
artifacts/ign/podlogs_p1/cov_depth3_f0_a1_s1.log	6123570e	4c513671eda372e10ad166a6d5016a657f85de18	33283
artifacts/ign/podlogs_p1/cov_depth3_f0_a1_s2.log	6123570e	53ea939529b246920142d0787a078c4845bc2b3c	33556
artifacts/ign/podlogs_p1/cov_depth3_f0_a1_s3.log	6123570e	ddc04762badf01ed3ee0a0fb7ef5fa2abb9c0a69	33400
artifacts/ign/podlogs_p1/cov_depth3_f0_a1_s4.log	6123570e	c92057710c7253285ab3070c722f2357cf75b1df	33315
artifacts/ign/podlogs_p1/cov_depth3_f0_a1_s5.log	6123570e	f272a7b1833e537da24cdef1738885291893ba8e	33193
artifacts/ign/podlogs_p1/cov_depth3_f0_a1_s6.log	6123570e	62f272204ed2d5d58615497bfdbd79317b334c3b	33266
artifacts/ign/podlogs_p1/cov_depth3_f0_a2_s0.log	6123570e	4beca1ecee27488cb9390b004b520a88426c9006	33336
artifacts/ign/podlogs_p1/cov_depth3_f0_a2_s1.log	6123570e	d1b072603028ef0154b5bb96e9add98890169a8c	33267
artifacts/ign/podlogs_p1/cov_depth3_f0_a3_s0.log	6123570e	876628d87fdadfe405d767bffa6b71fc07485bd6	33252
artifacts/ign/podlogs_p1/cov_depth3_f0_a3_s1.log	6123570e	4fe9d21999e6c0fb212c02f64bc8b2fa01c2b74c	33201
artifacts/ign/podlogs_p1/cov_depth3_f0_s0.log	6123570e	e2fcd70827e1e54f514311813b6e594c917a0bf0	33270
artifacts/ign/podlogs_p1/cov_depth3_f0_s1.log	6123570e	74a63efa1194aa24c83ae02eeddfc038c2615f06	33270
artifacts/ign/podlogs_p1/cov_reductio_f0_s1.log	6123570e	5ddd72e556bb915cad277d6c969683d34d98f485	34052
artifacts/ign/podlogs_p1/cov_reductio_f0_s2.log	6123570e	79b39a78e9df83345c79055c44a6d335cb6979ab	34052
artifacts/ign/podlogs_p1/ei_depth3_f0_a1_s2.log	6123570e	e29d8858fef47a518ec73955bee568cdd67f8cfb	31957
artifacts/ign/podlogs_p1/ei_depth3_f0_a1_s3.log	6123570e	6607faf4c24b7759c1d48ff9fe66ddcd14c2bc9a	31412
artifacts/ign/podlogs_p1/ei_depth3_f0_a1_s4.log	6123570e	4dfaa7649c78c45fe3c60c33a355950fad2a3d69	31331
artifacts/ign/podlogs_p1/ei_depth3_f0_a1_s5.log	6123570e	41b6c8bf9f6fe26650a5aa7a2261a8d4e92a7159	31146
artifacts/ign/podlogs_p1/ei_depth3_f0_a1_s6.log	6123570e	1d3bf502a0fd44e0786140432fe8a46737b341ea	31906
artifacts/ign/podlogs_p1/q1A.log	6123570e	8b86722017503d64dffd63067463662f02f0b38f	747
artifacts/ign/podlogs_p1/q1B.log	6123570e	58b524f77f6b26515688514078cf8024091c84d4	173
artifacts/ign/podlogs_p1/q1B3.log	6123570e	4d957e754007b0b340b0391385a4f564735508d6	176
artifacts/ign/podlogs_p1/q1B4.log	6123570e	efc9399c7f4362507cf1386a83cf5e458cadbe1e	302
artifacts/ign/podlogs_p1/q1B5.log	6123570e	b00b502cfa300f610baf138efe43409cc3507041	448
artifacts/ign/podlogs_p1/stage1_depth3_f0_a1_s2.log	6123570e	17614dd48200bbd44d97a8f11e68ff9f86a1c9b7	1601
artifacts/ign/podlogs_p1/stage1_depth3_f0_a1_s3.log	6123570e	100aee6b62f9283b002a4b13998544c8f151ca39	1601
artifacts/ign/podlogs_p1/stage1_depth3_f0_a1_s4.log	6123570e	c7973ff0922efe18ba95bfe82346cd05f60562cd	1601
artifacts/ign/podlogs_p1/stage1_depth3_f0_a1_s5.log	6123570e	18efbc76625b95396649d9d6ef8302df364a628c	1600
artifacts/ign/podlogs_p1/stage1_depth3_f0_a1_s6.log	6123570e	fabf67bdd9b4cb93322dfdca51c2c4534b34f718	1601
artifacts/ign/podlogs_p2/cov_depth3_f0_a1_s7.log	6123570e	f6f2392b9b9f79414f957fc7aa9f809d89e0b56d	33423
artifacts/ign/podlogs_p2/cov_depth3_f0_a1_s8.log	6123570e	93e2d4bead4b4612eee7421a46128ddcbfffd6a4	33784
artifacts/ign/podlogs_p2/cov_depth3_f0_a1_s9.log	6123570e	587177d7af3a5487acb3fb264e7b0bf9c1001806	33767
artifacts/ign/podlogs_p2/cov_depth3_f0_a2_s0.log	6123570e	3dcade7439a0ee61cd330c7b095d3417c55556f8	5752
artifacts/ign/podlogs_p2/cov_reductio_f0_s3.log	6123570e	32eb3a648ab70c2193dbd88d522c932bee941656	34516
artifacts/ign/podlogs_p2/cov_reductio_f0_s4.log	6123570e	ff5cba96c783ea0870cef27877da58257ae13a94	34249
artifacts/ign/podlogs_p2/ei_depth3_f0_a1_s3_ivK.log	6123570e	9d3b2cb8e7c8a8ff78f23239f6b0d4531d8ce26b	4004
artifacts/ign/podlogs_p2/ei_depth3_f0_a1_s3_ivK_c.log	6123570e	27d3dc6ac788120fa0ef5b54104c3dbde643e744	12257
artifacts/ign/podlogs_p2/ei_depth3_f0_a1_s3_ivS.log	6123570e	ecc55b66f7a1dd01389aeddde900a7e89ac5b0a6	17116
artifacts/ign/podlogs_p2/ei_depth3_f0_a1_s3_ivT.log	6123570e	3de4e41b13dcc02e92e5e387ac7e2795180a9426	3992
artifacts/ign/podlogs_p2/ei_depth3_f0_a1_s3_ivT_c.log	6123570e	f569a621e0d9720de7a43695ae93d5ad9466bc36	12326
artifacts/ign/podlogs_p2/ei_depth3_f0_a1_s5_ivK.log	6123570e	1a629a3d2ebff332653948227bab245bc64c746c	4013
artifacts/ign/podlogs_p2/ei_depth3_f0_a1_s5_ivK_c.log	6123570e	0bb2a3733f57797d61c3c427b70b2089f07dd894	11995
artifacts/ign/podlogs_p2/ei_depth3_f0_a1_s5_ivS.log	6123570e	7d212e84971882c8f078aabe9fa2c3838f8eb905	17203
artifacts/ign/podlogs_p2/ei_depth3_f0_a1_s5_ivT.log	6123570e	5847c7d48e01301cc7689c6c99b49d107d220eb1	3998
artifacts/ign/podlogs_p2/ei_depth3_f0_a1_s5_ivT_c.log	6123570e	2cf2ac4888f90f28b3d49b78c0bffff3fe5c8bd3	11979
artifacts/ign/podlogs_p2/ei_depth3_f0_a1_s7.log	6123570e	fe1bca739a393e639a986c0e2a1da174eb43040c	31307
artifacts/ign/podlogs_p2/ei_depth3_f0_a1_s7_ivK.log	6123570e	d06ed263b25e63efbf69dbc650c41c57afdc3542	4049
artifacts/ign/podlogs_p2/ei_depth3_f0_a1_s7_ivK_c.log	6123570e	56b61d2bd44f63ed9f7012a78ad18ef0accb9c47	12100
artifacts/ign/podlogs_p2/ei_depth3_f0_a1_s7_ivS.log	6123570e	5332df5d9a9a4aab32f3c56b9f8b8a19aefda8e9	17150
artifacts/ign/podlogs_p2/ei_depth3_f0_a1_s7_ivT.log	6123570e	f191782e842c16834514c43eaf1f0dfc0d64a2d7	4034
artifacts/ign/podlogs_p2/ei_depth3_f0_a1_s7_ivT_c.log	6123570e	2892d205abe7582cbcb40b096188eb4b12929f62	12033
artifacts/ign/podlogs_p2/ei_depth3_f0_a1_s8.log	6123570e	4f6e8d3ceeb05266895a7920e710500eb2d897a6	32010
artifacts/ign/podlogs_p2/ei_depth3_f0_a1_s9.log	6123570e	8afd503a456bd60aa9221ee612f0d259237c4f93	32180
artifacts/ign/podlogs_p2/ei_reductio_f0_s3_t2.log	6123570e	e1dd6f0825922c20467d1d734d2e4d95f2ed46f7	23985
artifacts/ign/podlogs_p2/ei_reductio_f0_s3_t2_ivK.log	6123570e	a1e5e566e8e2c97b39dfbf02a0ecc0cbc9926cd3	3358
artifacts/ign/podlogs_p2/ei_reductio_f0_s3_t2_ivK_c.log	6123570e	f6f85e84a97b87ed8e1139c7e38412d9e96d83a7	10100
artifacts/ign/podlogs_p2/ei_reductio_f0_s3_t2_ivS.log	6123570e	547cbd885ba05244df40b870d69681bbbcdf387e	14302
artifacts/ign/podlogs_p2/ei_reductio_f0_s3_t2_ivT.log	6123570e	fc71e5bc2ed9c0eec585a7000c013ac015c0d5fe	2891
artifacts/ign/podlogs_p2/ei_reductio_f0_s3_t2_ivT_c.log	6123570e	b7341618e24634dafbcdf074510f0bb7ae74b036	10014
artifacts/ign/podlogs_p2/ei_reductio_f0_s4_t2.log	6123570e	92f2fdcddafe69bb20b7d1f2c20f33866b04dac8	22848
artifacts/ign/podlogs_p2/ei_reductio_f0_s4_t2_ivK.log	6123570e	14a93a01c8572b21d5ffb35de9beada2bf09a540	2934
artifacts/ign/podlogs_p2/ei_reductio_f0_s4_t2_ivK_c.log	6123570e	21eae385f6e68f1f1ff9ae73bb3ff80fc112734f	8686
artifacts/ign/podlogs_p2/ei_reductio_f0_s4_t2_ivS.log	6123570e	7eb2b89beb419a70dc8f84c868dfd1884ddbfe50	14650
artifacts/ign/podlogs_p2/ei_reductio_f0_s4_t2_ivT.log	6123570e	a4d036c58d035af73b91bd855ac76feb8d367fc7	2923
artifacts/ign/podlogs_p2/ei_reductio_f0_s4_t2_ivT_c.log	6123570e	526bcf63eb3c466138b44bda626e2da6127a5ead	8686
artifacts/ign/podlogs_p2/q2A.log	6123570e	7f2109b2f5da9fd4c33a6ff77f054cf3aa57e858	751
artifacts/ign/podlogs_p2/q2B.log	6123570e	c1ea5f91bba0901f9615d261a918cb8e20c445b5	173
artifacts/ign/podlogs_p2/q2B2.log	6123570e	a7b3969527385ff3e71f1252a3b71b15b6340d7d	34
artifacts/ign/podlogs_p2/q2B3.log	6123570e	bb1fb98fa8a0e21832d33d8e709fc79082c395ba	105
artifacts/ign/podlogs_p2/q2C.log	6123570e	08b1265365f0651ed98b7a1af5c0cc5c06f43b1c	420
artifacts/ign/podlogs_p2/q2D.log	6123570e	76bf96f9290335e4c4473160e1ef153a85c2107e	420
artifacts/ign/podlogs_p2/q2E.log	6123570e	9c43e60445f959f514ac79f61afd0d5fb2c9e32a	440
artifacts/ign/podlogs_p2/q2F.log	6123570e	c1de1deb19133620de696b8b889ad9cd66802061	440
artifacts/ign/podlogs_p2/q2G.log	6123570e	25fd6cde1698cdfdadc4e31185b91437a35df1a1	420
artifacts/ign/podlogs_p2/stage1_depth3_f0_a1_s7.log	6123570e	a5e87b7633880cfc05f4cacae42a51034f427a15	1597
artifacts/ign/podlogs_p2/stage1_depth3_f0_a1_s8.log	6123570e	982fcfb2d6500a0dd9f6ee1574f7b68e00c2e275	1598
artifacts/ign/podlogs_p2/stage1_depth3_f0_a1_s9.log	6123570e	dfa79d68ba754268cac9e5f04dd7ec4decc8e685	1598
artifacts/ign/podlogs_p2/stage1_reductio_f0_s3.log	6123570e	15660828f12ec1763eecbadf63a2d94331376df9	1596
artifacts/ign/podlogs_p2/stage1_reductio_f0_s4.log	6123570e	1c7d6baf824a357049e08b3dbe9e9a615c49e2b4	1597
artifacts/ign/podlogs_p3/cov_reductio_f0_s0.log	6123570e	3fa80033fa2c6637e619c3987308d75e431b19cc	3953
artifacts/ign/podlogs_p3/cov_reductio_f0_s10.log	6123570e	9876348c175f2592895e752cbe1264c80758be28	34055
artifacts/ign/podlogs_p3/cov_reductio_f0_s5.log	6123570e	f5933d946c16212efd2ead08fdef60e6c8d7bfb1	34422
artifacts/ign/podlogs_p3/cov_reductio_f0_s6.log	6123570e	5100270de6eeaa346a63eecd2f6699876ffa0bf4	34825
artifacts/ign/podlogs_p3/cov_reductio_f0_s7.log	6123570e	c6a423d394f0f68903abeb321fb48b4b29cf1195	34507
artifacts/ign/podlogs_p3/cov_reductio_f0_s8.log	6123570e	70a959d451db4ff928a964662fbe83ac5aa06800	34217
artifacts/ign/podlogs_p3/cov_reductio_f0_s9.log	6123570e	b73dc1e77aac2b8cf002000179fc1167c7212dbf	34223
artifacts/ign/podlogs_p3/ei_depth3_f0_a1_s4_ivK.log	6123570e	3c1957a09799d767706c46a7720e15fe00a12039	4036
artifacts/ign/podlogs_p3/ei_depth3_f0_a1_s4_ivK_c.log	6123570e	65e326bedd815bc3d22acee56e0f793ed4f06ac6	12041
artifacts/ign/podlogs_p3/ei_depth3_f0_a1_s4_ivS.log	6123570e	f6a499fa6f3a5b6be985347dccd574e40b9b4025	17088
artifacts/ign/podlogs_p3/ei_depth3_f0_a1_s4_ivT.log	6123570e	1f69544ebbcbad17b1f36d7cc72a84e917f942c9	4017
artifacts/ign/podlogs_p3/ei_depth3_f0_a1_s4_ivT_c.log	6123570e	e16f641c535c3dece0880ab8c353c9e7edae7329	11961
artifacts/ign/podlogs_p3/ei_reductio_f0_s10_t2.log	6123570e	4c98a3a7f9f9a727eb12d6a07d30dc957277ea0a	22386
artifacts/ign/podlogs_p3/ei_reductio_f0_s10_t2_ivK.log	6123570e	d976aacd24f8ef202a164d856ee87bd3709f045e	2874
artifacts/ign/podlogs_p3/ei_reductio_f0_s10_t2_ivK_c.log	6123570e	49cdaeec5f6497152f7df1f1db62505424fd6d1f	8512
artifacts/ign/podlogs_p3/ei_reductio_f0_s10_t2_ivS.log	6123570e	3efb767afbc0074ba1e0dd0bdd615128d83ba787	14646
artifacts/ign/podlogs_p3/ei_reductio_f0_s10_t2_ivT.log	6123570e	e0f41267c2af13f389e565f0a5390304f4e5ff99	2866
artifacts/ign/podlogs_p3/ei_reductio_f0_s10_t2_ivT_c.log	6123570e	a0854cef1f04a756bc4b23c11436b4a62edd3966	8512
artifacts/ign/podlogs_p3/ei_reductio_f0_s5_t2.log	6123570e	0957a8aa67c1e9917904edd22208a0b342a9e3a3	22532
artifacts/ign/podlogs_p3/ei_reductio_f0_s5_t2_ivK.log	6123570e	fc56f7206f7f54e397922661fffbf23c20913739	2893
artifacts/ign/podlogs_p3/ei_reductio_f0_s5_t2_ivK_c.log	6123570e	fdfe423f4c7e9950467a4f82ac0601312368c055	8568
artifacts/ign/podlogs_p3/ei_reductio_f0_s5_t2_ivS.log	6123570e	043cc68a65de33d70f45475777e83fdbf67f13df	14448
artifacts/ign/podlogs_p3/ei_reductio_f0_s5_t2_ivT.log	6123570e	8f48c6a40cea99621400444fc757da0c613d96f7	3988
artifacts/ign/podlogs_p3/ei_reductio_f0_s5_t2_ivT_c.log	6123570e	5943e4351787c5bc5cd94d7545c5485687c32d59	8568
artifacts/ign/podlogs_p3/ei_reductio_f0_s6_t2.log	6123570e	005fc7ca40d972a303f34e087a4aeddfabf866a8	22282
artifacts/ign/podlogs_p3/ei_reductio_f0_s6_t2_ivK.log	6123570e	69e48631e6d870b186e0c5eaadcb604e9b2a002a	2861
artifacts/ign/podlogs_p3/ei_reductio_f0_s6_t2_ivK_c.log	6123570e	96a023931e80c78c0e4b14e48abf7b9648768a60	8473
artifacts/ign/podlogs_p3/ei_reductio_f0_s6_t2_ivS.log	6123570e	354cc3e634cd748e8c7c03f37391205603479866	14593
artifacts/ign/podlogs_p3/ei_reductio_f0_s6_t2_ivT.log	6123570e	90e8fdb7c0b58308f934894e294cb8631d478c50	2853
artifacts/ign/podlogs_p3/ei_reductio_f0_s6_t2_ivT_c.log	6123570e	5bbeda2cc617f9c4030284944476608e4f49500a	8473
artifacts/ign/podlogs_p3/ei_reductio_f0_s7_t2.log	6123570e	5a3f25703d92c47929cd851c8ce2e457982b0954	27115
artifacts/ign/podlogs_p3/ei_reductio_f0_s8_t2.log	6123570e	e8fde2744ce6c1c663c439e82a2521d55b5c74e9	22854
artifacts/ign/podlogs_p3/ei_reductio_f0_s8_t2_ivK.log	6123570e	76903ae70733a9276c96cf42413c23ac148fe3e1	2936
artifacts/ign/podlogs_p3/ei_reductio_f0_s8_t2_ivK_c.log	6123570e	861e56315adf68e674b499a73727af8708285def	8685
artifacts/ign/podlogs_p3/ei_reductio_f0_s8_t2_ivS.log	6123570e	335e6bb7c81758c37eea7dc0a3762741cf67796a	14678
artifacts/ign/podlogs_p3/ei_reductio_f0_s8_t2_ivT.log	6123570e	ce99086fbbac067473533864b50190235e1a690f	2927
artifacts/ign/podlogs_p3/ei_reductio_f0_s8_t2_ivT_c.log	6123570e	87fef7a5aa5a8941e3bcd98c712fe5484aec0934	8685
artifacts/ign/podlogs_p3/ei_reductio_f0_s9_t2.log	6123570e	a6442d901cb9feeabc6d05629fdb3a62d7cfcfa6	23991
artifacts/ign/podlogs_p3/ei_reductio_f0_s9_t2_ivK.log	6123570e	e88df4414c3b4605e354da14936df93d74e003c5	2905
artifacts/ign/podlogs_p3/ei_reductio_f0_s9_t2_ivK_c.log	6123570e	0c8dde12a703c4844e489b015f47de80a6b83610	10048
artifacts/ign/podlogs_p3/ei_reductio_f0_s9_t2_ivS.log	6123570e	4ace9df9d4368c91af7ad51d7d9ad5090c1cbb63	14350
artifacts/ign/podlogs_p3/ei_reductio_f0_s9_t2_ivT.log	6123570e	3671263076a4ba403c5b070b5dd23f5fee558e74	2879
artifacts/ign/podlogs_p3/ei_reductio_f0_s9_t2_ivT_c.log	6123570e	cd78331629eaa8809b9f537b17fafc947a2719a6	10075
artifacts/ign/podlogs_p3/q3A.log	6123570e	78fdcafc26dd741f90abcb0dfc9cad95c62eae72	905
artifacts/ign/podlogs_p3/q3B.log	6123570e	0074e925178baff9dc6d081329bd94bf88653a14	101
artifacts/ign/podlogs_p3/q3B2.log	6123570e	36660fc39dd7f9383fbbbe37e5c0ca39c8d0b33a	34
artifacts/ign/podlogs_p3/q3B3.log	6123570e	4fe90a941465fe58d55cf6e24d4111c210f5eb22	105
artifacts/ign/podlogs_p3/q3B4.log	6123570e	e4da1dee7637f40bc3d990981d16268dd5cb10f5	174
artifacts/ign/podlogs_p3/q3C.log	6123570e	0c7d3fc7e79bb44262f43d82d1853d88e8e9c7d0	161
artifacts/ign/podlogs_p3/q3C2.log	6123570e	10c26ac76ae3f6535734e94dac21150c20ed5021	637
artifacts/ign/podlogs_p3/q3D.log	6123570e	f9f0113b696cd3f3b80ca43adbf91924fe60ed7e	420
artifacts/ign/podlogs_p3/q3E.log	6123570e	859ca7e4f3dd14ea5e90db87988f338c4d662e6d	843
artifacts/ign/podlogs_p3/q3F.log	6123570e	d2c65b2af6cd525420b2003d991b1bc87312cabd	450
artifacts/ign/podlogs_p3/stage1_reductio_f0_s10.log	6123570e	66495b40b37d62b53addcde0b31570e09f2bb1f2	1601
artifacts/ign/podlogs_p3/stage1_reductio_f0_s5.log	6123570e	3e4dbdf3fff9e96a411d9826170b0824e33c176a	1597
artifacts/ign/podlogs_p3/stage1_reductio_f0_s6.log	6123570e	f6d76413f73ad6608e9a99e466eb6f9d18c22060	1599
artifacts/ign/podlogs_p3/stage1_reductio_f0_s7.log	6123570e	91814b3f432ac094a12c656414a9394196cd2269	1599
artifacts/ign/podlogs_p3/stage1_reductio_f0_s8.log	6123570e	daea89abf88b5c012141e4f855a3a2f458773a22	1599
artifacts/ign/podlogs_p3/stage1_reductio_f0_s9.log	6123570e	3e1a348a2374677db6135f0f9d6452b69ef5dfc5	1599
artifacts/ign/summary.json	6123570e	94ca9e2072aa5f644e5dc41c85d977d6ebe60fdb	172420
artifacts/ign/summary_examples.md	6123570e	3673478992208dfe1989f80e31d7f121be9ebaed	7476
artifacts/ign/summary_partial.json	6123570e	9850fa86c8173142c89e8356a2634b084343b703	168431
artifacts/ign/summary_partial_examples.md	6123570e	6f9bc81236b9372ae1719a8a9487ded340cff423	7085
artifacts/ign/summary_partial_table.md	6123570e	e6af5b65d774fe8cde85bafd5529ca5880315955	5582
artifacts/ign/summary_table.md	6123570e	36e1a2f911660f9b6e1697f85067fc311665cf5f	5583
artifacts/k128.log	6123570e	35c9a787243cac652756ae6ca2318ea65edc3c17	1847
artifacts/lf/analysis_stdout.txt	6123570e	c6a0b10c9e69fbfcbe256dc33ad61633fc1c9ea1	15440
artifacts/lf/disagreement_kinds.json	6123570e	d5946f3c138c2ece90a8509df8b0e4c7d1321c39	446
artifacts/lf/ei_d3_rand_s0.done	6123570e	e69de29bb2d1d6434b8b29ae775ad8c2e48c5391	0
artifacts/lf/ei_d3_rand_s0/args.json	6123570e	7ac2834238d3bbaa70fe88f185017b4a6a033f14	552
artifacts/lf/ei_d3_rand_s0/round_1.json	6123570e	077400b514da5d85403357100db4f401c9aca155	9098
artifacts/lf/ei_d3_rand_s0/round_2.json	6123570e	d0fb3b11c694d9427275aaf06f3543ccf2bb19dd	9175
artifacts/lf/ei_d3_rand_s0/round_3.json	6123570e	67104942cbcb5db95cce14039eba5325fb6bba22	9196
artifacts/lf/ei_d3_rand_s0/round_4.json	6123570e	57661bab4482da0a83a6f371f826d2b78dbebe3e	9177
artifacts/lf/ei_d3_rand_s0/round_5.json	6123570e	54b8cead907eba66525c198f712fcae46a27cfa1	9197
artifacts/lf/ei_d3_rand_s0/round_6.json	6123570e	988663231820e4cb2b632978275017e10e14216a	9176
artifacts/lf/ei_d3_rand_s0/round_7.json	6123570e	c211e4ca246fa85639219e76eaef3de7d90a10fc	9173
artifacts/lf/ei_d3_rand_s0/round_8.json	6123570e	151497bb0ee3ae6555435267f37cf3e58d1c9f2d	9163
artifacts/lf/ei_d3_rand_s1.done	6123570e	e69de29bb2d1d6434b8b29ae775ad8c2e48c5391	0
artifacts/lf/ei_d3_rand_s1/args.json	6123570e	79543cd0ddd89ce1d0b4a4e7196cdd69fcfa0b4e	552
artifacts/lf/ei_d3_rand_s1/round_1.json	6123570e	2ce0970bcce501c61b40179a72fe897d8f256def	9051
artifacts/lf/ei_d3_rand_s1/round_2.json	6123570e	947da3314c87fe184a49d6176e7bf3db7bc1dfed	9159
artifacts/lf/ei_d3_rand_s1/round_3.json	6123570e	58e77c785303be11e88ac27292f1de062b155d0c	9190
artifacts/lf/ei_d3_rand_s1/round_4.json	6123570e	711fb89b86da30209ce5f508f3ad8fe6f1af0aa4	9163
artifacts/lf/ei_d3_rand_s1/round_5.json	6123570e	0b50ed7d957f533f9c043f10aded77c60bd8cdec	9211
artifacts/lf/ei_d3_rand_s1/round_6.json	6123570e	22adc1babbdaa3b6427e0af613e3a4115cebe8b3	9172
artifacts/lf/ei_d3_rand_s1/round_7.json	6123570e	4d7e6ef9c76368bd9649ce5989cc3af2a9a80dc1	9276
artifacts/lf/ei_d3_rand_s1/round_8.json	6123570e	99a86e93fc5ee1fd8c88d7d62cf02b8a4d53d84a	9253
artifacts/lf/ei_d3_seq_s0.done	6123570e	e69de29bb2d1d6434b8b29ae775ad8c2e48c5391	0
artifacts/lf/ei_d3_seq_s0/args.json	6123570e	427d8e2b01d8e4b6ab0928d844a6674b4b25e4bc	550
artifacts/lf/ei_d3_seq_s0/round_1.json	6123570e	b2f6fc8c54d7c5a86d250d73f7b870657638e0e4	9117
artifacts/lf/ei_d3_seq_s0/round_2.json	6123570e	afd1f71abe466219ff072430e428070a5bc449bb	9112
artifacts/lf/ei_d3_seq_s0/round_3.json	6123570e	d1888082155bbbe989cd734f8a47c272124dabdb	9235
artifacts/lf/ei_d3_seq_s0/round_4.json	6123570e	b8227a935de721a73326957eef4378e67ce4ab76	9210
artifacts/lf/ei_d3_seq_s0/round_5.json	6123570e	67a27414c2827e2c0f14ad2877bf8499987c52e3	9271
artifacts/lf/ei_d3_seq_s0/round_6.json	6123570e	f0f064aad34a283c8fcaed39cba45130f4196d9d	9236
artifacts/lf/ei_d3_seq_s0/round_7.json	6123570e	1c7f5d2f28672e86c52b201c40bfd4179e714a7a	9302
artifacts/lf/ei_d3_seq_s0/round_8.json	6123570e	c90fd8a123eec860216e0f3bccffc047db5ebc40	9297
artifacts/lf/ei_d3_seq_s1.done	6123570e	e69de29bb2d1d6434b8b29ae775ad8c2e48c5391	0
artifacts/lf/ei_d3_seq_s1/args.json	6123570e	3c67e006f55c6b039ae9819f97440a55957f7db6	550
artifacts/lf/ei_d3_seq_s1/round_1.json	6123570e	55263cc303a52aaf8c754a286187ea06ed5af76c	8994
artifacts/lf/ei_d3_seq_s1/round_2.json	6123570e	7e4d9fc457ef4c7f5cf6ac1c13655beea0502689	9170
artifacts/lf/ei_d3_seq_s1/round_3.json	6123570e	33674efd322fb089c07fd5052be5840cba0d5031	9168
artifacts/lf/ei_d3_seq_s1/round_4.json	6123570e	66b795b735a6f4ecb81fd041585e96442fe79e5f	9254
artifacts/lf/ei_d3_seq_s1/round_5.json	6123570e	ccc9e4cfeb2055107403e607d78e991d7cb4aa26	9269
artifacts/lf/ei_d3_seq_s1/round_6.json	6123570e	8ae163f036bc10ce4bf293943b60d3bedd33a524	9235
artifacts/lf/ei_d3_seq_s1/round_7.json	6123570e	f4594ae4e6f1ea11ca3b4ea04495e00324391263	9274
artifacts/lf/ei_d3_seq_s1/round_8.json	6123570e	07849116e943057b8752dcddb16d5903ad7f83dd	9370
artifacts/lf/frozen_d3_rand_s0.done	6123570e	e69de29bb2d1d6434b8b29ae775ad8c2e48c5391	0
artifacts/lf/frozen_d3_rand_s0/args.json	6123570e	9ca1197f7c32f30ad1e40aeab39b63eace956ff8	555
artifacts/lf/frozen_d3_rand_s0/round_1.json	6123570e	3768d310cffb866bb27ebf2cdf61898c7bd0b592	9048
artifacts/lf/frozen_d3_rand_s0/round_2.json	6123570e	1b968e15cbe33a5304f5475db70fb4b42519a4d1	9042
artifacts/lf/frozen_d3_rand_s0/round_3.json	6123570e	919802c243bb6dad46207ee5fd75f93ab21808cf	8994
artifacts/lf/frozen_d3_rand_s0/round_4.json	6123570e	06227314951731e07413b7f93fffceb554762632	9044
artifacts/lf/frozen_d3_rand_s0/round_5.json	6123570e	58a3b86663ea85cf2668a2290b02bf130206aab1	9031
artifacts/lf/frozen_d3_rand_s0/round_6.json	6123570e	e9b4355f359b518731176c411052dd0fc77ea211	9030
artifacts/lf/frozen_d3_rand_s0/round_7.json	6123570e	d839467dad45f5ec972cbffc37d9dc76f922a807	9044
artifacts/lf/frozen_d3_rand_s0/round_8.json	6123570e	5f0ed6225514e1785f164fd2791fffae3c07f868	9043
artifacts/lf/frozen_d3_rand_s1.done	6123570e	e69de29bb2d1d6434b8b29ae775ad8c2e48c5391	0
artifacts/lf/frozen_d3_rand_s1/args.json	6123570e	4b545b13054272e7866e4952f3dfe3bcfe5dd8f5	555
artifacts/lf/frozen_d3_rand_s1/round_1.json	6123570e	05dfd82551d1265dd39f0f0be0f19288840abb00	9002
artifacts/lf/frozen_d3_rand_s1/round_2.json	6123570e	e51a54d50060669f4f8a130a68334cb85414fbe9	9009
artifacts/lf/frozen_d3_rand_s1/round_3.json	6123570e	cf7713b08a9f6088f6c7af2b6267f79e1576b924	8990
artifacts/lf/frozen_d3_rand_s1/round_4.json	6123570e	4c665af15bb5ffb12a85fac139f1128a1767c64a	9039
artifacts/lf/frozen_d3_rand_s1/round_5.json	6123570e	c05870e8c81d1e1e02c03dce5a39fc14b13fd8d4	9014
artifacts/lf/frozen_d3_rand_s1/round_6.json	6123570e	40e6f103d04010db6f1ae384fc09d2659a3f7524	9028
artifacts/lf/frozen_d3_rand_s1/round_7.json	6123570e	64c66475279c7458f3d429e298c6e263e8b0134c	9002
artifacts/lf/frozen_d3_rand_s1/round_8.json	6123570e	aaeab72c5e085d5ab2a9d4a6c98a4bdfc84300ec	9029
artifacts/lf/frozen_d3_seq_s0.done	6123570e	e69de29bb2d1d6434b8b29ae775ad8c2e48c5391	0
artifacts/lf/frozen_d3_seq_s0/args.json	6123570e	ac8e5260fce305fae75dbfea5487e710ca949dce	553
artifacts/lf/frozen_d3_seq_s0/round_1.json	6123570e	321f2352c5a3b21dc9ed7d4eaa0ff1bc12d9e09d	9068
artifacts/lf/frozen_d3_seq_s0/round_2.json	6123570e	8e3f39921fd9c83f40c9b8a23ad6459f71dddad9	9076
artifacts/lf/frozen_d3_seq_s0/round_3.json	6123570e	b4ec6c73e079379b7f4302654b4a6eedfb053959	9016
artifacts/lf/frozen_d3_seq_s0/round_4.json	6123570e	fb614a2c12e0b6d037fb2d70ba0e1f915e532abf	9037
artifacts/lf/frozen_d3_seq_s0/round_5.json	6123570e	6fc5c5043e225d62181332fe2aed86737987cf7d	9000
artifacts/lf/frozen_d3_seq_s0/round_6.json	6123570e	a0077e1ceedc2178743be5b6960f40c679dd99c5	9004
artifacts/lf/frozen_d3_seq_s0/round_7.json	6123570e	d7e95bb28c680abeab8abdf757f01736d452d98c	9033
artifacts/lf/frozen_d3_seq_s0/round_8.json	6123570e	3c17a79e7104655b78e99c77dd6749ad14153316	9028
artifacts/lf/frozen_d3_seq_s1.done	6123570e	e69de29bb2d1d6434b8b29ae775ad8c2e48c5391	0
artifacts/lf/frozen_d3_seq_s1/args.json	6123570e	d3001c331b8a7a10001afa801095821c4eafbb2e	553
artifacts/lf/frozen_d3_seq_s1/round_1.json	6123570e	1ae2fbb4c98db257ed3fb1df4a1fbd1cf26d394f	8945
artifacts/lf/frozen_d3_seq_s1/round_2.json	6123570e	b9a480d02d93f63898ee6f79d99349318ac92478	8987
artifacts/lf/frozen_d3_seq_s1/round_3.json	6123570e	1c0b154a9892e4cbea5b4fe72078f71b3447c9e5	9006
artifacts/lf/frozen_d3_seq_s1/round_4.json	6123570e	d2f60fff8fa43966de0fbc5514cb827621248d7d	8995
artifacts/lf/frozen_d3_seq_s1/round_5.json	6123570e	185e48c6c1b0fc624afe7bc5504b289aa54298e7	8969
artifacts/lf/frozen_d3_seq_s1/round_6.json	6123570e	f285e55a78b24377eed21fe85d5ec1a87da396bf	8984
artifacts/lf/frozen_d3_seq_s1/round_7.json	6123570e	439d4c5d712beaf09740547d2e4e7ca388ccbeb1	9013
artifacts/lf/frozen_d3_seq_s1/round_8.json	6123570e	e344e36ec5247252e00104980d023c548aa2ca48	9002
artifacts/lf/la_T1_rand_s0.done	6123570e	e69de29bb2d1d6434b8b29ae775ad8c2e48c5391	0
artifacts/lf/la_T1_rand_s0/alloc_8.json	6123570e	8d36205e3e854c779dafa833508e6186b8e778ec	351525
artifacts/lf/la_T1_rand_s0/args.json	6123570e	aaf09b7c16994f0685695f2ad818abdd35883864	678
artifacts/lf/la_T1_rand_s0/round_1.json	6123570e	6e29f12560489fea27be705a37228fb3ade8c0b9	10127
artifacts/lf/la_T1_rand_s0/round_2.json	6123570e	54f7beccd68d7613b35c86ce938b3d4f63dbcd0e	10321
artifacts/lf/la_T1_rand_s0/round_3.json	6123570e	e27870d9558fa7e98c73bb1573e28600e6df2472	10446
artifacts/lf/la_T1_rand_s0/round_4.json	6123570e	2b74cc9f7f3ad706d4ba72556203e10a51e7bd32	10449
artifacts/lf/la_T1_rand_s0/round_5.json	6123570e	1102e7446532d5dbe7f71ffd7cc40f3cca547554	10520
artifacts/lf/la_T1_rand_s0/round_6.json	6123570e	3fa0079e9eb7b511886f82d3b7b6465ff026c65c	10599
artifacts/lf/la_T1_rand_s0/round_7.json	6123570e	61fb5f0976e9219868a7aee8e23ace5e1d0e0bcd	10617
artifacts/lf/la_T1_rand_s0/round_8.json	6123570e	5282c1c8eb7d539564f37b2032d31f140f5c2fc4	10673
artifacts/lf/la_T1_rand_s1.done	6123570e	e69de29bb2d1d6434b8b29ae775ad8c2e48c5391	0
artifacts/lf/la_T1_rand_s1/alloc_8.json	6123570e	610f90d54d527d1ad7f5072c9c140eef02335aeb	351627
artifacts/lf/la_T1_rand_s1/args.json	6123570e	c1bee808bad3ddcab1ad211493298bc06e0c8a71	678
artifacts/lf/la_T1_rand_s1/round_1.json	6123570e	6c9dce1a87ec7ab62f0e9bd7b76c110704af56e2	10139
artifacts/lf/la_T1_rand_s1/round_2.json	6123570e	b4d9ef6e26a2089a9c51fbcdc8f7e303af13f210	10316
artifacts/lf/la_T1_rand_s1/round_3.json	6123570e	a54197ee111bfa30f07843b1b8163c7878311a9d	10408
artifacts/lf/la_T1_rand_s1/round_4.json	6123570e	5f53f133dcbd602892b0eef88811ee8198b886e5	10369
artifacts/lf/la_T1_rand_s1/round_5.json	6123570e	7adc213a17f3030727f935a125f9901ec55e0c98	10512
artifacts/lf/la_T1_rand_s1/round_6.json	6123570e	b5160f691c871db46e33b646e843c799ca54d41b	10613
artifacts/lf/la_T1_rand_s1/round_7.json	6123570e	be24dace5d96a02cb1586ef04472f44e9c55b192	10627
artifacts/lf/la_T1_rand_s1/round_8.json	6123570e	a97eb11d401bac2146367cf417b74db6faa56169	10650
artifacts/lf/la_T1_seq_s0.done	6123570e	e69de29bb2d1d6434b8b29ae775ad8c2e48c5391	0
artifacts/lf/la_T1_seq_s0/alloc_8.json	6123570e	2979c014f95514d6eefcd0fccf3c84ae4b24498f	352131
artifacts/lf/la_T1_seq_s0/args.json	6123570e	0e10bedfddca5e62095a8a0a8e13f38d6d907633	676
artifacts/lf/la_T1_seq_s0/round_1.json	6123570e	814975d4937a8901d220661a0aac39143f38f0fb	10335
artifacts/lf/la_T1_seq_s0/round_2.json	6123570e	21766c1363cd56abe4e7fa55310ce49a6d778036	10375
artifacts/lf/la_T1_seq_s0/round_3.json	6123570e	c103bb6fad3ed8bfeda1f53933bf3e1d3b50accf	10568
artifacts/lf/la_T1_seq_s0/round_4.json	6123570e	5a13b411ee69322dc1e249d62769477dbf0fff53	10688
artifacts/lf/la_T1_seq_s0/round_5.json	6123570e	2aba0e4a6ecfac0e2c52bf63ce7496b33dcdbcbd	10751
artifacts/lf/la_T1_seq_s0/round_6.json	6123570e	2f81f83b432e7c243b9fc1dcacf2b8a72f72b43c	10799
artifacts/lf/la_T1_seq_s0/round_7.json	6123570e	e0246d4f4e9b2e17c5635a55ddb2dcf108e1ac8f	10733
artifacts/lf/la_T1_seq_s0/round_8.json	6123570e	54e546384b97a87a7777542813e39a42f9ee74d9	10815
artifacts/lf/la_T1_seq_s1.done	6123570e	e69de29bb2d1d6434b8b29ae775ad8c2e48c5391	0
artifacts/lf/la_T1_seq_s1/alloc_8.json	6123570e	cdc573e802784a270d539b53a05ef77e5d8d07c6	352253
artifacts/lf/la_T1_seq_s1/args.json	6123570e	7c7bd44184aa64f77c80a0a4d2918119dbb4eecf	676
artifacts/lf/la_T1_seq_s1/round_1.json	6123570e	4217e31b445bb27e89859242197807fcb64ad0ce	10346
artifacts/lf/la_T1_seq_s1/round_2.json	6123570e	6e5c28444590d49a4d80dcec734433e3a5848713	10455
artifacts/lf/la_T1_seq_s1/round_3.json	6123570e	a7ad46c2d84cb08f65cab286d2b0e710af5f5a7f	10539
artifacts/lf/la_T1_seq_s1/round_4.json	6123570e	aa766e2d46516bf7eea1a85d7f4e632eb25efbb5	10647
artifacts/lf/la_T1_seq_s1/round_5.json	6123570e	f5aec3108fbb4a9513792feaaf54850043a255fe	10763
artifacts/lf/la_T1_seq_s1/round_6.json	6123570e	30b240c347c9c7a929cb430894879e7c6f7ef4c4	10755
artifacts/lf/la_T1_seq_s1/round_7.json	6123570e	57dde421fd11828992576cd9cbc774b00590e060	10829
artifacts/lf/la_T1_seq_s1/round_8.json	6123570e	0a26732ab75341df2d53119e4e005d5ae2c41654	10812
artifacts/lf/la_frozen_rand_s0.done	6123570e	e69de29bb2d1d6434b8b29ae775ad8c2e48c5391	0
artifacts/lf/la_frozen_rand_s0/alloc_8.json	6123570e	65e2fba53b33f1cc38023dae8b827b714531c9a8	349039
artifacts/lf/la_frozen_rand_s0/args.json	6123570e	3575ff3267512866386a47b43e19d5ca48b1ae36	681
artifacts/lf/la_frozen_rand_s0/round_1.json	6123570e	2e1f6f8daeb70048869586e678d48a563efb8c3a	10076
artifacts/lf/la_frozen_rand_s0/round_2.json	6123570e	0ebed190e0ce27d5e59ad7a86e395c7ad74fb5ac	10154
artifacts/lf/la_frozen_rand_s0/round_3.json	6123570e	832be7015e86440d3fafd9c431e69f859d4da16a	10138
artifacts/lf/la_frozen_rand_s0/round_4.json	6123570e	2740f260e52a8911d5633ad8bb676caae9bcf3f4	10109
artifacts/lf/la_frozen_rand_s0/round_5.json	6123570e	916b197819f1416b7b54b9b404d512fa99db3711	10191
artifacts/lf/la_frozen_rand_s0/round_6.json	6123570e	2cc26173f85aaf300adce7c02e6be9a1cbe9350b	10146
artifacts/lf/la_frozen_rand_s0/round_7.json	6123570e	d10ac5864f58c2d60d287f9c37181c1b436548bc	10242
artifacts/lf/la_frozen_rand_s0/round_8.json	6123570e	2c0a0cc03e51a53c2d1f49797fad7aa8bb2d0717	10113
artifacts/lf/la_frozen_rand_s1.done	6123570e	e69de29bb2d1d6434b8b29ae775ad8c2e48c5391	0
artifacts/lf/la_frozen_rand_s1/alloc_8.json	6123570e	b7c59a73caec649784e2df2f0eb24db2fb6d3490	349032
artifacts/lf/la_frozen_rand_s1/args.json	6123570e	728452a2a25375b2a432cae5ae67ddf9d728f299	681
artifacts/lf/la_frozen_rand_s1/round_1.json	6123570e	a21a22bd4e4e7110896096617c9c22e36b1761d8	10088
artifacts/lf/la_frozen_rand_s1/round_2.json	6123570e	68cdd5082865b263892f550b4403b9d0d7114ec1	10053
artifacts/lf/la_frozen_rand_s1/round_3.json	6123570e	7318e2c7771373d2d5a86799d4286585be39cf90	10077
artifacts/lf/la_frozen_rand_s1/round_4.json	6123570e	6930f42c178d9415bf2abf173c031f5f9f82e73c	10060
artifacts/lf/la_frozen_rand_s1/round_5.json	6123570e	cd5af32a2825352a16f486c2e0bc781a88dba07b	10079
artifacts/lf/la_frozen_rand_s1/round_6.json	6123570e	8cf9063ead3a5e348b9c63f6149b2249d93ba974	10162
artifacts/lf/la_frozen_rand_s1/round_7.json	6123570e	2e9effae47dcfd40e07e0e277996174b1ef360d1	10101
artifacts/lf/la_frozen_rand_s1/round_8.json	6123570e	c35c756b2daa5621edaf7a13057e3ac300038c9c	10158
artifacts/lf/la_frozen_seq_s0.done	6123570e	e69de29bb2d1d6434b8b29ae775ad8c2e48c5391	0
artifacts/lf/la_frozen_seq_s0/alloc_8.json	6123570e	5b3a7e5e20acf6cfde0a1926619b597e884ae2e1	349581
artifacts/lf/la_frozen_seq_s0/args.json	6123570e	4756d345f674067862eaf7171969f212d4f7d5be	679
artifacts/lf/la_frozen_seq_s0/round_1.json	6123570e	9ddbf7a415eef8ce3d5cff6a653164f57bff50fc	10284
artifacts/lf/la_frozen_seq_s0/round_2.json	6123570e	e9b89fc4320e53f33fe37ff8b1b6a4b153351a0d	10266
artifacts/lf/la_frozen_seq_s0/round_3.json	6123570e	93d1e305076f920cb44516e77bf3e5999fb7a587	10269
artifacts/lf/la_frozen_seq_s0/round_4.json	6123570e	a8c667918556ae0f22f592ddd2d15a015990ff97	10282
artifacts/lf/la_frozen_seq_s0/round_5.json	6123570e	53854aacf004c60991736cb00e8bd1b8137b836a	10259
artifacts/lf/la_frozen_seq_s0/round_6.json	6123570e	50d53231e93625ff836a757342f754860ef83eaf	10278
artifacts/lf/la_frozen_seq_s0/round_7.json	6123570e	1a0c3f253d5078865c2bf9b5fe9145aba9e9d8c7	10274
artifacts/lf/la_frozen_seq_s0/round_8.json	6123570e	5a982c66729826883ba721c5be8f26c2ea3e2ddf	10271
artifacts/lf/la_frozen_seq_s1.done	6123570e	e69de29bb2d1d6434b8b29ae775ad8c2e48c5391	0
artifacts/lf/la_frozen_seq_s1/alloc_8.json	6123570e	0274fb5d18b629587ada763764c30106ed6ff583	349573
artifacts/lf/la_frozen_seq_s1/args.json	6123570e	ec050ee188748920c6c9aae33fc03b9b748a905a	679
artifacts/lf/la_frozen_seq_s1/round_1.json	6123570e	d994f9b3665c02da11609bf9705f95e0901df9b6	10295
artifacts/lf/la_frozen_seq_s1/round_2.json	6123570e	331560d41c9799faeb15f3b618f8db801997190a	10230
artifacts/lf/la_frozen_seq_s1/round_3.json	6123570e	98c61706f4bcfca901dbd6788ddd4f15eb256d6b	10289
artifacts/lf/la_frozen_seq_s1/round_4.json	6123570e	7d51a66e1b0d4e97391dbaf735cc8623ce7076d0	10278
artifacts/lf/la_frozen_seq_s1/round_5.json	6123570e	58acf93b5be8a78cccee26346092589c80240363	10256
artifacts/lf/la_frozen_seq_s1/round_6.json	6123570e	7e36da51a04ce525b00820f1e418185c6842c751	10285
artifacts/lf/la_frozen_seq_s1/round_7.json	6123570e	b5176036a7d26f0726db0f81151c90a43caf9f77	10250
artifacts/lf/la_frozen_seq_s1/round_8.json	6123570e	82674fbecbf43fb1234bfb6eb98ed4557a8f6020	10259
artifacts/lf/logs/ei_d3_rand_s0.log	6123570e	9753f8eb05ff0fd720fd5281e6c551212a0e01a4	39169
artifacts/lf/logs/ei_d3_rand_s1.log	6123570e	115270d5c7682c2866758c586e33a93ca67dc2d0	39337
artifacts/lf/logs/ei_d3_seq_s0.log	6123570e	0795c1c964541dcbd66d5bea2566c12490a142e3	39516
artifacts/lf/logs/ei_d3_seq_s1.log	6123570e	1286b2a391487e5ccde7b55ea5845e5929b95ccb	39560
artifacts/lf/logs/frozen_d3_rand_s0.log	6123570e	138d8308f09942ec39411ef53f89f9da80f0434f	35223
artifacts/lf/logs/frozen_d3_rand_s1.log	6123570e	7b482f3f2d0bfc0b7700962bb468cd334cdafa9f	35309
artifacts/lf/logs/frozen_d3_seq_s0.log	6123570e	125ddc1a32fd2564ebc61999238bc37ab29775b1	35354
artifacts/lf/logs/frozen_d3_seq_s1.log	6123570e	a800a12f5191c041e91ae8805ad16aea1679c617	34769
artifacts/lf/logs/la_T1_rand_s0.log	6123570e	c926981894ee8d2eef04551122f4e76240616232	36122
artifacts/lf/logs/la_T1_rand_s1.log	6123570e	e80e91c0ca8fce7c930ed1cb97c9c4bf66a285b1	36135
artifacts/lf/logs/la_T1_seq_s0.log	6123570e	a570ddf725355af9f37552b9e3f0c15a0228759a	36226
artifacts/lf/logs/la_T1_seq_s1.log	6123570e	3cee9f97722c07495d87d7d9e2e06bbf809d832b	36293
artifacts/lf/logs/la_frozen_rand_s0.log	6123570e	4fb0a1c08c26e87c684e9b831b21cb48c652a665	31878
artifacts/lf/logs/la_frozen_rand_s1.log	6123570e	669554593a4a85ad31286c696b3297d55cc37b22	31839
artifacts/lf/logs/la_frozen_seq_s0.log	6123570e	490ec6416787bc2ca40543051ca60dca5748529b	31914
artifacts/lf/logs/la_frozen_seq_s1.log	6123570e	16a1f4a502d43c59258becf65d14c44a3fb8bac7	31899
artifacts/lf/logs/mech_full_rand.log	6123570e	cad57f7c70ec94657596ac67d0fac7a7104539c4	2343
artifacts/lf/logs/mech_full_seq.log	6123570e	642b5bd2a4262bee9f9dfd77e8e46b242c033eac	2492
artifacts/lf/logs/mech_full_seqfixed.log	6123570e	e9b383634095b0619fed471829c3c0194c4a8bf0	2647
artifacts/lf/logs/record_d3_rand.log	6123570e	bb5f08ea074bec21a959e58494af3c89506957b3	721
artifacts/lf/logs/record_d3_seq.log	6123570e	e36f8e46fd4227bcb670f3e45a9ce3fee4b3aa94	710
artifacts/lf/logs/record_la_T1_rand_s0.log	6123570e	05a7cb8614298a9b75b7205ec0989945bf099d73	285
artifacts/lf/logs/record_la_T1_rand_s1.log	6123570e	416891776a1966109ef831228b484ada1273b162	285
artifacts/lf/logs/record_la_T1_seq_s0.log	6123570e	1cfd839a71024f9cd53c7109be0ac887ffad205e	281
artifacts/lf/logs/record_la_T1_seq_s1.log	6123570e	96ff41204782f545d1a41ac80a80d3e5b73f2fed	281
artifacts/lf/logs/record_la_frozen_rand_s0.log	6123570e	c8e7d30ba68a51a1a357b3b6c89b44acbff600ce	295
artifacts/lf/logs/record_la_frozen_rand_s1.log	6123570e	a2caa8147d1cdf0caecc219a9a21ea3f8b3a4674	295
artifacts/lf/logs/record_la_frozen_seq_s0.log	6123570e	9e3fc7775c44d6d18b943ee785bbededb111badb	291
artifacts/lf/logs/record_la_frozen_seq_s1.log	6123570e	631991c8bb6698f6cad1cc896c9b0165cdb5d8f5	291
artifacts/lf/logs/setup.log	6123570e	8a3d1cde17222b2ffab8016997819c115e3dc66e	780
artifacts/lf/logs/stage1_a1_rand_s0.log	6123570e	149437e6ce353cb2a3144f28a9ec6e15572cbf89	1830
artifacts/lf/logs/stage1_a1_rand_s1.log	6123570e	91370c32f6d44a9388f39f546a846520efa788fb	1835
artifacts/lf/logs/stage1_a1_seq_s0.log	6123570e	210fc1cf9a4b37f6a9f118bef09889608534fbd9	1823
artifacts/lf/logs/stage1_a1_seq_s1.log	6123570e	e609c9213185156c6e1ac06eb7456d1b6e9015c7	1830
artifacts/lf/logs/stage1_full_rand_s0.log	6123570e	d50d2b267a5ed9480420288b507528c4a750fd61	1812
artifacts/lf/logs/stage1_full_seq_s0.log	6123570e	77aeacbf4beb87213c93ecfb117a4d0cb5882feb	1808
artifacts/lf/logs/stage1_full_seqfixed_s0.log	6123570e	196e9d667db112949a56e6b09410a674ad4f38ab	1837
artifacts/lf/logs/timing_d3_rand.log	6123570e	025320dca0d6716f76468c5f1d3bdd13ef720351	8679
artifacts/lf/logs/timing_d3_seq.log	6123570e	a18e8ec7f5c3639cd8a1a5b39f44d5e1d49e4bff	8702
artifacts/lf/logs/timing_la_rand.log	6123570e	42ea283da45435541651717793e9bc067f6ffdd5	7649
artifacts/lf/logs/timing_la_seq.log	6123570e	eaa9ac7641b2fff569adc421e950c8e2623975c5	7702
artifacts/lf/mech_full_rand.done	6123570e	e69de29bb2d1d6434b8b29ae775ad8c2e48c5391	0
artifacts/lf/mech_full_seq.done	6123570e	e69de29bb2d1d6434b8b29ae775ad8c2e48c5391	0
artifacts/lf/mech_full_seqfixed.done	6123570e	e69de29bb2d1d6434b8b29ae775ad8c2e48c5391	0
artifacts/lf/record_d3_rand.done	6123570e	e69de29bb2d1d6434b8b29ae775ad8c2e48c5391	0
artifacts/lf/record_d3_seq.done	6123570e	e69de29bb2d1d6434b8b29ae775ad8c2e48c5391	0
artifacts/lf/record_ei_d3_rand_s0_found.json	6123570e	c6ca0eb860815990465f5733e965d0bcf0c9d1c7	300
artifacts/lf/record_ei_d3_rand_s0_found_transfer.json	6123570e	15875c2f557900732147ed4304578fa15e03754c	308
artifacts/lf/record_ei_d3_rand_s1_found.json	6123570e	27035201b1e9e40ad5c2bcda33a621169fefb510	304
artifacts/lf/record_ei_d3_rand_s1_found_transfer.json	6123570e	72f0444e57bd5e564ba1cd42d660518fd67c3666	308
artifacts/lf/record_ei_d3_seq_s0_found.json	6123570e	ab1301382f44cff1686119bc35f3e4139e5ff544	303
artifacts/lf/record_ei_d3_seq_s0_found_transfer.json	6123570e	d01245226786f46e64b1b8a7cbee36f42d51bd15	307
artifacts/lf/record_ei_d3_seq_s1_found.json	6123570e	8f52cd85c6f40d355268470905103c296a569698	303
artifacts/lf/record_ei_d3_seq_s1_found_transfer.json	6123570e	c6e7d4a34d3ec007b883ce6aa5e0de2d7bcc9f3b	307
artifacts/lf/record_frozen_d3_rand_s0_found.json	6123570e	7257ded15d74c9a5d55fcfe21d0aa361f8bd18da	303
artifacts/lf/record_frozen_d3_rand_s0_found_transfer.json	6123570e	4a55167742352e7ee00a06ea69fe29140ffc0168	312
artifacts/lf/record_frozen_d3_rand_s1_found.json	6123570e	d60e36800dd1dd2143c5d3aff443e51d7e4b9e4b	303
artifacts/lf/record_frozen_d3_rand_s1_found_transfer.json	6123570e	8fc61b335bb7a3230a52bd09f00cc44303ecbe1e	312
artifacts/lf/record_frozen_d3_seq_s0_found.json	6123570e	d08f21ff2834461ce002d790ae95f4a0e4d26454	302
artifacts/lf/record_frozen_d3_seq_s0_found_transfer.json	6123570e	34336691bafbbe19058d8d200b16bc6d2ac27e87	311
artifacts/lf/record_frozen_d3_seq_s1_found.json	6123570e	d4390e0fa556f871d4108806d6515e2e4ddfb035	302
artifacts/lf/record_frozen_d3_seq_s1_found_transfer.json	6123570e	6771293201fa8926bd0651a1257036cf59fea01c	311
artifacts/lf/record_la_T1_rand_s0.done	6123570e	e69de29bb2d1d6434b8b29ae775ad8c2e48c5391	0
artifacts/lf/record_la_T1_rand_s0_found.json	6123570e	1f29ea99a187a39fe030edca4fbf3c8a9965b554	304
artifacts/lf/record_la_T1_rand_s0_found_transfer.json	6123570e	745c25a2f49601fd0be7572a99c06ae72cdf5530	313
artifacts/lf/record_la_T1_rand_s1.done	6123570e	e69de29bb2d1d6434b8b29ae775ad8c2e48c5391	0
artifacts/lf/record_la_T1_rand_s1_found.json	6123570e	14561c3bde845ea8558995bfa0c002f5adb1efeb	304
artifacts/lf/record_la_T1_rand_s1_found_transfer.json	6123570e	d5a47657dfca996453b5818be50871d6730f79b5	313
artifacts/lf/record_la_T1_seq_s0.done	6123570e	e69de29bb2d1d6434b8b29ae775ad8c2e48c5391	0
artifacts/lf/record_la_T1_seq_s0_found.json	6123570e	6f7b43b41d83770415d87de9d1bd1fa0d1fa4521	303
artifacts/lf/record_la_T1_seq_s0_found_transfer.json	6123570e	84b8012b2dc0756c5b3924d5589bafe4a5328e68	312
artifacts/lf/record_la_T1_seq_s1.done	6123570e	e69de29bb2d1d6434b8b29ae775ad8c2e48c5391	0
artifacts/lf/record_la_T1_seq_s1_found.json	6123570e	94738957a574fb4ac5f50936566ed141dd0f4e9e	303
artifacts/lf/record_la_T1_seq_s1_found_transfer.json	6123570e	86c2790f1be25eab5ade1907ab3d3b7950ea08ee	312
artifacts/lf/record_la_frozen_rand_s0.done	6123570e	e69de29bb2d1d6434b8b29ae775ad8c2e48c5391	0
artifacts/lf/record_la_frozen_rand_s0_found.json	6123570e	f23ba1c7dd2355f7452715b35ed4bfcdabb70e7b	308
artifacts/lf/record_la_frozen_rand_s0_found_transfer.json	6123570e	8bd49bc09bda40b4077337704ec75e13dde1e43c	312
artifacts/lf/record_la_frozen_rand_s1.done	6123570e	e69de29bb2d1d6434b8b29ae775ad8c2e48c5391	0
artifacts/lf/record_la_frozen_rand_s1_found.json	6123570e	e2575cbbbc48cbde9316d6591d0fc9f32cee6b10	308
artifacts/lf/record_la_frozen_rand_s1_found_transfer.json	6123570e	c2a556e978fe3b63231ee1426a5b31771b976d98	312
artifacts/lf/record_la_frozen_seq_s0.done	6123570e	e69de29bb2d1d6434b8b29ae775ad8c2e48c5391	0
artifacts/lf/record_la_frozen_seq_s0_found.json	6123570e	272fee62ad5699320e7a3046b64d592dde407895	307
artifacts/lf/record_la_frozen_seq_s0_found_transfer.json	6123570e	511b913eca0aed1beac4aa3ee19993fba8a3130a	311
artifacts/lf/record_la_frozen_seq_s1.done	6123570e	e69de29bb2d1d6434b8b29ae775ad8c2e48c5391	0
artifacts/lf/record_la_frozen_seq_s1_found.json	6123570e	d7245484083b770e7b88766c8276278acb018987	307
artifacts/lf/record_la_frozen_seq_s1_found_transfer.json	6123570e	e3d1232401bb434d73fe411520c0feb83051d1fc	311
artifacts/lf/seqlen.json	6123570e	dc13467d67207c364da9c286516c06fc7b7afae3	2647
artifacts/lf/stage1_a1_rand_s0.done	6123570e	e69de29bb2d1d6434b8b29ae775ad8c2e48c5391	0
artifacts/lf/stage1_a1_rand_s1.done	6123570e	e69de29bb2d1d6434b8b29ae775ad8c2e48c5391	0
artifacts/lf/stage1_a1_seq_s0.done	6123570e	e69de29bb2d1d6434b8b29ae775ad8c2e48c5391	0
artifacts/lf/stage1_a1_seq_s1.done	6123570e	e69de29bb2d1d6434b8b29ae775ad8c2e48c5391	0
artifacts/lf/stage1_full_rand_heldout_greedy.json	6123570e	5999efa748f2f097ae3ecabcbd33dea4dc6ec4c3	1238
artifacts/lf/stage1_full_rand_s0.done	6123570e	e69de29bb2d1d6434b8b29ae775ad8c2e48c5391	0
artifacts/lf/stage1_full_rand_transfer2_k16.json	6123570e	ccd3ca8e9881dbbaf25b24252b7af753178f14eb	1973
artifacts/lf/stage1_full_seq_heldout_greedy.json	6123570e	aa57afceb35766167e7dc3c70c9dbb170de5be7f	1255
artifacts/lf/stage1_full_seq_s0.done	6123570e	e69de29bb2d1d6434b8b29ae775ad8c2e48c5391	0
artifacts/lf/stage1_full_seq_transfer2_k16.json	6123570e	557e18c5f045b51b4b44eea156adf257ec16f3c4	2227
artifacts/lf/stage1_full_seqfixed_heldout_greedy.json	6123570e	4c68b25db6244a28defd72f3577b6b7aa8a9072a	1471
artifacts/lf/stage1_full_seqfixed_s0.done	6123570e	e69de29bb2d1d6434b8b29ae775ad8c2e48c5391	0
artifacts/lf/stage1_full_seqfixed_transfer2_k16.json	6123570e	e32ea7d96a83b29c3073d5295363785c30aa668b	2211
artifacts/lf/summary.json	6123570e	6bda1e6662ca461dd7aa12c7901df31218b0c9e5	56043
artifacts/lf/timing_d3_rand.done	6123570e	e69de29bb2d1d6434b8b29ae775ad8c2e48c5391	0
artifacts/lf/timing_d3_rand/args.json	6123570e	2687180638ded0ea4dffd517655045ed0f6fe534	552
artifacts/lf/timing_d3_rand/round_1.json	6123570e	440a0230d0503787f7f03986b964ebb4e8a9b86c	9049
artifacts/lf/timing_d3_seq.done	6123570e	e69de29bb2d1d6434b8b29ae775ad8c2e48c5391	0
artifacts/lf/timing_d3_seq/args.json	6123570e	d7d0e4c485ae869e4fda1d87ca2706b46b0a6887	550
artifacts/lf/timing_d3_seq/round_1.json	6123570e	e0d0e07e14a57ced930597b8ae6546b896173fd0	9069
artifacts/lf/timing_d3_token_on_randpod/args.json	6123570e	1c33b2a16d2e79e16421251f3ec473e5d4e31d83	562
artifacts/lf/timing_d3_token_on_randpod/round_1.json	6123570e	6b13483f4e306652a4d9bb6c7dea170a1654530b	8609
artifacts/lf/timing_d3_token_on_seqpod/args.json	6123570e	1368dc25ff67ea2a21df7641e429f786f41d1d37	561
artifacts/lf/timing_d3_token_on_seqpod/round_1.json	6123570e	9396e023d28ca64dfebae9f6c927b294aac0e4d2	8609
artifacts/lf/timing_la_rand.done	6123570e	e69de29bb2d1d6434b8b29ae775ad8c2e48c5391	0
artifacts/lf/timing_la_rand/args.json	6123570e	31edf464eae45e956109fe2f77e81fe7466913bf	678
artifacts/lf/timing_la_rand/round_1.json	6123570e	6cae4dd936f812d80dbc935875eb3dfb89bfa400	10075
artifacts/lf/timing_la_seq.done	6123570e	e69de29bb2d1d6434b8b29ae775ad8c2e48c5391	0
artifacts/lf/timing_la_seq/args.json	6123570e	188af7390931b1e25bd74ed011be82d2ad345c11	676
artifacts/lf/timing_la_seq/round_1.json	6123570e	dc00011fab7615f9e8bf58bcf728b7667d80ed18	10283
artifacts/lf/timing_la_token_on_randpod/args.json	6123570e	ae38daeb59f5e954a4181f6eb0cb387a9a83ef40	678
artifacts/lf/timing_la_token_on_randpod/round_1.json	6123570e	c45b2c4b81203f8d45252c28d61d6f3a3b16c1b7	9609
artifacts/lf/timing_la_token_on_seqpod/args.json	6123570e	d9a280ae6a64d38a3d97cd7ffb640cc94309f93c	677
artifacts/lf/timing_la_token_on_seqpod/round_1.json	6123570e	9d345c0841e0853a5b8a37f1fe45688ef97ca28e	9609
artifacts/lf_control/ei_d3_seq_s0/args.json	6123570e	427d8e2b01d8e4b6ab0928d844a6674b4b25e4bc	550
artifacts/lf_control/ei_d3_seq_s0/round_1.json	6123570e	b2f6fc8c54d7c5a86d250d73f7b870657638e0e4	9117
artifacts/lf_control/ei_d3_seq_s0/round_2.json	6123570e	afd1f71abe466219ff072430e428070a5bc449bb	9112
artifacts/lf_control/ei_d3_seq_s0/round_3.json	6123570e	d1888082155bbbe989cd734f8a47c272124dabdb	9235
artifacts/lf_control/ei_d3_seq_s0/round_4.json	6123570e	b8227a935de721a73326957eef4378e67ce4ab76	9210
artifacts/lf_control/ei_d3_seq_s1/args.json	6123570e	3c67e006f55c6b039ae9819f97440a55957f7db6	550
artifacts/lf_control/ei_d3_seq_s1/round_1.json	6123570e	55263cc303a52aaf8c754a286187ea06ed5af76c	8994
artifacts/lf_control/ei_d3_seq_s1/round_2.json	6123570e	7e4d9fc457ef4c7f5cf6ac1c13655beea0502689	9170
artifacts/lf_control/ei_d3_seq_s1/round_3.json	6123570e	33674efd322fb089c07fd5052be5840cba0d5031	9168
artifacts/lf_control/ei_d3_seq_s1/round_4.json	6123570e	66b795b735a6f4ecb81fd041585e96442fe79e5f	9254
artifacts/lf_control/frozen_d3_seq_s0/args.json	6123570e	ac8e5260fce305fae75dbfea5487e710ca949dce	553
artifacts/lf_control/frozen_d3_seq_s0/round_1.json	6123570e	321f2352c5a3b21dc9ed7d4eaa0ff1bc12d9e09d	9068
artifacts/lf_control/frozen_d3_seq_s0/round_2.json	6123570e	8e3f39921fd9c83f40c9b8a23ad6459f71dddad9	9076
artifacts/lf_control/frozen_d3_seq_s0/round_3.json	6123570e	b4ec6c73e079379b7f4302654b4a6eedfb053959	9016
artifacts/lf_control/frozen_d3_seq_s0/round_4.json	6123570e	fb614a2c12e0b6d037fb2d70ba0e1f915e532abf	9037
artifacts/lf_control/frozen_d3_seq_s1/args.json	6123570e	d3001c331b8a7a10001afa801095821c4eafbb2e	553
artifacts/lf_control/frozen_d3_seq_s1/round_1.json	6123570e	1ae2fbb4c98db257ed3fb1df4a1fbd1cf26d394f	8945
artifacts/lf_control/frozen_d3_seq_s1/round_2.json	6123570e	b9a480d02d93f63898ee6f79d99349318ac92478	8987
artifacts/lf_control/frozen_d3_seq_s1/round_3.json	6123570e	1c0b154a9892e4cbea5b4fe72078f71b3447c9e5	9006
artifacts/lf_control/frozen_d3_seq_s1/round_4.json	6123570e	d2f60fff8fa43966de0fbc5514cb827621248d7d	8995
artifacts/lj/collect.json	6123570e	693415b650806d613ee28f156f5a78aac93f3996	194
artifacts/lj/lean_check_selftest.json	6123570e	a66dedf744974607b683b1e568bbcb44c80a6019	10451
artifacts/lj/setup.log	6123570e	a2ba8f5870b2605ec222e9b684675e26e3869739	5496
artifacts/lj/t2.log	6123570e	a83fc6e9197bd8db83eee37694780cfdc3509d9d	575
artifacts/lj/t2_freeform.json	6123570e	41fbd3ac7b8380f6967f517f8404fb0f80ed0fed	422
artifacts/lj/t2_judge.json	6123570e	82648345d5fa5399a557733fc89070e2a1beec66	626
artifacts/lj/t3_classify.json	6123570e	6f3ba47b4ecc8ef29a3c9b0c9a70c420a5ed5fb8	4132
artifacts/lj/t3_judge.json	6123570e	4ceac81fa30d3b74e1326a69da865ee33ef9adf1	345
artifacts/lj/t3_judge.log	6123570e	5bbd822a372b5ab4f7529fcb3f17708f0b5b30c1	260
artifacts/lj/t3b_normform.json	6123570e	231a9ca588683c91bb6dfa9d5db13ebd3ce908bc	222
artifacts/lj/t5_compare.json	6123570e	c148a5afea7d55f35d38f585d41c04ea05fc9687	326
artifacts/lj/t5_ei.log	6123570e	a8eb45133bc5ad83c28d7de265b5a6cd12606ed7	2764
artifacts/lj/t5_ei/args.json	6123570e	99ab8a73b9b4a98f8a8d2dd16cc44ef2579a1ac3	521
artifacts/lj/t5_ei/round_1.json	6123570e	d6ff2d86f21f10df1f0129e6d27849ce7708b44e	3770
artifacts/lj/t5_marker_grep.txt	6123570e	3b950c9ea733795013a1c6e53e7d4b3ec0daefcf	291
artifacts/lj/t5_relabel.json	6123570e	848eab9f84bcdc92e30d1530de6492ba2cf30583	4488
artifacts/lj/t6_throughput.json	6123570e	858505b1897b5eab38bd3cea48734d509cfea8b6	751
artifacts/lp/c2/c2_check.log	6123570e	a8457048438978508331f719844827b2bf309d5b	181
artifacts/lp/c3/c3_check.log	6123570e	161928dde608f55b48665ba909e34d5bc1bed62b	178
artifacts/lp/corpus/cap-horizon__stage1_k14_s0.done	6123570e	e69de29bb2d1d6434b8b29ae775ad8c2e48c5391	0
artifacts/lp/corpus/cap-horizon__stage1_k14_s0.meta.json	6123570e	f0d73111fea6eb001b71b5179c958f981ad94529	2259
artifacts/lp/corpus/ds-composition__stage1_a1_s1.done	6123570e	e69de29bb2d1d6434b8b29ae775ad8c2e48c5391	0
artifacts/lp/corpus/ds-composition__stage1_a1_s1.meta.json	6123570e	0b90000c9f35e71a331219dc9bbb7058642e713e	2262
artifacts/lp/corpus/ds-composition__stage1_a3_s0.done	6123570e	e69de29bb2d1d6434b8b29ae775ad8c2e48c5391	0
artifacts/lp/corpus/ds-composition__stage1_a3_s0.meta.json	6123570e	ab7f697bd6030434bbc39fffb0a971e978ef89ad	2259
artifacts/lp/corpus/ds-generator__stage1_g2_s0.done	6123570e	e69de29bb2d1d6434b8b29ae775ad8c2e48c5391	0
artifacts/lp/corpus/ds-generator__stage1_g2_s0.meta.json	6123570e	6005aafab7eeb695fcb9ff7e877daad2c315fbff	2248
artifacts/lp/corpus/lean-format__ei_d3_seq_s0_r8.done	6123570e	e69de29bb2d1d6434b8b29ae775ad8c2e48c5391	0
artifacts/lp/corpus/lean-format__ei_d3_seq_s0_r8.meta.json	6123570e	2fb66bed7518181026a0c41836f1e526dd0d220c	2247
artifacts/lp/corpus/lean-format__stage1_a1_rand_s0.done	6123570e	e69de29bb2d1d6434b8b29ae775ad8c2e48c5391	0
artifacts/lp/corpus/lean-format__stage1_a1_rand_s0.meta.json	6123570e	4f7fc6c622582481c367dadc5a5b60cd211a836c	2255
artifacts/lp/corpus/lean-format__stage1_full_seq_s0.done	6123570e	e69de29bb2d1d6434b8b29ae775ad8c2e48c5391	0
artifacts/lp/corpus/lean-format__stage1_full_seq_s0.meta.json	6123570e	77d8ac7b5a37846a22e7d4468ee6246464d536f3	2252
artifacts/lp/corpus/noise-floor__stage1_p2_s3.done	6123570e	e69de29bb2d1d6434b8b29ae775ad8c2e48c5391	0
artifacts/lp/corpus/noise-floor__stage1_p2_s3.meta.json	6123570e	67a360641b6900abc623f04387a76983474f5131	2242
artifacts/lp/logs/corpus_cap-horizon__stage1_k14_s0.log	6123570e	55f5921fd4122110d66a6f901546508d92e56e49	4063
artifacts/lp/logs/corpus_ds-composition__stage1_a1_s1.log	6123570e	312c1f0e8d111c143235b052f545ff2016a6be5b	3522
artifacts/lp/logs/corpus_ds-composition__stage1_a3_s0.log	6123570e	f8bbc8f14e2c7ad0dd1529c6b59eac17a401c7c3	3520
artifacts/lp/logs/corpus_ds-generator__stage1_g2_s0.log	6123570e	986c910a0fb2ae5f62b0806712c7c1a02272f2a0	4013
artifacts/lp/logs/corpus_lean-format__ei_d3_seq_s0_r8.log	6123570e	4d6f0ec89e7d110481bd13bc22012be61dccc9e7	3491
artifacts/lp/logs/corpus_lean-format__stage1_a1_rand_s0.log	6123570e	7f89d35f7ca6b7b16f3505ed7adbbd5141658867	3483
artifacts/lp/logs/corpus_lean-format__stage1_full_seq_s0.log	6123570e	4a4f3d88d93995fd0cdce62df5ea46de3acede7c	4009
artifacts/lp/logs/corpus_noise-floor__stage1_p2_s3.log	6123570e	377221b399ca4b787eb41c8ad24f525d07345da7	3830
artifacts/lp/logs/corpus_queue.log	6123570e	e69de29bb2d1d6434b8b29ae775ad8c2e48c5391	0
artifacts/lp/logs/corpus_queue2.log	6123570e	b384aa3e62d7ed59b3427eea088ae6b02e2901da	33
artifacts/lp/logs/corpus_queue_t.log	6123570e	e69de29bb2d1d6434b8b29ae775ad8c2e48c5391	0
artifacts/lp/logs/sweep_b.done	6123570e	32348104bde57b67b1d366675a122996505d92fd	13
artifacts/lp/logs/sweep_j.done	6123570e	e69de29bb2d1d6434b8b29ae775ad8c2e48c5391	0
artifacts/lp/logs/sweep_j2.done	6123570e	e69de29bb2d1d6434b8b29ae775ad8c2e48c5391	0
artifacts/lp/logs/t1D_corpus_queue.log	6123570e	78dac61e444ae12202db70a08413ee3e06f1b8e6	173
artifacts/lp/logs/t1_A.log	6123570e	8dc609be28d4336c025c946e8c62bfebfafe4cd4	4398
artifacts/lp/logs/t1_B.log	6123570e	6dd4e0102e70892c7a00347516d27cfc5a9d8d36	4385
artifacts/lp/logs/t1_C.log	6123570e	88dcfee7b667e6e47a27e7755c75511c80ba8405	4360
artifacts/lp/logs/t1_D.log	6123570e	04c134439d0351899d55394e58827445ce94eb7e	4361
artifacts/lp/logs/t1_queue.log	6123570e	a8e075ba7eb87550c876a3bbd3939fa785e7825d	421
artifacts/lp/logs/test_b.log	6123570e	7075baf30c570a4a564982e6eaf39fda283ea56b	615
artifacts/lp/setup.log	6123570e	0fc1b37a41fea890c6cd5dd7a49ab716e63b0be4	1417
artifacts/lp/soundness.json	6123570e	032a3e91bfb5e3c52e1f395fb29f5b12a0477547	4835
artifacts/lp/soundness.md	6123570e	0ee550dffbffa42f823ff556e077c4f16460df5b	2991
artifacts/lp/t1/compare.json	6123570e	aad3eef33c1f3eaa87cb6f51182513fdcc5282d6	2522
artifacts/lp/t1/t1_A/alloc_1.json	6123570e	6b96e7a2fe2f374d02fe58db7b5cb38015479a4e	343508
artifacts/lp/t1/t1_A/args.json	6123570e	7aeefe0d0314cb6386c22d035fd3ce3200e9b0b4	676
artifacts/lp/t1/t1_A/round_1.json	6123570e	5d65328cda64a273c28188c47aab410295c63143	10320
artifacts/lp/t1/t1_B/alloc_1.json	6123570e	6b96e7a2fe2f374d02fe58db7b5cb38015479a4e	343508
artifacts/lp/t1/t1_B/args.json	6123570e	b5ccef55ce8db11d2283fb6054604c157049a383	676
artifacts/lp/t1/t1_B/round_1.json	6123570e	a6bf52bfe737be048252e8f448e7b52ab30f5625	10322
artifacts/lp/t1/t1_C/alloc_1.json	6123570e	58bf99f1ac9fa66e600e10f657e844018cf0b7c0	343507
artifacts/lp/t1/t1_C/args.json	6123570e	29224a68efd5f21b38700c7da42465e018fc1d9b	677
artifacts/lp/t1/t1_C/round_1.json	6123570e	43e3dfd64291453ef7a1b834ac46b15529fbacbb	10242
artifacts/lp/t1/t1_D/alloc_1.json	6123570e	58bf99f1ac9fa66e600e10f657e844018cf0b7c0	343507
artifacts/lp/t1/t1_D/args.json	6123570e	a030a03e5d2244ddb088c8929cc7fc6c8505190f	677
artifacts/lp/t1/t1_D/round_1.json	6123570e	c370b67695aa2f2f525a680f39ffbf860a5a26ae	10244
artifacts/lp/test_b.json	6123570e	d0bccf25fda08ba9bde2bb6a4ef0cf0a3fb985f4	216
artifacts/lpool/assemble.log	470d39e0	3a95251f2828ac1691bd1b3fc0f2f77719d15e82	10148
artifacts/lpool/excl_manifest.txt	470d39e0	f6560dae97ce7bdef68e8b07ea4622813f48bedd	4713
artifacts/lpool/shape.md	470d39e0	2a65b8988524a71da9470ec410322a7f145361f2	798
artifacts/lpool/stages.md	470d39e0	9978aaa1aa7a588a5697da56c2f72fd59ae32af5	1727
artifacts/nf/assemble_p1.json	6123570e	b11b4a3571a6ee1f4f20e4c88d02fedfb2543100	1260
artifacts/nf/assemble_p2.json	6123570e	3d9255532fde6b62c129d50354697458ad4ef1aa	1260
artifacts/nf/assemble_p3.json	6123570e	04b2ef800cae09e3ab37da6ed4ee58f04e748650	1260
artifacts/nf/assemble_p4.json	6123570e	4823f1494c72216722ea6d12b290bb9d7f77a568	1261
artifacts/nf/cov_red_p1_s0.done	6123570e	e69de29bb2d1d6434b8b29ae775ad8c2e48c5391	0
artifacts/nf/cov_red_p1_s1.done	6123570e	e69de29bb2d1d6434b8b29ae775ad8c2e48c5391	0
artifacts/nf/cov_red_p2_s0.done	6123570e	e69de29bb2d1d6434b8b29ae775ad8c2e48c5391	0
artifacts/nf/cov_red_p2_s1.done	6123570e	e69de29bb2d1d6434b8b29ae775ad8c2e48c5391	0
artifacts/nf/cov_red_p3_s0.done	6123570e	e69de29bb2d1d6434b8b29ae775ad8c2e48c5391	0
artifacts/nf/cov_red_p3_s1.done	6123570e	e69de29bb2d1d6434b8b29ae775ad8c2e48c5391	0
artifacts/nf/cov_red_p4_s0.done	6123570e	e69de29bb2d1d6434b8b29ae775ad8c2e48c5391	0
artifacts/nf/cov_red_p4_s1.done	6123570e	e69de29bb2d1d6434b8b29ae775ad8c2e48c5391	0
artifacts/nf/cov_req8_p1_s0.done	6123570e	e69de29bb2d1d6434b8b29ae775ad8c2e48c5391	0
artifacts/nf/cov_req8_p1_s1.done	6123570e	e69de29bb2d1d6434b8b29ae775ad8c2e48c5391	0
artifacts/nf/cov_req8_p2_s0.done	6123570e	e69de29bb2d1d6434b8b29ae775ad8c2e48c5391	0
artifacts/nf/cov_req8_p2_s1.done	6123570e	e69de29bb2d1d6434b8b29ae775ad8c2e48c5391	0
artifacts/nf/cov_req8_p3_s0.done	6123570e	e69de29bb2d1d6434b8b29ae775ad8c2e48c5391	0
artifacts/nf/cov_req8_p3_s1.done	6123570e	e69de29bb2d1d6434b8b29ae775ad8c2e48c5391	0
artifacts/nf/cov_req8_p4_s0.done	6123570e	e69de29bb2d1d6434b8b29ae775ad8c2e48c5391	0
artifacts/nf/cov_req8_p4_s1.done	6123570e	e69de29bb2d1d6434b8b29ae775ad8c2e48c5391	0
artifacts/nf/fetch.done	6123570e	e69de29bb2d1d6434b8b29ae775ad8c2e48c5391	0
artifacts/nf/gen_p1.done	6123570e	e69de29bb2d1d6434b8b29ae775ad8c2e48c5391	0
artifacts/nf/gen_p1_stats.json	6123570e	c932a343a1ab6eae6bd7bfb7763b60cbee69b6ef	219
artifacts/nf/gen_p2.done	6123570e	e69de29bb2d1d6434b8b29ae775ad8c2e48c5391	0
artifacts/nf/gen_p2_stats.json	6123570e	d24ee11f8569903562b4cb906f6e6ec71e842f4b	218
artifacts/nf/gen_p3.done	6123570e	e69de29bb2d1d6434b8b29ae775ad8c2e48c5391	0
artifacts/nf/gen_p3_stats.json	6123570e	307c8836b702fdfe887a1ff1d87b888f6406d635	218
artifacts/nf/gen_p4.done	6123570e	e69de29bb2d1d6434b8b29ae775ad8c2e48c5391	0
artifacts/nf/gen_p4_stats.json	6123570e	3f01cdeaa450d0228a9adb2d1a943f3f937f2d5c	218
artifacts/nf/heldout_p1_s0.done	6123570e	e69de29bb2d1d6434b8b29ae775ad8c2e48c5391	0
artifacts/nf/heldout_p1_s0.json	6123570e	a7d81a89e68251d644f602c9726b7226c77a5bcb	1458
artifacts/nf/heldout_p1_s1.done	6123570e	e69de29bb2d1d6434b8b29ae775ad8c2e48c5391	0
artifacts/nf/heldout_p1_s1.json	6123570e	95235eb7a23630656a9bc0234a8f367e20d0cab1	1450
artifacts/nf/heldout_p1_s10.done	6123570e	e69de29bb2d1d6434b8b29ae775ad8c2e48c5391	0
artifacts/nf/heldout_p1_s10.json	6123570e	9d9b4019795c95077673f9c06ae954a6d7c6fc99	1455
artifacts/nf/heldout_p1_s11.done	6123570e	e69de29bb2d1d6434b8b29ae775ad8c2e48c5391	0
artifacts/nf/heldout_p1_s11.json	6123570e	109b2d536937f6678b13c2278cfb40b1df6c648e	1456
artifacts/nf/heldout_p1_s12.done	6123570e	e69de29bb2d1d6434b8b29ae775ad8c2e48c5391	0
artifacts/nf/heldout_p1_s12.json	6123570e	7c88e26f3521b0657101ca2ad120f18fda8c2405	1439
artifacts/nf/heldout_p1_s2.done	6123570e	e69de29bb2d1d6434b8b29ae775ad8c2e48c5391	0
artifacts/nf/heldout_p1_s2.json	6123570e	027c0a6072e4098b45fed4bf457f0f56f0b086c9	1461
artifacts/nf/heldout_p1_s3.done	6123570e	e69de29bb2d1d6434b8b29ae775ad8c2e48c5391	0
artifacts/nf/heldout_p1_s3.json	6123570e	2807bee9ab33fc8c793fc525c1190ee025bd1c28	1469
artifacts/nf/heldout_p1_s4.done	6123570e	e69de29bb2d1d6434b8b29ae775ad8c2e48c5391	0
artifacts/nf/heldout_p1_s4.json	6123570e	641bd532b0f61a3a8216f3255b4580db5acadf30	1473
artifacts/nf/heldout_p1_s5.done	6123570e	e69de29bb2d1d6434b8b29ae775ad8c2e48c5391	0
artifacts/nf/heldout_p1_s5.json	6123570e	4cc111fd72ff165843de8d7a8b3a8b4fc232d26a	1462
artifacts/nf/heldout_p1_s6.done	6123570e	e69de29bb2d1d6434b8b29ae775ad8c2e48c5391	0
artifacts/nf/heldout_p1_s6.json	6123570e	0183af2b7ac6b64f24cdd35cb2f50af44ab7aaa2	1463
artifacts/nf/heldout_p1_s7.done	6123570e	e69de29bb2d1d6434b8b29ae775ad8c2e48c5391	0
artifacts/nf/heldout_p1_s7.json	6123570e	a04b6cf23ed99048a1c3247a9cbda996ff6f8dd4	1444
artifacts/nf/heldout_p1_s8.done	6123570e	e69de29bb2d1d6434b8b29ae775ad8c2e48c5391	0
artifacts/nf/heldout_p1_s8.json	6123570e	4ef20e40a37ec8c210012ca8e9b82da494249f36	1472
artifacts/nf/heldout_p1_s9.done	6123570e	e69de29bb2d1d6434b8b29ae775ad8c2e48c5391	0
artifacts/nf/heldout_p1_s9.json	6123570e	3bae441819862bbb39ade27fa5ec0606f5952c86	1458
artifacts/nf/heldout_p2_s0.done	6123570e	e69de29bb2d1d6434b8b29ae775ad8c2e48c5391	0
artifacts/nf/heldout_p2_s0.json	6123570e	65c96ef4c918649a1deedccf60cef26713800b49	1460
artifacts/nf/heldout_p2_s1.done	6123570e	e69de29bb2d1d6434b8b29ae775ad8c2e48c5391	0
artifacts/nf/heldout_p2_s1.json	6123570e	f6c2de90e2ee9d126637ce230e3974c2b09f1cfd	1453
artifacts/nf/heldout_p2_s10.done	6123570e	e69de29bb2d1d6434b8b29ae775ad8c2e48c5391	0
artifacts/nf/heldout_p2_s10.json	6123570e	9d4d457d4785866c0cf36b06cefcf0c14cea239b	1462
artifacts/nf/heldout_p2_s11.done	6123570e	e69de29bb2d1d6434b8b29ae775ad8c2e48c5391	0
artifacts/nf/heldout_p2_s11.json	6123570e	7e4df3ec98b299635aa4ff539b73749e09028b84	1473
artifacts/nf/heldout_p2_s12.done	6123570e	e69de29bb2d1d6434b8b29ae775ad8c2e48c5391	0
artifacts/nf/heldout_p2_s12.json	6123570e	17d0b714e44d193867a45a32c5c5ea0b35a9706a	1462
artifacts/nf/heldout_p2_s2.done	6123570e	e69de29bb2d1d6434b8b29ae775ad8c2e48c5391	0
artifacts/nf/heldout_p2_s2.json	6123570e	4424672d8803fa20f19696a1d2e0a236d264fae2	1474
artifacts/nf/heldout_p2_s3.done	6123570e	e69de29bb2d1d6434b8b29ae775ad8c2e48c5391	0
artifacts/nf/heldout_p2_s3.json	6123570e	52bf1b2acce84f237e79cbe797e1e5dcdbfb2225	1469
artifacts/nf/heldout_p2_s4.done	6123570e	e69de29bb2d1d6434b8b29ae775ad8c2e48c5391	0
artifacts/nf/heldout_p2_s4.json	6123570e	4ca5ab127f35e74e289b2e7bc52dffd5320644ca	1466
artifacts/nf/heldout_p2_s5.done	6123570e	e69de29bb2d1d6434b8b29ae775ad8c2e48c5391	0
artifacts/nf/heldout_p2_s5.json	6123570e	c8ab1cb776a744c566b2d7782b2c717863ac173d	1454
artifacts/nf/heldout_p2_s6.done	6123570e	e69de29bb2d1d6434b8b29ae775ad8c2e48c5391	0
artifacts/nf/heldout_p2_s6.json	6123570e	0fcfe3338c115579fbbe01bd5a19d7fa56fdd6ea	1470
artifacts/nf/heldout_p2_s7.done	6123570e	e69de29bb2d1d6434b8b29ae775ad8c2e48c5391	0
artifacts/nf/heldout_p2_s7.json	6123570e	5339a6c7632f9e7a6dc122622625b9b2997e9624	1473
artifacts/nf/heldout_p2_s8.done	6123570e	e69de29bb2d1d6434b8b29ae775ad8c2e48c5391	0
artifacts/nf/heldout_p2_s8.json	6123570e	c8592e7191b234e9bf462e8b5228bba94b878ba6	1490
artifacts/nf/heldout_p2_s9.done	6123570e	e69de29bb2d1d6434b8b29ae775ad8c2e48c5391	0
artifacts/nf/heldout_p2_s9.json	6123570e	896139d00654e4705aa7427a4afa439d4bce4546	1468
artifacts/nf/heldout_p3_s0.done	6123570e	e69de29bb2d1d6434b8b29ae775ad8c2e48c5391	0
artifacts/nf/heldout_p3_s0.json	6123570e	e5aeea131229d523823e2ef98b65d60f5087023a	1435
artifacts/nf/heldout_p3_s1.done	6123570e	e69de29bb2d1d6434b8b29ae775ad8c2e48c5391	0
artifacts/nf/heldout_p3_s1.json	6123570e	dd6b6aab603ea794ee3cfb00b9064737c99fd79a	1468
artifacts/nf/heldout_p3_s10.done	6123570e	e69de29bb2d1d6434b8b29ae775ad8c2e48c5391	0
artifacts/nf/heldout_p3_s10.json	6123570e	89be30d2fce2c4550c6fc71bc1f3ea3343bee6c9	1459
artifacts/nf/heldout_p3_s11.done	6123570e	e69de29bb2d1d6434b8b29ae775ad8c2e48c5391	0
artifacts/nf/heldout_p3_s11.json	6123570e	0a8a300d78852d545f624e3502a0c73472465ce3	1453
artifacts/nf/heldout_p3_s12.done	6123570e	e69de29bb2d1d6434b8b29ae775ad8c2e48c5391	0
artifacts/nf/heldout_p3_s12.json	6123570e	78feaf7a009cf24d5d84a7c1fd9b0a60ec209df2	1473
artifacts/nf/heldout_p3_s2.done	6123570e	e69de29bb2d1d6434b8b29ae775ad8c2e48c5391	0
artifacts/nf/heldout_p3_s2.json	6123570e	4c02abcbd03e6339ca80e6608d24ef96a0ba07b5	1492
artifacts/nf/heldout_p3_s3.done	6123570e	e69de29bb2d1d6434b8b29ae775ad8c2e48c5391	0
artifacts/nf/heldout_p3_s3.json	6123570e	b594992f9809347a909725034d12b2429b5929a4	1456
artifacts/nf/heldout_p3_s4.done	6123570e	e69de29bb2d1d6434b8b29ae775ad8c2e48c5391	0
artifacts/nf/heldout_p3_s4.json	6123570e	39155b3d62a80e13711cb5c7df746e753ecb0679	1459
artifacts/nf/heldout_p3_s5.done	6123570e	e69de29bb2d1d6434b8b29ae775ad8c2e48c5391	0
artifacts/nf/heldout_p3_s5.json	6123570e	9381a310f4bd88bb318c783b9c5573b7e0827ad2	1462
artifacts/nf/heldout_p3_s6.done	6123570e	e69de29bb2d1d6434b8b29ae775ad8c2e48c5391	0
artifacts/nf/heldout_p3_s6.json	6123570e	ce0d088e7ef99173cf0249c1ca6eeb4d25268f77	1474
artifacts/nf/heldout_p3_s7.done	6123570e	e69de29bb2d1d6434b8b29ae775ad8c2e48c5391	0
artifacts/nf/heldout_p3_s7.json	6123570e	449dcbce19c81f1f7e04f4959d79d24de0747c4b	1472
artifacts/nf/heldout_p3_s8.done	6123570e	e69de29bb2d1d6434b8b29ae775ad8c2e48c5391	0
artifacts/nf/heldout_p3_s8.json	6123570e	164dff2f3f26900fe12ab07325b36673fab7df13	1436
artifacts/nf/heldout_p3_s9.done	6123570e	e69de29bb2d1d6434b8b29ae775ad8c2e48c5391	0
artifacts/nf/heldout_p3_s9.json	6123570e	ac204a94ff3133b58618e1066fd51d1227379470	1475
artifacts/nf/heldout_p4_s0.done	6123570e	e69de29bb2d1d6434b8b29ae775ad8c2e48c5391	0
artifacts/nf/heldout_p4_s0.json	6123570e	d86f33aa6ff2fd39bdc377d766412759dfbfe642	1473
artifacts/nf/heldout_p4_s1.done	6123570e	e69de29bb2d1d6434b8b29ae775ad8c2e48c5391	0
artifacts/nf/heldout_p4_s1.json	6123570e	2f577c8ee625183ec639cb75013696d198c6e6a4	1468
artifacts/nf/heldout_p4_s10.done	6123570e	e69de29bb2d1d6434b8b29ae775ad8c2e48c5391	0
artifacts/nf/heldout_p4_s10.json	6123570e	a542b110fd158a95bc318a0bacfd65dfdd43b313	1468
artifacts/nf/heldout_p4_s11.done	6123570e	e69de29bb2d1d6434b8b29ae775ad8c2e48c5391	0
artifacts/nf/heldout_p4_s11.json	6123570e	4c732f52f4e25ecbb83df1a8d7f73b7152a9a298	1457
artifacts/nf/heldout_p4_s12.done	6123570e	e69de29bb2d1d6434b8b29ae775ad8c2e48c5391	0
artifacts/nf/heldout_p4_s12.json	6123570e	3a4b8f2586e6f26c8a2923d66aeeeab8c51991c3	1472
artifacts/nf/heldout_p4_s2.done	6123570e	e69de29bb2d1d6434b8b29ae775ad8c2e48c5391	0
artifacts/nf/heldout_p4_s2.json	6123570e	2a473efa5bd1f582344eb645fe39fa9ea0fcf132	1473
artifacts/nf/heldout_p4_s3.done	6123570e	e69de29bb2d1d6434b8b29ae775ad8c2e48c5391	0
artifacts/nf/heldout_p4_s3.json	6123570e	4fa1eab0b6c9f6d555e8e08cc6b1fc4dc9b5c3ab	1473
artifacts/nf/heldout_p4_s4.done	6123570e	e69de29bb2d1d6434b8b29ae775ad8c2e48c5391	0
artifacts/nf/heldout_p4_s4.json	6123570e	585ede029e547994c905b7040ea7bde722c5ea4e	1468
artifacts/nf/heldout_p4_s5.done	6123570e	e69de29bb2d1d6434b8b29ae775ad8c2e48c5391	0
artifacts/nf/heldout_p4_s5.json	6123570e	867d1391b91e48e217a941bc37c15052ba55a6fb	1450
artifacts/nf/heldout_p4_s6.done	6123570e	e69de29bb2d1d6434b8b29ae775ad8c2e48c5391	0
artifacts/nf/heldout_p4_s6.json	6123570e	fe30048431b95d51965139b3c115428a9bbdaaba	1461
artifacts/nf/heldout_p4_s7.done	6123570e	e69de29bb2d1d6434b8b29ae775ad8c2e48c5391	0
artifacts/nf/heldout_p4_s7.json	6123570e	e923a9b01ae029794ef5bc82f2c47ffa88e4d1d4	1452
artifacts/nf/heldout_p4_s8.done	6123570e	e69de29bb2d1d6434b8b29ae775ad8c2e48c5391	0
artifacts/nf/heldout_p4_s8.json	6123570e	9302ecc99b33c336360ca240861e9b0eaad3938f	1457
artifacts/nf/heldout_p4_s9.done	6123570e	e69de29bb2d1d6434b8b29ae775ad8c2e48c5391	0
artifacts/nf/heldout_p4_s9.json	6123570e	5ecc6d51c351e64593945f494ed5c327e92dc270	1460
artifacts/nf/la_T1_dsc_a1_s1.done	6123570e	e69de29bb2d1d6434b8b29ae775ad8c2e48c5391	0
artifacts/nf/la_T1_dsc_a1_s1/alloc_1.json	6123570e	4e554b97f32b13115bda4f156221f6c9abd1e27c	343508
artifacts/nf/la_T1_dsc_a1_s1/alloc_2.json	6123570e	232e387b3ee29cd3465a873f4ec316196846d998	344461
artifacts/nf/la_T1_dsc_a1_s1/alloc_3.json	6123570e	38610c1d5a270e47670b393d2d8b13c703a93681	344791
artifacts/nf/la_T1_dsc_a1_s1/alloc_4.json	6123570e	408007cb9635823b61f0d15e5a869633d203a69c	350339
artifacts/nf/la_T1_dsc_a1_s1/alloc_5.json	6123570e	24b34eed63dbdf143b5ce3fc04f78638e1e7cb1c	351334
artifacts/nf/la_T1_dsc_a1_s1/alloc_6.json	6123570e	9c24ccb9a6a00eae70e2df6bc5a5280e9a4aca32	351767
artifacts/nf/la_T1_dsc_a1_s1/alloc_7.json	6123570e	5b1b96c8b58dbfb13355b6a26a07589ff99181ae	352082
artifacts/nf/la_T1_dsc_a1_s1/alloc_8.json	6123570e	12de8c8680b7446c01185abc5e69c6dd2a7da6cb	352309
artifacts/nf/la_T1_dsc_a1_s1/args.json	6123570e	693b856e4bb0a85d9ae9e8bc86b9c2a2dd23aa71	684
artifacts/nf/la_T1_dsc_a1_s1/round_1.json	6123570e	dc69e0ade4734dbecba8317624852572f08baa0f	10248
artifacts/nf/la_T1_dsc_a1_s1/round_2.json	6123570e	2b60bae35b41dfb3ef7ad4df3f11366e970d5aa7	10345
artifacts/nf/la_T1_dsc_a1_s1/round_3.json	6123570e	e007a332d71268f4651f5f7e33f865a15c638eee	10507
artifacts/nf/la_T1_dsc_a1_s1/round_4.json	6123570e	a395deb10793ec04a6988eec455ea9be217b3b34	10568
artifacts/nf/la_T1_dsc_a1_s1/round_5.json	6123570e	19c19c65365acdac9574c9e1ee290b69754b116e	10707
artifacts/nf/la_T1_dsc_a1_s1/round_6.json	6123570e	484f6fcfa2028033d1882e8967c8fbe4bbe09e81	10766
artifacts/nf/la_T1_dsc_a1_s1/round_7.json	6123570e	06bdb156852cc9091a7ac727b3d3cf29798579c0	10836
artifacts/nf/la_T1_dsc_a1_s1/round_8.json	6123570e	843d546dd5cfb53c774f498c5b5722536086771c	10794
artifacts/nf/la_frozen_dsc_a1_s1.done	6123570e	e69de29bb2d1d6434b8b29ae775ad8c2e48c5391	0
artifacts/nf/la_frozen_dsc_a1_s1/alloc_1.json	6123570e	4e554b97f32b13115bda4f156221f6c9abd1e27c	343508
artifacts/nf/la_frozen_dsc_a1_s1/alloc_2.json	6123570e	cc524a0244d6152d0903d390f5aa88bfbc308cf8	343669
artifacts/nf/la_frozen_dsc_a1_s1/alloc_3.json	6123570e	53d3086c235743ac1b105d0f4838f5a49aeb6838	343745
artifacts/nf/la_frozen_dsc_a1_s1/alloc_4.json	6123570e	8a6b74f01b3b10d2a334cff3eb0aa854c837d785	348533
artifacts/nf/la_frozen_dsc_a1_s1/alloc_5.json	6123570e	25480b517da29557d6c46a46af8f59836cb39f27	348720
artifacts/nf/la_frozen_dsc_a1_s1/alloc_6.json	6123570e	d2ee55de399615716d8280ad4e990f1dc2c3f50c	348842
artifacts/nf/la_frozen_dsc_a1_s1/alloc_7.json	6123570e	9df8e4d0e3138b501b44e6f13b30222c703fb361	348941
artifacts/nf/la_frozen_dsc_a1_s1/alloc_8.json	6123570e	1084206d7fdddb396ac1e7158967690ac807e33a	349008
artifacts/nf/la_frozen_dsc_a1_s1/args.json	6123570e	d0b8fc70b5db2c462c9e0e4f997838cec0952d93	687
artifacts/nf/la_frozen_dsc_a1_s1/round_1.json	6123570e	c568867be8fc37070390310848ea622487abe70e	10197
artifacts/nf/la_frozen_dsc_a1_s1/round_2.json	6123570e	abd76d76fb2f371e84f14aa3c110da91cbb590ea	10143
artifacts/nf/la_frozen_dsc_a1_s1/round_3.json	6123570e	a99854afa3230cf610738089e66ffcc23402f496	10147
artifacts/nf/la_frozen_dsc_a1_s1/round_4.json	6123570e	c2b4e0dec0aebdb0938aea06b5c2487e10ae7de7	10179
artifacts/nf/la_frozen_dsc_a1_s1/round_5.json	6123570e	0759bccb852b8024895adee3ca97bc73aee3d343	10204
artifacts/nf/la_frozen_dsc_a1_s1/round_6.json	6123570e	f62fc5fc23ce6adde2b0e3a58fb05a76d339e11f	10208
artifacts/nf/la_frozen_dsc_a1_s1/round_7.json	6123570e	7b6db12a2f6efe58c39f2c2188fbcfc62fca7ca5	10176
artifacts/nf/la_frozen_dsc_a1_s1/round_8.json	6123570e	d123466057fdbe83b95257ac9a53ea643929c331	10113
artifacts/nf/la_frozen_dsg_g1_s0.done	6123570e	e69de29bb2d1d6434b8b29ae775ad8c2e48c5391	0
artifacts/nf/la_frozen_dsg_g1_s0/alloc_1.json	6123570e	ab8ad9377e779e3aa7d0c7b9b6818d355888072c	343046
artifacts/nf/la_frozen_dsg_g1_s0/alloc_2.json	6123570e	e5a83be2e5eec82f065510ebe056e29370791c72	343101
artifacts/nf/la_frozen_dsg_g1_s0/alloc_3.json	6123570e	ae8b33f6591dbd7d258b27405336bb5f07258b27	343128
artifacts/nf/la_frozen_dsg_g1_s0/alloc_4.json	6123570e	d6ae3cc4d16e6f05a50c46f1beec8712cea0bcb3	347766
artifacts/nf/la_frozen_dsg_g1_s0/alloc_5.json	6123570e	d45e42a2beca7c42ba162ffd3df8de5bd5a84851	347824
artifacts/nf/la_frozen_dsg_g1_s0/alloc_6.json	6123570e	5f08f991a3dc647eb53a6f919d069ad5180b4ef4	347859
artifacts/nf/la_frozen_dsg_g1_s0/alloc_7.json	6123570e	bebf444bf804184e0167456edcc1cc0949c3b689	347887
artifacts/nf/la_frozen_dsg_g1_s0/alloc_8.json	6123570e	824bd9525124cd50fa124716ba5089ae41074b77	347908
artifacts/nf/la_frozen_dsg_g1_s0/args.json	6123570e	63eb7c37cc1f82a9afa5e1511c383b9ed44ef4e9	687
artifacts/nf/la_frozen_dsg_g1_s0/round_1.json	6123570e	a4b868f8bf88ca356d2431027d6602999f0647d4	10009
artifacts/nf/la_frozen_dsg_g1_s0/round_2.json	6123570e	f347380cf997d002d0b339bf658fdf2ef9e07407	10036
artifacts/nf/la_frozen_dsg_g1_s0/round_3.json	6123570e	47adf4b53f10e652f376f12bc52f1b61528d72fe	10010
artifacts/nf/la_frozen_dsg_g1_s0/round_4.json	6123570e	1f17b3c7bd52be2c99c81e95bf8e96035f82bb94	10049
artifacts/nf/la_frozen_dsg_g1_s0/round_5.json	6123570e	447f72b0200db2d759b2d430481307e6c0cac09a	10009
artifacts/nf/la_frozen_dsg_g1_s0/round_6.json	6123570e	88b41af8ad37f99094aa65319787d6966cffd94e	10020
artifacts/nf/la_frozen_dsg_g1_s0/round_7.json	6123570e	7e2a93d215f7248914a192ce7bab3df49b80b8b2	10016
artifacts/nf/la_frozen_dsg_g1_s0/round_8.json	6123570e	78c624fda403057831f7d182fc19cd780462165d	10026
artifacts/nf/la_frozen_p1_s0.done	6123570e	e69de29bb2d1d6434b8b29ae775ad8c2e48c5391	0
artifacts/nf/la_frozen_p1_s0/alloc_1.json	6123570e	6570b7819b4a03d623a0f9881921d5d0e150f181	343090
artifacts/nf/la_frozen_p1_s0/alloc_2.json	6123570e	5e7ded41d976e1ef8025545c14bece942dd3f276	343182
artifacts/nf/la_frozen_p1_s0/alloc_3.json	6123570e	486bafc2d43ffc8add3082c69c29473bbdbb3f10	343232
artifacts/nf/la_frozen_p1_s0/alloc_4.json	6123570e	6c9748779607f96d4305eff551476fafc7bb220e	347879
artifacts/nf/la_frozen_p1_s0/alloc_5.json	6123570e	d94717b519cea842b8c8460a309f3e802cb6df1e	347964
artifacts/nf/la_frozen_p1_s0/alloc_6.json	6123570e	67fef0e7153b4a22efca05601c9671c3e1b26be1	348023
artifacts/nf/la_frozen_p1_s0/alloc_7.json	6123570e	4aa28190f55d2c924cf013e622d991aa8425aaff	348062
artifacts/nf/la_frozen_p1_s0/alloc_8.json	6123570e	4f47daa1d1d80bd33e92d94583b59660f84f3ed4	348113
artifacts/nf/la_frozen_p1_s0/args.json	6123570e	6d5244dd5bc7c098f40b7a50f8602b044e4f81bb	681
artifacts/nf/la_frozen_p1_s0/round_1.json	6123570e	720cb3c5530ed80e548214913b4ed347f3b1c2d0	10182
artifacts/nf/la_frozen_p1_s0/round_2.json	6123570e	0521e834d7bdfe6ecc754a4be85eefdc6d0f7468	10145
artifacts/nf/la_frozen_p1_s0/round_3.json	6123570e	30deaefc007a6c9968669ca2fb3149b0c42cac15	10210
artifacts/nf/la_frozen_p1_s0/round_4.json	6123570e	1887225d9734cbf1aa0233fa3d4aedf78e726f32	10180
artifacts/nf/la_frozen_p1_s0/round_5.json	6123570e	1fef71fe133db9a22f7b39b2b48937ab921fefdd	10230
artifacts/nf/la_frozen_p1_s0/round_6.json	6123570e	67456cefcd22ae5dc538da9c1c955e028629eab8	10188
artifacts/nf/la_frozen_p1_s0/round_7.json	6123570e	520123672557361ec94bc827a591a77d1a2c3d69	10212
artifacts/nf/la_frozen_p1_s0/round_8.json	6123570e	b453bb3513a7058c99fc7acebd071202b3a7d827	10212
artifacts/nf/la_frozen_p1_s1.done	6123570e	e69de29bb2d1d6434b8b29ae775ad8c2e48c5391	0
artifacts/nf/la_frozen_p1_s1/alloc_1.json	6123570e	95c2f68f54ab64aade92517015a77cec755efb94	343594
artifacts/nf/la_frozen_p1_s1/alloc_2.json	6123570e	c1714c30dfb73ea7d918502aac1e26bfdfb30d6b	343809
artifacts/nf/la_frozen_p1_s1/alloc_3.json	6123570e	7f62d5d8262735ae1f0aa714ed97b4291da07e13	343903
artifacts/nf/la_frozen_p1_s1/alloc_4.json	6123570e	cd408b2e911998b67169a661de968a6933a9573f	348636
artifacts/nf/la_frozen_p1_s1/alloc_5.json	6123570e	43bbe5e8216993881dc122a64d367218832a8e91	348906
artifacts/nf/la_frozen_p1_s1/alloc_6.json	6123570e	2422cbb13cde2e1f296419e01b907c5474f3a4b8	349058
artifacts/nf/la_frozen_p1_s1/alloc_7.json	6123570e	fcfbe8bdaa2499674f5ff3dc89596d3bc77ced93	349173
artifacts/nf/la_frozen_p1_s1/alloc_8.json	6123570e	a1ec580d143d7ea652108ee29b0a5fa7ed1d13fc	349254
artifacts/nf/la_frozen_p1_s1/args.json	6123570e	60a4d88b378b702906774783855a04659560880e	681
artifacts/nf/la_frozen_p1_s1/round_1.json	6123570e	4cdf931c6292f51b14764b4532f84960b97dc512	10106
artifacts/nf/la_frozen_p1_s1/round_2.json	6123570e	94238d079c2eaf2dc43a717c0d34e6911a00d366	10145
artifacts/nf/la_frozen_p1_s1/round_3.json	6123570e	69447dacbdc499477247928b98e1c811ec64f74d	10203
artifacts/nf/la_frozen_p1_s1/round_4.json	6123570e	1c64139706e908e743f25dd3a5e99fa4f3afd088	10128
artifacts/nf/la_frozen_p1_s1/round_5.json	6123570e	d24ee481d68a4e0dc454320fc6f0708ccdf40517	10133
artifacts/nf/la_frozen_p1_s1/round_6.json	6123570e	689ea710a007669cc5cf45465a2ff9facc40ac09	10192
artifacts/nf/la_frozen_p1_s1/round_7.json	6123570e	6c7a6e1d582625508866b2c0fa7d2583c2b72b62	10208
artifacts/nf/la_frozen_p1_s1/round_8.json	6123570e	9e2674224fce95f230240e4263429950d988b8ba	10163
artifacts/nf/la_frozen_p2_s0.done	6123570e	e69de29bb2d1d6434b8b29ae775ad8c2e48c5391	0
artifacts/nf/la_frozen_p2_s0/alloc_1.json	6123570e	e701c55ac10ba9c35c9e9b572baf5219aedded99	343382
artifacts/nf/la_frozen_p2_s0/alloc_2.json	6123570e	f0814d5e27e54ffc00961d76d2b17f0aa06c18c7	343643
artifacts/nf/la_frozen_p2_s0/alloc_3.json	6123570e	38a6501586c7beedaafc472fe308a66c5828ec50	343766
artifacts/nf/la_frozen_p2_s0/alloc_4.json	6123570e	76efd850fd3f4e7baf823761bca5f9025b707502	348477
artifacts/nf/la_frozen_p2_s0/alloc_5.json	6123570e	6f1b7d30260bf2e281c67129716702960b9077cf	348591
artifacts/nf/la_frozen_p2_s0/alloc_6.json	6123570e	398b7c2313dfc219b8efaf90ae7f012122c4134c	348710
artifacts/nf/la_frozen_p2_s0/alloc_7.json	6123570e	5434c7ccf7f1eec593c913aa5b2a1c3c642f97d3	348814
artifacts/nf/la_frozen_p2_s0/alloc_8.json	6123570e	4fb2ae27c3ba018baa00c094803f521a1f787f01	348892
artifacts/nf/la_frozen_p2_s0/args.json	6123570e	eac8bf97036eebc9735ed1410158f64cd598cda4	681
artifacts/nf/la_frozen_p2_s0/round_1.json	6123570e	22293c147a5abd16ee4508fc69e4a2df7ecc1901	10165
artifacts/nf/la_frozen_p2_s0/round_2.json	6123570e	f5a452b7a50dd7d2058e3fc3e9638c070ab19d45	10146
artifacts/nf/la_frozen_p2_s0/round_3.json	6123570e	fe325b555e84b63df30132055bebe2a110a2a6f9	10209
artifacts/nf/la_frozen_p2_s0/round_4.json	6123570e	468a2063791732954671c6ffe0a35aa665c1167c	10174
artifacts/nf/la_frozen_p2_s0/round_5.json	6123570e	06f4271dd12bf5e46b24179e41456b149abb3fba	10174
artifacts/nf/la_frozen_p2_s0/round_6.json	6123570e	17921cbbe4f344faa2cec40f825b13a4a415b4b8	10210
artifacts/nf/la_frozen_p2_s0/round_7.json	6123570e	5f2330b645ada46a8c3e7e1345494c4a19170b28	10167
artifacts/nf/la_frozen_p2_s0/round_8.json	6123570e	d1d35968cfb9c46538f38c2cbcf43ed39550e23d	10170
artifacts/nf/la_frozen_p2_s1.done	6123570e	e69de29bb2d1d6434b8b29ae775ad8c2e48c5391	0
artifacts/nf/la_frozen_p2_s1/alloc_1.json	6123570e	526c52a0193055c30959c7b9c26594ac501bb2a3	343133
artifacts/nf/la_frozen_p2_s1/alloc_2.json	6123570e	d23d0e7c86737e00ac8141595a0daa0b47b1a935	343195
artifacts/nf/la_frozen_p2_s1/alloc_3.json	6123570e	72c254b6525ed49b217a0717d5178a7058d4524b	343232
artifacts/nf/la_frozen_p2_s1/alloc_4.json	6123570e	bdc93b90dac6b7bd4540b6719db61fbcce54159d	347910
artifacts/nf/la_frozen_p2_s1/alloc_5.json	6123570e	e62221a01ff91372fdd42a852a3f16c469f0a413	348000
artifacts/nf/la_frozen_p2_s1/alloc_6.json	6123570e	4fa473cfca8655b01806c4eaa01454b7c92177e4	348057
artifacts/nf/la_frozen_p2_s1/alloc_7.json	6123570e	41491b5c26e81c798e5ad5bc9afdf39d3fb4d763	348095
artifacts/nf/la_frozen_p2_s1/alloc_8.json	6123570e	eb65e365a7cc57948ea65b5c2229820266e67ede	348113
artifacts/nf/la_frozen_p2_s1/args.json	6123570e	4e13b8588ab6fc4098408697073cbfa720648f52	681
artifacts/nf/la_frozen_p2_s1/round_1.json	6123570e	fcb02e0deb1a5ff84dfe2590832c1f3ecc26ebe5	10097
artifacts/nf/la_frozen_p2_s1/round_2.json	6123570e	23fab709721eee20ee937daefa058442a26173af	10127
artifacts/nf/la_frozen_p2_s1/round_3.json	6123570e	cb65a5f94016954d5c0ef5e10e515e5ec8118aec	10111
artifacts/nf/la_frozen_p2_s1/round_4.json	6123570e	11994cf72b2b4dfc7e7a331b1d613b6011c7d143	10125
artifacts/nf/la_frozen_p2_s1/round_5.json	6123570e	63ce877ada7850a79dde8ad11d2dcbb146d5d332	10090
artifacts/nf/la_frozen_p2_s1/round_6.json	6123570e	6b6a4f692edf931d7e30dfa3ce650f2ff28a781e	10091
artifacts/nf/la_frozen_p2_s1/round_7.json	6123570e	53c4125176238280523af5b1ef60399f17ec3ef1	10074
artifacts/nf/la_frozen_p2_s1/round_8.json	6123570e	0bcbfe58db32fb358255eac7fab4ca99688b871d	10066
artifacts/nf/la_frozen_p3_s0.done	6123570e	e69de29bb2d1d6434b8b29ae775ad8c2e48c5391	0
artifacts/nf/la_frozen_p3_s0/alloc_1.json	6123570e	a3e027c1fdf547a283c2d9fbca155ccb1e890d37	343018
artifacts/nf/la_frozen_p3_s0/alloc_2.json	6123570e	0c5af1f660c3c397327daafb53d83abee2f48bfd	343062
artifacts/nf/la_frozen_p3_s0/alloc_3.json	6123570e	f24bb8ca887fbeffced91af08d2faaa13b6ff30d	343104
artifacts/nf/la_frozen_p3_s0/alloc_4.json	6123570e	b943eaaab05e4a5f81ed72e85b2ae18920892db5	347702
artifacts/nf/la_frozen_p3_s0/alloc_5.json	6123570e	c961582f88069d706981484df99fa6627cee2e8b	347760
artifacts/nf/la_frozen_p3_s0/alloc_6.json	6123570e	a19e03846a4d64ce592eeec6470f5c38025f8af2	347799
artifacts/nf/la_frozen_p3_s0/alloc_7.json	6123570e	1b3c7395848b2be45a58110973e22da39f4195ff	347825
artifacts/nf/la_frozen_p3_s0/alloc_8.json	6123570e	706ae11d5b91d3243b36a1b0151e798b1f1be31d	347844
artifacts/nf/la_frozen_p3_s0/args.json	6123570e	c2cbab1577829b5b85d0b3a82fc8276c71eaa648	681
artifacts/nf/la_frozen_p3_s0/round_1.json	6123570e	690cc0c04db2832481f290e1a2768d0dc7ca3c57	9991
artifacts/nf/la_frozen_p3_s0/round_2.json	6123570e	1cb330f4d97d3aba554dc393a1bfd77e40ca43b6	10059
artifacts/nf/la_frozen_p3_s0/round_3.json	6123570e	1b4cfc585e2d3b19f185e7dbcecc45df65ea140c	10060
artifacts/nf/la_frozen_p3_s0/round_4.json	6123570e	79122edd8a182c43f176159ab0e6e0c420a19b12	10090
artifacts/nf/la_frozen_p3_s0/round_5.json	6123570e	e2066d636e43fe5637cf7c9bd5c4c53588145a32	10061
artifacts/nf/la_frozen_p3_s0/round_6.json	6123570e	8ffbf0f7a0c7063caffae734d300af7c8ee4303f	10152
artifacts/nf/la_frozen_p3_s0/round_7.json	6123570e	b7ab83aa7619e45ab4b54d5f9da307d136faa60a	10077
artifacts/nf/la_frozen_p3_s0/round_8.json	6123570e	6dab8239ff2aa7a112b2b68865cd7857c5253415	10110
artifacts/nf/la_frozen_p3_s1.done	6123570e	e69de29bb2d1d6434b8b29ae775ad8c2e48c5391	0
artifacts/nf/la_frozen_p3_s1/alloc_1.json	6123570e	6c6255722678b2981b050a85854d7df5539dca1f	343064
artifacts/nf/la_frozen_p3_s1/alloc_2.json	6123570e	eb7171f59af32041492f4d12c46c8a9365639850	343163
artifacts/nf/la_frozen_p3_s1/alloc_3.json	6123570e	35cd5fbe94c1fa86fde8a866fbf805cc1cec0719	343229
artifacts/nf/la_frozen_p3_s1/alloc_4.json	6123570e	d2fdcad85a356b25e9ce4b332b166b13e4687c32	347891
artifacts/nf/la_frozen_p3_s1/alloc_5.json	6123570e	1bc4ad511b6549e30fcee03a928d62f33e4a253e	347964
artifacts/nf/la_frozen_p3_s1/alloc_6.json	6123570e	cda3022bf6fa5ac08cac6b68741f442ee44f562c	348035
artifacts/nf/la_frozen_p3_s1/alloc_7.json	6123570e	2049abb7ad33b67eb8ac7088d7853c637e8cb475	348088
artifacts/nf/la_frozen_p3_s1/alloc_8.json	6123570e	dc6f2ab5cefa6aa15e8fe14b2fd41aaa16e18a21	348157
artifacts/nf/la_frozen_p3_s1/args.json	6123570e	37bfa3c7cf7b5cbfd9c88ea0d88a402ba8a673ad	681
artifacts/nf/la_frozen_p3_s1/round_1.json	6123570e	a5f61a122172003d368e5fb7b7ddfe239c97ff70	10134
artifacts/nf/la_frozen_p3_s1/round_2.json	6123570e	371ec27a6e3fc6231b82d1658ea857691f97128a	10148
artifacts/nf/la_frozen_p3_s1/round_3.json	6123570e	e7619c2393a239c1e9209ac6a6d3996ec2dffa41	10182
artifacts/nf/la_frozen_p3_s1/round_4.json	6123570e	b0322e9d9ad25263106e408b0aac0ebd1b4ea9df	10103
artifacts/nf/la_frozen_p3_s1/round_5.json	6123570e	96bcbedb8625799151fe1712566375858154d895	10152
artifacts/nf/la_frozen_p3_s1/round_6.json	6123570e	a2f998a72510d8527533acb3f359c9770a5948e2	10259
artifacts/nf/la_frozen_p3_s1/round_7.json	6123570e	6cb5268545ce769fd12466efb54e9780249acb71	10183
artifacts/nf/la_frozen_p3_s1/round_8.json	6123570e	276c13e230155bc275a86d96210303a52faa09a6	10257
artifacts/nf/la_frozen_p4_s0.done	6123570e	e69de29bb2d1d6434b8b29ae775ad8c2e48c5391	0
artifacts/nf/la_frozen_p4_s0/alloc_1.json	6123570e	995187b9561610ffb881b69c3f0b71ab09771176	343124
artifacts/nf/la_frozen_p4_s0/alloc_2.json	6123570e	f4b22ccf0503d2376b142034640ba68cf6e01ac3	343222
artifacts/nf/la_frozen_p4_s0/alloc_3.json	6123570e	67fa4e33062d2ce507be188d517bb85f522dc9ae	343287
artifacts/nf/la_frozen_p4_s0/alloc_4.json	6123570e	0ae07ff855d8dd99558bc89ba04bba102ff4f4dd	347986
artifacts/nf/la_frozen_p4_s0/alloc_5.json	6123570e	0b3f3d88632408ee57658ea0114051da7a13e225	348063
artifacts/nf/la_frozen_p4_s0/alloc_6.json	6123570e	df9f7c1e251a3d9d4ed416733a7aa42dc0e076a0	348119
artifacts/nf/la_frozen_p4_s0/alloc_7.json	6123570e	cd5e19cd36747b541d26495b5696d8ec36ae3c5f	348170
artifacts/nf/la_frozen_p4_s0/alloc_8.json	6123570e	a5c6ffeb8314e03aa682fc594b2466a0dade3829	348208
artifacts/nf/la_frozen_p4_s0/args.json	6123570e	7454ab9b9cc3050d3e5a0752a2467cf268d6cbaf	681
artifacts/nf/la_frozen_p4_s0/round_1.json	6123570e	973febfd8e80ad76f0986e771a26cfb753779b7f	10143
artifacts/nf/la_frozen_p4_s0/round_2.json	6123570e	539359595064791434c0174d0ac722038bae9be5	10083
artifacts/nf/la_frozen_p4_s0/round_3.json	6123570e	52ff1fb08a94e2db09ef963a673aab74d1052db9	10101
artifacts/nf/la_frozen_p4_s0/round_4.json	6123570e	999c625ca4843a167a4fe3c5133904fd7381fbbd	10131
artifacts/nf/la_frozen_p4_s0/round_5.json	6123570e	333066add24be452c91c87d128528ce086420ef8	10145
artifacts/nf/la_frozen_p4_s0/round_6.json	6123570e	7c23f54665a7923e85b8e53b106b444439ac085c	10139
artifacts/nf/la_frozen_p4_s0/round_7.json	6123570e	83c9b6c0d5665655f9f83c1972ffa7782e99b01e	10148
artifacts/nf/la_frozen_p4_s0/round_8.json	6123570e	d220ee2a9ca4ffbf65cc9c769f8e139e19523c8e	10113
artifacts/nf/la_frozen_p4_s1.done	6123570e	e69de29bb2d1d6434b8b29ae775ad8c2e48c5391	0
artifacts/nf/la_frozen_p4_s1/alloc_1.json	6123570e	c571c517ad8af1126b4022d78b40c6d6e905c52f	343806
artifacts/nf/la_frozen_p4_s1/alloc_2.json	6123570e	c45c20ed4a92a0f926d520f84653c2f02582a3cd	343985
artifacts/nf/la_frozen_p4_s1/alloc_3.json	6123570e	ce32f30b73524a356e2aca4a36bba31c1717423b	344066
artifacts/nf/la_frozen_p4_s1/alloc_4.json	6123570e	b7f57e354e90f23c806fd163c7966467d0f8b88f	349028
artifacts/nf/la_frozen_p4_s1/alloc_5.json	6123570e	4700ff81cfc95a642049a1e33d9fe85c41618c40	349266
artifacts/nf/la_frozen_p4_s1/alloc_6.json	6123570e	a9e0e01c87a7383f01302ac0f60c65658f2f4119	349425
artifacts/nf/la_frozen_p4_s1/alloc_7.json	6123570e	e5eb3b36c29f4a6f3676783830c6bbfa062255be	349528
artifacts/nf/la_frozen_p4_s1/alloc_8.json	6123570e	da3b133b32c4dad556beecd19c8ffc4b4ee68bae	349608
artifacts/nf/la_frozen_p4_s1/args.json	6123570e	1656a36a6ef09e17741aef696526f00f3d9fe2f3	681
artifacts/nf/la_frozen_p4_s1/round_1.json	6123570e	9cfd10f89667ff649f2fdd89d71b31b27615d076	10367
artifacts/nf/la_frozen_p4_s1/round_2.json	6123570e	4851deae3046b0111aa1a5541438759e52d15c94	10296
artifacts/nf/la_frozen_p4_s1/round_3.json	6123570e	d06c9037ab4da80bb4aec12cadb63a1c97cf029b	10277
artifacts/nf/la_frozen_p4_s1/round_4.json	6123570e	2741c6e4d2194acfd20b07ce21ac72bdbb5bbe60	10284
artifacts/nf/la_frozen_p4_s1/round_5.json	6123570e	6957296ede4d6af1c0836db8996711b982b5a00b	10277
artifacts/nf/la_frozen_p4_s1/round_6.json	6123570e	ce3bc02f14b278bdeb2b7064daad227aae4709aa	10289
artifacts/nf/la_frozen_p4_s1/round_7.json	6123570e	f68ac8c2b95837a0c8ef899923b0067fcf0949fb	10263
artifacts/nf/la_frozen_p4_s1/round_8.json	6123570e	702a78b8c30a547194ea05d2ff28550e0f1669c9	10286
artifacts/nf/logs/cov_d3_p1_s0.log	6123570e	a12e4a81c02a6113e9350905048b4332d8c78b6d	270
artifacts/nf/logs/cov_d3_p1_s1.log	6123570e	00e4f57a71b7ef16ae7823a44886e39a8e3b039a	270
artifacts/nf/logs/cov_d3_p2_s0.log	6123570e	6d813530075b65822801d18bc9b541891d76b4fb	270
artifacts/nf/logs/cov_d3_p2_s1.log	6123570e	7fe92262df51e8d06282d314a474150c018f05c9	270
artifacts/nf/logs/cov_d3_p3_s0.log	6123570e	120d4a59056b8400843cd5304d031ac1300eff16	270
artifacts/nf/logs/cov_d3_p3_s1.log	6123570e	4e554ed48aae3dc9664f21acbd6739a8ff1c3963	270
artifacts/nf/logs/cov_d3_p4_s0.log	6123570e	ba539f4032613e0c329efb0d22b70e4e44b94f7c	270
artifacts/nf/logs/cov_d3_p4_s1.log	6123570e	49033b0034f063099241245c38d713e90c60b81d	270
artifacts/nf/logs/cov_red_p1_s0.log	6123570e	155dbdf94450ad63117259241d7a03f397c7b3fc	35598
artifacts/nf/logs/cov_red_p1_s1.log	6123570e	552f2a7e048a04c50d313fb6803cb7372aa54cc3	35544
artifacts/nf/logs/cov_red_p1_s2.log	6123570e	0fe69f0b54e973b3d738528ccbd1853268f44517	278
artifacts/nf/logs/cov_red_p2_s0.log	6123570e	2802f5305af4e45d4761a6e93b9a18253c4a82b2	35675
artifacts/nf/logs/cov_red_p2_s1.log	6123570e	6bd1a5810fd313ddf82d2385349378d2801e65d8	35632
artifacts/nf/logs/cov_red_p2_s2.log	6123570e	43d8dfb4e2d3f9ab04ab0e1ba2e84ac718a62529	278
artifacts/nf/logs/cov_red_p3_s0.log	6123570e	752286f9f973d0f7685356e638fa586e70ed2b49	35727
artifacts/nf/logs/cov_red_p3_s1.log	6123570e	cd3f29b3551ee9a09b6d7973f5778da5ec23af79	35691
artifacts/nf/logs/cov_red_p4_s0.log	6123570e	4ba7c194caa5d7db8c0af51e6885cf9cf57a82d6	35704
artifacts/nf/logs/cov_red_p4_s1.log	6123570e	76c926ab672a0b4e212c2f15124c3cfc5ff2d4d6	35582
artifacts/nf/logs/cov_req8_p1_s0.log	6123570e	a0d1d5b350bfa56b2b8fffa2976dd5ad4577c071	31367
artifacts/nf/logs/cov_req8_p1_s1.log	6123570e	e1423a7368947bb02127e15dc5b410ef549d0f0f	32210
artifacts/nf/logs/cov_req8_p1_s2.log	6123570e	f070bf78dac54212129382cead999a1f89b92ee9	269
artifacts/nf/logs/cov_req8_p2_s0.log	6123570e	6212ededd2a6a260f17411f306d7633b8c4f1ff6	31699
artifacts/nf/logs/cov_req8_p2_s1.log	6123570e	5b2083d565b4f5e0dfb2c63fade5800ded3cabdc	31277
artifacts/nf/logs/cov_req8_p2_s2.log	6123570e	40b05dfd699926900be3bce459d58a8cacbe8366	269
artifacts/nf/logs/cov_req8_p3_s0.log	6123570e	149090a13e5f4d6ecb5df7613f27b021cb777ffa	31293
artifacts/nf/logs/cov_req8_p3_s1.log	6123570e	7135ad74d74466f211dd971814b1cd890ec7ad4a	31884
artifacts/nf/logs/cov_req8_p4_s0.log	6123570e	b77fe5cf6069e685f84f5f169934fc7190905bca	31681
artifacts/nf/logs/cov_req8_p4_s1.log	6123570e	8ff800cbecfb59f80cfcd8285eba8e8451ffb203	32411
artifacts/nf/logs/fetch.log	6123570e	a1f8a32b4fd05249dd3abb8b17ec607fe1ca4262	379
artifacts/nf/logs/gen_p1.log	6123570e	8bcf3abf3c6aafd9c716c4c47ab17747894ffede	4286
artifacts/nf/logs/gen_p2.log	6123570e	e058f02040bf65feed3e609abbdcaa32bf138cab	4345
artifacts/nf/logs/gen_p3.log	6123570e	3bc1fd91c350e4344c9590a24b4c276829506560	4287
artifacts/nf/logs/gen_p4.log	6123570e	e8e17beaf445997da599bb75af266d10d64cf7e4	4345
artifacts/nf/logs/heldout_p1_s0.log	6123570e	7edbbd2f202452804d51cc67be37387a1f04f31c	1172
artifacts/nf/logs/heldout_p1_s1.log	6123570e	0aa3fe2c2064f47708237ebf5bcc78fbebd9f13b	1144
artifacts/nf/logs/heldout_p1_s10.log	6123570e	4c6a009f5ad330644ead67a8ec0cab8855c8f0b7	1167
artifacts/nf/logs/heldout_p1_s11.log	6123570e	832142e06807f97c9e60e934501bf9d979a17d16	1167
artifacts/nf/logs/heldout_p1_s12.log	6123570e	5846525007a44a7c0e2df184e652cff3c44ea6fd	1178
artifacts/nf/logs/heldout_p1_s2.log	6123570e	2f4078bc95074bbacd8b4581b4da28837f868e14	1169
artifacts/nf/logs/heldout_p1_s3.log	6123570e	c870f0b15dd10b94bfa8c6c669b15e2a59fd6fa6	1172
artifacts/nf/logs/heldout_p1_s4.log	6123570e	28352b4d6d122b1b22474b4c50aecc35cfe00d18	1169
artifacts/nf/logs/heldout_p1_s5.log	6123570e	8ff25265e4305fd6cb58096794d4157189439fbf	1170
artifacts/nf/logs/heldout_p1_s6.log	6123570e	39d562dd72216e1f968643bab2efb43567b081dc	1173
artifacts/nf/logs/heldout_p1_s7.log	6123570e	ac36c40916d0f8315178b9814f447865d1937837	1160
artifacts/nf/logs/heldout_p1_s8.log	6123570e	9d8fb29a1302670c67732d88d363bafdec686629	1171
artifacts/nf/logs/heldout_p1_s9.log	6123570e	08345cc83e916fb95a2a991b38111f2744ac90e2	1175
artifacts/nf/logs/heldout_p2_s0.log	6123570e	78e49b876d3dd3d0a1f083e3730204e1e665c9e5	1174
artifacts/nf/logs/heldout_p2_s1.log	6123570e	3318252cf18b73a2050617e541a5d03469748c6d	1173
artifacts/nf/logs/heldout_p2_s10.log	6123570e	831ffd8762787e32b1c4e15404a8c3c6dbc87c89	1175
artifacts/nf/logs/heldout_p2_s11.log	6123570e	9cabdac929f06673673c8a560d488595497bb59b	1154
artifacts/nf/logs/heldout_p2_s12.log	6123570e	dd589ed5b720dcdbb95be967ba3b4761e683c407	1175
artifacts/nf/logs/heldout_p2_s2.log	6123570e	797bec3bb8bdd3c16236c3244b5ae5551e9d48e1	1183
artifacts/nf/logs/heldout_p2_s3.log	6123570e	dcfbe79ad1384bfc32e268d4e17e2b350561a1d7	1172
artifacts/nf/logs/heldout_p2_s4.log	6123570e	006506645fa2181ace1b7ae368d35ade34e021da	1170
artifacts/nf/logs/heldout_p2_s5.log	6123570e	92d3ae7016a64c8fa36111037174448d652f8091	1159
artifacts/nf/logs/heldout_p2_s6.log	6123570e	d1f34c7fdc7ea5f2ec7e943ed6520a85e747789f	1172
artifacts/nf/logs/heldout_p2_s7.log	6123570e	d4a727921d446e21e39ed2d901cb241542ee56b0	1183
artifacts/nf/logs/heldout_p2_s8.log	6123570e	e20fa92cc36a772c40de22e6bbd5b867b250c660	1195
artifacts/nf/logs/heldout_p2_s9.log	6123570e	21980c67279da7d10fc8a5a3f0626872d4672251	1173
artifacts/nf/logs/heldout_p3_s0.log	6123570e	570912e790c0747ef8791c36e811e599750dbfd8	1160
artifacts/nf/logs/heldout_p3_s1.log	6123570e	73b85d039ee2f811f34e52dea253e5d755f78eea	1172
artifacts/nf/logs/heldout_p3_s10.log	6123570e	f40a34cd59e214776862f6f37f1ffb0dfe8bfc07	1183
artifacts/nf/logs/heldout_p3_s11.log	6123570e	83faf669a8741cc808768912cccffd73dbb09248	1160
artifacts/nf/logs/heldout_p3_s12.log	6123570e	f9a36538882993163b9246662a4706e44343eca3	1176
artifacts/nf/logs/heldout_p3_s2.log	6123570e	f62a1f880fb6efb234c0c107303b9981cd66de6e	1195
artifacts/nf/logs/heldout_p3_s3.log	6123570e	4337f7144f94676c5327f12d351bd4d1706b9ca0	1172
artifacts/nf/logs/heldout_p3_s4.log	6123570e	c8550f83a4cfa75c5164a62d5c19207b10667df2	1170
artifacts/nf/logs/heldout_p3_s5.log	6123570e	3d7be113ba33483c7c8cc4eb71b2641abc5db357	1170
artifacts/nf/logs/heldout_p3_s6.log	6123570e	2ccbc3ffbe0df83c9ffb12e85284a3186cbb7dbc	1169
artifacts/nf/logs/heldout_p3_s7.log	6123570e	371385c01d58010581396a0d742624ecd529d1d3	1172
artifacts/nf/logs/heldout_p3_s8.log	6123570e	e498f98880e1ad6e60c8a3f9cdfc277ffefda850	1157
artifacts/nf/logs/heldout_p3_s9.log	6123570e	68a14d9938a9d57d79da705e658fa72df62458c0	1171
artifacts/nf/logs/heldout_p4_s0.log	6123570e	888f8aee65e2ac6aa7eb26730e6e58d0945e3b40	1171
artifacts/nf/logs/heldout_p4_s1.log	6123570e	af5904a19671a569189b3d61c7c8f3ac468c4904	1172
artifacts/nf/logs/heldout_p4_s10.log	6123570e	93ea018bf3258346a9a2d0fb07238fb306f6d97e	1174
artifacts/nf/logs/heldout_p4_s11.log	6123570e	bf8c87f5aa8a67ed413b55548764462e8a0b50d0	1179
artifacts/nf/logs/heldout_p4_s12.log	6123570e	5e02d3024f586f12375fee0117d1c754072bf191	1175
artifacts/nf/logs/heldout_p4_s2.log	6123570e	38e56d64d6f4c78652b2444e439468ccc8266b7a	1173
artifacts/nf/logs/heldout_p4_s3.log	6123570e	c4b49e6f65987e64f9c09bb65e376b03442a02bb	1171
artifacts/nf/logs/heldout_p4_s4.log	6123570e	4231846121d2728aa3447b9c57fa02df1ab8d89a	1169
artifacts/nf/logs/heldout_p4_s5.log	6123570e	a6ebe419ca2eb9fd1e79a927cf995e60eaaacafe	1162
artifacts/nf/logs/heldout_p4_s6.log	6123570e	12dec9b856606601c8bf1186cc5f5ebd344cba2f	1172
artifacts/nf/logs/heldout_p4_s7.log	6123570e	7f1a1c88bdd354282eb0b97c643883a8077c64d2	1166
artifacts/nf/logs/heldout_p4_s8.log	6123570e	32fac90592745982ed393e622cec0a92cbfeb7a9	1171
artifacts/nf/logs/heldout_p4_s9.log	6123570e	0e80db3146d871b00c0e1af60250da8bbcc040f1	1172
artifacts/nf/logs/la_T1_dsc_a1_s0.log	6123570e	ca600bd31da7fdfed1501c573c9fd6398c298512	325
artifacts/nf/logs/la_T1_dsc_a1_s1.log	6123570e	9e25806150c1ad69c347cdbc0dcc20f4184420a0	36612
artifacts/nf/logs/la_T1_dsc_c0_s0.log	6123570e	45eea091f3b76b06011f076f8d8b2ccead6d12b2	337
artifacts/nf/logs/la_T1_dsc_c0_s1.log	6123570e	7423e902bf4469d92704bb1ae1a4aacc9b04a4ae	339
artifacts/nf/logs/la_frozen_dsc_a1_s0.log	6123570e	62867adeb81749bd236c36bd39d64591e013a32c	336
artifacts/nf/logs/la_frozen_dsc_a1_s1.log	6123570e	410cd709db7f8a1c7df53e016df6e5f5e929a736	31937
artifacts/nf/logs/la_frozen_dsc_c0_s0.log	6123570e	1726e27ee609dd721b2ae8b50f016acf0d1397ce	341
artifacts/nf/logs/la_frozen_dsc_c0_s1.log	6123570e	59a878e7e34d844702afcafcbe6a19111bd3e2f9	354
artifacts/nf/logs/la_frozen_dsg_g1_s0.log	6123570e	02cae2e33fcbb7ace20b4e91596f8dac424de601	31531
artifacts/nf/logs/la_frozen_p1_s0.log	6123570e	e9f82d641599412b10dc662b2de9da687006fc16	32007
artifacts/nf/logs/la_frozen_p1_s1.log	6123570e	8ea784cc07cacc71e32c209d356ccf2d8cb37d2f	31529
artifacts/nf/logs/la_frozen_p1_s2.log	6123570e	9a5e839fc0572b8f7fa9ff317f8aeb93059c5604	335
artifacts/nf/logs/la_frozen_p2_s0.log	6123570e	f11fb335fc706b5900ef9c95b7504550cd20c49c	32079
artifacts/nf/logs/la_frozen_p2_s1.log	6123570e	c53f24c0caca44a213c02dc9614c6c2ae06a94a3	31901
artifacts/nf/logs/la_frozen_p2_s2.log	6123570e	f8d7d829d2b44a13bdc3b21fd3f53e8629162b18	335
artifacts/nf/logs/la_frozen_p3_s0.log	6123570e	eb394fc0616efcef0243353c5a4e115a8fd4b2d6	31291
artifacts/nf/logs/la_frozen_p3_s1.log	6123570e	2b26243f97b5592d75a62d6b6687b7043f815356	31725
artifacts/nf/logs/la_frozen_p4_s0.log	6123570e	af9454e6047a2039e53342b4d076bfdc829323f4	31590
artifacts/nf/logs/la_frozen_p4_s1.log	6123570e	1dd3e1ab1fee647d1e375fa2341180a939d6537d	32152
artifacts/nf/logs/record_1.log	6123570e	d5bdcf005c59149d704367ff58e6a8798f5fdea2	322
artifacts/nf/logs/record_2.log	6123570e	c165f6c308191e738f8fc697b5efbc6b1964956f	1216
artifacts/nf/logs/record_heldout.log	6123570e	8f414b51a81f96c586cbd4f37db42008055aa95a	1543
artifacts/nf/logs/setup.log	6123570e	890f7a3b35460df2a3de27c5ddf9c93abc80b645	763
artifacts/nf/logs/stage1_p1_s0.log	6123570e	f2c57f58525dc02381bd8d769e7a27c32ce657ec	1937
artifacts/nf/logs/stage1_p1_s1.log	6123570e	f2d7f713928bef65735a46866c1db04aa8955d3b	1937
artifacts/nf/logs/stage1_p1_s10.log	6123570e	008efd250cdade88a3ebf3801b305c0f74145a2e	1890
artifacts/nf/logs/stage1_p1_s11.log	6123570e	304a08761daf023721c7ad6e61d84ec7b3917a57	1887
artifacts/nf/logs/stage1_p1_s12.log	6123570e	a02b60771d0632098296f44d011724935343f98d	1890
artifacts/nf/logs/stage1_p1_s2.log	6123570e	3c96edbb7ef53bd3cd47fa923ef90783fb3cd95c	1888
artifacts/nf/logs/stage1_p1_s3.log	6123570e	297af5243a5815731cf7d9675aa436df535109ac	1816
artifacts/nf/logs/stage1_p1_s4.log	6123570e	8621347d92326a6f2e79308973072a2f6986d1fb	1820
artifacts/nf/logs/stage1_p1_s5.log	6123570e	11463e0fd84d38f017e89947931a171b24fbd579	1822
artifacts/nf/logs/stage1_p1_s6.log	6123570e	45bd3f1476a8f5243913bbeedd834ae7aefa5f32	1822
artifacts/nf/logs/stage1_p1_s7.log	6123570e	8dfdc2e50d70d7e818cd91471e38b2bdcab7269b	1883
artifacts/nf/logs/stage1_p1_s8.log	6123570e	6360f1a354335bcd7efe791588ecc56da89da614	1886
artifacts/nf/logs/stage1_p1_s9.log	6123570e	17e6471b8ebb559bf042c22cacdd769cc903df50	1887
artifacts/nf/logs/stage1_p2_s0.log	6123570e	3142d93f056a5c53dfa11c61e8df6469d9afa919	1937
artifacts/nf/logs/stage1_p2_s1.log	6123570e	36167eb5f53631a41d9f868d793b6e2efac18357	1937
artifacts/nf/logs/stage1_p2_s10.log	6123570e	0d97bfd6f50c3aedda573dc80314733f648f2cc5	1888
artifacts/nf/logs/stage1_p2_s11.log	6123570e	9b2bc101d40ec416857e3dde0c83bbfd896f345e	1888
artifacts/nf/logs/stage1_p2_s12.log	6123570e	5a5cb01d4a73a16f03702a84d28eedad9a0322b2	1888
artifacts/nf/logs/stage1_p2_s2.log	6123570e	d7c2f39f0d8a044ce6c02c814490a0b8cc123972	1879
artifacts/nf/logs/stage1_p2_s3.log	6123570e	6ff4099d2b76bd3d47bf444166306c2e2ac346cb	1887
artifacts/nf/logs/stage1_p2_s4.log	6123570e	1cb07c0732c3bf6271ad76af4dcdc7822352a519	1888
artifacts/nf/logs/stage1_p2_s5.log	6123570e	6fbe8d9249e6a7c79f8f2db6da9f3e75cc5c6cd3	1884
artifacts/nf/logs/stage1_p2_s6.log	6123570e	da5c483184a528dc6236e8d97d6d9549b97d0acb	1888
artifacts/nf/logs/stage1_p2_s7.log	6123570e	bdf52cf61fafd4bdb968abc627143071efcb5b2f	1887
artifacts/nf/logs/stage1_p2_s8.log	6123570e	aa1786c77e28cb88f9f4e0a0719bf8012d861039	1887
artifacts/nf/logs/stage1_p2_s9.log	6123570e	a97d366e45fc11aa953d896c601acbba2e87acf5	1883
artifacts/nf/logs/stage1_p3_s0.log	6123570e	34c8eb4109f3673e8c588f1a42d2966a72d723db	1933
artifacts/nf/logs/stage1_p3_s1.log	6123570e	a42ec083377f7e5cf21baddb217fc89aa96fed19	1933
artifacts/nf/logs/stage1_p3_s10.log	6123570e	5b6a1e5263160e6bd8d699debf59f67a595059c6	1890
artifacts/nf/logs/stage1_p3_s11.log	6123570e	54a79dafe5e57263f9964564138db05b330b13a4	1887
artifacts/nf/logs/stage1_p3_s12.log	6123570e	8a65649df086a815ce0505c881ac97d8331f4237	1889
artifacts/nf/logs/stage1_p3_s2.log	6123570e	5d0da7a4929a78a261b6e9ac89aafd03a62ad2d8	1883
artifacts/nf/logs/stage1_p3_s3.log	6123570e	9d46bde8721c4835b2b386caff3aa2949604d4e4	1814
artifacts/nf/logs/stage1_p3_s4.log	6123570e	ba844da0622655896b893ccb9dab1875abb5ac08	1820
artifacts/nf/logs/stage1_p3_s5.log	6123570e	c5ea8738b6fdf69f7c7a10708612ef89f4f08588	1822
artifacts/nf/logs/stage1_p3_s6.log	6123570e	aa24eda33412060e408e2ffe556d9f4887344cd1	1822
artifacts/nf/logs/stage1_p3_s7.log	6123570e	b47421a138690c742c1120a569380885446adb05	1883
artifacts/nf/logs/stage1_p3_s8.log	6123570e	15a9e4528a9a58e44d7704567e73dacdd009053d	1886
artifacts/nf/logs/stage1_p3_s9.log	6123570e	0ef753ebf85788c24e1e7ef3473543fff8bb929b	1887
artifacts/nf/logs/stage1_p4_s0.log	6123570e	439658fd937e5711985b922e4a835e9c9fc94d43	1937
artifacts/nf/logs/stage1_p4_s1.log	6123570e	41e0d5bca78ae002e38a7c27231fca0fa70acb7e	1937
artifacts/nf/logs/stage1_p4_s10.log	6123570e	e97f664ea69ea4be3954394112019adcdced32e1	1888
artifacts/nf/logs/stage1_p4_s11.log	6123570e	73251b279750b7b068e88ead7952362b771beb17	1888
artifacts/nf/logs/stage1_p4_s12.log	6123570e	f1262a4c34394dd9be2d63eca1adc66f4b2eb6e0	1888
artifacts/nf/logs/stage1_p4_s2.log	6123570e	4cbccabae177b2327ca1798cd1ea2f54a057a042	1891
artifacts/nf/logs/stage1_p4_s3.log	6123570e	d5b12b770fdc6289df8287dcff9b2b15d5b16646	1887
artifacts/nf/logs/stage1_p4_s4.log	6123570e	08fbee25e82e4e3553068257db7c4b9a3e1cf5b4	1888
artifacts/nf/logs/stage1_p4_s5.log	6123570e	9a2dfb96edcd3c498e860296dedac6fdee62479e	1885
artifacts/nf/logs/stage1_p4_s6.log	6123570e	184b56474e76593470d429ed5b996a61bb6ec627	1887
artifacts/nf/logs/stage1_p4_s7.log	6123570e	9dcabbde6044bf4e74e029cef6e4f8e0e3ea3136	1887
artifacts/nf/logs/stage1_p4_s8.log	6123570e	8ccccf3f07e0b1f4b89b26c46016e68571f4764f	1887
artifacts/nf/logs/stage1_p4_s9.log	6123570e	3faa67551970e2060b19f74d64fea5b220785a59	1883
artifacts/nf/merge_p1.txt	6123570e	dd30e166b7a3f3a8a9a269c08712512a357ad4df	843
artifacts/nf/merge_p2.txt	6123570e	5f0e080aa7625a4e4194910ef8d2b439d7389f16	843
artifacts/nf/merge_p3.txt	6123570e	2344c73ecd719654c67ab8423185a3798cc34aa5	843
artifacts/nf/merge_p4.txt	6123570e	3707d5ecb2765532be1c4c850a8a5caac95972f9	843
artifacts/nf/overlap_p1.json	6123570e	610fe442d087700d2c448371873527225b3804b4	1600
artifacts/nf/overlap_p2.json	6123570e	9597b38902ed33c36721432b7e8e63b8d01298cc	1600
artifacts/nf/overlap_p3.json	6123570e	78ab73c1a26088f36191ca531d0711bdbe76f417	1600
artifacts/nf/overlap_p4.json	6123570e	5d192971160542f5b241ceafa26d97582c2e3b3e	1600
artifacts/nf/premise.json	6123570e	c251623db6f2d0a442bd0a89bc85bda2fe0c119f	19942
artifacts/nf/record_2.done	6123570e	e69de29bb2d1d6434b8b29ae775ad8c2e48c5391	0
artifacts/nf/record_heldout.done	6123570e	e69de29bb2d1d6434b8b29ae775ad8c2e48c5391	0
artifacts/nf/record_heldout.json	6123570e	31a18851b1208386aec18bc88dfd035c81631326	1799
artifacts/nf/record_heldout_vps.json	6123570e	7220f63411b65f986a9bb1f05f5d65f0c9871985	1816
artifacts/nf/record_nf1.json	6123570e	40b718a37be004489db2890eb62dc4e8d926917d	4485
artifacts/nf/record_nf2.json	6123570e	b8c221d3bc0185ac8a00009037169dcf6914a357	4029
artifacts/nf/record_pod.json	6123570e	7a9022241a72ddee8f817230db4aa4eabefa54a5	4485
artifacts/nf/render_p1.json	6123570e	920b92dd9c034d4eff558bbfdac7f59a014f1c34	365
artifacts/nf/render_p2.json	6123570e	d415578fe48adf73e1ff983ac4bfe260c63d2e8c	366
artifacts/nf/render_p3.json	6123570e	8d49299c07b2b91658e4dffd606a2f1f03907c1a	366
artifacts/nf/render_p4.json	6123570e	06576fef75d2b7754ec26a1f99a39d932487f281	365
artifacts/nf/shape_p1.json	6123570e	6d20df26ba4640c431083920586afeefa63c1118	2006
artifacts/nf/shape_p2.json	6123570e	c1a59b01219d98ff1f912a283e3b2cf1a3455ce7	2014
artifacts/nf/shape_p3.json	6123570e	b647ff46c4e7e79d1f692f905e5988149e2c0bd0	2034
artifacts/nf/shape_p4.json	6123570e	40fbf07987e8dbc046a2e62bdc8838c13ecbf9d9	2035
artifacts/nf/stage1_p1_s0.done	6123570e	e69de29bb2d1d6434b8b29ae775ad8c2e48c5391	0
artifacts/nf/stage1_p1_s1.done	6123570e	e69de29bb2d1d6434b8b29ae775ad8c2e48c5391	0
artifacts/nf/stage1_p1_s10.done	6123570e	e69de29bb2d1d6434b8b29ae775ad8c2e48c5391	0
artifacts/nf/stage1_p1_s11.done	6123570e	e69de29bb2d1d6434b8b29ae775ad8c2e48c5391	0
artifacts/nf/stage1_p1_s12.done	6123570e	e69de29bb2d1d6434b8b29ae775ad8c2e48c5391	0
artifacts/nf/stage1_p1_s2.done	6123570e	e69de29bb2d1d6434b8b29ae775ad8c2e48c5391	0
artifacts/nf/stage1_p1_s3.done	6123570e	e69de29bb2d1d6434b8b29ae775ad8c2e48c5391	0
artifacts/nf/stage1_p1_s4.done	6123570e	e69de29bb2d1d6434b8b29ae775ad8c2e48c5391	0
artifacts/nf/stage1_p1_s5.done	6123570e	e69de29bb2d1d6434b8b29ae775ad8c2e48c5391	0
artifacts/nf/stage1_p1_s6.done	6123570e	e69de29bb2d1d6434b8b29ae775ad8c2e48c5391	0
artifacts/nf/stage1_p1_s7.done	6123570e	e69de29bb2d1d6434b8b29ae775ad8c2e48c5391	0
artifacts/nf/stage1_p1_s8.done	6123570e	e69de29bb2d1d6434b8b29ae775ad8c2e48c5391	0
artifacts/nf/stage1_p1_s9.done	6123570e	e69de29bb2d1d6434b8b29ae775ad8c2e48c5391	0
artifacts/nf/stage1_p2_s0.done	6123570e	e69de29bb2d1d6434b8b29ae775ad8c2e48c5391	0
artifacts/nf/stage1_p2_s1.done	6123570e	e69de29bb2d1d6434b8b29ae775ad8c2e48c5391	0
artifacts/nf/stage1_p2_s10.done	6123570e	e69de29bb2d1d6434b8b29ae775ad8c2e48c5391	0
artifacts/nf/stage1_p2_s11.done	6123570e	e69de29bb2d1d6434b8b29ae775ad8c2e48c5391	0
artifacts/nf/stage1_p2_s12.done	6123570e	e69de29bb2d1d6434b8b29ae775ad8c2e48c5391	0
artifacts/nf/stage1_p2_s2.done	6123570e	e69de29bb2d1d6434b8b29ae775ad8c2e48c5391	0
artifacts/nf/stage1_p2_s3.done	6123570e	e69de29bb2d1d6434b8b29ae775ad8c2e48c5391	0
artifacts/nf/stage1_p2_s4.done	6123570e	e69de29bb2d1d6434b8b29ae775ad8c2e48c5391	0
artifacts/nf/stage1_p2_s5.done	6123570e	e69de29bb2d1d6434b8b29ae775ad8c2e48c5391	0
artifacts/nf/stage1_p2_s6.done	6123570e	e69de29bb2d1d6434b8b29ae775ad8c2e48c5391	0
artifacts/nf/stage1_p2_s7.done	6123570e	e69de29bb2d1d6434b8b29ae775ad8c2e48c5391	0
artifacts/nf/stage1_p2_s8.done	6123570e	e69de29bb2d1d6434b8b29ae775ad8c2e48c5391	0
artifacts/nf/stage1_p2_s9.done	6123570e	e69de29bb2d1d6434b8b29ae775ad8c2e48c5391	0
artifacts/nf/stage1_p3_s0.done	6123570e	e69de29bb2d1d6434b8b29ae775ad8c2e48c5391	0
artifacts/nf/stage1_p3_s1.done	6123570e	e69de29bb2d1d6434b8b29ae775ad8c2e48c5391	0
artifacts/nf/stage1_p3_s10.done	6123570e	e69de29bb2d1d6434b8b29ae775ad8c2e48c5391	0
artifacts/nf/stage1_p3_s11.done	6123570e	e69de29bb2d1d6434b8b29ae775ad8c2e48c5391	0
artifacts/nf/stage1_p3_s12.done	6123570e	e69de29bb2d1d6434b8b29ae775ad8c2e48c5391	0
artifacts/nf/stage1_p3_s2.done	6123570e	e69de29bb2d1d6434b8b29ae775ad8c2e48c5391	0
artifacts/nf/stage1_p3_s3.done	6123570e	e69de29bb2d1d6434b8b29ae775ad8c2e48c5391	0
artifacts/nf/stage1_p3_s4.done	6123570e	e69de29bb2d1d6434b8b29ae775ad8c2e48c5391	0
artifacts/nf/stage1_p3_s5.done	6123570e	e69de29bb2d1d6434b8b29ae775ad8c2e48c5391	0
artifacts/nf/stage1_p3_s6.done	6123570e	e69de29bb2d1d6434b8b29ae775ad8c2e48c5391	0
artifacts/nf/stage1_p3_s7.done	6123570e	e69de29bb2d1d6434b8b29ae775ad8c2e48c5391	0
artifacts/nf/stage1_p3_s8.done	6123570e	e69de29bb2d1d6434b8b29ae775ad8c2e48c5391	0
artifacts/nf/stage1_p3_s9.done	6123570e	e69de29bb2d1d6434b8b29ae775ad8c2e48c5391	0
artifacts/nf/stage1_p4_s0.done	6123570e	e69de29bb2d1d6434b8b29ae775ad8c2e48c5391	0
artifacts/nf/stage1_p4_s1.done	6123570e	e69de29bb2d1d6434b8b29ae775ad8c2e48c5391	0
artifacts/nf/stage1_p4_s10.done	6123570e	e69de29bb2d1d6434b8b29ae775ad8c2e48c5391	0
artifacts/nf/stage1_p4_s11.done	6123570e	e69de29bb2d1d6434b8b29ae775ad8c2e48c5391	0
artifacts/nf/stage1_p4_s12.done	6123570e	e69de29bb2d1d6434b8b29ae775ad8c2e48c5391	0
artifacts/nf/stage1_p4_s2.done	6123570e	e69de29bb2d1d6434b8b29ae775ad8c2e48c5391	0
artifacts/nf/stage1_p4_s3.done	6123570e	e69de29bb2d1d6434b8b29ae775ad8c2e48c5391	0
artifacts/nf/stage1_p4_s4.done	6123570e	e69de29bb2d1d6434b8b29ae775ad8c2e48c5391	0
artifacts/nf/stage1_p4_s5.done	6123570e	e69de29bb2d1d6434b8b29ae775ad8c2e48c5391	0
artifacts/nf/stage1_p4_s6.done	6123570e	e69de29bb2d1d6434b8b29ae775ad8c2e48c5391	0
artifacts/nf/stage1_p4_s7.done	6123570e	e69de29bb2d1d6434b8b29ae775ad8c2e48c5391	0
artifacts/nf/stage1_p4_s8.done	6123570e	e69de29bb2d1d6434b8b29ae775ad8c2e48c5391	0
artifacts/nf/stage1_p4_s9.done	6123570e	e69de29bb2d1d6434b8b29ae775ad8c2e48c5391	0
artifacts/nf/summary.json	6123570e	985201ba79a391284ef027e2494fea53ec58e516	164947
artifacts/normalized_summary.md	6123570e	93e740f450e8e0c7dc7aa722d73a4b47ffbf7fa9	4164
artifacts/p2/depth3_f0_examples.md	6123570e	7968a1a7f133cc4d3ac5398288e19c3e3eea14e5	3009
artifacts/p2/ei_depth3_f0.0001_s0/args.json	6123570e	707a14a9b2af025c9ef66de30816c46422f99617	598
artifacts/p2/ei_depth3_f0.0001_s0/round_1.json	6123570e	95db413e27759423109f1b43236632119e8714da	8688
artifacts/p2/ei_depth3_f0.0001_s0/round_2.json	6123570e	83e02d4a7ac01909f9bae19a37d885ae57f9e75a	8765
artifacts/p2/ei_depth3_f0.0001_s0/round_3.json	6123570e	f0cf8d47b91c76f82d6876856c1dba071691cd39	8913
artifacts/p2/ei_depth3_f0.0001_s0/round_4.json	6123570e	81a4ea4a7220b4ce08da9b1345b53302636cd05e	8948
artifacts/p2/ei_depth3_f0.0001_s0/round_5.json	6123570e	cb63f3b194ab25864fa2ee9b28351d2e880d7c72	8955
artifacts/p2/ei_depth3_f0.0001_s0/round_6.json	6123570e	940604e38ef580361e2d98988b504d3c5a50a5fc	8970
artifacts/p2/ei_depth3_f0.0001_s0/round_7.json	6123570e	718eb6c6a4c4f98bccbca1e980b56dc235e8c852	8995
artifacts/p2/ei_depth3_f0.0001_s0/round_8.json	6123570e	916f9ce65634a0d20d313c20fee4faa72d7d0a66	9040
artifacts/p2/ei_depth3_f0.001_s0/args.json	6123570e	5076cc7bfdff9f057793f6b2a72d594bd58ccda3	565
artifacts/p2/ei_depth3_f0.001_s0/round_1.json	6123570e	094cf1d0d84886bc5459083e50ac868c4cde53cc	8731
artifacts/p2/ei_depth3_f0.001_s0/round_2.json	6123570e	ae1b8ae5308a5e35f17e8161f90c69c679a7c7d3	8854
artifacts/p2/ei_depth3_f0.001_s0/round_3.json	6123570e	982e86788b9f304cc5414ffb37dbe38d47f6aa41	8897
artifacts/p2/ei_depth3_f0.001_s0/round_4.json	6123570e	4df0d1a81cd1920888c11d822f5621518477baa6	9004
artifacts/p2/ei_depth3_f0.001_s0/round_5.json	6123570e	42aee324d895c2a4e2580d42e059718c31e00552	8974
artifacts/p2/ei_depth3_f0.001_s0/round_6.json	6123570e	4c1778634012164c6443550eba49861c6c9d9f5e	9044
artifacts/p2/ei_depth3_f0.001_s0/round_7.json	6123570e	48af04f6a34b1ec15814df1e81ece3a8d25a67cb	9020
artifacts/p2/ei_depth3_f0.001_s0/round_8.json	6123570e	f09cca545539860b5a68357665118a5b6a32ebbe	9000
artifacts/p2/ei_depth3_f0.001_s1/args.json	6123570e	abe7774873eb1ab63de44eeab53e043e68eab33f	565
artifacts/p2/ei_depth3_f0.001_s1/round_1.json	6123570e	e1a49eb0f5cd9ee2775c36236769c7cf575a2b0c	8716
artifacts/p2/ei_depth3_f0.001_s1/round_2.json	6123570e	677085d9ee2ec358a03164aee4ad8caf08fb0003	8846
artifacts/p2/ei_depth3_f0.001_s1/round_3.json	6123570e	210f98eb59e4aa738d73ade0f78098513d063acd	8913
artifacts/p2/ei_depth3_f0.001_s1/round_4.json	6123570e	3113f5ed3006ada4c83b36492cde643afe9f8e3a	9011
artifacts/p2/ei_depth3_f0.001_s1/round_5.json	6123570e	1e97f4a553718c31b75b571df161593d373404e0	9046
artifacts/p2/ei_depth3_f0.001_s1/round_6.json	6123570e	b9a987006a38ce9083a92441cc9741295e57509e	8993
artifacts/p2/ei_depth3_f0.001_s1/round_7.json	6123570e	66104ee85b05ac0e240b3635255645b24697a5d1	9082
artifacts/p2/ei_depth3_f0.001_s1/round_8.json	6123570e	2d9a4233eb9bea670d632c195cccf3ad07fa21f2	9087
artifacts/p2/ei_depth3_f0.01_s0/args.json	6123570e	2f7886e6da887b4a27839be4b30d1a8dbe16916e	562
artifacts/p2/ei_depth3_f0.01_s0/round_1.json	6123570e	7afce9a03c6033d98c7bbda228128d6065b83453	8700
artifacts/p2/ei_depth3_f0.01_s0/round_2.json	6123570e	518e61b765aee0f7947249583044b203dc8c95aa	8843
artifacts/p2/ei_depth3_f0.01_s0/round_3.json	6123570e	ddfa5cb172047c326fb5575691a68c066dce2a45	8860
artifacts/p2/ei_depth3_f0.01_s0/round_4.json	6123570e	70aa689c7c19d3c0df0c9e05e99414e0a8dfd2c0	8996
artifacts/p2/ei_depth3_f0.01_s0/round_5.json	6123570e	c04f79a0e43437ec13c3dd0a96598a2aba318632	8986
artifacts/p2/ei_depth3_f0.01_s0/round_6.json	6123570e	4671a0c0afb0e0ebceedbd77ffc4714bcaec6006	9013
artifacts/p2/ei_depth3_f0.01_s0/round_7.json	6123570e	df3bc459b4eb3f75b1c0c7867521b98e04ead323	9045
artifacts/p2/ei_depth3_f0.01_s0/round_8.json	6123570e	1dbaf9b816ce9de1b9c5921a634d9a75b18fb0b4	9101
artifacts/p2/ei_depth3_f0.1_b1_s0/args.json	6123570e	c56cfeeb398fe48b0ad4b0101fda018b6377cef3	568
artifacts/p2/ei_depth3_f0.1_b1_s0/round_1.json	6123570e	5ba2cb776ab60caddc63ba0926a5d8f1f2fa8f08	8653
artifacts/p2/ei_depth3_f0.1_b1_s0/round_2.json	6123570e	75e5b1cc2603e1c70f0ddbfa8ec32c26304d9d2b	8822
artifacts/p2/ei_depth3_f0.1_b1_s0/round_3.json	6123570e	277e953b9403a667dc60392fbd13f0558d0bd25c	8802
artifacts/p2/ei_depth3_f0.1_b1_s0/round_4.json	6123570e	b6a0a0ef093aaa0717ab50d96a6fb81a6de1fc69	8859
artifacts/p2/ei_depth3_f0.1_b1_s0/round_5.json	6123570e	8675a65c0d59d7e26f2c5a72bbfcc2206608e9e6	8904
artifacts/p2/ei_depth3_f0.1_b1_s0/round_6.json	6123570e	6af69e13ae51115ce1f513bea09b9e12a6aed532	8983
artifacts/p2/ei_depth3_f0.1_b1_s0/round_7.json	6123570e	e0ffe2a1a5dc5bc47e108b508a093966a37cc018	8987
artifacts/p2/ei_depth3_f0.1_b1_s0/round_8.json	6123570e	9fd287f62a23aa96797d56942ee6dcb2103aa2bd	8984
artifacts/p2/ei_depth3_f0.1_b1_s1/args.json	6123570e	35619a1982480a042d430e27a30c8ec5b23ccfb5	568
artifacts/p2/ei_depth3_f0.1_b1_s1/round_1.json	6123570e	0bb003a71b2ffaea2a45d285361d531ad1392c9e	8716
artifacts/p2/ei_depth3_f0.1_b1_s1/round_2.json	6123570e	6b51254940a415b52edc3b2ddc3a193b62106317	8782
artifacts/p2/ei_depth3_f0.1_b1_s1/round_3.json	6123570e	955435f7464fff168b85baaab6a0c00f349af3d6	8777
artifacts/p2/ei_depth3_f0.1_b1_s1/round_4.json	6123570e	e9a3580af2753b9d2280bfee71f3d4d57851e640	8767
artifacts/p2/ei_depth3_f0.1_b1_s1/round_5.json	6123570e	f1e8e5a3c5003bd5ca12b17baad194284ecd9042	8777
artifacts/p2/ei_depth3_f0.1_b1_s1/round_6.json	6123570e	ef89f464de1081fb985baffd30ad841693970741	8790
artifacts/p2/ei_depth3_f0.1_b1_s1/round_7.json	6123570e	bbee8a26207a3f5600ab62f08306969b6d70d062	8835
artifacts/p2/ei_depth3_f0.1_b1_s1/round_8.json	6123570e	52f15c79aa43bbbb593164a6a0e024d671193df7	8842
artifacts/p2/ei_depth3_f0.1_b2_s0/args.json	6123570e	ab4d31ff93e12e2e2777715f1932024964e002f4	568
artifacts/p2/ei_depth3_f0.1_b2_s0/round_1.json	6123570e	96733ac9b332859a84abf6ecc46ef64a148a4898	8612
artifacts/p2/ei_depth3_f0.1_b2_s0/round_2.json	6123570e	15c3b0ecb4b33f5b2c3bea7dcae19c3811fc0958	8746
artifacts/p2/ei_depth3_f0.1_b2_s0/round_3.json	6123570e	6052e657acf67e44d51bcf9ee3bd2578c0d89e34	8823
artifacts/p2/ei_depth3_f0.1_b2_s0/round_4.json	6123570e	4cfdda8d9e23d0976b5b799c682c759319908953	8928
artifacts/p2/ei_depth3_f0.1_b2_s0/round_5.json	6123570e	8a4386bd60c0c169b584e2d5f4a093aa4a78a8f0	9004
artifacts/p2/ei_depth3_f0.1_b2_s0/round_6.json	6123570e	3d32b54258fb7a5125adffdb0a763cb0d360cd16	9002
artifacts/p2/ei_depth3_f0.1_b2_s0/round_7.json	6123570e	ceb546ff22fd6999415d40a10128bdd50f64114f	9021
artifacts/p2/ei_depth3_f0.1_b2_s0/round_8.json	6123570e	82005f307cb37e9f4fe64b25d5220153a164c51a	9014
artifacts/p2/ei_depth3_f0.1_b2_s1/args.json	6123570e	11b6d9571ffce60869f6fc9f5161078b6a060c5f	568
artifacts/p2/ei_depth3_f0.1_b2_s1/round_1.json	6123570e	71906bc50e3c807a2480d9715cdb304edaf10849	8782
artifacts/p2/ei_depth3_f0.1_b2_s1/round_2.json	6123570e	fdac1fe1f89529735162b892f1ab30a7657327e0	8884
artifacts/p2/ei_depth3_f0.1_b2_s1/round_3.json	6123570e	7ae5a143332e8d7c06c84dbe8ef0e16b9402ba26	8962
artifacts/p2/ei_depth3_f0.1_b2_s1/round_4.json	6123570e	c06089fbe57315218fe234a30d75fcf228c4e360	9032
artifacts/p2/ei_depth3_f0.1_b2_s1/round_5.json	6123570e	50418bff4b9835fea4e3d27897a1834c1f538e77	9041
artifacts/p2/ei_depth3_f0.1_b2_s1/round_6.json	6123570e	5c6b14e174ee019639fba9863a94a5cd776d5a12	8989
artifacts/p2/ei_depth3_f0.1_b2_s1/round_7.json	6123570e	3f42380af6d98d4d91d8e8157122a4b1fd906c1e	8938
artifacts/p2/ei_depth3_f0.1_b2_s1/round_8.json	6123570e	c710e0136fc4eb798a63887536bda132ce3c9bab	9010
artifacts/p2/ei_depth3_f0.1_s0/args.json	6123570e	62b442db8697f455591edb6dd6d7e4cbc3a291fd	517
artifacts/p2/ei_depth3_f0.1_s0/round_1.json	6123570e	926e9121e2fac8e2accfdd7ee6e649cf287ec994	8659
artifacts/p2/ei_depth3_f0.1_s0/round_2.json	6123570e	64e35435c7c00d83407c2c0e8ff9037d319b5be7	8877
artifacts/p2/ei_depth3_f0.1_s0/round_3.json	6123570e	52ad08ee5403a616578e0721f6cd2a64adceb03e	8940
artifacts/p2/ei_depth3_f0.1_s0/round_4.json	6123570e	dc7cecdda22b7fcbcb92e6008015247e7f83448b	8932
artifacts/p2/ei_depth3_f0.1_s0/round_5.json	6123570e	2e1c14a3ccb0b51cabef4520ec9c60ef386a4a0a	8939
artifacts/p2/ei_depth3_f0.1_s0/round_6.json	6123570e	2a2a7354c37154166a5a1720a1226e962b833a08	8941
artifacts/p2/ei_depth3_f0.1_s0/round_7.json	6123570e	6aa0f8a6a76d6cd918d9c34e9e048f660bde8e20	8983
artifacts/p2/ei_depth3_f0.1_s0/round_8.json	6123570e	ee7f8e3c52f1342f0c4f62fd0ec38a52613a2d5c	8987
artifacts/p2/ei_depth3_f0.1_s1/args.json	6123570e	00bb910ca95eea0d33ef05bcc1a92c82fd58f339	517
artifacts/p2/ei_depth3_f0.1_s1/round_1.json	6123570e	8e2890724c0dd81778c1e75cbfaab979e7fd7bb7	8785
artifacts/p2/ei_depth3_f0.1_s1/round_2.json	6123570e	acd7e0ead7d96064602613984d4955afa3c6312b	8813
artifacts/p2/ei_depth3_f0.1_s1/round_3.json	6123570e	56a341ad322b08b541d1728ca10c508c6110c92d	8877
artifacts/p2/ei_depth3_f0.1_s1/round_4.json	6123570e	02a713b00f930fe9688f2875a748f4d144b82249	8983
artifacts/p2/ei_depth3_f0.1_s1/round_5.json	6123570e	900b5b9d234c5f5e6c0e50fef782caa0485e9521	8979
artifacts/p2/ei_depth3_f0.1_s1/round_6.json	6123570e	2690bedf31bc546e61a1aa430c46f74121e526dd	8947
artifacts/p2/ei_depth3_f0.1_s1/round_7.json	6123570e	5631a343e9f18cbbf92ef6d0a4e3091d898f28f9	8957
artifacts/p2/ei_depth3_f0.1_s1/round_8.json	6123570e	761db45de5a1c8d2370a2e0720d3db919de4abb6	8948
artifacts/p2/ei_depth3_f0_a1_s0/args.json	6123570e	e860de5b7fc860f494b5884246756a0551bbeee7	562
artifacts/p2/ei_depth3_f0_a1_s0/round_1.json	6123570e	3285fc6b73ec38e484c2dc3ef39434950f5bd380	8797
artifacts/p2/ei_depth3_f0_a1_s0/round_2.json	6123570e	9b7273a38553dc57fe2a2311816144474210fced	8864
artifacts/p2/ei_depth3_f0_a1_s0/round_3.json	6123570e	118efbcd362bc8558f3154bc72917f8ebe906feb	8846
artifacts/p2/ei_depth3_f0_a1_s0/round_4.json	6123570e	91a0d42f844f102e66c19902286d46802614a2fe	8917
artifacts/p2/ei_depth3_f0_a1_s0/round_5.json	6123570e	428fd8840ac5f6891a9912d3c52ba0df40515abc	8949
artifacts/p2/ei_depth3_f0_a1_s0/round_6.json	6123570e	d3081fe2889a0eafd49068b956e2db3bdd98a245	8957
artifacts/p2/ei_depth3_f0_a1_s0/round_7.json	6123570e	ec782ed01f3da301f48d811524890cf631732e7b	9007
artifacts/p2/ei_depth3_f0_a1_s0/round_8.json	6123570e	391f9828dcb7a4c976825ab0b586d2130fa2a42f	8983
artifacts/p2/ei_depth3_f0_a1_s1/args.json	6123570e	beb949497142a76a5263760ababdeb888f3fe883	562
artifacts/p2/ei_depth3_f0_a1_s1/round_1.json	6123570e	bc5c391189df5e1c3982c27811c4d86fe1f29923	8711
artifacts/p2/ei_depth3_f0_a1_s1/round_2.json	6123570e	6eef5d028565361bea748bff68d0f6194370cf86	8839
artifacts/p2/ei_depth3_f0_a1_s1/round_3.json	6123570e	c7b22706872546c8ba70a75213dea256ee1521d8	8875
artifacts/p2/ei_depth3_f0_a1_s1/round_4.json	6123570e	53644ef681ac3c46079ccca7b36baec33040da02	9037
artifacts/p2/ei_depth3_f0_a1_s1/round_5.json	6123570e	e9635705da9a9b74d7d61565ffc81012d6c29e99	8976
artifacts/p2/ei_depth3_f0_a1_s1/round_6.json	6123570e	d4e3781fbe03ea3c0074dc2e65e6a0b8ebdbfd8e	9018
artifacts/p2/ei_depth3_f0_a1_s1/round_7.json	6123570e	7c4b3da868e2e68e92fb7aac019068ac856019ba	9049
artifacts/p2/ei_depth3_f0_a1_s1/round_8.json	6123570e	733eaa1623a68a660b52978be24dfa94569b6431	9038
artifacts/p2/ei_depth3_f0_a1_s2/args.json	6123570e	27397ca85daa0070c4d743a97fe3d6f3c56400fd	562
artifacts/p2/ei_depth3_f0_a1_s2/round_1.json	6123570e	1cda87932cfa4cc7b0eca9665ff79c2232247c83	8618
artifacts/p2/ei_depth3_f0_a1_s2/round_2.json	6123570e	d3961306a801ec49b07f1fb2e5b3e776ff9713c3	8798
artifacts/p2/ei_depth3_f0_a1_s2/round_3.json	6123570e	43e08cd117841c74b60e24d8e93b8f63eb27d2b7	8839
artifacts/p2/ei_depth3_f0_a1_s2/round_4.json	6123570e	58bf0055ff978c28ec5322dbb8d5bd397f7f80d7	8944
artifacts/p2/ei_depth3_f0_a1_s2/round_5.json	6123570e	b5b0b3a2c36d4249523bc1950ad63866ae2a38a8	8941
artifacts/p2/ei_depth3_f0_a1_s2/round_6.json	6123570e	9112d7e975f520e367129a9fb244d66e71fe6844	8972
artifacts/p2/ei_depth3_f0_a1_s2/round_7.json	6123570e	023b9a52c1feb44016fdcae5b406669d0260f394	9042
artifacts/p2/ei_depth3_f0_a1_s2/round_8.json	6123570e	7211b4c503a4aa079cf51139c8d280cc8e34b991	9028
artifacts/p2/ei_depth3_f0_a1_s3/args.json	6123570e	96eb59771596e0c575d441de4a145cc2ee488323	562
artifacts/p2/ei_depth3_f0_a1_s3/round_1.json	6123570e	96e5fb6623b39647d24e75cafbe536871c6b9d7c	8641
artifacts/p2/ei_depth3_f0_a1_s3/round_2.json	6123570e	af94f497ded9ef70d0b6f27f2892269adc007327	8799
artifacts/p2/ei_depth3_f0_a1_s3/round_3.json	6123570e	952ab8803582989571de16d2d95121e9b9360978	8789
artifacts/p2/ei_depth3_f0_a1_s3/round_4.json	6123570e	82bf8b7e962da2a3f7d7f000e44b7d6db4037602	8821
artifacts/p2/ei_depth3_f0_a1_s3/round_5.json	6123570e	6234ee2aa3539f68e111edf8ff258211cfea3126	8802
artifacts/p2/ei_depth3_f0_a1_s3/round_6.json	6123570e	bb29267f757c199428a89cd5de2e91ab1a743290	8850
artifacts/p2/ei_depth3_f0_a1_s3/round_7.json	6123570e	020c962d439cb43711ea72cd21977f1084b9c37e	8949
artifacts/p2/ei_depth3_f0_a1_s3/round_8.json	6123570e	09854799f5bb6133cca279514e7ecb385ba9cdbb	8977
artifacts/p2/ei_depth3_f0_a1_s3_gen4_manifest.json	6123570e	43e741d4167180e41157e634c298e8bd0e8c0a34	1976
artifacts/p2/ei_depth3_f0_a1_s3_inv4_manifest.json	6123570e	7c19690e4cb0b0c6277b4a80a6065a207991aaf8	1842
artifacts/p2/ei_depth3_f0_a1_s3_ivK.done	6123570e	e69de29bb2d1d6434b8b29ae775ad8c2e48c5391	0
artifacts/p2/ei_depth3_f0_a1_s3_ivK/args.json	6123570e	db0571e27e8863aef3ce66f901d39087393801e7	602
artifacts/p2/ei_depth3_f0_a1_s3_ivK/round_5.json	6123570e	dee0bdb7ad4adddd8470e6d6e2c05542ab3d096c	8827
artifacts/p2/ei_depth3_f0_a1_s3_ivK/round_6.json	6123570e	255c02512c54577d641beae76ea02f20c446a8e0	8864
artifacts/p2/ei_depth3_f0_a1_s3_ivK/round_7.json	6123570e	6206d617a620df1ea1d056d3c8b9fcf07fe56c8d	8971
artifacts/p2/ei_depth3_f0_a1_s3_ivK/round_8.json	6123570e	0c83b1b4fc90d835a2a7c2a7b78766372d56c3b9	9033
artifacts/p2/ei_depth3_f0_a1_s3_ivK_c.done	6123570e	e69de29bb2d1d6434b8b29ae775ad8c2e48c5391	0
artifacts/p2/ei_depth3_f0_a1_s3_ivS.done	6123570e	e69de29bb2d1d6434b8b29ae775ad8c2e48c5391	0
artifacts/p2/ei_depth3_f0_a1_s3_ivS/args.json	6123570e	29c834ceff77d92648e487ec611d0c0d8b7a2f3c	599
artifacts/p2/ei_depth3_f0_a1_s3_ivS/ei_depth3_f0_a1_s3_ivS/args.json	6123570e	29c834ceff77d92648e487ec611d0c0d8b7a2f3c	599
artifacts/p2/ei_depth3_f0_a1_s3_ivS/ei_depth3_f0_a1_s3_ivS/round_5.json	6123570e	6879739020335c2b921abcc9b18bdc121b620b6d	8920
artifacts/p2/ei_depth3_f0_a1_s3_ivS/ei_depth3_f0_a1_s3_ivS/round_6.json	6123570e	6ee815542dc01a510268f456b2d6ee0ed2f97524	8997
artifacts/p2/ei_depth3_f0_a1_s3_ivS/ei_depth3_f0_a1_s3_ivS/round_7.json	6123570e	2bf1f6c6d46594b1f19d4499cad0cdf56922d162	9011
artifacts/p2/ei_depth3_f0_a1_s3_ivS/ei_depth3_f0_a1_s3_ivS/round_8.json	6123570e	8e596901e95cb08537da9a0725843c157b9c972a	8993
artifacts/p2/ei_depth3_f0_a1_s3_ivS/round_5.json	6123570e	6879739020335c2b921abcc9b18bdc121b620b6d	8920
artifacts/p2/ei_depth3_f0_a1_s3_ivS/round_6.json	6123570e	6ee815542dc01a510268f456b2d6ee0ed2f97524	8997
artifacts/p2/ei_depth3_f0_a1_s3_ivS/round_7.json	6123570e	2bf1f6c6d46594b1f19d4499cad0cdf56922d162	9011
artifacts/p2/ei_depth3_f0_a1_s3_ivS/round_8.json	6123570e	8e596901e95cb08537da9a0725843c157b9c972a	8993
artifacts/p2/ei_depth3_f0_a1_s3_ivS_transfer.json	6123570e	99600a697e5b48ff60e8ccd5f89cb83748383e36	233
artifacts/p2/ei_depth3_f0_a1_s3_ivT.done	6123570e	e69de29bb2d1d6434b8b29ae775ad8c2e48c5391	0
artifacts/p2/ei_depth3_f0_a1_s3_ivT/args.json	6123570e	64b95094c81b3d33038031948c78e4b210af4d53	602
artifacts/p2/ei_depth3_f0_a1_s3_ivT/ei_depth3_f0_a1_s3_ivT/args.json	6123570e	64b95094c81b3d33038031948c78e4b210af4d53	602
artifacts/p2/ei_depth3_f0_a1_s3_ivT/ei_depth3_f0_a1_s3_ivT/round_5.json	6123570e	230946a083cf7e59eab816768313afa0c94f3b39	8802
artifacts/p2/ei_depth3_f0_a1_s3_ivT/ei_depth3_f0_a1_s3_ivT/round_6.json	6123570e	e2cd5df1785851c7fc1382f51951ba614c8a12f8	8935
artifacts/p2/ei_depth3_f0_a1_s3_ivT/ei_depth3_f0_a1_s3_ivT/round_7.json	6123570e	30931618de3b96cf5d2d40263f87bc7f617c11fd	8958
artifacts/p2/ei_depth3_f0_a1_s3_ivT/ei_depth3_f0_a1_s3_ivT/round_8.json	6123570e	1e7e234333b5f4d1d9ae7fb57974f208cdcda25d	9032
artifacts/p2/ei_depth3_f0_a1_s3_ivT/round_5.json	6123570e	230946a083cf7e59eab816768313afa0c94f3b39	8802
artifacts/p2/ei_depth3_f0_a1_s3_ivT/round_6.json	6123570e	e2cd5df1785851c7fc1382f51951ba614c8a12f8	8935
artifacts/p2/ei_depth3_f0_a1_s3_ivT/round_7.json	6123570e	30931618de3b96cf5d2d40263f87bc7f617c11fd	8958
artifacts/p2/ei_depth3_f0_a1_s3_ivT/round_8.json	6123570e	1e7e234333b5f4d1d9ae7fb57974f208cdcda25d	9032
artifacts/p2/ei_depth3_f0_a1_s3_ivT_c.done	6123570e	e69de29bb2d1d6434b8b29ae775ad8c2e48c5391	0
artifacts/p2/ei_depth3_f0_a1_s3_other4_manifest.json	6123570e	6cc7ce0421e5c696f2a4dddb6c5dd59c5e81c93e	1494
artifacts/p2/ei_depth3_f0_a1_s3_sib16_manifest.json	6123570e	d57040764f0433f7199a8771c8babe31bd743911	8585
artifacts/p2/ei_depth3_f0_a1_s3_sib1_manifest.json	6123570e	03dd895d41c2ad85921e7480c235d774c3e02e63	1094
artifacts/p2/ei_depth3_f0_a1_s3_sib4_manifest.json	6123570e	14e58be01c7e51fba93da4b2a67c882efcabde47	2924
artifacts/p2/ei_depth3_f0_a1_s4/args.json	6123570e	676a779819cb02c8536a1b4a35c83a40942eb5d9	562
artifacts/p2/ei_depth3_f0_a1_s4/round_1.json	6123570e	e0388e8bab089d0e2430941fe96817a53a92bf78	8705
artifacts/p2/ei_depth3_f0_a1_s4/round_2.json	6123570e	9950a8e5ed0ddb3e9f8fe7898f4e17e12e815902	8754
artifacts/p2/ei_depth3_f0_a1_s4/round_3.json	6123570e	e392e5882197b5e995aac8465aa3b091a84393e6	8743
artifacts/p2/ei_depth3_f0_a1_s4/round_4.json	6123570e	16d6852a426041a1a2f9d51fe560661c0f854fba	8822
artifacts/p2/ei_depth3_f0_a1_s4/round_5.json	6123570e	9fb7434d8eb58207f5176f29f5475da8094741b2	8767
artifacts/p2/ei_depth3_f0_a1_s4/round_6.json	6123570e	729eb4bfa044619f0e2a4fa531c141f245868d15	8833
artifacts/p2/ei_depth3_f0_a1_s4/round_7.json	6123570e	1fe2b7ca3638e17a9fd6cf488339d99086180500	8833
artifacts/p2/ei_depth3_f0_a1_s4/round_8.json	6123570e	cfac48baf7c9bceddac6e018d72b88826cad0cc2	8853
artifacts/p2/ei_depth3_f0_a1_s4_gen4_manifest.json	6123570e	2e213ceab97f277f38e807e70f232e1268d06fc0	1976
artifacts/p2/ei_depth3_f0_a1_s4_inv4_manifest.json	6123570e	480c75c3e11d697b3b5ce168b33f1b7afe5859da	1842
artifacts/p2/ei_depth3_f0_a1_s4_ivK/args.json	6123570e	22139f1287370618000e71910d624071e5b28466	602
artifacts/p2/ei_depth3_f0_a1_s4_ivK/round_5.json	6123570e	20803ef5bd6159644918c6cc6d7f6055b0d9531d	8825
artifacts/p2/ei_depth3_f0_a1_s4_ivK/round_6.json	6123570e	7ba1ac9eb21dd87cf83f42c6c8098af0b02ef757	8834
artifacts/p2/ei_depth3_f0_a1_s4_ivK/round_7.json	6123570e	cc2e521c4084301cfafdf725fe25361676bdf9ae	8842
artifacts/p2/ei_depth3_f0_a1_s4_ivK/round_8.json	6123570e	68e278261ac65618bba3d930655ac3c11bfb310c	8837
artifacts/p2/ei_depth3_f0_a1_s4_ivS/args.json	6123570e	2d98070d79131d7ef8644ad9f4b06489bb715f2c	599
artifacts/p2/ei_depth3_f0_a1_s4_ivS/round_5.json	6123570e	4491c1d705408ac0c03620f2ec45673ee9b6f657	8976
artifacts/p2/ei_depth3_f0_a1_s4_ivS/round_6.json	6123570e	152faae0adc7c43bca681869664a45bd9a4a2f6a	8981
artifacts/p2/ei_depth3_f0_a1_s4_ivS/round_7.json	6123570e	d7199d7341772f1d95270f53eec043d2931da438	8992
artifacts/p2/ei_depth3_f0_a1_s4_ivS/round_8.json	6123570e	d3e8d0ed3a345d44a2f989ae12d7ee2233146843	9030
artifacts/p2/ei_depth3_f0_a1_s4_ivS_transfer.json	6123570e	70b43343afa28f46f6b605522b2aa3344cf9ff1a	233
artifacts/p2/ei_depth3_f0_a1_s4_ivT/args.json	6123570e	9b1f75c07e1ea0480a4008fdf2d029aaad22a3d0	602
artifacts/p2/ei_depth3_f0_a1_s4_ivT/round_5.json	6123570e	0b11f1a5051bc7022a0a6f63103cfebcedbc8688	8790
artifacts/p2/ei_depth3_f0_a1_s4_ivT/round_6.json	6123570e	d894bc91229159f824c073c49c85359312bf1b6d	8796
artifacts/p2/ei_depth3_f0_a1_s4_ivT/round_7.json	6123570e	e52926352bab2e09c73462a37695dfba4ddcad97	8825
artifacts/p2/ei_depth3_f0_a1_s4_ivT/round_8.json	6123570e	db860581008f307e4e1048809016367315ff46c3	8851
artifacts/p2/ei_depth3_f0_a1_s4_other4_manifest.json	6123570e	c6c2b608a48e063cfdcaec0a33db0c7f9cc6b2d3	1494
artifacts/p2/ei_depth3_f0_a1_s4_sib16_manifest.json	6123570e	5614500868045a8838db3f475868f600fac007f5	9400
artifacts/p2/ei_depth3_f0_a1_s4_sib1_manifest.json	6123570e	d1b7d2d0c10c4f9e2dff1783ac3b422b9bda9201	931
artifacts/p2/ei_depth3_f0_a1_s4_sib4_manifest.json	6123570e	9760e7b132adcf9c9cbbf0df851ceb219cc61a68	2354
artifacts/p2/ei_depth3_f0_a1_s5/args.json	6123570e	1e163207449cc8f1485300f6a1f9831a51d1a913	562
artifacts/p2/ei_depth3_f0_a1_s5/round_1.json	6123570e	00dbb200a8fadefadc7498c164ca8718e74a106d	8605
artifacts/p2/ei_depth3_f0_a1_s5/round_2.json	6123570e	7f13bd10c5a0be9088f5ad5f3ae999b77fdb25e1	8698
artifacts/p2/ei_depth3_f0_a1_s5/round_3.json	6123570e	6e52d63f9afaa5a54dd9148f619937fe81b94995	8794
artifacts/p2/ei_depth3_f0_a1_s5/round_4.json	6123570e	9c988aaedbf866111af351f3c528a5fc7e2364d5	8734
artifacts/p2/ei_depth3_f0_a1_s5/round_5.json	6123570e	91a5991a675668d4bcc55ed501421a4e39362ed0	8797
artifacts/p2/ei_depth3_f0_a1_s5/round_6.json	6123570e	894ef489336e33593099280723c9dec1581c16ab	8755
artifacts/p2/ei_depth3_f0_a1_s5/round_7.json	6123570e	59aaefa80c8c3f57d6c9f8609c48c302511b25c3	8750
artifacts/p2/ei_depth3_f0_a1_s5/round_8.json	6123570e	e71bc43da5ea2703196aea9682a141806bf230a0	8787
artifacts/p2/ei_depth3_f0_a1_s5_gen4_manifest.json	6123570e	10073b611d55ea131628de9fcc9a0c5d173ee97e	1976
artifacts/p2/ei_depth3_f0_a1_s5_inv4_manifest.json	6123570e	ed25b52c28c6f3816e5efc5f0af926914714a9ae	1842
artifacts/p2/ei_depth3_f0_a1_s5_ivK.done	6123570e	e69de29bb2d1d6434b8b29ae775ad8c2e48c5391	0
artifacts/p2/ei_depth3_f0_a1_s5_ivK/args.json	6123570e	f9d5dce0782171ff84b3a4080c8fcd64fc189785	602
artifacts/p2/ei_depth3_f0_a1_s5_ivK/ei_depth3_f0_a1_s5_ivK/args.json	6123570e	f9d5dce0782171ff84b3a4080c8fcd64fc189785	602
artifacts/p2/ei_depth3_f0_a1_s5_ivK/ei_depth3_f0_a1_s5_ivK/round_5.json	6123570e	2019187336d7c93f6b0e71cd6251fdbd0739a7ea	8813
artifacts/p2/ei_depth3_f0_a1_s5_ivK/ei_depth3_f0_a1_s5_ivK/round_6.json	6123570e	e1310ea65462f56d474bd136b329734d5ceeb2ab	8795
artifacts/p2/ei_depth3_f0_a1_s5_ivK/ei_depth3_f0_a1_s5_ivK/round_7.json	6123570e	3e80223ca2bd9de8e77571e5824a8c4cf1c9f1ca	8810
artifacts/p2/ei_depth3_f0_a1_s5_ivK/ei_depth3_f0_a1_s5_ivK/round_8.json	6123570e	84cab0dee2a90475f7d51f6772d9ee853aa7de70	8796
artifacts/p2/ei_depth3_f0_a1_s5_ivK/round_5.json	6123570e	2019187336d7c93f6b0e71cd6251fdbd0739a7ea	8813
artifacts/p2/ei_depth3_f0_a1_s5_ivK/round_6.json	6123570e	e1310ea65462f56d474bd136b329734d5ceeb2ab	8795
artifacts/p2/ei_depth3_f0_a1_s5_ivK/round_7.json	6123570e	3e80223ca2bd9de8e77571e5824a8c4cf1c9f1ca	8810
artifacts/p2/ei_depth3_f0_a1_s5_ivK/round_8.json	6123570e	84cab0dee2a90475f7d51f6772d9ee853aa7de70	8796
artifacts/p2/ei_depth3_f0_a1_s5_ivK_c.done	6123570e	e69de29bb2d1d6434b8b29ae775ad8c2e48c5391	0
artifacts/p2/ei_depth3_f0_a1_s5_ivS.done	6123570e	e69de29bb2d1d6434b8b29ae775ad8c2e48c5391	0
artifacts/p2/ei_depth3_f0_a1_s5_ivS/args.json	6123570e	61c219251e6fbef1c60aa74911176af29e1dd595	599
artifacts/p2/ei_depth3_f0_a1_s5_ivS/ei_depth3_f0_a1_s5_ivS/args.json	6123570e	61c219251e6fbef1c60aa74911176af29e1dd595	599
artifacts/p2/ei_depth3_f0_a1_s5_ivS/ei_depth3_f0_a1_s5_ivS/round_5.json	6123570e	88ab0a51a3b380092d7aee1a401da7e40fec2779	9039
artifacts/p2/ei_depth3_f0_a1_s5_ivS/ei_depth3_f0_a1_s5_ivS/round_6.json	6123570e	9deb93eede68bd983e3106b99febb221ae2e704f	9012
artifacts/p2/ei_depth3_f0_a1_s5_ivS/ei_depth3_f0_a1_s5_ivS/round_7.json	6123570e	5b8fdfe8d71da9bcdc71abd382549f48862d0ae7	9047
artifacts/p2/ei_depth3_f0_a1_s5_ivS/ei_depth3_f0_a1_s5_ivS/round_8.json	6123570e	da59473c91b650b581ba1ce197b9549b63ee0029	9078
artifacts/p2/ei_depth3_f0_a1_s5_ivS/round_5.json	6123570e	88ab0a51a3b380092d7aee1a401da7e40fec2779	9039
artifacts/p2/ei_depth3_f0_a1_s5_ivS/round_6.json	6123570e	9deb93eede68bd983e3106b99febb221ae2e704f	9012
artifacts/p2/ei_depth3_f0_a1_s5_ivS/round_7.json	6123570e	5b8fdfe8d71da9bcdc71abd382549f48862d0ae7	9047
artifacts/p2/ei_depth3_f0_a1_s5_ivS/round_8.json	6123570e	da59473c91b650b581ba1ce197b9549b63ee0029	9078
artifacts/p2/ei_depth3_f0_a1_s5_ivS_transfer.json	6123570e	935a736800032ff8303471bcdbe448ec0bcbb9b8	233
artifacts/p2/ei_depth3_f0_a1_s5_ivT.done	6123570e	e69de29bb2d1d6434b8b29ae775ad8c2e48c5391	0
artifacts/p2/ei_depth3_f0_a1_s5_ivT/args.json	6123570e	43a8b3364fd8ebef2faa757d6000fcd6763327e7	602
artifacts/p2/ei_depth3_f0_a1_s5_ivT/ei_depth3_f0_a1_s5_ivT/args.json	6123570e	43a8b3364fd8ebef2faa757d6000fcd6763327e7	602
artifacts/p2/ei_depth3_f0_a1_s5_ivT/ei_depth3_f0_a1_s5_ivT/round_5.json	6123570e	f15887880588de707a465573c0b96e3aacd493a5	8813
artifacts/p2/ei_depth3_f0_a1_s5_ivT/ei_depth3_f0_a1_s5_ivT/round_6.json	6123570e	a61ca79a5101a9ab4733c74537b83e5e8ba6bd9d	8779
artifacts/p2/ei_depth3_f0_a1_s5_ivT/ei_depth3_f0_a1_s5_ivT/round_7.json	6123570e	cf861e6041acc1f27d32211bcbc94ebf48dc0c7a	8820
artifacts/p2/ei_depth3_f0_a1_s5_ivT/ei_depth3_f0_a1_s5_ivT/round_8.json	6123570e	54477a48f9bdc8197422de1db27f89a589972586	8768
artifacts/p2/ei_depth3_f0_a1_s5_ivT/round_5.json	6123570e	f15887880588de707a465573c0b96e3aacd493a5	8813
artifacts/p2/ei_depth3_f0_a1_s5_ivT/round_6.json	6123570e	a61ca79a5101a9ab4733c74537b83e5e8ba6bd9d	8779
artifacts/p2/ei_depth3_f0_a1_s5_ivT/round_7.json	6123570e	cf861e6041acc1f27d32211bcbc94ebf48dc0c7a	8820
artifacts/p2/ei_depth3_f0_a1_s5_ivT/round_8.json	6123570e	54477a48f9bdc8197422de1db27f89a589972586	8768
artifacts/p2/ei_depth3_f0_a1_s5_ivT_c.done	6123570e	e69de29bb2d1d6434b8b29ae775ad8c2e48c5391	0
artifacts/p2/ei_depth3_f0_a1_s5_other4_manifest.json	6123570e	6b24f686331c5b115548222f04e2d9d93d433d49	1494
artifacts/p2/ei_depth3_f0_a1_s5_sib16_manifest.json	6123570e	3b3d959bf185905a9a87a4dc59a4ac17424f408e	9525
artifacts/p2/ei_depth3_f0_a1_s5_sib1_manifest.json	6123570e	76d6cdff7bcf04eeec1cd6de1215ffdc20609e4a	789
artifacts/p2/ei_depth3_f0_a1_s5_sib4_manifest.json	6123570e	79295209c626222a81b8f01a6fd14c8b9264b188	2271
artifacts/p2/ei_depth3_f0_a1_s6/args.json	6123570e	9942899642b58b87793cce67f955137c7f4420a4	562
artifacts/p2/ei_depth3_f0_a1_s6/round_1.json	6123570e	23b3d471ae2e083156d862448307effbaa60f677	8711
artifacts/p2/ei_depth3_f0_a1_s6/round_2.json	6123570e	2255e12c7866b90e8b07497496e83332fa71c6e2	8813
artifacts/p2/ei_depth3_f0_a1_s6/round_3.json	6123570e	fa39b18f2393922c06f580c96eb0e33f9e3af71a	8862
artifacts/p2/ei_depth3_f0_a1_s6/round_4.json	6123570e	7b59b0fec56364a4ec09c204f0e805b38b7e1e32	8898
artifacts/p2/ei_depth3_f0_a1_s6/round_5.json	6123570e	b2f469ea98bb6e2af45c35c5dc7198f9218bb2b7	8986
artifacts/p2/ei_depth3_f0_a1_s6/round_6.json	6123570e	704959fe6feeba21576b10094b4b9695a8af2f7d	8965
artifacts/p2/ei_depth3_f0_a1_s6/round_7.json	6123570e	fc34240bd30eb03dd0f30dc014f8bbb44630945d	9032
artifacts/p2/ei_depth3_f0_a1_s6/round_8.json	6123570e	301820ef878cada722dba2f1391e1fae24ef4c7e	9034
artifacts/p2/ei_depth3_f0_a1_s7.done	6123570e	e69de29bb2d1d6434b8b29ae775ad8c2e48c5391	0
artifacts/p2/ei_depth3_f0_a1_s7/args.json	6123570e	1ffc31203b77c8f64e373270e29f5e0878cb17bc	562
artifacts/p2/ei_depth3_f0_a1_s7/ei_depth3_f0_a1_s7/args.json	6123570e	1ffc31203b77c8f64e373270e29f5e0878cb17bc	562
artifacts/p2/ei_depth3_f0_a1_s7/ei_depth3_f0_a1_s7/round_1.json	6123570e	19dee04886ff8c111934a4f2eba4765bceb44a1a	8675
artifacts/p2/ei_depth3_f0_a1_s7/ei_depth3_f0_a1_s7/round_2.json	6123570e	d22efd7e39da9d29fdd8b2fb78f0a269e0e63e12	8791
artifacts/p2/ei_depth3_f0_a1_s7/ei_depth3_f0_a1_s7/round_3.json	6123570e	15f92f00d29da465ff271ca790eea6bb76212800	8797
artifacts/p2/ei_depth3_f0_a1_s7/ei_depth3_f0_a1_s7/round_4.json	6123570e	b88c19c1880f47869b085feb5b12c68497a700e9	8765
artifacts/p2/ei_depth3_f0_a1_s7/ei_depth3_f0_a1_s7/round_5.json	6123570e	4a25e01c048d461e31f4be6b974e200e67dbd206	8822
artifacts/p2/ei_depth3_f0_a1_s7/ei_depth3_f0_a1_s7/round_6.json	6123570e	9c188ddcad376865c68d81359c5fc626218a79d6	8811
artifacts/p2/ei_depth3_f0_a1_s7/ei_depth3_f0_a1_s7/round_7.json	6123570e	ac997ddf826961b04e9aeb9daf68a996bcf56be2	8792
artifacts/p2/ei_depth3_f0_a1_s7/ei_depth3_f0_a1_s7/round_8.json	6123570e	a8a84d12a8e05255777aa2446500a1666aaf0382	8830
artifacts/p2/ei_depth3_f0_a1_s7/round_1.json	6123570e	19dee04886ff8c111934a4f2eba4765bceb44a1a	8675
artifacts/p2/ei_depth3_f0_a1_s7/round_2.json	6123570e	d22efd7e39da9d29fdd8b2fb78f0a269e0e63e12	8791
artifacts/p2/ei_depth3_f0_a1_s7/round_3.json	6123570e	15f92f00d29da465ff271ca790eea6bb76212800	8797
artifacts/p2/ei_depth3_f0_a1_s7/round_4.json	6123570e	b88c19c1880f47869b085feb5b12c68497a700e9	8765
artifacts/p2/ei_depth3_f0_a1_s7/round_5.json	6123570e	4a25e01c048d461e31f4be6b974e200e67dbd206	8822
artifacts/p2/ei_depth3_f0_a1_s7/round_6.json	6123570e	9c188ddcad376865c68d81359c5fc626218a79d6	8811
artifacts/p2/ei_depth3_f0_a1_s7/round_7.json	6123570e	ac997ddf826961b04e9aeb9daf68a996bcf56be2	8792
artifacts/p2/ei_depth3_f0_a1_s7/round_8.json	6123570e	a8a84d12a8e05255777aa2446500a1666aaf0382	8830
artifacts/p2/ei_depth3_f0_a1_s7_ivK.done	6123570e	e69de29bb2d1d6434b8b29ae775ad8c2e48c5391	0
artifacts/p2/ei_depth3_f0_a1_s7_ivK/args.json	6123570e	400b7fb022cee71e520bafd7f63fbc20e7a7e519	602
artifacts/p2/ei_depth3_f0_a1_s7_ivK/ei_depth3_f0_a1_s7_ivK/args.json	6123570e	400b7fb022cee71e520bafd7f63fbc20e7a7e519	602
artifacts/p2/ei_depth3_f0_a1_s7_ivK/ei_depth3_f0_a1_s7_ivK/round_5.json	6123570e	c5ed845f47051d4173c3ec05fc8eb1d4121ba11e	8830
artifacts/p2/ei_depth3_f0_a1_s7_ivK/ei_depth3_f0_a1_s7_ivK/round_6.json	6123570e	744130f473d656ffb78c59ee057a81b8ba4ea705	8810
artifacts/p2/ei_depth3_f0_a1_s7_ivK/ei_depth3_f0_a1_s7_ivK/round_7.json	6123570e	2811304ed16931755609324241dd97eb31e6ba4d	8825
artifacts/p2/ei_depth3_f0_a1_s7_ivK/ei_depth3_f0_a1_s7_ivK/round_8.json	6123570e	c5c124877bcdad16cfc8e8d2c9796c16f4a27413	8875
artifacts/p2/ei_depth3_f0_a1_s7_ivK/round_5.json	6123570e	c5ed845f47051d4173c3ec05fc8eb1d4121ba11e	8830
artifacts/p2/ei_depth3_f0_a1_s7_ivK/round_6.json	6123570e	744130f473d656ffb78c59ee057a81b8ba4ea705	8810
artifacts/p2/ei_depth3_f0_a1_s7_ivK/round_7.json	6123570e	2811304ed16931755609324241dd97eb31e6ba4d	8825
artifacts/p2/ei_depth3_f0_a1_s7_ivK/round_8.json	6123570e	c5c124877bcdad16cfc8e8d2c9796c16f4a27413	8875
artifacts/p2/ei_depth3_f0_a1_s7_ivK_c.done	6123570e	e69de29bb2d1d6434b8b29ae775ad8c2e48c5391	0
artifacts/p2/ei_depth3_f0_a1_s7_ivS.done	6123570e	e69de29bb2d1d6434b8b29ae775ad8c2e48c5391	0
artifacts/p2/ei_depth3_f0_a1_s7_ivS/args.json	6123570e	3b6975ef62fe833daf050c8e625856ca8d305dd4	599
artifacts/p2/ei_depth3_f0_a1_s7_ivS/ei_depth3_f0_a1_s7_ivS/args.json	6123570e	3b6975ef62fe833daf050c8e625856ca8d305dd4	599
artifacts/p2/ei_depth3_f0_a1_s7_ivS/ei_depth3_f0_a1_s7_ivS/round_5.json	6123570e	88811caeb65743ec638e4e99f3dd1f91563aaa1b	9075
artifacts/p2/ei_depth3_f0_a1_s7_ivS/ei_depth3_f0_a1_s7_ivS/round_6.json	6123570e	9dac2e26a2852ae9a2fcd804fb9dc7740e1842c1	9026
artifacts/p2/ei_depth3_f0_a1_s7_ivS/ei_depth3_f0_a1_s7_ivS/round_7.json	6123570e	d3848e8e44c5c30774500134a7898dfed6e6d9af	9000
artifacts/p2/ei_depth3_f0_a1_s7_ivS/ei_depth3_f0_a1_s7_ivS/round_8.json	6123570e	300dbc06d30b64e942cd8a0fe8a55c876283fe4f	9040
artifacts/p2/ei_depth3_f0_a1_s7_ivS/round_5.json	6123570e	88811caeb65743ec638e4e99f3dd1f91563aaa1b	9075
artifacts/p2/ei_depth3_f0_a1_s7_ivS/round_6.json	6123570e	9dac2e26a2852ae9a2fcd804fb9dc7740e1842c1	9026
artifacts/p2/ei_depth3_f0_a1_s7_ivS/round_7.json	6123570e	d3848e8e44c5c30774500134a7898dfed6e6d9af	9000
artifacts/p2/ei_depth3_f0_a1_s7_ivS/round_8.json	6123570e	300dbc06d30b64e942cd8a0fe8a55c876283fe4f	9040
artifacts/p2/ei_depth3_f0_a1_s7_ivS_transfer.json	6123570e	9996970d8bbd66628d1eb9c07998064c45fd343f	233
artifacts/p2/ei_depth3_f0_a1_s7_ivT.done	6123570e	e69de29bb2d1d6434b8b29ae775ad8c2e48c5391	0
artifacts/p2/ei_depth3_f0_a1_s7_ivT/args.json	6123570e	1dd141916bd1510918cee02578352dfd6e34bd67	602
artifacts/p2/ei_depth3_f0_a1_s7_ivT/ei_depth3_f0_a1_s7_ivT/args.json	6123570e	1dd141916bd1510918cee02578352dfd6e34bd67	602
artifacts/p2/ei_depth3_f0_a1_s7_ivT/ei_depth3_f0_a1_s7_ivT/round_5.json	6123570e	1c667f9fbfc6735e7b971c86ddd4145f433ef7d1	8819
artifacts/p2/ei_depth3_f0_a1_s7_ivT/ei_depth3_f0_a1_s7_ivT/round_6.json	6123570e	8ae89ff7d10e65d94ad58640931545f01329d2e0	8813
artifacts/p2/ei_depth3_f0_a1_s7_ivT/ei_depth3_f0_a1_s7_ivT/round_7.json	6123570e	9d841a7f32eadeb17b8913f49c1365b653cdbbb4	8824
artifacts/p2/ei_depth3_f0_a1_s7_ivT/ei_depth3_f0_a1_s7_ivT/round_8.json	6123570e	d5dd4d7bfcfe09625584277626954ba97239371e	8845
artifacts/p2/ei_depth3_f0_a1_s7_ivT/round_5.json	6123570e	1c667f9fbfc6735e7b971c86ddd4145f433ef7d1	8819
artifacts/p2/ei_depth3_f0_a1_s7_ivT/round_6.json	6123570e	8ae89ff7d10e65d94ad58640931545f01329d2e0	8813
artifacts/p2/ei_depth3_f0_a1_s7_ivT/round_7.json	6123570e	9d841a7f32eadeb17b8913f49c1365b653cdbbb4	8824
artifacts/p2/ei_depth3_f0_a1_s7_ivT/round_8.json	6123570e	d5dd4d7bfcfe09625584277626954ba97239371e	8845
artifacts/p2/ei_depth3_f0_a1_s7_ivT_c.done	6123570e	e69de29bb2d1d6434b8b29ae775ad8c2e48c5391	0
artifacts/p2/ei_depth3_f0_a1_s8.done	6123570e	e69de29bb2d1d6434b8b29ae775ad8c2e48c5391	0
artifacts/p2/ei_depth3_f0_a1_s8/args.json	6123570e	a0e23d05c4eb26b09113a622418f6a26ee29de63	562
artifacts/p2/ei_depth3_f0_a1_s8/ei_depth3_f0_a1_s8/args.json	6123570e	a0e23d05c4eb26b09113a622418f6a26ee29de63	562
artifacts/p2/ei_depth3_f0_a1_s8/ei_depth3_f0_a1_s8/round_1.json	6123570e	9074ead145e5fcee1eaa1d5a5df5d3c873f3a63c	8613
artifacts/p2/ei_depth3_f0_a1_s8/ei_depth3_f0_a1_s8/round_2.json	6123570e	dc7f54a4bac12ea0d62f0876277ea431bf2e3332	8692
artifacts/p2/ei_depth3_f0_a1_s8/ei_depth3_f0_a1_s8/round_3.json	6123570e	d753493ff35e9d07e5a80e01b7e77c530ed95177	8781
artifacts/p2/ei_depth3_f0_a1_s8/ei_depth3_f0_a1_s8/round_4.json	6123570e	842c78b79e1b77aead1e5b55a1b8a0ffda2550cd	8867
artifacts/p2/ei_depth3_f0_a1_s8/ei_depth3_f0_a1_s8/round_5.json	6123570e	bd01c473a2f5489b637d245c6c5310c7eb8bb70f	8961
artifacts/p2/ei_depth3_f0_a1_s8/ei_depth3_f0_a1_s8/round_6.json	6123570e	51090bcc4ae4000fe880883950fbb097dd6cb1f5	9011
artifacts/p2/ei_depth3_f0_a1_s8/ei_depth3_f0_a1_s8/round_7.json	6123570e	5fcb7fc15475cd7280ce5d4984a1606829c5c8bb	9001
artifacts/p2/ei_depth3_f0_a1_s8/ei_depth3_f0_a1_s8/round_8.json	6123570e	1bdc87ad318ae2633b2b0a8cf845ad83c6b091cb	8972
artifacts/p2/ei_depth3_f0_a1_s8/round_1.json	6123570e	9074ead145e5fcee1eaa1d5a5df5d3c873f3a63c	8613
artifacts/p2/ei_depth3_f0_a1_s8/round_2.json	6123570e	dc7f54a4bac12ea0d62f0876277ea431bf2e3332	8692
artifacts/p2/ei_depth3_f0_a1_s8/round_3.json	6123570e	d753493ff35e9d07e5a80e01b7e77c530ed95177	8781
artifacts/p2/ei_depth3_f0_a1_s8/round_4.json	6123570e	842c78b79e1b77aead1e5b55a1b8a0ffda2550cd	8867
artifacts/p2/ei_depth3_f0_a1_s8/round_5.json	6123570e	bd01c473a2f5489b637d245c6c5310c7eb8bb70f	8961
artifacts/p2/ei_depth3_f0_a1_s8/round_6.json	6123570e	51090bcc4ae4000fe880883950fbb097dd6cb1f5	9011
artifacts/p2/ei_depth3_f0_a1_s8/round_7.json	6123570e	5fcb7fc15475cd7280ce5d4984a1606829c5c8bb	9001
artifacts/p2/ei_depth3_f0_a1_s8/round_8.json	6123570e	1bdc87ad318ae2633b2b0a8cf845ad83c6b091cb	8972
artifacts/p2/ei_depth3_f0_a1_s9.done	6123570e	e69de29bb2d1d6434b8b29ae775ad8c2e48c5391	0
artifacts/p2/ei_depth3_f0_a1_s9/args.json	6123570e	9902d687809acf8ea92348c9d46f8a4a27d7a724	562
artifacts/p2/ei_depth3_f0_a1_s9/ei_depth3_f0_a1_s9/args.json	6123570e	9902d687809acf8ea92348c9d46f8a4a27d7a724	562
artifacts/p2/ei_depth3_f0_a1_s9/ei_depth3_f0_a1_s9/round_1.json	6123570e	b72a66e1c5a5ac0ca30b41aeafbb16de965c2f90	8751
artifacts/p2/ei_depth3_f0_a1_s9/ei_depth3_f0_a1_s9/round_2.json	6123570e	e964e9c5f20205dbca5c57c6bf8b933301722beb	8786
artifacts/p2/ei_depth3_f0_a1_s9/ei_depth3_f0_a1_s9/round_3.json	6123570e	6c3dc6316f150063bf053aa25a08ce1b326f1519	9004
artifacts/p2/ei_depth3_f0_a1_s9/ei_depth3_f0_a1_s9/round_4.json	6123570e	32700d2f7e255103939d3154da196ff094ae1999	8963
artifacts/p2/ei_depth3_f0_a1_s9/ei_depth3_f0_a1_s9/round_5.json	6123570e	f36959cb0a17c436e907dad7ac0a3f7023fc86de	8983
artifacts/p2/ei_depth3_f0_a1_s9/ei_depth3_f0_a1_s9/round_6.json	6123570e	f982d832c5b7608e4320994680fa2ec92c677058	8996
artifacts/p2/ei_depth3_f0_a1_s9/ei_depth3_f0_a1_s9/round_7.json	6123570e	b641853eb098e2d09498c6d490de00aff9763543	8996
artifacts/p2/ei_depth3_f0_a1_s9/ei_depth3_f0_a1_s9/round_8.json	6123570e	da9effe404ea74c4a621c905ca420329ecb40fd3	9029
artifacts/p2/ei_depth3_f0_a1_s9/round_1.json	6123570e	b72a66e1c5a5ac0ca30b41aeafbb16de965c2f90	8751
artifacts/p2/ei_depth3_f0_a1_s9/round_2.json	6123570e	e964e9c5f20205dbca5c57c6bf8b933301722beb	8786
artifacts/p2/ei_depth3_f0_a1_s9/round_3.json	6123570e	6c3dc6316f150063bf053aa25a08ce1b326f1519	9004
artifacts/p2/ei_depth3_f0_a1_s9/round_4.json	6123570e	32700d2f7e255103939d3154da196ff094ae1999	8963
artifacts/p2/ei_depth3_f0_a1_s9/round_5.json	6123570e	f36959cb0a17c436e907dad7ac0a3f7023fc86de	8983
artifacts/p2/ei_depth3_f0_a1_s9/round_6.json	6123570e	f982d832c5b7608e4320994680fa2ec92c677058	8996
artifacts/p2/ei_depth3_f0_a1_s9/round_7.json	6123570e	b641853eb098e2d09498c6d490de00aff9763543	8996
artifacts/p2/ei_depth3_f0_a1_s9/round_8.json	6123570e	da9effe404ea74c4a621c905ca420329ecb40fd3	9029
artifacts/p2/ei_depth3_f0_a2_s0/args.json	6123570e	e4f2a72867c994a6c74a7b3f215af8a39022af26	562
artifacts/p2/ei_depth3_f0_a2_s0/round_1.json	6123570e	93a6102c387bd9264c078142c8d832ee3d4ccb85	8693
artifacts/p2/ei_depth3_f0_a2_s0/round_2.json	6123570e	5535cbfce21c3a5ac2dbe6576290a3c53437bf2f	8786
artifacts/p2/ei_depth3_f0_a2_s0/round_3.json	6123570e	2ca2f7ae83402cc999ce748b7e31ca043a5049cf	8870
artifacts/p2/ei_depth3_f0_a2_s0/round_4.json	6123570e	792cb06170b3969d41ff20a7def77d7ea5a9096a	8949
artifacts/p2/ei_depth3_f0_a2_s0/round_5.json	6123570e	6c447ae047ab10879074af25342be1f50ef817fb	8947
artifacts/p2/ei_depth3_f0_a2_s0/round_6.json	6123570e	5523df203f62c57ab4d78b91bad8cfe45ae89212	8951
artifacts/p2/ei_depth3_f0_a2_s0/round_7.json	6123570e	cb8b220bff89c61481a1fa105e1d2046c4b3a730	8985
artifacts/p2/ei_depth3_f0_a2_s0/round_8.json	6123570e	1d1d49587b70479517a5ec9365a708f5eead9874	8983
artifacts/p2/ei_depth3_f0_a2_s1/args.json	6123570e	ee045bde8560c50a08754d1be2384cbf9e0b8579	562
artifacts/p2/ei_depth3_f0_a2_s1/round_1.json	6123570e	0614e86b965dd6c94aeefc6851cf2d7a5f8a2303	8669
artifacts/p2/ei_depth3_f0_a2_s1/round_2.json	6123570e	d7296a74cd0a49dd3c9bd77de7bbeadd79de4e25	8736
artifacts/p2/ei_depth3_f0_a2_s1/round_3.json	6123570e	2f58af6f092aa21240009615ab174f756b7829a5	8811
artifacts/p2/ei_depth3_f0_a2_s1/round_4.json	6123570e	5220df635f99b78b9395e21b30feca51397d4e06	8884
artifacts/p2/ei_depth3_f0_a2_s1/round_5.json	6123570e	05576d3bb28b8d58969bf7b240f45c01ac3fd502	8870
artifacts/p2/ei_depth3_f0_a2_s1/round_6.json	6123570e	8e624f65c586c819447093edb091f8bdb4084020	8931
artifacts/p2/ei_depth3_f0_a2_s1/round_7.json	6123570e	4dcbd52ed7df99a1090cf6c582fd91cb3b9d75fe	8998
artifacts/p2/ei_depth3_f0_a2_s1/round_8.json	6123570e	f2b71eb1b4bad45afd4a2dd33d28cc76fe121062	9000
artifacts/p2/ei_depth3_f0_a3_s0/args.json	6123570e	6e32926aec6cd521751faa5246031c50206f3aa0	562
artifacts/p2/ei_depth3_f0_a3_s0/round_1.json	6123570e	dd59e3902141261c1e3f7e6ceaecdf2491cc77e8	8531
artifacts/p2/ei_depth3_f0_a3_s0/round_2.json	6123570e	34c48d4228a60ac24e9a9a54f6a250c8f7e91da8	8818
artifacts/p2/ei_depth3_f0_a3_s0/round_3.json	6123570e	07f88435e5273d566582c0ec6c6b8c8e3eca67c7	8949
artifacts/p2/ei_depth3_f0_a3_s0/round_4.json	6123570e	ed8e79c0fd80e89ceecb4a35d1974d1976f05530	8957
artifacts/p2/ei_depth3_f0_a3_s0/round_5.json	6123570e	c7631c85355c3ae8f44bb741c92c2afc4a55be53	9004
artifacts/p2/ei_depth3_f0_a3_s0/round_6.json	6123570e	4a23a1f0c4f90f67e19234cdcdce03c463956332	8946
artifacts/p2/ei_depth3_f0_a3_s0/round_7.json	6123570e	dd4d9918a9fdb48ba915302a3a8d3966280caa66	8976
artifacts/p2/ei_depth3_f0_a3_s0/round_8.json	6123570e	8832dea73f4b9d587f5dce69628ed9e8d69314c2	9020
artifacts/p2/ei_depth3_f0_a3_s1/args.json	6123570e	cf09ce94b5d9c87b9315dc1769a65e414105ad25	562
artifacts/p2/ei_depth3_f0_a3_s1/round_1.json	6123570e	04ab00137782d0f163187d0c2cba5940be095cb8	8596
artifacts/p2/ei_depth3_f0_a3_s1/round_2.json	6123570e	a336b34ab1621a79fa001f006e8d528b603414eb	8867
artifacts/p2/ei_depth3_f0_a3_s1/round_3.json	6123570e	ead322507f61b1e48fe4d3b911928e52fad7e3c3	8895
artifacts/p2/ei_depth3_f0_a3_s1/round_4.json	6123570e	5662a8d23849d6962b67bb17d5092d5f970b93db	8994
artifacts/p2/ei_depth3_f0_a3_s1/round_5.json	6123570e	b325a2942931c2614c6f83a3bfa8e9900b8a5c70	8993
artifacts/p2/ei_depth3_f0_a3_s1/round_6.json	6123570e	273ea92b13a722698bbdae726b31432aed55df3b	8952
artifacts/p2/ei_depth3_f0_a3_s1/round_7.json	6123570e	7de87f1d04a8908d700bb98aac32178c5be65f56	9028
artifacts/p2/ei_depth3_f0_a3_s1/round_8.json	6123570e	0f59cde677449e85d1b499039d3984eb4a4b7af5	9007
artifacts/p2/ei_depth3_f0_s0/args.json	6123570e	87101655a27ce2e405581deb2707388d4d13e63e	553
artifacts/p2/ei_depth3_f0_s0/round_1.json	6123570e	ee0a4016fac06002d909d17defe2914f475f73af	8585
artifacts/p2/ei_depth3_f0_s0/round_2.json	6123570e	74a5abc9cd3f2e54bfa8a431b4cef33aeb0351d9	8828
artifacts/p2/ei_depth3_f0_s0/round_3.json	6123570e	f6787df498a6e840e890bedea6974bcfb012015a	8890
artifacts/p2/ei_depth3_f0_s0/round_4.json	6123570e	289e94ccff9dc25954a0dfb443efb315b76688ba	8974
artifacts/p2/ei_depth3_f0_s0/round_5.json	6123570e	0f38567176540164410fb8881f51339c5c89bbd0	8966
artifacts/p2/ei_depth3_f0_s0/round_6.json	6123570e	1a37122bae8c81f7551250438f0eee192faa3adc	9028
artifacts/p2/ei_depth3_f0_s0/round_7.json	6123570e	8e81969f71731b7f9fdc9aa07b83f76ff5ec21b4	8973
artifacts/p2/ei_depth3_f0_s0/round_8.json	6123570e	7b6ccc8e870f4f291d5d4e2fc432b60bac96d16f	8971
artifacts/p2/ei_depth3_f0_s1/args.json	6123570e	cf15c264caeda7cfb06b14cdf3006c1b716bdb8a	553
artifacts/p2/ei_depth3_f0_s1/round_1.json	6123570e	137a6473a377dd8ca023846ced4b9cab5cf459b0	8675
artifacts/p2/ei_depth3_f0_s1/round_2.json	6123570e	64c4f25d570675f766aed94fc1e7d7a422029fe7	8767
artifacts/p2/ei_depth3_f0_s1/round_3.json	6123570e	1adadaf283f7a25c3aeceb0155263cc118fc8487	8767
artifacts/p2/ei_depth3_f0_s1/round_4.json	6123570e	789de26cd695fbe19e4445b75a94d0b0c23f17ab	8850
artifacts/p2/ei_depth3_f0_s1/round_5.json	6123570e	4fe3cdee9a0354c51a10946462e1c5df1f0dd3a3	8924
artifacts/p2/ei_depth3_f0_s1/round_6.json	6123570e	0b542299fb6b68d3c3ed8d9a8c1f9338b46cbc0e	8845
artifacts/p2/ei_depth3_f0_s1/round_7.json	6123570e	f8a4660d0be05164a157c3d29cf32dd813cdaec0	8931
artifacts/p2/ei_depth3_f0_s1/round_8.json	6123570e	300ae0bdbb742f52ede4b879204ddf1174bbec94	8987
artifacts/p2/ei_derived_ore_f0.0001_s0/args.json	6123570e	7a544fcf5b7575fe910a14119b9d7965da94f833	593
artifacts/p2/ei_derived_ore_f0.0001_s0/round_1.json	6123570e	c81ff67657481f27e648d27e6cff277d93c793a6	6952
artifacts/p2/ei_derived_ore_f0.0001_s0/round_2.json	6123570e	185be9e7280e6ade876e6ebb867984607bd11ddf	6920
artifacts/p2/ei_derived_ore_f0.0001_s0/round_3.json	6123570e	3528c5033cc79a85f7a1f726a55aee49fb665f23	7042
artifacts/p2/ei_derived_ore_f0.0001_s0/round_4.json	6123570e	3a8cf085837b5d5b9211d2bcbb7d89449edb5cb9	7084
artifacts/p2/ei_derived_ore_f0.0001_s0/round_5.json	6123570e	5fb48f39ae4c7d61b86a40d6f44e151877ee0e4c	7074
artifacts/p2/ei_derived_ore_f0.0001_s0/round_6.json	6123570e	e9f0c585d343e301db6bde9e93a005aeaf6afd01	7156
artifacts/p2/ei_derived_ore_f0.0001_s0/round_7.json	6123570e	fcb2e7f78b41a7d504e80c0eb6a18541338d430c	7160
artifacts/p2/ei_derived_ore_f0.0001_s0/round_8.json	6123570e	1f5ad67794e26474623961a4686973108db559d1	7196
artifacts/p2/ei_derived_ore_f0.001_s0/args.json	6123570e	5f90770f9639b8384bd79714ea9e2473b4f19adf	590
artifacts/p2/ei_derived_ore_f0.001_s0/round_1.json	6123570e	22f54523d2a0b785b4ca1bccf1604c17b9b42e24	6997
artifacts/p2/ei_derived_ore_f0.001_s0/round_2.json	6123570e	ff0cdf1e899288152f3851bec917508396c08898	7029
artifacts/p2/ei_derived_ore_f0.001_s0/round_3.json	6123570e	71d7dc9d2b5ac2965463ddc0f0468ee32a71b49f	7036
artifacts/p2/ei_derived_ore_f0.001_s0/round_4.json	6123570e	64fa9974754ee2dca345f9011f28f8fca3f6e685	7049
artifacts/p2/ei_derived_ore_f0.001_s0/round_5.json	6123570e	63aa17e40f7898acc615acaf202af8b40233981f	7199
artifacts/p2/ei_derived_ore_f0.001_s0/round_6.json	6123570e	964fcd262867dd5380c45ecadf5f027002886480	7183
artifacts/p2/ei_derived_ore_f0.001_s0/round_7.json	6123570e	0fa25dc58d4b744828732a7006cbe79608feb78c	7179
artifacts/p2/ei_derived_ore_f0.001_s0/round_8.json	6123570e	768a0611e73fb7f9e4f17db15c692ebf4b2f1ee0	7208
artifacts/p2/ei_derived_ore_f0.001_s1/args.json	6123570e	bd257eb70d3764695ee71fd4bf066847ebb8d662	590
artifacts/p2/ei_derived_ore_f0.001_s1/round_1.json	6123570e	d8494dc8f26364e10598a2bd4d0b3514fb1dd347	6936
artifacts/p2/ei_derived_ore_f0.001_s1/round_2.json	6123570e	4ea8d05fa0d5e3743837e3be22d6810480c53ab1	7044
artifacts/p2/ei_derived_ore_f0.001_s1/round_3.json	6123570e	4e226f4b47775a186277eebce23767e0525bde25	7029
artifacts/p2/ei_derived_ore_f0.001_s1/round_4.json	6123570e	863dcd57270fa72d20aab4301d7777677a37665a	7046
artifacts/p2/ei_derived_ore_f0.001_s1/round_5.json	6123570e	3d0e8e27b8db9f2c173d2fb42cdb4663222e3c9c	7059
artifacts/p2/ei_derived_ore_f0.001_s1/round_6.json	6123570e	d76ca2cbab98ef3f8e65e4ebb228f3b70ece773f	7154
artifacts/p2/ei_derived_ore_f0.001_s1/round_7.json	6123570e	429ac00d13939df509a6f16f296904cf8e3cd467	7185
artifacts/p2/ei_derived_ore_f0.001_s1/round_8.json	6123570e	eeff39f80cc4249062e0a9919a80edf4a10e6616	7163
artifacts/p2/ei_derived_ore_f0.01_s0/args.json	6123570e	4b5144d7979aaac1e3298a5b841e9fb7a8cfbbee	587
artifacts/p2/ei_derived_ore_f0.01_s0/round_1.json	6123570e	ffbe3d9c24778399e12fc324bdf55bd843308c69	7108
artifacts/p2/ei_derived_ore_f0.01_s0/round_2.json	6123570e	d5f01888b4393a81c099147bbd720eded867f28b	7106
artifacts/p2/ei_derived_ore_f0.01_s0/round_3.json	6123570e	611cc71e04cdf1365c03a577652f744dfeebf679	7118
artifacts/p2/ei_derived_ore_f0.01_s0/round_4.json	6123570e	4526f2dbb2f5cc552cd9296cea82c4bf128ccb9f	7082
artifacts/p2/ei_derived_ore_f0.01_s0/round_5.json	6123570e	c1d7902b951e881e350d640267bc0161ad15bab7	7128
artifacts/p2/ei_derived_ore_f0.01_s0/round_6.json	6123570e	be2b2f06a5ca1bc3197e79ad81c10a0c4c6d3662	7212
artifacts/p2/ei_derived_ore_f0.01_s0/round_7.json	6123570e	edde1e09b6c05f60f77c584afb44bfc17e3470f1	7216
artifacts/p2/ei_derived_ore_f0.01_s0/round_8.json	6123570e	1abdfe243cc764f6dbb39ef36c50bb7a1a974633	7253
artifacts/p2/ei_derived_ore_f0.02_s0/args.json	6123570e	12d1a1f7283ef2f3d8d93972c2d80086e4300339	587
artifacts/p2/ei_derived_ore_f0.02_s0/round_1.json	6123570e	82d360ed10cef332a3db683a50bb935f07cee1ce	6937
artifacts/p2/ei_derived_ore_f0.02_s0/round_2.json	6123570e	3729d5a93d78e6a78eadf1f6ad9da56d584e3ce4	7074
artifacts/p2/ei_derived_ore_f0.02_s0/round_3.json	6123570e	9c6bc74c01c5624498ddf609211b59ce93f35dbb	7115
artifacts/p2/ei_derived_ore_f0.02_s0/round_4.json	6123570e	e4626a22b6c06150814c6c9b0b53b3159a58571a	7112
artifacts/p2/ei_derived_ore_f0.02_s0/round_5.json	6123570e	5f0257602742068007f755da02db09d4d8c89b5b	7105
artifacts/p2/ei_derived_ore_f0.02_s0/round_6.json	6123570e	1072ddaa91989002a785bf9ee296a42e3e00ee3e	7087
artifacts/p2/ei_derived_ore_f0.02_s0/round_7.json	6123570e	291191eb71dcb2ffc0adef185759020b92d9fff5	7111
artifacts/p2/ei_derived_ore_f0.02_s0/round_8.json	6123570e	43d53b767feead1cb90de9f8991b33fd387c15dd	7217
artifacts/p2/ei_derived_ore_f0.02_s1/args.json	6123570e	53936a519224de9e5b56a7afeb6f1ae0d448a993	587
artifacts/p2/ei_derived_ore_f0.02_s1/round_1.json	6123570e	788f779117a700474f512d46061de22130135d62	7072
artifacts/p2/ei_derived_ore_f0.02_s1/round_2.json	6123570e	9624be7d016bd8852d0cf9241110c017dbbc6a83	7089
artifacts/p2/ei_derived_ore_f0.02_s1/round_3.json	6123570e	bc48ddc848e56ec00cbf60f1bfce8d87b7c62405	7129
artifacts/p2/ei_derived_ore_f0.02_s1/round_4.json	6123570e	7bf96bd8e94f39f9a858801dea6cd65c6104886e	7136
artifacts/p2/ei_derived_ore_f0.02_s1/round_5.json	6123570e	0f5a6cf943d4249a325675b31286ab6a8694ce8a	7187
artifacts/p2/ei_derived_ore_f0.02_s1/round_6.json	6123570e	d42308a91c2d5e7faae8635b745029fe47c93ba5	7200
artifacts/p2/ei_derived_ore_f0.02_s1/round_7.json	6123570e	09119ec03a9cc5ec842e4b6b6efe57181915720a	7225
artifacts/p2/ei_derived_ore_f0.02_s1/round_8.json	6123570e	a1405deaa65ef8bd33aaec6edcc5fa78436874e1	7245
artifacts/p2/ei_derived_ore_f0_s0/args.json	6123570e	a90113c11a2b5e35fab9b32cda672ff2a387aa03	578
artifacts/p2/ei_derived_ore_f0_s0/round_1.json	6123570e	7464deba720e221689b69e51d313c799e55af6c6	6892
artifacts/p2/ei_derived_ore_f0_s0/round_2.json	6123570e	4631be4463ef3822151dc5f706519da35bd242d0	6902
artifacts/p2/ei_derived_ore_f0_s0/round_3.json	6123570e	7eac3de68ef14f2f1556db6db005855c9f3609ef	6988
artifacts/p2/ei_derived_ore_f0_s0/round_4.json	6123570e	16d3b579d07a397dbb22397a62c919ea3edbc17f	6973
artifacts/p2/ei_derived_ore_f0_s0/round_5.json	6123570e	6e381f38dd21c9533c269610ca3fcae1a3f27c67	7024
artifacts/p2/ei_derived_ore_f0_s0/round_6.json	6123570e	8a432d0f31a68cb042324c64281b67c661d689db	7073
artifacts/p2/ei_derived_ore_f0_s0/round_7.json	6123570e	4ed0dd4f78ba70756ab8331c0fd1a6effe981ecb	7075
artifacts/p2/ei_derived_ore_f0_s0/round_8.json	6123570e	76efc43dd9ac588e7d887c772bf2b5e32e18a52a	7039
artifacts/p2/ei_derived_ore_f0_s1/args.json	6123570e	77c21146dd2c2346d1bc27cc581757f73fb96630	578
artifacts/p2/ei_derived_ore_f0_s1/round_1.json	6123570e	710ca21e4fe3f40e7511c7a9e52134c87a48de8d	6796
artifacts/p2/ei_derived_ore_f0_s1/round_2.json	6123570e	c088911a8a5d947007dea410ae45182ccff78324	6905
artifacts/p2/ei_derived_ore_f0_s1/round_3.json	6123570e	6a1e0d164ba8af2c3b1a94e38ce8ed7adbfbb3dc	6928
artifacts/p2/ei_derived_ore_f0_s1/round_4.json	6123570e	d2e24ff3fb7038952469659986e5061b8eb0a710	6922
artifacts/p2/ei_derived_ore_f0_s1/round_5.json	6123570e	88a04c72ef0508c7875b21f91beb7f14f9a36bb6	6967
artifacts/p2/ei_derived_ore_f0_s1/round_6.json	6123570e	696659ed1dd5c3db97df1f4f1f4594df83228ba0	7101
artifacts/p2/ei_derived_ore_f0_s1/round_7.json	6123570e	61226427174812a05fde8156bde1c3067589f271	7063
artifacts/p2/ei_derived_ore_f0_s1/round_8.json	6123570e	839ca540adecb2d9964ba2e00f308424a45bdddd	7068
artifacts/p2/ei_derived_ore_strict_f0.001_c8_s0/args.json	6123570e	8210d2e4ae9c37e5eafccb4daba3c06499d8bc4b	605
artifacts/p2/ei_derived_ore_strict_f0.001_c8_s0/round_1.json	6123570e	b08445bbc4c1eeeec9e1d3fa967bb61cc17386a1	8870
artifacts/p2/ei_derived_ore_strict_f0.001_c8_s0/round_2.json	6123570e	4b1d4a0ab52bd7480b8a9d93b7b629015926ed7a	8916
artifacts/p2/ei_derived_ore_strict_f0.001_c8_s0/round_3.json	6123570e	0d1af36ec785172695bb4bfcc1913bdc220b072f	8957
artifacts/p2/ei_derived_ore_strict_f0.001_c8_s0/round_4.json	6123570e	bbe8fd357841f67572391808dc0adce69a260d96	9006
artifacts/p2/ei_derived_ore_strict_f0.001_c8_s0/round_5.json	6123570e	f01a8d4ba6c4013ae320110d51233b9ce22e298d	8983
artifacts/p2/ei_derived_ore_strict_f0.001_c8_s0/round_6.json	6123570e	1d7cf5167935d8b305da1cfd572cfa35361d9f08	8962
artifacts/p2/ei_derived_ore_strict_f0.001_c8_s0/round_7.json	6123570e	7d0437c710ef514419bc7d3431201e42b8eedd65	8989
artifacts/p2/ei_derived_ore_strict_f0.001_c8_s0/round_8.json	6123570e	0957a8a9e43ff42c1b430399fe9836bf84528c94	9021
artifacts/p2/ei_derived_ore_strict_f0.01_c8_s0/args.json	6123570e	57f60c2e1fc377f6741ed0c6e1da4158778e895e	602
artifacts/p2/ei_derived_ore_strict_f0.01_c8_s0/round_1.json	6123570e	999f3334b97e2c5d7c76e5e99ea1ccc26cdc5b74	8821
artifacts/p2/ei_derived_ore_strict_f0.01_c8_s0/round_2.json	6123570e	82478b3d72c0f830b8943fc78fca2d17f11effd6	8809
artifacts/p2/ei_derived_ore_strict_f0.01_c8_s0/round_3.json	6123570e	8ef9dbdd65f1914fdf9003b2b5378076a2fb3baa	8957
artifacts/p2/ei_derived_ore_strict_f0.01_c8_s0/round_4.json	6123570e	73cd441cc34ac8ba61709d4a6b2d92b1c27a2d90	8943
artifacts/p2/ei_derived_ore_strict_f0.01_c8_s0/round_5.json	6123570e	67492fa0d3e5203949760603ff1d707fd8a39085	8932
artifacts/p2/ei_derived_ore_strict_f0.01_c8_s0/round_6.json	6123570e	306f256718d780b3e265cd849c49f7840aabba15	9029
artifacts/p2/ei_derived_ore_strict_f0.01_c8_s0/round_7.json	6123570e	086e20f1ff8186c1658a4ad96cc7faf1463fe974	8962
artifacts/p2/ei_derived_ore_strict_f0.01_c8_s0/round_8.json	6123570e	7494936ddaca4bd3fa8839511b5c0a2cfbc4d4a6	8988
artifacts/p2/ei_derived_ore_strict_f0_c8_s0/args.json	6123570e	0f76afc9cc060bf2c828edb9de5d8f250afddb17	593
artifacts/p2/ei_derived_ore_strict_f0_c8_s0/round_1.json	6123570e	a08d2e2f35a4a5f293f522d88cd60fbfc7539b41	8831
artifacts/p2/ei_derived_ore_strict_f0_c8_s0/round_2.json	6123570e	0113934f55219200f1df24bf41b08bcfa8604957	8859
artifacts/p2/ei_derived_ore_strict_f0_c8_s0/round_3.json	6123570e	9ee8a9072ada133ae5ef1de7557fca4ef08b215c	8866
artifacts/p2/ei_derived_ore_strict_f0_c8_s0/round_4.json	6123570e	20ea41244f7c54eed74fa3b27206a5805faad3b1	8964
artifacts/p2/ei_derived_ore_strict_f0_c8_s0/round_5.json	6123570e	aa948919745929a6d2105acff0d8e65f1ec4f1a1	8964
artifacts/p2/ei_derived_ore_strict_f0_c8_s0/round_6.json	6123570e	22360d92f95aeea2b0627e5c3d54cc90fd531b24	8973
artifacts/p2/ei_derived_ore_strict_f0_c8_s0/round_7.json	6123570e	e752a84e0f25093e08cb705142796bc5763f62f2	8980
artifacts/p2/ei_derived_ore_strict_f0_c8_s0/round_8.json	6123570e	a0be9296303fa7ce05d03b1bb873c85ed1239306	9057
artifacts/p2/ei_derived_ore_strict_f0_c8_s1/args.json	6123570e	7cd9166456776c59a216ffc4d56adf76c562c333	593
artifacts/p2/ei_derived_ore_strict_f0_c8_s1/round_1.json	6123570e	7c664dae3c7f12336bc730ad31891e7b03fdef1f	8850
artifacts/p2/ei_derived_ore_strict_f0_c8_s1/round_2.json	6123570e	f8a478aca895faa35760b2657a02f3a8a5935687	8950
artifacts/p2/ei_derived_ore_strict_f0_c8_s1/round_3.json	6123570e	4b1b04ef76780c077c144b80eb1da7ec00c52c12	8955
artifacts/p2/ei_derived_ore_strict_f0_c8_s1/round_4.json	6123570e	01439639daf901ab0c8682383a92000609f92fdd	8968
artifacts/p2/ei_derived_ore_strict_f0_c8_s1/round_5.json	6123570e	50206f23837a6e1f9bb2e4cc685ba1311bc619ac	8967
artifacts/p2/ei_derived_ore_strict_f0_c8_s1/round_6.json	6123570e	12c52ae7b39cd8f2f0bd3b06e18a4a4a7e11a581	8931
artifacts/p2/ei_derived_ore_strict_f0_c8_s1/round_7.json	6123570e	61a725c695b7dbdc05393542f96fa88a3ef9c0d7	8967
artifacts/p2/ei_derived_ore_strict_f0_c8_s1/round_8.json	6123570e	a8cf39a75c2a754da80f80a2af2206a19fe624d2	8916
artifacts/p2/ei_reductio_f0.0001_s0/args.json	6123570e	ab2782d60eb9198b363a6b4d4d4c14bc49250c6d	578
artifacts/p2/ei_reductio_f0.0001_s0/round_1.json	6123570e	1a49ed7790e220d7cb8426beb086c93de3108148	7685
artifacts/p2/ei_reductio_f0.0001_s0/round_2.json	6123570e	eb6f1a8cc61a054055673ea95d058dc2743d92c9	7782
artifacts/p2/ei_reductio_f0.0001_s0/round_3.json	6123570e	66c30f2747bf785e8fc8077879185b69af8fffb2	7855
artifacts/p2/ei_reductio_f0.0001_s0/round_4.json	6123570e	ab43cc73ac3685cf35d7d91ce2daa0a3ac6c9471	7857
artifacts/p2/ei_reductio_f0.0001_s0/round_5.json	6123570e	38daf5eab4e98fd19c0d5e227f0a84c721247aa5	7909
artifacts/p2/ei_reductio_f0.0001_s0/round_6.json	6123570e	0bb37fc83464ba895afb9c1f5a6baf8527de3d9d	7900
artifacts/p2/ei_reductio_f0.0001_s0/round_7.json	6123570e	ad7c705e2991ed49b30c4b0b1f0e55052262d867	7906
artifacts/p2/ei_reductio_f0.0001_s0/round_8.json	6123570e	36bbefe47d1dc55cdc2c9751417f49a8a17fccec	7903
artifacts/p2/ei_reductio_f0.001_s0/args.json	6123570e	1cc6ca367cdcf9890f7208723838ee2105b172c6	575
artifacts/p2/ei_reductio_f0.001_s0/round_1.json	6123570e	ac4ee231e4061fa6d7784ae26f982fa403c75d67	7586
artifacts/p2/ei_reductio_f0.001_s0/round_2.json	6123570e	493b17b97bc7e6aa0182373dbd559d8f8c02a562	7748
artifacts/p2/ei_reductio_f0.001_s0/round_3.json	6123570e	3ce928ed118351cc40701565a7d8b4cabe37b6b9	7920
artifacts/p2/ei_reductio_f0.001_s0/round_4.json	6123570e	8dcbbbe422171f92bde9dd719b5462cddce8d3d1	7911
artifacts/p2/ei_reductio_f0.001_s0/round_5.json	6123570e	a7c706b0ffaae2783620016606607fc8600aa3af	7907
artifacts/p2/ei_reductio_f0.001_s0/round_6.json	6123570e	c067b4a5c2599fc50729880718df538661319dd2	7905
artifacts/p2/ei_reductio_f0.001_s0/round_7.json	6123570e	624bae0d9018c689dabb63e2de97dea3cc7fc09f	7915
artifacts/p2/ei_reductio_f0.001_s0/round_8.json	6123570e	e1cb75bbd9c1310dd3e75b1b76ee4ca4745b9f24	7945
artifacts/p2/ei_reductio_f0.001_s1/args.json	6123570e	95544dde53953f19370066ae1d6fd6ac1f4ef8b8	575
artifacts/p2/ei_reductio_f0.001_s1/round_1.json	6123570e	b639cb95319c41266f54ee7782b6493970068b39	7768
artifacts/p2/ei_reductio_f0.001_s1/round_2.json	6123570e	4790c666989a8e3bb2160f138cf03999709d20d8	7797
artifacts/p2/ei_reductio_f0.001_s1/round_3.json	6123570e	259604673694cfe566daea22990a0744061a2dc3	7818
artifacts/p2/ei_reductio_f0.001_s1/round_4.json	6123570e	0e3d969d686d23ec2530046a6f18295a8baade36	7831
artifacts/p2/ei_reductio_f0.001_s1/round_5.json	6123570e	3fdd33b04febca71eaa7c2bf3370f393f2f3f4ee	7822
artifacts/p2/ei_reductio_f0.001_s1/round_6.json	6123570e	1ec076b7e0d9b047eca1dbad21e6cbba329af9d2	7830
artifacts/p2/ei_reductio_f0.001_s1/round_7.json	6123570e	f9af53e262f3903d2c983855a58e4a919d03d2c3	7845
artifacts/p2/ei_reductio_f0.001_s1/round_8.json	6123570e	144df7879d782de75d4912a592d39c7734722680	7943
artifacts/p2/ei_reductio_f0.01_s0/args.json	6123570e	cab292a83a03a0622be4b31fabeac52ab390a362	572
artifacts/p2/ei_reductio_f0.01_s0/round_1.json	6123570e	4e34a591bbc0da21f6315bf8e2f3777a82e2b58a	7782
artifacts/p2/ei_reductio_f0.01_s0/round_2.json	6123570e	300d941e7aca34154859074fda8213cb499f9682	7753
artifacts/p2/ei_reductio_f0.01_s0/round_3.json	6123570e	aa213255c44dbac275492d8a70f58d2568356578	7796
artifacts/p2/ei_reductio_f0.01_s0/round_4.json	6123570e	507dab88ef03a6c33ca3a634f7418f351ea389ff	7819
artifacts/p2/ei_reductio_f0.01_s0/round_5.json	6123570e	66f6cabed0857c7073853f614f20007d6baddc27	7915
artifacts/p2/ei_reductio_f0.01_s0/round_6.json	6123570e	175e249652ec2c84855c16f1db5a16ca3cc7c22a	8026
artifacts/p2/ei_reductio_f0.01_s0/round_7.json	6123570e	f0cee7c80fc4bcfb8d1ae20c99067eb4ff40f129	8007
artifacts/p2/ei_reductio_f0.01_s0/round_8.json	6123570e	4d469960c4d8bbd9cda6a4cca526a690c8ef0eb6	8013
artifacts/p2/ei_reductio_f0.1_s0/args.json	6123570e	3c36cccc5ff8201a9bdb8fdc38a34e8c6c0d21ae	527
artifacts/p2/ei_reductio_f0.1_s0/round_1.json	6123570e	83b50453f2804daa588c060c80e1fb448422a08f	7701
artifacts/p2/ei_reductio_f0.1_s0/round_2.json	6123570e	156f79c3b687574bcffcf9411337dcf2b690b0e9	7816
artifacts/p2/ei_reductio_f0.1_s0/round_3.json	6123570e	8f042ade42747b5acb63591e13c041b499203d79	7839
artifacts/p2/ei_reductio_f0.1_s0/round_4.json	6123570e	35f4399ab6a39e1b6f3167bdddb4c507df3ef50d	7858
artifacts/p2/ei_reductio_f0.1_s0/round_5.json	6123570e	1442c7cec4f14424adbf5cd27df7a6fe328ba97a	7851
artifacts/p2/ei_reductio_f0.1_s0/round_6.json	6123570e	ff9e03328b87d77ec6b1cb320ec036ca7c88a0f6	7883
artifacts/p2/ei_reductio_f0.1_s0/round_7.json	6123570e	bf0068f86c9512ad39edd1cbe2b57336a719c5ca	7897
artifacts/p2/ei_reductio_f0.1_s0/round_8.json	6123570e	f0fffa63beb61494fb92a9df68bfe04bc86723f4	7911
artifacts/p2/ei_reductio_f0.1_s0_t2/args.json	6123570e	d42597792a3004c880b0831fa9c2c7c5ab06402d	574
artifacts/p2/ei_reductio_f0.1_s0_t2/round_1.json	6123570e	dd2c1fbfa4670a0e98f9bc7bfa77afc8492adeeb	6350
artifacts/p2/ei_reductio_f0.1_s0_t2/round_2.json	6123570e	27c8b4dad5e61cfbdc84a447a15bde25c0289bf9	6383
artifacts/p2/ei_reductio_f0.1_s0_t2/round_3.json	6123570e	4a8b998d0fd4b6541dde7ded0014351946da6c8b	6399
artifacts/p2/ei_reductio_f0.1_s0_t2/round_4.json	6123570e	c14e846acfbbd53f9087c8231a779133d51a1522	6388
artifacts/p2/ei_reductio_f0.1_s0_t2/round_5.json	6123570e	ee69c11d677b831777f8bcbd23debb758555ffa8	6562
artifacts/p2/ei_reductio_f0.1_s0_t2/round_6.json	6123570e	4a7f7ba8553a3980af176c77dc0f32c0efb73ffc	6546
artifacts/p2/ei_reductio_f0.1_s0_t2/round_7.json	6123570e	5888e86ad4ec387526387a6eb1608fee3ee5d890	6780
artifacts/p2/ei_reductio_f0.1_s0_t2/round_8.json	6123570e	aa4468956a377e17790110aebe8e734f1fc1e151	6767
artifacts/p2/ei_reductio_f0.1_s1_t2/args.json	6123570e	53df420404e0651a6c25fd544b85303c5ac54c7e	574
artifacts/p2/ei_reductio_f0.1_s1_t2/round_1.json	6123570e	6fdb877a6d8837549911f75fafc7919b1f1ac894	6398
artifacts/p2/ei_reductio_f0.1_s1_t2/round_2.json	6123570e	4ae15365a2d7f2bfb8888bd4069d48d110f4080f	6347
artifacts/p2/ei_reductio_f0.1_s1_t2/round_3.json	6123570e	fdce6c2700c3b493349ebb696957368f3c2bf4fb	6219
artifacts/p2/ei_reductio_f0.1_s1_t2/round_4.json	6123570e	1f938b37549454bb282f8572fbbfb1492dcf0b9c	6238
artifacts/p2/ei_reductio_f0.1_s1_t2/round_5.json	6123570e	be2a9ce775e49c8066f4688d34f1addc3e57b60a	6305
artifacts/p2/ei_reductio_f0.1_s1_t2/round_6.json	6123570e	0d4795876ae529b9a9939932a9d58e410d6e2e3a	6277
artifacts/p2/ei_reductio_f0.1_s1_t2/round_7.json	6123570e	bb747e4c42cbe9e37425d655ed649beb04675643	6378
artifacts/p2/ei_reductio_f0.1_s1_t2/round_8.json	6123570e	c72f227a64038c9c2125a3e3c84c6516d5d21857	6351
artifacts/p2/ei_reductio_f0_s0/args.json	6123570e	1109f94b60e393b7446a4997d96a488575bdf9b0	521
artifacts/p2/ei_reductio_f0_s0/round_1.json	6123570e	5ee1b44a7600e4a73cbf2caca97a8547ca8f6c91	7697
artifacts/p2/ei_reductio_f0_s0/round_2.json	6123570e	95718514da75dfda36ce037dc6726f6b77355d9e	7764
artifacts/p2/ei_reductio_f0_s0/round_3.json	6123570e	bc978c3a4756f1bddf727cdfad2a69894bafae47	7822
artifacts/p2/ei_reductio_f0_s0/round_4.json	6123570e	567b700783e344d2814cad95a54b782a01f0bd07	7864
artifacts/p2/ei_reductio_f0_s0/round_5.json	6123570e	192a0e27b0ca5b5cb7f5cab49cf9b85d59e585dc	7928
artifacts/p2/ei_reductio_f0_s0/round_6.json	6123570e	38a43ea0f4e70ec6c83e449e25d96e0c2c271ca6	7992
artifacts/p2/ei_reductio_f0_s0/round_7.json	6123570e	0937937cca9374b249df50e0f281202f5511095c	7901
artifacts/p2/ei_reductio_f0_s0/round_8.json	6123570e	0026fddc492a005fac7c94f12972f48c3ee717d4	8046
artifacts/p2/ei_reductio_f0_s0_t2/args.json	6123570e	4f4288e424eadd465692c1997c25c60f95b73cac	568
artifacts/p2/ei_reductio_f0_s0_t2/round_1.json	6123570e	9a3a1340108a0189fafd52fc4f9511e14a258582	5855
artifacts/p2/ei_reductio_f0_s0_t2/round_2.json	6123570e	b384431f19e7122d447e24352e8aa00936033682	6065
artifacts/p2/ei_reductio_f0_s0_t2/round_3.json	6123570e	c50aa0c526f6c4b8d3a9590c73dae7b0afd43cb5	6394
artifacts/p2/ei_reductio_f0_s0_t2/round_4.json	6123570e	6b0a61f765b652f4ba8acb4c19f7ec952a8b9998	6440
artifacts/p2/ei_reductio_f0_s0_t2/round_5.json	6123570e	61140ebab50a2ad9696cdfa5cc481425d4e7edd4	6494
artifacts/p2/ei_reductio_f0_s0_t2/round_6.json	6123570e	b79e94f2e92dc8b6c204d2b88422ad9d12f4e8de	6393
artifacts/p2/ei_reductio_f0_s0_t2/round_7.json	6123570e	bf80c8c8f377e8e2c32b74a7d44f9aef7a0df464	6369
artifacts/p2/ei_reductio_f0_s0_t2/round_8.json	6123570e	1ef6b586aa0c6602ba61b843ba0cbfea02668d2e	6394
artifacts/p2/ei_reductio_f0_s1/args.json	6123570e	c8debdce60bac8b3416e8f9647f03cef5525d8d4	521
artifacts/p2/ei_reductio_f0_s1/round_1.json	6123570e	9651e6e376288a359329d6e434da11b2ce8a8a26	7582
artifacts/p2/ei_reductio_f0_s1/round_2.json	6123570e	d2b84aff1bb360fedc796fea327457faa08bc013	7637
artifacts/p2/ei_reductio_f0_s1/round_3.json	6123570e	34fb545d94f9b8cd9e7c13d8c58cde255cc2173e	7717
artifacts/p2/ei_reductio_f0_s1/round_4.json	6123570e	878a2c14752484f8a881919539d54ab27c2fd65a	7756
artifacts/p2/ei_reductio_f0_s1/round_5.json	6123570e	b03ad87e65146410b7c020aaf8788a07e67908c3	7774
artifacts/p2/ei_reductio_f0_s1/round_6.json	6123570e	263af71fe562a9287a048f09516fe83f3b6c0fb7	7790
artifacts/p2/ei_reductio_f0_s1/round_7.json	6123570e	dabc308e5cd99cf5550382a6dc16b4b48489df23	7797
artifacts/p2/ei_reductio_f0_s1/round_8.json	6123570e	e03557726e200645c2948366803ed4f06244354d	7756
artifacts/p2/ei_reductio_f0_s10_t2/args.json	6123570e	941414ae04dd501181a2f0c603d39e0d1a908f60	571
artifacts/p2/ei_reductio_f0_s10_t2/round_1.json	6123570e	68704a397aa9f32ce63a6843c560b553df2bd124	5859
artifacts/p2/ei_reductio_f0_s10_t2/round_2.json	6123570e	dfc582d690d03253f334258087799bb2c79417c7	5858
artifacts/p2/ei_reductio_f0_s10_t2/round_3.json	6123570e	954923f36427cb5521755517a5b14c1351d4f9c6	5857
artifacts/p2/ei_reductio_f0_s10_t2/round_4.json	6123570e	95acaf338158b15b4986aeaa476ae55883887966	5858
artifacts/p2/ei_reductio_f0_s10_t2/round_5.json	6123570e	90fecf237453422bf2ae8c64e06819c58962af19	5858
artifacts/p2/ei_reductio_f0_s10_t2/round_6.json	6123570e	513d8bba331460afb9f8b7df8c71231e8ed2db14	5858
artifacts/p2/ei_reductio_f0_s10_t2/round_7.json	6123570e	dbb30dcfff100ed81ce72dc93dc9948ca7b2df76	5858
artifacts/p2/ei_reductio_f0_s10_t2/round_8.json	6123570e	3de1e96f34e2730923b1660f7048e68e024f950a	5858
artifacts/p2/ei_reductio_f0_s10_t2_ivK/args.json	6123570e	5bfe8ee575cea8d85e0e58d9fa2962bf3765ae1f	611
artifacts/p2/ei_reductio_f0_s10_t2_ivK/round_5.json	6123570e	1e2581a116d8a863091bc74cafd53a0249518c82	5869
artifacts/p2/ei_reductio_f0_s10_t2_ivK/round_6.json	6123570e	a26e8af315d13e36232badb57ba7c5cec863d014	5858
artifacts/p2/ei_reductio_f0_s10_t2_ivK/round_7.json	6123570e	e5be446871c28ef922bf7a012b03e7e0b42855e5	5857
artifacts/p2/ei_reductio_f0_s10_t2_ivK/round_8.json	6123570e	73cb92b898058a230c8084ef5caa348499fb259b	5859
artifacts/p2/ei_reductio_f0_s10_t2_ivS/args.json	6123570e	0d02424c256f01a7a4f61f4d492a926953ec1b56	614
artifacts/p2/ei_reductio_f0_s10_t2_ivS/round_5.json	6123570e	3d2242b919abb5b3d7a0dcf317b3b64abbd0da46	6861
artifacts/p2/ei_reductio_f0_s10_t2_ivS/round_6.json	6123570e	eb20d4f228a31e5230eabfbace7771eddef9ae46	6882
artifacts/p2/ei_reductio_f0_s10_t2_ivS/round_7.json	6123570e	5b3b6fbbc78124435286dbe4f4dbe96584a7430a	6940
artifacts/p2/ei_reductio_f0_s10_t2_ivS/round_8.json	6123570e	83c12297492ac7d9ada1fb2b76e2352b2cb7d951	6950
artifacts/p2/ei_reductio_f0_s10_t2_ivS_transfer.json	6123570e	32f9cf3bdbb1c87e460525412a3982c98429b06c	239
artifacts/p2/ei_reductio_f0_s10_t2_ivT/args.json	6123570e	a9b01135030bc682610285f55a75e836be298691	611
artifacts/p2/ei_reductio_f0_s10_t2_ivT/round_5.json	6123570e	144c59df8c4c8955fc239d1330245c1d4151857a	5858
artifacts/p2/ei_reductio_f0_s10_t2_ivT/round_6.json	6123570e	0d754bc7ee946d9716745751b0caf85eaac3146c	5859
artifacts/p2/ei_reductio_f0_s10_t2_ivT/round_7.json	6123570e	776cba5e751820d59ae808b49f2c30bdd1654ecb	5858
artifacts/p2/ei_reductio_f0_s10_t2_ivT/round_8.json	6123570e	f8a3d47c1dae2081d4cd647f61bfa0de4a0504c9	5858
artifacts/p2/ei_reductio_f0_s1_t2/args.json	6123570e	461aea74b8fc80f98b79fb456f979085d037b337	568
artifacts/p2/ei_reductio_f0_s1_t2/round_1.json	6123570e	05c4bef5fca1673ec70dcedb466d09f967686a64	5884
artifacts/p2/ei_reductio_f0_s1_t2/round_2.json	6123570e	dd9764c28b73520b9b7b6a96d37e8812d12c1f7a	5886
artifacts/p2/ei_reductio_f0_s1_t2/round_3.json	6123570e	9152dd231bfae9a1cece7a930092484f7287af49	5873
artifacts/p2/ei_reductio_f0_s1_t2/round_4.json	6123570e	b39e2cc57a9134be7717a7e5a62565d8110967f4	5885
artifacts/p2/ei_reductio_f0_s1_t2/round_5.json	6123570e	937481d314d4c336b36e9521d289a1e4bb0a1688	5871
artifacts/p2/ei_reductio_f0_s1_t2/round_6.json	6123570e	909099b78edfb8d9b5594bf19128669733681574	5886
artifacts/p2/ei_reductio_f0_s1_t2/round_7.json	6123570e	518158de914320cb6d8a94aadcc6c57d7e015e19	5886
artifacts/p2/ei_reductio_f0_s1_t2/round_8.json	6123570e	3a4d902eb387f7b04de5df89fe8ce327dfe40616	5886
artifacts/p2/ei_reductio_f0_s1_t2_gen4_manifest.json	6123570e	f7a6e645f761e1c7c09b2917cda143cb737e0687	1490
artifacts/p2/ei_reductio_f0_s1_t2_inv4_manifest.json	6123570e	6537118a69792ba2e17b8a6c9ce963741543aa7d	1570
artifacts/p2/ei_reductio_f0_s1_t2_other4_manifest.json	6123570e	2bc72ba343ca273f6a79836678119e52f5ad5ce9	1980
artifacts/p2/ei_reductio_f0_s1_t2_sib16_manifest.json	6123570e	8d597cb2305caba8c3df8f1b364f29eaaafb27f8	6345
artifacts/p2/ei_reductio_f0_s1_t2_sib1_manifest.json	6123570e	931e6395ff051c71171f6e5cd2aa52bb531b661c	769
artifacts/p2/ei_reductio_f0_s1_t2_sib4_manifest.json	6123570e	b7a352c9a879644d73289c4b35d7ff98b2cf3870	1811
artifacts/p2/ei_reductio_f0_s2_t2/args.json	6123570e	f9740f5d8c6b3c0a1175f03cf662cf152d930bf2	568
artifacts/p2/ei_reductio_f0_s2_t2/round_1.json	6123570e	d6a40f065c61db39a8e0f541f8204ae9d9332c02	5916
artifacts/p2/ei_reductio_f0_s2_t2/round_2.json	6123570e	44c4c649e643de4b96c2f209c39aede1ba97c4ec	5915
artifacts/p2/ei_reductio_f0_s2_t2/round_3.json	6123570e	ce153cd970021c3f072c2f5aa8993988bf3e3454	5916
artifacts/p2/ei_reductio_f0_s2_t2/round_4.json	6123570e	35380373325604d19a46b1ea3bffc804202d40a8	5916
artifacts/p2/ei_reductio_f0_s2_t2/round_5.json	6123570e	9d2c30b26070713e9c0f51d12e6ba068b4c6f64b	5916
artifacts/p2/ei_reductio_f0_s2_t2/round_6.json	6123570e	cf17a573ec53f3f272795d378867d96e75ca3bf9	5916
artifacts/p2/ei_reductio_f0_s2_t2/round_7.json	6123570e	76f2d3053e25f5ce0670b1a6f11461532b2681aa	5916
artifacts/p2/ei_reductio_f0_s2_t2/round_8.json	6123570e	7d02d95989b971eda04fc434a4dacb24a03e1972	5916
artifacts/p2/ei_reductio_f0_s2_t2_gen4_manifest.json	6123570e	dad6be43814178b55bae3b0ce0969dcc3c1593e6	1490
artifacts/p2/ei_reductio_f0_s2_t2_inv4_manifest.json	6123570e	1def49f7fb50ffaedc5b5d7047cff4535dbe3e05	1570
artifacts/p2/ei_reductio_f0_s2_t2_other4_manifest.json	6123570e	bd644ebb603133fc490023a0687c730c589036dc	1980
artifacts/p2/ei_reductio_f0_s2_t2_sib16_manifest.json	6123570e	6c9bff4dba3b4b92752f8c7e5d2eea2faf1f9bc9	6437
artifacts/p2/ei_reductio_f0_s2_t2_sib1_manifest.json	6123570e	522acbf4798d071d036e54fb793ac43f6b248ccf	731
artifacts/p2/ei_reductio_f0_s2_t2_sib4_manifest.json	6123570e	eea7d9d67fc94ce84719cd67690ab2b60b0c22f9	1906
artifacts/p2/ei_reductio_f0_s3_t2.done	6123570e	e69de29bb2d1d6434b8b29ae775ad8c2e48c5391	0
artifacts/p2/ei_reductio_f0_s3_t2/args.json	6123570e	1045ae88a38d736c7bd926a530c679056e886c6f	568
artifacts/p2/ei_reductio_f0_s3_t2/ei_reductio_f0_s3_t2/args.json	6123570e	1045ae88a38d736c7bd926a530c679056e886c6f	568
artifacts/p2/ei_reductio_f0_s3_t2/ei_reductio_f0_s3_t2/round_1.json	6123570e	c2f1437fd9e269bdc2d11c0873875f97ee39a973	5936
artifacts/p2/ei_reductio_f0_s3_t2/ei_reductio_f0_s3_t2/round_2.json	6123570e	6b93194c0273fe14dd8b6bc048da197b9efd53f0	5937
artifacts/p2/ei_reductio_f0_s3_t2/ei_reductio_f0_s3_t2/round_3.json	6123570e	13b1805ee3234ee2b71d401a44fbf8ab51755033	5937
artifacts/p2/ei_reductio_f0_s3_t2/ei_reductio_f0_s3_t2/round_4.json	6123570e	0ef7284c7bd9d37bad865fffa6c9ae142766d6c2	5937
artifacts/p2/ei_reductio_f0_s3_t2/ei_reductio_f0_s3_t2/round_5.json	6123570e	bfb2a69a040ec7bca68c29df6bca74f33d5854e5	5937
artifacts/p2/ei_reductio_f0_s3_t2/ei_reductio_f0_s3_t2/round_6.json	6123570e	5a6a4e7e80c61076bca2a0dfeb55b015056ca275	6145
artifacts/p2/ei_reductio_f0_s3_t2/ei_reductio_f0_s3_t2/round_7.json	6123570e	c812445b457c3e9cb36eecb0849ee8d7b232f306	6369
artifacts/p2/ei_reductio_f0_s3_t2/ei_reductio_f0_s3_t2/round_8.json	6123570e	a74ba3de78d06c3c87d5a2c13122f4d87bdac4f3	6404
artifacts/p2/ei_reductio_f0_s3_t2/round_1.json	6123570e	c2f1437fd9e269bdc2d11c0873875f97ee39a973	5936
artifacts/p2/ei_reductio_f0_s3_t2/round_2.json	6123570e	6b93194c0273fe14dd8b6bc048da197b9efd53f0	5937
artifacts/p2/ei_reductio_f0_s3_t2/round_3.json	6123570e	13b1805ee3234ee2b71d401a44fbf8ab51755033	5937
artifacts/p2/ei_reductio_f0_s3_t2/round_4.json	6123570e	0ef7284c7bd9d37bad865fffa6c9ae142766d6c2	5937
artifacts/p2/ei_reductio_f0_s3_t2/round_5.json	6123570e	bfb2a69a040ec7bca68c29df6bca74f33d5854e5	5937
artifacts/p2/ei_reductio_f0_s3_t2/round_6.json	6123570e	5a6a4e7e80c61076bca2a0dfeb55b015056ca275	6145
artifacts/p2/ei_reductio_f0_s3_t2/round_7.json	6123570e	c812445b457c3e9cb36eecb0849ee8d7b232f306	6369
artifacts/p2/ei_reductio_f0_s3_t2/round_8.json	6123570e	a74ba3de78d06c3c87d5a2c13122f4d87bdac4f3	6404
artifacts/p2/ei_reductio_f0_s3_t2_ivK.done	6123570e	e69de29bb2d1d6434b8b29ae775ad8c2e48c5391	0
artifacts/p2/ei_reductio_f0_s3_t2_ivK/args.json	6123570e	41f6480b20d9522f69b922eeeed8087d23f180a7	613
artifacts/p2/ei_reductio_f0_s3_t2_ivK/ei_reductio_f0_s3_t2_ivK/args.json	6123570e	41f6480b20d9522f69b922eeeed8087d23f180a7	613
artifacts/p2/ei_reductio_f0_s3_t2_ivK/ei_reductio_f0_s3_t2_ivK/round_5.json	6123570e	53c4a6269951d15a4c1a71a75ca76685b63b6bb9	6162
artifacts/p2/ei_reductio_f0_s3_t2_ivK/ei_reductio_f0_s3_t2_ivK/round_6.json	6123570e	63d3ed78f7333f53a04f7707f567db60d626c3f6	6371
artifacts/p2/ei_reductio_f0_s3_t2_ivK/ei_reductio_f0_s3_t2_ivK/round_7.json	6123570e	f26ea072f0b304cea13f02b4d13fdc0f0760d7b3	6372
artifacts/p2/ei_reductio_f0_s3_t2_ivK/ei_reductio_f0_s3_t2_ivK/round_8.json	6123570e	b7125159ed408c5ba5eeef9a3556425f552204cd	6403
artifacts/p2/ei_reductio_f0_s3_t2_ivK/round_5.json	6123570e	53c4a6269951d15a4c1a71a75ca76685b63b6bb9	6162
artifacts/p2/ei_reductio_f0_s3_t2_ivK/round_6.json	6123570e	63d3ed78f7333f53a04f7707f567db60d626c3f6	6371
artifacts/p2/ei_reductio_f0_s3_t2_ivK/round_7.json	6123570e	f26ea072f0b304cea13f02b4d13fdc0f0760d7b3	6372
artifacts/p2/ei_reductio_f0_s3_t2_ivK/round_8.json	6123570e	b7125159ed408c5ba5eeef9a3556425f552204cd	6403
artifacts/p2/ei_reductio_f0_s3_t2_ivK_c.done	6123570e	e69de29bb2d1d6434b8b29ae775ad8c2e48c5391	0
artifacts/p2/ei_reductio_f0_s3_t2_ivS.done	6123570e	e69de29bb2d1d6434b8b29ae775ad8c2e48c5391	0
artifacts/p2/ei_reductio_f0_s3_t2_ivS/args.json	6123570e	df066ee11e871244e02ad8dfa5a405a3eed00ac7	610
artifacts/p2/ei_reductio_f0_s3_t2_ivS/ei_reductio_f0_s3_t2_ivS/args.json	6123570e	df066ee11e871244e02ad8dfa5a405a3eed00ac7	610
artifacts/p2/ei_reductio_f0_s3_t2_ivS/ei_reductio_f0_s3_t2_ivS/round_5.json	6123570e	8982200a1943d9aea5ab67343dc73090acf52491	6608
artifacts/p2/ei_reductio_f0_s3_t2_ivS/ei_reductio_f0_s3_t2_ivS/round_6.json	6123570e	ab1381ad84b5e760e1b8acd0ccfe559fea3d561f	6633
artifacts/p2/ei_reductio_f0_s3_t2_ivS/ei_reductio_f0_s3_t2_ivS/round_7.json	6123570e	0d0f3c284d2f0248d2043905967d6c741cfd93bb	6579
artifacts/p2/ei_reductio_f0_s3_t2_ivS/ei_reductio_f0_s3_t2_ivS/round_8.json	6123570e	edcfa5a2f16dcdd959b7078cc6a139c6d99981dd	6521
artifacts/p2/ei_reductio_f0_s3_t2_ivS/round_5.json	6123570e	8982200a1943d9aea5ab67343dc73090acf52491	6608
artifacts/p2/ei_reductio_f0_s3_t2_ivS/round_6.json	6123570e	ab1381ad84b5e760e1b8acd0ccfe559fea3d561f	6633
artifacts/p2/ei_reductio_f0_s3_t2_ivS/round_7.json	6123570e	0d0f3c284d2f0248d2043905967d6c741cfd93bb	6579
artifacts/p2/ei_reductio_f0_s3_t2_ivS/round_8.json	6123570e	edcfa5a2f16dcdd959b7078cc6a139c6d99981dd	6521
artifacts/p2/ei_reductio_f0_s3_t2_ivS_transfer.json	6123570e	87e79affdb1eb32c6f00502e09c2bbab0fa2817a	236
artifacts/p2/ei_reductio_f0_s3_t2_ivT.done	6123570e	e69de29bb2d1d6434b8b29ae775ad8c2e48c5391	0
artifacts/p2/ei_reductio_f0_s3_t2_ivT/args.json	6123570e	2f879cceda1ffbe37baf35c5010ae2ebcbffb5d7	607
artifacts/p2/ei_reductio_f0_s3_t2_ivT/ei_reductio_f0_s3_t2_ivT/args.json	6123570e	2f879cceda1ffbe37baf35c5010ae2ebcbffb5d7	607
artifacts/p2/ei_reductio_f0_s3_t2_ivT/ei_reductio_f0_s3_t2_ivT/round_5.json	6123570e	89c732d7e0ffe4b46e22a12bd5c25e4f76a4415b	5937
artifacts/p2/ei_reductio_f0_s3_t2_ivT/ei_reductio_f0_s3_t2_ivT/round_6.json	6123570e	4ca3096ca1b2e6a7429a1793c79e41e18f06159d	6144
artifacts/p2/ei_reductio_f0_s3_t2_ivT/ei_reductio_f0_s3_t2_ivT/round_7.json	6123570e	1daa468be26466e885906cec7808814326606539	6344
artifacts/p2/ei_reductio_f0_s3_t2_ivT/ei_reductio_f0_s3_t2_ivT/round_8.json	6123570e	1db14d3ad52f2458def40d48266a5ac2105990cf	6410
artifacts/p2/ei_reductio_f0_s3_t2_ivT/round_5.json	6123570e	89c732d7e0ffe4b46e22a12bd5c25e4f76a4415b	5937
artifacts/p2/ei_reductio_f0_s3_t2_ivT/round_6.json	6123570e	4ca3096ca1b2e6a7429a1793c79e41e18f06159d	6144
artifacts/p2/ei_reductio_f0_s3_t2_ivT/round_7.json	6123570e	1daa468be26466e885906cec7808814326606539	6344
artifacts/p2/ei_reductio_f0_s3_t2_ivT/round_8.json	6123570e	1db14d3ad52f2458def40d48266a5ac2105990cf	6410
artifacts/p2/ei_reductio_f0_s3_t2_ivT_c.done	6123570e	e69de29bb2d1d6434b8b29ae775ad8c2e48c5391	0
artifacts/p2/ei_reductio_f0_s4_t2.done	6123570e	e69de29bb2d1d6434b8b29ae775ad8c2e48c5391	0
artifacts/p2/ei_reductio_f0_s4_t2/args.json	6123570e	c29ef45c2d8a7881db72e9a7b4411baa1d608f10	568
artifacts/p2/ei_reductio_f0_s4_t2/ei_reductio_f0_s4_t2/args.json	6123570e	c29ef45c2d8a7881db72e9a7b4411baa1d608f10	568
artifacts/p2/ei_reductio_f0_s4_t2/ei_reductio_f0_s4_t2/round_1.json	6123570e	b14c14035dbfdbc54309f0030cf3ef27eeacc459	5930
artifacts/p2/ei_reductio_f0_s4_t2/ei_reductio_f0_s4_t2/round_2.json	6123570e	a800f6eb16b386fb111d8b5a28973ffc2814affd	5930
artifacts/p2/ei_reductio_f0_s4_t2/ei_reductio_f0_s4_t2/round_3.json	6123570e	b83e3f3b6ecace599a22891de131269e4bdba137	5931
artifacts/p2/ei_reductio_f0_s4_t2/ei_reductio_f0_s4_t2/round_4.json	6123570e	98d8bf35f790446818908314ee7574932bbac29b	5930
artifacts/p2/ei_reductio_f0_s4_t2/ei_reductio_f0_s4_t2/round_5.json	6123570e	a1ea42daba13416a054bb8787a9d6ec4022740d9	5931
artifacts/p2/ei_reductio_f0_s4_t2/ei_reductio_f0_s4_t2/round_6.json	6123570e	dc79e22590251b0b035ddb3c476a79995c681acc	5931
artifacts/p2/ei_reductio_f0_s4_t2/ei_reductio_f0_s4_t2/round_7.json	6123570e	ebba6767360bc7e41ff01d6237dad0e61cd3ab6e	5931
artifacts/p2/ei_reductio_f0_s4_t2/ei_reductio_f0_s4_t2/round_8.json	6123570e	e6c1ba3c751f82d4ba566508662a154c4abe8305	5931
artifacts/p2/ei_reductio_f0_s4_t2/round_1.json	6123570e	b14c14035dbfdbc54309f0030cf3ef27eeacc459	5930
artifacts/p2/ei_reductio_f0_s4_t2/round_2.json	6123570e	a800f6eb16b386fb111d8b5a28973ffc2814affd	5930
artifacts/p2/ei_reductio_f0_s4_t2/round_3.json	6123570e	b83e3f3b6ecace599a22891de131269e4bdba137	5931
artifacts/p2/ei_reductio_f0_s4_t2/round_4.json	6123570e	98d8bf35f790446818908314ee7574932bbac29b	5930
artifacts/p2/ei_reductio_f0_s4_t2/round_5.json	6123570e	a1ea42daba13416a054bb8787a9d6ec4022740d9	5931
artifacts/p2/ei_reductio_f0_s4_t2/round_6.json	6123570e	dc79e22590251b0b035ddb3c476a79995c681acc	5931
artifacts/p2/ei_reductio_f0_s4_t2/round_7.json	6123570e	ebba6767360bc7e41ff01d6237dad0e61cd3ab6e	5931
artifacts/p2/ei_reductio_f0_s4_t2/round_8.json	6123570e	e6c1ba3c751f82d4ba566508662a154c4abe8305	5931
artifacts/p2/ei_reductio_f0_s4_t2_ivK.done	6123570e	e69de29bb2d1d6434b8b29ae775ad8c2e48c5391	0
artifacts/p2/ei_reductio_f0_s4_t2_ivK/args.json	6123570e	80f8e94233abdaf189c4d1a9b43539e9ee3f66d1	607
artifacts/p2/ei_reductio_f0_s4_t2_ivK/ei_reductio_f0_s4_t2_ivK/args.json	6123570e	80f8e94233abdaf189c4d1a9b43539e9ee3f66d1	607
artifacts/p2/ei_reductio_f0_s4_t2_ivK/ei_reductio_f0_s4_t2_ivK/round_5.json	6123570e	3055af778a8426e0338a6b911fe2a03ddc23e42d	5946
artifacts/p2/ei_reductio_f0_s4_t2_ivK/ei_reductio_f0_s4_t2_ivK/round_6.json	6123570e	640088c1ccc690fc553cbf7571518cae9b4120cf	5930
artifacts/p2/ei_reductio_f0_s4_t2_ivK/ei_reductio_f0_s4_t2_ivK/round_7.json	6123570e	cae06c05f4dd43b339cff529c88b4d2bf00c800a	5930
artifacts/p2/ei_reductio_f0_s4_t2_ivK/ei_reductio_f0_s4_t2_ivK/round_8.json	6123570e	a55e0da21de17d78198c6830b2024e846a392abb	5930
artifacts/p2/ei_reductio_f0_s4_t2_ivK/round_5.json	6123570e	3055af778a8426e0338a6b911fe2a03ddc23e42d	5946
artifacts/p2/ei_reductio_f0_s4_t2_ivK/round_6.json	6123570e	640088c1ccc690fc553cbf7571518cae9b4120cf	5930
artifacts/p2/ei_reductio_f0_s4_t2_ivK/round_7.json	6123570e	cae06c05f4dd43b339cff529c88b4d2bf00c800a	5930
artifacts/p2/ei_reductio_f0_s4_t2_ivK/round_8.json	6123570e	a55e0da21de17d78198c6830b2024e846a392abb	5930
artifacts/p2/ei_reductio_f0_s4_t2_ivK_c.done	6123570e	e69de29bb2d1d6434b8b29ae775ad8c2e48c5391	0
artifacts/p2/ei_reductio_f0_s4_t2_ivS.done	6123570e	e69de29bb2d1d6434b8b29ae775ad8c2e48c5391	0
artifacts/p2/ei_reductio_f0_s4_t2_ivS/args.json	6123570e	10277b9fbd0b86b0d15440d6c682a6745939f2ed	610
artifacts/p2/ei_reductio_f0_s4_t2_ivS/ei_reductio_f0_s4_t2_ivS/args.json	6123570e	10277b9fbd0b86b0d15440d6c682a6745939f2ed	610
artifacts/p2/ei_reductio_f0_s4_t2_ivS/ei_reductio_f0_s4_t2_ivS/round_5.json	6123570e	9da0bb77e3287b6450093be4bc1e5e588b7009be	6788
artifacts/p2/ei_reductio_f0_s4_t2_ivS/ei_reductio_f0_s4_t2_ivS/round_6.json	6123570e	2034e0b6e07909401645a24434e056d4b89cf76f	6731
artifacts/p2/ei_reductio_f0_s4_t2_ivS/ei_reductio_f0_s4_t2_ivS/round_7.json	6123570e	8b593c6c82be527805cbf2e5bf8b69f1649e5c28	6887
artifacts/p2/ei_reductio_f0_s4_t2_ivS/ei_reductio_f0_s4_t2_ivS/round_8.json	6123570e	d8e9d6b495d4b2e8444c977694e17e673700bf31	6875
artifacts/p2/ei_reductio_f0_s4_t2_ivS/round_5.json	6123570e	9da0bb77e3287b6450093be4bc1e5e588b7009be	6788
artifacts/p2/ei_reductio_f0_s4_t2_ivS/round_6.json	6123570e	2034e0b6e07909401645a24434e056d4b89cf76f	6731
artifacts/p2/ei_reductio_f0_s4_t2_ivS/round_7.json	6123570e	8b593c6c82be527805cbf2e5bf8b69f1649e5c28	6887
artifacts/p2/ei_reductio_f0_s4_t2_ivS/round_8.json	6123570e	d8e9d6b495d4b2e8444c977694e17e673700bf31	6875
artifacts/p2/ei_reductio_f0_s4_t2_ivS_transfer.json	6123570e	6fbf1f4aaaeec6cbf5d09226c84d7086f425befd	236
artifacts/p2/ei_reductio_f0_s4_t2_ivT.done	6123570e	e69de29bb2d1d6434b8b29ae775ad8c2e48c5391	0
artifacts/p2/ei_reductio_f0_s4_t2_ivT/args.json	6123570e	662fb09cac553990d2355e61f169e8d21062b28c	607
artifacts/p2/ei_reductio_f0_s4_t2_ivT/ei_reductio_f0_s4_t2_ivT/args.json	6123570e	662fb09cac553990d2355e61f169e8d21062b28c	607
artifacts/p2/ei_reductio_f0_s4_t2_ivT/ei_reductio_f0_s4_t2_ivT/round_5.json	6123570e	c03e39661403eac262cc0595626011937f10b7a8	5930
artifacts/p2/ei_reductio_f0_s4_t2_ivT/ei_reductio_f0_s4_t2_ivT/round_6.json	6123570e	7e0cff9ba7918288128b39121032d23aea1983f6	5931
artifacts/p2/ei_reductio_f0_s4_t2_ivT/ei_reductio_f0_s4_t2_ivT/round_7.json	6123570e	2045f6d22a05cc9dfc1e4a5340b5d9f95fe0c651	5929
artifacts/p2/ei_reductio_f0_s4_t2_ivT/ei_reductio_f0_s4_t2_ivT/round_8.json	6123570e	5074af624ea7d02cf663506b934e77ffa4eb7e7d	5931
artifacts/p2/ei_reductio_f0_s4_t2_ivT/round_5.json	6123570e	c03e39661403eac262cc0595626011937f10b7a8	5930
artifacts/p2/ei_reductio_f0_s4_t2_ivT/round_6.json	6123570e	7e0cff9ba7918288128b39121032d23aea1983f6	5931
artifacts/p2/ei_reductio_f0_s4_t2_ivT/round_7.json	6123570e	2045f6d22a05cc9dfc1e4a5340b5d9f95fe0c651	5929
artifacts/p2/ei_reductio_f0_s4_t2_ivT/round_8.json	6123570e	5074af624ea7d02cf663506b934e77ffa4eb7e7d	5931
artifacts/p2/ei_reductio_f0_s4_t2_ivT_c.done	6123570e	e69de29bb2d1d6434b8b29ae775ad8c2e48c5391	0
artifacts/p2/ei_reductio_f0_s5_t2/args.json	6123570e	cbf3e1d027a7d7464c9902228177a6179b2172d8	568
artifacts/p2/ei_reductio_f0_s5_t2/round_1.json	6123570e	c91dda76826de747d1506dec6d6da05efa277769	5901
artifacts/p2/ei_reductio_f0_s5_t2/round_2.json	6123570e	a83f22a716ccfcce36294e1631653ab8f2a4557f	5901
artifacts/p2/ei_reductio_f0_s5_t2/round_3.json	6123570e	627521aaa6d26e04f1768c3bc5153554e85b7bb1	5901
artifacts/p2/ei_reductio_f0_s5_t2/round_4.json	6123570e	5c315a53515836d4d7af92dbae513f1fa76cf1db	5901
artifacts/p2/ei_reductio_f0_s5_t2/round_5.json	6123570e	2f9151ed5aaf4a5197423c102bf20e8c44d1cc69	5901
artifacts/p2/ei_reductio_f0_s5_t2/round_6.json	6123570e	3f4db97ac75f298736a92e73f73088b20329b81f	5901
artifacts/p2/ei_reductio_f0_s5_t2/round_7.json	6123570e	b0a8f616d48e9e3c0b7075b19d94b126b9b53e74	5901
artifacts/p2/ei_reductio_f0_s5_t2/round_8.json	6123570e	7f930dbbd0d31a1d10c96fc76db9e4c313f05047	5901
artifacts/p2/ei_reductio_f0_s5_t2_ivK/args.json	6123570e	e3675d920b6fc25baa461a529622f3a69c797ad7	607
artifacts/p2/ei_reductio_f0_s5_t2_ivK/round_5.json	6123570e	0da58465e52f7448d3f3578e8b39eba6447cd032	5914
artifacts/p2/ei_reductio_f0_s5_t2_ivK/round_6.json	6123570e	daf64bce538ab583a78c301db4f0be747825dffc	5901
artifacts/p2/ei_reductio_f0_s5_t2_ivK/round_7.json	6123570e	faf01732dcd6e25799b9a3599d4376e503c63cf6	5901
artifacts/p2/ei_reductio_f0_s5_t2_ivK/round_8.json	6123570e	dbcd510a6ae861cf266552bd99529d26408181d6	5901
artifacts/p2/ei_reductio_f0_s5_t2_ivS/args.json	6123570e	b04288af0821d81880435799b520582b0281e4ac	610
artifacts/p2/ei_reductio_f0_s5_t2_ivS/round_5.json	6123570e	3efd2d89656779f32d3fbef2087d0e7ebfc056ea	6612
artifacts/p2/ei_reductio_f0_s5_t2_ivS/round_6.json	6123570e	ac62aade99a79506d1671ce3b2171f5402e0e361	6576
artifacts/p2/ei_reductio_f0_s5_t2_ivS/round_7.json	6123570e	d3cbed93a639873dde1d0f767f86a0daf14c6df5	6767
artifacts/p2/ei_reductio_f0_s5_t2_ivS/round_8.json	6123570e	91e90ebee4347858ce67e4d382e86da08e796dfe	6789
artifacts/p2/ei_reductio_f0_s5_t2_ivS_transfer.json	6123570e	49959cf50ad7303933d69bd2417af95d2529b9e4	236
artifacts/p2/ei_reductio_f0_s5_t2_ivT/args.json	6123570e	b209d324cef250a2ac511c34eb04c2a860731ed9	607
artifacts/p2/ei_reductio_f0_s5_t2_ivT/round_5.json	6123570e	5dbb2a3107bd8b6d5da6a1a90b4a9e9cf22c70c6	5901
artifacts/p2/ei_reductio_f0_s5_t2_ivT/round_6.json	6123570e	0b60d9524897ffefb0675ebfca47a5c77a5ca07a	5901
artifacts/p2/ei_reductio_f0_s5_t2_ivT/round_7.json	6123570e	3aa4d3e6462b58f001eeb514ae07d9f2a627b277	5901
artifacts/p2/ei_reductio_f0_s5_t2_ivT/round_8.json	6123570e	3e6a3162871214b9c9ab615e41bf0af92828dda9	5900
artifacts/p2/ei_reductio_f0_s6_t2/args.json	6123570e	76e802ba2cb318991e63151b7a5526eef85e792a	568
artifacts/p2/ei_reductio_f0_s6_t2/round_1.json	6123570e	6f295656143d1ac59a7afec293e830e07fa0487a	5877
artifacts/p2/ei_reductio_f0_s6_t2/round_2.json	6123570e	820d8a7f38bdf4e1e5c5ed6c366eaf788f323ec9	5878
artifacts/p2/ei_reductio_f0_s6_t2/round_3.json	6123570e	d6a834943043200dd547f34bf043abef5ed81a29	5888
artifacts/p2/ei_reductio_f0_s6_t2/round_4.json	6123570e	94fb43ab9a22363809545bcdbe8fe11ab3444229	5889
artifacts/p2/ei_reductio_f0_s6_t2/round_5.json	6123570e	6ed5e0202d692561aced1975d61f8b19f231d086	5878
artifacts/p2/ei_reductio_f0_s6_t2/round_6.json	6123570e	d6bd6a8549fc4a38ad4bfbe769d30932ae532f4b	5876
artifacts/p2/ei_reductio_f0_s6_t2/round_7.json	6123570e	96465bb17e46d3d998d9b2a03d0fa818de73e851	5878
artifacts/p2/ei_reductio_f0_s6_t2/round_8.json	6123570e	2697cade8ed00830956b1814fb5d8591c70bfc7f	5901
artifacts/p2/ei_reductio_f0_s6_t2_ivK/args.json	6123570e	3a5c7665c1ee777b084bc133003f9d27b8ecf4b9	607
artifacts/p2/ei_reductio_f0_s6_t2_ivK/round_5.json	6123570e	c7f71c8598815711ac49a04c036367a105b4cf91	5901
artifacts/p2/ei_reductio_f0_s6_t2_ivK/round_6.json	6123570e	a26d1b577f8ffb9e029b31e5ff1af1447243ee5e	5877
artifacts/p2/ei_reductio_f0_s6_t2_ivK/round_7.json	6123570e	060ce691d84661da257c9effae0dc39e5e8bf536	5877
artifacts/p2/ei_reductio_f0_s6_t2_ivK/round_8.json	6123570e	cd377b843c910eaf04056b7d932e96bbeb244886	5900
artifacts/p2/ei_reductio_f0_s6_t2_ivS/args.json	6123570e	717e974d1af0b4c4a8118fca264654656a57368c	610
artifacts/p2/ei_reductio_f0_s6_t2_ivS/round_5.json	6123570e	ccd392cf32c3f079db01f45b4136b115fff4dfb2	6666
artifacts/p2/ei_reductio_f0_s6_t2_ivS/round_6.json	6123570e	8f083b014874eeb4400e0a087f287ef9b6dbf053	6847
artifacts/p2/ei_reductio_f0_s6_t2_ivS/round_7.json	6123570e	d459bed976a211963597a412e1661b8116616f35	6917
artifacts/p2/ei_reductio_f0_s6_t2_ivS/round_8.json	6123570e	6f19f838d445389e7463e68ec2077d299864462f	6932
artifacts/p2/ei_reductio_f0_s6_t2_ivS_transfer.json	6123570e	247d4114a18f55fea61068c0b7dc0ac4187b21e1	236
artifacts/p2/ei_reductio_f0_s6_t2_ivT/args.json	6123570e	f9ff4e391449c50c457d381d8a0f7dfff7a7f9e6	607
artifacts/p2/ei_reductio_f0_s6_t2_ivT/round_5.json	6123570e	98c49df725c582efbef4cc31b281a2f9ca9cf535	5911
artifacts/p2/ei_reductio_f0_s6_t2_ivT/round_6.json	6123570e	56d2446dc5c8d08358a18498d0e3d2d2d7013f70	5878
artifacts/p2/ei_reductio_f0_s6_t2_ivT/round_7.json	6123570e	1b8f872b09c69babf84319345bc2c5bb38076b71	5878
artifacts/p2/ei_reductio_f0_s6_t2_ivT/round_8.json	6123570e	fb78b3b9667cc05769a2222135aa49e179576a14	5900
artifacts/p2/ei_reductio_f0_s7_t2/args.json	6123570e	8b72cb82a6f957f1071d988ec086220bb2413089	568
artifacts/p2/ei_reductio_f0_s7_t2/round_1.json	6123570e	8c3efa702755a76e511e3f11d4f541979ed91e05	6114
artifacts/p2/ei_reductio_f0_s7_t2/round_2.json	6123570e	3426a6d14ad2512de93f1fec944ea4508d2a6b77	6351
artifacts/p2/ei_reductio_f0_s7_t2/round_3.json	6123570e	a9947e4a57cf0943caf9aa0bc79c6b29825bbf75	6496
artifacts/p2/ei_reductio_f0_s7_t2/round_4.json	6123570e	b3a0a217c94981f395c4e68411edd91a97f4f1c8	6638
artifacts/p2/ei_reductio_f0_s7_t2/round_5.json	6123570e	17c4b10eaee217fca92b974ad90ba279961873a1	6678
artifacts/p2/ei_reductio_f0_s7_t2/round_6.json	6123570e	7cf060e872b504a39da26e1c092ba05506f06323	6943
artifacts/p2/ei_reductio_f0_s7_t2/round_7.json	6123570e	b7856d67840b01b4af4441579d239430a7288d2e	7013
artifacts/p2/ei_reductio_f0_s7_t2/round_8.json	6123570e	091fac769d0d00fcd2e742b4b4b7deb5cd0d0579	6860
artifacts/p2/ei_reductio_f0_s8_t2/args.json	6123570e	29d0b335a4e7e33690899385cbc2cb1a84f18da9	568
artifacts/p2/ei_reductio_f0_s8_t2/round_1.json	6123570e	76a7ed15d52e9fa79c55e3e2feaa1bf77b042caf	5915
artifacts/p2/ei_reductio_f0_s8_t2/round_2.json	6123570e	1576b9baadc21fa06a29900e9e3087401464f7d9	5914
artifacts/p2/ei_reductio_f0_s8_t2/round_3.json	6123570e	7945b762556f3449c194a26d2ff738252c0dc12f	5915
artifacts/p2/ei_reductio_f0_s8_t2/round_4.json	6123570e	17443675145c61d461b41e0744f7239e9a243dd3	5915
artifacts/p2/ei_reductio_f0_s8_t2/round_5.json	6123570e	9e3e9a9aaeb82833bce69049e4f25e944ad522f1	5915
artifacts/p2/ei_reductio_f0_s8_t2/round_6.json	6123570e	a9425d8790c4b2970e21b201e2aee2b9abab9614	5914
artifacts/p2/ei_reductio_f0_s8_t2/round_7.json	6123570e	599f41f7080bb6a7bc06f613b2b6e2cf842a5825	5913
artifacts/p2/ei_reductio_f0_s8_t2/round_8.json	6123570e	a68069ef1b17791de7ba6191d3726bed475170c7	5938
artifacts/p2/ei_reductio_f0_s8_t2_ivK/args.json	6123570e	2fc49dd85506ab569d8ad6435bf99edebdca7233	607
artifacts/p2/ei_reductio_f0_s8_t2_ivK/round_5.json	6123570e	000b99c858200e94493935bff3de737448e31b7e	5929
artifacts/p2/ei_reductio_f0_s8_t2_ivK/round_6.json	6123570e	06a04859aa173b692c5e32cb66e4122be451349c	5915
artifacts/p2/ei_reductio_f0_s8_t2_ivK/round_7.json	6123570e	bfca586ef03613485164d9848083c43d19204600	5913
artifacts/p2/ei_reductio_f0_s8_t2_ivK/round_8.json	6123570e	f475bbbdb32cec7fae5d4cf6e02ffe15d8407fda	5938
artifacts/p2/ei_reductio_f0_s8_t2_ivS/args.json	6123570e	38f5a47c294e4293fc812b168c5aa95abbb77489	610
artifacts/p2/ei_reductio_f0_s8_t2_ivS/round_5.json	6123570e	f85ea6f14d3fda3b1d15bc6540788e20d9c63d76	6885
artifacts/p2/ei_reductio_f0_s8_t2_ivS/round_6.json	6123570e	649964ccc03b378bbfa4fe86adca4131795937fb	6925
artifacts/p2/ei_reductio_f0_s8_t2_ivS/round_7.json	6123570e	86573c552ce38c6289296dfa9e4ee6f93f56dbb5	6838
artifacts/p2/ei_reductio_f0_s8_t2_ivS/round_8.json	6123570e	aadfbe54526ca2f3fae8192d0d1eaa703eede0fc	6914
artifacts/p2/ei_reductio_f0_s8_t2_ivS_transfer.json	6123570e	9ae89d442fe652a9509f175a2acd5e94f5bc53de	236
artifacts/p2/ei_reductio_f0_s8_t2_ivT/args.json	6123570e	e8045b915843b7fe8c3ddecf0b090305728ade4f	607
artifacts/p2/ei_reductio_f0_s8_t2_ivT/round_5.json	6123570e	0a8ebe23cad8f64d1849540444b121847f45bade	5960
artifacts/p2/ei_reductio_f0_s8_t2_ivT/round_6.json	6123570e	630255f4fe8621bc1262624b12d4b9dc9ec9df19	5915
artifacts/p2/ei_reductio_f0_s8_t2_ivT/round_7.json	6123570e	0c368f3f54274a17d2a4dc737da8471db2a05cff	5914
artifacts/p2/ei_reductio_f0_s8_t2_ivT/round_8.json	6123570e	888e166fb1379b23063bf6b7af53d6d23a920bf3	5937
artifacts/p2/ei_reductio_f0_s9_t2/args.json	6123570e	caee27edb62f6d56878d46918d5765f86b59bada	568
artifacts/p2/ei_reductio_f0_s9_t2/round_1.json	6123570e	80beb4a68c959429109913a9e513fcbedfc1bf7d	5914
artifacts/p2/ei_reductio_f0_s9_t2/round_2.json	6123570e	f0cc798b108b51bc82245ddde35a81300c9ba27d	5913
artifacts/p2/ei_reductio_f0_s9_t2/round_3.json	6123570e	69e5693aa5ee3b690247aa2540052e5b7b73514f	5913
artifacts/p2/ei_reductio_f0_s9_t2/round_4.json	6123570e	74dcd9648f56e8f5e26a2eaad33bcc6ed88ff9ae	5914
artifacts/p2/ei_reductio_f0_s9_t2/round_5.json	6123570e	189f923eb9aa255283e42d8c25c9c9c4ea129ebc	5914
artifacts/p2/ei_reductio_f0_s9_t2/round_6.json	6123570e	76eaccb1096dbd327a022af9628523e449794137	6327
artifacts/p2/ei_reductio_f0_s9_t2/round_7.json	6123570e	bac33e4b2d751fe56daec211d725f5b2703ce06c	6412
artifacts/p2/ei_reductio_f0_s9_t2/round_8.json	6123570e	8f5a3f1c01a94e67e09d8951e77a8be11b0985b4	6357
artifacts/p2/ei_reductio_f0_s9_t2_ivK/args.json	6123570e	479e53ae062a230397a5bd2e927e235bc0b68a6b	607
artifacts/p2/ei_reductio_f0_s9_t2_ivK/round_5.json	6123570e	2bce190244512acef16a305f57af5fd582d47e69	6141
artifacts/p2/ei_reductio_f0_s9_t2_ivK/round_6.json	6123570e	d73131835c92abcf3808f816809629c25e51948a	6326
artifacts/p2/ei_reductio_f0_s9_t2_ivK/round_7.json	6123570e	e411d43011c30b8bc76191a3d74c988b4a6ca50f	6368
artifacts/p2/ei_reductio_f0_s9_t2_ivK/round_8.json	6123570e	0382890d3ded82a5d4286b2631f21efcadf0c41d	6364
artifacts/p2/ei_reductio_f0_s9_t2_ivS/args.json	6123570e	dc5d6e89047ebd033a9de3425335a841c09b3cc9	610
artifacts/p2/ei_reductio_f0_s9_t2_ivS/round_5.json	6123570e	07cb8e2c9a9c0cc479664496810005aa3b29b0e9	6647
artifacts/p2/ei_reductio_f0_s9_t2_ivS/round_6.json	6123570e	a4e317aa5e618d2d27fb7bee51d8c906e2d9da25	6536
artifacts/p2/ei_reductio_f0_s9_t2_ivS/round_7.json	6123570e	9d0cde5e310e290db048e53889ee3c1514eb07dc	6556
artifacts/p2/ei_reductio_f0_s9_t2_ivS/round_8.json	6123570e	a887c1964278faa3eb2dee8793c10df72f7a177c	6708
artifacts/p2/ei_reductio_f0_s9_t2_ivS_transfer.json	6123570e	77234a132107e63343e3c0e0e71c470dabc184ef	236
artifacts/p2/ei_reductio_f0_s9_t2_ivT/args.json	6123570e	cd3a11f826b898e58685ec936bb2ad65681a0add	607
artifacts/p2/ei_reductio_f0_s9_t2_ivT/round_5.json	6123570e	b42164fb6a5a0f117bd431b9567e5510db4fbad1	5914
artifacts/p2/ei_reductio_f0_s9_t2_ivT/round_6.json	6123570e	cde375da9c687f00228aea08cc2a0f3cc9dac9b1	6326
artifacts/p2/ei_reductio_f0_s9_t2_ivT/round_7.json	6123570e	967e54d0b0a7f60a756d75a3958cbd3987b09187	6391
artifacts/p2/ei_reductio_f0_s9_t2_ivT/round_8.json	6123570e	c527deb13541fbabe6efb661b9bf71ec887c41a5	6416
artifacts/p2/frozen_depth3_f0.1_b1_s0/args.json	6123570e	d522563d1566d35115303f275e7a30d101e3228d	571
artifacts/p2/frozen_depth3_f0.1_b1_s0/round_1.json	6123570e	cb6e685d10c7968e527b02193e16aea2a6ebf7f5	8603
artifacts/p2/frozen_depth3_f0.1_b1_s0/round_2.json	6123570e	29d358295a3f434524436688d75d5bcb7e65ac3e	8630
artifacts/p2/frozen_depth3_f0.1_b1_s0/round_3.json	6123570e	ae43963ff75e67912d99e1b92d0dbe39328ba3a2	8659
artifacts/p2/frozen_depth3_f0.1_b1_s0/round_4.json	6123570e	82dfc7e50b7505568642c88a151bdbaa5f1c0c9e	8641
artifacts/p2/frozen_depth3_f0.1_b1_s0/round_5.json	6123570e	ed40d4ab5f3c94ea830ab77a35c7e778f50de03a	8646
artifacts/p2/frozen_depth3_f0.1_b1_s0/round_6.json	6123570e	01d532a9f62eb32ae6e968855a4a721b9f6dc48d	8669
artifacts/p2/frozen_depth3_f0.1_b1_s0/round_7.json	6123570e	459e648569615b15556faeefb1f1aa01f179d953	8650
artifacts/p2/frozen_depth3_f0.1_b1_s0/round_8.json	6123570e	a3e87e470fdff46a02b7bfa6d058af011aeb34a1	8629
artifacts/p2/frozen_depth3_f0.1_b1_s1/args.json	6123570e	26ba3ef1d8787bfa873b3c4423a91bb063c780a9	571
artifacts/p2/frozen_depth3_f0.1_b1_s1/round_1.json	6123570e	4c1d92cdc7ca1e224b8bfaaf68fb4ee02aaf69cb	8666
artifacts/p2/frozen_depth3_f0.1_b1_s1/round_2.json	6123570e	cd5a890d359b1461b239c2572a617565e721b991	8657
artifacts/p2/frozen_depth3_f0.1_b1_s1/round_3.json	6123570e	87366aab58e3a349aaab31354c3d76dbcb844f4a	8621
artifacts/p2/frozen_depth3_f0.1_b1_s1/round_4.json	6123570e	23788409eece9259550240bd14b581379eb00c15	8684
artifacts/p2/frozen_depth3_f0.1_b1_s1/round_5.json	6123570e	18467f46044d0918473042253f5b9472615e91df	8693
artifacts/p2/frozen_depth3_f0.1_b1_s1/round_6.json	6123570e	0917767f0c915cfa3d478696fef57ad9dd9bc837	8694
artifacts/p2/frozen_depth3_f0.1_b1_s1/round_7.json	6123570e	cd7656629a97feb0014d7709301ca0187a5086c5	8667
artifacts/p2/frozen_depth3_f0.1_b1_s1/round_8.json	6123570e	b3bbac0184d60101b5e36025ee27c8923e479430	8690
artifacts/p2/frozen_depth3_f0.1_b2_s0/args.json	6123570e	482786dfc29271d279b8d6220e9a9f91d36f3b2d	571
artifacts/p2/frozen_depth3_f0.1_b2_s0/round_1.json	6123570e	4e37b5f24621fdfc5c43c7fb069e1c338a7f67c3	8561
artifacts/p2/frozen_depth3_f0.1_b2_s0/round_2.json	6123570e	0e16c29f5fda1baa3d79aae28a208bb12536596f	8598
artifacts/p2/frozen_depth3_f0.1_b2_s0/round_3.json	6123570e	366429d40f11c625588ca30009fb0800deae758e	8605
artifacts/p2/frozen_depth3_f0.1_b2_s0/round_4.json	6123570e	0f7e38b1d2edf9afff98b56ed7fd07fa483bec6f	8615
artifacts/p2/frozen_depth3_f0.1_b2_s0/round_5.json	6123570e	23341b221d0d3526e0ae68d0ece3304ac9abf23b	8619
artifacts/p2/frozen_depth3_f0.1_b2_s0/round_6.json	6123570e	868f7833d84c5c524b1364172fd4a575a3e5725b	8604
artifacts/p2/frozen_depth3_f0.1_b2_s0/round_7.json	6123570e	f4b3d0c4fe7d30c18a648b395fe370e79130d4de	8623
artifacts/p2/frozen_depth3_f0.1_b2_s0/round_8.json	6123570e	b5963e33bcd8b30799adea06e110dc48e780d68c	8594
artifacts/p2/frozen_depth3_f0.1_b2_s1/args.json	6123570e	167d37fa7154e73c68c3d101ee7b655eac1eacf6	571
artifacts/p2/frozen_depth3_f0.1_b2_s1/round_1.json	6123570e	172f3b1a61858c68227860f8d8b3438ec6f89eca	8732
artifacts/p2/frozen_depth3_f0.1_b2_s1/round_2.json	6123570e	975926af625164553cfb68086e63cf8890952a93	8701
artifacts/p2/frozen_depth3_f0.1_b2_s1/round_3.json	6123570e	47ef4f78ccb35610613feda06ad4ab192ed68769	8737
artifacts/p2/frozen_depth3_f0.1_b2_s1/round_4.json	6123570e	c4f636f771fca9a28b78ff0ff93b897dc8f8317f	8769
artifacts/p2/frozen_depth3_f0.1_b2_s1/round_5.json	6123570e	b835757b4b278b7f432ab29bae7d7bf9026928a5	8751
artifacts/p2/frozen_depth3_f0.1_b2_s1/round_6.json	6123570e	71e6f136b6977bff3de0541edc998151341581e2	8743
artifacts/p2/frozen_depth3_f0.1_b2_s1/round_7.json	6123570e	7e3a461c0e4f37155790502c0bd8ce49627101c8	8746
artifacts/p2/frozen_depth3_f0.1_b2_s1/round_8.json	6123570e	037e8cfac60101416c8f30cf1ebf67c941e8599c	8794
artifacts/p2/frozen_depth3_f0.1_s0/args.json	6123570e	20c59356f40d9b8f87ac471987b1f0c2da4b47c5	520
artifacts/p2/frozen_depth3_f0.1_s0/round_1.json	6123570e	0f5805e2ec09b01b4aad867908e4b62281d7c06a	8634
artifacts/p2/frozen_depth3_f0.1_s0/round_2.json	6123570e	2410d577b2721c99fa10e29f55eda46cded4480f	8675
artifacts/p2/frozen_depth3_f0.1_s0/round_3.json	6123570e	bc6b083c7efce9e3aadd9c9ec88951db533a24b8	8656
artifacts/p2/frozen_depth3_f0.1_s0/round_4.json	6123570e	3c660f34cbef964611ac179a1e1bc82205e50460	8662
artifacts/p2/frozen_depth3_f0.1_s0/round_5.json	6123570e	1d93910846394da5332a85ba88282b0a69404fd7	8664
artifacts/p2/frozen_depth3_f0.1_s0/round_6.json	6123570e	9eb3a669d6d76bf92575f034f66178ade566335e	8662
artifacts/p2/frozen_depth3_f0.1_s0/round_7.json	6123570e	4c2dd03c3593140b467c05372e7cc23da886cd50	8673
artifacts/p2/frozen_depth3_f0.1_s0/round_8.json	6123570e	f257529e702cde95550fc4c932724ec0077787b6	8686
artifacts/p2/frozen_depth3_f0_a1_s0/args.json	6123570e	7392a113198d45cd020fdc52f4b7d40715b85450	565
artifacts/p2/frozen_depth3_f0_a1_s0/round_1.json	6123570e	7379c49ff6d089a6f9b54447c4d5a1b64bc81972	8748
artifacts/p2/frozen_depth3_f0_a1_s0/round_2.json	6123570e	44de68643a8226ee5c674c5e34cc136791a4e32f	8765
artifacts/p2/frozen_depth3_f0_a1_s0/round_3.json	6123570e	e7544873d8b64bb789179aa2343e3dde88ded9aa	8796
artifacts/p2/frozen_depth3_f0_a1_s0/round_4.json	6123570e	13c10ce62c9a39c888408023d904531c7679e717	8784
artifacts/p2/frozen_depth3_f0_a1_s0/round_5.json	6123570e	5e9cf9482b2e5f2d9966420cdbd489ca0d016631	8783
artifacts/p2/frozen_depth3_f0_a1_s0/round_6.json	6123570e	f9a915b0423df2993db523bb0bb1ba20c7f998e6	8781
artifacts/p2/frozen_depth3_f0_a1_s0/round_7.json	6123570e	5bb6a04f2c1dd3f65593b71685bd4c99f8525fd2	8770
artifacts/p2/frozen_depth3_f0_a1_s0/round_8.json	6123570e	97b1e5e7fa879137f971ee020c58ec721a667710	8795
artifacts/p2/frozen_depth3_f0_a1_s1/args.json	6123570e	4229755b53d7573e3feb426a3e44b65e20fdef37	565
artifacts/p2/frozen_depth3_f0_a1_s1/round_1.json	6123570e	08cd0b05fc84ce2a5cf154d543691e4d5f7faf70	8660
artifacts/p2/frozen_depth3_f0_a1_s1/round_2.json	6123570e	555497281073c5232383194251ba6ccd96dff763	8649
artifacts/p2/frozen_depth3_f0_a1_s1/round_3.json	6123570e	e07d01dd54d7f48267c827e62e47217f60f5b909	8670
artifacts/p2/frozen_depth3_f0_a1_s1/round_4.json	6123570e	e7e55474c893a788e3cc194b1f09379d8e371aac	8651
artifacts/p2/frozen_depth3_f0_a1_s1/round_5.json	6123570e	7ea2147eb9d9dc4d685729c85598a1bac3778933	8662
artifacts/p2/frozen_depth3_f0_a1_s1/round_6.json	6123570e	08b26d5a80f14e6b2dda55fb145c9fe8d01c5082	8671
artifacts/p2/frozen_depth3_f0_a1_s1/round_7.json	6123570e	105e08b997ac43026aa1ec1fa1fc9694b723bbb3	8663
artifacts/p2/frozen_depth3_f0_a1_s1/round_8.json	6123570e	f7da594ced78d84ce03eef1018b12f6074ad7e49	8664
artifacts/p2/frozen_depth3_f0_a2_s0/args.json	6123570e	aa1a837c37d2e572742b73be1ff18565964a4ae7	565
artifacts/p2/frozen_depth3_f0_a2_s0/round_1.json	6123570e	27cf9b00cecd91867345631fe9f4adc1c61cd942	8643
artifacts/p2/frozen_depth3_f0_a2_s0/round_2.json	6123570e	8029018871b28f538c1d21661ebc035a6747bc8f	8655
artifacts/p2/frozen_depth3_f0_a2_s0/round_3.json	6123570e	51fa669c3a134c76b9eb4a908f6ff3fb598c0ac1	8614
artifacts/p2/frozen_depth3_f0_a2_s0/round_4.json	6123570e	b665bd11108c71a8264dcbecf866156b9aa09388	8637
artifacts/p2/frozen_depth3_f0_a2_s0/round_5.json	6123570e	6043164f13d92227a1f7c03f37a068bd59a1126b	8635
artifacts/p2/frozen_depth3_f0_a2_s0/round_6.json	6123570e	8b53a03b91f89bc013f1c0ae8bd974b21d9b4853	8671
artifacts/p2/frozen_depth3_f0_a2_s0/round_7.json	6123570e	661c1f1056abd5d58d286d7d3d2612a6d549c90b	8635
artifacts/p2/frozen_depth3_f0_a2_s0/round_8.json	6123570e	be0401bdb70d12976fb1672c2630f7f1c36e8ce9	8641
artifacts/p2/frozen_depth3_f0_a2_s1/args.json	6123570e	50f1fd1012966c291b103bcf086bc93d11dcf8e3	565
artifacts/p2/frozen_depth3_f0_a2_s1/round_1.json	6123570e	2014b75650bfdead508954f2bef64ecf56afab92	8620
artifacts/p2/frozen_depth3_f0_a2_s1/round_2.json	6123570e	40c53bdda6e11ddb8318e63a662c7d030f024bb8	8609
artifacts/p2/frozen_depth3_f0_a2_s1/round_3.json	6123570e	c084d49db5465d68af737f94a8389f3998c71610	8626
artifacts/p2/frozen_depth3_f0_a2_s1/round_4.json	6123570e	f68c40170ef4ac701e86cc3221489c3ac2b1cadc	8665
artifacts/p2/frozen_depth3_f0_a2_s1/round_5.json	6123570e	d946e558cf14fc852b23382373b5fa9c16c5fc4e	8652
artifacts/p2/frozen_depth3_f0_a2_s1/round_6.json	6123570e	6324cf83df9ae9215d702b7252cd6383753b2b58	8662
artifacts/p2/frozen_depth3_f0_a2_s1/round_7.json	6123570e	a68526395471c36f21b06f6892f2ab9c2cd81e2a	8681
artifacts/p2/frozen_depth3_f0_a2_s1/round_8.json	6123570e	98eea35b080843bd818c6351f2dc9eb55abd368f	8651
artifacts/p2/frozen_depth3_f0_a3_s0/args.json	6123570e	90084a3a0185bfd4af4587e6d79272e88e430b10	565
artifacts/p2/frozen_depth3_f0_a3_s0/round_1.json	6123570e	900fa426c623d4c1aef50ea3281c9a90adf81491	8481
artifacts/p2/frozen_depth3_f0_a3_s0/round_2.json	6123570e	787f8ee9ebda07fb29557a3286efbf026b74dfe7	8486
artifacts/p2/frozen_depth3_f0_a3_s0/round_3.json	6123570e	50596e5ea1e094bbac6f4896cfdb1456a137ce50	8474
artifacts/p2/frozen_depth3_f0_a3_s0/round_4.json	6123570e	8b9e478aa558364ccf2a04e5675e00cacd085747	8471
artifacts/p2/frozen_depth3_f0_a3_s0/round_5.json	6123570e	9725c82b88b4be2720658c676885b42e3bc36075	8474
artifacts/p2/frozen_depth3_f0_a3_s0/round_6.json	6123570e	4ed18864a70c8d062c4888ea9eb95dded2f42fc5	8514
artifacts/p2/frozen_depth3_f0_a3_s0/round_7.json	6123570e	b6ad402205bab0778545e51b2a3e418d512f0f2c	8549
artifacts/p2/frozen_depth3_f0_a3_s0/round_8.json	6123570e	65c854cbdc7b2456f6cb4393041f993e6d0c811c	8519
artifacts/p2/frozen_depth3_f0_a3_s1/args.json	6123570e	793d5531f7067f4019b1117660bf6a61ad126329	565
artifacts/p2/frozen_depth3_f0_a3_s1/round_1.json	6123570e	3e8ee0b888e32a6178a029c45258bb910a3baafa	8546
artifacts/p2/frozen_depth3_f0_a3_s1/round_2.json	6123570e	57fc0e72acb266de3a034dabdec7ec81303a085c	8589
artifacts/p2/frozen_depth3_f0_a3_s1/round_3.json	6123570e	eb4c401e088f1296b6a64e85ecf8644cba0efec6	8572
artifacts/p2/frozen_depth3_f0_a3_s1/round_4.json	6123570e	ba8f8b7e94a34db547c0d5681f9b06a17ce9e60a	8621
artifacts/p2/frozen_depth3_f0_a3_s1/round_5.json	6123570e	772842b184836b55e28290fb622b30b9a512f30e	8589
artifacts/p2/frozen_depth3_f0_a3_s1/round_6.json	6123570e	f264a568e108e3ddf74973fa971c8235331283e4	8609
artifacts/p2/frozen_depth3_f0_a3_s1/round_7.json	6123570e	7749592e4cd307cf568eecf90496dacd393cfaeb	8593
artifacts/p2/frozen_depth3_f0_a3_s1/round_8.json	6123570e	66791f84ee350f75c41db34d38df6dd463fe7abe	8570
artifacts/p2/frozen_depth3_f0_s0/args.json	6123570e	cd872b7f7b54c7578f065bf433a92286a067987d	556
artifacts/p2/frozen_depth3_f0_s0/round_1.json	6123570e	3b413c53acd3c7df90b9798d602c4ed45dfad40e	8535
artifacts/p2/frozen_depth3_f0_s0/round_2.json	6123570e	ab7a239d035fdc8256a2d9642b5b4a8368e6445c	8538
artifacts/p2/frozen_depth3_f0_s0/round_3.json	6123570e	23d4af51703e45aefa3fd8168b6c95a8861ab0c6	8537
artifacts/p2/frozen_depth3_f0_s0/round_4.json	6123570e	5b88eab906530049e20000f77e93d05af407c001	8525
artifacts/p2/frozen_depth3_f0_s0/round_5.json	6123570e	c9884fefe21203bf4dc368986d5da779f200047a	8533
artifacts/p2/frozen_depth3_f0_s0/round_6.json	6123570e	53b170bb5e8ad1bcbd10d4255725d4b6e00edc8f	8540
artifacts/p2/frozen_depth3_f0_s0/round_7.json	6123570e	8f9cf6ac6d475abc29a220dc3e985b30f3373d92	8537
artifacts/p2/frozen_depth3_f0_s0/round_8.json	6123570e	82edeb8bba062b22f99dc1288df2ce6b0efcbe20	8541
artifacts/p2/frozen_derived_ore_f0.02_s0/args.json	6123570e	af48e316ece0705330753025814717836214e3c7	590
artifacts/p2/frozen_derived_ore_f0.02_s0/round_1.json	6123570e	50191f134d9c0c27d6373f06a95e129c5ba36665	6888
artifacts/p2/frozen_derived_ore_f0.02_s0/round_2.json	6123570e	b5330e44454ca69d9ee804d62e77b288ba1c0e27	6904
artifacts/p2/frozen_derived_ore_f0.02_s0/round_3.json	6123570e	ce1f3499563208c478cb03b259ee1d44297c5dad	6928
artifacts/p2/frozen_derived_ore_f0.02_s0/round_4.json	6123570e	5c62760573dcf122235485e6a2c8437d2868d1fc	6929
artifacts/p2/frozen_derived_ore_f0.02_s0/round_5.json	6123570e	2fe69e11112824c5c6116d3b4425221a01823014	6948
artifacts/p2/frozen_derived_ore_f0.02_s0/round_6.json	6123570e	aadbefe46e74847207a956400f477f3967e2d4d4	6950
artifacts/p2/frozen_derived_ore_f0.02_s0/round_7.json	6123570e	aff9d5f1ca46a2f2ada6c348a0c9f1f840971215	6951
artifacts/p2/frozen_derived_ore_f0.02_s0/round_8.json	6123570e	6eebce66f49d282c814a9dc881a22f9d4f015936	6935
artifacts/p2/frozen_derived_ore_f0_s0/args.json	6123570e	1e57eefa3be6778b950172ba4a49779fed812557	581
artifacts/p2/frozen_derived_ore_f0_s0/round_1.json	6123570e	88dab1127c9e97fddd3790e713bc6d6a5a7dd718	6843
artifacts/p2/frozen_derived_ore_f0_s0/round_2.json	6123570e	99fdb5e21d0c5e586889d58cae72ec2c572929df	6844
artifacts/p2/frozen_derived_ore_f0_s0/round_3.json	6123570e	56b25338cee53e512f235e8f70ade592d8579d1a	6840
artifacts/p2/frozen_derived_ore_f0_s0/round_4.json	6123570e	476fdbaae230dc9fd4769bd79d6307126e9b3661	6849
artifacts/p2/frozen_derived_ore_f0_s0/round_5.json	6123570e	24844e8b94a090e3265c0814dac30c926f00730b	6840
artifacts/p2/frozen_derived_ore_f0_s0/round_6.json	6123570e	6ad54116fc6bbcc04ade0f6229c98fd97f25f628	6834
artifacts/p2/frozen_derived_ore_f0_s0/round_7.json	6123570e	a64fe8d6467f613e9c372abc3e816db0265869d0	6831
artifacts/p2/frozen_derived_ore_f0_s0/round_8.json	6123570e	dae01ec3969e7ccfc8225f991d5f4d7ab303180e	6837
artifacts/p2/frozen_derived_ore_strict_f0_c8_s0/args.json	6123570e	b8b57d0ee0c640b5595fe32ab02b21b44d295b22	596
artifacts/p2/frozen_derived_ore_strict_f0_c8_s0/round_1.json	6123570e	3f183db947a16f1ee53016340027efe316b4d584	8781
artifacts/p2/frozen_derived_ore_strict_f0_c8_s0/round_2.json	6123570e	0f20a23f488248b8ec2104a11376e0b1ea0ece7e	8774
artifacts/p2/frozen_derived_ore_strict_f0_c8_s0/round_3.json	6123570e	d65c5e7e44db26ffb537638b961c805afa97bc78	8759
artifacts/p2/frozen_derived_ore_strict_f0_c8_s0/round_4.json	6123570e	15462248b22c143750c005d14f04813da7b844c6	8763
artifacts/p2/frozen_derived_ore_strict_f0_c8_s0/round_5.json	6123570e	51002e1c3d9c21326c5a3c975743a95b742a48b9	8777
artifacts/p2/frozen_derived_ore_strict_f0_c8_s0/round_6.json	6123570e	c6cc1af3dc6c9b835639600269bf40aea4f158a9	8830
artifacts/p2/frozen_derived_ore_strict_f0_c8_s0/round_7.json	6123570e	20d15feca72aff48b5edfdb2b36a96e9f16ccd8a	8783
artifacts/p2/frozen_derived_ore_strict_f0_c8_s0/round_8.json	6123570e	85b2efac1b4878bd3850927dad60a5aa8c04847f	8789
artifacts/p2/frozen_derived_ore_strict_f0_c8_s1/args.json	6123570e	4723c1a3d104ee275d76ff311395d3057f636db6	596
artifacts/p2/frozen_derived_ore_strict_f0_c8_s1/round_1.json	6123570e	0e12ce5e2f04fed9ed342ada6feda3a3b3b76da1	8801
artifacts/p2/frozen_derived_ore_strict_f0_c8_s1/round_2.json	6123570e	eaa3c8f938183c1c449de1ce4cb0c33100a75bd5	8804
artifacts/p2/frozen_derived_ore_strict_f0_c8_s1/round_3.json	6123570e	9a5c87c2a4ef06ff86a8e578ecab100938b9b30b	8798
artifacts/p2/frozen_derived_ore_strict_f0_c8_s1/round_4.json	6123570e	20b7699c80772a39f5081f9ec0249063f5530669	8797
artifacts/p2/frozen_derived_ore_strict_f0_c8_s1/round_5.json	6123570e	df579c2e3349e62e7ad55d0eca7af0df1aef4fee	8793
artifacts/p2/frozen_derived_ore_strict_f0_c8_s1/round_6.json	6123570e	59bdc514e4faffb6b559f9c4fc41cc060bd19477	8815
artifacts/p2/frozen_derived_ore_strict_f0_c8_s1/round_7.json	6123570e	a2fad6175d11f97b56d048a61c5baf8867e77184	8805
artifacts/p2/frozen_derived_ore_strict_f0_c8_s1/round_8.json	6123570e	400586ba2e1ae22ec8be1bf85efed39ece0cc1dd	8855
artifacts/p2/frozen_reductio_f0.1_s0/args.json	6123570e	eae0ae37b123f8c873c007345db2aa9d2f0cacdf	572
artifacts/p2/frozen_reductio_f0.1_s0/round_1.json	6123570e	a36c81bb74a3937eb581782f56c69241f9f44412	7676
artifacts/p2/frozen_reductio_f0.1_s0/round_2.json	6123570e	5ef10f1c66d94d29017dc0922ca272292c16793a	7681
artifacts/p2/frozen_reductio_f0.1_s0/round_3.json	6123570e	482306db22ad885cf9762f2adb60cb5731e3674c	7752
artifacts/p2/frozen_reductio_f0.1_s0/round_4.json	6123570e	0c629c9b842c23bfaadd32d56f39e80b5d46feff	7750
artifacts/p2/frozen_reductio_f0.1_s0/round_5.json	6123570e	398e4052c3b31f195f70fac778698f97d58d3239	7726
artifacts/p2/frozen_reductio_f0.1_s0/round_6.json	6123570e	09d8b786f8f75cf74d3c4a0fa1330d6ef3a2c8d2	7704
artifacts/p2/frozen_reductio_f0.1_s0/round_7.json	6123570e	6948131ce3b73510ac1288929d9ac5d6ed60860d	7722
artifacts/p2/frozen_reductio_f0.1_s0/round_8.json	6123570e	6b029b7b6bd7405201234dd05d6fa957ac58fad1	7714
artifacts/p2/frozen_reductio_f0.1_s0_t2/args.json	6123570e	94d331b997b50a4c3beda61a4a4877d713295889	577
artifacts/p2/frozen_reductio_f0.1_s0_t2/round_1.json	6123570e	bcdde6485ae17cffcc46609856187d2609617200	6301
artifacts/p2/frozen_reductio_f0.1_s0_t2/round_2.json	6123570e	94edf3c67e9526787c236c49342ee5e876259f09	6356
artifacts/p2/frozen_reductio_f0.1_s0_t2/round_3.json	6123570e	fe07e126969c7522fbd3caecb9590ca9f2b1e7a7	6354
artifacts/p2/frozen_reductio_f0.1_s0_t2/round_4.json	6123570e	e59377ff3260d13ecace921c330106c7acb83c69	6338
artifacts/p2/frozen_reductio_f0.1_s0_t2/round_5.json	6123570e	cb5dadfe2fc588d3e19522afa9fb604bac73ddeb	6321
artifacts/p2/frozen_reductio_f0.1_s0_t2/round_6.json	6123570e	fc51daccfcecf3405148c8f9b4cf5aae6c15cb7d	6351
artifacts/p2/frozen_reductio_f0.1_s0_t2/round_7.json	6123570e	4c3c1a3c63ef14f79ab5ab2d0cac2771a16c3c42	6349
artifacts/p2/frozen_reductio_f0.1_s0_t2/round_8.json	6123570e	be21ee406269b3d69ef9016752dd921af9c65579	6307
artifacts/p2/frozen_reductio_f0.1_s1_t2/args.json	6123570e	5cc04a3e4d998a946e22db4383c004b6f5b40469	577
artifacts/p2/frozen_reductio_f0.1_s1_t2/round_1.json	6123570e	efa5ede8dd6ca83a340faf13384198e1fb5b717d	6348
artifacts/p2/frozen_reductio_f0.1_s1_t2/round_2.json	6123570e	ee9f7443047877402f5043342df64c9480d0af0c	6338
artifacts/p2/frozen_reductio_f0.1_s1_t2/round_3.json	6123570e	7aeff292ca3e226632ed1b4e0180d417bb705abd	6293
artifacts/p2/frozen_reductio_f0.1_s1_t2/round_4.json	6123570e	8fa5ce6073bb39b8f4582e8e9f702d1eac7b542e	6319
artifacts/p2/frozen_reductio_f0.1_s1_t2/round_5.json	6123570e	b6ebd8360a97bbe4be682d14189884a9202ba661	6327
artifacts/p2/frozen_reductio_f0.1_s1_t2/round_6.json	6123570e	78b84522e440f7f3d86d64ce3e0784e168643d1a	6311
artifacts/p2/frozen_reductio_f0.1_s1_t2/round_7.json	6123570e	464323dc3d98f60fa8bed0ec6b4e5f3270c6f35e	6320
artifacts/p2/frozen_reductio_f0.1_s1_t2/round_8.json	6123570e	d02882512fcd8598133acab91bb13eb34702d801	6353
artifacts/p2/frozen_reductio_f0_s0/args.json	6123570e	8fc3e9ce00450ea6a37db785b14410e584e1c774	566
artifacts/p2/frozen_reductio_f0_s0/round_1.json	6123570e	6882daa2fa1b4d88def9319fb2d9dac7ce524d2d	7673
artifacts/p2/frozen_reductio_f0_s0/round_2.json	6123570e	170f4525cea489dc0f5ea492582d41d87861810e	7652
artifacts/p2/frozen_reductio_f0_s0/round_3.json	6123570e	f1c32cf781e873615a5be279da89e91625e0e7dc	7656
artifacts/p2/frozen_reductio_f0_s0/round_4.json	6123570e	b8b5ee5a5fee4d33b10cc63a80a2f9bc9820dbb1	7658
artifacts/p2/frozen_reductio_f0_s0/round_5.json	6123570e	67769985d6948b755013a60750f740567295ddbe	7674
artifacts/p2/frozen_reductio_f0_s0/round_6.json	6123570e	da5d0f2c81713ea6c33d523b284259e0fa9ae4a2	7665
artifacts/p2/frozen_reductio_f0_s0/round_7.json	6123570e	5a1a38a38103f59a4db0d3936ac94bbce82778ea	7666
artifacts/p2/frozen_reductio_f0_s0/round_8.json	6123570e	907dd6446f2633d9669de7db8b4657412851f4d8	7668
artifacts/p2/frozen_reductio_f0_s0_t2/args.json	6123570e	3508f931a973c34ab198132d7bbb850ff4bcdeae	571
artifacts/p2/frozen_reductio_f0_s0_t2/round_1.json	6123570e	d3a5923ab334ce2aee94f9e847e3c6fedc075d34	5808
artifacts/p2/frozen_reductio_f0_s0_t2/round_2.json	6123570e	1d7caac9e6771acfb349316848011624978111b7	6017
artifacts/p2/frozen_reductio_f0_s0_t2/round_3.json	6123570e	f970d888f6f74622750d32035ac007bc7e5f7b9c	6017
artifacts/p2/frozen_reductio_f0_s0_t2/round_4.json	6123570e	4d519b7248921d0885c76489dc54ca1d81c411c3	5904
artifacts/p2/frozen_reductio_f0_s0_t2/round_5.json	6123570e	974ca60b12ec9cb2c8b0763e2a2f5eb95c1012a7	5905
artifacts/p2/frozen_reductio_f0_s0_t2/round_6.json	6123570e	a6ef4f7634c52e1294f4539e8179ce2651908dd2	5903
artifacts/p2/frozen_reductio_f0_s0_t2/round_7.json	6123570e	604b43ebc1443b206f51b50b039ca7cb2b8bea62	6016
artifacts/p2/frozen_reductio_f0_s0_t2/round_8.json	6123570e	a5b50d70769063bcf0139e4d20461d5b0e3d9987	6118
artifacts/p2/frozen_reductio_f0_s1_t2/args.json	6123570e	3fe01c012c0dd0445a5e47b21160aaf8ccd491ba	571
artifacts/p2/frozen_reductio_f0_s1_t2/round_1.json	6123570e	2790ac3a46a4aa509b11ee7d08648a83ef0fb246	5837
artifacts/p2/frozen_reductio_f0_s1_t2/round_2.json	6123570e	c23294c42d1508bca524a50abcba5ab62cf180e9	5839
artifacts/p2/frozen_reductio_f0_s1_t2/round_3.json	6123570e	e7428356921357c660d2ce121657331cb81d4e6a	5826
artifacts/p2/frozen_reductio_f0_s1_t2/round_4.json	6123570e	e8cc232a2696091da344be5002dd03bf101f2a45	5838
artifacts/p2/frozen_reductio_f0_s1_t2/round_5.json	6123570e	18cf60e267a7408e9c0111a7e853b1007c5c5f07	5825
artifacts/p2/frozen_reductio_f0_s1_t2/round_6.json	6123570e	73efd127e7f7124c7b5fed2bae4b2a494b6b7f45	5839
artifacts/p2/frozen_reductio_f0_s1_t2/round_7.json	6123570e	c362b7ed0daaef8476b3ca3d7ad1c317f437e906	5839
artifacts/p2/frozen_reductio_f0_s1_t2/round_8.json	6123570e	b00e5e4ff651ddd32da6d9c9c1d287978822e31d	5839
artifacts/p2/frozen_reductio_f0_s2_t2/args.json	6123570e	dfb24f272bd3f10cdd33701ffd5f4ed89864f483	571
artifacts/p2/frozen_reductio_f0_s2_t2/round_1.json	6123570e	9f06da897083fc57b6f42931ce2fc11744536ac3	5868
artifacts/p2/frozen_reductio_f0_s2_t2/round_2.json	6123570e	ac902e0113de250398eb19c4cfb5e6fad3d476aa	5869
artifacts/p2/frozen_reductio_f0_s2_t2/round_3.json	6123570e	72f4fe7e1aacb5ae00c6a2f126face35d550edc2	5869
artifacts/p2/frozen_reductio_f0_s2_t2/round_4.json	6123570e	0294976d474f4d32b6382d59f3460de442ee857b	5869
artifacts/p2/frozen_reductio_f0_s2_t2/round_5.json	6123570e	3446f8e0606cd41f2076ddf66fdc7767c0986e41	5868
artifacts/p2/frozen_reductio_f0_s2_t2/round_6.json	6123570e	e2a7a34e5be4db393eb554189aa1184808448170	5869
artifacts/p2/frozen_reductio_f0_s2_t2/round_7.json	6123570e	d616bff0390168111c2b50e44c2dffd1ebc8b629	5869
artifacts/p2/frozen_reductio_f0_s2_t2/round_8.json	6123570e	6612c0bd40282f1ef52b8a1ec4edb178156ecf77	5869
artifacts/p2/metrics_depth3.json	6123570e	7dfe383ea546243497d9890ecad663afd63d7d2c	2957573
artifacts/p2/metrics_depth3_partial.json	6123570e	7aa161b823cb065ee0f858ea1a956486ff51749a	1407272
artifacts/p2/metrics_derived_ore.json	6123570e	99e0121c31038f81cb648ff7aa39dd7f0973c743	1130699
artifacts/p2/metrics_derived_ore_partial.json	6123570e	5e7d637d6dfa59c902649c313515317a79e46e4f	452434
artifacts/p2/metrics_reductio.json	6123570e	f75282692b1bd06983d12c999a2809501412df96	204972
artifacts/p2/metrics_reductio_partial.json	6123570e	2ce9150d272883705cddc990a6a5a16e9e30b626	164642
artifacts/p2_restricted_minlen.log	6123570e	410345662bcf8b17c3f889dbb3fe61d5446df625	384
artifacts/p3/ei_textbook/args.json	6123570e	4ad9da168bf31553450865f7469edeff9d5815d2	513
artifacts/p3/ei_textbook/round_1.json	6123570e	2049c45fbea421014eb9866bbe89c61c223080b9	11263
artifacts/p3/ei_textbook/round_2.json	6123570e	0463ca01c6f5b20df9ed6c1a150c01082451046a	11282
artifacts/p3/ei_textbook/round_3.json	6123570e	a75c554c10e324b2a320495557ffc9de5e3a030d	11229
artifacts/p3/ei_textbook/round_4.json	6123570e	c74039e8132607565a2839c501221ca1ca5c9248	11242
artifacts/p3/ei_textbook/round_5.json	6123570e	80a4910fda69fd10dc6ea16bb0a2cb26b927b8ef	11210
artifacts/p3/ei_textbook/round_6.json	6123570e	fe85b0f5350c7bf0367a1b7d369efd7efd42fbf0	11250
artifacts/p3/ei_textbook/round_7.json	6123570e	d0afa93dc864a6710fff181a51f910b3e4668729	11263
artifacts/p3/ei_textbook/round_8.json	6123570e	46b9d2939a271f1c61f475f6347158297aa809c0	11257
artifacts/p3/ei_textbook_precursor/args.json	6123570e	d0eeff0cfd6bcea2afdfa04283d0774e9441f30d	545
artifacts/p3/ei_textbook_precursor/round_1.json	6123570e	251e14078e17d8977b1ec7ad524f0ff530ca163e	11266
artifacts/p3/ei_textbook_precursor/round_2.json	6123570e	9ef8da94a10c4358c4f9aba72618261ff1dd157a	11248
artifacts/p3/ei_textbook_precursor/round_3.json	6123570e	77c30432407eb48be115e88d493cc728143107b8	11253
artifacts/p3/ei_textbook_precursor/round_4.json	6123570e	dcc4d030a0353c4662d55b522494bc19f157dd12	11267
artifacts/p3/ei_textbook_precursor/round_5.json	6123570e	0f980577cf2e47ee7abcd29882925d6e76e54b5f	11269
artifacts/p3/ei_textbook_precursor/round_6.json	6123570e	c9271218cb0abfb8b5fcbd111e66f1bb589d7361	11228
artifacts/p3/ei_textbook_precursor/round_7.json	6123570e	d592c1773dcc22ff00332f5d2ea81951a924d290	11218
artifacts/p3/ei_textbook_precursor/round_8.json	6123570e	2dfa72418b0f584e527e967431bf30064c29df6d	11221
artifacts/p3/ei_textbook_precursor_r1_val36_greedy.txt	6123570e	d9019656520c178928398d7928e22f7c6b78d727	2110
artifacts/p3/ei_textbook_precursor_r1_val36_k32.json	6123570e	49e8ff0fa7f5bcfcd3e12234cc88f4444ddaae83	2489
artifacts/p3/ei_textbook_precursor_r2_val36_greedy.txt	6123570e	98ba8d14eb39dfc8c788f8e5b11bbc265f43d4bf	2208
artifacts/p3/ei_textbook_precursor_r2_val36_k32.json	6123570e	08bd30aa1a065ae7879b40312ba2588eebf87d08	2486
artifacts/p3/ei_textbook_precursor_r3_val36_greedy.txt	6123570e	412ae66d00b3af3b5f23683385138265557007c2	2188
artifacts/p3/ei_textbook_precursor_r3_val36_k32.json	6123570e	7696592d044708924b603c52fab0de337e361cb4	2495
artifacts/p3/ei_textbook_precursor_r4_val36_greedy.txt	6123570e	1427de03795ac6ac8cb619b21b75e20643ce1584	2162
artifacts/p3/ei_textbook_precursor_r4_val36_k32.json	6123570e	a8698346c3505ad1ac452e91944ea987bc6f6e12	2457
artifacts/p3/ei_textbook_precursor_r5_val36_greedy.txt	6123570e	4a7540898cbad7001749ae01b95fe9164b86baf5	2216
artifacts/p3/ei_textbook_precursor_r5_val36_k32.json	6123570e	d6a1edae26c3d26dabb69ee69890ca1ef6385081	2456
artifacts/p3/ei_textbook_precursor_r6_val36_greedy.txt	6123570e	ff11ef3570ef47ab339a3d2a5d8970202fa6ea56	2252
artifacts/p3/ei_textbook_precursor_r6_val36_k32.json	6123570e	945f4267cbb42eb944fd0581be3f5428697524c0	2487
artifacts/p3/ei_textbook_precursor_r7_val36_greedy.txt	6123570e	dc52d670db999027f8bd7085ed864fe97d8f249c	2274
artifacts/p3/ei_textbook_precursor_r7_val36_k32.json	6123570e	a205fba576371840cc862505190751e709660d67	2510
artifacts/p3/ei_textbook_precursor_r8_val36_greedy.txt	6123570e	b558e58599698158d192a7cbf44c760c6c271866	2180
artifacts/p3/ei_textbook_precursor_r8_val36_k32.json	6123570e	199139cd71b77d6baa55f2d0193c0dc014132fe3	2512
artifacts/p3/ei_textbook_r1_val36_greedy.txt	6123570e	1346dac828a1e06b009354eac3ef7b3890d95fa5	2176
artifacts/p3/ei_textbook_r1_val36_k32.json	6123570e	4e9c62f7c1578bbe2db31646c5f3da675a452c74	2450
artifacts/p3/ei_textbook_r2_val36_greedy.txt	6123570e	79a42a4fa90ffc6a8d2ba7858f59f0695677efe7	2247
artifacts/p3/ei_textbook_r2_val36_k32.json	6123570e	902edd6ab20ba592deaf52a3986e5c92443dc9ae	2478
artifacts/p3/ei_textbook_r3_val36_greedy.txt	6123570e	00226a9c3a31604cb6a45986bf0f6768f0880f10	2225
artifacts/p3/ei_textbook_r3_val36_k32.json	6123570e	307711e3fd565801ed69c3d8f9e46b237df77b08	2501
artifacts/p3/ei_textbook_r4_val36_greedy.txt	6123570e	a07739ee1b14de08a9dc46929d9b0c48fa142321	2269
artifacts/p3/ei_textbook_r4_val36_k32.json	6123570e	d2ed10847aa9d6d0c643f618aba6c2f3fd3783d6	2502
artifacts/p3/ei_textbook_r5_val36_greedy.txt	6123570e	81ce7060f950d640c30fa078f80627b67626a65f	2225
artifacts/p3/ei_textbook_r5_val36_k32.json	6123570e	5474dcde4eca66a7c2426b322013e71d50737c8e	2450
artifacts/p3/ei_textbook_r6_val36_greedy.txt	6123570e	6eb58bd401c8beb152bac2a3bd1fd5cef80d6655	2254
artifacts/p3/ei_textbook_r6_val36_k32.json	6123570e	b3a1b45dbbab670f37cfe1f70d1449ce1e2b5723	2479
artifacts/p3/ei_textbook_r7_val36_greedy.txt	6123570e	560cf04147774bcedf36ecd5b6a5c3aab017dff3	2125
artifacts/p3/ei_textbook_r7_val36_k32.json	6123570e	0560c6f0980054b441e7ec14a07e5cff8a10928e	2472
artifacts/p3/ei_textbook_r8_val36_greedy.txt	6123570e	1ba8c3f32d1210f6d56c387913ef3568e4e75311	2221
artifacts/p3/ei_textbook_r8_val36_k32.json	6123570e	d897d4a2257dde68bbf313e05c46a2ed1c0cf985	2491
artifacts/p3/frozen_textbook/args.json	6123570e	1dcef86879701043f0ab5f84b73af8e4cf18b8a4	516
artifacts/p3/frozen_textbook/round_1.json	6123570e	5d82c2e59a057219aa4797a9986cf800d22501fb	11212
artifacts/p3/frozen_textbook/round_2.json	6123570e	4af871c5dc5fecb929ecddb6b1d84a98d62cbd8d	11187
artifacts/p3/frozen_textbook/round_3.json	6123570e	24904c5975dab255bc710bc1654cb906be3c3d8c	11203
artifacts/p3/frozen_textbook/round_4.json	6123570e	b01bd10d7efdd3b8502cfd5829e7bca03893b38c	11190
artifacts/p3/frozen_textbook/round_5.json	6123570e	12ba4404c43abc437ea15917c126de5a2163cefd	11189
artifacts/p3/frozen_textbook/round_6.json	6123570e	c0e87ce44d1467979c17a27cba321dcc721d1fcd	11207
artifacts/p3/frozen_textbook/round_7.json	6123570e	55d113fb2eca1fdf13c627099a01067d885cad91	11194
artifacts/p3/frozen_textbook/round_8.json	6123570e	11e10bf044b13d135a8a5132e5b824bbe92f71be	11187
artifacts/p3/val36_ei_textbook.txt	6123570e	99e20ffc5b552c30cdce93d0f58d68869debd24d	653
artifacts/p3/val36_ei_textbook_precursor.txt	6123570e	b3392aab1b0782c106e47fffce93a0f483caacfb	733
artifacts/p3_minlen.log	6123570e	71cd6a4ce283fb6e233084c5b2cceca24050dfa9	243
artifacts/phase1_tables.md	6123570e	cd262344192513554b19db4cf9b20ee0cbbdc863	19354
artifacts/podlogs_p1.tgz	6123570e	52aa73c398dba0e7bab38e30c5c64d354c77c989	62043
artifacts/podlogs_p2.tgz	6123570e	bd3404cfddf4d80af79209bcfac4ad7d5dc46673	65182
artifacts/podlogs_p3.tgz	6123570e	216322c087449b719dee8aa18292d2a0d04e0ce4	60870
artifacts/queue2.log	6123570e	e69de29bb2d1d6434b8b29ae775ad8c2e48c5391	0
artifacts/queue3.log	6123570e	e69de29bb2d1d6434b8b29ae775ad8c2e48c5391	0
artifacts/r1/lean_found_check.log	6123570e	bda3576212fd0713a0f21a7544952b6b35cd1bb6	562
artifacts/r1/scale_summary.json	6123570e	73e325875b0aadcdae52fc1bb80319dc72691412	1797
artifacts/r1/score_qwen30b.log	6123570e	bc325c26949600e4b94cbe5a95b5a742c5acdbde	13
artifacts/r1/score_scale.log	6123570e	909cc799b5ab6413f8a033d301413df449a95ce8	36
artifacts/r1/score_scale2.log	6123570e	59de45e7b902c6dc29b28af50c8d1e6c2f952f6b	46
artifacts/r1/step2.log	6123570e	533d14317bf85629594c6d1d132e9e37ab6a3c55	31905
artifacts/r1/step3_Qwen3-0.6B.log	6123570e	6e6355e64ff2277c4f51fcbd6c971bfbbf9738be	20155
artifacts/r1/step3_Qwen3-32B.log	6123570e	74eba7ca5e909a7fff748ade34a4e96c27fba403	30211
artifacts/r1/summary.json	6123570e	4179c3a1cfdde05aa43764348782850ddcde7b27	54513
artifacts/r1/summary_prelim.json	6123570e	7e400ccc6f5cc98195f1435634c70322c46c70a3	48481
artifacts/r1/upload.log	6123570e	1d6ddfd54d69b4db6bde8952492be4df7b14f0f7	324
artifacts/r2/analysis_final.log	6123570e	19c7870a743174d97d9983302f177728cb510c7b	12365
artifacts/r2/analysis_prelim.log	6123570e	c56826fc44e3aaad23e2011b56fadc563c9faa00	10442
artifacts/r2/chain_pool.log	6123570e	05de501e2b7b78188d4680d95cf9400e2c960e90	214
artifacts/r2/ei_depth4_c8ctl_s0/args.json	6123570e	4dffe07f33bbe18d25f7b98240091aff0866d773	589
artifacts/r2/ei_depth4_c8ctl_s0/round_1.json	6123570e	2f7de3f6f8b6a00dcea172d9b26cdd2a06a9496a	6754
artifacts/r2/ei_depth4_c8ctl_s0/round_2.json	6123570e	4f9ec8fc58566f73512e60ad654d70625a76d8fc	7004
artifacts/r2/ei_depth4_c8ctl_s0/round_3.json	6123570e	a3d4d69396f7c35c1d1cc1d9a3c9bb0103fb7e92	6995
artifacts/r2/ei_depth4_c8ctl_s0/round_4.json	6123570e	060078e186845ba6f0faeb382509ef64320e30f1	7072
artifacts/r2/ei_depth4_c8ctl_s0/round_5.json	6123570e	1cbfea8633bb8eeb418fe56742a4dfbc0137ae29	7077
artifacts/r2/ei_depth4_c8ctl_s0/round_6.json	6123570e	bf910e92beab0de37b22181e2f5e5d8b4122831c	7055
artifacts/r2/ei_depth4_c8ctl_s0/round_7.json	6123570e	c7e2dd797e59130c4315f80ef16c370f499f883c	7107
artifacts/r2/ei_depth4_c8ctl_s0/round_8.json	6123570e	d1fc06f97eae2976f639225dd0487023ada532f1	7053
artifacts/r2/ei_depth4_c8ctl_s1/args.json	6123570e	51276eab12019f485300b94c9f7e4b14604b9a3f	589
artifacts/r2/ei_depth4_c8ctl_s1/round_1.json	6123570e	08b40b12528280547ff948580dd25e5b09f1092a	6769
artifacts/r2/ei_depth4_c8ctl_s1/round_2.json	6123570e	dbc7d1a2ba6d2014acbdcd3453e5571df163a319	6949
artifacts/r2/ei_depth4_c8ctl_s1/round_3.json	6123570e	d6caccfcefffed5d2589c0e83843a164165ccd19	7027
artifacts/r2/ei_depth4_c8ctl_s1/round_4.json	6123570e	3dccc4a6e05e019f949baab29b90b0d5e3b278c6	7072
artifacts/r2/ei_depth4_c8ctl_s1/round_5.json	6123570e	ff31647bba21dad93370ad50a7a7d69f688361b0	7120
artifacts/r2/ei_depth4_c8ctl_s1/round_6.json	6123570e	040c8e58f896146e84759a40f7691be4f922a6c9	7107
artifacts/r2/ei_depth4_c8ctl_s1/round_7.json	6123570e	deeb7d16eb5cf2e0f4c1ceca68d24f33fc669d28	7100
artifacts/r2/ei_depth4_c8ctl_s1/round_8.json	6123570e	d38d72be357fba99820c742df91a3c8700fdb8c8	7134
artifacts/r2/ei_depth4_c8f0_s0/args.json	6123570e	a8b5c2e072269c3e3cf996a9b981eefebf7de2ac	570
artifacts/r2/ei_depth4_c8f0_s0/round_1.json	6123570e	067050c281b19f2eb5a1026889210f4875f27d55	6774
artifacts/r2/ei_depth4_c8f0_s0/round_2.json	6123570e	86accee5b88146fa18eac42ec94eb029b522a9a1	7024
artifacts/r2/ei_depth4_c8f0_s0/round_3.json	6123570e	2a37a1a80faa3d002f9934d69148b90f7e6baed5	7020
artifacts/r2/ei_depth4_c8f0_s0/round_4.json	6123570e	20874f9624229391cb0d139fe26e8b37a15bcc98	7160
artifacts/r2/ei_depth4_c8f0_s0/round_5.json	6123570e	e222ebbc3d26cb6bc4b0385d00e810193c1b6d7a	7166
artifacts/r2/ei_depth4_c8f0_s0/round_6.json	6123570e	0c21d15141da15420e0e0bb9aa49033b525dd751	7218
artifacts/r2/ei_depth4_c8f0_s0/round_7.json	6123570e	b856c46cd06bf51601085d7382d0635d3876bd5c	7163
artifacts/r2/ei_depth4_c8f0_s0/round_8.json	6123570e	2aa6c6c36acd36436b8be9ef415518fd540a434b	7157
artifacts/r2/ei_depth4_c8f0_s1/args.json	6123570e	fdc08b34edb803028564533347d1558a970f9729	570
artifacts/r2/ei_depth4_c8f0_s1/round_1.json	6123570e	2a1a171f042c26084aa2fb88a5d1731bf9db6eb1	6798
artifacts/r2/ei_depth4_c8f0_s1/round_2.json	6123570e	bd982cbc95cf866e379d08520eb80e3af7f0dbc7	6968
artifacts/r2/ei_depth4_c8f0_s1/round_3.json	6123570e	3e5bd6ae8704e960f388482668258dc436bc07eb	7067
artifacts/r2/ei_depth4_c8f0_s1/round_4.json	6123570e	44da7d1b2abb0b1f0445660af23012e9f27f6b37	7102
artifacts/r2/ei_depth4_c8f0_s1/round_5.json	6123570e	b2dbf84dbf19658b50ed6688b3c852ce95c6cc21	7114
artifacts/r2/ei_depth4_c8f0_s1/round_6.json	6123570e	ff4911d035b9cbc80896ca445dd8bb77645c8fa3	7149
artifacts/r2/ei_depth4_c8f0_s1/round_7.json	6123570e	ef45769daafa72c76e5ff16c2b019a5b754d4ed0	7196
artifacts/r2/ei_depth4_c8f0_s1/round_8.json	6123570e	f6cf5689e019f6b9d7d5a438be12af5bcd83e5c8	7049
artifacts/r2/ei_depth4_s0/args.json	6123570e	9ee642e9dbdb2dff31d210cc1049fe5729d4c1d7	550
artifacts/r2/ei_depth4_s0/round_1.json	6123570e	e746300dab107d4bf2ae40691cfdba0c31d553d8	5672
artifacts/r2/ei_depth4_s0/round_2.json	6123570e	6f3977adcac2b4c5dacf5824e6ab1133b16f2cd2	5686
artifacts/r2/ei_depth4_s0/round_3.json	6123570e	65aaf160dc51bf801aa9bce43088c42726c4e3d4	5675
artifacts/r2/ei_depth4_s0/round_4.json	6123570e	5c7e6e1829566709b33dc5b1e34d0a37dda181e4	5673
artifacts/r2/ei_depth4_s0/round_5.json	6123570e	64bee71a78098df5af190ca3d4ea26a5e77f2977	5676
artifacts/r2/ei_depth4_s0/round_6.json	6123570e	f717a0ec7d1ccb89ca4ce7c0ffa894f2e320203a	5675
artifacts/r2/ei_depth4_s0/round_7.json	6123570e	f15fbd5119e760e9e0f02d61aff7005d0834f1de	5685
artifacts/r2/ei_depth4_s0/round_8.json	6123570e	2f4b159d7ae05b8e9478d9a98b67fd4807bc3947	5675
artifacts/r2/ei_depth4_s1/args.json	6123570e	ff72fb94bcf32e0d1f0592ca98fd667637f96ca8	550
artifacts/r2/ei_depth4_s1/round_1.json	6123570e	ae744b4a1c5ce40e659c611909bd9101093a04bb	5626
artifacts/r2/ei_depth4_s1/round_2.json	6123570e	d1329fa90d8a2ae6990fcdd2fd4aa480b4b80ff8	5625
artifacts/r2/ei_depth4_s1/round_3.json	6123570e	f1a9da626ea057d982a9f8c6ee51061055e23be2	5626
artifacts/r2/ei_depth4_s1/round_4.json	6123570e	e527eafd6ec4ed1a8b0a9979dfec3847943d2040	5626
artifacts/r2/ei_depth4_s1/round_5.json	6123570e	20f58f35dc64f4c5ed1cb09b7562c8d2af4bcc6e	5627
artifacts/r2/ei_depth4_s1/round_6.json	6123570e	25780254bc3ba6efa6e214c4da43db47e87bfceb	5635
artifacts/r2/ei_depth4_s1/round_7.json	6123570e	f9af99888d9499db2042e1bc97d9cbf16cd4fe61	5635
artifacts/r2/ei_depth4_s1/round_8.json	6123570e	90794848a9ac3ef3c937d195eed04da433a54469	5626
artifacts/r2/ei_impe_chain4_s0/args.json	6123570e	5e3522500f44eb6f6dc3262d259e50cde959078b	565
artifacts/r2/ei_impe_chain4_s0/round_1.json	6123570e	26d089fc8744f0d8428d941b9875cd3f7a9af4e8	5733
artifacts/r2/ei_impe_chain4_s0/round_2.json	6123570e	65910155622300d59adc885fe11be3ac78b45391	5732
artifacts/r2/ei_impe_chain4_s0/round_3.json	6123570e	f309c67f1f01a4e02f8334f528d0a577d0cf5bf0	5712
artifacts/r2/ei_impe_chain4_s0/round_4.json	6123570e	ff88bc954ea009493bf20742baf92b5f21ca30f4	5713
artifacts/r2/ei_impe_chain4_s0/round_5.json	6123570e	05c44863d7e4a9fd6d71ba432fa9893e563994e1	5734
artifacts/r2/ei_impe_chain4_s0/round_6.json	6123570e	c2ceb434c919f8855a04cb45f15e43d1d4739282	5736
artifacts/r2/ei_impe_chain4_s0/round_7.json	6123570e	adc790cb11498e34648610ef21e7ed173aa65146	5716
artifacts/r2/ei_impe_chain4_s0/round_8.json	6123570e	6d71aef605b7275d4ee46144cb8ab081c860af05	5734
artifacts/r2/ei_impe_chain4_s1/args.json	6123570e	294f66ff7cd2cccdfb28ba8d5b3fe523225a019d	565
artifacts/r2/ei_impe_chain4_s1/round_1.json	6123570e	b6ae3d12cd6d89b89ea930a75f8a7382ae3bcd0f	5712
artifacts/r2/ei_impe_chain4_s1/round_2.json	6123570e	bbed9b9b7fbeadb680a9917c15fc8e1eb6f390da	5718
artifacts/r2/ei_impe_chain4_s1/round_3.json	6123570e	a85d5a10a01d04b74b146d2e786ee2a679098e50	5711
artifacts/r2/ei_impe_chain4_s1/round_4.json	6123570e	8031817f43d4e89fb2bcdf4b8fb86f309133c0c6	5713
artifacts/r2/ei_impe_chain4_s1/round_5.json	6123570e	a3c73354ae1d015aa6ba7f41df09abc2d5d7f765	5712
artifacts/r2/ei_impe_chain4_s1/round_6.json	6123570e	9980ee677238aa3e4cd2fa7771e768566584a550	5712
artifacts/r2/ei_impe_chain4_s1/round_7.json	6123570e	34dbca5fd6790fccc052371aed391005f4139227	5720
artifacts/r2/ei_impe_chain4_s1/round_8.json	6123570e	92146fd27c7351677f7e40bb1001a28b9430f72a	5712
artifacts/r2/ei_impi_ore_natctl_s0/args.json	6123570e	f12ca4056d29281012b8397706593c51432ef8e5	563
artifacts/r2/ei_impi_ore_natctl_s0/round_1.json	6123570e	debdf03e581762608085686464949fc07f0d20f4	6527
artifacts/r2/ei_impi_ore_natctl_s0/round_2.json	6123570e	60c5c6afa582b8669aa050b764866f114be7910f	6642
artifacts/r2/ei_impi_ore_natctl_s0/round_3.json	6123570e	3c48434610889b05be7989197b81e53250f88af2	6914
artifacts/r2/ei_impi_ore_natctl_s0/round_4.json	6123570e	65c24c1751e806bb00bb1072e3c624aed5c121ec	6925
artifacts/r2/ei_impi_ore_natctl_s0/round_5.json	6123570e	971e892b3db421077196d956550546cb9fe76725	6914
artifacts/r2/ei_impi_ore_natctl_s0/round_6.json	6123570e	74134ac948ad31c46350b1d7f94c5ae1abefb5b9	6940
artifacts/r2/ei_impi_ore_natctl_s0/round_7.json	6123570e	4f4e712db34dbd7a4979f05a4dddb761d9e5fa36	6954
artifacts/r2/ei_impi_ore_natctl_s0/round_8.json	6123570e	0704f1a75e3b622d46b64c73f8e7a0f7aea42bb4	6996
artifacts/r2/ei_impi_ore_natctl_s1/args.json	6123570e	72318443e90793345ebcee62ec5653e3d1b600e1	563
artifacts/r2/ei_impi_ore_natctl_s1/round_1.json	6123570e	c3bc0a359cbe6667b6f1c52573e5584e43696224	6683
artifacts/r2/ei_impi_ore_natctl_s1/round_2.json	6123570e	3d0bc4a9748410ebdc176b61ae0836b4fbe6978d	6732
artifacts/r2/ei_impi_ore_natctl_s1/round_3.json	6123570e	9596c9b2430eb5bafd3ef5db148dfc06e3232e33	6711
artifacts/r2/ei_impi_ore_natctl_s1/round_4.json	6123570e	f217f649428e8a9fb9a7d5ce5b1cc75487a7a9a4	6814
artifacts/r2/ei_impi_ore_natctl_s1/round_5.json	6123570e	a6026d9bff578679a542f6a74b08bbd5c22a6dda	6882
artifacts/r2/ei_impi_ore_natctl_s1/round_6.json	6123570e	ade3fa945ca2c68ff1382a3a14d79214dbb0453f	6952
artifacts/r2/ei_impi_ore_natctl_s1/round_7.json	6123570e	901bc1de41129cf0475aeca01a2eebacb61524aa	6951
artifacts/r2/ei_impi_ore_natctl_s1/round_8.json	6123570e	70adaaeb7d8415e1bbe41d4d944c4e9cbb3342ac	6951
artifacts/r2/ei_impi_ore_s0/args.json	6123570e	3aa0ddd83da721ae0867be7f57da953d5afb947b	566
artifacts/r2/ei_impi_ore_s0/round_1.json	6123570e	fcd0266fd103af8586da2875a20b4d4494a10863	6272
artifacts/r2/ei_impi_ore_s0/round_2.json	6123570e	b7fa439840453f663554120f155ceb45a5fb0337	6272
artifacts/r2/ei_impi_ore_s0/round_3.json	6123570e	cefa8b4699e65e525b819956d334725966836bfc	6272
artifacts/r2/ei_impi_ore_s0/round_4.json	6123570e	6d071adbe81f89d13fb835870e39f16938d5bd2c	6274
artifacts/r2/ei_impi_ore_s0/round_5.json	6123570e	18bdf10551c1617d3dacb48a32e52ec30108eef8	6273
artifacts/r2/ei_impi_ore_s0/round_6.json	6123570e	71b71d121d2fd38a46eda5d4dc7288152e8ed403	6273
artifacts/r2/ei_impi_ore_s0/round_7.json	6123570e	5963263441afb7cfceafa76da515c93a822d48f2	6271
artifacts/r2/ei_impi_ore_s0/round_8.json	6123570e	ec0378450736674bb1e6e5b7ae19aa4cffd401c5	6273
artifacts/r2/ei_impi_ore_s1/args.json	6123570e	f4904b3c03c6860ec545941c2fde7c22b46a5c17	566
artifacts/r2/ei_impi_ore_s1/round_1.json	6123570e	be0dd5ddba76d2b599135e3c601759ddd991bb7f	6217
artifacts/r2/ei_impi_ore_s1/round_2.json	6123570e	4fd35475bb2e043fc65f326270a7bc39e01f8a1b	6219
artifacts/r2/ei_impi_ore_s1/round_3.json	6123570e	c9bf5ae2096bc85e9111457f08472b1ccd7ef8f4	6219
artifacts/r2/ei_impi_ore_s1/round_4.json	6123570e	eeecadd042e285efe82694fc0b64806f8fba2205	6218
artifacts/r2/ei_impi_ore_s1/round_5.json	6123570e	ef5f4b80e1af9447be8750ba77654f4ffadc2b82	6219
artifacts/r2/ei_impi_ore_s1/round_6.json	6123570e	183515f6fad869416abd5cd27cce028b8fb81a17	6217
artifacts/r2/ei_impi_ore_s1/round_7.json	6123570e	52a95404434db3b1a022988b9978cb1e3b68d035	6218
artifacts/r2/ei_impi_ore_s1/round_8.json	6123570e	ffa410622aaed13239a123beb26b1f648f84926e	6218
artifacts/r2/ei_negi_ande_hyp_natctl_s0/args.json	6123570e	4947e20c8c093be4af4c6b3e3578351b4f42c9e2	578
artifacts/r2/ei_negi_ande_hyp_natctl_s0/round_1.json	6123570e	773c460a9af1894d2712bf06e113d176d4f1a286	6281
artifacts/r2/ei_negi_ande_hyp_natctl_s0/round_2.json	6123570e	177f67be488a7192a02c2b7724f358d5e265cccf	6293
artifacts/r2/ei_negi_ande_hyp_natctl_s0/round_3.json	6123570e	7d02567b11ba44e8fd174a2f4c7d86c643f7fae5	6283
artifacts/r2/ei_negi_ande_hyp_natctl_s0/round_4.json	6123570e	7036e82041085cb6a25838726eb8f4051cc30bcf	6292
artifacts/r2/ei_negi_ande_hyp_natctl_s0/round_5.json	6123570e	630d765eb073d230ed74a4a54de6cc68d3009f40	6282
artifacts/r2/ei_negi_ande_hyp_natctl_s0/round_6.json	6123570e	6c448a87d575de8bc0cba5c9f1d628b257a0b4c0	6281
artifacts/r2/ei_negi_ande_hyp_natctl_s0/round_7.json	6123570e	a90fd0763d038eeecf16243aee968bfadf9c3098	6292
artifacts/r2/ei_negi_ande_hyp_natctl_s0/round_8.json	6123570e	9c47841207f40740bf1cd81e7599aefd31f7d5e3	6293
artifacts/r2/ei_negi_ande_hyp_natctl_s1/args.json	6123570e	f6dbc483414733c6c6ae9798789d716f17f73bd9	578
artifacts/r2/ei_negi_ande_hyp_natctl_s1/round_1.json	6123570e	8fe9ffed4f171dc3dbee2d3e12aad763de63add0	6305
artifacts/r2/ei_negi_ande_hyp_natctl_s1/round_2.json	6123570e	ef6697e35fef90b1a0dba2978a9589090dc3e21a	6472
artifacts/r2/ei_negi_ande_hyp_natctl_s1/round_3.json	6123570e	80e5082a7901e1cd90d95cf01816172642830cd0	6435
artifacts/r2/ei_negi_ande_hyp_natctl_s1/round_4.json	6123570e	e9fc826e8a1a4bc3a9c8fb97d008927be2a0d33b	6631
artifacts/r2/ei_negi_ande_hyp_natctl_s1/round_5.json	6123570e	1bde0ed40f85d4b945b593876ae016e7df277162	6664
artifacts/r2/ei_negi_ande_hyp_natctl_s1/round_6.json	6123570e	58cd9f8134ec954a066ef19b60468e62afa0c5e7	6665
artifacts/r2/ei_negi_ande_hyp_natctl_s1/round_7.json	6123570e	8e6c3d0f746b9d3953cc66976c0bd494918f33a7	6713
artifacts/r2/ei_negi_ande_hyp_natctl_s1/round_8.json	6123570e	473c5c6cd58e1d69a3a4f156ed827ca4dd89cc06	6693
artifacts/r2/ei_negi_ande_hyp_s0/args.json	6123570e	3ffff6d7fd7d5119252a7125a42d8b30037126e8	591
artifacts/r2/ei_negi_ande_hyp_s0/round_1.json	6123570e	c660c2c86252c82acb8be8ee00afb457ce9b49c3	6335
artifacts/r2/ei_negi_ande_hyp_s0/round_2.json	6123570e	a938eb1272e7dd43728bc65bb7974c059b6ba8f9	6336
artifacts/r2/ei_negi_ande_hyp_s0/round_3.json	6123570e	ae21bc2da32ee8df36bbcb776636971c646a72c1	6336
artifacts/r2/ei_negi_ande_hyp_s0/round_4.json	6123570e	cfc3236adb43335214a60aa2b0e0a5e61731c66c	6338
artifacts/r2/ei_negi_ande_hyp_s0/round_5.json	6123570e	0f91001a131238c42b7d68d789d552553d65983d	6336
artifacts/r2/ei_negi_ande_hyp_s0/round_6.json	6123570e	6aacd2ee7122896d66bd54e6dfeba97911b66ce2	6340
artifacts/r2/ei_negi_ande_hyp_s0/round_7.json	6123570e	4a4da8185be642ea3294d6e78e101e22ef53a3ee	6336
artifacts/r2/ei_negi_ande_hyp_s0/round_8.json	6123570e	10a7dc252d8d29c391d74bb36747c68133fbf87b	6340
artifacts/r2/ei_negi_ande_hyp_s1/args.json	6123570e	b5a6b340eb28426e1b359c65ba646b90e92d31c1	591
artifacts/r2/ei_negi_ande_hyp_s1/round_1.json	6123570e	101a60af71e51e2646fc55e9f45593cde7caf117	6314
artifacts/r2/ei_negi_ande_hyp_s1/round_2.json	6123570e	d58310b725a696734af7aa5b7ccf04db0affe679	6317
artifacts/r2/ei_negi_ande_hyp_s1/round_3.json	6123570e	3435d4af341930f50bdc4c186560b46b28946295	6314
artifacts/r2/ei_negi_ande_hyp_s1/round_4.json	6123570e	b781fd03d59458ec355fbb7e96ac017529e4a275	6489
artifacts/r2/ei_negi_ande_hyp_s1/round_5.json	6123570e	d011dfe463ae10c6451866eb61b41a9f0d033b83	6598
artifacts/r2/ei_negi_ande_hyp_s1/round_6.json	6123570e	4c552d463b74e5105cb8dff782c2f21037a099bd	6667
artifacts/r2/ei_negi_ande_hyp_s1/round_7.json	6123570e	f98ecb8b654689b94d8167aa47987adb72c54c7b	6781
artifacts/r2/ei_negi_ande_hyp_s1/round_8.json	6123570e	19b9428092f60c0f5cfc9bd4c8ede34259922f1b	6826
artifacts/r2/ei_nested_ore_s0/args.json	6123570e	f2a98ccc6b4e3638583496e208448c564203f3e7	562
artifacts/r2/ei_nested_ore_s0/round_1.json	6123570e	86a46a81fa50037e9abb51445fbb6454327feb2d	5623
artifacts/r2/ei_nested_ore_s0/round_2.json	6123570e	fd0699a2090fde19e914d883a672034da14c2e66	5622
artifacts/r2/ei_nested_ore_s0/round_3.json	6123570e	eebaa46a4b8833d8d9f60a7f2d3ece5775037ee1	5623
artifacts/r2/ei_nested_ore_s0/round_4.json	6123570e	574326b77678779650fc4e4267b0375b22cf5187	5622
artifacts/r2/ei_nested_ore_s0/round_5.json	6123570e	28477daa4a6603d6f6c7fe6c81340a806aeae113	5623
artifacts/r2/ei_nested_ore_s0/round_6.json	6123570e	edf4aa9859268e77508b7d3233376e68f6d5dd45	5623
artifacts/r2/ei_nested_ore_s0/round_7.json	6123570e	84ababed2c75e167d487412af85571301f947717	5619
artifacts/r2/ei_nested_ore_s0/round_8.json	6123570e	77a61df6f163a2ad41e6d1e6da7852fc63c404bd	5624
artifacts/r2/ei_nested_ore_s1/args.json	6123570e	2df8d66523d531906b40e05e5511cddb6a75e564	562
artifacts/r2/ei_nested_ore_s1/round_1.json	6123570e	c9301d8a0fbcbb2dde3708150413aa651b9829e5	5647
artifacts/r2/ei_nested_ore_s1/round_2.json	6123570e	7091e230394419e380ee73c489c46400bd0ccc44	5649
artifacts/r2/ei_nested_ore_s1/round_3.json	6123570e	a449c63de8335ae62b5dec4455afa7d89e612875	5649
artifacts/r2/ei_nested_ore_s1/round_4.json	6123570e	4e1218bd93966b0612b2648e4c75a368037ac140	5649
artifacts/r2/ei_nested_ore_s1/round_5.json	6123570e	9c4ef180250b62b387055e480ecc2a630ae7fe02	5646
artifacts/r2/ei_nested_ore_s1/round_6.json	6123570e	7c5a9454f91ee1b198cc874d9d71cf3b6a5f5891	5646
artifacts/r2/ei_nested_ore_s1/round_7.json	6123570e	cc061eeafc8f9051c9b8219b94ed6c7409181466	5649
artifacts/r2/ei_nested_ore_s1/round_8.json	6123570e	8c0b58ca3e143c14d307e5d16efd3d273248db14	5650
artifacts/r2/ei_ori_ore_s0/args.json	6123570e	b595b529d1d7c7c66cb69057a5675edd285b9095	561
artifacts/r2/ei_ori_ore_s0/round_1.json	6123570e	c18669ce79437952f9cf58de6f5c8c7a5fe02ae6	6546
artifacts/r2/ei_ori_ore_s0/round_2.json	6123570e	97e2cb3ef56e225c6907c80ce502ae193999247f	6583
artifacts/r2/ei_ori_ore_s0/round_3.json	6123570e	9c715287e4d2ce85c9268af81050216af3890898	6574
artifacts/r2/ei_ori_ore_s0/round_4.json	6123570e	de13197a7bd0f6adb538b85137af3c83f2c4a3eb	6628
artifacts/r2/ei_ori_ore_s0/round_5.json	6123570e	ebee3cfa471c11fdb98caad856be62333cbdf5ff	6625
artifacts/r2/ei_ori_ore_s0/round_6.json	6123570e	5438e8c793e4b4d29b064710c045021f1884719e	6693
artifacts/r2/ei_ori_ore_s0/round_7.json	6123570e	210251227537f4141067c47536014bc1b813db0d	6758
artifacts/r2/ei_ori_ore_s0/round_8.json	6123570e	34f2a1343501826dc7776e35901151ac51b83eee	6716
artifacts/r2/ei_ori_ore_s1/args.json	6123570e	49c443a6cfbf9d2cb94aa7bffcdb727aa3046b1a	561
artifacts/r2/ei_ori_ore_s1/round_1.json	6123570e	e001cbc0608aa4718f1a03b8f69381bf232edd95	6597
artifacts/r2/ei_ori_ore_s1/round_2.json	6123570e	c38c561dae33e19e372e438274f7d019aa3a0bb1	6608
artifacts/r2/ei_ori_ore_s1/round_3.json	6123570e	0cb9c92ccbdec445c9ae509c62538516acd95326	6658
artifacts/r2/ei_ori_ore_s1/round_4.json	6123570e	d494305de62c6b233738870692d240e2861fedcd	6578
artifacts/r2/ei_ori_ore_s1/round_5.json	6123570e	31e6ac65b15bddc624b5c8b4181b050e8245587e	6654
artifacts/r2/ei_ori_ore_s1/round_6.json	6123570e	1a41728168d23954f4234bf455a6c93b210ecad4	6647
artifacts/r2/ei_ori_ore_s1/round_7.json	6123570e	584210891ce547a16c0cd2ce0e0e7726c2330269	6643
artifacts/r2/ei_ori_ore_s1/round_8.json	6123570e	5c46e04cf0a33d9a5cbf9bc3dbd1c2044e98db3c	6620
artifacts/r2/frozen_depth4_c8ctl_s0/args.json	6123570e	200c34c8ede9986c253b2a0af5d3606f19ab8d39	592
artifacts/r2/frozen_depth4_c8ctl_s0/round_1.json	6123570e	db6bcecbb1c691c034aac6953d375a8c36f758e5	6704
artifacts/r2/frozen_depth4_c8ctl_s0/round_2.json	6123570e	988016f4da7bfac76798a122fcaf69b47a7920ab	6706
artifacts/r2/frozen_depth4_c8ctl_s0/round_3.json	6123570e	8e46295ff3ee78152e55b765e083760e951b7f8a	6710
artifacts/r2/frozen_depth4_c8ctl_s0/round_4.json	6123570e	d021000c571e2e7620f2fd566dc890cc94621ee5	6703
artifacts/r2/frozen_depth4_c8ctl_s0/round_5.json	6123570e	ed85cf12e412f25b90d7153365fd75233b6cc6c2	6706
artifacts/r2/frozen_depth4_c8ctl_s0/round_6.json	6123570e	44efeb8411c192a820d6b7be5050f5018a83851e	6692
artifacts/r2/frozen_depth4_c8ctl_s0/round_7.json	6123570e	58a5ea536367a94d876d0e41944889286d86d644	6710
artifacts/r2/frozen_depth4_c8ctl_s0/round_8.json	6123570e	2dd3c3c243e1fe49bd27f36e8a6170e7df9ca424	6705
artifacts/r2/frozen_depth4_c8ctl_s1/args.json	6123570e	c0eb339a0adbd81dbc8459cc63b299920dfc1854	592
artifacts/r2/frozen_depth4_c8ctl_s1/round_1.json	6123570e	30ea72b6cea7f80327af909f0cbc8209c4cc505b	6718
artifacts/r2/frozen_depth4_c8ctl_s1/round_2.json	6123570e	44bfa73811fed17198109c619088193ef5721c7d	6723
artifacts/r2/frozen_depth4_c8ctl_s1/round_3.json	6123570e	11e8ffc2016a4a3a1f3fdff015e783940c001ffc	6716
artifacts/r2/frozen_depth4_c8ctl_s1/round_4.json	6123570e	3bc209b45ac2789c982ebee80091fe8ad47336ae	6717
artifacts/r2/frozen_depth4_c8ctl_s1/round_5.json	6123570e	6dcb5684202c1273ee38f6fbd73d74c22d3c4355	6720
artifacts/r2/frozen_depth4_c8ctl_s1/round_6.json	6123570e	684afa8130c59745324318c629f9ca50b30f698d	6718
artifacts/r2/frozen_depth4_c8ctl_s1/round_7.json	6123570e	0815bcbb5114b167a064c749a32691a19cb24c7c	6716
artifacts/r2/frozen_depth4_c8ctl_s1/round_8.json	6123570e	43d2dce04897624165aaae61a37c1dbab2320638	6704
artifacts/r2/frozen_depth4_c8f0_s1/args.json	6123570e	98f1b7ba879e15029fddc16eca096ddb3289363a	573
artifacts/r2/frozen_depth4_c8f0_s1/round_1.json	6123570e	02e25f5ba2869009cc69fea8cd3403b7f42b1763	6747
artifacts/r2/frozen_depth4_c8f0_s1/round_2.json	6123570e	f40f21d1513ab7d214ccfb511815040f743a9091	6738
artifacts/r2/frozen_depth4_c8f0_s1/round_3.json	6123570e	58592763a35cafac40736206cf075acec943dbf8	6741
artifacts/r2/frozen_depth4_c8f0_s1/round_4.json	6123570e	69fa6a3d557ba788f4684556d6cd45b3363a1052	6736
artifacts/r2/frozen_depth4_c8f0_s1/round_5.json	6123570e	2bc3104427ca5a7d55d58999b31f4ea91b7a600c	6746
artifacts/r2/frozen_depth4_c8f0_s1/round_6.json	6123570e	300a236b78d29d325251f1fde6cc4c011dc3a683	6744
artifacts/r2/frozen_depth4_c8f0_s1/round_7.json	6123570e	a03401d91b106f857c87ea2c2c2d924c1218a8e3	6743
artifacts/r2/frozen_depth4_c8f0_s1/round_8.json	6123570e	95ea5855a94707dcb83c481386de55d1d660b0fb	6743
artifacts/r2/frozen_depth4_s0/args.json	6123570e	2607bc6ae646ddf31358324c8bd442095725284c	553
artifacts/r2/frozen_depth4_s0/round_1.json	6123570e	b5aa37122e622da09af1b2c1cf36571a5ee88036	5626
artifacts/r2/frozen_depth4_s0/round_2.json	6123570e	1b28fc43ab816c35faac86fea3b17fbe0ee37c45	5640
artifacts/r2/frozen_depth4_s0/round_3.json	6123570e	6b4a7a8fef23ee2742200ff718428670e85e13c8	5629
artifacts/r2/frozen_depth4_s0/round_4.json	6123570e	d4812640560619e6058e2bd77b92b52afd4f937c	5628
artifacts/r2/frozen_depth4_s0/round_5.json	6123570e	57477f15b84bd5fe218bb88d462fac9f67aaf130	5629
artifacts/r2/frozen_depth4_s0/round_6.json	6123570e	af4b5d9717f0109a70ce50474119d6345c0df09e	5628
artifacts/r2/frozen_depth4_s0/round_7.json	6123570e	6057da5a650087a2d518163cd5c788b826d79cb7	5639
artifacts/r2/frozen_depth4_s0/round_8.json	6123570e	c4b06edf31337f8b5b1fe712f49c06b8f414dd75	5629
artifacts/r2/frozen_depth4_s1/args.json	6123570e	efc834d0c8e918e7267034c3c177784b44060968	553
artifacts/r2/frozen_depth4_s1/round_1.json	6123570e	6690c2da231cd6c6826a4242205bf734c8afa455	5580
artifacts/r2/frozen_depth4_s1/round_2.json	6123570e	efef21fdf5d703c0c2bd2602d91b60bf0dfb1a60	5579
artifacts/r2/frozen_depth4_s1/round_3.json	6123570e	8c63635d504debc5e8d001d0b52ffdd120861219	5579
artifacts/r2/frozen_depth4_s1/round_4.json	6123570e	c5a9e4cf12fd86a96f9c8a9e1ace33c518272164	5579
artifacts/r2/frozen_depth4_s1/round_5.json	6123570e	140b08d29ad49229fab9a010e087cdbf0300eb05	5581
artifacts/r2/frozen_depth4_s1/round_6.json	6123570e	bb81fdf57947b3692092952cd173d6ae902dfdbe	5589
artifacts/r2/frozen_depth4_s1/round_7.json	6123570e	9dddbc9ea899506f94cb760cd4e3d11ad0d2e319	5589
artifacts/r2/frozen_depth4_s1/round_8.json	6123570e	deac7686b6b60e9a6141c8decbe3d65710491c21	5580
artifacts/r2/frozen_impe_chain4_s0/args.json	6123570e	be284b9e170e5c43c9abca295570445a97fd7ea9	568
artifacts/r2/frozen_impe_chain4_s0/round_1.json	6123570e	6b636e5b10bcd5670a66b80ed707abdc532fa975	5685
artifacts/r2/frozen_impe_chain4_s0/round_2.json	6123570e	923d860ecd1682c90a98103ddcacc02d474eecf3	5685
artifacts/r2/frozen_impe_chain4_s0/round_3.json	6123570e	c4cd19ce3acddbb28c1b8eb4a20681cb824912b1	5664
artifacts/r2/frozen_impe_chain4_s0/round_4.json	6123570e	df9a325ce46d349abd1ac3298747e598899fe23b	5666
artifacts/r2/frozen_impe_chain4_s0/round_5.json	6123570e	bc1005502038acd65ff695e7be0b0865cdddb320	5686
artifacts/r2/frozen_impe_chain4_s0/round_6.json	6123570e	1ef608fb9f2bdaf1c9a95d865a8c62c075954f92	5688
artifacts/r2/frozen_impe_chain4_s0/round_7.json	6123570e	89fec490a7168579547cd4d02b50f1cf30e52c24	5669
artifacts/r2/frozen_impe_chain4_s0/round_8.json	6123570e	3e161a5a7289333300399c2ba08bee2ff51f6911	5686
artifacts/r2/frozen_impe_chain4_s1/args.json	6123570e	7547e57946408c0e65dc0e289e054a460fda9a66	568
artifacts/r2/frozen_impe_chain4_s1/round_1.json	6123570e	79e72f45659b6cd5c4df9e6cfdbffd49af07b211	5664
artifacts/r2/frozen_impe_chain4_s1/round_2.json	6123570e	29a8ddb67324c52d85c67a85b59fbf836634bcb1	5672
artifacts/r2/frozen_impe_chain4_s1/round_3.json	6123570e	e32a6fcb56576a05f4dabf12ec2ce198fb39473c	5665
artifacts/r2/frozen_impe_chain4_s1/round_4.json	6123570e	c0619a15b44855e0987440e340ecfd5e0ef62013	5665
artifacts/r2/frozen_impe_chain4_s1/round_5.json	6123570e	b125087eb85dcfe08b9d12c8e2c0f7311c302af7	5665
artifacts/r2/frozen_impe_chain4_s1/round_6.json	6123570e	4402b95e72fce932436916459c694d655e686ca4	5665
artifacts/r2/frozen_impe_chain4_s1/round_7.json	6123570e	ae4bbab76aa3356f868844cf2708fd3b70455b33	5672
artifacts/r2/frozen_impe_chain4_s1/round_8.json	6123570e	d789004ec13606cbb5ada684bf7fd5280f2e84a3	5665
artifacts/r2/frozen_impi_ore_natctl_s0/args.json	6123570e	5c3a7545c79dc8541ea9b725228bd483f0859980	566
artifacts/r2/frozen_impi_ore_natctl_s0/round_1.json	6123570e	0d87704ba8ed134973f06341f430d1b2c9cd9169	6480
artifacts/r2/frozen_impi_ore_natctl_s0/round_2.json	6123570e	afdd8b8a0ba0320ffbe1ed3adca5a147de481d4f	6398
artifacts/r2/frozen_impi_ore_natctl_s0/round_3.json	6123570e	3f30603ceecedb63111dbf31595fb64ec0c58e1a	6483
artifacts/r2/frozen_impi_ore_natctl_s0/round_4.json	6123570e	1e5f34b8dcad7af3e649e34c116c26aae57938b7	6398
artifacts/r2/frozen_impi_ore_natctl_s0/round_5.json	6123570e	6f228606dd6acd28fb1eca5f5ec0b22f036553aa	6501
artifacts/r2/frozen_impi_ore_natctl_s0/round_6.json	6123570e	a9be9bf9902bdd63b6b7625554b469ea98cba421	6394
artifacts/r2/frozen_impi_ore_natctl_s0/round_7.json	6123570e	6874b22a4dd9c33aaefed1151ddec73974edd099	6395
artifacts/r2/frozen_impi_ore_natctl_s0/round_8.json	6123570e	695ed7874ccca0c60295ff10013355db73e0f71d	6491
artifacts/r2/frozen_impi_ore_natctl_s1/args.json	6123570e	00bf0ca0037755355203e3f51844fbf8de4e31cc	566
artifacts/r2/frozen_impi_ore_natctl_s1/round_1.json	6123570e	69ebea7c2573e16bab6e2dcb8c6cc425442966cb	6635
artifacts/r2/frozen_impi_ore_natctl_s1/round_2.json	6123570e	8cc6657a6734db4a510ff94b21e17973903af6e4	6611
artifacts/r2/frozen_impi_ore_natctl_s1/round_3.json	6123570e	ccd46392f6981cd66e556ef67f67a208847ec56a	6642
artifacts/r2/frozen_impi_ore_natctl_s1/round_4.json	6123570e	aac19f47022102c7f41db20b43d6ab2fffb5a27e	6620
artifacts/r2/frozen_impi_ore_natctl_s1/round_5.json	6123570e	9d04c5b9fa0501ea8783f5c45d0c37e5800bfec6	6622
artifacts/r2/frozen_impi_ore_natctl_s1/round_6.json	6123570e	d5e20a8cf0964ecb138b7ba2a3c782938d734ccd	6646
artifacts/r2/frozen_impi_ore_natctl_s1/round_7.json	6123570e	ace6f9fc2fa2155b9f9859151a6c529aa7208a62	6623
artifacts/r2/frozen_impi_ore_natctl_s1/round_8.json	6123570e	d31010f6440350b16c9840e9cf99d25beb8dc1b5	6650
artifacts/r2/frozen_impi_ore_s0/args.json	6123570e	54485a751dbaafe2a66b663efad59010d0b89c60	569
artifacts/r2/frozen_impi_ore_s0/round_1.json	6123570e	22382bd3e4229f9db93528bfd78f79598a8d955d	6225
artifacts/r2/frozen_impi_ore_s0/round_2.json	6123570e	39a130dbcc89940c7a43aaaf04e50791e8401fff	6226
artifacts/r2/frozen_impi_ore_s0/round_3.json	6123570e	d6130c7cd13a351b9f90b9433959d20eb49426b1	6225
artifacts/r2/frozen_impi_ore_s0/round_4.json	6123570e	74c7054497fb07648a6cbcacf337571a9a1f4e6d	6226
artifacts/r2/frozen_impi_ore_s0/round_5.json	6123570e	d2e27d47edd8c47aa6da66787771b3116cb31fa3	6226
artifacts/r2/frozen_impi_ore_s0/round_6.json	6123570e	c0cae60d7c4fe7f43997b283ce1c354329d1b66c	6225
artifacts/r2/frozen_impi_ore_s0/round_7.json	6123570e	f6a509b75abdcfc926c49c1254bd7af7e6ecaedf	6225
artifacts/r2/frozen_impi_ore_s0/round_8.json	6123570e	04e6b465af62bc7a618999cba1e31d88835f2c1b	6227
artifacts/r2/frozen_impi_ore_s1/args.json	6123570e	534a192b349c2c81596c5ac68d46786037881a69	569
artifacts/r2/frozen_impi_ore_s1/round_1.json	6123570e	f3485bbce363482c1eaf8d248ab2ec3311bc4c04	6171
artifacts/r2/frozen_impi_ore_s1/round_2.json	6123570e	77edea30e09f4251d77e91831f2646ff25b254ff	6171
artifacts/r2/frozen_impi_ore_s1/round_3.json	6123570e	c642bc3d6cba135a75a1ed983d3b68e83fa1d85b	6173
artifacts/r2/frozen_impi_ore_s1/round_4.json	6123570e	d3deda044633ba8785c00e32e3627402cb86bc5f	6170
artifacts/r2/frozen_impi_ore_s1/round_5.json	6123570e	bad115ca2724aa6eae9d1af51ecb4e006264e088	6170
artifacts/r2/frozen_impi_ore_s1/round_6.json	6123570e	64c0863574ba7cb4c7eea1b9282a3977b96568d2	6173
artifacts/r2/frozen_impi_ore_s1/round_7.json	6123570e	d98ece0e226c1d072f83838843e4784d71eac62e	6171
artifacts/r2/frozen_impi_ore_s1/round_8.json	6123570e	d8fd06a7b8acf68ec7f45413c737bd2ae71e1e31	6171
artifacts/r2/frozen_negi_ande_hyp_natctl_s0/args.json	6123570e	2a29f60465f0465758654696952eef28e8d68802	581
artifacts/r2/frozen_negi_ande_hyp_natctl_s0/round_1.json	6123570e	8494a7c183cb0393be48c4d955291293ee31a814	6234
artifacts/r2/frozen_negi_ande_hyp_natctl_s0/round_2.json	6123570e	291efee4a3b3b3527da968e33d44424ac4ca5b50	6246
artifacts/r2/frozen_negi_ande_hyp_natctl_s0/round_3.json	6123570e	2f56a23b45890547b13b5d7011bbdb6627bb46c7	6238
artifacts/r2/frozen_negi_ande_hyp_natctl_s0/round_4.json	6123570e	a0aca7335b9e9ed86923a1bc7cb7566e129c55fb	6245
artifacts/r2/frozen_negi_ande_hyp_natctl_s0/round_5.json	6123570e	731b4bb809957dce637e1e3197de02f4257dd5ce	6236
artifacts/r2/frozen_negi_ande_hyp_natctl_s0/round_6.json	6123570e	421f63a872484f0835e7955750abd18ea0dc5326	6233
artifacts/r2/frozen_negi_ande_hyp_natctl_s0/round_7.json	6123570e	1e6e260aa5017f460b7443904fa5d48d4bd916f4	6245
artifacts/r2/frozen_negi_ande_hyp_natctl_s0/round_8.json	6123570e	7cabc6f6ed32759e0b92f9e11f324cc96839c31f	6245
artifacts/r2/frozen_negi_ande_hyp_natctl_s1/args.json	6123570e	353fe5faa853e33070cfa563d8297b8fcaf0a056	581
artifacts/r2/frozen_negi_ande_hyp_natctl_s1/round_1.json	6123570e	7ecf5cc6d306fd5f9dbb17c5ff74697722106e9b	6258
artifacts/r2/frozen_negi_ande_hyp_natctl_s1/round_2.json	6123570e	714873fb75dfc152ada51e4cc17c2b6f5a733b85	6426
artifacts/r2/frozen_negi_ande_hyp_natctl_s1/round_3.json	6123570e	d01aade244199d55e73f97f425e8b7368b7764bd	6387
artifacts/r2/frozen_negi_ande_hyp_natctl_s1/round_4.json	6123570e	d0fa00f1411a9c346aa27c8483dafd2f8ba855e1	6584
artifacts/r2/frozen_negi_ande_hyp_natctl_s1/round_5.json	6123570e	be1414c37fafb23a3de1e2e5c4c010ca52807008	6391
artifacts/r2/frozen_negi_ande_hyp_natctl_s1/round_6.json	6123570e	3a1406f62e0fbd9945b255833a1bbcc11f81dd9d	6414
artifacts/r2/frozen_negi_ande_hyp_natctl_s1/round_7.json	6123570e	0658e4822bc550f07b57488468e8637526bab730	6484
artifacts/r2/frozen_negi_ande_hyp_natctl_s1/round_8.json	6123570e	37547712c211412915f832231c384f0d9cdf209c	6498
artifacts/r2/frozen_negi_ande_hyp_s0/args.json	6123570e	a6d9319e8d01714d59af2dbdd2547f6bc1f4d781	594
artifacts/r2/frozen_negi_ande_hyp_s0/round_1.json	6123570e	2129eb7ed710440d361c9c21816d66359451c0e1	6288
artifacts/r2/frozen_negi_ande_hyp_s0/round_2.json	6123570e	14fdc6481b4584c4d87692f0f4ddaee16151b815	6290
artifacts/r2/frozen_negi_ande_hyp_s0/round_3.json	6123570e	02e84d9215269cf4302edfc34bf72a9b57d15527	6289
artifacts/r2/frozen_negi_ande_hyp_s0/round_4.json	6123570e	654f613b173a52a67069bd7386546f4d8db2218f	6292
artifacts/r2/frozen_negi_ande_hyp_s0/round_5.json	6123570e	31965f69d20eb2af921a2b66bb96432382791ac3	6289
artifacts/r2/frozen_negi_ande_hyp_s0/round_6.json	6123570e	668936b9ace6c851108ae9c511f6d84b11868572	6292
artifacts/r2/frozen_negi_ande_hyp_s0/round_7.json	6123570e	4f7d96d2e702806e24e1855d5b0a7f64ce0ceebb	6289
artifacts/r2/frozen_negi_ande_hyp_s0/round_8.json	6123570e	b8332305aa8d1b2e94807560c097445758c7ac76	6293
artifacts/r2/frozen_negi_ande_hyp_s1/args.json	6123570e	1a883878deedcb5ef6fecb5e41037424076349e5	594
artifacts/r2/frozen_negi_ande_hyp_s1/round_1.json	6123570e	485e9e83d3eaa0cb326888bee1792eb098d42cfa	6267
artifacts/r2/frozen_negi_ande_hyp_s1/round_2.json	6123570e	5d03dddf679c9330403268b223d5485dd4592b36	6269
artifacts/r2/frozen_negi_ande_hyp_s1/round_3.json	6123570e	ea9c14e74c797fae850119e99c97ac0a42eadc12	6267
artifacts/r2/frozen_negi_ande_hyp_s1/round_4.json	6123570e	6e583a52a5bf263434caec45b6aad0f889fd052f	6442
artifacts/r2/frozen_negi_ande_hyp_s1/round_5.json	6123570e	dbe39fb5efed715167c8b67a16053b88d6788dbb	6438
artifacts/r2/frozen_negi_ande_hyp_s1/round_6.json	6123570e	f275115587e985551cdddf61d32063e72324e992	6355
artifacts/r2/frozen_negi_ande_hyp_s1/round_7.json	6123570e	cf2b23e6756ea517463d30acb862e6e90d94aba2	6489
artifacts/r2/frozen_negi_ande_hyp_s1/round_8.json	6123570e	843cb558576a73ab40c8f0a704a64ce9b702a3e4	6409
artifacts/r2/frozen_nested_ore_s0/args.json	6123570e	4cf7d2c324682876b3531d3bc569fdeec0102077	565
artifacts/r2/frozen_nested_ore_s0/round_1.json	6123570e	ed8d8d9e48edc33b48cfca36f85c0905fccf6f4f	5574
artifacts/r2/frozen_nested_ore_s0/round_2.json	6123570e	0ab36fae5b0d83e4ee8db77226a14736e8d63297	5575
artifacts/r2/frozen_nested_ore_s0/round_3.json	6123570e	1168fae11dc5ab6536dcb1bc831bf25e4eaab03d	5576
artifacts/r2/frozen_nested_ore_s0/round_4.json	6123570e	0ef4128aa2df51761bc379a705066c4fc53ed534	5575
artifacts/r2/frozen_nested_ore_s0/round_5.json	6123570e	54eef2382a2679d23334e30298d42542b8781704	5576
artifacts/r2/frozen_nested_ore_s0/round_6.json	6123570e	f6b768edcb1101cf58ad7811933a9cc92477e299	5575
artifacts/r2/frozen_nested_ore_s0/round_7.json	6123570e	f0e6b9875c7c68c1a2f4137e5b6af0491a0a89e4	5572
artifacts/r2/frozen_nested_ore_s0/round_8.json	6123570e	21717134128733d56204c31f071b78dbfe05f5fa	5576
artifacts/r2/frozen_nested_ore_s1/args.json	6123570e	56b031bfd9c3c6a89a89dc9fa594b55ab7854568	565
artifacts/r2/frozen_nested_ore_s1/round_1.json	6123570e	1862d1ab4e10ee746e0e2dc52f47c2623410d54d	5600
artifacts/r2/frozen_nested_ore_s1/round_2.json	6123570e	651cc2ee0fa45a825dac652604e8ea2ee9ecf2a1	5602
artifacts/r2/frozen_nested_ore_s1/round_3.json	6123570e	154581db85f8e11d791aeda20a7307e9549f85d5	5602
artifacts/r2/frozen_nested_ore_s1/round_4.json	6123570e	7c57465ce2f201e131106047ab1d177eb7b7e072	5602
artifacts/r2/frozen_nested_ore_s1/round_5.json	6123570e	928ccb40cf634cf999bbff7ed2c8073039ca06c4	5599
artifacts/r2/frozen_nested_ore_s1/round_6.json	6123570e	05c9e91f70a89b6344b2bf379c22bbd12b2e4430	5599
artifacts/r2/frozen_nested_ore_s1/round_7.json	6123570e	41fcb76fe75a5ccbb1e6f4fee44953701448bdfa	5602
artifacts/r2/frozen_nested_ore_s1/round_8.json	6123570e	12af0ac30d2315d0388880ce9b017f9a3c7efe18	5602
artifacts/r2/frozen_ori_ore_s0/args.json	6123570e	9546a8cb15ec8a8977ac0d886aa10e3376c7e398	564
artifacts/r2/frozen_ori_ore_s0/round_1.json	6123570e	2b14123c1d85e1cb427a3b41f4e66d63d25652ac	6496
artifacts/r2/frozen_ori_ore_s0/round_2.json	6123570e	414c418fd8a02bb7b22c9fe77aea36cabbefeb26	6503
artifacts/r2/frozen_ori_ore_s0/round_3.json	6123570e	4dca625d0f913cfb91f0ec057fd4fd8cf2878656	6572
artifacts/r2/frozen_ori_ore_s0/round_4.json	6123570e	d6001b27a3d548e420c4d59fba281720a0094412	6555
artifacts/r2/frozen_ori_ore_s0/round_5.json	6123570e	e7b11a3dbd71ca0e40e900b95e9a42177ece8bec	6545
artifacts/r2/frozen_ori_ore_s0/round_6.json	6123570e	d24e0cea8d261c2d721f20227d70b02102f6730b	6523
artifacts/r2/frozen_ori_ore_s0/round_7.json	6123570e	5b26de7075a1086b3429bb650d4ddbb33cc2bdcd	6513
artifacts/r2/frozen_ori_ore_s0/round_8.json	6123570e	547586069de74a713ee31331e4470ea26941e45d	6556
artifacts/r2/frozen_ori_ore_s1/args.json	6123570e	cc3ae9c57cd901396e71ffa291e3403ee612dde4	564
artifacts/r2/frozen_ori_ore_s1/round_1.json	6123570e	d379e7fcc7852e49fe6fb52ba8972ac7996cd384	6546
artifacts/r2/frozen_ori_ore_s1/round_2.json	6123570e	44eb8b579aec1eb3d85dac824409122f0b665582	6574
artifacts/r2/frozen_ori_ore_s1/round_3.json	6123570e	c3ebe7d527d77aedf5de67ccf8c38df5bec9bdf0	6569
artifacts/r2/frozen_ori_ore_s1/round_4.json	6123570e	913fa7f545295e78ac2b45767e357a246b1fcc2e	6552
artifacts/r2/frozen_ori_ore_s1/round_5.json	6123570e	0197d46bd19c1cfc84995b0fdd871697fcd18ed7	6570
artifacts/r2/frozen_ori_ore_s1/round_6.json	6123570e	4f148bdb1e8b3bdcdde476e4e50ed67ff02e800a	6570
artifacts/r2/frozen_ori_ore_s1/round_7.json	6123570e	c2bdf6e6f2a786aabdd0c5ae193b683784b19c96	6574
artifacts/r2/frozen_ori_ore_s1/round_8.json	6123570e	e0209f50eb8b615de8685341ac3cac7c2e10ceaf	6580
artifacts/r2/gen_depth4.log	6123570e	203f110b02069593f2218c06e79ba9847cbd0671	194
artifacts/r2/gen_depth4b.log	6123570e	c99282a5dbfd6d507e551703031ca6000a1a6397	1390
artifacts/r2/gen_impe_chain4.log	6123570e	e9670a343310c3ae2dae997007c45c6481d335bf	194
artifacts/r2/gen_impi_ore.log	6123570e	289ca5f0c566bf3f8687dabaac6398dd71ac5815	1581
artifacts/r2/gen_negi_ande_hyp.log	6123570e	1862c79bf199b466effd6727d9eaa332fc2eda28	1488
artifacts/r2/gen_negi_ande_hypb.log	6123570e	b56c9bb50f7bba0aac13fafd3b506caf8ea6af6a	1513
artifacts/r2/gen_nested_ore.log	6123570e	4285db639c141feab92e02e6dd7a542eb6c382b6	193
artifacts/r2/gen_ori_ore.log	6123570e	7322cc3e03bb67d827df322295ca52ceca687a2e	1563
artifacts/r2/nec_depth4.log	6123570e	802fd604abe568c63d6b4add6addc154956a039b	1447
artifacts/r2/nec_impe_chain4.log	6123570e	f57827908c65963d156c3ded6035083ad1e710c4	674
artifacts/r2/nec_impi_ore.log	6123570e	4203996a710f8e562515e6c140b3438be13868d4	1411
artifacts/r2/nec_impi_ore2.log	6123570e	70ca151eb4ac4dbee3fa7227b5553ed6e84b64fe	4483
artifacts/r2/nec_negi_ande_hyp.log	6123570e	767f4f7dc151e25971b980b7ac66aee097e37754	642
artifacts/r2/nec_nested_ore.log	6123570e	ee3d54ec295d06b9436aeed51dfa54b4e1a44b7c	109
artifacts/r2/nec_ori_ore.log	6123570e	9038182f3846cdb02a37e2106d59f97db6970a38	1227
artifacts/r2/ore_pool.log	6123570e	58cab6fe265d7d2498e9edb636e6d11f00b02bd7	157
artifacts/r2/sets.log	6123570e	a1a447b73d4f3f2fc7bafa9e61610cbc27707747	1744
artifacts/r2/sets_c8.log	6123570e	5d8a1561a5f5a1d071331a6111cb8b4bdda1f48a	607
artifacts/r2/summary.json	6123570e	6c88c1ee336023c1910f7ab5596b2083d889b5e7	239845
artifacts/r2/upload.log	6123570e	241f849c2d61a6af0b260a30b40840fa58316696	482
artifacts/r3/ei_depth3_f0_a1_s3_gen4/args.json	6123570e	f0ffa5762cb9244520502c00ed003274106f50e2	601
artifacts/r3/ei_depth3_f0_a1_s3_gen4/round_5.json	6123570e	d1b77ee9f04b36df7346b83977d7581fa9d02a0b	8853
artifacts/r3/ei_depth3_f0_a1_s3_gen4/round_6.json	6123570e	9a6361ebf49b36754ed8e1ea37ac9e9de94e76f9	8874
artifacts/r3/ei_depth3_f0_a1_s3_gen4/round_7.json	6123570e	bd787d2d4903e70ecd04e10aa68418dce1b62732	8979
artifacts/r3/ei_depth3_f0_a1_s3_gen4/round_8.json	6123570e	61deaee1c5de72c33d0f1caa611601bc5302275e	9025
artifacts/r3/ei_depth3_f0_a1_s3_inv4/args.json	6123570e	9d293e1dbb83e52b31ced4569ba61da203b501a3	601
artifacts/r3/ei_depth3_f0_a1_s3_inv4/round_5.json	6123570e	7ebe3e7485866c04a74f76bdde7c2186b873ccf7	8822
artifacts/r3/ei_depth3_f0_a1_s3_inv4/round_6.json	6123570e	039e493454f3d764a9d8d3d380180ceae496373b	8845
artifacts/r3/ei_depth3_f0_a1_s3_inv4/round_7.json	6123570e	ac9cdfbff065cca8a644c94d19bee34923534f1b	8964
artifacts/r3/ei_depth3_f0_a1_s3_inv4/round_8.json	6123570e	81dbbbced75c211185205f051ef0ef4b8bccc0cf	8962
artifacts/r3/ei_depth3_f0_a1_s3_other4/args.json	6123570e	a249eb7dccd4c43fa7b1782d066bacf6b246e146	605
artifacts/r3/ei_depth3_f0_a1_s3_other4/round_5.json	6123570e	61e9c52dd399a9ffdd07bcb724806ef70a96d67a	8816
artifacts/r3/ei_depth3_f0_a1_s3_other4/round_6.json	6123570e	364a50af323f794fe5cde20bafb6e653e6cf0927	8860
artifacts/r3/ei_depth3_f0_a1_s3_other4/round_7.json	6123570e	814a4fce014dfcfd5332b16c9b23f642af12737c	8956
artifacts/r3/ei_depth3_f0_a1_s3_other4/round_8.json	6123570e	658b0aaeb8db6ed354cdf8d73c23e3f5ca22b682	9021
artifacts/r3/ei_depth3_f0_a1_s3_sib1/args.json	6123570e	e6547dacd6a2d0d043ad0e5b6e2ce8973d0a7a29	601
artifacts/r3/ei_depth3_f0_a1_s3_sib1/round_5.json	6123570e	0c075cd9f163be917eae8858a493cd01fdc4daca	8877
artifacts/r3/ei_depth3_f0_a1_s3_sib1/round_6.json	6123570e	fa83f396b4db71e66f0a4a219fa559f8e9905805	8862
artifacts/r3/ei_depth3_f0_a1_s3_sib1/round_7.json	6123570e	914dd9307e9f2db81a98fd4d8802df044b9b80d1	8925
artifacts/r3/ei_depth3_f0_a1_s3_sib1/round_8.json	6123570e	d57f2c5c1040aae35464911c57c0e8b5b46d6d12	9060
artifacts/r3/ei_depth3_f0_a1_s3_sib16/args.json	6123570e	90cb08ceaebfa5a995c235d2a12f6431eea5ea7f	603
artifacts/r3/ei_depth3_f0_a1_s3_sib16/round_5.json	6123570e	2d7d62ffd51bf1c398797c826fdf0947aad85779	8863
artifacts/r3/ei_depth3_f0_a1_s3_sib16/round_6.json	6123570e	f6a5465399cdaf22f12d260f7d14e0b808b3c3f1	8960
artifacts/r3/ei_depth3_f0_a1_s3_sib16/round_7.json	6123570e	1aa98e2f4e12af6af71271bfdfa67a50df6c873a	9009
artifacts/r3/ei_depth3_f0_a1_s3_sib16/round_8.json	6123570e	d313278fcc24d941f4cbf9b83a556400d6837a1d	9032
artifacts/r3/ei_depth3_f0_a1_s3_sib4/args.json	6123570e	4acfd9f6d6336e883f7e989cea2b64bc641442ca	601
artifacts/r3/ei_depth3_f0_a1_s3_sib4/round_5.json	6123570e	e4b9c187b3433ac8072f2abe7e8379161001eb7e	8873
artifacts/r3/ei_depth3_f0_a1_s3_sib4/round_6.json	6123570e	f25d08d6b1494e8b6a0c72adee6d0faccc92ea31	8956
artifacts/r3/ei_depth3_f0_a1_s3_sib4/round_7.json	6123570e	fdad1e03072101f1efba8ae857714de7301c4285	8978
artifacts/r3/ei_depth3_f0_a1_s3_sib4/round_8.json	6123570e	89e86f667035e91bfd1438a35d8d7e3612143e2f	9006
artifacts/r3/ei_depth3_f0_a1_s4_gen4/args.json	6123570e	e50f2ea5ead041989af216bd327dcb35ed621a29	601
artifacts/r3/ei_depth3_f0_a1_s4_gen4/round_5.json	6123570e	c321439ce5137720038be026e2c0ffa47ed14770	8802
artifacts/r3/ei_depth3_f0_a1_s4_gen4/round_6.json	6123570e	fb293700544ea17ba064f6339931495b41a68428	8871
artifacts/r3/ei_depth3_f0_a1_s4_gen4/round_7.json	6123570e	4bf984a76f0366ea1743f814222ce40acea748fb	8876
artifacts/r3/ei_depth3_f0_a1_s4_gen4/round_8.json	6123570e	7abf03bb4d3b46d21d5e7cbdec0a44ae03fd16df	8888
artifacts/r3/ei_depth3_f0_a1_s4_inv4/args.json	6123570e	c5d5e5bdf7b9fc6228888da4515836814a7ad3d0	601
artifacts/r3/ei_depth3_f0_a1_s4_inv4/round_5.json	6123570e	5c2343de99f1063ec6dd17a319b75b64b3f96f3b	8788
artifacts/r3/ei_depth3_f0_a1_s4_inv4/round_6.json	6123570e	793859710bbc7706e34dc0586c00daa17f74c274	8850
artifacts/r3/ei_depth3_f0_a1_s4_inv4/round_7.json	6123570e	2f6709b906a8a94ee3fc0a646dd2a6ff9fe667d7	8845
artifacts/r3/ei_depth3_f0_a1_s4_inv4/round_8.json	6123570e	dfffbc3fb18a3b4723df71df8fb7a5941ff23b0b	8846
artifacts/r3/ei_depth3_f0_a1_s4_other4/args.json	6123570e	3eff637b14ee0cf8c9e25486642bb80dad130116	605
artifacts/r3/ei_depth3_f0_a1_s4_other4/round_5.json	6123570e	f3635d9d8b0419c78cdd27960b3a7b3ae47f938d	8796
artifacts/r3/ei_depth3_f0_a1_s4_other4/round_6.json	6123570e	8b46ea296ec68c12c54ada4f326061636c002f71	8805
artifacts/r3/ei_depth3_f0_a1_s4_other4/round_7.json	6123570e	b4b7f63033520df234c131836cb2b2c83ef38fc5	8844
artifacts/r3/ei_depth3_f0_a1_s4_other4/round_8.json	6123570e	d5fc52cf575d59793ca37f4b63790b94f0d63c63	8824
artifacts/r3/ei_depth3_f0_a1_s4_sib1/args.json	6123570e	526f3994f7d07087ca62c0ca233213bc88e34e3b	601
artifacts/r3/ei_depth3_f0_a1_s4_sib1/round_5.json	6123570e	9166d6ce72e52ccb4cf207c3423964e386d451da	8882
artifacts/r3/ei_depth3_f0_a1_s4_sib1/round_6.json	6123570e	0d5e4c151296673d6c31758eb716fdd0cab6a4e6	8868
artifacts/r3/ei_depth3_f0_a1_s4_sib1/round_7.json	6123570e	259911dc122abf871d1a89e48a82524c3f299d46	8879
artifacts/r3/ei_depth3_f0_a1_s4_sib1/round_8.json	6123570e	54df52ba4a20af2c2be85e2a387cfcf2dd6e2b2f	8960
artifacts/r3/ei_depth3_f0_a1_s4_sib16/args.json	6123570e	f2339e35d303ca0741d9fad2a3f5394f1b852ed6	603
artifacts/r3/ei_depth3_f0_a1_s4_sib16/round_5.json	6123570e	4e1d5ff26912af99063d044c81070f343dccb01f	8960
artifacts/r3/ei_depth3_f0_a1_s4_sib16/round_6.json	6123570e	61842381204538432ae7ec1c6c266fe3d534417e	8965
artifacts/r3/ei_depth3_f0_a1_s4_sib16/round_7.json	6123570e	4bb0ff58a65aef0b1f8a226e1c88a586b19c8633	9004
artifacts/r3/ei_depth3_f0_a1_s4_sib16/round_8.json	6123570e	fd53ccd44c6f3e5d2b3f3154250da7ed89f8270b	9034
artifacts/r3/ei_depth3_f0_a1_s4_sib4/args.json	6123570e	967153d962e20a78e42c01abc3d99f0b16ffb2d2	601
artifacts/r3/ei_depth3_f0_a1_s4_sib4/round_5.json	6123570e	43fa2be11c1932a035f7f16eb3058bde05de69fe	8843
artifacts/r3/ei_depth3_f0_a1_s4_sib4/round_6.json	6123570e	047ce33b41e3aebca88df9edb255e5b314b43982	8984
artifacts/r3/ei_depth3_f0_a1_s4_sib4/round_7.json	6123570e	1e4872e407f86f047245807feafbd8dafecd5851	8930
artifacts/r3/ei_depth3_f0_a1_s4_sib4/round_8.json	6123570e	f1d06854a2d97d1d5d5146a808ff155014ad8e92	9012
artifacts/r3/ei_depth3_f0_a1_s5_gen4/args.json	6123570e	4a5e53c20674ffc217b32671be5d393ceecccab3	601
artifacts/r3/ei_depth3_f0_a1_s5_gen4/round_5.json	6123570e	be7cb3f44a563024b301d8a1c889cfe9c5f92962	8830
artifacts/r3/ei_depth3_f0_a1_s5_gen4/round_6.json	6123570e	7c7be1e28cb58379c5ab65377f169c329100c5be	8863
artifacts/r3/ei_depth3_f0_a1_s5_gen4/round_7.json	6123570e	ad753b33151a60987c934ca227a6ce62718c4b02	8904
artifacts/r3/ei_depth3_f0_a1_s5_gen4/round_8.json	6123570e	05025e441269de2da3512795e49298dd7f4a97e9	8955
artifacts/r3/ei_depth3_f0_a1_s5_inv4/args.json	6123570e	dec7f6254ee5d187522cd06fdda2c1e7ec6cf1e6	605
artifacts/r3/ei_depth3_f0_a1_s5_inv4/round_5.json	6123570e	52e2f9e8fbf88b91642c93f4535b78d5a479f508	8752
artifacts/r3/ei_depth3_f0_a1_s5_inv4/round_6.json	6123570e	dcc7df9a79827517efd07b456d9789d89c2826ae	8785
artifacts/r3/ei_depth3_f0_a1_s5_inv4/round_7.json	6123570e	80064380b1c234c6181c2651c4fef11fcd488acd	8790
artifacts/r3/ei_depth3_f0_a1_s5_inv4/round_8.json	6123570e	2c60067dd52f9c5734a317daa2e82b67977f31f9	8835
artifacts/r3/ei_depth3_f0_a1_s5_other4/args.json	6123570e	2b87cfacd5b0d8b93afa6866790bad2bc501aa9d	605
artifacts/r3/ei_depth3_f0_a1_s5_other4/round_5.json	6123570e	3b50840dc5a38b6889dabc33194ae93e82b78f6c	8746
artifacts/r3/ei_depth3_f0_a1_s5_other4/round_6.json	6123570e	406a6191deffea9323d4fcbefda6c7221363fa53	8741
artifacts/r3/ei_depth3_f0_a1_s5_other4/round_7.json	6123570e	2682fe278f21f405488b8cacc350fcfa414fd29d	8757
artifacts/r3/ei_depth3_f0_a1_s5_other4/round_8.json	6123570e	65a88c30ba3939e6afb510d1ac15546889d0c7c2	8812
artifacts/r3/ei_depth3_f0_a1_s5_sib1/args.json	6123570e	3b2f06d2a10e5b7bce196d7a9ed84e7b83458af7	601
artifacts/r3/ei_depth3_f0_a1_s5_sib1/round_5.json	6123570e	3079b80f2a0e47b416b06858a1d04ce8435abb7c	8844
artifacts/r3/ei_depth3_f0_a1_s5_sib1/round_6.json	6123570e	2bdca1e55f46d303c7c91584e968679c8a9c6c28	8790
artifacts/r3/ei_depth3_f0_a1_s5_sib1/round_7.json	6123570e	35100ae7c63979259a440b366d0491faabfbd5bb	8920
artifacts/r3/ei_depth3_f0_a1_s5_sib1/round_8.json	6123570e	79e36d27254054c247d404b84b1c24323e1e3bc5	8977
artifacts/r3/ei_depth3_f0_a1_s5_sib16/args.json	6123570e	8fbaae374220b731b7c7f6aec63c214628e34361	603
artifacts/r3/ei_depth3_f0_a1_s5_sib16/round_5.json	6123570e	fd91de12efe0f092d90af08389d6837b6b1c8c70	8882
artifacts/r3/ei_depth3_f0_a1_s5_sib16/round_6.json	6123570e	a8f5646cb46b3f667affb11e1b3f6f749377337b	8885
artifacts/r3/ei_depth3_f0_a1_s5_sib16/round_7.json	6123570e	e41f670dac1453245e5000080645a371f76f6f27	8979
artifacts/r3/ei_depth3_f0_a1_s5_sib16/round_8.json	6123570e	4381a7c26dd36bfb9e68a53f7007ebd96e864a90	9023
artifacts/r3/ei_depth3_f0_a1_s5_sib4/args.json	6123570e	126a075942c834aea27e98711a7d33f28718c020	601
artifacts/r3/ei_depth3_f0_a1_s5_sib4/round_5.json	6123570e	71e01c020356493017e592be416486cb00a5e650	8962
artifacts/r3/ei_depth3_f0_a1_s5_sib4/round_6.json	6123570e	8bec95e433ae114ff505d2cc14e7de3791212eb9	8979
artifacts/r3/ei_depth3_f0_a1_s5_sib4/round_7.json	6123570e	ff5be177dce903c5304570d538b188e24f304065	8991
artifacts/r3/ei_depth3_f0_a1_s5_sib4/round_8.json	6123570e	a6ec2a79c295a59d1d4d61a3886677ea3eeede91	9017
artifacts/r3/ei_reductio_f0_s1_t2_gen4/args.json	6123570e	33d0e0a9ea2027e55e071f5f5e6f5cebb0bbefce	612
artifacts/r3/ei_reductio_f0_s1_t2_gen4/round_5.json	6123570e	8b14a3fe1ee9a4f6328f4c52ecffdf9d4829b891	5898
artifacts/r3/ei_reductio_f0_s1_t2_gen4/round_6.json	6123570e	1aa3050f1c4ae212b7d58f7c74e8950081ef3e58	5898
artifacts/r3/ei_reductio_f0_s1_t2_gen4/round_7.json	6123570e	a86cc91a29fa2069f694e6d315288fc42e84d28a	5898
artifacts/r3/ei_reductio_f0_s1_t2_gen4/round_8.json	6123570e	fbd854b5fb7908c54f8c3b1299315a9889928b52	5896
artifacts/r3/ei_reductio_f0_s1_t2_inv4/args.json	6123570e	863f59a555f996d977e60f6b6fa2e96b09f77c1d	612
artifacts/r3/ei_reductio_f0_s1_t2_inv4/round_5.json	6123570e	7745a333ac91d5f25069e4d47ecdcbac82a82ba4	5858
artifacts/r3/ei_reductio_f0_s1_t2_inv4/round_6.json	6123570e	7c22670ad3d791465838ecc05b4b12edc7076787	5858
artifacts/r3/ei_reductio_f0_s1_t2_inv4/round_7.json	6123570e	d858d7d85c5815d651bad7b876d20e0852c14bc2	5859
artifacts/r3/ei_reductio_f0_s1_t2_inv4/round_8.json	6123570e	0af4a8f27956676740036426b67f63716de79d9b	5858
artifacts/r3/ei_reductio_f0_s1_t2_other4/args.json	6123570e	0ed96562b01fffffc2320469ad5642d3b1fb6d60	616
artifacts/r3/ei_reductio_f0_s1_t2_other4/round_5.json	6123570e	0f91ba18354792bc54019a901a0e7e40a60dd28f	5919
artifacts/r3/ei_reductio_f0_s1_t2_other4/round_6.json	6123570e	04b22efa14045f3c2dda52de5f1df3afefacaba5	5918
artifacts/r3/ei_reductio_f0_s1_t2_other4/round_7.json	6123570e	0e6e736789929b2f6f689c8304f4d7529bf120dc	5923
artifacts/r3/ei_reductio_f0_s1_t2_other4/round_8.json	6123570e	a5ca5327a6736a20b97a06ce5f23ce43d17610dd	5923
artifacts/r3/ei_reductio_f0_s1_t2_sib1/args.json	6123570e	8f9eacdaa5b0b801a83e39c1025ac0c26ca8586f	612
artifacts/r3/ei_reductio_f0_s1_t2_sib1/round_5.json	6123570e	aad33924562747ccd6c2f3f8503af353790c0f9f	6298
artifacts/r3/ei_reductio_f0_s1_t2_sib1/round_6.json	6123570e	197091fa5f8aa21072530ce8a636b3d939e96512	6405
artifacts/r3/ei_reductio_f0_s1_t2_sib1/round_7.json	6123570e	f3b130026978dde1fc05e454e4f872165bbe45d6	6380
artifacts/r3/ei_reductio_f0_s1_t2_sib1/round_8.json	6123570e	ff0aa17b61731e8cd7d8edd74b8a2d310a474150	6571
artifacts/r3/ei_reductio_f0_s1_t2_sib16/args.json	6123570e	34d52beddd9c76eacb6c7d2db64d7e5492503fcd	614
artifacts/r3/ei_reductio_f0_s1_t2_sib16/round_5.json	6123570e	7017b79d89eb7fec0b8e7ba00d15cc6630782fd0	6623
artifacts/r3/ei_reductio_f0_s1_t2_sib16/round_6.json	6123570e	8d2dccfd660d978f086845092a2bc8876f1e92cb	6704
artifacts/r3/ei_reductio_f0_s1_t2_sib16/round_7.json	6123570e	def6f593335cc492ac346f104eb1cb778a8dd185	6674
artifacts/r3/ei_reductio_f0_s1_t2_sib16/round_8.json	6123570e	97f4ae91512675d375ae7a210f26b3af7c11aac6	6662
artifacts/r3/ei_reductio_f0_s1_t2_sib4/args.json	6123570e	22ac15d567f2eec4116bab877bdc1a3bd538e4f3	612
artifacts/r3/ei_reductio_f0_s1_t2_sib4/round_5.json	6123570e	74186fe66f5026792ffcf3cef1d7979ef62bb300	6424
artifacts/r3/ei_reductio_f0_s1_t2_sib4/round_6.json	6123570e	4d3e5e8d3b3ae10897b68a2c40a97994bab9cbd1	6297
artifacts/r3/ei_reductio_f0_s1_t2_sib4/round_7.json	6123570e	300e7f8aebba0291764433b4cfa264133c44ac53	6339
artifacts/r3/ei_reductio_f0_s1_t2_sib4/round_8.json	6123570e	a77a181c42f3f58d95dbb772b37916fe07c20f34	6352
artifacts/r3/ei_reductio_f0_s2_t2_gen4/args.json	6123570e	42674466416041de618c225d5e2151b28426af36	612
artifacts/r3/ei_reductio_f0_s2_t2_gen4/round_5.json	6123570e	684758d47553a90b88e3186ca8bf5d8737383bb6	6091
artifacts/r3/ei_reductio_f0_s2_t2_gen4/round_6.json	6123570e	e7a90fbdbe56e941e3575280f1aca2c910375f16	6412
artifacts/r3/ei_reductio_f0_s2_t2_gen4/round_7.json	6123570e	6fb380ec2363fcea2a9c830f64643de82161b2a9	6459
artifacts/r3/ei_reductio_f0_s2_t2_gen4/round_8.json	6123570e	b6b7386bae24d5b388923ea975d4cf34adae6f34	6393
artifacts/r3/ei_reductio_f0_s2_t2_inv4/args.json	6123570e	0824ad271f80e15927722606b46649192a6a7403	612
artifacts/r3/ei_reductio_f0_s2_t2_inv4/round_5.json	6123570e	930437fc740d55a1cf8f4ea3fd5b7cc94d8aa092	5922
artifacts/r3/ei_reductio_f0_s2_t2_inv4/round_6.json	6123570e	b67883a968864dffca930653920360498c6f50e2	6123
artifacts/r3/ei_reductio_f0_s2_t2_inv4/round_7.json	6123570e	df60cca27992c00347755f5436a26cc776463c8b	6337
artifacts/r3/ei_reductio_f0_s2_t2_inv4/round_8.json	6123570e	ca6628d64fbc6036442264d6e40d3407f2696012	6326
artifacts/r3/ei_reductio_f0_s2_t2_other4/args.json	6123570e	187b8fc8583c47f91415895411c4db1412724a2a	616
artifacts/r3/ei_reductio_f0_s2_t2_other4/round_5.json	6123570e	27be04ea3916c98d8b817567b04d0fdb51a36815	5925
artifacts/r3/ei_reductio_f0_s2_t2_other4/round_6.json	6123570e	eba1b080ff352336239328f71c38655ca421bab2	5918
artifacts/r3/ei_reductio_f0_s2_t2_other4/round_7.json	6123570e	b901c03cd35db2ec841f26c2ae4249322ba4c534	5918
artifacts/r3/ei_reductio_f0_s2_t2_other4/round_8.json	6123570e	f7db38cda3c1d8f81c12794a4f55908ac0e96bb9	5925
artifacts/r3/ei_reductio_f0_s2_t2_sib1/args.json	6123570e	19e88160186b1ed91129d6b7b8a44c6c25c7d9e5	612
artifacts/r3/ei_reductio_f0_s2_t2_sib1/round_5.json	6123570e	69f45f02432911ff3a26e7c8ff52d079aa8a7f61	6344
artifacts/r3/ei_reductio_f0_s2_t2_sib1/round_6.json	6123570e	73829f593e4963c56d0a56799cb363af5aef2a27	6395
artifacts/r3/ei_reductio_f0_s2_t2_sib1/round_7.json	6123570e	f6a9a433b483d49a3efef850a47eeaa0480eb357	6463
artifacts/r3/ei_reductio_f0_s2_t2_sib1/round_8.json	6123570e	bc229417e82e5a8b135dc55c2ca21656588a3d89	6390
artifacts/r3/ei_reductio_f0_s2_t2_sib16/args.json	6123570e	f0a507109a0902ef4434cb57aa77d25b3184131a	614
artifacts/r3/ei_reductio_f0_s2_t2_sib16/round_5.json	6123570e	65847a7c1eb9dae55f3ab6979a4146df5e08517f	6663
artifacts/r3/ei_reductio_f0_s2_t2_sib16/round_6.json	6123570e	76d7e7faa3daa278330da07fb78e103e997ebc94	6549
artifacts/r3/ei_reductio_f0_s2_t2_sib16/round_7.json	6123570e	222e57ccb3a95b7cbe5c9efecc4081cd22c0ae1d	6883
artifacts/r3/ei_reductio_f0_s2_t2_sib16/round_8.json	6123570e	f8d554036817621ef9d7b940cfdf0d999777d595	6909
artifacts/r3/ei_reductio_f0_s2_t2_sib4/args.json	6123570e	cb0eb90d43f8a7c59bd1a066f592536b0ae4b216	612
artifacts/r3/ei_reductio_f0_s2_t2_sib4/round_5.json	6123570e	df4dc0e9a57d22c9c579e6d4c6e157872de43b72	6447
artifacts/r3/ei_reductio_f0_s2_t2_sib4/round_6.json	6123570e	8351e31bf2760bb87f91828bd63cbf93afdf93d5	6605
artifacts/r3/ei_reductio_f0_s2_t2_sib4/round_7.json	6123570e	ee67b0590c36ba15f80131df8daf85f2f26c2df9	6481
artifacts/r3/ei_reductio_f0_s2_t2_sib4/round_8.json	6123570e	c2225c6b147b97c3f9761fdf9f121eb8fa4668ae	6585
artifacts/r3/pull_ckpts.log	6123570e	846c3d5ce6b9b3c73bc979401fd606edda743891	7
artifacts/r3/summary.json	6123570e	40860f9b357ce6f3e2aca942553588438eefc1c2	86990
artifacts/r4/analysis_final.log	6123570e	7e206895a67a36f06933182fd4d297c034b798f9	3767
artifacts/r4/analysis_prelim.log	6123570e	7a4e58cb062ff161ce9f834868f4515fab15acee	3509
artifacts/r4/grpo_g32_a1_s0/args.json	6123570e	941c4ad7382655982015a0aca389b2fa25d2d195	391
artifacts/r4/grpo_g32_a1_s0/round_1.json	6123570e	32b370f7c779d6590f01b14207c3f0a675e3564c	17358
artifacts/r4/grpo_g32_a1_s0/round_2.json	6123570e	9f94b7a1b4bce5c69150e46378cb3a0e88ddc7fb	17389
artifacts/r4/grpo_g32_a1_s0/round_3.json	6123570e	d36ecd5e4d7fe800fd4c4de1fee6b73d61d439ed	17482
artifacts/r4/grpo_g32_a1_s0/round_4.json	6123570e	50147f6fa1ebb22094ee4b665f388c83c333b7aa	17504
artifacts/r4/grpo_g32_a1_s0/round_5.json	6123570e	bede90ebf402112bcb1732fb0dd4d8a00f96f758	17474
artifacts/r4/grpo_g32_a1_s0/round_6.json	6123570e	0dd0f79a2c2af2375abf974991575b6f9a445a9d	17520
artifacts/r4/grpo_g32_a1_s0/round_7.json	6123570e	dde7045652fc6c4799efc36238bf322a0d6f6e45	17606
artifacts/r4/grpo_g32_a1_s0/round_8.json	6123570e	ee21c726db4898e2e305ad0437a8153a7f1210a0	17469
artifacts/r4/grpo_g32_a1_s1/args.json	6123570e	6811c348e95b019cbab41642450b51874704b3f9	391
artifacts/r4/grpo_g32_a1_s1/round_1.json	6123570e	d21e7c6de172c381cdf354800f9462e8b402975e	17358
artifacts/r4/grpo_g32_a1_s1/round_2.json	6123570e	5294099a11db2d71afd446fea89d3d987224c203	17416
artifacts/r4/grpo_g32_a1_s1/round_3.json	6123570e	7be3a7c91ce08dd6cbd9201b345740aad5edeb52	17440
artifacts/r4/grpo_g32_a1_s1/round_4.json	6123570e	125a720cbabf9492ae504f44a63546988822b8e1	17502
artifacts/r4/grpo_g32_a1_s1/round_5.json	6123570e	b2a1b7f6024eab68e4ce6eb5a2def0fab5a23ff2	17575
artifacts/r4/grpo_g32_a1_s1/round_6.json	6123570e	582edf5f2c908103b995b067290a412750cdf76a	17519
artifacts/r4/grpo_g32_a1_s1/round_7.json	6123570e	d8e01067920ace9758fa0f98f85b96b1e3588a05	17552
artifacts/r4/grpo_g32_a1_s1/round_8.json	6123570e	ddf1344f608182317ee05898519ddc6c4de642fa	17553
artifacts/r4/grpo_g32_a2_s0/args.json	6123570e	4aec442a03db194e14acbfa88c81191dc4dffc60	391
artifacts/r4/grpo_g32_a2_s0/round_1.json	6123570e	a77b9ed4e321fa3abb80cc22304605b91749c75f	17296
artifacts/r4/grpo_g32_a2_s0/round_2.json	6123570e	235bad985d1d4575b87192a8d7dacc48e32564f8	17357
artifacts/r4/grpo_g32_a2_s0/round_3.json	6123570e	7ef2b2b7c0501b6c02ab80f85b82aca62e95829f	17426
artifacts/r4/grpo_g32_a2_s0/round_4.json	6123570e	33307e3bb345b5060faa679c9086ca68f15e4bc1	17489
artifacts/r4/grpo_g32_a2_s0/round_5.json	6123570e	36548db99ebb6e4fca3b03460e6b4f27953d0e4c	17534
artifacts/r4/grpo_g32_a2_s0/round_6.json	6123570e	0ca87a3c9fb123228e957cc4f7b58dede2f626b4	17598
artifacts/r4/grpo_g32_a2_s0/round_7.json	6123570e	b32adb9c3e617a5ab560e99a648f97f2136889d9	17553
artifacts/r4/grpo_g32_a2_s0/round_8.json	6123570e	0701c9c0e197286848b0430016b8b7260e98a797	17569
artifacts/r4/grpo_g32_a2_s1/args.json	6123570e	2e2114b6393e81f96a42292a908c48602b986c41	391
artifacts/r4/grpo_g32_a2_s1/round_1.json	6123570e	aade9f6b9de63d05614bf37e65b469cc34cde804	17290
artifacts/r4/grpo_g32_a2_s1/round_2.json	6123570e	cb3e473a511ee4ee83cd5014842dde53a8648889	17378
artifacts/r4/grpo_g32_a2_s1/round_3.json	6123570e	0aa2a26efcaa1114d2e5998601adbf70f09e53c4	17436
artifacts/r4/grpo_g32_a2_s1/round_4.json	6123570e	0adfe3707f47f7d5385fc195b2c4c8247db5135f	17479
artifacts/r4/grpo_g32_a2_s1/round_5.json	6123570e	a2c61e91362fd62718cfee31e4bcadbd375e3929	17460
artifacts/r4/grpo_g32_a2_s1/round_6.json	6123570e	abfb75be0963fef399e4d0cf4ee485a2b2c30e05	17437
artifacts/r4/grpo_g32_a2_s1/round_7.json	6123570e	be510a4715ac4ded12898f002e73192d53d3e10e	17518
artifacts/r4/grpo_g32_a2_s1/round_8.json	6123570e	2db5f5c1072115952247c511397413639a925180	17437
artifacts/r4/grpo_g32_a3_s0/args.json	6123570e	1231baaa6837ad3175002db12d10e5a9fa70a12c	391
artifacts/r4/grpo_g32_a3_s0/round_1.json	6123570e	86cf3da4e2e11b234285b0b8de3630c16c5fd7f7	17282
artifacts/r4/grpo_g32_a3_s0/round_2.json	6123570e	30c193e84407d4e8b2ae166ac9b33b5f7cf2b8aa	17389
artifacts/r4/grpo_g32_a3_s0/round_3.json	6123570e	167421bc619e7cd15f62c2b83da8bcbf0a3c8874	17394
artifacts/r4/grpo_g32_a3_s0/round_4.json	6123570e	601cf81b42fb6e7994ace69dfdf647511bfd1231	17498
artifacts/r4/grpo_g32_a3_s0/round_5.json	6123570e	59bb4b8a1fab1f56489ce3dceb4d714366a72e46	17564
artifacts/r4/grpo_g32_a3_s0/round_6.json	6123570e	ca55aebbd7979e20aab9ca0e8f42baf2c5bdc5b9	17517
artifacts/r4/grpo_g32_a3_s0/round_7.json	6123570e	1a7a3af0a17cfb2a65e6ed8bff5de27647291fd8	17461
artifacts/r4/grpo_g32_a3_s0/round_8.json	6123570e	10b7a948d88bdb507d0fe2391b8172e85a7cd0a8	17442
artifacts/r4/grpo_g32_a3_s1/args.json	6123570e	99313616fdc33c61e5b8ea068d758ee7c07ffac3	391
artifacts/r4/grpo_g32_a3_s1/round_1.json	6123570e	7343a19f458462f73baecb836993d1e1c4eeb62b	17312
artifacts/r4/grpo_g32_a3_s1/round_2.json	6123570e	a1b71bef617aa3b8f0cfa5921dab14f43abeb4ec	17382
artifacts/r4/grpo_g32_a3_s1/round_3.json	6123570e	29fb49a9e91c86f85b7ac6e448af922e5ec83a2f	17375
artifacts/r4/grpo_g32_a3_s1/round_4.json	6123570e	fb512584e7656aa7680831390c7dfee2d91213e6	17504
artifacts/r4/grpo_g32_a3_s1/round_5.json	6123570e	abbd0ece4763db2cdc1f614b37037b4c1a81ca29	17523
artifacts/r4/grpo_g32_a3_s1/round_6.json	6123570e	1da528c4d7e9cd5e7c0b3a72d0661a8aa54eaad6	17429
artifacts/r4/grpo_g32_a3_s1/round_7.json	6123570e	853085de3fccb217aec1fe8002177e4101e9e64b	17438
artifacts/r4/grpo_g32_a3_s1/round_8.json	6123570e	23a78bac796259d5c3676fce0f0b4f283c66aa4f	17534
artifacts/r4/grpo_g8_a1_s0/args.json	6123570e	e03199992ddb78c4d0d56161ef3a6a94a21ade57	371
artifacts/r4/grpo_g8_a1_s0/round_1.json	6123570e	308d54cb744706074a7c44e263fda8b2fdc28f0e	17476
artifacts/r4/grpo_g8_a1_s0/round_2.json	6123570e	febe3879b7fd160d3cf975e7855dd5589421fe46	17550
artifacts/r4/grpo_g8_a1_s0/round_3.json	6123570e	12e594a5407774e37fd27fdfbe2f1bc9fe175d42	17632
artifacts/r4/grpo_g8_a1_s0/round_4.json	6123570e	d015d79839f325bfa8e560365350fb6776b95129	17676
artifacts/r4/grpo_g8_a1_s0/round_5.json	6123570e	04d80199c67eba35ce0b0c3cbd4508e7e9385bdd	17699
artifacts/r4/grpo_g8_a1_s0/round_6.json	6123570e	af3eb9550ec74928fa045e1f87e7db59559dd7e8	17731
artifacts/r4/grpo_g8_a1_s0/round_7.json	6123570e	4378e32522218f53d3195ea4853e9cf802f35769	17719
artifacts/r4/grpo_g8_a1_s1/args.json	6123570e	69f913ccf5d20947711a8be6c7f63a86d278a95e	389
artifacts/r4/grpo_g8_a1_s1/round_1.json	6123570e	06ff8992c2008a4b628300b86bedcc08f89d639a	17509
artifacts/r4/grpo_g8_a1_s1/round_2.json	6123570e	40ef94f24ad6de26423fc8839c13d919288453b5	17584
artifacts/r4/grpo_g8_a1_s1/round_3.json	6123570e	a1b74cb443e91a4b7b4d5fba98715fe4f6a50440	17624
artifacts/r4/grpo_g8_a1_s1/round_4.json	6123570e	258a085d84ad8dcda58ad57a71be53a7297296fc	17685
artifacts/r4/grpo_g8_a1_s1/round_5.json	6123570e	f78b81c6864df7f6c3becce463ff46cce6a0e344	17731
artifacts/r4/grpo_g8_a1_s1/round_6.json	6123570e	bb76b8e75848b97832197b239bf2b6fed099d515	17775
artifacts/r4/grpo_g8_a1_s1/round_7.json	6123570e	232bb8facf4b5d644f0aa73331e263734b5cfc18	17777
artifacts/r4/grpo_g8_a1_s1/round_8.json	6123570e	07d535e92a5e3c105142b2e2ab4a379406e79f3e	17715
artifacts/r4/grpo_g8_a2_s0/args.json	6123570e	1161df147a61f08d0c601dbf075d580e9ba654f4	371
artifacts/r4/grpo_g8_a2_s0/round_1.json	6123570e	14ee00918c32588251a70e292b90bc6b36e0d78c	17468
artifacts/r4/grpo_g8_a2_s0/round_2.json	6123570e	691b00b73a92f2b1403c055e3f0839c3868cc2a1	17588
artifacts/r4/grpo_g8_a2_s0/round_3.json	6123570e	deab741d6d8e903dd3406ace6aa76a6ebde83806	17567
artifacts/r4/grpo_g8_a2_s0/round_4.json	6123570e	e3ecc264c1e551e174c743f45e8cc69e8aaf0088	17700
artifacts/r4/grpo_g8_a2_s0/round_5.json	6123570e	24b6e91dc24a01761f9484df30b103813e95f5fc	17747
artifacts/r4/grpo_g8_a2_s0/round_6.json	6123570e	a1b5d6a67727fc5a12f29165fbd90baba0095695	17686
artifacts/r4/grpo_g8_a2_s0/round_7.json	6123570e	99a365d1bc9a812d0268ba7bea81bcf7e2fc8093	17687
artifacts/r4/grpo_g8_a2_s0/round_8.json	6123570e	44cdefe11c386db658b6ba8e1ed49ce38d2e8d4e	17730
artifacts/r4/grpo_g8_a2_s1/args.json	6123570e	e0bfcbf21b2da89f9b9313e540b9f5c371304325	389
artifacts/r4/grpo_g8_a2_s1/round_1.json	6123570e	21ef03f0d07637b4498077ef5bc5a7d9ab3cb541	17526
artifacts/r4/grpo_g8_a2_s1/round_2.json	6123570e	9c6f636b36635c5646f53ccddb292abfe2a11592	17570
artifacts/r4/grpo_g8_a2_s1/round_3.json	6123570e	bf64fa6abc538709ab39b9bf3d084f70a0176be7	17622
artifacts/r4/grpo_g8_a2_s1/round_4.json	6123570e	6db1a7136b57e2e6b8e88c532a8d19bb5913c883	17701
artifacts/r4/grpo_g8_a2_s1/round_5.json	6123570e	20977d5b9f02d5b152626f6990edfa360436ad22	17664
artifacts/r4/grpo_g8_a2_s1/round_6.json	6123570e	26b528173841ebaa55a00bcd3b55cc95bb98428b	17695
artifacts/r4/grpo_g8_a2_s1/round_7.json	6123570e	4ea320fcc9c7aef92ea88525110251b757455e98	17721
artifacts/r4/grpo_g8_a2_s1/round_8.json	6123570e	e9675098d37e1e776f2c5d35e58af0449475960e	17647
artifacts/r4/grpo_g8_a3_s0/args.json	6123570e	1fd5154e2ad99bf4ccbc31087e428448f99f22dc	389
artifacts/r4/grpo_g8_a3_s0/round_1.json	6123570e	3f694cbe1afc719a83a6ec40a662c9a3f8b9fa43	17489
artifacts/r4/grpo_g8_a3_s0/round_2.json	6123570e	a3c4a88bfaa19e0a1318531f08895b23d818cfa2	17549
artifacts/r4/grpo_g8_a3_s0/round_3.json	6123570e	4449319579884b1d440308f47704a0aa6c46f2f9	17628
artifacts/r4/grpo_g8_a3_s0/round_4.json	6123570e	d86e9af9a6e63f04e60b8c73ce19510a47ff07d8	17675
artifacts/r4/grpo_g8_a3_s0/round_5.json	6123570e	ff16172ddb91da4d458d87a0ddceec5a47c0dfe5	17672
artifacts/r4/grpo_g8_a3_s0/round_6.json	6123570e	ea3c98a194d6af8c9018d0d525ef2e8b66ed7179	17759
artifacts/r4/grpo_g8_a3_s0/round_7.json	6123570e	f0e8d5b8743f19c1fd53888aefdd11d41249f236	17604
artifacts/r4/grpo_g8_a3_s0/round_8.json	6123570e	0007c56532ce1c45d035e48346c2a0ac6aaf5409	17622
artifacts/r4/grpo_g8_a3_s1/args.json	6123570e	584eb0633a2764056b6f11023ca05cc95a652a2b	389
artifacts/r4/grpo_g8_a3_s1/round_1.json	6123570e	08319516d2f4721110af448f47e055721e2e9564	17378
artifacts/r4/grpo_g8_a3_s1/round_2.json	6123570e	deebd1ea507be6821efa3abd06cd5ee4975a611a	17538
artifacts/r4/grpo_g8_a3_s1/round_3.json	6123570e	973abb4b6cf958208c75523f692152fa9362b74e	17602
artifacts/r4/grpo_g8_a3_s1/round_4.json	6123570e	e5a87675c0e3076e8ef0809b4f8e08231e12b107	17672
artifacts/r4/grpo_g8_a3_s1/round_5.json	6123570e	195104bc10b7dc5dcbfdd35b7c0d3c96976327cd	17638
artifacts/r4/grpo_g8_a3_s1/round_6.json	6123570e	fe5bc0d2b4131b2ca3a3db268d513d1302b72588	17733
artifacts/r4/grpo_g8_a3_s1/round_7.json	6123570e	ad6dc3da0df52ded66782525e52e4b1408a844bb	17696
artifacts/r4/grpo_g8_a3_s1/round_8.json	6123570e	e610d73e82464a35987800de85a0802eef503a32	17702
artifacts/r4/summary.json	6123570e	2b4960f131cbb4ff19ba88c062ee13246bf58b8d	44663
artifacts/r4/upload.log	6123570e	fee753e9d820cac25b271ac0a1a1248e2669779d	328
artifacts/r5/ei_derived_ore_strict_f0.01_c8_s0_req/args.json	6123570e	9335e26e4f6c7e5e60d8bafb88a9d450d1ba59b3	632
artifacts/r5/ei_derived_ore_strict_f0.01_c8_s0_req/round_1.json	6123570e	7857a75a006811171ba806ac3ec2b17c7a2932f3	6010
artifacts/r5/ei_derived_ore_strict_f0.01_c8_s0_req/round_2.json	6123570e	216ff8933c18072968f5f45a00aeae334b9a95e3	6142
artifacts/r5/ei_derived_ore_strict_f0.01_c8_s0_req/round_3.json	6123570e	9d62a4731cb15d463b12e2f9c1ecfc8f54c2580e	6280
artifacts/r5/ei_derived_ore_strict_f0.01_c8_s0_req/round_4.json	6123570e	5dfd99675697cfd4e86cbef703ff339da3de2022	6310
artifacts/r5/ei_derived_ore_strict_f0.01_c8_s0_req/round_5.json	6123570e	b90c241e81671c2bd8f440313cc1ac5088f7f99b	6289
artifacts/r5/ei_derived_ore_strict_f0.01_c8_s0_req/round_6.json	6123570e	28ae98a39870204a835a10acf3dafe1fbd7454c8	6228
artifacts/r5/ei_derived_ore_strict_f0.01_c8_s0_req/round_7.json	6123570e	a13ad7d0ba92426a767b781314083a119768df69	6263
artifacts/r5/ei_derived_ore_strict_f0.01_c8_s0_req/round_8.json	6123570e	345afbf483285edbc0c655a5b4cc44461c00a639	6253
artifacts/r5/ei_derived_ore_strict_f0.01_c8_s1_req/args.json	6123570e	4a90e16cd2bac08195131c067acef885573bed8a	632
artifacts/r5/ei_derived_ore_strict_f0.01_c8_s1_req/round_1.json	6123570e	fe4e9550a2dcabcd2b57ce79adb9b5b79a7bbdb0	6194
artifacts/r5/ei_derived_ore_strict_f0.01_c8_s1_req/round_2.json	6123570e	d298aa5a6d50aa465038dbe92219d60a94f07802	6185
artifacts/r5/ei_derived_ore_strict_f0.01_c8_s1_req/round_3.json	6123570e	02d8dd8471cd1d703bcaaf09e960e4dd1f09f105	6276
artifacts/r5/ei_derived_ore_strict_f0.01_c8_s1_req/round_4.json	6123570e	8050eb1131d0772c1e9663e99d2f6cd25ce74373	6183
artifacts/r5/ei_derived_ore_strict_f0.01_c8_s1_req/round_5.json	6123570e	66bf8739374c7ce7c47e0a9bb803dea88f106b1a	6307
artifacts/r5/ei_derived_ore_strict_f0.01_c8_s1_req/round_6.json	6123570e	0431438e0a9e637cb817b1c1eae5ca8848e6a1ac	6272
artifacts/r5/ei_derived_ore_strict_f0.01_c8_s1_req/round_7.json	6123570e	a64d2686f62a7570b7b5684a72d487d0662d38b2	6322
artifacts/r5/ei_derived_ore_strict_f0.01_c8_s1_req/round_8.json	6123570e	e4e5c972256fbde212e7ac0aff8e6c9c2749a9dd	6318
artifacts/r5/ei_derived_ore_strict_f0_c8_s0_req/args.json	6123570e	3ecb00d9d7379218d6c70b2c6a9dd09e1ee50b97	623
artifacts/r5/ei_derived_ore_strict_f0_c8_s0_req/round_1.json	6123570e	b50e1d8bbad2a8f7c9a073a30567ce931581e957	5976
artifacts/r5/ei_derived_ore_strict_f0_c8_s0_req/round_2.json	6123570e	f78375ff603fdf951be8f44cfdc9f63980db9cea	6057
artifacts/r5/ei_derived_ore_strict_f0_c8_s0_req/round_3.json	6123570e	ec3b2d745da8e89279c0bfcb5f3e35b8e45aa6f6	6112
artifacts/r5/ei_derived_ore_strict_f0_c8_s0_req/round_4.json	6123570e	8fa7d5f31a24db99a491328e59a267fccab80b3e	6062
artifacts/r5/ei_derived_ore_strict_f0_c8_s0_req/round_5.json	6123570e	9a22f7d0e345913d479d9197f4be78eecfb2efe0	6121
artifacts/r5/ei_derived_ore_strict_f0_c8_s0_req/round_6.json	6123570e	85602c38763690fd18cf2b1fecd3e543df17ccaa	6085
artifacts/r5/ei_derived_ore_strict_f0_c8_s0_req/round_7.json	6123570e	86f4d8ea42008600e6d2aece9b73e43f3442f4c5	6193
artifacts/r5/ei_derived_ore_strict_f0_c8_s0_req/round_8.json	6123570e	f8f092d53c12d4b5563a011735326fd9aefe21d7	6222
artifacts/r5/ei_derived_ore_strict_f0_c8_s1_req/args.json	6123570e	dd98583cb7b947b6a3179874ff63d70620e76f23	623
artifacts/r5/ei_derived_ore_strict_f0_c8_s1_req/round_1.json	6123570e	b796f484564385131b61945902d44e8d7e5d87dc	5979
artifacts/r5/ei_derived_ore_strict_f0_c8_s1_req/round_2.json	6123570e	b5ee94de5dc688a73b22cc16c46e3b7043d3b192	6041
artifacts/r5/ei_derived_ore_strict_f0_c8_s1_req/round_3.json	6123570e	457161dd955867184fce42217748643fe1f8bf6e	6073
artifacts/r5/ei_derived_ore_strict_f0_c8_s1_req/round_4.json	6123570e	c4a257f5c0e2f58cfa0bfaae725d4fccd7dff4c7	6209
artifacts/r5/ei_derived_ore_strict_f0_c8_s1_req/round_5.json	6123570e	cbbdd9b569ca6bba7e6e6710b5cb885284f9603d	6191
artifacts/r5/ei_derived_ore_strict_f0_c8_s1_req/round_6.json	6123570e	c9884e0cdedd3763f43ac1f439b29ed61bc21276	6220
artifacts/r5/ei_derived_ore_strict_f0_c8_s1_req/round_7.json	6123570e	a209311e5bf21e28bdd317483c6baaffebf62cb6	6265
artifacts/r5/ei_derived_ore_strict_f0_c8_s1_req/round_8.json	6123570e	1942e019e2b3b9fb56f0b6f4978812c126a0fa57	6291
artifacts/r5/ei_reductio_f0.1_s0_req/args.json	6123570e	6de4c9e804bb25340053683860c4ae8e2766d0ec	581
artifacts/r5/ei_reductio_f0.1_s0_req/round_1.json	6123570e	ef874e4e66b94213fc1595e86a7b029f0c1e6591	6727
artifacts/r5/ei_reductio_f0.1_s0_req/round_2.json	6123570e	1e634c3970a1939e1b56df135add4d1a7d2524e9	6661
artifacts/r5/ei_reductio_f0.1_s0_req/round_3.json	6123570e	b1a956b388a5b659464bbb9962cede98554d636e	6650
artifacts/r5/ei_reductio_f0.1_s0_req/round_4.json	6123570e	ce6ad5c66fe97b916266782ef5616c9b1c597bf6	6649
artifacts/r5/ei_reductio_f0.1_s0_req/round_5.json	6123570e	eb5d2d125b4d4fc012c4dafb4415ec04614e27cf	6640
artifacts/r5/ei_reductio_f0.1_s0_req/round_6.json	6123570e	a3047d960a56c6372bbb585f2ebfc3181370e145	6742
artifacts/r5/ei_reductio_f0.1_s0_req/round_7.json	6123570e	acc8c26344568987e70e9f80ec51b6690c3140d1	6668
artifacts/r5/ei_reductio_f0.1_s0_req/round_8.json	6123570e	63f395e50640935152e313b18d60052ea439b0a4	6696
artifacts/r5/ei_reductio_f0.1_s1_req/args.json	6123570e	597d5713fa244fdc6291dd8fd44486aa61d7f74f	581
artifacts/r5/ei_reductio_f0.1_s1_req/round_1.json	6123570e	ca24f525708d2cd665f4ee5b6d52c2eb95ef2d42	6747
artifacts/r5/ei_reductio_f0.1_s1_req/round_2.json	6123570e	692b65544e2df3a9a6388948d44e7d894fc66a77	6722
artifacts/r5/ei_reductio_f0.1_s1_req/round_3.json	6123570e	d01ab0d663d2052819ab871b1c63d5838da7599d	6664
artifacts/r5/ei_reductio_f0.1_s1_req/round_4.json	6123570e	787690093cfea8601081e6032bef4969a41302f9	6657
artifacts/r5/ei_reductio_f0.1_s1_req/round_5.json	6123570e	dd2e0a8e89c183ea2a3a10d6ee5d3238b45dbda5	6578
artifacts/r5/ei_reductio_f0.1_s1_req/round_6.json	6123570e	2a3de10668ec3e4e64751b7794d443c354580984	6523
artifacts/r5/ei_reductio_f0.1_s1_req/round_7.json	6123570e	81930a9b7cd13441aa192e7aadb4cc12506e92e8	6584
artifacts/r5/ei_reductio_f0.1_s1_req/round_8.json	6123570e	14c0a950e44aef39d80dc98a69d3f6b6e95ef61d	6609
artifacts/r5/ei_reductio_f0_s0_req/args.json	6123570e	f6fcecf717f2a94446b546896f7790b3b7cd4a28	575
artifacts/r5/ei_reductio_f0_s0_req/round_1.json	6123570e	203890cf4dbee660ddcad12993bbb6ffa22105d2	6635
artifacts/r5/ei_reductio_f0_s0_req/round_2.json	6123570e	fa433139d08e19b59f9b699266ec3e5d77584dca	6684
artifacts/r5/ei_reductio_f0_s0_req/round_3.json	6123570e	57c9f6b4c032f927e8eeb4fb5fb6ee940e916e3d	6774
artifacts/r5/ei_reductio_f0_s0_req/round_4.json	6123570e	9ad998d0485b74493135df5430e4433e561beca9	6685
artifacts/r5/ei_reductio_f0_s0_req/round_5.json	6123570e	c589e09fa4640a5fe0b316ff394ac9e44c339448	6656
artifacts/r5/ei_reductio_f0_s0_req/round_6.json	6123570e	129317ba04fd122e8dcd0e2ccb1edf7ec51f8a2c	6687
artifacts/r5/ei_reductio_f0_s0_req/round_7.json	6123570e	62c59f9bf49a344168e5fa26ed334b97f4e9bb68	6711
artifacts/r5/ei_reductio_f0_s0_req/round_8.json	6123570e	c30a6fff9a9be158f0b89a1410574ee0a2c189b6	6716
artifacts/r5/ei_reductio_f0_s1_req/args.json	6123570e	3d61750954bd23609be8b360f06ef7c79b7f9d68	575
artifacts/r5/ei_reductio_f0_s1_req/round_1.json	6123570e	e9ae613349a0eb8e7d26406241843e4c7c76cb9f	6281
artifacts/r5/ei_reductio_f0_s1_req/round_2.json	6123570e	962a6236e1a9741805f2a6a03f2df3b9dc1a68c2	6284
artifacts/r5/ei_reductio_f0_s1_req/round_3.json	6123570e	70638b77f7700d0ae1fda2b4fb09059b9804bfe6	6280
artifacts/r5/ei_reductio_f0_s1_req/round_4.json	6123570e	cdb6c5eda1ae2ade9f2de2278a0443b2cfa4bded	6268
artifacts/r5/ei_reductio_f0_s1_req/round_5.json	6123570e	a331724f360b9ce08cbf0387b97ff1ff1c36aeed	6272
artifacts/r5/ei_reductio_f0_s1_req/round_6.json	6123570e	1f67f3f3b3b32e26c43eb9ed5690e70e0eb08338	6292
artifacts/r5/ei_reductio_f0_s1_req/round_7.json	6123570e	1934fbfe537f2ba96d1a20a6e6fd9f5ac7b61de6	6280
artifacts/r5/ei_reductio_f0_s1_req/round_8.json	6123570e	6aa9962226f627afd1e2e10f483aacd8cee3c335	6291
artifacts/r5/ei_reductio_f0_s2_req/args.json	6123570e	076cd209b52c43fbf15e050f3da120f061e02474	575
artifacts/r5/ei_reductio_f0_s2_req/round_1.json	6123570e	bc5debea3ecd33808b2cb48ccfc8a84c76c1e2d7	6313
artifacts/r5/ei_reductio_f0_s2_req/round_2.json	6123570e	66f5939a851ac5d4464b161997c6194298651a11	6312
artifacts/r5/ei_reductio_f0_s2_req/round_3.json	6123570e	f057b5233a8ed4b530fce51f84313ad3fe095f9c	6313
artifacts/r5/ei_reductio_f0_s2_req/round_4.json	6123570e	25e6169a7f3e10c91bd58faf1228021d1d4513f7	6312
artifacts/r5/ei_reductio_f0_s2_req/round_5.json	6123570e	5ba38fefd0fbe8e64cf2321f32aaf81415135eaa	6323
artifacts/r5/ei_reductio_f0_s2_req/round_6.json	6123570e	5cafc9d5298485b29ecca1d194698e329eb353b3	6312
artifacts/r5/ei_reductio_f0_s2_req/round_7.json	6123570e	7d50e1a098bad418636729eb7c24d335d1063bdb	6312
artifacts/r5/ei_reductio_f0_s2_req/round_8.json	6123570e	ddb1ba8a25b96a505618ab6e82780e8794263271	6313
artifacts/r5/frozen_derived_ore_strict_f0.01_c8_s0_req/args.json	6123570e	4bd9999c20150ed20b63dfc1024811a08de9f872	635
artifacts/r5/frozen_derived_ore_strict_f0.01_c8_s0_req/round_1.json	6123570e	f11bec8707d9edd610fa3cc3c44aa5e84c307b17	5961
artifacts/r5/frozen_derived_ore_strict_f0.01_c8_s0_req/round_2.json	6123570e	37a6744ba8c714aebef8dafed23b958763e49bcf	5945
artifacts/r5/frozen_derived_ore_strict_f0.01_c8_s0_req/round_3.json	6123570e	9de41ec6b00e86b45e2c704272cba893388945ee	5963
artifacts/r5/frozen_derived_ore_strict_f0.01_c8_s0_req/round_4.json	6123570e	7bcf5f58ae1e97963fd5e55adb3841df5c2b223e	5977
artifacts/r5/frozen_derived_ore_strict_f0.01_c8_s0_req/round_5.json	6123570e	5a6d5a9a560f53fc9fb281855539421787e51766	5980
artifacts/r5/frozen_derived_ore_strict_f0.01_c8_s0_req/round_6.json	6123570e	d4b69e288f6918c08aff77f22d6a0d04109bdcfe	5966
artifacts/r5/frozen_derived_ore_strict_f0.01_c8_s0_req/round_7.json	6123570e	d4032eb0d86ea1c1b24f66bf9ac70338e1c3b9fb	5946
artifacts/r5/frozen_derived_ore_strict_f0.01_c8_s0_req/round_8.json	6123570e	2182673c7b28cc7564652edda96259306d6087aa	5943
artifacts/r5/frozen_derived_ore_strict_f0.01_c8_s1_req/args.json	6123570e	05d289ca660d1bd488c0349e883d83a881224aff	635
artifacts/r5/frozen_derived_ore_strict_f0.01_c8_s1_req/round_1.json	6123570e	5a2a52fae01a2df67d40bf771a520bbe7eb06cca	6146
artifacts/r5/frozen_derived_ore_strict_f0.01_c8_s1_req/round_2.json	6123570e	95664a1e79de5f96da4022ff98ff9cdd8aba9154	6064
artifacts/r5/frozen_derived_ore_strict_f0.01_c8_s1_req/round_3.json	6123570e	80db37711a7779192c674bb96953f7b27f3a0d55	6060
artifacts/r5/frozen_derived_ore_strict_f0.01_c8_s1_req/round_4.json	6123570e	b5efa90429a3d41ce32c1b0c48f970c946915b34	6116
artifacts/r5/frozen_derived_ore_strict_f0.01_c8_s1_req/round_5.json	6123570e	7a9021368de89cff1d3b0c65d2884a746a0f8cdb	6158
artifacts/r5/frozen_derived_ore_strict_f0.01_c8_s1_req/round_6.json	6123570e	135cd628db1176844d51aa176589ec876127beda	6051
artifacts/r5/frozen_derived_ore_strict_f0.01_c8_s1_req/round_7.json	6123570e	497ab27c553b3ffca8507c7f83cde2b5414edc31	6078
artifacts/r5/frozen_derived_ore_strict_f0.01_c8_s1_req/round_8.json	6123570e	631757914f9657552e7b381d08ae42317aa9b5eb	6099
artifacts/r5/frozen_derived_ore_strict_f0_c8_s0_req/args.json	6123570e	d28a897a6617c634e26e82803f315ce7e5638417	626
artifacts/r5/frozen_derived_ore_strict_f0_c8_s0_req/round_1.json	6123570e	f54505960ecc191aa27d1f9ba0a03e9cd6ce2019	5927
artifacts/r5/frozen_derived_ore_strict_f0_c8_s0_req/round_2.json	6123570e	2c33f76cdaab40d3d7a93e810f06cfa6f8c55075	5908
artifacts/r5/frozen_derived_ore_strict_f0_c8_s0_req/round_3.json	6123570e	85173f0d913fb1aaadeb7595a964098e6ca7c76f	5899
artifacts/r5/frozen_derived_ore_strict_f0_c8_s0_req/round_4.json	6123570e	73133341f9d86549f1af5b90f28b22e3401d71cc	5916
artifacts/r5/frozen_derived_ore_strict_f0_c8_s0_req/round_5.json	6123570e	b26d027136627ce2ca4a2b8393f1a0c24a6a5b7d	5916
artifacts/r5/frozen_derived_ore_strict_f0_c8_s0_req/round_6.json	6123570e	b3bc7d0d9b48ec911a4e628be096d4aeaf1f2869	5933
artifacts/r5/frozen_derived_ore_strict_f0_c8_s0_req/round_7.json	6123570e	551a94b108920f98ff8895cd33edc7afbfadaa54	5901
artifacts/r5/frozen_derived_ore_strict_f0_c8_s0_req/round_8.json	6123570e	4d5ef4e68cb2465ac29782d7c643c490c3bd07a7	6010
artifacts/r5/frozen_derived_ore_strict_f0_c8_s1_req/args.json	6123570e	8087d16257ecb0f2bf24bfea7f849e09d3d2755d	626
artifacts/r5/frozen_derived_ore_strict_f0_c8_s1_req/round_1.json	6123570e	c089cc80996997aed7b5a4c99bc5659a690cafcc	5931
artifacts/r5/frozen_derived_ore_strict_f0_c8_s1_req/round_2.json	6123570e	1651207fb797bdbfd7bce7976c3c2f65202b69a4	5918
artifacts/r5/frozen_derived_ore_strict_f0_c8_s1_req/round_3.json	6123570e	9529902e606dddc1fee980fe27571c3f11c618f0	5923
artifacts/r5/frozen_derived_ore_strict_f0_c8_s1_req/round_4.json	6123570e	12d72e9e1768244150c7f1058d45332535d3c38c	5920
artifacts/r5/frozen_derived_ore_strict_f0_c8_s1_req/round_5.json	6123570e	8d81e379de6b3a374adfd7381a29ee2ec7237f6c	5937
artifacts/r5/frozen_derived_ore_strict_f0_c8_s1_req/round_6.json	6123570e	86c5617124b5b9f5da827125636850471d510f2b	5932
artifacts/r5/frozen_derived_ore_strict_f0_c8_s1_req/round_7.json	6123570e	7a4f0e40dae09e205d29ff2c44c68c1cb851967c	5948
artifacts/r5/frozen_derived_ore_strict_f0_c8_s1_req/round_8.json	6123570e	22c6ac3c8701a479cc418f3b35b7e7d4a5b196c7	5933
artifacts/r5/frozen_reductio_f0.1_s0_req/args.json	6123570e	d7184a100b904369b74e4daac38af7d30ce05aca	584
artifacts/r5/frozen_reductio_f0.1_s0_req/round_1.json	6123570e	eb059b7b4f2eb148f250f7a2d65e1fe2458ac988	6678
artifacts/r5/frozen_reductio_f0.1_s0_req/round_2.json	6123570e	a92ea5a3d3150ee5d5c6d03eac1d335809495aab	6700
artifacts/r5/frozen_reductio_f0.1_s0_req/round_3.json	6123570e	1324bee8e4c2ff97e951fff6b66db223005c1f04	6726
artifacts/r5/frozen_reductio_f0.1_s0_req/round_4.json	6123570e	8f43fd0d4d9666e2a1a79b60ad6d4aa78d9c7d16	6696
artifacts/r5/frozen_reductio_f0.1_s0_req/round_5.json	6123570e	fe4403672626411cf8b449bc9ac9ccbe02e69285	6710
artifacts/r5/frozen_reductio_f0.1_s0_req/round_6.json	6123570e	6a460cb2d51d3a149ee466760fb7adc2f51ffaf8	6713
artifacts/r5/frozen_reductio_f0.1_s0_req/round_7.json	6123570e	dd7daad1245ad3c096c839d7fba7d9afd088a58f	6714
artifacts/r5/frozen_reductio_f0.1_s0_req/round_8.json	6123570e	ffa3171c698bbf3ba00e5a3b3af90ef5f4c6f803	6659
artifacts/r5/frozen_reductio_f0.1_s1_req/args.json	6123570e	b72e40a7329b1642fd4d8967d40f4d9f7f423ae0	584
artifacts/r5/frozen_reductio_f0.1_s1_req/round_1.json	6123570e	0650d7339a572a21afcfe54a0129da7fd624684d	6697
artifacts/r5/frozen_reductio_f0.1_s1_req/round_2.json	6123570e	b35d319d83a09e92aa94320da581a6076981172c	6661
artifacts/r5/frozen_reductio_f0.1_s1_req/round_3.json	6123570e	52882f70ab9fc06fde31ec0e39e9bc331258387b	6689
artifacts/r5/frozen_reductio_f0.1_s1_req/round_4.json	6123570e	fbb02b62791936e9a3c37ad399b7dd329c94ce62	6662
artifacts/r5/frozen_reductio_f0.1_s1_req/round_5.json	6123570e	641e477fd3d3fc213b66b92ca416d99021d63669	6646
artifacts/r5/frozen_reductio_f0.1_s1_req/round_6.json	6123570e	5a7b66223ad9db236d5672fc013dd05ba26ba2df	6648
artifacts/r5/frozen_reductio_f0.1_s1_req/round_7.json	6123570e	ae6d859228d40c4f4f5e6f92810f40f5e5c79ed9	6660
artifacts/r5/frozen_reductio_f0.1_s1_req/round_8.json	6123570e	f7385c9205bea1e7f1d4082a2e3d6f4b933b3a9c	6667
artifacts/r5/frozen_reductio_f0_s0_req/args.json	6123570e	902298432337954dd109b42e00fe10c38be845da	578
artifacts/r5/frozen_reductio_f0_s0_req/round_1.json	6123570e	db4a64ba5befce0c416172b8a022c43e05589aa2	6588
artifacts/r5/frozen_reductio_f0_s0_req/round_2.json	6123570e	87cb3de4440a1d29d1eb1b86c95720d7ac671042	6368
artifacts/r5/frozen_reductio_f0_s0_req/round_3.json	6123570e	cceb720db4edc30661a4e3aefd5f25f6253105d9	6445
artifacts/r5/frozen_reductio_f0_s0_req/round_4.json	6123570e	ebf9b86f52da4453affacc2dfc64b25f92491e74	6460
artifacts/r5/frozen_reductio_f0_s0_req/round_5.json	6123570e	cf828e569ec34f2a5af789dfa429dd79e109e700	6429
artifacts/r5/frozen_reductio_f0_s0_req/round_6.json	6123570e	f507873ee277e64d14493d9c42271dba7f21c144	6452
artifacts/r5/frozen_reductio_f0_s0_req/round_7.json	6123570e	045fb4aa46e1e4c176908d01fd6b355f39611ca1	6343
artifacts/r5/frozen_reductio_f0_s0_req/round_8.json	6123570e	f59c648be081efce998442a4e475e98ed10672e8	6469
artifacts/r5/frozen_reductio_f0_s1_req/args.json	6123570e	9b1f724875a5814f6aadd89b88c903eabfbe6597	578
artifacts/r5/frozen_reductio_f0_s1_req/round_1.json	6123570e	926d1163719937f0ba94e3d40a01718dd0ab8aae	6233
artifacts/r5/frozen_reductio_f0_s1_req/round_2.json	6123570e	09a6c8407042201eb59b5b9a1a40700ce4ce8459	6237
artifacts/r5/frozen_reductio_f0_s1_req/round_3.json	6123570e	8eafc0e9fcb78f4707bde348afcb9031ca8b76cd	6234
artifacts/r5/frozen_reductio_f0_s1_req/round_4.json	6123570e	3c3c5debb4854f4a7d228c3708b6ff4d0c7afd6e	6221
artifacts/r5/frozen_reductio_f0_s1_req/round_5.json	6123570e	0e76abd0f6b4c26e0e1324d9a77ec607e7c6452c	6225
artifacts/r5/frozen_reductio_f0_s1_req/round_6.json	6123570e	109fcc6d0c5f665401a06e87a2eed04990d85fa1	6245
artifacts/r5/frozen_reductio_f0_s1_req/round_7.json	6123570e	f8b20571c0beef9e6b5dad5f7c3badd8d6d75b7a	6234
artifacts/r5/frozen_reductio_f0_s1_req/round_8.json	6123570e	5605d4a3dc9527dbb3398308718fc264e0ce658b	6243
artifacts/r5/frozen_reductio_f0_s2_req/args.json	6123570e	20cf52244f4d167e19393c7307e828c91825ca5a	578
artifacts/r5/frozen_reductio_f0_s2_req/round_1.json	6123570e	b20de4cc62af18f8790c606356c2626bd3e7ef0b	6265
artifacts/r5/frozen_reductio_f0_s2_req/round_2.json	6123570e	543586c324ee5afee2f9052c7fbe9719b9eea1d0	6265
artifacts/r5/frozen_reductio_f0_s2_req/round_3.json	6123570e	efd3075c95826d21b122f0994f7c42ec9342eb1e	6266
artifacts/r5/frozen_reductio_f0_s2_req/round_4.json	6123570e	f1f00fde6bc18d9c3ade172bed949620890e3dbe	6266
artifacts/r5/frozen_reductio_f0_s2_req/round_5.json	6123570e	48df74b4097105390964ae3956d602654454dcef	6277
artifacts/r5/frozen_reductio_f0_s2_req/round_6.json	6123570e	5ae1a56ca5b04653c0d65da5195366580db798a8	6266
artifacts/r5/frozen_reductio_f0_s2_req/round_7.json	6123570e	742116f7a9b21aa6ab028bc5e0f9694dbc98187f	6264
artifacts/r5/frozen_reductio_f0_s2_req/round_8.json	6123570e	b1fc661db7c4aa4cf614167f0d629f1998c1e221	6267
artifacts/r5/gen_c8c.log	6123570e	24beaa728e356afcb76bc492a17e21da4e6f7cfc	1126
artifacts/r5/gen_c8d.log	6123570e	0b6fe9c3ef7fc51e91ebd599aefc72e630100c43	1135
artifacts/r5/minlen_c8c.log	6123570e	7fb480fa26d0be5f4e499dbea058bf0755ba270a	7596
artifacts/r5/minlen_c8d.log	6123570e	adf88fb662c80778d9f19b54f1c046b367ab6692	28167
artifacts/r5/nec_c8.log	6123570e	e6e8c22e2e3679cb0394d70969a61fa29bd57949	649
artifacts/r5/nec_c8c.log	6123570e	6522b19dd070b08cd66af90d79bb00eb17686a9b	615
artifacts/r5/nec_c8d.log	6123570e	730924909a5ef54257d72535d5b877ab6b340a50	1183
artifacts/r5/nec_reductio.log	6123570e	910bc697f8b60cecd473dcb66307fe61051f1a22	559
artifacts/r5/p2stats_cap6.log	6123570e	d0711d9fd5d8d5eda9e6f3379adb45078d06f799	1048
artifacts/r5/summary.json	6123570e	de9fa70b86a9fd4c5349e4395eb691249e656859	52064
artifacts/r5/summary_prelim.json	6123570e	896405ef677e95ed11591ccaac6ea53e28b76949	51804
artifacts/results-registry/acceptance.json	6123570e	8a811bcfb0abf60d515fe2dc60ef59c6ff56affd	8333
artifacts/results-registry/backfill_report.json	6123570e	20a66328fc8774597c3e5591b0ce5a8cfd6ba6a0	8942
artifacts/review_lf/ckpt_stdout.txt	6123570e	681b161a8081c04ec332784d66eda7b48c7a7ab7	6499
artifacts/review_lf/d3.json	6123570e	2eabb2a75e67d14322c4e38a22e8a573179195de	27085
artifacts/review_lf/disagreements_distinct.json	6123570e	870b891d1ce9df0919a7e5cac496a64a6a8420ec	49092
artifacts/review_lf/extra_stdout.txt	6123570e	a21a9a066ab6d39b0c6ae29fb4cf0f3da8be1970	2465
artifacts/review_lf/ladder.json	6123570e	0069d4352a4a7b6351b8524c5a8ad05c45d67bc6	16098
artifacts/review_lf/lean_recheck_stderr.txt	6123570e	e69de29bb2d1d6434b8b29ae775ad8c2e48c5391	0
artifacts/review_lf/lean_recheck_stdout.txt	6123570e	9bb1c1d6aa1640a2916d6b3ca4cb72501429fbe9	7090
artifacts/review_lf/phase2_checks_stdout.txt	6123570e	540692ffb376bc69c4eb6755873b472fbae4d096	3733
artifacts/review_lf/recount_stderr.txt	6123570e	e69de29bb2d1d6434b8b29ae775ad8c2e48c5391	0
artifacts/review_lf/recount_stdout.txt	6123570e	0789ac1c056ced104569a1f0acaaaa406e4a7aa0	23721
artifacts/review_lf/splits_stdout.txt	6123570e	926ccb88eb71133da29ebca4a7948404a6f8f4c8	2604
artifacts/review_r1/agreement_recount.json	6123570e	274352f339478f97564c2cb5f09a8332bc826075	4897
artifacts/review_r1/agreement_rerun.json	6123570e	c6461906dacf22263de2ba318cf7eeac67b03465	1143
artifacts/review_r1/delta_by_box_depth.json	6123570e	82ce1c6a2efd15f443213b0eaf9adb06d3f262e8	476
artifacts/review_r1/lean_recheck.json	6123570e	0d81ccf8593db41544b4c4053851737462b2fe69	2890
artifacts/review_r1/lean_recheck_Qwen3-0.6B_verdicts.json	6123570e	46bd1c85dd9790c7e5690f53ee9800b22292fa98	88013
artifacts/review_r1/lean_recheck_Qwen3-1.7B_verdicts.json	6123570e	895a20529cc440a67295d1c0834b4a97b4cd90f9	88014
artifacts/review_r1/lean_recheck_Qwen3-14B_verdicts.json	6123570e	29099a3db60680273c22b2cdfe921a9320ca6e6d	86820
artifacts/review_r1/lean_recheck_Qwen3-32B_verdicts.json	6123570e	0d17dbb842ad9a5c380fdce96283a8e0cc93608b	86692
artifacts/review_r1/lean_recheck_Qwen3-4B_verdicts.json	6123570e	9daee721ec48d9489360d390c137a9eff5a712a3	87848
artifacts/review_r1/lean_recheck_Qwen3-8B_verdicts.json	6123570e	ca2b17b55a89d42ab77975b8716d7cb0d5c3eed3	87210
artifacts/review_r1/lean_recheck_qwen30b_verdicts.json	6123570e	6fb3605b9631a0b8c7c9e49d63610bd8af63b00d	353033
artifacts/review_r1/lean_single_recheck.json	6123570e	3611d14f5b63edee7e81323881abee244fc5125b	773
artifacts/review_r1/recount.json	6123570e	171ec555a410b9a6509f3f0805a5f69b6613bc32	45248
artifacts/review_r2/arms_ei_.json	6123570e	021577dd55ba8b032703c1e6f9629d5674879766	69351
artifacts/review_r2/arms_frozen_.json	6123570e	4922ebbcc5fe0853acddf13884a504e8127d81ff	65614
artifacts/review_r2/ckpts.json	6123570e	02f92e93869804dd8b5029b325bbfd80ac791ac1	16339
artifacts/review_r2/cov.json	6123570e	629ea2039f13c6d8ec79e0629ca97aeb0f8a1a1b	10158
artifacts/review_r2/pools.json	6123570e	d01567a71d352947625acd7299e969bae9feea6d	19291
artifacts/review_r2/sets.json	6123570e	aab7b85a95e18e2d06c136113ec4ace8a434d765	7703
artifacts/review_r3/recount.json	6123570e	5eea3e07131c818a317517cfe4cab2587f9d3f9c	206301
artifacts/review_r3/splits.json	6123570e	41f9bfa2f97cfa52cc8914141ecc3c58b6428e52	2401
artifacts/review_r4/recount.json	6123570e	a9738def5110ac8aac999abfafeae9515c75328d	342309
artifacts/review_r4/train.json	6123570e	0dd0acd66fddd9091659459d0951d74acb1b9939	1340
artifacts/review_r5/arms.json	6123570e	eb65e7fb5cfe44bbb5341e464037744e50145b31	49906
artifacts/review_r5/cov.json	6123570e	6bbf76172cfd74402f5e77d19adb171b4e90fddb	2129
artifacts/review_r5/logic.json	6123570e	3d76f9437f5ba7cafae1e14560b3ebfe49e7a454	2296
artifacts/review_r5/nec.json	6123570e	005fb33a8108f53d535002dc35eedb1e9a693e2f	2705
artifacts/review_r5/pools.json	6123570e	b83fa1ef61e7f842f801a00d8367acb2fdda3fd2	7522
artifacts/review_r5/splits.json	6123570e	9b81fee04011c79b5f10e52080e58cfafc9633c9	4404
artifacts/rr/cov.log	6123570e	e6f0833748dffd2f11a656fa5f4b1f6f7333cfd1	272
artifacts/rr/ei.log	6123570e	cdc1399ab26cf68b85c06e461a9fc8dece68ebc8	7328
artifacts/rr/ei2.log	6123570e	a401796183ff1b59ec060e88644e40b9dbbe6f9b	6432
artifacts/rr/ei3.log	6123570e	057c2991a901024b2f716bb22fcb75b37ec4a5a1	8502
artifacts/rr/ei_fast1_s0/args.json	6123570e	6094d76b19893fbe5cbfb33e6633180120ca61b8	531
artifacts/rr/ei_fast1_s0/round_1.json	6123570e	d39f10e37b0ce1bdb8f44626889745e58284f3a1	6489
artifacts/rr/ei_fast1_s0/round_2.json	6123570e	40432b10751937d93c9226040e57770c8a7f75e5	6810
artifacts/rr/ei_smoke2_s0/args.json	6123570e	5d6aaa47fa34d034f63b783629afe485619701dd	533
artifacts/rr/ei_smoke2_s0/round_1.json	6123570e	458cd015e210a7d06fbb9940440f370183761ebe	4794
artifacts/rr/ei_smoke2_s0/round_2.json	6123570e	3cc1e8f2242a558a080ae6c824e14ca77a13234c	4789
artifacts/rr/ei_smoke_s0/args.json	6123570e	4255f911f4de76278a09a9cfa0318445ed350bdf	531
artifacts/rr/ei_smoke_s0/round_1.json	6123570e	e3a3411ec95335444181fb95fcc4b5c8cadf9b66	6392
artifacts/rr/ei_smoke_s0/round_2.json	6123570e	672aa338ffee31469eccfbd7523c8104c2cf9c10	6319
artifacts/rr/eval.log	6123570e	085fb5a304a4d12e3b11b3af417518a85278f737	603
artifacts/rr/heldout_greedy.json	6123570e	da1f2dbb5ae8523ca6ecc18fdc6f5a833c3938e7	712
artifacts/rr/setup.log	6123570e	d34fbcd336e06952571ae5b33febcd80acf3bdeb	2343
artifacts/rr/smoke.done	6123570e	e69de29bb2d1d6434b8b29ae775ad8c2e48c5391	0
artifacts/rr/smoke.out	6123570e	e69de29bb2d1d6434b8b29ae775ad8c2e48c5391	0
artifacts/rr/timing.txt	6123570e	1cf9184453cd45e20382e55b6468bc10a51d05e1	998
artifacts/rr/train.log	6123570e	04a924f088ea97cd165c79d600eee487c28a64e2	1110
artifacts/stage1_abs_eval.log	6123570e	ed60e4f33a0834151a74afae2d1345c0f7a63715	4568
artifacts/stage1_abs_heldout_greedy.json	6123570e	d55327112c4a035be4f4513d7dba2c7431086f8d	1443
artifacts/stage1_abs_transfer2_greedy.json	6123570e	24f2e4f896c0322c9757788ef5eb98d28ceefe5b	2119
artifacts/stage1_abs_transfer2_k16.json	6123570e	af83753d34588d7928ebe61f947a7856d65f5298	2156
artifacts/stage1_abs_transfer2_k16_norm.json	6123570e	f615280c58116bf9d9445298d5a889174c77be78	555
artifacts/stage1_abs_transfer_greedy.json	6123570e	d31612e038150cffff67778c1a466902a2715d82	2193
artifacts/stage1_abs_transfer_k16.json	6123570e	d77b600b3f84dbd30ccc2a243217c2265acadda8	2220
artifacts/stage1_abs_transfer_k16_norm.json	6123570e	75da215d7d974a05bcc704b5c5b786f5799c4ca4	555
artifacts/stage1_abs_val36_greedy.txt	6123570e	f42c7b935f39ba0604919f65217d1632bb788e9a	2165
artifacts/stage1_abs_val36_k32.json	6123570e	a4cf8d340bc38d8368a192fbb7dcfea8893b8f77	2418
artifacts/stage1_absfixed.log	6123570e	b88c427d985f57f52debfe5a4051126e535b6d14	3927
artifacts/stage1_absfixed_heldout_greedy.json	6123570e	74f3b5df41e02f6f889fb98d093999c84b5156fa	1394
artifacts/stage1_absfixed_transfer2_greedy.json	6123570e	6be360ddfb265ed09ff3975418c4be060723f0ea	2118
artifacts/stage1_absfixed_transfer2_k16.json	6123570e	b0c6056fe11254d3ee3dd117b6dd0302f71f9e24	2126
artifacts/stage1_absfixed_transfer2_k16_norm.json	6123570e	6e5981f8ac02b8c5bff67c2d74bc6b310488e194	496
artifacts/stage1_rel_eval.log	6123570e	861d386ac64bfb8f63fd15cdce37eab72e37237c	4617
artifacts/stage1_rel_heldout_greedy.json	6123570e	5297079d94587ab59c486f4b5bef9ed09c1264e7	1416
artifacts/stage1_rel_transfer2_greedy.json	6123570e	96f154436d6da8ad0ea5d8a1da64557c026cab53	2135
artifacts/stage1_rel_transfer2_k16.json	6123570e	34de4e144e2c9555a69db6d81a01dad8a9ee838c	2122
artifacts/stage1_rel_transfer2_k16_norm.json	6123570e	0973b003f4e4acd0d141f89e9d33b5757dfc7727	531
artifacts/stage1_rel_transfer_greedy.json	6123570e	5d4ed4d19ea9cddd6bd9e544e8dd3b5386fccb3a	2196
artifacts/stage1_rel_transfer_k16.json	6123570e	e81d5d4d20fe6230352d7b445bdf12a2b5c2a9a5	2197
artifacts/stage1_rel_transfer_k16_norm.json	6123570e	99d487305bff212793d64a7585ab6850899917dd	531
artifacts/stage1_rel_val36_greedy.txt	6123570e	9de9b89a5b2ece98ecc91e4c8db7f11e52dd76c5	2254
artifacts/stage1_transfer2_cmp.log	6123570e	6a0e9614fb4c646ef34d0552a16f43e7f4e394f2	3441
artifacts/stage1_transfer_k128.json	6123570e	533c355ea43805daebd2d15cdc5e01a9653962b0	2180
artifacts/stage1_transfer_k128_norm.json	6123570e	75dd762fc358509744abc18e2497b8c310344070	574
artifacts/tables_all.md	6123570e	7e0623882b60fae316492f486fc25c186c0a0387	16184
artifacts/tables_all_norm.md	6123570e	37a94e3e28e84952a1bc2135699b7e323e5ce772	15865
artifacts/tables_s0.md	6123570e	4b3768a4e719d59fd18c95521dca1175edbd93fe	5445
artifacts/test_overlap.json	6123570e	e618af8d335e2f0e2e2f3609dbe4e1bea0b710dc	393
artifacts/test_overlap.md	6123570e	3da84bd2363d99ec92526d5281abbdadcff0b3f2	330
artifacts/test_scores.txt	6123570e	4565ed56822685830bef81aa0a658e23bb355ac0	459
artifacts/train_stage1_abs.log	6123570e	bfe9bd050d54759f2f4297dc7e1ba2fd93d41943	1576
artifacts/train_stage1_rel.log	6123570e	21b35e9c1ef097b8307c7dd5f20492289b22a09a	1572
artifacts/transfer_breakdown.md	6123570e	159b0d0b31bf28a9463ecb4cb3d89775c8ba902e	4433
artifacts/val36_rounds_ei_abs_s0.log	6123570e	942fad48d07689c63de41330e1e4131d2691d9f1	610
artifacts/val36_rounds_rest.log	6123570e	764d07d6c9afe432ad9b1a9090226cc7b0433e97	1912
