source	object	bytes	hits
bucket	repo-hygiene/artifacts/repo-hygiene/bucket_ls_post.json.gz	1392459	
bucket	repo-hygiene/artifacts/repo-hygiene/bucket_ls_pre.json.gz	1111866	
bucket	repo-hygiene/artifacts/repo-hygiene/ci_clean.sh	792	
bucket	repo-hygiene/artifacts/repo-hygiene/ci_dan.log	17788	
bucket	repo-hygiene/artifacts/repo-hygiene/ci_dan2.log	16380	
bucket	repo-hygiene/artifacts/repo-hygiene/ci_dan3.log	17785	
bucket	repo-hygiene/artifacts/repo-hygiene/ci_green.log	18590	
bucket	repo-hygiene/artifacts/repo-hygiene/ci_red.log	2343	
bucket	repo-hygiene/artifacts/repo-hygiene/hash_pre.log	243	
bucket	repo-hygiene/artifacts/repo-hygiene/hash_upload.log	288	
bucket	repo-hygiene/artifacts/repo-hygiene/index_longpool.tsv	1015	
bucket	repo-hygiene/artifacts/repo-hygiene/index_post.tsv	1309892	
bucket	repo-hygiene/artifacts/repo-hygiene/index_pre.tsv	1309892	
bucket	repo-hygiene/artifacts/repo-hygiene/inv_longpool.tsv	706	
bucket	repo-hygiene/artifacts/repo-hygiene/inv_pre.tsv	949988	
bucket	repo-hygiene/artifacts/repo-hygiene/inv_upload.tsv	949988	
bucket	repo-hygiene/artifacts/repo-hygiene/registry/20260929T014255Z_nd-rl-agent2_776372.jsonl	3553	
bucket	repo-hygiene/git_tip/artifacts/TEST_RUN_DONE	77	
bucket	repo-hygiene/git_tip/artifacts/cov_base_transfer_k1e4.s0.jsonl	541270	
bucket	repo-hygiene/git_tip/artifacts/cov_base_transfer_k1e4.s1.jsonl	534085	
bucket	repo-hygiene/git_tip/artifacts/cov_base_transfer_k1e4.s2.jsonl	540696	
bucket	repo-hygiene/git_tip/artifacts/cov_base_val36_k1e5.s0.jsonl	30482	
bucket	repo-hygiene/git_tip/artifacts/dsg/assemble_g1.json	1262	
bucket	repo-hygiene/git_tip/artifacts/dsg/assemble_g2.json	1416	
bucket	repo-hygiene/git_tip/artifacts/dsg/cov_d3_c0_s0.counted.jsonl	370929	
bucket	repo-hygiene/git_tip/artifacts/dsg/cov_d3_c0_s0.counted.record.jsonl	415528	
bucket	repo-hygiene/git_tip/artifacts/dsg/cov_d3_c0_s0.s0.jsonl	1606880	
bucket	repo-hygiene/git_tip/artifacts/dsg/cov_d3_c0_s1.counted.jsonl	281981	
bucket	repo-hygiene/git_tip/artifacts/dsg/cov_d3_c0_s1.counted.record.jsonl	318329	
bucket	repo-hygiene/git_tip/artifacts/dsg/cov_d3_c0_s1.s0.jsonl	1416115	
bucket	repo-hygiene/git_tip/artifacts/dsg/cov_d3_g1_s0.counted.jsonl	330922	
bucket	repo-hygiene/git_tip/artifacts/dsg/cov_d3_g1_s0.counted.record.jsonl	372486	
bucket	repo-hygiene/git_tip/artifacts/dsg/cov_d3_g1_s0.s0.jsonl	1522495	
bucket	repo-hygiene/git_tip/artifacts/dsg/cov_d3_g1_s1.counted.jsonl	521711	
bucket	repo-hygiene/git_tip/artifacts/dsg/cov_d3_g1_s1.counted.record.jsonl	583693	
bucket	repo-hygiene/git_tip/artifacts/dsg/cov_d3_g1_s1.s0.jsonl	1940794	
bucket	repo-hygiene/git_tip/artifacts/dsg/cov_d3_g2_s0.counted.jsonl	171768	
bucket	repo-hygiene/git_tip/artifacts/dsg/cov_d3_g2_s0.counted.record.jsonl	194469	
bucket	repo-hygiene/git_tip/artifacts/dsg/cov_d3_g2_s0.s0.jsonl	1172834	
bucket	repo-hygiene/git_tip/artifacts/dsg/cov_d3_g2_s1.counted.jsonl	166257	
bucket	repo-hygiene/git_tip/artifacts/dsg/cov_d3_g2_s1.counted.record.jsonl	188312	
bucket	repo-hygiene/git_tip/artifacts/dsg/cov_d3_g2_s1.s0.jsonl	1161317	
bucket	repo-hygiene/git_tip/artifacts/dsg/cov_red_c0_s0.counted.jsonl	11131	
bucket	repo-hygiene/git_tip/artifacts/dsg/cov_red_c0_s0.counted.record.jsonl	12917	
bucket	repo-hygiene/git_tip/artifacts/dsg/cov_red_c0_s0.s0.jsonl	255502	
bucket	repo-hygiene/git_tip/artifacts/dsg/cov_red_c0_s1.counted.jsonl	9674	
bucket	repo-hygiene/git_tip/artifacts/dsg/cov_red_c0_s1.counted.record.jsonl	11207	
bucket	repo-hygiene/git_tip/artifacts/dsg/cov_red_c0_s1.s0.jsonl	251835	
bucket	repo-hygiene/git_tip/artifacts/dsg/cov_red_g1_s0.counted.jsonl	13505	
bucket	repo-hygiene/git_tip/artifacts/dsg/cov_red_g1_s0.counted.record.jsonl	15666	
bucket	repo-hygiene/git_tip/artifacts/dsg/cov_red_g1_s0.s0.jsonl	261079	
bucket	repo-hygiene/git_tip/artifacts/dsg/cov_red_g1_s1.counted.jsonl	11318	
bucket	repo-hygiene/git_tip/artifacts/dsg/cov_red_g1_s1.counted.record.jsonl	13096	
bucket	repo-hygiene/git_tip/artifacts/dsg/cov_red_g1_s1.s0.jsonl	255899	
bucket	repo-hygiene/git_tip/artifacts/dsg/cov_red_g2_s0.counted.jsonl	0	
bucket	repo-hygiene/git_tip/artifacts/dsg/cov_red_g2_s0.counted.record.jsonl	0	
bucket	repo-hygiene/git_tip/artifacts/dsg/cov_red_g2_s0.s0.jsonl	229866	
bucket	repo-hygiene/git_tip/artifacts/dsg/cov_red_g2_s1.counted.jsonl	0	
bucket	repo-hygiene/git_tip/artifacts/dsg/cov_red_g2_s1.counted.record.jsonl	0	
bucket	repo-hygiene/git_tip/artifacts/dsg/cov_red_g2_s1.s0.jsonl	229854	
bucket	repo-hygiene/git_tip/artifacts/dsg/cov_req8_c0_s0.counted.jsonl	95183	
bucket	repo-hygiene/git_tip/artifacts/dsg/cov_req8_c0_s0.counted.record.jsonl	105680	
bucket	repo-hygiene/git_tip/artifacts/dsg/cov_req8_c0_s0.s0.jsonl	447022	
bucket	repo-hygiene/git_tip/artifacts/dsg/cov_req8_c0_s1.counted.jsonl	62576	
bucket	repo-hygiene/git_tip/artifacts/dsg/cov_req8_c0_s1.counted.record.jsonl	70154	
bucket	repo-hygiene/git_tip/artifacts/dsg/cov_req8_c0_s1.s0.jsonl	376476	
bucket	repo-hygiene/git_tip/artifacts/dsg/cov_req8_g1_s0.counted.jsonl	84688	
bucket	repo-hygiene/git_tip/artifacts/dsg/cov_req8_g1_s0.counted.record.jsonl	94956	
bucket	repo-hygiene/git_tip/artifacts/dsg/cov_req8_g1_s0.s0.jsonl	426391	
bucket	repo-hygiene/git_tip/artifacts/dsg/cov_req8_g1_s1.counted.jsonl	188360	
bucket	repo-hygiene/git_tip/artifacts/dsg/cov_req8_g1_s1.counted.record.jsonl	208812	
bucket	repo-hygiene/git_tip/artifacts/dsg/cov_req8_g1_s1.s0.jsonl	655589	
bucket	repo-hygiene/git_tip/artifacts/dsg/cov_req8_g2_s0.counted.jsonl	19234	
bucket	repo-hygiene/git_tip/artifacts/dsg/cov_req8_g2_s0.counted.record.jsonl	21873	
bucket	repo-hygiene/git_tip/artifacts/dsg/cov_req8_g2_s0.s0.jsonl	279971	
bucket	repo-hygiene/git_tip/artifacts/dsg/cov_req8_g2_s1.counted.jsonl	11717	
bucket	repo-hygiene/git_tip/artifacts/dsg/cov_req8_g2_s1.counted.record.jsonl	13267	
bucket	repo-hygiene/git_tip/artifacts/dsg/cov_req8_g2_s1.s0.jsonl	263601	
bucket	repo-hygiene/git_tip/artifacts/dsg/ei_d3_g1_s0/args.json	538	
bucket	repo-hygiene/git_tip/artifacts/dsg/ei_d3_g1_s0/found_4.jsonl	503225	
bucket	repo-hygiene/git_tip/artifacts/dsg/ei_d3_g1_s0/found_4.record.jsonl	439330	
bucket	repo-hygiene/git_tip/artifacts/dsg/ei_d3_g1_s0/found_transfer_4.jsonl	272610	
bucket	repo-hygiene/git_tip/artifacts/dsg/ei_d3_g1_s0/found_transfer_4.record.jsonl	237392	
bucket	repo-hygiene/git_tip/artifacts/dsg/ei_d3_g1_s0/round_1.json	9028	
bucket	repo-hygiene/git_tip/artifacts/dsg/ei_d3_g1_s0/round_2.json	9173	
bucket	repo-hygiene/git_tip/artifacts/dsg/ei_d3_g1_s0/round_3.json	9245	
bucket	repo-hygiene/git_tip/artifacts/dsg/ei_d3_g1_s0/round_4.json	9230	
bucket	repo-hygiene/git_tip/artifacts/dsg/ei_d3_g1_s1/args.json	538	
bucket	repo-hygiene/git_tip/artifacts/dsg/ei_d3_g1_s1/found_4.jsonl	622386	
bucket	repo-hygiene/git_tip/artifacts/dsg/ei_d3_g1_s1/found_4.record.jsonl	544254	
bucket	repo-hygiene/git_tip/artifacts/dsg/ei_d3_g1_s1/found_transfer_4.jsonl	344859	
bucket	repo-hygiene/git_tip/artifacts/dsg/ei_d3_g1_s1/found_transfer_4.record.jsonl	300639	
bucket	repo-hygiene/git_tip/artifacts/dsg/ei_d3_g1_s1/round_1.json	9145	
bucket	repo-hygiene/git_tip/artifacts/dsg/ei_d3_g1_s1/round_2.json	9233	
bucket	repo-hygiene/git_tip/artifacts/dsg/ei_d3_g1_s1/round_3.json	9261	
bucket	repo-hygiene/git_tip/artifacts/dsg/ei_d3_g1_s1/round_4.json	9239	
bucket	repo-hygiene/git_tip/artifacts/dsg/ei_d3_g2_s0/args.json	538	
bucket	repo-hygiene/git_tip/artifacts/dsg/ei_d3_g2_s0/found_4.jsonl	535348	
bucket	repo-hygiene/git_tip/artifacts/dsg/ei_d3_g2_s0/found_4.record.jsonl	467702	
bucket	repo-hygiene/git_tip/artifacts/dsg/ei_d3_g2_s0/found_transfer_4.jsonl	276014	
bucket	repo-hygiene/git_tip/artifacts/dsg/ei_d3_g2_s0/found_transfer_4.record.jsonl	240858	
bucket	repo-hygiene/git_tip/artifacts/dsg/ei_d3_g2_s0/round_1.json	9075	
bucket	repo-hygiene/git_tip/artifacts/dsg/ei_d3_g2_s0/round_2.json	9109	
bucket	repo-hygiene/git_tip/artifacts/dsg/ei_d3_g2_s0/round_3.json	9221	
bucket	repo-hygiene/git_tip/artifacts/dsg/ei_d3_g2_s0/round_4.json	9281	
bucket	repo-hygiene/git_tip/artifacts/dsg/ei_d3_g2_s1/args.json	538	
bucket	repo-hygiene/git_tip/artifacts/dsg/ei_d3_g2_s1/found_4.jsonl	494222	
bucket	repo-hygiene/git_tip/artifacts/dsg/ei_d3_g2_s1/found_4.record.jsonl	431947	
bucket	repo-hygiene/git_tip/artifacts/dsg/ei_d3_g2_s1/found_transfer_4.jsonl	248672	
bucket	repo-hygiene/git_tip/artifacts/dsg/ei_d3_g2_s1/found_transfer_4.record.jsonl	216795	
bucket	repo-hygiene/git_tip/artifacts/dsg/ei_d3_g2_s1/round_1.json	8890	
bucket	repo-hygiene/git_tip/artifacts/dsg/ei_d3_g2_s1/round_2.json	9152	
bucket	repo-hygiene/git_tip/artifacts/dsg/ei_d3_g2_s1/round_3.json	9240	
bucket	repo-hygiene/git_tip/artifacts/dsg/ei_d3_g2_s1/round_4.json	9261	
bucket	repo-hygiene/git_tip/artifacts/dsg/fetch.done	0	
bucket	repo-hygiene/git_tip/artifacts/dsg/frozen_d3_g1_s0/args.json	541	
bucket	repo-hygiene/git_tip/artifacts/dsg/frozen_d3_g1_s0/found_4.jsonl	262915	
bucket	repo-hygiene/git_tip/artifacts/dsg/frozen_d3_g1_s0/found_4.record.jsonl	229322	
bucket	repo-hygiene/git_tip/artifacts/dsg/frozen_d3_g1_s0/found_transfer_4.jsonl	124265	
bucket	repo-hygiene/git_tip/artifacts/dsg/frozen_d3_g1_s0/found_transfer_4.record.jsonl	107903	
bucket	repo-hygiene/git_tip/artifacts/dsg/frozen_d3_g1_s0/round_1.json	8979	
bucket	repo-hygiene/git_tip/artifacts/dsg/frozen_d3_g1_s0/round_2.json	8996	
bucket	repo-hygiene/git_tip/artifacts/dsg/frozen_d3_g1_s0/round_3.json	9019	
bucket	repo-hygiene/git_tip/artifacts/dsg/frozen_d3_g1_s0/round_4.json	9007	
bucket	repo-hygiene/git_tip/artifacts/dsg/frozen_d3_g1_s1/args.json	541	
bucket	repo-hygiene/git_tip/artifacts/dsg/frozen_d3_g1_s1/found_4.jsonl	445173	
bucket	repo-hygiene/git_tip/artifacts/dsg/frozen_d3_g1_s1/found_4.record.jsonl	388861	
bucket	repo-hygiene/git_tip/artifacts/dsg/frozen_d3_g1_s1/found_transfer_4.jsonl	240987	
bucket	repo-hygiene/git_tip/artifacts/dsg/frozen_d3_g1_s1/found_transfer_4.record.jsonl	209909	
bucket	repo-hygiene/git_tip/artifacts/dsg/frozen_d3_g1_s1/round_1.json	9095	
bucket	repo-hygiene/git_tip/artifacts/dsg/frozen_d3_g1_s1/round_2.json	9086	
bucket	repo-hygiene/git_tip/artifacts/dsg/frozen_d3_g1_s1/round_3.json	9107	
bucket	repo-hygiene/git_tip/artifacts/dsg/frozen_d3_g1_s1/round_4.json	9081	
bucket	repo-hygiene/git_tip/artifacts/dsg/frozen_d3_g2_s0/args.json	541	
bucket	repo-hygiene/git_tip/artifacts/dsg/frozen_d3_g2_s0/found_4.jsonl	161176	
bucket	repo-hygiene/git_tip/artifacts/dsg/frozen_d3_g2_s0/found_4.record.jsonl	138615	
bucket	repo-hygiene/git_tip/artifacts/dsg/frozen_d3_g2_s0/found_transfer_4.jsonl	85232	
bucket	repo-hygiene/git_tip/artifacts/dsg/frozen_d3_g2_s0/found_transfer_4.record.jsonl	73108	
bucket	repo-hygiene/git_tip/artifacts/dsg/frozen_d3_g2_s0/round_1.json	9027	
bucket	repo-hygiene/git_tip/artifacts/dsg/frozen_d3_g2_s0/round_2.json	9011	
bucket	repo-hygiene/git_tip/artifacts/dsg/frozen_d3_g2_s0/round_3.json	9006	
bucket	repo-hygiene/git_tip/artifacts/dsg/frozen_d3_g2_s0/round_4.json	9007	
bucket	repo-hygiene/git_tip/artifacts/dsg/frozen_d3_g2_s1/args.json	541	
bucket	repo-hygiene/git_tip/artifacts/dsg/frozen_d3_g2_s1/found_4.jsonl	147757	
bucket	repo-hygiene/git_tip/artifacts/dsg/frozen_d3_g2_s1/found_4.record.jsonl	127174	
bucket	repo-hygiene/git_tip/artifacts/dsg/frozen_d3_g2_s1/found_transfer_4.jsonl	67762	
bucket	repo-hygiene/git_tip/artifacts/dsg/frozen_d3_g2_s1/found_transfer_4.record.jsonl	58123	
bucket	repo-hygiene/git_tip/artifacts/dsg/frozen_d3_g2_s1/round_1.json	8841	
bucket	repo-hygiene/git_tip/artifacts/dsg/frozen_d3_g2_s1/round_2.json	8927	
bucket	repo-hygiene/git_tip/artifacts/dsg/frozen_d3_g2_s1/round_3.json	8892	
bucket	repo-hygiene/git_tip/artifacts/dsg/frozen_d3_g2_s1/round_4.json	8900	
bucket	repo-hygiene/git_tip/artifacts/dsg/gate_heldout2_c0_s0.disagree.jsonl	394	
bucket	repo-hygiene/git_tip/artifacts/dsg/gate_heldout2_c0_s0.jsonl	438	
bucket	repo-hygiene/git_tip/artifacts/dsg/gate_heldout2_c0_s1.disagree.jsonl	394	
bucket	repo-hygiene/git_tip/artifacts/dsg/gate_heldout2_c0_s1.jsonl	430	
bucket	repo-hygiene/git_tip/artifacts/dsg/gate_heldout2_g1_s0.disagree.jsonl	788	
bucket	repo-hygiene/git_tip/artifacts/dsg/gate_heldout2_g1_s0.jsonl	877	
bucket	repo-hygiene/git_tip/artifacts/dsg/gate_heldout2_g1_s1.disagree.jsonl	744	
bucket	repo-hygiene/git_tip/artifacts/dsg/gate_heldout2_g1_s1.jsonl	421	
bucket	repo-hygiene/git_tip/artifacts/dsg/gate_heldout2_g2_s0.disagree.jsonl	8634	
bucket	repo-hygiene/git_tip/artifacts/dsg/gate_heldout2_g2_s0.jsonl	985	
bucket	repo-hygiene/git_tip/artifacts/dsg/gate_heldout2_g2_s1.disagree.jsonl	1988	
bucket	repo-hygiene/git_tip/artifacts/dsg/gate_heldout2_g2_s1.jsonl	521	
bucket	repo-hygiene/git_tip/artifacts/dsg/gate_la_T1_c0_s0.disagree.jsonl	149334	
bucket	repo-hygiene/git_tip/artifacts/dsg/gate_la_T1_c0_s0.jsonl	18673	
bucket	repo-hygiene/git_tip/artifacts/dsg/gate_la_T1_c0_s1.disagree.jsonl	18012	
bucket	repo-hygiene/git_tip/artifacts/dsg/gate_la_T1_c0_s1.jsonl	17559	
bucket	repo-hygiene/git_tip/artifacts/dsg/gate_la_T1_g1_s0.disagree.jsonl	50182	
bucket	repo-hygiene/git_tip/artifacts/dsg/gate_la_T1_g1_s0.jsonl	18299	
bucket	repo-hygiene/git_tip/artifacts/dsg/gate_la_T1_g1_s1.disagree.jsonl	38839	
bucket	repo-hygiene/git_tip/artifacts/dsg/gate_la_T1_g1_s1.jsonl	18262	
bucket	repo-hygiene/git_tip/artifacts/dsg/gate_la_T1_g2_s0.disagree.jsonl	736729	
bucket	repo-hygiene/git_tip/artifacts/dsg/gate_la_T1_g2_s0.jsonl	19741	
bucket	repo-hygiene/git_tip/artifacts/dsg/gate_la_T1_g2_s1.disagree.jsonl	2894451	
bucket	repo-hygiene/git_tip/artifacts/dsg/gate_la_T1_g2_s1.jsonl	19938	
bucket	repo-hygiene/git_tip/artifacts/dsg/gate_la_frozen_c0_s0.disagree.jsonl	39523	
bucket	repo-hygiene/git_tip/artifacts/dsg/gate_la_frozen_c0_s0.jsonl	18646	
bucket	repo-hygiene/git_tip/artifacts/dsg/gate_la_frozen_c0_s1.disagree.jsonl	47288	
bucket	repo-hygiene/git_tip/artifacts/dsg/gate_la_frozen_c0_s1.jsonl	17720	
bucket	repo-hygiene/git_tip/artifacts/dsg/gate_la_frozen_g1_s1.disagree.jsonl	42329	
bucket	repo-hygiene/git_tip/artifacts/dsg/gate_la_frozen_g1_s1.jsonl	17918	
bucket	repo-hygiene/git_tip/artifacts/dsg/gate_la_frozen_g2_s0.disagree.jsonl	1547638	
bucket	repo-hygiene/git_tip/artifacts/dsg/gate_la_frozen_g2_s0.jsonl	20128	
bucket	repo-hygiene/git_tip/artifacts/dsg/gate_la_frozen_g2_s1.disagree.jsonl	2937709	
bucket	repo-hygiene/git_tip/artifacts/dsg/gate_la_frozen_g2_s1.jsonl	20196	
bucket	repo-hygiene/git_tip/artifacts/dsg/gate_selftest.jsonl	322	
bucket	repo-hygiene/git_tip/artifacts/dsg/gen_g1_stats.json	219	
bucket	repo-hygiene/git_tip/artifacts/dsg/gen_g1fill_stats.json	219	
bucket	repo-hygiene/git_tip/artifacts/dsg/heldout2_c0_s0.done	0	
bucket	repo-hygiene/git_tip/artifacts/dsg/heldout2_c0_s0.json	1459	
bucket	repo-hygiene/git_tip/artifacts/dsg/heldout2_c0_s0.jsonl	2626574	
bucket	repo-hygiene/git_tip/artifacts/dsg/heldout2_c0_s1.done	0	
bucket	repo-hygiene/git_tip/artifacts/dsg/heldout2_c0_s1.json	1442	
bucket	repo-hygiene/git_tip/artifacts/dsg/heldout2_c0_s1.jsonl	2583344	
bucket	repo-hygiene/git_tip/artifacts/dsg/heldout2_g1_s0.done	0	
bucket	repo-hygiene/git_tip/artifacts/dsg/heldout2_g1_s0.json	1454	
bucket	repo-hygiene/git_tip/artifacts/dsg/heldout2_g1_s0.jsonl	2550894	
bucket	repo-hygiene/git_tip/artifacts/dsg/heldout2_g1_s1.done	0	
bucket	repo-hygiene/git_tip/artifacts/dsg/heldout2_g1_s1.json	1452	
bucket	repo-hygiene/git_tip/artifacts/dsg/heldout2_g1_s1.jsonl	2644816	
bucket	repo-hygiene/git_tip/artifacts/dsg/heldout2_g2_s0.done	0	
bucket	repo-hygiene/git_tip/artifacts/dsg/heldout2_g2_s0.json	1495	
bucket	repo-hygiene/git_tip/artifacts/dsg/heldout2_g2_s0.jsonl	2513436	
bucket	repo-hygiene/git_tip/artifacts/dsg/heldout2_g2_s1.done	0	
bucket	repo-hygiene/git_tip/artifacts/dsg/heldout2_g2_s1.json	1486	
bucket	repo-hygiene/git_tip/artifacts/dsg/heldout2_g2_s1.jsonl	2583565	
bucket	repo-hygiene/git_tip/artifacts/dsg/heldout_c0_s0.json	1459	
bucket	repo-hygiene/git_tip/artifacts/dsg/heldout_c0_s1.json	1439	
bucket	repo-hygiene/git_tip/artifacts/dsg/heldout_g1_s0.json	1455	
bucket	repo-hygiene/git_tip/artifacts/dsg/heldout_g1_s1.json	1447	
bucket	repo-hygiene/git_tip/artifacts/dsg/heldout_g2_s0.json	1492	
bucket	repo-hygiene/git_tip/artifacts/dsg/heldout_g2_s1.json	1456	
bucket	repo-hygiene/git_tip/artifacts/dsg/la_T1_c0_s0.done	0	
bucket	repo-hygiene/git_tip/artifacts/dsg/la_T1_c0_s0/args.json	693	
bucket	repo-hygiene/git_tip/artifacts/dsg/la_T1_c0_s0/found_8.jsonl	5626862	
bucket	repo-hygiene/git_tip/artifacts/dsg/la_T1_c0_s0/found_8.record.jsonl	3028865	
bucket	repo-hygiene/git_tip/artifacts/dsg/la_T1_c0_s0/found_transfer_8.jsonl	2500411	
bucket	repo-hygiene/git_tip/artifacts/dsg/la_T1_c0_s0/found_transfer_8.record.jsonl	1333468	
bucket	repo-hygiene/git_tip/artifacts/dsg/la_T1_c0_s0/round_1.json	10117	
bucket	repo-hygiene/git_tip/artifacts/dsg/la_T1_c0_s0/round_2.json	10377	
bucket	repo-hygiene/git_tip/artifacts/dsg/la_T1_c0_s0/round_3.json	10543	
bucket	repo-hygiene/git_tip/artifacts/dsg/la_T1_c0_s0/round_4.json	10639	
bucket	repo-hygiene/git_tip/artifacts/dsg/la_T1_c0_s0/round_5.json	10739	
bucket	repo-hygiene/git_tip/artifacts/dsg/la_T1_c0_s0/round_6.json	10678	
bucket	repo-hygiene/git_tip/artifacts/dsg/la_T1_c0_s0/round_7.json	10667	
bucket	repo-hygiene/git_tip/artifacts/dsg/la_T1_c0_s0/round_8.json	10875	
bucket	repo-hygiene/git_tip/artifacts/dsg/la_T1_c0_s1.done	0	
bucket	repo-hygiene/git_tip/artifacts/dsg/la_T1_c0_s1/args.json	693	
bucket	repo-hygiene/git_tip/artifacts/dsg/la_T1_c0_s1/found_8.jsonl	5722833	
bucket	repo-hygiene/git_tip/artifacts/dsg/la_T1_c0_s1/found_8.record.jsonl	3080234	
bucket	repo-hygiene/git_tip/artifacts/dsg/la_T1_c0_s1/found_transfer_8.jsonl	2557395	
bucket	repo-hygiene/git_tip/artifacts/dsg/la_T1_c0_s1/found_transfer_8.record.jsonl	1364171	
bucket	repo-hygiene/git_tip/artifacts/dsg/la_T1_c0_s1/round_1.json	10114	
bucket	repo-hygiene/git_tip/artifacts/dsg/la_T1_c0_s1/round_2.json	10422	
bucket	repo-hygiene/git_tip/artifacts/dsg/la_T1_c0_s1/round_3.json	10583	
bucket	repo-hygiene/git_tip/artifacts/dsg/la_T1_c0_s1/round_4.json	10763	
bucket	repo-hygiene/git_tip/artifacts/dsg/la_T1_c0_s1/round_5.json	10782	
bucket	repo-hygiene/git_tip/artifacts/dsg/la_T1_c0_s1/round_6.json	10796	
bucket	repo-hygiene/git_tip/artifacts/dsg/la_T1_c0_s1/round_7.json	10831	
bucket	repo-hygiene/git_tip/artifacts/dsg/la_T1_c0_s1/round_8.json	10756	
bucket	repo-hygiene/git_tip/artifacts/dsg/la_T1_g1_s0.done	0	
bucket	repo-hygiene/git_tip/artifacts/dsg/la_T1_g1_s0/args.json	681	
bucket	repo-hygiene/git_tip/artifacts/dsg/la_T1_g1_s0/found_8.jsonl	5900261	
bucket	repo-hygiene/git_tip/artifacts/dsg/la_T1_g1_s0/found_8.record.jsonl	3172716	
bucket	repo-hygiene/git_tip/artifacts/dsg/la_T1_g1_s0/found_transfer_8.jsonl	2705540	
bucket	repo-hygiene/git_tip/artifacts/dsg/la_T1_g1_s0/found_transfer_8.record.jsonl	1441294	
bucket	repo-hygiene/git_tip/artifacts/dsg/la_T1_g1_s0/round_1.json	10059	
bucket	repo-hygiene/git_tip/artifacts/dsg/la_T1_g1_s0/round_2.json	10319	
bucket	repo-hygiene/git_tip/artifacts/dsg/la_T1_g1_s0/round_3.json	10631	
bucket	repo-hygiene/git_tip/artifacts/dsg/la_T1_g1_s0/round_4.json	10619	
bucket	repo-hygiene/git_tip/artifacts/dsg/la_T1_g1_s0/round_5.json	10562	
bucket	repo-hygiene/git_tip/artifacts/dsg/la_T1_g1_s0/round_6.json	10690	
bucket	repo-hygiene/git_tip/artifacts/dsg/la_T1_g1_s0/round_7.json	10831	
bucket	repo-hygiene/git_tip/artifacts/dsg/la_T1_g1_s0/round_8.json	10895	
bucket	repo-hygiene/git_tip/artifacts/dsg/la_T1_g1_s1.done	0	
bucket	repo-hygiene/git_tip/artifacts/dsg/la_T1_g1_s1/args.json	681	
bucket	repo-hygiene/git_tip/artifacts/dsg/la_T1_g1_s1/found_8.jsonl	3711125	
bucket	repo-hygiene/git_tip/artifacts/dsg/la_T1_g1_s1/found_8.record.jsonl	1999156	
bucket	repo-hygiene/git_tip/artifacts/dsg/la_T1_g1_s1/found_transfer_8.jsonl	1270813	
bucket	repo-hygiene/git_tip/artifacts/dsg/la_T1_g1_s1/found_transfer_8.record.jsonl	678428	
bucket	repo-hygiene/git_tip/artifacts/dsg/la_T1_g1_s1/round_1.json	10019	
bucket	repo-hygiene/git_tip/artifacts/dsg/la_T1_g1_s1/round_2.json	10374	
bucket	repo-hygiene/git_tip/artifacts/dsg/la_T1_g1_s1/round_3.json	10440	
bucket	repo-hygiene/git_tip/artifacts/dsg/la_T1_g1_s1/round_4.json	10496	
bucket	repo-hygiene/git_tip/artifacts/dsg/la_T1_g1_s1/round_5.json	10543	
bucket	repo-hygiene/git_tip/artifacts/dsg/la_T1_g1_s1/round_6.json	10563	
bucket	repo-hygiene/git_tip/artifacts/dsg/la_T1_g1_s1/round_7.json	10678	
bucket	repo-hygiene/git_tip/artifacts/dsg/la_T1_g1_s1/round_8.json	10616	
bucket	repo-hygiene/git_tip/artifacts/dsg/la_T1_g2_s0.done	0	
bucket	repo-hygiene/git_tip/artifacts/dsg/la_T1_g2_s0/args.json	681	
bucket	repo-hygiene/git_tip/artifacts/dsg/la_T1_g2_s0/found_8.jsonl	3699870	
bucket	repo-hygiene/git_tip/artifacts/dsg/la_T1_g2_s0/found_8.record.jsonl	1991104	
bucket	repo-hygiene/git_tip/artifacts/dsg/la_T1_g2_s0/found_transfer_8.jsonl	1238647	
bucket	repo-hygiene/git_tip/artifacts/dsg/la_T1_g2_s0/found_transfer_8.record.jsonl	660240	
bucket	repo-hygiene/git_tip/artifacts/dsg/la_T1_g2_s0/round_1.json	10060	
bucket	repo-hygiene/git_tip/artifacts/dsg/la_T1_g2_s0/round_2.json	10369	
bucket	repo-hygiene/git_tip/artifacts/dsg/la_T1_g2_s0/round_3.json	10471	
bucket	repo-hygiene/git_tip/artifacts/dsg/la_T1_g2_s0/round_4.json	10496	
bucket	repo-hygiene/git_tip/artifacts/dsg/la_T1_g2_s0/round_5.json	10436	
bucket	repo-hygiene/git_tip/artifacts/dsg/la_T1_g2_s0/round_6.json	10545	
bucket	repo-hygiene/git_tip/artifacts/dsg/la_T1_g2_s0/round_7.json	10587	
bucket	repo-hygiene/git_tip/artifacts/dsg/la_T1_g2_s0/round_8.json	10536	
bucket	repo-hygiene/git_tip/artifacts/dsg/la_T1_g2_s1.done	0	
bucket	repo-hygiene/git_tip/artifacts/dsg/la_T1_g2_s1/args.json	681	
bucket	repo-hygiene/git_tip/artifacts/dsg/la_T1_g2_s1/found_8.jsonl	3543189	
bucket	repo-hygiene/git_tip/artifacts/dsg/la_T1_g2_s1/found_8.record.jsonl	1906524	
bucket	repo-hygiene/git_tip/artifacts/dsg/la_T1_g2_s1/found_transfer_8.jsonl	1234599	
bucket	repo-hygiene/git_tip/artifacts/dsg/la_T1_g2_s1/found_transfer_8.record.jsonl	657858	
bucket	repo-hygiene/git_tip/artifacts/dsg/la_T1_g2_s1/round_1.json	10084	
bucket	repo-hygiene/git_tip/artifacts/dsg/la_T1_g2_s1/round_2.json	10359	
bucket	repo-hygiene/git_tip/artifacts/dsg/la_T1_g2_s1/round_3.json	10388	
bucket	repo-hygiene/git_tip/artifacts/dsg/la_T1_g2_s1/round_4.json	10440	
bucket	repo-hygiene/git_tip/artifacts/dsg/la_T1_g2_s1/round_5.json	10655	
bucket	repo-hygiene/git_tip/artifacts/dsg/la_T1_g2_s1/round_6.json	10590	
bucket	repo-hygiene/git_tip/artifacts/dsg/la_T1_g2_s1/round_7.json	10694	
bucket	repo-hygiene/git_tip/artifacts/dsg/la_T1_g2_s1/round_8.json	10841	
bucket	repo-hygiene/git_tip/artifacts/dsg/la_frozen_c0_s0.done	0	
bucket	repo-hygiene/git_tip/artifacts/dsg/la_frozen_c0_s0/args.json	696	
bucket	repo-hygiene/git_tip/artifacts/dsg/la_frozen_c0_s0/found_8.jsonl	1725309	
bucket	repo-hygiene/git_tip/artifacts/dsg/la_frozen_c0_s0/found_8.record.jsonl	933983	
bucket	repo-hygiene/git_tip/artifacts/dsg/la_frozen_c0_s0/found_transfer_8.jsonl	216598	
bucket	repo-hygiene/git_tip/artifacts/dsg/la_frozen_c0_s0/found_transfer_8.record.jsonl	116347	
bucket	repo-hygiene/git_tip/artifacts/dsg/la_frozen_c0_s0/round_1.json	10066	
bucket	repo-hygiene/git_tip/artifacts/dsg/la_frozen_c0_s0/round_2.json	10002	
bucket	repo-hygiene/git_tip/artifacts/dsg/la_frozen_c0_s0/round_3.json	10083	
bucket	repo-hygiene/git_tip/artifacts/dsg/la_frozen_c0_s0/round_4.json	10089	
bucket	repo-hygiene/git_tip/artifacts/dsg/la_frozen_c0_s0/round_5.json	10109	
bucket	repo-hygiene/git_tip/artifacts/dsg/la_frozen_c0_s0/round_6.json	10081	
bucket	repo-hygiene/git_tip/artifacts/dsg/la_frozen_c0_s0/round_7.json	10109	
bucket	repo-hygiene/git_tip/artifacts/dsg/la_frozen_c0_s0/round_8.json	10033	
bucket	repo-hygiene/git_tip/artifacts/dsg/la_frozen_c0_s1.done	0	
bucket	repo-hygiene/git_tip/artifacts/dsg/la_frozen_c0_s1/args.json	696	
bucket	repo-hygiene/git_tip/artifacts/dsg/la_frozen_c0_s1/found_8.jsonl	1557301	
bucket	repo-hygiene/git_tip/artifacts/dsg/la_frozen_c0_s1/found_8.record.jsonl	846432	
bucket	repo-hygiene/git_tip/artifacts/dsg/la_frozen_c0_s1/found_transfer_8.jsonl	134125	
bucket	repo-hygiene/git_tip/artifacts/dsg/la_frozen_c0_s1/found_transfer_8.record.jsonl	72378	
bucket	repo-hygiene/git_tip/artifacts/dsg/la_frozen_c0_s1/round_1.json	10063	
bucket	repo-hygiene/git_tip/artifacts/dsg/la_frozen_c0_s1/round_2.json	10105	
bucket	repo-hygiene/git_tip/artifacts/dsg/la_frozen_c0_s1/round_3.json	10131	
bucket	repo-hygiene/git_tip/artifacts/dsg/la_frozen_c0_s1/round_4.json	10154	
bucket	repo-hygiene/git_tip/artifacts/dsg/la_frozen_c0_s1/round_5.json	10148	
bucket	repo-hygiene/git_tip/artifacts/dsg/la_frozen_c0_s1/round_6.json	10152	
bucket	repo-hygiene/git_tip/artifacts/dsg/la_frozen_c0_s1/round_7.json	10099	
bucket	repo-hygiene/git_tip/artifacts/dsg/la_frozen_c0_s1/round_8.json	10159	
bucket	repo-hygiene/git_tip/artifacts/dsg/la_frozen_g1_s0/args.json	684	
bucket	repo-hygiene/git_tip/artifacts/dsg/la_frozen_g1_s1.done	0	
bucket	repo-hygiene/git_tip/artifacts/dsg/la_frozen_g1_s1/args.json	684	
bucket	repo-hygiene/git_tip/artifacts/dsg/la_frozen_g1_s1/found_8.jsonl	1667305	
bucket	repo-hygiene/git_tip/artifacts/dsg/la_frozen_g1_s1/found_8.record.jsonl	902313	
bucket	repo-hygiene/git_tip/artifacts/dsg/la_frozen_g1_s1/found_transfer_8.jsonl	233184	
bucket	repo-hygiene/git_tip/artifacts/dsg/la_frozen_g1_s1/found_transfer_8.record.jsonl	125170	
bucket	repo-hygiene/git_tip/artifacts/dsg/la_frozen_g1_s1/round_1.json	9968	
bucket	repo-hygiene/git_tip/artifacts/dsg/la_frozen_g1_s1/round_2.json	10086	
bucket	repo-hygiene/git_tip/artifacts/dsg/la_frozen_g1_s1/round_3.json	10085	
bucket	repo-hygiene/git_tip/artifacts/dsg/la_frozen_g1_s1/round_4.json	10178	
bucket	repo-hygiene/git_tip/artifacts/dsg/la_frozen_g1_s1/round_5.json	10075	
bucket	repo-hygiene/git_tip/artifacts/dsg/la_frozen_g1_s1/round_6.json	10098	
bucket	repo-hygiene/git_tip/artifacts/dsg/la_frozen_g1_s1/round_7.json	10072	
bucket	repo-hygiene/git_tip/artifacts/dsg/la_frozen_g1_s1/round_8.json	10049	
bucket	repo-hygiene/git_tip/artifacts/dsg/la_frozen_g2_s0.done	0	
bucket	repo-hygiene/git_tip/artifacts/dsg/la_frozen_g2_s0/args.json	684	
bucket	repo-hygiene/git_tip/artifacts/dsg/la_frozen_g2_s0/found_8.jsonl	726100	
bucket	repo-hygiene/git_tip/artifacts/dsg/la_frozen_g2_s0/found_8.record.jsonl	394620	
bucket	repo-hygiene/git_tip/artifacts/dsg/la_frozen_g2_s0/found_transfer_8.jsonl	58466	
bucket	repo-hygiene/git_tip/artifacts/dsg/la_frozen_g2_s0/found_transfer_8.record.jsonl	31580	
bucket	repo-hygiene/git_tip/artifacts/dsg/la_frozen_g2_s0/round_1.json	10009	
bucket	repo-hygiene/git_tip/artifacts/dsg/la_frozen_g2_s0/round_2.json	9976	
bucket	repo-hygiene/git_tip/artifacts/dsg/la_frozen_g2_s0/round_3.json	9987	
bucket	repo-hygiene/git_tip/artifacts/dsg/la_frozen_g2_s0/round_4.json	9983	
bucket	repo-hygiene/git_tip/artifacts/dsg/la_frozen_g2_s0/round_5.json	9999	
bucket	repo-hygiene/git_tip/artifacts/dsg/la_frozen_g2_s0/round_6.json	9990	
bucket	repo-hygiene/git_tip/artifacts/dsg/la_frozen_g2_s0/round_7.json	9960	
bucket	repo-hygiene/git_tip/artifacts/dsg/la_frozen_g2_s0/round_8.json	9939	
bucket	repo-hygiene/git_tip/artifacts/dsg/la_frozen_g2_s1.done	0	
bucket	repo-hygiene/git_tip/artifacts/dsg/la_frozen_g2_s1/args.json	684	
bucket	repo-hygiene/git_tip/artifacts/dsg/la_frozen_g2_s1/found_8.jsonl	1483386	
bucket	repo-hygiene/git_tip/artifacts/dsg/la_frozen_g2_s1/found_8.record.jsonl	803029	
bucket	repo-hygiene/git_tip/artifacts/dsg/la_frozen_g2_s1/found_transfer_8.jsonl	162034	
bucket	repo-hygiene/git_tip/artifacts/dsg/la_frozen_g2_s1/found_transfer_8.record.jsonl	87314	
bucket	repo-hygiene/git_tip/artifacts/dsg/la_frozen_g2_s1/round_1.json	10033	
bucket	repo-hygiene/git_tip/artifacts/dsg/la_frozen_g2_s1/round_2.json	10037	
bucket	repo-hygiene/git_tip/artifacts/dsg/la_frozen_g2_s1/round_3.json	10076	
bucket	repo-hygiene/git_tip/artifacts/dsg/la_frozen_g2_s1/round_4.json	10092	
bucket	repo-hygiene/git_tip/artifacts/dsg/la_frozen_g2_s1/round_5.json	10104	
bucket	repo-hygiene/git_tip/artifacts/dsg/la_frozen_g2_s1/round_6.json	10098	
bucket	repo-hygiene/git_tip/artifacts/dsg/la_frozen_g2_s1/round_7.json	10061	
bucket	repo-hygiene/git_tip/artifacts/dsg/la_frozen_g2_s1/round_8.json	10094	
bucket	repo-hygiene/git_tip/artifacts/dsg/ladder_all_s0.done	0	
bucket	repo-hygiene/git_tip/artifacts/dsg/ladder_all_s1.done	0	
bucket	repo-hygiene/git_tip/artifacts/dsg/logs/fetch.log	668	
bucket	repo-hygiene/git_tip/artifacts/dsg/logs/heldout2_c0_s0.log	1110	
bucket	repo-hygiene/git_tip/artifacts/dsg/logs/heldout2_c0_s1.log	1110	
bucket	repo-hygiene/git_tip/artifacts/dsg/logs/heldout2_g1_s0.log	1176	
bucket	repo-hygiene/git_tip/artifacts/dsg/logs/heldout2_g1_s1.log	1172	
bucket	repo-hygiene/git_tip/artifacts/dsg/logs/heldout2_g2_s0.log	1208	
bucket	repo-hygiene/git_tip/artifacts/dsg/logs/heldout2_g2_s1.log	1207	
bucket	repo-hygiene/git_tip/artifacts/dsg/logs/la_T1_c0_s0.log	36268	
bucket	repo-hygiene/git_tip/artifacts/dsg/logs/la_T1_c0_s1.log	36323	
bucket	repo-hygiene/git_tip/artifacts/dsg/logs/la_T1_g1_s0.log	36195	
bucket	repo-hygiene/git_tip/artifacts/dsg/logs/la_T1_g1_s1.log	35961	
bucket	repo-hygiene/git_tip/artifacts/dsg/logs/la_T1_g2_s0.log	35979	
bucket	repo-hygiene/git_tip/artifacts/dsg/logs/la_T1_g2_s1.log	36732	
bucket	repo-hygiene/git_tip/artifacts/dsg/logs/la_frozen_c0_s0.log	31557	
bucket	repo-hygiene/git_tip/artifacts/dsg/logs/la_frozen_c0_s1.log	31786	
bucket	repo-hygiene/git_tip/artifacts/dsg/logs/la_frozen_g1_s0.log	287	
bucket	repo-hygiene/git_tip/artifacts/dsg/logs/la_frozen_g1_s1.log	31598	
bucket	repo-hygiene/git_tip/artifacts/dsg/logs/la_frozen_g2_s0.log	31833	
bucket	repo-hygiene/git_tip/artifacts/dsg/logs/la_frozen_g2_s1.log	32175	
bucket	repo-hygiene/git_tip/artifacts/dsg/logs/mark_s0.log	175	
bucket	repo-hygiene/git_tip/artifacts/dsg/logs/mark_s1.log	179	
bucket	repo-hygiene/git_tip/artifacts/dsg/logs/record_c0_s0.log	489	
bucket	repo-hygiene/git_tip/artifacts/dsg/logs/record_c0_s1.log	489	
bucket	repo-hygiene/git_tip/artifacts/dsg/logs/record_g1_s0.log	588	
bucket	repo-hygiene/git_tip/artifacts/dsg/logs/record_g1_s1.log	703	
bucket	repo-hygiene/git_tip/artifacts/dsg/logs/record_g2_s0.log	691	
bucket	repo-hygiene/git_tip/artifacts/dsg/logs/record_g2_s1.log	695	
bucket	repo-hygiene/git_tip/artifacts/dsg/logs/regress.log	332	
bucket	repo-hygiene/git_tip/artifacts/dsg/logs/setup.log	1392	
bucket	repo-hygiene/git_tip/artifacts/dsg/logs/stage1_g1_s0.log	1941	
bucket	repo-hygiene/git_tip/artifacts/dsg/logs/stage1_g1_s1.log	1928	
bucket	repo-hygiene/git_tip/artifacts/dsg/logs/stage1_g2_s0.log	1941	
bucket	repo-hygiene/git_tip/artifacts/dsg/logs/stage1_g2_s1.log	1929	
bucket	repo-hygiene/git_tip/artifacts/dsg/mark_s0.done	0	
bucket	repo-hygiene/git_tip/artifacts/dsg/mark_s1.done	0	
bucket	repo-hygiene/git_tip/artifacts/dsg/merge_g1.txt	843	
bucket	repo-hygiene/git_tip/artifacts/dsg/merge_g1fill.txt	843	
bucket	repo-hygiene/git_tip/artifacts/dsg/merge_g2.txt	842	
bucket	repo-hygiene/git_tip/artifacts/dsg/overlap_c0.json	1614	
bucket	repo-hygiene/git_tip/artifacts/dsg/overlap_g1.json	1749	
bucket	repo-hygiene/git_tip/artifacts/dsg/overlap_g2.json	1748	
bucket	repo-hygiene/git_tip/artifacts/dsg/record_c0_s0.done	0	
bucket	repo-hygiene/git_tip/artifacts/dsg/record_c0_s0.json	1452	
bucket	repo-hygiene/git_tip/artifacts/dsg/record_c0_s1.done	0	
bucket	repo-hygiene/git_tip/artifacts/dsg/record_c0_s1.json	1452	
bucket	repo-hygiene/git_tip/artifacts/dsg/record_g1_s0.done	0	
bucket	repo-hygiene/git_tip/artifacts/dsg/record_g1_s0.json	1868	
bucket	repo-hygiene/git_tip/artifacts/dsg/record_g1_s1.done	0	
bucket	repo-hygiene/git_tip/artifacts/dsg/record_g1_s1.json	2308	
bucket	repo-hygiene/git_tip/artifacts/dsg/record_g2_s0.done	0	
bucket	repo-hygiene/git_tip/artifacts/dsg/record_g2_s0.json	2296	
bucket	repo-hygiene/git_tip/artifacts/dsg/record_g2_s1.done	0	
bucket	repo-hygiene/git_tip/artifacts/dsg/record_g2_s1.json	2300	
bucket	repo-hygiene/git_tip/artifacts/dsg/regress.done	0	
bucket	repo-hygiene/git_tip/artifacts/dsg/regress.json	303	
bucket	repo-hygiene/git_tip/artifacts/dsg/render_g1.json	367	
bucket	repo-hygiene/git_tip/artifacts/dsg/render_g2.json	362	
bucket	repo-hygiene/git_tip/artifacts/dsg/shape_c0_a1.json	1951	
bucket	repo-hygiene/git_tip/artifacts/dsg/shape_g1.json	2011	
bucket	repo-hygiene/git_tip/artifacts/dsg/shape_g2.json	2026	
bucket	repo-hygiene/git_tip/artifacts/dsg/stage1_g1_s0.done	0	
bucket	repo-hygiene/git_tip/artifacts/dsg/stage1_g1_s1.done	0	
bucket	repo-hygiene/git_tip/artifacts/dsg/stage1_g2_s0.done	0	
bucket	repo-hygiene/git_tip/artifacts/dsg/stage1_g2_s1.done	0	
bucket	repo-hygiene/git_tip/artifacts/dsg/summary.json	79733	
bucket	repo-hygiene/git_tip/artifacts/ei_abs_long_s0.log	41512	
bucket	repo-hygiene/git_tip/artifacts/ei_abs_long_s0/args.json	463	
bucket	repo-hygiene/git_tip/artifacts/ei_abs_long_s0/round_1.json	12133	
bucket	repo-hygiene/git_tip/artifacts/ei_abs_long_s0/round_2.json	12244	
bucket	repo-hygiene/git_tip/artifacts/ei_abs_long_s0/round_3.json	12233	
bucket	repo-hygiene/git_tip/artifacts/ei_abs_long_s0/round_4.json	12256	
bucket	repo-hygiene/git_tip/artifacts/ei_abs_long_s0/round_5.json	12346	
bucket	repo-hygiene/git_tip/artifacts/ei_abs_long_s0/round_6.json	12311	
bucket	repo-hygiene/git_tip/artifacts/ei_abs_long_s0/round_7.json	12243	
bucket	repo-hygiene/git_tip/artifacts/ei_abs_long_s0/round_8.json	12318	
bucket	repo-hygiene/git_tip/artifacts/ei_abs_long_s0_OOM_crash.log	2522	
bucket	repo-hygiene/git_tip/artifacts/ei_abs_long_s0_norm/round_1.json	13312	
bucket	repo-hygiene/git_tip/artifacts/ei_abs_long_s0_norm/round_2.json	13431	
bucket	repo-hygiene/git_tip/artifacts/ei_abs_long_s0_norm/round_3.json	13442	
bucket	repo-hygiene/git_tip/artifacts/ei_abs_long_s0_norm/round_4.json	13514	
bucket	repo-hygiene/git_tip/artifacts/ei_abs_long_s0_norm/round_5.json	13615	
bucket	repo-hygiene/git_tip/artifacts/ei_abs_long_s0_norm/round_6.json	13582	
bucket	repo-hygiene/git_tip/artifacts/ei_abs_long_s0_norm/round_7.json	13540	
bucket	repo-hygiene/git_tip/artifacts/ei_abs_long_s0_norm/round_8.json	13613	
bucket	repo-hygiene/git_tip/artifacts/ei_abs_long_s0_r1_val36_greedy.txt	2266	
bucket	repo-hygiene/git_tip/artifacts/ei_abs_long_s0_r1_val36_k32.json	2449	
bucket	repo-hygiene/git_tip/artifacts/ei_abs_long_s0_r2_val36_greedy.txt	2190	
bucket	repo-hygiene/git_tip/artifacts/ei_abs_long_s0_r2_val36_k32.json	2507	
bucket	repo-hygiene/git_tip/artifacts/ei_abs_long_s0_r3_val36_greedy.txt	2254	
bucket	repo-hygiene/git_tip/artifacts/ei_abs_long_s0_r3_val36_k32.json	2491	
bucket	repo-hygiene/git_tip/artifacts/ei_abs_long_s0_r4_val36_greedy.txt	2215	
bucket	repo-hygiene/git_tip/artifacts/ei_abs_long_s0_r4_val36_k32.json	2515	
bucket	repo-hygiene/git_tip/artifacts/ei_abs_long_s0_r5_val36_greedy.txt	2215	
bucket	repo-hygiene/git_tip/artifacts/ei_abs_long_s0_r5_val36_k32.json	2501	
bucket	repo-hygiene/git_tip/artifacts/ei_abs_long_s0_r6_val36_greedy.txt	2265	
bucket	repo-hygiene/git_tip/artifacts/ei_abs_long_s0_r6_val36_k32.json	2486	
bucket	repo-hygiene/git_tip/artifacts/ei_abs_long_s0_r7_val36_greedy.txt	2197	
bucket	repo-hygiene/git_tip/artifacts/ei_abs_long_s0_r7_val36_k32.json	2475	
bucket	repo-hygiene/git_tip/artifacts/ei_abs_long_s0_r8_val36_greedy.txt	2262	
bucket	repo-hygiene/git_tip/artifacts/ei_abs_long_s0_r8_val36_k32.json	2431	
bucket	repo-hygiene/git_tip/artifacts/ei_abs_s0.log	41133	
bucket	repo-hygiene/git_tip/artifacts/ei_abs_s0/args.json	395	
bucket	repo-hygiene/git_tip/artifacts/ei_abs_s0/round_1.json	12057	
bucket	repo-hygiene/git_tip/artifacts/ei_abs_s0/round_2.json	12190	
bucket	repo-hygiene/git_tip/artifacts/ei_abs_s0/round_3.json	12111	
bucket	repo-hygiene/git_tip/artifacts/ei_abs_s0/round_4.json	12304	
bucket	repo-hygiene/git_tip/artifacts/ei_abs_s0/round_5.json	12374	
bucket	repo-hygiene/git_tip/artifacts/ei_abs_s0/round_6.json	12410	
bucket	repo-hygiene/git_tip/artifacts/ei_abs_s0/round_7.json	12365	
bucket	repo-hygiene/git_tip/artifacts/ei_abs_s0/round_8.json	12292	
bucket	repo-hygiene/git_tip/artifacts/ei_abs_s0_all/round_1.json	12057	
bucket	repo-hygiene/git_tip/artifacts/ei_abs_s0_all/round_10.json	12330	
bucket	repo-hygiene/git_tip/artifacts/ei_abs_s0_all/round_11.json	12383	
bucket	repo-hygiene/git_tip/artifacts/ei_abs_s0_all/round_12.json	12362	
bucket	repo-hygiene/git_tip/artifacts/ei_abs_s0_all/round_13.json	12317	
bucket	repo-hygiene/git_tip/artifacts/ei_abs_s0_all/round_14.json	12383	
bucket	repo-hygiene/git_tip/artifacts/ei_abs_s0_all/round_15.json	12389	
bucket	repo-hygiene/git_tip/artifacts/ei_abs_s0_all/round_16.json	12355	
bucket	repo-hygiene/git_tip/artifacts/ei_abs_s0_all/round_2.json	12190	
bucket	repo-hygiene/git_tip/artifacts/ei_abs_s0_all/round_3.json	12111	
bucket	repo-hygiene/git_tip/artifacts/ei_abs_s0_all/round_4.json	12304	
bucket	repo-hygiene/git_tip/artifacts/ei_abs_s0_all/round_5.json	12374	
bucket	repo-hygiene/git_tip/artifacts/ei_abs_s0_all/round_6.json	12410	
bucket	repo-hygiene/git_tip/artifacts/ei_abs_s0_all/round_7.json	12365	
bucket	repo-hygiene/git_tip/artifacts/ei_abs_s0_all/round_8.json	12292	
bucket	repo-hygiene/git_tip/artifacts/ei_abs_s0_all/round_9.json	12342	
bucket	repo-hygiene/git_tip/artifacts/ei_abs_s0_all_norm/round_1.json	13235	
bucket	repo-hygiene/git_tip/artifacts/ei_abs_s0_all_norm/round_10.json	13643	
bucket	repo-hygiene/git_tip/artifacts/ei_abs_s0_all_norm/round_11.json	13697	
bucket	repo-hygiene/git_tip/artifacts/ei_abs_s0_all_norm/round_12.json	13676	
bucket	repo-hygiene/git_tip/artifacts/ei_abs_s0_all_norm/round_13.json	13632	
bucket	repo-hygiene/git_tip/artifacts/ei_abs_s0_all_norm/round_14.json	13698	
bucket	repo-hygiene/git_tip/artifacts/ei_abs_s0_all_norm/round_15.json	13709	
bucket	repo-hygiene/git_tip/artifacts/ei_abs_s0_all_norm/round_16.json	13675	
bucket	repo-hygiene/git_tip/artifacts/ei_abs_s0_all_norm/round_2.json	13377	
bucket	repo-hygiene/git_tip/artifacts/ei_abs_s0_all_norm/round_3.json	13301	
bucket	repo-hygiene/git_tip/artifacts/ei_abs_s0_all_norm/round_4.json	13567	
bucket	repo-hygiene/git_tip/artifacts/ei_abs_s0_all_norm/round_5.json	13645	
bucket	repo-hygiene/git_tip/artifacts/ei_abs_s0_all_norm/round_6.json	13721	
bucket	repo-hygiene/git_tip/artifacts/ei_abs_s0_all_norm/round_7.json	13676	
bucket	repo-hygiene/git_tip/artifacts/ei_abs_s0_all_norm/round_8.json	13604	
bucket	repo-hygiene/git_tip/artifacts/ei_abs_s0_all_norm/round_9.json	13654	
bucket	repo-hygiene/git_tip/artifacts/ei_abs_s0_cont.log	42330	
bucket	repo-hygiene/git_tip/artifacts/ei_abs_s0_cont/args.json	481	
bucket	repo-hygiene/git_tip/artifacts/ei_abs_s0_cont/round_10.json	12330	
bucket	repo-hygiene/git_tip/artifacts/ei_abs_s0_cont/round_11.json	12383	
bucket	repo-hygiene/git_tip/artifacts/ei_abs_s0_cont/round_12.json	12362	
bucket	repo-hygiene/git_tip/artifacts/ei_abs_s0_cont/round_13.json	12317	
bucket	repo-hygiene/git_tip/artifacts/ei_abs_s0_cont/round_14.json	12383	
bucket	repo-hygiene/git_tip/artifacts/ei_abs_s0_cont/round_15.json	12389	
bucket	repo-hygiene/git_tip/artifacts/ei_abs_s0_cont/round_16.json	12355	
bucket	repo-hygiene/git_tip/artifacts/ei_abs_s0_cont/round_9.json	12342	
bucket	repo-hygiene/git_tip/artifacts/ei_abs_s0_cont_norm/round_10.json	13643	
bucket	repo-hygiene/git_tip/artifacts/ei_abs_s0_cont_norm/round_11.json	13697	
bucket	repo-hygiene/git_tip/artifacts/ei_abs_s0_cont_norm/round_12.json	13676	
bucket	repo-hygiene/git_tip/artifacts/ei_abs_s0_cont_norm/round_13.json	13632	
bucket	repo-hygiene/git_tip/artifacts/ei_abs_s0_cont_norm/round_14.json	13698	
bucket	repo-hygiene/git_tip/artifacts/ei_abs_s0_cont_norm/round_15.json	13709	
bucket	repo-hygiene/git_tip/artifacts/ei_abs_s0_cont_norm/round_16.json	13675	
bucket	repo-hygiene/git_tip/artifacts/ei_abs_s0_cont_norm/round_9.json	13654	
bucket	repo-hygiene/git_tip/artifacts/ei_abs_s0_cont_r10_val36_greedy.txt	2226	
bucket	repo-hygiene/git_tip/artifacts/ei_abs_s0_cont_r10_val36_k32.json	2501	
bucket	repo-hygiene/git_tip/artifacts/ei_abs_s0_cont_r11_val36_greedy.txt	2226	
bucket	repo-hygiene/git_tip/artifacts/ei_abs_s0_cont_r11_val36_k32.json	2479	
bucket	repo-hygiene/git_tip/artifacts/ei_abs_s0_cont_r12_val36_greedy.txt	2240	
bucket	repo-hygiene/git_tip/artifacts/ei_abs_s0_cont_r12_val36_k32.json	2479	
bucket	repo-hygiene/git_tip/artifacts/ei_abs_s0_cont_r13_val36_greedy.txt	2266	
bucket	repo-hygiene/git_tip/artifacts/ei_abs_s0_cont_r13_val36_k32.json	2478	
bucket	repo-hygiene/git_tip/artifacts/ei_abs_s0_cont_r14_val36_greedy.txt	2251	
bucket	repo-hygiene/git_tip/artifacts/ei_abs_s0_cont_r14_val36_k32.json	2501	
bucket	repo-hygiene/git_tip/artifacts/ei_abs_s0_cont_r15_val36_greedy.txt	2219	
bucket	repo-hygiene/git_tip/artifacts/ei_abs_s0_cont_r15_val36_k32.json	2490	
bucket	repo-hygiene/git_tip/artifacts/ei_abs_s0_cont_r16_val36_greedy.txt	2237	
bucket	repo-hygiene/git_tip/artifacts/ei_abs_s0_cont_r16_val36_k32.json	2491	
bucket	repo-hygiene/git_tip/artifacts/ei_abs_s0_cont_r9_val36_greedy.txt	2215	
bucket	repo-hygiene/git_tip/artifacts/ei_abs_s0_cont_r9_val36_k32.json	2499	
bucket	repo-hygiene/git_tip/artifacts/ei_abs_s0_norm/round_1.json	13235	
bucket	repo-hygiene/git_tip/artifacts/ei_abs_s0_norm/round_2.json	13377	
bucket	repo-hygiene/git_tip/artifacts/ei_abs_s0_norm/round_3.json	13301	
bucket	repo-hygiene/git_tip/artifacts/ei_abs_s0_norm/round_4.json	13567	
bucket	repo-hygiene/git_tip/artifacts/ei_abs_s0_norm/round_5.json	13645	
bucket	repo-hygiene/git_tip/artifacts/ei_abs_s0_norm/round_6.json	13721	
bucket	repo-hygiene/git_tip/artifacts/ei_abs_s0_norm/round_7.json	13676	
bucket	repo-hygiene/git_tip/artifacts/ei_abs_s0_norm/round_8.json	13604	
bucket	repo-hygiene/git_tip/artifacts/ei_abs_s0_r1_val36_greedy.txt	2176	
bucket	repo-hygiene/git_tip/artifacts/ei_abs_s0_r1_val36_k32.json	2443	
bucket	repo-hygiene/git_tip/artifacts/ei_abs_s0_r2_val36_greedy.txt	2277	
bucket	repo-hygiene/git_tip/artifacts/ei_abs_s0_r2_val36_k32.json	2474	
bucket	repo-hygiene/git_tip/artifacts/ei_abs_s0_r3_val36_greedy.txt	2161	
bucket	repo-hygiene/git_tip/artifacts/ei_abs_s0_r3_val36_k32.json	2473	
bucket	repo-hygiene/git_tip/artifacts/ei_abs_s0_r4_val36_greedy.txt	2174	
bucket	repo-hygiene/git_tip/artifacts/ei_abs_s0_r4_val36_k32.json	2471	
bucket	repo-hygiene/git_tip/artifacts/ei_abs_s0_r5_val36_greedy.txt	2215	
bucket	repo-hygiene/git_tip/artifacts/ei_abs_s0_r5_val36_k32.json	2421	
bucket	repo-hygiene/git_tip/artifacts/ei_abs_s0_r6_val36_greedy.txt	2179	
bucket	repo-hygiene/git_tip/artifacts/ei_abs_s0_r6_val36_k32.json	2494	
bucket	repo-hygiene/git_tip/artifacts/ei_abs_s0_r7_val36_greedy.txt	2210	
bucket	repo-hygiene/git_tip/artifacts/ei_abs_s0_r7_val36_k32.json	2470	
bucket	repo-hygiene/git_tip/artifacts/ei_abs_s0_r8_val36_greedy.txt	2211	
bucket	repo-hygiene/git_tip/artifacts/ei_abs_s0_r8_val36_k32.json	2472	
bucket	repo-hygiene/git_tip/artifacts/ei_abs_s1.log	41165	
bucket	repo-hygiene/git_tip/artifacts/ei_abs_s1/args.json	457	
bucket	repo-hygiene/git_tip/artifacts/ei_abs_s1/round_1.json	12102	
bucket	repo-hygiene/git_tip/artifacts/ei_abs_s1/round_2.json	12219	
bucket	repo-hygiene/git_tip/artifacts/ei_abs_s1/round_3.json	12102	
bucket	repo-hygiene/git_tip/artifacts/ei_abs_s1/round_4.json	12315	
bucket	repo-hygiene/git_tip/artifacts/ei_abs_s1/round_5.json	12280	
bucket	repo-hygiene/git_tip/artifacts/ei_abs_s1/round_6.json	12306	
bucket	repo-hygiene/git_tip/artifacts/ei_abs_s1/round_7.json	12287	
bucket	repo-hygiene/git_tip/artifacts/ei_abs_s1/round_8.json	12369	
bucket	repo-hygiene/git_tip/artifacts/ei_abs_s1_norm/round_1.json	13281	
bucket	repo-hygiene/git_tip/artifacts/ei_abs_s1_norm/round_2.json	13403	
bucket	repo-hygiene/git_tip/artifacts/ei_abs_s1_norm/round_3.json	13292	
bucket	repo-hygiene/git_tip/artifacts/ei_abs_s1_norm/round_4.json	13573	
bucket	repo-hygiene/git_tip/artifacts/ei_abs_s1_norm/round_5.json	13550	
bucket	repo-hygiene/git_tip/artifacts/ei_abs_s1_norm/round_6.json	13605	
bucket	repo-hygiene/git_tip/artifacts/ei_abs_s1_norm/round_7.json	13597	
bucket	repo-hygiene/git_tip/artifacts/ei_abs_s1_norm/round_8.json	13681	
bucket	repo-hygiene/git_tip/artifacts/ei_abs_s1_r1_val36_greedy.txt	2249	
bucket	repo-hygiene/git_tip/artifacts/ei_abs_s1_r1_val36_k32.json	2433	
bucket	repo-hygiene/git_tip/artifacts/ei_abs_s1_r2_val36_greedy.txt	2206	
bucket	repo-hygiene/git_tip/artifacts/ei_abs_s1_r2_val36_k32.json	2435	
bucket	repo-hygiene/git_tip/artifacts/ei_abs_s1_r3_val36_greedy.txt	2242	
bucket	repo-hygiene/git_tip/artifacts/ei_abs_s1_r3_val36_k32.json	2432	
bucket	repo-hygiene/git_tip/artifacts/ei_abs_s1_r4_val36_greedy.txt	2231	
bucket	repo-hygiene/git_tip/artifacts/ei_abs_s1_r4_val36_k32.json	2483	
bucket	repo-hygiene/git_tip/artifacts/ei_abs_s1_r5_val36_greedy.txt	2236	
bucket	repo-hygiene/git_tip/artifacts/ei_abs_s1_r5_val36_k32.json	2471	
bucket	repo-hygiene/git_tip/artifacts/ei_abs_s1_r6_val36_greedy.txt	2201	
bucket	repo-hygiene/git_tip/artifacts/ei_abs_s1_r6_val36_k32.json	2419	
bucket	repo-hygiene/git_tip/artifacts/ei_abs_s1_r7_val36_greedy.txt	2233	
bucket	repo-hygiene/git_tip/artifacts/ei_abs_s1_r7_val36_k32.json	2473	
bucket	repo-hygiene/git_tip/artifacts/ei_abs_s1_r8_val36_greedy.txt	2237	
bucket	repo-hygiene/git_tip/artifacts/ei_abs_s1_r8_val36_k32.json	2471	
bucket	repo-hygiene/git_tip/artifacts/final_transfer_k128.json	2251	
bucket	repo-hygiene/git_tip/artifacts/final_transfer_k128_norm.json	651	
bucket	repo-hygiene/git_tip/artifacts/frozen_abs_s0.log	37239	
bucket	repo-hygiene/git_tip/artifacts/frozen_abs_s0/args.json	398	
bucket	repo-hygiene/git_tip/artifacts/frozen_abs_s0/round_1.json	12031	
bucket	repo-hygiene/git_tip/artifacts/frozen_abs_s0/round_2.json	12124	
bucket	repo-hygiene/git_tip/artifacts/frozen_abs_s0/round_3.json	12151	
bucket	repo-hygiene/git_tip/artifacts/frozen_abs_s0/round_4.json	12204	
bucket	repo-hygiene/git_tip/artifacts/frozen_abs_s0/round_5.json	12166	
bucket	repo-hygiene/git_tip/artifacts/frozen_abs_s0/round_6.json	12169	
bucket	repo-hygiene/git_tip/artifacts/frozen_abs_s0/round_7.json	12166	
bucket	repo-hygiene/git_tip/artifacts/frozen_abs_s0/round_8.json	12158	
bucket	repo-hygiene/git_tip/artifacts/frozen_abs_s0_all/round_1.json	12031	
bucket	repo-hygiene/git_tip/artifacts/frozen_abs_s0_all/round_10.json	12090	
bucket	repo-hygiene/git_tip/artifacts/frozen_abs_s0_all/round_11.json	12169	
bucket	repo-hygiene/git_tip/artifacts/frozen_abs_s0_all/round_12.json	12132	
bucket	repo-hygiene/git_tip/artifacts/frozen_abs_s0_all/round_13.json	12156	
bucket	repo-hygiene/git_tip/artifacts/frozen_abs_s0_all/round_14.json	12080	
bucket	repo-hygiene/git_tip/artifacts/frozen_abs_s0_all/round_15.json	12122	
bucket	repo-hygiene/git_tip/artifacts/frozen_abs_s0_all/round_16.json	12143	
bucket	repo-hygiene/git_tip/artifacts/frozen_abs_s0_all/round_2.json	12124	
bucket	repo-hygiene/git_tip/artifacts/frozen_abs_s0_all/round_3.json	12151	
bucket	repo-hygiene/git_tip/artifacts/frozen_abs_s0_all/round_4.json	12204	
bucket	repo-hygiene/git_tip/artifacts/frozen_abs_s0_all/round_5.json	12166	
bucket	repo-hygiene/git_tip/artifacts/frozen_abs_s0_all/round_6.json	12169	
bucket	repo-hygiene/git_tip/artifacts/frozen_abs_s0_all/round_7.json	12166	
bucket	repo-hygiene/git_tip/artifacts/frozen_abs_s0_all/round_8.json	12158	
bucket	repo-hygiene/git_tip/artifacts/frozen_abs_s0_all/round_9.json	12111	
bucket	repo-hygiene/git_tip/artifacts/frozen_abs_s0_all_norm/round_1.json	13209	
bucket	repo-hygiene/git_tip/artifacts/frozen_abs_s0_all_norm/round_10.json	13275	
bucket	repo-hygiene/git_tip/artifacts/frozen_abs_s0_all_norm/round_11.json	13354	
bucket	repo-hygiene/git_tip/artifacts/frozen_abs_s0_all_norm/round_12.json	13317	
bucket	repo-hygiene/git_tip/artifacts/frozen_abs_s0_all_norm/round_13.json	13340	
bucket	repo-hygiene/git_tip/artifacts/frozen_abs_s0_all_norm/round_14.json	13266	
bucket	repo-hygiene/git_tip/artifacts/frozen_abs_s0_all_norm/round_15.json	13308	
bucket	repo-hygiene/git_tip/artifacts/frozen_abs_s0_all_norm/round_16.json	13328	
bucket	repo-hygiene/git_tip/artifacts/frozen_abs_s0_all_norm/round_2.json	13301	
bucket	repo-hygiene/git_tip/artifacts/frozen_abs_s0_all_norm/round_3.json	13331	
bucket	repo-hygiene/git_tip/artifacts/frozen_abs_s0_all_norm/round_4.json	13385	
bucket	repo-hygiene/git_tip/artifacts/frozen_abs_s0_all_norm/round_5.json	13347	
bucket	repo-hygiene/git_tip/artifacts/frozen_abs_s0_all_norm/round_6.json	13352	
bucket	repo-hygiene/git_tip/artifacts/frozen_abs_s0_all_norm/round_7.json	13351	
bucket	repo-hygiene/git_tip/artifacts/frozen_abs_s0_all_norm/round_8.json	13340	
bucket	repo-hygiene/git_tip/artifacts/frozen_abs_s0_all_norm/round_9.json	13295	
bucket	repo-hygiene/git_tip/artifacts/frozen_abs_s0_cont.log	37705	
bucket	repo-hygiene/git_tip/artifacts/frozen_abs_s0_cont/args.json	486	
bucket	repo-hygiene/git_tip/artifacts/frozen_abs_s0_cont/round_10.json	12090	
bucket	repo-hygiene/git_tip/artifacts/frozen_abs_s0_cont/round_11.json	12169	
bucket	repo-hygiene/git_tip/artifacts/frozen_abs_s0_cont/round_12.json	12132	
bucket	repo-hygiene/git_tip/artifacts/frozen_abs_s0_cont/round_13.json	12156	
bucket	repo-hygiene/git_tip/artifacts/frozen_abs_s0_cont/round_14.json	12080	
bucket	repo-hygiene/git_tip/artifacts/frozen_abs_s0_cont/round_15.json	12122	
bucket	repo-hygiene/git_tip/artifacts/frozen_abs_s0_cont/round_16.json	12143	
bucket	repo-hygiene/git_tip/artifacts/frozen_abs_s0_cont/round_9.json	12111	
bucket	repo-hygiene/git_tip/artifacts/frozen_abs_s0_cont_norm/round_10.json	13275	
bucket	repo-hygiene/git_tip/artifacts/frozen_abs_s0_cont_norm/round_11.json	13354	
bucket	repo-hygiene/git_tip/artifacts/frozen_abs_s0_cont_norm/round_12.json	13317	
bucket	repo-hygiene/git_tip/artifacts/frozen_abs_s0_cont_norm/round_13.json	13340	
bucket	repo-hygiene/git_tip/artifacts/frozen_abs_s0_cont_norm/round_14.json	13266	
bucket	repo-hygiene/git_tip/artifacts/frozen_abs_s0_cont_norm/round_15.json	13308	
bucket	repo-hygiene/git_tip/artifacts/frozen_abs_s0_cont_norm/round_16.json	13328	
bucket	repo-hygiene/git_tip/artifacts/frozen_abs_s0_cont_norm/round_9.json	13295	
bucket	repo-hygiene/git_tip/artifacts/frozen_abs_s0_norm/round_1.json	13209	
bucket	repo-hygiene/git_tip/artifacts/frozen_abs_s0_norm/round_2.json	13301	
bucket	repo-hygiene/git_tip/artifacts/frozen_abs_s0_norm/round_3.json	13331	
bucket	repo-hygiene/git_tip/artifacts/frozen_abs_s0_norm/round_4.json	13385	
bucket	repo-hygiene/git_tip/artifacts/frozen_abs_s0_norm/round_5.json	13347	
bucket	repo-hygiene/git_tip/artifacts/frozen_abs_s0_norm/round_6.json	13352	
bucket	repo-hygiene/git_tip/artifacts/frozen_abs_s0_norm/round_7.json	13351	
bucket	repo-hygiene/git_tip/artifacts/frozen_abs_s0_norm/round_8.json	13340	
bucket	repo-hygiene/git_tip/artifacts/frozen_abs_s1.log	37309	
bucket	repo-hygiene/git_tip/artifacts/frozen_abs_s1/args.json	460	
bucket	repo-hygiene/git_tip/artifacts/frozen_abs_s1/round_1.json	12076	
bucket	repo-hygiene/git_tip/artifacts/frozen_abs_s1/round_2.json	12144	
bucket	repo-hygiene/git_tip/artifacts/frozen_abs_s1/round_3.json	12175	
bucket	repo-hygiene/git_tip/artifacts/frozen_abs_s1/round_4.json	12061	
bucket	repo-hygiene/git_tip/artifacts/frozen_abs_s1/round_5.json	12198	
bucket	repo-hygiene/git_tip/artifacts/frozen_abs_s1/round_6.json	12126	
bucket	repo-hygiene/git_tip/artifacts/frozen_abs_s1/round_7.json	12139	
bucket	repo-hygiene/git_tip/artifacts/frozen_abs_s1/round_8.json	12100	
bucket	repo-hygiene/git_tip/artifacts/frozen_abs_s1_norm/round_1.json	13255	
bucket	repo-hygiene/git_tip/artifacts/frozen_abs_s1_norm/round_2.json	13322	
bucket	repo-hygiene/git_tip/artifacts/frozen_abs_s1_norm/round_3.json	13356	
bucket	repo-hygiene/git_tip/artifacts/frozen_abs_s1_norm/round_4.json	13242	
bucket	repo-hygiene/git_tip/artifacts/frozen_abs_s1_norm/round_5.json	13381	
bucket	repo-hygiene/git_tip/artifacts/frozen_abs_s1_norm/round_6.json	13309	
bucket	repo-hygiene/git_tip/artifacts/frozen_abs_s1_norm/round_7.json	13324	
bucket	repo-hygiene/git_tip/artifacts/frozen_abs_s1_norm/round_8.json	13285	
bucket	repo-hygiene/git_tip/artifacts/fs/a40more.done	0	
bucket	repo-hygiene/git_tip/artifacts/fs/b1.done	0	
bucket	repo-hygiene/git_tip/artifacts/fs/b1_fast.jsonl	3468	
bucket	repo-hygiene/git_tip/artifacts/fs/b1_legacy.jsonl	3072	
bucket	repo-hygiene/git_tip/artifacts/fs/b1_nopack.jsonl	3469	
bucket	repo-hygiene/git_tip/artifacts/fs/b2_graph.jsonl	3494	
bucket	repo-hygiene/git_tip/artifacts/fs/b2_graph_mat.jsonl	3500	
bucket	repo-hygiene/git_tip/artifacts/fs/ev/fast1_s0.json	3131	
bucket	repo-hygiene/git_tip/artifacts/fs/ev/fast1_s0.jsonl	575711	
bucket	repo-hygiene/git_tip/artifacts/fs/ev/fast1b_s7.json	3131	
bucket	repo-hygiene/git_tip/artifacts/fs/ev/fast1b_s7.jsonl	576192	
bucket	repo-hygiene/git_tip/artifacts/fs/ev/fast2_s1.json	3142	
bucket	repo-hygiene/git_tip/artifacts/fs/ev/fast2_s1.jsonl	575665	
bucket	repo-hygiene/git_tip/artifacts/fs/ev/fast2_s2.json	3177	
bucket	repo-hygiene/git_tip/artifacts/fs/ev/fast2_s2.jsonl	576209	
bucket	repo-hygiene/git_tip/artifacts/fs/ev/fast4_s3.json	3159	
bucket	repo-hygiene/git_tip/artifacts/fs/ev/fast4_s3.jsonl	575840	
bucket	repo-hygiene/git_tip/artifacts/fs/ev/fast4_s4.json	3142	
bucket	repo-hygiene/git_tip/artifacts/fs/ev/fast4_s4.jsonl	575566	
bucket	repo-hygiene/git_tip/artifacts/fs/ev/fast4_s5.json	3138	
bucket	repo-hygiene/git_tip/artifacts/fs/ev/fast4_s5.jsonl	576200	
bucket	repo-hygiene/git_tip/artifacts/fs/ev/fast4_s6.json	3143	
bucket	repo-hygiene/git_tip/artifacts/fs/ev/fast4_s6.jsonl	575725	
bucket	repo-hygiene/git_tip/artifacts/fs/eval_list.txt	169	
bucket	repo-hygiene/git_tip/artifacts/fs/gate_selftest.jsonl	292	
bucket	repo-hygiene/git_tip/artifacts/fs/gate_selftest.leanrej.jsonl	153281	
bucket	repo-hygiene/git_tip/artifacts/fs/gpubench2_h100.done	0	
bucket	repo-hygiene/git_tip/artifacts/fs/gpubench_a40.done	0	
bucket	repo-hygiene/git_tip/artifacts/fs/gpubench_h100.done	0	
bucket	repo-hygiene/git_tip/artifacts/fs/logs/a40_bs512_s301.log	1044	
bucket	repo-hygiene/git_tip/artifacts/fs/logs/a40_fast1_s300.log	2142	
bucket	repo-hygiene/git_tip/artifacts/fs/logs/a40_fast2_s302.log	2139	
bucket	repo-hygiene/git_tip/artifacts/fs/logs/a40_fast2_s303.log	2139	
bucket	repo-hygiene/git_tip/artifacts/fs/logs/a40_leg1_s304.log	776	
bucket	repo-hygiene/git_tip/artifacts/fs/logs/a40_warm_s900.log	725	
bucket	repo-hygiene/git_tip/artifacts/fs/logs/a40more.out	0	
bucket	repo-hygiene/git_tip/artifacts/fs/logs/b1_fast.log	2229	
bucket	repo-hygiene/git_tip/artifacts/fs/logs/b1_fast2.log	2074	
bucket	repo-hygiene/git_tip/artifacts/fs/logs/b1_legacy.log	1086	
bucket	repo-hygiene/git_tip/artifacts/fs/logs/b1_nopack.log	3130	
bucket	repo-hygiene/git_tip/artifacts/fs/logs/b2_graph.log	2310	
bucket	repo-hygiene/git_tip/artifacts/fs/logs/b2_graph_mat.log	8530	
bucket	repo-hygiene/git_tip/artifacts/fs/logs/eval.log	942	
bucket	repo-hygiene/git_tip/artifacts/fs/logs/fast1_s0.log	5288	
bucket	repo-hygiene/git_tip/artifacts/fs/logs/fast1_smi.txt	1405	
bucket	repo-hygiene/git_tip/artifacts/fs/logs/fast1b_s7.log	5283	
bucket	repo-hygiene/git_tip/artifacts/fs/logs/fast1b_smi.txt	1257	
bucket	repo-hygiene/git_tip/artifacts/fs/logs/fast2_s1.log	5301	
bucket	repo-hygiene/git_tip/artifacts/fs/logs/fast2_s2.log	5294	
bucket	repo-hygiene/git_tip/artifacts/fs/logs/fast2_smi.txt	2542	
bucket	repo-hygiene/git_tip/artifacts/fs/logs/fast4_s3.log	5302	
bucket	repo-hygiene/git_tip/artifacts/fs/logs/fast4_s4.log	5302	
bucket	repo-hygiene/git_tip/artifacts/fs/logs/fast4_s5.log	5302	
bucket	repo-hygiene/git_tip/artifacts/fs/logs/fast4_s6.log	5302	
bucket	repo-hygiene/git_tip/artifacts/fs/logs/fast4_smi.txt	4874	
bucket	repo-hygiene/git_tip/artifacts/fs/logs/gpubench2_h100.out	0	
bucket	repo-hygiene/git_tip/artifacts/fs/logs/gpubench_h100.out	0	
bucket	repo-hygiene/git_tip/artifacts/fs/logs/graph_vs_nograph_graph.log	15114	
bucket	repo-hygiene/git_tip/artifacts/fs/logs/graph_vs_nograph_nograph.log	15039	
bucket	repo-hygiene/git_tip/artifacts/fs/logs/h100_bs512_s301.log	1046	
bucket	repo-hygiene/git_tip/artifacts/fs/logs/h100_fast16_s330.log	2146	
bucket	repo-hygiene/git_tip/artifacts/fs/logs/h100_fast16_s331.log	2146	
bucket	repo-hygiene/git_tip/artifacts/fs/logs/h100_fast16_s332.log	2146	
bucket	repo-hygiene/git_tip/artifacts/fs/logs/h100_fast16_s333.log	2146	
bucket	repo-hygiene/git_tip/artifacts/fs/logs/h100_fast16_s334.log	2146	
bucket	repo-hygiene/git_tip/artifacts/fs/logs/h100_fast16_s335.log	2146	
bucket	repo-hygiene/git_tip/artifacts/fs/logs/h100_fast16_s336.log	2146	
bucket	repo-hygiene/git_tip/artifacts/fs/logs/h100_fast16_s337.log	2146	
bucket	repo-hygiene/git_tip/artifacts/fs/logs/h100_fast16_s338.log	2146	
bucket	repo-hygiene/git_tip/artifacts/fs/logs/h100_fast16_s339.log	2146	
bucket	repo-hygiene/git_tip/artifacts/fs/logs/h100_fast16_s340.log	2146	
bucket	repo-hygiene/git_tip/artifacts/fs/logs/h100_fast16_s341.log	2146	
bucket	repo-hygiene/git_tip/artifacts/fs/logs/h100_fast16_s342.log	2146	
bucket	repo-hygiene/git_tip/artifacts/fs/logs/h100_fast16_s343.log	2146	
bucket	repo-hygiene/git_tip/artifacts/fs/logs/h100_fast16_s344.log	2146	
bucket	repo-hygiene/git_tip/artifacts/fs/logs/h100_fast16_s345.log	2146	
bucket	repo-hygiene/git_tip/artifacts/fs/logs/h100_fast1_s300.log	2144	
bucket	repo-hygiene/git_tip/artifacts/fs/logs/h100_fast2_s302.log	2140	
bucket	repo-hygiene/git_tip/artifacts/fs/logs/h100_fast2_s303.log	2140	
bucket	repo-hygiene/git_tip/artifacts/fs/logs/h100_fast4_s310.log	2143	
bucket	repo-hygiene/git_tip/artifacts/fs/logs/h100_fast4_s311.log	2143	
bucket	repo-hygiene/git_tip/artifacts/fs/logs/h100_fast4_s312.log	2143	
bucket	repo-hygiene/git_tip/artifacts/fs/logs/h100_fast4_s313.log	2143	
bucket	repo-hygiene/git_tip/artifacts/fs/logs/h100_fast8_s320.log	2140	
bucket	repo-hygiene/git_tip/artifacts/fs/logs/h100_fast8_s321.log	2140	
bucket	repo-hygiene/git_tip/artifacts/fs/logs/h100_fast8_s322.log	2140	
bucket	repo-hygiene/git_tip/artifacts/fs/logs/h100_fast8_s323.log	2144	
bucket	repo-hygiene/git_tip/artifacts/fs/logs/h100_fast8_s324.log	2140	
bucket	repo-hygiene/git_tip/artifacts/fs/logs/h100_fast8_s325.log	2140	
bucket	repo-hygiene/git_tip/artifacts/fs/logs/h100_fast8_s326.log	2140	
bucket	repo-hygiene/git_tip/artifacts/fs/logs/h100_fast8_s327.log	2140	
bucket	repo-hygiene/git_tip/artifacts/fs/logs/h100_leg1_s304.log	776	
bucket	repo-hygiene/git_tip/artifacts/fs/logs/h100_warm_s900.log	729	
bucket	repo-hygiene/git_tip/artifacts/fs/logs/leg1_s200.log	1086	
bucket	repo-hygiene/git_tip/artifacts/fs/logs/leg1_smi.txt	789	
bucket	repo-hygiene/git_tip/artifacts/fs/logs/leg2_s201.log	1088	
bucket	repo-hygiene/git_tip/artifacts/fs/logs/leg2_s202.log	1088	
bucket	repo-hygiene/git_tip/artifacts/fs/logs/leg2_smi.txt	1470	
bucket	repo-hygiene/git_tip/artifacts/fs/logs/leg4_s203.log	1090	
bucket	repo-hygiene/git_tip/artifacts/fs/logs/leg4_s204.log	1090	
bucket	repo-hygiene/git_tip/artifacts/fs/logs/leg4_s205.log	1090	
bucket	repo-hygiene/git_tip/artifacts/fs/logs/leg4_s206.log	1090	
bucket	repo-hygiene/git_tip/artifacts/fs/logs/leg4_smi.txt	2628	
bucket	repo-hygiene/git_tip/artifacts/fs/logs/legfull_s0.log	5035	
bucket	repo-hygiene/git_tip/artifacts/fs/logs/main.out	0	
bucket	repo-hygiene/git_tip/artifacts/fs/logs/setup.log	939	
bucket	repo-hygiene/git_tip/artifacts/fs/logs/smoke.log	838	
bucket	repo-hygiene/git_tip/artifacts/fs/logs/thr8_s100.log	2147	
bucket	repo-hygiene/git_tip/artifacts/fs/logs/thr8_s101.log	2147	
bucket	repo-hygiene/git_tip/artifacts/fs/logs/thr8_s102.log	2147	
bucket	repo-hygiene/git_tip/artifacts/fs/logs/thr8_s103.log	2147	
bucket	repo-hygiene/git_tip/artifacts/fs/logs/thr8_s104.log	2147	
bucket	repo-hygiene/git_tip/artifacts/fs/logs/thr8_s105.log	2147	
bucket	repo-hygiene/git_tip/artifacts/fs/logs/thr8_s106.log	2147	
bucket	repo-hygiene/git_tip/artifacts/fs/logs/thr8_s107.log	2147	
bucket	repo-hygiene/git_tip/artifacts/fs/logs/thr8_smi.txt	3514	
bucket	repo-hygiene/git_tip/artifacts/fs/m_a40_bs512_s301.jsonl	2659	
bucket	repo-hygiene/git_tip/artifacts/fs/m_a40_fast1_s300.jsonl	5669	
bucket	repo-hygiene/git_tip/artifacts/fs/m_a40_fast2_s302.jsonl	5675	
bucket	repo-hygiene/git_tip/artifacts/fs/m_a40_fast2_s303.jsonl	5673	
bucket	repo-hygiene/git_tip/artifacts/fs/m_a40_leg1_s304.jsonl	2260	
bucket	repo-hygiene/git_tip/artifacts/fs/m_a40_warm_s900.jsonl	1810	
bucket	repo-hygiene/git_tip/artifacts/fs/m_fast1_s0.jsonl	14278	
bucket	repo-hygiene/git_tip/artifacts/fs/m_fast1b_s7.jsonl	14277	
bucket	repo-hygiene/git_tip/artifacts/fs/m_fast2_s1.jsonl	14290	
bucket	repo-hygiene/git_tip/artifacts/fs/m_fast2_s2.jsonl	14306	
bucket	repo-hygiene/git_tip/artifacts/fs/m_fast4_s3.jsonl	14297	
bucket	repo-hygiene/git_tip/artifacts/fs/m_fast4_s4.jsonl	14317	
bucket	repo-hygiene/git_tip/artifacts/fs/m_fast4_s5.jsonl	14308	
bucket	repo-hygiene/git_tip/artifacts/fs/m_fast4_s6.jsonl	14306	
bucket	repo-hygiene/git_tip/artifacts/fs/m_h100_bs512_s301.jsonl	2666	
bucket	repo-hygiene/git_tip/artifacts/fs/m_h100_fast16_s330.jsonl	5690	
bucket	repo-hygiene/git_tip/artifacts/fs/m_h100_fast16_s331.jsonl	5683	
bucket	repo-hygiene/git_tip/artifacts/fs/m_h100_fast16_s332.jsonl	5666	
bucket	repo-hygiene/git_tip/artifacts/fs/m_h100_fast16_s333.jsonl	5683	
bucket	repo-hygiene/git_tip/artifacts/fs/m_h100_fast16_s334.jsonl	5673	
bucket	repo-hygiene/git_tip/artifacts/fs/m_h100_fast16_s335.jsonl	5665	
bucket	repo-hygiene/git_tip/artifacts/fs/m_h100_fast16_s336.jsonl	5674	
bucket	repo-hygiene/git_tip/artifacts/fs/m_h100_fast16_s337.jsonl	5667	
bucket	repo-hygiene/git_tip/artifacts/fs/m_h100_fast16_s338.jsonl	5688	
bucket	repo-hygiene/git_tip/artifacts/fs/m_h100_fast16_s339.jsonl	5668	
bucket	repo-hygiene/git_tip/artifacts/fs/m_h100_fast16_s340.jsonl	5682	
bucket	repo-hygiene/git_tip/artifacts/fs/m_h100_fast16_s341.jsonl	5680	
bucket	repo-hygiene/git_tip/artifacts/fs/m_h100_fast16_s342.jsonl	5672	
bucket	repo-hygiene/git_tip/artifacts/fs/m_h100_fast16_s343.jsonl	5672	
bucket	repo-hygiene/git_tip/artifacts/fs/m_h100_fast16_s344.jsonl	5688	
bucket	repo-hygiene/git_tip/artifacts/fs/m_h100_fast16_s345.jsonl	5683	
bucket	repo-hygiene/git_tip/artifacts/fs/m_h100_fast1_s300.jsonl	5677	
bucket	repo-hygiene/git_tip/artifacts/fs/m_h100_fast2_s302.jsonl	5682	
bucket	repo-hygiene/git_tip/artifacts/fs/m_h100_fast2_s303.jsonl	5694	
bucket	repo-hygiene/git_tip/artifacts/fs/m_h100_fast4_s310.jsonl	5670	
bucket	repo-hygiene/git_tip/artifacts/fs/m_h100_fast4_s311.jsonl	5669	
bucket	repo-hygiene/git_tip/artifacts/fs/m_h100_fast4_s312.jsonl	5679	
bucket	repo-hygiene/git_tip/artifacts/fs/m_h100_fast4_s313.jsonl	5672	
bucket	repo-hygiene/git_tip/artifacts/fs/m_h100_fast8_s320.jsonl	5691	
bucket	repo-hygiene/git_tip/artifacts/fs/m_h100_fast8_s321.jsonl	5681	
bucket	repo-hygiene/git_tip/artifacts/fs/m_h100_fast8_s322.jsonl	5678	
bucket	repo-hygiene/git_tip/artifacts/fs/m_h100_fast8_s323.jsonl	5663	
bucket	repo-hygiene/git_tip/artifacts/fs/m_h100_fast8_s324.jsonl	5669	
bucket	repo-hygiene/git_tip/artifacts/fs/m_h100_fast8_s325.jsonl	5683	
bucket	repo-hygiene/git_tip/artifacts/fs/m_h100_fast8_s326.jsonl	5675	
bucket	repo-hygiene/git_tip/artifacts/fs/m_h100_fast8_s327.jsonl	5670	
bucket	repo-hygiene/git_tip/artifacts/fs/m_h100_leg1_s304.jsonl	2267	
bucket	repo-hygiene/git_tip/artifacts/fs/m_h100_warm_s900.jsonl	1808	
bucket	repo-hygiene/git_tip/artifacts/fs/m_leg1_s200.jsonl	3101	
bucket	repo-hygiene/git_tip/artifacts/fs/m_leg2_s201.jsonl	3101	
bucket	repo-hygiene/git_tip/artifacts/fs/m_leg2_s202.jsonl	3095	
bucket	repo-hygiene/git_tip/artifacts/fs/m_leg4_s203.jsonl	3092	
bucket	repo-hygiene/git_tip/artifacts/fs/m_leg4_s204.jsonl	3096	
bucket	repo-hygiene/git_tip/artifacts/fs/m_leg4_s205.jsonl	3093	
bucket	repo-hygiene/git_tip/artifacts/fs/m_leg4_s206.jsonl	3095	
bucket	repo-hygiene/git_tip/artifacts/fs/m_legfull_s0.jsonl	13907	
bucket	repo-hygiene/git_tip/artifacts/fs/m_thr8_s100.jsonl	5666	
bucket	repo-hygiene/git_tip/artifacts/fs/m_thr8_s101.jsonl	5663	
bucket	repo-hygiene/git_tip/artifacts/fs/m_thr8_s102.jsonl	5657	
bucket	repo-hygiene/git_tip/artifacts/fs/m_thr8_s103.jsonl	5664	
bucket	repo-hygiene/git_tip/artifacts/fs/m_thr8_s104.jsonl	5669	
bucket	repo-hygiene/git_tip/artifacts/fs/m_thr8_s105.jsonl	5665	
bucket	repo-hygiene/git_tip/artifacts/fs/m_thr8_s106.jsonl	5666	
bucket	repo-hygiene/git_tip/artifacts/fs/m_thr8_s107.jsonl	5662	
bucket	repo-hygiene/git_tip/artifacts/fs/main.done	0	
bucket	repo-hygiene/git_tip/artifacts/fs/old/ev_c_s0.json	3060	
bucket	repo-hygiene/git_tip/artifacts/fs/old/ev_c_s1.json	3101	
bucket	repo-hygiene/git_tip/artifacts/fs/old/ev_c_s2.json	3046	
bucket	repo-hygiene/git_tip/artifacts/fs/old/ev_c_s3.json	3016	
bucket	repo-hygiene/git_tip/artifacts/fs/old/ev_c_s4.json	3057	
bucket	repo-hygiene/git_tip/artifacts/fs/old/ev_c_s5.json	3056	
bucket	repo-hygiene/git_tip/artifacts/fs/old/ev_c_s6.json	3036	
bucket	repo-hygiene/git_tip/artifacts/fs/old/ev_c_s7.json	3055	
bucket	repo-hygiene/git_tip/artifacts/fs/old/ev_r6a_s0.json	3032	
bucket	repo-hygiene/git_tip/artifacts/fs/old/ev_r6a_s1.json	3079	
bucket	repo-hygiene/git_tip/artifacts/fs/old/ev_r6b_s0.json	3052	
bucket	repo-hygiene/git_tip/artifacts/fs/old/ev_r6b_s1.json	3011	
bucket	repo-hygiene/git_tip/artifacts/fs/old/ev_r6c_s0.json	3063	
bucket	repo-hygiene/git_tip/artifacts/fs/old/ev_r6c_s1.json	3029	
bucket	repo-hygiene/git_tip/artifacts/fs/old/ev_r6d_s0.json	3007	
bucket	repo-hygiene/git_tip/artifacts/fs/old/ev_r6d_s1.json	3050	
bucket	repo-hygiene/git_tip/artifacts/fs/old/m_c_s0.jsonl	13801	
bucket	repo-hygiene/git_tip/artifacts/fs/old/m_c_s1.jsonl	13803	
bucket	repo-hygiene/git_tip/artifacts/fs/old/m_c_s2.jsonl	13797	
bucket	repo-hygiene/git_tip/artifacts/fs/old/m_c_s3.jsonl	13810	
bucket	repo-hygiene/git_tip/artifacts/fs/old/m_c_s4.jsonl	13803	
bucket	repo-hygiene/git_tip/artifacts/fs/old/m_c_s5.jsonl	13803	
bucket	repo-hygiene/git_tip/artifacts/fs/old/m_c_s6.jsonl	13800	
bucket	repo-hygiene/git_tip/artifacts/fs/old/m_c_s7.jsonl	13798	
bucket	repo-hygiene/git_tip/artifacts/fs/old/m_r6a_s0.jsonl	13796	
bucket	repo-hygiene/git_tip/artifacts/fs/old/m_r6a_s1.jsonl	13819	
bucket	repo-hygiene/git_tip/artifacts/fs/old/m_r6b_s0.jsonl	13810	
bucket	repo-hygiene/git_tip/artifacts/fs/old/m_r6b_s1.jsonl	13802	
bucket	repo-hygiene/git_tip/artifacts/fs/old/m_r6c_s0.jsonl	13795	
bucket	repo-hygiene/git_tip/artifacts/fs/old/m_r6c_s1.jsonl	13803	
bucket	repo-hygiene/git_tip/artifacts/fs/old/m_r6d_s0.jsonl	13802	
bucket	repo-hygiene/git_tip/artifacts/fs/old/m_r6d_s1.jsonl	13800	
bucket	repo-hygiene/git_tip/artifacts/fs/selftest.json	815	
bucket	repo-hygiene/git_tip/artifacts/fs/summary.json	26090	
bucket	repo-hygiene/git_tip/artifacts/fs/tables.md	3276	
bucket	repo-hygiene/git_tip/artifacts/fs/waves.jsonl	867	
bucket	repo-hygiene/git_tip/artifacts/fs/waves_a40.jsonl	629	
bucket	repo-hygiene/git_tip/artifacts/fs/waves_h100.jsonl	1204	
bucket	repo-hygiene/git_tip/artifacts/fu/assemble_a1.log	0	
bucket	repo-hygiene/git_tip/artifacts/fu/assemble_a2.log	0	
bucket	repo-hygiene/git_tip/artifacts/fu/assemble_a3.log	0	
bucket	repo-hygiene/git_tip/artifacts/fu/assemble_b1.log	0	
bucket	repo-hygiene/git_tip/artifacts/fu/assemble_b2.log	0	
bucket	repo-hygiene/git_tip/artifacts/fu/blockA_analysis.done	0	
bucket	repo-hygiene/git_tip/artifacts/fu/blockA_analysis.log	3837	
bucket	repo-hygiene/git_tip/artifacts/fu/blockA_summary.json	14616	
bucket	repo-hygiene/git_tip/artifacts/fu/blockA_table.md	2213	
bucket	repo-hygiene/git_tip/artifacts/fu/blockB_summary.json	9090	
bucket	repo-hygiene/git_tip/artifacts/fu/blockC_summary.json	4317	
bucket	repo-hygiene/git_tip/artifacts/fu/c8_examples.txt	3572	
bucket	repo-hygiene/git_tip/artifacts/fu/followup_draft.md	2684	
bucket	repo-hygiene/git_tip/artifacts/fu/indep_check.log	887	
bucket	repo-hygiene/git_tip/artifacts/fu/metrics_c8_f0001s0.json	147756	
bucket	repo-hygiene/git_tip/artifacts/fu/metrics_c8_f001s0.json	153027	
bucket	repo-hygiene/git_tip/artifacts/fu/metrics_c8_f0s0.json	123244	
bucket	repo-hygiene/git_tip/artifacts/fu/metrics_c8_f0s1.json	128655	
bucket	repo-hygiene/git_tip/artifacts/fu/metrics_c8_frozen_s0.json	106613	
bucket	repo-hygiene/git_tip/artifacts/fu/metrics_c8_frozen_s1.json	114097	
bucket	repo-hygiene/git_tip/artifacts/fu/metrics_reductio2_f01s0.json	336418	
bucket	repo-hygiene/git_tip/artifacts/fu/metrics_reductio2_f01s1.json	310651	
bucket	repo-hygiene/git_tip/artifacts/fu/metrics_reductio2_frozen.json	196615	
bucket	repo-hygiene/git_tip/artifacts/fu/metrics_reductio2_frozen_f01s0.json	157299	
bucket	repo-hygiene/git_tip/artifacts/fu/metrics_reductio2_partial.json	202814	
bucket	repo-hygiene/git_tip/artifacts/fu/phase2_followup_draft.md	15046	
bucket	repo-hygiene/git_tip/artifacts/fu/podlogs_p1/cov_derived_ore_strict_f0_c8_s0.log	39183	
bucket	repo-hygiene/git_tip/artifacts/fu/podlogs_p1/ei_depth3_f0.1_b1_s0.log	32211	
bucket	repo-hygiene/git_tip/artifacts/fu/podlogs_p1/ei_depth3_f0.1_b1_s1.log	31640	
bucket	repo-hygiene/git_tip/artifacts/fu/podlogs_p1/ei_depth3_f0_a3_s0.log	31967	
bucket	repo-hygiene/git_tip/artifacts/fu/podlogs_p1/ei_depth3_f0_a3_s1.log	32135	
bucket	repo-hygiene/git_tip/artifacts/fu/podlogs_p1/ei_derived_ore_strict_f0.001_c8_s0.log	33840	
bucket	repo-hygiene/git_tip/artifacts/fu/podlogs_p1/ei_derived_ore_strict_f0.01_c8_s0.log	33751	
bucket	repo-hygiene/git_tip/artifacts/fu/podlogs_p1/ei_derived_ore_strict_f0_c8_s0.log	33372	
bucket	repo-hygiene/git_tip/artifacts/fu/podlogs_p1/ei_derived_ore_strict_f0_c8_s1.log	33514	
bucket	repo-hygiene/git_tip/artifacts/fu/podlogs_p1/frozen_depth3_f0.1_b1_s0.log	27447	
bucket	repo-hygiene/git_tip/artifacts/fu/podlogs_p1/frozen_depth3_f0.1_b1_s1.log	27534	
bucket	repo-hygiene/git_tip/artifacts/fu/podlogs_p1/frozen_depth3_f0_a3_s0.log	26962	
bucket	repo-hygiene/git_tip/artifacts/fu/podlogs_p1/frozen_depth3_f0_a3_s1.log	27229	
bucket	repo-hygiene/git_tip/artifacts/fu/podlogs_p1/frozen_derived_ore_strict_f0_c8_s0.log	29167	
bucket	repo-hygiene/git_tip/artifacts/fu/podlogs_p1/frozen_derived_ore_strict_f0_c8_s1.log	29250	
bucket	repo-hygiene/git_tip/artifacts/fu/podlogs_p1/fu_blockC_minlen_all.log	7181	
bucket	repo-hygiene/git_tip/artifacts/fu/podlogs_p1/fu_blockC_targets.log	1631	
bucket	repo-hygiene/git_tip/artifacts/fu/podlogs_p1/fu_gen_c8long.log	260	
bucket	repo-hygiene/git_tip/artifacts/fu/podlogs_p1/fu_gen_cap8.log	245	
bucket	repo-hygiene/git_tip/artifacts/fu/podlogs_p1/fu_queue_A_p1.log	932	
bucket	repo-hygiene/git_tip/artifacts/fu/podlogs_p1/fu_queue_C_p1.log	1116	
bucket	repo-hygiene/git_tip/artifacts/fu/podlogs_p1/fu_queue_nov_p1.log	712	
bucket	repo-hygiene/git_tip/artifacts/fu/podlogs_p1/nov_depth3_f0.1_b1_s0.log	411	
bucket	repo-hygiene/git_tip/artifacts/fu/podlogs_p1/nov_depth3_f0.1_b1_s1.log	411	
bucket	repo-hygiene/git_tip/artifacts/fu/podlogs_p1/nov_depth3_f0_a3_s0.log	403	
bucket	repo-hygiene/git_tip/artifacts/fu/podlogs_p1/nov_depth3_f0_a3_s1.log	403	
bucket	repo-hygiene/git_tip/artifacts/fu/podlogs_p1/nov_derived_ore_strict_f0.001_c8_s0.log	467	
bucket	repo-hygiene/git_tip/artifacts/fu/podlogs_p1/nov_derived_ore_strict_f0.01_c8_s0.log	463	
bucket	repo-hygiene/git_tip/artifacts/fu/podlogs_p1/nov_derived_ore_strict_f0_c8_s0.log	451	
bucket	repo-hygiene/git_tip/artifacts/fu/podlogs_p1/nov_derived_ore_strict_f0_c8_s1.log	451	
bucket	repo-hygiene/git_tip/artifacts/fu/podlogs_p1/stage1_depth3_f0.1_b1_s0.log	1606	
bucket	repo-hygiene/git_tip/artifacts/fu/podlogs_p1/stage1_depth3_f0.1_b1_s1.log	1604	
bucket	repo-hygiene/git_tip/artifacts/fu/podlogs_p1/stage1_depth3_f0_a3_s0.log	1602	
bucket	repo-hygiene/git_tip/artifacts/fu/podlogs_p1/stage1_depth3_f0_a3_s1.log	1602	
bucket	repo-hygiene/git_tip/artifacts/fu/podlogs_p1/stage1_derived_ore_strict_f0.001_c8_s0.log	1624	
bucket	repo-hygiene/git_tip/artifacts/fu/podlogs_p1/stage1_derived_ore_strict_f0.01_c8_s0.log	1623	
bucket	repo-hygiene/git_tip/artifacts/fu/podlogs_p1/stage1_derived_ore_strict_f0_c8_s0.log	1620	
bucket	repo-hygiene/git_tip/artifacts/fu/podlogs_p1/stage1_derived_ore_strict_f0_c8_s1.log	1620	
bucket	repo-hygiene/git_tip/artifacts/fu/podlogs_p2/ei_depth3_f0_a1_s0.log	32042	
bucket	repo-hygiene/git_tip/artifacts/fu/podlogs_p2/ei_depth3_f0_a1_s1.log	32148	
bucket	repo-hygiene/git_tip/artifacts/fu/podlogs_p2/ei_depth3_f0_a2_s0.log	31963	
bucket	repo-hygiene/git_tip/artifacts/fu/podlogs_p2/ei_depth3_f0_a2_s1.log	31698	
bucket	repo-hygiene/git_tip/artifacts/fu/podlogs_p2/frozen_depth3_f0_a1_s0.log	27777	
bucket	repo-hygiene/git_tip/artifacts/fu/podlogs_p2/frozen_depth3_f0_a1_s1.log	27090	
bucket	repo-hygiene/git_tip/artifacts/fu/podlogs_p2/frozen_depth3_f0_a2_s0.log	27476	
bucket	repo-hygiene/git_tip/artifacts/fu/podlogs_p2/frozen_depth3_f0_a2_s1.log	27078	
bucket	repo-hygiene/git_tip/artifacts/fu/podlogs_p2/fu_assemble_a1.log	968	
bucket	repo-hygiene/git_tip/artifacts/fu/podlogs_p2/fu_assemble_a2.log	968	
bucket	repo-hygiene/git_tip/artifacts/fu/podlogs_p2/fu_assemble_a3.log	968	
bucket	repo-hygiene/git_tip/artifacts/fu/podlogs_p2/fu_assemble_b1.log	974	
bucket	repo-hygiene/git_tip/artifacts/fu/podlogs_p2/fu_assemble_b2.log	974	
bucket	repo-hygiene/git_tip/artifacts/fu/podlogs_p2/fu_blockB_pool.log	1321	
bucket	repo-hygiene/git_tip/artifacts/fu/podlogs_p2/fu_blockB_pool2.log	2285	
bucket	repo-hygiene/git_tip/artifacts/fu/podlogs_p2/fu_gen_rnd.log	259	
bucket	repo-hygiene/git_tip/artifacts/fu/podlogs_p2/fu_gen_rndco.log	275	
bucket	repo-hygiene/git_tip/artifacts/fu/podlogs_p2/fu_queue_A_p2.log	908	
bucket	repo-hygiene/git_tip/artifacts/fu/podlogs_p2/fu_queue_nov_p2.log	318	
bucket	repo-hygiene/git_tip/artifacts/fu/podlogs_p2/nov_depth3_f0_a1_s0.log	403	
bucket	repo-hygiene/git_tip/artifacts/fu/podlogs_p2/nov_depth3_f0_a1_s1.log	403	
bucket	repo-hygiene/git_tip/artifacts/fu/podlogs_p2/nov_depth3_f0_a2_s0.log	403	
bucket	repo-hygiene/git_tip/artifacts/fu/podlogs_p2/nov_depth3_f0_a2_s1.log	403	
bucket	repo-hygiene/git_tip/artifacts/fu/podlogs_p2/stage1_depth3_f0_a1_s0.log	1602	
bucket	repo-hygiene/git_tip/artifacts/fu/podlogs_p2/stage1_depth3_f0_a1_s1.log	1602	
bucket	repo-hygiene/git_tip/artifacts/fu/podlogs_p2/stage1_depth3_f0_a2_s0.log	1602	
bucket	repo-hygiene/git_tip/artifacts/fu/podlogs_p2/stage1_depth3_f0_a2_s1.log	1599	
bucket	repo-hygiene/git_tip/artifacts/fu/podlogs_p3/cov_reductio_f0_s0_t2.log	34743	
bucket	repo-hygiene/git_tip/artifacts/fu/podlogs_p3/ei_depth3_f0.1_b2_s0.log	32240	
bucket	repo-hygiene/git_tip/artifacts/fu/podlogs_p3/ei_depth3_f0.1_b2_s1.log	32483	
bucket	repo-hygiene/git_tip/artifacts/fu/podlogs_p3/ei_reductio_f0.1_s0_t2.log	27009	
bucket	repo-hygiene/git_tip/artifacts/fu/podlogs_p3/ei_reductio_f0.1_s1_t2.log	26929	
bucket	repo-hygiene/git_tip/artifacts/fu/podlogs_p3/ei_reductio_f0_s0_t2.log	25953	
bucket	repo-hygiene/git_tip/artifacts/fu/podlogs_p3/ei_reductio_f0_s1_t2.log	22333	
bucket	repo-hygiene/git_tip/artifacts/fu/podlogs_p3/ei_reductio_f0_s2_t2.log	22270	
bucket	repo-hygiene/git_tip/artifacts/fu/podlogs_p3/frozen_depth3_f0.1_b2_s0.log	27587	
bucket	repo-hygiene/git_tip/artifacts/fu/podlogs_p3/frozen_depth3_f0.1_b2_s1.log	27889	
bucket	repo-hygiene/git_tip/artifacts/fu/podlogs_p3/frozen_reductio_f0.1_s0_t2.log	22883	
bucket	repo-hygiene/git_tip/artifacts/fu/podlogs_p3/frozen_reductio_f0.1_s1_t2.log	23017	
bucket	repo-hygiene/git_tip/artifacts/fu/podlogs_p3/frozen_reductio_f0_s0_t2.log	22206	
bucket	repo-hygiene/git_tip/artifacts/fu/podlogs_p3/frozen_reductio_f0_s1_t2.log	22133	
bucket	repo-hygiene/git_tip/artifacts/fu/podlogs_p3/frozen_reductio_f0_s2_t2.log	22070	
bucket	repo-hygiene/git_tip/artifacts/fu/podlogs_p3/fu_assemble_c8.log	1242	
bucket	repo-hygiene/git_tip/artifacts/fu/podlogs_p3/fu_blockC_pool.log	1155	
bucket	repo-hygiene/git_tip/artifacts/fu/podlogs_p3/fu_blockC_targets2.log	7085	
bucket	repo-hygiene/git_tip/artifacts/fu/podlogs_p3/fu_blockC_targets3.log	570	
bucket	repo-hygiene/git_tip/artifacts/fu/podlogs_p3/fu_gen_c8long2.log	258	
bucket	repo-hygiene/git_tip/artifacts/fu/podlogs_p3/fu_gen_cap8nat.log	225	
bucket	repo-hygiene/git_tip/artifacts/fu/podlogs_p3/fu_queue_A_p3.log	498	
bucket	repo-hygiene/git_tip/artifacts/fu/podlogs_p3/fu_queue_B_p3.log	952	
bucket	repo-hygiene/git_tip/artifacts/fu/podlogs_p3/fu_queue_nov_p3.log	565	
bucket	repo-hygiene/git_tip/artifacts/fu/podlogs_p3/nov_depth3_f0.1_b2_s0.log	411	
bucket	repo-hygiene/git_tip/artifacts/fu/podlogs_p3/nov_depth3_f0.1_b2_s1.log	411	
bucket	repo-hygiene/git_tip/artifacts/fu/podlogs_p3/nov_reductio_f0.1_s0_t2.log	410	
bucket	repo-hygiene/git_tip/artifacts/fu/podlogs_p3/nov_reductio_f0.1_s1_t2.log	410	
bucket	repo-hygiene/git_tip/artifacts/fu/podlogs_p3/nov_reductio_f0_s0_t2.log	402	
bucket	repo-hygiene/git_tip/artifacts/fu/podlogs_p3/nov_reductio_f0_s1_t2.log	1209	
bucket	repo-hygiene/git_tip/artifacts/fu/podlogs_p3/nov_reductio_f0_s2_t2.log	1209	
bucket	repo-hygiene/git_tip/artifacts/fu/podlogs_p3/stage1_depth3_f0.1_b2_s0.log	1603	
bucket	repo-hygiene/git_tip/artifacts/fu/podlogs_p3/stage1_depth3_f0.1_b2_s1.log	1603	
bucket	repo-hygiene/git_tip/artifacts/fu/podlogs_p3/stage1_reductio_f0_s2.log	1600	
bucket	repo-hygiene/git_tip/artifacts/fu/pull_c.log	7	
bucket	repo-hygiene/git_tip/artifacts/fu/pull_c8.log	7	
bucket	repo-hygiene/git_tip/artifacts/fu/pull_c8sets.log	14	
bucket	repo-hygiene/git_tip/artifacts/fu/pull_p1_a.log	308	
bucket	repo-hygiene/git_tip/artifacts/fu/pull_p2_b.log	10	
bucket	repo-hygiene/git_tip/artifacts/fu/pull_p2_final.log	75	
bucket	repo-hygiene/git_tip/artifacts/fu/pull_p3_b.log	10	
bucket	repo-hygiene/git_tip/artifacts/fu/pull_p3_final.log	1423	
bucket	repo-hygiene/git_tip/artifacts/fu/pull_sets.log	12	
bucket	repo-hygiene/git_tip/artifacts/fu/push_B_p3.log	12	
bucket	repo-hygiene/git_tip/artifacts/fu/push_c8_p3.log	10	
bucket	repo-hygiene/git_tip/artifacts/fu/push_p2.log	10	
bucket	repo-hygiene/git_tip/artifacts/fu/start_p1.log	33	
bucket	repo-hygiene/git_tip/artifacts/fu/start_p3.log	33	
bucket	repo-hygiene/git_tip/artifacts/fu/sync_p1p3.log	10	
bucket	repo-hygiene/git_tip/artifacts/fu_assemble_c8.log	1242	
bucket	repo-hygiene/git_tip/artifacts/fu_blockB_pool.log	1321	
bucket	repo-hygiene/git_tip/artifacts/fu_blockB_pool2.log	2285	
bucket	repo-hygiene/git_tip/artifacts/fu_blockC_minlen_all.log	7181	
bucket	repo-hygiene/git_tip/artifacts/fu_blockC_pool.log	1155	
bucket	repo-hygiene/git_tip/artifacts/fu_blockC_targets.log	1631	
bucket	repo-hygiene/git_tip/artifacts/fu_gen_c8long.log	260	
bucket	repo-hygiene/git_tip/artifacts/fu_gen_cap8.log	245	
bucket	repo-hygiene/git_tip/artifacts/fu_gen_rnd.log	259	
bucket	repo-hygiene/git_tip/artifacts/fu_gen_rndco.log	275	
bucket	repo-hygiene/git_tip/artifacts/fu_queue_A_p2.log	908	
bucket	repo-hygiene/git_tip/artifacts/fu_queue_nov_p2.log	318	
bucket	repo-hygiene/git_tip/artifacts/ign/cov_depth3_f0_a1_s0.s0.jsonl	224228	
bucket	repo-hygiene/git_tip/artifacts/ign/cov_depth3_f0_a1_s1.s0.jsonl	225524	
bucket	repo-hygiene/git_tip/artifacts/ign/cov_depth3_f0_a1_s2.s0.jsonl	216759	
bucket	repo-hygiene/git_tip/artifacts/ign/cov_depth3_f0_a1_s3.s0.jsonl	218019	
bucket	repo-hygiene/git_tip/artifacts/ign/cov_depth3_f0_a1_s4.s0.jsonl	216975	
bucket	repo-hygiene/git_tip/artifacts/ign/cov_depth3_f0_a1_s5.s0.jsonl	218571	
bucket	repo-hygiene/git_tip/artifacts/ign/cov_depth3_f0_a1_s6.s0.jsonl	218182	
bucket	repo-hygiene/git_tip/artifacts/ign/cov_depth3_f0_a1_s7.s0.jsonl	218465	
bucket	repo-hygiene/git_tip/artifacts/ign/cov_depth3_f0_a1_s8.s0.jsonl	216947	
bucket	repo-hygiene/git_tip/artifacts/ign/cov_depth3_f0_a1_s9.s0.jsonl	235784	
bucket	repo-hygiene/git_tip/artifacts/ign/cov_depth3_f0_a2_s0.s0.jsonl	222594	
bucket	repo-hygiene/git_tip/artifacts/ign/cov_depth3_f0_a2_s1.s0.jsonl	219641	
bucket	repo-hygiene/git_tip/artifacts/ign/cov_depth3_f0_a3_s0.s0.jsonl	217181	
bucket	repo-hygiene/git_tip/artifacts/ign/cov_depth3_f0_a3_s1.s0.jsonl	223568	
bucket	repo-hygiene/git_tip/artifacts/ign/cov_depth3_f0_s0.s0.jsonl	215465	
bucket	repo-hygiene/git_tip/artifacts/ign/cov_depth3_f0_s1.s0.jsonl	220231	
bucket	repo-hygiene/git_tip/artifacts/ign/cov_reductio_f0_s0.s0.jsonl	210247	
bucket	repo-hygiene/git_tip/artifacts/ign/cov_reductio_f0_s1.s0.jsonl	207702	
bucket	repo-hygiene/git_tip/artifacts/ign/cov_reductio_f0_s10.s0.jsonl	207729	
bucket	repo-hygiene/git_tip/artifacts/ign/cov_reductio_f0_s2.s0.jsonl	207810	
bucket	repo-hygiene/git_tip/artifacts/ign/cov_reductio_f0_s3.s0.jsonl	208995	
bucket	repo-hygiene/git_tip/artifacts/ign/cov_reductio_f0_s4.s0.jsonl	207782	
bucket	repo-hygiene/git_tip/artifacts/ign/cov_reductio_f0_s5.s0.jsonl	207716	
bucket	repo-hygiene/git_tip/artifacts/ign/cov_reductio_f0_s6.s0.jsonl	207774	
bucket	repo-hygiene/git_tip/artifacts/ign/cov_reductio_f0_s7.s0.jsonl	212221	
bucket	repo-hygiene/git_tip/artifacts/ign/cov_reductio_f0_s8.s0.jsonl	207779	
bucket	repo-hygiene/git_tip/artifacts/ign/cov_reductio_f0_s9.s0.jsonl	208149	
bucket	repo-hygiene/git_tip/artifacts/ign/ei_r8_first300.json	1826	
bucket	repo-hygiene/git_tip/artifacts/ign/podlogs_p1/cov_depth3_f0_a1_s0.log	28840	
bucket	repo-hygiene/git_tip/artifacts/ign/podlogs_p1/cov_depth3_f0_a1_s1.log	33283	
bucket	repo-hygiene/git_tip/artifacts/ign/podlogs_p1/cov_depth3_f0_a1_s2.log	33556	
bucket	repo-hygiene/git_tip/artifacts/ign/podlogs_p1/cov_depth3_f0_a1_s3.log	33400	
bucket	repo-hygiene/git_tip/artifacts/ign/podlogs_p1/cov_depth3_f0_a1_s4.log	33315	
bucket	repo-hygiene/git_tip/artifacts/ign/podlogs_p1/cov_depth3_f0_a1_s5.log	33193	
bucket	repo-hygiene/git_tip/artifacts/ign/podlogs_p1/cov_depth3_f0_a1_s6.log	33266	
bucket	repo-hygiene/git_tip/artifacts/ign/podlogs_p1/cov_depth3_f0_a2_s0.log	33336	
bucket	repo-hygiene/git_tip/artifacts/ign/podlogs_p1/cov_depth3_f0_a2_s1.log	33267	
bucket	repo-hygiene/git_tip/artifacts/ign/podlogs_p1/cov_depth3_f0_a3_s0.log	33252	
bucket	repo-hygiene/git_tip/artifacts/ign/podlogs_p1/cov_depth3_f0_a3_s1.log	33201	
bucket	repo-hygiene/git_tip/artifacts/ign/podlogs_p1/cov_depth3_f0_s0.log	33270	
bucket	repo-hygiene/git_tip/artifacts/ign/podlogs_p1/cov_depth3_f0_s1.log	33270	
bucket	repo-hygiene/git_tip/artifacts/ign/podlogs_p1/cov_reductio_f0_s1.log	34052	
bucket	repo-hygiene/git_tip/artifacts/ign/podlogs_p1/cov_reductio_f0_s2.log	34052	
bucket	repo-hygiene/git_tip/artifacts/ign/podlogs_p1/ei_depth3_f0_a1_s2.log	31957	
bucket	repo-hygiene/git_tip/artifacts/ign/podlogs_p1/ei_depth3_f0_a1_s3.log	31412	
bucket	repo-hygiene/git_tip/artifacts/ign/podlogs_p1/ei_depth3_f0_a1_s4.log	31331	
bucket	repo-hygiene/git_tip/artifacts/ign/podlogs_p1/ei_depth3_f0_a1_s5.log	31146	
bucket	repo-hygiene/git_tip/artifacts/ign/podlogs_p1/ei_depth3_f0_a1_s6.log	31906	
bucket	repo-hygiene/git_tip/artifacts/ign/podlogs_p1/q1A.log	747	
bucket	repo-hygiene/git_tip/artifacts/ign/podlogs_p1/q1B.log	173	
bucket	repo-hygiene/git_tip/artifacts/ign/podlogs_p1/q1B3.log	176	
bucket	repo-hygiene/git_tip/artifacts/ign/podlogs_p1/q1B4.log	302	
bucket	repo-hygiene/git_tip/artifacts/ign/podlogs_p1/q1B5.log	448	
bucket	repo-hygiene/git_tip/artifacts/ign/podlogs_p1/stage1_depth3_f0_a1_s2.log	1601	
bucket	repo-hygiene/git_tip/artifacts/ign/podlogs_p1/stage1_depth3_f0_a1_s3.log	1601	
bucket	repo-hygiene/git_tip/artifacts/ign/podlogs_p1/stage1_depth3_f0_a1_s4.log	1601	
bucket	repo-hygiene/git_tip/artifacts/ign/podlogs_p1/stage1_depth3_f0_a1_s5.log	1600	
bucket	repo-hygiene/git_tip/artifacts/ign/podlogs_p1/stage1_depth3_f0_a1_s6.log	1601	
bucket	repo-hygiene/git_tip/artifacts/ign/podlogs_p2/cov_depth3_f0_a1_s7.log	33423	
bucket	repo-hygiene/git_tip/artifacts/ign/podlogs_p2/cov_depth3_f0_a1_s8.log	33784	
bucket	repo-hygiene/git_tip/artifacts/ign/podlogs_p2/cov_depth3_f0_a1_s9.log	33767	
bucket	repo-hygiene/git_tip/artifacts/ign/podlogs_p2/cov_depth3_f0_a2_s0.log	5752	
bucket	repo-hygiene/git_tip/artifacts/ign/podlogs_p2/cov_reductio_f0_s3.log	34516	
bucket	repo-hygiene/git_tip/artifacts/ign/podlogs_p2/cov_reductio_f0_s4.log	34249	
bucket	repo-hygiene/git_tip/artifacts/ign/podlogs_p2/ei_depth3_f0_a1_s3_ivK.log	4004	
bucket	repo-hygiene/git_tip/artifacts/ign/podlogs_p2/ei_depth3_f0_a1_s3_ivK_c.log	12257	
bucket	repo-hygiene/git_tip/artifacts/ign/podlogs_p2/ei_depth3_f0_a1_s3_ivS.log	17116	
bucket	repo-hygiene/git_tip/artifacts/ign/podlogs_p2/ei_depth3_f0_a1_s3_ivT.log	3992	
bucket	repo-hygiene/git_tip/artifacts/ign/podlogs_p2/ei_depth3_f0_a1_s3_ivT_c.log	12326	
bucket	repo-hygiene/git_tip/artifacts/ign/podlogs_p2/ei_depth3_f0_a1_s5_ivK.log	4013	
bucket	repo-hygiene/git_tip/artifacts/ign/podlogs_p2/ei_depth3_f0_a1_s5_ivK_c.log	11995	
bucket	repo-hygiene/git_tip/artifacts/ign/podlogs_p2/ei_depth3_f0_a1_s5_ivS.log	17203	
bucket	repo-hygiene/git_tip/artifacts/ign/podlogs_p2/ei_depth3_f0_a1_s5_ivT.log	3998	
bucket	repo-hygiene/git_tip/artifacts/ign/podlogs_p2/ei_depth3_f0_a1_s5_ivT_c.log	11979	
bucket	repo-hygiene/git_tip/artifacts/ign/podlogs_p2/ei_depth3_f0_a1_s7.log	31307	
bucket	repo-hygiene/git_tip/artifacts/ign/podlogs_p2/ei_depth3_f0_a1_s7_ivK.log	4049	
bucket	repo-hygiene/git_tip/artifacts/ign/podlogs_p2/ei_depth3_f0_a1_s7_ivK_c.log	12100	
bucket	repo-hygiene/git_tip/artifacts/ign/podlogs_p2/ei_depth3_f0_a1_s7_ivS.log	17150	
bucket	repo-hygiene/git_tip/artifacts/ign/podlogs_p2/ei_depth3_f0_a1_s7_ivT.log	4034	
bucket	repo-hygiene/git_tip/artifacts/ign/podlogs_p2/ei_depth3_f0_a1_s7_ivT_c.log	12033	
bucket	repo-hygiene/git_tip/artifacts/ign/podlogs_p2/ei_depth3_f0_a1_s8.log	32010	
bucket	repo-hygiene/git_tip/artifacts/ign/podlogs_p2/ei_depth3_f0_a1_s9.log	32180	
bucket	repo-hygiene/git_tip/artifacts/ign/podlogs_p2/ei_reductio_f0_s3_t2.log	23985	
bucket	repo-hygiene/git_tip/artifacts/ign/podlogs_p2/ei_reductio_f0_s3_t2_ivK.log	3358	
bucket	repo-hygiene/git_tip/artifacts/ign/podlogs_p2/ei_reductio_f0_s3_t2_ivK_c.log	10100	
bucket	repo-hygiene/git_tip/artifacts/ign/podlogs_p2/ei_reductio_f0_s3_t2_ivS.log	14302	
bucket	repo-hygiene/git_tip/artifacts/ign/podlogs_p2/ei_reductio_f0_s3_t2_ivT.log	2891	
bucket	repo-hygiene/git_tip/artifacts/ign/podlogs_p2/ei_reductio_f0_s3_t2_ivT_c.log	10014	
bucket	repo-hygiene/git_tip/artifacts/ign/podlogs_p2/ei_reductio_f0_s4_t2.log	22848	
bucket	repo-hygiene/git_tip/artifacts/ign/podlogs_p2/ei_reductio_f0_s4_t2_ivK.log	2934	
bucket	repo-hygiene/git_tip/artifacts/ign/podlogs_p2/ei_reductio_f0_s4_t2_ivK_c.log	8686	
bucket	repo-hygiene/git_tip/artifacts/ign/podlogs_p2/ei_reductio_f0_s4_t2_ivS.log	14650	
bucket	repo-hygiene/git_tip/artifacts/ign/podlogs_p2/ei_reductio_f0_s4_t2_ivT.log	2923	
bucket	repo-hygiene/git_tip/artifacts/ign/podlogs_p2/ei_reductio_f0_s4_t2_ivT_c.log	8686	
bucket	repo-hygiene/git_tip/artifacts/ign/podlogs_p2/q2A.log	751	
bucket	repo-hygiene/git_tip/artifacts/ign/podlogs_p2/q2B.log	173	
bucket	repo-hygiene/git_tip/artifacts/ign/podlogs_p2/q2B2.log	34	
bucket	repo-hygiene/git_tip/artifacts/ign/podlogs_p2/q2B3.log	105	
bucket	repo-hygiene/git_tip/artifacts/ign/podlogs_p2/q2C.log	420	
bucket	repo-hygiene/git_tip/artifacts/ign/podlogs_p2/q2D.log	420	
bucket	repo-hygiene/git_tip/artifacts/ign/podlogs_p2/q2E.log	440	
bucket	repo-hygiene/git_tip/artifacts/ign/podlogs_p2/q2F.log	440	
bucket	repo-hygiene/git_tip/artifacts/ign/podlogs_p2/q2G.log	420	
bucket	repo-hygiene/git_tip/artifacts/ign/podlogs_p2/stage1_depth3_f0_a1_s7.log	1597	
bucket	repo-hygiene/git_tip/artifacts/ign/podlogs_p2/stage1_depth3_f0_a1_s8.log	1598	
bucket	repo-hygiene/git_tip/artifacts/ign/podlogs_p2/stage1_depth3_f0_a1_s9.log	1598	
bucket	repo-hygiene/git_tip/artifacts/ign/podlogs_p2/stage1_reductio_f0_s3.log	1596	
bucket	repo-hygiene/git_tip/artifacts/ign/podlogs_p2/stage1_reductio_f0_s4.log	1597	
bucket	repo-hygiene/git_tip/artifacts/ign/podlogs_p3/cov_reductio_f0_s0.log	3953	
bucket	repo-hygiene/git_tip/artifacts/ign/podlogs_p3/cov_reductio_f0_s10.log	34055	
bucket	repo-hygiene/git_tip/artifacts/ign/podlogs_p3/cov_reductio_f0_s5.log	34422	
bucket	repo-hygiene/git_tip/artifacts/ign/podlogs_p3/cov_reductio_f0_s6.log	34825	
bucket	repo-hygiene/git_tip/artifacts/ign/podlogs_p3/cov_reductio_f0_s7.log	34507	
bucket	repo-hygiene/git_tip/artifacts/ign/podlogs_p3/cov_reductio_f0_s8.log	34217	
bucket	repo-hygiene/git_tip/artifacts/ign/podlogs_p3/cov_reductio_f0_s9.log	34223	
bucket	repo-hygiene/git_tip/artifacts/ign/podlogs_p3/ei_depth3_f0_a1_s4_ivK.log	4036	
bucket	repo-hygiene/git_tip/artifacts/ign/podlogs_p3/ei_depth3_f0_a1_s4_ivK_c.log	12041	
bucket	repo-hygiene/git_tip/artifacts/ign/podlogs_p3/ei_depth3_f0_a1_s4_ivS.log	17088	
bucket	repo-hygiene/git_tip/artifacts/ign/podlogs_p3/ei_depth3_f0_a1_s4_ivT.log	4017	
bucket	repo-hygiene/git_tip/artifacts/ign/podlogs_p3/ei_depth3_f0_a1_s4_ivT_c.log	11961	
bucket	repo-hygiene/git_tip/artifacts/ign/podlogs_p3/ei_reductio_f0_s10_t2.log	22386	
bucket	repo-hygiene/git_tip/artifacts/ign/podlogs_p3/ei_reductio_f0_s10_t2_ivK.log	2874	
bucket	repo-hygiene/git_tip/artifacts/ign/podlogs_p3/ei_reductio_f0_s10_t2_ivK_c.log	8512	
bucket	repo-hygiene/git_tip/artifacts/ign/podlogs_p3/ei_reductio_f0_s10_t2_ivS.log	14646	
bucket	repo-hygiene/git_tip/artifacts/ign/podlogs_p3/ei_reductio_f0_s10_t2_ivT.log	2866	
bucket	repo-hygiene/git_tip/artifacts/ign/podlogs_p3/ei_reductio_f0_s10_t2_ivT_c.log	8512	
bucket	repo-hygiene/git_tip/artifacts/ign/podlogs_p3/ei_reductio_f0_s5_t2.log	22532	
bucket	repo-hygiene/git_tip/artifacts/ign/podlogs_p3/ei_reductio_f0_s5_t2_ivK.log	2893	
bucket	repo-hygiene/git_tip/artifacts/ign/podlogs_p3/ei_reductio_f0_s5_t2_ivK_c.log	8568	
bucket	repo-hygiene/git_tip/artifacts/ign/podlogs_p3/ei_reductio_f0_s5_t2_ivS.log	14448	
bucket	repo-hygiene/git_tip/artifacts/ign/podlogs_p3/ei_reductio_f0_s5_t2_ivT.log	3988	
bucket	repo-hygiene/git_tip/artifacts/ign/podlogs_p3/ei_reductio_f0_s5_t2_ivT_c.log	8568	
bucket	repo-hygiene/git_tip/artifacts/ign/podlogs_p3/ei_reductio_f0_s6_t2.log	22282	
bucket	repo-hygiene/git_tip/artifacts/ign/podlogs_p3/ei_reductio_f0_s6_t2_ivK.log	2861	
bucket	repo-hygiene/git_tip/artifacts/ign/podlogs_p3/ei_reductio_f0_s6_t2_ivK_c.log	8473	
bucket	repo-hygiene/git_tip/artifacts/ign/podlogs_p3/ei_reductio_f0_s6_t2_ivS.log	14593	
bucket	repo-hygiene/git_tip/artifacts/ign/podlogs_p3/ei_reductio_f0_s6_t2_ivT.log	2853	
bucket	repo-hygiene/git_tip/artifacts/ign/podlogs_p3/ei_reductio_f0_s6_t2_ivT_c.log	8473	
bucket	repo-hygiene/git_tip/artifacts/ign/podlogs_p3/ei_reductio_f0_s7_t2.log	27115	
bucket	repo-hygiene/git_tip/artifacts/ign/podlogs_p3/ei_reductio_f0_s8_t2.log	22854	
bucket	repo-hygiene/git_tip/artifacts/ign/podlogs_p3/ei_reductio_f0_s8_t2_ivK.log	2936	
bucket	repo-hygiene/git_tip/artifacts/ign/podlogs_p3/ei_reductio_f0_s8_t2_ivK_c.log	8685	
bucket	repo-hygiene/git_tip/artifacts/ign/podlogs_p3/ei_reductio_f0_s8_t2_ivS.log	14678	
bucket	repo-hygiene/git_tip/artifacts/ign/podlogs_p3/ei_reductio_f0_s8_t2_ivT.log	2927	
bucket	repo-hygiene/git_tip/artifacts/ign/podlogs_p3/ei_reductio_f0_s8_t2_ivT_c.log	8685	
bucket	repo-hygiene/git_tip/artifacts/ign/podlogs_p3/ei_reductio_f0_s9_t2.log	23991	
bucket	repo-hygiene/git_tip/artifacts/ign/podlogs_p3/ei_reductio_f0_s9_t2_ivK.log	2905	
bucket	repo-hygiene/git_tip/artifacts/ign/podlogs_p3/ei_reductio_f0_s9_t2_ivK_c.log	10048	
bucket	repo-hygiene/git_tip/artifacts/ign/podlogs_p3/ei_reductio_f0_s9_t2_ivS.log	14350	
bucket	repo-hygiene/git_tip/artifacts/ign/podlogs_p3/ei_reductio_f0_s9_t2_ivT.log	2879	
bucket	repo-hygiene/git_tip/artifacts/ign/podlogs_p3/ei_reductio_f0_s9_t2_ivT_c.log	10075	
bucket	repo-hygiene/git_tip/artifacts/ign/podlogs_p3/q3A.log	905	
bucket	repo-hygiene/git_tip/artifacts/ign/podlogs_p3/q3B.log	101	
bucket	repo-hygiene/git_tip/artifacts/ign/podlogs_p3/q3B2.log	34	
bucket	repo-hygiene/git_tip/artifacts/ign/podlogs_p3/q3B3.log	105	
bucket	repo-hygiene/git_tip/artifacts/ign/podlogs_p3/q3B4.log	174	
bucket	repo-hygiene/git_tip/artifacts/ign/podlogs_p3/q3C.log	161	
bucket	repo-hygiene/git_tip/artifacts/ign/podlogs_p3/q3C2.log	637	
bucket	repo-hygiene/git_tip/artifacts/ign/podlogs_p3/q3D.log	420	
bucket	repo-hygiene/git_tip/artifacts/ign/podlogs_p3/q3E.log	843	
bucket	repo-hygiene/git_tip/artifacts/ign/podlogs_p3/q3F.log	450	
bucket	repo-hygiene/git_tip/artifacts/ign/podlogs_p3/stage1_reductio_f0_s10.log	1601	
bucket	repo-hygiene/git_tip/artifacts/ign/podlogs_p3/stage1_reductio_f0_s5.log	1597	
bucket	repo-hygiene/git_tip/artifacts/ign/podlogs_p3/stage1_reductio_f0_s6.log	1599	
bucket	repo-hygiene/git_tip/artifacts/ign/podlogs_p3/stage1_reductio_f0_s7.log	1599	
bucket	repo-hygiene/git_tip/artifacts/ign/podlogs_p3/stage1_reductio_f0_s8.log	1599	
bucket	repo-hygiene/git_tip/artifacts/ign/podlogs_p3/stage1_reductio_f0_s9.log	1599	
bucket	repo-hygiene/git_tip/artifacts/ign/summary.json	172420	
bucket	repo-hygiene/git_tip/artifacts/ign/summary_examples.md	7476	
bucket	repo-hygiene/git_tip/artifacts/ign/summary_partial.json	168431	
bucket	repo-hygiene/git_tip/artifacts/ign/summary_partial_examples.md	7085	
bucket	repo-hygiene/git_tip/artifacts/ign/summary_partial_table.md	5582	
bucket	repo-hygiene/git_tip/artifacts/ign/summary_table.md	5583	
bucket	repo-hygiene/git_tip/artifacts/k128.log	1847	
bucket	repo-hygiene/git_tip/artifacts/lf/analysis_stdout.txt	15440	
bucket	repo-hygiene/git_tip/artifacts/lf/disagreement_kinds.json	446	
bucket	repo-hygiene/git_tip/artifacts/lf/ei_d3_rand_s0.done	0	
bucket	repo-hygiene/git_tip/artifacts/lf/ei_d3_rand_s0/args.json	552	
bucket	repo-hygiene/git_tip/artifacts/lf/ei_d3_rand_s0/found_8.jsonl	603238	
bucket	repo-hygiene/git_tip/artifacts/lf/ei_d3_rand_s0/found_transfer_8.jsonl	313044	
bucket	repo-hygiene/git_tip/artifacts/lf/ei_d3_rand_s0/record_found_8.jsonl	527558	
bucket	repo-hygiene/git_tip/artifacts/lf/ei_d3_rand_s0/record_found_transfer_8.jsonl	273278	
bucket	repo-hygiene/git_tip/artifacts/lf/ei_d3_rand_s0/round_1.json	9098	
bucket	repo-hygiene/git_tip/artifacts/lf/ei_d3_rand_s0/round_2.json	9175	
bucket	repo-hygiene/git_tip/artifacts/lf/ei_d3_rand_s0/round_3.json	9196	
bucket	repo-hygiene/git_tip/artifacts/lf/ei_d3_rand_s0/round_4.json	9177	
bucket	repo-hygiene/git_tip/artifacts/lf/ei_d3_rand_s0/round_5.json	9197	
bucket	repo-hygiene/git_tip/artifacts/lf/ei_d3_rand_s0/round_6.json	9176	
bucket	repo-hygiene/git_tip/artifacts/lf/ei_d3_rand_s0/round_7.json	9173	
bucket	repo-hygiene/git_tip/artifacts/lf/ei_d3_rand_s0/round_8.json	9163	
bucket	repo-hygiene/git_tip/artifacts/lf/ei_d3_rand_s1.done	0	
bucket	repo-hygiene/git_tip/artifacts/lf/ei_d3_rand_s1/args.json	552	
bucket	repo-hygiene/git_tip/artifacts/lf/ei_d3_rand_s1/found_8.jsonl	635787	
bucket	repo-hygiene/git_tip/artifacts/lf/ei_d3_rand_s1/found_transfer_8.jsonl	330886	
bucket	repo-hygiene/git_tip/artifacts/lf/ei_d3_rand_s1/record_found_8.jsonl	555614	
bucket	repo-hygiene/git_tip/artifacts/lf/ei_d3_rand_s1/record_found_transfer_8.jsonl	288298	
bucket	repo-hygiene/git_tip/artifacts/lf/ei_d3_rand_s1/round_1.json	9051	
bucket	repo-hygiene/git_tip/artifacts/lf/ei_d3_rand_s1/round_2.json	9159	
bucket	repo-hygiene/git_tip/artifacts/lf/ei_d3_rand_s1/round_3.json	9190	
bucket	repo-hygiene/git_tip/artifacts/lf/ei_d3_rand_s1/round_4.json	9163	
bucket	repo-hygiene/git_tip/artifacts/lf/ei_d3_rand_s1/round_5.json	9211	
bucket	repo-hygiene/git_tip/artifacts/lf/ei_d3_rand_s1/round_6.json	9172	
bucket	repo-hygiene/git_tip/artifacts/lf/ei_d3_rand_s1/round_7.json	9276	
bucket	repo-hygiene/git_tip/artifacts/lf/ei_d3_rand_s1/round_8.json	9253	
bucket	repo-hygiene/git_tip/artifacts/lf/ei_d3_seq_s0.done	0	
bucket	repo-hygiene/git_tip/artifacts/lf/ei_d3_seq_s0/args.json	550	
bucket	repo-hygiene/git_tip/artifacts/lf/ei_d3_seq_s0/found_8.jsonl	666583	
bucket	repo-hygiene/git_tip/artifacts/lf/ei_d3_seq_s0/found_transfer_8.jsonl	358613	
bucket	repo-hygiene/git_tip/artifacts/lf/ei_d3_seq_s0/record_found_8.jsonl	582107	
bucket	repo-hygiene/git_tip/artifacts/lf/ei_d3_seq_s0/record_found_transfer_8.jsonl	312564	
bucket	repo-hygiene/git_tip/artifacts/lf/ei_d3_seq_s0/round_1.json	9117	
bucket	repo-hygiene/git_tip/artifacts/lf/ei_d3_seq_s0/round_2.json	9112	
bucket	repo-hygiene/git_tip/artifacts/lf/ei_d3_seq_s0/round_3.json	9235	
bucket	repo-hygiene/git_tip/artifacts/lf/ei_d3_seq_s0/round_4.json	9210	
bucket	repo-hygiene/git_tip/artifacts/lf/ei_d3_seq_s0/round_5.json	9271	
bucket	repo-hygiene/git_tip/artifacts/lf/ei_d3_seq_s0/round_6.json	9236	
bucket	repo-hygiene/git_tip/artifacts/lf/ei_d3_seq_s0/round_7.json	9302	
bucket	repo-hygiene/git_tip/artifacts/lf/ei_d3_seq_s0/round_8.json	9297	
bucket	repo-hygiene/git_tip/artifacts/lf/ei_d3_seq_s1.done	0	
bucket	repo-hygiene/git_tip/artifacts/lf/ei_d3_seq_s1/args.json	550	
bucket	repo-hygiene/git_tip/artifacts/lf/ei_d3_seq_s1/found_8.jsonl	695698	
bucket	repo-hygiene/git_tip/artifacts/lf/ei_d3_seq_s1/found_transfer_8.jsonl	381354	
bucket	repo-hygiene/git_tip/artifacts/lf/ei_d3_seq_s1/record_found_8.jsonl	608068	
bucket	repo-hygiene/git_tip/artifacts/lf/ei_d3_seq_s1/record_found_transfer_8.jsonl	332345	
bucket	repo-hygiene/git_tip/artifacts/lf/ei_d3_seq_s1/round_1.json	8994	
bucket	repo-hygiene/git_tip/artifacts/lf/ei_d3_seq_s1/round_2.json	9170	
bucket	repo-hygiene/git_tip/artifacts/lf/ei_d3_seq_s1/round_3.json	9168	
bucket	repo-hygiene/git_tip/artifacts/lf/ei_d3_seq_s1/round_4.json	9254	
bucket	repo-hygiene/git_tip/artifacts/lf/ei_d3_seq_s1/round_5.json	9269	
bucket	repo-hygiene/git_tip/artifacts/lf/ei_d3_seq_s1/round_6.json	9235	
bucket	repo-hygiene/git_tip/artifacts/lf/ei_d3_seq_s1/round_7.json	9274	
bucket	repo-hygiene/git_tip/artifacts/lf/ei_d3_seq_s1/round_8.json	9370	
bucket	repo-hygiene/git_tip/artifacts/lf/frozen_d3_rand_s0.done	0	
bucket	repo-hygiene/git_tip/artifacts/lf/frozen_d3_rand_s0/args.json	555	
bucket	repo-hygiene/git_tip/artifacts/lf/frozen_d3_rand_s0/found_8.jsonl	294978	
bucket	repo-hygiene/git_tip/artifacts/lf/frozen_d3_rand_s0/found_transfer_8.jsonl	134044	
bucket	repo-hygiene/git_tip/artifacts/lf/frozen_d3_rand_s0/record_found_8.jsonl	256420	
bucket	repo-hygiene/git_tip/artifacts/lf/frozen_d3_rand_s0/record_found_transfer_8.jsonl	116111	
bucket	repo-hygiene/git_tip/artifacts/lf/frozen_d3_rand_s0/round_1.json	9048	
bucket	repo-hygiene/git_tip/artifacts/lf/frozen_d3_rand_s0/round_2.json	9042	
bucket	repo-hygiene/git_tip/artifacts/lf/frozen_d3_rand_s0/round_3.json	8994	
bucket	repo-hygiene/git_tip/artifacts/lf/frozen_d3_rand_s0/round_4.json	9044	
bucket	repo-hygiene/git_tip/artifacts/lf/frozen_d3_rand_s0/round_5.json	9031	
bucket	repo-hygiene/git_tip/artifacts/lf/frozen_d3_rand_s0/round_6.json	9030	
bucket	repo-hygiene/git_tip/artifacts/lf/frozen_d3_rand_s0/round_7.json	9044	
bucket	repo-hygiene/git_tip/artifacts/lf/frozen_d3_rand_s0/round_8.json	9043	
bucket	repo-hygiene/git_tip/artifacts/lf/frozen_d3_rand_s1.done	0	
bucket	repo-hygiene/git_tip/artifacts/lf/frozen_d3_rand_s1/args.json	555	
bucket	repo-hygiene/git_tip/artifacts/lf/frozen_d3_rand_s1/found_8.jsonl	352696	
bucket	repo-hygiene/git_tip/artifacts/lf/frozen_d3_rand_s1/found_transfer_8.jsonl	178441	
bucket	repo-hygiene/git_tip/artifacts/lf/frozen_d3_rand_s1/record_found_8.jsonl	306648	
bucket	repo-hygiene/git_tip/artifacts/lf/frozen_d3_rand_s1/record_found_transfer_8.jsonl	154813	
bucket	repo-hygiene/git_tip/artifacts/lf/frozen_d3_rand_s1/round_1.json	9002	
bucket	repo-hygiene/git_tip/artifacts/lf/frozen_d3_rand_s1/round_2.json	9009	
bucket	repo-hygiene/git_tip/artifacts/lf/frozen_d3_rand_s1/round_3.json	8990	
bucket	repo-hygiene/git_tip/artifacts/lf/frozen_d3_rand_s1/round_4.json	9039	
bucket	repo-hygiene/git_tip/artifacts/lf/frozen_d3_rand_s1/round_5.json	9014	
bucket	repo-hygiene/git_tip/artifacts/lf/frozen_d3_rand_s1/round_6.json	9028	
bucket	repo-hygiene/git_tip/artifacts/lf/frozen_d3_rand_s1/round_7.json	9002	
bucket	repo-hygiene/git_tip/artifacts/lf/frozen_d3_rand_s1/round_8.json	9029	
bucket	repo-hygiene/git_tip/artifacts/lf/frozen_d3_seq_s0.done	0	
bucket	repo-hygiene/git_tip/artifacts/lf/frozen_d3_seq_s0/args.json	553	
bucket	repo-hygiene/git_tip/artifacts/lf/frozen_d3_seq_s0/found_8.jsonl	339768	
bucket	repo-hygiene/git_tip/artifacts/lf/frozen_d3_seq_s0/found_transfer_8.jsonl	157173	
bucket	repo-hygiene/git_tip/artifacts/lf/frozen_d3_seq_s0/record_found_8.jsonl	294685	
bucket	repo-hygiene/git_tip/artifacts/lf/frozen_d3_seq_s0/record_found_transfer_8.jsonl	135672	
bucket	repo-hygiene/git_tip/artifacts/lf/frozen_d3_seq_s0/round_1.json	9068	
bucket	repo-hygiene/git_tip/artifacts/lf/frozen_d3_seq_s0/round_2.json	9076	
bucket	repo-hygiene/git_tip/artifacts/lf/frozen_d3_seq_s0/round_3.json	9016	
bucket	repo-hygiene/git_tip/artifacts/lf/frozen_d3_seq_s0/round_4.json	9037	
bucket	repo-hygiene/git_tip/artifacts/lf/frozen_d3_seq_s0/round_5.json	9000	
bucket	repo-hygiene/git_tip/artifacts/lf/frozen_d3_seq_s0/round_6.json	9004	
bucket	repo-hygiene/git_tip/artifacts/lf/frozen_d3_seq_s0/round_7.json	9033	
bucket	repo-hygiene/git_tip/artifacts/lf/frozen_d3_seq_s0/round_8.json	9028	
bucket	repo-hygiene/git_tip/artifacts/lf/frozen_d3_seq_s1.done	0	
bucket	repo-hygiene/git_tip/artifacts/lf/frozen_d3_seq_s1/args.json	553	
bucket	repo-hygiene/git_tip/artifacts/lf/frozen_d3_seq_s1/found_8.jsonl	256638	
bucket	repo-hygiene/git_tip/artifacts/lf/frozen_d3_seq_s1/found_transfer_8.jsonl	135523	
bucket	repo-hygiene/git_tip/artifacts/lf/frozen_d3_seq_s1/record_found_8.jsonl	223275	
bucket	repo-hygiene/git_tip/artifacts/lf/frozen_d3_seq_s1/record_found_transfer_8.jsonl	117538	
bucket	repo-hygiene/git_tip/artifacts/lf/frozen_d3_seq_s1/round_1.json	8945	
bucket	repo-hygiene/git_tip/artifacts/lf/frozen_d3_seq_s1/round_2.json	8987	
bucket	repo-hygiene/git_tip/artifacts/lf/frozen_d3_seq_s1/round_3.json	9006	
bucket	repo-hygiene/git_tip/artifacts/lf/frozen_d3_seq_s1/round_4.json	8995	
bucket	repo-hygiene/git_tip/artifacts/lf/frozen_d3_seq_s1/round_5.json	8969	
bucket	repo-hygiene/git_tip/artifacts/lf/frozen_d3_seq_s1/round_6.json	8984	
bucket	repo-hygiene/git_tip/artifacts/lf/frozen_d3_seq_s1/round_7.json	9013	
bucket	repo-hygiene/git_tip/artifacts/lf/frozen_d3_seq_s1/round_8.json	9002	
bucket	repo-hygiene/git_tip/artifacts/lf/gate_ei_d3_rand_s0.disagree.jsonl	15013	
bucket	repo-hygiene/git_tip/artifacts/lf/gate_ei_d3_rand_s0.jsonl	15486	
bucket	repo-hygiene/git_tip/artifacts/lf/gate_ei_d3_rand_s1.disagree.jsonl	4245	
bucket	repo-hygiene/git_tip/artifacts/lf/gate_ei_d3_rand_s1.jsonl	14937	
bucket	repo-hygiene/git_tip/artifacts/lf/gate_ei_d3_seq_s0.disagree.jsonl	30138	
bucket	repo-hygiene/git_tip/artifacts/lf/gate_ei_d3_seq_s0.jsonl	15125	
bucket	repo-hygiene/git_tip/artifacts/lf/gate_ei_d3_seq_s1.disagree.jsonl	7331	
bucket	repo-hygiene/git_tip/artifacts/lf/gate_ei_d3_seq_s1.jsonl	14744	
bucket	repo-hygiene/git_tip/artifacts/lf/gate_frozen_d3_rand_s0.disagree.jsonl	4790	
bucket	repo-hygiene/git_tip/artifacts/lf/gate_frozen_d3_rand_s0.jsonl	15704	
bucket	repo-hygiene/git_tip/artifacts/lf/gate_frozen_d3_rand_s1.disagree.jsonl	9272	
bucket	repo-hygiene/git_tip/artifacts/lf/gate_frozen_d3_rand_s1.jsonl	15682	
bucket	repo-hygiene/git_tip/artifacts/lf/gate_frozen_d3_seq_s0.disagree.jsonl	22532	
bucket	repo-hygiene/git_tip/artifacts/lf/gate_frozen_d3_seq_s0.jsonl	15817	
bucket	repo-hygiene/git_tip/artifacts/lf/gate_frozen_d3_seq_s1.disagree.jsonl	10652	
bucket	repo-hygiene/git_tip/artifacts/lf/gate_frozen_d3_seq_s1.jsonl	15513	
bucket	repo-hygiene/git_tip/artifacts/lf/gate_la_T1_rand_s0.disagree.jsonl	7186	
bucket	repo-hygiene/git_tip/artifacts/lf/gate_la_T1_rand_s0.jsonl	17237	
bucket	repo-hygiene/git_tip/artifacts/lf/gate_la_T1_rand_s1.disagree.jsonl	12507	
bucket	repo-hygiene/git_tip/artifacts/lf/gate_la_T1_rand_s1.jsonl	17243	
bucket	repo-hygiene/git_tip/artifacts/lf/gate_la_T1_seq_s0.disagree.jsonl	13426	
bucket	repo-hygiene/git_tip/artifacts/lf/gate_la_T1_seq_s0.jsonl	18030	
bucket	repo-hygiene/git_tip/artifacts/lf/gate_la_T1_seq_s1.disagree.jsonl	14986	
bucket	repo-hygiene/git_tip/artifacts/lf/gate_la_T1_seq_s1.jsonl	18266	
bucket	repo-hygiene/git_tip/artifacts/lf/gate_la_frozen_rand_s0.disagree.jsonl	48442	
bucket	repo-hygiene/git_tip/artifacts/lf/gate_la_frozen_rand_s0.jsonl	17274	
bucket	repo-hygiene/git_tip/artifacts/lf/gate_la_frozen_rand_s1.disagree.jsonl	48508	
bucket	repo-hygiene/git_tip/artifacts/lf/gate_la_frozen_rand_s1.jsonl	17320	
bucket	repo-hygiene/git_tip/artifacts/lf/gate_la_frozen_seq_s0.disagree.jsonl	46517	
bucket	repo-hygiene/git_tip/artifacts/lf/gate_la_frozen_seq_s0.jsonl	18361	
bucket	repo-hygiene/git_tip/artifacts/lf/gate_la_frozen_seq_s1.disagree.jsonl	39166	
bucket	repo-hygiene/git_tip/artifacts/lf/gate_la_frozen_seq_s1.jsonl	18326	
bucket	repo-hygiene/git_tip/artifacts/lf/gate_mech_full_rand.jsonl	612	
bucket	repo-hygiene/git_tip/artifacts/lf/gate_mech_full_seq.disagree.jsonl	1012	
bucket	repo-hygiene/git_tip/artifacts/lf/gate_mech_full_seq.jsonl	611	
bucket	repo-hygiene/git_tip/artifacts/lf/gate_mech_full_seqfixed.disagree.jsonl	796	
bucket	repo-hygiene/git_tip/artifacts/lf/gate_mech_full_seqfixed.jsonl	1060	
bucket	repo-hygiene/git_tip/artifacts/lf/gate_selftest.jsonl	302	
bucket	repo-hygiene/git_tip/artifacts/lf/gate_timing_d3_rand.disagree.jsonl	394	
bucket	repo-hygiene/git_tip/artifacts/lf/gate_timing_d3_rand.jsonl	1991	
bucket	repo-hygiene/git_tip/artifacts/lf/gate_timing_d3_seq.disagree.jsonl	1029	
bucket	repo-hygiene/git_tip/artifacts/lf/gate_timing_d3_seq.jsonl	1928	
bucket	repo-hygiene/git_tip/artifacts/lf/gate_timing_la_rand.disagree.jsonl	5328	
bucket	repo-hygiene/git_tip/artifacts/lf/gate_timing_la_rand.jsonl	2210	
bucket	repo-hygiene/git_tip/artifacts/lf/gate_timing_la_seq.disagree.jsonl	5688	
bucket	repo-hygiene/git_tip/artifacts/lf/gate_timing_la_seq.jsonl	2286	
bucket	repo-hygiene/git_tip/artifacts/lf/la_T1_rand_s0.done	0	
bucket	repo-hygiene/git_tip/artifacts/lf/la_T1_rand_s0/alloc_8.json	351525	
bucket	repo-hygiene/git_tip/artifacts/lf/la_T1_rand_s0/args.json	678	
bucket	repo-hygiene/git_tip/artifacts/lf/la_T1_rand_s0/found_8.jsonl	3750443	
bucket	repo-hygiene/git_tip/artifacts/lf/la_T1_rand_s0/found_transfer_8.jsonl	1203554	
bucket	repo-hygiene/git_tip/artifacts/lf/la_T1_rand_s0/record_found_8.jsonl	2019711	
bucket	repo-hygiene/git_tip/artifacts/lf/la_T1_rand_s0/record_found_transfer_8.jsonl	642003	
bucket	repo-hygiene/git_tip/artifacts/lf/la_T1_rand_s0/round_1.json	10127	
bucket	repo-hygiene/git_tip/artifacts/lf/la_T1_rand_s0/round_2.json	10321	
bucket	repo-hygiene/git_tip/artifacts/lf/la_T1_rand_s0/round_3.json	10446	
bucket	repo-hygiene/git_tip/artifacts/lf/la_T1_rand_s0/round_4.json	10449	
bucket	repo-hygiene/git_tip/artifacts/lf/la_T1_rand_s0/round_5.json	10520	
bucket	repo-hygiene/git_tip/artifacts/lf/la_T1_rand_s0/round_6.json	10599	
bucket	repo-hygiene/git_tip/artifacts/lf/la_T1_rand_s0/round_7.json	10617	
bucket	repo-hygiene/git_tip/artifacts/lf/la_T1_rand_s0/round_8.json	10673	
bucket	repo-hygiene/git_tip/artifacts/lf/la_T1_rand_s1.done	0	
bucket	repo-hygiene/git_tip/artifacts/lf/la_T1_rand_s1/alloc_8.json	351627	
bucket	repo-hygiene/git_tip/artifacts/lf/la_T1_rand_s1/args.json	678	
bucket	repo-hygiene/git_tip/artifacts/lf/la_T1_rand_s1/found_8.jsonl	3727496	
bucket	repo-hygiene/git_tip/artifacts/lf/la_T1_rand_s1/found_transfer_8.jsonl	1244279	
bucket	repo-hygiene/git_tip/artifacts/lf/la_T1_rand_s1/record_found_8.jsonl	2008586	
bucket	repo-hygiene/git_tip/artifacts/lf/la_T1_rand_s1/record_found_transfer_8.jsonl	664432	
bucket	repo-hygiene/git_tip/artifacts/lf/la_T1_rand_s1/round_1.json	10139	
bucket	repo-hygiene/git_tip/artifacts/lf/la_T1_rand_s1/round_2.json	10316	
bucket	repo-hygiene/git_tip/artifacts/lf/la_T1_rand_s1/round_3.json	10408	
bucket	repo-hygiene/git_tip/artifacts/lf/la_T1_rand_s1/round_4.json	10369	
bucket	repo-hygiene/git_tip/artifacts/lf/la_T1_rand_s1/round_5.json	10512	
bucket	repo-hygiene/git_tip/artifacts/lf/la_T1_rand_s1/round_6.json	10613	
bucket	repo-hygiene/git_tip/artifacts/lf/la_T1_rand_s1/round_7.json	10627	
bucket	repo-hygiene/git_tip/artifacts/lf/la_T1_rand_s1/round_8.json	10650	
bucket	repo-hygiene/git_tip/artifacts/lf/la_T1_seq_s0.done	0	
bucket	repo-hygiene/git_tip/artifacts/lf/la_T1_seq_s0/alloc_8.json	352131	
bucket	repo-hygiene/git_tip/artifacts/lf/la_T1_seq_s0/args.json	676	
bucket	repo-hygiene/git_tip/artifacts/lf/la_T1_seq_s0/found_8.jsonl	4998309	
bucket	repo-hygiene/git_tip/artifacts/lf/la_T1_seq_s0/found_transfer_8.jsonl	2104981	
bucket	repo-hygiene/git_tip/artifacts/lf/la_T1_seq_s0/record_found_8.jsonl	2689369	
bucket	repo-hygiene/git_tip/artifacts/lf/la_T1_seq_s0/record_found_transfer_8.jsonl	1122379	
bucket	repo-hygiene/git_tip/artifacts/lf/la_T1_seq_s0/round_1.json	10335	
bucket	repo-hygiene/git_tip/artifacts/lf/la_T1_seq_s0/round_2.json	10375	
bucket	repo-hygiene/git_tip/artifacts/lf/la_T1_seq_s0/round_3.json	10568	
bucket	repo-hygiene/git_tip/artifacts/lf/la_T1_seq_s0/round_4.json	10688	
bucket	repo-hygiene/git_tip/artifacts/lf/la_T1_seq_s0/round_5.json	10751	
bucket	repo-hygiene/git_tip/artifacts/lf/la_T1_seq_s0/round_6.json	10799	
bucket	repo-hygiene/git_tip/artifacts/lf/la_T1_seq_s0/round_7.json	10733	
bucket	repo-hygiene/git_tip/artifacts/lf/la_T1_seq_s0/round_8.json	10815	
bucket	repo-hygiene/git_tip/artifacts/lf/la_T1_seq_s1.done	0	
bucket	repo-hygiene/git_tip/artifacts/lf/la_T1_seq_s1/alloc_8.json	352253	
bucket	repo-hygiene/git_tip/artifacts/lf/la_T1_seq_s1/args.json	676	
bucket	repo-hygiene/git_tip/artifacts/lf/la_T1_seq_s1/found_8.jsonl	5228651	
bucket	repo-hygiene/git_tip/artifacts/lf/la_T1_seq_s1/found_transfer_8.jsonl	2127131	
bucket	repo-hygiene/git_tip/artifacts/lf/la_T1_seq_s1/record_found_8.jsonl	2812638	
bucket	repo-hygiene/git_tip/artifacts/lf/la_T1_seq_s1/record_found_transfer_8.jsonl	1134311	
bucket	repo-hygiene/git_tip/artifacts/lf/la_T1_seq_s1/round_1.json	10346	
bucket	repo-hygiene/git_tip/artifacts/lf/la_T1_seq_s1/round_2.json	10455	
bucket	repo-hygiene/git_tip/artifacts/lf/la_T1_seq_s1/round_3.json	10539	
bucket	repo-hygiene/git_tip/artifacts/lf/la_T1_seq_s1/round_4.json	10647	
bucket	repo-hygiene/git_tip/artifacts/lf/la_T1_seq_s1/round_5.json	10763	
bucket	repo-hygiene/git_tip/artifacts/lf/la_T1_seq_s1/round_6.json	10755	
bucket	repo-hygiene/git_tip/artifacts/lf/la_T1_seq_s1/round_7.json	10829	
bucket	repo-hygiene/git_tip/artifacts/lf/la_T1_seq_s1/round_8.json	10812	
bucket	repo-hygiene/git_tip/artifacts/lf/la_frozen_rand_s0.done	0	
bucket	repo-hygiene/git_tip/artifacts/lf/la_frozen_rand_s0/alloc_8.json	349039	
bucket	repo-hygiene/git_tip/artifacts/lf/la_frozen_rand_s0/args.json	681	
bucket	repo-hygiene/git_tip/artifacts/lf/la_frozen_rand_s0/found_8.jsonl	2044638	
bucket	repo-hygiene/git_tip/artifacts/lf/la_frozen_rand_s0/found_transfer_8.jsonl	318422	
bucket	repo-hygiene/git_tip/artifacts/lf/la_frozen_rand_s0/record_found_8.jsonl	1104827	
bucket	repo-hygiene/git_tip/artifacts/lf/la_frozen_rand_s0/record_found_transfer_8.jsonl	170908	
bucket	repo-hygiene/git_tip/artifacts/lf/la_frozen_rand_s0/round_1.json	10076	
bucket	repo-hygiene/git_tip/artifacts/lf/la_frozen_rand_s0/round_2.json	10154	
bucket	repo-hygiene/git_tip/artifacts/lf/la_frozen_rand_s0/round_3.json	10138	
bucket	repo-hygiene/git_tip/artifacts/lf/la_frozen_rand_s0/round_4.json	10109	
bucket	repo-hygiene/git_tip/artifacts/lf/la_frozen_rand_s0/round_5.json	10191	
bucket	repo-hygiene/git_tip/artifacts/lf/la_frozen_rand_s0/round_6.json	10146	
bucket	repo-hygiene/git_tip/artifacts/lf/la_frozen_rand_s0/round_7.json	10242	
bucket	repo-hygiene/git_tip/artifacts/lf/la_frozen_rand_s0/round_8.json	10113	
bucket	repo-hygiene/git_tip/artifacts/lf/la_frozen_rand_s1.done	0	
bucket	repo-hygiene/git_tip/artifacts/lf/la_frozen_rand_s1/alloc_8.json	349032	
bucket	repo-hygiene/git_tip/artifacts/lf/la_frozen_rand_s1/args.json	681	
bucket	repo-hygiene/git_tip/artifacts/lf/la_frozen_rand_s1/found_8.jsonl	2032422	
bucket	repo-hygiene/git_tip/artifacts/lf/la_frozen_rand_s1/found_transfer_8.jsonl	304413	
bucket	repo-hygiene/git_tip/artifacts/lf/la_frozen_rand_s1/record_found_8.jsonl	1097561	
bucket	repo-hygiene/git_tip/artifacts/lf/la_frozen_rand_s1/record_found_transfer_8.jsonl	163460	
bucket	repo-hygiene/git_tip/artifacts/lf/la_frozen_rand_s1/round_1.json	10088	
bucket	repo-hygiene/git_tip/artifacts/lf/la_frozen_rand_s1/round_2.json	10053	
bucket	repo-hygiene/git_tip/artifacts/lf/la_frozen_rand_s1/round_3.json	10077	
bucket	repo-hygiene/git_tip/artifacts/lf/la_frozen_rand_s1/round_4.json	10060	
bucket	repo-hygiene/git_tip/artifacts/lf/la_frozen_rand_s1/round_5.json	10079	
bucket	repo-hygiene/git_tip/artifacts/lf/la_frozen_rand_s1/round_6.json	10162	
bucket	repo-hygiene/git_tip/artifacts/lf/la_frozen_rand_s1/round_7.json	10101	
bucket	repo-hygiene/git_tip/artifacts/lf/la_frozen_rand_s1/round_8.json	10158	
bucket	repo-hygiene/git_tip/artifacts/lf/la_frozen_seq_s0.done	0	
bucket	repo-hygiene/git_tip/artifacts/lf/la_frozen_seq_s0/alloc_8.json	349581	
bucket	repo-hygiene/git_tip/artifacts/lf/la_frozen_seq_s0/args.json	679	
bucket	repo-hygiene/git_tip/artifacts/lf/la_frozen_seq_s0/found_8.jsonl	2616259	
bucket	repo-hygiene/git_tip/artifacts/lf/la_frozen_seq_s0/found_transfer_8.jsonl	491687	
bucket	repo-hygiene/git_tip/artifacts/lf/la_frozen_seq_s0/record_found_8.jsonl	1410312	
bucket	repo-hygiene/git_tip/artifacts/lf/la_frozen_seq_s0/record_found_transfer_8.jsonl	263060	
bucket	repo-hygiene/git_tip/artifacts/lf/la_frozen_seq_s0/round_1.json	10284	
bucket	repo-hygiene/git_tip/artifacts/lf/la_frozen_seq_s0/round_2.json	10266	
bucket	repo-hygiene/git_tip/artifacts/lf/la_frozen_seq_s0/round_3.json	10269	
bucket	repo-hygiene/git_tip/artifacts/lf/la_frozen_seq_s0/round_4.json	10282	
bucket	repo-hygiene/git_tip/artifacts/lf/la_frozen_seq_s0/round_5.json	10259	
bucket	repo-hygiene/git_tip/artifacts/lf/la_frozen_seq_s0/round_6.json	10278	
bucket	repo-hygiene/git_tip/artifacts/lf/la_frozen_seq_s0/round_7.json	10274	
bucket	repo-hygiene/git_tip/artifacts/lf/la_frozen_seq_s0/round_8.json	10271	
bucket	repo-hygiene/git_tip/artifacts/lf/la_frozen_seq_s1.done	0	
bucket	repo-hygiene/git_tip/artifacts/lf/la_frozen_seq_s1/alloc_8.json	349573	
bucket	repo-hygiene/git_tip/artifacts/lf/la_frozen_seq_s1/args.json	679	
bucket	repo-hygiene/git_tip/artifacts/lf/la_frozen_seq_s1/found_8.jsonl	2610896	
bucket	repo-hygiene/git_tip/artifacts/lf/la_frozen_seq_s1/found_transfer_8.jsonl	488786	
bucket	repo-hygiene/git_tip/artifacts/lf/la_frozen_seq_s1/record_found_8.jsonl	1407444	
bucket	repo-hygiene/git_tip/artifacts/lf/la_frozen_seq_s1/record_found_transfer_8.jsonl	261401	
bucket	repo-hygiene/git_tip/artifacts/lf/la_frozen_seq_s1/round_1.json	10295	
bucket	repo-hygiene/git_tip/artifacts/lf/la_frozen_seq_s1/round_2.json	10230	
bucket	repo-hygiene/git_tip/artifacts/lf/la_frozen_seq_s1/round_3.json	10289	
bucket	repo-hygiene/git_tip/artifacts/lf/la_frozen_seq_s1/round_4.json	10278	
bucket	repo-hygiene/git_tip/artifacts/lf/la_frozen_seq_s1/round_5.json	10256	
bucket	repo-hygiene/git_tip/artifacts/lf/la_frozen_seq_s1/round_6.json	10285	
bucket	repo-hygiene/git_tip/artifacts/lf/la_frozen_seq_s1/round_7.json	10250	
bucket	repo-hygiene/git_tip/artifacts/lf/la_frozen_seq_s1/round_8.json	10259	
bucket	repo-hygiene/git_tip/artifacts/lf/logs/ei_d3_rand_s0.log	39169	
bucket	repo-hygiene/git_tip/artifacts/lf/logs/ei_d3_rand_s1.log	39337	
bucket	repo-hygiene/git_tip/artifacts/lf/logs/ei_d3_seq_s0.log	39516	
bucket	repo-hygiene/git_tip/artifacts/lf/logs/ei_d3_seq_s1.log	39560	
bucket	repo-hygiene/git_tip/artifacts/lf/logs/frozen_d3_rand_s0.log	35223	
bucket	repo-hygiene/git_tip/artifacts/lf/logs/frozen_d3_rand_s1.log	35309	
bucket	repo-hygiene/git_tip/artifacts/lf/logs/frozen_d3_seq_s0.log	35354	
bucket	repo-hygiene/git_tip/artifacts/lf/logs/frozen_d3_seq_s1.log	34769	
bucket	repo-hygiene/git_tip/artifacts/lf/logs/la_T1_rand_s0.log	36122	
bucket	repo-hygiene/git_tip/artifacts/lf/logs/la_T1_rand_s1.log	36135	
bucket	repo-hygiene/git_tip/artifacts/lf/logs/la_T1_seq_s0.log	36226	
bucket	repo-hygiene/git_tip/artifacts/lf/logs/la_T1_seq_s1.log	36293	
bucket	repo-hygiene/git_tip/artifacts/lf/logs/la_frozen_rand_s0.log	31878	
bucket	repo-hygiene/git_tip/artifacts/lf/logs/la_frozen_rand_s1.log	31839	
bucket	repo-hygiene/git_tip/artifacts/lf/logs/la_frozen_seq_s0.log	31914	
bucket	repo-hygiene/git_tip/artifacts/lf/logs/la_frozen_seq_s1.log	31899	
bucket	repo-hygiene/git_tip/artifacts/lf/logs/mech_full_rand.log	2343	
bucket	repo-hygiene/git_tip/artifacts/lf/logs/mech_full_seq.log	2492	
bucket	repo-hygiene/git_tip/artifacts/lf/logs/mech_full_seqfixed.log	2647	
bucket	repo-hygiene/git_tip/artifacts/lf/logs/record_d3_rand.log	721	
bucket	repo-hygiene/git_tip/artifacts/lf/logs/record_d3_seq.log	710	
bucket	repo-hygiene/git_tip/artifacts/lf/logs/record_la_T1_rand_s0.log	285	
bucket	repo-hygiene/git_tip/artifacts/lf/logs/record_la_T1_rand_s1.log	285	
bucket	repo-hygiene/git_tip/artifacts/lf/logs/record_la_T1_seq_s0.log	281	
bucket	repo-hygiene/git_tip/artifacts/lf/logs/record_la_T1_seq_s1.log	281	
bucket	repo-hygiene/git_tip/artifacts/lf/logs/record_la_frozen_rand_s0.log	295	
bucket	repo-hygiene/git_tip/artifacts/lf/logs/record_la_frozen_rand_s1.log	295	
bucket	repo-hygiene/git_tip/artifacts/lf/logs/record_la_frozen_seq_s0.log	291	
bucket	repo-hygiene/git_tip/artifacts/lf/logs/record_la_frozen_seq_s1.log	291	
bucket	repo-hygiene/git_tip/artifacts/lf/logs/setup.log	780	
bucket	repo-hygiene/git_tip/artifacts/lf/logs/stage1_a1_rand_s0.log	1830	
bucket	repo-hygiene/git_tip/artifacts/lf/logs/stage1_a1_rand_s1.log	1835	
bucket	repo-hygiene/git_tip/artifacts/lf/logs/stage1_a1_seq_s0.log	1823	
bucket	repo-hygiene/git_tip/artifacts/lf/logs/stage1_a1_seq_s1.log	1830	
bucket	repo-hygiene/git_tip/artifacts/lf/logs/stage1_full_rand_s0.log	1812	
bucket	repo-hygiene/git_tip/artifacts/lf/logs/stage1_full_seq_s0.log	1808	
bucket	repo-hygiene/git_tip/artifacts/lf/logs/stage1_full_seqfixed_s0.log	1837	
bucket	repo-hygiene/git_tip/artifacts/lf/logs/timing_d3_rand.log	8679	
bucket	repo-hygiene/git_tip/artifacts/lf/logs/timing_d3_seq.log	8702	
bucket	repo-hygiene/git_tip/artifacts/lf/logs/timing_la_rand.log	7649	
bucket	repo-hygiene/git_tip/artifacts/lf/logs/timing_la_seq.log	7702	
bucket	repo-hygiene/git_tip/artifacts/lf/mech_full_rand.done	0	
bucket	repo-hygiene/git_tip/artifacts/lf/mech_full_seq.done	0	
bucket	repo-hygiene/git_tip/artifacts/lf/mech_full_seqfixed.done	0	
bucket	repo-hygiene/git_tip/artifacts/lf/record_d3_rand.done	0	
bucket	repo-hygiene/git_tip/artifacts/lf/record_d3_seq.done	0	
bucket	repo-hygiene/git_tip/artifacts/lf/record_ei_d3_rand_s0_found.json	300	
bucket	repo-hygiene/git_tip/artifacts/lf/record_ei_d3_rand_s0_found_transfer.json	308	
bucket	repo-hygiene/git_tip/artifacts/lf/record_ei_d3_rand_s1_found.json	304	
bucket	repo-hygiene/git_tip/artifacts/lf/record_ei_d3_rand_s1_found_transfer.json	308	
bucket	repo-hygiene/git_tip/artifacts/lf/record_ei_d3_seq_s0_found.json	303	
bucket	repo-hygiene/git_tip/artifacts/lf/record_ei_d3_seq_s0_found_transfer.json	307	
bucket	repo-hygiene/git_tip/artifacts/lf/record_ei_d3_seq_s1_found.json	303	
bucket	repo-hygiene/git_tip/artifacts/lf/record_ei_d3_seq_s1_found_transfer.json	307	
bucket	repo-hygiene/git_tip/artifacts/lf/record_frozen_d3_rand_s0_found.json	303	
bucket	repo-hygiene/git_tip/artifacts/lf/record_frozen_d3_rand_s0_found_transfer.json	312	
bucket	repo-hygiene/git_tip/artifacts/lf/record_frozen_d3_rand_s1_found.json	303	
bucket	repo-hygiene/git_tip/artifacts/lf/record_frozen_d3_rand_s1_found_transfer.json	312	
bucket	repo-hygiene/git_tip/artifacts/lf/record_frozen_d3_seq_s0_found.json	302	
bucket	repo-hygiene/git_tip/artifacts/lf/record_frozen_d3_seq_s0_found_transfer.json	311	
bucket	repo-hygiene/git_tip/artifacts/lf/record_frozen_d3_seq_s1_found.json	302	
bucket	repo-hygiene/git_tip/artifacts/lf/record_frozen_d3_seq_s1_found_transfer.json	311	
bucket	repo-hygiene/git_tip/artifacts/lf/record_la_T1_rand_s0.done	0	
bucket	repo-hygiene/git_tip/artifacts/lf/record_la_T1_rand_s0_found.json	304	
bucket	repo-hygiene/git_tip/artifacts/lf/record_la_T1_rand_s0_found_transfer.json	313	
bucket	repo-hygiene/git_tip/artifacts/lf/record_la_T1_rand_s1.done	0	
bucket	repo-hygiene/git_tip/artifacts/lf/record_la_T1_rand_s1_found.json	304	
bucket	repo-hygiene/git_tip/artifacts/lf/record_la_T1_rand_s1_found_transfer.json	313	
bucket	repo-hygiene/git_tip/artifacts/lf/record_la_T1_seq_s0.done	0	
bucket	repo-hygiene/git_tip/artifacts/lf/record_la_T1_seq_s0_found.json	303	
bucket	repo-hygiene/git_tip/artifacts/lf/record_la_T1_seq_s0_found_transfer.json	312	
bucket	repo-hygiene/git_tip/artifacts/lf/record_la_T1_seq_s1.done	0	
bucket	repo-hygiene/git_tip/artifacts/lf/record_la_T1_seq_s1_found.json	303	
bucket	repo-hygiene/git_tip/artifacts/lf/record_la_T1_seq_s1_found_transfer.json	312	
bucket	repo-hygiene/git_tip/artifacts/lf/record_la_frozen_rand_s0.done	0	
bucket	repo-hygiene/git_tip/artifacts/lf/record_la_frozen_rand_s0_found.json	308	
bucket	repo-hygiene/git_tip/artifacts/lf/record_la_frozen_rand_s0_found_transfer.json	312	
bucket	repo-hygiene/git_tip/artifacts/lf/record_la_frozen_rand_s1.done	0	
bucket	repo-hygiene/git_tip/artifacts/lf/record_la_frozen_rand_s1_found.json	308	
bucket	repo-hygiene/git_tip/artifacts/lf/record_la_frozen_rand_s1_found_transfer.json	312	
bucket	repo-hygiene/git_tip/artifacts/lf/record_la_frozen_seq_s0.done	0	
bucket	repo-hygiene/git_tip/artifacts/lf/record_la_frozen_seq_s0_found.json	307	
bucket	repo-hygiene/git_tip/artifacts/lf/record_la_frozen_seq_s0_found_transfer.json	311	
bucket	repo-hygiene/git_tip/artifacts/lf/record_la_frozen_seq_s1.done	0	
bucket	repo-hygiene/git_tip/artifacts/lf/record_la_frozen_seq_s1_found.json	307	
bucket	repo-hygiene/git_tip/artifacts/lf/record_la_frozen_seq_s1_found_transfer.json	311	
bucket	repo-hygiene/git_tip/artifacts/lf/seqlen.json	2647	
bucket	repo-hygiene/git_tip/artifacts/lf/stage1_a1_rand_s0.done	0	
bucket	repo-hygiene/git_tip/artifacts/lf/stage1_a1_rand_s1.done	0	
bucket	repo-hygiene/git_tip/artifacts/lf/stage1_a1_seq_s0.done	0	
bucket	repo-hygiene/git_tip/artifacts/lf/stage1_a1_seq_s1.done	0	
bucket	repo-hygiene/git_tip/artifacts/lf/stage1_full_rand_heldout_greedy.json	1238	
bucket	repo-hygiene/git_tip/artifacts/lf/stage1_full_rand_heldout_greedy.jsonl	2570105	
bucket	repo-hygiene/git_tip/artifacts/lf/stage1_full_rand_s0.done	0	
bucket	repo-hygiene/git_tip/artifacts/lf/stage1_full_rand_transfer2_k16.json	1973	
bucket	repo-hygiene/git_tip/artifacts/lf/stage1_full_rand_transfer2_k16.jsonl	1954797	
bucket	repo-hygiene/git_tip/artifacts/lf/stage1_full_seq_heldout_greedy.json	1255	
bucket	repo-hygiene/git_tip/artifacts/lf/stage1_full_seq_heldout_greedy.jsonl	2551984	
bucket	repo-hygiene/git_tip/artifacts/lf/stage1_full_seq_s0.done	0	
bucket	repo-hygiene/git_tip/artifacts/lf/stage1_full_seq_transfer2_k16.json	2227	
bucket	repo-hygiene/git_tip/artifacts/lf/stage1_full_seq_transfer2_k16.jsonl	1670728	
bucket	repo-hygiene/git_tip/artifacts/lf/stage1_full_seqfixed_heldout_greedy.json	1471	
bucket	repo-hygiene/git_tip/artifacts/lf/stage1_full_seqfixed_heldout_greedy.jsonl	2545594	
bucket	repo-hygiene/git_tip/artifacts/lf/stage1_full_seqfixed_s0.done	0	
bucket	repo-hygiene/git_tip/artifacts/lf/stage1_full_seqfixed_transfer2_k16.json	2211	
bucket	repo-hygiene/git_tip/artifacts/lf/stage1_full_seqfixed_transfer2_k16.jsonl	1668491	
bucket	repo-hygiene/git_tip/artifacts/lf/summary.json	56043	
bucket	repo-hygiene/git_tip/artifacts/lf/timing_d3_rand.done	0	
bucket	repo-hygiene/git_tip/artifacts/lf/timing_d3_rand/args.json	552	
bucket	repo-hygiene/git_tip/artifacts/lf/timing_d3_rand/round_1.json	9049	
bucket	repo-hygiene/git_tip/artifacts/lf/timing_d3_seq.done	0	
bucket	repo-hygiene/git_tip/artifacts/lf/timing_d3_seq/args.json	550	
bucket	repo-hygiene/git_tip/artifacts/lf/timing_d3_seq/round_1.json	9069	
bucket	repo-hygiene/git_tip/artifacts/lf/timing_d3_token_on_randpod/args.json	562	
bucket	repo-hygiene/git_tip/artifacts/lf/timing_d3_token_on_randpod/round_1.json	8609	
bucket	repo-hygiene/git_tip/artifacts/lf/timing_d3_token_on_seqpod/args.json	561	
bucket	repo-hygiene/git_tip/artifacts/lf/timing_d3_token_on_seqpod/round_1.json	8609	
bucket	repo-hygiene/git_tip/artifacts/lf/timing_la_rand.done	0	
bucket	repo-hygiene/git_tip/artifacts/lf/timing_la_rand/args.json	678	
bucket	repo-hygiene/git_tip/artifacts/lf/timing_la_rand/round_1.json	10075	
bucket	repo-hygiene/git_tip/artifacts/lf/timing_la_seq.done	0	
bucket	repo-hygiene/git_tip/artifacts/lf/timing_la_seq/args.json	676	
bucket	repo-hygiene/git_tip/artifacts/lf/timing_la_seq/round_1.json	10283	
bucket	repo-hygiene/git_tip/artifacts/lf/timing_la_token_on_randpod/args.json	678	
bucket	repo-hygiene/git_tip/artifacts/lf/timing_la_token_on_randpod/round_1.json	9609	
bucket	repo-hygiene/git_tip/artifacts/lf/timing_la_token_on_seqpod/args.json	677	
bucket	repo-hygiene/git_tip/artifacts/lf/timing_la_token_on_seqpod/round_1.json	9609	
bucket	repo-hygiene/git_tip/artifacts/lf_control/ei_d3_seq_s0/args.json	550	
bucket	repo-hygiene/git_tip/artifacts/lf_control/ei_d3_seq_s0/found_4.jsonl	553241	
bucket	repo-hygiene/git_tip/artifacts/lf_control/ei_d3_seq_s0/found_transfer_4.jsonl	289335	
bucket	repo-hygiene/git_tip/artifacts/lf_control/ei_d3_seq_s0/round_1.json	9117	
bucket	repo-hygiene/git_tip/artifacts/lf_control/ei_d3_seq_s0/round_2.json	9112	
bucket	repo-hygiene/git_tip/artifacts/lf_control/ei_d3_seq_s0/round_3.json	9235	
bucket	repo-hygiene/git_tip/artifacts/lf_control/ei_d3_seq_s0/round_4.json	9210	
bucket	repo-hygiene/git_tip/artifacts/lf_control/ei_d3_seq_s1/args.json	550	
bucket	repo-hygiene/git_tip/artifacts/lf_control/ei_d3_seq_s1/found_4.jsonl	562467	
bucket	repo-hygiene/git_tip/artifacts/lf_control/ei_d3_seq_s1/found_transfer_4.jsonl	286339	
bucket	repo-hygiene/git_tip/artifacts/lf_control/ei_d3_seq_s1/round_1.json	8994	
bucket	repo-hygiene/git_tip/artifacts/lf_control/ei_d3_seq_s1/round_2.json	9170	
bucket	repo-hygiene/git_tip/artifacts/lf_control/ei_d3_seq_s1/round_3.json	9168	
bucket	repo-hygiene/git_tip/artifacts/lf_control/ei_d3_seq_s1/round_4.json	9254	
bucket	repo-hygiene/git_tip/artifacts/lf_control/frozen_d3_seq_s0/args.json	553	
bucket	repo-hygiene/git_tip/artifacts/lf_control/frozen_d3_seq_s0/found_4.jsonl	291691	
bucket	repo-hygiene/git_tip/artifacts/lf_control/frozen_d3_seq_s0/found_transfer_4.jsonl	134276	
bucket	repo-hygiene/git_tip/artifacts/lf_control/frozen_d3_seq_s0/round_1.json	9068	
bucket	repo-hygiene/git_tip/artifacts/lf_control/frozen_d3_seq_s0/round_2.json	9076	
bucket	repo-hygiene/git_tip/artifacts/lf_control/frozen_d3_seq_s0/round_3.json	9016	
bucket	repo-hygiene/git_tip/artifacts/lf_control/frozen_d3_seq_s0/round_4.json	9037	
bucket	repo-hygiene/git_tip/artifacts/lf_control/frozen_d3_seq_s1/args.json	553	
bucket	repo-hygiene/git_tip/artifacts/lf_control/frozen_d3_seq_s1/found_4.jsonl	233186	
bucket	repo-hygiene/git_tip/artifacts/lf_control/frozen_d3_seq_s1/found_transfer_4.jsonl	120914	
bucket	repo-hygiene/git_tip/artifacts/lf_control/frozen_d3_seq_s1/round_1.json	8945	
bucket	repo-hygiene/git_tip/artifacts/lf_control/frozen_d3_seq_s1/round_2.json	8987	
bucket	repo-hygiene/git_tip/artifacts/lf_control/frozen_d3_seq_s1/round_3.json	9006	
bucket	repo-hygiene/git_tip/artifacts/lf_control/frozen_d3_seq_s1/round_4.json	8995	
bucket	repo-hygiene/git_tip/artifacts/lj/collect.json	194	
bucket	repo-hygiene/git_tip/artifacts/lj/corpus_leanonly.jsonl	7320545	
bucket	repo-hygiene/git_tip/artifacts/lj/lean_check_selftest.json	10451	
bucket	repo-hygiene/git_tip/artifacts/lj/setup.log	5496	
bucket	repo-hygiene/git_tip/artifacts/lj/t2.log	575	
bucket	repo-hygiene/git_tip/artifacts/lj/t2_freeform.json	422	
bucket	repo-hygiene/git_tip/artifacts/lj/t2_judge.json	626	
bucket	repo-hygiene/git_tip/artifacts/lj/t2_judge.rejected.jsonl	594602	
bucket	repo-hygiene/git_tip/artifacts/lj/t3_classify.json	4132	
bucket	repo-hygiene/git_tip/artifacts/lj/t3_judge.json	345	
bucket	repo-hygiene/git_tip/artifacts/lj/t3_judge.log	260	
bucket	repo-hygiene/git_tip/artifacts/lj/t3b_normform.json	222	
bucket	repo-hygiene/git_tip/artifacts/lj/t5_compare.json	326	
bucket	repo-hygiene/git_tip/artifacts/lj/t5_dump.jsonl	3095194	
bucket	repo-hygiene/git_tip/artifacts/lj/t5_ei.log	2764	
bucket	repo-hygiene/git_tip/artifacts/lj/t5_ei/args.json	521	
bucket	repo-hygiene/git_tip/artifacts/lj/t5_ei/found_1.jsonl	142663	
bucket	repo-hygiene/git_tip/artifacts/lj/t5_ei/found_transfer_1.jsonl	33650	
bucket	repo-hygiene/git_tip/artifacts/lj/t5_ei/mix_1.jsonl	1217780	
bucket	repo-hygiene/git_tip/artifacts/lj/t5_ei/round_1.json	3770	
bucket	repo-hygiene/git_tip/artifacts/lj/t5_gate.jsonl	1358	
bucket	repo-hygiene/git_tip/artifacts/lj/t5_gate.leanrej.jsonl	1906658	
bucket	repo-hygiene/git_tip/artifacts/lj/t5_marker_grep.txt	291	
bucket	repo-hygiene/git_tip/artifacts/lj/t5_relabel.json	4488	
bucket	repo-hygiene/git_tip/artifacts/lj/t6_throughput.json	751	
bucket	repo-hygiene/git_tip/artifacts/lp/c2/c2_check.log	181	
bucket	repo-hygiene/git_tip/artifacts/lp/c3/c3_check.log	178	
bucket	repo-hygiene/git_tip/artifacts/lp/corpus/cap-horizon__stage1_k14_s0.done	0	
bucket	repo-hygiene/git_tip/artifacts/lp/corpus/cap-horizon__stage1_k14_s0.gate.jsonl	11631	
bucket	repo-hygiene/git_tip/artifacts/lp/corpus/cap-horizon__stage1_k14_s0.meta.json	2259	
bucket	repo-hygiene/git_tip/artifacts/lp/corpus/ds-composition__stage1_a1_s1.done	0	
bucket	repo-hygiene/git_tip/artifacts/lp/corpus/ds-composition__stage1_a1_s1.gate.jsonl	11595	
bucket	repo-hygiene/git_tip/artifacts/lp/corpus/ds-composition__stage1_a1_s1.meta.json	2262	
bucket	repo-hygiene/git_tip/artifacts/lp/corpus/ds-composition__stage1_a3_s0.done	0	
bucket	repo-hygiene/git_tip/artifacts/lp/corpus/ds-composition__stage1_a3_s0.gate.jsonl	11765	
bucket	repo-hygiene/git_tip/artifacts/lp/corpus/ds-composition__stage1_a3_s0.meta.json	2259	
bucket	repo-hygiene/git_tip/artifacts/lp/corpus/ds-generator__stage1_g2_s0.done	0	
bucket	repo-hygiene/git_tip/artifacts/lp/corpus/ds-generator__stage1_g2_s0.gate.jsonl	11805	
bucket	repo-hygiene/git_tip/artifacts/lp/corpus/ds-generator__stage1_g2_s0.meta.json	2248	
bucket	repo-hygiene/git_tip/artifacts/lp/corpus/lean-format__ei_d3_seq_s0_r8.done	0	
bucket	repo-hygiene/git_tip/artifacts/lp/corpus/lean-format__ei_d3_seq_s0_r8.gate.jsonl	11451	
bucket	repo-hygiene/git_tip/artifacts/lp/corpus/lean-format__ei_d3_seq_s0_r8.meta.json	2247	
bucket	repo-hygiene/git_tip/artifacts/lp/corpus/lean-format__stage1_a1_rand_s0.done	0	
bucket	repo-hygiene/git_tip/artifacts/lp/corpus/lean-format__stage1_a1_rand_s0.gate.jsonl	11172	
bucket	repo-hygiene/git_tip/artifacts/lp/corpus/lean-format__stage1_a1_rand_s0.meta.json	2255	
bucket	repo-hygiene/git_tip/artifacts/lp/corpus/lean-format__stage1_full_seq_s0.done	0	
bucket	repo-hygiene/git_tip/artifacts/lp/corpus/lean-format__stage1_full_seq_s0.gate.jsonl	11245	
bucket	repo-hygiene/git_tip/artifacts/lp/corpus/lean-format__stage1_full_seq_s0.meta.json	2252	
bucket	repo-hygiene/git_tip/artifacts/lp/corpus/noise-floor__stage1_p2_s3.done	0	
bucket	repo-hygiene/git_tip/artifacts/lp/corpus/noise-floor__stage1_p2_s3.gate.jsonl	11245	
bucket	repo-hygiene/git_tip/artifacts/lp/corpus/noise-floor__stage1_p2_s3.meta.json	2242	
bucket	repo-hygiene/git_tip/artifacts/lp/logs/corpus_cap-horizon__stage1_k14_s0.log	4063	
bucket	repo-hygiene/git_tip/artifacts/lp/logs/corpus_ds-composition__stage1_a1_s1.log	3522	
bucket	repo-hygiene/git_tip/artifacts/lp/logs/corpus_ds-composition__stage1_a3_s0.log	3520	
bucket	repo-hygiene/git_tip/artifacts/lp/logs/corpus_ds-generator__stage1_g2_s0.log	4013	
bucket	repo-hygiene/git_tip/artifacts/lp/logs/corpus_lean-format__ei_d3_seq_s0_r8.log	3491	
bucket	repo-hygiene/git_tip/artifacts/lp/logs/corpus_lean-format__stage1_a1_rand_s0.log	3483	
bucket	repo-hygiene/git_tip/artifacts/lp/logs/corpus_lean-format__stage1_full_seq_s0.log	4009	
bucket	repo-hygiene/git_tip/artifacts/lp/logs/corpus_noise-floor__stage1_p2_s3.log	3830	
bucket	repo-hygiene/git_tip/artifacts/lp/logs/corpus_queue.log	0	
bucket	repo-hygiene/git_tip/artifacts/lp/logs/corpus_queue2.log	33	
bucket	repo-hygiene/git_tip/artifacts/lp/logs/corpus_queue_t.log	0	
bucket	repo-hygiene/git_tip/artifacts/lp/logs/sweep_b.done	13	
bucket	repo-hygiene/git_tip/artifacts/lp/logs/sweep_j.done	0	
bucket	repo-hygiene/git_tip/artifacts/lp/logs/sweep_j2.done	0	
bucket	repo-hygiene/git_tip/artifacts/lp/logs/t1D_corpus_queue.log	173	
bucket	repo-hygiene/git_tip/artifacts/lp/logs/t1_A.log	4398	
bucket	repo-hygiene/git_tip/artifacts/lp/logs/t1_B.log	4385	
bucket	repo-hygiene/git_tip/artifacts/lp/logs/t1_C.log	4360	
bucket	repo-hygiene/git_tip/artifacts/lp/logs/t1_D.log	4361	
bucket	repo-hygiene/git_tip/artifacts/lp/logs/t1_queue.log	421	
bucket	repo-hygiene/git_tip/artifacts/lp/logs/test_b.log	615	
bucket	repo-hygiene/git_tip/artifacts/lp/setup.log	1417	
bucket	repo-hygiene/git_tip/artifacts/lp/soundness.json	4835	
bucket	repo-hygiene/git_tip/artifacts/lp/soundness.md	2991	
bucket	repo-hygiene/git_tip/artifacts/lp/t1/compare.json	2522	
bucket	repo-hygiene/git_tip/artifacts/lp/t1/gate_A.jsonl	3413	
bucket	repo-hygiene/git_tip/artifacts/lp/t1/gate_B.jsonl	4800	
bucket	repo-hygiene/git_tip/artifacts/lp/t1/gate_C.jsonl	4733	
bucket	repo-hygiene/git_tip/artifacts/lp/t1/gate_D.jsonl	4729	
bucket	repo-hygiene/git_tip/artifacts/lp/t1/t1_A/alloc_1.json	343508	
bucket	repo-hygiene/git_tip/artifacts/lp/t1/t1_A/args.json	676	
bucket	repo-hygiene/git_tip/artifacts/lp/t1/t1_A/found_1.jsonl	1538554	
bucket	repo-hygiene/git_tip/artifacts/lp/t1/t1_A/found_transfer_1.jsonl	182287	
bucket	repo-hygiene/git_tip/artifacts/lp/t1/t1_A/round_1.json	10320	
bucket	repo-hygiene/git_tip/artifacts/lp/t1/t1_B/alloc_1.json	343508	
bucket	repo-hygiene/git_tip/artifacts/lp/t1/t1_B/args.json	676	
bucket	repo-hygiene/git_tip/artifacts/lp/t1/t1_B/found_1.jsonl	1538554	
bucket	repo-hygiene/git_tip/artifacts/lp/t1/t1_B/found_transfer_1.jsonl	182287	
bucket	repo-hygiene/git_tip/artifacts/lp/t1/t1_B/round_1.json	10322	
bucket	repo-hygiene/git_tip/artifacts/lp/t1/t1_C/alloc_1.json	343507	
bucket	repo-hygiene/git_tip/artifacts/lp/t1/t1_C/args.json	677	
bucket	repo-hygiene/git_tip/artifacts/lp/t1/t1_C/found_1.jsonl	1547535	
bucket	repo-hygiene/git_tip/artifacts/lp/t1/t1_C/found_transfer_1.jsonl	177302	
bucket	repo-hygiene/git_tip/artifacts/lp/t1/t1_C/round_1.json	10242	
bucket	repo-hygiene/git_tip/artifacts/lp/t1/t1_D/alloc_1.json	343507	
bucket	repo-hygiene/git_tip/artifacts/lp/t1/t1_D/args.json	677	
bucket	repo-hygiene/git_tip/artifacts/lp/t1/t1_D/found_1.jsonl	1547535	
bucket	repo-hygiene/git_tip/artifacts/lp/t1/t1_D/found_transfer_1.jsonl	177302	
bucket	repo-hygiene/git_tip/artifacts/lp/t1/t1_D/round_1.json	10244	
bucket	repo-hygiene/git_tip/artifacts/lp/test_b.gate_off.jsonl	601	
bucket	repo-hygiene/git_tip/artifacts/lp/test_b.gate_on.jsonl	988	
bucket	repo-hygiene/git_tip/artifacts/lp/test_b.json	216	
bucket	repo-hygiene/git_tip/artifacts/lp/workers.jsonl	818	
bucket	repo-hygiene/git_tip/artifacts/lp/workers_j.jsonl	1093	
bucket	repo-hygiene/git_tip/artifacts/lp/workers_j2.jsonl	1093	
bucket	repo-hygiene/git_tip/artifacts/lpool/assemble.log	10148	
bucket	repo-hygiene/git_tip/artifacts/lpool/excl_manifest.txt	4713	
bucket	repo-hygiene/git_tip/artifacts/lpool/lean_labels.jsonl	1504834	
bucket	repo-hygiene/git_tip/artifacts/lpool/shape.md	798	
bucket	repo-hygiene/git_tip/artifacts/lpool/stages.md	1727	
bucket	repo-hygiene/git_tip/artifacts/minlen_rl_targets.jsonl	1646469	
bucket	repo-hygiene/git_tip/artifacts/minlen_transfer.jsonl	895306	
bucket	repo-hygiene/git_tip/artifacts/minlen_val36.jsonl	11652	
bucket	repo-hygiene/git_tip/artifacts/nf/assemble_p1.json	1260	
bucket	repo-hygiene/git_tip/artifacts/nf/assemble_p2.json	1260	
bucket	repo-hygiene/git_tip/artifacts/nf/assemble_p3.json	1260	
bucket	repo-hygiene/git_tip/artifacts/nf/assemble_p4.json	1261	
bucket	repo-hygiene/git_tip/artifacts/nf/cov_red_p1_s0.done	0	
bucket	repo-hygiene/git_tip/artifacts/nf/cov_red_p1_s0.s0.jsonl	256128	
bucket	repo-hygiene/git_tip/artifacts/nf/cov_red_p1_s1.done	0	
bucket	repo-hygiene/git_tip/artifacts/nf/cov_red_p1_s1.s0.jsonl	245669	
bucket	repo-hygiene/git_tip/artifacts/nf/cov_red_p2_s0.done	0	
bucket	repo-hygiene/git_tip/artifacts/nf/cov_red_p2_s0.s0.jsonl	262580	
bucket	repo-hygiene/git_tip/artifacts/nf/cov_red_p2_s1.done	0	
bucket	repo-hygiene/git_tip/artifacts/nf/cov_red_p2_s1.s0.jsonl	265998	
bucket	repo-hygiene/git_tip/artifacts/nf/cov_red_p3_s0.done	0	
bucket	repo-hygiene/git_tip/artifacts/nf/cov_red_p3_s0.s0.jsonl	234720	
bucket	repo-hygiene/git_tip/artifacts/nf/cov_red_p3_s1.done	0	
bucket	repo-hygiene/git_tip/artifacts/nf/cov_red_p3_s1.s0.jsonl	268421	
bucket	repo-hygiene/git_tip/artifacts/nf/cov_red_p4_s0.done	0	
bucket	repo-hygiene/git_tip/artifacts/nf/cov_red_p4_s0.s0.jsonl	258843	
bucket	repo-hygiene/git_tip/artifacts/nf/cov_red_p4_s1.done	0	
bucket	repo-hygiene/git_tip/artifacts/nf/cov_red_p4_s1.s0.jsonl	252181	
bucket	repo-hygiene/git_tip/artifacts/nf/cov_req8_p1_s0.done	0	
bucket	repo-hygiene/git_tip/artifacts/nf/cov_req8_p1_s0.s0.jsonl	353539	
bucket	repo-hygiene/git_tip/artifacts/nf/cov_req8_p1_s1.done	0	
bucket	repo-hygiene/git_tip/artifacts/nf/cov_req8_p1_s1.s0.jsonl	643453	
bucket	repo-hygiene/git_tip/artifacts/nf/cov_req8_p2_s0.done	0	
bucket	repo-hygiene/git_tip/artifacts/nf/cov_req8_p2_s0.s0.jsonl	539278	
bucket	repo-hygiene/git_tip/artifacts/nf/cov_req8_p2_s1.done	0	
bucket	repo-hygiene/git_tip/artifacts/nf/cov_req8_p2_s1.s0.jsonl	312364	
bucket	repo-hygiene/git_tip/artifacts/nf/cov_req8_p3_s0.done	0	
bucket	repo-hygiene/git_tip/artifacts/nf/cov_req8_p3_s0.s0.jsonl	330710	
bucket	repo-hygiene/git_tip/artifacts/nf/cov_req8_p3_s1.done	0	
bucket	repo-hygiene/git_tip/artifacts/nf/cov_req8_p3_s1.s0.jsonl	468948	
bucket	repo-hygiene/git_tip/artifacts/nf/cov_req8_p4_s0.done	0	
bucket	repo-hygiene/git_tip/artifacts/nf/cov_req8_p4_s0.s0.jsonl	436754	
bucket	repo-hygiene/git_tip/artifacts/nf/cov_req8_p4_s1.done	0	
bucket	repo-hygiene/git_tip/artifacts/nf/cov_req8_p4_s1.s0.jsonl	618202	
bucket	repo-hygiene/git_tip/artifacts/nf/fetch.done	0	
bucket	repo-hygiene/git_tip/artifacts/nf/gate_heldout_p1_s0.disagree.jsonl	394	
bucket	repo-hygiene/git_tip/artifacts/nf/gate_heldout_p1_s0.jsonl	398	
bucket	repo-hygiene/git_tip/artifacts/nf/gate_heldout_p1_s1.disagree.jsonl	394	
bucket	repo-hygiene/git_tip/artifacts/nf/gate_heldout_p1_s1.jsonl	415	
bucket	repo-hygiene/git_tip/artifacts/nf/gate_heldout_p1_s10.disagree.jsonl	394	
bucket	repo-hygiene/git_tip/artifacts/nf/gate_heldout_p1_s10.jsonl	421	
bucket	repo-hygiene/git_tip/artifacts/nf/gate_heldout_p1_s11.disagree.jsonl	394	
bucket	repo-hygiene/git_tip/artifacts/nf/gate_heldout_p1_s11.jsonl	400	
bucket	repo-hygiene/git_tip/artifacts/nf/gate_heldout_p1_s12.disagree.jsonl	394	
bucket	repo-hygiene/git_tip/artifacts/nf/gate_heldout_p1_s12.jsonl	448	
bucket	repo-hygiene/git_tip/artifacts/nf/gate_heldout_p1_s2.disagree.jsonl	4614	
bucket	repo-hygiene/git_tip/artifacts/nf/gate_heldout_p1_s2.jsonl	1284	
bucket	repo-hygiene/git_tip/artifacts/nf/gate_heldout_p1_s3.jsonl	404	
bucket	repo-hygiene/git_tip/artifacts/nf/gate_heldout_p1_s4.disagree.jsonl	394	
bucket	repo-hygiene/git_tip/artifacts/nf/gate_heldout_p1_s4.jsonl	399	
bucket	repo-hygiene/git_tip/artifacts/nf/gate_heldout_p1_s5.disagree.jsonl	989	
bucket	repo-hygiene/git_tip/artifacts/nf/gate_heldout_p1_s5.jsonl	420	
bucket	repo-hygiene/git_tip/artifacts/nf/gate_heldout_p1_s6.disagree.jsonl	394	
bucket	repo-hygiene/git_tip/artifacts/nf/gate_heldout_p1_s6.jsonl	385	
bucket	repo-hygiene/git_tip/artifacts/nf/gate_heldout_p1_s7.disagree.jsonl	628	
bucket	repo-hygiene/git_tip/artifacts/nf/gate_heldout_p1_s7.jsonl	399	
bucket	repo-hygiene/git_tip/artifacts/nf/gate_heldout_p1_s8.disagree.jsonl	394	
bucket	repo-hygiene/git_tip/artifacts/nf/gate_heldout_p1_s8.jsonl	464	
bucket	repo-hygiene/git_tip/artifacts/nf/gate_heldout_p1_s9.disagree.jsonl	1110	
bucket	repo-hygiene/git_tip/artifacts/nf/gate_heldout_p1_s9.jsonl	440	
bucket	repo-hygiene/git_tip/artifacts/nf/gate_heldout_p2_s0.disagree.jsonl	394	
bucket	repo-hygiene/git_tip/artifacts/nf/gate_heldout_p2_s0.jsonl	381	
bucket	repo-hygiene/git_tip/artifacts/nf/gate_heldout_p2_s1.disagree.jsonl	394	
bucket	repo-hygiene/git_tip/artifacts/nf/gate_heldout_p2_s1.jsonl	420	
bucket	repo-hygiene/git_tip/artifacts/nf/gate_heldout_p2_s10.disagree.jsonl	848	
bucket	repo-hygiene/git_tip/artifacts/nf/gate_heldout_p2_s10.jsonl	446	
bucket	repo-hygiene/git_tip/artifacts/nf/gate_heldout_p2_s11.jsonl	420	
bucket	repo-hygiene/git_tip/artifacts/nf/gate_heldout_p2_s12.disagree.jsonl	394	
bucket	repo-hygiene/git_tip/artifacts/nf/gate_heldout_p2_s12.jsonl	369	
bucket	repo-hygiene/git_tip/artifacts/nf/gate_heldout_p2_s2.jsonl	408	
bucket	repo-hygiene/git_tip/artifacts/nf/gate_heldout_p2_s3.disagree.jsonl	392	
bucket	repo-hygiene/git_tip/artifacts/nf/gate_heldout_p2_s3.jsonl	387	
bucket	repo-hygiene/git_tip/artifacts/nf/gate_heldout_p2_s4.disagree.jsonl	394	
bucket	repo-hygiene/git_tip/artifacts/nf/gate_heldout_p2_s4.jsonl	416	
bucket	repo-hygiene/git_tip/artifacts/nf/gate_heldout_p2_s5.disagree.jsonl	394	
bucket	repo-hygiene/git_tip/artifacts/nf/gate_heldout_p2_s5.jsonl	398	
bucket	repo-hygiene/git_tip/artifacts/nf/gate_heldout_p2_s6.disagree.jsonl	394	
bucket	repo-hygiene/git_tip/artifacts/nf/gate_heldout_p2_s6.jsonl	436	
bucket	repo-hygiene/git_tip/artifacts/nf/gate_heldout_p2_s7.disagree.jsonl	394	
bucket	repo-hygiene/git_tip/artifacts/nf/gate_heldout_p2_s7.jsonl	431	
bucket	repo-hygiene/git_tip/artifacts/nf/gate_heldout_p2_s8.disagree.jsonl	394	
bucket	repo-hygiene/git_tip/artifacts/nf/gate_heldout_p2_s8.jsonl	433	
bucket	repo-hygiene/git_tip/artifacts/nf/gate_heldout_p2_s9.disagree.jsonl	394	
bucket	repo-hygiene/git_tip/artifacts/nf/gate_heldout_p2_s9.jsonl	430	
bucket	repo-hygiene/git_tip/artifacts/nf/gate_heldout_p3_s0.disagree.jsonl	394	
bucket	repo-hygiene/git_tip/artifacts/nf/gate_heldout_p3_s0.jsonl	385	
bucket	repo-hygiene/git_tip/artifacts/nf/gate_heldout_p3_s1.disagree.jsonl	1176	
bucket	repo-hygiene/git_tip/artifacts/nf/gate_heldout_p3_s1.jsonl	438	
bucket	repo-hygiene/git_tip/artifacts/nf/gate_heldout_p3_s10.disagree.jsonl	394	
bucket	repo-hygiene/git_tip/artifacts/nf/gate_heldout_p3_s10.jsonl	386	
bucket	repo-hygiene/git_tip/artifacts/nf/gate_heldout_p3_s11.disagree.jsonl	394	
bucket	repo-hygiene/git_tip/artifacts/nf/gate_heldout_p3_s11.jsonl	399	
bucket	repo-hygiene/git_tip/artifacts/nf/gate_heldout_p3_s12.disagree.jsonl	942	
bucket	repo-hygiene/git_tip/artifacts/nf/gate_heldout_p3_s12.jsonl	420	
bucket	repo-hygiene/git_tip/artifacts/nf/gate_heldout_p3_s2.disagree.jsonl	1256	
bucket	repo-hygiene/git_tip/artifacts/nf/gate_heldout_p3_s2.jsonl	835	
bucket	repo-hygiene/git_tip/artifacts/nf/gate_heldout_p3_s3.disagree.jsonl	394	
bucket	repo-hygiene/git_tip/artifacts/nf/gate_heldout_p3_s3.jsonl	420	
bucket	repo-hygiene/git_tip/artifacts/nf/gate_heldout_p3_s4.disagree.jsonl	394	
bucket	repo-hygiene/git_tip/artifacts/nf/gate_heldout_p3_s4.jsonl	398	
bucket	repo-hygiene/git_tip/artifacts/nf/gate_heldout_p3_s5.disagree.jsonl	628	
bucket	repo-hygiene/git_tip/artifacts/nf/gate_heldout_p3_s5.jsonl	431	
bucket	repo-hygiene/git_tip/artifacts/nf/gate_heldout_p3_s6.disagree.jsonl	944	
bucket	repo-hygiene/git_tip/artifacts/nf/gate_heldout_p3_s6.jsonl	397	
bucket	repo-hygiene/git_tip/artifacts/nf/gate_heldout_p3_s7.disagree.jsonl	394	
bucket	repo-hygiene/git_tip/artifacts/nf/gate_heldout_p3_s7.jsonl	414	
bucket	repo-hygiene/git_tip/artifacts/nf/gate_heldout_p3_s8.disagree.jsonl	394	
bucket	repo-hygiene/git_tip/artifacts/nf/gate_heldout_p3_s8.jsonl	416	
bucket	repo-hygiene/git_tip/artifacts/nf/gate_heldout_p3_s9.disagree.jsonl	628	
bucket	repo-hygiene/git_tip/artifacts/nf/gate_heldout_p3_s9.jsonl	404	
bucket	repo-hygiene/git_tip/artifacts/nf/gate_heldout_p4_s0.disagree.jsonl	394	
bucket	repo-hygiene/git_tip/artifacts/nf/gate_heldout_p4_s0.jsonl	398	
bucket	repo-hygiene/git_tip/artifacts/nf/gate_heldout_p4_s1.jsonl	394	
bucket	repo-hygiene/git_tip/artifacts/nf/gate_heldout_p4_s10.jsonl	402	
bucket	repo-hygiene/git_tip/artifacts/nf/gate_heldout_p4_s11.disagree.jsonl	394	
bucket	repo-hygiene/git_tip/artifacts/nf/gate_heldout_p4_s11.jsonl	388	
bucket	repo-hygiene/git_tip/artifacts/nf/gate_heldout_p4_s12.disagree.jsonl	394	
bucket	repo-hygiene/git_tip/artifacts/nf/gate_heldout_p4_s12.jsonl	418	
bucket	repo-hygiene/git_tip/artifacts/nf/gate_heldout_p4_s2.jsonl	439	
bucket	repo-hygiene/git_tip/artifacts/nf/gate_heldout_p4_s3.disagree.jsonl	616	
bucket	repo-hygiene/git_tip/artifacts/nf/gate_heldout_p4_s3.jsonl	450	
bucket	repo-hygiene/git_tip/artifacts/nf/gate_heldout_p4_s4.jsonl	415	
bucket	repo-hygiene/git_tip/artifacts/nf/gate_heldout_p4_s5.jsonl	405	
bucket	repo-hygiene/git_tip/artifacts/nf/gate_heldout_p4_s6.disagree.jsonl	394	
bucket	repo-hygiene/git_tip/artifacts/nf/gate_heldout_p4_s6.jsonl	446	
bucket	repo-hygiene/git_tip/artifacts/nf/gate_heldout_p4_s7.disagree.jsonl	628	
bucket	repo-hygiene/git_tip/artifacts/nf/gate_heldout_p4_s7.jsonl	423	
bucket	repo-hygiene/git_tip/artifacts/nf/gate_heldout_p4_s8.disagree.jsonl	394	
bucket	repo-hygiene/git_tip/artifacts/nf/gate_heldout_p4_s8.jsonl	398	
bucket	repo-hygiene/git_tip/artifacts/nf/gate_heldout_p4_s9.disagree.jsonl	620	
bucket	repo-hygiene/git_tip/artifacts/nf/gate_heldout_p4_s9.jsonl	489	
bucket	repo-hygiene/git_tip/artifacts/nf/gate_la_T1_dsc_a1_s1.disagree.jsonl	81635	
bucket	repo-hygiene/git_tip/artifacts/nf/gate_la_T1_dsc_a1_s1.jsonl	17555	
bucket	repo-hygiene/git_tip/artifacts/nf/gate_la_frozen_dsc_a1_s1.disagree.jsonl	35386	
bucket	repo-hygiene/git_tip/artifacts/nf/gate_la_frozen_dsc_a1_s1.jsonl	17968	
bucket	repo-hygiene/git_tip/artifacts/nf/gate_la_frozen_dsg_g1_s0.disagree.jsonl	37053	
bucket	repo-hygiene/git_tip/artifacts/nf/gate_la_frozen_dsg_g1_s0.jsonl	19009	
bucket	repo-hygiene/git_tip/artifacts/nf/gate_la_frozen_p1_s0.disagree.jsonl	8929	
bucket	repo-hygiene/git_tip/artifacts/nf/gate_la_frozen_p1_s0.jsonl	18713	
bucket	repo-hygiene/git_tip/artifacts/nf/gate_la_frozen_p1_s1.disagree.jsonl	34356	
bucket	repo-hygiene/git_tip/artifacts/nf/gate_la_frozen_p1_s1.jsonl	18856	
bucket	repo-hygiene/git_tip/artifacts/nf/gate_la_frozen_p2_s0.disagree.jsonl	94167	
bucket	repo-hygiene/git_tip/artifacts/nf/gate_la_frozen_p2_s0.jsonl	18646	
bucket	repo-hygiene/git_tip/artifacts/nf/gate_la_frozen_p2_s1.disagree.jsonl	4864	
bucket	repo-hygiene/git_tip/artifacts/nf/gate_la_frozen_p2_s1.jsonl	17604	
bucket	repo-hygiene/git_tip/artifacts/nf/gate_la_frozen_p3_s0.disagree.jsonl	19180	
bucket	repo-hygiene/git_tip/artifacts/nf/gate_la_frozen_p3_s0.jsonl	18684	
bucket	repo-hygiene/git_tip/artifacts/nf/gate_la_frozen_p3_s1.disagree.jsonl	229669	
bucket	repo-hygiene/git_tip/artifacts/nf/gate_la_frozen_p3_s1.jsonl	18468	
bucket	repo-hygiene/git_tip/artifacts/nf/gate_la_frozen_p4_s0.disagree.jsonl	28558	
bucket	repo-hygiene/git_tip/artifacts/nf/gate_la_frozen_p4_s0.jsonl	19149	
bucket	repo-hygiene/git_tip/artifacts/nf/gate_la_frozen_p4_s1.disagree.jsonl	51606	
bucket	repo-hygiene/git_tip/artifacts/nf/gate_la_frozen_p4_s1.jsonl	17880	
bucket	repo-hygiene/git_tip/artifacts/nf/gate_selftest.jsonl	323	
bucket	repo-hygiene/git_tip/artifacts/nf/gen_p1.done	0	
bucket	repo-hygiene/git_tip/artifacts/nf/gen_p1_stats.json	219	
bucket	repo-hygiene/git_tip/artifacts/nf/gen_p2.done	0	
bucket	repo-hygiene/git_tip/artifacts/nf/gen_p2_stats.json	218	
bucket	repo-hygiene/git_tip/artifacts/nf/gen_p3.done	0	
bucket	repo-hygiene/git_tip/artifacts/nf/gen_p3_stats.json	218	
bucket	repo-hygiene/git_tip/artifacts/nf/gen_p4.done	0	
bucket	repo-hygiene/git_tip/artifacts/nf/gen_p4_stats.json	218	
bucket	repo-hygiene/git_tip/artifacts/nf/heldout_p1_s0.done	0	
bucket	repo-hygiene/git_tip/artifacts/nf/heldout_p1_s0.json	1458	
bucket	repo-hygiene/git_tip/artifacts/nf/heldout_p1_s0.jsonl	2559808	
bucket	repo-hygiene/git_tip/artifacts/nf/heldout_p1_s1.done	0	
bucket	repo-hygiene/git_tip/artifacts/nf/heldout_p1_s1.json	1450	
bucket	repo-hygiene/git_tip/artifacts/nf/heldout_p1_s1.jsonl	2677411	
bucket	repo-hygiene/git_tip/artifacts/nf/heldout_p1_s10.done	0	
bucket	repo-hygiene/git_tip/artifacts/nf/heldout_p1_s10.json	1455	
bucket	repo-hygiene/git_tip/artifacts/nf/heldout_p1_s10.jsonl	2561869	
bucket	repo-hygiene/git_tip/artifacts/nf/heldout_p1_s11.done	0	
bucket	repo-hygiene/git_tip/artifacts/nf/heldout_p1_s11.json	1456	
bucket	repo-hygiene/git_tip/artifacts/nf/heldout_p1_s11.jsonl	2605568	
bucket	repo-hygiene/git_tip/artifacts/nf/heldout_p1_s12.done	0	
bucket	repo-hygiene/git_tip/artifacts/nf/heldout_p1_s12.json	1439	
bucket	repo-hygiene/git_tip/artifacts/nf/heldout_p1_s12.jsonl	2635260	
bucket	repo-hygiene/git_tip/artifacts/nf/heldout_p1_s2.done	0	
bucket	repo-hygiene/git_tip/artifacts/nf/heldout_p1_s2.json	1461	
bucket	repo-hygiene/git_tip/artifacts/nf/heldout_p1_s2.jsonl	2676598	
bucket	repo-hygiene/git_tip/artifacts/nf/heldout_p1_s3.done	0	
bucket	repo-hygiene/git_tip/artifacts/nf/heldout_p1_s3.json	1469	
bucket	repo-hygiene/git_tip/artifacts/nf/heldout_p1_s3.jsonl	2605574	
bucket	repo-hygiene/git_tip/artifacts/nf/heldout_p1_s4.done	0	
bucket	repo-hygiene/git_tip/artifacts/nf/heldout_p1_s4.json	1473	
bucket	repo-hygiene/git_tip/artifacts/nf/heldout_p1_s4.jsonl	2665782	
bucket	repo-hygiene/git_tip/artifacts/nf/heldout_p1_s5.done	0	
bucket	repo-hygiene/git_tip/artifacts/nf/heldout_p1_s5.json	1462	
bucket	repo-hygiene/git_tip/artifacts/nf/heldout_p1_s5.jsonl	2668162	
bucket	repo-hygiene/git_tip/artifacts/nf/heldout_p1_s6.done	0	
bucket	repo-hygiene/git_tip/artifacts/nf/heldout_p1_s6.json	1463	
bucket	repo-hygiene/git_tip/artifacts/nf/heldout_p1_s6.jsonl	2594963	
bucket	repo-hygiene/git_tip/artifacts/nf/heldout_p1_s7.done	0	
bucket	repo-hygiene/git_tip/artifacts/nf/heldout_p1_s7.json	1444	
bucket	repo-hygiene/git_tip/artifacts/nf/heldout_p1_s7.jsonl	2608468	
bucket	repo-hygiene/git_tip/artifacts/nf/heldout_p1_s8.done	0	
bucket	repo-hygiene/git_tip/artifacts/nf/heldout_p1_s8.json	1472	
bucket	repo-hygiene/git_tip/artifacts/nf/heldout_p1_s8.jsonl	2551375	
bucket	repo-hygiene/git_tip/artifacts/nf/heldout_p1_s9.done	0	
bucket	repo-hygiene/git_tip/artifacts/nf/heldout_p1_s9.json	1458	
bucket	repo-hygiene/git_tip/artifacts/nf/heldout_p1_s9.jsonl	2553950	
bucket	repo-hygiene/git_tip/artifacts/nf/heldout_p2_s0.done	0	
bucket	repo-hygiene/git_tip/artifacts/nf/heldout_p2_s0.json	1460	
bucket	repo-hygiene/git_tip/artifacts/nf/heldout_p2_s0.jsonl	2641751	
bucket	repo-hygiene/git_tip/artifacts/nf/heldout_p2_s1.done	0	
bucket	repo-hygiene/git_tip/artifacts/nf/heldout_p2_s1.json	1453	
bucket	repo-hygiene/git_tip/artifacts/nf/heldout_p2_s1.jsonl	2562278	
bucket	repo-hygiene/git_tip/artifacts/nf/heldout_p2_s10.done	0	
bucket	repo-hygiene/git_tip/artifacts/nf/heldout_p2_s10.json	1462	
bucket	repo-hygiene/git_tip/artifacts/nf/heldout_p2_s10.jsonl	2671659	
bucket	repo-hygiene/git_tip/artifacts/nf/heldout_p2_s11.done	0	
bucket	repo-hygiene/git_tip/artifacts/nf/heldout_p2_s11.json	1473	
bucket	repo-hygiene/git_tip/artifacts/nf/heldout_p2_s11.jsonl	2676711	
bucket	repo-hygiene/git_tip/artifacts/nf/heldout_p2_s12.done	0	
bucket	repo-hygiene/git_tip/artifacts/nf/heldout_p2_s12.json	1462	
bucket	repo-hygiene/git_tip/artifacts/nf/heldout_p2_s12.jsonl	2658032	
bucket	repo-hygiene/git_tip/artifacts/nf/heldout_p2_s2.done	0	
bucket	repo-hygiene/git_tip/artifacts/nf/heldout_p2_s2.json	1474	
bucket	repo-hygiene/git_tip/artifacts/nf/heldout_p2_s2.jsonl	2580784	
bucket	repo-hygiene/git_tip/artifacts/nf/heldout_p2_s3.done	0	
bucket	repo-hygiene/git_tip/artifacts/nf/heldout_p2_s3.json	1469	
bucket	repo-hygiene/git_tip/artifacts/nf/heldout_p2_s3.jsonl	2569431	
bucket	repo-hygiene/git_tip/artifacts/nf/heldout_p2_s4.done	0	
bucket	repo-hygiene/git_tip/artifacts/nf/heldout_p2_s4.json	1466	
bucket	repo-hygiene/git_tip/artifacts/nf/heldout_p2_s4.jsonl	2671548	
bucket	repo-hygiene/git_tip/artifacts/nf/heldout_p2_s5.done	0	
bucket	repo-hygiene/git_tip/artifacts/nf/heldout_p2_s5.json	1454	
bucket	repo-hygiene/git_tip/artifacts/nf/heldout_p2_s5.jsonl	2660425	
bucket	repo-hygiene/git_tip/artifacts/nf/heldout_p2_s6.done	0	
bucket	repo-hygiene/git_tip/artifacts/nf/heldout_p2_s6.json	1470	
bucket	repo-hygiene/git_tip/artifacts/nf/heldout_p2_s6.jsonl	2616294	
bucket	repo-hygiene/git_tip/artifacts/nf/heldout_p2_s7.done	0	
bucket	repo-hygiene/git_tip/artifacts/nf/heldout_p2_s7.json	1473	
bucket	repo-hygiene/git_tip/artifacts/nf/heldout_p2_s7.jsonl	2560243	
bucket	repo-hygiene/git_tip/artifacts/nf/heldout_p2_s8.done	0	
bucket	repo-hygiene/git_tip/artifacts/nf/heldout_p2_s8.json	1490	
bucket	repo-hygiene/git_tip/artifacts/nf/heldout_p2_s8.jsonl	2558950	
bucket	repo-hygiene/git_tip/artifacts/nf/heldout_p2_s9.done	0	
bucket	repo-hygiene/git_tip/artifacts/nf/heldout_p2_s9.json	1468	
bucket	repo-hygiene/git_tip/artifacts/nf/heldout_p2_s9.jsonl	2664213	
bucket	repo-hygiene/git_tip/artifacts/nf/heldout_p3_s0.done	0	
bucket	repo-hygiene/git_tip/artifacts/nf/heldout_p3_s0.json	1435	
bucket	repo-hygiene/git_tip/artifacts/nf/heldout_p3_s0.jsonl	2560762	
bucket	repo-hygiene/git_tip/artifacts/nf/heldout_p3_s1.done	0	
bucket	repo-hygiene/git_tip/artifacts/nf/heldout_p3_s1.json	1468	
bucket	repo-hygiene/git_tip/artifacts/nf/heldout_p3_s1.jsonl	2583644	
bucket	repo-hygiene/git_tip/artifacts/nf/heldout_p3_s10.done	0	
bucket	repo-hygiene/git_tip/artifacts/nf/heldout_p3_s10.json	1459	
bucket	repo-hygiene/git_tip/artifacts/nf/heldout_p3_s10.jsonl	2546108	
bucket	repo-hygiene/git_tip/artifacts/nf/heldout_p3_s11.done	0	
bucket	repo-hygiene/git_tip/artifacts/nf/heldout_p3_s11.json	1453	
bucket	repo-hygiene/git_tip/artifacts/nf/heldout_p3_s11.jsonl	2661128	
bucket	repo-hygiene/git_tip/artifacts/nf/heldout_p3_s12.done	0	
bucket	repo-hygiene/git_tip/artifacts/nf/heldout_p3_s12.json	1473	
bucket	repo-hygiene/git_tip/artifacts/nf/heldout_p3_s12.jsonl	2586979	
bucket	repo-hygiene/git_tip/artifacts/nf/heldout_p3_s2.done	0	
bucket	repo-hygiene/git_tip/artifacts/nf/heldout_p3_s2.json	1492	
bucket	repo-hygiene/git_tip/artifacts/nf/heldout_p3_s2.jsonl	2610383	
bucket	repo-hygiene/git_tip/artifacts/nf/heldout_p3_s3.done	0	
bucket	repo-hygiene/git_tip/artifacts/nf/heldout_p3_s3.json	1456	
bucket	repo-hygiene/git_tip/artifacts/nf/heldout_p3_s3.jsonl	2607360	
bucket	repo-hygiene/git_tip/artifacts/nf/heldout_p3_s4.done	0	
bucket	repo-hygiene/git_tip/artifacts/nf/heldout_p3_s4.json	1459	
bucket	repo-hygiene/git_tip/artifacts/nf/heldout_p3_s4.jsonl	2675158	
bucket	repo-hygiene/git_tip/artifacts/nf/heldout_p3_s5.done	0	
bucket	repo-hygiene/git_tip/artifacts/nf/heldout_p3_s5.json	1462	
bucket	repo-hygiene/git_tip/artifacts/nf/heldout_p3_s5.jsonl	2652201	
bucket	repo-hygiene/git_tip/artifacts/nf/heldout_p3_s6.done	0	
bucket	repo-hygiene/git_tip/artifacts/nf/heldout_p3_s6.json	1474	
bucket	repo-hygiene/git_tip/artifacts/nf/heldout_p3_s6.jsonl	2670077	
bucket	repo-hygiene/git_tip/artifacts/nf/heldout_p3_s7.done	0	
bucket	repo-hygiene/git_tip/artifacts/nf/heldout_p3_s7.json	1472	
bucket	repo-hygiene/git_tip/artifacts/nf/heldout_p3_s7.jsonl	2562100	
bucket	repo-hygiene/git_tip/artifacts/nf/heldout_p3_s8.done	0	
bucket	repo-hygiene/git_tip/artifacts/nf/heldout_p3_s8.json	1436	
bucket	repo-hygiene/git_tip/artifacts/nf/heldout_p3_s8.jsonl	2656686	
bucket	repo-hygiene/git_tip/artifacts/nf/heldout_p3_s9.done	0	
bucket	repo-hygiene/git_tip/artifacts/nf/heldout_p3_s9.json	1475	
bucket	repo-hygiene/git_tip/artifacts/nf/heldout_p3_s9.jsonl	2545561	
bucket	repo-hygiene/git_tip/artifacts/nf/heldout_p4_s0.done	0	
bucket	repo-hygiene/git_tip/artifacts/nf/heldout_p4_s0.json	1473	
bucket	repo-hygiene/git_tip/artifacts/nf/heldout_p4_s0.jsonl	2561039	
bucket	repo-hygiene/git_tip/artifacts/nf/heldout_p4_s1.done	0	
bucket	repo-hygiene/git_tip/artifacts/nf/heldout_p4_s1.json	1468	
bucket	repo-hygiene/git_tip/artifacts/nf/heldout_p4_s1.jsonl	2678467	
bucket	repo-hygiene/git_tip/artifacts/nf/heldout_p4_s10.done	0	
bucket	repo-hygiene/git_tip/artifacts/nf/heldout_p4_s10.json	1468	
bucket	repo-hygiene/git_tip/artifacts/nf/heldout_p4_s10.jsonl	2672619	
bucket	repo-hygiene/git_tip/artifacts/nf/heldout_p4_s11.done	0	
bucket	repo-hygiene/git_tip/artifacts/nf/heldout_p4_s11.json	1457	
bucket	repo-hygiene/git_tip/artifacts/nf/heldout_p4_s11.jsonl	2625734	
bucket	repo-hygiene/git_tip/artifacts/nf/heldout_p4_s12.done	0	
bucket	repo-hygiene/git_tip/artifacts/nf/heldout_p4_s12.json	1472	
bucket	repo-hygiene/git_tip/artifacts/nf/heldout_p4_s12.jsonl	2600383	
bucket	repo-hygiene/git_tip/artifacts/nf/heldout_p4_s2.done	0	
bucket	repo-hygiene/git_tip/artifacts/nf/heldout_p4_s2.json	1473	
bucket	repo-hygiene/git_tip/artifacts/nf/heldout_p4_s2.jsonl	2569845	
bucket	repo-hygiene/git_tip/artifacts/nf/heldout_p4_s3.done	0	
bucket	repo-hygiene/git_tip/artifacts/nf/heldout_p4_s3.json	1473	
bucket	repo-hygiene/git_tip/artifacts/nf/heldout_p4_s3.jsonl	2579902	
bucket	repo-hygiene/git_tip/artifacts/nf/heldout_p4_s4.done	0	
bucket	repo-hygiene/git_tip/artifacts/nf/heldout_p4_s4.json	1468	
bucket	repo-hygiene/git_tip/artifacts/nf/heldout_p4_s4.jsonl	2670701	
bucket	repo-hygiene/git_tip/artifacts/nf/heldout_p4_s5.done	0	
bucket	repo-hygiene/git_tip/artifacts/nf/heldout_p4_s5.json	1450	
bucket	repo-hygiene/git_tip/artifacts/nf/heldout_p4_s5.jsonl	2594069	
bucket	repo-hygiene/git_tip/artifacts/nf/heldout_p4_s6.done	0	
bucket	repo-hygiene/git_tip/artifacts/nf/heldout_p4_s6.json	1461	
bucket	repo-hygiene/git_tip/artifacts/nf/heldout_p4_s6.jsonl	2561269	
bucket	repo-hygiene/git_tip/artifacts/nf/heldout_p4_s7.done	0	
bucket	repo-hygiene/git_tip/artifacts/nf/heldout_p4_s7.json	1452	
bucket	repo-hygiene/git_tip/artifacts/nf/heldout_p4_s7.jsonl	2597696	
bucket	repo-hygiene/git_tip/artifacts/nf/heldout_p4_s8.done	0	
bucket	repo-hygiene/git_tip/artifacts/nf/heldout_p4_s8.json	1457	
bucket	repo-hygiene/git_tip/artifacts/nf/heldout_p4_s8.jsonl	2578767	
bucket	repo-hygiene/git_tip/artifacts/nf/heldout_p4_s9.done	0	
bucket	repo-hygiene/git_tip/artifacts/nf/heldout_p4_s9.json	1460	
bucket	repo-hygiene/git_tip/artifacts/nf/heldout_p4_s9.jsonl	2634852	
bucket	repo-hygiene/git_tip/artifacts/nf/heldout_vps.counted.jsonl	1524431	
bucket	repo-hygiene/git_tip/artifacts/nf/heldout_vps.counted.record.jsonl	1888431	
bucket	repo-hygiene/git_tip/artifacts/nf/la_T1_dsc_a1_s1.done	0	
bucket	repo-hygiene/git_tip/artifacts/nf/la_T1_dsc_a1_s1/alloc_1.json	343508	
bucket	repo-hygiene/git_tip/artifacts/nf/la_T1_dsc_a1_s1/alloc_2.json	344461	
bucket	repo-hygiene/git_tip/artifacts/nf/la_T1_dsc_a1_s1/alloc_3.json	344791	
bucket	repo-hygiene/git_tip/artifacts/nf/la_T1_dsc_a1_s1/alloc_4.json	350339	
bucket	repo-hygiene/git_tip/artifacts/nf/la_T1_dsc_a1_s1/alloc_5.json	351334	
bucket	repo-hygiene/git_tip/artifacts/nf/la_T1_dsc_a1_s1/alloc_6.json	351767	
bucket	repo-hygiene/git_tip/artifacts/nf/la_T1_dsc_a1_s1/alloc_7.json	352082	
bucket	repo-hygiene/git_tip/artifacts/nf/la_T1_dsc_a1_s1/alloc_8.json	352309	
bucket	repo-hygiene/git_tip/artifacts/nf/la_T1_dsc_a1_s1/args.json	684	
bucket	repo-hygiene/git_tip/artifacts/nf/la_T1_dsc_a1_s1/found_1.jsonl	1534236	
bucket	repo-hygiene/git_tip/artifacts/nf/la_T1_dsc_a1_s1/found_2.jsonl	2697303	
bucket	repo-hygiene/git_tip/artifacts/nf/la_T1_dsc_a1_s1/found_3.jsonl	3302897	
bucket	repo-hygiene/git_tip/artifacts/nf/la_T1_dsc_a1_s1/found_4.jsonl	3842984	
bucket	repo-hygiene/git_tip/artifacts/nf/la_T1_dsc_a1_s1/found_5.jsonl	4226106	
bucket	repo-hygiene/git_tip/artifacts/nf/la_T1_dsc_a1_s1/found_6.jsonl	4596896	
bucket	repo-hygiene/git_tip/artifacts/nf/la_T1_dsc_a1_s1/found_7.jsonl	4983622	
bucket	repo-hygiene/git_tip/artifacts/nf/la_T1_dsc_a1_s1/found_8.jsonl	5301303	
bucket	repo-hygiene/git_tip/artifacts/nf/la_T1_dsc_a1_s1/found_transfer_1.jsonl	180834	
bucket	repo-hygiene/git_tip/artifacts/nf/la_T1_dsc_a1_s1/found_transfer_2.jsonl	575376	
bucket	repo-hygiene/git_tip/artifacts/nf/la_T1_dsc_a1_s1/found_transfer_3.jsonl	895939	
bucket	repo-hygiene/git_tip/artifacts/nf/la_T1_dsc_a1_s1/found_transfer_4.jsonl	1189303	
bucket	repo-hygiene/git_tip/artifacts/nf/la_T1_dsc_a1_s1/found_transfer_5.jsonl	1468244	
bucket	repo-hygiene/git_tip/artifacts/nf/la_T1_dsc_a1_s1/found_transfer_6.jsonl	1729295	
bucket	repo-hygiene/git_tip/artifacts/nf/la_T1_dsc_a1_s1/found_transfer_7.jsonl	2009234	
bucket	repo-hygiene/git_tip/artifacts/nf/la_T1_dsc_a1_s1/found_transfer_8.jsonl	2184676	
bucket	repo-hygiene/git_tip/artifacts/nf/la_T1_dsc_a1_s1/round_1.json	10248	
bucket	repo-hygiene/git_tip/artifacts/nf/la_T1_dsc_a1_s1/round_2.json	10345	
bucket	repo-hygiene/git_tip/artifacts/nf/la_T1_dsc_a1_s1/round_3.json	10507	
bucket	repo-hygiene/git_tip/artifacts/nf/la_T1_dsc_a1_s1/round_4.json	10568	
bucket	repo-hygiene/git_tip/artifacts/nf/la_T1_dsc_a1_s1/round_5.json	10707	
bucket	repo-hygiene/git_tip/artifacts/nf/la_T1_dsc_a1_s1/round_6.json	10766	
bucket	repo-hygiene/git_tip/artifacts/nf/la_T1_dsc_a1_s1/round_7.json	10836	
bucket	repo-hygiene/git_tip/artifacts/nf/la_T1_dsc_a1_s1/round_8.json	10794	
bucket	repo-hygiene/git_tip/artifacts/nf/la_frozen_dsc_a1_s1.done	0	
bucket	repo-hygiene/git_tip/artifacts/nf/la_frozen_dsc_a1_s1/alloc_1.json	343508	
bucket	repo-hygiene/git_tip/artifacts/nf/la_frozen_dsc_a1_s1/alloc_2.json	343669	
bucket	repo-hygiene/git_tip/artifacts/nf/la_frozen_dsc_a1_s1/alloc_3.json	343745	
bucket	repo-hygiene/git_tip/artifacts/nf/la_frozen_dsc_a1_s1/alloc_4.json	348533	
bucket	repo-hygiene/git_tip/artifacts/nf/la_frozen_dsc_a1_s1/alloc_5.json	348720	
bucket	repo-hygiene/git_tip/artifacts/nf/la_frozen_dsc_a1_s1/alloc_6.json	348842	
bucket	repo-hygiene/git_tip/artifacts/nf/la_frozen_dsc_a1_s1/alloc_7.json	348941	
bucket	repo-hygiene/git_tip/artifacts/nf/la_frozen_dsc_a1_s1/alloc_8.json	349008	
bucket	repo-hygiene/git_tip/artifacts/nf/la_frozen_dsc_a1_s1/args.json	687	
bucket	repo-hygiene/git_tip/artifacts/nf/la_frozen_dsc_a1_s1/found_1.jsonl	1534236	
bucket	repo-hygiene/git_tip/artifacts/nf/la_frozen_dsc_a1_s1/found_2.jsonl	1736236	
bucket	repo-hygiene/git_tip/artifacts/nf/la_frozen_dsc_a1_s1/found_3.jsonl	1872094	
bucket	repo-hygiene/git_tip/artifacts/nf/la_frozen_dsc_a1_s1/found_4.jsonl	1951298	
bucket	repo-hygiene/git_tip/artifacts/nf/la_frozen_dsc_a1_s1/found_5.jsonl	2026424	
bucket	repo-hygiene/git_tip/artifacts/nf/la_frozen_dsc_a1_s1/found_6.jsonl	2085960	
bucket	repo-hygiene/git_tip/artifacts/nf/la_frozen_dsc_a1_s1/found_7.jsonl	2140717	
bucket	repo-hygiene/git_tip/artifacts/nf/la_frozen_dsc_a1_s1/found_8.jsonl	2181877	
bucket	repo-hygiene/git_tip/artifacts/nf/la_frozen_dsc_a1_s1/found_transfer_1.jsonl	180834	
bucket	repo-hygiene/git_tip/artifacts/nf/la_frozen_dsc_a1_s1/found_transfer_2.jsonl	209204	
bucket	repo-hygiene/git_tip/artifacts/nf/la_frozen_dsc_a1_s1/found_transfer_3.jsonl	229072	
bucket	repo-hygiene/git_tip/artifacts/nf/la_frozen_dsc_a1_s1/found_transfer_4.jsonl	242411	
bucket	repo-hygiene/git_tip/artifacts/nf/la_frozen_dsc_a1_s1/found_transfer_5.jsonl	257952	
bucket	repo-hygiene/git_tip/artifacts/nf/la_frozen_dsc_a1_s1/found_transfer_6.jsonl	262480	
bucket	repo-hygiene/git_tip/artifacts/nf/la_frozen_dsc_a1_s1/found_transfer_7.jsonl	271026	
bucket	repo-hygiene/git_tip/artifacts/nf/la_frozen_dsc_a1_s1/found_transfer_8.jsonl	282509	
bucket	repo-hygiene/git_tip/artifacts/nf/la_frozen_dsc_a1_s1/round_1.json	10197	
bucket	repo-hygiene/git_tip/artifacts/nf/la_frozen_dsc_a1_s1/round_2.json	10143	
bucket	repo-hygiene/git_tip/artifacts/nf/la_frozen_dsc_a1_s1/round_3.json	10147	
bucket	repo-hygiene/git_tip/artifacts/nf/la_frozen_dsc_a1_s1/round_4.json	10179	
bucket	repo-hygiene/git_tip/artifacts/nf/la_frozen_dsc_a1_s1/round_5.json	10204	
bucket	repo-hygiene/git_tip/artifacts/nf/la_frozen_dsc_a1_s1/round_6.json	10208	
bucket	repo-hygiene/git_tip/artifacts/nf/la_frozen_dsc_a1_s1/round_7.json	10176	
bucket	repo-hygiene/git_tip/artifacts/nf/la_frozen_dsc_a1_s1/round_8.json	10113	
bucket	repo-hygiene/git_tip/artifacts/nf/la_frozen_dsg_g1_s0.done	0	
bucket	repo-hygiene/git_tip/artifacts/nf/la_frozen_dsg_g1_s0/alloc_1.json	343046	
bucket	repo-hygiene/git_tip/artifacts/nf/la_frozen_dsg_g1_s0/alloc_2.json	343101	
bucket	repo-hygiene/git_tip/artifacts/nf/la_frozen_dsg_g1_s0/alloc_3.json	343128	
bucket	repo-hygiene/git_tip/artifacts/nf/la_frozen_dsg_g1_s0/alloc_4.json	347766	
bucket	repo-hygiene/git_tip/artifacts/nf/la_frozen_dsg_g1_s0/alloc_5.json	347824	
bucket	repo-hygiene/git_tip/artifacts/nf/la_frozen_dsg_g1_s0/alloc_6.json	347859	
bucket	repo-hygiene/git_tip/artifacts/nf/la_frozen_dsg_g1_s0/alloc_7.json	347887	
bucket	repo-hygiene/git_tip/artifacts/nf/la_frozen_dsg_g1_s0/alloc_8.json	347908	
bucket	repo-hygiene/git_tip/artifacts/nf/la_frozen_dsg_g1_s0/args.json	687	
bucket	repo-hygiene/git_tip/artifacts/nf/la_frozen_dsg_g1_s0/found_1.jsonl	570654	
bucket	repo-hygiene/git_tip/artifacts/nf/la_frozen_dsg_g1_s0/found_2.jsonl	691403	
bucket	repo-hygiene/git_tip/artifacts/nf/la_frozen_dsg_g1_s0/found_3.jsonl	758711	
bucket	repo-hygiene/git_tip/artifacts/nf/la_frozen_dsg_g1_s0/found_4.jsonl	807600	
bucket	repo-hygiene/git_tip/artifacts/nf/la_frozen_dsg_g1_s0/found_5.jsonl	851691	
bucket	repo-hygiene/git_tip/artifacts/nf/la_frozen_dsg_g1_s0/found_6.jsonl	873223	
bucket	repo-hygiene/git_tip/artifacts/nf/la_frozen_dsg_g1_s0/found_7.jsonl	904419	
bucket	repo-hygiene/git_tip/artifacts/nf/la_frozen_dsg_g1_s0/found_8.jsonl	935308	
bucket	repo-hygiene/git_tip/artifacts/nf/la_frozen_dsg_g1_s0/found_transfer_1.jsonl	42744	
bucket	repo-hygiene/git_tip/artifacts/nf/la_frozen_dsg_g1_s0/found_transfer_2.jsonl	51714	
bucket	repo-hygiene/git_tip/artifacts/nf/la_frozen_dsg_g1_s0/found_transfer_3.jsonl	60984	
bucket	repo-hygiene/git_tip/artifacts/nf/la_frozen_dsg_g1_s0/found_transfer_4.jsonl	64133	
bucket	repo-hygiene/git_tip/artifacts/nf/la_frozen_dsg_g1_s0/found_transfer_5.jsonl	70423	
bucket	repo-hygiene/git_tip/artifacts/nf/la_frozen_dsg_g1_s0/found_transfer_6.jsonl	73040	
bucket	repo-hygiene/git_tip/artifacts/nf/la_frozen_dsg_g1_s0/found_transfer_7.jsonl	79693	
bucket	repo-hygiene/git_tip/artifacts/nf/la_frozen_dsg_g1_s0/found_transfer_8.jsonl	83140	
bucket	repo-hygiene/git_tip/artifacts/nf/la_frozen_dsg_g1_s0/round_1.json	10009	
bucket	repo-hygiene/git_tip/artifacts/nf/la_frozen_dsg_g1_s0/round_2.json	10036	
bucket	repo-hygiene/git_tip/artifacts/nf/la_frozen_dsg_g1_s0/round_3.json	10010	
bucket	repo-hygiene/git_tip/artifacts/nf/la_frozen_dsg_g1_s0/round_4.json	10049	
bucket	repo-hygiene/git_tip/artifacts/nf/la_frozen_dsg_g1_s0/round_5.json	10009	
bucket	repo-hygiene/git_tip/artifacts/nf/la_frozen_dsg_g1_s0/round_6.json	10020	
bucket	repo-hygiene/git_tip/artifacts/nf/la_frozen_dsg_g1_s0/round_7.json	10016	
bucket	repo-hygiene/git_tip/artifacts/nf/la_frozen_dsg_g1_s0/round_8.json	10026	
bucket	repo-hygiene/git_tip/artifacts/nf/la_frozen_p1_s0.done	0	
bucket	repo-hygiene/git_tip/artifacts/nf/la_frozen_p1_s0/alloc_1.json	343090	
bucket	repo-hygiene/git_tip/artifacts/nf/la_frozen_p1_s0/alloc_2.json	343182	
bucket	repo-hygiene/git_tip/artifacts/nf/la_frozen_p1_s0/alloc_3.json	343232	
bucket	repo-hygiene/git_tip/artifacts/nf/la_frozen_p1_s0/alloc_4.json	347879	
bucket	repo-hygiene/git_tip/artifacts/nf/la_frozen_p1_s0/alloc_5.json	347964	
bucket	repo-hygiene/git_tip/artifacts/nf/la_frozen_p1_s0/alloc_6.json	348023	
bucket	repo-hygiene/git_tip/artifacts/nf/la_frozen_p1_s0/alloc_7.json	348062	
bucket	repo-hygiene/git_tip/artifacts/nf/la_frozen_p1_s0/alloc_8.json	348113	
bucket	repo-hygiene/git_tip/artifacts/nf/la_frozen_p1_s0/args.json	681	
bucket	repo-hygiene/git_tip/artifacts/nf/la_frozen_p1_s0/found_1.jsonl	897630	
bucket	repo-hygiene/git_tip/artifacts/nf/la_frozen_p1_s0/found_2.jsonl	1110154	
bucket	repo-hygiene/git_tip/artifacts/nf/la_frozen_p1_s0/found_3.jsonl	1224490	
bucket	repo-hygiene/git_tip/artifacts/nf/la_frozen_p1_s0/found_4.jsonl	1307732	
bucket	repo-hygiene/git_tip/artifacts/nf/la_frozen_p1_s0/found_5.jsonl	1386443	
bucket	repo-hygiene/git_tip/artifacts/nf/la_frozen_p1_s0/found_6.jsonl	1442485	
bucket	repo-hygiene/git_tip/artifacts/nf/la_frozen_p1_s0/found_7.jsonl	1510303	
bucket	repo-hygiene/git_tip/artifacts/nf/la_frozen_p1_s0/found_8.jsonl	1560034	
bucket	repo-hygiene/git_tip/artifacts/nf/la_frozen_p1_s0/found_transfer_1.jsonl	76863	
bucket	repo-hygiene/git_tip/artifacts/nf/la_frozen_p1_s0/found_transfer_2.jsonl	107100	
bucket	repo-hygiene/git_tip/artifacts/nf/la_frozen_p1_s0/found_transfer_3.jsonl	122515	
bucket	repo-hygiene/git_tip/artifacts/nf/la_frozen_p1_s0/found_transfer_4.jsonl	132765	
bucket	repo-hygiene/git_tip/artifacts/nf/la_frozen_p1_s0/found_transfer_5.jsonl	142848	
bucket	repo-hygiene/git_tip/artifacts/nf/la_frozen_p1_s0/found_transfer_6.jsonl	153963	
bucket	repo-hygiene/git_tip/artifacts/nf/la_frozen_p1_s0/found_transfer_7.jsonl	160562	
bucket	repo-hygiene/git_tip/artifacts/nf/la_frozen_p1_s0/found_transfer_8.jsonl	171798	
bucket	repo-hygiene/git_tip/artifacts/nf/la_frozen_p1_s0/round_1.json	10182	
bucket	repo-hygiene/git_tip/artifacts/nf/la_frozen_p1_s0/round_2.json	10145	
bucket	repo-hygiene/git_tip/artifacts/nf/la_frozen_p1_s0/round_3.json	10210	
bucket	repo-hygiene/git_tip/artifacts/nf/la_frozen_p1_s0/round_4.json	10180	
bucket	repo-hygiene/git_tip/artifacts/nf/la_frozen_p1_s0/round_5.json	10230	
bucket	repo-hygiene/git_tip/artifacts/nf/la_frozen_p1_s0/round_6.json	10188	
bucket	repo-hygiene/git_tip/artifacts/nf/la_frozen_p1_s0/round_7.json	10212	
bucket	repo-hygiene/git_tip/artifacts/nf/la_frozen_p1_s0/round_8.json	10212	
bucket	repo-hygiene/git_tip/artifacts/nf/la_frozen_p1_s1.done	0	
bucket	repo-hygiene/git_tip/artifacts/nf/la_frozen_p1_s1/alloc_1.json	343594	
bucket	repo-hygiene/git_tip/artifacts/nf/la_frozen_p1_s1/alloc_2.json	343809	
bucket	repo-hygiene/git_tip/artifacts/nf/la_frozen_p1_s1/alloc_3.json	343903	
bucket	repo-hygiene/git_tip/artifacts/nf/la_frozen_p1_s1/alloc_4.json	348636	
bucket	repo-hygiene/git_tip/artifacts/nf/la_frozen_p1_s1/alloc_5.json	348906	
bucket	repo-hygiene/git_tip/artifacts/nf/la_frozen_p1_s1/alloc_6.json	349058	
bucket	repo-hygiene/git_tip/artifacts/nf/la_frozen_p1_s1/alloc_7.json	349173	
bucket	repo-hygiene/git_tip/artifacts/nf/la_frozen_p1_s1/alloc_8.json	349254	
bucket	repo-hygiene/git_tip/artifacts/nf/la_frozen_p1_s1/args.json	681	
bucket	repo-hygiene/git_tip/artifacts/nf/la_frozen_p1_s1/found_1.jsonl	1798371	
bucket	repo-hygiene/git_tip/artifacts/nf/la_frozen_p1_s1/found_2.jsonl	2001919	
bucket	repo-hygiene/git_tip/artifacts/nf/la_frozen_p1_s1/found_3.jsonl	2148053	
bucket	repo-hygiene/git_tip/artifacts/nf/la_frozen_p1_s1/found_4.jsonl	2252434	
bucket	repo-hygiene/git_tip/artifacts/nf/la_frozen_p1_s1/found_5.jsonl	2314637	
bucket	repo-hygiene/git_tip/artifacts/nf/la_frozen_p1_s1/found_6.jsonl	2375197	
bucket	repo-hygiene/git_tip/artifacts/nf/la_frozen_p1_s1/found_7.jsonl	2445195	
bucket	repo-hygiene/git_tip/artifacts/nf/la_frozen_p1_s1/found_8.jsonl	2492652	
bucket	repo-hygiene/git_tip/artifacts/nf/la_frozen_p1_s1/found_transfer_1.jsonl	267170	
bucket	repo-hygiene/git_tip/artifacts/nf/la_frozen_p1_s1/found_transfer_2.jsonl	318365	
bucket	repo-hygiene/git_tip/artifacts/nf/la_frozen_p1_s1/found_transfer_3.jsonl	350611	
bucket	repo-hygiene/git_tip/artifacts/nf/la_frozen_p1_s1/found_transfer_4.jsonl	373260	
bucket	repo-hygiene/git_tip/artifacts/nf/la_frozen_p1_s1/found_transfer_5.jsonl	390060	
bucket	repo-hygiene/git_tip/artifacts/nf/la_frozen_p1_s1/found_transfer_6.jsonl	404681	
bucket	repo-hygiene/git_tip/artifacts/nf/la_frozen_p1_s1/found_transfer_7.jsonl	417852	
bucket	repo-hygiene/git_tip/artifacts/nf/la_frozen_p1_s1/found_transfer_8.jsonl	431627	
bucket	repo-hygiene/git_tip/artifacts/nf/la_frozen_p1_s1/round_1.json	10106	
bucket	repo-hygiene/git_tip/artifacts/nf/la_frozen_p1_s1/round_2.json	10145	
bucket	repo-hygiene/git_tip/artifacts/nf/la_frozen_p1_s1/round_3.json	10203	
bucket	repo-hygiene/git_tip/artifacts/nf/la_frozen_p1_s1/round_4.json	10128	
bucket	repo-hygiene/git_tip/artifacts/nf/la_frozen_p1_s1/round_5.json	10133	
bucket	repo-hygiene/git_tip/artifacts/nf/la_frozen_p1_s1/round_6.json	10192	
bucket	repo-hygiene/git_tip/artifacts/nf/la_frozen_p1_s1/round_7.json	10208	
bucket	repo-hygiene/git_tip/artifacts/nf/la_frozen_p1_s1/round_8.json	10163	
bucket	repo-hygiene/git_tip/artifacts/nf/la_frozen_p2_s0.done	0	
bucket	repo-hygiene/git_tip/artifacts/nf/la_frozen_p2_s0/alloc_1.json	343382	
bucket	repo-hygiene/git_tip/artifacts/nf/la_frozen_p2_s0/alloc_2.json	343643	
bucket	repo-hygiene/git_tip/artifacts/nf/la_frozen_p2_s0/alloc_3.json	343766	
bucket	repo-hygiene/git_tip/artifacts/nf/la_frozen_p2_s0/alloc_4.json	348477	
bucket	repo-hygiene/git_tip/artifacts/nf/la_frozen_p2_s0/alloc_5.json	348591	
bucket	repo-hygiene/git_tip/artifacts/nf/la_frozen_p2_s0/alloc_6.json	348710	
bucket	repo-hygiene/git_tip/artifacts/nf/la_frozen_p2_s0/alloc_7.json	348814	
bucket	repo-hygiene/git_tip/artifacts/nf/la_frozen_p2_s0/alloc_8.json	348892	
bucket	repo-hygiene/git_tip/artifacts/nf/la_frozen_p2_s0/args.json	681	
bucket	repo-hygiene/git_tip/artifacts/nf/la_frozen_p2_s0/found_1.jsonl	1557975	
bucket	repo-hygiene/git_tip/artifacts/nf/la_frozen_p2_s0/found_2.jsonl	1774335	
bucket	repo-hygiene/git_tip/artifacts/nf/la_frozen_p2_s0/found_3.jsonl	1891420	
bucket	repo-hygiene/git_tip/artifacts/nf/la_frozen_p2_s0/found_4.jsonl	1977613	
bucket	repo-hygiene/git_tip/artifacts/nf/la_frozen_p2_s0/found_5.jsonl	2031736	
bucket	repo-hygiene/git_tip/artifacts/nf/la_frozen_p2_s0/found_6.jsonl	2101436	
bucket	repo-hygiene/git_tip/artifacts/nf/la_frozen_p2_s0/found_7.jsonl	2143978	
bucket	repo-hygiene/git_tip/artifacts/nf/la_frozen_p2_s0/found_8.jsonl	2176104	
bucket	repo-hygiene/git_tip/artifacts/nf/la_frozen_p2_s0/found_transfer_1.jsonl	168454	
bucket	repo-hygiene/git_tip/artifacts/nf/la_frozen_p2_s0/found_transfer_2.jsonl	196449	
bucket	repo-hygiene/git_tip/artifacts/nf/la_frozen_p2_s0/found_transfer_3.jsonl	218530	
bucket	repo-hygiene/git_tip/artifacts/nf/la_frozen_p2_s0/found_transfer_4.jsonl	231539	
bucket	repo-hygiene/git_tip/artifacts/nf/la_frozen_p2_s0/found_transfer_5.jsonl	244367	
bucket	repo-hygiene/git_tip/artifacts/nf/la_frozen_p2_s0/found_transfer_6.jsonl	257755	
bucket	repo-hygiene/git_tip/artifacts/nf/la_frozen_p2_s0/found_transfer_7.jsonl	261829	
bucket	repo-hygiene/git_tip/artifacts/nf/la_frozen_p2_s0/found_transfer_8.jsonl	269279	
bucket	repo-hygiene/git_tip/artifacts/nf/la_frozen_p2_s0/round_1.json	10165	
bucket	repo-hygiene/git_tip/artifacts/nf/la_frozen_p2_s0/round_2.json	10146	
bucket	repo-hygiene/git_tip/artifacts/nf/la_frozen_p2_s0/round_3.json	10209	
bucket	repo-hygiene/git_tip/artifacts/nf/la_frozen_p2_s0/round_4.json	10174	
bucket	repo-hygiene/git_tip/artifacts/nf/la_frozen_p2_s0/round_5.json	10174	
bucket	repo-hygiene/git_tip/artifacts/nf/la_frozen_p2_s0/round_6.json	10210	
bucket	repo-hygiene/git_tip/artifacts/nf/la_frozen_p2_s0/round_7.json	10167	
bucket	repo-hygiene/git_tip/artifacts/nf/la_frozen_p2_s0/round_8.json	10170	
bucket	repo-hygiene/git_tip/artifacts/nf/la_frozen_p2_s1.done	0	
bucket	repo-hygiene/git_tip/artifacts/nf/la_frozen_p2_s1/alloc_1.json	343133	
bucket	repo-hygiene/git_tip/artifacts/nf/la_frozen_p2_s1/alloc_2.json	343195	
bucket	repo-hygiene/git_tip/artifacts/nf/la_frozen_p2_s1/alloc_3.json	343232	
bucket	repo-hygiene/git_tip/artifacts/nf/la_frozen_p2_s1/alloc_4.json	347910	
bucket	repo-hygiene/git_tip/artifacts/nf/la_frozen_p2_s1/alloc_5.json	348000	
bucket	repo-hygiene/git_tip/artifacts/nf/la_frozen_p2_s1/alloc_6.json	348057	
bucket	repo-hygiene/git_tip/artifacts/nf/la_frozen_p2_s1/alloc_7.json	348095	
bucket	repo-hygiene/git_tip/artifacts/nf/la_frozen_p2_s1/alloc_8.json	348113	
bucket	repo-hygiene/git_tip/artifacts/nf/la_frozen_p2_s1/args.json	681	
bucket	repo-hygiene/git_tip/artifacts/nf/la_frozen_p2_s1/found_1.jsonl	820664	
bucket	repo-hygiene/git_tip/artifacts/nf/la_frozen_p2_s1/found_2.jsonl	972689	
bucket	repo-hygiene/git_tip/artifacts/nf/la_frozen_p2_s1/found_3.jsonl	1080505	
bucket	repo-hygiene/git_tip/artifacts/nf/la_frozen_p2_s1/found_4.jsonl	1139067	
bucket	repo-hygiene/git_tip/artifacts/nf/la_frozen_p2_s1/found_5.jsonl	1199169	
bucket	repo-hygiene/git_tip/artifacts/nf/la_frozen_p2_s1/found_6.jsonl	1251443	
bucket	repo-hygiene/git_tip/artifacts/nf/la_frozen_p2_s1/found_7.jsonl	1298940	
bucket	repo-hygiene/git_tip/artifacts/nf/la_frozen_p2_s1/found_8.jsonl	1328325	
bucket	repo-hygiene/git_tip/artifacts/nf/la_frozen_p2_s1/found_transfer_1.jsonl	77607	
bucket	repo-hygiene/git_tip/artifacts/nf/la_frozen_p2_s1/found_transfer_2.jsonl	105026	
bucket	repo-hygiene/git_tip/artifacts/nf/la_frozen_p2_s1/found_transfer_3.jsonl	118484	
bucket	repo-hygiene/git_tip/artifacts/nf/la_frozen_p2_s1/found_transfer_4.jsonl	120766	
bucket	repo-hygiene/git_tip/artifacts/nf/la_frozen_p2_s1/found_transfer_5.jsonl	132017	
bucket	repo-hygiene/git_tip/artifacts/nf/la_frozen_p2_s1/found_transfer_6.jsonl	140656	
bucket	repo-hygiene/git_tip/artifacts/nf/la_frozen_p2_s1/found_transfer_7.jsonl	147075	
bucket	repo-hygiene/git_tip/artifacts/nf/la_frozen_p2_s1/found_transfer_8.jsonl	152377	
bucket	repo-hygiene/git_tip/artifacts/nf/la_frozen_p2_s1/round_1.json	10097	
bucket	repo-hygiene/git_tip/artifacts/nf/la_frozen_p2_s1/round_2.json	10127	
bucket	repo-hygiene/git_tip/artifacts/nf/la_frozen_p2_s1/round_3.json	10111	
bucket	repo-hygiene/git_tip/artifacts/nf/la_frozen_p2_s1/round_4.json	10125	
bucket	repo-hygiene/git_tip/artifacts/nf/la_frozen_p2_s1/round_5.json	10090	
bucket	repo-hygiene/git_tip/artifacts/nf/la_frozen_p2_s1/round_6.json	10091	
bucket	repo-hygiene/git_tip/artifacts/nf/la_frozen_p2_s1/round_7.json	10074	
bucket	repo-hygiene/git_tip/artifacts/nf/la_frozen_p2_s1/round_8.json	10066	
bucket	repo-hygiene/git_tip/artifacts/nf/la_frozen_p3_s0.done	0	
bucket	repo-hygiene/git_tip/artifacts/nf/la_frozen_p3_s0/alloc_1.json	343018	
bucket	repo-hygiene/git_tip/artifacts/nf/la_frozen_p3_s0/alloc_2.json	343062	
bucket	repo-hygiene/git_tip/artifacts/nf/la_frozen_p3_s0/alloc_3.json	343104	
bucket	repo-hygiene/git_tip/artifacts/nf/la_frozen_p3_s0/alloc_4.json	347702	
bucket	repo-hygiene/git_tip/artifacts/nf/la_frozen_p3_s0/alloc_5.json	347760	
bucket	repo-hygiene/git_tip/artifacts/nf/la_frozen_p3_s0/alloc_6.json	347799	
bucket	repo-hygiene/git_tip/artifacts/nf/la_frozen_p3_s0/alloc_7.json	347825	
bucket	repo-hygiene/git_tip/artifacts/nf/la_frozen_p3_s0/alloc_8.json	347844	
bucket	repo-hygiene/git_tip/artifacts/nf/la_frozen_p3_s0/args.json	681	
bucket	repo-hygiene/git_tip/artifacts/nf/la_frozen_p3_s0/found_1.jsonl	570558	
bucket	repo-hygiene/git_tip/artifacts/nf/la_frozen_p3_s0/found_2.jsonl	705016	
bucket	repo-hygiene/git_tip/artifacts/nf/la_frozen_p3_s0/found_3.jsonl	805624	
bucket	repo-hygiene/git_tip/artifacts/nf/la_frozen_p3_s0/found_4.jsonl	876716	
bucket	repo-hygiene/git_tip/artifacts/nf/la_frozen_p3_s0/found_5.jsonl	927820	
bucket	repo-hygiene/git_tip/artifacts/nf/la_frozen_p3_s0/found_6.jsonl	966890	
bucket	repo-hygiene/git_tip/artifacts/nf/la_frozen_p3_s0/found_7.jsonl	1011776	
bucket	repo-hygiene/git_tip/artifacts/nf/la_frozen_p3_s0/found_8.jsonl	1046873	
bucket	repo-hygiene/git_tip/artifacts/nf/la_frozen_p3_s0/found_transfer_1.jsonl	45729	
bucket	repo-hygiene/git_tip/artifacts/nf/la_frozen_p3_s0/found_transfer_2.jsonl	59064	
bucket	repo-hygiene/git_tip/artifacts/nf/la_frozen_p3_s0/found_transfer_3.jsonl	72420	
bucket	repo-hygiene/git_tip/artifacts/nf/la_frozen_p3_s0/found_transfer_4.jsonl	78882	
bucket	repo-hygiene/git_tip/artifacts/nf/la_frozen_p3_s0/found_transfer_5.jsonl	84238	
bucket	repo-hygiene/git_tip/artifacts/nf/la_frozen_p3_s0/found_transfer_6.jsonl	90320	
bucket	repo-hygiene/git_tip/artifacts/nf/la_frozen_p3_s0/found_transfer_7.jsonl	92779	
bucket	repo-hygiene/git_tip/artifacts/nf/la_frozen_p3_s0/found_transfer_8.jsonl	94808	
bucket	repo-hygiene/git_tip/artifacts/nf/la_frozen_p3_s0/round_1.json	9991	
bucket	repo-hygiene/git_tip/artifacts/nf/la_frozen_p3_s0/round_2.json	10059	
bucket	repo-hygiene/git_tip/artifacts/nf/la_frozen_p3_s0/round_3.json	10060	
bucket	repo-hygiene/git_tip/artifacts/nf/la_frozen_p3_s0/round_4.json	10090	
bucket	repo-hygiene/git_tip/artifacts/nf/la_frozen_p3_s0/round_5.json	10061	
bucket	repo-hygiene/git_tip/artifacts/nf/la_frozen_p3_s0/round_6.json	10152	
bucket	repo-hygiene/git_tip/artifacts/nf/la_frozen_p3_s0/round_7.json	10077	
bucket	repo-hygiene/git_tip/artifacts/nf/la_frozen_p3_s0/round_8.json	10110	
bucket	repo-hygiene/git_tip/artifacts/nf/la_frozen_p3_s1.done	0	
bucket	repo-hygiene/git_tip/artifacts/nf/la_frozen_p3_s1/alloc_1.json	343064	
bucket	repo-hygiene/git_tip/artifacts/nf/la_frozen_p3_s1/alloc_2.json	343163	
bucket	repo-hygiene/git_tip/artifacts/nf/la_frozen_p3_s1/alloc_3.json	343229	
bucket	repo-hygiene/git_tip/artifacts/nf/la_frozen_p3_s1/alloc_4.json	347891	
bucket	repo-hygiene/git_tip/artifacts/nf/la_frozen_p3_s1/alloc_5.json	347964	
bucket	repo-hygiene/git_tip/artifacts/nf/la_frozen_p3_s1/alloc_6.json	348035	
bucket	repo-hygiene/git_tip/artifacts/nf/la_frozen_p3_s1/alloc_7.json	348088	
bucket	repo-hygiene/git_tip/artifacts/nf/la_frozen_p3_s1/alloc_8.json	348157	
bucket	repo-hygiene/git_tip/artifacts/nf/la_frozen_p3_s1/args.json	681	
bucket	repo-hygiene/git_tip/artifacts/nf/la_frozen_p3_s1/found_1.jsonl	957082	
bucket	repo-hygiene/git_tip/artifacts/nf/la_frozen_p3_s1/found_2.jsonl	1206429	
bucket	repo-hygiene/git_tip/artifacts/nf/la_frozen_p3_s1/found_3.jsonl	1351359	
bucket	repo-hygiene/git_tip/artifacts/nf/la_frozen_p3_s1/found_4.jsonl	1462888	
bucket	repo-hygiene/git_tip/artifacts/nf/la_frozen_p3_s1/found_5.jsonl	1526369	
bucket	repo-hygiene/git_tip/artifacts/nf/la_frozen_p3_s1/found_6.jsonl	1607058	
bucket	repo-hygiene/git_tip/artifacts/nf/la_frozen_p3_s1/found_7.jsonl	1660325	
bucket	repo-hygiene/git_tip/artifacts/nf/la_frozen_p3_s1/found_8.jsonl	1709928	
bucket	repo-hygiene/git_tip/artifacts/nf/la_frozen_p3_s1/found_transfer_1.jsonl	102565	
bucket	repo-hygiene/git_tip/artifacts/nf/la_frozen_p3_s1/found_transfer_2.jsonl	135871	
bucket	repo-hygiene/git_tip/artifacts/nf/la_frozen_p3_s1/found_transfer_3.jsonl	167151	
bucket	repo-hygiene/git_tip/artifacts/nf/la_frozen_p3_s1/found_transfer_4.jsonl	177868	
bucket	repo-hygiene/git_tip/artifacts/nf/la_frozen_p3_s1/found_transfer_5.jsonl	193453	
bucket	repo-hygiene/git_tip/artifacts/nf/la_frozen_p3_s1/found_transfer_6.jsonl	210158	
bucket	repo-hygiene/git_tip/artifacts/nf/la_frozen_p3_s1/found_transfer_7.jsonl	228273	
bucket	repo-hygiene/git_tip/artifacts/nf/la_frozen_p3_s1/found_transfer_8.jsonl	237313	
bucket	repo-hygiene/git_tip/artifacts/nf/la_frozen_p3_s1/round_1.json	10134	
bucket	repo-hygiene/git_tip/artifacts/nf/la_frozen_p3_s1/round_2.json	10148	
bucket	repo-hygiene/git_tip/artifacts/nf/la_frozen_p3_s1/round_3.json	10182	
bucket	repo-hygiene/git_tip/artifacts/nf/la_frozen_p3_s1/round_4.json	10103	
bucket	repo-hygiene/git_tip/artifacts/nf/la_frozen_p3_s1/round_5.json	10152	
bucket	repo-hygiene/git_tip/artifacts/nf/la_frozen_p3_s1/round_6.json	10259	
bucket	repo-hygiene/git_tip/artifacts/nf/la_frozen_p3_s1/round_7.json	10183	
bucket	repo-hygiene/git_tip/artifacts/nf/la_frozen_p3_s1/round_8.json	10257	
bucket	repo-hygiene/git_tip/artifacts/nf/la_frozen_p4_s0.done	0	
bucket	repo-hygiene/git_tip/artifacts/nf/la_frozen_p4_s0/alloc_1.json	343124	
bucket	repo-hygiene/git_tip/artifacts/nf/la_frozen_p4_s0/alloc_2.json	343222	
bucket	repo-hygiene/git_tip/artifacts/nf/la_frozen_p4_s0/alloc_3.json	343287	
bucket	repo-hygiene/git_tip/artifacts/nf/la_frozen_p4_s0/alloc_4.json	347986	
bucket	repo-hygiene/git_tip/artifacts/nf/la_frozen_p4_s0/alloc_5.json	348063	
bucket	repo-hygiene/git_tip/artifacts/nf/la_frozen_p4_s0/alloc_6.json	348119	
bucket	repo-hygiene/git_tip/artifacts/nf/la_frozen_p4_s0/alloc_7.json	348170	
bucket	repo-hygiene/git_tip/artifacts/nf/la_frozen_p4_s0/alloc_8.json	348208	
bucket	repo-hygiene/git_tip/artifacts/nf/la_frozen_p4_s0/args.json	681	
bucket	repo-hygiene/git_tip/artifacts/nf/la_frozen_p4_s0/found_1.jsonl	1003254	
bucket	repo-hygiene/git_tip/artifacts/nf/la_frozen_p4_s0/found_2.jsonl	1222485	
bucket	repo-hygiene/git_tip/artifacts/nf/la_frozen_p4_s0/found_3.jsonl	1351337	
bucket	repo-hygiene/git_tip/artifacts/nf/la_frozen_p4_s0/found_4.jsonl	1461812	
bucket	repo-hygiene/git_tip/artifacts/nf/la_frozen_p4_s0/found_5.jsonl	1565286	
bucket	repo-hygiene/git_tip/artifacts/nf/la_frozen_p4_s0/found_6.jsonl	1638112	
bucket	repo-hygiene/git_tip/artifacts/nf/la_frozen_p4_s0/found_7.jsonl	1708488	
bucket	repo-hygiene/git_tip/artifacts/nf/la_frozen_p4_s0/found_8.jsonl	1756502	
bucket	repo-hygiene/git_tip/artifacts/nf/la_frozen_p4_s0/found_transfer_1.jsonl	113916	
bucket	repo-hygiene/git_tip/artifacts/nf/la_frozen_p4_s0/found_transfer_2.jsonl	148112	
bucket	repo-hygiene/git_tip/artifacts/nf/la_frozen_p4_s0/found_transfer_3.jsonl	171474	
bucket	repo-hygiene/git_tip/artifacts/nf/la_frozen_p4_s0/found_transfer_4.jsonl	183399	
bucket	repo-hygiene/git_tip/artifacts/nf/la_frozen_p4_s0/found_transfer_5.jsonl	200866	
bucket	repo-hygiene/git_tip/artifacts/nf/la_frozen_p4_s0/found_transfer_6.jsonl	221816	
bucket	repo-hygiene/git_tip/artifacts/nf/la_frozen_p4_s0/found_transfer_7.jsonl	231287	
bucket	repo-hygiene/git_tip/artifacts/nf/la_frozen_p4_s0/found_transfer_8.jsonl	245272	
bucket	repo-hygiene/git_tip/artifacts/nf/la_frozen_p4_s0/round_1.json	10143	
bucket	repo-hygiene/git_tip/artifacts/nf/la_frozen_p4_s0/round_2.json	10083	
bucket	repo-hygiene/git_tip/artifacts/nf/la_frozen_p4_s0/round_3.json	10101	
bucket	repo-hygiene/git_tip/artifacts/nf/la_frozen_p4_s0/round_4.json	10131	
bucket	repo-hygiene/git_tip/artifacts/nf/la_frozen_p4_s0/round_5.json	10145	
bucket	repo-hygiene/git_tip/artifacts/nf/la_frozen_p4_s0/round_6.json	10139	
bucket	repo-hygiene/git_tip/artifacts/nf/la_frozen_p4_s0/round_7.json	10148	
bucket	repo-hygiene/git_tip/artifacts/nf/la_frozen_p4_s0/round_8.json	10113	
bucket	repo-hygiene/git_tip/artifacts/nf/la_frozen_p4_s1.done	0	
bucket	repo-hygiene/git_tip/artifacts/nf/la_frozen_p4_s1/alloc_1.json	343806	
bucket	repo-hygiene/git_tip/artifacts/nf/la_frozen_p4_s1/alloc_2.json	343985	
bucket	repo-hygiene/git_tip/artifacts/nf/la_frozen_p4_s1/alloc_3.json	344066	
bucket	repo-hygiene/git_tip/artifacts/nf/la_frozen_p4_s1/alloc_4.json	349028	
bucket	repo-hygiene/git_tip/artifacts/nf/la_frozen_p4_s1/alloc_5.json	349266	
bucket	repo-hygiene/git_tip/artifacts/nf/la_frozen_p4_s1/alloc_6.json	349425	
bucket	repo-hygiene/git_tip/artifacts/nf/la_frozen_p4_s1/alloc_7.json	349528	
bucket	repo-hygiene/git_tip/artifacts/nf/la_frozen_p4_s1/alloc_8.json	349608	
bucket	repo-hygiene/git_tip/artifacts/nf/la_frozen_p4_s1/args.json	681	
bucket	repo-hygiene/git_tip/artifacts/nf/la_frozen_p4_s1/found_1.jsonl	1983278	
bucket	repo-hygiene/git_tip/artifacts/nf/la_frozen_p4_s1/found_2.jsonl	2209155	
bucket	repo-hygiene/git_tip/artifacts/nf/la_frozen_p4_s1/found_3.jsonl	2332688	
bucket	repo-hygiene/git_tip/artifacts/nf/la_frozen_p4_s1/found_4.jsonl	2444289	
bucket	repo-hygiene/git_tip/artifacts/nf/la_frozen_p4_s1/found_5.jsonl	2535479	
bucket	repo-hygiene/git_tip/artifacts/nf/la_frozen_p4_s1/found_6.jsonl	2616200	
bucket	repo-hygiene/git_tip/artifacts/nf/la_frozen_p4_s1/found_7.jsonl	2666010	
bucket	repo-hygiene/git_tip/artifacts/nf/la_frozen_p4_s1/found_8.jsonl	2704360	
bucket	repo-hygiene/git_tip/artifacts/nf/la_frozen_p4_s1/found_transfer_1.jsonl	287065	
bucket	repo-hygiene/git_tip/artifacts/nf/la_frozen_p4_s1/found_transfer_2.jsonl	331938	
bucket	repo-hygiene/git_tip/artifacts/nf/la_frozen_p4_s1/found_transfer_3.jsonl	357019	
bucket	repo-hygiene/git_tip/artifacts/nf/la_frozen_p4_s1/found_transfer_4.jsonl	374437	
bucket	repo-hygiene/git_tip/artifacts/nf/la_frozen_p4_s1/found_transfer_5.jsonl	390999	
bucket	repo-hygiene/git_tip/artifacts/nf/la_frozen_p4_s1/found_transfer_6.jsonl	398342	
bucket	repo-hygiene/git_tip/artifacts/nf/la_frozen_p4_s1/found_transfer_7.jsonl	407854	
bucket	repo-hygiene/git_tip/artifacts/nf/la_frozen_p4_s1/found_transfer_8.jsonl	416098	
bucket	repo-hygiene/git_tip/artifacts/nf/la_frozen_p4_s1/round_1.json	10367	
bucket	repo-hygiene/git_tip/artifacts/nf/la_frozen_p4_s1/round_2.json	10296	
bucket	repo-hygiene/git_tip/artifacts/nf/la_frozen_p4_s1/round_3.json	10277	
bucket	repo-hygiene/git_tip/artifacts/nf/la_frozen_p4_s1/round_4.json	10284	
bucket	repo-hygiene/git_tip/artifacts/nf/la_frozen_p4_s1/round_5.json	10277	
bucket	repo-hygiene/git_tip/artifacts/nf/la_frozen_p4_s1/round_6.json	10289	
bucket	repo-hygiene/git_tip/artifacts/nf/la_frozen_p4_s1/round_7.json	10263	
bucket	repo-hygiene/git_tip/artifacts/nf/la_frozen_p4_s1/round_8.json	10286	
bucket	repo-hygiene/git_tip/artifacts/nf/logs/cov_d3_p1_s0.log	270	
bucket	repo-hygiene/git_tip/artifacts/nf/logs/cov_d3_p1_s1.log	270	
bucket	repo-hygiene/git_tip/artifacts/nf/logs/cov_d3_p2_s0.log	270	
bucket	repo-hygiene/git_tip/artifacts/nf/logs/cov_d3_p2_s1.log	270	
bucket	repo-hygiene/git_tip/artifacts/nf/logs/cov_d3_p3_s0.log	270	
bucket	repo-hygiene/git_tip/artifacts/nf/logs/cov_d3_p3_s1.log	270	
bucket	repo-hygiene/git_tip/artifacts/nf/logs/cov_d3_p4_s0.log	270	
bucket	repo-hygiene/git_tip/artifacts/nf/logs/cov_d3_p4_s1.log	270	
bucket	repo-hygiene/git_tip/artifacts/nf/logs/cov_red_p1_s0.log	35598	
bucket	repo-hygiene/git_tip/artifacts/nf/logs/cov_red_p1_s1.log	35544	
bucket	repo-hygiene/git_tip/artifacts/nf/logs/cov_red_p1_s2.log	278	
bucket	repo-hygiene/git_tip/artifacts/nf/logs/cov_red_p2_s0.log	35675	
bucket	repo-hygiene/git_tip/artifacts/nf/logs/cov_red_p2_s1.log	35632	
bucket	repo-hygiene/git_tip/artifacts/nf/logs/cov_red_p2_s2.log	278	
bucket	repo-hygiene/git_tip/artifacts/nf/logs/cov_red_p3_s0.log	35727	
bucket	repo-hygiene/git_tip/artifacts/nf/logs/cov_red_p3_s1.log	35691	
bucket	repo-hygiene/git_tip/artifacts/nf/logs/cov_red_p4_s0.log	35704	
bucket	repo-hygiene/git_tip/artifacts/nf/logs/cov_red_p4_s1.log	35582	
bucket	repo-hygiene/git_tip/artifacts/nf/logs/cov_req8_p1_s0.log	31367	
bucket	repo-hygiene/git_tip/artifacts/nf/logs/cov_req8_p1_s1.log	32210	
bucket	repo-hygiene/git_tip/artifacts/nf/logs/cov_req8_p1_s2.log	269	
bucket	repo-hygiene/git_tip/artifacts/nf/logs/cov_req8_p2_s0.log	31699	
bucket	repo-hygiene/git_tip/artifacts/nf/logs/cov_req8_p2_s1.log	31277	
bucket	repo-hygiene/git_tip/artifacts/nf/logs/cov_req8_p2_s2.log	269	
bucket	repo-hygiene/git_tip/artifacts/nf/logs/cov_req8_p3_s0.log	31293	
bucket	repo-hygiene/git_tip/artifacts/nf/logs/cov_req8_p3_s1.log	31884	
bucket	repo-hygiene/git_tip/artifacts/nf/logs/cov_req8_p4_s0.log	31681	
bucket	repo-hygiene/git_tip/artifacts/nf/logs/cov_req8_p4_s1.log	32411	
bucket	repo-hygiene/git_tip/artifacts/nf/logs/fetch.log	379	
bucket	repo-hygiene/git_tip/artifacts/nf/logs/gen_p1.log	4286	
bucket	repo-hygiene/git_tip/artifacts/nf/logs/gen_p2.log	4345	
bucket	repo-hygiene/git_tip/artifacts/nf/logs/gen_p3.log	4287	
bucket	repo-hygiene/git_tip/artifacts/nf/logs/gen_p4.log	4345	
bucket	repo-hygiene/git_tip/artifacts/nf/logs/heldout_p1_s0.log	1172	
bucket	repo-hygiene/git_tip/artifacts/nf/logs/heldout_p1_s1.log	1144	
bucket	repo-hygiene/git_tip/artifacts/nf/logs/heldout_p1_s10.log	1167	
bucket	repo-hygiene/git_tip/artifacts/nf/logs/heldout_p1_s11.log	1167	
bucket	repo-hygiene/git_tip/artifacts/nf/logs/heldout_p1_s12.log	1178	
bucket	repo-hygiene/git_tip/artifacts/nf/logs/heldout_p1_s2.log	1169	
bucket	repo-hygiene/git_tip/artifacts/nf/logs/heldout_p1_s3.log	1172	
bucket	repo-hygiene/git_tip/artifacts/nf/logs/heldout_p1_s4.log	1169	
bucket	repo-hygiene/git_tip/artifacts/nf/logs/heldout_p1_s5.log	1170	
bucket	repo-hygiene/git_tip/artifacts/nf/logs/heldout_p1_s6.log	1173	
bucket	repo-hygiene/git_tip/artifacts/nf/logs/heldout_p1_s7.log	1160	
bucket	repo-hygiene/git_tip/artifacts/nf/logs/heldout_p1_s8.log	1171	
bucket	repo-hygiene/git_tip/artifacts/nf/logs/heldout_p1_s9.log	1175	
bucket	repo-hygiene/git_tip/artifacts/nf/logs/heldout_p2_s0.log	1174	
bucket	repo-hygiene/git_tip/artifacts/nf/logs/heldout_p2_s1.log	1173	
bucket	repo-hygiene/git_tip/artifacts/nf/logs/heldout_p2_s10.log	1175	
bucket	repo-hygiene/git_tip/artifacts/nf/logs/heldout_p2_s11.log	1154	
bucket	repo-hygiene/git_tip/artifacts/nf/logs/heldout_p2_s12.log	1175	
bucket	repo-hygiene/git_tip/artifacts/nf/logs/heldout_p2_s2.log	1183	
bucket	repo-hygiene/git_tip/artifacts/nf/logs/heldout_p2_s3.log	1172	
bucket	repo-hygiene/git_tip/artifacts/nf/logs/heldout_p2_s4.log	1170	
bucket	repo-hygiene/git_tip/artifacts/nf/logs/heldout_p2_s5.log	1159	
bucket	repo-hygiene/git_tip/artifacts/nf/logs/heldout_p2_s6.log	1172	
bucket	repo-hygiene/git_tip/artifacts/nf/logs/heldout_p2_s7.log	1183	
bucket	repo-hygiene/git_tip/artifacts/nf/logs/heldout_p2_s8.log	1195	
bucket	repo-hygiene/git_tip/artifacts/nf/logs/heldout_p2_s9.log	1173	
bucket	repo-hygiene/git_tip/artifacts/nf/logs/heldout_p3_s0.log	1160	
bucket	repo-hygiene/git_tip/artifacts/nf/logs/heldout_p3_s1.log	1172	
bucket	repo-hygiene/git_tip/artifacts/nf/logs/heldout_p3_s10.log	1183	
bucket	repo-hygiene/git_tip/artifacts/nf/logs/heldout_p3_s11.log	1160	
bucket	repo-hygiene/git_tip/artifacts/nf/logs/heldout_p3_s12.log	1176	
bucket	repo-hygiene/git_tip/artifacts/nf/logs/heldout_p3_s2.log	1195	
bucket	repo-hygiene/git_tip/artifacts/nf/logs/heldout_p3_s3.log	1172	
bucket	repo-hygiene/git_tip/artifacts/nf/logs/heldout_p3_s4.log	1170	
bucket	repo-hygiene/git_tip/artifacts/nf/logs/heldout_p3_s5.log	1170	
bucket	repo-hygiene/git_tip/artifacts/nf/logs/heldout_p3_s6.log	1169	
bucket	repo-hygiene/git_tip/artifacts/nf/logs/heldout_p3_s7.log	1172	
bucket	repo-hygiene/git_tip/artifacts/nf/logs/heldout_p3_s8.log	1157	
bucket	repo-hygiene/git_tip/artifacts/nf/logs/heldout_p3_s9.log	1171	
bucket	repo-hygiene/git_tip/artifacts/nf/logs/heldout_p4_s0.log	1171	
bucket	repo-hygiene/git_tip/artifacts/nf/logs/heldout_p4_s1.log	1172	
bucket	repo-hygiene/git_tip/artifacts/nf/logs/heldout_p4_s10.log	1174	
bucket	repo-hygiene/git_tip/artifacts/nf/logs/heldout_p4_s11.log	1179	
bucket	repo-hygiene/git_tip/artifacts/nf/logs/heldout_p4_s12.log	1175	
bucket	repo-hygiene/git_tip/artifacts/nf/logs/heldout_p4_s2.log	1173	
bucket	repo-hygiene/git_tip/artifacts/nf/logs/heldout_p4_s3.log	1171	
bucket	repo-hygiene/git_tip/artifacts/nf/logs/heldout_p4_s4.log	1169	
bucket	repo-hygiene/git_tip/artifacts/nf/logs/heldout_p4_s5.log	1162	
bucket	repo-hygiene/git_tip/artifacts/nf/logs/heldout_p4_s6.log	1172	
bucket	repo-hygiene/git_tip/artifacts/nf/logs/heldout_p4_s7.log	1166	
bucket	repo-hygiene/git_tip/artifacts/nf/logs/heldout_p4_s8.log	1171	
bucket	repo-hygiene/git_tip/artifacts/nf/logs/heldout_p4_s9.log	1172	
bucket	repo-hygiene/git_tip/artifacts/nf/logs/la_T1_dsc_a1_s0.log	325	
bucket	repo-hygiene/git_tip/artifacts/nf/logs/la_T1_dsc_a1_s1.log	36612	
bucket	repo-hygiene/git_tip/artifacts/nf/logs/la_T1_dsc_c0_s0.log	337	
bucket	repo-hygiene/git_tip/artifacts/nf/logs/la_T1_dsc_c0_s1.log	339	
bucket	repo-hygiene/git_tip/artifacts/nf/logs/la_frozen_dsc_a1_s0.log	336	
bucket	repo-hygiene/git_tip/artifacts/nf/logs/la_frozen_dsc_a1_s1.log	31937	
bucket	repo-hygiene/git_tip/artifacts/nf/logs/la_frozen_dsc_c0_s0.log	341	
bucket	repo-hygiene/git_tip/artifacts/nf/logs/la_frozen_dsc_c0_s1.log	354	
bucket	repo-hygiene/git_tip/artifacts/nf/logs/la_frozen_dsg_g1_s0.log	31531	
bucket	repo-hygiene/git_tip/artifacts/nf/logs/la_frozen_p1_s0.log	32007	
bucket	repo-hygiene/git_tip/artifacts/nf/logs/la_frozen_p1_s1.log	31529	
bucket	repo-hygiene/git_tip/artifacts/nf/logs/la_frozen_p1_s2.log	335	
bucket	repo-hygiene/git_tip/artifacts/nf/logs/la_frozen_p2_s0.log	32079	
bucket	repo-hygiene/git_tip/artifacts/nf/logs/la_frozen_p2_s1.log	31901	
bucket	repo-hygiene/git_tip/artifacts/nf/logs/la_frozen_p2_s2.log	335	
bucket	repo-hygiene/git_tip/artifacts/nf/logs/la_frozen_p3_s0.log	31291	
bucket	repo-hygiene/git_tip/artifacts/nf/logs/la_frozen_p3_s1.log	31725	
bucket	repo-hygiene/git_tip/artifacts/nf/logs/la_frozen_p4_s0.log	31590	
bucket	repo-hygiene/git_tip/artifacts/nf/logs/la_frozen_p4_s1.log	32152	
bucket	repo-hygiene/git_tip/artifacts/nf/logs/record_1.log	322	
bucket	repo-hygiene/git_tip/artifacts/nf/logs/record_2.log	1216	
bucket	repo-hygiene/git_tip/artifacts/nf/logs/record_heldout.log	1543	
bucket	repo-hygiene/git_tip/artifacts/nf/logs/setup.log	763	
bucket	repo-hygiene/git_tip/artifacts/nf/logs/stage1_p1_s0.log	1937	
bucket	repo-hygiene/git_tip/artifacts/nf/logs/stage1_p1_s1.log	1937	
bucket	repo-hygiene/git_tip/artifacts/nf/logs/stage1_p1_s10.log	1890	
bucket	repo-hygiene/git_tip/artifacts/nf/logs/stage1_p1_s11.log	1887	
bucket	repo-hygiene/git_tip/artifacts/nf/logs/stage1_p1_s12.log	1890	
bucket	repo-hygiene/git_tip/artifacts/nf/logs/stage1_p1_s2.log	1888	
bucket	repo-hygiene/git_tip/artifacts/nf/logs/stage1_p1_s3.log	1816	
bucket	repo-hygiene/git_tip/artifacts/nf/logs/stage1_p1_s4.log	1820	
bucket	repo-hygiene/git_tip/artifacts/nf/logs/stage1_p1_s5.log	1822	
bucket	repo-hygiene/git_tip/artifacts/nf/logs/stage1_p1_s6.log	1822	
bucket	repo-hygiene/git_tip/artifacts/nf/logs/stage1_p1_s7.log	1883	
bucket	repo-hygiene/git_tip/artifacts/nf/logs/stage1_p1_s8.log	1886	
bucket	repo-hygiene/git_tip/artifacts/nf/logs/stage1_p1_s9.log	1887	
bucket	repo-hygiene/git_tip/artifacts/nf/logs/stage1_p2_s0.log	1937	
bucket	repo-hygiene/git_tip/artifacts/nf/logs/stage1_p2_s1.log	1937	
bucket	repo-hygiene/git_tip/artifacts/nf/logs/stage1_p2_s10.log	1888	
bucket	repo-hygiene/git_tip/artifacts/nf/logs/stage1_p2_s11.log	1888	
bucket	repo-hygiene/git_tip/artifacts/nf/logs/stage1_p2_s12.log	1888	
bucket	repo-hygiene/git_tip/artifacts/nf/logs/stage1_p2_s2.log	1879	
bucket	repo-hygiene/git_tip/artifacts/nf/logs/stage1_p2_s3.log	1887	
bucket	repo-hygiene/git_tip/artifacts/nf/logs/stage1_p2_s4.log	1888	
bucket	repo-hygiene/git_tip/artifacts/nf/logs/stage1_p2_s5.log	1884	
bucket	repo-hygiene/git_tip/artifacts/nf/logs/stage1_p2_s6.log	1888	
bucket	repo-hygiene/git_tip/artifacts/nf/logs/stage1_p2_s7.log	1887	
bucket	repo-hygiene/git_tip/artifacts/nf/logs/stage1_p2_s8.log	1887	
bucket	repo-hygiene/git_tip/artifacts/nf/logs/stage1_p2_s9.log	1883	
bucket	repo-hygiene/git_tip/artifacts/nf/logs/stage1_p3_s0.log	1933	
bucket	repo-hygiene/git_tip/artifacts/nf/logs/stage1_p3_s1.log	1933	
bucket	repo-hygiene/git_tip/artifacts/nf/logs/stage1_p3_s10.log	1890	
bucket	repo-hygiene/git_tip/artifacts/nf/logs/stage1_p3_s11.log	1887	
bucket	repo-hygiene/git_tip/artifacts/nf/logs/stage1_p3_s12.log	1889	
bucket	repo-hygiene/git_tip/artifacts/nf/logs/stage1_p3_s2.log	1883	
bucket	repo-hygiene/git_tip/artifacts/nf/logs/stage1_p3_s3.log	1814	
bucket	repo-hygiene/git_tip/artifacts/nf/logs/stage1_p3_s4.log	1820	
bucket	repo-hygiene/git_tip/artifacts/nf/logs/stage1_p3_s5.log	1822	
bucket	repo-hygiene/git_tip/artifacts/nf/logs/stage1_p3_s6.log	1822	
bucket	repo-hygiene/git_tip/artifacts/nf/logs/stage1_p3_s7.log	1883	
bucket	repo-hygiene/git_tip/artifacts/nf/logs/stage1_p3_s8.log	1886	
bucket	repo-hygiene/git_tip/artifacts/nf/logs/stage1_p3_s9.log	1887	
bucket	repo-hygiene/git_tip/artifacts/nf/logs/stage1_p4_s0.log	1937	
bucket	repo-hygiene/git_tip/artifacts/nf/logs/stage1_p4_s1.log	1937	
bucket	repo-hygiene/git_tip/artifacts/nf/logs/stage1_p4_s10.log	1888	
bucket	repo-hygiene/git_tip/artifacts/nf/logs/stage1_p4_s11.log	1888	
bucket	repo-hygiene/git_tip/artifacts/nf/logs/stage1_p4_s12.log	1888	
bucket	repo-hygiene/git_tip/artifacts/nf/logs/stage1_p4_s2.log	1891	
bucket	repo-hygiene/git_tip/artifacts/nf/logs/stage1_p4_s3.log	1887	
bucket	repo-hygiene/git_tip/artifacts/nf/logs/stage1_p4_s4.log	1888	
bucket	repo-hygiene/git_tip/artifacts/nf/logs/stage1_p4_s5.log	1885	
bucket	repo-hygiene/git_tip/artifacts/nf/logs/stage1_p4_s6.log	1887	
bucket	repo-hygiene/git_tip/artifacts/nf/logs/stage1_p4_s7.log	1887	
bucket	repo-hygiene/git_tip/artifacts/nf/logs/stage1_p4_s8.log	1887	
bucket	repo-hygiene/git_tip/artifacts/nf/logs/stage1_p4_s9.log	1883	
bucket	repo-hygiene/git_tip/artifacts/nf/merge_p1.txt	843	
bucket	repo-hygiene/git_tip/artifacts/nf/merge_p2.txt	843	
bucket	repo-hygiene/git_tip/artifacts/nf/merge_p3.txt	843	
bucket	repo-hygiene/git_tip/artifacts/nf/merge_p4.txt	843	
bucket	repo-hygiene/git_tip/artifacts/nf/overlap_p1.json	1600	
bucket	repo-hygiene/git_tip/artifacts/nf/overlap_p2.json	1600	
bucket	repo-hygiene/git_tip/artifacts/nf/overlap_p3.json	1600	
bucket	repo-hygiene/git_tip/artifacts/nf/overlap_p4.json	1600	
bucket	repo-hygiene/git_tip/artifacts/nf/premise.json	19942	
bucket	repo-hygiene/git_tip/artifacts/nf/record_2.done	0	
bucket	repo-hygiene/git_tip/artifacts/nf/record_heldout.done	0	
bucket	repo-hygiene/git_tip/artifacts/nf/record_heldout.json	1799	
bucket	repo-hygiene/git_tip/artifacts/nf/record_heldout_vps.json	1816	
bucket	repo-hygiene/git_tip/artifacts/nf/record_nf1.json	4485	
bucket	repo-hygiene/git_tip/artifacts/nf/record_nf2.json	4029	
bucket	repo-hygiene/git_tip/artifacts/nf/record_pod.json	4485	
bucket	repo-hygiene/git_tip/artifacts/nf/render_p1.json	365	
bucket	repo-hygiene/git_tip/artifacts/nf/render_p2.json	366	
bucket	repo-hygiene/git_tip/artifacts/nf/render_p3.json	366	
bucket	repo-hygiene/git_tip/artifacts/nf/render_p4.json	365	
bucket	repo-hygiene/git_tip/artifacts/nf/shape_p1.json	2006	
bucket	repo-hygiene/git_tip/artifacts/nf/shape_p2.json	2014	
bucket	repo-hygiene/git_tip/artifacts/nf/shape_p3.json	2034	
bucket	repo-hygiene/git_tip/artifacts/nf/shape_p4.json	2035	
bucket	repo-hygiene/git_tip/artifacts/nf/stage1_p1_s0.done	0	
bucket	repo-hygiene/git_tip/artifacts/nf/stage1_p1_s1.done	0	
bucket	repo-hygiene/git_tip/artifacts/nf/stage1_p1_s10.done	0	
bucket	repo-hygiene/git_tip/artifacts/nf/stage1_p1_s11.done	0	
bucket	repo-hygiene/git_tip/artifacts/nf/stage1_p1_s12.done	0	
bucket	repo-hygiene/git_tip/artifacts/nf/stage1_p1_s2.done	0	
bucket	repo-hygiene/git_tip/artifacts/nf/stage1_p1_s3.done	0	
bucket	repo-hygiene/git_tip/artifacts/nf/stage1_p1_s4.done	0	
bucket	repo-hygiene/git_tip/artifacts/nf/stage1_p1_s5.done	0	
bucket	repo-hygiene/git_tip/artifacts/nf/stage1_p1_s6.done	0	
bucket	repo-hygiene/git_tip/artifacts/nf/stage1_p1_s7.done	0	
bucket	repo-hygiene/git_tip/artifacts/nf/stage1_p1_s8.done	0	
bucket	repo-hygiene/git_tip/artifacts/nf/stage1_p1_s9.done	0	
bucket	repo-hygiene/git_tip/artifacts/nf/stage1_p2_s0.done	0	
bucket	repo-hygiene/git_tip/artifacts/nf/stage1_p2_s1.done	0	
bucket	repo-hygiene/git_tip/artifacts/nf/stage1_p2_s10.done	0	
bucket	repo-hygiene/git_tip/artifacts/nf/stage1_p2_s11.done	0	
bucket	repo-hygiene/git_tip/artifacts/nf/stage1_p2_s12.done	0	
bucket	repo-hygiene/git_tip/artifacts/nf/stage1_p2_s2.done	0	
bucket	repo-hygiene/git_tip/artifacts/nf/stage1_p2_s3.done	0	
bucket	repo-hygiene/git_tip/artifacts/nf/stage1_p2_s4.done	0	
bucket	repo-hygiene/git_tip/artifacts/nf/stage1_p2_s5.done	0	
bucket	repo-hygiene/git_tip/artifacts/nf/stage1_p2_s6.done	0	
bucket	repo-hygiene/git_tip/artifacts/nf/stage1_p2_s7.done	0	
bucket	repo-hygiene/git_tip/artifacts/nf/stage1_p2_s8.done	0	
bucket	repo-hygiene/git_tip/artifacts/nf/stage1_p2_s9.done	0	
bucket	repo-hygiene/git_tip/artifacts/nf/stage1_p3_s0.done	0	
bucket	repo-hygiene/git_tip/artifacts/nf/stage1_p3_s1.done	0	
bucket	repo-hygiene/git_tip/artifacts/nf/stage1_p3_s10.done	0	
bucket	repo-hygiene/git_tip/artifacts/nf/stage1_p3_s11.done	0	
bucket	repo-hygiene/git_tip/artifacts/nf/stage1_p3_s12.done	0	
bucket	repo-hygiene/git_tip/artifacts/nf/stage1_p3_s2.done	0	
bucket	repo-hygiene/git_tip/artifacts/nf/stage1_p3_s3.done	0	
bucket	repo-hygiene/git_tip/artifacts/nf/stage1_p3_s4.done	0	
bucket	repo-hygiene/git_tip/artifacts/nf/stage1_p3_s5.done	0	
bucket	repo-hygiene/git_tip/artifacts/nf/stage1_p3_s6.done	0	
bucket	repo-hygiene/git_tip/artifacts/nf/stage1_p3_s7.done	0	
bucket	repo-hygiene/git_tip/artifacts/nf/stage1_p3_s8.done	0	
bucket	repo-hygiene/git_tip/artifacts/nf/stage1_p3_s9.done	0	
bucket	repo-hygiene/git_tip/artifacts/nf/stage1_p4_s0.done	0	
bucket	repo-hygiene/git_tip/artifacts/nf/stage1_p4_s1.done	0	
bucket	repo-hygiene/git_tip/artifacts/nf/stage1_p4_s10.done	0	
bucket	repo-hygiene/git_tip/artifacts/nf/stage1_p4_s11.done	0	
bucket	repo-hygiene/git_tip/artifacts/nf/stage1_p4_s12.done	0	
bucket	repo-hygiene/git_tip/artifacts/nf/stage1_p4_s2.done	0	
bucket	repo-hygiene/git_tip/artifacts/nf/stage1_p4_s3.done	0	
bucket	repo-hygiene/git_tip/artifacts/nf/stage1_p4_s4.done	0	
bucket	repo-hygiene/git_tip/artifacts/nf/stage1_p4_s5.done	0	
bucket	repo-hygiene/git_tip/artifacts/nf/stage1_p4_s6.done	0	
bucket	repo-hygiene/git_tip/artifacts/nf/stage1_p4_s7.done	0	
bucket	repo-hygiene/git_tip/artifacts/nf/stage1_p4_s8.done	0	
bucket	repo-hygiene/git_tip/artifacts/nf/stage1_p4_s9.done	0	
bucket	repo-hygiene/git_tip/artifacts/nf/summary.json	164947	
bucket	repo-hygiene/git_tip/artifacts/normalized_summary.md	4164	
bucket	repo-hygiene/git_tip/artifacts/novelty_phase1_proofs.jsonl	22787759	
bucket	repo-hygiene/git_tip/artifacts/novelty_phase1_theorems.jsonl	4509641	
bucket	repo-hygiene/git_tip/artifacts/p2/cov_depth3_f0_s0_targets.s0.jsonl	149885	
bucket	repo-hygiene/git_tip/artifacts/p2/cov_derived_ore_f0_s0_targets.s0.jsonl	132188	
bucket	repo-hygiene/git_tip/artifacts/p2/cov_derived_ore_strict_f0_c8_s0_targets.s0.jsonl	576483	
bucket	repo-hygiene/git_tip/artifacts/p2/cov_reductio_f0_s0_t2_targets.s0.jsonl	210247	
bucket	repo-hygiene/git_tip/artifacts/p2/cov_reductio_f0_s0_targets.s0.jsonl	171228	
bucket	repo-hygiene/git_tip/artifacts/p2/depth3_f0_examples.md	3009	
bucket	repo-hygiene/git_tip/artifacts/p2/ei_depth3_f0.0001_s0/args.json	598	
bucket	repo-hygiene/git_tip/artifacts/p2/ei_depth3_f0.0001_s0/found_8.jsonl	12142767	
bucket	repo-hygiene/git_tip/artifacts/p2/ei_depth3_f0.0001_s0/found_transfer_8.jsonl	6179599	
bucket	repo-hygiene/git_tip/artifacts/p2/ei_depth3_f0.0001_s0/round_1.json	8688	
bucket	repo-hygiene/git_tip/artifacts/p2/ei_depth3_f0.0001_s0/round_2.json	8765	
bucket	repo-hygiene/git_tip/artifacts/p2/ei_depth3_f0.0001_s0/round_3.json	8913	
bucket	repo-hygiene/git_tip/artifacts/p2/ei_depth3_f0.0001_s0/round_4.json	8948	
bucket	repo-hygiene/git_tip/artifacts/p2/ei_depth3_f0.0001_s0/round_5.json	8955	
bucket	repo-hygiene/git_tip/artifacts/p2/ei_depth3_f0.0001_s0/round_6.json	8970	
bucket	repo-hygiene/git_tip/artifacts/p2/ei_depth3_f0.0001_s0/round_7.json	8995	
bucket	repo-hygiene/git_tip/artifacts/p2/ei_depth3_f0.0001_s0/round_8.json	9040	
bucket	repo-hygiene/git_tip/artifacts/p2/ei_depth3_f0.001_s0/args.json	565	
bucket	repo-hygiene/git_tip/artifacts/p2/ei_depth3_f0.001_s0/found_8.jsonl	13537919	
bucket	repo-hygiene/git_tip/artifacts/p2/ei_depth3_f0.001_s0/found_transfer_8.jsonl	6641124	
bucket	repo-hygiene/git_tip/artifacts/p2/ei_depth3_f0.001_s0/round_1.json	8731	
bucket	repo-hygiene/git_tip/artifacts/p2/ei_depth3_f0.001_s0/round_2.json	8854	
bucket	repo-hygiene/git_tip/artifacts/p2/ei_depth3_f0.001_s0/round_3.json	8897	
bucket	repo-hygiene/git_tip/artifacts/p2/ei_depth3_f0.001_s0/round_4.json	9004	
bucket	repo-hygiene/git_tip/artifacts/p2/ei_depth3_f0.001_s0/round_5.json	8974	
bucket	repo-hygiene/git_tip/artifacts/p2/ei_depth3_f0.001_s0/round_6.json	9044	
bucket	repo-hygiene/git_tip/artifacts/p2/ei_depth3_f0.001_s0/round_7.json	9020	
bucket	repo-hygiene/git_tip/artifacts/p2/ei_depth3_f0.001_s0/round_8.json	9000	
bucket	repo-hygiene/git_tip/artifacts/p2/ei_depth3_f0.001_s1/args.json	565	
bucket	repo-hygiene/git_tip/artifacts/p2/ei_depth3_f0.001_s1/found_8.jsonl	13131411	
bucket	repo-hygiene/git_tip/artifacts/p2/ei_depth3_f0.001_s1/found_transfer_8.jsonl	6261927	
bucket	repo-hygiene/git_tip/artifacts/p2/ei_depth3_f0.001_s1/round_1.json	8716	
bucket	repo-hygiene/git_tip/artifacts/p2/ei_depth3_f0.001_s1/round_2.json	8846	
bucket	repo-hygiene/git_tip/artifacts/p2/ei_depth3_f0.001_s1/round_3.json	8913	
bucket	repo-hygiene/git_tip/artifacts/p2/ei_depth3_f0.001_s1/round_4.json	9011	
bucket	repo-hygiene/git_tip/artifacts/p2/ei_depth3_f0.001_s1/round_5.json	9046	
bucket	repo-hygiene/git_tip/artifacts/p2/ei_depth3_f0.001_s1/round_6.json	8993	
bucket	repo-hygiene/git_tip/artifacts/p2/ei_depth3_f0.001_s1/round_7.json	9082	
bucket	repo-hygiene/git_tip/artifacts/p2/ei_depth3_f0.001_s1/round_8.json	9087	
bucket	repo-hygiene/git_tip/artifacts/p2/ei_depth3_f0.01_s0/args.json	562	
bucket	repo-hygiene/git_tip/artifacts/p2/ei_depth3_f0.01_s0/found_8.jsonl	13101079	
bucket	repo-hygiene/git_tip/artifacts/p2/ei_depth3_f0.01_s0/found_transfer_8.jsonl	6390499	
bucket	repo-hygiene/git_tip/artifacts/p2/ei_depth3_f0.01_s0/round_1.json	8700	
bucket	repo-hygiene/git_tip/artifacts/p2/ei_depth3_f0.01_s0/round_2.json	8843	
bucket	repo-hygiene/git_tip/artifacts/p2/ei_depth3_f0.01_s0/round_3.json	8860	
bucket	repo-hygiene/git_tip/artifacts/p2/ei_depth3_f0.01_s0/round_4.json	8996	
bucket	repo-hygiene/git_tip/artifacts/p2/ei_depth3_f0.01_s0/round_5.json	8986	
bucket	repo-hygiene/git_tip/artifacts/p2/ei_depth3_f0.01_s0/round_6.json	9013	
bucket	repo-hygiene/git_tip/artifacts/p2/ei_depth3_f0.01_s0/round_7.json	9045	
bucket	repo-hygiene/git_tip/artifacts/p2/ei_depth3_f0.01_s0/round_8.json	9101	
bucket	repo-hygiene/git_tip/artifacts/p2/ei_depth3_f0.1_b1_s0/args.json	568	
bucket	repo-hygiene/git_tip/artifacts/p2/ei_depth3_f0.1_b1_s0/found_8.jsonl	13614191	
bucket	repo-hygiene/git_tip/artifacts/p2/ei_depth3_f0.1_b1_s0/found_transfer_8.jsonl	6623975	
bucket	repo-hygiene/git_tip/artifacts/p2/ei_depth3_f0.1_b1_s0/round_1.json	8653	
bucket	repo-hygiene/git_tip/artifacts/p2/ei_depth3_f0.1_b1_s0/round_2.json	8822	
bucket	repo-hygiene/git_tip/artifacts/p2/ei_depth3_f0.1_b1_s0/round_3.json	8802	
bucket	repo-hygiene/git_tip/artifacts/p2/ei_depth3_f0.1_b1_s0/round_4.json	8859	
bucket	repo-hygiene/git_tip/artifacts/p2/ei_depth3_f0.1_b1_s0/round_5.json	8904	
bucket	repo-hygiene/git_tip/artifacts/p2/ei_depth3_f0.1_b1_s0/round_6.json	8983	
bucket	repo-hygiene/git_tip/artifacts/p2/ei_depth3_f0.1_b1_s0/round_7.json	8987	
bucket	repo-hygiene/git_tip/artifacts/p2/ei_depth3_f0.1_b1_s0/round_8.json	8984	
bucket	repo-hygiene/git_tip/artifacts/p2/ei_depth3_f0.1_b1_s1/args.json	568	
bucket	repo-hygiene/git_tip/artifacts/p2/ei_depth3_f0.1_b1_s1/found_8.jsonl	8809986	
bucket	repo-hygiene/git_tip/artifacts/p2/ei_depth3_f0.1_b1_s1/found_transfer_8.jsonl	4376590	
bucket	repo-hygiene/git_tip/artifacts/p2/ei_depth3_f0.1_b1_s1/round_1.json	8716	
bucket	repo-hygiene/git_tip/artifacts/p2/ei_depth3_f0.1_b1_s1/round_2.json	8782	
bucket	repo-hygiene/git_tip/artifacts/p2/ei_depth3_f0.1_b1_s1/round_3.json	8777	
bucket	repo-hygiene/git_tip/artifacts/p2/ei_depth3_f0.1_b1_s1/round_4.json	8767	
bucket	repo-hygiene/git_tip/artifacts/p2/ei_depth3_f0.1_b1_s1/round_5.json	8777	
bucket	repo-hygiene/git_tip/artifacts/p2/ei_depth3_f0.1_b1_s1/round_6.json	8790	
bucket	repo-hygiene/git_tip/artifacts/p2/ei_depth3_f0.1_b1_s1/round_7.json	8835	
bucket	repo-hygiene/git_tip/artifacts/p2/ei_depth3_f0.1_b1_s1/round_8.json	8842	
bucket	repo-hygiene/git_tip/artifacts/p2/ei_depth3_f0.1_b2_s0/args.json	568	
bucket	repo-hygiene/git_tip/artifacts/p2/ei_depth3_f0.1_b2_s0/found_8.jsonl	12835344	
bucket	repo-hygiene/git_tip/artifacts/p2/ei_depth3_f0.1_b2_s0/found_transfer_8.jsonl	6288167	
bucket	repo-hygiene/git_tip/artifacts/p2/ei_depth3_f0.1_b2_s0/round_1.json	8612	
bucket	repo-hygiene/git_tip/artifacts/p2/ei_depth3_f0.1_b2_s0/round_2.json	8746	
bucket	repo-hygiene/git_tip/artifacts/p2/ei_depth3_f0.1_b2_s0/round_3.json	8823	
bucket	repo-hygiene/git_tip/artifacts/p2/ei_depth3_f0.1_b2_s0/round_4.json	8928	
bucket	repo-hygiene/git_tip/artifacts/p2/ei_depth3_f0.1_b2_s0/round_5.json	9004	
bucket	repo-hygiene/git_tip/artifacts/p2/ei_depth3_f0.1_b2_s0/round_6.json	9002	
bucket	repo-hygiene/git_tip/artifacts/p2/ei_depth3_f0.1_b2_s0/round_7.json	9021	
bucket	repo-hygiene/git_tip/artifacts/p2/ei_depth3_f0.1_b2_s0/round_8.json	9014	
bucket	repo-hygiene/git_tip/artifacts/p2/ei_depth3_f0.1_b2_s1/args.json	568	
bucket	repo-hygiene/git_tip/artifacts/p2/ei_depth3_f0.1_b2_s1/found_8.jsonl	13460228	
bucket	repo-hygiene/git_tip/artifacts/p2/ei_depth3_f0.1_b2_s1/found_transfer_8.jsonl	6822356	
bucket	repo-hygiene/git_tip/artifacts/p2/ei_depth3_f0.1_b2_s1/round_1.json	8782	
bucket	repo-hygiene/git_tip/artifacts/p2/ei_depth3_f0.1_b2_s1/round_2.json	8884	
bucket	repo-hygiene/git_tip/artifacts/p2/ei_depth3_f0.1_b2_s1/round_3.json	8962	
bucket	repo-hygiene/git_tip/artifacts/p2/ei_depth3_f0.1_b2_s1/round_4.json	9032	
bucket	repo-hygiene/git_tip/artifacts/p2/ei_depth3_f0.1_b2_s1/round_5.json	9041	
bucket	repo-hygiene/git_tip/artifacts/p2/ei_depth3_f0.1_b2_s1/round_6.json	8989	
bucket	repo-hygiene/git_tip/artifacts/p2/ei_depth3_f0.1_b2_s1/round_7.json	8938	
bucket	repo-hygiene/git_tip/artifacts/p2/ei_depth3_f0.1_b2_s1/round_8.json	9010	
bucket	repo-hygiene/git_tip/artifacts/p2/ei_depth3_f0.1_s0/args.json	517	
bucket	repo-hygiene/git_tip/artifacts/p2/ei_depth3_f0.1_s0/found_8.jsonl	13101651	
bucket	repo-hygiene/git_tip/artifacts/p2/ei_depth3_f0.1_s0/found_transfer_8.jsonl	6337530	
bucket	repo-hygiene/git_tip/artifacts/p2/ei_depth3_f0.1_s0/round_1.json	8659	
bucket	repo-hygiene/git_tip/artifacts/p2/ei_depth3_f0.1_s0/round_2.json	8877	
bucket	repo-hygiene/git_tip/artifacts/p2/ei_depth3_f0.1_s0/round_3.json	8940	
bucket	repo-hygiene/git_tip/artifacts/p2/ei_depth3_f0.1_s0/round_4.json	8932	
bucket	repo-hygiene/git_tip/artifacts/p2/ei_depth3_f0.1_s0/round_5.json	8939	
bucket	repo-hygiene/git_tip/artifacts/p2/ei_depth3_f0.1_s0/round_6.json	8941	
bucket	repo-hygiene/git_tip/artifacts/p2/ei_depth3_f0.1_s0/round_7.json	8983	
bucket	repo-hygiene/git_tip/artifacts/p2/ei_depth3_f0.1_s0/round_8.json	8987	
bucket	repo-hygiene/git_tip/artifacts/p2/ei_depth3_f0.1_s1/args.json	517	
bucket	repo-hygiene/git_tip/artifacts/p2/ei_depth3_f0.1_s1/found_8.jsonl	11704278	
bucket	repo-hygiene/git_tip/artifacts/p2/ei_depth3_f0.1_s1/found_transfer_8.jsonl	5924259	
bucket	repo-hygiene/git_tip/artifacts/p2/ei_depth3_f0.1_s1/round_1.json	8785	
bucket	repo-hygiene/git_tip/artifacts/p2/ei_depth3_f0.1_s1/round_2.json	8813	
bucket	repo-hygiene/git_tip/artifacts/p2/ei_depth3_f0.1_s1/round_3.json	8877	
bucket	repo-hygiene/git_tip/artifacts/p2/ei_depth3_f0.1_s1/round_4.json	8983	
bucket	repo-hygiene/git_tip/artifacts/p2/ei_depth3_f0.1_s1/round_5.json	8979	
bucket	repo-hygiene/git_tip/artifacts/p2/ei_depth3_f0.1_s1/round_6.json	8947	
bucket	repo-hygiene/git_tip/artifacts/p2/ei_depth3_f0.1_s1/round_7.json	8957	
bucket	repo-hygiene/git_tip/artifacts/p2/ei_depth3_f0.1_s1/round_8.json	8948	
bucket	repo-hygiene/git_tip/artifacts/p2/ei_depth3_f0_a1_s0/args.json	562	
bucket	repo-hygiene/git_tip/artifacts/p2/ei_depth3_f0_a1_s0/found_8.jsonl	12856852	
bucket	repo-hygiene/git_tip/artifacts/p2/ei_depth3_f0_a1_s0/found_transfer_8.jsonl	6259807	
bucket	repo-hygiene/git_tip/artifacts/p2/ei_depth3_f0_a1_s0/round_1.json	8797	
bucket	repo-hygiene/git_tip/artifacts/p2/ei_depth3_f0_a1_s0/round_2.json	8864	
bucket	repo-hygiene/git_tip/artifacts/p2/ei_depth3_f0_a1_s0/round_3.json	8846	
bucket	repo-hygiene/git_tip/artifacts/p2/ei_depth3_f0_a1_s0/round_4.json	8917	
bucket	repo-hygiene/git_tip/artifacts/p2/ei_depth3_f0_a1_s0/round_5.json	8949	
bucket	repo-hygiene/git_tip/artifacts/p2/ei_depth3_f0_a1_s0/round_6.json	8957	
bucket	repo-hygiene/git_tip/artifacts/p2/ei_depth3_f0_a1_s0/round_7.json	9007	
bucket	repo-hygiene/git_tip/artifacts/p2/ei_depth3_f0_a1_s0/round_8.json	8983	
bucket	repo-hygiene/git_tip/artifacts/p2/ei_depth3_f0_a1_s1/args.json	562	
bucket	repo-hygiene/git_tip/artifacts/p2/ei_depth3_f0_a1_s1/found_8.jsonl	13363402	
bucket	repo-hygiene/git_tip/artifacts/p2/ei_depth3_f0_a1_s1/found_transfer_8.jsonl	6313068	
bucket	repo-hygiene/git_tip/artifacts/p2/ei_depth3_f0_a1_s1/round_1.json	8711	
bucket	repo-hygiene/git_tip/artifacts/p2/ei_depth3_f0_a1_s1/round_2.json	8839	
bucket	repo-hygiene/git_tip/artifacts/p2/ei_depth3_f0_a1_s1/round_3.json	8875	
bucket	repo-hygiene/git_tip/artifacts/p2/ei_depth3_f0_a1_s1/round_4.json	9037	
bucket	repo-hygiene/git_tip/artifacts/p2/ei_depth3_f0_a1_s1/round_5.json	8976	
bucket	repo-hygiene/git_tip/artifacts/p2/ei_depth3_f0_a1_s1/round_6.json	9018	
bucket	repo-hygiene/git_tip/artifacts/p2/ei_depth3_f0_a1_s1/round_7.json	9049	
bucket	repo-hygiene/git_tip/artifacts/p2/ei_depth3_f0_a1_s1/round_8.json	9038	
bucket	repo-hygiene/git_tip/artifacts/p2/ei_depth3_f0_a1_s2/args.json	562	
bucket	repo-hygiene/git_tip/artifacts/p2/ei_depth3_f0_a1_s2/found_8.jsonl	11260992	
bucket	repo-hygiene/git_tip/artifacts/p2/ei_depth3_f0_a1_s2/found_transfer_8.jsonl	5391919	
bucket	repo-hygiene/git_tip/artifacts/p2/ei_depth3_f0_a1_s2/round_1.json	8618	
bucket	repo-hygiene/git_tip/artifacts/p2/ei_depth3_f0_a1_s2/round_2.json	8798	
bucket	repo-hygiene/git_tip/artifacts/p2/ei_depth3_f0_a1_s2/round_3.json	8839	
bucket	repo-hygiene/git_tip/artifacts/p2/ei_depth3_f0_a1_s2/round_4.json	8944	
bucket	repo-hygiene/git_tip/artifacts/p2/ei_depth3_f0_a1_s2/round_5.json	8941	
bucket	repo-hygiene/git_tip/artifacts/p2/ei_depth3_f0_a1_s2/round_6.json	8972	
bucket	repo-hygiene/git_tip/artifacts/p2/ei_depth3_f0_a1_s2/round_7.json	9042	
bucket	repo-hygiene/git_tip/artifacts/p2/ei_depth3_f0_a1_s2/round_8.json	9028	
bucket	repo-hygiene/git_tip/artifacts/p2/ei_depth3_f0_a1_s3/args.json	562	
bucket	repo-hygiene/git_tip/artifacts/p2/ei_depth3_f0_a1_s3/found_8.jsonl	10412368	
bucket	repo-hygiene/git_tip/artifacts/p2/ei_depth3_f0_a1_s3/found_transfer_8.jsonl	4969000	
bucket	repo-hygiene/git_tip/artifacts/p2/ei_depth3_f0_a1_s3/round_1.json	8641	
bucket	repo-hygiene/git_tip/artifacts/p2/ei_depth3_f0_a1_s3/round_2.json	8799	
bucket	repo-hygiene/git_tip/artifacts/p2/ei_depth3_f0_a1_s3/round_3.json	8789	
bucket	repo-hygiene/git_tip/artifacts/p2/ei_depth3_f0_a1_s3/round_4.json	8821	
bucket	repo-hygiene/git_tip/artifacts/p2/ei_depth3_f0_a1_s3/round_5.json	8802	
bucket	repo-hygiene/git_tip/artifacts/p2/ei_depth3_f0_a1_s3/round_6.json	8850	
bucket	repo-hygiene/git_tip/artifacts/p2/ei_depth3_f0_a1_s3/round_7.json	8949	
bucket	repo-hygiene/git_tip/artifacts/p2/ei_depth3_f0_a1_s3/round_8.json	8977	
bucket	repo-hygiene/git_tip/artifacts/p2/ei_depth3_f0_a1_s3_gen4_manifest.json	1976	
bucket	repo-hygiene/git_tip/artifacts/p2/ei_depth3_f0_a1_s3_inv4_manifest.json	1842	
bucket	repo-hygiene/git_tip/artifacts/p2/ei_depth3_f0_a1_s3_ivK.done	0	
bucket	repo-hygiene/git_tip/artifacts/p2/ei_depth3_f0_a1_s3_ivK/args.json	602	
bucket	repo-hygiene/git_tip/artifacts/p2/ei_depth3_f0_a1_s3_ivK/found_8.jsonl	11666973	
bucket	repo-hygiene/git_tip/artifacts/p2/ei_depth3_f0_a1_s3_ivK/found_transfer_8.jsonl	5682646	
bucket	repo-hygiene/git_tip/artifacts/p2/ei_depth3_f0_a1_s3_ivK/round_5.json	8827	
bucket	repo-hygiene/git_tip/artifacts/p2/ei_depth3_f0_a1_s3_ivK/round_6.json	8864	
bucket	repo-hygiene/git_tip/artifacts/p2/ei_depth3_f0_a1_s3_ivK/round_7.json	8971	
bucket	repo-hygiene/git_tip/artifacts/p2/ei_depth3_f0_a1_s3_ivK/round_8.json	9033	
bucket	repo-hygiene/git_tip/artifacts/p2/ei_depth3_f0_a1_s3_ivK_c.done	0	
bucket	repo-hygiene/git_tip/artifacts/p2/ei_depth3_f0_a1_s3_ivS.done	0	
bucket	repo-hygiene/git_tip/artifacts/p2/ei_depth3_f0_a1_s3_ivS/args.json	599	
bucket	repo-hygiene/git_tip/artifacts/p2/ei_depth3_f0_a1_s3_ivS/ei_depth3_f0_a1_s3_ivS/args.json	599	
bucket	repo-hygiene/git_tip/artifacts/p2/ei_depth3_f0_a1_s3_ivS/ei_depth3_f0_a1_s3_ivS/found_5.jsonl	7989485	
bucket	repo-hygiene/git_tip/artifacts/p2/ei_depth3_f0_a1_s3_ivS/ei_depth3_f0_a1_s3_ivS/found_6.jsonl	9165966	
bucket	repo-hygiene/git_tip/artifacts/p2/ei_depth3_f0_a1_s3_ivS/ei_depth3_f0_a1_s3_ivS/found_7.jsonl	10153825	
bucket	repo-hygiene/git_tip/artifacts/p2/ei_depth3_f0_a1_s3_ivS/ei_depth3_f0_a1_s3_ivS/found_8.jsonl	10882589	
bucket	repo-hygiene/git_tip/artifacts/p2/ei_depth3_f0_a1_s3_ivS/ei_depth3_f0_a1_s3_ivS/found_transfer_5.jsonl	3787285	
bucket	repo-hygiene/git_tip/artifacts/p2/ei_depth3_f0_a1_s3_ivS/ei_depth3_f0_a1_s3_ivS/found_transfer_6.jsonl	4438776	
bucket	repo-hygiene/git_tip/artifacts/p2/ei_depth3_f0_a1_s3_ivS/ei_depth3_f0_a1_s3_ivS/found_transfer_7.jsonl	4974245	
bucket	repo-hygiene/git_tip/artifacts/p2/ei_depth3_f0_a1_s3_ivS/ei_depth3_f0_a1_s3_ivS/found_transfer_8.jsonl	5388194	
bucket	repo-hygiene/git_tip/artifacts/p2/ei_depth3_f0_a1_s3_ivS/ei_depth3_f0_a1_s3_ivS/mix_5.jsonl	10285165	
bucket	repo-hygiene/git_tip/artifacts/p2/ei_depth3_f0_a1_s3_ivS/ei_depth3_f0_a1_s3_ivS/mix_6.jsonl	10582627	
bucket	repo-hygiene/git_tip/artifacts/p2/ei_depth3_f0_a1_s3_ivS/ei_depth3_f0_a1_s3_ivS/mix_7.jsonl	10761026	
bucket	repo-hygiene/git_tip/artifacts/p2/ei_depth3_f0_a1_s3_ivS/ei_depth3_f0_a1_s3_ivS/mix_8.jsonl	10907095	
bucket	repo-hygiene/git_tip/artifacts/p2/ei_depth3_f0_a1_s3_ivS/ei_depth3_f0_a1_s3_ivS/round_5.json	8920	
bucket	repo-hygiene/git_tip/artifacts/p2/ei_depth3_f0_a1_s3_ivS/ei_depth3_f0_a1_s3_ivS/round_6.json	8997	
bucket	repo-hygiene/git_tip/artifacts/p2/ei_depth3_f0_a1_s3_ivS/ei_depth3_f0_a1_s3_ivS/round_7.json	9011	
bucket	repo-hygiene/git_tip/artifacts/p2/ei_depth3_f0_a1_s3_ivS/ei_depth3_f0_a1_s3_ivS/round_8.json	8993	
bucket	repo-hygiene/git_tip/artifacts/p2/ei_depth3_f0_a1_s3_ivS/found_8.jsonl	10882589	
bucket	repo-hygiene/git_tip/artifacts/p2/ei_depth3_f0_a1_s3_ivS/found_transfer_8.jsonl	5388194	
bucket	repo-hygiene/git_tip/artifacts/p2/ei_depth3_f0_a1_s3_ivS/round_5.json	8920	
bucket	repo-hygiene/git_tip/artifacts/p2/ei_depth3_f0_a1_s3_ivS/round_6.json	8997	
bucket	repo-hygiene/git_tip/artifacts/p2/ei_depth3_f0_a1_s3_ivS/round_7.json	9011	
bucket	repo-hygiene/git_tip/artifacts/p2/ei_depth3_f0_a1_s3_ivS/round_8.json	8993	
bucket	repo-hygiene/git_tip/artifacts/p2/ei_depth3_f0_a1_s3_ivS_transfer.json	233	
bucket	repo-hygiene/git_tip/artifacts/p2/ei_depth3_f0_a1_s3_ivT.done	0	
bucket	repo-hygiene/git_tip/artifacts/p2/ei_depth3_f0_a1_s3_ivT/args.json	602	
bucket	repo-hygiene/git_tip/artifacts/p2/ei_depth3_f0_a1_s3_ivT/ei_depth3_f0_a1_s3_ivT/args.json	602	
bucket	repo-hygiene/git_tip/artifacts/p2/ei_depth3_f0_a1_s3_ivT/ei_depth3_f0_a1_s3_ivT/found_5.jsonl	5780475	
bucket	repo-hygiene/git_tip/artifacts/p2/ei_depth3_f0_a1_s3_ivT/ei_depth3_f0_a1_s3_ivT/found_6.jsonl	7844093	
bucket	repo-hygiene/git_tip/artifacts/p2/ei_depth3_f0_a1_s3_ivT/ei_depth3_f0_a1_s3_ivT/found_7.jsonl	9863182	
bucket	repo-hygiene/git_tip/artifacts/p2/ei_depth3_f0_a1_s3_ivT/ei_depth3_f0_a1_s3_ivT/found_8.jsonl	11091258	
bucket	repo-hygiene/git_tip/artifacts/p2/ei_depth3_f0_a1_s3_ivT/ei_depth3_f0_a1_s3_ivT/found_transfer_5.jsonl	2807439	
bucket	repo-hygiene/git_tip/artifacts/p2/ei_depth3_f0_a1_s3_ivT/ei_depth3_f0_a1_s3_ivT/found_transfer_6.jsonl	3800875	
bucket	repo-hygiene/git_tip/artifacts/p2/ei_depth3_f0_a1_s3_ivT/ei_depth3_f0_a1_s3_ivT/found_transfer_7.jsonl	4828612	
bucket	repo-hygiene/git_tip/artifacts/p2/ei_depth3_f0_a1_s3_ivT/ei_depth3_f0_a1_s3_ivT/found_transfer_8.jsonl	5467120	
bucket	repo-hygiene/git_tip/artifacts/p2/ei_depth3_f0_a1_s3_ivT/ei_depth3_f0_a1_s3_ivT/mix_5.jsonl	7602969	
bucket	repo-hygiene/git_tip/artifacts/p2/ei_depth3_f0_a1_s3_ivT/ei_depth3_f0_a1_s3_ivT/mix_6.jsonl	9019642	
bucket	repo-hygiene/git_tip/artifacts/p2/ei_depth3_f0_a1_s3_ivT/ei_depth3_f0_a1_s3_ivT/mix_7.jsonl	9852874	
bucket	repo-hygiene/git_tip/artifacts/p2/ei_depth3_f0_a1_s3_ivT/ei_depth3_f0_a1_s3_ivT/mix_8.jsonl	10165302	
bucket	repo-hygiene/git_tip/artifacts/p2/ei_depth3_f0_a1_s3_ivT/ei_depth3_f0_a1_s3_ivT/round_5.json	8802	
bucket	repo-hygiene/git_tip/artifacts/p2/ei_depth3_f0_a1_s3_ivT/ei_depth3_f0_a1_s3_ivT/round_6.json	8935	
bucket	repo-hygiene/git_tip/artifacts/p2/ei_depth3_f0_a1_s3_ivT/ei_depth3_f0_a1_s3_ivT/round_7.json	8958	
bucket	repo-hygiene/git_tip/artifacts/p2/ei_depth3_f0_a1_s3_ivT/ei_depth3_f0_a1_s3_ivT/round_8.json	9032	
bucket	repo-hygiene/git_tip/artifacts/p2/ei_depth3_f0_a1_s3_ivT/found_8.jsonl	11091258	
bucket	repo-hygiene/git_tip/artifacts/p2/ei_depth3_f0_a1_s3_ivT/found_transfer_8.jsonl	5467120	
bucket	repo-hygiene/git_tip/artifacts/p2/ei_depth3_f0_a1_s3_ivT/round_5.json	8802	
bucket	repo-hygiene/git_tip/artifacts/p2/ei_depth3_f0_a1_s3_ivT/round_6.json	8935	
bucket	repo-hygiene/git_tip/artifacts/p2/ei_depth3_f0_a1_s3_ivT/round_7.json	8958	
bucket	repo-hygiene/git_tip/artifacts/p2/ei_depth3_f0_a1_s3_ivT/round_8.json	9032	
bucket	repo-hygiene/git_tip/artifacts/p2/ei_depth3_f0_a1_s3_ivT_c.done	0	
bucket	repo-hygiene/git_tip/artifacts/p2/ei_depth3_f0_a1_s3_other4_manifest.json	1494	
bucket	repo-hygiene/git_tip/artifacts/p2/ei_depth3_f0_a1_s3_sib16_manifest.json	8585	
bucket	repo-hygiene/git_tip/artifacts/p2/ei_depth3_f0_a1_s3_sib1_manifest.json	1094	
bucket	repo-hygiene/git_tip/artifacts/p2/ei_depth3_f0_a1_s3_sib4_manifest.json	2924	
bucket	repo-hygiene/git_tip/artifacts/p2/ei_depth3_f0_a1_s4/args.json	562	
bucket	repo-hygiene/git_tip/artifacts/p2/ei_depth3_f0_a1_s4/found_8.jsonl	6910025	
bucket	repo-hygiene/git_tip/artifacts/p2/ei_depth3_f0_a1_s4/found_transfer_8.jsonl	3491309	
bucket	repo-hygiene/git_tip/artifacts/p2/ei_depth3_f0_a1_s4/round_1.json	8705	
bucket	repo-hygiene/git_tip/artifacts/p2/ei_depth3_f0_a1_s4/round_2.json	8754	
bucket	repo-hygiene/git_tip/artifacts/p2/ei_depth3_f0_a1_s4/round_3.json	8743	
bucket	repo-hygiene/git_tip/artifacts/p2/ei_depth3_f0_a1_s4/round_4.json	8822	
bucket	repo-hygiene/git_tip/artifacts/p2/ei_depth3_f0_a1_s4/round_5.json	8767	
bucket	repo-hygiene/git_tip/artifacts/p2/ei_depth3_f0_a1_s4/round_6.json	8833	
bucket	repo-hygiene/git_tip/artifacts/p2/ei_depth3_f0_a1_s4/round_7.json	8833	
bucket	repo-hygiene/git_tip/artifacts/p2/ei_depth3_f0_a1_s4/round_8.json	8853	
bucket	repo-hygiene/git_tip/artifacts/p2/ei_depth3_f0_a1_s4_gen4_manifest.json	1976	
bucket	repo-hygiene/git_tip/artifacts/p2/ei_depth3_f0_a1_s4_inv4_manifest.json	1842	
bucket	repo-hygiene/git_tip/artifacts/p2/ei_depth3_f0_a1_s4_ivK/args.json	602	
bucket	repo-hygiene/git_tip/artifacts/p2/ei_depth3_f0_a1_s4_ivK/found_8.jsonl	7403623	
bucket	repo-hygiene/git_tip/artifacts/p2/ei_depth3_f0_a1_s4_ivK/found_transfer_8.jsonl	3731759	
bucket	repo-hygiene/git_tip/artifacts/p2/ei_depth3_f0_a1_s4_ivK/round_5.json	8825	
bucket	repo-hygiene/git_tip/artifacts/p2/ei_depth3_f0_a1_s4_ivK/round_6.json	8834	
bucket	repo-hygiene/git_tip/artifacts/p2/ei_depth3_f0_a1_s4_ivK/round_7.json	8842	
bucket	repo-hygiene/git_tip/artifacts/p2/ei_depth3_f0_a1_s4_ivK/round_8.json	8837	
bucket	repo-hygiene/git_tip/artifacts/p2/ei_depth3_f0_a1_s4_ivS/args.json	599	
bucket	repo-hygiene/git_tip/artifacts/p2/ei_depth3_f0_a1_s4_ivS/found_8.jsonl	11131207	
bucket	repo-hygiene/git_tip/artifacts/p2/ei_depth3_f0_a1_s4_ivS/found_transfer_8.jsonl	5360289	
bucket	repo-hygiene/git_tip/artifacts/p2/ei_depth3_f0_a1_s4_ivS/round_5.json	8976	
bucket	repo-hygiene/git_tip/artifacts/p2/ei_depth3_f0_a1_s4_ivS/round_6.json	8981	
bucket	repo-hygiene/git_tip/artifacts/p2/ei_depth3_f0_a1_s4_ivS/round_7.json	8992	
bucket	repo-hygiene/git_tip/artifacts/p2/ei_depth3_f0_a1_s4_ivS/round_8.json	9030	
bucket	repo-hygiene/git_tip/artifacts/p2/ei_depth3_f0_a1_s4_ivS_transfer.json	233	
bucket	repo-hygiene/git_tip/artifacts/p2/ei_depth3_f0_a1_s4_ivT/args.json	602	
bucket	repo-hygiene/git_tip/artifacts/p2/ei_depth3_f0_a1_s4_ivT/found_8.jsonl	6564335	
bucket	repo-hygiene/git_tip/artifacts/p2/ei_depth3_f0_a1_s4_ivT/found_transfer_8.jsonl	3290530	
bucket	repo-hygiene/git_tip/artifacts/p2/ei_depth3_f0_a1_s4_ivT/round_5.json	8790	
bucket	repo-hygiene/git_tip/artifacts/p2/ei_depth3_f0_a1_s4_ivT/round_6.json	8796	
bucket	repo-hygiene/git_tip/artifacts/p2/ei_depth3_f0_a1_s4_ivT/round_7.json	8825	
bucket	repo-hygiene/git_tip/artifacts/p2/ei_depth3_f0_a1_s4_ivT/round_8.json	8851	
bucket	repo-hygiene/git_tip/artifacts/p2/ei_depth3_f0_a1_s4_other4_manifest.json	1494	
bucket	repo-hygiene/git_tip/artifacts/p2/ei_depth3_f0_a1_s4_sib16_manifest.json	9400	
bucket	repo-hygiene/git_tip/artifacts/p2/ei_depth3_f0_a1_s4_sib1_manifest.json	931	
bucket	repo-hygiene/git_tip/artifacts/p2/ei_depth3_f0_a1_s4_sib4_manifest.json	2354	
bucket	repo-hygiene/git_tip/artifacts/p2/ei_depth3_f0_a1_s5/args.json	562	
bucket	repo-hygiene/git_tip/artifacts/p2/ei_depth3_f0_a1_s5/found_8.jsonl	7165423	
bucket	repo-hygiene/git_tip/artifacts/p2/ei_depth3_f0_a1_s5/found_transfer_8.jsonl	3646989	
bucket	repo-hygiene/git_tip/artifacts/p2/ei_depth3_f0_a1_s5/round_1.json	8605	
bucket	repo-hygiene/git_tip/artifacts/p2/ei_depth3_f0_a1_s5/round_2.json	8698	
bucket	repo-hygiene/git_tip/artifacts/p2/ei_depth3_f0_a1_s5/round_3.json	8794	
bucket	repo-hygiene/git_tip/artifacts/p2/ei_depth3_f0_a1_s5/round_4.json	8734	
bucket	repo-hygiene/git_tip/artifacts/p2/ei_depth3_f0_a1_s5/round_5.json	8797	
bucket	repo-hygiene/git_tip/artifacts/p2/ei_depth3_f0_a1_s5/round_6.json	8755	
bucket	repo-hygiene/git_tip/artifacts/p2/ei_depth3_f0_a1_s5/round_7.json	8750	
bucket	repo-hygiene/git_tip/artifacts/p2/ei_depth3_f0_a1_s5/round_8.json	8787	
bucket	repo-hygiene/git_tip/artifacts/p2/ei_depth3_f0_a1_s5_gen4_manifest.json	1976	
bucket	repo-hygiene/git_tip/artifacts/p2/ei_depth3_f0_a1_s5_inv4_manifest.json	1842	
bucket	repo-hygiene/git_tip/artifacts/p2/ei_depth3_f0_a1_s5_ivK.done	0	
bucket	repo-hygiene/git_tip/artifacts/p2/ei_depth3_f0_a1_s5_ivK/args.json	602	
bucket	repo-hygiene/git_tip/artifacts/p2/ei_depth3_f0_a1_s5_ivK/ei_depth3_f0_a1_s5_ivK/args.json	602	
bucket	repo-hygiene/git_tip/artifacts/p2/ei_depth3_f0_a1_s5_ivK/ei_depth3_f0_a1_s5_ivK/found_5.jsonl	6467207	
bucket	repo-hygiene/git_tip/artifacts/p2/ei_depth3_f0_a1_s5_ivK/ei_depth3_f0_a1_s5_ivK/found_6.jsonl	6971598	
bucket	repo-hygiene/git_tip/artifacts/p2/ei_depth3_f0_a1_s5_ivK/ei_depth3_f0_a1_s5_ivK/found_7.jsonl	7389242	
bucket	repo-hygiene/git_tip/artifacts/p2/ei_depth3_f0_a1_s5_ivK/ei_depth3_f0_a1_s5_ivK/found_8.jsonl	7832154	
bucket	repo-hygiene/git_tip/artifacts/p2/ei_depth3_f0_a1_s5_ivK/ei_depth3_f0_a1_s5_ivK/found_transfer_5.jsonl	3274744	
bucket	repo-hygiene/git_tip/artifacts/p2/ei_depth3_f0_a1_s5_ivK/ei_depth3_f0_a1_s5_ivK/found_transfer_6.jsonl	3528243	
bucket	repo-hygiene/git_tip/artifacts/p2/ei_depth3_f0_a1_s5_ivK/ei_depth3_f0_a1_s5_ivK/found_transfer_7.jsonl	3782702	
bucket	repo-hygiene/git_tip/artifacts/p2/ei_depth3_f0_a1_s5_ivK/ei_depth3_f0_a1_s5_ivK/found_transfer_8.jsonl	4057519	
bucket	repo-hygiene/git_tip/artifacts/p2/ei_depth3_f0_a1_s5_ivK/ei_depth3_f0_a1_s5_ivK/mix_5.jsonl	7711344	
bucket	repo-hygiene/git_tip/artifacts/p2/ei_depth3_f0_a1_s5_ivK/ei_depth3_f0_a1_s5_ivK/mix_6.jsonl	7956358	
bucket	repo-hygiene/git_tip/artifacts/p2/ei_depth3_f0_a1_s5_ivK/ei_depth3_f0_a1_s5_ivK/mix_7.jsonl	8070109	
bucket	repo-hygiene/git_tip/artifacts/p2/ei_depth3_f0_a1_s5_ivK/ei_depth3_f0_a1_s5_ivK/mix_8.jsonl	8197663	
bucket	repo-hygiene/git_tip/artifacts/p2/ei_depth3_f0_a1_s5_ivK/ei_depth3_f0_a1_s5_ivK/round_5.json	8813	
bucket	repo-hygiene/git_tip/artifacts/p2/ei_depth3_f0_a1_s5_ivK/ei_depth3_f0_a1_s5_ivK/round_6.json	8795	
bucket	repo-hygiene/git_tip/artifacts/p2/ei_depth3_f0_a1_s5_ivK/ei_depth3_f0_a1_s5_ivK/round_7.json	8810	
bucket	repo-hygiene/git_tip/artifacts/p2/ei_depth3_f0_a1_s5_ivK/ei_depth3_f0_a1_s5_ivK/round_8.json	8796	
bucket	repo-hygiene/git_tip/artifacts/p2/ei_depth3_f0_a1_s5_ivK/found_8.jsonl	7832154	
bucket	repo-hygiene/git_tip/artifacts/p2/ei_depth3_f0_a1_s5_ivK/found_transfer_8.jsonl	4057519	
bucket	repo-hygiene/git_tip/artifacts/p2/ei_depth3_f0_a1_s5_ivK/round_5.json	8813	
bucket	repo-hygiene/git_tip/artifacts/p2/ei_depth3_f0_a1_s5_ivK/round_6.json	8795	
bucket	repo-hygiene/git_tip/artifacts/p2/ei_depth3_f0_a1_s5_ivK/round_7.json	8810	
bucket	repo-hygiene/git_tip/artifacts/p2/ei_depth3_f0_a1_s5_ivK/round_8.json	8796	
bucket	repo-hygiene/git_tip/artifacts/p2/ei_depth3_f0_a1_s5_ivK_c.done	0	
bucket	repo-hygiene/git_tip/artifacts/p2/ei_depth3_f0_a1_s5_ivS.done	0	
bucket	repo-hygiene/git_tip/artifacts/p2/ei_depth3_f0_a1_s5_ivS/args.json	599	
bucket	repo-hygiene/git_tip/artifacts/p2/ei_depth3_f0_a1_s5_ivS/ei_depth3_f0_a1_s5_ivS/args.json	599	
bucket	repo-hygiene/git_tip/artifacts/p2/ei_depth3_f0_a1_s5_ivS/ei_depth3_f0_a1_s5_ivS/found_5.jsonl	8046728	
bucket	repo-hygiene/git_tip/artifacts/p2/ei_depth3_f0_a1_s5_ivS/ei_depth3_f0_a1_s5_ivS/found_6.jsonl	9452344	
bucket	repo-hygiene/git_tip/artifacts/p2/ei_depth3_f0_a1_s5_ivS/ei_depth3_f0_a1_s5_ivS/found_7.jsonl	10690029	
bucket	repo-hygiene/git_tip/artifacts/p2/ei_depth3_f0_a1_s5_ivS/ei_depth3_f0_a1_s5_ivS/found_8.jsonl	11542187	
bucket	repo-hygiene/git_tip/artifacts/p2/ei_depth3_f0_a1_s5_ivS/ei_depth3_f0_a1_s5_ivS/found_transfer_5.jsonl	3867337	
bucket	repo-hygiene/git_tip/artifacts/p2/ei_depth3_f0_a1_s5_ivS/ei_depth3_f0_a1_s5_ivS/found_transfer_6.jsonl	4552436	
bucket	repo-hygiene/git_tip/artifacts/p2/ei_depth3_f0_a1_s5_ivS/ei_depth3_f0_a1_s5_ivS/found_transfer_7.jsonl	5146541	
bucket	repo-hygiene/git_tip/artifacts/p2/ei_depth3_f0_a1_s5_ivS/ei_depth3_f0_a1_s5_ivS/found_transfer_8.jsonl	5636272	
bucket	repo-hygiene/git_tip/artifacts/p2/ei_depth3_f0_a1_s5_ivS/ei_depth3_f0_a1_s5_ivS/mix_5.jsonl	10386700	
bucket	repo-hygiene/git_tip/artifacts/p2/ei_depth3_f0_a1_s5_ivS/ei_depth3_f0_a1_s5_ivS/mix_6.jsonl	10739226	
bucket	repo-hygiene/git_tip/artifacts/p2/ei_depth3_f0_a1_s5_ivS/ei_depth3_f0_a1_s5_ivS/mix_7.jsonl	10878306	
bucket	repo-hygiene/git_tip/artifacts/p2/ei_depth3_f0_a1_s5_ivS/ei_depth3_f0_a1_s5_ivS/mix_8.jsonl	10940294	
bucket	repo-hygiene/git_tip/artifacts/p2/ei_depth3_f0_a1_s5_ivS/ei_depth3_f0_a1_s5_ivS/round_5.json	9039	
bucket	repo-hygiene/git_tip/artifacts/p2/ei_depth3_f0_a1_s5_ivS/ei_depth3_f0_a1_s5_ivS/round_6.json	9012	
bucket	repo-hygiene/git_tip/artifacts/p2/ei_depth3_f0_a1_s5_ivS/ei_depth3_f0_a1_s5_ivS/round_7.json	9047	
bucket	repo-hygiene/git_tip/artifacts/p2/ei_depth3_f0_a1_s5_ivS/ei_depth3_f0_a1_s5_ivS/round_8.json	9078	
bucket	repo-hygiene/git_tip/artifacts/p2/ei_depth3_f0_a1_s5_ivS/found_8.jsonl	11542187	
bucket	repo-hygiene/git_tip/artifacts/p2/ei_depth3_f0_a1_s5_ivS/found_transfer_8.jsonl	5636272	
bucket	repo-hygiene/git_tip/artifacts/p2/ei_depth3_f0_a1_s5_ivS/round_5.json	9039	
bucket	repo-hygiene/git_tip/artifacts/p2/ei_depth3_f0_a1_s5_ivS/round_6.json	9012	
bucket	repo-hygiene/git_tip/artifacts/p2/ei_depth3_f0_a1_s5_ivS/round_7.json	9047	
bucket	repo-hygiene/git_tip/artifacts/p2/ei_depth3_f0_a1_s5_ivS/round_8.json	9078	
bucket	repo-hygiene/git_tip/artifacts/p2/ei_depth3_f0_a1_s5_ivS_transfer.json	233	
bucket	repo-hygiene/git_tip/artifacts/p2/ei_depth3_f0_a1_s5_ivT.done	0	
bucket	repo-hygiene/git_tip/artifacts/p2/ei_depth3_f0_a1_s5_ivT/args.json	602	
bucket	repo-hygiene/git_tip/artifacts/p2/ei_depth3_f0_a1_s5_ivT/ei_depth3_f0_a1_s5_ivT/args.json	602	
bucket	repo-hygiene/git_tip/artifacts/p2/ei_depth3_f0_a1_s5_ivT/ei_depth3_f0_a1_s5_ivT/found_5.jsonl	5654442	
bucket	repo-hygiene/git_tip/artifacts/p2/ei_depth3_f0_a1_s5_ivT/ei_depth3_f0_a1_s5_ivT/found_6.jsonl	6443487	
bucket	repo-hygiene/git_tip/artifacts/p2/ei_depth3_f0_a1_s5_ivT/ei_depth3_f0_a1_s5_ivT/found_7.jsonl	7156221	
bucket	repo-hygiene/git_tip/artifacts/p2/ei_depth3_f0_a1_s5_ivT/ei_depth3_f0_a1_s5_ivT/found_8.jsonl	7579911	
bucket	repo-hygiene/git_tip/artifacts/p2/ei_depth3_f0_a1_s5_ivT/ei_depth3_f0_a1_s5_ivT/found_transfer_5.jsonl	2804313	
bucket	repo-hygiene/git_tip/artifacts/p2/ei_depth3_f0_a1_s5_ivT/ei_depth3_f0_a1_s5_ivT/found_transfer_6.jsonl	3160900	
bucket	repo-hygiene/git_tip/artifacts/p2/ei_depth3_f0_a1_s5_ivT/ei_depth3_f0_a1_s5_ivT/found_transfer_7.jsonl	3557410	
bucket	repo-hygiene/git_tip/artifacts/p2/ei_depth3_f0_a1_s5_ivT/ei_depth3_f0_a1_s5_ivT/found_transfer_8.jsonl	3847257	
bucket	repo-hygiene/git_tip/artifacts/p2/ei_depth3_f0_a1_s5_ivT/ei_depth3_f0_a1_s5_ivT/mix_5.jsonl	7700398	
bucket	repo-hygiene/git_tip/artifacts/p2/ei_depth3_f0_a1_s5_ivT/ei_depth3_f0_a1_s5_ivT/mix_6.jsonl	7968682	
bucket	repo-hygiene/git_tip/artifacts/p2/ei_depth3_f0_a1_s5_ivT/ei_depth3_f0_a1_s5_ivT/mix_7.jsonl	8095005	
bucket	repo-hygiene/git_tip/artifacts/p2/ei_depth3_f0_a1_s5_ivT/ei_depth3_f0_a1_s5_ivT/mix_8.jsonl	8191285	
bucket	repo-hygiene/git_tip/artifacts/p2/ei_depth3_f0_a1_s5_ivT/ei_depth3_f0_a1_s5_ivT/round_5.json	8813	
bucket	repo-hygiene/git_tip/artifacts/p2/ei_depth3_f0_a1_s5_ivT/ei_depth3_f0_a1_s5_ivT/round_6.json	8779	
bucket	repo-hygiene/git_tip/artifacts/p2/ei_depth3_f0_a1_s5_ivT/ei_depth3_f0_a1_s5_ivT/round_7.json	8820	
bucket	repo-hygiene/git_tip/artifacts/p2/ei_depth3_f0_a1_s5_ivT/ei_depth3_f0_a1_s5_ivT/round_8.json	8768	
bucket	repo-hygiene/git_tip/artifacts/p2/ei_depth3_f0_a1_s5_ivT/found_8.jsonl	7579911	
bucket	repo-hygiene/git_tip/artifacts/p2/ei_depth3_f0_a1_s5_ivT/found_transfer_8.jsonl	3847257	
bucket	repo-hygiene/git_tip/artifacts/p2/ei_depth3_f0_a1_s5_ivT/round_5.json	8813	
bucket	repo-hygiene/git_tip/artifacts/p2/ei_depth3_f0_a1_s5_ivT/round_6.json	8779	
bucket	repo-hygiene/git_tip/artifacts/p2/ei_depth3_f0_a1_s5_ivT/round_7.json	8820	
bucket	repo-hygiene/git_tip/artifacts/p2/ei_depth3_f0_a1_s5_ivT/round_8.json	8768	
bucket	repo-hygiene/git_tip/artifacts/p2/ei_depth3_f0_a1_s5_ivT_c.done	0	
bucket	repo-hygiene/git_tip/artifacts/p2/ei_depth3_f0_a1_s5_other4_manifest.json	1494	
bucket	repo-hygiene/git_tip/artifacts/p2/ei_depth3_f0_a1_s5_sib16_manifest.json	9525	
bucket	repo-hygiene/git_tip/artifacts/p2/ei_depth3_f0_a1_s5_sib1_manifest.json	789	
bucket	repo-hygiene/git_tip/artifacts/p2/ei_depth3_f0_a1_s5_sib4_manifest.json	2271	
bucket	repo-hygiene/git_tip/artifacts/p2/ei_depth3_f0_a1_s6/args.json	562	
bucket	repo-hygiene/git_tip/artifacts/p2/ei_depth3_f0_a1_s6/found_8.jsonl	12134061	
bucket	repo-hygiene/git_tip/artifacts/p2/ei_depth3_f0_a1_s6/found_transfer_8.jsonl	5986252	
bucket	repo-hygiene/git_tip/artifacts/p2/ei_depth3_f0_a1_s6/round_1.json	8711	
bucket	repo-hygiene/git_tip/artifacts/p2/ei_depth3_f0_a1_s6/round_2.json	8813	
bucket	repo-hygiene/git_tip/artifacts/p2/ei_depth3_f0_a1_s6/round_3.json	8862	
bucket	repo-hygiene/git_tip/artifacts/p2/ei_depth3_f0_a1_s6/round_4.json	8898	
bucket	repo-hygiene/git_tip/artifacts/p2/ei_depth3_f0_a1_s6/round_5.json	8986	
bucket	repo-hygiene/git_tip/artifacts/p2/ei_depth3_f0_a1_s6/round_6.json	8965	
bucket	repo-hygiene/git_tip/artifacts/p2/ei_depth3_f0_a1_s6/round_7.json	9032	
bucket	repo-hygiene/git_tip/artifacts/p2/ei_depth3_f0_a1_s6/round_8.json	9034	
bucket	repo-hygiene/git_tip/artifacts/p2/ei_depth3_f0_a1_s7.done	0	
bucket	repo-hygiene/git_tip/artifacts/p2/ei_depth3_f0_a1_s7/args.json	562	
bucket	repo-hygiene/git_tip/artifacts/p2/ei_depth3_f0_a1_s7/ei_depth3_f0_a1_s7/args.json	562	
bucket	repo-hygiene/git_tip/artifacts/p2/ei_depth3_f0_a1_s7/ei_depth3_f0_a1_s7/found_1.jsonl	687647	
bucket	repo-hygiene/git_tip/artifacts/p2/ei_depth3_f0_a1_s7/ei_depth3_f0_a1_s7/found_2.jsonl	2589989	
bucket	repo-hygiene/git_tip/artifacts/p2/ei_depth3_f0_a1_s7/ei_depth3_f0_a1_s7/found_3.jsonl	3741845	
bucket	repo-hygiene/git_tip/artifacts/p2/ei_depth3_f0_a1_s7/ei_depth3_f0_a1_s7/found_4.jsonl	4461898	
bucket	repo-hygiene/git_tip/artifacts/p2/ei_depth3_f0_a1_s7/ei_depth3_f0_a1_s7/found_5.jsonl	5052545	
bucket	repo-hygiene/git_tip/artifacts/p2/ei_depth3_f0_a1_s7/ei_depth3_f0_a1_s7/found_6.jsonl	5537777	
bucket	repo-hygiene/git_tip/artifacts/p2/ei_depth3_f0_a1_s7/ei_depth3_f0_a1_s7/found_7.jsonl	6064343	
bucket	repo-hygiene/git_tip/artifacts/p2/ei_depth3_f0_a1_s7/ei_depth3_f0_a1_s7/found_8.jsonl	6565238	
bucket	repo-hygiene/git_tip/artifacts/p2/ei_depth3_f0_a1_s7/ei_depth3_f0_a1_s7/found_transfer_1.jsonl	326295	
bucket	repo-hygiene/git_tip/artifacts/p2/ei_depth3_f0_a1_s7/ei_depth3_f0_a1_s7/found_transfer_2.jsonl	1224818	
bucket	repo-hygiene/git_tip/artifacts/p2/ei_depth3_f0_a1_s7/ei_depth3_f0_a1_s7/found_transfer_3.jsonl	1763823	
bucket	repo-hygiene/git_tip/artifacts/p2/ei_depth3_f0_a1_s7/ei_depth3_f0_a1_s7/found_transfer_4.jsonl	2168808	
bucket	repo-hygiene/git_tip/artifacts/p2/ei_depth3_f0_a1_s7/ei_depth3_f0_a1_s7/found_transfer_5.jsonl	2505520	
bucket	repo-hygiene/git_tip/artifacts/p2/ei_depth3_f0_a1_s7/ei_depth3_f0_a1_s7/found_transfer_6.jsonl	2781088	
bucket	repo-hygiene/git_tip/artifacts/p2/ei_depth3_f0_a1_s7/ei_depth3_f0_a1_s7/found_transfer_7.jsonl	3046352	
bucket	repo-hygiene/git_tip/artifacts/p2/ei_depth3_f0_a1_s7/ei_depth3_f0_a1_s7/found_transfer_8.jsonl	3270089	
bucket	repo-hygiene/git_tip/artifacts/p2/ei_depth3_f0_a1_s7/ei_depth3_f0_a1_s7/mix_1.jsonl	6294357	
bucket	repo-hygiene/git_tip/artifacts/p2/ei_depth3_f0_a1_s7/ei_depth3_f0_a1_s7/mix_2.jsonl	7013865	
bucket	repo-hygiene/git_tip/artifacts/p2/ei_depth3_f0_a1_s7/ei_depth3_f0_a1_s7/mix_3.jsonl	7163532	
bucket	repo-hygiene/git_tip/artifacts/p2/ei_depth3_f0_a1_s7/ei_depth3_f0_a1_s7/mix_4.jsonl	7318551	
bucket	repo-hygiene/git_tip/artifacts/p2/ei_depth3_f0_a1_s7/ei_depth3_f0_a1_s7/mix_5.jsonl	7423827	
bucket	repo-hygiene/git_tip/artifacts/p2/ei_depth3_f0_a1_s7/ei_depth3_f0_a1_s7/mix_6.jsonl	7538300	
bucket	repo-hygiene/git_tip/artifacts/p2/ei_depth3_f0_a1_s7/ei_depth3_f0_a1_s7/mix_7.jsonl	7707820	
bucket	repo-hygiene/git_tip/artifacts/p2/ei_depth3_f0_a1_s7/ei_depth3_f0_a1_s7/mix_8.jsonl	7908796	
bucket	repo-hygiene/git_tip/artifacts/p2/ei_depth3_f0_a1_s7/ei_depth3_f0_a1_s7/round_1.json	8675	
bucket	repo-hygiene/git_tip/artifacts/p2/ei_depth3_f0_a1_s7/ei_depth3_f0_a1_s7/round_2.json	8791	
bucket	repo-hygiene/git_tip/artifacts/p2/ei_depth3_f0_a1_s7/ei_depth3_f0_a1_s7/round_3.json	8797	
bucket	repo-hygiene/git_tip/artifacts/p2/ei_depth3_f0_a1_s7/ei_depth3_f0_a1_s7/round_4.json	8765	
bucket	repo-hygiene/git_tip/artifacts/p2/ei_depth3_f0_a1_s7/ei_depth3_f0_a1_s7/round_5.json	8822	
bucket	repo-hygiene/git_tip/artifacts/p2/ei_depth3_f0_a1_s7/ei_depth3_f0_a1_s7/round_6.json	8811	
bucket	repo-hygiene/git_tip/artifacts/p2/ei_depth3_f0_a1_s7/ei_depth3_f0_a1_s7/round_7.json	8792	
bucket	repo-hygiene/git_tip/artifacts/p2/ei_depth3_f0_a1_s7/ei_depth3_f0_a1_s7/round_8.json	8830	
bucket	repo-hygiene/git_tip/artifacts/p2/ei_depth3_f0_a1_s7/found_8.jsonl	6565238	
bucket	repo-hygiene/git_tip/artifacts/p2/ei_depth3_f0_a1_s7/found_transfer_8.jsonl	3270089	
bucket	repo-hygiene/git_tip/artifacts/p2/ei_depth3_f0_a1_s7/round_1.json	8675	
bucket	repo-hygiene/git_tip/artifacts/p2/ei_depth3_f0_a1_s7/round_2.json	8791	
bucket	repo-hygiene/git_tip/artifacts/p2/ei_depth3_f0_a1_s7/round_3.json	8797	
bucket	repo-hygiene/git_tip/artifacts/p2/ei_depth3_f0_a1_s7/round_4.json	8765	
bucket	repo-hygiene/git_tip/artifacts/p2/ei_depth3_f0_a1_s7/round_5.json	8822	
bucket	repo-hygiene/git_tip/artifacts/p2/ei_depth3_f0_a1_s7/round_6.json	8811	
bucket	repo-hygiene/git_tip/artifacts/p2/ei_depth3_f0_a1_s7/round_7.json	8792	
bucket	repo-hygiene/git_tip/artifacts/p2/ei_depth3_f0_a1_s7/round_8.json	8830	
bucket	repo-hygiene/git_tip/artifacts/p2/ei_depth3_f0_a1_s7_ivK.done	0	
bucket	repo-hygiene/git_tip/artifacts/p2/ei_depth3_f0_a1_s7_ivK/args.json	602	
bucket	repo-hygiene/git_tip/artifacts/p2/ei_depth3_f0_a1_s7_ivK/ei_depth3_f0_a1_s7_ivK/args.json	602	
bucket	repo-hygiene/git_tip/artifacts/p2/ei_depth3_f0_a1_s7_ivK/ei_depth3_f0_a1_s7_ivK/found_5.jsonl	5961407	
bucket	repo-hygiene/git_tip/artifacts/p2/ei_depth3_f0_a1_s7_ivK/ei_depth3_f0_a1_s7_ivK/found_6.jsonl	6284770	
bucket	repo-hygiene/git_tip/artifacts/p2/ei_depth3_f0_a1_s7_ivK/ei_depth3_f0_a1_s7_ivK/found_7.jsonl	6813619	
bucket	repo-hygiene/git_tip/artifacts/p2/ei_depth3_f0_a1_s7_ivK/ei_depth3_f0_a1_s7_ivK/found_8.jsonl	7174914	
bucket	repo-hygiene/git_tip/artifacts/p2/ei_depth3_f0_a1_s7_ivK/ei_depth3_f0_a1_s7_ivK/found_transfer_5.jsonl	2996890	
bucket	repo-hygiene/git_tip/artifacts/p2/ei_depth3_f0_a1_s7_ivK/ei_depth3_f0_a1_s7_ivK/found_transfer_6.jsonl	3168106	
bucket	repo-hygiene/git_tip/artifacts/p2/ei_depth3_f0_a1_s7_ivK/ei_depth3_f0_a1_s7_ivK/found_transfer_7.jsonl	3389560	
bucket	repo-hygiene/git_tip/artifacts/p2/ei_depth3_f0_a1_s7_ivK/ei_depth3_f0_a1_s7_ivK/found_transfer_8.jsonl	3595919	
bucket	repo-hygiene/git_tip/artifacts/p2/ei_depth3_f0_a1_s7_ivK/ei_depth3_f0_a1_s7_ivK/mix_5.jsonl	7478323	
bucket	repo-hygiene/git_tip/artifacts/p2/ei_depth3_f0_a1_s7_ivK/ei_depth3_f0_a1_s7_ivK/mix_6.jsonl	7658726	
bucket	repo-hygiene/git_tip/artifacts/p2/ei_depth3_f0_a1_s7_ivK/ei_depth3_f0_a1_s7_ivK/mix_7.jsonl	7825166	
bucket	repo-hygiene/git_tip/artifacts/p2/ei_depth3_f0_a1_s7_ivK/ei_depth3_f0_a1_s7_ivK/mix_8.jsonl	7957377	
bucket	repo-hygiene/git_tip/artifacts/p2/ei_depth3_f0_a1_s7_ivK/ei_depth3_f0_a1_s7_ivK/round_5.json	8830	
bucket	repo-hygiene/git_tip/artifacts/p2/ei_depth3_f0_a1_s7_ivK/ei_depth3_f0_a1_s7_ivK/round_6.json	8810	
bucket	repo-hygiene/git_tip/artifacts/p2/ei_depth3_f0_a1_s7_ivK/ei_depth3_f0_a1_s7_ivK/round_7.json	8825	
bucket	repo-hygiene/git_tip/artifacts/p2/ei_depth3_f0_a1_s7_ivK/ei_depth3_f0_a1_s7_ivK/round_8.json	8875	
bucket	repo-hygiene/git_tip/artifacts/p2/ei_depth3_f0_a1_s7_ivK/found_8.jsonl	7174914	
bucket	repo-hygiene/git_tip/artifacts/p2/ei_depth3_f0_a1_s7_ivK/found_transfer_8.jsonl	3595919	
bucket	repo-hygiene/git_tip/artifacts/p2/ei_depth3_f0_a1_s7_ivK/round_5.json	8830	
bucket	repo-hygiene/git_tip/artifacts/p2/ei_depth3_f0_a1_s7_ivK/round_6.json	8810	
bucket	repo-hygiene/git_tip/artifacts/p2/ei_depth3_f0_a1_s7_ivK/round_7.json	8825	
bucket	repo-hygiene/git_tip/artifacts/p2/ei_depth3_f0_a1_s7_ivK/round_8.json	8875	
bucket	repo-hygiene/git_tip/artifacts/p2/ei_depth3_f0_a1_s7_ivK_c.done	0	
bucket	repo-hygiene/git_tip/artifacts/p2/ei_depth3_f0_a1_s7_ivS.done	0	
bucket	repo-hygiene/git_tip/artifacts/p2/ei_depth3_f0_a1_s7_ivS/args.json	599	
bucket	repo-hygiene/git_tip/artifacts/p2/ei_depth3_f0_a1_s7_ivS/ei_depth3_f0_a1_s7_ivS/args.json	599	
bucket	repo-hygiene/git_tip/artifacts/p2/ei_depth3_f0_a1_s7_ivS/ei_depth3_f0_a1_s7_ivS/found_5.jsonl	7954686	
bucket	repo-hygiene/git_tip/artifacts/p2/ei_depth3_f0_a1_s7_ivS/ei_depth3_f0_a1_s7_ivS/found_6.jsonl	8935163	
bucket	repo-hygiene/git_tip/artifacts/p2/ei_depth3_f0_a1_s7_ivS/ei_depth3_f0_a1_s7_ivS/found_7.jsonl	9717259	
bucket	repo-hygiene/git_tip/artifacts/p2/ei_depth3_f0_a1_s7_ivS/ei_depth3_f0_a1_s7_ivS/found_8.jsonl	10478522	
bucket	repo-hygiene/git_tip/artifacts/p2/ei_depth3_f0_a1_s7_ivS/ei_depth3_f0_a1_s7_ivS/found_transfer_5.jsonl	3751184	
bucket	repo-hygiene/git_tip/artifacts/p2/ei_depth3_f0_a1_s7_ivS/ei_depth3_f0_a1_s7_ivS/found_transfer_6.jsonl	4234386	
bucket	repo-hygiene/git_tip/artifacts/p2/ei_depth3_f0_a1_s7_ivS/ei_depth3_f0_a1_s7_ivS/found_transfer_7.jsonl	4669587	
bucket	repo-hygiene/git_tip/artifacts/p2/ei_depth3_f0_a1_s7_ivS/ei_depth3_f0_a1_s7_ivS/found_transfer_8.jsonl	5031069	
bucket	repo-hygiene/git_tip/artifacts/p2/ei_depth3_f0_a1_s7_ivS/ei_depth3_f0_a1_s7_ivS/mix_5.jsonl	10334431	
bucket	repo-hygiene/git_tip/artifacts/p2/ei_depth3_f0_a1_s7_ivS/ei_depth3_f0_a1_s7_ivS/mix_6.jsonl	10382519	
bucket	repo-hygiene/git_tip/artifacts/p2/ei_depth3_f0_a1_s7_ivS/ei_depth3_f0_a1_s7_ivS/mix_7.jsonl	10382240	
bucket	repo-hygiene/git_tip/artifacts/p2/ei_depth3_f0_a1_s7_ivS/ei_depth3_f0_a1_s7_ivS/mix_8.jsonl	10420703	
bucket	repo-hygiene/git_tip/artifacts/p2/ei_depth3_f0_a1_s7_ivS/ei_depth3_f0_a1_s7_ivS/round_5.json	9075	
bucket	repo-hygiene/git_tip/artifacts/p2/ei_depth3_f0_a1_s7_ivS/ei_depth3_f0_a1_s7_ivS/round_6.json	9026	
bucket	repo-hygiene/git_tip/artifacts/p2/ei_depth3_f0_a1_s7_ivS/ei_depth3_f0_a1_s7_ivS/round_7.json	9000	
bucket	repo-hygiene/git_tip/artifacts/p2/ei_depth3_f0_a1_s7_ivS/ei_depth3_f0_a1_s7_ivS/round_8.json	9040	
bucket	repo-hygiene/git_tip/artifacts/p2/ei_depth3_f0_a1_s7_ivS/found_8.jsonl	10478522	
bucket	repo-hygiene/git_tip/artifacts/p2/ei_depth3_f0_a1_s7_ivS/found_transfer_8.jsonl	5031069	
bucket	repo-hygiene/git_tip/artifacts/p2/ei_depth3_f0_a1_s7_ivS/round_5.json	9075	
bucket	repo-hygiene/git_tip/artifacts/p2/ei_depth3_f0_a1_s7_ivS/round_6.json	9026	
bucket	repo-hygiene/git_tip/artifacts/p2/ei_depth3_f0_a1_s7_ivS/round_7.json	9000	
bucket	repo-hygiene/git_tip/artifacts/p2/ei_depth3_f0_a1_s7_ivS/round_8.json	9040	
bucket	repo-hygiene/git_tip/artifacts/p2/ei_depth3_f0_a1_s7_ivS_transfer.json	233	
bucket	repo-hygiene/git_tip/artifacts/p2/ei_depth3_f0_a1_s7_ivT.done	0	
bucket	repo-hygiene/git_tip/artifacts/p2/ei_depth3_f0_a1_s7_ivT/args.json	602	
bucket	repo-hygiene/git_tip/artifacts/p2/ei_depth3_f0_a1_s7_ivT/ei_depth3_f0_a1_s7_ivT/args.json	602	
bucket	repo-hygiene/git_tip/artifacts/p2/ei_depth3_f0_a1_s7_ivT/ei_depth3_f0_a1_s7_ivT/found_5.jsonl	5193137	
bucket	repo-hygiene/git_tip/artifacts/p2/ei_depth3_f0_a1_s7_ivT/ei_depth3_f0_a1_s7_ivT/found_6.jsonl	5699461	
bucket	repo-hygiene/git_tip/artifacts/p2/ei_depth3_f0_a1_s7_ivT/ei_depth3_f0_a1_s7_ivT/found_7.jsonl	6087141	
bucket	repo-hygiene/git_tip/artifacts/p2/ei_depth3_f0_a1_s7_ivT/ei_depth3_f0_a1_s7_ivT/found_8.jsonl	6621023	
bucket	repo-hygiene/git_tip/artifacts/p2/ei_depth3_f0_a1_s7_ivT/ei_depth3_f0_a1_s7_ivT/found_transfer_5.jsonl	2564587	
bucket	repo-hygiene/git_tip/artifacts/p2/ei_depth3_f0_a1_s7_ivT/ei_depth3_f0_a1_s7_ivT/found_transfer_6.jsonl	2813307	
bucket	repo-hygiene/git_tip/artifacts/p2/ei_depth3_f0_a1_s7_ivT/ei_depth3_f0_a1_s7_ivT/found_transfer_7.jsonl	3023006	
bucket	repo-hygiene/git_tip/artifacts/p2/ei_depth3_f0_a1_s7_ivT/ei_depth3_f0_a1_s7_ivT/found_transfer_8.jsonl	3316954	
bucket	repo-hygiene/git_tip/artifacts/p2/ei_depth3_f0_a1_s7_ivT/ei_depth3_f0_a1_s7_ivT/mix_5.jsonl	7455156	
bucket	repo-hygiene/git_tip/artifacts/p2/ei_depth3_f0_a1_s7_ivT/ei_depth3_f0_a1_s7_ivT/mix_6.jsonl	7551069	
bucket	repo-hygiene/git_tip/artifacts/p2/ei_depth3_f0_a1_s7_ivT/ei_depth3_f0_a1_s7_ivT/mix_7.jsonl	7721011	
bucket	repo-hygiene/git_tip/artifacts/p2/ei_depth3_f0_a1_s7_ivT/ei_depth3_f0_a1_s7_ivT/mix_8.jsonl	7949244	
bucket	repo-hygiene/git_tip/artifacts/p2/ei_depth3_f0_a1_s7_ivT/ei_depth3_f0_a1_s7_ivT/round_5.json	8819	
bucket	repo-hygiene/git_tip/artifacts/p2/ei_depth3_f0_a1_s7_ivT/ei_depth3_f0_a1_s7_ivT/round_6.json	8813	
bucket	repo-hygiene/git_tip/artifacts/p2/ei_depth3_f0_a1_s7_ivT/ei_depth3_f0_a1_s7_ivT/round_7.json	8824	
bucket	repo-hygiene/git_tip/artifacts/p2/ei_depth3_f0_a1_s7_ivT/ei_depth3_f0_a1_s7_ivT/round_8.json	8845	
bucket	repo-hygiene/git_tip/artifacts/p2/ei_depth3_f0_a1_s7_ivT/found_8.jsonl	6621023	
bucket	repo-hygiene/git_tip/artifacts/p2/ei_depth3_f0_a1_s7_ivT/found_transfer_8.jsonl	3316954	
bucket	repo-hygiene/git_tip/artifacts/p2/ei_depth3_f0_a1_s7_ivT/round_5.json	8819	
bucket	repo-hygiene/git_tip/artifacts/p2/ei_depth3_f0_a1_s7_ivT/round_6.json	8813	
bucket	repo-hygiene/git_tip/artifacts/p2/ei_depth3_f0_a1_s7_ivT/round_7.json	8824	
bucket	repo-hygiene/git_tip/artifacts/p2/ei_depth3_f0_a1_s7_ivT/round_8.json	8845	
bucket	repo-hygiene/git_tip/artifacts/p2/ei_depth3_f0_a1_s7_ivT_c.done	0	
bucket	repo-hygiene/git_tip/artifacts/p2/ei_depth3_f0_a1_s8.done	0	
bucket	repo-hygiene/git_tip/artifacts/p2/ei_depth3_f0_a1_s8/args.json	562	
bucket	repo-hygiene/git_tip/artifacts/p2/ei_depth3_f0_a1_s8/ei_depth3_f0_a1_s8/args.json	562	
bucket	repo-hygiene/git_tip/artifacts/p2/ei_depth3_f0_a1_s8/ei_depth3_f0_a1_s8/found_1.jsonl	984890	
bucket	repo-hygiene/git_tip/artifacts/p2/ei_depth3_f0_a1_s8/ei_depth3_f0_a1_s8/found_2.jsonl	2688306	
bucket	repo-hygiene/git_tip/artifacts/p2/ei_depth3_f0_a1_s8/ei_depth3_f0_a1_s8/found_3.jsonl	3654907	
bucket	repo-hygiene/git_tip/artifacts/p2/ei_depth3_f0_a1_s8/ei_depth3_f0_a1_s8/found_4.jsonl	4500551	
bucket	repo-hygiene/git_tip/artifacts/p2/ei_depth3_f0_a1_s8/ei_depth3_f0_a1_s8/found_5.jsonl	5812345	
bucket	repo-hygiene/git_tip/artifacts/p2/ei_depth3_f0_a1_s8/ei_depth3_f0_a1_s8/found_6.jsonl	7893304	
bucket	repo-hygiene/git_tip/artifacts/p2/ei_depth3_f0_a1_s8/ei_depth3_f0_a1_s8/found_7.jsonl	9437290	
bucket	repo-hygiene/git_tip/artifacts/p2/ei_depth3_f0_a1_s8/ei_depth3_f0_a1_s8/found_8.jsonl	10448900	
bucket	repo-hygiene/git_tip/artifacts/p2/ei_depth3_f0_a1_s8/ei_depth3_f0_a1_s8/found_transfer_1.jsonl	505807	
bucket	repo-hygiene/git_tip/artifacts/p2/ei_depth3_f0_a1_s8/ei_depth3_f0_a1_s8/found_transfer_2.jsonl	1287837	
bucket	repo-hygiene/git_tip/artifacts/p2/ei_depth3_f0_a1_s8/ei_depth3_f0_a1_s8/found_transfer_3.jsonl	1724863	
bucket	repo-hygiene/git_tip/artifacts/p2/ei_depth3_f0_a1_s8/ei_depth3_f0_a1_s8/found_transfer_4.jsonl	2068265	
bucket	repo-hygiene/git_tip/artifacts/p2/ei_depth3_f0_a1_s8/ei_depth3_f0_a1_s8/found_transfer_5.jsonl	2647384	
bucket	repo-hygiene/git_tip/artifacts/p2/ei_depth3_f0_a1_s8/ei_depth3_f0_a1_s8/found_transfer_6.jsonl	3687834	
bucket	repo-hygiene/git_tip/artifacts/p2/ei_depth3_f0_a1_s8/ei_depth3_f0_a1_s8/found_transfer_7.jsonl	4381343	
bucket	repo-hygiene/git_tip/artifacts/p2/ei_depth3_f0_a1_s8/ei_depth3_f0_a1_s8/found_transfer_8.jsonl	4879435	
bucket	repo-hygiene/git_tip/artifacts/p2/ei_depth3_f0_a1_s8/ei_depth3_f0_a1_s8/mix_1.jsonl	6459262	
bucket	repo-hygiene/git_tip/artifacts/p2/ei_depth3_f0_a1_s8/ei_depth3_f0_a1_s8/mix_2.jsonl	6978060	
bucket	repo-hygiene/git_tip/artifacts/p2/ei_depth3_f0_a1_s8/ei_depth3_f0_a1_s8/mix_3.jsonl	7158019	
bucket	repo-hygiene/git_tip/artifacts/p2/ei_depth3_f0_a1_s8/ei_depth3_f0_a1_s8/mix_4.jsonl	7386826	
bucket	repo-hygiene/git_tip/artifacts/p2/ei_depth3_f0_a1_s8/ei_depth3_f0_a1_s8/mix_5.jsonl	8133841	
bucket	repo-hygiene/git_tip/artifacts/p2/ei_depth3_f0_a1_s8/ei_depth3_f0_a1_s8/mix_6.jsonl	9405195	
bucket	repo-hygiene/git_tip/artifacts/p2/ei_depth3_f0_a1_s8/ei_depth3_f0_a1_s8/mix_7.jsonl	9871122	
bucket	repo-hygiene/git_tip/artifacts/p2/ei_depth3_f0_a1_s8/ei_depth3_f0_a1_s8/mix_8.jsonl	10070883	
bucket	repo-hygiene/git_tip/artifacts/p2/ei_depth3_f0_a1_s8/ei_depth3_f0_a1_s8/round_1.json	8613	
bucket	repo-hygiene/git_tip/artifacts/p2/ei_depth3_f0_a1_s8/ei_depth3_f0_a1_s8/round_2.json	8692	
bucket	repo-hygiene/git_tip/artifacts/p2/ei_depth3_f0_a1_s8/ei_depth3_f0_a1_s8/round_3.json	8781	
bucket	repo-hygiene/git_tip/artifacts/p2/ei_depth3_f0_a1_s8/ei_depth3_f0_a1_s8/round_4.json	8867	
bucket	repo-hygiene/git_tip/artifacts/p2/ei_depth3_f0_a1_s8/ei_depth3_f0_a1_s8/round_5.json	8961	
bucket	repo-hygiene/git_tip/artifacts/p2/ei_depth3_f0_a1_s8/ei_depth3_f0_a1_s8/round_6.json	9011	
bucket	repo-hygiene/git_tip/artifacts/p2/ei_depth3_f0_a1_s8/ei_depth3_f0_a1_s8/round_7.json	9001	
bucket	repo-hygiene/git_tip/artifacts/p2/ei_depth3_f0_a1_s8/ei_depth3_f0_a1_s8/round_8.json	8972	
bucket	repo-hygiene/git_tip/artifacts/p2/ei_depth3_f0_a1_s8/found_8.jsonl	10448900	
bucket	repo-hygiene/git_tip/artifacts/p2/ei_depth3_f0_a1_s8/found_transfer_8.jsonl	4879435	
bucket	repo-hygiene/git_tip/artifacts/p2/ei_depth3_f0_a1_s8/round_1.json	8613	
bucket	repo-hygiene/git_tip/artifacts/p2/ei_depth3_f0_a1_s8/round_2.json	8692	
bucket	repo-hygiene/git_tip/artifacts/p2/ei_depth3_f0_a1_s8/round_3.json	8781	
bucket	repo-hygiene/git_tip/artifacts/p2/ei_depth3_f0_a1_s8/round_4.json	8867	
bucket	repo-hygiene/git_tip/artifacts/p2/ei_depth3_f0_a1_s8/round_5.json	8961	
bucket	repo-hygiene/git_tip/artifacts/p2/ei_depth3_f0_a1_s8/round_6.json	9011	
bucket	repo-hygiene/git_tip/artifacts/p2/ei_depth3_f0_a1_s8/round_7.json	9001	
bucket	repo-hygiene/git_tip/artifacts/p2/ei_depth3_f0_a1_s8/round_8.json	8972	
bucket	repo-hygiene/git_tip/artifacts/p2/ei_depth3_f0_a1_s9.done	0	
bucket	repo-hygiene/git_tip/artifacts/p2/ei_depth3_f0_a1_s9/args.json	562	
bucket	repo-hygiene/git_tip/artifacts/p2/ei_depth3_f0_a1_s9/ei_depth3_f0_a1_s9/args.json	562	
bucket	repo-hygiene/git_tip/artifacts/p2/ei_depth3_f0_a1_s9/ei_depth3_f0_a1_s9/found_1.jsonl	1079551	
bucket	repo-hygiene/git_tip/artifacts/p2/ei_depth3_f0_a1_s9/ei_depth3_f0_a1_s9/found_2.jsonl	4074207	
bucket	repo-hygiene/git_tip/artifacts/p2/ei_depth3_f0_a1_s9/ei_depth3_f0_a1_s9/found_3.jsonl	7247518	
bucket	repo-hygiene/git_tip/artifacts/p2/ei_depth3_f0_a1_s9/ei_depth3_f0_a1_s9/found_4.jsonl	9218721	
bucket	repo-hygiene/git_tip/artifacts/p2/ei_depth3_f0_a1_s9/ei_depth3_f0_a1_s9/found_5.jsonl	10533995	
bucket	repo-hygiene/git_tip/artifacts/p2/ei_depth3_f0_a1_s9/ei_depth3_f0_a1_s9/found_6.jsonl	11443643	
bucket	repo-hygiene/git_tip/artifacts/p2/ei_depth3_f0_a1_s9/ei_depth3_f0_a1_s9/found_7.jsonl	12223416	
bucket	repo-hygiene/git_tip/artifacts/p2/ei_depth3_f0_a1_s9/ei_depth3_f0_a1_s9/found_8.jsonl	12889482	
bucket	repo-hygiene/git_tip/artifacts/p2/ei_depth3_f0_a1_s9/ei_depth3_f0_a1_s9/found_transfer_1.jsonl	577489	
bucket	repo-hygiene/git_tip/artifacts/p2/ei_depth3_f0_a1_s9/ei_depth3_f0_a1_s9/found_transfer_2.jsonl	1920829	
bucket	repo-hygiene/git_tip/artifacts/p2/ei_depth3_f0_a1_s9/ei_depth3_f0_a1_s9/found_transfer_3.jsonl	3511343	
bucket	repo-hygiene/git_tip/artifacts/p2/ei_depth3_f0_a1_s9/ei_depth3_f0_a1_s9/found_transfer_4.jsonl	4502923	
bucket	repo-hygiene/git_tip/artifacts/p2/ei_depth3_f0_a1_s9/ei_depth3_f0_a1_s9/found_transfer_5.jsonl	5176916	
bucket	repo-hygiene/git_tip/artifacts/p2/ei_depth3_f0_a1_s9/ei_depth3_f0_a1_s9/found_transfer_6.jsonl	5649359	
bucket	repo-hygiene/git_tip/artifacts/p2/ei_depth3_f0_a1_s9/ei_depth3_f0_a1_s9/found_transfer_7.jsonl	6049166	
bucket	repo-hygiene/git_tip/artifacts/p2/ei_depth3_f0_a1_s9/ei_depth3_f0_a1_s9/found_transfer_8.jsonl	6389500	
bucket	repo-hygiene/git_tip/artifacts/p2/ei_depth3_f0_a1_s9/ei_depth3_f0_a1_s9/mix_1.jsonl	6600166	
bucket	repo-hygiene/git_tip/artifacts/p2/ei_depth3_f0_a1_s9/ei_depth3_f0_a1_s9/mix_2.jsonl	8026581	
bucket	repo-hygiene/git_tip/artifacts/p2/ei_depth3_f0_a1_s9/ei_depth3_f0_a1_s9/mix_3.jsonl	9453669	
bucket	repo-hygiene/git_tip/artifacts/p2/ei_depth3_f0_a1_s9/ei_depth3_f0_a1_s9/mix_4.jsonl	9967966	
bucket	repo-hygiene/git_tip/artifacts/p2/ei_depth3_f0_a1_s9/ei_depth3_f0_a1_s9/mix_5.jsonl	10134953	
bucket	repo-hygiene/git_tip/artifacts/p2/ei_depth3_f0_a1_s9/ei_depth3_f0_a1_s9/mix_6.jsonl	10195830	
bucket	repo-hygiene/git_tip/artifacts/p2/ei_depth3_f0_a1_s9/ei_depth3_f0_a1_s9/mix_7.jsonl	10285818	
bucket	repo-hygiene/git_tip/artifacts/p2/ei_depth3_f0_a1_s9/ei_depth3_f0_a1_s9/mix_8.jsonl	10338003	
bucket	repo-hygiene/git_tip/artifacts/p2/ei_depth3_f0_a1_s9/ei_depth3_f0_a1_s9/round_1.json	8751	
bucket	repo-hygiene/git_tip/artifacts/p2/ei_depth3_f0_a1_s9/ei_depth3_f0_a1_s9/round_2.json	8786	
bucket	repo-hygiene/git_tip/artifacts/p2/ei_depth3_f0_a1_s9/ei_depth3_f0_a1_s9/round_3.json	9004	
bucket	repo-hygiene/git_tip/artifacts/p2/ei_depth3_f0_a1_s9/ei_depth3_f0_a1_s9/round_4.json	8963	
bucket	repo-hygiene/git_tip/artifacts/p2/ei_depth3_f0_a1_s9/ei_depth3_f0_a1_s9/round_5.json	8983	
bucket	repo-hygiene/git_tip/artifacts/p2/ei_depth3_f0_a1_s9/ei_depth3_f0_a1_s9/round_6.json	8996	
bucket	repo-hygiene/git_tip/artifacts/p2/ei_depth3_f0_a1_s9/ei_depth3_f0_a1_s9/round_7.json	8996	
bucket	repo-hygiene/git_tip/artifacts/p2/ei_depth3_f0_a1_s9/ei_depth3_f0_a1_s9/round_8.json	9029	
bucket	repo-hygiene/git_tip/artifacts/p2/ei_depth3_f0_a1_s9/found_8.jsonl	12889482	
bucket	repo-hygiene/git_tip/artifacts/p2/ei_depth3_f0_a1_s9/found_transfer_8.jsonl	6389500	
bucket	repo-hygiene/git_tip/artifacts/p2/ei_depth3_f0_a1_s9/round_1.json	8751	
bucket	repo-hygiene/git_tip/artifacts/p2/ei_depth3_f0_a1_s9/round_2.json	8786	
bucket	repo-hygiene/git_tip/artifacts/p2/ei_depth3_f0_a1_s9/round_3.json	9004	
bucket	repo-hygiene/git_tip/artifacts/p2/ei_depth3_f0_a1_s9/round_4.json	8963	
bucket	repo-hygiene/git_tip/artifacts/p2/ei_depth3_f0_a1_s9/round_5.json	8983	
bucket	repo-hygiene/git_tip/artifacts/p2/ei_depth3_f0_a1_s9/round_6.json	8996	
bucket	repo-hygiene/git_tip/artifacts/p2/ei_depth3_f0_a1_s9/round_7.json	8996	
bucket	repo-hygiene/git_tip/artifacts/p2/ei_depth3_f0_a1_s9/round_8.json	9029	
bucket	repo-hygiene/git_tip/artifacts/p2/ei_depth3_f0_a2_s0/args.json	562	
bucket	repo-hygiene/git_tip/artifacts/p2/ei_depth3_f0_a2_s0/found_8.jsonl	12920898	
bucket	repo-hygiene/git_tip/artifacts/p2/ei_depth3_f0_a2_s0/found_transfer_8.jsonl	5943947	
bucket	repo-hygiene/git_tip/artifacts/p2/ei_depth3_f0_a2_s0/round_1.json	8693	
bucket	repo-hygiene/git_tip/artifacts/p2/ei_depth3_f0_a2_s0/round_2.json	8786	
bucket	repo-hygiene/git_tip/artifacts/p2/ei_depth3_f0_a2_s0/round_3.json	8870	
bucket	repo-hygiene/git_tip/artifacts/p2/ei_depth3_f0_a2_s0/round_4.json	8949	
bucket	repo-hygiene/git_tip/artifacts/p2/ei_depth3_f0_a2_s0/round_5.json	8947	
bucket	repo-hygiene/git_tip/artifacts/p2/ei_depth3_f0_a2_s0/round_6.json	8951	
bucket	repo-hygiene/git_tip/artifacts/p2/ei_depth3_f0_a2_s0/round_7.json	8985	
bucket	repo-hygiene/git_tip/artifacts/p2/ei_depth3_f0_a2_s0/round_8.json	8983	
bucket	repo-hygiene/git_tip/artifacts/p2/ei_depth3_f0_a2_s1/args.json	562	
bucket	repo-hygiene/git_tip/artifacts/p2/ei_depth3_f0_a2_s1/found_8.jsonl	12747585	
bucket	repo-hygiene/git_tip/artifacts/p2/ei_depth3_f0_a2_s1/found_transfer_8.jsonl	6029467	
bucket	repo-hygiene/git_tip/artifacts/p2/ei_depth3_f0_a2_s1/round_1.json	8669	
bucket	repo-hygiene/git_tip/artifacts/p2/ei_depth3_f0_a2_s1/round_2.json	8736	
bucket	repo-hygiene/git_tip/artifacts/p2/ei_depth3_f0_a2_s1/round_3.json	8811	
bucket	repo-hygiene/git_tip/artifacts/p2/ei_depth3_f0_a2_s1/round_4.json	8884	
bucket	repo-hygiene/git_tip/artifacts/p2/ei_depth3_f0_a2_s1/round_5.json	8870	
bucket	repo-hygiene/git_tip/artifacts/p2/ei_depth3_f0_a2_s1/round_6.json	8931	
bucket	repo-hygiene/git_tip/artifacts/p2/ei_depth3_f0_a2_s1/round_7.json	8998	
bucket	repo-hygiene/git_tip/artifacts/p2/ei_depth3_f0_a2_s1/round_8.json	9000	
bucket	repo-hygiene/git_tip/artifacts/p2/ei_depth3_f0_a3_s0/args.json	562	
bucket	repo-hygiene/git_tip/artifacts/p2/ei_depth3_f0_a3_s0/found_8.jsonl	11464691	
bucket	repo-hygiene/git_tip/artifacts/p2/ei_depth3_f0_a3_s0/found_transfer_8.jsonl	5533109	
bucket	repo-hygiene/git_tip/artifacts/p2/ei_depth3_f0_a3_s0/round_1.json	8531	
bucket	repo-hygiene/git_tip/artifacts/p2/ei_depth3_f0_a3_s0/round_2.json	8818	
bucket	repo-hygiene/git_tip/artifacts/p2/ei_depth3_f0_a3_s0/round_3.json	8949	
bucket	repo-hygiene/git_tip/artifacts/p2/ei_depth3_f0_a3_s0/round_4.json	8957	
bucket	repo-hygiene/git_tip/artifacts/p2/ei_depth3_f0_a3_s0/round_5.json	9004	
bucket	repo-hygiene/git_tip/artifacts/p2/ei_depth3_f0_a3_s0/round_6.json	8946	
bucket	repo-hygiene/git_tip/artifacts/p2/ei_depth3_f0_a3_s0/round_7.json	8976	
bucket	repo-hygiene/git_tip/artifacts/p2/ei_depth3_f0_a3_s0/round_8.json	9020	
bucket	repo-hygiene/git_tip/artifacts/p2/ei_depth3_f0_a3_s1/args.json	562	
bucket	repo-hygiene/git_tip/artifacts/p2/ei_depth3_f0_a3_s1/found_8.jsonl	12108329	
bucket	repo-hygiene/git_tip/artifacts/p2/ei_depth3_f0_a3_s1/found_transfer_8.jsonl	5880994	
bucket	repo-hygiene/git_tip/artifacts/p2/ei_depth3_f0_a3_s1/round_1.json	8596	
bucket	repo-hygiene/git_tip/artifacts/p2/ei_depth3_f0_a3_s1/round_2.json	8867	
bucket	repo-hygiene/git_tip/artifacts/p2/ei_depth3_f0_a3_s1/round_3.json	8895	
bucket	repo-hygiene/git_tip/artifacts/p2/ei_depth3_f0_a3_s1/round_4.json	8994	
bucket	repo-hygiene/git_tip/artifacts/p2/ei_depth3_f0_a3_s1/round_5.json	8993	
bucket	repo-hygiene/git_tip/artifacts/p2/ei_depth3_f0_a3_s1/round_6.json	8952	
bucket	repo-hygiene/git_tip/artifacts/p2/ei_depth3_f0_a3_s1/round_7.json	9028	
bucket	repo-hygiene/git_tip/artifacts/p2/ei_depth3_f0_a3_s1/round_8.json	9007	
bucket	repo-hygiene/git_tip/artifacts/p2/ei_depth3_f0_s0/args.json	553	
bucket	repo-hygiene/git_tip/artifacts/p2/ei_depth3_f0_s0/found_8.jsonl	13341929	
bucket	repo-hygiene/git_tip/artifacts/p2/ei_depth3_f0_s0/found_transfer_8.jsonl	6762467	
bucket	repo-hygiene/git_tip/artifacts/p2/ei_depth3_f0_s0/round_1.json	8585	
bucket	repo-hygiene/git_tip/artifacts/p2/ei_depth3_f0_s0/round_2.json	8828	
bucket	repo-hygiene/git_tip/artifacts/p2/ei_depth3_f0_s0/round_3.json	8890	
bucket	repo-hygiene/git_tip/artifacts/p2/ei_depth3_f0_s0/round_4.json	8974	
bucket	repo-hygiene/git_tip/artifacts/p2/ei_depth3_f0_s0/round_5.json	8966	
bucket	repo-hygiene/git_tip/artifacts/p2/ei_depth3_f0_s0/round_6.json	9028	
bucket	repo-hygiene/git_tip/artifacts/p2/ei_depth3_f0_s0/round_7.json	8973	
bucket	repo-hygiene/git_tip/artifacts/p2/ei_depth3_f0_s0/round_8.json	8971	
bucket	repo-hygiene/git_tip/artifacts/p2/ei_depth3_f0_s1/args.json	553	
bucket	repo-hygiene/git_tip/artifacts/p2/ei_depth3_f0_s1/found_8.jsonl	9817625	
bucket	repo-hygiene/git_tip/artifacts/p2/ei_depth3_f0_s1/found_transfer_8.jsonl	4682418	
bucket	repo-hygiene/git_tip/artifacts/p2/ei_depth3_f0_s1/round_1.json	8675	
bucket	repo-hygiene/git_tip/artifacts/p2/ei_depth3_f0_s1/round_2.json	8767	
bucket	repo-hygiene/git_tip/artifacts/p2/ei_depth3_f0_s1/round_3.json	8767	
bucket	repo-hygiene/git_tip/artifacts/p2/ei_depth3_f0_s1/round_4.json	8850	
bucket	repo-hygiene/git_tip/artifacts/p2/ei_depth3_f0_s1/round_5.json	8924	
bucket	repo-hygiene/git_tip/artifacts/p2/ei_depth3_f0_s1/round_6.json	8845	
bucket	repo-hygiene/git_tip/artifacts/p2/ei_depth3_f0_s1/round_7.json	8931	
bucket	repo-hygiene/git_tip/artifacts/p2/ei_depth3_f0_s1/round_8.json	8987	
bucket	repo-hygiene/git_tip/artifacts/p2/ei_derived_ore_f0.0001_s0/args.json	593	
bucket	repo-hygiene/git_tip/artifacts/p2/ei_derived_ore_f0.0001_s0/found_8.jsonl	10899258	
bucket	repo-hygiene/git_tip/artifacts/p2/ei_derived_ore_f0.0001_s0/found_transfer_8.jsonl	6961159	
bucket	repo-hygiene/git_tip/artifacts/p2/ei_derived_ore_f0.0001_s0/round_1.json	6952	
bucket	repo-hygiene/git_tip/artifacts/p2/ei_derived_ore_f0.0001_s0/round_2.json	6920	
bucket	repo-hygiene/git_tip/artifacts/p2/ei_derived_ore_f0.0001_s0/round_3.json	7042	
bucket	repo-hygiene/git_tip/artifacts/p2/ei_derived_ore_f0.0001_s0/round_4.json	7084	
bucket	repo-hygiene/git_tip/artifacts/p2/ei_derived_ore_f0.0001_s0/round_5.json	7074	
bucket	repo-hygiene/git_tip/artifacts/p2/ei_derived_ore_f0.0001_s0/round_6.json	7156	
bucket	repo-hygiene/git_tip/artifacts/p2/ei_derived_ore_f0.0001_s0/round_7.json	7160	
bucket	repo-hygiene/git_tip/artifacts/p2/ei_derived_ore_f0.0001_s0/round_8.json	7196	
bucket	repo-hygiene/git_tip/artifacts/p2/ei_derived_ore_f0.001_s0/args.json	590	
bucket	repo-hygiene/git_tip/artifacts/p2/ei_derived_ore_f0.001_s0/found_8.jsonl	10739723	
bucket	repo-hygiene/git_tip/artifacts/p2/ei_derived_ore_f0.001_s0/found_transfer_8.jsonl	6767773	
bucket	repo-hygiene/git_tip/artifacts/p2/ei_derived_ore_f0.001_s0/round_1.json	6997	
bucket	repo-hygiene/git_tip/artifacts/p2/ei_derived_ore_f0.001_s0/round_2.json	7029	
bucket	repo-hygiene/git_tip/artifacts/p2/ei_derived_ore_f0.001_s0/round_3.json	7036	
bucket	repo-hygiene/git_tip/artifacts/p2/ei_derived_ore_f0.001_s0/round_4.json	7049	
bucket	repo-hygiene/git_tip/artifacts/p2/ei_derived_ore_f0.001_s0/round_5.json	7199	
bucket	repo-hygiene/git_tip/artifacts/p2/ei_derived_ore_f0.001_s0/round_6.json	7183	
bucket	repo-hygiene/git_tip/artifacts/p2/ei_derived_ore_f0.001_s0/round_7.json	7179	
bucket	repo-hygiene/git_tip/artifacts/p2/ei_derived_ore_f0.001_s0/round_8.json	7208	
bucket	repo-hygiene/git_tip/artifacts/p2/ei_derived_ore_f0.001_s1/args.json	590	
bucket	repo-hygiene/git_tip/artifacts/p2/ei_derived_ore_f0.001_s1/found_8.jsonl	10451321	
bucket	repo-hygiene/git_tip/artifacts/p2/ei_derived_ore_f0.001_s1/found_transfer_8.jsonl	7257194	
bucket	repo-hygiene/git_tip/artifacts/p2/ei_derived_ore_f0.001_s1/round_1.json	6936	
bucket	repo-hygiene/git_tip/artifacts/p2/ei_derived_ore_f0.001_s1/round_2.json	7044	
bucket	repo-hygiene/git_tip/artifacts/p2/ei_derived_ore_f0.001_s1/round_3.json	7029	
bucket	repo-hygiene/git_tip/artifacts/p2/ei_derived_ore_f0.001_s1/round_4.json	7046	
bucket	repo-hygiene/git_tip/artifacts/p2/ei_derived_ore_f0.001_s1/round_5.json	7059	
bucket	repo-hygiene/git_tip/artifacts/p2/ei_derived_ore_f0.001_s1/round_6.json	7154	
bucket	repo-hygiene/git_tip/artifacts/p2/ei_derived_ore_f0.001_s1/round_7.json	7185	
bucket	repo-hygiene/git_tip/artifacts/p2/ei_derived_ore_f0.001_s1/round_8.json	7163	
bucket	repo-hygiene/git_tip/artifacts/p2/ei_derived_ore_f0.01_s0/args.json	587	
bucket	repo-hygiene/git_tip/artifacts/p2/ei_derived_ore_f0.01_s0/found_8.jsonl	12687127	
bucket	repo-hygiene/git_tip/artifacts/p2/ei_derived_ore_f0.01_s0/found_transfer_8.jsonl	7322767	
bucket	repo-hygiene/git_tip/artifacts/p2/ei_derived_ore_f0.01_s0/round_1.json	7108	
bucket	repo-hygiene/git_tip/artifacts/p2/ei_derived_ore_f0.01_s0/round_2.json	7106	
bucket	repo-hygiene/git_tip/artifacts/p2/ei_derived_ore_f0.01_s0/round_3.json	7118	
bucket	repo-hygiene/git_tip/artifacts/p2/ei_derived_ore_f0.01_s0/round_4.json	7082	
bucket	repo-hygiene/git_tip/artifacts/p2/ei_derived_ore_f0.01_s0/round_5.json	7128	
bucket	repo-hygiene/git_tip/artifacts/p2/ei_derived_ore_f0.01_s0/round_6.json	7212	
bucket	repo-hygiene/git_tip/artifacts/p2/ei_derived_ore_f0.01_s0/round_7.json	7216	
bucket	repo-hygiene/git_tip/artifacts/p2/ei_derived_ore_f0.01_s0/round_8.json	7253	
bucket	repo-hygiene/git_tip/artifacts/p2/ei_derived_ore_f0.02_s0/args.json	587	
bucket	repo-hygiene/git_tip/artifacts/p2/ei_derived_ore_f0.02_s0/found_8.jsonl	10853796	
bucket	repo-hygiene/git_tip/artifacts/p2/ei_derived_ore_f0.02_s0/found_transfer_8.jsonl	7256706	
bucket	repo-hygiene/git_tip/artifacts/p2/ei_derived_ore_f0.02_s0/round_1.json	6937	
bucket	repo-hygiene/git_tip/artifacts/p2/ei_derived_ore_f0.02_s0/round_2.json	7074	
bucket	repo-hygiene/git_tip/artifacts/p2/ei_derived_ore_f0.02_s0/round_3.json	7115	
bucket	repo-hygiene/git_tip/artifacts/p2/ei_derived_ore_f0.02_s0/round_4.json	7112	
bucket	repo-hygiene/git_tip/artifacts/p2/ei_derived_ore_f0.02_s0/round_5.json	7105	
bucket	repo-hygiene/git_tip/artifacts/p2/ei_derived_ore_f0.02_s0/round_6.json	7087	
bucket	repo-hygiene/git_tip/artifacts/p2/ei_derived_ore_f0.02_s0/round_7.json	7111	
bucket	repo-hygiene/git_tip/artifacts/p2/ei_derived_ore_f0.02_s0/round_8.json	7217	
bucket	repo-hygiene/git_tip/artifacts/p2/ei_derived_ore_f0.02_s1/args.json	587	
bucket	repo-hygiene/git_tip/artifacts/p2/ei_derived_ore_f0.02_s1/found_8.jsonl	13608970	
bucket	repo-hygiene/git_tip/artifacts/p2/ei_derived_ore_f0.02_s1/found_transfer_8.jsonl	7660642	
bucket	repo-hygiene/git_tip/artifacts/p2/ei_derived_ore_f0.02_s1/round_1.json	7072	
bucket	repo-hygiene/git_tip/artifacts/p2/ei_derived_ore_f0.02_s1/round_2.json	7089	
bucket	repo-hygiene/git_tip/artifacts/p2/ei_derived_ore_f0.02_s1/round_3.json	7129	
bucket	repo-hygiene/git_tip/artifacts/p2/ei_derived_ore_f0.02_s1/round_4.json	7136	
bucket	repo-hygiene/git_tip/artifacts/p2/ei_derived_ore_f0.02_s1/round_5.json	7187	
bucket	repo-hygiene/git_tip/artifacts/p2/ei_derived_ore_f0.02_s1/round_6.json	7200	
bucket	repo-hygiene/git_tip/artifacts/p2/ei_derived_ore_f0.02_s1/round_7.json	7225	
bucket	repo-hygiene/git_tip/artifacts/p2/ei_derived_ore_f0.02_s1/round_8.json	7245	
bucket	repo-hygiene/git_tip/artifacts/p2/ei_derived_ore_f0_s0/args.json	578	
bucket	repo-hygiene/git_tip/artifacts/p2/ei_derived_ore_f0_s0/found_8.jsonl	8257989	
bucket	repo-hygiene/git_tip/artifacts/p2/ei_derived_ore_f0_s0/found_transfer_8.jsonl	7247552	
bucket	repo-hygiene/git_tip/artifacts/p2/ei_derived_ore_f0_s0/round_1.json	6892	
bucket	repo-hygiene/git_tip/artifacts/p2/ei_derived_ore_f0_s0/round_2.json	6902	
bucket	repo-hygiene/git_tip/artifacts/p2/ei_derived_ore_f0_s0/round_3.json	6988	
bucket	repo-hygiene/git_tip/artifacts/p2/ei_derived_ore_f0_s0/round_4.json	6973	
bucket	repo-hygiene/git_tip/artifacts/p2/ei_derived_ore_f0_s0/round_5.json	7024	
bucket	repo-hygiene/git_tip/artifacts/p2/ei_derived_ore_f0_s0/round_6.json	7073	
bucket	repo-hygiene/git_tip/artifacts/p2/ei_derived_ore_f0_s0/round_7.json	7075	
bucket	repo-hygiene/git_tip/artifacts/p2/ei_derived_ore_f0_s0/round_8.json	7039	
bucket	repo-hygiene/git_tip/artifacts/p2/ei_derived_ore_f0_s1/args.json	578	
bucket	repo-hygiene/git_tip/artifacts/p2/ei_derived_ore_f0_s1/found_8.jsonl	7722466	
bucket	repo-hygiene/git_tip/artifacts/p2/ei_derived_ore_f0_s1/found_transfer_8.jsonl	6810835	
bucket	repo-hygiene/git_tip/artifacts/p2/ei_derived_ore_f0_s1/round_1.json	6796	
bucket	repo-hygiene/git_tip/artifacts/p2/ei_derived_ore_f0_s1/round_2.json	6905	
bucket	repo-hygiene/git_tip/artifacts/p2/ei_derived_ore_f0_s1/round_3.json	6928	
bucket	repo-hygiene/git_tip/artifacts/p2/ei_derived_ore_f0_s1/round_4.json	6922	
bucket	repo-hygiene/git_tip/artifacts/p2/ei_derived_ore_f0_s1/round_5.json	6967	
bucket	repo-hygiene/git_tip/artifacts/p2/ei_derived_ore_f0_s1/round_6.json	7101	
bucket	repo-hygiene/git_tip/artifacts/p2/ei_derived_ore_f0_s1/round_7.json	7063	
bucket	repo-hygiene/git_tip/artifacts/p2/ei_derived_ore_f0_s1/round_8.json	7068	
bucket	repo-hygiene/git_tip/artifacts/p2/ei_derived_ore_strict_f0.001_c8_s0/args.json	605	
bucket	repo-hygiene/git_tip/artifacts/p2/ei_derived_ore_strict_f0.001_c8_s0/found_8.jsonl	8099565	
bucket	repo-hygiene/git_tip/artifacts/p2/ei_derived_ore_strict_f0.001_c8_s0/found_transfer_8.jsonl	3619873	
bucket	repo-hygiene/git_tip/artifacts/p2/ei_derived_ore_strict_f0.001_c8_s0/round_1.json	8870	
bucket	repo-hygiene/git_tip/artifacts/p2/ei_derived_ore_strict_f0.001_c8_s0/round_2.json	8916	
bucket	repo-hygiene/git_tip/artifacts/p2/ei_derived_ore_strict_f0.001_c8_s0/round_3.json	8957	
bucket	repo-hygiene/git_tip/artifacts/p2/ei_derived_ore_strict_f0.001_c8_s0/round_4.json	9006	
bucket	repo-hygiene/git_tip/artifacts/p2/ei_derived_ore_strict_f0.001_c8_s0/round_5.json	8983	
bucket	repo-hygiene/git_tip/artifacts/p2/ei_derived_ore_strict_f0.001_c8_s0/round_6.json	8962	
bucket	repo-hygiene/git_tip/artifacts/p2/ei_derived_ore_strict_f0.001_c8_s0/round_7.json	8989	
bucket	repo-hygiene/git_tip/artifacts/p2/ei_derived_ore_strict_f0.001_c8_s0/round_8.json	9021	
bucket	repo-hygiene/git_tip/artifacts/p2/ei_derived_ore_strict_f0.01_c8_s0/args.json	602	
bucket	repo-hygiene/git_tip/artifacts/p2/ei_derived_ore_strict_f0.01_c8_s0/found_8.jsonl	7914719	
bucket	repo-hygiene/git_tip/artifacts/p2/ei_derived_ore_strict_f0.01_c8_s0/found_transfer_8.jsonl	3670392	
bucket	repo-hygiene/git_tip/artifacts/p2/ei_derived_ore_strict_f0.01_c8_s0/round_1.json	8821	
bucket	repo-hygiene/git_tip/artifacts/p2/ei_derived_ore_strict_f0.01_c8_s0/round_2.json	8809	
bucket	repo-hygiene/git_tip/artifacts/p2/ei_derived_ore_strict_f0.01_c8_s0/round_3.json	8957	
bucket	repo-hygiene/git_tip/artifacts/p2/ei_derived_ore_strict_f0.01_c8_s0/round_4.json	8943	
bucket	repo-hygiene/git_tip/artifacts/p2/ei_derived_ore_strict_f0.01_c8_s0/round_5.json	8932	
bucket	repo-hygiene/git_tip/artifacts/p2/ei_derived_ore_strict_f0.01_c8_s0/round_6.json	9029	
bucket	repo-hygiene/git_tip/artifacts/p2/ei_derived_ore_strict_f0.01_c8_s0/round_7.json	8962	
bucket	repo-hygiene/git_tip/artifacts/p2/ei_derived_ore_strict_f0.01_c8_s0/round_8.json	8988	
bucket	repo-hygiene/git_tip/artifacts/p2/ei_derived_ore_strict_f0_c8_s0/args.json	593	
bucket	repo-hygiene/git_tip/artifacts/p2/ei_derived_ore_strict_f0_c8_s0/found_8.jsonl	7559397	
bucket	repo-hygiene/git_tip/artifacts/p2/ei_derived_ore_strict_f0_c8_s0/found_transfer_8.jsonl	3228650	
bucket	repo-hygiene/git_tip/artifacts/p2/ei_derived_ore_strict_f0_c8_s0/round_1.json	8831	
bucket	repo-hygiene/git_tip/artifacts/p2/ei_derived_ore_strict_f0_c8_s0/round_2.json	8859	
bucket	repo-hygiene/git_tip/artifacts/p2/ei_derived_ore_strict_f0_c8_s0/round_3.json	8866	
bucket	repo-hygiene/git_tip/artifacts/p2/ei_derived_ore_strict_f0_c8_s0/round_4.json	8964	
bucket	repo-hygiene/git_tip/artifacts/p2/ei_derived_ore_strict_f0_c8_s0/round_5.json	8964	
bucket	repo-hygiene/git_tip/artifacts/p2/ei_derived_ore_strict_f0_c8_s0/round_6.json	8973	
bucket	repo-hygiene/git_tip/artifacts/p2/ei_derived_ore_strict_f0_c8_s0/round_7.json	8980	
bucket	repo-hygiene/git_tip/artifacts/p2/ei_derived_ore_strict_f0_c8_s0/round_8.json	9057	
bucket	repo-hygiene/git_tip/artifacts/p2/ei_derived_ore_strict_f0_c8_s1/args.json	593	
bucket	repo-hygiene/git_tip/artifacts/p2/ei_derived_ore_strict_f0_c8_s1/found_8.jsonl	7914184	
bucket	repo-hygiene/git_tip/artifacts/p2/ei_derived_ore_strict_f0_c8_s1/found_transfer_8.jsonl	3760412	
bucket	repo-hygiene/git_tip/artifacts/p2/ei_derived_ore_strict_f0_c8_s1/round_1.json	8850	
bucket	repo-hygiene/git_tip/artifacts/p2/ei_derived_ore_strict_f0_c8_s1/round_2.json	8950	
bucket	repo-hygiene/git_tip/artifacts/p2/ei_derived_ore_strict_f0_c8_s1/round_3.json	8955	
bucket	repo-hygiene/git_tip/artifacts/p2/ei_derived_ore_strict_f0_c8_s1/round_4.json	8968	
bucket	repo-hygiene/git_tip/artifacts/p2/ei_derived_ore_strict_f0_c8_s1/round_5.json	8967	
bucket	repo-hygiene/git_tip/artifacts/p2/ei_derived_ore_strict_f0_c8_s1/round_6.json	8931	
bucket	repo-hygiene/git_tip/artifacts/p2/ei_derived_ore_strict_f0_c8_s1/round_7.json	8967	
bucket	repo-hygiene/git_tip/artifacts/p2/ei_derived_ore_strict_f0_c8_s1/round_8.json	8916	
bucket	repo-hygiene/git_tip/artifacts/p2/ei_reductio_f0.0001_s0/args.json	578	
bucket	repo-hygiene/git_tip/artifacts/p2/ei_reductio_f0.0001_s0/found_8.jsonl	4020114	
bucket	repo-hygiene/git_tip/artifacts/p2/ei_reductio_f0.0001_s0/found_transfer_8.jsonl	1338215	
bucket	repo-hygiene/git_tip/artifacts/p2/ei_reductio_f0.0001_s0/round_1.json	7685	
bucket	repo-hygiene/git_tip/artifacts/p2/ei_reductio_f0.0001_s0/round_2.json	7782	
bucket	repo-hygiene/git_tip/artifacts/p2/ei_reductio_f0.0001_s0/round_3.json	7855	
bucket	repo-hygiene/git_tip/artifacts/p2/ei_reductio_f0.0001_s0/round_4.json	7857	
bucket	repo-hygiene/git_tip/artifacts/p2/ei_reductio_f0.0001_s0/round_5.json	7909	
bucket	repo-hygiene/git_tip/artifacts/p2/ei_reductio_f0.0001_s0/round_6.json	7900	
bucket	repo-hygiene/git_tip/artifacts/p2/ei_reductio_f0.0001_s0/round_7.json	7906	
bucket	repo-hygiene/git_tip/artifacts/p2/ei_reductio_f0.0001_s0/round_8.json	7903	
bucket	repo-hygiene/git_tip/artifacts/p2/ei_reductio_f0.001_s0/args.json	575	
bucket	repo-hygiene/git_tip/artifacts/p2/ei_reductio_f0.001_s0/found_8.jsonl	3767414	
bucket	repo-hygiene/git_tip/artifacts/p2/ei_reductio_f0.001_s0/found_transfer_8.jsonl	1212301	
bucket	repo-hygiene/git_tip/artifacts/p2/ei_reductio_f0.001_s0/round_1.json	7586	
bucket	repo-hygiene/git_tip/artifacts/p2/ei_reductio_f0.001_s0/round_2.json	7748	
bucket	repo-hygiene/git_tip/artifacts/p2/ei_reductio_f0.001_s0/round_3.json	7920	
bucket	repo-hygiene/git_tip/artifacts/p2/ei_reductio_f0.001_s0/round_4.json	7911	
bucket	repo-hygiene/git_tip/artifacts/p2/ei_reductio_f0.001_s0/round_5.json	7907	
bucket	repo-hygiene/git_tip/artifacts/p2/ei_reductio_f0.001_s0/round_6.json	7905	
bucket	repo-hygiene/git_tip/artifacts/p2/ei_reductio_f0.001_s0/round_7.json	7915	
bucket	repo-hygiene/git_tip/artifacts/p2/ei_reductio_f0.001_s0/round_8.json	7945	
bucket	repo-hygiene/git_tip/artifacts/p2/ei_reductio_f0.001_s1/args.json	575	
bucket	repo-hygiene/git_tip/artifacts/p2/ei_reductio_f0.001_s1/found_8.jsonl	6163918	
bucket	repo-hygiene/git_tip/artifacts/p2/ei_reductio_f0.001_s1/found_transfer_8.jsonl	2487376	
bucket	repo-hygiene/git_tip/artifacts/p2/ei_reductio_f0.001_s1/round_1.json	7768	
bucket	repo-hygiene/git_tip/artifacts/p2/ei_reductio_f0.001_s1/round_2.json	7797	
bucket	repo-hygiene/git_tip/artifacts/p2/ei_reductio_f0.001_s1/round_3.json	7818	
bucket	repo-hygiene/git_tip/artifacts/p2/ei_reductio_f0.001_s1/round_4.json	7831	
bucket	repo-hygiene/git_tip/artifacts/p2/ei_reductio_f0.001_s1/round_5.json	7822	
bucket	repo-hygiene/git_tip/artifacts/p2/ei_reductio_f0.001_s1/round_6.json	7830	
bucket	repo-hygiene/git_tip/artifacts/p2/ei_reductio_f0.001_s1/round_7.json	7845	
bucket	repo-hygiene/git_tip/artifacts/p2/ei_reductio_f0.001_s1/round_8.json	7943	
bucket	repo-hygiene/git_tip/artifacts/p2/ei_reductio_f0.01_s0/args.json	572	
bucket	repo-hygiene/git_tip/artifacts/p2/ei_reductio_f0.01_s0/found_8.jsonl	7635064	
bucket	repo-hygiene/git_tip/artifacts/p2/ei_reductio_f0.01_s0/found_transfer_8.jsonl	2823154	
bucket	repo-hygiene/git_tip/artifacts/p2/ei_reductio_f0.01_s0/round_1.json	7782	
bucket	repo-hygiene/git_tip/artifacts/p2/ei_reductio_f0.01_s0/round_2.json	7753	
bucket	repo-hygiene/git_tip/artifacts/p2/ei_reductio_f0.01_s0/round_3.json	7796	
bucket	repo-hygiene/git_tip/artifacts/p2/ei_reductio_f0.01_s0/round_4.json	7819	
bucket	repo-hygiene/git_tip/artifacts/p2/ei_reductio_f0.01_s0/round_5.json	7915	
bucket	repo-hygiene/git_tip/artifacts/p2/ei_reductio_f0.01_s0/round_6.json	8026	
bucket	repo-hygiene/git_tip/artifacts/p2/ei_reductio_f0.01_s0/round_7.json	8007	
bucket	repo-hygiene/git_tip/artifacts/p2/ei_reductio_f0.01_s0/round_8.json	8013	
bucket	repo-hygiene/git_tip/artifacts/p2/ei_reductio_f0.1_s0/args.json	527	
bucket	repo-hygiene/git_tip/artifacts/p2/ei_reductio_f0.1_s0/found_8.jsonl	3615659	
bucket	repo-hygiene/git_tip/artifacts/p2/ei_reductio_f0.1_s0/found_transfer_8.jsonl	1132769	
bucket	repo-hygiene/git_tip/artifacts/p2/ei_reductio_f0.1_s0/round_1.json	7701	
bucket	repo-hygiene/git_tip/artifacts/p2/ei_reductio_f0.1_s0/round_2.json	7816	
bucket	repo-hygiene/git_tip/artifacts/p2/ei_reductio_f0.1_s0/round_3.json	7839	
bucket	repo-hygiene/git_tip/artifacts/p2/ei_reductio_f0.1_s0/round_4.json	7858	
bucket	repo-hygiene/git_tip/artifacts/p2/ei_reductio_f0.1_s0/round_5.json	7851	
bucket	repo-hygiene/git_tip/artifacts/p2/ei_reductio_f0.1_s0/round_6.json	7883	
bucket	repo-hygiene/git_tip/artifacts/p2/ei_reductio_f0.1_s0/round_7.json	7897	
bucket	repo-hygiene/git_tip/artifacts/p2/ei_reductio_f0.1_s0/round_8.json	7911	
bucket	repo-hygiene/git_tip/artifacts/p2/ei_reductio_f0.1_s0_t2/args.json	574	
bucket	repo-hygiene/git_tip/artifacts/p2/ei_reductio_f0.1_s0_t2/found_8.jsonl	1714318	
bucket	repo-hygiene/git_tip/artifacts/p2/ei_reductio_f0.1_s0_t2/found_transfer_8.jsonl	784454	
bucket	repo-hygiene/git_tip/artifacts/p2/ei_reductio_f0.1_s0_t2/round_1.json	6350	
bucket	repo-hygiene/git_tip/artifacts/p2/ei_reductio_f0.1_s0_t2/round_2.json	6383	
bucket	repo-hygiene/git_tip/artifacts/p2/ei_reductio_f0.1_s0_t2/round_3.json	6399	
bucket	repo-hygiene/git_tip/artifacts/p2/ei_reductio_f0.1_s0_t2/round_4.json	6388	
bucket	repo-hygiene/git_tip/artifacts/p2/ei_reductio_f0.1_s0_t2/round_5.json	6562	
bucket	repo-hygiene/git_tip/artifacts/p2/ei_reductio_f0.1_s0_t2/round_6.json	6546	
bucket	repo-hygiene/git_tip/artifacts/p2/ei_reductio_f0.1_s0_t2/round_7.json	6780	
bucket	repo-hygiene/git_tip/artifacts/p2/ei_reductio_f0.1_s0_t2/round_8.json	6767	
bucket	repo-hygiene/git_tip/artifacts/p2/ei_reductio_f0.1_s1_t2/args.json	574	
bucket	repo-hygiene/git_tip/artifacts/p2/ei_reductio_f0.1_s1_t2/found_8.jsonl	1498220	
bucket	repo-hygiene/git_tip/artifacts/p2/ei_reductio_f0.1_s1_t2/found_transfer_8.jsonl	694949	
bucket	repo-hygiene/git_tip/artifacts/p2/ei_reductio_f0.1_s1_t2/round_1.json	6398	
bucket	repo-hygiene/git_tip/artifacts/p2/ei_reductio_f0.1_s1_t2/round_2.json	6347	
bucket	repo-hygiene/git_tip/artifacts/p2/ei_reductio_f0.1_s1_t2/round_3.json	6219	
bucket	repo-hygiene/git_tip/artifacts/p2/ei_reductio_f0.1_s1_t2/round_4.json	6238	
bucket	repo-hygiene/git_tip/artifacts/p2/ei_reductio_f0.1_s1_t2/round_5.json	6305	
bucket	repo-hygiene/git_tip/artifacts/p2/ei_reductio_f0.1_s1_t2/round_6.json	6277	
bucket	repo-hygiene/git_tip/artifacts/p2/ei_reductio_f0.1_s1_t2/round_7.json	6378	
bucket	repo-hygiene/git_tip/artifacts/p2/ei_reductio_f0.1_s1_t2/round_8.json	6351	
bucket	repo-hygiene/git_tip/artifacts/p2/ei_reductio_f0_s0/args.json	521	
bucket	repo-hygiene/git_tip/artifacts/p2/ei_reductio_f0_s0/found_8.jsonl	8680046	
bucket	repo-hygiene/git_tip/artifacts/p2/ei_reductio_f0_s0/found_transfer_8.jsonl	3157154	
bucket	repo-hygiene/git_tip/artifacts/p2/ei_reductio_f0_s0/round_1.json	7697	
bucket	repo-hygiene/git_tip/artifacts/p2/ei_reductio_f0_s0/round_2.json	7764	
bucket	repo-hygiene/git_tip/artifacts/p2/ei_reductio_f0_s0/round_3.json	7822	
bucket	repo-hygiene/git_tip/artifacts/p2/ei_reductio_f0_s0/round_4.json	7864	
bucket	repo-hygiene/git_tip/artifacts/p2/ei_reductio_f0_s0/round_5.json	7928	
bucket	repo-hygiene/git_tip/artifacts/p2/ei_reductio_f0_s0/round_6.json	7992	
bucket	repo-hygiene/git_tip/artifacts/p2/ei_reductio_f0_s0/round_7.json	7901	
bucket	repo-hygiene/git_tip/artifacts/p2/ei_reductio_f0_s0/round_8.json	8046	
bucket	repo-hygiene/git_tip/artifacts/p2/ei_reductio_f0_s0_t2/args.json	568	
bucket	repo-hygiene/git_tip/artifacts/p2/ei_reductio_f0_s0_t2/found_8.jsonl	1190790	
bucket	repo-hygiene/git_tip/artifacts/p2/ei_reductio_f0_s0_t2/found_transfer_8.jsonl	562663	
bucket	repo-hygiene/git_tip/artifacts/p2/ei_reductio_f0_s0_t2/round_1.json	5855	
bucket	repo-hygiene/git_tip/artifacts/p2/ei_reductio_f0_s0_t2/round_2.json	6065	
bucket	repo-hygiene/git_tip/artifacts/p2/ei_reductio_f0_s0_t2/round_3.json	6394	
bucket	repo-hygiene/git_tip/artifacts/p2/ei_reductio_f0_s0_t2/round_4.json	6440	
bucket	repo-hygiene/git_tip/artifacts/p2/ei_reductio_f0_s0_t2/round_5.json	6494	
bucket	repo-hygiene/git_tip/artifacts/p2/ei_reductio_f0_s0_t2/round_6.json	6393	
bucket	repo-hygiene/git_tip/artifacts/p2/ei_reductio_f0_s0_t2/round_7.json	6369	
bucket	repo-hygiene/git_tip/artifacts/p2/ei_reductio_f0_s0_t2/round_8.json	6394	
bucket	repo-hygiene/git_tip/artifacts/p2/ei_reductio_f0_s1/args.json	521	
bucket	repo-hygiene/git_tip/artifacts/p2/ei_reductio_f0_s1/found_8.jsonl	3442546	
bucket	repo-hygiene/git_tip/artifacts/p2/ei_reductio_f0_s1/found_transfer_8.jsonl	1155319	
bucket	repo-hygiene/git_tip/artifacts/p2/ei_reductio_f0_s1/round_1.json	7582	
bucket	repo-hygiene/git_tip/artifacts/p2/ei_reductio_f0_s1/round_2.json	7637	
bucket	repo-hygiene/git_tip/artifacts/p2/ei_reductio_f0_s1/round_3.json	7717	
bucket	repo-hygiene/git_tip/artifacts/p2/ei_reductio_f0_s1/round_4.json	7756	
bucket	repo-hygiene/git_tip/artifacts/p2/ei_reductio_f0_s1/round_5.json	7774	
bucket	repo-hygiene/git_tip/artifacts/p2/ei_reductio_f0_s1/round_6.json	7790	
bucket	repo-hygiene/git_tip/artifacts/p2/ei_reductio_f0_s1/round_7.json	7797	
bucket	repo-hygiene/git_tip/artifacts/p2/ei_reductio_f0_s1/round_8.json	7756	
bucket	repo-hygiene/git_tip/artifacts/p2/ei_reductio_f0_s10_t2/args.json	571	
bucket	repo-hygiene/git_tip/artifacts/p2/ei_reductio_f0_s10_t2/found_8.jsonl	0	
bucket	repo-hygiene/git_tip/artifacts/p2/ei_reductio_f0_s10_t2/found_transfer_8.jsonl	0	
bucket	repo-hygiene/git_tip/artifacts/p2/ei_reductio_f0_s10_t2/round_1.json	5859	
bucket	repo-hygiene/git_tip/artifacts/p2/ei_reductio_f0_s10_t2/round_2.json	5858	
bucket	repo-hygiene/git_tip/artifacts/p2/ei_reductio_f0_s10_t2/round_3.json	5857	
bucket	repo-hygiene/git_tip/artifacts/p2/ei_reductio_f0_s10_t2/round_4.json	5858	
bucket	repo-hygiene/git_tip/artifacts/p2/ei_reductio_f0_s10_t2/round_5.json	5858	
bucket	repo-hygiene/git_tip/artifacts/p2/ei_reductio_f0_s10_t2/round_6.json	5858	
bucket	repo-hygiene/git_tip/artifacts/p2/ei_reductio_f0_s10_t2/round_7.json	5858	
bucket	repo-hygiene/git_tip/artifacts/p2/ei_reductio_f0_s10_t2/round_8.json	5858	
bucket	repo-hygiene/git_tip/artifacts/p2/ei_reductio_f0_s10_t2_ivK/args.json	611	
bucket	repo-hygiene/git_tip/artifacts/p2/ei_reductio_f0_s10_t2_ivK/found_8.jsonl	0	
bucket	repo-hygiene/git_tip/artifacts/p2/ei_reductio_f0_s10_t2_ivK/found_transfer_8.jsonl	0	
bucket	repo-hygiene/git_tip/artifacts/p2/ei_reductio_f0_s10_t2_ivK/round_5.json	5869	
bucket	repo-hygiene/git_tip/artifacts/p2/ei_reductio_f0_s10_t2_ivK/round_6.json	5858	
bucket	repo-hygiene/git_tip/artifacts/p2/ei_reductio_f0_s10_t2_ivK/round_7.json	5857	
bucket	repo-hygiene/git_tip/artifacts/p2/ei_reductio_f0_s10_t2_ivK/round_8.json	5859	
bucket	repo-hygiene/git_tip/artifacts/p2/ei_reductio_f0_s10_t2_ivS/args.json	614	
bucket	repo-hygiene/git_tip/artifacts/p2/ei_reductio_f0_s10_t2_ivS/found_8.jsonl	1396320	
bucket	repo-hygiene/git_tip/artifacts/p2/ei_reductio_f0_s10_t2_ivS/found_transfer_8.jsonl	701296	
bucket	repo-hygiene/git_tip/artifacts/p2/ei_reductio_f0_s10_t2_ivS/round_5.json	6861	
bucket	repo-hygiene/git_tip/artifacts/p2/ei_reductio_f0_s10_t2_ivS/round_6.json	6882	
bucket	repo-hygiene/git_tip/artifacts/p2/ei_reductio_f0_s10_t2_ivS/round_7.json	6940	
bucket	repo-hygiene/git_tip/artifacts/p2/ei_reductio_f0_s10_t2_ivS/round_8.json	6950	
bucket	repo-hygiene/git_tip/artifacts/p2/ei_reductio_f0_s10_t2_ivS_transfer.json	239	
bucket	repo-hygiene/git_tip/artifacts/p2/ei_reductio_f0_s10_t2_ivT/args.json	611	
bucket	repo-hygiene/git_tip/artifacts/p2/ei_reductio_f0_s10_t2_ivT/found_8.jsonl	0	
bucket	repo-hygiene/git_tip/artifacts/p2/ei_reductio_f0_s10_t2_ivT/found_transfer_8.jsonl	0	
bucket	repo-hygiene/git_tip/artifacts/p2/ei_reductio_f0_s10_t2_ivT/round_5.json	5858	
bucket	repo-hygiene/git_tip/artifacts/p2/ei_reductio_f0_s10_t2_ivT/round_6.json	5859	
bucket	repo-hygiene/git_tip/artifacts/p2/ei_reductio_f0_s10_t2_ivT/round_7.json	5858	
bucket	repo-hygiene/git_tip/artifacts/p2/ei_reductio_f0_s10_t2_ivT/round_8.json	5858	
bucket	repo-hygiene/git_tip/artifacts/p2/ei_reductio_f0_s1_t2/args.json	568	
bucket	repo-hygiene/git_tip/artifacts/p2/ei_reductio_f0_s1_t2/found_8.jsonl	0	
bucket	repo-hygiene/git_tip/artifacts/p2/ei_reductio_f0_s1_t2/found_transfer_8.jsonl	0	
bucket	repo-hygiene/git_tip/artifacts/p2/ei_reductio_f0_s1_t2/round_1.json	5884	
bucket	repo-hygiene/git_tip/artifacts/p2/ei_reductio_f0_s1_t2/round_2.json	5886	
bucket	repo-hygiene/git_tip/artifacts/p2/ei_reductio_f0_s1_t2/round_3.json	5873	
bucket	repo-hygiene/git_tip/artifacts/p2/ei_reductio_f0_s1_t2/round_4.json	5885	
bucket	repo-hygiene/git_tip/artifacts/p2/ei_reductio_f0_s1_t2/round_5.json	5871	
bucket	repo-hygiene/git_tip/artifacts/p2/ei_reductio_f0_s1_t2/round_6.json	5886	
bucket	repo-hygiene/git_tip/artifacts/p2/ei_reductio_f0_s1_t2/round_7.json	5886	
bucket	repo-hygiene/git_tip/artifacts/p2/ei_reductio_f0_s1_t2/round_8.json	5886	
bucket	repo-hygiene/git_tip/artifacts/p2/ei_reductio_f0_s1_t2_gen4_manifest.json	1490	
bucket	repo-hygiene/git_tip/artifacts/p2/ei_reductio_f0_s1_t2_inv4_manifest.json	1570	
bucket	repo-hygiene/git_tip/artifacts/p2/ei_reductio_f0_s1_t2_other4_manifest.json	1980	
bucket	repo-hygiene/git_tip/artifacts/p2/ei_reductio_f0_s1_t2_sib16_manifest.json	6345	
bucket	repo-hygiene/git_tip/artifacts/p2/ei_reductio_f0_s1_t2_sib1_manifest.json	769	
bucket	repo-hygiene/git_tip/artifacts/p2/ei_reductio_f0_s1_t2_sib4_manifest.json	1811	
bucket	repo-hygiene/git_tip/artifacts/p2/ei_reductio_f0_s2_t2/args.json	568	
bucket	repo-hygiene/git_tip/artifacts/p2/ei_reductio_f0_s2_t2/found_8.jsonl	0	
bucket	repo-hygiene/git_tip/artifacts/p2/ei_reductio_f0_s2_t2/found_transfer_8.jsonl	0	
bucket	repo-hygiene/git_tip/artifacts/p2/ei_reductio_f0_s2_t2/round_1.json	5916	
bucket	repo-hygiene/git_tip/artifacts/p2/ei_reductio_f0_s2_t2/round_2.json	5915	
bucket	repo-hygiene/git_tip/artifacts/p2/ei_reductio_f0_s2_t2/round_3.json	5916	
bucket	repo-hygiene/git_tip/artifacts/p2/ei_reductio_f0_s2_t2/round_4.json	5916	
bucket	repo-hygiene/git_tip/artifacts/p2/ei_reductio_f0_s2_t2/round_5.json	5916	
bucket	repo-hygiene/git_tip/artifacts/p2/ei_reductio_f0_s2_t2/round_6.json	5916	
bucket	repo-hygiene/git_tip/artifacts/p2/ei_reductio_f0_s2_t2/round_7.json	5916	
bucket	repo-hygiene/git_tip/artifacts/p2/ei_reductio_f0_s2_t2/round_8.json	5916	
bucket	repo-hygiene/git_tip/artifacts/p2/ei_reductio_f0_s2_t2_gen4_manifest.json	1490	
bucket	repo-hygiene/git_tip/artifacts/p2/ei_reductio_f0_s2_t2_inv4_manifest.json	1570	
bucket	repo-hygiene/git_tip/artifacts/p2/ei_reductio_f0_s2_t2_other4_manifest.json	1980	
bucket	repo-hygiene/git_tip/artifacts/p2/ei_reductio_f0_s2_t2_sib16_manifest.json	6437	
bucket	repo-hygiene/git_tip/artifacts/p2/ei_reductio_f0_s2_t2_sib1_manifest.json	731	
bucket	repo-hygiene/git_tip/artifacts/p2/ei_reductio_f0_s2_t2_sib4_manifest.json	1906	
bucket	repo-hygiene/git_tip/artifacts/p2/ei_reductio_f0_s3_t2.done	0	
bucket	repo-hygiene/git_tip/artifacts/p2/ei_reductio_f0_s3_t2/args.json	568	
bucket	repo-hygiene/git_tip/artifacts/p2/ei_reductio_f0_s3_t2/ei_reductio_f0_s3_t2/args.json	568	
bucket	repo-hygiene/git_tip/artifacts/p2/ei_reductio_f0_s3_t2/ei_reductio_f0_s3_t2/found_1.jsonl	0	
bucket	repo-hygiene/git_tip/artifacts/p2/ei_reductio_f0_s3_t2/ei_reductio_f0_s3_t2/found_2.jsonl	0	
bucket	repo-hygiene/git_tip/artifacts/p2/ei_reductio_f0_s3_t2/ei_reductio_f0_s3_t2/found_3.jsonl	0	
bucket	repo-hygiene/git_tip/artifacts/p2/ei_reductio_f0_s3_t2/ei_reductio_f0_s3_t2/found_4.jsonl	0	
bucket	repo-hygiene/git_tip/artifacts/p2/ei_reductio_f0_s3_t2/ei_reductio_f0_s3_t2/found_5.jsonl	0	
bucket	repo-hygiene/git_tip/artifacts/p2/ei_reductio_f0_s3_t2/ei_reductio_f0_s3_t2/found_6.jsonl	496	
bucket	repo-hygiene/git_tip/artifacts/p2/ei_reductio_f0_s3_t2/ei_reductio_f0_s3_t2/found_7.jsonl	16378	
bucket	repo-hygiene/git_tip/artifacts/p2/ei_reductio_f0_s3_t2/ei_reductio_f0_s3_t2/found_8.jsonl	146029	
bucket	repo-hygiene/git_tip/artifacts/p2/ei_reductio_f0_s3_t2/ei_reductio_f0_s3_t2/found_transfer_1.jsonl	0	
bucket	repo-hygiene/git_tip/artifacts/p2/ei_reductio_f0_s3_t2/ei_reductio_f0_s3_t2/found_transfer_2.jsonl	0	
bucket	repo-hygiene/git_tip/artifacts/p2/ei_reductio_f0_s3_t2/ei_reductio_f0_s3_t2/found_transfer_3.jsonl	0	
bucket	repo-hygiene/git_tip/artifacts/p2/ei_reductio_f0_s3_t2/ei_reductio_f0_s3_t2/found_transfer_4.jsonl	0	
bucket	repo-hygiene/git_tip/artifacts/p2/ei_reductio_f0_s3_t2/ei_reductio_f0_s3_t2/found_transfer_5.jsonl	0	
bucket	repo-hygiene/git_tip/artifacts/p2/ei_reductio_f0_s3_t2/ei_reductio_f0_s3_t2/found_transfer_6.jsonl	0	
bucket	repo-hygiene/git_tip/artifacts/p2/ei_reductio_f0_s3_t2/ei_reductio_f0_s3_t2/found_transfer_7.jsonl	1022	
bucket	repo-hygiene/git_tip/artifacts/p2/ei_reductio_f0_s3_t2/ei_reductio_f0_s3_t2/found_transfer_8.jsonl	28994	
bucket	repo-hygiene/git_tip/artifacts/p2/ei_reductio_f0_s3_t2/ei_reductio_f0_s3_t2/mix_1.jsonl	5855233	
bucket	repo-hygiene/git_tip/artifacts/p2/ei_reductio_f0_s3_t2/ei_reductio_f0_s3_t2/mix_2.jsonl	5830058	
bucket	repo-hygiene/git_tip/artifacts/p2/ei_reductio_f0_s3_t2/ei_reductio_f0_s3_t2/mix_3.jsonl	5816340	
bucket	repo-hygiene/git_tip/artifacts/p2/ei_reductio_f0_s3_t2/ei_reductio_f0_s3_t2/mix_4.jsonl	5823751	
bucket	repo-hygiene/git_tip/artifacts/p2/ei_reductio_f0_s3_t2/ei_reductio_f0_s3_t2/mix_5.jsonl	5834635	
bucket	repo-hygiene/git_tip/artifacts/p2/ei_reductio_f0_s3_t2/ei_reductio_f0_s3_t2/mix_6.jsonl	5837910	
bucket	repo-hygiene/git_tip/artifacts/p2/ei_reductio_f0_s3_t2/ei_reductio_f0_s3_t2/mix_7.jsonl	5870404	
bucket	repo-hygiene/git_tip/artifacts/p2/ei_reductio_f0_s3_t2/ei_reductio_f0_s3_t2/mix_8.jsonl	5909694	
bucket	repo-hygiene/git_tip/artifacts/p2/ei_reductio_f0_s3_t2/ei_reductio_f0_s3_t2/round_1.json	5936	
bucket	repo-hygiene/git_tip/artifacts/p2/ei_reductio_f0_s3_t2/ei_reductio_f0_s3_t2/round_2.json	5937	
bucket	repo-hygiene/git_tip/artifacts/p2/ei_reductio_f0_s3_t2/ei_reductio_f0_s3_t2/round_3.json	5937	
bucket	repo-hygiene/git_tip/artifacts/p2/ei_reductio_f0_s3_t2/ei_reductio_f0_s3_t2/round_4.json	5937	
bucket	repo-hygiene/git_tip/artifacts/p2/ei_reductio_f0_s3_t2/ei_reductio_f0_s3_t2/round_5.json	5937	
bucket	repo-hygiene/git_tip/artifacts/p2/ei_reductio_f0_s3_t2/ei_reductio_f0_s3_t2/round_6.json	6145	
bucket	repo-hygiene/git_tip/artifacts/p2/ei_reductio_f0_s3_t2/ei_reductio_f0_s3_t2/round_7.json	6369	
bucket	repo-hygiene/git_tip/artifacts/p2/ei_reductio_f0_s3_t2/ei_reductio_f0_s3_t2/round_8.json	6404	
bucket	repo-hygiene/git_tip/artifacts/p2/ei_reductio_f0_s3_t2/found_8.jsonl	146029	
bucket	repo-hygiene/git_tip/artifacts/p2/ei_reductio_f0_s3_t2/found_transfer_8.jsonl	28994	
bucket	repo-hygiene/git_tip/artifacts/p2/ei_reductio_f0_s3_t2/round_1.json	5936	
bucket	repo-hygiene/git_tip/artifacts/p2/ei_reductio_f0_s3_t2/round_2.json	5937	
bucket	repo-hygiene/git_tip/artifacts/p2/ei_reductio_f0_s3_t2/round_3.json	5937	
bucket	repo-hygiene/git_tip/artifacts/p2/ei_reductio_f0_s3_t2/round_4.json	5937	
bucket	repo-hygiene/git_tip/artifacts/p2/ei_reductio_f0_s3_t2/round_5.json	5937	
bucket	repo-hygiene/git_tip/artifacts/p2/ei_reductio_f0_s3_t2/round_6.json	6145	
bucket	repo-hygiene/git_tip/artifacts/p2/ei_reductio_f0_s3_t2/round_7.json	6369	
bucket	repo-hygiene/git_tip/artifacts/p2/ei_reductio_f0_s3_t2/round_8.json	6404	
bucket	repo-hygiene/git_tip/artifacts/p2/ei_reductio_f0_s3_t2_ivK.done	0	
bucket	repo-hygiene/git_tip/artifacts/p2/ei_reductio_f0_s3_t2_ivK/args.json	613	
bucket	repo-hygiene/git_tip/artifacts/p2/ei_reductio_f0_s3_t2_ivK/ei_reductio_f0_s3_t2_ivK/args.json	613	
bucket	repo-hygiene/git_tip/artifacts/p2/ei_reductio_f0_s3_t2_ivK/ei_reductio_f0_s3_t2_ivK/found_5.jsonl	1502	
bucket	repo-hygiene/git_tip/artifacts/p2/ei_reductio_f0_s3_t2_ivK/ei_reductio_f0_s3_t2_ivK/found_6.jsonl	91718	
bucket	repo-hygiene/git_tip/artifacts/p2/ei_reductio_f0_s3_t2_ivK/ei_reductio_f0_s3_t2_ivK/found_7.jsonl	278158	
bucket	repo-hygiene/git_tip/artifacts/p2/ei_reductio_f0_s3_t2_ivK/ei_reductio_f0_s3_t2_ivK/found_8.jsonl	565798	
bucket	repo-hygiene/git_tip/artifacts/p2/ei_reductio_f0_s3_t2_ivK/ei_reductio_f0_s3_t2_ivK/found_transfer_5.jsonl	0	
bucket	repo-hygiene/git_tip/artifacts/p2/ei_reductio_f0_s3_t2_ivK/ei_reductio_f0_s3_t2_ivK/found_transfer_6.jsonl	20875	
bucket	repo-hygiene/git_tip/artifacts/p2/ei_reductio_f0_s3_t2_ivK/ei_reductio_f0_s3_t2_ivK/found_transfer_7.jsonl	61359	
bucket	repo-hygiene/git_tip/artifacts/p2/ei_reductio_f0_s3_t2_ivK/ei_reductio_f0_s3_t2_ivK/found_transfer_8.jsonl	201801	
bucket	repo-hygiene/git_tip/artifacts/p2/ei_reductio_f0_s3_t2_ivK/ei_reductio_f0_s3_t2_ivK/mix_5.jsonl	5859534	
bucket	repo-hygiene/git_tip/artifacts/p2/ei_reductio_f0_s3_t2_ivK/ei_reductio_f0_s3_t2_ivK/mix_6.jsonl	5926977	
bucket	repo-hygiene/git_tip/artifacts/p2/ei_reductio_f0_s3_t2_ivK/ei_reductio_f0_s3_t2_ivK/mix_7.jsonl	5964665	
bucket	repo-hygiene/git_tip/artifacts/p2/ei_reductio_f0_s3_t2_ivK/ei_reductio_f0_s3_t2_ivK/mix_8.jsonl	6071339	
bucket	repo-hygiene/git_tip/artifacts/p2/ei_reductio_f0_s3_t2_ivK/ei_reductio_f0_s3_t2_ivK/round_5.json	6162	
bucket	repo-hygiene/git_tip/artifacts/p2/ei_reductio_f0_s3_t2_ivK/ei_reductio_f0_s3_t2_ivK/round_6.json	6371	
bucket	repo-hygiene/git_tip/artifacts/p2/ei_reductio_f0_s3_t2_ivK/ei_reductio_f0_s3_t2_ivK/round_7.json	6372	
bucket	repo-hygiene/git_tip/artifacts/p2/ei_reductio_f0_s3_t2_ivK/ei_reductio_f0_s3_t2_ivK/round_8.json	6403	
bucket	repo-hygiene/git_tip/artifacts/p2/ei_reductio_f0_s3_t2_ivK/found_8.jsonl	565798	
bucket	repo-hygiene/git_tip/artifacts/p2/ei_reductio_f0_s3_t2_ivK/found_transfer_8.jsonl	201801	
bucket	repo-hygiene/git_tip/artifacts/p2/ei_reductio_f0_s3_t2_ivK/round_5.json	6162	
bucket	repo-hygiene/git_tip/artifacts/p2/ei_reductio_f0_s3_t2_ivK/round_6.json	6371	
bucket	repo-hygiene/git_tip/artifacts/p2/ei_reductio_f0_s3_t2_ivK/round_7.json	6372	
bucket	repo-hygiene/git_tip/artifacts/p2/ei_reductio_f0_s3_t2_ivK/round_8.json	6403	
bucket	repo-hygiene/git_tip/artifacts/p2/ei_reductio_f0_s3_t2_ivK_c.done	0	
bucket	repo-hygiene/git_tip/artifacts/p2/ei_reductio_f0_s3_t2_ivS.done	0	
bucket	repo-hygiene/git_tip/artifacts/p2/ei_reductio_f0_s3_t2_ivS/args.json	610	
bucket	repo-hygiene/git_tip/artifacts/p2/ei_reductio_f0_s3_t2_ivS/ei_reductio_f0_s3_t2_ivS/args.json	610	
bucket	repo-hygiene/git_tip/artifacts/p2/ei_reductio_f0_s3_t2_ivS/ei_reductio_f0_s3_t2_ivS/found_5.jsonl	625254	
bucket	repo-hygiene/git_tip/artifacts/p2/ei_reductio_f0_s3_t2_ivS/ei_reductio_f0_s3_t2_ivS/found_6.jsonl	954949	
bucket	repo-hygiene/git_tip/artifacts/p2/ei_reductio_f0_s3_t2_ivS/ei_reductio_f0_s3_t2_ivS/found_7.jsonl	1183924	
bucket	repo-hygiene/git_tip/artifacts/p2/ei_reductio_f0_s3_t2_ivS/ei_reductio_f0_s3_t2_ivS/found_8.jsonl	1422777	
bucket	repo-hygiene/git_tip/artifacts/p2/ei_reductio_f0_s3_t2_ivS/ei_reductio_f0_s3_t2_ivS/found_transfer_5.jsonl	255371	
bucket	repo-hygiene/git_tip/artifacts/p2/ei_reductio_f0_s3_t2_ivS/ei_reductio_f0_s3_t2_ivS/found_transfer_6.jsonl	390891	
bucket	repo-hygiene/git_tip/artifacts/p2/ei_reductio_f0_s3_t2_ivS/ei_reductio_f0_s3_t2_ivS/found_transfer_7.jsonl	488886	
bucket	repo-hygiene/git_tip/artifacts/p2/ei_reductio_f0_s3_t2_ivS/ei_reductio_f0_s3_t2_ivS/found_transfer_8.jsonl	585051	
bucket	repo-hygiene/git_tip/artifacts/p2/ei_reductio_f0_s3_t2_ivS/ei_reductio_f0_s3_t2_ivS/mix_5.jsonl	6171253	
bucket	repo-hygiene/git_tip/artifacts/p2/ei_reductio_f0_s3_t2_ivS/ei_reductio_f0_s3_t2_ivS/mix_6.jsonl	6173549	
bucket	repo-hygiene/git_tip/artifacts/p2/ei_reductio_f0_s3_t2_ivS/ei_reductio_f0_s3_t2_ivS/mix_7.jsonl	6223418	
bucket	repo-hygiene/git_tip/artifacts/p2/ei_reductio_f0_s3_t2_ivS/ei_reductio_f0_s3_t2_ivS/mix_8.jsonl	6287279	
bucket	repo-hygiene/git_tip/artifacts/p2/ei_reductio_f0_s3_t2_ivS/ei_reductio_f0_s3_t2_ivS/round_5.json	6608	
bucket	repo-hygiene/git_tip/artifacts/p2/ei_reductio_f0_s3_t2_ivS/ei_reductio_f0_s3_t2_ivS/round_6.json	6633	
bucket	repo-hygiene/git_tip/artifacts/p2/ei_reductio_f0_s3_t2_ivS/ei_reductio_f0_s3_t2_ivS/round_7.json	6579	
bucket	repo-hygiene/git_tip/artifacts/p2/ei_reductio_f0_s3_t2_ivS/ei_reductio_f0_s3_t2_ivS/round_8.json	6521	
bucket	repo-hygiene/git_tip/artifacts/p2/ei_reductio_f0_s3_t2_ivS/found_8.jsonl	1422777	
bucket	repo-hygiene/git_tip/artifacts/p2/ei_reductio_f0_s3_t2_ivS/found_transfer_8.jsonl	585051	
bucket	repo-hygiene/git_tip/artifacts/p2/ei_reductio_f0_s3_t2_ivS/round_5.json	6608	
bucket	repo-hygiene/git_tip/artifacts/p2/ei_reductio_f0_s3_t2_ivS/round_6.json	6633	
bucket	repo-hygiene/git_tip/artifacts/p2/ei_reductio_f0_s3_t2_ivS/round_7.json	6579	
bucket	repo-hygiene/git_tip/artifacts/p2/ei_reductio_f0_s3_t2_ivS/round_8.json	6521	
bucket	repo-hygiene/git_tip/artifacts/p2/ei_reductio_f0_s3_t2_ivS_transfer.json	236	
bucket	repo-hygiene/git_tip/artifacts/p2/ei_reductio_f0_s3_t2_ivT.done	0	
bucket	repo-hygiene/git_tip/artifacts/p2/ei_reductio_f0_s3_t2_ivT/args.json	607	
bucket	repo-hygiene/git_tip/artifacts/p2/ei_reductio_f0_s3_t2_ivT/ei_reductio_f0_s3_t2_ivT/args.json	607	
bucket	repo-hygiene/git_tip/artifacts/p2/ei_reductio_f0_s3_t2_ivT/ei_reductio_f0_s3_t2_ivT/found_5.jsonl	0	
bucket	repo-hygiene/git_tip/artifacts/p2/ei_reductio_f0_s3_t2_ivT/ei_reductio_f0_s3_t2_ivT/found_6.jsonl	496	
bucket	repo-hygiene/git_tip/artifacts/p2/ei_reductio_f0_s3_t2_ivT/ei_reductio_f0_s3_t2_ivT/found_7.jsonl	18884	
bucket	repo-hygiene/git_tip/artifacts/p2/ei_reductio_f0_s3_t2_ivT/ei_reductio_f0_s3_t2_ivT/found_8.jsonl	141480	
bucket	repo-hygiene/git_tip/artifacts/p2/ei_reductio_f0_s3_t2_ivT/ei_reductio_f0_s3_t2_ivT/found_transfer_5.jsonl	0	
bucket	repo-hygiene/git_tip/artifacts/p2/ei_reductio_f0_s3_t2_ivT/ei_reductio_f0_s3_t2_ivT/found_transfer_6.jsonl	0	
bucket	repo-hygiene/git_tip/artifacts/p2/ei_reductio_f0_s3_t2_ivT/ei_reductio_f0_s3_t2_ivT/found_transfer_7.jsonl	894	
bucket	repo-hygiene/git_tip/artifacts/p2/ei_reductio_f0_s3_t2_ivT/ei_reductio_f0_s3_t2_ivT/found_transfer_8.jsonl	24353	
bucket	repo-hygiene/git_tip/artifacts/p2/ei_reductio_f0_s3_t2_ivT/ei_reductio_f0_s3_t2_ivT/mix_5.jsonl	5855233	
bucket	repo-hygiene/git_tip/artifacts/p2/ei_reductio_f0_s3_t2_ivT/ei_reductio_f0_s3_t2_ivT/mix_6.jsonl	5856645	
bucket	repo-hygiene/git_tip/artifacts/p2/ei_reductio_f0_s3_t2_ivT/ei_reductio_f0_s3_t2_ivT/mix_7.jsonl	5848453	
bucket	repo-hygiene/git_tip/artifacts/p2/ei_reductio_f0_s3_t2_ivT/ei_reductio_f0_s3_t2_ivT/mix_8.jsonl	5887724	
bucket	repo-hygiene/git_tip/artifacts/p2/ei_reductio_f0_s3_t2_ivT/ei_reductio_f0_s3_t2_ivT/round_5.json	5937	
bucket	repo-hygiene/git_tip/artifacts/p2/ei_reductio_f0_s3_t2_ivT/ei_reductio_f0_s3_t2_ivT/round_6.json	6144	
bucket	repo-hygiene/git_tip/artifacts/p2/ei_reductio_f0_s3_t2_ivT/ei_reductio_f0_s3_t2_ivT/round_7.json	6344	
bucket	repo-hygiene/git_tip/artifacts/p2/ei_reductio_f0_s3_t2_ivT/ei_reductio_f0_s3_t2_ivT/round_8.json	6410	
bucket	repo-hygiene/git_tip/artifacts/p2/ei_reductio_f0_s3_t2_ivT/found_8.jsonl	141480	
bucket	repo-hygiene/git_tip/artifacts/p2/ei_reductio_f0_s3_t2_ivT/found_transfer_8.jsonl	24353	
bucket	repo-hygiene/git_tip/artifacts/p2/ei_reductio_f0_s3_t2_ivT/round_5.json	5937	
bucket	repo-hygiene/git_tip/artifacts/p2/ei_reductio_f0_s3_t2_ivT/round_6.json	6144	
bucket	repo-hygiene/git_tip/artifacts/p2/ei_reductio_f0_s3_t2_ivT/round_7.json	6344	
bucket	repo-hygiene/git_tip/artifacts/p2/ei_reductio_f0_s3_t2_ivT/round_8.json	6410	
bucket	repo-hygiene/git_tip/artifacts/p2/ei_reductio_f0_s3_t2_ivT_c.done	0	
bucket	repo-hygiene/git_tip/artifacts/p2/ei_reductio_f0_s4_t2.done	0	
bucket	repo-hygiene/git_tip/artifacts/p2/ei_reductio_f0_s4_t2/args.json	568	
bucket	repo-hygiene/git_tip/artifacts/p2/ei_reductio_f0_s4_t2/ei_reductio_f0_s4_t2/args.json	568	
bucket	repo-hygiene/git_tip/artifacts/p2/ei_reductio_f0_s4_t2/ei_reductio_f0_s4_t2/found_1.jsonl	0	
bucket	repo-hygiene/git_tip/artifacts/p2/ei_reductio_f0_s4_t2/ei_reductio_f0_s4_t2/found_2.jsonl	0	
bucket	repo-hygiene/git_tip/artifacts/p2/ei_reductio_f0_s4_t2/ei_reductio_f0_s4_t2/found_3.jsonl	0	
bucket	repo-hygiene/git_tip/artifacts/p2/ei_reductio_f0_s4_t2/ei_reductio_f0_s4_t2/found_4.jsonl	0	
bucket	repo-hygiene/git_tip/artifacts/p2/ei_reductio_f0_s4_t2/ei_reductio_f0_s4_t2/found_5.jsonl	0	
bucket	repo-hygiene/git_tip/artifacts/p2/ei_reductio_f0_s4_t2/ei_reductio_f0_s4_t2/found_6.jsonl	0	
bucket	repo-hygiene/git_tip/artifacts/p2/ei_reductio_f0_s4_t2/ei_reductio_f0_s4_t2/found_7.jsonl	0	
bucket	repo-hygiene/git_tip/artifacts/p2/ei_reductio_f0_s4_t2/ei_reductio_f0_s4_t2/found_8.jsonl	0	
bucket	repo-hygiene/git_tip/artifacts/p2/ei_reductio_f0_s4_t2/ei_reductio_f0_s4_t2/found_transfer_1.jsonl	0	
bucket	repo-hygiene/git_tip/artifacts/p2/ei_reductio_f0_s4_t2/ei_reductio_f0_s4_t2/found_transfer_2.jsonl	0	
bucket	repo-hygiene/git_tip/artifacts/p2/ei_reductio_f0_s4_t2/ei_reductio_f0_s4_t2/found_transfer_3.jsonl	0	
bucket	repo-hygiene/git_tip/artifacts/p2/ei_reductio_f0_s4_t2/ei_reductio_f0_s4_t2/found_transfer_4.jsonl	0	
bucket	repo-hygiene/git_tip/artifacts/p2/ei_reductio_f0_s4_t2/ei_reductio_f0_s4_t2/found_transfer_5.jsonl	0	
bucket	repo-hygiene/git_tip/artifacts/p2/ei_reductio_f0_s4_t2/ei_reductio_f0_s4_t2/found_transfer_6.jsonl	0	
bucket	repo-hygiene/git_tip/artifacts/p2/ei_reductio_f0_s4_t2/ei_reductio_f0_s4_t2/found_transfer_7.jsonl	0	
bucket	repo-hygiene/git_tip/artifacts/p2/ei_reductio_f0_s4_t2/ei_reductio_f0_s4_t2/found_transfer_8.jsonl	0	
bucket	repo-hygiene/git_tip/artifacts/p2/ei_reductio_f0_s4_t2/ei_reductio_f0_s4_t2/mix_1.jsonl	5820195	
bucket	repo-hygiene/git_tip/artifacts/p2/ei_reductio_f0_s4_t2/ei_reductio_f0_s4_t2/mix_2.jsonl	5839698	
bucket	repo-hygiene/git_tip/artifacts/p2/ei_reductio_f0_s4_t2/ei_reductio_f0_s4_t2/mix_3.jsonl	5815729	
bucket	repo-hygiene/git_tip/artifacts/p2/ei_reductio_f0_s4_t2/ei_reductio_f0_s4_t2/mix_4.jsonl	5812263	
bucket	repo-hygiene/git_tip/artifacts/p2/ei_reductio_f0_s4_t2/ei_reductio_f0_s4_t2/mix_5.jsonl	5814026	
bucket	repo-hygiene/git_tip/artifacts/p2/ei_reductio_f0_s4_t2/ei_reductio_f0_s4_t2/mix_6.jsonl	5840474	
bucket	repo-hygiene/git_tip/artifacts/p2/ei_reductio_f0_s4_t2/ei_reductio_f0_s4_t2/mix_7.jsonl	5839294	
bucket	repo-hygiene/git_tip/artifacts/p2/ei_reductio_f0_s4_t2/ei_reductio_f0_s4_t2/mix_8.jsonl	5842146	
bucket	repo-hygiene/git_tip/artifacts/p2/ei_reductio_f0_s4_t2/ei_reductio_f0_s4_t2/round_1.json	5930	
bucket	repo-hygiene/git_tip/artifacts/p2/ei_reductio_f0_s4_t2/ei_reductio_f0_s4_t2/round_2.json	5930	
bucket	repo-hygiene/git_tip/artifacts/p2/ei_reductio_f0_s4_t2/ei_reductio_f0_s4_t2/round_3.json	5931	
bucket	repo-hygiene/git_tip/artifacts/p2/ei_reductio_f0_s4_t2/ei_reductio_f0_s4_t2/round_4.json	5930	
bucket	repo-hygiene/git_tip/artifacts/p2/ei_reductio_f0_s4_t2/ei_reductio_f0_s4_t2/round_5.json	5931	
bucket	repo-hygiene/git_tip/artifacts/p2/ei_reductio_f0_s4_t2/ei_reductio_f0_s4_t2/round_6.json	5931	
bucket	repo-hygiene/git_tip/artifacts/p2/ei_reductio_f0_s4_t2/ei_reductio_f0_s4_t2/round_7.json	5931	
bucket	repo-hygiene/git_tip/artifacts/p2/ei_reductio_f0_s4_t2/ei_reductio_f0_s4_t2/round_8.json	5931	
bucket	repo-hygiene/git_tip/artifacts/p2/ei_reductio_f0_s4_t2/found_8.jsonl	0	
bucket	repo-hygiene/git_tip/artifacts/p2/ei_reductio_f0_s4_t2/found_transfer_8.jsonl	0	
bucket	repo-hygiene/git_tip/artifacts/p2/ei_reductio_f0_s4_t2/round_1.json	5930	
bucket	repo-hygiene/git_tip/artifacts/p2/ei_reductio_f0_s4_t2/round_2.json	5930	
bucket	repo-hygiene/git_tip/artifacts/p2/ei_reductio_f0_s4_t2/round_3.json	5931	
bucket	repo-hygiene/git_tip/artifacts/p2/ei_reductio_f0_s4_t2/round_4.json	5930	
bucket	repo-hygiene/git_tip/artifacts/p2/ei_reductio_f0_s4_t2/round_5.json	5931	
bucket	repo-hygiene/git_tip/artifacts/p2/ei_reductio_f0_s4_t2/round_6.json	5931	
bucket	repo-hygiene/git_tip/artifacts/p2/ei_reductio_f0_s4_t2/round_7.json	5931	
bucket	repo-hygiene/git_tip/artifacts/p2/ei_reductio_f0_s4_t2/round_8.json	5931	
bucket	repo-hygiene/git_tip/artifacts/p2/ei_reductio_f0_s4_t2_ivK.done	0	
bucket	repo-hygiene/git_tip/artifacts/p2/ei_reductio_f0_s4_t2_ivK/args.json	607	
bucket	repo-hygiene/git_tip/artifacts/p2/ei_reductio_f0_s4_t2_ivK/ei_reductio_f0_s4_t2_ivK/args.json	607	
bucket	repo-hygiene/git_tip/artifacts/p2/ei_reductio_f0_s4_t2_ivK/ei_reductio_f0_s4_t2_ivK/found_5.jsonl	0	
bucket	repo-hygiene/git_tip/artifacts/p2/ei_reductio_f0_s4_t2_ivK/ei_reductio_f0_s4_t2_ivK/found_6.jsonl	0	
bucket	repo-hygiene/git_tip/artifacts/p2/ei_reductio_f0_s4_t2_ivK/ei_reductio_f0_s4_t2_ivK/found_7.jsonl	0	
bucket	repo-hygiene/git_tip/artifacts/p2/ei_reductio_f0_s4_t2_ivK/ei_reductio_f0_s4_t2_ivK/found_8.jsonl	0	
bucket	repo-hygiene/git_tip/artifacts/p2/ei_reductio_f0_s4_t2_ivK/ei_reductio_f0_s4_t2_ivK/found_transfer_5.jsonl	0	
bucket	repo-hygiene/git_tip/artifacts/p2/ei_reductio_f0_s4_t2_ivK/ei_reductio_f0_s4_t2_ivK/found_transfer_6.jsonl	0	
bucket	repo-hygiene/git_tip/artifacts/p2/ei_reductio_f0_s4_t2_ivK/ei_reductio_f0_s4_t2_ivK/found_transfer_7.jsonl	0	
bucket	repo-hygiene/git_tip/artifacts/p2/ei_reductio_f0_s4_t2_ivK/ei_reductio_f0_s4_t2_ivK/found_transfer_8.jsonl	0	
bucket	repo-hygiene/git_tip/artifacts/p2/ei_reductio_f0_s4_t2_ivK/ei_reductio_f0_s4_t2_ivK/mix_5.jsonl	5820195	
bucket	repo-hygiene/git_tip/artifacts/p2/ei_reductio_f0_s4_t2_ivK/ei_reductio_f0_s4_t2_ivK/mix_6.jsonl	5820195	
bucket	repo-hygiene/git_tip/artifacts/p2/ei_reductio_f0_s4_t2_ivK/ei_reductio_f0_s4_t2_ivK/mix_7.jsonl	5839698	
bucket	repo-hygiene/git_tip/artifacts/p2/ei_reductio_f0_s4_t2_ivK/ei_reductio_f0_s4_t2_ivK/mix_8.jsonl	5815729	
bucket	repo-hygiene/git_tip/artifacts/p2/ei_reductio_f0_s4_t2_ivK/ei_reductio_f0_s4_t2_ivK/round_5.json	5946	
bucket	repo-hygiene/git_tip/artifacts/p2/ei_reductio_f0_s4_t2_ivK/ei_reductio_f0_s4_t2_ivK/round_6.json	5930	
bucket	repo-hygiene/git_tip/artifacts/p2/ei_reductio_f0_s4_t2_ivK/ei_reductio_f0_s4_t2_ivK/round_7.json	5930	
bucket	repo-hygiene/git_tip/artifacts/p2/ei_reductio_f0_s4_t2_ivK/ei_reductio_f0_s4_t2_ivK/round_8.json	5930	
bucket	repo-hygiene/git_tip/artifacts/p2/ei_reductio_f0_s4_t2_ivK/found_8.jsonl	0	
bucket	repo-hygiene/git_tip/artifacts/p2/ei_reductio_f0_s4_t2_ivK/found_transfer_8.jsonl	0	
bucket	repo-hygiene/git_tip/artifacts/p2/ei_reductio_f0_s4_t2_ivK/round_5.json	5946	
bucket	repo-hygiene/git_tip/artifacts/p2/ei_reductio_f0_s4_t2_ivK/round_6.json	5930	
bucket	repo-hygiene/git_tip/artifacts/p2/ei_reductio_f0_s4_t2_ivK/round_7.json	5930	
bucket	repo-hygiene/git_tip/artifacts/p2/ei_reductio_f0_s4_t2_ivK/round_8.json	5930	
bucket	repo-hygiene/git_tip/artifacts/p2/ei_reductio_f0_s4_t2_ivK_c.done	0	
bucket	repo-hygiene/git_tip/artifacts/p2/ei_reductio_f0_s4_t2_ivS.done	0	
bucket	repo-hygiene/git_tip/artifacts/p2/ei_reductio_f0_s4_t2_ivS/args.json	610	
bucket	repo-hygiene/git_tip/artifacts/p2/ei_reductio_f0_s4_t2_ivS/ei_reductio_f0_s4_t2_ivS/args.json	610	
bucket	repo-hygiene/git_tip/artifacts/p2/ei_reductio_f0_s4_t2_ivS/ei_reductio_f0_s4_t2_ivS/found_5.jsonl	633238	
bucket	repo-hygiene/git_tip/artifacts/p2/ei_reductio_f0_s4_t2_ivS/ei_reductio_f0_s4_t2_ivS/found_6.jsonl	996092	
bucket	repo-hygiene/git_tip/artifacts/p2/ei_reductio_f0_s4_t2_ivS/ei_reductio_f0_s4_t2_ivS/found_7.jsonl	1358417	
bucket	repo-hygiene/git_tip/artifacts/p2/ei_reductio_f0_s4_t2_ivS/ei_reductio_f0_s4_t2_ivS/found_8.jsonl	1723487	
bucket	repo-hygiene/git_tip/artifacts/p2/ei_reductio_f0_s4_t2_ivS/ei_reductio_f0_s4_t2_ivS/found_transfer_5.jsonl	261907	
bucket	repo-hygiene/git_tip/artifacts/p2/ei_reductio_f0_s4_t2_ivS/ei_reductio_f0_s4_t2_ivS/found_transfer_6.jsonl	480024	
bucket	repo-hygiene/git_tip/artifacts/p2/ei_reductio_f0_s4_t2_ivS/ei_reductio_f0_s4_t2_ivS/found_transfer_7.jsonl	641356	
bucket	repo-hygiene/git_tip/artifacts/p2/ei_reductio_f0_s4_t2_ivS/ei_reductio_f0_s4_t2_ivS/found_transfer_8.jsonl	800342	
bucket	repo-hygiene/git_tip/artifacts/p2/ei_reductio_f0_s4_t2_ivS/ei_reductio_f0_s4_t2_ivS/mix_5.jsonl	6174091	
bucket	repo-hygiene/git_tip/artifacts/p2/ei_reductio_f0_s4_t2_ivS/ei_reductio_f0_s4_t2_ivS/mix_6.jsonl	6247952	
bucket	repo-hygiene/git_tip/artifacts/p2/ei_reductio_f0_s4_t2_ivS/ei_reductio_f0_s4_t2_ivS/mix_7.jsonl	6358689	
bucket	repo-hygiene/git_tip/artifacts/p2/ei_reductio_f0_s4_t2_ivS/ei_reductio_f0_s4_t2_ivS/mix_8.jsonl	6477023	
bucket	repo-hygiene/git_tip/artifacts/p2/ei_reductio_f0_s4_t2_ivS/ei_reductio_f0_s4_t2_ivS/round_5.json	6788	
bucket	repo-hygiene/git_tip/artifacts/p2/ei_reductio_f0_s4_t2_ivS/ei_reductio_f0_s4_t2_ivS/round_6.json	6731	
bucket	repo-hygiene/git_tip/artifacts/p2/ei_reductio_f0_s4_t2_ivS/ei_reductio_f0_s4_t2_ivS/round_7.json	6887	
bucket	repo-hygiene/git_tip/artifacts/p2/ei_reductio_f0_s4_t2_ivS/ei_reductio_f0_s4_t2_ivS/round_8.json	6875	
bucket	repo-hygiene/git_tip/artifacts/p2/ei_reductio_f0_s4_t2_ivS/found_8.jsonl	1723487	
bucket	repo-hygiene/git_tip/artifacts/p2/ei_reductio_f0_s4_t2_ivS/found_transfer_8.jsonl	800342	
bucket	repo-hygiene/git_tip/artifacts/p2/ei_reductio_f0_s4_t2_ivS/round_5.json	6788	
bucket	repo-hygiene/git_tip/artifacts/p2/ei_reductio_f0_s4_t2_ivS/round_6.json	6731	
bucket	repo-hygiene/git_tip/artifacts/p2/ei_reductio_f0_s4_t2_ivS/round_7.json	6887	
bucket	repo-hygiene/git_tip/artifacts/p2/ei_reductio_f0_s4_t2_ivS/round_8.json	6875	
bucket	repo-hygiene/git_tip/artifacts/p2/ei_reductio_f0_s4_t2_ivS_transfer.json	236	
bucket	repo-hygiene/git_tip/artifacts/p2/ei_reductio_f0_s4_t2_ivT.done	0	
bucket	repo-hygiene/git_tip/artifacts/p2/ei_reductio_f0_s4_t2_ivT/args.json	607	
bucket	repo-hygiene/git_tip/artifacts/p2/ei_reductio_f0_s4_t2_ivT/ei_reductio_f0_s4_t2_ivT/args.json	607	
bucket	repo-hygiene/git_tip/artifacts/p2/ei_reductio_f0_s4_t2_ivT/ei_reductio_f0_s4_t2_ivT/found_5.jsonl	0	
bucket	repo-hygiene/git_tip/artifacts/p2/ei_reductio_f0_s4_t2_ivT/ei_reductio_f0_s4_t2_ivT/found_6.jsonl	0	
bucket	repo-hygiene/git_tip/artifacts/p2/ei_reductio_f0_s4_t2_ivT/ei_reductio_f0_s4_t2_ivT/found_7.jsonl	0	
bucket	repo-hygiene/git_tip/artifacts/p2/ei_reductio_f0_s4_t2_ivT/ei_reductio_f0_s4_t2_ivT/found_8.jsonl	0	
bucket	repo-hygiene/git_tip/artifacts/p2/ei_reductio_f0_s4_t2_ivT/ei_reductio_f0_s4_t2_ivT/found_transfer_5.jsonl	0	
bucket	repo-hygiene/git_tip/artifacts/p2/ei_reductio_f0_s4_t2_ivT/ei_reductio_f0_s4_t2_ivT/found_transfer_6.jsonl	0	
bucket	repo-hygiene/git_tip/artifacts/p2/ei_reductio_f0_s4_t2_ivT/ei_reductio_f0_s4_t2_ivT/found_transfer_7.jsonl	0	
bucket	repo-hygiene/git_tip/artifacts/p2/ei_reductio_f0_s4_t2_ivT/ei_reductio_f0_s4_t2_ivT/found_transfer_8.jsonl	0	
bucket	repo-hygiene/git_tip/artifacts/p2/ei_reductio_f0_s4_t2_ivT/ei_reductio_f0_s4_t2_ivT/mix_5.jsonl	5820195	
bucket	repo-hygiene/git_tip/artifacts/p2/ei_reductio_f0_s4_t2_ivT/ei_reductio_f0_s4_t2_ivT/mix_6.jsonl	5820195	
bucket	repo-hygiene/git_tip/artifacts/p2/ei_reductio_f0_s4_t2_ivT/ei_reductio_f0_s4_t2_ivT/mix_7.jsonl	5839698	
bucket	repo-hygiene/git_tip/artifacts/p2/ei_reductio_f0_s4_t2_ivT/ei_reductio_f0_s4_t2_ivT/mix_8.jsonl	5815729	
bucket	repo-hygiene/git_tip/artifacts/p2/ei_reductio_f0_s4_t2_ivT/ei_reductio_f0_s4_t2_ivT/round_5.json	5930	
bucket	repo-hygiene/git_tip/artifacts/p2/ei_reductio_f0_s4_t2_ivT/ei_reductio_f0_s4_t2_ivT/round_6.json	5931	
bucket	repo-hygiene/git_tip/artifacts/p2/ei_reductio_f0_s4_t2_ivT/ei_reductio_f0_s4_t2_ivT/round_7.json	5929	
bucket	repo-hygiene/git_tip/artifacts/p2/ei_reductio_f0_s4_t2_ivT/ei_reductio_f0_s4_t2_ivT/round_8.json	5931	
bucket	repo-hygiene/git_tip/artifacts/p2/ei_reductio_f0_s4_t2_ivT/found_8.jsonl	0	
bucket	repo-hygiene/git_tip/artifacts/p2/ei_reductio_f0_s4_t2_ivT/found_transfer_8.jsonl	0	
bucket	repo-hygiene/git_tip/artifacts/p2/ei_reductio_f0_s4_t2_ivT/round_5.json	5930	
bucket	repo-hygiene/git_tip/artifacts/p2/ei_reductio_f0_s4_t2_ivT/round_6.json	5931	
bucket	repo-hygiene/git_tip/artifacts/p2/ei_reductio_f0_s4_t2_ivT/round_7.json	5929	
bucket	repo-hygiene/git_tip/artifacts/p2/ei_reductio_f0_s4_t2_ivT/round_8.json	5931	
bucket	repo-hygiene/git_tip/artifacts/p2/ei_reductio_f0_s4_t2_ivT_c.done	0	
bucket	repo-hygiene/git_tip/artifacts/p2/ei_reductio_f0_s5_t2/args.json	568	
bucket	repo-hygiene/git_tip/artifacts/p2/ei_reductio_f0_s5_t2/found_8.jsonl	0	
bucket	repo-hygiene/git_tip/artifacts/p2/ei_reductio_f0_s5_t2/found_transfer_8.jsonl	0	
bucket	repo-hygiene/git_tip/artifacts/p2/ei_reductio_f0_s5_t2/round_1.json	5901	
bucket	repo-hygiene/git_tip/artifacts/p2/ei_reductio_f0_s5_t2/round_2.json	5901	
bucket	repo-hygiene/git_tip/artifacts/p2/ei_reductio_f0_s5_t2/round_3.json	5901	
bucket	repo-hygiene/git_tip/artifacts/p2/ei_reductio_f0_s5_t2/round_4.json	5901	
bucket	repo-hygiene/git_tip/artifacts/p2/ei_reductio_f0_s5_t2/round_5.json	5901	
bucket	repo-hygiene/git_tip/artifacts/p2/ei_reductio_f0_s5_t2/round_6.json	5901	
bucket	repo-hygiene/git_tip/artifacts/p2/ei_reductio_f0_s5_t2/round_7.json	5901	
bucket	repo-hygiene/git_tip/artifacts/p2/ei_reductio_f0_s5_t2/round_8.json	5901	
bucket	repo-hygiene/git_tip/artifacts/p2/ei_reductio_f0_s5_t2_ivK/args.json	607	
bucket	repo-hygiene/git_tip/artifacts/p2/ei_reductio_f0_s5_t2_ivK/found_8.jsonl	0	
bucket	repo-hygiene/git_tip/artifacts/p2/ei_reductio_f0_s5_t2_ivK/found_transfer_8.jsonl	0	
bucket	repo-hygiene/git_tip/artifacts/p2/ei_reductio_f0_s5_t2_ivK/round_5.json	5914	
bucket	repo-hygiene/git_tip/artifacts/p2/ei_reductio_f0_s5_t2_ivK/round_6.json	5901	
bucket	repo-hygiene/git_tip/artifacts/p2/ei_reductio_f0_s5_t2_ivK/round_7.json	5901	
bucket	repo-hygiene/git_tip/artifacts/p2/ei_reductio_f0_s5_t2_ivK/round_8.json	5901	
bucket	repo-hygiene/git_tip/artifacts/p2/ei_reductio_f0_s5_t2_ivS/args.json	610	
bucket	repo-hygiene/git_tip/artifacts/p2/ei_reductio_f0_s5_t2_ivS/found_8.jsonl	1329166	
bucket	repo-hygiene/git_tip/artifacts/p2/ei_reductio_f0_s5_t2_ivS/found_transfer_8.jsonl	606780	
bucket	repo-hygiene/git_tip/artifacts/p2/ei_reductio_f0_s5_t2_ivS/round_5.json	6612	
bucket	repo-hygiene/git_tip/artifacts/p2/ei_reductio_f0_s5_t2_ivS/round_6.json	6576	
bucket	repo-hygiene/git_tip/artifacts/p2/ei_reductio_f0_s5_t2_ivS/round_7.json	6767	
bucket	repo-hygiene/git_tip/artifacts/p2/ei_reductio_f0_s5_t2_ivS/round_8.json	6789	
bucket	repo-hygiene/git_tip/artifacts/p2/ei_reductio_f0_s5_t2_ivS_transfer.json	236	
bucket	repo-hygiene/git_tip/artifacts/p2/ei_reductio_f0_s5_t2_ivT/args.json	607	
bucket	repo-hygiene/git_tip/artifacts/p2/ei_reductio_f0_s5_t2_ivT/found_8.jsonl	0	
bucket	repo-hygiene/git_tip/artifacts/p2/ei_reductio_f0_s5_t2_ivT/found_transfer_8.jsonl	0	
bucket	repo-hygiene/git_tip/artifacts/p2/ei_reductio_f0_s5_t2_ivT/round_5.json	5901	
bucket	repo-hygiene/git_tip/artifacts/p2/ei_reductio_f0_s5_t2_ivT/round_6.json	5901	
bucket	repo-hygiene/git_tip/artifacts/p2/ei_reductio_f0_s5_t2_ivT/round_7.json	5901	
bucket	repo-hygiene/git_tip/artifacts/p2/ei_reductio_f0_s5_t2_ivT/round_8.json	5900	
bucket	repo-hygiene/git_tip/artifacts/p2/ei_reductio_f0_s6_t2/args.json	568	
bucket	repo-hygiene/git_tip/artifacts/p2/ei_reductio_f0_s6_t2/found_8.jsonl	0	
bucket	repo-hygiene/git_tip/artifacts/p2/ei_reductio_f0_s6_t2/found_transfer_8.jsonl	0	
bucket	repo-hygiene/git_tip/artifacts/p2/ei_reductio_f0_s6_t2/round_1.json	5877	
bucket	repo-hygiene/git_tip/artifacts/p2/ei_reductio_f0_s6_t2/round_2.json	5878	
bucket	repo-hygiene/git_tip/artifacts/p2/ei_reductio_f0_s6_t2/round_3.json	5888	
bucket	repo-hygiene/git_tip/artifacts/p2/ei_reductio_f0_s6_t2/round_4.json	5889	
bucket	repo-hygiene/git_tip/artifacts/p2/ei_reductio_f0_s6_t2/round_5.json	5878	
bucket	repo-hygiene/git_tip/artifacts/p2/ei_reductio_f0_s6_t2/round_6.json	5876	
bucket	repo-hygiene/git_tip/artifacts/p2/ei_reductio_f0_s6_t2/round_7.json	5878	
bucket	repo-hygiene/git_tip/artifacts/p2/ei_reductio_f0_s6_t2/round_8.json	5901	
bucket	repo-hygiene/git_tip/artifacts/p2/ei_reductio_f0_s6_t2_ivK/args.json	607	
bucket	repo-hygiene/git_tip/artifacts/p2/ei_reductio_f0_s6_t2_ivK/found_8.jsonl	0	
bucket	repo-hygiene/git_tip/artifacts/p2/ei_reductio_f0_s6_t2_ivK/found_transfer_8.jsonl	0	
bucket	repo-hygiene/git_tip/artifacts/p2/ei_reductio_f0_s6_t2_ivK/round_5.json	5901	
bucket	repo-hygiene/git_tip/artifacts/p2/ei_reductio_f0_s6_t2_ivK/round_6.json	5877	
bucket	repo-hygiene/git_tip/artifacts/p2/ei_reductio_f0_s6_t2_ivK/round_7.json	5877	
bucket	repo-hygiene/git_tip/artifacts/p2/ei_reductio_f0_s6_t2_ivK/round_8.json	5900	
bucket	repo-hygiene/git_tip/artifacts/p2/ei_reductio_f0_s6_t2_ivS/args.json	610	
bucket	repo-hygiene/git_tip/artifacts/p2/ei_reductio_f0_s6_t2_ivS/found_8.jsonl	1729689	
bucket	repo-hygiene/git_tip/artifacts/p2/ei_reductio_f0_s6_t2_ivS/found_transfer_8.jsonl	730400	
bucket	repo-hygiene/git_tip/artifacts/p2/ei_reductio_f0_s6_t2_ivS/round_5.json	6666	
bucket	repo-hygiene/git_tip/artifacts/p2/ei_reductio_f0_s6_t2_ivS/round_6.json	6847	
bucket	repo-hygiene/git_tip/artifacts/p2/ei_reductio_f0_s6_t2_ivS/round_7.json	6917	
bucket	repo-hygiene/git_tip/artifacts/p2/ei_reductio_f0_s6_t2_ivS/round_8.json	6932	
bucket	repo-hygiene/git_tip/artifacts/p2/ei_reductio_f0_s6_t2_ivS_transfer.json	236	
bucket	repo-hygiene/git_tip/artifacts/p2/ei_reductio_f0_s6_t2_ivT/args.json	607	
bucket	repo-hygiene/git_tip/artifacts/p2/ei_reductio_f0_s6_t2_ivT/found_8.jsonl	0	
bucket	repo-hygiene/git_tip/artifacts/p2/ei_reductio_f0_s6_t2_ivT/found_transfer_8.jsonl	0	
bucket	repo-hygiene/git_tip/artifacts/p2/ei_reductio_f0_s6_t2_ivT/round_5.json	5911	
bucket	repo-hygiene/git_tip/artifacts/p2/ei_reductio_f0_s6_t2_ivT/round_6.json	5878	
bucket	repo-hygiene/git_tip/artifacts/p2/ei_reductio_f0_s6_t2_ivT/round_7.json	5878	
bucket	repo-hygiene/git_tip/artifacts/p2/ei_reductio_f0_s6_t2_ivT/round_8.json	5900	
bucket	repo-hygiene/git_tip/artifacts/p2/ei_reductio_f0_s7_t2/args.json	568	
bucket	repo-hygiene/git_tip/artifacts/p2/ei_reductio_f0_s7_t2/found_8.jsonl	1928282	
bucket	repo-hygiene/git_tip/artifacts/p2/ei_reductio_f0_s7_t2/found_transfer_8.jsonl	916612	
bucket	repo-hygiene/git_tip/artifacts/p2/ei_reductio_f0_s7_t2/round_1.json	6114	
bucket	repo-hygiene/git_tip/artifacts/p2/ei_reductio_f0_s7_t2/round_2.json	6351	
bucket	repo-hygiene/git_tip/artifacts/p2/ei_reductio_f0_s7_t2/round_3.json	6496	
bucket	repo-hygiene/git_tip/artifacts/p2/ei_reductio_f0_s7_t2/round_4.json	6638	
bucket	repo-hygiene/git_tip/artifacts/p2/ei_reductio_f0_s7_t2/round_5.json	6678	
bucket	repo-hygiene/git_tip/artifacts/p2/ei_reductio_f0_s7_t2/round_6.json	6943	
bucket	repo-hygiene/git_tip/artifacts/p2/ei_reductio_f0_s7_t2/round_7.json	7013	
bucket	repo-hygiene/git_tip/artifacts/p2/ei_reductio_f0_s7_t2/round_8.json	6860	
bucket	repo-hygiene/git_tip/artifacts/p2/ei_reductio_f0_s8_t2/args.json	568	
bucket	repo-hygiene/git_tip/artifacts/p2/ei_reductio_f0_s8_t2/found_8.jsonl	0	
bucket	repo-hygiene/git_tip/artifacts/p2/ei_reductio_f0_s8_t2/found_transfer_8.jsonl	0	
bucket	repo-hygiene/git_tip/artifacts/p2/ei_reductio_f0_s8_t2/round_1.json	5915	
bucket	repo-hygiene/git_tip/artifacts/p2/ei_reductio_f0_s8_t2/round_2.json	5914	
bucket	repo-hygiene/git_tip/artifacts/p2/ei_reductio_f0_s8_t2/round_3.json	5915	
bucket	repo-hygiene/git_tip/artifacts/p2/ei_reductio_f0_s8_t2/round_4.json	5915	
bucket	repo-hygiene/git_tip/artifacts/p2/ei_reductio_f0_s8_t2/round_5.json	5915	
bucket	repo-hygiene/git_tip/artifacts/p2/ei_reductio_f0_s8_t2/round_6.json	5914	
bucket	repo-hygiene/git_tip/artifacts/p2/ei_reductio_f0_s8_t2/round_7.json	5913	
bucket	repo-hygiene/git_tip/artifacts/p2/ei_reductio_f0_s8_t2/round_8.json	5938	
bucket	repo-hygiene/git_tip/artifacts/p2/ei_reductio_f0_s8_t2_ivK/args.json	607	
bucket	repo-hygiene/git_tip/artifacts/p2/ei_reductio_f0_s8_t2_ivK/found_8.jsonl	0	
bucket	repo-hygiene/git_tip/artifacts/p2/ei_reductio_f0_s8_t2_ivK/found_transfer_8.jsonl	0	
bucket	repo-hygiene/git_tip/artifacts/p2/ei_reductio_f0_s8_t2_ivK/round_5.json	5929	
bucket	repo-hygiene/git_tip/artifacts/p2/ei_reductio_f0_s8_t2_ivK/round_6.json	5915	
bucket	repo-hygiene/git_tip/artifacts/p2/ei_reductio_f0_s8_t2_ivK/round_7.json	5913	
bucket	repo-hygiene/git_tip/artifacts/p2/ei_reductio_f0_s8_t2_ivK/round_8.json	5938	
bucket	repo-hygiene/git_tip/artifacts/p2/ei_reductio_f0_s8_t2_ivS/args.json	610	
bucket	repo-hygiene/git_tip/artifacts/p2/ei_reductio_f0_s8_t2_ivS/found_8.jsonl	1660188	
bucket	repo-hygiene/git_tip/artifacts/p2/ei_reductio_f0_s8_t2_ivS/found_transfer_8.jsonl	796026	
bucket	repo-hygiene/git_tip/artifacts/p2/ei_reductio_f0_s8_t2_ivS/round_5.json	6885	
bucket	repo-hygiene/git_tip/artifacts/p2/ei_reductio_f0_s8_t2_ivS/round_6.json	6925	
bucket	repo-hygiene/git_tip/artifacts/p2/ei_reductio_f0_s8_t2_ivS/round_7.json	6838	
bucket	repo-hygiene/git_tip/artifacts/p2/ei_reductio_f0_s8_t2_ivS/round_8.json	6914	
bucket	repo-hygiene/git_tip/artifacts/p2/ei_reductio_f0_s8_t2_ivS_transfer.json	236	
bucket	repo-hygiene/git_tip/artifacts/p2/ei_reductio_f0_s8_t2_ivT/args.json	607	
bucket	repo-hygiene/git_tip/artifacts/p2/ei_reductio_f0_s8_t2_ivT/found_8.jsonl	0	
bucket	repo-hygiene/git_tip/artifacts/p2/ei_reductio_f0_s8_t2_ivT/found_transfer_8.jsonl	0	
bucket	repo-hygiene/git_tip/artifacts/p2/ei_reductio_f0_s8_t2_ivT/round_5.json	5960	
bucket	repo-hygiene/git_tip/artifacts/p2/ei_reductio_f0_s8_t2_ivT/round_6.json	5915	
bucket	repo-hygiene/git_tip/artifacts/p2/ei_reductio_f0_s8_t2_ivT/round_7.json	5914	
bucket	repo-hygiene/git_tip/artifacts/p2/ei_reductio_f0_s8_t2_ivT/round_8.json	5937	
bucket	repo-hygiene/git_tip/artifacts/p2/ei_reductio_f0_s9_t2/args.json	568	
bucket	repo-hygiene/git_tip/artifacts/p2/ei_reductio_f0_s9_t2/found_8.jsonl	466341	
bucket	repo-hygiene/git_tip/artifacts/p2/ei_reductio_f0_s9_t2/found_transfer_8.jsonl	201611	
bucket	repo-hygiene/git_tip/artifacts/p2/ei_reductio_f0_s9_t2/round_1.json	5914	
bucket	repo-hygiene/git_tip/artifacts/p2/ei_reductio_f0_s9_t2/round_2.json	5913	
bucket	repo-hygiene/git_tip/artifacts/p2/ei_reductio_f0_s9_t2/round_3.json	5913	
bucket	repo-hygiene/git_tip/artifacts/p2/ei_reductio_f0_s9_t2/round_4.json	5914	
bucket	repo-hygiene/git_tip/artifacts/p2/ei_reductio_f0_s9_t2/round_5.json	5914	
bucket	repo-hygiene/git_tip/artifacts/p2/ei_reductio_f0_s9_t2/round_6.json	6327	
bucket	repo-hygiene/git_tip/artifacts/p2/ei_reductio_f0_s9_t2/round_7.json	6412	
bucket	repo-hygiene/git_tip/artifacts/p2/ei_reductio_f0_s9_t2/round_8.json	6357	
bucket	repo-hygiene/git_tip/artifacts/p2/ei_reductio_f0_s9_t2_ivK/args.json	607	
bucket	repo-hygiene/git_tip/artifacts/p2/ei_reductio_f0_s9_t2_ivK/found_8.jsonl	326682	
bucket	repo-hygiene/git_tip/artifacts/p2/ei_reductio_f0_s9_t2_ivK/found_transfer_8.jsonl	169498	
bucket	repo-hygiene/git_tip/artifacts/p2/ei_reductio_f0_s9_t2_ivK/round_5.json	6141	
bucket	repo-hygiene/git_tip/artifacts/p2/ei_reductio_f0_s9_t2_ivK/round_6.json	6326	
bucket	repo-hygiene/git_tip/artifacts/p2/ei_reductio_f0_s9_t2_ivK/round_7.json	6368	
bucket	repo-hygiene/git_tip/artifacts/p2/ei_reductio_f0_s9_t2_ivK/round_8.json	6364	
bucket	repo-hygiene/git_tip/artifacts/p2/ei_reductio_f0_s9_t2_ivS/args.json	610	
bucket	repo-hygiene/git_tip/artifacts/p2/ei_reductio_f0_s9_t2_ivS/found_8.jsonl	965205	
bucket	repo-hygiene/git_tip/artifacts/p2/ei_reductio_f0_s9_t2_ivS/found_transfer_8.jsonl	460633	
bucket	repo-hygiene/git_tip/artifacts/p2/ei_reductio_f0_s9_t2_ivS/round_5.json	6647	
bucket	repo-hygiene/git_tip/artifacts/p2/ei_reductio_f0_s9_t2_ivS/round_6.json	6536	
bucket	repo-hygiene/git_tip/artifacts/p2/ei_reductio_f0_s9_t2_ivS/round_7.json	6556	
bucket	repo-hygiene/git_tip/artifacts/p2/ei_reductio_f0_s9_t2_ivS/round_8.json	6708	
bucket	repo-hygiene/git_tip/artifacts/p2/ei_reductio_f0_s9_t2_ivS_transfer.json	236	
bucket	repo-hygiene/git_tip/artifacts/p2/ei_reductio_f0_s9_t2_ivT/args.json	607	
bucket	repo-hygiene/git_tip/artifacts/p2/ei_reductio_f0_s9_t2_ivT/found_8.jsonl	233558	
bucket	repo-hygiene/git_tip/artifacts/p2/ei_reductio_f0_s9_t2_ivT/found_transfer_8.jsonl	121394	
bucket	repo-hygiene/git_tip/artifacts/p2/ei_reductio_f0_s9_t2_ivT/round_5.json	5914	
bucket	repo-hygiene/git_tip/artifacts/p2/ei_reductio_f0_s9_t2_ivT/round_6.json	6326	
bucket	repo-hygiene/git_tip/artifacts/p2/ei_reductio_f0_s9_t2_ivT/round_7.json	6391	
bucket	repo-hygiene/git_tip/artifacts/p2/ei_reductio_f0_s9_t2_ivT/round_8.json	6416	
bucket	repo-hygiene/git_tip/artifacts/p2/frozen_depth3_f0.1_b1_s0/args.json	571	
bucket	repo-hygiene/git_tip/artifacts/p2/frozen_depth3_f0.1_b1_s0/found_8.jsonl	3689663	
bucket	repo-hygiene/git_tip/artifacts/p2/frozen_depth3_f0.1_b1_s0/found_transfer_8.jsonl	1894226	
bucket	repo-hygiene/git_tip/artifacts/p2/frozen_depth3_f0.1_b1_s0/round_1.json	8603	
bucket	repo-hygiene/git_tip/artifacts/p2/frozen_depth3_f0.1_b1_s0/round_2.json	8630	
bucket	repo-hygiene/git_tip/artifacts/p2/frozen_depth3_f0.1_b1_s0/round_3.json	8659	
bucket	repo-hygiene/git_tip/artifacts/p2/frozen_depth3_f0.1_b1_s0/round_4.json	8641	
bucket	repo-hygiene/git_tip/artifacts/p2/frozen_depth3_f0.1_b1_s0/round_5.json	8646	
bucket	repo-hygiene/git_tip/artifacts/p2/frozen_depth3_f0.1_b1_s0/round_6.json	8669	
bucket	repo-hygiene/git_tip/artifacts/p2/frozen_depth3_f0.1_b1_s0/round_7.json	8650	
bucket	repo-hygiene/git_tip/artifacts/p2/frozen_depth3_f0.1_b1_s0/round_8.json	8629	
bucket	repo-hygiene/git_tip/artifacts/p2/frozen_depth3_f0.1_b1_s1/args.json	571	
bucket	repo-hygiene/git_tip/artifacts/p2/frozen_depth3_f0.1_b1_s1/found_8.jsonl	3241564	
bucket	repo-hygiene/git_tip/artifacts/p2/frozen_depth3_f0.1_b1_s1/found_transfer_8.jsonl	1657906	
bucket	repo-hygiene/git_tip/artifacts/p2/frozen_depth3_f0.1_b1_s1/round_1.json	8666	
bucket	repo-hygiene/git_tip/artifacts/p2/frozen_depth3_f0.1_b1_s1/round_2.json	8657	
bucket	repo-hygiene/git_tip/artifacts/p2/frozen_depth3_f0.1_b1_s1/round_3.json	8621	
bucket	repo-hygiene/git_tip/artifacts/p2/frozen_depth3_f0.1_b1_s1/round_4.json	8684	
bucket	repo-hygiene/git_tip/artifacts/p2/frozen_depth3_f0.1_b1_s1/round_5.json	8693	
bucket	repo-hygiene/git_tip/artifacts/p2/frozen_depth3_f0.1_b1_s1/round_6.json	8694	
bucket	repo-hygiene/git_tip/artifacts/p2/frozen_depth3_f0.1_b1_s1/round_7.json	8667	
bucket	repo-hygiene/git_tip/artifacts/p2/frozen_depth3_f0.1_b1_s1/round_8.json	8690	
bucket	repo-hygiene/git_tip/artifacts/p2/frozen_depth3_f0.1_b2_s0/args.json	571	
bucket	repo-hygiene/git_tip/artifacts/p2/frozen_depth3_f0.1_b2_s0/found_8.jsonl	2698786	
bucket	repo-hygiene/git_tip/artifacts/p2/frozen_depth3_f0.1_b2_s0/found_transfer_8.jsonl	1326035	
bucket	repo-hygiene/git_tip/artifacts/p2/frozen_depth3_f0.1_b2_s0/round_1.json	8561	
bucket	repo-hygiene/git_tip/artifacts/p2/frozen_depth3_f0.1_b2_s0/round_2.json	8598	
bucket	repo-hygiene/git_tip/artifacts/p2/frozen_depth3_f0.1_b2_s0/round_3.json	8605	
bucket	repo-hygiene/git_tip/artifacts/p2/frozen_depth3_f0.1_b2_s0/round_4.json	8615	
bucket	repo-hygiene/git_tip/artifacts/p2/frozen_depth3_f0.1_b2_s0/round_5.json	8619	
bucket	repo-hygiene/git_tip/artifacts/p2/frozen_depth3_f0.1_b2_s0/round_6.json	8604	
bucket	repo-hygiene/git_tip/artifacts/p2/frozen_depth3_f0.1_b2_s0/round_7.json	8623	
bucket	repo-hygiene/git_tip/artifacts/p2/frozen_depth3_f0.1_b2_s0/round_8.json	8594	
bucket	repo-hygiene/git_tip/artifacts/p2/frozen_depth3_f0.1_b2_s1/args.json	571	
bucket	repo-hygiene/git_tip/artifacts/p2/frozen_depth3_f0.1_b2_s1/found_8.jsonl	2932989	
bucket	repo-hygiene/git_tip/artifacts/p2/frozen_depth3_f0.1_b2_s1/found_transfer_8.jsonl	1667700	
bucket	repo-hygiene/git_tip/artifacts/p2/frozen_depth3_f0.1_b2_s1/round_1.json	8732	
bucket	repo-hygiene/git_tip/artifacts/p2/frozen_depth3_f0.1_b2_s1/round_2.json	8701	
bucket	repo-hygiene/git_tip/artifacts/p2/frozen_depth3_f0.1_b2_s1/round_3.json	8737	
bucket	repo-hygiene/git_tip/artifacts/p2/frozen_depth3_f0.1_b2_s1/round_4.json	8769	
bucket	repo-hygiene/git_tip/artifacts/p2/frozen_depth3_f0.1_b2_s1/round_5.json	8751	
bucket	repo-hygiene/git_tip/artifacts/p2/frozen_depth3_f0.1_b2_s1/round_6.json	8743	
bucket	repo-hygiene/git_tip/artifacts/p2/frozen_depth3_f0.1_b2_s1/round_7.json	8746	
bucket	repo-hygiene/git_tip/artifacts/p2/frozen_depth3_f0.1_b2_s1/round_8.json	8794	
bucket	repo-hygiene/git_tip/artifacts/p2/frozen_depth3_f0.1_s0/args.json	520	
bucket	repo-hygiene/git_tip/artifacts/p2/frozen_depth3_f0.1_s0/found_8.jsonl	2433935	
bucket	repo-hygiene/git_tip/artifacts/p2/frozen_depth3_f0.1_s0/found_transfer_8.jsonl	1328481	
bucket	repo-hygiene/git_tip/artifacts/p2/frozen_depth3_f0.1_s0/round_1.json	8634	
bucket	repo-hygiene/git_tip/artifacts/p2/frozen_depth3_f0.1_s0/round_2.json	8675	
bucket	repo-hygiene/git_tip/artifacts/p2/frozen_depth3_f0.1_s0/round_3.json	8656	
bucket	repo-hygiene/git_tip/artifacts/p2/frozen_depth3_f0.1_s0/round_4.json	8662	
bucket	repo-hygiene/git_tip/artifacts/p2/frozen_depth3_f0.1_s0/round_5.json	8664	
bucket	repo-hygiene/git_tip/artifacts/p2/frozen_depth3_f0.1_s0/round_6.json	8662	
bucket	repo-hygiene/git_tip/artifacts/p2/frozen_depth3_f0.1_s0/round_7.json	8673	
bucket	repo-hygiene/git_tip/artifacts/p2/frozen_depth3_f0.1_s0/round_8.json	8686	
bucket	repo-hygiene/git_tip/artifacts/p2/frozen_depth3_f0_a1_s0/args.json	565	
bucket	repo-hygiene/git_tip/artifacts/p2/frozen_depth3_f0_a1_s0/found_8.jsonl	3811073	
bucket	repo-hygiene/git_tip/artifacts/p2/frozen_depth3_f0_a1_s0/found_transfer_8.jsonl	1784063	
bucket	repo-hygiene/git_tip/artifacts/p2/frozen_depth3_f0_a1_s0/round_1.json	8748	
bucket	repo-hygiene/git_tip/artifacts/p2/frozen_depth3_f0_a1_s0/round_2.json	8765	
bucket	repo-hygiene/git_tip/artifacts/p2/frozen_depth3_f0_a1_s0/round_3.json	8796	
bucket	repo-hygiene/git_tip/artifacts/p2/frozen_depth3_f0_a1_s0/round_4.json	8784	
bucket	repo-hygiene/git_tip/artifacts/p2/frozen_depth3_f0_a1_s0/round_5.json	8783	
bucket	repo-hygiene/git_tip/artifacts/p2/frozen_depth3_f0_a1_s0/round_6.json	8781	
bucket	repo-hygiene/git_tip/artifacts/p2/frozen_depth3_f0_a1_s0/round_7.json	8770	
bucket	repo-hygiene/git_tip/artifacts/p2/frozen_depth3_f0_a1_s0/round_8.json	8795	
bucket	repo-hygiene/git_tip/artifacts/p2/frozen_depth3_f0_a1_s1/args.json	565	
bucket	repo-hygiene/git_tip/artifacts/p2/frozen_depth3_f0_a1_s1/found_8.jsonl	3817214	
bucket	repo-hygiene/git_tip/artifacts/p2/frozen_depth3_f0_a1_s1/found_transfer_8.jsonl	2057811	
bucket	repo-hygiene/git_tip/artifacts/p2/frozen_depth3_f0_a1_s1/round_1.json	8660	
bucket	repo-hygiene/git_tip/artifacts/p2/frozen_depth3_f0_a1_s1/round_2.json	8649	
bucket	repo-hygiene/git_tip/artifacts/p2/frozen_depth3_f0_a1_s1/round_3.json	8670	
bucket	repo-hygiene/git_tip/artifacts/p2/frozen_depth3_f0_a1_s1/round_4.json	8651	
bucket	repo-hygiene/git_tip/artifacts/p2/frozen_depth3_f0_a1_s1/round_5.json	8662	
bucket	repo-hygiene/git_tip/artifacts/p2/frozen_depth3_f0_a1_s1/round_6.json	8671	
bucket	repo-hygiene/git_tip/artifacts/p2/frozen_depth3_f0_a1_s1/round_7.json	8663	
bucket	repo-hygiene/git_tip/artifacts/p2/frozen_depth3_f0_a1_s1/round_8.json	8664	
bucket	repo-hygiene/git_tip/artifacts/p2/frozen_depth3_f0_a2_s0/args.json	565	
bucket	repo-hygiene/git_tip/artifacts/p2/frozen_depth3_f0_a2_s0/found_8.jsonl	3562643	
bucket	repo-hygiene/git_tip/artifacts/p2/frozen_depth3_f0_a2_s0/found_transfer_8.jsonl	1782301	
bucket	repo-hygiene/git_tip/artifacts/p2/frozen_depth3_f0_a2_s0/round_1.json	8643	
bucket	repo-hygiene/git_tip/artifacts/p2/frozen_depth3_f0_a2_s0/round_2.json	8655	
bucket	repo-hygiene/git_tip/artifacts/p2/frozen_depth3_f0_a2_s0/round_3.json	8614	
bucket	repo-hygiene/git_tip/artifacts/p2/frozen_depth3_f0_a2_s0/round_4.json	8637	
bucket	repo-hygiene/git_tip/artifacts/p2/frozen_depth3_f0_a2_s0/round_5.json	8635	
bucket	repo-hygiene/git_tip/artifacts/p2/frozen_depth3_f0_a2_s0/round_6.json	8671	
bucket	repo-hygiene/git_tip/artifacts/p2/frozen_depth3_f0_a2_s0/round_7.json	8635	
bucket	repo-hygiene/git_tip/artifacts/p2/frozen_depth3_f0_a2_s0/round_8.json	8641	
bucket	repo-hygiene/git_tip/artifacts/p2/frozen_depth3_f0_a2_s1/args.json	565	
bucket	repo-hygiene/git_tip/artifacts/p2/frozen_depth3_f0_a2_s1/found_8.jsonl	2957229	
bucket	repo-hygiene/git_tip/artifacts/p2/frozen_depth3_f0_a2_s1/found_transfer_8.jsonl	1423388	
bucket	repo-hygiene/git_tip/artifacts/p2/frozen_depth3_f0_a2_s1/round_1.json	8620	
bucket	repo-hygiene/git_tip/artifacts/p2/frozen_depth3_f0_a2_s1/round_2.json	8609	
bucket	repo-hygiene/git_tip/artifacts/p2/frozen_depth3_f0_a2_s1/round_3.json	8626	
bucket	repo-hygiene/git_tip/artifacts/p2/frozen_depth3_f0_a2_s1/round_4.json	8665	
bucket	repo-hygiene/git_tip/artifacts/p2/frozen_depth3_f0_a2_s1/round_5.json	8652	
bucket	repo-hygiene/git_tip/artifacts/p2/frozen_depth3_f0_a2_s1/round_6.json	8662	
bucket	repo-hygiene/git_tip/artifacts/p2/frozen_depth3_f0_a2_s1/round_7.json	8681	
bucket	repo-hygiene/git_tip/artifacts/p2/frozen_depth3_f0_a2_s1/round_8.json	8651	
bucket	repo-hygiene/git_tip/artifacts/p2/frozen_depth3_f0_a3_s0/args.json	565	
bucket	repo-hygiene/git_tip/artifacts/p2/frozen_depth3_f0_a3_s0/found_8.jsonl	1745469	
bucket	repo-hygiene/git_tip/artifacts/p2/frozen_depth3_f0_a3_s0/found_transfer_8.jsonl	867595	
bucket	repo-hygiene/git_tip/artifacts/p2/frozen_depth3_f0_a3_s0/round_1.json	8481	
bucket	repo-hygiene/git_tip/artifacts/p2/frozen_depth3_f0_a3_s0/round_2.json	8486	
bucket	repo-hygiene/git_tip/artifacts/p2/frozen_depth3_f0_a3_s0/round_3.json	8474	
bucket	repo-hygiene/git_tip/artifacts/p2/frozen_depth3_f0_a3_s0/round_4.json	8471	
bucket	repo-hygiene/git_tip/artifacts/p2/frozen_depth3_f0_a3_s0/round_5.json	8474	
bucket	repo-hygiene/git_tip/artifacts/p2/frozen_depth3_f0_a3_s0/round_6.json	8514	
bucket	repo-hygiene/git_tip/artifacts/p2/frozen_depth3_f0_a3_s0/round_7.json	8549	
bucket	repo-hygiene/git_tip/artifacts/p2/frozen_depth3_f0_a3_s0/round_8.json	8519	
bucket	repo-hygiene/git_tip/artifacts/p2/frozen_depth3_f0_a3_s1/args.json	565	
bucket	repo-hygiene/git_tip/artifacts/p2/frozen_depth3_f0_a3_s1/found_8.jsonl	2593415	
bucket	repo-hygiene/git_tip/artifacts/p2/frozen_depth3_f0_a3_s1/found_transfer_8.jsonl	1232643	
bucket	repo-hygiene/git_tip/artifacts/p2/frozen_depth3_f0_a3_s1/round_1.json	8546	
bucket	repo-hygiene/git_tip/artifacts/p2/frozen_depth3_f0_a3_s1/round_2.json	8589	
bucket	repo-hygiene/git_tip/artifacts/p2/frozen_depth3_f0_a3_s1/round_3.json	8572	
bucket	repo-hygiene/git_tip/artifacts/p2/frozen_depth3_f0_a3_s1/round_4.json	8621	
bucket	repo-hygiene/git_tip/artifacts/p2/frozen_depth3_f0_a3_s1/round_5.json	8589	
bucket	repo-hygiene/git_tip/artifacts/p2/frozen_depth3_f0_a3_s1/round_6.json	8609	
bucket	repo-hygiene/git_tip/artifacts/p2/frozen_depth3_f0_a3_s1/round_7.json	8593	
bucket	repo-hygiene/git_tip/artifacts/p2/frozen_depth3_f0_a3_s1/round_8.json	8570	
bucket	repo-hygiene/git_tip/artifacts/p2/frozen_depth3_f0_s0/args.json	556	
bucket	repo-hygiene/git_tip/artifacts/p2/frozen_depth3_f0_s0/found_8.jsonl	641431	
bucket	repo-hygiene/git_tip/artifacts/p2/frozen_depth3_f0_s0/found_transfer_8.jsonl	547585	
bucket	repo-hygiene/git_tip/artifacts/p2/frozen_depth3_f0_s0/round_1.json	8535	
bucket	repo-hygiene/git_tip/artifacts/p2/frozen_depth3_f0_s0/round_2.json	8538	
bucket	repo-hygiene/git_tip/artifacts/p2/frozen_depth3_f0_s0/round_3.json	8537	
bucket	repo-hygiene/git_tip/artifacts/p2/frozen_depth3_f0_s0/round_4.json	8525	
bucket	repo-hygiene/git_tip/artifacts/p2/frozen_depth3_f0_s0/round_5.json	8533	
bucket	repo-hygiene/git_tip/artifacts/p2/frozen_depth3_f0_s0/round_6.json	8540	
bucket	repo-hygiene/git_tip/artifacts/p2/frozen_depth3_f0_s0/round_7.json	8537	
bucket	repo-hygiene/git_tip/artifacts/p2/frozen_depth3_f0_s0/round_8.json	8541	
bucket	repo-hygiene/git_tip/artifacts/p2/frozen_derived_ore_f0.02_s0/args.json	590	
bucket	repo-hygiene/git_tip/artifacts/p2/frozen_derived_ore_f0.02_s0/found_8.jsonl	1808166	
bucket	repo-hygiene/git_tip/artifacts/p2/frozen_derived_ore_f0.02_s0/found_transfer_8.jsonl	1809935	
bucket	repo-hygiene/git_tip/artifacts/p2/frozen_derived_ore_f0.02_s0/round_1.json	6888	
bucket	repo-hygiene/git_tip/artifacts/p2/frozen_derived_ore_f0.02_s0/round_2.json	6904	
bucket	repo-hygiene/git_tip/artifacts/p2/frozen_derived_ore_f0.02_s0/round_3.json	6928	
bucket	repo-hygiene/git_tip/artifacts/p2/frozen_derived_ore_f0.02_s0/round_4.json	6929	
bucket	repo-hygiene/git_tip/artifacts/p2/frozen_derived_ore_f0.02_s0/round_5.json	6948	
bucket	repo-hygiene/git_tip/artifacts/p2/frozen_derived_ore_f0.02_s0/round_6.json	6950	
bucket	repo-hygiene/git_tip/artifacts/p2/frozen_derived_ore_f0.02_s0/round_7.json	6951	
bucket	repo-hygiene/git_tip/artifacts/p2/frozen_derived_ore_f0.02_s0/round_8.json	6935	
bucket	repo-hygiene/git_tip/artifacts/p2/frozen_derived_ore_f0_s0/args.json	581	
bucket	repo-hygiene/git_tip/artifacts/p2/frozen_derived_ore_f0_s0/found_8.jsonl	3103600	
bucket	repo-hygiene/git_tip/artifacts/p2/frozen_derived_ore_f0_s0/found_transfer_8.jsonl	3205930	
bucket	repo-hygiene/git_tip/artifacts/p2/frozen_derived_ore_f0_s0/round_1.json	6843	
bucket	repo-hygiene/git_tip/artifacts/p2/frozen_derived_ore_f0_s0/round_2.json	6844	
bucket	repo-hygiene/git_tip/artifacts/p2/frozen_derived_ore_f0_s0/round_3.json	6840	
bucket	repo-hygiene/git_tip/artifacts/p2/frozen_derived_ore_f0_s0/round_4.json	6849	
bucket	repo-hygiene/git_tip/artifacts/p2/frozen_derived_ore_f0_s0/round_5.json	6840	
bucket	repo-hygiene/git_tip/artifacts/p2/frozen_derived_ore_f0_s0/round_6.json	6834	
bucket	repo-hygiene/git_tip/artifacts/p2/frozen_derived_ore_f0_s0/round_7.json	6831	
bucket	repo-hygiene/git_tip/artifacts/p2/frozen_derived_ore_f0_s0/round_8.json	6837	
bucket	repo-hygiene/git_tip/artifacts/p2/frozen_derived_ore_strict_f0_c8_s0/args.json	596	
bucket	repo-hygiene/git_tip/artifacts/p2/frozen_derived_ore_strict_f0_c8_s0/found_8.jsonl	4217486	
bucket	repo-hygiene/git_tip/artifacts/p2/frozen_derived_ore_strict_f0_c8_s0/found_transfer_8.jsonl	2572311	
bucket	repo-hygiene/git_tip/artifacts/p2/frozen_derived_ore_strict_f0_c8_s0/round_1.json	8781	
bucket	repo-hygiene/git_tip/artifacts/p2/frozen_derived_ore_strict_f0_c8_s0/round_2.json	8774	
bucket	repo-hygiene/git_tip/artifacts/p2/frozen_derived_ore_strict_f0_c8_s0/round_3.json	8759	
bucket	repo-hygiene/git_tip/artifacts/p2/frozen_derived_ore_strict_f0_c8_s0/round_4.json	8763	
bucket	repo-hygiene/git_tip/artifacts/p2/frozen_derived_ore_strict_f0_c8_s0/round_5.json	8777	
bucket	repo-hygiene/git_tip/artifacts/p2/frozen_derived_ore_strict_f0_c8_s0/round_6.json	8830	
bucket	repo-hygiene/git_tip/artifacts/p2/frozen_derived_ore_strict_f0_c8_s0/round_7.json	8783	
bucket	repo-hygiene/git_tip/artifacts/p2/frozen_derived_ore_strict_f0_c8_s0/round_8.json	8789	
bucket	repo-hygiene/git_tip/artifacts/p2/frozen_derived_ore_strict_f0_c8_s1/args.json	596	
bucket	repo-hygiene/git_tip/artifacts/p2/frozen_derived_ore_strict_f0_c8_s1/found_8.jsonl	4620792	
bucket	repo-hygiene/git_tip/artifacts/p2/frozen_derived_ore_strict_f0_c8_s1/found_transfer_8.jsonl	3052947	
bucket	repo-hygiene/git_tip/artifacts/p2/frozen_derived_ore_strict_f0_c8_s1/round_1.json	8801	
bucket	repo-hygiene/git_tip/artifacts/p2/frozen_derived_ore_strict_f0_c8_s1/round_2.json	8804	
bucket	repo-hygiene/git_tip/artifacts/p2/frozen_derived_ore_strict_f0_c8_s1/round_3.json	8798	
bucket	repo-hygiene/git_tip/artifacts/p2/frozen_derived_ore_strict_f0_c8_s1/round_4.json	8797	
bucket	repo-hygiene/git_tip/artifacts/p2/frozen_derived_ore_strict_f0_c8_s1/round_5.json	8793	
bucket	repo-hygiene/git_tip/artifacts/p2/frozen_derived_ore_strict_f0_c8_s1/round_6.json	8815	
bucket	repo-hygiene/git_tip/artifacts/p2/frozen_derived_ore_strict_f0_c8_s1/round_7.json	8805	
bucket	repo-hygiene/git_tip/artifacts/p2/frozen_derived_ore_strict_f0_c8_s1/round_8.json	8855	
bucket	repo-hygiene/git_tip/artifacts/p2/frozen_reductio_f0.1_s0/args.json	572	
bucket	repo-hygiene/git_tip/artifacts/p2/frozen_reductio_f0.1_s0/found_8.jsonl	630901	
bucket	repo-hygiene/git_tip/artifacts/p2/frozen_reductio_f0.1_s0/found_transfer_8.jsonl	130934	
bucket	repo-hygiene/git_tip/artifacts/p2/frozen_reductio_f0.1_s0/round_1.json	7676	
bucket	repo-hygiene/git_tip/artifacts/p2/frozen_reductio_f0.1_s0/round_2.json	7681	
bucket	repo-hygiene/git_tip/artifacts/p2/frozen_reductio_f0.1_s0/round_3.json	7752	
bucket	repo-hygiene/git_tip/artifacts/p2/frozen_reductio_f0.1_s0/round_4.json	7750	
bucket	repo-hygiene/git_tip/artifacts/p2/frozen_reductio_f0.1_s0/round_5.json	7726	
bucket	repo-hygiene/git_tip/artifacts/p2/frozen_reductio_f0.1_s0/round_6.json	7704	
bucket	repo-hygiene/git_tip/artifacts/p2/frozen_reductio_f0.1_s0/round_7.json	7722	
bucket	repo-hygiene/git_tip/artifacts/p2/frozen_reductio_f0.1_s0/round_8.json	7714	
bucket	repo-hygiene/git_tip/artifacts/p2/frozen_reductio_f0.1_s0_t2/args.json	577	
bucket	repo-hygiene/git_tip/artifacts/p2/frozen_reductio_f0.1_s0_t2/found_8.jsonl	166499	
bucket	repo-hygiene/git_tip/artifacts/p2/frozen_reductio_f0.1_s0_t2/found_transfer_8.jsonl	118558	
bucket	repo-hygiene/git_tip/artifacts/p2/frozen_reductio_f0.1_s0_t2/round_1.json	6301	
bucket	repo-hygiene/git_tip/artifacts/p2/frozen_reductio_f0.1_s0_t2/round_2.json	6356	
bucket	repo-hygiene/git_tip/artifacts/p2/frozen_reductio_f0.1_s0_t2/round_3.json	6354	
bucket	repo-hygiene/git_tip/artifacts/p2/frozen_reductio_f0.1_s0_t2/round_4.json	6338	
bucket	repo-hygiene/git_tip/artifacts/p2/frozen_reductio_f0.1_s0_t2/round_5.json	6321	
bucket	repo-hygiene/git_tip/artifacts/p2/frozen_reductio_f0.1_s0_t2/round_6.json	6351	
bucket	repo-hygiene/git_tip/artifacts/p2/frozen_reductio_f0.1_s0_t2/round_7.json	6349	
bucket	repo-hygiene/git_tip/artifacts/p2/frozen_reductio_f0.1_s0_t2/round_8.json	6307	
bucket	repo-hygiene/git_tip/artifacts/p2/frozen_reductio_f0.1_s1_t2/args.json	577	
bucket	repo-hygiene/git_tip/artifacts/p2/frozen_reductio_f0.1_s1_t2/found_8.jsonl	165214	
bucket	repo-hygiene/git_tip/artifacts/p2/frozen_reductio_f0.1_s1_t2/found_transfer_8.jsonl	45972	
bucket	repo-hygiene/git_tip/artifacts/p2/frozen_reductio_f0.1_s1_t2/round_1.json	6348	
bucket	repo-hygiene/git_tip/artifacts/p2/frozen_reductio_f0.1_s1_t2/round_2.json	6338	
bucket	repo-hygiene/git_tip/artifacts/p2/frozen_reductio_f0.1_s1_t2/round_3.json	6293	
bucket	repo-hygiene/git_tip/artifacts/p2/frozen_reductio_f0.1_s1_t2/round_4.json	6319	
bucket	repo-hygiene/git_tip/artifacts/p2/frozen_reductio_f0.1_s1_t2/round_5.json	6327	
bucket	repo-hygiene/git_tip/artifacts/p2/frozen_reductio_f0.1_s1_t2/round_6.json	6311	
bucket	repo-hygiene/git_tip/artifacts/p2/frozen_reductio_f0.1_s1_t2/round_7.json	6320	
bucket	repo-hygiene/git_tip/artifacts/p2/frozen_reductio_f0.1_s1_t2/round_8.json	6353	
bucket	repo-hygiene/git_tip/artifacts/p2/frozen_reductio_f0_s0/args.json	566	
bucket	repo-hygiene/git_tip/artifacts/p2/frozen_reductio_f0_s0/found_8.jsonl	738901	
bucket	repo-hygiene/git_tip/artifacts/p2/frozen_reductio_f0_s0/found_transfer_8.jsonl	245519	
bucket	repo-hygiene/git_tip/artifacts/p2/frozen_reductio_f0_s0/round_1.json	7673	
bucket	repo-hygiene/git_tip/artifacts/p2/frozen_reductio_f0_s0/round_2.json	7652	
bucket	repo-hygiene/git_tip/artifacts/p2/frozen_reductio_f0_s0/round_3.json	7656	
bucket	repo-hygiene/git_tip/artifacts/p2/frozen_reductio_f0_s0/round_4.json	7658	
bucket	repo-hygiene/git_tip/artifacts/p2/frozen_reductio_f0_s0/round_5.json	7674	
bucket	repo-hygiene/git_tip/artifacts/p2/frozen_reductio_f0_s0/round_6.json	7665	
bucket	repo-hygiene/git_tip/artifacts/p2/frozen_reductio_f0_s0/round_7.json	7666	
bucket	repo-hygiene/git_tip/artifacts/p2/frozen_reductio_f0_s0/round_8.json	7668	
bucket	repo-hygiene/git_tip/artifacts/p2/frozen_reductio_f0_s0_t2/args.json	571	
bucket	repo-hygiene/git_tip/artifacts/p2/frozen_reductio_f0_s0_t2/found_8.jsonl	1443	
bucket	repo-hygiene/git_tip/artifacts/p2/frozen_reductio_f0_s0_t2/found_transfer_8.jsonl	424	
bucket	repo-hygiene/git_tip/artifacts/p2/frozen_reductio_f0_s0_t2/round_1.json	5808	
bucket	repo-hygiene/git_tip/artifacts/p2/frozen_reductio_f0_s0_t2/round_2.json	6017	
bucket	repo-hygiene/git_tip/artifacts/p2/frozen_reductio_f0_s0_t2/round_3.json	6017	
bucket	repo-hygiene/git_tip/artifacts/p2/frozen_reductio_f0_s0_t2/round_4.json	5904	
bucket	repo-hygiene/git_tip/artifacts/p2/frozen_reductio_f0_s0_t2/round_5.json	5905	
bucket	repo-hygiene/git_tip/artifacts/p2/frozen_reductio_f0_s0_t2/round_6.json	5903	
bucket	repo-hygiene/git_tip/artifacts/p2/frozen_reductio_f0_s0_t2/round_7.json	6016	
bucket	repo-hygiene/git_tip/artifacts/p2/frozen_reductio_f0_s0_t2/round_8.json	6118	
bucket	repo-hygiene/git_tip/artifacts/p2/frozen_reductio_f0_s1_t2/args.json	571	
bucket	repo-hygiene/git_tip/artifacts/p2/frozen_reductio_f0_s1_t2/found_8.jsonl	0	
bucket	repo-hygiene/git_tip/artifacts/p2/frozen_reductio_f0_s1_t2/found_transfer_8.jsonl	0	
bucket	repo-hygiene/git_tip/artifacts/p2/frozen_reductio_f0_s1_t2/round_1.json	5837	
bucket	repo-hygiene/git_tip/artifacts/p2/frozen_reductio_f0_s1_t2/round_2.json	5839	
bucket	repo-hygiene/git_tip/artifacts/p2/frozen_reductio_f0_s1_t2/round_3.json	5826	
bucket	repo-hygiene/git_tip/artifacts/p2/frozen_reductio_f0_s1_t2/round_4.json	5838	
bucket	repo-hygiene/git_tip/artifacts/p2/frozen_reductio_f0_s1_t2/round_5.json	5825	
bucket	repo-hygiene/git_tip/artifacts/p2/frozen_reductio_f0_s1_t2/round_6.json	5839	
bucket	repo-hygiene/git_tip/artifacts/p2/frozen_reductio_f0_s1_t2/round_7.json	5839	
bucket	repo-hygiene/git_tip/artifacts/p2/frozen_reductio_f0_s1_t2/round_8.json	5839	
bucket	repo-hygiene/git_tip/artifacts/p2/frozen_reductio_f0_s2_t2/args.json	571	
bucket	repo-hygiene/git_tip/artifacts/p2/frozen_reductio_f0_s2_t2/found_8.jsonl	0	
bucket	repo-hygiene/git_tip/artifacts/p2/frozen_reductio_f0_s2_t2/found_transfer_8.jsonl	0	
bucket	repo-hygiene/git_tip/artifacts/p2/frozen_reductio_f0_s2_t2/round_1.json	5868	
bucket	repo-hygiene/git_tip/artifacts/p2/frozen_reductio_f0_s2_t2/round_2.json	5869	
bucket	repo-hygiene/git_tip/artifacts/p2/frozen_reductio_f0_s2_t2/round_3.json	5869	
bucket	repo-hygiene/git_tip/artifacts/p2/frozen_reductio_f0_s2_t2/round_4.json	5869	
bucket	repo-hygiene/git_tip/artifacts/p2/frozen_reductio_f0_s2_t2/round_5.json	5868	
bucket	repo-hygiene/git_tip/artifacts/p2/frozen_reductio_f0_s2_t2/round_6.json	5869	
bucket	repo-hygiene/git_tip/artifacts/p2/frozen_reductio_f0_s2_t2/round_7.json	5869	
bucket	repo-hygiene/git_tip/artifacts/p2/frozen_reductio_f0_s2_t2/round_8.json	5869	
bucket	repo-hygiene/git_tip/artifacts/p2/metrics_depth3.json	2957573	
bucket	repo-hygiene/git_tip/artifacts/p2/metrics_depth3_partial.json	1407272	
bucket	repo-hygiene/git_tip/artifacts/p2/metrics_derived_ore.json	1130699	
bucket	repo-hygiene/git_tip/artifacts/p2/metrics_derived_ore_partial.json	452434	
bucket	repo-hygiene/git_tip/artifacts/p2/metrics_reductio.json	204972	
bucket	repo-hygiene/git_tip/artifacts/p2/metrics_reductio_partial.json	164642	
bucket	repo-hygiene/git_tip/artifacts/p2/novelty_depth3_f0.1_b1_s0_proofs.jsonl	2704459	
bucket	repo-hygiene/git_tip/artifacts/p2/novelty_depth3_f0.1_b1_s0_theorems.jsonl	695987	
bucket	repo-hygiene/git_tip/artifacts/p2/novelty_depth3_f0.1_b1_s1_proofs.jsonl	1759002	
bucket	repo-hygiene/git_tip/artifacts/p2/novelty_depth3_f0.1_b1_s1_theorems.jsonl	511260	
bucket	repo-hygiene/git_tip/artifacts/p2/novelty_depth3_f0.1_b2_s0_proofs.jsonl	2370017	
bucket	repo-hygiene/git_tip/artifacts/p2/novelty_depth3_f0.1_b2_s0_theorems.jsonl	647936	
bucket	repo-hygiene/git_tip/artifacts/p2/novelty_depth3_f0.1_b2_s1_proofs.jsonl	2429971	
bucket	repo-hygiene/git_tip/artifacts/p2/novelty_depth3_f0.1_b2_s1_theorems.jsonl	645397	
bucket	repo-hygiene/git_tip/artifacts/p2/novelty_depth3_f0_a1_s0_proofs.jsonl	2563980	
bucket	repo-hygiene/git_tip/artifacts/p2/novelty_depth3_f0_a1_s0_theorems.jsonl	685154	
bucket	repo-hygiene/git_tip/artifacts/p2/novelty_depth3_f0_a1_s1_proofs.jsonl	2696218	
bucket	repo-hygiene/git_tip/artifacts/p2/novelty_depth3_f0_a1_s1_theorems.jsonl	725696	
bucket	repo-hygiene/git_tip/artifacts/p2/novelty_depth3_f0_a2_s0_proofs.jsonl	2330035	
bucket	repo-hygiene/git_tip/artifacts/p2/novelty_depth3_f0_a2_s0_theorems.jsonl	626206	
bucket	repo-hygiene/git_tip/artifacts/p2/novelty_depth3_f0_a2_s1_proofs.jsonl	2631923	
bucket	repo-hygiene/git_tip/artifacts/p2/novelty_depth3_f0_a2_s1_theorems.jsonl	689640	
bucket	repo-hygiene/git_tip/artifacts/p2/novelty_depth3_f0_a3_s0_proofs.jsonl	2447103	
bucket	repo-hygiene/git_tip/artifacts/p2/novelty_depth3_f0_a3_s0_theorems.jsonl	645307	
bucket	repo-hygiene/git_tip/artifacts/p2/novelty_depth3_f0_a3_s1_proofs.jsonl	2335896	
bucket	repo-hygiene/git_tip/artifacts/p2/novelty_depth3_f0_a3_s1_theorems.jsonl	623780	
bucket	repo-hygiene/git_tip/artifacts/p2/novelty_depth3_f0_s0_proofs.jsonl	2439697	
bucket	repo-hygiene/git_tip/artifacts/p2/novelty_depth3_f0_s1_proofs.jsonl	2241275	
bucket	repo-hygiene/git_tip/artifacts/p2/novelty_derived_ore_f0_s0_proofs.jsonl	1851431	
bucket	repo-hygiene/git_tip/artifacts/p2/novelty_derived_ore_f0_s1_proofs.jsonl	1749851	
bucket	repo-hygiene/git_tip/artifacts/p2/novelty_derived_ore_strict_f0.001_c8_s0_proofs.jsonl	2576162	
bucket	repo-hygiene/git_tip/artifacts/p2/novelty_derived_ore_strict_f0.001_c8_s0_theorems.jsonl	240421	
bucket	repo-hygiene/git_tip/artifacts/p2/novelty_derived_ore_strict_f0.01_c8_s0_proofs.jsonl	2394865	
bucket	repo-hygiene/git_tip/artifacts/p2/novelty_derived_ore_strict_f0.01_c8_s0_theorems.jsonl	254044	
bucket	repo-hygiene/git_tip/artifacts/p2/novelty_derived_ore_strict_f0_c8_s0_proofs.jsonl	2294229	
bucket	repo-hygiene/git_tip/artifacts/p2/novelty_derived_ore_strict_f0_c8_s0_theorems.jsonl	235298	
bucket	repo-hygiene/git_tip/artifacts/p2/novelty_derived_ore_strict_f0_c8_s1_proofs.jsonl	2327245	
bucket	repo-hygiene/git_tip/artifacts/p2/novelty_derived_ore_strict_f0_c8_s1_theorems.jsonl	234455	
bucket	repo-hygiene/git_tip/artifacts/p2/novelty_reductio_f0.1_s0_t2_proofs.jsonl	262770	
bucket	repo-hygiene/git_tip/artifacts/p2/novelty_reductio_f0.1_s0_t2_theorems.jsonl	90724	
bucket	repo-hygiene/git_tip/artifacts/p2/novelty_reductio_f0.1_s1_t2_proofs.jsonl	171576	
bucket	repo-hygiene/git_tip/artifacts/p2/novelty_reductio_f0.1_s1_t2_theorems.jsonl	61053	
bucket	repo-hygiene/git_tip/artifacts/p2/novelty_reductio_f0_s0_proofs.jsonl	1717544	
bucket	repo-hygiene/git_tip/artifacts/p2/novelty_reductio_f0_s0_t2_proofs.jsonl	168992	
bucket	repo-hygiene/git_tip/artifacts/p2/novelty_reductio_f0_s0_t2_theorems.jsonl	57563	
bucket	repo-hygiene/git_tip/artifacts/p2/novelty_reductio_f0_s0_theorems.jsonl	542379	
bucket	repo-hygiene/git_tip/artifacts/p2/novelty_reductio_f0_s1_proofs.jsonl	537175	
bucket	repo-hygiene/git_tip/artifacts/p2/novelty_reductio_f0_s1_theorems.jsonl	154498	
bucket	repo-hygiene/git_tip/artifacts/p2_restricted_minlen.log	384	
bucket	repo-hygiene/git_tip/artifacts/p3/ei_textbook/args.json	513	
bucket	repo-hygiene/git_tip/artifacts/p3/ei_textbook/found_1.jsonl	1502662	
bucket	repo-hygiene/git_tip/artifacts/p3/ei_textbook/found_2.jsonl	2755068	
bucket	repo-hygiene/git_tip/artifacts/p3/ei_textbook/found_3.jsonl	3626707	
bucket	repo-hygiene/git_tip/artifacts/p3/ei_textbook/found_4.jsonl	4171741	
bucket	repo-hygiene/git_tip/artifacts/p3/ei_textbook/found_5.jsonl	4483823	
bucket	repo-hygiene/git_tip/artifacts/p3/ei_textbook/found_6.jsonl	4725759	
bucket	repo-hygiene/git_tip/artifacts/p3/ei_textbook/found_7.jsonl	4949346	
bucket	repo-hygiene/git_tip/artifacts/p3/ei_textbook/found_8.jsonl	5157834	
bucket	repo-hygiene/git_tip/artifacts/p3/ei_textbook/found_transfer_1.jsonl	5925336	
bucket	repo-hygiene/git_tip/artifacts/p3/ei_textbook/found_transfer_2.jsonl	10199645	
bucket	repo-hygiene/git_tip/artifacts/p3/ei_textbook/found_transfer_3.jsonl	13198887	
bucket	repo-hygiene/git_tip/artifacts/p3/ei_textbook/found_transfer_4.jsonl	15625809	
bucket	repo-hygiene/git_tip/artifacts/p3/ei_textbook/found_transfer_5.jsonl	17547859	
bucket	repo-hygiene/git_tip/artifacts/p3/ei_textbook/found_transfer_6.jsonl	19140232	
bucket	repo-hygiene/git_tip/artifacts/p3/ei_textbook/found_transfer_7.jsonl	20539843	
bucket	repo-hygiene/git_tip/artifacts/p3/ei_textbook/found_transfer_8.jsonl	21638944	
bucket	repo-hygiene/git_tip/artifacts/p3/ei_textbook/mix_1.jsonl	6352861	
bucket	repo-hygiene/git_tip/artifacts/p3/ei_textbook/mix_2.jsonl	6500891	
bucket	repo-hygiene/git_tip/artifacts/p3/ei_textbook/mix_3.jsonl	6629902	
bucket	repo-hygiene/git_tip/artifacts/p3/ei_textbook/mix_4.jsonl	6667197	
bucket	repo-hygiene/git_tip/artifacts/p3/ei_textbook/mix_5.jsonl	6690740	
bucket	repo-hygiene/git_tip/artifacts/p3/ei_textbook/mix_6.jsonl	6701875	
bucket	repo-hygiene/git_tip/artifacts/p3/ei_textbook/mix_7.jsonl	6699761	
bucket	repo-hygiene/git_tip/artifacts/p3/ei_textbook/mix_8.jsonl	6748201	
bucket	repo-hygiene/git_tip/artifacts/p3/ei_textbook/round_1.json	11263	
bucket	repo-hygiene/git_tip/artifacts/p3/ei_textbook/round_2.json	11282	
bucket	repo-hygiene/git_tip/artifacts/p3/ei_textbook/round_3.json	11229	
bucket	repo-hygiene/git_tip/artifacts/p3/ei_textbook/round_4.json	11242	
bucket	repo-hygiene/git_tip/artifacts/p3/ei_textbook/round_5.json	11210	
bucket	repo-hygiene/git_tip/artifacts/p3/ei_textbook/round_6.json	11250	
bucket	repo-hygiene/git_tip/artifacts/p3/ei_textbook/round_7.json	11263	
bucket	repo-hygiene/git_tip/artifacts/p3/ei_textbook/round_8.json	11257	
bucket	repo-hygiene/git_tip/artifacts/p3/ei_textbook_precursor/args.json	545	
bucket	repo-hygiene/git_tip/artifacts/p3/ei_textbook_precursor/found_1.jsonl	1502662	
bucket	repo-hygiene/git_tip/artifacts/p3/ei_textbook_precursor/found_2.jsonl	2856043	
bucket	repo-hygiene/git_tip/artifacts/p3/ei_textbook_precursor/found_3.jsonl	3941302	
bucket	repo-hygiene/git_tip/artifacts/p3/ei_textbook_precursor/found_4.jsonl	4696012	
bucket	repo-hygiene/git_tip/artifacts/p3/ei_textbook_precursor/found_5.jsonl	5243884	
bucket	repo-hygiene/git_tip/artifacts/p3/ei_textbook_precursor/found_6.jsonl	5636903	
bucket	repo-hygiene/git_tip/artifacts/p3/ei_textbook_precursor/found_7.jsonl	5904728	
bucket	repo-hygiene/git_tip/artifacts/p3/ei_textbook_precursor/found_8.jsonl	6108326	
bucket	repo-hygiene/git_tip/artifacts/p3/ei_textbook_precursor/found_transfer_1.jsonl	5925336	
bucket	repo-hygiene/git_tip/artifacts/p3/ei_textbook_precursor/found_transfer_2.jsonl	9987210	
bucket	repo-hygiene/git_tip/artifacts/p3/ei_textbook_precursor/found_transfer_3.jsonl	13075738	
bucket	repo-hygiene/git_tip/artifacts/p3/ei_textbook_precursor/found_transfer_4.jsonl	15317307	
bucket	repo-hygiene/git_tip/artifacts/p3/ei_textbook_precursor/found_transfer_5.jsonl	17173430	
bucket	repo-hygiene/git_tip/artifacts/p3/ei_textbook_precursor/found_transfer_6.jsonl	18634335	
bucket	repo-hygiene/git_tip/artifacts/p3/ei_textbook_precursor/found_transfer_7.jsonl	20190271	
bucket	repo-hygiene/git_tip/artifacts/p3/ei_textbook_precursor/found_transfer_8.jsonl	21377240	
bucket	repo-hygiene/git_tip/artifacts/p3/ei_textbook_precursor/mix_1.jsonl	11480583	
bucket	repo-hygiene/git_tip/artifacts/p3/ei_textbook_precursor/mix_2.jsonl	11670892	
bucket	repo-hygiene/git_tip/artifacts/p3/ei_textbook_precursor/mix_3.jsonl	11771315	
bucket	repo-hygiene/git_tip/artifacts/p3/ei_textbook_precursor/mix_4.jsonl	11828250	
bucket	repo-hygiene/git_tip/artifacts/p3/ei_textbook_precursor/mix_5.jsonl	11902061	
bucket	repo-hygiene/git_tip/artifacts/p3/ei_textbook_precursor/mix_6.jsonl	11937825	
bucket	repo-hygiene/git_tip/artifacts/p3/ei_textbook_precursor/mix_7.jsonl	11935953	
bucket	repo-hygiene/git_tip/artifacts/p3/ei_textbook_precursor/mix_8.jsonl	11946475	
bucket	repo-hygiene/git_tip/artifacts/p3/ei_textbook_precursor/round_1.json	11266	
bucket	repo-hygiene/git_tip/artifacts/p3/ei_textbook_precursor/round_2.json	11248	
bucket	repo-hygiene/git_tip/artifacts/p3/ei_textbook_precursor/round_3.json	11253	
bucket	repo-hygiene/git_tip/artifacts/p3/ei_textbook_precursor/round_4.json	11267	
bucket	repo-hygiene/git_tip/artifacts/p3/ei_textbook_precursor/round_5.json	11269	
bucket	repo-hygiene/git_tip/artifacts/p3/ei_textbook_precursor/round_6.json	11228	
bucket	repo-hygiene/git_tip/artifacts/p3/ei_textbook_precursor/round_7.json	11218	
bucket	repo-hygiene/git_tip/artifacts/p3/ei_textbook_precursor/round_8.json	11221	
bucket	repo-hygiene/git_tip/artifacts/p3/ei_textbook_precursor_r1_val36_greedy.jsonl	8215	
bucket	repo-hygiene/git_tip/artifacts/p3/ei_textbook_precursor_r1_val36_greedy.txt	2110	
bucket	repo-hygiene/git_tip/artifacts/p3/ei_textbook_precursor_r1_val36_k32.json	2489	
bucket	repo-hygiene/git_tip/artifacts/p3/ei_textbook_precursor_r1_val36_k32.jsonl	63443	
bucket	repo-hygiene/git_tip/artifacts/p3/ei_textbook_precursor_r2_val36_greedy.jsonl	8465	
bucket	repo-hygiene/git_tip/artifacts/p3/ei_textbook_precursor_r2_val36_greedy.txt	2208	
bucket	repo-hygiene/git_tip/artifacts/p3/ei_textbook_precursor_r2_val36_k32.json	2486	
bucket	repo-hygiene/git_tip/artifacts/p3/ei_textbook_precursor_r2_val36_k32.jsonl	66732	
bucket	repo-hygiene/git_tip/artifacts/p3/ei_textbook_precursor_r3_val36_greedy.jsonl	8481	
bucket	repo-hygiene/git_tip/artifacts/p3/ei_textbook_precursor_r3_val36_greedy.txt	2188	
bucket	repo-hygiene/git_tip/artifacts/p3/ei_textbook_precursor_r3_val36_k32.json	2495	
bucket	repo-hygiene/git_tip/artifacts/p3/ei_textbook_precursor_r3_val36_k32.jsonl	67539	
bucket	repo-hygiene/git_tip/artifacts/p3/ei_textbook_precursor_r4_val36_greedy.jsonl	8318	
bucket	repo-hygiene/git_tip/artifacts/p3/ei_textbook_precursor_r4_val36_greedy.txt	2162	
bucket	repo-hygiene/git_tip/artifacts/p3/ei_textbook_precursor_r4_val36_k32.json	2457	
bucket	repo-hygiene/git_tip/artifacts/p3/ei_textbook_precursor_r4_val36_k32.jsonl	66441	
bucket	repo-hygiene/git_tip/artifacts/p3/ei_textbook_precursor_r5_val36_greedy.jsonl	8173	
bucket	repo-hygiene/git_tip/artifacts/p3/ei_textbook_precursor_r5_val36_greedy.txt	2216	
bucket	repo-hygiene/git_tip/artifacts/p3/ei_textbook_precursor_r5_val36_k32.json	2456	
bucket	repo-hygiene/git_tip/artifacts/p3/ei_textbook_precursor_r5_val36_k32.jsonl	66581	
bucket	repo-hygiene/git_tip/artifacts/p3/ei_textbook_precursor_r6_val36_greedy.jsonl	8455	
bucket	repo-hygiene/git_tip/artifacts/p3/ei_textbook_precursor_r6_val36_greedy.txt	2252	
bucket	repo-hygiene/git_tip/artifacts/p3/ei_textbook_precursor_r6_val36_k32.json	2487	
bucket	repo-hygiene/git_tip/artifacts/p3/ei_textbook_precursor_r6_val36_k32.jsonl	68110	
bucket	repo-hygiene/git_tip/artifacts/p3/ei_textbook_precursor_r7_val36_greedy.jsonl	8360	
bucket	repo-hygiene/git_tip/artifacts/p3/ei_textbook_precursor_r7_val36_greedy.txt	2274	
bucket	repo-hygiene/git_tip/artifacts/p3/ei_textbook_precursor_r7_val36_k32.json	2510	
bucket	repo-hygiene/git_tip/artifacts/p3/ei_textbook_precursor_r7_val36_k32.jsonl	66983	
bucket	repo-hygiene/git_tip/artifacts/p3/ei_textbook_precursor_r8_val36_greedy.jsonl	8392	
bucket	repo-hygiene/git_tip/artifacts/p3/ei_textbook_precursor_r8_val36_greedy.txt	2180	
bucket	repo-hygiene/git_tip/artifacts/p3/ei_textbook_precursor_r8_val36_k32.json	2512	
bucket	repo-hygiene/git_tip/artifacts/p3/ei_textbook_precursor_r8_val36_k32.jsonl	67558	
bucket	repo-hygiene/git_tip/artifacts/p3/ei_textbook_r1_val36_greedy.jsonl	8343	
bucket	repo-hygiene/git_tip/artifacts/p3/ei_textbook_r1_val36_greedy.txt	2176	
bucket	repo-hygiene/git_tip/artifacts/p3/ei_textbook_r1_val36_k32.json	2450	
bucket	repo-hygiene/git_tip/artifacts/p3/ei_textbook_r1_val36_k32.jsonl	65433	
bucket	repo-hygiene/git_tip/artifacts/p3/ei_textbook_r2_val36_greedy.jsonl	8267	
bucket	repo-hygiene/git_tip/artifacts/p3/ei_textbook_r2_val36_greedy.txt	2247	
bucket	repo-hygiene/git_tip/artifacts/p3/ei_textbook_r2_val36_k32.json	2478	
bucket	repo-hygiene/git_tip/artifacts/p3/ei_textbook_r2_val36_k32.jsonl	63304	
bucket	repo-hygiene/git_tip/artifacts/p3/ei_textbook_r3_val36_greedy.jsonl	8343	
bucket	repo-hygiene/git_tip/artifacts/p3/ei_textbook_r3_val36_greedy.txt	2225	
bucket	repo-hygiene/git_tip/artifacts/p3/ei_textbook_r3_val36_k32.json	2501	
bucket	repo-hygiene/git_tip/artifacts/p3/ei_textbook_r3_val36_k32.jsonl	64277	
bucket	repo-hygiene/git_tip/artifacts/p3/ei_textbook_r4_val36_greedy.jsonl	8199	
bucket	repo-hygiene/git_tip/artifacts/p3/ei_textbook_r4_val36_greedy.txt	2269	
bucket	repo-hygiene/git_tip/artifacts/p3/ei_textbook_r4_val36_k32.json	2502	
bucket	repo-hygiene/git_tip/artifacts/p3/ei_textbook_r4_val36_k32.jsonl	65452	
bucket	repo-hygiene/git_tip/artifacts/p3/ei_textbook_r5_val36_greedy.jsonl	8322	
bucket	repo-hygiene/git_tip/artifacts/p3/ei_textbook_r5_val36_greedy.txt	2225	
bucket	repo-hygiene/git_tip/artifacts/p3/ei_textbook_r5_val36_k32.json	2450	
bucket	repo-hygiene/git_tip/artifacts/p3/ei_textbook_r5_val36_k32.jsonl	66554	
bucket	repo-hygiene/git_tip/artifacts/p3/ei_textbook_r6_val36_greedy.jsonl	8265	
bucket	repo-hygiene/git_tip/artifacts/p3/ei_textbook_r6_val36_greedy.txt	2254	
bucket	repo-hygiene/git_tip/artifacts/p3/ei_textbook_r6_val36_k32.json	2479	
bucket	repo-hygiene/git_tip/artifacts/p3/ei_textbook_r6_val36_k32.jsonl	61202	
bucket	repo-hygiene/git_tip/artifacts/p3/ei_textbook_r7_val36_greedy.jsonl	8029	
bucket	repo-hygiene/git_tip/artifacts/p3/ei_textbook_r7_val36_greedy.txt	2125	
bucket	repo-hygiene/git_tip/artifacts/p3/ei_textbook_r7_val36_k32.json	2472	
bucket	repo-hygiene/git_tip/artifacts/p3/ei_textbook_r7_val36_k32.jsonl	65323	
bucket	repo-hygiene/git_tip/artifacts/p3/ei_textbook_r8_val36_greedy.jsonl	8312	
bucket	repo-hygiene/git_tip/artifacts/p3/ei_textbook_r8_val36_greedy.txt	2221	
bucket	repo-hygiene/git_tip/artifacts/p3/ei_textbook_r8_val36_k32.json	2491	
bucket	repo-hygiene/git_tip/artifacts/p3/ei_textbook_r8_val36_k32.jsonl	64621	
bucket	repo-hygiene/git_tip/artifacts/p3/frozen_textbook/args.json	516	
bucket	repo-hygiene/git_tip/artifacts/p3/frozen_textbook/found_8.jsonl	4204947	
bucket	repo-hygiene/git_tip/artifacts/p3/frozen_textbook/found_transfer_8.jsonl	19041967	
bucket	repo-hygiene/git_tip/artifacts/p3/frozen_textbook/round_1.json	11212	
bucket	repo-hygiene/git_tip/artifacts/p3/frozen_textbook/round_2.json	11187	
bucket	repo-hygiene/git_tip/artifacts/p3/frozen_textbook/round_3.json	11203	
bucket	repo-hygiene/git_tip/artifacts/p3/frozen_textbook/round_4.json	11190	
bucket	repo-hygiene/git_tip/artifacts/p3/frozen_textbook/round_5.json	11189	
bucket	repo-hygiene/git_tip/artifacts/p3/frozen_textbook/round_6.json	11207	
bucket	repo-hygiene/git_tip/artifacts/p3/frozen_textbook/round_7.json	11194	
bucket	repo-hygiene/git_tip/artifacts/p3/frozen_textbook/round_8.json	11187	
bucket	repo-hygiene/git_tip/artifacts/p3/novelty_phase3_proofs.jsonl	57292	
bucket	repo-hygiene/git_tip/artifacts/p3/novelty_phase3_theorems.jsonl	15219	
bucket	repo-hygiene/git_tip/artifacts/p3/val36_ei_textbook.txt	653	
bucket	repo-hygiene/git_tip/artifacts/p3/val36_ei_textbook_precursor.txt	733	
bucket	repo-hygiene/git_tip/artifacts/p3_minlen.log	243	
bucket	repo-hygiene/git_tip/artifacts/phase1_tables.md	19354	
bucket	repo-hygiene/git_tip/artifacts/phase1_unsolved_by_base.jsonl	87157	
bucket	repo-hygiene/git_tip/artifacts/podlogs_p1.tgz	62043	
bucket	repo-hygiene/git_tip/artifacts/podlogs_p2.tgz	65182	
bucket	repo-hygiene/git_tip/artifacts/podlogs_p3.tgz	60870	
bucket	repo-hygiene/git_tip/artifacts/queue2.log	0	
bucket	repo-hygiene/git_tip/artifacts/queue3.log	0	
bucket	repo-hygiene/git_tip/artifacts/r1/examples.jsonl	4963	
bucket	repo-hygiene/git_tip/artifacts/r1/gens_qwen30b.jsonl	13070925	
bucket	repo-hygiene/git_tip/artifacts/r1/gens_scale_Qwen3-0.6B.jsonl	630510	
bucket	repo-hygiene/git_tip/artifacts/r1/gens_scale_Qwen3-1.7B.jsonl	1111302	
bucket	repo-hygiene/git_tip/artifacts/r1/gens_scale_Qwen3-14B.jsonl	874920	
bucket	repo-hygiene/git_tip/artifacts/r1/gens_scale_Qwen3-32B.jsonl	912017	
bucket	repo-hygiene/git_tip/artifacts/r1/gens_scale_Qwen3-4B.jsonl	844938	
bucket	repo-hygiene/git_tip/artifacts/r1/gens_scale_Qwen3-8B.jsonl	932928	
bucket	repo-hygiene/git_tip/artifacts/r1/lean_examples.jsonl	6727	
bucket	repo-hygiene/git_tip/artifacts/r1/lean_found_check.log	562	
bucket	repo-hygiene/git_tip/artifacts/r1/lean_found_targets16.jsonl	59451760	
bucket	repo-hygiene/git_tip/artifacts/r1/lean_found_transfer16.jsonl	31809383	
bucket	repo-hygiene/git_tip/artifacts/r1/lean_heldout.jsonl	1811147	
bucket	repo-hygiene/git_tip/artifacts/r1/lean_negatives.jsonl	1407748	
bucket	repo-hygiene/git_tip/artifacts/r1/lean_r2_depth4_found.jsonl	10467423	
bucket	repo-hygiene/git_tip/artifacts/r1/lean_r5_c8_found.jsonl	1736871	
bucket	repo-hygiene/git_tip/artifacts/r1/lean_r5_reductio_found.jsonl	993497	
bucket	repo-hygiene/git_tip/artifacts/r1/lean_rl_targets.jsonl	1919415	
bucket	repo-hygiene/git_tip/artifacts/r1/lean_train10k.jsonl	3595309	
bucket	repo-hygiene/git_tip/artifacts/r1/lean_transfer.jsonl	1018362	
bucket	repo-hygiene/git_tip/artifacts/r1/lean_val36_ref.jsonl	14029	
bucket	repo-hygiene/git_tip/artifacts/r1/negatives.jsonl	1181109	
bucket	repo-hygiene/git_tip/artifacts/r1/scale_summary.json	1797	
bucket	repo-hygiene/git_tip/artifacts/r1/score_qwen30b.log	13	
bucket	repo-hygiene/git_tip/artifacts/r1/score_scale.log	36	
bucket	repo-hygiene/git_tip/artifacts/r1/score_scale2.log	46	
bucket	repo-hygiene/git_tip/artifacts/r1/scored_qwen30b.jsonl	17524936	
bucket	repo-hygiene/git_tip/artifacts/r1/scored_scale_Qwen3-0.6B.jsonl	1208118	
bucket	repo-hygiene/git_tip/artifacts/r1/scored_scale_Qwen3-1.7B.jsonl	1527612	
bucket	repo-hygiene/git_tip/artifacts/r1/scored_scale_Qwen3-14B.jsonl	1266740	
bucket	repo-hygiene/git_tip/artifacts/r1/scored_scale_Qwen3-32B.jsonl	1309550	
bucket	repo-hygiene/git_tip/artifacts/r1/scored_scale_Qwen3-4B.jsonl	1328664	
bucket	repo-hygiene/git_tip/artifacts/r1/scored_scale_Qwen3-8B.jsonl	1354128	
bucket	repo-hygiene/git_tip/artifacts/r1/step2.log	31905	
bucket	repo-hygiene/git_tip/artifacts/r1/step3_Qwen3-0.6B.log	20155	
bucket	repo-hygiene/git_tip/artifacts/r1/step3_Qwen3-32B.log	30211	
bucket	repo-hygiene/git_tip/artifacts/r1/summary.json	54513	
bucket	repo-hygiene/git_tip/artifacts/r1/summary_prelim.json	48481	
bucket	repo-hygiene/git_tip/artifacts/r1/train_sample10k.jsonl	7570995	
bucket	repo-hygiene/git_tip/artifacts/r1/upload.log	324	
bucket	repo-hygiene/git_tip/artifacts/r2/analysis_final.log	12365	
bucket	repo-hygiene/git_tip/artifacts/r2/analysis_prelim.log	10442	
bucket	repo-hygiene/git_tip/artifacts/r2/chain_pool.log	214	
bucket	repo-hygiene/git_tip/artifacts/r2/cov_depth4_c8ctl_s0.s0.jsonl	297224	
bucket	repo-hygiene/git_tip/artifacts/r2/cov_depth4_c8ctl_s1.s0.jsonl	311172	
bucket	repo-hygiene/git_tip/artifacts/r2/cov_depth4_c8f0_s0.s0.jsonl	314791	
bucket	repo-hygiene/git_tip/artifacts/r2/cov_depth4_c8f0_s1.s0.jsonl	304365	
bucket	repo-hygiene/git_tip/artifacts/r2/cov_depth4_s0.s0.jsonl	221841	
bucket	repo-hygiene/git_tip/artifacts/r2/cov_depth4_s1.s0.jsonl	221805	
bucket	repo-hygiene/git_tip/artifacts/r2/cov_impe_chain4_s0.s0.jsonl	73752	
bucket	repo-hygiene/git_tip/artifacts/r2/cov_impe_chain4_s1.s0.jsonl	230017	
bucket	repo-hygiene/git_tip/artifacts/r2/cov_impi_ore_natctl_s0.s0.jsonl	209174	
bucket	repo-hygiene/git_tip/artifacts/r2/cov_impi_ore_natctl_s1.s0.jsonl	215151	
bucket	repo-hygiene/git_tip/artifacts/r2/cov_impi_ore_s0.s0.jsonl	204023	
bucket	repo-hygiene/git_tip/artifacts/r2/cov_impi_ore_s1.s0.jsonl	204028	
bucket	repo-hygiene/git_tip/artifacts/r2/cov_negi_ande_hyp_natctl_s0.s0.jsonl	206890	
bucket	repo-hygiene/git_tip/artifacts/r2/cov_negi_ande_hyp_natctl_s1.s0.jsonl	208568	
bucket	repo-hygiene/git_tip/artifacts/r2/cov_negi_ande_hyp_s0.s0.jsonl	206916	
bucket	repo-hygiene/git_tip/artifacts/r2/cov_negi_ande_hyp_s1.s0.jsonl	207660	
bucket	repo-hygiene/git_tip/artifacts/r2/cov_nested_ore_s0.s0.jsonl	187100	
bucket	repo-hygiene/git_tip/artifacts/r2/cov_nested_ore_s1.s0.jsonl	69026	
bucket	repo-hygiene/git_tip/artifacts/r2/cov_ori_ore_s0.s0.jsonl	307466	
bucket	repo-hygiene/git_tip/artifacts/r2/cov_ori_ore_s1.s0.jsonl	336613	
bucket	repo-hygiene/git_tip/artifacts/r2/drift_negi_ande_hyp_s1_r4.s0.jsonl	219384	
bucket	repo-hygiene/git_tip/artifacts/r2/ei_depth4_c8ctl_s0/args.json	589	
bucket	repo-hygiene/git_tip/artifacts/r2/ei_depth4_c8ctl_s0/found_8.jsonl	11756963	
bucket	repo-hygiene/git_tip/artifacts/r2/ei_depth4_c8ctl_s0/found_transfer_8.jsonl	4583826	
bucket	repo-hygiene/git_tip/artifacts/r2/ei_depth4_c8ctl_s0/round_1.json	6754	
bucket	repo-hygiene/git_tip/artifacts/r2/ei_depth4_c8ctl_s0/round_2.json	7004	
bucket	repo-hygiene/git_tip/artifacts/r2/ei_depth4_c8ctl_s0/round_3.json	6995	
bucket	repo-hygiene/git_tip/artifacts/r2/ei_depth4_c8ctl_s0/round_4.json	7072	
bucket	repo-hygiene/git_tip/artifacts/r2/ei_depth4_c8ctl_s0/round_5.json	7077	
bucket	repo-hygiene/git_tip/artifacts/r2/ei_depth4_c8ctl_s0/round_6.json	7055	
bucket	repo-hygiene/git_tip/artifacts/r2/ei_depth4_c8ctl_s0/round_7.json	7107	
bucket	repo-hygiene/git_tip/artifacts/r2/ei_depth4_c8ctl_s0/round_8.json	7053	
bucket	repo-hygiene/git_tip/artifacts/r2/ei_depth4_c8ctl_s1/args.json	589	
bucket	repo-hygiene/git_tip/artifacts/r2/ei_depth4_c8ctl_s1/found_8.jsonl	12115288	
bucket	repo-hygiene/git_tip/artifacts/r2/ei_depth4_c8ctl_s1/found_transfer_8.jsonl	4905691	
bucket	repo-hygiene/git_tip/artifacts/r2/ei_depth4_c8ctl_s1/round_1.json	6769	
bucket	repo-hygiene/git_tip/artifacts/r2/ei_depth4_c8ctl_s1/round_2.json	6949	
bucket	repo-hygiene/git_tip/artifacts/r2/ei_depth4_c8ctl_s1/round_3.json	7027	
bucket	repo-hygiene/git_tip/artifacts/r2/ei_depth4_c8ctl_s1/round_4.json	7072	
bucket	repo-hygiene/git_tip/artifacts/r2/ei_depth4_c8ctl_s1/round_5.json	7120	
bucket	repo-hygiene/git_tip/artifacts/r2/ei_depth4_c8ctl_s1/round_6.json	7107	
bucket	repo-hygiene/git_tip/artifacts/r2/ei_depth4_c8ctl_s1/round_7.json	7100	
bucket	repo-hygiene/git_tip/artifacts/r2/ei_depth4_c8ctl_s1/round_8.json	7134	
bucket	repo-hygiene/git_tip/artifacts/r2/ei_depth4_c8f0_s0/args.json	570	
bucket	repo-hygiene/git_tip/artifacts/r2/ei_depth4_c8f0_s0/found_8.jsonl	12347486	
bucket	repo-hygiene/git_tip/artifacts/r2/ei_depth4_c8f0_s0/found_transfer_8.jsonl	4928561	
bucket	repo-hygiene/git_tip/artifacts/r2/ei_depth4_c8f0_s0/round_1.json	6774	
bucket	repo-hygiene/git_tip/artifacts/r2/ei_depth4_c8f0_s0/round_2.json	7024	
bucket	repo-hygiene/git_tip/artifacts/r2/ei_depth4_c8f0_s0/round_3.json	7020	
bucket	repo-hygiene/git_tip/artifacts/r2/ei_depth4_c8f0_s0/round_4.json	7160	
bucket	repo-hygiene/git_tip/artifacts/r2/ei_depth4_c8f0_s0/round_5.json	7166	
bucket	repo-hygiene/git_tip/artifacts/r2/ei_depth4_c8f0_s0/round_6.json	7218	
bucket	repo-hygiene/git_tip/artifacts/r2/ei_depth4_c8f0_s0/round_7.json	7163	
bucket	repo-hygiene/git_tip/artifacts/r2/ei_depth4_c8f0_s0/round_8.json	7157	
bucket	repo-hygiene/git_tip/artifacts/r2/ei_depth4_c8f0_s1/args.json	570	
bucket	repo-hygiene/git_tip/artifacts/r2/ei_depth4_c8f0_s1/found_8.jsonl	11502784	
bucket	repo-hygiene/git_tip/artifacts/r2/ei_depth4_c8f0_s1/found_transfer_8.jsonl	4613043	
bucket	repo-hygiene/git_tip/artifacts/r2/ei_depth4_c8f0_s1/round_1.json	6798	
bucket	repo-hygiene/git_tip/artifacts/r2/ei_depth4_c8f0_s1/round_2.json	6968	
bucket	repo-hygiene/git_tip/artifacts/r2/ei_depth4_c8f0_s1/round_3.json	7067	
bucket	repo-hygiene/git_tip/artifacts/r2/ei_depth4_c8f0_s1/round_4.json	7102	
bucket	repo-hygiene/git_tip/artifacts/r2/ei_depth4_c8f0_s1/round_5.json	7114	
bucket	repo-hygiene/git_tip/artifacts/r2/ei_depth4_c8f0_s1/round_6.json	7149	
bucket	repo-hygiene/git_tip/artifacts/r2/ei_depth4_c8f0_s1/round_7.json	7196	
bucket	repo-hygiene/git_tip/artifacts/r2/ei_depth4_c8f0_s1/round_8.json	7049	
bucket	repo-hygiene/git_tip/artifacts/r2/ei_depth4_s0/args.json	550	
bucket	repo-hygiene/git_tip/artifacts/r2/ei_depth4_s0/found_8.jsonl	0	
bucket	repo-hygiene/git_tip/artifacts/r2/ei_depth4_s0/found_transfer_8.jsonl	0	
bucket	repo-hygiene/git_tip/artifacts/r2/ei_depth4_s0/round_1.json	5672	
bucket	repo-hygiene/git_tip/artifacts/r2/ei_depth4_s0/round_2.json	5686	
bucket	repo-hygiene/git_tip/artifacts/r2/ei_depth4_s0/round_3.json	5675	
bucket	repo-hygiene/git_tip/artifacts/r2/ei_depth4_s0/round_4.json	5673	
bucket	repo-hygiene/git_tip/artifacts/r2/ei_depth4_s0/round_5.json	5676	
bucket	repo-hygiene/git_tip/artifacts/r2/ei_depth4_s0/round_6.json	5675	
bucket	repo-hygiene/git_tip/artifacts/r2/ei_depth4_s0/round_7.json	5685	
bucket	repo-hygiene/git_tip/artifacts/r2/ei_depth4_s0/round_8.json	5675	
bucket	repo-hygiene/git_tip/artifacts/r2/ei_depth4_s1/args.json	550	
bucket	repo-hygiene/git_tip/artifacts/r2/ei_depth4_s1/found_8.jsonl	0	
bucket	repo-hygiene/git_tip/artifacts/r2/ei_depth4_s1/found_transfer_8.jsonl	0	
bucket	repo-hygiene/git_tip/artifacts/r2/ei_depth4_s1/round_1.json	5626	
bucket	repo-hygiene/git_tip/artifacts/r2/ei_depth4_s1/round_2.json	5625	
bucket	repo-hygiene/git_tip/artifacts/r2/ei_depth4_s1/round_3.json	5626	
bucket	repo-hygiene/git_tip/artifacts/r2/ei_depth4_s1/round_4.json	5626	
bucket	repo-hygiene/git_tip/artifacts/r2/ei_depth4_s1/round_5.json	5627	
bucket	repo-hygiene/git_tip/artifacts/r2/ei_depth4_s1/round_6.json	5635	
bucket	repo-hygiene/git_tip/artifacts/r2/ei_depth4_s1/round_7.json	5635	
bucket	repo-hygiene/git_tip/artifacts/r2/ei_depth4_s1/round_8.json	5626	
bucket	repo-hygiene/git_tip/artifacts/r2/ei_impe_chain4_s0/args.json	565	
bucket	repo-hygiene/git_tip/artifacts/r2/ei_impe_chain4_s0/found_8.jsonl	0	
bucket	repo-hygiene/git_tip/artifacts/r2/ei_impe_chain4_s0/found_transfer_8.jsonl	0	
bucket	repo-hygiene/git_tip/artifacts/r2/ei_impe_chain4_s0/round_1.json	5733	
bucket	repo-hygiene/git_tip/artifacts/r2/ei_impe_chain4_s0/round_2.json	5732	
bucket	repo-hygiene/git_tip/artifacts/r2/ei_impe_chain4_s0/round_3.json	5712	
bucket	repo-hygiene/git_tip/artifacts/r2/ei_impe_chain4_s0/round_4.json	5713	
bucket	repo-hygiene/git_tip/artifacts/r2/ei_impe_chain4_s0/round_5.json	5734	
bucket	repo-hygiene/git_tip/artifacts/r2/ei_impe_chain4_s0/round_6.json	5736	
bucket	repo-hygiene/git_tip/artifacts/r2/ei_impe_chain4_s0/round_7.json	5716	
bucket	repo-hygiene/git_tip/artifacts/r2/ei_impe_chain4_s0/round_8.json	5734	
bucket	repo-hygiene/git_tip/artifacts/r2/ei_impe_chain4_s1/args.json	565	
bucket	repo-hygiene/git_tip/artifacts/r2/ei_impe_chain4_s1/found_8.jsonl	0	
bucket	repo-hygiene/git_tip/artifacts/r2/ei_impe_chain4_s1/found_transfer_8.jsonl	0	
bucket	repo-hygiene/git_tip/artifacts/r2/ei_impe_chain4_s1/round_1.json	5712	
bucket	repo-hygiene/git_tip/artifacts/r2/ei_impe_chain4_s1/round_2.json	5718	
bucket	repo-hygiene/git_tip/artifacts/r2/ei_impe_chain4_s1/round_3.json	5711	
bucket	repo-hygiene/git_tip/artifacts/r2/ei_impe_chain4_s1/round_4.json	5713	
bucket	repo-hygiene/git_tip/artifacts/r2/ei_impe_chain4_s1/round_5.json	5712	
bucket	repo-hygiene/git_tip/artifacts/r2/ei_impe_chain4_s1/round_6.json	5712	
bucket	repo-hygiene/git_tip/artifacts/r2/ei_impe_chain4_s1/round_7.json	5720	
bucket	repo-hygiene/git_tip/artifacts/r2/ei_impe_chain4_s1/round_8.json	5712	
bucket	repo-hygiene/git_tip/artifacts/r2/ei_impi_ore_natctl_s0/args.json	563	
bucket	repo-hygiene/git_tip/artifacts/r2/ei_impi_ore_natctl_s0/found_8.jsonl	2008239	
bucket	repo-hygiene/git_tip/artifacts/r2/ei_impi_ore_natctl_s0/found_transfer_8.jsonl	604809	
bucket	repo-hygiene/git_tip/artifacts/r2/ei_impi_ore_natctl_s0/round_1.json	6527	
bucket	repo-hygiene/git_tip/artifacts/r2/ei_impi_ore_natctl_s0/round_2.json	6642	
bucket	repo-hygiene/git_tip/artifacts/r2/ei_impi_ore_natctl_s0/round_3.json	6914	
bucket	repo-hygiene/git_tip/artifacts/r2/ei_impi_ore_natctl_s0/round_4.json	6925	
bucket	repo-hygiene/git_tip/artifacts/r2/ei_impi_ore_natctl_s0/round_5.json	6914	
bucket	repo-hygiene/git_tip/artifacts/r2/ei_impi_ore_natctl_s0/round_6.json	6940	
bucket	repo-hygiene/git_tip/artifacts/r2/ei_impi_ore_natctl_s0/round_7.json	6954	
bucket	repo-hygiene/git_tip/artifacts/r2/ei_impi_ore_natctl_s0/round_8.json	6996	
bucket	repo-hygiene/git_tip/artifacts/r2/ei_impi_ore_natctl_s1/args.json	563	
bucket	repo-hygiene/git_tip/artifacts/r2/ei_impi_ore_natctl_s1/found_8.jsonl	2014933	
bucket	repo-hygiene/git_tip/artifacts/r2/ei_impi_ore_natctl_s1/found_transfer_8.jsonl	739614	
bucket	repo-hygiene/git_tip/artifacts/r2/ei_impi_ore_natctl_s1/round_1.json	6683	
bucket	repo-hygiene/git_tip/artifacts/r2/ei_impi_ore_natctl_s1/round_2.json	6732	
bucket	repo-hygiene/git_tip/artifacts/r2/ei_impi_ore_natctl_s1/round_3.json	6711	
bucket	repo-hygiene/git_tip/artifacts/r2/ei_impi_ore_natctl_s1/round_4.json	6814	
bucket	repo-hygiene/git_tip/artifacts/r2/ei_impi_ore_natctl_s1/round_5.json	6882	
bucket	repo-hygiene/git_tip/artifacts/r2/ei_impi_ore_natctl_s1/round_6.json	6952	
bucket	repo-hygiene/git_tip/artifacts/r2/ei_impi_ore_natctl_s1/round_7.json	6951	
bucket	repo-hygiene/git_tip/artifacts/r2/ei_impi_ore_natctl_s1/round_8.json	6951	
bucket	repo-hygiene/git_tip/artifacts/r2/ei_impi_ore_s0/args.json	566	
bucket	repo-hygiene/git_tip/artifacts/r2/ei_impi_ore_s0/found_8.jsonl	0	
bucket	repo-hygiene/git_tip/artifacts/r2/ei_impi_ore_s0/found_transfer_8.jsonl	0	
bucket	repo-hygiene/git_tip/artifacts/r2/ei_impi_ore_s0/round_1.json	6272	
bucket	repo-hygiene/git_tip/artifacts/r2/ei_impi_ore_s0/round_2.json	6272	
bucket	repo-hygiene/git_tip/artifacts/r2/ei_impi_ore_s0/round_3.json	6272	
bucket	repo-hygiene/git_tip/artifacts/r2/ei_impi_ore_s0/round_4.json	6274	
bucket	repo-hygiene/git_tip/artifacts/r2/ei_impi_ore_s0/round_5.json	6273	
bucket	repo-hygiene/git_tip/artifacts/r2/ei_impi_ore_s0/round_6.json	6273	
bucket	repo-hygiene/git_tip/artifacts/r2/ei_impi_ore_s0/round_7.json	6271	
bucket	repo-hygiene/git_tip/artifacts/r2/ei_impi_ore_s0/round_8.json	6273	
bucket	repo-hygiene/git_tip/artifacts/r2/ei_impi_ore_s1/args.json	566	
bucket	repo-hygiene/git_tip/artifacts/r2/ei_impi_ore_s1/found_8.jsonl	0	
bucket	repo-hygiene/git_tip/artifacts/r2/ei_impi_ore_s1/found_transfer_8.jsonl	0	
bucket	repo-hygiene/git_tip/artifacts/r2/ei_impi_ore_s1/round_1.json	6217	
bucket	repo-hygiene/git_tip/artifacts/r2/ei_impi_ore_s1/round_2.json	6219	
bucket	repo-hygiene/git_tip/artifacts/r2/ei_impi_ore_s1/round_3.json	6219	
bucket	repo-hygiene/git_tip/artifacts/r2/ei_impi_ore_s1/round_4.json	6218	
bucket	repo-hygiene/git_tip/artifacts/r2/ei_impi_ore_s1/round_5.json	6219	
bucket	repo-hygiene/git_tip/artifacts/r2/ei_impi_ore_s1/round_6.json	6217	
bucket	repo-hygiene/git_tip/artifacts/r2/ei_impi_ore_s1/round_7.json	6218	
bucket	repo-hygiene/git_tip/artifacts/r2/ei_impi_ore_s1/round_8.json	6218	
bucket	repo-hygiene/git_tip/artifacts/r2/ei_negi_ande_hyp_natctl_s0/args.json	578	
bucket	repo-hygiene/git_tip/artifacts/r2/ei_negi_ande_hyp_natctl_s0/found_8.jsonl	0	
bucket	repo-hygiene/git_tip/artifacts/r2/ei_negi_ande_hyp_natctl_s0/found_transfer_8.jsonl	0	
bucket	repo-hygiene/git_tip/artifacts/r2/ei_negi_ande_hyp_natctl_s0/round_1.json	6281	
bucket	repo-hygiene/git_tip/artifacts/r2/ei_negi_ande_hyp_natctl_s0/round_2.json	6293	
bucket	repo-hygiene/git_tip/artifacts/r2/ei_negi_ande_hyp_natctl_s0/round_3.json	6283	
bucket	repo-hygiene/git_tip/artifacts/r2/ei_negi_ande_hyp_natctl_s0/round_4.json	6292	
bucket	repo-hygiene/git_tip/artifacts/r2/ei_negi_ande_hyp_natctl_s0/round_5.json	6282	
bucket	repo-hygiene/git_tip/artifacts/r2/ei_negi_ande_hyp_natctl_s0/round_6.json	6281	
bucket	repo-hygiene/git_tip/artifacts/r2/ei_negi_ande_hyp_natctl_s0/round_7.json	6292	
bucket	repo-hygiene/git_tip/artifacts/r2/ei_negi_ande_hyp_natctl_s0/round_8.json	6293	
bucket	repo-hygiene/git_tip/artifacts/r2/ei_negi_ande_hyp_natctl_s1/args.json	578	
bucket	repo-hygiene/git_tip/artifacts/r2/ei_negi_ande_hyp_natctl_s1/found_8.jsonl	212201	
bucket	repo-hygiene/git_tip/artifacts/r2/ei_negi_ande_hyp_natctl_s1/found_transfer_8.jsonl	64207	
bucket	repo-hygiene/git_tip/artifacts/r2/ei_negi_ande_hyp_natctl_s1/round_1.json	6305	
bucket	repo-hygiene/git_tip/artifacts/r2/ei_negi_ande_hyp_natctl_s1/round_2.json	6472	
bucket	repo-hygiene/git_tip/artifacts/r2/ei_negi_ande_hyp_natctl_s1/round_3.json	6435	
bucket	repo-hygiene/git_tip/artifacts/r2/ei_negi_ande_hyp_natctl_s1/round_4.json	6631	
bucket	repo-hygiene/git_tip/artifacts/r2/ei_negi_ande_hyp_natctl_s1/round_5.json	6664	
bucket	repo-hygiene/git_tip/artifacts/r2/ei_negi_ande_hyp_natctl_s1/round_6.json	6665	
bucket	repo-hygiene/git_tip/artifacts/r2/ei_negi_ande_hyp_natctl_s1/round_7.json	6713	
bucket	repo-hygiene/git_tip/artifacts/r2/ei_negi_ande_hyp_natctl_s1/round_8.json	6693	
bucket	repo-hygiene/git_tip/artifacts/r2/ei_negi_ande_hyp_s0/args.json	591	
bucket	repo-hygiene/git_tip/artifacts/r2/ei_negi_ande_hyp_s0/found_8.jsonl	0	
bucket	repo-hygiene/git_tip/artifacts/r2/ei_negi_ande_hyp_s0/found_transfer_8.jsonl	0	
bucket	repo-hygiene/git_tip/artifacts/r2/ei_negi_ande_hyp_s0/round_1.json	6335	
bucket	repo-hygiene/git_tip/artifacts/r2/ei_negi_ande_hyp_s0/round_2.json	6336	
bucket	repo-hygiene/git_tip/artifacts/r2/ei_negi_ande_hyp_s0/round_3.json	6336	
bucket	repo-hygiene/git_tip/artifacts/r2/ei_negi_ande_hyp_s0/round_4.json	6338	
bucket	repo-hygiene/git_tip/artifacts/r2/ei_negi_ande_hyp_s0/round_5.json	6336	
bucket	repo-hygiene/git_tip/artifacts/r2/ei_negi_ande_hyp_s0/round_6.json	6340	
bucket	repo-hygiene/git_tip/artifacts/r2/ei_negi_ande_hyp_s0/round_7.json	6336	
bucket	repo-hygiene/git_tip/artifacts/r2/ei_negi_ande_hyp_s0/round_8.json	6340	
bucket	repo-hygiene/git_tip/artifacts/r2/ei_negi_ande_hyp_s1/args.json	591	
bucket	repo-hygiene/git_tip/artifacts/r2/ei_negi_ande_hyp_s1/found_8.jsonl	957106	
bucket	repo-hygiene/git_tip/artifacts/r2/ei_negi_ande_hyp_s1/found_transfer_8.jsonl	165459	
bucket	repo-hygiene/git_tip/artifacts/r2/ei_negi_ande_hyp_s1/round_1.json	6314	
bucket	repo-hygiene/git_tip/artifacts/r2/ei_negi_ande_hyp_s1/round_2.json	6317	
bucket	repo-hygiene/git_tip/artifacts/r2/ei_negi_ande_hyp_s1/round_3.json	6314	
bucket	repo-hygiene/git_tip/artifacts/r2/ei_negi_ande_hyp_s1/round_4.json	6489	
bucket	repo-hygiene/git_tip/artifacts/r2/ei_negi_ande_hyp_s1/round_5.json	6598	
bucket	repo-hygiene/git_tip/artifacts/r2/ei_negi_ande_hyp_s1/round_6.json	6667	
bucket	repo-hygiene/git_tip/artifacts/r2/ei_negi_ande_hyp_s1/round_7.json	6781	
bucket	repo-hygiene/git_tip/artifacts/r2/ei_negi_ande_hyp_s1/round_8.json	6826	
bucket	repo-hygiene/git_tip/artifacts/r2/ei_nested_ore_s0/args.json	562	
bucket	repo-hygiene/git_tip/artifacts/r2/ei_nested_ore_s0/found_8.jsonl	0	
bucket	repo-hygiene/git_tip/artifacts/r2/ei_nested_ore_s0/found_transfer_8.jsonl	0	
bucket	repo-hygiene/git_tip/artifacts/r2/ei_nested_ore_s0/round_1.json	5623	
bucket	repo-hygiene/git_tip/artifacts/r2/ei_nested_ore_s0/round_2.json	5622	
bucket	repo-hygiene/git_tip/artifacts/r2/ei_nested_ore_s0/round_3.json	5623	
bucket	repo-hygiene/git_tip/artifacts/r2/ei_nested_ore_s0/round_4.json	5622	
bucket	repo-hygiene/git_tip/artifacts/r2/ei_nested_ore_s0/round_5.json	5623	
bucket	repo-hygiene/git_tip/artifacts/r2/ei_nested_ore_s0/round_6.json	5623	
bucket	repo-hygiene/git_tip/artifacts/r2/ei_nested_ore_s0/round_7.json	5619	
bucket	repo-hygiene/git_tip/artifacts/r2/ei_nested_ore_s0/round_8.json	5624	
bucket	repo-hygiene/git_tip/artifacts/r2/ei_nested_ore_s1/args.json	562	
bucket	repo-hygiene/git_tip/artifacts/r2/ei_nested_ore_s1/found_8.jsonl	0	
bucket	repo-hygiene/git_tip/artifacts/r2/ei_nested_ore_s1/found_transfer_8.jsonl	0	
bucket	repo-hygiene/git_tip/artifacts/r2/ei_nested_ore_s1/round_1.json	5647	
bucket	repo-hygiene/git_tip/artifacts/r2/ei_nested_ore_s1/round_2.json	5649	
bucket	repo-hygiene/git_tip/artifacts/r2/ei_nested_ore_s1/round_3.json	5649	
bucket	repo-hygiene/git_tip/artifacts/r2/ei_nested_ore_s1/round_4.json	5649	
bucket	repo-hygiene/git_tip/artifacts/r2/ei_nested_ore_s1/round_5.json	5646	
bucket	repo-hygiene/git_tip/artifacts/r2/ei_nested_ore_s1/round_6.json	5646	
bucket	repo-hygiene/git_tip/artifacts/r2/ei_nested_ore_s1/round_7.json	5649	
bucket	repo-hygiene/git_tip/artifacts/r2/ei_nested_ore_s1/round_8.json	5650	
bucket	repo-hygiene/git_tip/artifacts/r2/ei_ori_ore_s0/args.json	561	
bucket	repo-hygiene/git_tip/artifacts/r2/ei_ori_ore_s0/found_8.jsonl	5332071	
bucket	repo-hygiene/git_tip/artifacts/r2/ei_ori_ore_s0/found_transfer_8.jsonl	1930916	
bucket	repo-hygiene/git_tip/artifacts/r2/ei_ori_ore_s0/round_1.json	6546	
bucket	repo-hygiene/git_tip/artifacts/r2/ei_ori_ore_s0/round_2.json	6583	
bucket	repo-hygiene/git_tip/artifacts/r2/ei_ori_ore_s0/round_3.json	6574	
bucket	repo-hygiene/git_tip/artifacts/r2/ei_ori_ore_s0/round_4.json	6628	
bucket	repo-hygiene/git_tip/artifacts/r2/ei_ori_ore_s0/round_5.json	6625	
bucket	repo-hygiene/git_tip/artifacts/r2/ei_ori_ore_s0/round_6.json	6693	
bucket	repo-hygiene/git_tip/artifacts/r2/ei_ori_ore_s0/round_7.json	6758	
bucket	repo-hygiene/git_tip/artifacts/r2/ei_ori_ore_s0/round_8.json	6716	
bucket	repo-hygiene/git_tip/artifacts/r2/ei_ori_ore_s1/args.json	561	
bucket	repo-hygiene/git_tip/artifacts/r2/ei_ori_ore_s1/found_8.jsonl	5817257	
bucket	repo-hygiene/git_tip/artifacts/r2/ei_ori_ore_s1/found_transfer_8.jsonl	2148536	
bucket	repo-hygiene/git_tip/artifacts/r2/ei_ori_ore_s1/round_1.json	6597	
bucket	repo-hygiene/git_tip/artifacts/r2/ei_ori_ore_s1/round_2.json	6608	
bucket	repo-hygiene/git_tip/artifacts/r2/ei_ori_ore_s1/round_3.json	6658	
bucket	repo-hygiene/git_tip/artifacts/r2/ei_ori_ore_s1/round_4.json	6578	
bucket	repo-hygiene/git_tip/artifacts/r2/ei_ori_ore_s1/round_5.json	6654	
bucket	repo-hygiene/git_tip/artifacts/r2/ei_ori_ore_s1/round_6.json	6647	
bucket	repo-hygiene/git_tip/artifacts/r2/ei_ori_ore_s1/round_7.json	6643	
bucket	repo-hygiene/git_tip/artifacts/r2/ei_ori_ore_s1/round_8.json	6620	
bucket	repo-hygiene/git_tip/artifacts/r2/frozen_depth4_c8ctl_s0/args.json	592	
bucket	repo-hygiene/git_tip/artifacts/r2/frozen_depth4_c8ctl_s0/found_8.jsonl	3964406	
bucket	repo-hygiene/git_tip/artifacts/r2/frozen_depth4_c8ctl_s0/found_transfer_8.jsonl	1776104	
bucket	repo-hygiene/git_tip/artifacts/r2/frozen_depth4_c8ctl_s0/round_1.json	6704	
bucket	repo-hygiene/git_tip/artifacts/r2/frozen_depth4_c8ctl_s0/round_2.json	6706	
bucket	repo-hygiene/git_tip/artifacts/r2/frozen_depth4_c8ctl_s0/round_3.json	6710	
bucket	repo-hygiene/git_tip/artifacts/r2/frozen_depth4_c8ctl_s0/round_4.json	6703	
bucket	repo-hygiene/git_tip/artifacts/r2/frozen_depth4_c8ctl_s0/round_5.json	6706	
bucket	repo-hygiene/git_tip/artifacts/r2/frozen_depth4_c8ctl_s0/round_6.json	6692	
bucket	repo-hygiene/git_tip/artifacts/r2/frozen_depth4_c8ctl_s0/round_7.json	6710	
bucket	repo-hygiene/git_tip/artifacts/r2/frozen_depth4_c8ctl_s0/round_8.json	6705	
bucket	repo-hygiene/git_tip/artifacts/r2/frozen_depth4_c8ctl_s1/args.json	592	
bucket	repo-hygiene/git_tip/artifacts/r2/frozen_depth4_c8ctl_s1/found_8.jsonl	4438444	
bucket	repo-hygiene/git_tip/artifacts/r2/frozen_depth4_c8ctl_s1/found_transfer_8.jsonl	2273989	
bucket	repo-hygiene/git_tip/artifacts/r2/frozen_depth4_c8ctl_s1/round_1.json	6718	
bucket	repo-hygiene/git_tip/artifacts/r2/frozen_depth4_c8ctl_s1/round_2.json	6723	
bucket	repo-hygiene/git_tip/artifacts/r2/frozen_depth4_c8ctl_s1/round_3.json	6716	
bucket	repo-hygiene/git_tip/artifacts/r2/frozen_depth4_c8ctl_s1/round_4.json	6717	
bucket	repo-hygiene/git_tip/artifacts/r2/frozen_depth4_c8ctl_s1/round_5.json	6720	
bucket	repo-hygiene/git_tip/artifacts/r2/frozen_depth4_c8ctl_s1/round_6.json	6718	
bucket	repo-hygiene/git_tip/artifacts/r2/frozen_depth4_c8ctl_s1/round_7.json	6716	
bucket	repo-hygiene/git_tip/artifacts/r2/frozen_depth4_c8ctl_s1/round_8.json	6704	
bucket	repo-hygiene/git_tip/artifacts/r2/frozen_depth4_c8f0_s1/args.json	573	
bucket	repo-hygiene/git_tip/artifacts/r2/frozen_depth4_c8f0_s1/found_8.jsonl	3945828	
bucket	repo-hygiene/git_tip/artifacts/r2/frozen_depth4_c8f0_s1/found_transfer_8.jsonl	2150534	
bucket	repo-hygiene/git_tip/artifacts/r2/frozen_depth4_c8f0_s1/round_1.json	6747	
bucket	repo-hygiene/git_tip/artifacts/r2/frozen_depth4_c8f0_s1/round_2.json	6738	
bucket	repo-hygiene/git_tip/artifacts/r2/frozen_depth4_c8f0_s1/round_3.json	6741	
bucket	repo-hygiene/git_tip/artifacts/r2/frozen_depth4_c8f0_s1/round_4.json	6736	
bucket	repo-hygiene/git_tip/artifacts/r2/frozen_depth4_c8f0_s1/round_5.json	6746	
bucket	repo-hygiene/git_tip/artifacts/r2/frozen_depth4_c8f0_s1/round_6.json	6744	
bucket	repo-hygiene/git_tip/artifacts/r2/frozen_depth4_c8f0_s1/round_7.json	6743	
bucket	repo-hygiene/git_tip/artifacts/r2/frozen_depth4_c8f0_s1/round_8.json	6743	
bucket	repo-hygiene/git_tip/artifacts/r2/frozen_depth4_s0/args.json	553	
bucket	repo-hygiene/git_tip/artifacts/r2/frozen_depth4_s0/found_8.jsonl	0	
bucket	repo-hygiene/git_tip/artifacts/r2/frozen_depth4_s0/found_transfer_8.jsonl	0	
bucket	repo-hygiene/git_tip/artifacts/r2/frozen_depth4_s0/round_1.json	5626	
bucket	repo-hygiene/git_tip/artifacts/r2/frozen_depth4_s0/round_2.json	5640	
bucket	repo-hygiene/git_tip/artifacts/r2/frozen_depth4_s0/round_3.json	5629	
bucket	repo-hygiene/git_tip/artifacts/r2/frozen_depth4_s0/round_4.json	5628	
bucket	repo-hygiene/git_tip/artifacts/r2/frozen_depth4_s0/round_5.json	5629	
bucket	repo-hygiene/git_tip/artifacts/r2/frozen_depth4_s0/round_6.json	5628	
bucket	repo-hygiene/git_tip/artifacts/r2/frozen_depth4_s0/round_7.json	5639	
bucket	repo-hygiene/git_tip/artifacts/r2/frozen_depth4_s0/round_8.json	5629	
bucket	repo-hygiene/git_tip/artifacts/r2/frozen_depth4_s1/args.json	553	
bucket	repo-hygiene/git_tip/artifacts/r2/frozen_depth4_s1/found_8.jsonl	0	
bucket	repo-hygiene/git_tip/artifacts/r2/frozen_depth4_s1/found_transfer_8.jsonl	0	
bucket	repo-hygiene/git_tip/artifacts/r2/frozen_depth4_s1/round_1.json	5580	
bucket	repo-hygiene/git_tip/artifacts/r2/frozen_depth4_s1/round_2.json	5579	
bucket	repo-hygiene/git_tip/artifacts/r2/frozen_depth4_s1/round_3.json	5579	
bucket	repo-hygiene/git_tip/artifacts/r2/frozen_depth4_s1/round_4.json	5579	
bucket	repo-hygiene/git_tip/artifacts/r2/frozen_depth4_s1/round_5.json	5581	
bucket	repo-hygiene/git_tip/artifacts/r2/frozen_depth4_s1/round_6.json	5589	
bucket	repo-hygiene/git_tip/artifacts/r2/frozen_depth4_s1/round_7.json	5589	
bucket	repo-hygiene/git_tip/artifacts/r2/frozen_depth4_s1/round_8.json	5580	
bucket	repo-hygiene/git_tip/artifacts/r2/frozen_impe_chain4_s0/args.json	568	
bucket	repo-hygiene/git_tip/artifacts/r2/frozen_impe_chain4_s0/found_8.jsonl	0	
bucket	repo-hygiene/git_tip/artifacts/r2/frozen_impe_chain4_s0/found_transfer_8.jsonl	0	
bucket	repo-hygiene/git_tip/artifacts/r2/frozen_impe_chain4_s0/round_1.json	5685	
bucket	repo-hygiene/git_tip/artifacts/r2/frozen_impe_chain4_s0/round_2.json	5685	
bucket	repo-hygiene/git_tip/artifacts/r2/frozen_impe_chain4_s0/round_3.json	5664	
bucket	repo-hygiene/git_tip/artifacts/r2/frozen_impe_chain4_s0/round_4.json	5666	
bucket	repo-hygiene/git_tip/artifacts/r2/frozen_impe_chain4_s0/round_5.json	5686	
bucket	repo-hygiene/git_tip/artifacts/r2/frozen_impe_chain4_s0/round_6.json	5688	
bucket	repo-hygiene/git_tip/artifacts/r2/frozen_impe_chain4_s0/round_7.json	5669	
bucket	repo-hygiene/git_tip/artifacts/r2/frozen_impe_chain4_s0/round_8.json	5686	
bucket	repo-hygiene/git_tip/artifacts/r2/frozen_impe_chain4_s1/args.json	568	
bucket	repo-hygiene/git_tip/artifacts/r2/frozen_impe_chain4_s1/found_8.jsonl	0	
bucket	repo-hygiene/git_tip/artifacts/r2/frozen_impe_chain4_s1/found_transfer_8.jsonl	0	
bucket	repo-hygiene/git_tip/artifacts/r2/frozen_impe_chain4_s1/round_1.json	5664	
bucket	repo-hygiene/git_tip/artifacts/r2/frozen_impe_chain4_s1/round_2.json	5672	
bucket	repo-hygiene/git_tip/artifacts/r2/frozen_impe_chain4_s1/round_3.json	5665	
bucket	repo-hygiene/git_tip/artifacts/r2/frozen_impe_chain4_s1/round_4.json	5665	
bucket	repo-hygiene/git_tip/artifacts/r2/frozen_impe_chain4_s1/round_5.json	5665	
bucket	repo-hygiene/git_tip/artifacts/r2/frozen_impe_chain4_s1/round_6.json	5665	
bucket	repo-hygiene/git_tip/artifacts/r2/frozen_impe_chain4_s1/round_7.json	5672	
bucket	repo-hygiene/git_tip/artifacts/r2/frozen_impe_chain4_s1/round_8.json	5665	
bucket	repo-hygiene/git_tip/artifacts/r2/frozen_impi_ore_natctl_s0/args.json	566	
bucket	repo-hygiene/git_tip/artifacts/r2/frozen_impi_ore_natctl_s0/found_8.jsonl	27317	
bucket	repo-hygiene/git_tip/artifacts/r2/frozen_impi_ore_natctl_s0/found_transfer_8.jsonl	1820	
bucket	repo-hygiene/git_tip/artifacts/r2/frozen_impi_ore_natctl_s0/round_1.json	6480	
bucket	repo-hygiene/git_tip/artifacts/r2/frozen_impi_ore_natctl_s0/round_2.json	6398	
bucket	repo-hygiene/git_tip/artifacts/r2/frozen_impi_ore_natctl_s0/round_3.json	6483	
bucket	repo-hygiene/git_tip/artifacts/r2/frozen_impi_ore_natctl_s0/round_4.json	6398	
bucket	repo-hygiene/git_tip/artifacts/r2/frozen_impi_ore_natctl_s0/round_5.json	6501	
bucket	repo-hygiene/git_tip/artifacts/r2/frozen_impi_ore_natctl_s0/round_6.json	6394	
bucket	repo-hygiene/git_tip/artifacts/r2/frozen_impi_ore_natctl_s0/round_7.json	6395	
bucket	repo-hygiene/git_tip/artifacts/r2/frozen_impi_ore_natctl_s0/round_8.json	6491	
bucket	repo-hygiene/git_tip/artifacts/r2/frozen_impi_ore_natctl_s1/args.json	566	
bucket	repo-hygiene/git_tip/artifacts/r2/frozen_impi_ore_natctl_s1/found_8.jsonl	74739	
bucket	repo-hygiene/git_tip/artifacts/r2/frozen_impi_ore_natctl_s1/found_transfer_8.jsonl	45858	
bucket	repo-hygiene/git_tip/artifacts/r2/frozen_impi_ore_natctl_s1/round_1.json	6635	
bucket	repo-hygiene/git_tip/artifacts/r2/frozen_impi_ore_natctl_s1/round_2.json	6611	
bucket	repo-hygiene/git_tip/artifacts/r2/frozen_impi_ore_natctl_s1/round_3.json	6642	
bucket	repo-hygiene/git_tip/artifacts/r2/frozen_impi_ore_natctl_s1/round_4.json	6620	
bucket	repo-hygiene/git_tip/artifacts/r2/frozen_impi_ore_natctl_s1/round_5.json	6622	
bucket	repo-hygiene/git_tip/artifacts/r2/frozen_impi_ore_natctl_s1/round_6.json	6646	
bucket	repo-hygiene/git_tip/artifacts/r2/frozen_impi_ore_natctl_s1/round_7.json	6623	
bucket	repo-hygiene/git_tip/artifacts/r2/frozen_impi_ore_natctl_s1/round_8.json	6650	
bucket	repo-hygiene/git_tip/artifacts/r2/frozen_impi_ore_s0/args.json	569	
bucket	repo-hygiene/git_tip/artifacts/r2/frozen_impi_ore_s0/found_8.jsonl	0	
bucket	repo-hygiene/git_tip/artifacts/r2/frozen_impi_ore_s0/found_transfer_8.jsonl	0	
bucket	repo-hygiene/git_tip/artifacts/r2/frozen_impi_ore_s0/round_1.json	6225	
bucket	repo-hygiene/git_tip/artifacts/r2/frozen_impi_ore_s0/round_2.json	6226	
bucket	repo-hygiene/git_tip/artifacts/r2/frozen_impi_ore_s0/round_3.json	6225	
bucket	repo-hygiene/git_tip/artifacts/r2/frozen_impi_ore_s0/round_4.json	6226	
bucket	repo-hygiene/git_tip/artifacts/r2/frozen_impi_ore_s0/round_5.json	6226	
bucket	repo-hygiene/git_tip/artifacts/r2/frozen_impi_ore_s0/round_6.json	6225	
bucket	repo-hygiene/git_tip/artifacts/r2/frozen_impi_ore_s0/round_7.json	6225	
bucket	repo-hygiene/git_tip/artifacts/r2/frozen_impi_ore_s0/round_8.json	6227	
bucket	repo-hygiene/git_tip/artifacts/r2/frozen_impi_ore_s1/args.json	569	
bucket	repo-hygiene/git_tip/artifacts/r2/frozen_impi_ore_s1/found_8.jsonl	0	
bucket	repo-hygiene/git_tip/artifacts/r2/frozen_impi_ore_s1/found_transfer_8.jsonl	0	
bucket	repo-hygiene/git_tip/artifacts/r2/frozen_impi_ore_s1/round_1.json	6171	
bucket	repo-hygiene/git_tip/artifacts/r2/frozen_impi_ore_s1/round_2.json	6171	
bucket	repo-hygiene/git_tip/artifacts/r2/frozen_impi_ore_s1/round_3.json	6173	
bucket	repo-hygiene/git_tip/artifacts/r2/frozen_impi_ore_s1/round_4.json	6170	
bucket	repo-hygiene/git_tip/artifacts/r2/frozen_impi_ore_s1/round_5.json	6170	
bucket	repo-hygiene/git_tip/artifacts/r2/frozen_impi_ore_s1/round_6.json	6173	
bucket	repo-hygiene/git_tip/artifacts/r2/frozen_impi_ore_s1/round_7.json	6171	
bucket	repo-hygiene/git_tip/artifacts/r2/frozen_impi_ore_s1/round_8.json	6171	
bucket	repo-hygiene/git_tip/artifacts/r2/frozen_negi_ande_hyp_natctl_s0/args.json	581	
bucket	repo-hygiene/git_tip/artifacts/r2/frozen_negi_ande_hyp_natctl_s0/found_8.jsonl	0	
bucket	repo-hygiene/git_tip/artifacts/r2/frozen_negi_ande_hyp_natctl_s0/found_transfer_8.jsonl	0	
bucket	repo-hygiene/git_tip/artifacts/r2/frozen_negi_ande_hyp_natctl_s0/round_1.json	6234	
bucket	repo-hygiene/git_tip/artifacts/r2/frozen_negi_ande_hyp_natctl_s0/round_2.json	6246	
bucket	repo-hygiene/git_tip/artifacts/r2/frozen_negi_ande_hyp_natctl_s0/round_3.json	6238	
bucket	repo-hygiene/git_tip/artifacts/r2/frozen_negi_ande_hyp_natctl_s0/round_4.json	6245	
bucket	repo-hygiene/git_tip/artifacts/r2/frozen_negi_ande_hyp_natctl_s0/round_5.json	6236	
bucket	repo-hygiene/git_tip/artifacts/r2/frozen_negi_ande_hyp_natctl_s0/round_6.json	6233	
bucket	repo-hygiene/git_tip/artifacts/r2/frozen_negi_ande_hyp_natctl_s0/round_7.json	6245	
bucket	repo-hygiene/git_tip/artifacts/r2/frozen_negi_ande_hyp_natctl_s0/round_8.json	6245	
bucket	repo-hygiene/git_tip/artifacts/r2/frozen_negi_ande_hyp_natctl_s1/args.json	581	
bucket	repo-hygiene/git_tip/artifacts/r2/frozen_negi_ande_hyp_natctl_s1/found_8.jsonl	1615	
bucket	repo-hygiene/git_tip/artifacts/r2/frozen_negi_ande_hyp_natctl_s1/found_transfer_8.jsonl	1596	
bucket	repo-hygiene/git_tip/artifacts/r2/frozen_negi_ande_hyp_natctl_s1/round_1.json	6258	
bucket	repo-hygiene/git_tip/artifacts/r2/frozen_negi_ande_hyp_natctl_s1/round_2.json	6426	
bucket	repo-hygiene/git_tip/artifacts/r2/frozen_negi_ande_hyp_natctl_s1/round_3.json	6387	
bucket	repo-hygiene/git_tip/artifacts/r2/frozen_negi_ande_hyp_natctl_s1/round_4.json	6584	
bucket	repo-hygiene/git_tip/artifacts/r2/frozen_negi_ande_hyp_natctl_s1/round_5.json	6391	
bucket	repo-hygiene/git_tip/artifacts/r2/frozen_negi_ande_hyp_natctl_s1/round_6.json	6414	
bucket	repo-hygiene/git_tip/artifacts/r2/frozen_negi_ande_hyp_natctl_s1/round_7.json	6484	
bucket	repo-hygiene/git_tip/artifacts/r2/frozen_negi_ande_hyp_natctl_s1/round_8.json	6498	
bucket	repo-hygiene/git_tip/artifacts/r2/frozen_negi_ande_hyp_s0/args.json	594	
bucket	repo-hygiene/git_tip/artifacts/r2/frozen_negi_ande_hyp_s0/found_8.jsonl	0	
bucket	repo-hygiene/git_tip/artifacts/r2/frozen_negi_ande_hyp_s0/found_transfer_8.jsonl	0	
bucket	repo-hygiene/git_tip/artifacts/r2/frozen_negi_ande_hyp_s0/round_1.json	6288	
bucket	repo-hygiene/git_tip/artifacts/r2/frozen_negi_ande_hyp_s0/round_2.json	6290	
bucket	repo-hygiene/git_tip/artifacts/r2/frozen_negi_ande_hyp_s0/round_3.json	6289	
bucket	repo-hygiene/git_tip/artifacts/r2/frozen_negi_ande_hyp_s0/round_4.json	6292	
bucket	repo-hygiene/git_tip/artifacts/r2/frozen_negi_ande_hyp_s0/round_5.json	6289	
bucket	repo-hygiene/git_tip/artifacts/r2/frozen_negi_ande_hyp_s0/round_6.json	6292	
bucket	repo-hygiene/git_tip/artifacts/r2/frozen_negi_ande_hyp_s0/round_7.json	6289	
bucket	repo-hygiene/git_tip/artifacts/r2/frozen_negi_ande_hyp_s0/round_8.json	6293	
bucket	repo-hygiene/git_tip/artifacts/r2/frozen_negi_ande_hyp_s1/args.json	594	
bucket	repo-hygiene/git_tip/artifacts/r2/frozen_negi_ande_hyp_s1/found_8.jsonl	964	
bucket	repo-hygiene/git_tip/artifacts/r2/frozen_negi_ande_hyp_s1/found_transfer_8.jsonl	426	
bucket	repo-hygiene/git_tip/artifacts/r2/frozen_negi_ande_hyp_s1/round_1.json	6267	
bucket	repo-hygiene/git_tip/artifacts/r2/frozen_negi_ande_hyp_s1/round_2.json	6269	
bucket	repo-hygiene/git_tip/artifacts/r2/frozen_negi_ande_hyp_s1/round_3.json	6267	
bucket	repo-hygiene/git_tip/artifacts/r2/frozen_negi_ande_hyp_s1/round_4.json	6442	
bucket	repo-hygiene/git_tip/artifacts/r2/frozen_negi_ande_hyp_s1/round_5.json	6438	
bucket	repo-hygiene/git_tip/artifacts/r2/frozen_negi_ande_hyp_s1/round_6.json	6355	
bucket	repo-hygiene/git_tip/artifacts/r2/frozen_negi_ande_hyp_s1/round_7.json	6489	
bucket	repo-hygiene/git_tip/artifacts/r2/frozen_negi_ande_hyp_s1/round_8.json	6409	
bucket	repo-hygiene/git_tip/artifacts/r2/frozen_nested_ore_s0/args.json	565	
bucket	repo-hygiene/git_tip/artifacts/r2/frozen_nested_ore_s0/found_8.jsonl	0	
bucket	repo-hygiene/git_tip/artifacts/r2/frozen_nested_ore_s0/found_transfer_8.jsonl	0	
bucket	repo-hygiene/git_tip/artifacts/r2/frozen_nested_ore_s0/round_1.json	5574	
bucket	repo-hygiene/git_tip/artifacts/r2/frozen_nested_ore_s0/round_2.json	5575	
bucket	repo-hygiene/git_tip/artifacts/r2/frozen_nested_ore_s0/round_3.json	5576	
bucket	repo-hygiene/git_tip/artifacts/r2/frozen_nested_ore_s0/round_4.json	5575	
bucket	repo-hygiene/git_tip/artifacts/r2/frozen_nested_ore_s0/round_5.json	5576	
bucket	repo-hygiene/git_tip/artifacts/r2/frozen_nested_ore_s0/round_6.json	5575	
bucket	repo-hygiene/git_tip/artifacts/r2/frozen_nested_ore_s0/round_7.json	5572	
bucket	repo-hygiene/git_tip/artifacts/r2/frozen_nested_ore_s0/round_8.json	5576	
bucket	repo-hygiene/git_tip/artifacts/r2/frozen_nested_ore_s1/args.json	565	
bucket	repo-hygiene/git_tip/artifacts/r2/frozen_nested_ore_s1/found_8.jsonl	0	
bucket	repo-hygiene/git_tip/artifacts/r2/frozen_nested_ore_s1/found_transfer_8.jsonl	0	
bucket	repo-hygiene/git_tip/artifacts/r2/frozen_nested_ore_s1/round_1.json	5600	
bucket	repo-hygiene/git_tip/artifacts/r2/frozen_nested_ore_s1/round_2.json	5602	
bucket	repo-hygiene/git_tip/artifacts/r2/frozen_nested_ore_s1/round_3.json	5602	
bucket	repo-hygiene/git_tip/artifacts/r2/frozen_nested_ore_s1/round_4.json	5602	
bucket	repo-hygiene/git_tip/artifacts/r2/frozen_nested_ore_s1/round_5.json	5599	
bucket	repo-hygiene/git_tip/artifacts/r2/frozen_nested_ore_s1/round_6.json	5599	
bucket	repo-hygiene/git_tip/artifacts/r2/frozen_nested_ore_s1/round_7.json	5602	
bucket	repo-hygiene/git_tip/artifacts/r2/frozen_nested_ore_s1/round_8.json	5602	
bucket	repo-hygiene/git_tip/artifacts/r2/frozen_ori_ore_s0/args.json	564	
bucket	repo-hygiene/git_tip/artifacts/r2/frozen_ori_ore_s0/found_8.jsonl	2736360	
bucket	repo-hygiene/git_tip/artifacts/r2/frozen_ori_ore_s0/found_transfer_8.jsonl	1167460	
bucket	repo-hygiene/git_tip/artifacts/r2/frozen_ori_ore_s0/round_1.json	6496	
bucket	repo-hygiene/git_tip/artifacts/r2/frozen_ori_ore_s0/round_2.json	6503	
bucket	repo-hygiene/git_tip/artifacts/r2/frozen_ori_ore_s0/round_3.json	6572	
bucket	repo-hygiene/git_tip/artifacts/r2/frozen_ori_ore_s0/round_4.json	6555	
bucket	repo-hygiene/git_tip/artifacts/r2/frozen_ori_ore_s0/round_5.json	6545	
bucket	repo-hygiene/git_tip/artifacts/r2/frozen_ori_ore_s0/round_6.json	6523	
bucket	repo-hygiene/git_tip/artifacts/r2/frozen_ori_ore_s0/round_7.json	6513	
bucket	repo-hygiene/git_tip/artifacts/r2/frozen_ori_ore_s0/round_8.json	6556	
bucket	repo-hygiene/git_tip/artifacts/r2/frozen_ori_ore_s1/args.json	564	
bucket	repo-hygiene/git_tip/artifacts/r2/frozen_ori_ore_s1/found_8.jsonl	3446251	
bucket	repo-hygiene/git_tip/artifacts/r2/frozen_ori_ore_s1/found_transfer_8.jsonl	1557083	
bucket	repo-hygiene/git_tip/artifacts/r2/frozen_ori_ore_s1/round_1.json	6546	
bucket	repo-hygiene/git_tip/artifacts/r2/frozen_ori_ore_s1/round_2.json	6574	
bucket	repo-hygiene/git_tip/artifacts/r2/frozen_ori_ore_s1/round_3.json	6569	
bucket	repo-hygiene/git_tip/artifacts/r2/frozen_ori_ore_s1/round_4.json	6552	
bucket	repo-hygiene/git_tip/artifacts/r2/frozen_ori_ore_s1/round_5.json	6570	
bucket	repo-hygiene/git_tip/artifacts/r2/frozen_ori_ore_s1/round_6.json	6570	
bucket	repo-hygiene/git_tip/artifacts/r2/frozen_ori_ore_s1/round_7.json	6574	
bucket	repo-hygiene/git_tip/artifacts/r2/frozen_ori_ore_s1/round_8.json	6580	
bucket	repo-hygiene/git_tip/artifacts/r2/gen_depth4.log	194	
bucket	repo-hygiene/git_tip/artifacts/r2/gen_depth4b.log	1390	
bucket	repo-hygiene/git_tip/artifacts/r2/gen_impe_chain4.log	194	
bucket	repo-hygiene/git_tip/artifacts/r2/gen_impi_ore.log	1581	
bucket	repo-hygiene/git_tip/artifacts/r2/gen_negi_ande_hyp.log	1488	
bucket	repo-hygiene/git_tip/artifacts/r2/gen_negi_ande_hypb.log	1513	
bucket	repo-hygiene/git_tip/artifacts/r2/gen_nested_ore.log	193	
bucket	repo-hygiene/git_tip/artifacts/r2/gen_ori_ore.log	1563	
bucket	repo-hygiene/git_tip/artifacts/r2/nec_depth4.log	1447	
bucket	repo-hygiene/git_tip/artifacts/r2/nec_impe_chain4.log	674	
bucket	repo-hygiene/git_tip/artifacts/r2/nec_impi_ore.log	1411	
bucket	repo-hygiene/git_tip/artifacts/r2/nec_impi_ore2.log	4483	
bucket	repo-hygiene/git_tip/artifacts/r2/nec_negi_ande_hyp.log	642	
bucket	repo-hygiene/git_tip/artifacts/r2/nec_nested_ore.log	109	
bucket	repo-hygiene/git_tip/artifacts/r2/nec_ori_ore.log	1227	
bucket	repo-hygiene/git_tip/artifacts/r2/ore_pool.log	157	
bucket	repo-hygiene/git_tip/artifacts/r2/sets.log	1744	
bucket	repo-hygiene/git_tip/artifacts/r2/sets_c8.log	607	
bucket	repo-hygiene/git_tip/artifacts/r2/summary.json	239845	
bucket	repo-hygiene/git_tip/artifacts/r2/upload.log	482	
bucket	repo-hygiene/git_tip/artifacts/r3/ei_depth3_f0_a1_s3_gen4/args.json	601	
bucket	repo-hygiene/git_tip/artifacts/r3/ei_depth3_f0_a1_s3_gen4/found_8.jsonl	11116193	
bucket	repo-hygiene/git_tip/artifacts/r3/ei_depth3_f0_a1_s3_gen4/found_transfer_8.jsonl	5471506	
bucket	repo-hygiene/git_tip/artifacts/r3/ei_depth3_f0_a1_s3_gen4/round_5.json	8853	
bucket	repo-hygiene/git_tip/artifacts/r3/ei_depth3_f0_a1_s3_gen4/round_6.json	8874	
bucket	repo-hygiene/git_tip/artifacts/r3/ei_depth3_f0_a1_s3_gen4/round_7.json	8979	
bucket	repo-hygiene/git_tip/artifacts/r3/ei_depth3_f0_a1_s3_gen4/round_8.json	9025	
bucket	repo-hygiene/git_tip/artifacts/r3/ei_depth3_f0_a1_s3_inv4/args.json	601	
bucket	repo-hygiene/git_tip/artifacts/r3/ei_depth3_f0_a1_s3_inv4/found_8.jsonl	10590346	
bucket	repo-hygiene/git_tip/artifacts/r3/ei_depth3_f0_a1_s3_inv4/found_transfer_8.jsonl	5232841	
bucket	repo-hygiene/git_tip/artifacts/r3/ei_depth3_f0_a1_s3_inv4/round_5.json	8822	
bucket	repo-hygiene/git_tip/artifacts/r3/ei_depth3_f0_a1_s3_inv4/round_6.json	8845	
bucket	repo-hygiene/git_tip/artifacts/r3/ei_depth3_f0_a1_s3_inv4/round_7.json	8964	
bucket	repo-hygiene/git_tip/artifacts/r3/ei_depth3_f0_a1_s3_inv4/round_8.json	8962	
bucket	repo-hygiene/git_tip/artifacts/r3/ei_depth3_f0_a1_s3_other4/args.json	605	
bucket	repo-hygiene/git_tip/artifacts/r3/ei_depth3_f0_a1_s3_other4/found_8.jsonl	10671546	
bucket	repo-hygiene/git_tip/artifacts/r3/ei_depth3_f0_a1_s3_other4/found_transfer_8.jsonl	5213670	
bucket	repo-hygiene/git_tip/artifacts/r3/ei_depth3_f0_a1_s3_other4/round_5.json	8816	
bucket	repo-hygiene/git_tip/artifacts/r3/ei_depth3_f0_a1_s3_other4/round_6.json	8860	
bucket	repo-hygiene/git_tip/artifacts/r3/ei_depth3_f0_a1_s3_other4/round_7.json	8956	
bucket	repo-hygiene/git_tip/artifacts/r3/ei_depth3_f0_a1_s3_other4/round_8.json	9021	
bucket	repo-hygiene/git_tip/artifacts/r3/ei_depth3_f0_a1_s3_sib1/args.json	601	
bucket	repo-hygiene/git_tip/artifacts/r3/ei_depth3_f0_a1_s3_sib1/found_8.jsonl	10859891	
bucket	repo-hygiene/git_tip/artifacts/r3/ei_depth3_f0_a1_s3_sib1/found_transfer_8.jsonl	5397573	
bucket	repo-hygiene/git_tip/artifacts/r3/ei_depth3_f0_a1_s3_sib1/round_5.json	8877	
bucket	repo-hygiene/git_tip/artifacts/r3/ei_depth3_f0_a1_s3_sib1/round_6.json	8862	
bucket	repo-hygiene/git_tip/artifacts/r3/ei_depth3_f0_a1_s3_sib1/round_7.json	8925	
bucket	repo-hygiene/git_tip/artifacts/r3/ei_depth3_f0_a1_s3_sib1/round_8.json	9060	
bucket	repo-hygiene/git_tip/artifacts/r3/ei_depth3_f0_a1_s3_sib16/args.json	603	
bucket	repo-hygiene/git_tip/artifacts/r3/ei_depth3_f0_a1_s3_sib16/found_8.jsonl	10896191	
bucket	repo-hygiene/git_tip/artifacts/r3/ei_depth3_f0_a1_s3_sib16/found_transfer_8.jsonl	5434317	
bucket	repo-hygiene/git_tip/artifacts/r3/ei_depth3_f0_a1_s3_sib16/round_5.json	8863	
bucket	repo-hygiene/git_tip/artifacts/r3/ei_depth3_f0_a1_s3_sib16/round_6.json	8960	
bucket	repo-hygiene/git_tip/artifacts/r3/ei_depth3_f0_a1_s3_sib16/round_7.json	9009	
bucket	repo-hygiene/git_tip/artifacts/r3/ei_depth3_f0_a1_s3_sib16/round_8.json	9032	
bucket	repo-hygiene/git_tip/artifacts/r3/ei_depth3_f0_a1_s3_sib4/args.json	601	
bucket	repo-hygiene/git_tip/artifacts/r3/ei_depth3_f0_a1_s3_sib4/found_8.jsonl	10710145	
bucket	repo-hygiene/git_tip/artifacts/r3/ei_depth3_f0_a1_s3_sib4/found_transfer_8.jsonl	5325672	
bucket	repo-hygiene/git_tip/artifacts/r3/ei_depth3_f0_a1_s3_sib4/round_5.json	8873	
bucket	repo-hygiene/git_tip/artifacts/r3/ei_depth3_f0_a1_s3_sib4/round_6.json	8956	
bucket	repo-hygiene/git_tip/artifacts/r3/ei_depth3_f0_a1_s3_sib4/round_7.json	8978	
bucket	repo-hygiene/git_tip/artifacts/r3/ei_depth3_f0_a1_s3_sib4/round_8.json	9006	
bucket	repo-hygiene/git_tip/artifacts/r3/ei_depth3_f0_a1_s4_gen4/args.json	601	
bucket	repo-hygiene/git_tip/artifacts/r3/ei_depth3_f0_a1_s4_gen4/found_8.jsonl	8656021	
bucket	repo-hygiene/git_tip/artifacts/r3/ei_depth3_f0_a1_s4_gen4/found_transfer_8.jsonl	4216187	
bucket	repo-hygiene/git_tip/artifacts/r3/ei_depth3_f0_a1_s4_gen4/round_5.json	8802	
bucket	repo-hygiene/git_tip/artifacts/r3/ei_depth3_f0_a1_s4_gen4/round_6.json	8871	
bucket	repo-hygiene/git_tip/artifacts/r3/ei_depth3_f0_a1_s4_gen4/round_7.json	8876	
bucket	repo-hygiene/git_tip/artifacts/r3/ei_depth3_f0_a1_s4_gen4/round_8.json	8888	
bucket	repo-hygiene/git_tip/artifacts/r3/ei_depth3_f0_a1_s4_inv4/args.json	601	
bucket	repo-hygiene/git_tip/artifacts/r3/ei_depth3_f0_a1_s4_inv4/found_8.jsonl	9236806	
bucket	repo-hygiene/git_tip/artifacts/r3/ei_depth3_f0_a1_s4_inv4/found_transfer_8.jsonl	4471824	
bucket	repo-hygiene/git_tip/artifacts/r3/ei_depth3_f0_a1_s4_inv4/round_5.json	8788	
bucket	repo-hygiene/git_tip/artifacts/r3/ei_depth3_f0_a1_s4_inv4/round_6.json	8850	
bucket	repo-hygiene/git_tip/artifacts/r3/ei_depth3_f0_a1_s4_inv4/round_7.json	8845	
bucket	repo-hygiene/git_tip/artifacts/r3/ei_depth3_f0_a1_s4_inv4/round_8.json	8846	
bucket	repo-hygiene/git_tip/artifacts/r3/ei_depth3_f0_a1_s4_other4/args.json	605	
bucket	repo-hygiene/git_tip/artifacts/r3/ei_depth3_f0_a1_s4_other4/found_8.jsonl	6481044	
bucket	repo-hygiene/git_tip/artifacts/r3/ei_depth3_f0_a1_s4_other4/found_transfer_8.jsonl	3309583	
bucket	repo-hygiene/git_tip/artifacts/r3/ei_depth3_f0_a1_s4_other4/round_5.json	8796	
bucket	repo-hygiene/git_tip/artifacts/r3/ei_depth3_f0_a1_s4_other4/round_6.json	8805	
bucket	repo-hygiene/git_tip/artifacts/r3/ei_depth3_f0_a1_s4_other4/round_7.json	8844	
bucket	repo-hygiene/git_tip/artifacts/r3/ei_depth3_f0_a1_s4_other4/round_8.json	8824	
bucket	repo-hygiene/git_tip/artifacts/r3/ei_depth3_f0_a1_s4_sib1/args.json	601	
bucket	repo-hygiene/git_tip/artifacts/r3/ei_depth3_f0_a1_s4_sib1/found_8.jsonl	9498251	
bucket	repo-hygiene/git_tip/artifacts/r3/ei_depth3_f0_a1_s4_sib1/found_transfer_8.jsonl	4748124	
bucket	repo-hygiene/git_tip/artifacts/r3/ei_depth3_f0_a1_s4_sib1/round_5.json	8882	
bucket	repo-hygiene/git_tip/artifacts/r3/ei_depth3_f0_a1_s4_sib1/round_6.json	8868	
bucket	repo-hygiene/git_tip/artifacts/r3/ei_depth3_f0_a1_s4_sib1/round_7.json	8879	
bucket	repo-hygiene/git_tip/artifacts/r3/ei_depth3_f0_a1_s4_sib1/round_8.json	8960	
bucket	repo-hygiene/git_tip/artifacts/r3/ei_depth3_f0_a1_s4_sib16/args.json	603	
bucket	repo-hygiene/git_tip/artifacts/r3/ei_depth3_f0_a1_s4_sib16/found_8.jsonl	12015160	
bucket	repo-hygiene/git_tip/artifacts/r3/ei_depth3_f0_a1_s4_sib16/found_transfer_8.jsonl	5815483	
bucket	repo-hygiene/git_tip/artifacts/r3/ei_depth3_f0_a1_s4_sib16/round_5.json	8960	
bucket	repo-hygiene/git_tip/artifacts/r3/ei_depth3_f0_a1_s4_sib16/round_6.json	8965	
bucket	repo-hygiene/git_tip/artifacts/r3/ei_depth3_f0_a1_s4_sib16/round_7.json	9004	
bucket	repo-hygiene/git_tip/artifacts/r3/ei_depth3_f0_a1_s4_sib16/round_8.json	9034	
bucket	repo-hygiene/git_tip/artifacts/r3/ei_depth3_f0_a1_s4_sib4/args.json	601	
bucket	repo-hygiene/git_tip/artifacts/r3/ei_depth3_f0_a1_s4_sib4/found_8.jsonl	11142258	
bucket	repo-hygiene/git_tip/artifacts/r3/ei_depth3_f0_a1_s4_sib4/found_transfer_8.jsonl	5361736	
bucket	repo-hygiene/git_tip/artifacts/r3/ei_depth3_f0_a1_s4_sib4/round_5.json	8843	
bucket	repo-hygiene/git_tip/artifacts/r3/ei_depth3_f0_a1_s4_sib4/round_6.json	8984	
bucket	repo-hygiene/git_tip/artifacts/r3/ei_depth3_f0_a1_s4_sib4/round_7.json	8930	
bucket	repo-hygiene/git_tip/artifacts/r3/ei_depth3_f0_a1_s4_sib4/round_8.json	9012	
bucket	repo-hygiene/git_tip/artifacts/r3/ei_depth3_f0_a1_s5_gen4/args.json	601	
bucket	repo-hygiene/git_tip/artifacts/r3/ei_depth3_f0_a1_s5_gen4/found_8.jsonl	10477531	
bucket	repo-hygiene/git_tip/artifacts/r3/ei_depth3_f0_a1_s5_gen4/found_transfer_8.jsonl	5222421	
bucket	repo-hygiene/git_tip/artifacts/r3/ei_depth3_f0_a1_s5_gen4/round_5.json	8830	
bucket	repo-hygiene/git_tip/artifacts/r3/ei_depth3_f0_a1_s5_gen4/round_6.json	8863	
bucket	repo-hygiene/git_tip/artifacts/r3/ei_depth3_f0_a1_s5_gen4/round_7.json	8904	
bucket	repo-hygiene/git_tip/artifacts/r3/ei_depth3_f0_a1_s5_gen4/round_8.json	8955	
bucket	repo-hygiene/git_tip/artifacts/r3/ei_depth3_f0_a1_s5_inv4/args.json	605	
bucket	repo-hygiene/git_tip/artifacts/r3/ei_depth3_f0_a1_s5_inv4/found_8.jsonl	7216758	
bucket	repo-hygiene/git_tip/artifacts/r3/ei_depth3_f0_a1_s5_inv4/found_transfer_8.jsonl	3699933	
bucket	repo-hygiene/git_tip/artifacts/r3/ei_depth3_f0_a1_s5_inv4/round_5.json	8752	
bucket	repo-hygiene/git_tip/artifacts/r3/ei_depth3_f0_a1_s5_inv4/round_6.json	8785	
bucket	repo-hygiene/git_tip/artifacts/r3/ei_depth3_f0_a1_s5_inv4/round_7.json	8790	
bucket	repo-hygiene/git_tip/artifacts/r3/ei_depth3_f0_a1_s5_inv4/round_8.json	8835	
bucket	repo-hygiene/git_tip/artifacts/r3/ei_depth3_f0_a1_s5_other4/args.json	605	
bucket	repo-hygiene/git_tip/artifacts/r3/ei_depth3_f0_a1_s5_other4/found_8.jsonl	7532677	
bucket	repo-hygiene/git_tip/artifacts/r3/ei_depth3_f0_a1_s5_other4/found_transfer_8.jsonl	3814277	
bucket	repo-hygiene/git_tip/artifacts/r3/ei_depth3_f0_a1_s5_other4/round_5.json	8746	
bucket	repo-hygiene/git_tip/artifacts/r3/ei_depth3_f0_a1_s5_other4/round_6.json	8741	
bucket	repo-hygiene/git_tip/artifacts/r3/ei_depth3_f0_a1_s5_other4/round_7.json	8757	
bucket	repo-hygiene/git_tip/artifacts/r3/ei_depth3_f0_a1_s5_other4/round_8.json	8812	
bucket	repo-hygiene/git_tip/artifacts/r3/ei_depth3_f0_a1_s5_sib1/args.json	601	
bucket	repo-hygiene/git_tip/artifacts/r3/ei_depth3_f0_a1_s5_sib1/found_8.jsonl	11089108	
bucket	repo-hygiene/git_tip/artifacts/r3/ei_depth3_f0_a1_s5_sib1/found_transfer_8.jsonl	5425666	
bucket	repo-hygiene/git_tip/artifacts/r3/ei_depth3_f0_a1_s5_sib1/round_5.json	8844	
bucket	repo-hygiene/git_tip/artifacts/r3/ei_depth3_f0_a1_s5_sib1/round_6.json	8790	
bucket	repo-hygiene/git_tip/artifacts/r3/ei_depth3_f0_a1_s5_sib1/round_7.json	8920	
bucket	repo-hygiene/git_tip/artifacts/r3/ei_depth3_f0_a1_s5_sib1/round_8.json	8977	
bucket	repo-hygiene/git_tip/artifacts/r3/ei_depth3_f0_a1_s5_sib16/args.json	603	
bucket	repo-hygiene/git_tip/artifacts/r3/ei_depth3_f0_a1_s5_sib16/found_8.jsonl	11907203	
bucket	repo-hygiene/git_tip/artifacts/r3/ei_depth3_f0_a1_s5_sib16/found_transfer_8.jsonl	5894192	
bucket	repo-hygiene/git_tip/artifacts/r3/ei_depth3_f0_a1_s5_sib16/round_5.json	8882	
bucket	repo-hygiene/git_tip/artifacts/r3/ei_depth3_f0_a1_s5_sib16/round_6.json	8885	
bucket	repo-hygiene/git_tip/artifacts/r3/ei_depth3_f0_a1_s5_sib16/round_7.json	8979	
bucket	repo-hygiene/git_tip/artifacts/r3/ei_depth3_f0_a1_s5_sib16/round_8.json	9023	
bucket	repo-hygiene/git_tip/artifacts/r3/ei_depth3_f0_a1_s5_sib4/args.json	601	
bucket	repo-hygiene/git_tip/artifacts/r3/ei_depth3_f0_a1_s5_sib4/found_8.jsonl	11909642	
bucket	repo-hygiene/git_tip/artifacts/r3/ei_depth3_f0_a1_s5_sib4/found_transfer_8.jsonl	5791399	
bucket	repo-hygiene/git_tip/artifacts/r3/ei_depth3_f0_a1_s5_sib4/round_5.json	8962	
bucket	repo-hygiene/git_tip/artifacts/r3/ei_depth3_f0_a1_s5_sib4/round_6.json	8979	
bucket	repo-hygiene/git_tip/artifacts/r3/ei_depth3_f0_a1_s5_sib4/round_7.json	8991	
bucket	repo-hygiene/git_tip/artifacts/r3/ei_depth3_f0_a1_s5_sib4/round_8.json	9017	
bucket	repo-hygiene/git_tip/artifacts/r3/ei_reductio_f0_s1_t2_gen4/args.json	612	
bucket	repo-hygiene/git_tip/artifacts/r3/ei_reductio_f0_s1_t2_gen4/found_8.jsonl	0	
bucket	repo-hygiene/git_tip/artifacts/r3/ei_reductio_f0_s1_t2_gen4/found_transfer_8.jsonl	0	
bucket	repo-hygiene/git_tip/artifacts/r3/ei_reductio_f0_s1_t2_gen4/round_5.json	5898	
bucket	repo-hygiene/git_tip/artifacts/r3/ei_reductio_f0_s1_t2_gen4/round_6.json	5898	
bucket	repo-hygiene/git_tip/artifacts/r3/ei_reductio_f0_s1_t2_gen4/round_7.json	5898	
bucket	repo-hygiene/git_tip/artifacts/r3/ei_reductio_f0_s1_t2_gen4/round_8.json	5896	
bucket	repo-hygiene/git_tip/artifacts/r3/ei_reductio_f0_s1_t2_inv4/args.json	612	
bucket	repo-hygiene/git_tip/artifacts/r3/ei_reductio_f0_s1_t2_inv4/found_8.jsonl	0	
bucket	repo-hygiene/git_tip/artifacts/r3/ei_reductio_f0_s1_t2_inv4/found_transfer_8.jsonl	0	
bucket	repo-hygiene/git_tip/artifacts/r3/ei_reductio_f0_s1_t2_inv4/round_5.json	5858	
bucket	repo-hygiene/git_tip/artifacts/r3/ei_reductio_f0_s1_t2_inv4/round_6.json	5858	
bucket	repo-hygiene/git_tip/artifacts/r3/ei_reductio_f0_s1_t2_inv4/round_7.json	5859	
bucket	repo-hygiene/git_tip/artifacts/r3/ei_reductio_f0_s1_t2_inv4/round_8.json	5858	
bucket	repo-hygiene/git_tip/artifacts/r3/ei_reductio_f0_s1_t2_other4/args.json	616	
bucket	repo-hygiene/git_tip/artifacts/r3/ei_reductio_f0_s1_t2_other4/found_8.jsonl	0	
bucket	repo-hygiene/git_tip/artifacts/r3/ei_reductio_f0_s1_t2_other4/found_transfer_8.jsonl	0	
bucket	repo-hygiene/git_tip/artifacts/r3/ei_reductio_f0_s1_t2_other4/round_5.json	5919	
bucket	repo-hygiene/git_tip/artifacts/r3/ei_reductio_f0_s1_t2_other4/round_6.json	5918	
bucket	repo-hygiene/git_tip/artifacts/r3/ei_reductio_f0_s1_t2_other4/round_7.json	5923	
bucket	repo-hygiene/git_tip/artifacts/r3/ei_reductio_f0_s1_t2_other4/round_8.json	5923	
bucket	repo-hygiene/git_tip/artifacts/r3/ei_reductio_f0_s1_t2_sib1/args.json	612	
bucket	repo-hygiene/git_tip/artifacts/r3/ei_reductio_f0_s1_t2_sib1/found_8.jsonl	776585	
bucket	repo-hygiene/git_tip/artifacts/r3/ei_reductio_f0_s1_t2_sib1/found_transfer_8.jsonl	286650	
bucket	repo-hygiene/git_tip/artifacts/r3/ei_reductio_f0_s1_t2_sib1/round_5.json	6298	
bucket	repo-hygiene/git_tip/artifacts/r3/ei_reductio_f0_s1_t2_sib1/round_6.json	6405	
bucket	repo-hygiene/git_tip/artifacts/r3/ei_reductio_f0_s1_t2_sib1/round_7.json	6380	
bucket	repo-hygiene/git_tip/artifacts/r3/ei_reductio_f0_s1_t2_sib1/round_8.json	6571	
bucket	repo-hygiene/git_tip/artifacts/r3/ei_reductio_f0_s1_t2_sib16/args.json	614	
bucket	repo-hygiene/git_tip/artifacts/r3/ei_reductio_f0_s1_t2_sib16/found_8.jsonl	1556798	
bucket	repo-hygiene/git_tip/artifacts/r3/ei_reductio_f0_s1_t2_sib16/found_transfer_8.jsonl	745718	
bucket	repo-hygiene/git_tip/artifacts/r3/ei_reductio_f0_s1_t2_sib16/round_5.json	6623	
bucket	repo-hygiene/git_tip/artifacts/r3/ei_reductio_f0_s1_t2_sib16/round_6.json	6704	
bucket	repo-hygiene/git_tip/artifacts/r3/ei_reductio_f0_s1_t2_sib16/round_7.json	6674	
bucket	repo-hygiene/git_tip/artifacts/r3/ei_reductio_f0_s1_t2_sib16/round_8.json	6662	
bucket	repo-hygiene/git_tip/artifacts/r3/ei_reductio_f0_s1_t2_sib4/args.json	612	
bucket	repo-hygiene/git_tip/artifacts/r3/ei_reductio_f0_s1_t2_sib4/found_8.jsonl	855937	
bucket	repo-hygiene/git_tip/artifacts/r3/ei_reductio_f0_s1_t2_sib4/found_transfer_8.jsonl	342574	
bucket	repo-hygiene/git_tip/artifacts/r3/ei_reductio_f0_s1_t2_sib4/round_5.json	6424	
bucket	repo-hygiene/git_tip/artifacts/r3/ei_reductio_f0_s1_t2_sib4/round_6.json	6297	
bucket	repo-hygiene/git_tip/artifacts/r3/ei_reductio_f0_s1_t2_sib4/round_7.json	6339	
bucket	repo-hygiene/git_tip/artifacts/r3/ei_reductio_f0_s1_t2_sib4/round_8.json	6352	
bucket	repo-hygiene/git_tip/artifacts/r3/ei_reductio_f0_s2_t2_gen4/args.json	612	
bucket	repo-hygiene/git_tip/artifacts/r3/ei_reductio_f0_s2_t2_gen4/found_8.jsonl	1022426	
bucket	repo-hygiene/git_tip/artifacts/r3/ei_reductio_f0_s2_t2_gen4/found_transfer_8.jsonl	473436	
bucket	repo-hygiene/git_tip/artifacts/r3/ei_reductio_f0_s2_t2_gen4/round_5.json	6091	
bucket	repo-hygiene/git_tip/artifacts/r3/ei_reductio_f0_s2_t2_gen4/round_6.json	6412	
bucket	repo-hygiene/git_tip/artifacts/r3/ei_reductio_f0_s2_t2_gen4/round_7.json	6459	
bucket	repo-hygiene/git_tip/artifacts/r3/ei_reductio_f0_s2_t2_gen4/round_8.json	6393	
bucket	repo-hygiene/git_tip/artifacts/r3/ei_reductio_f0_s2_t2_inv4/args.json	612	
bucket	repo-hygiene/git_tip/artifacts/r3/ei_reductio_f0_s2_t2_inv4/found_8.jsonl	108682	
bucket	repo-hygiene/git_tip/artifacts/r3/ei_reductio_f0_s2_t2_inv4/found_transfer_8.jsonl	28565	
bucket	repo-hygiene/git_tip/artifacts/r3/ei_reductio_f0_s2_t2_inv4/round_5.json	5922	
bucket	repo-hygiene/git_tip/artifacts/r3/ei_reductio_f0_s2_t2_inv4/round_6.json	6123	
bucket	repo-hygiene/git_tip/artifacts/r3/ei_reductio_f0_s2_t2_inv4/round_7.json	6337	
bucket	repo-hygiene/git_tip/artifacts/r3/ei_reductio_f0_s2_t2_inv4/round_8.json	6326	
bucket	repo-hygiene/git_tip/artifacts/r3/ei_reductio_f0_s2_t2_other4/args.json	616	
bucket	repo-hygiene/git_tip/artifacts/r3/ei_reductio_f0_s2_t2_other4/found_8.jsonl	0	
bucket	repo-hygiene/git_tip/artifacts/r3/ei_reductio_f0_s2_t2_other4/found_transfer_8.jsonl	0	
bucket	repo-hygiene/git_tip/artifacts/r3/ei_reductio_f0_s2_t2_other4/round_5.json	5925	
bucket	repo-hygiene/git_tip/artifacts/r3/ei_reductio_f0_s2_t2_other4/round_6.json	5918	
bucket	repo-hygiene/git_tip/artifacts/r3/ei_reductio_f0_s2_t2_other4/round_7.json	5918	
bucket	repo-hygiene/git_tip/artifacts/r3/ei_reductio_f0_s2_t2_other4/round_8.json	5925	
bucket	repo-hygiene/git_tip/artifacts/r3/ei_reductio_f0_s2_t2_sib1/args.json	612	
bucket	repo-hygiene/git_tip/artifacts/r3/ei_reductio_f0_s2_t2_sib1/found_8.jsonl	1054080	
bucket	repo-hygiene/git_tip/artifacts/r3/ei_reductio_f0_s2_t2_sib1/found_transfer_8.jsonl	463727	
bucket	repo-hygiene/git_tip/artifacts/r3/ei_reductio_f0_s2_t2_sib1/round_5.json	6344	
bucket	repo-hygiene/git_tip/artifacts/r3/ei_reductio_f0_s2_t2_sib1/round_6.json	6395	
bucket	repo-hygiene/git_tip/artifacts/r3/ei_reductio_f0_s2_t2_sib1/round_7.json	6463	
bucket	repo-hygiene/git_tip/artifacts/r3/ei_reductio_f0_s2_t2_sib1/round_8.json	6390	
bucket	repo-hygiene/git_tip/artifacts/r3/ei_reductio_f0_s2_t2_sib16/args.json	614	
bucket	repo-hygiene/git_tip/artifacts/r3/ei_reductio_f0_s2_t2_sib16/found_8.jsonl	1540875	
bucket	repo-hygiene/git_tip/artifacts/r3/ei_reductio_f0_s2_t2_sib16/found_transfer_8.jsonl	771121	
bucket	repo-hygiene/git_tip/artifacts/r3/ei_reductio_f0_s2_t2_sib16/round_5.json	6663	
bucket	repo-hygiene/git_tip/artifacts/r3/ei_reductio_f0_s2_t2_sib16/round_6.json	6549	
bucket	repo-hygiene/git_tip/artifacts/r3/ei_reductio_f0_s2_t2_sib16/round_7.json	6883	
bucket	repo-hygiene/git_tip/artifacts/r3/ei_reductio_f0_s2_t2_sib16/round_8.json	6909	
bucket	repo-hygiene/git_tip/artifacts/r3/ei_reductio_f0_s2_t2_sib4/args.json	612	
bucket	repo-hygiene/git_tip/artifacts/r3/ei_reductio_f0_s2_t2_sib4/found_8.jsonl	1230735	
bucket	repo-hygiene/git_tip/artifacts/r3/ei_reductio_f0_s2_t2_sib4/found_transfer_8.jsonl	534052	
bucket	repo-hygiene/git_tip/artifacts/r3/ei_reductio_f0_s2_t2_sib4/round_5.json	6447	
bucket	repo-hygiene/git_tip/artifacts/r3/ei_reductio_f0_s2_t2_sib4/round_6.json	6605	
bucket	repo-hygiene/git_tip/artifacts/r3/ei_reductio_f0_s2_t2_sib4/round_7.json	6481	
bucket	repo-hygiene/git_tip/artifacts/r3/ei_reductio_f0_s2_t2_sib4/round_8.json	6585	
bucket	repo-hygiene/git_tip/artifacts/r3/pull_ckpts.log	7	
bucket	repo-hygiene/git_tip/artifacts/r3/summary.json	86990	
bucket	repo-hygiene/git_tip/artifacts/r4/analysis_final.log	3767	
bucket	repo-hygiene/git_tip/artifacts/r4/analysis_prelim.log	3509	
bucket	repo-hygiene/git_tip/artifacts/r4/grpo_g32_a1_s0/args.json	391	
bucket	repo-hygiene/git_tip/artifacts/r4/grpo_g32_a1_s0/found_8.jsonl	763384	
bucket	repo-hygiene/git_tip/artifacts/r4/grpo_g32_a1_s0/found_transfer_8.jsonl	215703	
bucket	repo-hygiene/git_tip/artifacts/r4/grpo_g32_a1_s0/round_1.json	17358	
bucket	repo-hygiene/git_tip/artifacts/r4/grpo_g32_a1_s0/round_2.json	17389	
bucket	repo-hygiene/git_tip/artifacts/r4/grpo_g32_a1_s0/round_3.json	17482	
bucket	repo-hygiene/git_tip/artifacts/r4/grpo_g32_a1_s0/round_4.json	17504	
bucket	repo-hygiene/git_tip/artifacts/r4/grpo_g32_a1_s0/round_5.json	17474	
bucket	repo-hygiene/git_tip/artifacts/r4/grpo_g32_a1_s0/round_6.json	17520	
bucket	repo-hygiene/git_tip/artifacts/r4/grpo_g32_a1_s0/round_7.json	17606	
bucket	repo-hygiene/git_tip/artifacts/r4/grpo_g32_a1_s0/round_8.json	17469	
bucket	repo-hygiene/git_tip/artifacts/r4/grpo_g32_a1_s1/args.json	391	
bucket	repo-hygiene/git_tip/artifacts/r4/grpo_g32_a1_s1/found_8.jsonl	857731	
bucket	repo-hygiene/git_tip/artifacts/r4/grpo_g32_a1_s1/found_transfer_8.jsonl	275351	
bucket	repo-hygiene/git_tip/artifacts/r4/grpo_g32_a1_s1/round_1.json	17358	
bucket	repo-hygiene/git_tip/artifacts/r4/grpo_g32_a1_s1/round_2.json	17416	
bucket	repo-hygiene/git_tip/artifacts/r4/grpo_g32_a1_s1/round_3.json	17440	
bucket	repo-hygiene/git_tip/artifacts/r4/grpo_g32_a1_s1/round_4.json	17502	
bucket	repo-hygiene/git_tip/artifacts/r4/grpo_g32_a1_s1/round_5.json	17575	
bucket	repo-hygiene/git_tip/artifacts/r4/grpo_g32_a1_s1/round_6.json	17519	
bucket	repo-hygiene/git_tip/artifacts/r4/grpo_g32_a1_s1/round_7.json	17552	
bucket	repo-hygiene/git_tip/artifacts/r4/grpo_g32_a1_s1/round_8.json	17553	
bucket	repo-hygiene/git_tip/artifacts/r4/grpo_g32_a2_s0/args.json	391	
bucket	repo-hygiene/git_tip/artifacts/r4/grpo_g32_a2_s0/found_8.jsonl	743351	
bucket	repo-hygiene/git_tip/artifacts/r4/grpo_g32_a2_s0/found_transfer_8.jsonl	243443	
bucket	repo-hygiene/git_tip/artifacts/r4/grpo_g32_a2_s0/round_1.json	17296	
bucket	repo-hygiene/git_tip/artifacts/r4/grpo_g32_a2_s0/round_2.json	17357	
bucket	repo-hygiene/git_tip/artifacts/r4/grpo_g32_a2_s0/round_3.json	17426	
bucket	repo-hygiene/git_tip/artifacts/r4/grpo_g32_a2_s0/round_4.json	17489	
bucket	repo-hygiene/git_tip/artifacts/r4/grpo_g32_a2_s0/round_5.json	17534	
bucket	repo-hygiene/git_tip/artifacts/r4/grpo_g32_a2_s0/round_6.json	17598	
bucket	repo-hygiene/git_tip/artifacts/r4/grpo_g32_a2_s0/round_7.json	17553	
bucket	repo-hygiene/git_tip/artifacts/r4/grpo_g32_a2_s0/round_8.json	17569	
bucket	repo-hygiene/git_tip/artifacts/r4/grpo_g32_a2_s1/args.json	391	
bucket	repo-hygiene/git_tip/artifacts/r4/grpo_g32_a2_s1/found_8.jsonl	712279	
bucket	repo-hygiene/git_tip/artifacts/r4/grpo_g32_a2_s1/found_transfer_8.jsonl	247273	
bucket	repo-hygiene/git_tip/artifacts/r4/grpo_g32_a2_s1/round_1.json	17290	
bucket	repo-hygiene/git_tip/artifacts/r4/grpo_g32_a2_s1/round_2.json	17378	
bucket	repo-hygiene/git_tip/artifacts/r4/grpo_g32_a2_s1/round_3.json	17436	
bucket	repo-hygiene/git_tip/artifacts/r4/grpo_g32_a2_s1/round_4.json	17479	
bucket	repo-hygiene/git_tip/artifacts/r4/grpo_g32_a2_s1/round_5.json	17460	
bucket	repo-hygiene/git_tip/artifacts/r4/grpo_g32_a2_s1/round_6.json	17437	
bucket	repo-hygiene/git_tip/artifacts/r4/grpo_g32_a2_s1/round_7.json	17518	
bucket	repo-hygiene/git_tip/artifacts/r4/grpo_g32_a2_s1/round_8.json	17437	
bucket	repo-hygiene/git_tip/artifacts/r4/grpo_g32_a3_s0/args.json	391	
bucket	repo-hygiene/git_tip/artifacts/r4/grpo_g32_a3_s0/found_8.jsonl	691354	
bucket	repo-hygiene/git_tip/artifacts/r4/grpo_g32_a3_s0/found_transfer_8.jsonl	216227	
bucket	repo-hygiene/git_tip/artifacts/r4/grpo_g32_a3_s0/round_1.json	17282	
bucket	repo-hygiene/git_tip/artifacts/r4/grpo_g32_a3_s0/round_2.json	17389	
bucket	repo-hygiene/git_tip/artifacts/r4/grpo_g32_a3_s0/round_3.json	17394	
bucket	repo-hygiene/git_tip/artifacts/r4/grpo_g32_a3_s0/round_4.json	17498	
bucket	repo-hygiene/git_tip/artifacts/r4/grpo_g32_a3_s0/round_5.json	17564	
bucket	repo-hygiene/git_tip/artifacts/r4/grpo_g32_a3_s0/round_6.json	17517	
bucket	repo-hygiene/git_tip/artifacts/r4/grpo_g32_a3_s0/round_7.json	17461	
bucket	repo-hygiene/git_tip/artifacts/r4/grpo_g32_a3_s0/round_8.json	17442	
bucket	repo-hygiene/git_tip/artifacts/r4/grpo_g32_a3_s1/args.json	391	
bucket	repo-hygiene/git_tip/artifacts/r4/grpo_g32_a3_s1/found_8.jsonl	651181	
bucket	repo-hygiene/git_tip/artifacts/r4/grpo_g32_a3_s1/found_transfer_8.jsonl	222770	
bucket	repo-hygiene/git_tip/artifacts/r4/grpo_g32_a3_s1/round_1.json	17312	
bucket	repo-hygiene/git_tip/artifacts/r4/grpo_g32_a3_s1/round_2.json	17382	
bucket	repo-hygiene/git_tip/artifacts/r4/grpo_g32_a3_s1/round_3.json	17375	
bucket	repo-hygiene/git_tip/artifacts/r4/grpo_g32_a3_s1/round_4.json	17504	
bucket	repo-hygiene/git_tip/artifacts/r4/grpo_g32_a3_s1/round_5.json	17523	
bucket	repo-hygiene/git_tip/artifacts/r4/grpo_g32_a3_s1/round_6.json	17429	
bucket	repo-hygiene/git_tip/artifacts/r4/grpo_g32_a3_s1/round_7.json	17438	
bucket	repo-hygiene/git_tip/artifacts/r4/grpo_g32_a3_s1/round_8.json	17534	
bucket	repo-hygiene/git_tip/artifacts/r4/grpo_g8_a1_s0/args.json	371	
bucket	repo-hygiene/git_tip/artifacts/r4/grpo_g8_a1_s0/round_1.json	17476	
bucket	repo-hygiene/git_tip/artifacts/r4/grpo_g8_a1_s0/round_2.json	17550	
bucket	repo-hygiene/git_tip/artifacts/r4/grpo_g8_a1_s0/round_3.json	17632	
bucket	repo-hygiene/git_tip/artifacts/r4/grpo_g8_a1_s0/round_4.json	17676	
bucket	repo-hygiene/git_tip/artifacts/r4/grpo_g8_a1_s0/round_5.json	17699	
bucket	repo-hygiene/git_tip/artifacts/r4/grpo_g8_a1_s0/round_6.json	17731	
bucket	repo-hygiene/git_tip/artifacts/r4/grpo_g8_a1_s0/round_7.json	17719	
bucket	repo-hygiene/git_tip/artifacts/r4/grpo_g8_a1_s1/args.json	389	
bucket	repo-hygiene/git_tip/artifacts/r4/grpo_g8_a1_s1/found_8.jsonl	906194	
bucket	repo-hygiene/git_tip/artifacts/r4/grpo_g8_a1_s1/found_transfer_8.jsonl	293108	
bucket	repo-hygiene/git_tip/artifacts/r4/grpo_g8_a1_s1/round_1.json	17509	
bucket	repo-hygiene/git_tip/artifacts/r4/grpo_g8_a1_s1/round_2.json	17584	
bucket	repo-hygiene/git_tip/artifacts/r4/grpo_g8_a1_s1/round_3.json	17624	
bucket	repo-hygiene/git_tip/artifacts/r4/grpo_g8_a1_s1/round_4.json	17685	
bucket	repo-hygiene/git_tip/artifacts/r4/grpo_g8_a1_s1/round_5.json	17731	
bucket	repo-hygiene/git_tip/artifacts/r4/grpo_g8_a1_s1/round_6.json	17775	
bucket	repo-hygiene/git_tip/artifacts/r4/grpo_g8_a1_s1/round_7.json	17777	
bucket	repo-hygiene/git_tip/artifacts/r4/grpo_g8_a1_s1/round_8.json	17715	
bucket	repo-hygiene/git_tip/artifacts/r4/grpo_g8_a2_s0/args.json	371	
bucket	repo-hygiene/git_tip/artifacts/r4/grpo_g8_a2_s0/found_8.jsonl	792850	
bucket	repo-hygiene/git_tip/artifacts/r4/grpo_g8_a2_s0/found_transfer_8.jsonl	261313	
bucket	repo-hygiene/git_tip/artifacts/r4/grpo_g8_a2_s0/round_1.json	17468	
bucket	repo-hygiene/git_tip/artifacts/r4/grpo_g8_a2_s0/round_2.json	17588	
bucket	repo-hygiene/git_tip/artifacts/r4/grpo_g8_a2_s0/round_3.json	17567	
bucket	repo-hygiene/git_tip/artifacts/r4/grpo_g8_a2_s0/round_4.json	17700	
bucket	repo-hygiene/git_tip/artifacts/r4/grpo_g8_a2_s0/round_5.json	17747	
bucket	repo-hygiene/git_tip/artifacts/r4/grpo_g8_a2_s0/round_6.json	17686	
bucket	repo-hygiene/git_tip/artifacts/r4/grpo_g8_a2_s0/round_7.json	17687	
bucket	repo-hygiene/git_tip/artifacts/r4/grpo_g8_a2_s0/round_8.json	17730	
bucket	repo-hygiene/git_tip/artifacts/r4/grpo_g8_a2_s1/args.json	389	
bucket	repo-hygiene/git_tip/artifacts/r4/grpo_g8_a2_s1/found_8.jsonl	886899	
bucket	repo-hygiene/git_tip/artifacts/r4/grpo_g8_a2_s1/found_transfer_8.jsonl	261739	
bucket	repo-hygiene/git_tip/artifacts/r4/grpo_g8_a2_s1/round_1.json	17526	
bucket	repo-hygiene/git_tip/artifacts/r4/grpo_g8_a2_s1/round_2.json	17570	
bucket	repo-hygiene/git_tip/artifacts/r4/grpo_g8_a2_s1/round_3.json	17622	
bucket	repo-hygiene/git_tip/artifacts/r4/grpo_g8_a2_s1/round_4.json	17701	
bucket	repo-hygiene/git_tip/artifacts/r4/grpo_g8_a2_s1/round_5.json	17664	
bucket	repo-hygiene/git_tip/artifacts/r4/grpo_g8_a2_s1/round_6.json	17695	
bucket	repo-hygiene/git_tip/artifacts/r4/grpo_g8_a2_s1/round_7.json	17721	
bucket	repo-hygiene/git_tip/artifacts/r4/grpo_g8_a2_s1/round_8.json	17647	
bucket	repo-hygiene/git_tip/artifacts/r4/grpo_g8_a3_s0/args.json	389	
bucket	repo-hygiene/git_tip/artifacts/r4/grpo_g8_a3_s0/found_8.jsonl	730010	
bucket	repo-hygiene/git_tip/artifacts/r4/grpo_g8_a3_s0/found_transfer_8.jsonl	242640	
bucket	repo-hygiene/git_tip/artifacts/r4/grpo_g8_a3_s0/round_1.json	17489	
bucket	repo-hygiene/git_tip/artifacts/r4/grpo_g8_a3_s0/round_2.json	17549	
bucket	repo-hygiene/git_tip/artifacts/r4/grpo_g8_a3_s0/round_3.json	17628	
bucket	repo-hygiene/git_tip/artifacts/r4/grpo_g8_a3_s0/round_4.json	17675	
bucket	repo-hygiene/git_tip/artifacts/r4/grpo_g8_a3_s0/round_5.json	17672	
bucket	repo-hygiene/git_tip/artifacts/r4/grpo_g8_a3_s0/round_6.json	17759	
bucket	repo-hygiene/git_tip/artifacts/r4/grpo_g8_a3_s0/round_7.json	17604	
bucket	repo-hygiene/git_tip/artifacts/r4/grpo_g8_a3_s0/round_8.json	17622	
bucket	repo-hygiene/git_tip/artifacts/r4/grpo_g8_a3_s1/args.json	389	
bucket	repo-hygiene/git_tip/artifacts/r4/grpo_g8_a3_s1/found_8.jsonl	851715	
bucket	repo-hygiene/git_tip/artifacts/r4/grpo_g8_a3_s1/found_transfer_8.jsonl	249876	
bucket	repo-hygiene/git_tip/artifacts/r4/grpo_g8_a3_s1/round_1.json	17378	
bucket	repo-hygiene/git_tip/artifacts/r4/grpo_g8_a3_s1/round_2.json	17538	
bucket	repo-hygiene/git_tip/artifacts/r4/grpo_g8_a3_s1/round_3.json	17602	
bucket	repo-hygiene/git_tip/artifacts/r4/grpo_g8_a3_s1/round_4.json	17672	
bucket	repo-hygiene/git_tip/artifacts/r4/grpo_g8_a3_s1/round_5.json	17638	
bucket	repo-hygiene/git_tip/artifacts/r4/grpo_g8_a3_s1/round_6.json	17733	
bucket	repo-hygiene/git_tip/artifacts/r4/grpo_g8_a3_s1/round_7.json	17696	
bucket	repo-hygiene/git_tip/artifacts/r4/grpo_g8_a3_s1/round_8.json	17702	
bucket	repo-hygiene/git_tip/artifacts/r4/summary.json	44663	
bucket	repo-hygiene/git_tip/artifacts/r4/upload.log	328	
bucket	repo-hygiene/git_tip/artifacts/r5/cov_derived_ore_strict_f0_c8_s0_req.s0.jsonl	230291	
bucket	repo-hygiene/git_tip/artifacts/r5/cov_derived_ore_strict_f0_c8_s1_req.s0.jsonl	230370	
bucket	repo-hygiene/git_tip/artifacts/r5/cov_reductio_f0_s0_req.s0.jsonl	209662	
bucket	repo-hygiene/git_tip/artifacts/r5/cov_reductio_f0_s1_req.s0.jsonl	207038	
bucket	repo-hygiene/git_tip/artifacts/r5/cov_reductio_f0_s2_req.s0.jsonl	207528	
bucket	repo-hygiene/git_tip/artifacts/r5/ei_derived_ore_strict_f0.01_c8_s0_req/args.json	632	
bucket	repo-hygiene/git_tip/artifacts/r5/ei_derived_ore_strict_f0.01_c8_s0_req/found_1.jsonl	65779	
bucket	repo-hygiene/git_tip/artifacts/r5/ei_derived_ore_strict_f0.01_c8_s0_req/found_2.jsonl	282994	
bucket	repo-hygiene/git_tip/artifacts/r5/ei_derived_ore_strict_f0.01_c8_s0_req/found_3.jsonl	574074	
bucket	repo-hygiene/git_tip/artifacts/r5/ei_derived_ore_strict_f0.01_c8_s0_req/found_4.jsonl	815900	
bucket	repo-hygiene/git_tip/artifacts/r5/ei_derived_ore_strict_f0.01_c8_s0_req/found_5.jsonl	965176	
bucket	repo-hygiene/git_tip/artifacts/r5/ei_derived_ore_strict_f0.01_c8_s0_req/found_6.jsonl	1082059	
bucket	repo-hygiene/git_tip/artifacts/r5/ei_derived_ore_strict_f0.01_c8_s0_req/found_7.jsonl	1211619	
bucket	repo-hygiene/git_tip/artifacts/r5/ei_derived_ore_strict_f0.01_c8_s0_req/found_8.jsonl	1315868	
bucket	repo-hygiene/git_tip/artifacts/r5/ei_derived_ore_strict_f0.01_c8_s0_req/found_transfer_1.jsonl	26343	
bucket	repo-hygiene/git_tip/artifacts/r5/ei_derived_ore_strict_f0.01_c8_s0_req/found_transfer_2.jsonl	73533	
bucket	repo-hygiene/git_tip/artifacts/r5/ei_derived_ore_strict_f0.01_c8_s0_req/found_transfer_3.jsonl	120296	
bucket	repo-hygiene/git_tip/artifacts/r5/ei_derived_ore_strict_f0.01_c8_s0_req/found_transfer_4.jsonl	169524	
bucket	repo-hygiene/git_tip/artifacts/r5/ei_derived_ore_strict_f0.01_c8_s0_req/found_transfer_5.jsonl	205666	
bucket	repo-hygiene/git_tip/artifacts/r5/ei_derived_ore_strict_f0.01_c8_s0_req/found_transfer_6.jsonl	238319	
bucket	repo-hygiene/git_tip/artifacts/r5/ei_derived_ore_strict_f0.01_c8_s0_req/found_transfer_7.jsonl	272786	
bucket	repo-hygiene/git_tip/artifacts/r5/ei_derived_ore_strict_f0.01_c8_s0_req/found_transfer_8.jsonl	298216	
bucket	repo-hygiene/git_tip/artifacts/r5/ei_derived_ore_strict_f0.01_c8_s0_req/round_1.json	6010	
bucket	repo-hygiene/git_tip/artifacts/r5/ei_derived_ore_strict_f0.01_c8_s0_req/round_2.json	6142	
bucket	repo-hygiene/git_tip/artifacts/r5/ei_derived_ore_strict_f0.01_c8_s0_req/round_3.json	6280	
bucket	repo-hygiene/git_tip/artifacts/r5/ei_derived_ore_strict_f0.01_c8_s0_req/round_4.json	6310	
bucket	repo-hygiene/git_tip/artifacts/r5/ei_derived_ore_strict_f0.01_c8_s0_req/round_5.json	6289	
bucket	repo-hygiene/git_tip/artifacts/r5/ei_derived_ore_strict_f0.01_c8_s0_req/round_6.json	6228	
bucket	repo-hygiene/git_tip/artifacts/r5/ei_derived_ore_strict_f0.01_c8_s0_req/round_7.json	6263	
bucket	repo-hygiene/git_tip/artifacts/r5/ei_derived_ore_strict_f0.01_c8_s0_req/round_8.json	6253	
bucket	repo-hygiene/git_tip/artifacts/r5/ei_derived_ore_strict_f0.01_c8_s1_req/args.json	632	
bucket	repo-hygiene/git_tip/artifacts/r5/ei_derived_ore_strict_f0.01_c8_s1_req/found_1.jsonl	107246	
bucket	repo-hygiene/git_tip/artifacts/r5/ei_derived_ore_strict_f0.01_c8_s1_req/found_2.jsonl	415166	
bucket	repo-hygiene/git_tip/artifacts/r5/ei_derived_ore_strict_f0.01_c8_s1_req/found_3.jsonl	735483	
bucket	repo-hygiene/git_tip/artifacts/r5/ei_derived_ore_strict_f0.01_c8_s1_req/found_4.jsonl	1031786	
bucket	repo-hygiene/git_tip/artifacts/r5/ei_derived_ore_strict_f0.01_c8_s1_req/found_5.jsonl	1279407	
bucket	repo-hygiene/git_tip/artifacts/r5/ei_derived_ore_strict_f0.01_c8_s1_req/found_6.jsonl	1573108	
bucket	repo-hygiene/git_tip/artifacts/r5/ei_derived_ore_strict_f0.01_c8_s1_req/found_7.jsonl	1790967	
bucket	repo-hygiene/git_tip/artifacts/r5/ei_derived_ore_strict_f0.01_c8_s1_req/found_8.jsonl	1969074	
bucket	repo-hygiene/git_tip/artifacts/r5/ei_derived_ore_strict_f0.01_c8_s1_req/found_transfer_1.jsonl	24982	
bucket	repo-hygiene/git_tip/artifacts/r5/ei_derived_ore_strict_f0.01_c8_s1_req/found_transfer_2.jsonl	90992	
bucket	repo-hygiene/git_tip/artifacts/r5/ei_derived_ore_strict_f0.01_c8_s1_req/found_transfer_3.jsonl	176041	
bucket	repo-hygiene/git_tip/artifacts/r5/ei_derived_ore_strict_f0.01_c8_s1_req/found_transfer_4.jsonl	242719	
bucket	repo-hygiene/git_tip/artifacts/r5/ei_derived_ore_strict_f0.01_c8_s1_req/found_transfer_5.jsonl	291883	
bucket	repo-hygiene/git_tip/artifacts/r5/ei_derived_ore_strict_f0.01_c8_s1_req/found_transfer_6.jsonl	323494	
bucket	repo-hygiene/git_tip/artifacts/r5/ei_derived_ore_strict_f0.01_c8_s1_req/found_transfer_7.jsonl	362596	
bucket	repo-hygiene/git_tip/artifacts/r5/ei_derived_ore_strict_f0.01_c8_s1_req/found_transfer_8.jsonl	410247	
bucket	repo-hygiene/git_tip/artifacts/r5/ei_derived_ore_strict_f0.01_c8_s1_req/round_1.json	6194	
bucket	repo-hygiene/git_tip/artifacts/r5/ei_derived_ore_strict_f0.01_c8_s1_req/round_2.json	6185	
bucket	repo-hygiene/git_tip/artifacts/r5/ei_derived_ore_strict_f0.01_c8_s1_req/round_3.json	6276	
bucket	repo-hygiene/git_tip/artifacts/r5/ei_derived_ore_strict_f0.01_c8_s1_req/round_4.json	6183	
bucket	repo-hygiene/git_tip/artifacts/r5/ei_derived_ore_strict_f0.01_c8_s1_req/round_5.json	6307	
bucket	repo-hygiene/git_tip/artifacts/r5/ei_derived_ore_strict_f0.01_c8_s1_req/round_6.json	6272	
bucket	repo-hygiene/git_tip/artifacts/r5/ei_derived_ore_strict_f0.01_c8_s1_req/round_7.json	6322	
bucket	repo-hygiene/git_tip/artifacts/r5/ei_derived_ore_strict_f0.01_c8_s1_req/round_8.json	6318	
bucket	repo-hygiene/git_tip/artifacts/r5/ei_derived_ore_strict_f0_c8_s0_req/args.json	623	
bucket	repo-hygiene/git_tip/artifacts/r5/ei_derived_ore_strict_f0_c8_s0_req/found_1.jsonl	22334	
bucket	repo-hygiene/git_tip/artifacts/r5/ei_derived_ore_strict_f0_c8_s0_req/found_2.jsonl	125540	
bucket	repo-hygiene/git_tip/artifacts/r5/ei_derived_ore_strict_f0_c8_s0_req/found_3.jsonl	240294	
bucket	repo-hygiene/git_tip/artifacts/r5/ei_derived_ore_strict_f0_c8_s0_req/found_4.jsonl	364257	
bucket	repo-hygiene/git_tip/artifacts/r5/ei_derived_ore_strict_f0_c8_s0_req/found_5.jsonl	491993	
bucket	repo-hygiene/git_tip/artifacts/r5/ei_derived_ore_strict_f0_c8_s0_req/found_6.jsonl	596927	
bucket	repo-hygiene/git_tip/artifacts/r5/ei_derived_ore_strict_f0_c8_s0_req/found_7.jsonl	676063	
bucket	repo-hygiene/git_tip/artifacts/r5/ei_derived_ore_strict_f0_c8_s0_req/found_8.jsonl	745870	
bucket	repo-hygiene/git_tip/artifacts/r5/ei_derived_ore_strict_f0_c8_s0_req/found_transfer_1.jsonl	16055	
bucket	repo-hygiene/git_tip/artifacts/r5/ei_derived_ore_strict_f0_c8_s0_req/found_transfer_2.jsonl	57742	
bucket	repo-hygiene/git_tip/artifacts/r5/ei_derived_ore_strict_f0_c8_s0_req/found_transfer_3.jsonl	90628	
bucket	repo-hygiene/git_tip/artifacts/r5/ei_derived_ore_strict_f0_c8_s0_req/found_transfer_4.jsonl	114063	
bucket	repo-hygiene/git_tip/artifacts/r5/ei_derived_ore_strict_f0_c8_s0_req/found_transfer_5.jsonl	136502	
bucket	repo-hygiene/git_tip/artifacts/r5/ei_derived_ore_strict_f0_c8_s0_req/found_transfer_6.jsonl	155700	
bucket	repo-hygiene/git_tip/artifacts/r5/ei_derived_ore_strict_f0_c8_s0_req/found_transfer_7.jsonl	172733	
bucket	repo-hygiene/git_tip/artifacts/r5/ei_derived_ore_strict_f0_c8_s0_req/found_transfer_8.jsonl	183850	
bucket	repo-hygiene/git_tip/artifacts/r5/ei_derived_ore_strict_f0_c8_s0_req/round_1.json	5976	
bucket	repo-hygiene/git_tip/artifacts/r5/ei_derived_ore_strict_f0_c8_s0_req/round_2.json	6057	
bucket	repo-hygiene/git_tip/artifacts/r5/ei_derived_ore_strict_f0_c8_s0_req/round_3.json	6112	
bucket	repo-hygiene/git_tip/artifacts/r5/ei_derived_ore_strict_f0_c8_s0_req/round_4.json	6062	
bucket	repo-hygiene/git_tip/artifacts/r5/ei_derived_ore_strict_f0_c8_s0_req/round_5.json	6121	
bucket	repo-hygiene/git_tip/artifacts/r5/ei_derived_ore_strict_f0_c8_s0_req/round_6.json	6085	
bucket	repo-hygiene/git_tip/artifacts/r5/ei_derived_ore_strict_f0_c8_s0_req/round_7.json	6193	
bucket	repo-hygiene/git_tip/artifacts/r5/ei_derived_ore_strict_f0_c8_s0_req/round_8.json	6222	
bucket	repo-hygiene/git_tip/artifacts/r5/ei_derived_ore_strict_f0_c8_s1_req/args.json	623	
bucket	repo-hygiene/git_tip/artifacts/r5/ei_derived_ore_strict_f0_c8_s1_req/found_1.jsonl	27984	
bucket	repo-hygiene/git_tip/artifacts/r5/ei_derived_ore_strict_f0_c8_s1_req/found_2.jsonl	115545	
bucket	repo-hygiene/git_tip/artifacts/r5/ei_derived_ore_strict_f0_c8_s1_req/found_3.jsonl	231085	
bucket	repo-hygiene/git_tip/artifacts/r5/ei_derived_ore_strict_f0_c8_s1_req/found_4.jsonl	327035	
bucket	repo-hygiene/git_tip/artifacts/r5/ei_derived_ore_strict_f0_c8_s1_req/found_5.jsonl	419465	
bucket	repo-hygiene/git_tip/artifacts/r5/ei_derived_ore_strict_f0_c8_s1_req/found_6.jsonl	503409	
bucket	repo-hygiene/git_tip/artifacts/r5/ei_derived_ore_strict_f0_c8_s1_req/found_7.jsonl	592564	
bucket	repo-hygiene/git_tip/artifacts/r5/ei_derived_ore_strict_f0_c8_s1_req/found_8.jsonl	691702	
bucket	repo-hygiene/git_tip/artifacts/r5/ei_derived_ore_strict_f0_c8_s1_req/found_transfer_1.jsonl	22955	
bucket	repo-hygiene/git_tip/artifacts/r5/ei_derived_ore_strict_f0_c8_s1_req/found_transfer_2.jsonl	66688	
bucket	repo-hygiene/git_tip/artifacts/r5/ei_derived_ore_strict_f0_c8_s1_req/found_transfer_3.jsonl	96788	
bucket	repo-hygiene/git_tip/artifacts/r5/ei_derived_ore_strict_f0_c8_s1_req/found_transfer_4.jsonl	129200	
bucket	repo-hygiene/git_tip/artifacts/r5/ei_derived_ore_strict_f0_c8_s1_req/found_transfer_5.jsonl	147449	
bucket	repo-hygiene/git_tip/artifacts/r5/ei_derived_ore_strict_f0_c8_s1_req/found_transfer_6.jsonl	177731	
bucket	repo-hygiene/git_tip/artifacts/r5/ei_derived_ore_strict_f0_c8_s1_req/found_transfer_7.jsonl	191361	
bucket	repo-hygiene/git_tip/artifacts/r5/ei_derived_ore_strict_f0_c8_s1_req/found_transfer_8.jsonl	222163	
bucket	repo-hygiene/git_tip/artifacts/r5/ei_derived_ore_strict_f0_c8_s1_req/round_1.json	5979	
bucket	repo-hygiene/git_tip/artifacts/r5/ei_derived_ore_strict_f0_c8_s1_req/round_2.json	6041	
bucket	repo-hygiene/git_tip/artifacts/r5/ei_derived_ore_strict_f0_c8_s1_req/round_3.json	6073	
bucket	repo-hygiene/git_tip/artifacts/r5/ei_derived_ore_strict_f0_c8_s1_req/round_4.json	6209	
bucket	repo-hygiene/git_tip/artifacts/r5/ei_derived_ore_strict_f0_c8_s1_req/round_5.json	6191	
bucket	repo-hygiene/git_tip/artifacts/r5/ei_derived_ore_strict_f0_c8_s1_req/round_6.json	6220	
bucket	repo-hygiene/git_tip/artifacts/r5/ei_derived_ore_strict_f0_c8_s1_req/round_7.json	6265	
bucket	repo-hygiene/git_tip/artifacts/r5/ei_derived_ore_strict_f0_c8_s1_req/round_8.json	6291	
bucket	repo-hygiene/git_tip/artifacts/r5/ei_reductio_f0.1_s0_req/args.json	581	
bucket	repo-hygiene/git_tip/artifacts/r5/ei_reductio_f0.1_s0_req/found_1.jsonl	30392	
bucket	repo-hygiene/git_tip/artifacts/r5/ei_reductio_f0.1_s0_req/found_2.jsonl	379778	
bucket	repo-hygiene/git_tip/artifacts/r5/ei_reductio_f0.1_s0_req/found_3.jsonl	720925	
bucket	repo-hygiene/git_tip/artifacts/r5/ei_reductio_f0.1_s0_req/found_4.jsonl	898317	
bucket	repo-hygiene/git_tip/artifacts/r5/ei_reductio_f0.1_s0_req/found_5.jsonl	989007	
bucket	repo-hygiene/git_tip/artifacts/r5/ei_reductio_f0.1_s0_req/found_6.jsonl	1053510	
bucket	repo-hygiene/git_tip/artifacts/r5/ei_reductio_f0.1_s0_req/found_7.jsonl	1094339	
bucket	repo-hygiene/git_tip/artifacts/r5/ei_reductio_f0.1_s0_req/found_8.jsonl	1119826	
bucket	repo-hygiene/git_tip/artifacts/r5/ei_reductio_f0.1_s0_req/found_transfer_1.jsonl	15006	
bucket	repo-hygiene/git_tip/artifacts/r5/ei_reductio_f0.1_s0_req/found_transfer_2.jsonl	153356	
bucket	repo-hygiene/git_tip/artifacts/r5/ei_reductio_f0.1_s0_req/found_transfer_3.jsonl	323947	
bucket	repo-hygiene/git_tip/artifacts/r5/ei_reductio_f0.1_s0_req/found_transfer_4.jsonl	433167	
bucket	repo-hygiene/git_tip/artifacts/r5/ei_reductio_f0.1_s0_req/found_transfer_5.jsonl	489780	
bucket	repo-hygiene/git_tip/artifacts/r5/ei_reductio_f0.1_s0_req/found_transfer_6.jsonl	532621	
bucket	repo-hygiene/git_tip/artifacts/r5/ei_reductio_f0.1_s0_req/found_transfer_7.jsonl	570830	
bucket	repo-hygiene/git_tip/artifacts/r5/ei_reductio_f0.1_s0_req/found_transfer_8.jsonl	594483	
bucket	repo-hygiene/git_tip/artifacts/r5/ei_reductio_f0.1_s0_req/round_1.json	6727	
bucket	repo-hygiene/git_tip/artifacts/r5/ei_reductio_f0.1_s0_req/round_2.json	6661	
bucket	repo-hygiene/git_tip/artifacts/r5/ei_reductio_f0.1_s0_req/round_3.json	6650	
bucket	repo-hygiene/git_tip/artifacts/r5/ei_reductio_f0.1_s0_req/round_4.json	6649	
bucket	repo-hygiene/git_tip/artifacts/r5/ei_reductio_f0.1_s0_req/round_5.json	6640	
bucket	repo-hygiene/git_tip/artifacts/r5/ei_reductio_f0.1_s0_req/round_6.json	6742	
bucket	repo-hygiene/git_tip/artifacts/r5/ei_reductio_f0.1_s0_req/round_7.json	6668	
bucket	repo-hygiene/git_tip/artifacts/r5/ei_reductio_f0.1_s0_req/round_8.json	6696	
bucket	repo-hygiene/git_tip/artifacts/r5/ei_reductio_f0.1_s1_req/args.json	581	
bucket	repo-hygiene/git_tip/artifacts/r5/ei_reductio_f0.1_s1_req/found_1.jsonl	29618	
bucket	repo-hygiene/git_tip/artifacts/r5/ei_reductio_f0.1_s1_req/found_2.jsonl	379632	
bucket	repo-hygiene/git_tip/artifacts/r5/ei_reductio_f0.1_s1_req/found_3.jsonl	806478	
bucket	repo-hygiene/git_tip/artifacts/r5/ei_reductio_f0.1_s1_req/found_4.jsonl	1007407	
bucket	repo-hygiene/git_tip/artifacts/r5/ei_reductio_f0.1_s1_req/found_5.jsonl	1116449	
bucket	repo-hygiene/git_tip/artifacts/r5/ei_reductio_f0.1_s1_req/found_6.jsonl	1196604	
bucket	repo-hygiene/git_tip/artifacts/r5/ei_reductio_f0.1_s1_req/found_7.jsonl	1237292	
bucket	repo-hygiene/git_tip/artifacts/r5/ei_reductio_f0.1_s1_req/found_8.jsonl	1280390	
bucket	repo-hygiene/git_tip/artifacts/r5/ei_reductio_f0.1_s1_req/found_transfer_1.jsonl	10737	
bucket	repo-hygiene/git_tip/artifacts/r5/ei_reductio_f0.1_s1_req/found_transfer_2.jsonl	154903	
bucket	repo-hygiene/git_tip/artifacts/r5/ei_reductio_f0.1_s1_req/found_transfer_3.jsonl	366419	
bucket	repo-hygiene/git_tip/artifacts/r5/ei_reductio_f0.1_s1_req/found_transfer_4.jsonl	495238	
bucket	repo-hygiene/git_tip/artifacts/r5/ei_reductio_f0.1_s1_req/found_transfer_5.jsonl	569972	
bucket	repo-hygiene/git_tip/artifacts/r5/ei_reductio_f0.1_s1_req/found_transfer_6.jsonl	628445	
bucket	repo-hygiene/git_tip/artifacts/r5/ei_reductio_f0.1_s1_req/found_transfer_7.jsonl	652286	
bucket	repo-hygiene/git_tip/artifacts/r5/ei_reductio_f0.1_s1_req/found_transfer_8.jsonl	671598	
bucket	repo-hygiene/git_tip/artifacts/r5/ei_reductio_f0.1_s1_req/round_1.json	6747	
bucket	repo-hygiene/git_tip/artifacts/r5/ei_reductio_f0.1_s1_req/round_2.json	6722	
bucket	repo-hygiene/git_tip/artifacts/r5/ei_reductio_f0.1_s1_req/round_3.json	6664	
bucket	repo-hygiene/git_tip/artifacts/r5/ei_reductio_f0.1_s1_req/round_4.json	6657	
bucket	repo-hygiene/git_tip/artifacts/r5/ei_reductio_f0.1_s1_req/round_5.json	6578	
bucket	repo-hygiene/git_tip/artifacts/r5/ei_reductio_f0.1_s1_req/round_6.json	6523	
bucket	repo-hygiene/git_tip/artifacts/r5/ei_reductio_f0.1_s1_req/round_7.json	6584	
bucket	repo-hygiene/git_tip/artifacts/r5/ei_reductio_f0.1_s1_req/round_8.json	6609	
bucket	repo-hygiene/git_tip/artifacts/r5/ei_reductio_f0_s0_req/args.json	575	
bucket	repo-hygiene/git_tip/artifacts/r5/ei_reductio_f0_s0_req/found_1.jsonl	1036	
bucket	repo-hygiene/git_tip/artifacts/r5/ei_reductio_f0_s0_req/found_2.jsonl	53083	
bucket	repo-hygiene/git_tip/artifacts/r5/ei_reductio_f0_s0_req/found_3.jsonl	243173	
bucket	repo-hygiene/git_tip/artifacts/r5/ei_reductio_f0_s0_req/found_4.jsonl	621492	
bucket	repo-hygiene/git_tip/artifacts/r5/ei_reductio_f0_s0_req/found_5.jsonl	908230	
bucket	repo-hygiene/git_tip/artifacts/r5/ei_reductio_f0_s0_req/found_6.jsonl	1006854	
bucket	repo-hygiene/git_tip/artifacts/r5/ei_reductio_f0_s0_req/found_7.jsonl	1065884	
bucket	repo-hygiene/git_tip/artifacts/r5/ei_reductio_f0_s0_req/found_8.jsonl	1120959	
bucket	repo-hygiene/git_tip/artifacts/r5/ei_reductio_f0_s0_req/found_transfer_1.jsonl	1013	
bucket	repo-hygiene/git_tip/artifacts/r5/ei_reductio_f0_s0_req/found_transfer_2.jsonl	17604	
bucket	repo-hygiene/git_tip/artifacts/r5/ei_reductio_f0_s0_req/found_transfer_3.jsonl	84664	
bucket	repo-hygiene/git_tip/artifacts/r5/ei_reductio_f0_s0_req/found_transfer_4.jsonl	233644	
bucket	repo-hygiene/git_tip/artifacts/r5/ei_reductio_f0_s0_req/found_transfer_5.jsonl	399684	
bucket	repo-hygiene/git_tip/artifacts/r5/ei_reductio_f0_s0_req/found_transfer_6.jsonl	451124	
bucket	repo-hygiene/git_tip/artifacts/r5/ei_reductio_f0_s0_req/found_transfer_7.jsonl	490779	
bucket	repo-hygiene/git_tip/artifacts/r5/ei_reductio_f0_s0_req/found_transfer_8.jsonl	515052	
bucket	repo-hygiene/git_tip/artifacts/r5/ei_reductio_f0_s0_req/round_1.json	6635	
bucket	repo-hygiene/git_tip/artifacts/r5/ei_reductio_f0_s0_req/round_2.json	6684	
bucket	repo-hygiene/git_tip/artifacts/r5/ei_reductio_f0_s0_req/round_3.json	6774	
bucket	repo-hygiene/git_tip/artifacts/r5/ei_reductio_f0_s0_req/round_4.json	6685	
bucket	repo-hygiene/git_tip/artifacts/r5/ei_reductio_f0_s0_req/round_5.json	6656	
bucket	repo-hygiene/git_tip/artifacts/r5/ei_reductio_f0_s0_req/round_6.json	6687	
bucket	repo-hygiene/git_tip/artifacts/r5/ei_reductio_f0_s0_req/round_7.json	6711	
bucket	repo-hygiene/git_tip/artifacts/r5/ei_reductio_f0_s0_req/round_8.json	6716	
bucket	repo-hygiene/git_tip/artifacts/r5/ei_reductio_f0_s1_req/args.json	575	
bucket	repo-hygiene/git_tip/artifacts/r5/ei_reductio_f0_s1_req/found_1.jsonl	0	
bucket	repo-hygiene/git_tip/artifacts/r5/ei_reductio_f0_s1_req/found_2.jsonl	0	
bucket	repo-hygiene/git_tip/artifacts/r5/ei_reductio_f0_s1_req/found_3.jsonl	0	
bucket	repo-hygiene/git_tip/artifacts/r5/ei_reductio_f0_s1_req/found_4.jsonl	0	
bucket	repo-hygiene/git_tip/artifacts/r5/ei_reductio_f0_s1_req/found_5.jsonl	0	
bucket	repo-hygiene/git_tip/artifacts/r5/ei_reductio_f0_s1_req/found_6.jsonl	0	
bucket	repo-hygiene/git_tip/artifacts/r5/ei_reductio_f0_s1_req/found_7.jsonl	0	
bucket	repo-hygiene/git_tip/artifacts/r5/ei_reductio_f0_s1_req/found_8.jsonl	0	
bucket	repo-hygiene/git_tip/artifacts/r5/ei_reductio_f0_s1_req/found_transfer_1.jsonl	0	
bucket	repo-hygiene/git_tip/artifacts/r5/ei_reductio_f0_s1_req/found_transfer_2.jsonl	0	
bucket	repo-hygiene/git_tip/artifacts/r5/ei_reductio_f0_s1_req/found_transfer_3.jsonl	0	
bucket	repo-hygiene/git_tip/artifacts/r5/ei_reductio_f0_s1_req/found_transfer_4.jsonl	0	
bucket	repo-hygiene/git_tip/artifacts/r5/ei_reductio_f0_s1_req/found_transfer_5.jsonl	0	
bucket	repo-hygiene/git_tip/artifacts/r5/ei_reductio_f0_s1_req/found_transfer_6.jsonl	0	
bucket	repo-hygiene/git_tip/artifacts/r5/ei_reductio_f0_s1_req/found_transfer_7.jsonl	0	
bucket	repo-hygiene/git_tip/artifacts/r5/ei_reductio_f0_s1_req/found_transfer_8.jsonl	0	
bucket	repo-hygiene/git_tip/artifacts/r5/ei_reductio_f0_s1_req/round_1.json	6281	
bucket	repo-hygiene/git_tip/artifacts/r5/ei_reductio_f0_s1_req/round_2.json	6284	
bucket	repo-hygiene/git_tip/artifacts/r5/ei_reductio_f0_s1_req/round_3.json	6280	
bucket	repo-hygiene/git_tip/artifacts/r5/ei_reductio_f0_s1_req/round_4.json	6268	
bucket	repo-hygiene/git_tip/artifacts/r5/ei_reductio_f0_s1_req/round_5.json	6272	
bucket	repo-hygiene/git_tip/artifacts/r5/ei_reductio_f0_s1_req/round_6.json	6292	
bucket	repo-hygiene/git_tip/artifacts/r5/ei_reductio_f0_s1_req/round_7.json	6280	
bucket	repo-hygiene/git_tip/artifacts/r5/ei_reductio_f0_s1_req/round_8.json	6291	
bucket	repo-hygiene/git_tip/artifacts/r5/ei_reductio_f0_s2_req/args.json	575	
bucket	repo-hygiene/git_tip/artifacts/r5/ei_reductio_f0_s2_req/found_1.jsonl	0	
bucket	repo-hygiene/git_tip/artifacts/r5/ei_reductio_f0_s2_req/found_2.jsonl	0	
bucket	repo-hygiene/git_tip/artifacts/r5/ei_reductio_f0_s2_req/found_3.jsonl	0	
bucket	repo-hygiene/git_tip/artifacts/r5/ei_reductio_f0_s2_req/found_4.jsonl	0	
bucket	repo-hygiene/git_tip/artifacts/r5/ei_reductio_f0_s2_req/found_5.jsonl	0	
bucket	repo-hygiene/git_tip/artifacts/r5/ei_reductio_f0_s2_req/found_6.jsonl	0	
bucket	repo-hygiene/git_tip/artifacts/r5/ei_reductio_f0_s2_req/found_7.jsonl	0	
bucket	repo-hygiene/git_tip/artifacts/r5/ei_reductio_f0_s2_req/found_8.jsonl	0	
bucket	repo-hygiene/git_tip/artifacts/r5/ei_reductio_f0_s2_req/found_transfer_1.jsonl	0	
bucket	repo-hygiene/git_tip/artifacts/r5/ei_reductio_f0_s2_req/found_transfer_2.jsonl	0	
bucket	repo-hygiene/git_tip/artifacts/r5/ei_reductio_f0_s2_req/found_transfer_3.jsonl	0	
bucket	repo-hygiene/git_tip/artifacts/r5/ei_reductio_f0_s2_req/found_transfer_4.jsonl	0	
bucket	repo-hygiene/git_tip/artifacts/r5/ei_reductio_f0_s2_req/found_transfer_5.jsonl	0	
bucket	repo-hygiene/git_tip/artifacts/r5/ei_reductio_f0_s2_req/found_transfer_6.jsonl	0	
bucket	repo-hygiene/git_tip/artifacts/r5/ei_reductio_f0_s2_req/found_transfer_7.jsonl	0	
bucket	repo-hygiene/git_tip/artifacts/r5/ei_reductio_f0_s2_req/found_transfer_8.jsonl	0	
bucket	repo-hygiene/git_tip/artifacts/r5/ei_reductio_f0_s2_req/round_1.json	6313	
bucket	repo-hygiene/git_tip/artifacts/r5/ei_reductio_f0_s2_req/round_2.json	6312	
bucket	repo-hygiene/git_tip/artifacts/r5/ei_reductio_f0_s2_req/round_3.json	6313	
bucket	repo-hygiene/git_tip/artifacts/r5/ei_reductio_f0_s2_req/round_4.json	6312	
bucket	repo-hygiene/git_tip/artifacts/r5/ei_reductio_f0_s2_req/round_5.json	6323	
bucket	repo-hygiene/git_tip/artifacts/r5/ei_reductio_f0_s2_req/round_6.json	6312	
bucket	repo-hygiene/git_tip/artifacts/r5/ei_reductio_f0_s2_req/round_7.json	6312	
bucket	repo-hygiene/git_tip/artifacts/r5/ei_reductio_f0_s2_req/round_8.json	6313	
bucket	repo-hygiene/git_tip/artifacts/r5/frozen_derived_ore_strict_f0.01_c8_s0_req/args.json	635	
bucket	repo-hygiene/git_tip/artifacts/r5/frozen_derived_ore_strict_f0.01_c8_s0_req/found_1.jsonl	65779	
bucket	repo-hygiene/git_tip/artifacts/r5/frozen_derived_ore_strict_f0.01_c8_s0_req/found_2.jsonl	118241	
bucket	repo-hygiene/git_tip/artifacts/r5/frozen_derived_ore_strict_f0.01_c8_s0_req/found_3.jsonl	157100	
bucket	repo-hygiene/git_tip/artifacts/r5/frozen_derived_ore_strict_f0.01_c8_s0_req/found_4.jsonl	198335	
bucket	repo-hygiene/git_tip/artifacts/r5/frozen_derived_ore_strict_f0.01_c8_s0_req/found_5.jsonl	232934	
bucket	repo-hygiene/git_tip/artifacts/r5/frozen_derived_ore_strict_f0.01_c8_s0_req/found_6.jsonl	258944	
bucket	repo-hygiene/git_tip/artifacts/r5/frozen_derived_ore_strict_f0.01_c8_s0_req/found_7.jsonl	278268	
bucket	repo-hygiene/git_tip/artifacts/r5/frozen_derived_ore_strict_f0.01_c8_s0_req/found_8.jsonl	302363	
bucket	repo-hygiene/git_tip/artifacts/r5/frozen_derived_ore_strict_f0.01_c8_s0_req/found_transfer_1.jsonl	26343	
bucket	repo-hygiene/git_tip/artifacts/r5/frozen_derived_ore_strict_f0.01_c8_s0_req/found_transfer_2.jsonl	48433	
bucket	repo-hygiene/git_tip/artifacts/r5/frozen_derived_ore_strict_f0.01_c8_s0_req/found_transfer_3.jsonl	67184	
bucket	repo-hygiene/git_tip/artifacts/r5/frozen_derived_ore_strict_f0.01_c8_s0_req/found_transfer_4.jsonl	80395	
bucket	repo-hygiene/git_tip/artifacts/r5/frozen_derived_ore_strict_f0.01_c8_s0_req/found_transfer_5.jsonl	96599	
bucket	repo-hygiene/git_tip/artifacts/r5/frozen_derived_ore_strict_f0.01_c8_s0_req/found_transfer_6.jsonl	108749	
bucket	repo-hygiene/git_tip/artifacts/r5/frozen_derived_ore_strict_f0.01_c8_s0_req/found_transfer_7.jsonl	118324	
bucket	repo-hygiene/git_tip/artifacts/r5/frozen_derived_ore_strict_f0.01_c8_s0_req/found_transfer_8.jsonl	124458	
bucket	repo-hygiene/git_tip/artifacts/r5/frozen_derived_ore_strict_f0.01_c8_s0_req/round_1.json	5961	
bucket	repo-hygiene/git_tip/artifacts/r5/frozen_derived_ore_strict_f0.01_c8_s0_req/round_2.json	5945	
bucket	repo-hygiene/git_tip/artifacts/r5/frozen_derived_ore_strict_f0.01_c8_s0_req/round_3.json	5963	
bucket	repo-hygiene/git_tip/artifacts/r5/frozen_derived_ore_strict_f0.01_c8_s0_req/round_4.json	5977	
bucket	repo-hygiene/git_tip/artifacts/r5/frozen_derived_ore_strict_f0.01_c8_s0_req/round_5.json	5980	
bucket	repo-hygiene/git_tip/artifacts/r5/frozen_derived_ore_strict_f0.01_c8_s0_req/round_6.json	5966	
bucket	repo-hygiene/git_tip/artifacts/r5/frozen_derived_ore_strict_f0.01_c8_s0_req/round_7.json	5946	
bucket	repo-hygiene/git_tip/artifacts/r5/frozen_derived_ore_strict_f0.01_c8_s0_req/round_8.json	5943	
bucket	repo-hygiene/git_tip/artifacts/r5/frozen_derived_ore_strict_f0.01_c8_s1_req/args.json	635	
bucket	repo-hygiene/git_tip/artifacts/r5/frozen_derived_ore_strict_f0.01_c8_s1_req/found_1.jsonl	107246	
bucket	repo-hygiene/git_tip/artifacts/r5/frozen_derived_ore_strict_f0.01_c8_s1_req/found_2.jsonl	191835	
bucket	repo-hygiene/git_tip/artifacts/r5/frozen_derived_ore_strict_f0.01_c8_s1_req/found_3.jsonl	260091	
bucket	repo-hygiene/git_tip/artifacts/r5/frozen_derived_ore_strict_f0.01_c8_s1_req/found_4.jsonl	319596	
bucket	repo-hygiene/git_tip/artifacts/r5/frozen_derived_ore_strict_f0.01_c8_s1_req/found_5.jsonl	373935	
bucket	repo-hygiene/git_tip/artifacts/r5/frozen_derived_ore_strict_f0.01_c8_s1_req/found_6.jsonl	417880	
bucket	repo-hygiene/git_tip/artifacts/r5/frozen_derived_ore_strict_f0.01_c8_s1_req/found_7.jsonl	454423	
bucket	repo-hygiene/git_tip/artifacts/r5/frozen_derived_ore_strict_f0.01_c8_s1_req/found_8.jsonl	487103	
bucket	repo-hygiene/git_tip/artifacts/r5/frozen_derived_ore_strict_f0.01_c8_s1_req/found_transfer_1.jsonl	24982	
bucket	repo-hygiene/git_tip/artifacts/r5/frozen_derived_ore_strict_f0.01_c8_s1_req/found_transfer_2.jsonl	53528	
bucket	repo-hygiene/git_tip/artifacts/r5/frozen_derived_ore_strict_f0.01_c8_s1_req/found_transfer_3.jsonl	72551	
bucket	repo-hygiene/git_tip/artifacts/r5/frozen_derived_ore_strict_f0.01_c8_s1_req/found_transfer_4.jsonl	85012	
bucket	repo-hygiene/git_tip/artifacts/r5/frozen_derived_ore_strict_f0.01_c8_s1_req/found_transfer_5.jsonl	103928	
bucket	repo-hygiene/git_tip/artifacts/r5/frozen_derived_ore_strict_f0.01_c8_s1_req/found_transfer_6.jsonl	116504	
bucket	repo-hygiene/git_tip/artifacts/r5/frozen_derived_ore_strict_f0.01_c8_s1_req/found_transfer_7.jsonl	126763	
bucket	repo-hygiene/git_tip/artifacts/r5/frozen_derived_ore_strict_f0.01_c8_s1_req/found_transfer_8.jsonl	132871	
bucket	repo-hygiene/git_tip/artifacts/r5/frozen_derived_ore_strict_f0.01_c8_s1_req/round_1.json	6146	
bucket	repo-hygiene/git_tip/artifacts/r5/frozen_derived_ore_strict_f0.01_c8_s1_req/round_2.json	6064	
bucket	repo-hygiene/git_tip/artifacts/r5/frozen_derived_ore_strict_f0.01_c8_s1_req/round_3.json	6060	
bucket	repo-hygiene/git_tip/artifacts/r5/frozen_derived_ore_strict_f0.01_c8_s1_req/round_4.json	6116	
bucket	repo-hygiene/git_tip/artifacts/r5/frozen_derived_ore_strict_f0.01_c8_s1_req/round_5.json	6158	
bucket	repo-hygiene/git_tip/artifacts/r5/frozen_derived_ore_strict_f0.01_c8_s1_req/round_6.json	6051	
bucket	repo-hygiene/git_tip/artifacts/r5/frozen_derived_ore_strict_f0.01_c8_s1_req/round_7.json	6078	
bucket	repo-hygiene/git_tip/artifacts/r5/frozen_derived_ore_strict_f0.01_c8_s1_req/round_8.json	6099	
bucket	repo-hygiene/git_tip/artifacts/r5/frozen_derived_ore_strict_f0_c8_s0_req/args.json	626	
bucket	repo-hygiene/git_tip/artifacts/r5/frozen_derived_ore_strict_f0_c8_s0_req/found_1.jsonl	22334	
bucket	repo-hygiene/git_tip/artifacts/r5/frozen_derived_ore_strict_f0_c8_s0_req/found_2.jsonl	40917	
bucket	repo-hygiene/git_tip/artifacts/r5/frozen_derived_ore_strict_f0_c8_s0_req/found_3.jsonl	61548	
bucket	repo-hygiene/git_tip/artifacts/r5/frozen_derived_ore_strict_f0_c8_s0_req/found_4.jsonl	80735	
bucket	repo-hygiene/git_tip/artifacts/r5/frozen_derived_ore_strict_f0_c8_s0_req/found_5.jsonl	93804	
bucket	repo-hygiene/git_tip/artifacts/r5/frozen_derived_ore_strict_f0_c8_s0_req/found_6.jsonl	106881	
bucket	repo-hygiene/git_tip/artifacts/r5/frozen_derived_ore_strict_f0_c8_s0_req/found_7.jsonl	115382	
bucket	repo-hygiene/git_tip/artifacts/r5/frozen_derived_ore_strict_f0_c8_s0_req/found_8.jsonl	125145	
bucket	repo-hygiene/git_tip/artifacts/r5/frozen_derived_ore_strict_f0_c8_s0_req/found_transfer_1.jsonl	16055	
bucket	repo-hygiene/git_tip/artifacts/r5/frozen_derived_ore_strict_f0_c8_s0_req/found_transfer_2.jsonl	31138	
bucket	repo-hygiene/git_tip/artifacts/r5/frozen_derived_ore_strict_f0_c8_s0_req/found_transfer_3.jsonl	47190	
bucket	repo-hygiene/git_tip/artifacts/r5/frozen_derived_ore_strict_f0_c8_s0_req/found_transfer_4.jsonl	57604	
bucket	repo-hygiene/git_tip/artifacts/r5/frozen_derived_ore_strict_f0_c8_s0_req/found_transfer_5.jsonl	71178	
bucket	repo-hygiene/git_tip/artifacts/r5/frozen_derived_ore_strict_f0_c8_s0_req/found_transfer_6.jsonl	82724	
bucket	repo-hygiene/git_tip/artifacts/r5/frozen_derived_ore_strict_f0_c8_s0_req/found_transfer_7.jsonl	91232	
bucket	repo-hygiene/git_tip/artifacts/r5/frozen_derived_ore_strict_f0_c8_s0_req/found_transfer_8.jsonl	98420	
bucket	repo-hygiene/git_tip/artifacts/r5/frozen_derived_ore_strict_f0_c8_s0_req/round_1.json	5927	
bucket	repo-hygiene/git_tip/artifacts/r5/frozen_derived_ore_strict_f0_c8_s0_req/round_2.json	5908	
bucket	repo-hygiene/git_tip/artifacts/r5/frozen_derived_ore_strict_f0_c8_s0_req/round_3.json	5899	
bucket	repo-hygiene/git_tip/artifacts/r5/frozen_derived_ore_strict_f0_c8_s0_req/round_4.json	5916	
bucket	repo-hygiene/git_tip/artifacts/r5/frozen_derived_ore_strict_f0_c8_s0_req/round_5.json	5916	
bucket	repo-hygiene/git_tip/artifacts/r5/frozen_derived_ore_strict_f0_c8_s0_req/round_6.json	5933	
bucket	repo-hygiene/git_tip/artifacts/r5/frozen_derived_ore_strict_f0_c8_s0_req/round_7.json	5901	
bucket	repo-hygiene/git_tip/artifacts/r5/frozen_derived_ore_strict_f0_c8_s0_req/round_8.json	6010	
bucket	repo-hygiene/git_tip/artifacts/r5/frozen_derived_ore_strict_f0_c8_s1_req/args.json	626	
bucket	repo-hygiene/git_tip/artifacts/r5/frozen_derived_ore_strict_f0_c8_s1_req/found_1.jsonl	27984	
bucket	repo-hygiene/git_tip/artifacts/r5/frozen_derived_ore_strict_f0_c8_s1_req/found_2.jsonl	46439	
bucket	repo-hygiene/git_tip/artifacts/r5/frozen_derived_ore_strict_f0_c8_s1_req/found_3.jsonl	60606	
bucket	repo-hygiene/git_tip/artifacts/r5/frozen_derived_ore_strict_f0_c8_s1_req/found_4.jsonl	75909	
bucket	repo-hygiene/git_tip/artifacts/r5/frozen_derived_ore_strict_f0_c8_s1_req/found_5.jsonl	87638	
bucket	repo-hygiene/git_tip/artifacts/r5/frozen_derived_ore_strict_f0_c8_s1_req/found_6.jsonl	104855	
bucket	repo-hygiene/git_tip/artifacts/r5/frozen_derived_ore_strict_f0_c8_s1_req/found_7.jsonl	113492	
bucket	repo-hygiene/git_tip/artifacts/r5/frozen_derived_ore_strict_f0_c8_s1_req/found_8.jsonl	121412	
bucket	repo-hygiene/git_tip/artifacts/r5/frozen_derived_ore_strict_f0_c8_s1_req/found_transfer_1.jsonl	22955	
bucket	repo-hygiene/git_tip/artifacts/r5/frozen_derived_ore_strict_f0_c8_s1_req/found_transfer_2.jsonl	41256	
bucket	repo-hygiene/git_tip/artifacts/r5/frozen_derived_ore_strict_f0_c8_s1_req/found_transfer_3.jsonl	57013	
bucket	repo-hygiene/git_tip/artifacts/r5/frozen_derived_ore_strict_f0_c8_s1_req/found_transfer_4.jsonl	69720	
bucket	repo-hygiene/git_tip/artifacts/r5/frozen_derived_ore_strict_f0_c8_s1_req/found_transfer_5.jsonl	78409	
bucket	repo-hygiene/git_tip/artifacts/r5/frozen_derived_ore_strict_f0_c8_s1_req/found_transfer_6.jsonl	84838	
bucket	repo-hygiene/git_tip/artifacts/r5/frozen_derived_ore_strict_f0_c8_s1_req/found_transfer_7.jsonl	93399	
bucket	repo-hygiene/git_tip/artifacts/r5/frozen_derived_ore_strict_f0_c8_s1_req/found_transfer_8.jsonl	100372	
bucket	repo-hygiene/git_tip/artifacts/r5/frozen_derived_ore_strict_f0_c8_s1_req/round_1.json	5931	
bucket	repo-hygiene/git_tip/artifacts/r5/frozen_derived_ore_strict_f0_c8_s1_req/round_2.json	5918	
bucket	repo-hygiene/git_tip/artifacts/r5/frozen_derived_ore_strict_f0_c8_s1_req/round_3.json	5923	
bucket	repo-hygiene/git_tip/artifacts/r5/frozen_derived_ore_strict_f0_c8_s1_req/round_4.json	5920	
bucket	repo-hygiene/git_tip/artifacts/r5/frozen_derived_ore_strict_f0_c8_s1_req/round_5.json	5937	
bucket	repo-hygiene/git_tip/artifacts/r5/frozen_derived_ore_strict_f0_c8_s1_req/round_6.json	5932	
bucket	repo-hygiene/git_tip/artifacts/r5/frozen_derived_ore_strict_f0_c8_s1_req/round_7.json	5948	
bucket	repo-hygiene/git_tip/artifacts/r5/frozen_derived_ore_strict_f0_c8_s1_req/round_8.json	5933	
bucket	repo-hygiene/git_tip/artifacts/r5/frozen_reductio_f0.1_s0_req/args.json	584	
bucket	repo-hygiene/git_tip/artifacts/r5/frozen_reductio_f0.1_s0_req/found_1.jsonl	30392	
bucket	repo-hygiene/git_tip/artifacts/r5/frozen_reductio_f0.1_s0_req/found_2.jsonl	55291	
bucket	repo-hygiene/git_tip/artifacts/r5/frozen_reductio_f0.1_s0_req/found_3.jsonl	78930	
bucket	repo-hygiene/git_tip/artifacts/r5/frozen_reductio_f0.1_s0_req/found_4.jsonl	98513	
bucket	repo-hygiene/git_tip/artifacts/r5/frozen_reductio_f0.1_s0_req/found_5.jsonl	115525	
bucket	repo-hygiene/git_tip/artifacts/r5/frozen_reductio_f0.1_s0_req/found_6.jsonl	130846	
bucket	repo-hygiene/git_tip/artifacts/r5/frozen_reductio_f0.1_s0_req/found_7.jsonl	145808	
bucket	repo-hygiene/git_tip/artifacts/r5/frozen_reductio_f0.1_s0_req/found_8.jsonl	161442	
bucket	repo-hygiene/git_tip/artifacts/r5/frozen_reductio_f0.1_s0_req/found_transfer_1.jsonl	15006	
bucket	repo-hygiene/git_tip/artifacts/r5/frozen_reductio_f0.1_s0_req/found_transfer_2.jsonl	29880	
bucket	repo-hygiene/git_tip/artifacts/r5/frozen_reductio_f0.1_s0_req/found_transfer_3.jsonl	41673	
bucket	repo-hygiene/git_tip/artifacts/r5/frozen_reductio_f0.1_s0_req/found_transfer_4.jsonl	50881	
bucket	repo-hygiene/git_tip/artifacts/r5/frozen_reductio_f0.1_s0_req/found_transfer_5.jsonl	58053	
bucket	repo-hygiene/git_tip/artifacts/r5/frozen_reductio_f0.1_s0_req/found_transfer_6.jsonl	67278	
bucket	repo-hygiene/git_tip/artifacts/r5/frozen_reductio_f0.1_s0_req/found_transfer_7.jsonl	71897	
bucket	repo-hygiene/git_tip/artifacts/r5/frozen_reductio_f0.1_s0_req/found_transfer_8.jsonl	77512	
bucket	repo-hygiene/git_tip/artifacts/r5/frozen_reductio_f0.1_s0_req/round_1.json	6678	
bucket	repo-hygiene/git_tip/artifacts/r5/frozen_reductio_f0.1_s0_req/round_2.json	6700	
bucket	repo-hygiene/git_tip/artifacts/r5/frozen_reductio_f0.1_s0_req/round_3.json	6726	
bucket	repo-hygiene/git_tip/artifacts/r5/frozen_reductio_f0.1_s0_req/round_4.json	6696	
bucket	repo-hygiene/git_tip/artifacts/r5/frozen_reductio_f0.1_s0_req/round_5.json	6710	
bucket	repo-hygiene/git_tip/artifacts/r5/frozen_reductio_f0.1_s0_req/round_6.json	6713	
bucket	repo-hygiene/git_tip/artifacts/r5/frozen_reductio_f0.1_s0_req/round_7.json	6714	
bucket	repo-hygiene/git_tip/artifacts/r5/frozen_reductio_f0.1_s0_req/round_8.json	6659	
bucket	repo-hygiene/git_tip/artifacts/r5/frozen_reductio_f0.1_s1_req/args.json	584	
bucket	repo-hygiene/git_tip/artifacts/r5/frozen_reductio_f0.1_s1_req/found_1.jsonl	29618	
bucket	repo-hygiene/git_tip/artifacts/r5/frozen_reductio_f0.1_s1_req/found_2.jsonl	49862	
bucket	repo-hygiene/git_tip/artifacts/r5/frozen_reductio_f0.1_s1_req/found_3.jsonl	67047	
bucket	repo-hygiene/git_tip/artifacts/r5/frozen_reductio_f0.1_s1_req/found_4.jsonl	80876	
bucket	repo-hygiene/git_tip/artifacts/r5/frozen_reductio_f0.1_s1_req/found_5.jsonl	92243	
bucket	repo-hygiene/git_tip/artifacts/r5/frozen_reductio_f0.1_s1_req/found_6.jsonl	102381	
bucket	repo-hygiene/git_tip/artifacts/r5/frozen_reductio_f0.1_s1_req/found_7.jsonl	113852	
bucket	repo-hygiene/git_tip/artifacts/r5/frozen_reductio_f0.1_s1_req/found_8.jsonl	123740	
bucket	repo-hygiene/git_tip/artifacts/r5/frozen_reductio_f0.1_s1_req/found_transfer_1.jsonl	10737	
bucket	repo-hygiene/git_tip/artifacts/r5/frozen_reductio_f0.1_s1_req/found_transfer_2.jsonl	24831	
bucket	repo-hygiene/git_tip/artifacts/r5/frozen_reductio_f0.1_s1_req/found_transfer_3.jsonl	33102	
bucket	repo-hygiene/git_tip/artifacts/r5/frozen_reductio_f0.1_s1_req/found_transfer_4.jsonl	44910	
bucket	repo-hygiene/git_tip/artifacts/r5/frozen_reductio_f0.1_s1_req/found_transfer_5.jsonl	50036	
bucket	repo-hygiene/git_tip/artifacts/r5/frozen_reductio_f0.1_s1_req/found_transfer_6.jsonl	56300	
bucket	repo-hygiene/git_tip/artifacts/r5/frozen_reductio_f0.1_s1_req/found_transfer_7.jsonl	60528	
bucket	repo-hygiene/git_tip/artifacts/r5/frozen_reductio_f0.1_s1_req/found_transfer_8.jsonl	66782	
bucket	repo-hygiene/git_tip/artifacts/r5/frozen_reductio_f0.1_s1_req/round_1.json	6697	
bucket	repo-hygiene/git_tip/artifacts/r5/frozen_reductio_f0.1_s1_req/round_2.json	6661	
bucket	repo-hygiene/git_tip/artifacts/r5/frozen_reductio_f0.1_s1_req/round_3.json	6689	
bucket	repo-hygiene/git_tip/artifacts/r5/frozen_reductio_f0.1_s1_req/round_4.json	6662	
bucket	repo-hygiene/git_tip/artifacts/r5/frozen_reductio_f0.1_s1_req/round_5.json	6646	
bucket	repo-hygiene/git_tip/artifacts/r5/frozen_reductio_f0.1_s1_req/round_6.json	6648	
bucket	repo-hygiene/git_tip/artifacts/r5/frozen_reductio_f0.1_s1_req/round_7.json	6660	
bucket	repo-hygiene/git_tip/artifacts/r5/frozen_reductio_f0.1_s1_req/round_8.json	6667	
bucket	repo-hygiene/git_tip/artifacts/r5/frozen_reductio_f0_s0_req/args.json	578	
bucket	repo-hygiene/git_tip/artifacts/r5/frozen_reductio_f0_s0_req/found_1.jsonl	1036	
bucket	repo-hygiene/git_tip/artifacts/r5/frozen_reductio_f0_s0_req/found_2.jsonl	1036	
bucket	repo-hygiene/git_tip/artifacts/r5/frozen_reductio_f0_s0_req/found_3.jsonl	1036	
bucket	repo-hygiene/git_tip/artifacts/r5/frozen_reductio_f0_s0_req/found_4.jsonl	1548	
bucket	repo-hygiene/git_tip/artifacts/r5/frozen_reductio_f0_s0_req/found_5.jsonl	1548	
bucket	repo-hygiene/git_tip/artifacts/r5/frozen_reductio_f0_s0_req/found_6.jsonl	1548	
bucket	repo-hygiene/git_tip/artifacts/r5/frozen_reductio_f0_s0_req/found_7.jsonl	1548	
bucket	repo-hygiene/git_tip/artifacts/r5/frozen_reductio_f0_s0_req/found_8.jsonl	2573	
bucket	repo-hygiene/git_tip/artifacts/r5/frozen_reductio_f0_s0_req/found_transfer_1.jsonl	1013	
bucket	repo-hygiene/git_tip/artifacts/r5/frozen_reductio_f0_s0_req/found_transfer_2.jsonl	1013	
bucket	repo-hygiene/git_tip/artifacts/r5/frozen_reductio_f0_s0_req/found_transfer_3.jsonl	1433	
bucket	repo-hygiene/git_tip/artifacts/r5/frozen_reductio_f0_s0_req/found_transfer_4.jsonl	1433	
bucket	repo-hygiene/git_tip/artifacts/r5/frozen_reductio_f0_s0_req/found_transfer_5.jsonl	1939	
bucket	repo-hygiene/git_tip/artifacts/r5/frozen_reductio_f0_s0_req/found_transfer_6.jsonl	2366	
bucket	repo-hygiene/git_tip/artifacts/r5/frozen_reductio_f0_s0_req/found_transfer_7.jsonl	2366	
bucket	repo-hygiene/git_tip/artifacts/r5/frozen_reductio_f0_s0_req/found_transfer_8.jsonl	2366	
bucket	repo-hygiene/git_tip/artifacts/r5/frozen_reductio_f0_s0_req/round_1.json	6588	
bucket	repo-hygiene/git_tip/artifacts/r5/frozen_reductio_f0_s0_req/round_2.json	6368	
bucket	repo-hygiene/git_tip/artifacts/r5/frozen_reductio_f0_s0_req/round_3.json	6445	
bucket	repo-hygiene/git_tip/artifacts/r5/frozen_reductio_f0_s0_req/round_4.json	6460	
bucket	repo-hygiene/git_tip/artifacts/r5/frozen_reductio_f0_s0_req/round_5.json	6429	
bucket	repo-hygiene/git_tip/artifacts/r5/frozen_reductio_f0_s0_req/round_6.json	6452	
bucket	repo-hygiene/git_tip/artifacts/r5/frozen_reductio_f0_s0_req/round_7.json	6343	
bucket	repo-hygiene/git_tip/artifacts/r5/frozen_reductio_f0_s0_req/round_8.json	6469	
bucket	repo-hygiene/git_tip/artifacts/r5/frozen_reductio_f0_s1_req/args.json	578	
bucket	repo-hygiene/git_tip/artifacts/r5/frozen_reductio_f0_s1_req/found_1.jsonl	0	
bucket	repo-hygiene/git_tip/artifacts/r5/frozen_reductio_f0_s1_req/found_2.jsonl	0	
bucket	repo-hygiene/git_tip/artifacts/r5/frozen_reductio_f0_s1_req/found_3.jsonl	0	
bucket	repo-hygiene/git_tip/artifacts/r5/frozen_reductio_f0_s1_req/found_4.jsonl	0	
bucket	repo-hygiene/git_tip/artifacts/r5/frozen_reductio_f0_s1_req/found_5.jsonl	0	
bucket	repo-hygiene/git_tip/artifacts/r5/frozen_reductio_f0_s1_req/found_6.jsonl	0	
bucket	repo-hygiene/git_tip/artifacts/r5/frozen_reductio_f0_s1_req/found_7.jsonl	0	
bucket	repo-hygiene/git_tip/artifacts/r5/frozen_reductio_f0_s1_req/found_8.jsonl	0	
bucket	repo-hygiene/git_tip/artifacts/r5/frozen_reductio_f0_s1_req/found_transfer_1.jsonl	0	
bucket	repo-hygiene/git_tip/artifacts/r5/frozen_reductio_f0_s1_req/found_transfer_2.jsonl	0	
bucket	repo-hygiene/git_tip/artifacts/r5/frozen_reductio_f0_s1_req/found_transfer_3.jsonl	0	
bucket	repo-hygiene/git_tip/artifacts/r5/frozen_reductio_f0_s1_req/found_transfer_4.jsonl	0	
bucket	repo-hygiene/git_tip/artifacts/r5/frozen_reductio_f0_s1_req/found_transfer_5.jsonl	0	
bucket	repo-hygiene/git_tip/artifacts/r5/frozen_reductio_f0_s1_req/found_transfer_6.jsonl	0	
bucket	repo-hygiene/git_tip/artifacts/r5/frozen_reductio_f0_s1_req/found_transfer_7.jsonl	0	
bucket	repo-hygiene/git_tip/artifacts/r5/frozen_reductio_f0_s1_req/found_transfer_8.jsonl	0	
bucket	repo-hygiene/git_tip/artifacts/r5/frozen_reductio_f0_s1_req/round_1.json	6233	
bucket	repo-hygiene/git_tip/artifacts/r5/frozen_reductio_f0_s1_req/round_2.json	6237	
bucket	repo-hygiene/git_tip/artifacts/r5/frozen_reductio_f0_s1_req/round_3.json	6234	
bucket	repo-hygiene/git_tip/artifacts/r5/frozen_reductio_f0_s1_req/round_4.json	6221	
bucket	repo-hygiene/git_tip/artifacts/r5/frozen_reductio_f0_s1_req/round_5.json	6225	
bucket	repo-hygiene/git_tip/artifacts/r5/frozen_reductio_f0_s1_req/round_6.json	6245	
bucket	repo-hygiene/git_tip/artifacts/r5/frozen_reductio_f0_s1_req/round_7.json	6234	
bucket	repo-hygiene/git_tip/artifacts/r5/frozen_reductio_f0_s1_req/round_8.json	6243	
bucket	repo-hygiene/git_tip/artifacts/r5/frozen_reductio_f0_s2_req/args.json	578	
bucket	repo-hygiene/git_tip/artifacts/r5/frozen_reductio_f0_s2_req/found_1.jsonl	0	
bucket	repo-hygiene/git_tip/artifacts/r5/frozen_reductio_f0_s2_req/found_2.jsonl	0	
bucket	repo-hygiene/git_tip/artifacts/r5/frozen_reductio_f0_s2_req/found_3.jsonl	0	
bucket	repo-hygiene/git_tip/artifacts/r5/frozen_reductio_f0_s2_req/found_4.jsonl	0	
bucket	repo-hygiene/git_tip/artifacts/r5/frozen_reductio_f0_s2_req/found_5.jsonl	0	
bucket	repo-hygiene/git_tip/artifacts/r5/frozen_reductio_f0_s2_req/found_6.jsonl	0	
bucket	repo-hygiene/git_tip/artifacts/r5/frozen_reductio_f0_s2_req/found_7.jsonl	0	
bucket	repo-hygiene/git_tip/artifacts/r5/frozen_reductio_f0_s2_req/found_8.jsonl	0	
bucket	repo-hygiene/git_tip/artifacts/r5/frozen_reductio_f0_s2_req/found_transfer_1.jsonl	0	
bucket	repo-hygiene/git_tip/artifacts/r5/frozen_reductio_f0_s2_req/found_transfer_2.jsonl	0	
bucket	repo-hygiene/git_tip/artifacts/r5/frozen_reductio_f0_s2_req/found_transfer_3.jsonl	0	
bucket	repo-hygiene/git_tip/artifacts/r5/frozen_reductio_f0_s2_req/found_transfer_4.jsonl	0	
bucket	repo-hygiene/git_tip/artifacts/r5/frozen_reductio_f0_s2_req/found_transfer_5.jsonl	0	
bucket	repo-hygiene/git_tip/artifacts/r5/frozen_reductio_f0_s2_req/found_transfer_6.jsonl	0	
bucket	repo-hygiene/git_tip/artifacts/r5/frozen_reductio_f0_s2_req/found_transfer_7.jsonl	0	
bucket	repo-hygiene/git_tip/artifacts/r5/frozen_reductio_f0_s2_req/found_transfer_8.jsonl	0	
bucket	repo-hygiene/git_tip/artifacts/r5/frozen_reductio_f0_s2_req/round_1.json	6265	
bucket	repo-hygiene/git_tip/artifacts/r5/frozen_reductio_f0_s2_req/round_2.json	6265	
bucket	repo-hygiene/git_tip/artifacts/r5/frozen_reductio_f0_s2_req/round_3.json	6266	
bucket	repo-hygiene/git_tip/artifacts/r5/frozen_reductio_f0_s2_req/round_4.json	6266	
bucket	repo-hygiene/git_tip/artifacts/r5/frozen_reductio_f0_s2_req/round_5.json	6277	
bucket	repo-hygiene/git_tip/artifacts/r5/frozen_reductio_f0_s2_req/round_6.json	6266	
bucket	repo-hygiene/git_tip/artifacts/r5/frozen_reductio_f0_s2_req/round_7.json	6264	
bucket	repo-hygiene/git_tip/artifacts/r5/frozen_reductio_f0_s2_req/round_8.json	6267	
bucket	repo-hygiene/git_tip/artifacts/r5/gen_c8c.log	1126	
bucket	repo-hygiene/git_tip/artifacts/r5/gen_c8d.log	1135	
bucket	repo-hygiene/git_tip/artifacts/r5/minlen_c8c.log	7596	
bucket	repo-hygiene/git_tip/artifacts/r5/minlen_c8d.log	28167	
bucket	repo-hygiene/git_tip/artifacts/r5/nec_c8.log	649	
bucket	repo-hygiene/git_tip/artifacts/r5/nec_c8c.log	615	
bucket	repo-hygiene/git_tip/artifacts/r5/nec_c8d.log	1183	
bucket	repo-hygiene/git_tip/artifacts/r5/nec_reductio.log	559	
bucket	repo-hygiene/git_tip/artifacts/r5/p2stats_cap6.log	1048	
bucket	repo-hygiene/git_tip/artifacts/r5/summary.json	52064	
bucket	repo-hygiene/git_tip/artifacts/r5/summary_prelim.json	51804	
bucket	repo-hygiene/git_tip/artifacts/results-registry/acceptance.json	8333	
bucket	repo-hygiene/git_tip/artifacts/results-registry/backfill_report.json	8942	
bucket	repo-hygiene/git_tip/artifacts/results-registry/registry/20260929T004250Z_fcb96b167ba3_1309.jsonl	6346	
bucket	repo-hygiene/git_tip/artifacts/results-registry/registry/20260929T004314Z_fcb96b167ba3_3061.jsonl	2027	
bucket	repo-hygiene/git_tip/artifacts/results-registry/registry/20260929T004322Z_fcb96b167ba3_3157.jsonl	3959	
bucket	repo-hygiene/git_tip/artifacts/results-registry/registry/20260929T004333Z_fcb96b167ba3_3248.jsonl	19554	
bucket	repo-hygiene/git_tip/artifacts/results-registry/registry/20260929T004510Z_fcb96b167ba3_3390.jsonl	19630	
bucket	repo-hygiene/git_tip/artifacts/results-registry/registry/20260929T004553Z_fcb96b167ba3_3566.jsonl	2562	
bucket	repo-hygiene/git_tip/artifacts/results-registry/registry/20260929T004600Z_fcb96b167ba3_3537.jsonl	19143	
bucket	repo-hygiene/git_tip/artifacts/results-registry/registry/20260929T004620Z_fcb96b167ba3_3771.jsonl	2574	
bucket	repo-hygiene/git_tip/artifacts/results-registry/registry/backfill_cap-horizon.jsonl.gz	41972	
bucket	repo-hygiene/git_tip/artifacts/results-registry/registry/backfill_ckpt-avg.jsonl.gz	270799	
bucket	repo-hygiene/git_tip/artifacts/results-registry/registry/backfill_ds-composition.jsonl.gz	161442	
bucket	repo-hygiene/git_tip/artifacts/results-registry/registry/backfill_ds-generator.jsonl.gz	57721	
bucket	repo-hygiene/git_tip/artifacts/results-registry/registry/backfill_ds-rendering.jsonl.gz	53325	
bucket	repo-hygiene/git_tip/artifacts/results-registry/registry/backfill_efficiency.jsonl.gz	25331	
bucket	repo-hygiene/git_tip/artifacts/results-registry/registry/backfill_fast-stage1.jsonl.gz	27359	
bucket	repo-hygiene/git_tip/artifacts/results-registry/registry/backfill_followup.jsonl.gz	11732	
bucket	repo-hygiene/git_tip/artifacts/results-registry/registry/backfill_ignition.jsonl.gz	29474	
bucket	repo-hygiene/git_tip/artifacts/results-registry/registry/backfill_ladder-A.jsonl.gz	87207	
bucket	repo-hygiene/git_tip/artifacts/results-registry/registry/backfill_lean-format.jsonl.gz	47386	
bucket	repo-hygiene/git_tip/artifacts/results-registry/registry/backfill_lean-judge.jsonl.gz	2920	
bucket	repo-hygiene/git_tip/artifacts/results-registry/registry/backfill_lean-prefilter.jsonl.gz	3602	
bucket	repo-hygiene/git_tip/artifacts/results-registry/registry/backfill_lean-seed2.jsonl.gz	42990	
bucket	repo-hygiene/git_tip/artifacts/results-registry/registry/backfill_noise-floor.jsonl.gz	73729	
bucket	repo-hygiene/git_tip/artifacts/results-registry/registry/backfill_novelty-campaign.jsonl.gz	162214	
bucket	repo-hygiene/git_tip/artifacts/results-registry/registry/backfill_round2-run1.jsonl.gz	9391	
bucket	repo-hygiene/git_tip/artifacts/results-registry/registry/backfill_round2-run2.jsonl.gz	79486	
bucket	repo-hygiene/git_tip/artifacts/results-registry/registry/backfill_round2-run3.jsonl.gz	24833	
bucket	repo-hygiene/git_tip/artifacts/results-registry/registry/backfill_round2-run4.jsonl.gz	7510	
bucket	repo-hygiene/git_tip/artifacts/results-registry/registry/backfill_round2-run5.jsonl.gz	29874	
bucket	repo-hygiene/git_tip/artifacts/results-registry/registry/backfill_round3-run1.jsonl.gz	100176	
bucket	repo-hygiene/git_tip/artifacts/results-registry/registry/backfill_round3-run2.jsonl.gz	166561	
bucket	repo-hygiene/git_tip/artifacts/results-registry/registry/backfill_round3-run3.jsonl.gz	338129	
bucket	repo-hygiene/git_tip/artifacts/results-registry/registry/backfill_round3-run4a.jsonl.gz	55833	
bucket	repo-hygiene/git_tip/artifacts/results-registry/registry/backfill_round3-run4b.jsonl.gz	78950	
bucket	repo-hygiene/git_tip/artifacts/results-registry/registry/backfill_run4-grpo.jsonl.gz	412145	
bucket	repo-hygiene/git_tip/artifacts/results-registry/registry/backfill_stage1-dynamics.jsonl.gz	795590	
bucket	repo-hygiene/git_tip/artifacts/results-registry/registry/backfill_state-env.jsonl.gz	256155	
bucket	repo-hygiene/git_tip/artifacts/results-registry/registry/backfill_support-curves.jsonl.gz	259432	
bucket	repo-hygiene/git_tip/artifacts/results-registry/registry/backfill_support-followups.jsonl.gz	20575	
bucket	repo-hygiene/git_tip/artifacts/review_lf/ckpt_stdout.txt	6499	
bucket	repo-hygiene/git_tip/artifacts/review_lf/d3.json	27085	
bucket	repo-hygiene/git_tip/artifacts/review_lf/disagreements_distinct.json	49092	
bucket	repo-hygiene/git_tip/artifacts/review_lf/extra_stdout.txt	2465	
bucket	repo-hygiene/git_tip/artifacts/review_lf/ladder.json	16098	
bucket	repo-hygiene/git_tip/artifacts/review_lf/lean_recheck_stderr.txt	0	
bucket	repo-hygiene/git_tip/artifacts/review_lf/lean_recheck_stdout.txt	7090	
bucket	repo-hygiene/git_tip/artifacts/review_lf/phase2_checks_stdout.txt	3733	
bucket	repo-hygiene/git_tip/artifacts/review_lf/recount_stderr.txt	0	
bucket	repo-hygiene/git_tip/artifacts/review_lf/recount_stdout.txt	23721	
bucket	repo-hygiene/git_tip/artifacts/review_lf/splits_stdout.txt	2604	
bucket	repo-hygiene/git_tip/artifacts/review_r1/agreement_recount.json	4897	
bucket	repo-hygiene/git_tip/artifacts/review_r1/agreement_rerun.json	1143	
bucket	repo-hygiene/git_tip/artifacts/review_r1/delta_by_box_depth.json	476	
bucket	repo-hygiene/git_tip/artifacts/review_r1/lean_recheck.json	2890	
bucket	repo-hygiene/git_tip/artifacts/review_r1/lean_recheck_Qwen3-0.6B_verdicts.json	88013	
bucket	repo-hygiene/git_tip/artifacts/review_r1/lean_recheck_Qwen3-1.7B_verdicts.json	88014	
bucket	repo-hygiene/git_tip/artifacts/review_r1/lean_recheck_Qwen3-14B_verdicts.json	86820	
bucket	repo-hygiene/git_tip/artifacts/review_r1/lean_recheck_Qwen3-32B_verdicts.json	86692	
bucket	repo-hygiene/git_tip/artifacts/review_r1/lean_recheck_Qwen3-4B_verdicts.json	87848	
bucket	repo-hygiene/git_tip/artifacts/review_r1/lean_recheck_Qwen3-8B_verdicts.json	87210	
bucket	repo-hygiene/git_tip/artifacts/review_r1/lean_recheck_qwen30b_verdicts.json	353033	
bucket	repo-hygiene/git_tip/artifacts/review_r1/lean_single_recheck.json	773	
bucket	repo-hygiene/git_tip/artifacts/review_r1/recount.json	45248	
bucket	repo-hygiene/git_tip/artifacts/review_r2/arms_ei_.json	69351	
bucket	repo-hygiene/git_tip/artifacts/review_r2/arms_frozen_.json	65614	
bucket	repo-hygiene/git_tip/artifacts/review_r2/ckpts.json	16339	
bucket	repo-hygiene/git_tip/artifacts/review_r2/cov.json	10158	
bucket	repo-hygiene/git_tip/artifacts/review_r2/pools.json	19291	
bucket	repo-hygiene/git_tip/artifacts/review_r2/sets.json	7703	
bucket	repo-hygiene/git_tip/artifacts/review_r3/recount.json	206301	
bucket	repo-hygiene/git_tip/artifacts/review_r3/splits.json	2401	
bucket	repo-hygiene/git_tip/artifacts/review_r4/recount.json	342309	
bucket	repo-hygiene/git_tip/artifacts/review_r4/train.json	1340	
bucket	repo-hygiene/git_tip/artifacts/review_r5/arms.json	49906	
bucket	repo-hygiene/git_tip/artifacts/review_r5/cov.json	2129	
bucket	repo-hygiene/git_tip/artifacts/review_r5/logic.json	2296	
bucket	repo-hygiene/git_tip/artifacts/review_r5/nec.json	2705	
bucket	repo-hygiene/git_tip/artifacts/review_r5/pools.json	7522	
bucket	repo-hygiene/git_tip/artifacts/review_r5/splits.json	4404	
bucket	repo-hygiene/git_tip/artifacts/rr/cov.log	272	
bucket	repo-hygiene/git_tip/artifacts/rr/cov_smoke.s0.jsonl	1574	
bucket	repo-hygiene/git_tip/artifacts/rr/ei.log	7328	
bucket	repo-hygiene/git_tip/artifacts/rr/ei2.log	6432	
bucket	repo-hygiene/git_tip/artifacts/rr/ei3.log	8502	
bucket	repo-hygiene/git_tip/artifacts/rr/ei_fast1_s0/args.json	531	
bucket	repo-hygiene/git_tip/artifacts/rr/ei_fast1_s0/found_1.jsonl	1119	
bucket	repo-hygiene/git_tip/artifacts/rr/ei_fast1_s0/found_2.jsonl	3926	
bucket	repo-hygiene/git_tip/artifacts/rr/ei_fast1_s0/found_transfer_1.jsonl	1477	
bucket	repo-hygiene/git_tip/artifacts/rr/ei_fast1_s0/found_transfer_2.jsonl	6061	
bucket	repo-hygiene/git_tip/artifacts/rr/ei_fast1_s0/mix_1.jsonl	141634	
bucket	repo-hygiene/git_tip/artifacts/rr/ei_fast1_s0/mix_2.jsonl	155607	
bucket	repo-hygiene/git_tip/artifacts/rr/ei_fast1_s0/round_1.json	6489	
bucket	repo-hygiene/git_tip/artifacts/rr/ei_fast1_s0/round_2.json	6810	
bucket	repo-hygiene/git_tip/artifacts/rr/ei_smoke2_s0/args.json	533	
bucket	repo-hygiene/git_tip/artifacts/rr/ei_smoke2_s0/found_1.jsonl	0	
bucket	repo-hygiene/git_tip/artifacts/rr/ei_smoke2_s0/found_2.jsonl	0	
bucket	repo-hygiene/git_tip/artifacts/rr/ei_smoke2_s0/found_transfer_1.jsonl	0	
bucket	repo-hygiene/git_tip/artifacts/rr/ei_smoke2_s0/found_transfer_2.jsonl	0	
bucket	repo-hygiene/git_tip/artifacts/rr/ei_smoke2_s0/mix_1.jsonl	138330	
bucket	repo-hygiene/git_tip/artifacts/rr/ei_smoke2_s0/mix_2.jsonl	143672	
bucket	repo-hygiene/git_tip/artifacts/rr/ei_smoke2_s0/round_1.json	4794	
bucket	repo-hygiene/git_tip/artifacts/rr/ei_smoke2_s0/round_2.json	4789	
bucket	repo-hygiene/git_tip/artifacts/rr/ei_smoke_s0/args.json	531	
bucket	repo-hygiene/git_tip/artifacts/rr/ei_smoke_s0/found_1.jsonl	0	
bucket	repo-hygiene/git_tip/artifacts/rr/ei_smoke_s0/found_2.jsonl	0	
bucket	repo-hygiene/git_tip/artifacts/rr/ei_smoke_s0/found_transfer_1.jsonl	0	
bucket	repo-hygiene/git_tip/artifacts/rr/ei_smoke_s0/found_transfer_2.jsonl	0	
bucket	repo-hygiene/git_tip/artifacts/rr/ei_smoke_s0/mix_1.jsonl	138330	
bucket	repo-hygiene/git_tip/artifacts/rr/ei_smoke_s0/mix_2.jsonl	143672	
bucket	repo-hygiene/git_tip/artifacts/rr/ei_smoke_s0/round_1.json	6392	
bucket	repo-hygiene/git_tip/artifacts/rr/ei_smoke_s0/round_2.json	6319	
bucket	repo-hygiene/git_tip/artifacts/rr/eval.log	603	
bucket	repo-hygiene/git_tip/artifacts/rr/heldout_greedy.json	712	
bucket	repo-hygiene/git_tip/artifacts/rr/heldout_greedy.jsonl	200332	
bucket	repo-hygiene/git_tip/artifacts/rr/setup.log	2343	
bucket	repo-hygiene/git_tip/artifacts/rr/smoke.done	0	
bucket	repo-hygiene/git_tip/artifacts/rr/smoke.out	0	
bucket	repo-hygiene/git_tip/artifacts/rr/smoke_train.jsonl	1767	
bucket	repo-hygiene/git_tip/artifacts/rr/timing.txt	998	
bucket	repo-hygiene/git_tip/artifacts/rr/train.log	1110	
bucket	repo-hygiene/git_tip/artifacts/stage1_abs_eval.log	4568	
bucket	repo-hygiene/git_tip/artifacts/stage1_abs_heldout_greedy.json	1443	
bucket	repo-hygiene/git_tip/artifacts/stage1_abs_transfer2_greedy.json	2119	
bucket	repo-hygiene/git_tip/artifacts/stage1_abs_transfer2_k16.json	2156	
bucket	repo-hygiene/git_tip/artifacts/stage1_abs_transfer2_k16_norm.json	555	
bucket	repo-hygiene/git_tip/artifacts/stage1_abs_transfer_greedy.json	2193	
bucket	repo-hygiene/git_tip/artifacts/stage1_abs_transfer_k16.json	2220	
bucket	repo-hygiene/git_tip/artifacts/stage1_abs_transfer_k16_norm.json	555	
bucket	repo-hygiene/git_tip/artifacts/stage1_abs_val36_greedy.txt	2165	
bucket	repo-hygiene/git_tip/artifacts/stage1_abs_val36_k32.json	2418	
bucket	repo-hygiene/git_tip/artifacts/stage1_absfixed.log	3927	
bucket	repo-hygiene/git_tip/artifacts/stage1_absfixed_heldout_greedy.json	1394	
bucket	repo-hygiene/git_tip/artifacts/stage1_absfixed_transfer2_greedy.json	2118	
bucket	repo-hygiene/git_tip/artifacts/stage1_absfixed_transfer2_k16.json	2126	
bucket	repo-hygiene/git_tip/artifacts/stage1_absfixed_transfer2_k16_norm.json	496	
bucket	repo-hygiene/git_tip/artifacts/stage1_rel_eval.log	4617	
bucket	repo-hygiene/git_tip/artifacts/stage1_rel_heldout_greedy.json	1416	
bucket	repo-hygiene/git_tip/artifacts/stage1_rel_transfer2_greedy.json	2135	
bucket	repo-hygiene/git_tip/artifacts/stage1_rel_transfer2_k16.json	2122	
bucket	repo-hygiene/git_tip/artifacts/stage1_rel_transfer2_k16_norm.json	531	
bucket	repo-hygiene/git_tip/artifacts/stage1_rel_transfer_greedy.json	2196	
bucket	repo-hygiene/git_tip/artifacts/stage1_rel_transfer_k16.json	2197	
bucket	repo-hygiene/git_tip/artifacts/stage1_rel_transfer_k16_norm.json	531	
bucket	repo-hygiene/git_tip/artifacts/stage1_rel_val36_greedy.txt	2254	
bucket	repo-hygiene/git_tip/artifacts/stage1_transfer2_cmp.log	3441	
bucket	repo-hygiene/git_tip/artifacts/stage1_transfer_k128.json	2180	
bucket	repo-hygiene/git_tip/artifacts/stage1_transfer_k128_norm.json	574	
bucket	repo-hygiene/git_tip/artifacts/tables_all.md	16184	
bucket	repo-hygiene/git_tip/artifacts/tables_all_norm.md	15865	
bucket	repo-hygiene/git_tip/artifacts/tables_s0.md	5445	
bucket	repo-hygiene/git_tip/artifacts/test_long_final.jsonl	195877	
bucket	repo-hygiene/git_tip/artifacts/test_long_stage1.jsonl	206095	
bucket	repo-hygiene/git_tip/artifacts/test_overlap.json	393	
bucket	repo-hygiene/git_tip/artifacts/test_overlap.md	330	
bucket	repo-hygiene/git_tip/artifacts/test_scores.txt	459	
bucket	repo-hygiene/git_tip/artifacts/test_short_final.jsonl	63475	
bucket	repo-hygiene/git_tip/artifacts/test_short_stage1.jsonl	65317	
bucket	repo-hygiene/git_tip/artifacts/train_stage1_abs.log	1576	
bucket	repo-hygiene/git_tip/artifacts/train_stage1_rel.log	1572	
bucket	repo-hygiene/git_tip/artifacts/transfer_breakdown.md	4433	
bucket	repo-hygiene/git_tip/artifacts/val36_rounds_ei_abs_s0.log	610	
bucket	repo-hygiene/git_tip/artifacts/val36_rounds_rest.log	1912	
bucket	repo-hygiene/git_tip/artifacts/val36_targets.jsonl	5527	
bucket	repo-hygiene-2/git_tip/ckpts/final.pt	12859909	
bucket	repo-hygiene-2/git_tip/ckpts/stage1_abs.pt	12859381	
bucket	repo-hygiene-2/git_tip/data/p2/run5_c8d_cands.jsonl	5410712	
bucket	repo-hygiene-2/git_tip/data/p2/run5_c8d_nec.jsonl	8144928	
bucket	repo-hygiene-2/git_tip/data/r1/prompts.jsonl	42554288	
bucket	repo-hygiene-2/git_tip/data/r2/nec_depth4.jsonl	11785496	
bucket	repo-hygiene-2/git_tip/data/r2/nec_impi_ore.jsonl	50218203	
bucket	repo-hygiene-2/git_tip/data/r2/nec_ori_ore.jsonl	6601865	
bucket	repo-hygiene-2/git_tip/data/train.jsonl.gz	10408271	
