path	bytes	sha256	result
artifacts/cov_base_transfer_k1e4.s0.jsonl	541270	73b817cbbd446786ed97438d1c2b07b5f9ec86572b508860020fdbc8e48fe976	ok
artifacts/cov_base_transfer_k1e4.s1.jsonl	534085	cb99921330de815ee4d1d02386af5fcad878f0b717b2c6a58a5be7bb4af4e8c7	ok
artifacts/cov_base_transfer_k1e4.s2.jsonl	540696	db10b9252b298adffa5d8d58bc259e51b8810a8e98656e776ec3216601ef5ddb	ok
artifacts/cov_base_val36_k1e5.s0.jsonl	30482	fbb6b4396547b90febb10a3bc602950608cfcee9536db2fac5375d7ea9cce89d	ok
artifacts/dsg/cov_d3_c0_s0.counted.jsonl	370929	0aec40a8a9d770ed6aed09f37fc8a8fac51e67c61a4b8a5bba73ddc3728d4076	ok
artifacts/dsg/cov_d3_c0_s0.counted.record.jsonl	415528	f8636254288a4188305a542d917c8f36b3e949435419c33e7ece7ed422c84b5f	ok
artifacts/dsg/cov_d3_c0_s0.s0.jsonl	1606880	eac0be95b0c33cbbc4e85ad9718c95d8af3c70140ca28f2127ec235076aec57c	ok
artifacts/dsg/cov_d3_c0_s1.counted.jsonl	281981	f478b1d9c0f5e28b1999883cbc90fc581d9995ae6e10db789ab9f26f72f0115a	ok
artifacts/dsg/cov_d3_c0_s1.counted.record.jsonl	318329	08dff3a51f830438ae4fede08084fee2bf210c90c29e9a74f48defbb41e27af1	ok
artifacts/dsg/cov_d3_c0_s1.s0.jsonl	1416115	e00ae1b400855bb02c7799e93102f456aed7a2b80c064de91dcee4c72d0634ee	ok
artifacts/dsg/cov_d3_g1_s0.counted.jsonl	330922	947f8b3e28f951c0e973e3cb0644fc7aeb1d5cd8cddb965fd36734f45c39bb70	ok
artifacts/dsg/cov_d3_g1_s0.counted.record.jsonl	372486	c5b22a6c270a32c0e06faed464a3e7eb3429805ec7ac626e572a50232e2e4fb0	ok
artifacts/dsg/cov_d3_g1_s0.s0.jsonl	1522495	a7425ec001c6950d34147425215b75064d80391fe16990c7140adb5f0ae7f94b	ok
artifacts/dsg/cov_d3_g1_s1.counted.jsonl	521711	74bc048cdf3ebaa83a756b2c651e41f0fd1e2eb65b5333488f99ad9ac32ca204	ok
artifacts/dsg/cov_d3_g1_s1.counted.record.jsonl	583693	c105392eb404fdae2bdf4f92f22c9f987dab4377cb8b545d9877d23187030c78	ok
artifacts/dsg/cov_d3_g1_s1.s0.jsonl	1940794	29479b1c590a83b375ca8de7799005ba1a658b08792f9873d88600bc75602d36	ok
artifacts/dsg/cov_d3_g2_s0.counted.jsonl	171768	c2bf68ae494d0eca0442d9abc4af5bf72dd78adfe1491595dc8112f2b7e5f900	ok
artifacts/dsg/cov_d3_g2_s0.counted.record.jsonl	194469	3d12b303287dc8ada44f6330115690babea273b46ab000ab468d85816baee30d	ok
artifacts/dsg/cov_d3_g2_s0.s0.jsonl	1172834	33758d3f29d7442afa045def6ada5c918f70a6dab60dc09a495f24d6413c5fbb	ok
artifacts/dsg/cov_d3_g2_s1.counted.jsonl	166257	bebe8313a51f4c81a3aabfad31af918fafd217ce5999cc031dd0dfc08c2c975d	ok
artifacts/dsg/cov_d3_g2_s1.counted.record.jsonl	188312	37b7d667291367c19c43b4a234d30301ecba65f9b97cfd3ab6c443b6e48cbff8	ok
artifacts/dsg/cov_d3_g2_s1.s0.jsonl	1161317	ccc6508463060bc6cab51f1a2e512208c23a8a1d2f70586d2deedc73b5e20463	ok
artifacts/dsg/cov_red_c0_s0.counted.jsonl	11131	add0e203646b2b6e496647302eb5e71ba0da1caf7f6a64e0642cbffdd0be2d5d	ok
artifacts/dsg/cov_red_c0_s0.counted.record.jsonl	12917	928eb6bba76cd1d497d14577cf9ca1a4065e0a313f09b8d36a6a2d7258390a0a	ok
artifacts/dsg/cov_red_c0_s0.s0.jsonl	255502	3f48592e2e6b662100dd0acba3fbcaab6a52665632fd8896315ee728da42cc9a	ok
artifacts/dsg/cov_red_c0_s1.counted.jsonl	9674	6386457a67e5d2078c6572e6d139a225bfe57ad05c5579de89635e64f44ebc23	ok
artifacts/dsg/cov_red_c0_s1.counted.record.jsonl	11207	d3d0edee2a31e5f753fb4a0f40a946c6a1a92f9de6f2058a195a8d38a2cef3cf	ok
artifacts/dsg/cov_red_c0_s1.s0.jsonl	251835	68c63e03080425480d47364ce9dbc7088bb6121c35a6e9eef13fb1a6da5bdce2	ok
artifacts/dsg/cov_red_g1_s0.counted.jsonl	13505	03df57c3e1d1d0acb52521ff0f3123d907815309121e5bcae4dd14bb8389aab8	ok
artifacts/dsg/cov_red_g1_s0.counted.record.jsonl	15666	ee0589faa4a8306ac859e0f9c860a629d2880e030daf3b024946729266d1f5bc	ok
artifacts/dsg/cov_red_g1_s0.s0.jsonl	261079	0779d1e75f09b5569bcb2ea03ff784bb2d9c98e16fca18d119101024e13d1487	ok
artifacts/dsg/cov_red_g1_s1.counted.jsonl	11318	24a417ebdc90d7d19af4f1420385fb4bb1900c1119bc417d8890b0c326711f9a	ok
artifacts/dsg/cov_red_g1_s1.counted.record.jsonl	13096	926342cec6dc7ac07743fa46467f1e0e6baca0124cc1b4257d500d42cadd370f	ok
artifacts/dsg/cov_red_g1_s1.s0.jsonl	255899	f8a167179e6ca64db8c23434b64b407531fd1e71b84b27f925b34fd727dcae04	ok
artifacts/dsg/cov_red_g2_s0.counted.jsonl	0	e3b0c44298fc1c149afbf4c8996fb92427ae41e4649b934ca495991b7852b855	ok
artifacts/dsg/cov_red_g2_s0.counted.record.jsonl	0	e3b0c44298fc1c149afbf4c8996fb92427ae41e4649b934ca495991b7852b855	ok
artifacts/dsg/cov_red_g2_s0.s0.jsonl	229866	5070eb3a789de4cc4d27a58404bfd4d712a88743c1b40b203edc0e9cfd36afc2	ok
artifacts/dsg/cov_red_g2_s1.counted.jsonl	0	e3b0c44298fc1c149afbf4c8996fb92427ae41e4649b934ca495991b7852b855	ok
artifacts/dsg/cov_red_g2_s1.counted.record.jsonl	0	e3b0c44298fc1c149afbf4c8996fb92427ae41e4649b934ca495991b7852b855	ok
artifacts/dsg/cov_red_g2_s1.s0.jsonl	229854	cae6b1aa15743c822859ff6daff6dd316a7839c9f0d8046f3f57d5e642d94e50	ok
artifacts/dsg/cov_req8_c0_s0.counted.jsonl	95183	082a2dd5dc6ce69307dd0d02b34b6f04701d39db6a849fc4ab4f10cd9d053131	ok
artifacts/dsg/cov_req8_c0_s0.counted.record.jsonl	105680	b8f0d8aa6649b5addded166b0adf0cb3cc11559d67ae5caae4b334f5c5b6893a	ok
artifacts/dsg/cov_req8_c0_s0.s0.jsonl	447022	d0847a4eeed02e1cda71eb805288850066fb63eca7faab2635e1e2c8eb171cd5	ok
artifacts/dsg/cov_req8_c0_s1.counted.jsonl	62576	0d014a11054692c76ee9e63f38e035670af1f34968ff10b8d05aedc4244bf998	ok
artifacts/dsg/cov_req8_c0_s1.counted.record.jsonl	70154	08d663f5daa0f2ecd7e7de58ba26fbed2b2e8c11e81de33fb8311c5fe66fd343	ok
artifacts/dsg/cov_req8_c0_s1.s0.jsonl	376476	53682a33c7c0aa9bd87b1b0b300dade5e9d7024f8adcd3796a0c0c5270bfa228	ok
artifacts/dsg/cov_req8_g1_s0.counted.jsonl	84688	2470d51373a0131b040f7d406862e4e5aba7fb3efd330f7814ceaea8b5ef96ad	ok
artifacts/dsg/cov_req8_g1_s0.counted.record.jsonl	94956	1ef0ea7523be2ba8b9689fdac28cc6a5d608c9349453e9db0d5e096dc58e3cf6	ok
artifacts/dsg/cov_req8_g1_s0.s0.jsonl	426391	473ddbcb5f0cc73db532b20afa1e8b037bbe8d989f22fb505cce86864b116ed7	ok
artifacts/dsg/cov_req8_g1_s1.counted.jsonl	188360	1eec1110dc8508fcb11cdb7b06bf9da0afb0444fba0b6fe9d91d152a10f80766	ok
artifacts/dsg/cov_req8_g1_s1.counted.record.jsonl	208812	9d0fe2904c751c89075115287140124eeddaec1e2f86729d2ff9b5e4fa6c0cc9	ok
artifacts/dsg/cov_req8_g1_s1.s0.jsonl	655589	64b6ebd235efa502240a35268501b09df6dc344a90a7a28d0c7385002058aa05	ok
artifacts/dsg/cov_req8_g2_s0.counted.jsonl	19234	68363ff2dd0952746dff9b0e966905bd1d957130f4e6334cc10856afbc66fd54	ok
artifacts/dsg/cov_req8_g2_s0.counted.record.jsonl	21873	000e0ed339df8bea10b4cfa4676730fd5f98cdbf15d891cfdc384a4e5f806c4a	ok
artifacts/dsg/cov_req8_g2_s0.s0.jsonl	279971	69cb9c4e1cefe96f433f837edb6310c9e1f83e0ea3e667ce8911087432237fc0	ok
artifacts/dsg/cov_req8_g2_s1.counted.jsonl	11717	1741a9078f2c3fe6af882c3c4f65bc2753e9a415437fa90379e38ba6e76eb4b9	ok
artifacts/dsg/cov_req8_g2_s1.counted.record.jsonl	13267	7cb97d69d60051674340dacc2c710df4326b7d9fef0d0b04a8a91c8c84ae2f64	ok
artifacts/dsg/cov_req8_g2_s1.s0.jsonl	263601	845674f3f1e10718895c8c7c99bd10a139dfb03ee7134ce782ae78cdad7981d4	ok
artifacts/dsg/ei_d3_g1_s0/found_4.jsonl	503225	8db12adf8daae9fac01334c400b9eb0eab10b61a65093a1dcdeb1a4818c1c729	ok
artifacts/dsg/ei_d3_g1_s0/found_4.record.jsonl	439330	f72378b3eb32576c33a5c70cae81c1fb824a433f26a372e92fe1e2b74b2b4652	ok
artifacts/dsg/ei_d3_g1_s0/found_transfer_4.jsonl	272610	77bde8974fa9ab8b40a50a0c366ce567c5b48b1e991faf670b4e81b10ed0b1ef	ok
artifacts/dsg/ei_d3_g1_s0/found_transfer_4.record.jsonl	237392	2f2f4242547681d520594b5aca7ad91c174195c9e5e7776452bd8ad2c8618520	ok
artifacts/dsg/ei_d3_g1_s1/found_4.jsonl	622386	feb39af4b7086cc951781e377642d180e30c08c3fa249afeeb82a49b00db3b11	ok
artifacts/dsg/ei_d3_g1_s1/found_4.record.jsonl	544254	55f115e0427ca6df0d86923031eb460e326e35f32568b0dfda446b9c5bd5abd9	ok
artifacts/dsg/ei_d3_g1_s1/found_transfer_4.jsonl	344859	a58609a1037a6f92b69e0170c44c5b89f77527f3401a19f8c68e85b96eca5a87	ok
artifacts/dsg/ei_d3_g1_s1/found_transfer_4.record.jsonl	300639	71342862dc33afff65dc00376e2980388c1559910d660e8b1606f51fa529ebc4	ok
artifacts/dsg/ei_d3_g2_s0/found_4.jsonl	535348	7fe14c17547049551e6f374c005d2eaa362b07d5079154ccea56923e05725bec	ok
artifacts/dsg/ei_d3_g2_s0/found_4.record.jsonl	467702	dc17132d381b27d5fc3c9e422299b3d07aef214756101a175b6b9320e62522ed	ok
artifacts/dsg/ei_d3_g2_s0/found_transfer_4.jsonl	276014	7bfc3ed938b5e8c1146d614cae1f32ad9373f523656c802984a3276ed265aed8	ok
artifacts/dsg/ei_d3_g2_s0/found_transfer_4.record.jsonl	240858	8f6c838d530d0f7db5170efa27a9a6634b2f2ec7bf72b66338a4ff2229cdcadb	ok
artifacts/dsg/ei_d3_g2_s1/found_4.jsonl	494222	b79571a15043b370e3d47cc816375900ebc34666826b52a52cf3d833868f0475	ok
artifacts/dsg/ei_d3_g2_s1/found_4.record.jsonl	431947	5281a4d4189cc7b096c052c851700c569334d8782caab22a5a0bd8abf32989d4	ok
artifacts/dsg/ei_d3_g2_s1/found_transfer_4.jsonl	248672	78fa8d304d836c143e6c72f6390bdbf1e12b8c397be16e9a7c3c25ce468b0c30	ok
artifacts/dsg/ei_d3_g2_s1/found_transfer_4.record.jsonl	216795	55a4851f13b40b4e62518d9fe14b7975ddd1b60dc1a40703357984648b50dfce	ok
artifacts/dsg/frozen_d3_g1_s0/found_4.jsonl	262915	0c329a2cec10aa9458730777d091ecaaab527694fc11e24582e452a2d56b51d5	ok
artifacts/dsg/frozen_d3_g1_s0/found_4.record.jsonl	229322	812a3c5c7e96f5b4a37199c3c84b351f3335923b4d4447da45880506589b09e7	ok
artifacts/dsg/frozen_d3_g1_s0/found_transfer_4.jsonl	124265	7aed3b152603dbb65f726c840c146d093a609e06d47c6f04de40c1f9da4120b1	ok
artifacts/dsg/frozen_d3_g1_s0/found_transfer_4.record.jsonl	107903	27ecb4bcd1fb1cdd1c3014cc1a20757f953a08f7c0a3d5285284b16dbd2a5937	ok
artifacts/dsg/frozen_d3_g1_s1/found_4.jsonl	445173	4724d2ed1590718eb2bf37750f2c27ada057403e1e433f35cee6ec11e509e40d	ok
artifacts/dsg/frozen_d3_g1_s1/found_4.record.jsonl	388861	3cfdaeb74f11aafd70b555b7d1423120a2de85c5d8fc94a9fbcbb7f725e58110	ok
artifacts/dsg/frozen_d3_g1_s1/found_transfer_4.jsonl	240987	cfc18c7f7c568463a236cd9d617b96bee1822c148907debe73c12938a4fa6da7	ok
artifacts/dsg/frozen_d3_g1_s1/found_transfer_4.record.jsonl	209909	4686e1c403d681611ca0ed06e8d99214c43825ec9ffabc8095f52c77949e0053	ok
artifacts/dsg/frozen_d3_g2_s0/found_4.jsonl	161176	d9590b2fde53fdd47da8c95476f7530ec7f12fde1dbe1303c1cf8ac92faa38ad	ok
artifacts/dsg/frozen_d3_g2_s0/found_4.record.jsonl	138615	96c49ddb76699530d1b3d7e0c2189c91647f4155ad07dd403f85e5d4787b8b96	ok
artifacts/dsg/frozen_d3_g2_s0/found_transfer_4.jsonl	85232	142b8eb2bde96e74eb4f29ca4c276fa87e139a9f6106c47ea0a02f5bbfa88ad0	ok
artifacts/dsg/frozen_d3_g2_s0/found_transfer_4.record.jsonl	73108	0029c97ae569896f30072bb672aa0e2f4220cb504d362da78bf3712b0fad3d0a	ok
artifacts/dsg/frozen_d3_g2_s1/found_4.jsonl	147757	6d19fe5632a2fc91a5b7785722f6615444da7452da6586f2988c413360e99489	ok
artifacts/dsg/frozen_d3_g2_s1/found_4.record.jsonl	127174	fa8ac808aa44492bdcabd68d5f744914272be5aba4204f9e27e7847be1264db7	ok
artifacts/dsg/frozen_d3_g2_s1/found_transfer_4.jsonl	67762	3a38f8c850572386236b77822e48dcdd021afd1b42ae2e2ede875a2bad0e873a	ok
artifacts/dsg/frozen_d3_g2_s1/found_transfer_4.record.jsonl	58123	be54105945f6a23b145cb576695e64fa92a80814ffad3392c35b44df9920992c	ok
artifacts/dsg/gate_heldout2_c0_s0.disagree.jsonl	394	4aeb6345d23116549c3e02c42b73f12fca4311efa61d0002fe58fc2b1de188f0	ok
artifacts/dsg/gate_heldout2_c0_s0.jsonl	438	df0d566b2328e2e6642b90efecded6009d36e586c835d2f793dcbe8de818c083	ok
artifacts/dsg/gate_heldout2_c0_s1.disagree.jsonl	394	f99a1e7a32e4ded5c098634100c93463246af90e26707c1316f923c7879da546	ok
artifacts/dsg/gate_heldout2_c0_s1.jsonl	430	f1f00d5f8be26b265824c21520f91cdc652446eab3534976f3d98eb21d54dfb6	ok
artifacts/dsg/gate_heldout2_g1_s0.disagree.jsonl	788	6900891041884042d047bcb84fcf0e84248037c29fa7b747fd662ab0790baa79	ok
artifacts/dsg/gate_heldout2_g1_s0.jsonl	877	dc2064c84fbd54dd9a69010487a80bd2d99e824cf58fa5288b24fb5f53b5f6e2	ok
artifacts/dsg/gate_heldout2_g1_s1.disagree.jsonl	744	ff4e91434a15e57d811db9bd9f26976a5df1b4a866378f71268e085508f59bbe	ok
artifacts/dsg/gate_heldout2_g1_s1.jsonl	421	d8fb1e560b3d0a170861f7e5ee44268cd0809b0ac4c8308fa7875b87e1a16ccc	ok
artifacts/dsg/gate_heldout2_g2_s0.disagree.jsonl	8634	32e826391bf07f9674e740bb62be2df963f6295b843dee0f459a4f672ce5da24	ok
artifacts/dsg/gate_heldout2_g2_s0.jsonl	985	1642be12dafc49120e7ea9a04a7ddaf64d102871ae6575d2504db77f05e20beb	ok
artifacts/dsg/gate_heldout2_g2_s1.disagree.jsonl	1988	92742cd8695a5117c2252ee7059f7080c56ee5f67caa9ff398106b99ea6cf653	ok
artifacts/dsg/gate_heldout2_g2_s1.jsonl	521	51ab4ec5beb0658049de4588f6446d01bfdd1fe1a7ec63bc7d642d50458ef1d3	ok
artifacts/dsg/gate_la_T1_c0_s0.disagree.jsonl	149334	6de2e2b22fd73ccc57a45cb3b341d2b2bdcb86c64edc10b531d65ace033a7743	ok
artifacts/dsg/gate_la_T1_c0_s0.jsonl	18673	43ccd7d8b62373da4322e9276d57b3a9625bd0db27ec8644df512f2420d34a5e	ok
artifacts/dsg/gate_la_T1_c0_s1.disagree.jsonl	18012	8811aba195e4c7a29999dd8df75f85b18ab53f704d784d6112a2069b1635cc87	ok
artifacts/dsg/gate_la_T1_c0_s1.jsonl	17559	4303d2a0c7050a3fc79179402c25dbf7f54bbb2be7a2b8214abe76a6e7e39216	ok
artifacts/dsg/gate_la_T1_g1_s0.disagree.jsonl	50182	82a6393f5a100adbf5eb9e4ff61c80d835915707dc42fa82bda3d5b6f2aa2453	ok
artifacts/dsg/gate_la_T1_g1_s0.jsonl	18299	95021d9a0f7bb76bc35130c2887a50af881d786378d43dbc23923f32d0fe7f72	ok
artifacts/dsg/gate_la_T1_g1_s1.disagree.jsonl	38839	f6f27410f5caf116696cc577c09e7155b714002adf5771a29fe1ec99c0b3afaa	ok
artifacts/dsg/gate_la_T1_g1_s1.jsonl	18262	f32f8c44e265965684ee67c2c1c6fed6c195717c7e342478ad1dd926cd555fa1	ok
artifacts/dsg/gate_la_T1_g2_s0.disagree.jsonl	736729	d11c408b4e6735044c08f998857b6a02d1a879b7376f75b56b5235da26117380	ok
artifacts/dsg/gate_la_T1_g2_s0.jsonl	19741	52ecb41d68d809701c68c59357e0f71d9eedfd431b89a5990dcb6854babe5d9d	ok
artifacts/dsg/gate_la_T1_g2_s1.disagree.jsonl	2894451	adcf966757ac41b29ad4e9f00946604195cc7bf7325d726eced5a211dad2852e	ok
artifacts/dsg/gate_la_T1_g2_s1.jsonl	19938	0a1e0cb86adbb04bd1d3433f98188ca7bf56bca3add79669a3d656c830d3879b	ok
artifacts/dsg/gate_la_frozen_c0_s0.disagree.jsonl	39523	2f63a568305b04e8e7b2c1584c6946d7c583766b5e4f6730ecd2bbeeff82798a	ok
artifacts/dsg/gate_la_frozen_c0_s0.jsonl	18646	bcf1056552736157ff172e5eea648db25cbbd0bf8d64f95f87581d2e63fe9099	ok
artifacts/dsg/gate_la_frozen_c0_s1.disagree.jsonl	47288	c8e504bb118e4de70105108549edab71634e523f5a0911da395262c71bf99533	ok
artifacts/dsg/gate_la_frozen_c0_s1.jsonl	17720	6456a9c8561a18d56d740464116203f81cc1bbc4e782dda50567cef5e77d5180	ok
artifacts/dsg/gate_la_frozen_g1_s1.disagree.jsonl	42329	68f2532e143f68ade51e6db4f11346e50d27e3e704373091a960732d7128a78c	ok
artifacts/dsg/gate_la_frozen_g1_s1.jsonl	17918	7c6ff6956434cbbb02ef30ee9295267924e4fe354d2c335c9ecc6da86526d32d	ok
artifacts/dsg/gate_la_frozen_g2_s0.disagree.jsonl	1547638	d29b2f20f1d0407682de9ad4ea1e91bc0e954f946161f84e70546a41c5511527	ok
artifacts/dsg/gate_la_frozen_g2_s0.jsonl	20128	ef294a1d91b7110b0f7f39e29bff1e77c1fb9147e2443c8713b7c49d2d86144f	ok
artifacts/dsg/gate_la_frozen_g2_s1.disagree.jsonl	2937709	a6b1588652a9bead76cd9c3428d413e929a43ada893e0daac665e76ba6acb1ae	ok
artifacts/dsg/gate_la_frozen_g2_s1.jsonl	20196	825609b7f8ed4404d3b3a351576205c857d6e463d200f8cb2f81ebfefb548369	ok
artifacts/dsg/gate_selftest.jsonl	322	20a2cff090ca5169bd23f39c66868571c7a44d25601c67311aa82f666ee9a585	ok
artifacts/dsg/heldout2_c0_s0.jsonl	2626574	984cc81715754db8d1568ce8ee19d956093c8eb46308b71abb2aa62203e57ce6	ok
artifacts/dsg/heldout2_c0_s1.jsonl	2583344	9c430b05a956246f3229529f98de972e7e3555adee7ebc5b78cddf5a2fab940e	ok
artifacts/dsg/heldout2_g1_s0.jsonl	2550894	3cb53a749af77a346933ec712329b5e532c110b4f79777f5a6b8a10c52ecb78a	ok
artifacts/dsg/heldout2_g1_s1.jsonl	2644816	5c42721df6bd63ca2625a3f7ad7b53db820908a9b5cf3c95d852469d3e328a28	ok
artifacts/dsg/heldout2_g2_s0.jsonl	2513436	6f6ae4e81b3fa81ce5e7f6949645bdff6773862344e3c671a9a0da48b1e171a8	ok
artifacts/dsg/heldout2_g2_s1.jsonl	2583565	dc8779208adfb42754318c89a49c968d4d4f7d2c545cef47fb87cd4dd4147176	ok
artifacts/dsg/la_T1_c0_s0/found_8.jsonl	5626862	304357530df5c9f67e2dc5680e4e57c77eab8969ac6614e820ed3297f0ac3004	ok
artifacts/dsg/la_T1_c0_s0/found_8.record.jsonl	3028865	ac0939437a0c0ba2cad8be6e68fab9cbe902dff3f9ddfd77d378e06dc1c23c8b	ok
artifacts/dsg/la_T1_c0_s0/found_transfer_8.jsonl	2500411	cc85db89ef40e61e4bcadd98d3db1f9a1984cf80ab8b69f70a4e279fa36031f1	ok
artifacts/dsg/la_T1_c0_s0/found_transfer_8.record.jsonl	1333468	df82b8f1ba2c1bbe79c86c6ac657562ccef7d5d34302e145e6a2da5393825028	ok
artifacts/dsg/la_T1_c0_s1/found_8.jsonl	5722833	e11a669c3466a4763452c6bd9cbf08aaca39399bd9a83f5b7fa4089f5b35eece	ok
artifacts/dsg/la_T1_c0_s1/found_8.record.jsonl	3080234	4826e983ac0679b59ce2041b6d0db382111ea427e2918ca0eadb8bf6d7d8ad33	ok
artifacts/dsg/la_T1_c0_s1/found_transfer_8.jsonl	2557395	4cef41f920ea8b2bdbc4909cc9a05ebdfa49c9a9ac7fe82557d1de47807e8f92	ok
artifacts/dsg/la_T1_c0_s1/found_transfer_8.record.jsonl	1364171	059b0db5d428b38b1a653ee5ff9715aa5fbc2e5435551f5997b0e4154edba984	ok
artifacts/dsg/la_T1_g1_s0/found_8.jsonl	5900261	83f51d40cbcd032b59b09908f61d332a14678c014c6badaeb432fa55b4319a8d	ok
artifacts/dsg/la_T1_g1_s0/found_8.record.jsonl	3172716	266b7f751c8eb90a4bd84277ca0da1c769989f35c4527afd4543108fe7b8d83c	ok
artifacts/dsg/la_T1_g1_s0/found_transfer_8.jsonl	2705540	a63c9edd33381f844cefab0fd848ae6b3be36fae8ad1794a618c3b875830c7f1	ok
artifacts/dsg/la_T1_g1_s0/found_transfer_8.record.jsonl	1441294	97c5d1027d5c2597d30f09ed97b1f78717528c0f16dd249534cf413e5fc6e236	ok
artifacts/dsg/la_T1_g1_s1/found_8.jsonl	3711125	0e2f8dbb188eb3ceef02f36ad2374517d00de1c34c44a93397f341c80dd05197	ok
artifacts/dsg/la_T1_g1_s1/found_8.record.jsonl	1999156	79345065a4875ca89fb54b69bef328f27a82fe0c9afda4e635a8bf47e741f66c	ok
artifacts/dsg/la_T1_g1_s1/found_transfer_8.jsonl	1270813	bd7426fa19415e78e565116f4d2848162cba9ecf287c39de23feaa76d9f3c3e8	ok
artifacts/dsg/la_T1_g1_s1/found_transfer_8.record.jsonl	678428	a1de710bea2d4b1b82a6f0825ffe5f75bfca16ea7bd8e3f2b94f6c1ec10024eb	ok
artifacts/dsg/la_T1_g2_s0/found_8.jsonl	3699870	61e678d1cbf2ec6159ec9894853e0373a76490d48867890312c6b0742539d2d6	ok
artifacts/dsg/la_T1_g2_s0/found_8.record.jsonl	1991104	74fc8029c79f37d01f6ba6e2ca57a4621a982f08a86ddbdec5df5b937781c13a	ok
artifacts/dsg/la_T1_g2_s0/found_transfer_8.jsonl	1238647	49149870d99cdfc55712bb1d9c06d3521b3be10c04e4f5026421461460a2b921	ok
artifacts/dsg/la_T1_g2_s0/found_transfer_8.record.jsonl	660240	cbb17303592ad56650c8f6ae943537e5432f9ae51f19aafc065f0dfbe40b876b	ok
artifacts/dsg/la_T1_g2_s1/found_8.jsonl	3543189	816a2472ce00a4c4ebd963d64dbdb257dc1a43fa19d034f811cfbbffe44c035a	ok
artifacts/dsg/la_T1_g2_s1/found_8.record.jsonl	1906524	868e16e39148d0e40bcbb23371c5fb76fb0379a14997e3d42f39b1fc22e9f0ef	ok
artifacts/dsg/la_T1_g2_s1/found_transfer_8.jsonl	1234599	3c1c4d97e71bd49c982ee7713180b4e7e1bab12ad6f1ab438e17d8323a103dce	ok
artifacts/dsg/la_T1_g2_s1/found_transfer_8.record.jsonl	657858	3eb721c834e5a35a1c74a2e4d09994f00f65673d81c9cfe4f7b92a80d18a8f39	ok
artifacts/dsg/la_frozen_c0_s0/found_8.jsonl	1725309	03b8336a9f3c1763fa439a1f900fdfdb863a7ce444ca9c48f4331f2d0f868122	ok
artifacts/dsg/la_frozen_c0_s0/found_8.record.jsonl	933983	c992536e8be0d1cafe041584c796ffc5306212a2a54d9bdb1f67857435978509	ok
artifacts/dsg/la_frozen_c0_s0/found_transfer_8.jsonl	216598	320f9a9682786715fabeb9e0c1f3d99a3de4f0f97a9e6049b39573824be2c0b6	ok
artifacts/dsg/la_frozen_c0_s0/found_transfer_8.record.jsonl	116347	e6bbce9bfc89dd3a63006149aed092965c892f95c08823e51e1cdd90abce9ac1	ok
artifacts/dsg/la_frozen_c0_s1/found_8.jsonl	1557301	93cdf3ebbe29265aeb8685fbeb4a8fb515e5df1619987f4c1056df9a48d9590d	ok
artifacts/dsg/la_frozen_c0_s1/found_8.record.jsonl	846432	4e1bb5fb3010889f7fb677fb000cdfdbe50f0ed0ec8c6ec2695d7ca1a9077b61	ok
artifacts/dsg/la_frozen_c0_s1/found_transfer_8.jsonl	134125	8185e85f2d9c5a4573f61ebbd611ecd2f00fbfcd624c936b945bf08b34c7f4f3	ok
artifacts/dsg/la_frozen_c0_s1/found_transfer_8.record.jsonl	72378	bdf279f31218279799683a53c4e8ebe03206b11a356ecda0c690efc094995071	ok
artifacts/dsg/la_frozen_g1_s1/found_8.jsonl	1667305	71962c241f3c94ade62d607312cf13ec32bb350f28fe53ec3121d4f655528d44	ok
artifacts/dsg/la_frozen_g1_s1/found_8.record.jsonl	902313	cfef8283efbefa7e31e3dcd62963290ae711c3cd62b1f1c93ec8ec5aad643f92	ok
artifacts/dsg/la_frozen_g1_s1/found_transfer_8.jsonl	233184	ed0bfa66d06bb611616014f735ab23ee5b5a62bfb6870ec5c19294924967637a	ok
artifacts/dsg/la_frozen_g1_s1/found_transfer_8.record.jsonl	125170	90e0b659f9bb67173d9edbcaf8c2b93c7f0d86e6253160a302736f6048fab98a	ok
artifacts/dsg/la_frozen_g2_s0/found_8.jsonl	726100	7e2e3e7c74a727edc09ae02e7e2bbbb2c94e3aa915f176fc0172083423be0601	ok
artifacts/dsg/la_frozen_g2_s0/found_8.record.jsonl	394620	1525739ed6de476567a41fec3b939bb1bc3cf59cf565ac92648bac56c984cfd8	ok
artifacts/dsg/la_frozen_g2_s0/found_transfer_8.jsonl	58466	a64f7686760775d8d49fcdc6ef5a8c08a4ed39d16ff099cf1caaa3195f9b3d68	ok
artifacts/dsg/la_frozen_g2_s0/found_transfer_8.record.jsonl	31580	37c97621c65e8a122eea10960712994104e6cda82667f547799a251e56f7fd12	ok
artifacts/dsg/la_frozen_g2_s1/found_8.jsonl	1483386	d7c12ac1e009d3d9f9f333e5d1c728754cffc2624770648ce7b9bda2040000ab	ok
artifacts/dsg/la_frozen_g2_s1/found_8.record.jsonl	803029	5e1c50a7b947f7f67c13ad636244e36092d8f575076bce75659da213b553928e	ok
artifacts/dsg/la_frozen_g2_s1/found_transfer_8.jsonl	162034	58beb7aae194464a74439b2f3c57ac35a6185d42944aa393315899357a562219	ok
artifacts/dsg/la_frozen_g2_s1/found_transfer_8.record.jsonl	87314	6ba63adeda2b6cfaf17ccdc89098c86872453a1438facc4c9789081780e782b8	ok
artifacts/fs/b1_fast.jsonl	3468	a7013e005e0fa61fbe7dcb378ce04efe1fb14b769b34b7c1fd0d60cd9174a059	ok
artifacts/fs/b1_legacy.jsonl	3072	7babe0f97ea50f0cf46fff591f52d6b1554002e81107087d14311cf5311fcd92	ok
artifacts/fs/b1_nopack.jsonl	3469	3e5a626d1100dfa802d92860cf40d4283bf33f5882ff1f6046454b0b5c3a8eed	ok
artifacts/fs/b2_graph.jsonl	3494	bb6c6a507776ae39de325fd0b093b46627c150b7862c3a1fbba6cf800b698a3b	ok
artifacts/fs/b2_graph_mat.jsonl	3500	8c28d21b613b25cf4278d81914014806c7f18c21546ff59db9bfa5b740dda415	ok
artifacts/fs/ev/fast1_s0.jsonl	575711	405462deeb44e956470089bdbc1f05335f0ad3a37c0f68ab7ff8beb882b3409b	ok
artifacts/fs/ev/fast1b_s7.jsonl	576192	265431203cad20e66812d0159e7b7b47b9e22cc86c9fe668650f36882a5cb9cf	ok
artifacts/fs/ev/fast2_s1.jsonl	575665	82972f6252bbae578d011b0a19c748d1b12694c099367b7c0f19a5231bf0f541	ok
artifacts/fs/ev/fast2_s2.jsonl	576209	8acdbf721da17c00e071e6dd09a8b7aafbb2b4adaa8dc905e1df0b6c0f276422	ok
artifacts/fs/ev/fast4_s3.jsonl	575840	875e82c970d466f6c644aa94ed3fe9b93fbbf7e5c3bf048fa3c251ff85a84c02	ok
artifacts/fs/ev/fast4_s4.jsonl	575566	b8f90fe8d3ece6c240fa0041ddadb2b09d1aad6227e58e7818f2b47f712f3964	ok
artifacts/fs/ev/fast4_s5.jsonl	576200	dd81a62885af5755157321c8c906d7fc1ffd94ef9b2164fe18ed92722575346a	ok
artifacts/fs/ev/fast4_s6.jsonl	575725	4d1ea2950913adbb651207f037bd967b5a8270ad00179d9a38bb77243aa71cab	ok
artifacts/fs/gate_selftest.jsonl	292	7afeb1f09d12f2f9348e0281578f24f1b5e2132093f072efe12c1d5d0a7ccfe7	ok
artifacts/fs/gate_selftest.leanrej.jsonl	153281	a3a5579be70235e1796d8c8c013911118a0abc2b4afa98ada9b269d8d044d52c	ok
artifacts/fs/m_a40_bs512_s301.jsonl	2659	ea091ff84d7396bf132e102607d89de9ca34db648c3d7f43551cf91b35dc6373	ok
artifacts/fs/m_a40_fast1_s300.jsonl	5669	e25385ca6b45e5ab7b8c1ab3b9a4ed5472695bd8f13859e9fcfa7acbf2fa3f4d	ok
artifacts/fs/m_a40_fast2_s302.jsonl	5675	178b5f4edf61dd5d4c83d9a1a2483d9df7fd3e04a0168caa822f303acaddacf4	ok
artifacts/fs/m_a40_fast2_s303.jsonl	5673	422dd4b56a1e6e9eeb61c47c9c04292b4b48f7f0c9a97a4d2a6694f1fa5933c1	ok
artifacts/fs/m_a40_leg1_s304.jsonl	2260	bce1b99be1f83d73b33b4670b062e290365672f08be641cd4273f7a282325da3	ok
artifacts/fs/m_a40_warm_s900.jsonl	1810	878913654828dafdfa0f6f64f6a97525f2a80207731d01ca8081bcb484dbdc79	ok
artifacts/fs/m_fast1_s0.jsonl	14278	b3c2ff8e450a067ad5e0536bbd453fafed32057af5e1c5d3f31a9f765154a29f	ok
artifacts/fs/m_fast1b_s7.jsonl	14277	0196ea0d8d21c3d1fe5e79c07a3794d94f1e2754a98e9c55867e22ef0448fa3e	ok
artifacts/fs/m_fast2_s1.jsonl	14290	86cefb352420833002bde24f5cef775301eaec632824803c82dd7a8ab961b392	ok
artifacts/fs/m_fast2_s2.jsonl	14306	007d4438cdeea5cf24d58754ee557a84179034903580d15a25432d1fb932afb2	ok
artifacts/fs/m_fast4_s3.jsonl	14297	77bac10560090c54012d04419290915ce49f75749ad461e78f5547c4c5bf3843	ok
artifacts/fs/m_fast4_s4.jsonl	14317	e76fc08d11186b80537b5a5e2d9d1bfaad441ccd2ad6580c715ac7213b3be3e5	ok
artifacts/fs/m_fast4_s5.jsonl	14308	fd81d788c50f3cd0a4bd673fcd3fa72055469b1f05753027719a03ee0b0cd928	ok
artifacts/fs/m_fast4_s6.jsonl	14306	f933e652abd24d64d098a9031269f7490446eec402867b7750338e7ca23126e2	ok
artifacts/fs/m_h100_bs512_s301.jsonl	2666	2b7ee78b49e3a375e68de3bad9492bb6e423692cfb82ec38f399eee6b2b18796	ok
artifacts/fs/m_h100_fast16_s330.jsonl	5690	025e4320d029d02bff6ee31215f2cbcfbc59e82fbd69a7c27d6eba18945038a4	ok
artifacts/fs/m_h100_fast16_s331.jsonl	5683	82922942f46d96cd63d2682d697a7d6671edc812bcdb68d2a7ac0b23d9528e30	ok
artifacts/fs/m_h100_fast16_s332.jsonl	5666	75a497a2613dd6824046db1988e56b3293d231249d043bde2f6f5f4713f69aa1	ok
artifacts/fs/m_h100_fast16_s333.jsonl	5683	7534c887c1ae9cffab27bf9c11be57366a9163027e229124f047f509b0964016	ok
artifacts/fs/m_h100_fast16_s334.jsonl	5673	60870f721ed87e28c50772598d0b0fee13646be50db071453991bed2b32f6017	ok
artifacts/fs/m_h100_fast16_s335.jsonl	5665	cc3eccf5292a6b25b4cfed0a9fb2da4c02f8c7742483622867ee0deee77a90a7	ok
artifacts/fs/m_h100_fast16_s336.jsonl	5674	7e1762296904062019400e38c17614cc76bb2a3f433606ac12d881f537d20604	ok
artifacts/fs/m_h100_fast16_s337.jsonl	5667	5fef1eec6054403b5faae3cd7735ed0af704aa1b3956f8d4901d1209c8f76773	ok
artifacts/fs/m_h100_fast16_s338.jsonl	5688	e5fe03b0b5555839becb11fed49d7c2a1c52ef25d8fa33dd956b0adc1a8f9f0d	ok
artifacts/fs/m_h100_fast16_s339.jsonl	5668	cc443b238624d975bd9764a968a6e6bac99173ce43766e97898d9fa52eff6ba3	ok
artifacts/fs/m_h100_fast16_s340.jsonl	5682	1d71e6371c1ee78219123e588ef548f285ee7b0b114191e1f6035fea301f32d0	ok
artifacts/fs/m_h100_fast16_s341.jsonl	5680	22865037ceb0372c9ed5d0d4401bc82eaed025f76bbb6d8838daa0f02dded120	ok
artifacts/fs/m_h100_fast16_s342.jsonl	5672	96782fbb46922052df942823187aa4892cf49143b1dbc8c3b4d740fc1097a4bb	ok
artifacts/fs/m_h100_fast16_s343.jsonl	5672	3ec41f73f2bea54295f89b0aceeac1f93ac661e19f1652b0064a9d7c2bd1d1b7	ok
artifacts/fs/m_h100_fast16_s344.jsonl	5688	9989edef67aeadaedf87349d403f8532392b552195e43f92e3d73cd11679f0a4	ok
artifacts/fs/m_h100_fast16_s345.jsonl	5683	9c8e22b4f020b052bb2136365c51ab1f5f145511ffd4d1915c758e423d9e88a4	ok
artifacts/fs/m_h100_fast1_s300.jsonl	5677	07c7f3bc0ad6339eeb02cf0c649595138b5ab250befaa3c839ff6a47f1357247	ok
artifacts/fs/m_h100_fast2_s302.jsonl	5682	26268e76b8a0ed1a4bf421090d74fcdf70868fd849005548a075979f2cb8c021	ok
artifacts/fs/m_h100_fast2_s303.jsonl	5694	34526c057949702e60d3ab17cb8fa02ec47471571071c7841024dda714d4e81d	ok
artifacts/fs/m_h100_fast4_s310.jsonl	5670	1be12ac4ec467055dfceb3425cd8edacf4da0ff1f3e2753fb6462a09612ff6e3	ok
artifacts/fs/m_h100_fast4_s311.jsonl	5669	362a725ceff6a2ec20cb0a3ba959ec5869595d907662f4c385369bf5c8e74b6a	ok
artifacts/fs/m_h100_fast4_s312.jsonl	5679	968323771866ae88641478c46772c1d07949d38545e017f7d9a76f1501da84a4	ok
artifacts/fs/m_h100_fast4_s313.jsonl	5672	8baf32f5dad6587b2fbb2d59f9d57b82da059b5eb8b7950b3d660c6f9107e8ee	ok
artifacts/fs/m_h100_fast8_s320.jsonl	5691	084413ff23924802399523cd60deb6e485b77b7badd09432b200bd4abf64b9d9	ok
artifacts/fs/m_h100_fast8_s321.jsonl	5681	1b9716d99f09c07b49b99ceec033a80beed6fc5f1e726447b391032c4d5fc9ca	ok
artifacts/fs/m_h100_fast8_s322.jsonl	5678	76244639a631f7911863adf8672b9cd54fede4d97dd0914548ba7001cc539dce	ok
artifacts/fs/m_h100_fast8_s323.jsonl	5663	d658cb231a8904b046dbb93f775a430c083bb4d85186a3a050354383843314d6	ok
artifacts/fs/m_h100_fast8_s324.jsonl	5669	746d37801b2dcb9c7f43b0e8be41cf5b5396ff34af47cb4103ccfb4ece0cb21f	ok
artifacts/fs/m_h100_fast8_s325.jsonl	5683	282207a57119521334fea34a750f80c54662a1e026ef32a3110d40db04f15b2b	ok
artifacts/fs/m_h100_fast8_s326.jsonl	5675	0637e8d7dd6f56983554b1d7a77c7f148da046824a3d3b9a81fd352622fa9d1c	ok
artifacts/fs/m_h100_fast8_s327.jsonl	5670	f434752d470728eec0d3c6573d7cf750542adae7a278a81fed28ff077fd572d7	ok
artifacts/fs/m_h100_leg1_s304.jsonl	2267	244cfda60426eec1cec2d855b37566a9c5a635674894be71234f520a9896bff0	ok
artifacts/fs/m_h100_warm_s900.jsonl	1808	941308747f1292bedd53a116d165c90edaa0ef5ca01e8c74d045dfa30cdea378	ok
artifacts/fs/m_leg1_s200.jsonl	3101	82d18a3f4c3f93480ddc3a7360ce0c3c1c889479035242b3511addc55894afcd	ok
artifacts/fs/m_leg2_s201.jsonl	3101	7312f5f085f4fcacb0642aa96afcd48559cfa8fe677d67c72e210445775b69e1	ok
artifacts/fs/m_leg2_s202.jsonl	3095	f99f77db7241320d8ce4a8a35bf0492e8c13570b0044072ea533be712a836484	ok
artifacts/fs/m_leg4_s203.jsonl	3092	38c4cbb46367f7d2aec83eecf50d649f9ac4a4e17df7b82ebc7b465984ea313a	ok
artifacts/fs/m_leg4_s204.jsonl	3096	d7c2103f5d74ddb2c6cb0c5a9a03b1e4ee5db6985914417a5302baa35b997989	ok
artifacts/fs/m_leg4_s205.jsonl	3093	dc4c6b554f0a375105a09b90db10b5ae325318ed937732045a2039b9596c8b0f	ok
artifacts/fs/m_leg4_s206.jsonl	3095	62f27e021d4593278ca5c2673b4dbbe8960a0f6e79aefb25a2343db2165365b7	ok
artifacts/fs/m_legfull_s0.jsonl	13907	a6124240a16e0002379f1690fbf3840bbdd3aa6a9c12f83a3a4a7eb0a64e7fca	ok
artifacts/fs/m_thr8_s100.jsonl	5666	c205f55ec87d4fd99397f7e20cc3c5f26f53e9086e09feabc72e8ea843bf0347	ok
artifacts/fs/m_thr8_s101.jsonl	5663	25a8a163807bad240247cbedb3b9175392229547a098eb340f92731795fc6908	ok
artifacts/fs/m_thr8_s102.jsonl	5657	d2461b3430772bec344b7d4f1963917a3011cd8939f275d1b634129fba356c20	ok
artifacts/fs/m_thr8_s103.jsonl	5664	cd1dd64197f9d21345a85094f9c293eedee3c7c21c572abce97ba2068c608058	ok
artifacts/fs/m_thr8_s104.jsonl	5669	436e4a8699444a4081e37312e9020089f16d32452dee2ada56f0e3050b07a0ca	ok
artifacts/fs/m_thr8_s105.jsonl	5665	bfe561d7c54c1f747197e4c502b31ed65d702760c5532fea8ab9659528b1844c	ok
artifacts/fs/m_thr8_s106.jsonl	5666	693f2b2165d0d8585144f9ab75be77047c5238add1ea4128214e70dc3bd216ad	ok
artifacts/fs/m_thr8_s107.jsonl	5662	4daec32c13cb769ccdd5841c1b509cd77f0dbca4aee1b7a78c50958d37edf4fa	ok
artifacts/fs/old/m_c_s0.jsonl	13801	553cdc52ade3a20a4163c83a8008aae1e7fc84c63ef25a39c2fffcc3c3631510	ok
artifacts/fs/old/m_c_s1.jsonl	13803	7c8d3e2409653d2bdf1a7c02a966e9358c5d2019868e918f67c53d47af381ede	ok
artifacts/fs/old/m_c_s2.jsonl	13797	893011c48bc428b59332202237a6befd4f6af3c5d0dfb79ddd321591c66e67ea	ok
artifacts/fs/old/m_c_s3.jsonl	13810	65908622dea70168cd34402f7644e61f19d578d9c9e134c1096710e7de9a6a68	ok
artifacts/fs/old/m_c_s4.jsonl	13803	e1338619cd3d0f0d35d2d819a10fc0a320b469cf8eaf2186681e1a5c226115b9	ok
artifacts/fs/old/m_c_s5.jsonl	13803	21161dd58fe18e1098809c4e286b0349a09267e6ea40ea24e86e9cb27b855d67	ok
artifacts/fs/old/m_c_s6.jsonl	13800	f0d9a8c8d1de65c7ec88525ae69f1794c463d427dd107ec1c381026bb827a0c0	ok
artifacts/fs/old/m_c_s7.jsonl	13798	67f0fed1ee07d8d17058f000c651c8ea6ceb2e79b305753e7c350b2ceb8c1b32	ok
artifacts/fs/old/m_r6a_s0.jsonl	13796	3caf02e54694965c98075403a9db99d9d6fd89c4a3481a802e3cd84c628443a8	ok
artifacts/fs/old/m_r6a_s1.jsonl	13819	982cfa929cbe2d208ee6de48d0f87c72381f96de1e17a5701260b2ba78771e3b	ok
artifacts/fs/old/m_r6b_s0.jsonl	13810	c438acb7133dd2ea080828b68c07404cb3f5997ef1223455e2f1fbe7192ce3b0	ok
artifacts/fs/old/m_r6b_s1.jsonl	13802	67996740d8169106e2c8f58df5473d672e9becb80ef81a38040893f4b644d040	ok
artifacts/fs/old/m_r6c_s0.jsonl	13795	83622d652a0664bce60eee847c5a537c94c0789df28a4bd861a37d6a227dd17f	ok
artifacts/fs/old/m_r6c_s1.jsonl	13803	9c4c650edaff4e3dfabde553d30731bee681ff5afbad7ed403ae183f607321b6	ok
artifacts/fs/old/m_r6d_s0.jsonl	13802	1d735c03c44db1ec048c7e4ccc4850ad16d145569816e0a953232decaff3d68b	ok
artifacts/fs/old/m_r6d_s1.jsonl	13800	65731fb1cb2198ea8c1b7947c5d98d78c16f88235cb456615c76428f758041ac	ok
artifacts/fs/waves.jsonl	867	4b6bf1559bbb1659861caa33fa98e94b4063585f5789ccd1478af78f4c9b1935	ok
artifacts/fs/waves_a40.jsonl	629	dc282440d9102bdf76a9c41e98fff8df36b45a8593d43628f8ed886e5787d09d	ok
artifacts/fs/waves_h100.jsonl	1204	bd20f73fdddc32721964d5d4242749f16404dacc352547419c097084024f8651	ok
artifacts/ign/cov_depth3_f0_a1_s0.s0.jsonl	224228	7e17494634143ddd1fd2754d2747294b2ad62169164538ec0564abb94be5d36b	ok
artifacts/ign/cov_depth3_f0_a1_s1.s0.jsonl	225524	eda62b4c311e5d751e7375aa5bbeef41f4bad94d5cd718bad3fdb7ffb695e284	ok
artifacts/ign/cov_depth3_f0_a1_s2.s0.jsonl	216759	d149518c0b76ec2eb3adff135706d0bd1bc9799517305752fa1d15b6b9400649	ok
artifacts/ign/cov_depth3_f0_a1_s3.s0.jsonl	218019	e112893e511224decb2f351a292b10432cb586a4acc28014c738951490bf0e59	ok
artifacts/ign/cov_depth3_f0_a1_s4.s0.jsonl	216975	9f173011b98f44e25c0fa60760bbeb0fd81b6770c14481f85a030b20a2c62b63	ok
artifacts/ign/cov_depth3_f0_a1_s5.s0.jsonl	218571	74147b3ccb2e605eb6d2036ba92df194b73f9c7c44ef8e6f2ae2ab5657b45493	ok
artifacts/ign/cov_depth3_f0_a1_s6.s0.jsonl	218182	4cf2752895cbd3073f77429bd457f7e44ccb12d593e2246517f4a039b4b8f7a6	ok
artifacts/ign/cov_depth3_f0_a1_s7.s0.jsonl	218465	bd0e4a22d55fe99e42a9ae6ebc92f0638185ca4128376ea0e0407a9e89a25207	ok
artifacts/ign/cov_depth3_f0_a1_s8.s0.jsonl	216947	8cbc8c8e928d4921619b1db6b75ed967a3fec0722dc7f227fd4ee570d693e321	ok
artifacts/ign/cov_depth3_f0_a1_s9.s0.jsonl	235784	674bcfc80d868d912ac40b79c82c94abe5287fbae37b2bc9594963640df6cd84	ok
artifacts/ign/cov_depth3_f0_a2_s0.s0.jsonl	222594	0a37d8d6a9dc9f1614009cbeebe22db6f549c65d450537d9328f8892efcc05bd	ok
artifacts/ign/cov_depth3_f0_a2_s1.s0.jsonl	219641	e82cb10ee3ad7ff5657bf2e4d4bcc86d4d8d795aacd20eb3fd045381a4183a44	ok
artifacts/ign/cov_depth3_f0_a3_s0.s0.jsonl	217181	7b577f0f9d4845554eb7d881a944bdebea6c2c709aebb0662ab802418ed57e05	ok
artifacts/ign/cov_depth3_f0_a3_s1.s0.jsonl	223568	37c6e45dbc9c32ffe37f4d91f92fcd47cf1dc7157baa75dd031442779baec3cb	ok
artifacts/ign/cov_depth3_f0_s0.s0.jsonl	215465	e104a9acb6877fd70c432251bb6b2b10b62eaa6f94de48e2cd4334e8cd60c5c6	ok
artifacts/ign/cov_depth3_f0_s1.s0.jsonl	220231	dca158ec2d40d63a531f88b9c941d374220f26aacdefcc8817bf892a8c0e2c7a	ok
artifacts/ign/cov_reductio_f0_s0.s0.jsonl	210247	288f9e5b7944bc5bcff8f558accedb8b91210493ddb5341cbb7d31cad92916f3	ok
artifacts/ign/cov_reductio_f0_s1.s0.jsonl	207702	29a8d357bd493b808177f96338d3d1540a49b175d1afa8f616573f0cb105e26e	ok
artifacts/ign/cov_reductio_f0_s10.s0.jsonl	207729	57b23faec7e1edfee10fe2ad6aad37c7252411ab0d3984eac3898a911836e1d6	ok
artifacts/ign/cov_reductio_f0_s2.s0.jsonl	207810	b22bfdf1980d6d1e32b5ee0d68ec7d98df5103e13d4c3e79af5be17a7faa964d	ok
artifacts/ign/cov_reductio_f0_s3.s0.jsonl	208995	4c9225a8985ae7fa07b5831d34228c06c4472edba8392045a4fbab021cc2e90a	ok
artifacts/ign/cov_reductio_f0_s4.s0.jsonl	207782	ec4e44fe7342e3f359f41d6fa89431da3f7bf53e7987235b678f3b03c3386ac9	ok
artifacts/ign/cov_reductio_f0_s5.s0.jsonl	207716	bca2940f8e5ecf81fda7482c4ed401556137fec0cb74b4073b85d6276a39e051	ok
artifacts/ign/cov_reductio_f0_s6.s0.jsonl	207774	03f7dda46eadd39f06aa104f4eb8cfc6a0716b03a32ca10a9395804f65bcd85a	ok
artifacts/ign/cov_reductio_f0_s7.s0.jsonl	212221	2bca1fc92a9fdafbfc278467e87bccb781fa18b991c1f83d1b59707428dcf871	ok
artifacts/ign/cov_reductio_f0_s8.s0.jsonl	207779	4d467afb277a15fe6854f3d909a0edd889c8e43cba38d3e38e52685c147f32ef	ok
artifacts/ign/cov_reductio_f0_s9.s0.jsonl	208149	37b8fff0a14cbd11e48653b0ad8f10084d1f0a528724c6d5b3dcb8bf110c5b7d	ok
artifacts/lf/ei_d3_rand_s0/found_8.jsonl	603238	3d7f06f9fa5d4ef6280032559d7b23ea7fb69db91e2735d61c0a7723c3c6e73d	ok
artifacts/lf/ei_d3_rand_s0/found_transfer_8.jsonl	313044	069526470cba04eb536cdb5e9bf41ef985d4e804f62d80539585bdc84a7f57c1	ok
artifacts/lf/ei_d3_rand_s0/record_found_8.jsonl	527558	18beb20f782220ee215951b5bd00a3c5ef6d6816c67ddad79c4a5d60d2abb682	ok
artifacts/lf/ei_d3_rand_s0/record_found_transfer_8.jsonl	273278	62300fe572dfb59592aef39bebda53cfd449a3ccb96667d1690980e1f4a822d8	ok
artifacts/lf/ei_d3_rand_s1/found_8.jsonl	635787	d73de05cf00cf45867ec65cdd7b435081525969f3b6bbeee7ce95e4e1a5c9076	ok
artifacts/lf/ei_d3_rand_s1/found_transfer_8.jsonl	330886	6231285cf6eb3bf554a7860979600667b7476b1613d7b3cdbe595a53e208cdb4	ok
artifacts/lf/ei_d3_rand_s1/record_found_8.jsonl	555614	2dfdd8b1ca3eda390ab5ee4a397d1630c5b34e49b20e557bc2ff13ebe7cf28a7	ok
artifacts/lf/ei_d3_rand_s1/record_found_transfer_8.jsonl	288298	c631bbdd986af5576844a61ec29339ca86f5a9cb4e8311109300d7dcc50b5be8	ok
artifacts/lf/ei_d3_seq_s0/found_8.jsonl	666583	a09d9bb19a853f7ba28533ec0d0907063cb15c690500c40bbffb2addc8efd10d	ok
artifacts/lf/ei_d3_seq_s0/found_transfer_8.jsonl	358613	0267d0fb191c736b7dcca3851e557b9ed4337752d0b5506825713a69d85e37c1	ok
artifacts/lf/ei_d3_seq_s0/record_found_8.jsonl	582107	3da396f1c2a6fb979fbe6ba54e16ddf9469b85c27c0acf12c2cb2429f61cea48	ok
artifacts/lf/ei_d3_seq_s0/record_found_transfer_8.jsonl	312564	913cbd9d27d75470218e2bb06751761cf7fdcbc0dbea867a178f973c281eb8f7	ok
artifacts/lf/ei_d3_seq_s1/found_8.jsonl	695698	0598a47456329c19ed7d1130b5fde6ba903ffa740d482b96107efcc0c7c71760	ok
artifacts/lf/ei_d3_seq_s1/found_transfer_8.jsonl	381354	5635e5da7df941fc5c8411bdf3ad0d9776665676b1a24d00a8538b03eb1cbb8b	ok
artifacts/lf/ei_d3_seq_s1/record_found_8.jsonl	608068	37085f9941aaab7ed94af286d6fb542f24def222bdfaba3d500a9ff24468a156	ok
artifacts/lf/ei_d3_seq_s1/record_found_transfer_8.jsonl	332345	5b935f1df250fa85ac64495031ba644cf30a68320df151133d11baf5e8dcb513	ok
artifacts/lf/frozen_d3_rand_s0/found_8.jsonl	294978	ff30eb4d86c26b01012bbbdcdac2661d78d0d4df2567b108bf5ef04f05b3e94c	ok
artifacts/lf/frozen_d3_rand_s0/found_transfer_8.jsonl	134044	1e837e6aeaa939e5bbb0d4529c32b589bf4719951d03eb20945d4e22480ec579	ok
artifacts/lf/frozen_d3_rand_s0/record_found_8.jsonl	256420	b9a79b775bb3a231a6e42c2b106ed5807a163583a233337eb5a72594a0f6fb42	ok
artifacts/lf/frozen_d3_rand_s0/record_found_transfer_8.jsonl	116111	f2805c8ca6f6e53ae53ce4499f4716238f8bba6eac928a5c564d0589700da3d6	ok
artifacts/lf/frozen_d3_rand_s1/found_8.jsonl	352696	fd533748c27b73b17627c5a3b43b6689edd3e858ac2531e6cfa0801cbe6a1ff8	ok
artifacts/lf/frozen_d3_rand_s1/found_transfer_8.jsonl	178441	21d154194d50eba931f23f715a5e53b597c99d7ac8001703ba0604be644c6b7f	ok
artifacts/lf/frozen_d3_rand_s1/record_found_8.jsonl	306648	37875fa4b771cbe6d5796ad05499d9e8190bf4a70489817dc86985d0f656dfbf	ok
artifacts/lf/frozen_d3_rand_s1/record_found_transfer_8.jsonl	154813	b8c73820adb056201d9e6a1b6e3586cd8a330537db72bc6cc8fcfea38464a227	ok
artifacts/lf/frozen_d3_seq_s0/found_8.jsonl	339768	1468e9e64040f2342b0a7a548dfdc8247b4f37114971d4616d1f91f9b466db60	ok
artifacts/lf/frozen_d3_seq_s0/found_transfer_8.jsonl	157173	14221d342111f54dc9710c3fbb11c2a13588157b96ac9a70fd8fb93ca951b48f	ok
artifacts/lf/frozen_d3_seq_s0/record_found_8.jsonl	294685	be337fd1e1898d033e3b2240ce2ba089839f1b3308638657d07e5e4af092dcc2	ok
artifacts/lf/frozen_d3_seq_s0/record_found_transfer_8.jsonl	135672	5d4b4f8c91a2d1a09e2c5d2fa24537f47bb35c07bc86c4acef037065f28c2274	ok
artifacts/lf/frozen_d3_seq_s1/found_8.jsonl	256638	e4774055513c4b5a8de69a913535524626f0daf369789e82ded07ec33ba8f5cd	ok
artifacts/lf/frozen_d3_seq_s1/found_transfer_8.jsonl	135523	92e05d0c47086963c12cf2c29ae8a38186e07796e11bbd4ab63b841e44eeb906	ok
artifacts/lf/frozen_d3_seq_s1/record_found_8.jsonl	223275	ad75ddd97b169112fb3a612c4e693d122470a5aba0f963b16fc78de5b6369116	ok
artifacts/lf/frozen_d3_seq_s1/record_found_transfer_8.jsonl	117538	a8ac69e33c392f0f6d116e0a4623516875ef6088461d64f001b595eeec23ee64	ok
artifacts/lf/gate_ei_d3_rand_s0.disagree.jsonl	15013	69ecb601d9d7742e076e81ec24b74f7cde04488f57091dee930ca6e4ff172dd9	ok
artifacts/lf/gate_ei_d3_rand_s0.jsonl	15486	7a1b35a2a7c1f38f977b06facb4147585246016e9d73466c47fff0de4f94e0dc	ok
artifacts/lf/gate_ei_d3_rand_s1.disagree.jsonl	4245	e4f908e6679603a5339cb54337bea517bea8c8eac09dcdbd7bf1767b538d848d	ok
artifacts/lf/gate_ei_d3_rand_s1.jsonl	14937	905f8c15c28e7762fa3fa93cc735e6e4eff5c3fdc196e4d8c39ab8bd8bf80643	ok
artifacts/lf/gate_ei_d3_seq_s0.disagree.jsonl	30138	e6534d34ddbfa0776793f06bac4d61e082c328c412719cf530ec4dcb7ef297c9	ok
artifacts/lf/gate_ei_d3_seq_s0.jsonl	15125	30db1e702429a66509a4c889e6bde6ee69dfdef8ea01fdb8b6ae4020f83e33fb	ok
artifacts/lf/gate_ei_d3_seq_s1.disagree.jsonl	7331	11e3f730772c48194d998206ff7ec2e8ec1ddf42f64b5e0e361b0b0bb5b70f93	ok
artifacts/lf/gate_ei_d3_seq_s1.jsonl	14744	66c262c9b62f6e455eafc4b183863cfea2018ce6fc38e2117bc79df42a8ff793	ok
artifacts/lf/gate_frozen_d3_rand_s0.disagree.jsonl	4790	10caf134adaa2f07012c6d9a00b279deb15425189bba04a9febe53c690bf810b	ok
artifacts/lf/gate_frozen_d3_rand_s0.jsonl	15704	5097f88b9fe9aff652d306baf2720ca1ff6ba013ad797048f3d806020a894acc	ok
artifacts/lf/gate_frozen_d3_rand_s1.disagree.jsonl	9272	d3134bf105ca5b366936b8ada92010fb4da2ea1635a3c3557c814e5c9e56886b	ok
artifacts/lf/gate_frozen_d3_rand_s1.jsonl	15682	c0cea1e5a4b360cb48dbee0ac4dd1c7241dd6d6b20bfb7f6675751888250ca76	ok
artifacts/lf/gate_frozen_d3_seq_s0.disagree.jsonl	22532	c04446102a240010dbcc1f78959f7ed96f843553c4b32f71c31a614266f9a0a0	ok
artifacts/lf/gate_frozen_d3_seq_s0.jsonl	15817	76b158096418e5ce2f04e88d0a9ad433c1b1cad12621f47715a7f6fe049a2f7d	ok
artifacts/lf/gate_frozen_d3_seq_s1.disagree.jsonl	10652	e1692732860e41531b50fc8929685f71f87860e04f74541fe4c84995b91882c5	ok
artifacts/lf/gate_frozen_d3_seq_s1.jsonl	15513	b73f47b5aca38abb134f3cd6a01b50854f40c05a82af09fe17906798ad2f743e	ok
artifacts/lf/gate_la_T1_rand_s0.disagree.jsonl	7186	5cbbdaca0d15c749b3dba06166926829e827a492454e2f2e1b79bd2b9851101f	ok
artifacts/lf/gate_la_T1_rand_s0.jsonl	17237	708237cbf93536da96efa79c47a30033fff51e1cb0ba26693bf04cea89c6b480	ok
artifacts/lf/gate_la_T1_rand_s1.disagree.jsonl	12507	596da010249ec473d7c4931ff4be604382bff4d6306de4914b1bbd8e2cb35dc2	ok
artifacts/lf/gate_la_T1_rand_s1.jsonl	17243	bb442f3472e9bacebf50e49841a07ae5ae1f141bb7b90615f7ef4440cf106807	ok
artifacts/lf/gate_la_T1_seq_s0.disagree.jsonl	13426	d4d38cf51222345821e9a9a6a95622b912508c88b86aa0c9ba9c986d2cdbd96a	ok
artifacts/lf/gate_la_T1_seq_s0.jsonl	18030	817ad58d45fd60e80ccc92e32861ace10780b07922320888376ba9a32ceb595e	ok
artifacts/lf/gate_la_T1_seq_s1.disagree.jsonl	14986	d9b622ec189372eac0a387628e65f46cc55fe2fc2eadcd2f4fe18c067f4330ee	ok
artifacts/lf/gate_la_T1_seq_s1.jsonl	18266	75569c5ade180a64300bdd11e27877808c884d5c7695d42cf39759c8f8522846	ok
artifacts/lf/gate_la_frozen_rand_s0.disagree.jsonl	48442	2f26404011bb3acf25ac8f473ec546d15c06429d02c1983bd12d9dd94d5a37ba	ok
artifacts/lf/gate_la_frozen_rand_s0.jsonl	17274	3f3cdb25d1fd56f14f90e5622f18c856a8e4e37ac2b76fdbb5be4fc7cf40bea3	ok
artifacts/lf/gate_la_frozen_rand_s1.disagree.jsonl	48508	b4cb197aa8449e7f40e6ad4464b7b998317d4c0f5451856025ca7fde4f82f99a	ok
artifacts/lf/gate_la_frozen_rand_s1.jsonl	17320	1011b83d825eb1cba6b8c50e1ac8bba7f7615863c95f31406b47924840e2efb6	ok
artifacts/lf/gate_la_frozen_seq_s0.disagree.jsonl	46517	b6cadc59359fb1c731e13459c4d2c6cd2bb754c80dbba1bc091e18e02a1d0c07	ok
artifacts/lf/gate_la_frozen_seq_s0.jsonl	18361	d964cad1e875f2bd2c7e4e1bb608d6c94c6ff25017433466e0e673e9f34f166a	ok
artifacts/lf/gate_la_frozen_seq_s1.disagree.jsonl	39166	081cfe7c791cbe3a23fd5ed3211454f3ffb1f5ef4467758d07f7af81959d07b5	ok
artifacts/lf/gate_la_frozen_seq_s1.jsonl	18326	9fdfceeb4c8d831412d861a1458c13d71cfa15dfdb53d7444bc933420ba9fece	ok
artifacts/lf/gate_mech_full_rand.jsonl	612	97bedfd39b5d8af4b2230b6024994e777c08237e16e9b243c5dfdf6e68bdbb16	ok
artifacts/lf/gate_mech_full_seq.disagree.jsonl	1012	fb6fce5fa2f3e60ffc06774e611b6c586b9dc5f6c5b55c6a07742217964d025e	ok
artifacts/lf/gate_mech_full_seq.jsonl	611	a40afe6ccebbdf01a1d6e9b6018b7d93a8a1c49321d2eac6e8443a96b51ce8d1	ok
artifacts/lf/gate_mech_full_seqfixed.disagree.jsonl	796	14f6d622ad856b693d4575027c88f9d2855e82678e6d891b029cc0989156beb4	ok
artifacts/lf/gate_mech_full_seqfixed.jsonl	1060	ab12b1979b5afa9970655b6e16529e6b3dff78c971bccc0eb6355cb74b47b66b	ok
artifacts/lf/gate_selftest.jsonl	302	84fb46a10859807c7a438b016b06138e062c085f0e85c6fda30a66edbcc0a9f2	ok
artifacts/lf/gate_timing_d3_rand.disagree.jsonl	394	78bc2f16112d18c215d34203f7254e235be8f04e78049b49b85445eb0248fa6a	ok
artifacts/lf/gate_timing_d3_rand.jsonl	1991	4f32ba7243db196d2b986037bfde98edb1432e06ff50d1268e822cadcd31dd62	ok
artifacts/lf/gate_timing_d3_seq.disagree.jsonl	1029	4a9c2fd50c7d3e361b9acd123787a0b49274c2efd53ad32d427751a69328ee0a	ok
artifacts/lf/gate_timing_d3_seq.jsonl	1928	b3a65ece8f9fb6ab431e0885dfb911546671a898004f74804cb7beecbc9e510a	ok
artifacts/lf/gate_timing_la_rand.disagree.jsonl	5328	ea759421d25d15625b0ffa177058bda8c1382fa5d1439a1c0f5c6ba27bcdecda	ok
artifacts/lf/gate_timing_la_rand.jsonl	2210	78a2704068d9fe8ade59a85f1292597a672b66a89d04cdfa67bada813eb83cca	ok
artifacts/lf/gate_timing_la_seq.disagree.jsonl	5688	2e7a581cf7db871d57aee53be51cf54473fd652e4d7533d8b195bf9043408b28	ok
artifacts/lf/gate_timing_la_seq.jsonl	2286	a052e324fb0f7998dde4c2342d47659ef61af726e22ea197f069837827eba329	ok
artifacts/lf/la_T1_rand_s0/found_8.jsonl	3750443	e270e1946df51f75b5a85be25b42fbff7ff5edccb7b6346a6f386e45cdd6e4ce	ok
artifacts/lf/la_T1_rand_s0/found_transfer_8.jsonl	1203554	011726dccf2612250b243c6476cb019b3c28240010a7871dfd19f01828a95473	ok
artifacts/lf/la_T1_rand_s0/record_found_8.jsonl	2019711	2caee31626eff9fd4246e1c47a8398998c1db3a4ec6e9bd14c41f33bd9830545	ok
artifacts/lf/la_T1_rand_s0/record_found_transfer_8.jsonl	642003	985a61a8db77376820cb72fea1329254b7864d794a04b5f9db444e3b1eca2100	ok
artifacts/lf/la_T1_rand_s1/found_8.jsonl	3727496	6ed6f8ece50f64ff58cd38c6ef059bd32964d87d2aca5ff36c1b6f5a40e5fbb7	ok
artifacts/lf/la_T1_rand_s1/found_transfer_8.jsonl	1244279	bfa353c983e61e47119314e8fff6957595fde46b813b776b06892c9a6dc829a9	ok
artifacts/lf/la_T1_rand_s1/record_found_8.jsonl	2008586	21b2f0a3ff42a819666c898bd66d6770d5ec53bab01412b3cd9ed17d74bae1f2	ok
artifacts/lf/la_T1_rand_s1/record_found_transfer_8.jsonl	664432	004f01b80b3f215c189583091bccd516fabee51ee05cd25ee413a42d6e91fd24	ok
artifacts/lf/la_T1_seq_s0/found_8.jsonl	4998309	2d0397b346203a881aaf4d0c5d9bb44f50728c86e6f2e8b8624e66d359b12b79	ok
artifacts/lf/la_T1_seq_s0/found_transfer_8.jsonl	2104981	04b7c47c914abb8aa03a6b87ed75610ab08994d40de0416c9644769d761277aa	ok
artifacts/lf/la_T1_seq_s0/record_found_8.jsonl	2689369	a82fab3e771e39dc5ac732314ac7e4df6f9042e0da6cb4a3dbc914f30547c119	ok
artifacts/lf/la_T1_seq_s0/record_found_transfer_8.jsonl	1122379	daa8fe6dbab7e38e7e5f4096588b561d20b00c1bfea29155d714a4cb61def8de	ok
artifacts/lf/la_T1_seq_s1/found_8.jsonl	5228651	696b1a1c6dfdc5974bfbd236a7f51e76e0a17629e2e03df3d76fca103c47b839	ok
artifacts/lf/la_T1_seq_s1/found_transfer_8.jsonl	2127131	9732b71f7c183def785251beab0ecde28b8ffcd899ba3e861dd0e237397d15a6	ok
artifacts/lf/la_T1_seq_s1/record_found_8.jsonl	2812638	efa893d40059cb6d383be1cacfe707b8eb46cb011a92257bbbe3b7ba64a78dcc	ok
artifacts/lf/la_T1_seq_s1/record_found_transfer_8.jsonl	1134311	d48b02124f2b3ad4198e9c55739a844db77888b473329b8cd99c9e288d66e3a9	ok
artifacts/lf/la_frozen_rand_s0/found_8.jsonl	2044638	8da0337cdce7a8d873c532ae86180246abd4ce39bdde39ba0f68126958b9d6cb	ok
artifacts/lf/la_frozen_rand_s0/found_transfer_8.jsonl	318422	2783725950f32dbc536cf3d329f81854e16c1622c9fde5b34c624834f74ff39d	ok
artifacts/lf/la_frozen_rand_s0/record_found_8.jsonl	1104827	37142a1fb73ebdda3544cf1f9f8e880c454f9821b4cfc781b69acf465e9f17d0	ok
artifacts/lf/la_frozen_rand_s0/record_found_transfer_8.jsonl	170908	c8202e563f5e215264f450d11f8f69ac766a9da73828897c6a3b245438c65efa	ok
artifacts/lf/la_frozen_rand_s1/found_8.jsonl	2032422	07d775a8bdc6d6a965412b939c5eac6c6a36f20b7fd58a2bee52671c4dd4a8bc	ok
artifacts/lf/la_frozen_rand_s1/found_transfer_8.jsonl	304413	4ba086604c7646e7cf16df4d61d61111597ad7b7b04c51c47bb1bfe7700afb47	ok
artifacts/lf/la_frozen_rand_s1/record_found_8.jsonl	1097561	7793f0bc8a83d240010f23980c66ca65c8e27f10ab2f224d891b1c76429c4bd0	ok
artifacts/lf/la_frozen_rand_s1/record_found_transfer_8.jsonl	163460	c7d74c9814730f51864173c6f323d23707295bf76a4a3ae4cd566539df43e8ff	ok
artifacts/lf/la_frozen_seq_s0/found_8.jsonl	2616259	7398f57eb1d1d0987c60e308a90780b2572548ec7866ba4c9435976df5428e7b	ok
artifacts/lf/la_frozen_seq_s0/found_transfer_8.jsonl	491687	a9b0e8509e40aed44d2ba78acf249911bf45d1b978daa74ed2592c94708c6e9e	ok
artifacts/lf/la_frozen_seq_s0/record_found_8.jsonl	1410312	cbd5f77cd23be0faabcdd5f20661f713d87a5ba9f3c136f1fd684da2fbc4779a	ok
artifacts/lf/la_frozen_seq_s0/record_found_transfer_8.jsonl	263060	78614442820462ab7af0833a43ec3b892c87cd0e46d06fc1b4dd3f420814eba8	ok
artifacts/lf/la_frozen_seq_s1/found_8.jsonl	2610896	c284c1665db236ad7c66bd1c3e021846f2075a5b99f9debab82d09be738529f1	ok
artifacts/lf/la_frozen_seq_s1/found_transfer_8.jsonl	488786	74080d1360572e6597ae258ac2aa0525f5a83404b8cb2d56b14569c08ef3b193	ok
artifacts/lf/la_frozen_seq_s1/record_found_8.jsonl	1407444	10807cc7640cbe5c1d96e954312f37463955efdb42fe09c31a28db0a2bc6f6c5	ok
artifacts/lf/la_frozen_seq_s1/record_found_transfer_8.jsonl	261401	c03bd29ad3fc673bbd5ba1dfd0d3e21d35d90b42be2f24fb68917365eb832c7f	ok
artifacts/lf/stage1_full_rand_heldout_greedy.jsonl	2570105	8aab510f3155000e0552e473ae5cdaa9b08433c8e6802d75e590017bcd83557b	ok
artifacts/lf/stage1_full_rand_transfer2_k16.jsonl	1954797	a84049969ac4ce81e75fdbe90a22a945323e1da506171444797d86c69f03ada9	ok
artifacts/lf/stage1_full_seq_heldout_greedy.jsonl	2551984	8c00c5a932dd31a915f578d82f026659618ab9e6a367b2ae6b93d0b386167397	ok
artifacts/lf/stage1_full_seq_transfer2_k16.jsonl	1670728	3fa025bf55edf29ca348f9e25ed325e8753f2b10b2647b8afef3787eb3bd8205	ok
artifacts/lf/stage1_full_seqfixed_heldout_greedy.jsonl	2545594	574afc6ea43569a17c93a6c9d852db965341288fce5afb71c8f68c8398b99c0b	ok
artifacts/lf/stage1_full_seqfixed_transfer2_k16.jsonl	1668491	236d788a5c37dc3467785e344fe590314619ff95164e2638e3d8bb6bf11e1452	ok
artifacts/lf_control/ei_d3_seq_s0/found_4.jsonl	553241	59db6d6a78bcbf7b69213e3f6d3f86b2f4f1b6d920c0b57659162e52e7c1baa0	ok
artifacts/lf_control/ei_d3_seq_s0/found_transfer_4.jsonl	289335	05356269645f9ae55d200e4bcd99d3e9c37030560357402810d6d9399d1fa613	ok
artifacts/lf_control/ei_d3_seq_s1/found_4.jsonl	562467	87b9e7d77f7b1fe97824571c7368c1c7bc9be10a56cc4a5206cd2b122600fbdc	ok
artifacts/lf_control/ei_d3_seq_s1/found_transfer_4.jsonl	286339	8453700e718d7375789dc9a3dfec5a648a458c35c09ad4666d661d3ed1ba394d	ok
artifacts/lf_control/frozen_d3_seq_s0/found_4.jsonl	291691	48d8960446de34cb095e2f7965914eee80010687230bd7b2e3c10bb576548466	ok
artifacts/lf_control/frozen_d3_seq_s0/found_transfer_4.jsonl	134276	3b76e2d6da990ed80084441fbb1959b86dd5e41144a208a7aa053cdd95f186cd	ok
artifacts/lf_control/frozen_d3_seq_s1/found_4.jsonl	233186	2ba41cdff341a9cb9962a8892c82985d0fa49b06e0d16a7cf041a7631a024786	ok
artifacts/lf_control/frozen_d3_seq_s1/found_transfer_4.jsonl	120914	e78fdfd7e54b08cfadd3267f41e7c34f8dd75a193be6dbdd166aa6e7923c0c9a	ok
artifacts/lj/corpus_leanonly.jsonl	7320545	812b5ec2e1d62552a22d21d49b411752046343079d7ce3a9c08bc8fd9435bfc5	ok
artifacts/lj/t2_judge.rejected.jsonl	594602	952c37e049176b0e55793f5c17bb7fb020d34ddb57c99ced3d374591dfc2611b	ok
artifacts/lj/t5_dump.jsonl	3095194	a5fdbd3159c3180626a458484959e17802dea45c12e186fefb9928b1029383f4	ok
artifacts/lj/t5_ei/found_1.jsonl	142663	e6b174f676cfe7d6c281c96c5641862247cc5a632b3fc1027f0550739e2f1550	ok
artifacts/lj/t5_ei/found_transfer_1.jsonl	33650	057e530e2cb01e0f119adb8e1cd5bf97c6888495bc73dd15be5b835f966374ee	ok
artifacts/lj/t5_ei/mix_1.jsonl	1217780	d2f091bf3980cc0d1987e32bae1e8de5de18c125939f6bb0fb244958ec163202	ok
artifacts/lj/t5_gate.jsonl	1358	586bc62675bb0b52110dd6a0b9447f8f6f87b219f5a075734f5e0552fdd9bf94	ok
artifacts/lj/t5_gate.leanrej.jsonl	1906658	ad4f0911c6501427dc73d2feaa8a9445e0da1b9276fbf3a60a4b7f3408522b15	ok
artifacts/lp/corpus/cap-horizon__stage1_k14_s0.gate.jsonl	11631	3a3e0571184253d10f04a9245d1febf58c9b17ab50c0d2fd500a84ed1d37ab85	ok
artifacts/lp/corpus/ds-composition__stage1_a1_s1.gate.jsonl	11595	5ea843b508a0ed459a82b62497bb89c47af12e19df2bdb5396fa5b243380d4e6	ok
artifacts/lp/corpus/ds-composition__stage1_a3_s0.gate.jsonl	11765	c1158348d0269a0020b9cc8140694930ace7e9c92f77261c468cb8c0a937ddab	ok
artifacts/lp/corpus/ds-generator__stage1_g2_s0.gate.jsonl	11805	4695841f017f4c7c7a52676496fe165e0992b90ae0fa83538af4e6951ca80a91	ok
artifacts/lp/corpus/lean-format__ei_d3_seq_s0_r8.gate.jsonl	11451	e7510c01f90339be1f251fbb751da0937be54da8766d158e8217e9b2e62c79f7	ok
artifacts/lp/corpus/lean-format__stage1_a1_rand_s0.gate.jsonl	11172	8bad956a76fba299be5c0279f490e6896128ad15335b61c3901e89f6ec6b4993	ok
artifacts/lp/corpus/lean-format__stage1_full_seq_s0.gate.jsonl	11245	5c6c71c3c2bc77e994472ad80aa045961d33cb48d686536894ebd761bb6d62fc	ok
artifacts/lp/corpus/noise-floor__stage1_p2_s3.gate.jsonl	11245	34c6565c331bd687d92d591e10eebaea2ecb5790f1e4409f35718e8733ea2cee	ok
artifacts/lp/t1/gate_A.jsonl	3413	535825419ac0ef5001496d6f4290f7b442f310393723cc023d775356c1c0953e	ok
artifacts/lp/t1/gate_B.jsonl	4800	75c631067a56ec8380cfe107ad7836cc7774488ef001cdde775e6151d10ad677	ok
artifacts/lp/t1/gate_C.jsonl	4733	a3aa1d409b3a320157bf1de940ae78974b6b7e3d58caa5fa8544bacc3edbaae4	ok
artifacts/lp/t1/gate_D.jsonl	4729	6afe841b8765bd02aaf6cf6d6ab2c4119db6cd3be977cb844b0b811bb4b1ea8f	ok
artifacts/lp/t1/t1_A/found_1.jsonl	1538554	49d718f3a7ddf7091211a6d165d05d8c3de900a85026293b690ab7cfd5157e4d	ok
artifacts/lp/t1/t1_A/found_transfer_1.jsonl	182287	ee87c309d5c09e9b3add1e7c31009f22bc99624eb40066d9e6472245858befa1	ok
artifacts/lp/t1/t1_B/found_1.jsonl	1538554	49d718f3a7ddf7091211a6d165d05d8c3de900a85026293b690ab7cfd5157e4d	ok
artifacts/lp/t1/t1_B/found_transfer_1.jsonl	182287	ee87c309d5c09e9b3add1e7c31009f22bc99624eb40066d9e6472245858befa1	ok
artifacts/lp/t1/t1_C/found_1.jsonl	1547535	e16c1b5536da7c215828451473670ad3557b7222b69cec88442534e79aa256ec	ok
artifacts/lp/t1/t1_C/found_transfer_1.jsonl	177302	292e8b4be59b5cb6c852f795385b2aedb3f28d68ccec9777d8d4655e50ae90cc	ok
artifacts/lp/t1/t1_D/found_1.jsonl	1547535	e16c1b5536da7c215828451473670ad3557b7222b69cec88442534e79aa256ec	ok
artifacts/lp/t1/t1_D/found_transfer_1.jsonl	177302	292e8b4be59b5cb6c852f795385b2aedb3f28d68ccec9777d8d4655e50ae90cc	ok
artifacts/lp/test_b.gate_off.jsonl	601	231957ede319a20bc7a910792d2f0a60df551afa868fff121cb5ca31f0b912e3	ok
artifacts/lp/test_b.gate_on.jsonl	988	dfc8fdd2394fb4409d02828031576cd206c3950d722e4da19ca61839e7717dc0	ok
artifacts/lp/workers.jsonl	818	ea1930731b71344cb74e78adcff679ce84c2641dea259d83fdfbac313dfa71ff	ok
artifacts/lp/workers_j.jsonl	1093	7ade9fdcf765f6d0e5e290d11ecbb690ce2322ca786b502d2c9283d57dcbc594	ok
artifacts/lp/workers_j2.jsonl	1093	72329d5d01310a4d9260940a640187d3c2061931167d471a390801ed95a863ed	ok
artifacts/lpool/lean_labels.jsonl	1504834	1673506520381ad2d609ff06cb8ca7c133284d4f67702b548df53239715cf314	ok
artifacts/minlen_rl_targets.jsonl	1646469	fc3c6ee1ba74af4efafec8ad3f95863fac402988af274a6f907c834428c03b97	ok
artifacts/minlen_transfer.jsonl	895306	cec60ea4e1bbd78a13ffbc6f7ab4d1c71f758496ccbf75431f0fbea2be1a3523	ok
artifacts/minlen_val36.jsonl	11652	cb1d803109b97c58f0b54265239ad3a04765b04c1263794e811fc9fc48f11371	ok
artifacts/nf/cov_red_p1_s0.s0.jsonl	256128	903aeb977d95bbbd7113cbea5647e84ca553e88d4b3588e88d6ac8929a4da33d	ok
artifacts/nf/cov_red_p1_s1.s0.jsonl	245669	f50dffb431d3e6286e044e9f3b859515fe2197a843478d62588e9e8dc7505d65	ok
artifacts/nf/cov_red_p2_s0.s0.jsonl	262580	add9e88f22284fa04bc9e5cd99ed695facd4ab2c7a4d551eefc66364aa1a33eb	ok
artifacts/nf/cov_red_p2_s1.s0.jsonl	265998	9a7c3b04ceba9a3bb1dd5f3ef099dfa408555a9b1713708e79e981444897ca11	ok
artifacts/nf/cov_red_p3_s0.s0.jsonl	234720	3d4f226d239b639603c911c0e6c93976c359d770372a96c6bb1390a8e22629b6	ok
artifacts/nf/cov_red_p3_s1.s0.jsonl	268421	f75321301c50c9597aac16051918cc250e9c2aff28be8c8cc5768767d9611208	ok
artifacts/nf/cov_red_p4_s0.s0.jsonl	258843	8b8b65bac65f439ae4ebc7934bebc157778faabf16f9e7e5d40395a9971ed923	ok
artifacts/nf/cov_red_p4_s1.s0.jsonl	252181	56ae746f04f304e58f6b5acec4f4edee29c8b3dd057c37f181cf54494ca9caa3	ok
artifacts/nf/cov_req8_p1_s0.s0.jsonl	353539	e3d05274f619b2d137a21cb69f2a1bda352c536891fb7235f1d9b49bcadf0614	ok
artifacts/nf/cov_req8_p1_s1.s0.jsonl	643453	b9a2714054ed2994042bb09dd32d71665e1794360b67c5d091911170095f1684	ok
artifacts/nf/cov_req8_p2_s0.s0.jsonl	539278	349bfca5d9e86caa43d2097fd4e2a598f25a6ca3592fd8c44ff3459df238269a	ok
artifacts/nf/cov_req8_p2_s1.s0.jsonl	312364	bbd6bce71f6ad1b6bf3ea4a3f526c9deeb2e266654feaf2c07974659742afa4e	ok
artifacts/nf/cov_req8_p3_s0.s0.jsonl	330710	2610964d9d12b2026677f9c2be0a9dac00e64251cda0d5358452350f8f44b447	ok
artifacts/nf/cov_req8_p3_s1.s0.jsonl	468948	f0dd9b025c20ba29f5a1f1de7be3e5984300fb0f15a811ea8a4ba2cb810d9bef	ok
artifacts/nf/cov_req8_p4_s0.s0.jsonl	436754	4a0566fd28df0478222c376cbaab515db4a496f65c55d4a83b3461c4f21728be	ok
artifacts/nf/cov_req8_p4_s1.s0.jsonl	618202	c1712ed846026bf68a1d8da96962d84ee7bb07e98435a53e6a3bae78477d9dbc	ok
artifacts/nf/gate_heldout_p1_s0.disagree.jsonl	394	4aeb6345d23116549c3e02c42b73f12fca4311efa61d0002fe58fc2b1de188f0	ok
artifacts/nf/gate_heldout_p1_s0.jsonl	398	223a3a6c0b5e2dd859d2595c86e69e318cdc65459ed6ca52d856896109f32fa0	ok
artifacts/nf/gate_heldout_p1_s1.disagree.jsonl	394	42accfa4d912f434ecc68a793996646d157429f075b9a0ae54857f3801389f53	ok
artifacts/nf/gate_heldout_p1_s1.jsonl	415	eefd56b79da660fa2201479ee01c94c35aff974351f1bfd7cefdbad0d0210756	ok
artifacts/nf/gate_heldout_p1_s10.disagree.jsonl	394	e54e0d01a40b9ecba83928a1ba4edfd3b811f904ec2437c3f8959cd29104e157	ok
artifacts/nf/gate_heldout_p1_s10.jsonl	421	1846ce3857ccf0b16c47ec40fe7f981b82840e0c6ff598fe3a47df8b6ad6fcf3	ok
artifacts/nf/gate_heldout_p1_s11.disagree.jsonl	394	e54e0d01a40b9ecba83928a1ba4edfd3b811f904ec2437c3f8959cd29104e157	ok
artifacts/nf/gate_heldout_p1_s11.jsonl	400	fad9a920954800b3a26a3c8ca39a3a94418f9d80112ac50ca6f72d3e57372e31	ok
artifacts/nf/gate_heldout_p1_s12.disagree.jsonl	394	3f16999087a136450d6fe526f8015030e92b3f68c91f967c565e00a6988a86bd	ok
artifacts/nf/gate_heldout_p1_s12.jsonl	448	9905878d8b927667e86c83fd5fabb0a4e5e22e2b8d59c187864e945511c9811b	ok
artifacts/nf/gate_heldout_p1_s2.disagree.jsonl	4614	10b82c8ea873b12142d20f4c8004594193ef7ae680fd03ab9fb678c30031d8ae	ok
artifacts/nf/gate_heldout_p1_s2.jsonl	1284	0fd8d7bbf80a3d50d1e77f8aa79370e0dfe2b272a5c4d8f8bb56762f54e65287	ok
artifacts/nf/gate_heldout_p1_s3.jsonl	404	dd9600c39df32ae58f916dec0b6186eb50b977009fab0c6b02dca9ba80df40b2	ok
artifacts/nf/gate_heldout_p1_s4.disagree.jsonl	394	58c0c0d25cf3704e778be93e3d5f142469e1350bb268de1e67c2bb648b3214c0	ok
artifacts/nf/gate_heldout_p1_s4.jsonl	399	d05ab574ec9f9e53605b0cb017e02960a50625b06123a3a5dd1ecd9a0c8a26ce	ok
artifacts/nf/gate_heldout_p1_s5.disagree.jsonl	989	2da85806f7dfda36d03305f93d8e6afa0f19c600f72564dccd7dc5443258ede1	ok
artifacts/nf/gate_heldout_p1_s5.jsonl	420	82d652a80b91191f109a89864f3be2591fd77d3d79c1258b97ceeeb35f425d92	ok
artifacts/nf/gate_heldout_p1_s6.disagree.jsonl	394	bfb10167665c0342a1ed36808beec96018778a3b9b1c262bf70dbd5783ac4f01	ok
artifacts/nf/gate_heldout_p1_s6.jsonl	385	175b74af4765acc9cf6c68bfb1b3b9f448efc00181369d528731266d15e564f5	ok
artifacts/nf/gate_heldout_p1_s7.disagree.jsonl	628	e455e574802fd1197ac1602021cae33a7821d90a0fe071a558f8a922723b4eb6	ok
artifacts/nf/gate_heldout_p1_s7.jsonl	399	fb0eb1cfb788ffc20d288155ecb31148bef6424f0faa8ee3aaea1b2596755a6f	ok
artifacts/nf/gate_heldout_p1_s8.disagree.jsonl	394	e54e0d01a40b9ecba83928a1ba4edfd3b811f904ec2437c3f8959cd29104e157	ok
artifacts/nf/gate_heldout_p1_s8.jsonl	464	777ba5822dc55f3df3c673c9d5ea553e8069b2ef3dcb91e22714b8c9d3c6b49b	ok
artifacts/nf/gate_heldout_p1_s9.disagree.jsonl	1110	9999cfd831b66e2966df645a2038b92a58aa5bde672fdaecaffdb30ef097a261	ok
artifacts/nf/gate_heldout_p1_s9.jsonl	440	2b5216c3647e937b4d1de51e2aa77d593fab9110825166202965eaac5280825a	ok
artifacts/nf/gate_heldout_p2_s0.disagree.jsonl	394	4aeb6345d23116549c3e02c42b73f12fca4311efa61d0002fe58fc2b1de188f0	ok
artifacts/nf/gate_heldout_p2_s0.jsonl	381	ccf83c82282b39e9658532edec5996bfd146d499a4cbbb6bfd480bd3415d3ec6	ok
artifacts/nf/gate_heldout_p2_s1.disagree.jsonl	394	9bd8bd7d3a02efb24fd5b948ca63af4b9b523104b2e05fbe0dd01a9191944f31	ok
artifacts/nf/gate_heldout_p2_s1.jsonl	420	7b825c9d5163c4d4f268f5d3b361d35cbc2de38f2a33b89deb50c61266a59e6a	ok
artifacts/nf/gate_heldout_p2_s10.disagree.jsonl	848	7c758e6ac0355bdcb56d1fa3169ab73492511193f90f1f953818650d15cc4cca	ok
artifacts/nf/gate_heldout_p2_s10.jsonl	446	39bb72c4eeebf4f73a48e9d12eec844f73f8e6a77bc924f55f372dff39173091	ok
artifacts/nf/gate_heldout_p2_s11.jsonl	420	80d625593a5c83818d8e7e08ff2cbd2273aa7e54417453eec9bd857f6373ad8a	ok
artifacts/nf/gate_heldout_p2_s12.disagree.jsonl	394	2e5547cd15cb2b500271afc623a52b3c9b68b7b2fb590da0dff89f07a96d1917	ok
artifacts/nf/gate_heldout_p2_s12.jsonl	369	0faba56f2d838d1c22fcfd4141c82ee7e7beb5ebe2d0ff6963c65a2441c8f5f1	ok
artifacts/nf/gate_heldout_p2_s2.jsonl	408	c612d205defce41b42e99c7f93bbeb84f9328ae69e9e0f3cc5152c2c69d73c41	ok
artifacts/nf/gate_heldout_p2_s3.disagree.jsonl	392	16d7b1cc152f7b983ba227c026d6a0ec3552dea69ad5661f1dc3dbd470f43a29	ok
artifacts/nf/gate_heldout_p2_s3.jsonl	387	ad62d04d6f2c0af0e79442ca915f23ad68877b4f96914096734d99f34d695d4b	ok
artifacts/nf/gate_heldout_p2_s4.disagree.jsonl	394	225a18c6ca98468c48e3205afeaa9f428881c992c0741a300d307976795a17a7	ok
artifacts/nf/gate_heldout_p2_s4.jsonl	416	aa7f9e9233f687d0240ce15c14403610d511e57de3115d0d8209cc5b5d84ab7e	ok
artifacts/nf/gate_heldout_p2_s5.disagree.jsonl	394	05b88cf50815043ea7c29a8df70a7518b4ed8e7f5a8ae9ebf6735206d3f8a32f	ok
artifacts/nf/gate_heldout_p2_s5.jsonl	398	3c31f20c8a5879e5e667ade4f48ae35b12ded6d3037c70914dfc362cb98a0dc5	ok
artifacts/nf/gate_heldout_p2_s6.disagree.jsonl	394	bfb10167665c0342a1ed36808beec96018778a3b9b1c262bf70dbd5783ac4f01	ok
artifacts/nf/gate_heldout_p2_s6.jsonl	436	e0ec9f4908c8d27d83ed93abe5c4ff5072f6a9e3540b8902ce9994ec33baed43	ok
artifacts/nf/gate_heldout_p2_s7.disagree.jsonl	394	7f5e862a470d6f71b38e463d51a52739c8341bb098f2ba4090d43d3e06807022	ok
artifacts/nf/gate_heldout_p2_s7.jsonl	431	ef0ce78c780abc59326c6b98511e82b12f5d69351bb8302e6b34d66b0a060cdc	ok
artifacts/nf/gate_heldout_p2_s8.disagree.jsonl	394	e54e0d01a40b9ecba83928a1ba4edfd3b811f904ec2437c3f8959cd29104e157	ok
artifacts/nf/gate_heldout_p2_s8.jsonl	433	01c2de0f63d364f4e6d98add3ca49573b11c5fffcbfebfc84fbadc140162aa33	ok
artifacts/nf/gate_heldout_p2_s9.disagree.jsonl	394	2af2c861c0e388e3f86e70d43a78266a996712f433d8431f6b1178066a7b6c55	ok
artifacts/nf/gate_heldout_p2_s9.jsonl	430	72aa5151303df0d95d308e7f18f81c10713b02f68af72bb6a9a65dfd8c79700c	ok
artifacts/nf/gate_heldout_p3_s0.disagree.jsonl	394	4aeb6345d23116549c3e02c42b73f12fca4311efa61d0002fe58fc2b1de188f0	ok
artifacts/nf/gate_heldout_p3_s0.jsonl	385	a78b511cfa80b34d7bb3e7f20fc9582af10efbbefe7428fb19d2b6b6a7deb6fd	ok
artifacts/nf/gate_heldout_p3_s1.disagree.jsonl	1176	dfcece6dbae9e4126cd47b190e8f0f219a45375e2107af87abe7ee5cd83174cd	ok
artifacts/nf/gate_heldout_p3_s1.jsonl	438	a22ebfbba887a97065c2b45ac45749c2874b49883093de3b0f0a18c2230a345e	ok
artifacts/nf/gate_heldout_p3_s10.disagree.jsonl	394	f99a1e7a32e4ded5c098634100c93463246af90e26707c1316f923c7879da546	ok
artifacts/nf/gate_heldout_p3_s10.jsonl	386	17f885142c8ed6dff186fb93973f4afbab133e7b8e8d80d2a5d9c90619851eb7	ok
artifacts/nf/gate_heldout_p3_s11.disagree.jsonl	394	ef605be5fe79bfbfe4ef874b39d73e18f58284ff9c98acfad94cc9346f3c99e7	ok
artifacts/nf/gate_heldout_p3_s11.jsonl	399	433ec64dbb725a65ec12777c5e4d0e40c1d72b748d4bd77e0d10fb6667e33ec6	ok
artifacts/nf/gate_heldout_p3_s12.disagree.jsonl	942	43076b07326550c33fc2cc160d9054bbc57f9a3129dfb4f8b1d0339ba2c01d0e	ok
artifacts/nf/gate_heldout_p3_s12.jsonl	420	c2ef7c4a3f4baf1656df600b4973fd5cb785c99185b6bb92247e3ede37cd1693	ok
artifacts/nf/gate_heldout_p3_s2.disagree.jsonl	1256	51327d7ba62c8102f358b66dce3459ca93db5a4d92d707df9cfb739200a3ccfd	ok
artifacts/nf/gate_heldout_p3_s2.jsonl	835	a0a6f7d23bc1181d7d4a254933fec38381e53a2989650d2e57d728b7338f37e7	ok
artifacts/nf/gate_heldout_p3_s3.disagree.jsonl	394	42722b9c453f90189248b9af69f8f21ede403aefab75649109136a372fefb394	ok
artifacts/nf/gate_heldout_p3_s3.jsonl	420	016d5d03accfb3d4cac5ff5034de6488188e08da470fac9c35e4db3b8519b1c3	ok
artifacts/nf/gate_heldout_p3_s4.disagree.jsonl	394	58c0c0d25cf3704e778be93e3d5f142469e1350bb268de1e67c2bb648b3214c0	ok
artifacts/nf/gate_heldout_p3_s4.jsonl	398	c5a2264c6793188dbb0a52df8446093478a309f7525a89a44e1c8f3f264f67cf	ok
artifacts/nf/gate_heldout_p3_s5.disagree.jsonl	628	884c581858d37b55ff75217e337f61c6609dd83862df7f0f470dcfd737b35926	ok
artifacts/nf/gate_heldout_p3_s5.jsonl	431	33bff3da85fce57400fe79a92af089e6f781863455033e3eba37f75e361cb4e2	ok
artifacts/nf/gate_heldout_p3_s6.disagree.jsonl	944	e7adb163f437d2ef3ac505e9b174cdeb066ec2074f1424ca7156800bd1ca483f	ok
artifacts/nf/gate_heldout_p3_s6.jsonl	397	2a0a4ca3786238ca691e06bd3e913f54baa7d6875deb96299f3c355dfa07b619	ok
artifacts/nf/gate_heldout_p3_s7.disagree.jsonl	394	8a7587ec5b905076ab337509a2e5e4b33b2e8b31113b066eddbb047d31820a0e	ok
artifacts/nf/gate_heldout_p3_s7.jsonl	414	ca0b7bde7effbabcbfb4a0a4f577fdde6715aa18dee8336990bfc715c6f584eb	ok
artifacts/nf/gate_heldout_p3_s8.disagree.jsonl	394	e54e0d01a40b9ecba83928a1ba4edfd3b811f904ec2437c3f8959cd29104e157	ok
artifacts/nf/gate_heldout_p3_s8.jsonl	416	7a01ceef86c728172bdb0523c41476ca5dc87e0ff80328711d2cdba87c578d9b	ok
artifacts/nf/gate_heldout_p3_s9.disagree.jsonl	628	cf399365ba9f63a6d47f984cc155bc26e70572fea9890b7749eca592d09424ee	ok
artifacts/nf/gate_heldout_p3_s9.jsonl	404	145cfb35b89e4aae046f7c87d40aa7c64ef733aa5270756b65c0369f51a852fd	ok
artifacts/nf/gate_heldout_p4_s0.disagree.jsonl	394	7a819196936c456748199d73059e9f068b9e1c8f074a84430649201eff86d51a	ok
artifacts/nf/gate_heldout_p4_s0.jsonl	398	444131194cee4001737832e67aea951daa309bee8cd2e0a255f77fe3e783df79	ok
artifacts/nf/gate_heldout_p4_s1.jsonl	394	17da8bc02175b194fce895ef20474347cd8b817d4402336e4ec20c0ecffec233	ok
artifacts/nf/gate_heldout_p4_s10.jsonl	402	a747b11046b8e8e593bb47c8fbc8e9e1c6c0dd19ba41d6392d41c1c6afc00e25	ok
artifacts/nf/gate_heldout_p4_s11.disagree.jsonl	394	91a983986bbc32943e6e1ae28f12e1634c1eae486ffb838291ae0e5584574a28	ok
artifacts/nf/gate_heldout_p4_s11.jsonl	388	60ee2729a646061c7bf40d98e9c91f7f916cc5325f13ad4d94eebf08da1d76d9	ok
artifacts/nf/gate_heldout_p4_s12.disagree.jsonl	394	73a74401c641a12e8017d522a8acb2d5d6fc8e5a06874d6060052434297485cc	ok
artifacts/nf/gate_heldout_p4_s12.jsonl	418	c34c3251a97f173d5dd564716931b6e69ae93c284824a8edf2c785f6206f2df2	ok
artifacts/nf/gate_heldout_p4_s2.jsonl	439	9cb46ce6b6b6c11b8a670560a1065c6b4d44f0dd7fca68a733088de414fd8e4d	ok
artifacts/nf/gate_heldout_p4_s3.disagree.jsonl	616	3607e05a94e7613d22199e71de25cda56d742435c662baff0a39405e48160a11	ok
artifacts/nf/gate_heldout_p4_s3.jsonl	450	6fe9414a97a6939c352f090061c7105afa00afb46e594fad7605df5c01bf5d22	ok
artifacts/nf/gate_heldout_p4_s4.jsonl	415	daee7190dc2387af78336b42d8cd3bb4d226660e25507f3c88e0535ebd2cc728	ok
artifacts/nf/gate_heldout_p4_s5.jsonl	405	ffa606ffe3313582ca646eee022addb29edb24c7204d66b0d7ec1d29af666c92	ok
artifacts/nf/gate_heldout_p4_s6.disagree.jsonl	394	e5c1ff0ae1796102822a891510cdaeffa3927b4c5ba5f8d8d18654da5e293d29	ok
artifacts/nf/gate_heldout_p4_s6.jsonl	446	7b086c260747c5b9eb77c153240f9630d1ee80a17bbaa358e2b4be2a2134247c	ok
artifacts/nf/gate_heldout_p4_s7.disagree.jsonl	628	074cdc22c560d01390ed638b87fc437125d68eb5efc1370b8bf7f3fc17188e67	ok
artifacts/nf/gate_heldout_p4_s7.jsonl	423	f4870b89f30a0a869e2065f3cb67560b6cb598f46d791557f97fbc8a231b45af	ok
artifacts/nf/gate_heldout_p4_s8.disagree.jsonl	394	e54e0d01a40b9ecba83928a1ba4edfd3b811f904ec2437c3f8959cd29104e157	ok
artifacts/nf/gate_heldout_p4_s8.jsonl	398	a045d3de880791f7cd4ebca16d9254a4aa1da79fea213586e421c9b11b0e4ddd	ok
artifacts/nf/gate_heldout_p4_s9.disagree.jsonl	620	beb2633856a371e60e483c4ea01b99c3b94098d0e02b3e61e8940daed051fef6	ok
artifacts/nf/gate_heldout_p4_s9.jsonl	489	1115d5eb043247a1c2be9e4199d236cf89061a4cab3f66931c887aab209912c5	ok
artifacts/nf/gate_la_T1_dsc_a1_s1.disagree.jsonl	81635	e49f03931c6dd95eeadf5154731701fdab82db38d1670da580fe4ee9585a5a67	ok
artifacts/nf/gate_la_T1_dsc_a1_s1.jsonl	17555	0ff012cc8530e1c9a226683d1604dd38adc2855e0d64c7b05309b71f3cf9d714	ok
artifacts/nf/gate_la_frozen_dsc_a1_s1.disagree.jsonl	35386	2e6ff8b9405029b42c58b44b717c0032cc1c2fc5817ae80743b08f150ec403c6	ok
artifacts/nf/gate_la_frozen_dsc_a1_s1.jsonl	17968	afe8a4f5dd81fd69694762ac0076874340af98a46da67583f955e203f7387e02	ok
artifacts/nf/gate_la_frozen_dsg_g1_s0.disagree.jsonl	37053	97544ed837a16d9928de95630d3aececfdc3e63d9524734897b9ad85385bfe4d	ok
artifacts/nf/gate_la_frozen_dsg_g1_s0.jsonl	19009	6969ec5579d05414a65196df38436e50fd30f7954f4a16cd73bb85e7b5791486	ok
artifacts/nf/gate_la_frozen_p1_s0.disagree.jsonl	8929	ef65864b0904aa74df4e01d0b9cafc595500c5155eed546a20849a04d235a160	ok
artifacts/nf/gate_la_frozen_p1_s0.jsonl	18713	315ef29000935ffcdfa00fe8128663ef6b9bf4a0c6d54f9f82fc11610ce6a37b	ok
artifacts/nf/gate_la_frozen_p1_s1.disagree.jsonl	34356	cc67a46446c95d30b1e18cd2b1ec0b47acb89447816e282513550b9a7662817a	ok
artifacts/nf/gate_la_frozen_p1_s1.jsonl	18856	7fb0715543f9baa201eb52a9ae4783c8f68e6d0fe5e2af9020ccee48736e136a	ok
artifacts/nf/gate_la_frozen_p2_s0.disagree.jsonl	94167	00d786287d9689390a26b9b97995137f0719b97530fb593aeaa7b229ac20fc3d	ok
artifacts/nf/gate_la_frozen_p2_s0.jsonl	18646	d257cf80752cd14156f9e575cd4afe7c8eca169ca269cf8e007d0b2fc5def21b	ok
artifacts/nf/gate_la_frozen_p2_s1.disagree.jsonl	4864	b39f397f053f57f6e70359399dbe86b2d558f482d37387869538beceaf202413	ok
artifacts/nf/gate_la_frozen_p2_s1.jsonl	17604	965a39df7dcb7d805a50686a2e3d203262ed3ffe4d0ce7c72bce383f896f1835	ok
artifacts/nf/gate_la_frozen_p3_s0.disagree.jsonl	19180	7dca0e655574c498b901f25151b1e3273ba54dcbc979ec38d7b46d2843619ee1	ok
artifacts/nf/gate_la_frozen_p3_s0.jsonl	18684	1390bb53e39a3fa03d56d016cc7addb80120ec53f3cb8d6cb54d6f0b5e1dc28f	ok
artifacts/nf/gate_la_frozen_p3_s1.disagree.jsonl	229669	6a59fc0233c0e31111b25fdbe097b9844d43445200c4a406e8f8925b8877bf81	ok
artifacts/nf/gate_la_frozen_p3_s1.jsonl	18468	83c04085798566107edbd26f62d3781faf7cf2bd38cabb4d2489033460a958de	ok
artifacts/nf/gate_la_frozen_p4_s0.disagree.jsonl	28558	1362919f1a66199493a2b0c41fa0e0c0a30bc809406c055999710ccbccef784a	ok
artifacts/nf/gate_la_frozen_p4_s0.jsonl	19149	55542106e0d50f17b0dc74ece76bd52763c48e4caf5737ec6cee1c38407a3c13	ok
artifacts/nf/gate_la_frozen_p4_s1.disagree.jsonl	51606	2954e3b3384725d0600972ecd2fac48bab30222294e812138f1c1743edafd90b	ok
artifacts/nf/gate_la_frozen_p4_s1.jsonl	17880	7c03862cd4349a31966665cc61b3a8290a6e21f4f84ace200082e5194432e6c5	ok
artifacts/nf/gate_selftest.jsonl	323	d2a6bd1659c9b8e0cc8f7f691d34f3b2e22c70b9f2b06e300824bcc8621b7b0f	ok
artifacts/nf/heldout_p1_s0.jsonl	2559808	d4260d4738bd61ea60eed3c0b5e92fe8e60b797c52830426fa1246a057a71b24	ok
artifacts/nf/heldout_p1_s1.jsonl	2677411	4b0ea18363281d6972c2fabf3be214439b2d90f9fdad1b32df405e2ee037f968	ok
artifacts/nf/heldout_p1_s10.jsonl	2561869	fe508e6965a2b9839cdfc71aa063ccd2a80664e8fe01d709b7e5fd2dd4c8e28e	ok
artifacts/nf/heldout_p1_s11.jsonl	2605568	dcde2ba85914ba1ac2b3f0042610077fcc434a392f4cfc58fe108abd1e7ad5cd	ok
artifacts/nf/heldout_p1_s12.jsonl	2635260	cb8fb7cdede51711ec7884e574641cbd75aebc2316fe8b604d13816b52da8deb	ok
artifacts/nf/heldout_p1_s2.jsonl	2676598	32db7f5bc40351cef49ce69ce4d29f2cb30ee5e2a7cc8dc7ec26198b7995f832	ok
artifacts/nf/heldout_p1_s3.jsonl	2605574	e6aa14040a6d6f3fb8eeba76b2bc26f0c1d510d2371e546b08a98a520ff024b3	ok
artifacts/nf/heldout_p1_s4.jsonl	2665782	8f4903115b9b9e62eb95738bfde1ad8fe1a7f5669c2bb129be0e3299826cb038	ok
artifacts/nf/heldout_p1_s5.jsonl	2668162	63dbd4719781a857619f456959bee719827c9805d0327a2c48f2364ac15a6363	ok
artifacts/nf/heldout_p1_s6.jsonl	2594963	0ed2f8fc6dbc45cf6b02ea39d9d741204716f5d54a8c797be2f888ff4ce9c42b	ok
artifacts/nf/heldout_p1_s7.jsonl	2608468	0641d7ecde22f1307886957f5b4ddaacafafd4560217d36f33d5db15bdc66726	ok
artifacts/nf/heldout_p1_s8.jsonl	2551375	8c6cf2729b4d41dc3116978e92a8743b3256f403435770ac4bc4cce882909431	ok
artifacts/nf/heldout_p1_s9.jsonl	2553950	df61385116d355e418e3be5471fc2dc9836ac675a493994730697bca452b2402	ok
artifacts/nf/heldout_p2_s0.jsonl	2641751	0c8a68c060309742c681962d22367f8c76794110242d17138c949d0e2d3dfc11	ok
artifacts/nf/heldout_p2_s1.jsonl	2562278	76e71990a7cc48ef586c5ed06f3574e4f1ff197638b5430727f4ee95fb8fb2d1	ok
artifacts/nf/heldout_p2_s10.jsonl	2671659	4da39489ab9728dc1a6db9022b522bd670c2b06b854f63b8091ab54785f1603d	ok
artifacts/nf/heldout_p2_s11.jsonl	2676711	fa029c288e9141ea02dd526de02b42560ba7a6f8864e5d73957c6c279ecbe858	ok
artifacts/nf/heldout_p2_s12.jsonl	2658032	e538bc91182cfcf963a9ae65a872e4125d91a95aab0d548360b58b7de4c8932f	ok
artifacts/nf/heldout_p2_s2.jsonl	2580784	c87f6414cd3ac4f7df6b7ac7d55b64daa20a9e6b4538a584531baad59d73ea7f	ok
artifacts/nf/heldout_p2_s3.jsonl	2569431	bfae3f01fccd68424dab6820012d898bd4f18d3f383c1078df363e6b404a671b	ok
artifacts/nf/heldout_p2_s4.jsonl	2671548	a066c4c3e61028c3e6156c21f62ce9ff43980663351536cbd9b3e70d6b8ad5ec	ok
artifacts/nf/heldout_p2_s5.jsonl	2660425	7166af668cd80ca7444695e6c6b44a38748249165ed1de45baa3cc608d42991f	ok
artifacts/nf/heldout_p2_s6.jsonl	2616294	961622729de4570bb76ef525df0087b3e2ccda42630d41d8311d306861b6a7c5	ok
artifacts/nf/heldout_p2_s7.jsonl	2560243	9bdbef6e2798bc3c330115467dc35fe0eb36bd5fc29bf9be45214ac2491e2408	ok
artifacts/nf/heldout_p2_s8.jsonl	2558950	86401ff48fa6a997d1cc5eb7ce4a8cfecfe3e4f1ae342397c3dcee34a52d0e46	ok
artifacts/nf/heldout_p2_s9.jsonl	2664213	7d28b3701e46544a7f2eb78a4d2ebf8b80e29943f38125861318e9bb2d9a732d	ok
artifacts/nf/heldout_p3_s0.jsonl	2560762	8dd52ff0b6a1ac6a51ce55c426d9f4db37f5d7361e2be66253574fd7a11e1e28	ok
artifacts/nf/heldout_p3_s1.jsonl	2583644	a8bba2624c5044cceb19a96b35df7f9a8801758be86c22a94f019e8d94c670a7	ok
artifacts/nf/heldout_p3_s10.jsonl	2546108	2bb94e86452b313239fc79ef3bf8d4b585fefa68d6c945c39371b966f4afb8a2	ok
artifacts/nf/heldout_p3_s11.jsonl	2661128	736a9b470f570ca1cadc021242fbaf28ffea8c1ad6cc6183fcb07d9494e8dd44	ok
artifacts/nf/heldout_p3_s12.jsonl	2586979	4d7962a769029a83fc39823d5b2104fb33b66ec49d6196da8c6ad23cf75d6bd0	ok
artifacts/nf/heldout_p3_s2.jsonl	2610383	ec29aac9437c22c7e493bd61da273b629496d3cf0bea03894aec7c398214cfb0	ok
artifacts/nf/heldout_p3_s3.jsonl	2607360	ebf7f1cbbf5bc6626124d53a325e3d5968b9cd3e7af90824ef75a171ea10228b	ok
artifacts/nf/heldout_p3_s4.jsonl	2675158	710e3a6bc55d94a297fac2062ddaaa4eb22b56d1bcc453f0a9dc4cb973b35fcb	ok
artifacts/nf/heldout_p3_s5.jsonl	2652201	9c330c0766f7c0d9cb568343f5c7785a752ff59a85801a20e4c8588c6093eda5	ok
artifacts/nf/heldout_p3_s6.jsonl	2670077	47edd45cf2bc016d7999495fe9b374c2ebbd54b975a3d0f5a8540b1a2f3b3bd0	ok
artifacts/nf/heldout_p3_s7.jsonl	2562100	a5be60f5eb12943a4de598b2ee68ddc13202077ddb0ae49071b5c68972567806	ok
artifacts/nf/heldout_p3_s8.jsonl	2656686	b6542df65343842ca94b0a386caa8a161f5d945a377c56d1832a435d6c9c3c28	ok
artifacts/nf/heldout_p3_s9.jsonl	2545561	9ac92388cb806831fc5eb7ee99f312207f113e2355a0187edfbfff1cdf90a39a	ok
artifacts/nf/heldout_p4_s0.jsonl	2561039	d2649251bf912301823d4c2d71d7459cd00ea48fa26a527a5b998b9ae488820d	ok
artifacts/nf/heldout_p4_s1.jsonl	2678467	c3f7f1a5e37547515e5e45a14b805bda2823efc3f60740f829d8c154dc691259	ok
artifacts/nf/heldout_p4_s10.jsonl	2672619	c11be2c4ccb6cf046714840a7a9dc29dc6d39a9ce2d6f11a047ed4eca229e473	ok
artifacts/nf/heldout_p4_s11.jsonl	2625734	38cfc4793d783fe10eb96d3c65f0e8931f2f0db950e8e2a3a229402e1f217598	ok
artifacts/nf/heldout_p4_s12.jsonl	2600383	c81a450e6aa22c95a5841067930c16a39766bb4b003f169029ff2a0ac71376fc	ok
artifacts/nf/heldout_p4_s2.jsonl	2569845	d18592548c8f56b4e07586fa5286217c12ef46c84b11c76adf87c88b658ce55c	ok
artifacts/nf/heldout_p4_s3.jsonl	2579902	eb046899aa898ecc6d701cc00a2a0bcd4a6e139bab41c0b638070d3747f0d2d0	ok
artifacts/nf/heldout_p4_s4.jsonl	2670701	c3216ca95e9373f1b68e40f69b2513ea88eca4b5a6e4a56e6b773c4afb9366e0	ok
artifacts/nf/heldout_p4_s5.jsonl	2594069	edfc68196972cfcb64db6ec5c3c026b97fd5f45b5809d480e63b077be959e854	ok
artifacts/nf/heldout_p4_s6.jsonl	2561269	8fbee112bda9a80d868a6021a354eeb01ca92c9a604efc7c301ba94fa0aa0d66	ok
artifacts/nf/heldout_p4_s7.jsonl	2597696	3c0bb65f79121b0c7ad21a37525762bcaa99c3feed11e3e90d124b341dcbfecd	ok
artifacts/nf/heldout_p4_s8.jsonl	2578767	d7c669b6c037a64d32e541c59eeb7b859d75768e0e110fe8c534d2d417255bc9	ok
artifacts/nf/heldout_p4_s9.jsonl	2634852	f3a642008c44865ec2d0194af7c6690f9f715b390fd666953ca79b9919915cbd	ok
artifacts/nf/heldout_vps.counted.jsonl	1524431	7c35775e66d7ba5bb27647a8aaa5c5f3ddadd80565374ce5347434d87043e842	ok
artifacts/nf/heldout_vps.counted.record.jsonl	1888431	9e4b628a845b61f2759ee0fa4fa75b9f369e2b253b38971dc8d41dbaab1ba229	ok
artifacts/nf/la_T1_dsc_a1_s1/found_1.jsonl	1534236	4f314d6491269dd63e9ca48686bb277023e3a1b353710b10ea2708cd39c9b7c7	ok
artifacts/nf/la_T1_dsc_a1_s1/found_2.jsonl	2697303	f3ba2a80d19d618b5403687ce60c28281c2bcc5f3b4587d5719e30ae92a56d3a	ok
artifacts/nf/la_T1_dsc_a1_s1/found_3.jsonl	3302897	94519f77be05a079613671088f27dd2d1f79ae237a9ea45f2b5db420d267f67e	ok
artifacts/nf/la_T1_dsc_a1_s1/found_4.jsonl	3842984	e0ffa18c880908c0021513f5124e8e7033902278c7351891c62ac022a0e85638	ok
artifacts/nf/la_T1_dsc_a1_s1/found_5.jsonl	4226106	d1ea79fe5ca1e10c95d3e43ad713ff7ef1c702f824829e498a3ab9d42f24fbec	ok
artifacts/nf/la_T1_dsc_a1_s1/found_6.jsonl	4596896	39efaa660578b72023383f756d8538bb76a5731f67219144a7a5a174d18b81c3	ok
artifacts/nf/la_T1_dsc_a1_s1/found_7.jsonl	4983622	75114ed40fadf1aa5ec90597592a63326367c6ce02d06877f0ce559f4f1a6618	ok
artifacts/nf/la_T1_dsc_a1_s1/found_8.jsonl	5301303	4b3eeaecfb4589a7f495a3e22a0806a36e5956b4ad68c58972cc2919b06b9d4f	ok
artifacts/nf/la_T1_dsc_a1_s1/found_transfer_1.jsonl	180834	65a50c8ab67d883f25ef2edb9a13c1d4193cde2d6f5eee704b12d411a0430a0f	ok
artifacts/nf/la_T1_dsc_a1_s1/found_transfer_2.jsonl	575376	605fd201759a90ce72667f46b41bb04f9d3b141b9c1b5a306527bdda1b438373	ok
artifacts/nf/la_T1_dsc_a1_s1/found_transfer_3.jsonl	895939	eee6e73cafd9d44358b4c45d43c66920f95115e57af11c6987963ed45f1d272d	ok
artifacts/nf/la_T1_dsc_a1_s1/found_transfer_4.jsonl	1189303	d57f6f0b2e85aadd951e4fb46937335f1aaade7934938314aafed0d65a1094ce	ok
artifacts/nf/la_T1_dsc_a1_s1/found_transfer_5.jsonl	1468244	5b125d8d5bea7a33655b6a9635ec61cb861400b363d0db5aec024250eb73d01d	ok
artifacts/nf/la_T1_dsc_a1_s1/found_transfer_6.jsonl	1729295	a286aa0c10d277631fe160f73aaf8e509aa27797af1e7e3e7696593f4825d62c	ok
artifacts/nf/la_T1_dsc_a1_s1/found_transfer_7.jsonl	2009234	7f65b7781d1bf44616489284409834ff8508de3dcdb081b39b0a3d7aaf3c24aa	ok
artifacts/nf/la_T1_dsc_a1_s1/found_transfer_8.jsonl	2184676	4ba2be6b5110025b81a89dd3d63922a709664aa3eef2d5292c5c582b73cb264b	ok
artifacts/nf/la_frozen_dsc_a1_s1/found_1.jsonl	1534236	4f314d6491269dd63e9ca48686bb277023e3a1b353710b10ea2708cd39c9b7c7	ok
artifacts/nf/la_frozen_dsc_a1_s1/found_2.jsonl	1736236	68a2284405cb7161f54d43ac83ba22152a7134173370018f15502a2a11e331de	ok
artifacts/nf/la_frozen_dsc_a1_s1/found_3.jsonl	1872094	03ca890e5352736c4a213b5bc0153063e36e60e01bd1db54b409fa5a2138440f	ok
artifacts/nf/la_frozen_dsc_a1_s1/found_4.jsonl	1951298	53858a134bd9acdf196d47d856fa385025500db05e2d0d91e2558ff4d42866ed	ok
artifacts/nf/la_frozen_dsc_a1_s1/found_5.jsonl	2026424	6c189d924a7244858175d09e446875d23e4ea750d066702db9062c90ef8d2704	ok
artifacts/nf/la_frozen_dsc_a1_s1/found_6.jsonl	2085960	c36392a68f374a4ec50d1ab156decdc9e984f27a2c20c137754cb708ea566e97	ok
artifacts/nf/la_frozen_dsc_a1_s1/found_7.jsonl	2140717	1feee7b8cd2f0f366fa946d0d727b9dc2f12a71226b84c6029e401fe3fccd244	ok
artifacts/nf/la_frozen_dsc_a1_s1/found_8.jsonl	2181877	b2ea6548e4c6afb65f96c5a2b9c45b717418f36e813232355dd1f0b754b54953	ok
artifacts/nf/la_frozen_dsc_a1_s1/found_transfer_1.jsonl	180834	65a50c8ab67d883f25ef2edb9a13c1d4193cde2d6f5eee704b12d411a0430a0f	ok
artifacts/nf/la_frozen_dsc_a1_s1/found_transfer_2.jsonl	209204	b341fd4c4242a68c2b4186581c5d4771d9a63385326ae098036faff1800bc318	ok
artifacts/nf/la_frozen_dsc_a1_s1/found_transfer_3.jsonl	229072	822a2efba066e4262f9ce9b561ce18b755a05cf45928b40d7100f988be9b2357	ok
artifacts/nf/la_frozen_dsc_a1_s1/found_transfer_4.jsonl	242411	03bb33c9fa788adc3ac1331d8ce9fed4417b091f8ae3b66ea9c198bd82f0a7c7	ok
artifacts/nf/la_frozen_dsc_a1_s1/found_transfer_5.jsonl	257952	78fa2df3c955a2a99162506ad7c82524560e79748dd1754e5de0bd91eb4fd8f7	ok
artifacts/nf/la_frozen_dsc_a1_s1/found_transfer_6.jsonl	262480	e6ed111c85138507111f779bcf4104c7b59c105ea61d2e0f31d7e6f02f1cb432	ok
artifacts/nf/la_frozen_dsc_a1_s1/found_transfer_7.jsonl	271026	2a7b98cb201291dacd4534f7291e75c62ab47aabf10883bdb7b1af6d48e08267	ok
artifacts/nf/la_frozen_dsc_a1_s1/found_transfer_8.jsonl	282509	28bb107f7412fe64fe9b15be9e838607ac4f3d0631745b2b2673f25769528fa7	ok
artifacts/nf/la_frozen_dsg_g1_s0/found_1.jsonl	570654	4bccc094274046c64c6c5efae55d422ad5e035dadec9a162a202221dd3c28d01	ok
artifacts/nf/la_frozen_dsg_g1_s0/found_2.jsonl	691403	57c5af2738e19293f072c2dc5464b995a73ba72c262894475573c13a89a87b03	ok
artifacts/nf/la_frozen_dsg_g1_s0/found_3.jsonl	758711	4b43e45ac9132153027233bdad033a7c9e5001be26c66b60f8cc6d4ddbbe450a	ok
artifacts/nf/la_frozen_dsg_g1_s0/found_4.jsonl	807600	736d7340a20a928cb707988a539dbe1a5e66dad97e7bf16119edbd205c69a5d1	ok
artifacts/nf/la_frozen_dsg_g1_s0/found_5.jsonl	851691	93c49d84b79dbba5b611a8f34f9137cee344bd8e3d4fff040a7a7451cf16aeb3	ok
artifacts/nf/la_frozen_dsg_g1_s0/found_6.jsonl	873223	974a00e254133940d40f4c3014371faf37e95050234e9cdaefae3e560bfb47ce	ok
artifacts/nf/la_frozen_dsg_g1_s0/found_7.jsonl	904419	c1c610d1e5d294f3af59e6a796bb0822cedb762cec9cb38e4d1c9830f808bdb4	ok
artifacts/nf/la_frozen_dsg_g1_s0/found_8.jsonl	935308	d6ddef34faa518b729f1690861b8984313da9ba022aa198181813c38cb42ac1d	ok
artifacts/nf/la_frozen_dsg_g1_s0/found_transfer_1.jsonl	42744	fc12febdeaa87be44c80ab45ca538ceabce1915e199ee73802ce733b9340c6c2	ok
artifacts/nf/la_frozen_dsg_g1_s0/found_transfer_2.jsonl	51714	90d0a9569031fc32d66fc448940c8aad09b235cbcb0b9ba53098ad1a2fc07c29	ok
artifacts/nf/la_frozen_dsg_g1_s0/found_transfer_3.jsonl	60984	c823fbfcf52895e8c42fce41f692cc12f2d9609d080fc2cca26bd0fa2704d45e	ok
artifacts/nf/la_frozen_dsg_g1_s0/found_transfer_4.jsonl	64133	c84623b47252447752142622d6be05c8ea81a6e3260c787177e52b9a9af806a1	ok
artifacts/nf/la_frozen_dsg_g1_s0/found_transfer_5.jsonl	70423	22138298966d1d5099595a2d9e53946903a2ec2322f7757b3b60fffe1f975862	ok
artifacts/nf/la_frozen_dsg_g1_s0/found_transfer_6.jsonl	73040	1596cde0757be102ba28f101d1fb1cfca30866293cd85082c266b58e1ebf2333	ok
artifacts/nf/la_frozen_dsg_g1_s0/found_transfer_7.jsonl	79693	2a400dd164ec985d32c6d0b7790bab5b59a16af704d913f94b0b3f8ccd56367c	ok
artifacts/nf/la_frozen_dsg_g1_s0/found_transfer_8.jsonl	83140	5ab3006ed273ffecd46f25edd83a15898279633c2d7462518f826ed95e5010ed	ok
artifacts/nf/la_frozen_p1_s0/found_1.jsonl	897630	4ffc78bb3426e519474b081c888956d861a0fbc75fa5d17cea144d7c1ae6d958	ok
artifacts/nf/la_frozen_p1_s0/found_2.jsonl	1110154	759c65ebf115d3bb6f2b5870166c84654663f7d29d36441dc893f2243cd12204	ok
artifacts/nf/la_frozen_p1_s0/found_3.jsonl	1224490	84ce89bde936bfe0bbc524da423ae7307a877951f441511d2fa369cbcb8367cf	ok
artifacts/nf/la_frozen_p1_s0/found_4.jsonl	1307732	5b03f8c13c9b669631ad3f32197afb88a4899e21462d42241d10d0f70d37682c	ok
artifacts/nf/la_frozen_p1_s0/found_5.jsonl	1386443	f7fae268e2aba6f9afa9c0183c22158e649d7de750c54794ae8d3e1b053b0daa	ok
artifacts/nf/la_frozen_p1_s0/found_6.jsonl	1442485	46efa5936d4c7eaf94e73461bff0c4ff99acfbaa735e0cea66bab14dbecbf05f	ok
artifacts/nf/la_frozen_p1_s0/found_7.jsonl	1510303	f63233096f0eee6d20d4f0c11e043947b22f692730ae02465f410e11c753058a	ok
artifacts/nf/la_frozen_p1_s0/found_8.jsonl	1560034	dca5ade35f74b2f3a7c27154c483aa15e9b5d73d2e8d37f7a7f8650a1c4f0ad5	ok
artifacts/nf/la_frozen_p1_s0/found_transfer_1.jsonl	76863	c29f256e39c6b82ff3428f68d72b0bfb2f7942c801393d34035cc10b64f02eb9	ok
artifacts/nf/la_frozen_p1_s0/found_transfer_2.jsonl	107100	f236497ed3eab16403869f8f955f5853002fbddd84e59ec584ff3e892f90859b	ok
artifacts/nf/la_frozen_p1_s0/found_transfer_3.jsonl	122515	caa30ec80a4c44ee46732dfd540da43f3a26c9a4a11f3a0713ebbd42064f94cc	ok
artifacts/nf/la_frozen_p1_s0/found_transfer_4.jsonl	132765	67a0895c9211b2b0c27b8c51d3bbe0356a7abda78b073fcb05c91ea937556138	ok
artifacts/nf/la_frozen_p1_s0/found_transfer_5.jsonl	142848	22d57154331e6c332f27b7b24ea1294b0d5b81e1af5978fa6f205e8b9e1e33e3	ok
artifacts/nf/la_frozen_p1_s0/found_transfer_6.jsonl	153963	6e5fdd9873970efaa1baed01eabf87b6ad898d95f0e6c3b8d688373a01dd4b73	ok
artifacts/nf/la_frozen_p1_s0/found_transfer_7.jsonl	160562	be17f58fd026f2376bfc92811c61bd9b01a058477b35fd0fa264fd911194df99	ok
artifacts/nf/la_frozen_p1_s0/found_transfer_8.jsonl	171798	457e996f7e367353b5f42473b6d114ec2d51b7089a4eca072db959c5e8dff340	ok
artifacts/nf/la_frozen_p1_s1/found_1.jsonl	1798371	b5966dadaf72c53e49641f2404a625ad63d18ae415b4036bf476c28f96e64949	ok
artifacts/nf/la_frozen_p1_s1/found_2.jsonl	2001919	1942d40a7dc62cc3eeb90143215e9a4844bdf7dbc6f68f7650ac221f17d80d1a	ok
artifacts/nf/la_frozen_p1_s1/found_3.jsonl	2148053	993eea2515d673579f7b19ed765d636e1f20e514cd5f10717e2e35404eac0e92	ok
artifacts/nf/la_frozen_p1_s1/found_4.jsonl	2252434	848f5d6cb84c146e7e278b00c48502a67ba6f2b7f5f2359866901424862f65e5	ok
artifacts/nf/la_frozen_p1_s1/found_5.jsonl	2314637	27f7b042d2f22809e60e0ba1359a24d6fcc5cb4931a54df0df4bf33403ef5ed6	ok
artifacts/nf/la_frozen_p1_s1/found_6.jsonl	2375197	376380eb52a5631687971a60fbbd5f48ad1f5e6a498f18dd2224162c149c21eb	ok
artifacts/nf/la_frozen_p1_s1/found_7.jsonl	2445195	049208a73577db82271a2ca5cc5a97b1e5dffbc2e85a566258103dc846980b46	ok
artifacts/nf/la_frozen_p1_s1/found_8.jsonl	2492652	2d67dec3d7577bd7644dc93ca5ea50c034fe449c4f23f607c5910336eade34e0	ok
artifacts/nf/la_frozen_p1_s1/found_transfer_1.jsonl	267170	70363b02ded432eb9c34007b09cf4442f2200170973d30a07a215b48f7877cc1	ok
artifacts/nf/la_frozen_p1_s1/found_transfer_2.jsonl	318365	2a06dbde4fdb42d370e0eb2076ae7aa7e152230805d7fb016aff2c30a25d817c	ok
artifacts/nf/la_frozen_p1_s1/found_transfer_3.jsonl	350611	3e00934acdbbd6cc933d14fba49fa09aa5669ad95f3868b8e91f1c944a403e42	ok
artifacts/nf/la_frozen_p1_s1/found_transfer_4.jsonl	373260	6fe1c0100d576b73c5aaabdbdf08bb7a22eae291930a799c8b58c8d1a32740b0	ok
artifacts/nf/la_frozen_p1_s1/found_transfer_5.jsonl	390060	c27f3084189785d1046b4c30757901803c8e5e70d0ea6f53913a4281f697f8a5	ok
artifacts/nf/la_frozen_p1_s1/found_transfer_6.jsonl	404681	e9ad86c524ad134c24c4b115fb744a0dd241c1d803faeb67e3fccbb38cd0232c	ok
artifacts/nf/la_frozen_p1_s1/found_transfer_7.jsonl	417852	c060049b5eb2252d8e7d3f7f8b618d57d50a87b0aecc5f797dd1d49825a0627b	ok
artifacts/nf/la_frozen_p1_s1/found_transfer_8.jsonl	431627	7cc0ad9c3b77f7f787817344f62d28ab1f74a57bc418c77a38608f53086c5c22	ok
artifacts/nf/la_frozen_p2_s0/found_1.jsonl	1557975	02a570694b0656c398b2ab4d27cfe58032f763ab10b45b4968678aa054b86f05	ok
artifacts/nf/la_frozen_p2_s0/found_2.jsonl	1774335	2f6fc42ce11a76ab63f049e1c0c774331dab9fbf55f76eef3d82f3c6924e7089	ok
artifacts/nf/la_frozen_p2_s0/found_3.jsonl	1891420	4171f432deada673730ed98dd4d08164ea8f62688019d0c071744896f9918907	ok
artifacts/nf/la_frozen_p2_s0/found_4.jsonl	1977613	2ec5514ede6b020a1cfbd86e440330929e00a83ed9dae970a30ccd7e8bb3a3af	ok
artifacts/nf/la_frozen_p2_s0/found_5.jsonl	2031736	25dbc088eeb83190470c4f3c17757d1ff4b706399f4085f60e70063f2f3e2d35	ok
artifacts/nf/la_frozen_p2_s0/found_6.jsonl	2101436	43f6a5b65b20e1eb7df6d6aea89a71f675c8677ff69273229886a4aac8efd1df	ok
artifacts/nf/la_frozen_p2_s0/found_7.jsonl	2143978	3fbebd2499564a6fe386f209e770d07629959d75081b63318599e639dd9d27e5	ok
artifacts/nf/la_frozen_p2_s0/found_8.jsonl	2176104	f2229cdf579925778d33496df284b5250ab5d9fd464cd0d22dac2693b90ddcf0	ok
artifacts/nf/la_frozen_p2_s0/found_transfer_1.jsonl	168454	38bf6a01b7c60563f6985485b10c2f952e44f1176b548ad074038cb7c63681f5	ok
artifacts/nf/la_frozen_p2_s0/found_transfer_2.jsonl	196449	441f661a262365db21d0d18f35efe511fb0b3320c668869fbecaa3de271ca750	ok
artifacts/nf/la_frozen_p2_s0/found_transfer_3.jsonl	218530	7932e1b391a673632021ee7d4f2a341611e2a9ba449c4569a1c6998de52bda32	ok
artifacts/nf/la_frozen_p2_s0/found_transfer_4.jsonl	231539	aed759f6b0ba4975f3000df539a9751408ee997f75a7bc3a0237d34f1fba4896	ok
artifacts/nf/la_frozen_p2_s0/found_transfer_5.jsonl	244367	6c44ab4b5ef4e3a9fe9baf56072d0b0857a683b0b06364df7dea449eba0f3be7	ok
artifacts/nf/la_frozen_p2_s0/found_transfer_6.jsonl	257755	d0b8d1b61aa4ca870512d4b6652e5b7112db4b3526ceecae5811eeffec27d3d2	ok
artifacts/nf/la_frozen_p2_s0/found_transfer_7.jsonl	261829	54ac42c9b9cbcfe16d8082c20422c745b5482512b8789af69b1477c3cc73a934	ok
artifacts/nf/la_frozen_p2_s0/found_transfer_8.jsonl	269279	6a25e7110c7b4e7d35f9cb08c73aa291f6ffec8e94d2c8c0ebd25fbf0c12bcd3	ok
artifacts/nf/la_frozen_p2_s1/found_1.jsonl	820664	2a29cdbb85e502d03d360883562eff1472db49f821a1906fa762345b68f2f60a	ok
artifacts/nf/la_frozen_p2_s1/found_2.jsonl	972689	b53a62277cdde2f9c76ded4247df27cd14c0a1b38e916c8112eba8677019fdd0	ok
artifacts/nf/la_frozen_p2_s1/found_3.jsonl	1080505	de0dff92acc4200585332452042de82028dae7e00eb9e1e3dd8c03d56ec7bb13	ok
artifacts/nf/la_frozen_p2_s1/found_4.jsonl	1139067	a6c328e3c6303c280fc0b5969f4eaf159b3a15e0e4dc00dcfaf030869f1d84ca	ok
artifacts/nf/la_frozen_p2_s1/found_5.jsonl	1199169	addcf38bdd0810dbd36989d862b5addc15b7f6a437a24473d8f76ef41a408bae	ok
artifacts/nf/la_frozen_p2_s1/found_6.jsonl	1251443	2111f79278cbb381c80cd7946108dfaf66ffd55591c59cc51abcdc43b347d1ef	ok
artifacts/nf/la_frozen_p2_s1/found_7.jsonl	1298940	8d83bb98b4acf22584acff31d5a63db71724a6ec5235ffb5644e235f9455770b	ok
artifacts/nf/la_frozen_p2_s1/found_8.jsonl	1328325	7ae15dd048c6e0820f5f98e108e8f8bceb11f9ad222faee7ca13313e4bca9849	ok
artifacts/nf/la_frozen_p2_s1/found_transfer_1.jsonl	77607	436106cd238d2f085db96110ac5b7b4bcdb3219a3a1ab3c5eb94f4cce5fb9c4c	ok
artifacts/nf/la_frozen_p2_s1/found_transfer_2.jsonl	105026	1ff74962458d66772d2f09dca201ddf4b5804154a79407dfdc184e81d6796395	ok
artifacts/nf/la_frozen_p2_s1/found_transfer_3.jsonl	118484	dd1417d42ed18d8911d73d079d107f5599c1f0929b9093100611613fd151ee73	ok
artifacts/nf/la_frozen_p2_s1/found_transfer_4.jsonl	120766	1f19542d8289c95d91c8b3a43ec56a36d6c20ce6c68b662e62a9c1223a34d702	ok
artifacts/nf/la_frozen_p2_s1/found_transfer_5.jsonl	132017	57ad50fc5346da59c33530653a886241819c842487865dc8bd490b9f3b2d7749	ok
artifacts/nf/la_frozen_p2_s1/found_transfer_6.jsonl	140656	7b68d470cb3a41d3b7293769748e79c5ba17159c52bfa7ec64b0bf89483dba0c	ok
artifacts/nf/la_frozen_p2_s1/found_transfer_7.jsonl	147075	81034fcdeaeb067ad15101d917e8240d2537594fe20d3f0e5c5d49cfffd85281	ok
artifacts/nf/la_frozen_p2_s1/found_transfer_8.jsonl	152377	31ba663c9800c491a04ca6c99f32e4fa017dbba86a257bacd1a5d074dcd72571	ok
artifacts/nf/la_frozen_p3_s0/found_1.jsonl	570558	586299d0e7f304363c99e051b86eb5c50a2973c2acd588031692197d199eb9a3	ok
artifacts/nf/la_frozen_p3_s0/found_2.jsonl	705016	de05f8e2ccfdeee0a5dd2cfab3b8589bc2b0ccc3a187e2810c3a2b117fbe3e2e	ok
artifacts/nf/la_frozen_p3_s0/found_3.jsonl	805624	ab6c5f5fd9f4fc12608e58cb26325de910d26a6d6ca6e6c1e90312ea3df0ec95	ok
artifacts/nf/la_frozen_p3_s0/found_4.jsonl	876716	b97ce960921360fbde25ff2aff5d15108932ae27817e5120c9f2fa29334a1463	ok
artifacts/nf/la_frozen_p3_s0/found_5.jsonl	927820	1cf16cb721ab69ec82c9f4b03c40ece0bece85aa4d03882a6fccd9bb4a70e2ec	ok
artifacts/nf/la_frozen_p3_s0/found_6.jsonl	966890	2e0c52601612ff6a5bc6391eb89f487671382c53ebec34fc0d238f1446b81c36	ok
artifacts/nf/la_frozen_p3_s0/found_7.jsonl	1011776	72a8d753a8a61c26a0da610b0bfd668ed616025907c43848a3aa8b9f759cd495	ok
artifacts/nf/la_frozen_p3_s0/found_8.jsonl	1046873	0d64b8c6f82a476ff9d8be85efe26419305b527264bd3765397d9bc82d836f0c	ok
artifacts/nf/la_frozen_p3_s0/found_transfer_1.jsonl	45729	34e20d4db19ff128a113abe1b22913eba58ef7aa9148859e110bf4a8c122f3b2	ok
artifacts/nf/la_frozen_p3_s0/found_transfer_2.jsonl	59064	af73f8751ce2eb08fb733f698c404cd21676e35487cadda56fed7a886586eace	ok
artifacts/nf/la_frozen_p3_s0/found_transfer_3.jsonl	72420	4ba2a009a5819ce6464035570f992a8da4d203d8be1885ea7ef5ab4cce3c5175	ok
artifacts/nf/la_frozen_p3_s0/found_transfer_4.jsonl	78882	c2aff44038156b0dd918b98d3a3e524fff1678537a02bc480c678244d42a0a65	ok
artifacts/nf/la_frozen_p3_s0/found_transfer_5.jsonl	84238	bbc4492fbd9d5b5dd62fa717c7518dfcb9bad39b1af801ebfa4c8df1357334fa	ok
artifacts/nf/la_frozen_p3_s0/found_transfer_6.jsonl	90320	bd600501fca195a49f277cbd0075e11736cc29ba3a2878fd1c0ce9c891c3d4f7	ok
artifacts/nf/la_frozen_p3_s0/found_transfer_7.jsonl	92779	9ab0f44ba5a52dc5cf51b6436c98d6b0a6215f932815abfea6bea898fc620a8a	ok
artifacts/nf/la_frozen_p3_s0/found_transfer_8.jsonl	94808	00630cd0201eae565e42842737661946a672e79b4bb06e016717e99b12223d89	ok
artifacts/nf/la_frozen_p3_s1/found_1.jsonl	957082	8b48a4e1153bf20bb1cd2b5bd9a24942a49267fab4e6cbf1ffe333ccce9f9f50	ok
artifacts/nf/la_frozen_p3_s1/found_2.jsonl	1206429	6dcf8b78b2c27f0594cb2de0ca6dcd445e443f8daa8e6d5bc55cc0871c242336	ok
artifacts/nf/la_frozen_p3_s1/found_3.jsonl	1351359	089ec1f4b5f08f196397b4b33b006802d51bbe1cdb366ae4d064f3134bfa36f7	ok
artifacts/nf/la_frozen_p3_s1/found_4.jsonl	1462888	bb5f0befb71c42d630e3c22824c9708bda0fe00dbe1800beb38b723cf7890503	ok
artifacts/nf/la_frozen_p3_s1/found_5.jsonl	1526369	49d120f83b91f3d1385f13a977e3556e3c2555953fd4533ea445bd76de82663d	ok
artifacts/nf/la_frozen_p3_s1/found_6.jsonl	1607058	75170c0a95d147b664a2f70adf7b31e4494d4af1c8192b9c1601a265b68eca14	ok
artifacts/nf/la_frozen_p3_s1/found_7.jsonl	1660325	f5d553e5cc8b5cdf61cf8e80a5bd4ada7277d70697ac51c7b76660baa959101a	ok
artifacts/nf/la_frozen_p3_s1/found_8.jsonl	1709928	ed61e0989475d05658e9b00ab085066ea9746ca575e32e6ee557f7d6f9dd369b	ok
artifacts/nf/la_frozen_p3_s1/found_transfer_1.jsonl	102565	c1861c018f7f762dc2569b77545e42b490b47043ad062b5012a63b7d4a2cd22e	ok
artifacts/nf/la_frozen_p3_s1/found_transfer_2.jsonl	135871	b48fee2856193415a73087e2e94a16e0c467e52dd842b9b84768301525dba521	ok
artifacts/nf/la_frozen_p3_s1/found_transfer_3.jsonl	167151	021091ba6d9ba76df7da8efba3032e9ba675d1a2cdbd37340eb947cc48e23c9c	ok
artifacts/nf/la_frozen_p3_s1/found_transfer_4.jsonl	177868	122c2d97d104175886bc275ef48ff7b36fdbe17a98fbaaf59072350c962b722a	ok
artifacts/nf/la_frozen_p3_s1/found_transfer_5.jsonl	193453	39541de2f65498dc6a7d83ee3f22c7427e83f74cae011c981a7dd0ce6979d58d	ok
artifacts/nf/la_frozen_p3_s1/found_transfer_6.jsonl	210158	416fabc4644a6ff639ba243f776d239926ace59de3844cb97f39eeb555a0e195	ok
artifacts/nf/la_frozen_p3_s1/found_transfer_7.jsonl	228273	67a422114397338dab25f3eeae12db7d719a1f9d07237f696a4f27243fc8ccaa	ok
artifacts/nf/la_frozen_p3_s1/found_transfer_8.jsonl	237313	c292140ca6042eb809362c191f4399de7af66ce8c1d0e764ec450870bd533974	ok
artifacts/nf/la_frozen_p4_s0/found_1.jsonl	1003254	3111aa71312d05c84b82f7803cc8bf8a24e7af9ac2ab663eb99ab8e8f7113d60	ok
artifacts/nf/la_frozen_p4_s0/found_2.jsonl	1222485	7eed19ce2221657224a9d1180b8c2ab195edbeceb7e0f5c020a9a6cc9b58d914	ok
artifacts/nf/la_frozen_p4_s0/found_3.jsonl	1351337	d2c3e2ff44cc047fc3620bb8a93cae9b611379e7c3cfbeb963f723a63d8d0763	ok
artifacts/nf/la_frozen_p4_s0/found_4.jsonl	1461812	1e42716e703e89818bd18d7b34f99a7b16fdf028119b8bdacb958b9966e00f46	ok
artifacts/nf/la_frozen_p4_s0/found_5.jsonl	1565286	f327c9126a164df73face05f4c0e8f56e8e30aa67f782869dd20a026ffee25e8	ok
artifacts/nf/la_frozen_p4_s0/found_6.jsonl	1638112	647b63602c016bcfa9868a1d637f75b59f879eed44e05c0fa7f52936410a50e9	ok
artifacts/nf/la_frozen_p4_s0/found_7.jsonl	1708488	7aa942c54d262cc97743670a18499f82609a0e3e9e94f792a0a143532a72f84e	ok
artifacts/nf/la_frozen_p4_s0/found_8.jsonl	1756502	ea2ce170cca783423436de68cc44f2fb5e2c1fd281435f026a3749d553f3b2e4	ok
artifacts/nf/la_frozen_p4_s0/found_transfer_1.jsonl	113916	588a30a5386f2ea8580eeb6a33f0f5836104735a547997fd17f95beb058190fa	ok
artifacts/nf/la_frozen_p4_s0/found_transfer_2.jsonl	148112	c25a6489871e10fcb9574d24b0275b8313799e6cd1756943ae254136dece95e5	ok
artifacts/nf/la_frozen_p4_s0/found_transfer_3.jsonl	171474	8a7e4527d556022150ba5398a6c0feb891bf573a2e6ce8ebaf09d0f003427b98	ok
artifacts/nf/la_frozen_p4_s0/found_transfer_4.jsonl	183399	61103b599b213c613eb3b4d9de37a2aab69f2268b1746ecbfb17870e8573d4f1	ok
artifacts/nf/la_frozen_p4_s0/found_transfer_5.jsonl	200866	f3c4c72a340408e1131abfa7cddb75f40b0aa3233ed1385f0b298846b1bf1e7e	ok
artifacts/nf/la_frozen_p4_s0/found_transfer_6.jsonl	221816	30c60165c7434ebc96492dd8803c844e28f24bbeb54fdee6b45f11171aa2cdca	ok
artifacts/nf/la_frozen_p4_s0/found_transfer_7.jsonl	231287	69926b917b611b1e9df06efc5affee9d7cffd6a0c7004664353365661edf47a5	ok
artifacts/nf/la_frozen_p4_s0/found_transfer_8.jsonl	245272	4ac9c74ba867c867f870ef685155b828eab47ef4ae57034fa059bf70dd46a81e	ok
artifacts/nf/la_frozen_p4_s1/found_1.jsonl	1983278	ad7189f88fbe2b07866e03a8d98977918c7df9994155a734025ca9487c887ba6	ok
artifacts/nf/la_frozen_p4_s1/found_2.jsonl	2209155	91eb0d884b3046f73b02694abc4f9b3489af7ea8f5a37bf0605456014d5f0d33	ok
artifacts/nf/la_frozen_p4_s1/found_3.jsonl	2332688	bd7b4e971cf0c2dd74f66ff138ccf8664883d4162e4275ea482b6a626f73b227	ok
artifacts/nf/la_frozen_p4_s1/found_4.jsonl	2444289	6eb3b2bdd4a82bc1f6a966889ab6fbf8b7acf6d8b0ae379d5921fa4e27316027	ok
artifacts/nf/la_frozen_p4_s1/found_5.jsonl	2535479	e9a756c18ef80eae297774bb55c03f671870a2852ddd243bd77bb2dca03543d3	ok
artifacts/nf/la_frozen_p4_s1/found_6.jsonl	2616200	35a7c3088733e683987576cf46491794b2750fe68c70a7e9a8e38320403f12f2	ok
artifacts/nf/la_frozen_p4_s1/found_7.jsonl	2666010	991f00634100f472858fb758c9fd02263a13c21eb549bc7a8c21408fec016ff6	ok
artifacts/nf/la_frozen_p4_s1/found_8.jsonl	2704360	fa6d6d1d62b8b6757896e8cc938ba33917e1b0f72be6c9fbddd5fab5c63d6028	ok
artifacts/nf/la_frozen_p4_s1/found_transfer_1.jsonl	287065	c605afd935774ce45587834f6570db68b8dca62e1826205c1d642358309163d9	ok
artifacts/nf/la_frozen_p4_s1/found_transfer_2.jsonl	331938	6324594badd819a3f4d13788b1a2edb3f2d1f703414bdaff364102bc2575ce66	ok
artifacts/nf/la_frozen_p4_s1/found_transfer_3.jsonl	357019	4516655812a2b8b3d1ab3ec46e07465ac1cb09bca96e252a10842f6ee2037ff5	ok
artifacts/nf/la_frozen_p4_s1/found_transfer_4.jsonl	374437	92eec5b8a6b731265d432bd631cfe928a25cd3918df80ef51a3ddb7c153d4b8d	ok
artifacts/nf/la_frozen_p4_s1/found_transfer_5.jsonl	390999	98e0a57a353bb23a68653d539d9ec4bdb28df888f19cb38463d7e32355896c73	ok
artifacts/nf/la_frozen_p4_s1/found_transfer_6.jsonl	398342	ddab4a5f231d47eee3c5d4582dd79d43a2e59c7068e73c26c66aefa13ec199d0	ok
artifacts/nf/la_frozen_p4_s1/found_transfer_7.jsonl	407854	b650cbb9b407089d89ef2034b642255b4ba825c6e64b590bdf09b3df7b2b719e	ok
artifacts/nf/la_frozen_p4_s1/found_transfer_8.jsonl	416098	5c400a31c22c7fc9b443282fed8041bea70e618663747795d6e87741ab9efaf0	ok
artifacts/novelty_phase1_proofs.jsonl	22787759	39f561e753b73add5faf4843142f3265d67d41a09668e2b5f3e96e93a9a5cd46	ok
artifacts/novelty_phase1_theorems.jsonl	4509641	a4b27a11b8a52b0674274ff07f20d010b87f29931d6218d34fd68385d569fb30	ok
artifacts/p2/cov_depth3_f0_s0_targets.s0.jsonl	149885	36f6780aeb063698e892b2ef41389dc1e61819c5cbc97d319ecc6573e5d13a9f	ok
artifacts/p2/cov_derived_ore_f0_s0_targets.s0.jsonl	132188	3974eb507d286e3d23559cfe67b55a5a2452b076c4b0fe452a256ea7d64f8ac4	ok
artifacts/p2/cov_derived_ore_strict_f0_c8_s0_targets.s0.jsonl	576483	5ba89e7c928c8da8f6c6e02c54add3106039335013962a191b1630d544ed44b6	ok
artifacts/p2/cov_reductio_f0_s0_t2_targets.s0.jsonl	210247	288f9e5b7944bc5bcff8f558accedb8b91210493ddb5341cbb7d31cad92916f3	ok
artifacts/p2/cov_reductio_f0_s0_targets.s0.jsonl	171228	f1aebdbfe800dc1e447b30c604a4c0773a15c98c3e9991cdd4e099a5eed9f1da	ok
artifacts/p2/ei_depth3_f0.0001_s0/found_8.jsonl	12142767	e57b103a68a237149f5c52e9477cfc773dd1fd4a7163b444b02665d096d4d1f6	ok
artifacts/p2/ei_depth3_f0.0001_s0/found_transfer_8.jsonl	6179599	2a75c47ab182c869164677942746c3a9a1c485904f19738caabb1b28d97b0a8a	ok
artifacts/p2/ei_depth3_f0.001_s0/found_8.jsonl	13537919	650ac8db7687aac1d8e3b7387ff5d7e4eddb959eb2913fcc242b8285eacfe233	ok
artifacts/p2/ei_depth3_f0.001_s0/found_transfer_8.jsonl	6641124	3f62229512e0f3ddc523c2bb1897a95f2a6f3483c37561f30760549296c7c2ab	ok
artifacts/p2/ei_depth3_f0.001_s1/found_8.jsonl	13131411	09c5d4e800829fc9cb36384f699360e7dab200f4297842605762a1cfa122b85c	ok
artifacts/p2/ei_depth3_f0.001_s1/found_transfer_8.jsonl	6261927	8457358757a98ba2c0e914e428f1553c2ae92e318803c2ffad173a844842281a	ok
artifacts/p2/ei_depth3_f0.01_s0/found_8.jsonl	13101079	36bff05234546da2828686b41a259109e76f363534a5450e8464e6a9a657fcfd	ok
artifacts/p2/ei_depth3_f0.01_s0/found_transfer_8.jsonl	6390499	ff7fa26479405537065a8f07ab553435f7d15e684d2f056e2935f9f1efa82cff	ok
artifacts/p2/ei_depth3_f0.1_b1_s0/found_8.jsonl	13614191	0f341ea161914598eaea7262a0081318722049335fae0fddf0d4b56939f27789	ok
artifacts/p2/ei_depth3_f0.1_b1_s0/found_transfer_8.jsonl	6623975	af93ccf243ecfb6c04d6872c5235d5aaf6fe35a40579ec54c23585206bd2e66c	ok
artifacts/p2/ei_depth3_f0.1_b1_s1/found_8.jsonl	8809986	c093307b2001bdc753d19dd30e36c98c6f24cda4f6767ed830a68edd2d0e9e30	ok
artifacts/p2/ei_depth3_f0.1_b1_s1/found_transfer_8.jsonl	4376590	3b38032c87efdbe95d3c4734cd92635f1e5da10f31634a2c59ffa81b21013868	ok
artifacts/p2/ei_depth3_f0.1_b2_s0/found_8.jsonl	12835344	d97dec0412d27b21485720a3cf24da441daf702c61589ec5340ae7a1739ec7b2	ok
artifacts/p2/ei_depth3_f0.1_b2_s0/found_transfer_8.jsonl	6288167	5205254d3f1b928dcacbb91ee8f6f8b93564a3d6e9f97c7289a63bffb68e3ffb	ok
artifacts/p2/ei_depth3_f0.1_b2_s1/found_8.jsonl	13460228	f789695a27eb8073e30c8027ccdd100be646dbb0ff1a8b2494e6956b6944058d	ok
artifacts/p2/ei_depth3_f0.1_b2_s1/found_transfer_8.jsonl	6822356	3246fb153b6f4c5049263a32bfa69a97e85624ff5e43ea3a9701cfb9380c5f60	ok
artifacts/p2/ei_depth3_f0.1_s0/found_8.jsonl	13101651	44d1588d6fc0948d83709fc23e6f3e240c5008012e7b83f4da16a887d72de9ec	ok
artifacts/p2/ei_depth3_f0.1_s0/found_transfer_8.jsonl	6337530	1261aa35c3da1c4efb8c389394faa44151a0cc62eb8d78bee0e5d92295df8753	ok
artifacts/p2/ei_depth3_f0.1_s1/found_8.jsonl	11704278	45dd870d981064c00c738e57470e59c9f294c46ca7d4b64a5ca121c75f0c55ea	ok
artifacts/p2/ei_depth3_f0.1_s1/found_transfer_8.jsonl	5924259	fc67c694d6cdf14f2d54f5a25c9985ae5a636a19986aec2785671c387d5b959c	ok
artifacts/p2/ei_depth3_f0_a1_s0/found_8.jsonl	12856852	0bc3077844a47d5008609df2a0cf6f82555301620dab77f42e28ddb9a9f82ee6	ok
artifacts/p2/ei_depth3_f0_a1_s0/found_transfer_8.jsonl	6259807	cb8a538375530a1978760c6dac9a9905c729e95731fafc2e77dd31d13148a952	ok
artifacts/p2/ei_depth3_f0_a1_s1/found_8.jsonl	13363402	9cc2a99aee77ce212d74e58f64846eece49326db7c5726a7bbe66e6c4863180d	ok
artifacts/p2/ei_depth3_f0_a1_s1/found_transfer_8.jsonl	6313068	607ef51d814c1137bb3932c7e7a2b01fb29865b04016bdd2368c004aa7fbc3d7	ok
artifacts/p2/ei_depth3_f0_a1_s2/found_8.jsonl	11260992	bf6fcb90137460786034a31422c0ac21324ad4e65ec9fd77f9d8dfd6c3b32a24	ok
artifacts/p2/ei_depth3_f0_a1_s2/found_transfer_8.jsonl	5391919	f0a77cf7f582d83a237ea00ea2a0f9d3f4ed7d4121c4f85d6f2221131598c9d1	ok
artifacts/p2/ei_depth3_f0_a1_s3/found_8.jsonl	10412368	53c108e5666e640a711bc0e28d75d3354e8af457f0759f013399db84bdeea9df	ok
artifacts/p2/ei_depth3_f0_a1_s3/found_transfer_8.jsonl	4969000	224777087778b7bc91fc0d715d441607da9e114d034d882bae54c181ceec5cf5	ok
artifacts/p2/ei_depth3_f0_a1_s3_ivK/found_8.jsonl	11666973	66f76cf4851198bfb4dd00d5560f5e47c46a58d4ae6deb2758c36cd015df63df	ok
artifacts/p2/ei_depth3_f0_a1_s3_ivK/found_transfer_8.jsonl	5682646	02f6ca971d9557076b149fdced882094f44aa0f0a30c526473cfbc48d305100c	ok
artifacts/p2/ei_depth3_f0_a1_s3_ivS/ei_depth3_f0_a1_s3_ivS/found_5.jsonl	7989485	525413f9f11006fff1b1d6fc16ee432a9131d5d7c93c13b0c8c852bdb5af0fbc	ok
artifacts/p2/ei_depth3_f0_a1_s3_ivS/ei_depth3_f0_a1_s3_ivS/found_6.jsonl	9165966	36a5d1ae8a4b7bb3da8973fa1505cfd965d025685078fb7f11babe58a655b1e1	ok
artifacts/p2/ei_depth3_f0_a1_s3_ivS/ei_depth3_f0_a1_s3_ivS/found_7.jsonl	10153825	3d8a0d351fb440e085f948cfd8c6d898ef9f0bfa80ab5439ffea35c700ed3b34	ok
artifacts/p2/ei_depth3_f0_a1_s3_ivS/ei_depth3_f0_a1_s3_ivS/found_8.jsonl	10882589	8896cf82c0fed639fe966ca56eb354d49d5d1a8feb29281b782e80639daa9b40	ok
artifacts/p2/ei_depth3_f0_a1_s3_ivS/ei_depth3_f0_a1_s3_ivS/found_transfer_5.jsonl	3787285	2458628f02a57f5ddc7ebb6bb7e4eba948031bb8c9b29970aafc5dcc5f92fba4	ok
artifacts/p2/ei_depth3_f0_a1_s3_ivS/ei_depth3_f0_a1_s3_ivS/found_transfer_6.jsonl	4438776	3bb8d8fdb05ce482a248a83ef3a0a2d364e3f2632419dd86798a06f2e29a3ee6	ok
artifacts/p2/ei_depth3_f0_a1_s3_ivS/ei_depth3_f0_a1_s3_ivS/found_transfer_7.jsonl	4974245	846dd8bd3a548674c779255672e3958fe01dce41ae1fdb1addedb4a27acaf84b	ok
artifacts/p2/ei_depth3_f0_a1_s3_ivS/ei_depth3_f0_a1_s3_ivS/found_transfer_8.jsonl	5388194	99e0bc8ebe4887de5a0d383e55ecbc52eb9761f3e0e348f0240d2c10f2b26f28	ok
artifacts/p2/ei_depth3_f0_a1_s3_ivS/ei_depth3_f0_a1_s3_ivS/mix_5.jsonl	10285165	5863bd906b282cfc4863299e8b5302e6d42cce215a6e3b6840ef56d74845f17e	ok
artifacts/p2/ei_depth3_f0_a1_s3_ivS/ei_depth3_f0_a1_s3_ivS/mix_6.jsonl	10582627	6ad4e8c219e1d7183be07bdf90e0b70804fe3ae0b9ff8849386e171d6bdaee89	ok
artifacts/p2/ei_depth3_f0_a1_s3_ivS/ei_depth3_f0_a1_s3_ivS/mix_7.jsonl	10761026	01b56c69b8e1cf5efab75ac008b5859e61be429152cf544846eb3545993f3927	ok
artifacts/p2/ei_depth3_f0_a1_s3_ivS/ei_depth3_f0_a1_s3_ivS/mix_8.jsonl	10907095	b2c761b33839b22875ae540c2b3a7e24f4ab60af7482de77fb1994f6f8601f38	ok
artifacts/p2/ei_depth3_f0_a1_s3_ivS/found_8.jsonl	10882589	8896cf82c0fed639fe966ca56eb354d49d5d1a8feb29281b782e80639daa9b40	ok
artifacts/p2/ei_depth3_f0_a1_s3_ivS/found_transfer_8.jsonl	5388194	99e0bc8ebe4887de5a0d383e55ecbc52eb9761f3e0e348f0240d2c10f2b26f28	ok
artifacts/p2/ei_depth3_f0_a1_s3_ivT/ei_depth3_f0_a1_s3_ivT/found_5.jsonl	5780475	27f4b017fc66d1e9630990bfd1dea936efb081c36e0be30fa3a3a0d576de0b8f	ok
artifacts/p2/ei_depth3_f0_a1_s3_ivT/ei_depth3_f0_a1_s3_ivT/found_6.jsonl	7844093	afe753534c97491f1e62a22b421f6eaa0ca1e1c58bef1f4af9afbbe698cf8e8a	ok
artifacts/p2/ei_depth3_f0_a1_s3_ivT/ei_depth3_f0_a1_s3_ivT/found_7.jsonl	9863182	236a8b3ef1889f18d0ecee7849320d7aaa87fbba5b1efa708316e5730c98cc7f	ok
artifacts/p2/ei_depth3_f0_a1_s3_ivT/ei_depth3_f0_a1_s3_ivT/found_8.jsonl	11091258	bc7830584318a9dd0a4e3b5d10d1a0b8bd3ceed8a32f7bfe8882ebace71b4846	ok
artifacts/p2/ei_depth3_f0_a1_s3_ivT/ei_depth3_f0_a1_s3_ivT/found_transfer_5.jsonl	2807439	614834501c71c9d78ae8320538ebdbe0f25b958a7071caa1b5c7634f752926ef	ok
artifacts/p2/ei_depth3_f0_a1_s3_ivT/ei_depth3_f0_a1_s3_ivT/found_transfer_6.jsonl	3800875	70c5f98019f8057ec9c0ba696d886dcb2bb0b4890fa6d03051e593f5ac46096f	ok
artifacts/p2/ei_depth3_f0_a1_s3_ivT/ei_depth3_f0_a1_s3_ivT/found_transfer_7.jsonl	4828612	7d26d5ea6d4dfa7034cf882a2ff33859f32c07e8541dd1fa350190d433767c29	ok
artifacts/p2/ei_depth3_f0_a1_s3_ivT/ei_depth3_f0_a1_s3_ivT/found_transfer_8.jsonl	5467120	4a44252f1d5902d10c1022f6513a21a712465adada118ca1dbed80a6eadd1870	ok
artifacts/p2/ei_depth3_f0_a1_s3_ivT/ei_depth3_f0_a1_s3_ivT/mix_5.jsonl	7602969	8a11cd912676c0930f7efd1291e2266d880344a311c63d3f13eb5be3892008cb	ok
artifacts/p2/ei_depth3_f0_a1_s3_ivT/ei_depth3_f0_a1_s3_ivT/mix_6.jsonl	9019642	21783a5bd6146f82b16fc6906981833d700ea3e76a647339c8c949d126a05409	ok
artifacts/p2/ei_depth3_f0_a1_s3_ivT/ei_depth3_f0_a1_s3_ivT/mix_7.jsonl	9852874	01cbb00df226d344808f05b418c5204354208c42d034e879879be17d66805b3a	ok
artifacts/p2/ei_depth3_f0_a1_s3_ivT/ei_depth3_f0_a1_s3_ivT/mix_8.jsonl	10165302	785e970ad3f36fae7a5953f6ddefe7280cc869d287486a43efbeb7b2572f4dc2	ok
artifacts/p2/ei_depth3_f0_a1_s3_ivT/found_8.jsonl	11091258	bc7830584318a9dd0a4e3b5d10d1a0b8bd3ceed8a32f7bfe8882ebace71b4846	ok
artifacts/p2/ei_depth3_f0_a1_s3_ivT/found_transfer_8.jsonl	5467120	4a44252f1d5902d10c1022f6513a21a712465adada118ca1dbed80a6eadd1870	ok
artifacts/p2/ei_depth3_f0_a1_s4/found_8.jsonl	6910025	c24736886e5649f6256ebe0c0d50208e740fddfe499748e2524aef6dc2f675ea	ok
artifacts/p2/ei_depth3_f0_a1_s4/found_transfer_8.jsonl	3491309	667e70f6b5aea53c01dec562d2c99c23d27e714fd3f6df44fd1127284b94c48e	ok
artifacts/p2/ei_depth3_f0_a1_s4_ivK/found_8.jsonl	7403623	ac9b8fa28000d7977be9df917363d7edbd4cf36a7fc7fdf508f5f86c1ead9905	ok
artifacts/p2/ei_depth3_f0_a1_s4_ivK/found_transfer_8.jsonl	3731759	fafbfbc28ab3c1de22840e3dafbe68b5583b735c77e0320c192320453ea2834b	ok
artifacts/p2/ei_depth3_f0_a1_s4_ivS/found_8.jsonl	11131207	559af04531b1687ac673d3916645600b1db471218635e28387ea94438ff3fa73	ok
artifacts/p2/ei_depth3_f0_a1_s4_ivS/found_transfer_8.jsonl	5360289	c3db616accbfaa35db57887c9e045c47781ba5c95331d9a73bd98c198c06140e	ok
artifacts/p2/ei_depth3_f0_a1_s4_ivT/found_8.jsonl	6564335	be23929392a9053dad7364b1a66e59b0c9a240572058189245ccf4aecd18d883	ok
artifacts/p2/ei_depth3_f0_a1_s4_ivT/found_transfer_8.jsonl	3290530	878d33e54d6c02301982350ca8efe407b7a783ac507fac48ab4cc094854dd02c	ok
artifacts/p2/ei_depth3_f0_a1_s5/found_8.jsonl	7165423	93703a2acfdda688355aca306f212ef4065b44b29746ac03a985c45ede7c5f5f	ok
artifacts/p2/ei_depth3_f0_a1_s5/found_transfer_8.jsonl	3646989	2af026264468c218c4b6e6730a942c73f13c4459321d13245ca508ac33e795ea	ok
artifacts/p2/ei_depth3_f0_a1_s5_ivK/ei_depth3_f0_a1_s5_ivK/found_5.jsonl	6467207	dd6befe657bd11bb9f6ccd3b4077a51b9e06611ef11ea7af015c23c0e9ceecc4	ok
artifacts/p2/ei_depth3_f0_a1_s5_ivK/ei_depth3_f0_a1_s5_ivK/found_6.jsonl	6971598	a8ba6cc55577ad89b5f0f988aeaee77a895bb25b070cc1eabe4a9ab1e6c05b36	ok
artifacts/p2/ei_depth3_f0_a1_s5_ivK/ei_depth3_f0_a1_s5_ivK/found_7.jsonl	7389242	9dec8e5a9a6d7f82933a567dc6ba5fa5a16c784ce37fd966bae6ef9f2d6e9cd7	ok
artifacts/p2/ei_depth3_f0_a1_s5_ivK/ei_depth3_f0_a1_s5_ivK/found_8.jsonl	7832154	9d1ca6cabf16328d0f3a941f36903d654fc9e870b13c545395fccf4214f0cc90	ok
artifacts/p2/ei_depth3_f0_a1_s5_ivK/ei_depth3_f0_a1_s5_ivK/found_transfer_5.jsonl	3274744	d920ac3c6553b7c38bbf850a4b51224f2f62606769da06350c156200a86b4b43	ok
artifacts/p2/ei_depth3_f0_a1_s5_ivK/ei_depth3_f0_a1_s5_ivK/found_transfer_6.jsonl	3528243	241bc8636bf7144a8d6a20bd9e909cefca98eed4fa724fe403198b768747f60a	ok
artifacts/p2/ei_depth3_f0_a1_s5_ivK/ei_depth3_f0_a1_s5_ivK/found_transfer_7.jsonl	3782702	710cfb425409d95f57d85f00944bec6a42fb362c851a48194e0774e7943e8c63	ok
artifacts/p2/ei_depth3_f0_a1_s5_ivK/ei_depth3_f0_a1_s5_ivK/found_transfer_8.jsonl	4057519	064597d197dfbcf47c7bf1ea1b4cc4c4df1254eeb07b2425678d1cdc18764e5e	ok
artifacts/p2/ei_depth3_f0_a1_s5_ivK/ei_depth3_f0_a1_s5_ivK/mix_5.jsonl	7711344	c4764cc910a9fd2be708b91a5b3c8f2d3f624a2252a62daef3adebd962a1a23c	ok
artifacts/p2/ei_depth3_f0_a1_s5_ivK/ei_depth3_f0_a1_s5_ivK/mix_6.jsonl	7956358	578ae15dd53a795ead771daf8ca037d7e7c0237641e275236954e03ae237eb5e	ok
artifacts/p2/ei_depth3_f0_a1_s5_ivK/ei_depth3_f0_a1_s5_ivK/mix_7.jsonl	8070109	71bf2fb1553c18faa5d3962791fee03fe3124eebd5709c852fe9ceaa3f798d41	ok
artifacts/p2/ei_depth3_f0_a1_s5_ivK/ei_depth3_f0_a1_s5_ivK/mix_8.jsonl	8197663	3ce32d3dc7c97a3948d6bbcbbb0c24b163965c7c5f9c6e6855de1e5284f44806	ok
artifacts/p2/ei_depth3_f0_a1_s5_ivK/found_8.jsonl	7832154	9d1ca6cabf16328d0f3a941f36903d654fc9e870b13c545395fccf4214f0cc90	ok
artifacts/p2/ei_depth3_f0_a1_s5_ivK/found_transfer_8.jsonl	4057519	064597d197dfbcf47c7bf1ea1b4cc4c4df1254eeb07b2425678d1cdc18764e5e	ok
artifacts/p2/ei_depth3_f0_a1_s5_ivS/ei_depth3_f0_a1_s5_ivS/found_5.jsonl	8046728	d28fe563fd3396d7a01e7a58607a697d90afa785a9b4f810eee780c21a5164a8	ok
artifacts/p2/ei_depth3_f0_a1_s5_ivS/ei_depth3_f0_a1_s5_ivS/found_6.jsonl	9452344	1497ac308c5025a1055caddf7aa9c23e52102d26344dcfdcaa6f0be23cbbfa63	ok
artifacts/p2/ei_depth3_f0_a1_s5_ivS/ei_depth3_f0_a1_s5_ivS/found_7.jsonl	10690029	be28f9472f206aa2c4ea5efbc687a037380b6d448d6c9510b8e4b529b7d7ed83	ok
artifacts/p2/ei_depth3_f0_a1_s5_ivS/ei_depth3_f0_a1_s5_ivS/found_8.jsonl	11542187	4f3178273987d26a9aa4663a2887b55c4f5771a574c762123c769df44b6d5761	ok
artifacts/p2/ei_depth3_f0_a1_s5_ivS/ei_depth3_f0_a1_s5_ivS/found_transfer_5.jsonl	3867337	e850bd648861a961e4971ba3ad1ade7eaa6e729b4ab2762ebcef813ba99a7996	ok
artifacts/p2/ei_depth3_f0_a1_s5_ivS/ei_depth3_f0_a1_s5_ivS/found_transfer_6.jsonl	4552436	cf4acd5daa03b8cf3eb00f70c82c22adb8c2d321d46f70c3fb1ed2aa0aaefc69	ok
artifacts/p2/ei_depth3_f0_a1_s5_ivS/ei_depth3_f0_a1_s5_ivS/found_transfer_7.jsonl	5146541	8c4bee08b0b89efa80d5ac096e03839f4a9a77fa0b1e131077a42360ed44ecad	ok
artifacts/p2/ei_depth3_f0_a1_s5_ivS/ei_depth3_f0_a1_s5_ivS/found_transfer_8.jsonl	5636272	f44a1954d9bba382f7667831486f8528f75c91e8d8572529afa8790177fb603c	ok
artifacts/p2/ei_depth3_f0_a1_s5_ivS/ei_depth3_f0_a1_s5_ivS/mix_5.jsonl	10386700	ff0fba9a9efb92f6b2eed4ed67e741772f356d61a4a90a9a31ba304e7d1ac072	ok
artifacts/p2/ei_depth3_f0_a1_s5_ivS/ei_depth3_f0_a1_s5_ivS/mix_6.jsonl	10739226	9e1cd2802bbff796975e776a6811acf7b5b39db6cfd7b06ac45c14d4b8d75af9	ok
artifacts/p2/ei_depth3_f0_a1_s5_ivS/ei_depth3_f0_a1_s5_ivS/mix_7.jsonl	10878306	e6c127f0325c481353710d87c82943bc2b7a6c42bcd05f963f0c370cc013ce4f	ok
artifacts/p2/ei_depth3_f0_a1_s5_ivS/ei_depth3_f0_a1_s5_ivS/mix_8.jsonl	10940294	f633672ed15bf684d4618c4e26601ff8c1333126bbab0fb263bb616ed87cbe77	ok
artifacts/p2/ei_depth3_f0_a1_s5_ivS/found_8.jsonl	11542187	4f3178273987d26a9aa4663a2887b55c4f5771a574c762123c769df44b6d5761	ok
artifacts/p2/ei_depth3_f0_a1_s5_ivS/found_transfer_8.jsonl	5636272	f44a1954d9bba382f7667831486f8528f75c91e8d8572529afa8790177fb603c	ok
artifacts/p2/ei_depth3_f0_a1_s5_ivT/ei_depth3_f0_a1_s5_ivT/found_5.jsonl	5654442	9921415069eb778c9b85d0b9572d5869453b7fa4e7d5f8c7e08ff8cd06db8018	ok
artifacts/p2/ei_depth3_f0_a1_s5_ivT/ei_depth3_f0_a1_s5_ivT/found_6.jsonl	6443487	25616348b9d79035e2950fc982806af7ebc828320a2e1f7fd61f5aeb62e28892	ok
artifacts/p2/ei_depth3_f0_a1_s5_ivT/ei_depth3_f0_a1_s5_ivT/found_7.jsonl	7156221	1347fb7a886003a931edfead8ce0269a444efaa0610b232354e88a573ac8630e	ok
artifacts/p2/ei_depth3_f0_a1_s5_ivT/ei_depth3_f0_a1_s5_ivT/found_8.jsonl	7579911	01486bf3abb283f9602cb5c7ab5e394d0c0e25c708844b4902556091eaf8e8e3	ok
artifacts/p2/ei_depth3_f0_a1_s5_ivT/ei_depth3_f0_a1_s5_ivT/found_transfer_5.jsonl	2804313	1dae0671ee5cd569322051e8d07aafb025c33d7a4f3f3308604506cd92731688	ok
artifacts/p2/ei_depth3_f0_a1_s5_ivT/ei_depth3_f0_a1_s5_ivT/found_transfer_6.jsonl	3160900	8ff7cc7fde30e16aff7a0344fa20d2c704d7eb5640681db9e0806efd8002228c	ok
artifacts/p2/ei_depth3_f0_a1_s5_ivT/ei_depth3_f0_a1_s5_ivT/found_transfer_7.jsonl	3557410	ed763e2d136863b0d37395b93db28384d99aa1f8bbc8906baeea9995ed07b501	ok
artifacts/p2/ei_depth3_f0_a1_s5_ivT/ei_depth3_f0_a1_s5_ivT/found_transfer_8.jsonl	3847257	b2debb5fbac3484e515c6806266c31faa1877bbda708ea7f9581ae151ea97d7c	ok
artifacts/p2/ei_depth3_f0_a1_s5_ivT/ei_depth3_f0_a1_s5_ivT/mix_5.jsonl	7700398	ace5984c87515de0e11e55f82886d7ba1e45392216e13397370242f432ba05e9	ok
artifacts/p2/ei_depth3_f0_a1_s5_ivT/ei_depth3_f0_a1_s5_ivT/mix_6.jsonl	7968682	901ef2865d60364e0b8e2f03f4525afacad4fa427e529677d298d5112d9f90fc	ok
artifacts/p2/ei_depth3_f0_a1_s5_ivT/ei_depth3_f0_a1_s5_ivT/mix_7.jsonl	8095005	f195e535d0421161a371e81fadf5695952e7606e3175f9a70dda8e4dd0ed5c94	ok
artifacts/p2/ei_depth3_f0_a1_s5_ivT/ei_depth3_f0_a1_s5_ivT/mix_8.jsonl	8191285	5ad9a451d5e94375f53333a195aef03b5ad0d5fc426560cbd5aac5b7b0885085	ok
artifacts/p2/ei_depth3_f0_a1_s5_ivT/found_8.jsonl	7579911	01486bf3abb283f9602cb5c7ab5e394d0c0e25c708844b4902556091eaf8e8e3	ok
artifacts/p2/ei_depth3_f0_a1_s5_ivT/found_transfer_8.jsonl	3847257	b2debb5fbac3484e515c6806266c31faa1877bbda708ea7f9581ae151ea97d7c	ok
artifacts/p2/ei_depth3_f0_a1_s6/found_8.jsonl	12134061	5d39eeea3452a5b89af273bdc0b91fd092e0bd387dfe0b5d71e8d994631ddda5	ok
artifacts/p2/ei_depth3_f0_a1_s6/found_transfer_8.jsonl	5986252	6204d1043520e1b2d52e1cadd26555ab8520a6fd6bc65677d2e862d69e6c85ab	ok
artifacts/p2/ei_depth3_f0_a1_s7/ei_depth3_f0_a1_s7/found_1.jsonl	687647	bf0c086360352325809c87518a264e55c5e1e9ead853b9b9a52178ebd1533b76	ok
artifacts/p2/ei_depth3_f0_a1_s7/ei_depth3_f0_a1_s7/found_2.jsonl	2589989	f369e860e729cc722cb6f12569fe9e16abec68490b34d4436e90c5bcfb641bb6	ok
artifacts/p2/ei_depth3_f0_a1_s7/ei_depth3_f0_a1_s7/found_3.jsonl	3741845	e199830a174069c98f79f72d819e555bc934a3d0732d3d67fdd422dde00abf00	ok
artifacts/p2/ei_depth3_f0_a1_s7/ei_depth3_f0_a1_s7/found_4.jsonl	4461898	bbe8abca3ab028a1cb1a6608536c10ceb4d9a7e57717f32fc968876c5fea6bbb	ok
artifacts/p2/ei_depth3_f0_a1_s7/ei_depth3_f0_a1_s7/found_5.jsonl	5052545	f95f63a1b58e7542122aa8f6fa9121e8b0ce569bc7e5f1e0dd84d11d5effb108	ok
artifacts/p2/ei_depth3_f0_a1_s7/ei_depth3_f0_a1_s7/found_6.jsonl	5537777	84d2d80984267a2fc17ebbc167352eefcab51d5458afaf9fba5abe4a8f5974c1	ok
artifacts/p2/ei_depth3_f0_a1_s7/ei_depth3_f0_a1_s7/found_7.jsonl	6064343	a062eb6901f3cf77fc679514e167f6f08216dd4cd1cf0ea4ee8a81cfc4153cb3	ok
artifacts/p2/ei_depth3_f0_a1_s7/ei_depth3_f0_a1_s7/found_8.jsonl	6565238	e757296215456a560190cc90a814577e9c53b5139a14de384b06e6dd528e0a90	ok
artifacts/p2/ei_depth3_f0_a1_s7/ei_depth3_f0_a1_s7/found_transfer_1.jsonl	326295	aaa34647331f0c269c7ea854077994ce92f863575671d49816f5162878ad4a31	ok
artifacts/p2/ei_depth3_f0_a1_s7/ei_depth3_f0_a1_s7/found_transfer_2.jsonl	1224818	e6279705b283aac41d0f6269043d7db3c10c6053105837170bfe9792c9c00ac9	ok
artifacts/p2/ei_depth3_f0_a1_s7/ei_depth3_f0_a1_s7/found_transfer_3.jsonl	1763823	6a6a1d0c0d49892e54f5fb6e286a736d6fe1967c35e5ff00362ebe1012f1ff06	ok
artifacts/p2/ei_depth3_f0_a1_s7/ei_depth3_f0_a1_s7/found_transfer_4.jsonl	2168808	e6987b94e7b2990cc0f5422264d2af2f746ab1bcd0b4d8118e15a5d3fdfe63cb	ok
artifacts/p2/ei_depth3_f0_a1_s7/ei_depth3_f0_a1_s7/found_transfer_5.jsonl	2505520	a854653ced5443f7f6880bd7056705c6ead5eabdbe93884964e096f85682adb4	ok
artifacts/p2/ei_depth3_f0_a1_s7/ei_depth3_f0_a1_s7/found_transfer_6.jsonl	2781088	621a49a7c68d273031877dc6502280c0ceb980f775436273267b9d28562bd460	ok
artifacts/p2/ei_depth3_f0_a1_s7/ei_depth3_f0_a1_s7/found_transfer_7.jsonl	3046352	34fc930a24bb44e13bb237dcc218fafd0cec6de1e3e3d55e60a90b669854e3b5	ok
artifacts/p2/ei_depth3_f0_a1_s7/ei_depth3_f0_a1_s7/found_transfer_8.jsonl	3270089	80c0267ee5ec04d3c44bff646dcd76025d7d9fdd12d69fcb8ec48b2a1498150a	ok
artifacts/p2/ei_depth3_f0_a1_s7/ei_depth3_f0_a1_s7/mix_1.jsonl	6294357	9325ce0ab8fe1a6c4dcb67b1ec4d34d24b88b171b8ba0f0410899b538b980fbc	ok
artifacts/p2/ei_depth3_f0_a1_s7/ei_depth3_f0_a1_s7/mix_2.jsonl	7013865	e9543f817a1da18f339ce28f1a100f665b079bf00ec7f8e13193c523221cfa52	ok
artifacts/p2/ei_depth3_f0_a1_s7/ei_depth3_f0_a1_s7/mix_3.jsonl	7163532	8361250b122834d49fc822a5f5caeea5a0166dc05943002c5eaf4f2525ced2a6	ok
artifacts/p2/ei_depth3_f0_a1_s7/ei_depth3_f0_a1_s7/mix_4.jsonl	7318551	7d67406dfb466693bf1d360ca4ace4d885782e3e466e40051b8287be7bc6aaa6	ok
artifacts/p2/ei_depth3_f0_a1_s7/ei_depth3_f0_a1_s7/mix_5.jsonl	7423827	231810cb16fb70d01a3b1352b2a946fde3c832b3aba2bf9695d15a29edf988ac	ok
artifacts/p2/ei_depth3_f0_a1_s7/ei_depth3_f0_a1_s7/mix_6.jsonl	7538300	03ec197dffdcf9dfb2c7c0c22ce549dc1392f4e8d0f39595c0f7266cc0b88098	ok
artifacts/p2/ei_depth3_f0_a1_s7/ei_depth3_f0_a1_s7/mix_7.jsonl	7707820	12f30239d997e7ec0761feb10a29d4595735072b5df10114c2c745969badcb1a	ok
artifacts/p2/ei_depth3_f0_a1_s7/ei_depth3_f0_a1_s7/mix_8.jsonl	7908796	daf62e55b0e904ac0800b74565e610431266dea9c5805a44ab04e30429da0c63	ok
artifacts/p2/ei_depth3_f0_a1_s7/found_8.jsonl	6565238	e757296215456a560190cc90a814577e9c53b5139a14de384b06e6dd528e0a90	ok
artifacts/p2/ei_depth3_f0_a1_s7/found_transfer_8.jsonl	3270089	80c0267ee5ec04d3c44bff646dcd76025d7d9fdd12d69fcb8ec48b2a1498150a	ok
artifacts/p2/ei_depth3_f0_a1_s7_ivK/ei_depth3_f0_a1_s7_ivK/found_5.jsonl	5961407	707e173f17741d36f6ef028a49ccf32efcac3e3a5435d184607eff1e92804abf	ok
artifacts/p2/ei_depth3_f0_a1_s7_ivK/ei_depth3_f0_a1_s7_ivK/found_6.jsonl	6284770	ef1e905e722ef3e9bb21bfb396b8654db953eaf12d8217bfc8467f1574be9b40	ok
artifacts/p2/ei_depth3_f0_a1_s7_ivK/ei_depth3_f0_a1_s7_ivK/found_7.jsonl	6813619	d1efedcab889073dc75a4abdd11a0003858e335d218eac7633ca1541d4e1f44b	ok
artifacts/p2/ei_depth3_f0_a1_s7_ivK/ei_depth3_f0_a1_s7_ivK/found_8.jsonl	7174914	a10a8124790fdb985d411c364fa63e6b6960fa98b0a5108d719e48789c4e62a8	ok
artifacts/p2/ei_depth3_f0_a1_s7_ivK/ei_depth3_f0_a1_s7_ivK/found_transfer_5.jsonl	2996890	df37c6c5c609e2781419994a9af553f29aec87fa79758e1f61c1c194786fea97	ok
artifacts/p2/ei_depth3_f0_a1_s7_ivK/ei_depth3_f0_a1_s7_ivK/found_transfer_6.jsonl	3168106	283ebda58024ee8f09d2cd49c834c7bc6c5db7a6e708776f085df839d7176296	ok
artifacts/p2/ei_depth3_f0_a1_s7_ivK/ei_depth3_f0_a1_s7_ivK/found_transfer_7.jsonl	3389560	2113a50f049589f048b142da01d99878d1970bbfabf94fb3ab364135ca7d4d01	ok
artifacts/p2/ei_depth3_f0_a1_s7_ivK/ei_depth3_f0_a1_s7_ivK/found_transfer_8.jsonl	3595919	bbfe2fd2d9895b2bcfc5734242cd51455228f942d8cc43a0ec4a8805ac17f035	ok
artifacts/p2/ei_depth3_f0_a1_s7_ivK/ei_depth3_f0_a1_s7_ivK/mix_5.jsonl	7478323	1ef9165d32768c6ece70464a4aab466d2a5eb1f04239a2c9b26d67163e79c1f4	ok
artifacts/p2/ei_depth3_f0_a1_s7_ivK/ei_depth3_f0_a1_s7_ivK/mix_6.jsonl	7658726	1c3a3a17d8b88d57f8443bbacb5be2732aed69f9f4c556c9beb5341805506f22	ok
artifacts/p2/ei_depth3_f0_a1_s7_ivK/ei_depth3_f0_a1_s7_ivK/mix_7.jsonl	7825166	6f80b7ace5f2c14978db615d2a2f9c1b7c1c7ac1a270d358eef2c9507fcf6bec	ok
artifacts/p2/ei_depth3_f0_a1_s7_ivK/ei_depth3_f0_a1_s7_ivK/mix_8.jsonl	7957377	48dc612cf563a58039f97ae3575c8c4fbdd6784457ac7fe50e1fca21f1b8caea	ok
artifacts/p2/ei_depth3_f0_a1_s7_ivK/found_8.jsonl	7174914	a10a8124790fdb985d411c364fa63e6b6960fa98b0a5108d719e48789c4e62a8	ok
artifacts/p2/ei_depth3_f0_a1_s7_ivK/found_transfer_8.jsonl	3595919	bbfe2fd2d9895b2bcfc5734242cd51455228f942d8cc43a0ec4a8805ac17f035	ok
artifacts/p2/ei_depth3_f0_a1_s7_ivS/ei_depth3_f0_a1_s7_ivS/found_5.jsonl	7954686	7fe6a7dec6acec0f65fb0018e0bd9a1f2976e5f8a279bc814d940ed113140903	ok
artifacts/p2/ei_depth3_f0_a1_s7_ivS/ei_depth3_f0_a1_s7_ivS/found_6.jsonl	8935163	a13abb51535ce112b0d031937d268a464a89af05b0673fe8df0063086a8db6c5	ok
artifacts/p2/ei_depth3_f0_a1_s7_ivS/ei_depth3_f0_a1_s7_ivS/found_7.jsonl	9717259	f243a39274973b9a52d7de7111781a603f595ef2db4f22bb06853289af719a03	ok
artifacts/p2/ei_depth3_f0_a1_s7_ivS/ei_depth3_f0_a1_s7_ivS/found_8.jsonl	10478522	a2410f7f2f0bdb55ad6ac00b661600bb3be3c7f11ab7f4aeef54621d7a6b9cdd	ok
artifacts/p2/ei_depth3_f0_a1_s7_ivS/ei_depth3_f0_a1_s7_ivS/found_transfer_5.jsonl	3751184	94ae1d4a3879d88e3b3840876751fda04e689585df42443edf4c12565cd02c5a	ok
artifacts/p2/ei_depth3_f0_a1_s7_ivS/ei_depth3_f0_a1_s7_ivS/found_transfer_6.jsonl	4234386	0469c364f9d154a94c42abcb93fdd569067f317dba3f4219e4c6f0eeb00b6a70	ok
artifacts/p2/ei_depth3_f0_a1_s7_ivS/ei_depth3_f0_a1_s7_ivS/found_transfer_7.jsonl	4669587	f5f93ca80e9976e8d32c4e72f65bf79dae6e2d2d1830b7e0bd7076deda2cee95	ok
artifacts/p2/ei_depth3_f0_a1_s7_ivS/ei_depth3_f0_a1_s7_ivS/found_transfer_8.jsonl	5031069	5bb56157e8ac98fe41328b93c27ca24e109251192f9a5e47a487678d10c43c0e	ok
artifacts/p2/ei_depth3_f0_a1_s7_ivS/ei_depth3_f0_a1_s7_ivS/mix_5.jsonl	10334431	b95ae14f4f19d6d2da45a433c0ab69b1e26455cef2435af43d0aec22a348db89	ok
artifacts/p2/ei_depth3_f0_a1_s7_ivS/ei_depth3_f0_a1_s7_ivS/mix_6.jsonl	10382519	57e440277f5f9c625f5b7d5b074876d9eb1b9ca75c45d5f3c22583dbb9c2e41b	ok
artifacts/p2/ei_depth3_f0_a1_s7_ivS/ei_depth3_f0_a1_s7_ivS/mix_7.jsonl	10382240	253452ba09f708da969bf0bdf4a7830413fb0278ce41ab5d6aa5a6f518e55dc1	ok
artifacts/p2/ei_depth3_f0_a1_s7_ivS/ei_depth3_f0_a1_s7_ivS/mix_8.jsonl	10420703	8ee286451b551e68cb62f4bff634bba03ce484fa096240a8c0e17d778e5c03b1	ok
artifacts/p2/ei_depth3_f0_a1_s7_ivS/found_8.jsonl	10478522	a2410f7f2f0bdb55ad6ac00b661600bb3be3c7f11ab7f4aeef54621d7a6b9cdd	ok
artifacts/p2/ei_depth3_f0_a1_s7_ivS/found_transfer_8.jsonl	5031069	5bb56157e8ac98fe41328b93c27ca24e109251192f9a5e47a487678d10c43c0e	ok
artifacts/p2/ei_depth3_f0_a1_s7_ivT/ei_depth3_f0_a1_s7_ivT/found_5.jsonl	5193137	230cb8dd105b8275a6abeb2a79c7d16b7a378cf27d3c8ec75ccbec49c765b077	ok
artifacts/p2/ei_depth3_f0_a1_s7_ivT/ei_depth3_f0_a1_s7_ivT/found_6.jsonl	5699461	0f214903a660f9887fc9b054eca159fce8bcb1d2dee671e949b2d04ef0e0557a	ok
artifacts/p2/ei_depth3_f0_a1_s7_ivT/ei_depth3_f0_a1_s7_ivT/found_7.jsonl	6087141	43ecee0c8ff008dbcb9e62ff9021a4706300b391d511d7565d821972d4f56bda	ok
artifacts/p2/ei_depth3_f0_a1_s7_ivT/ei_depth3_f0_a1_s7_ivT/found_8.jsonl	6621023	5ea87b7cf3797edcc8dca7b88e6afb0b5c34ae78ac73cd66114736075c42917b	ok
artifacts/p2/ei_depth3_f0_a1_s7_ivT/ei_depth3_f0_a1_s7_ivT/found_transfer_5.jsonl	2564587	03fe65dedb3e6f1c7e78cdf0d9b01e3093c12e629da2d5e9ea1f237e504659b4	ok
artifacts/p2/ei_depth3_f0_a1_s7_ivT/ei_depth3_f0_a1_s7_ivT/found_transfer_6.jsonl	2813307	5ffe158525249ad08e34c59bc61825e727173b75f6d9aa2684d431ad998fff91	ok
artifacts/p2/ei_depth3_f0_a1_s7_ivT/ei_depth3_f0_a1_s7_ivT/found_transfer_7.jsonl	3023006	f1ccf86ecea7150ef2b80ce728f90789b47ce4a02d697a8500f39e600b9a5edc	ok
artifacts/p2/ei_depth3_f0_a1_s7_ivT/ei_depth3_f0_a1_s7_ivT/found_transfer_8.jsonl	3316954	e8974191e8dc8fa41738c85f66e4c639c1ccb3734332021b8831815f0c481620	ok
artifacts/p2/ei_depth3_f0_a1_s7_ivT/ei_depth3_f0_a1_s7_ivT/mix_5.jsonl	7455156	5cb1f8b57b29951a4914d68c6eca0d07c2ae633f683261d8c43670392daee9a8	ok
artifacts/p2/ei_depth3_f0_a1_s7_ivT/ei_depth3_f0_a1_s7_ivT/mix_6.jsonl	7551069	b3f7010a835b80180fbe82909268f692e938d71295db6d336c62bfe4dff94cb6	ok
artifacts/p2/ei_depth3_f0_a1_s7_ivT/ei_depth3_f0_a1_s7_ivT/mix_7.jsonl	7721011	cdd9fd67edadcb1285a48fd6a3d3d21e7030e6a0d7274c7a3f272e3b77f197bf	ok
artifacts/p2/ei_depth3_f0_a1_s7_ivT/ei_depth3_f0_a1_s7_ivT/mix_8.jsonl	7949244	92f587d2c8bb39529a30b35625775c4807fb21de363df0b06db5dd877a906764	ok
artifacts/p2/ei_depth3_f0_a1_s7_ivT/found_8.jsonl	6621023	5ea87b7cf3797edcc8dca7b88e6afb0b5c34ae78ac73cd66114736075c42917b	ok
artifacts/p2/ei_depth3_f0_a1_s7_ivT/found_transfer_8.jsonl	3316954	e8974191e8dc8fa41738c85f66e4c639c1ccb3734332021b8831815f0c481620	ok
artifacts/p2/ei_depth3_f0_a1_s8/ei_depth3_f0_a1_s8/found_1.jsonl	984890	044d979d32cab6fd064f5fc05eea6f5888d61b1c325e9c721659943ee42aa923	ok
artifacts/p2/ei_depth3_f0_a1_s8/ei_depth3_f0_a1_s8/found_2.jsonl	2688306	5ac8ea504574e913d2c5d2ce5f7e5dbdaa7057fa6c6f8e3f080015de39348f8b	ok
artifacts/p2/ei_depth3_f0_a1_s8/ei_depth3_f0_a1_s8/found_3.jsonl	3654907	012918973ef921ec0ba02de142f801213cf85bd65a6c1eb4bcfdc24aa71a57d3	ok
artifacts/p2/ei_depth3_f0_a1_s8/ei_depth3_f0_a1_s8/found_4.jsonl	4500551	3991da820721bff609f5b3d84f8d7d483ac0ba7170aa4bfe2cd1161922a59467	ok
artifacts/p2/ei_depth3_f0_a1_s8/ei_depth3_f0_a1_s8/found_5.jsonl	5812345	8a2352751113c2958d2451c1b39290f3157564d6220a232b12e850136dd6d09f	ok
artifacts/p2/ei_depth3_f0_a1_s8/ei_depth3_f0_a1_s8/found_6.jsonl	7893304	da62910b05ccb5ffd6120bcd945a09992ea2cf568daf69c53525fe1e631feb38	ok
artifacts/p2/ei_depth3_f0_a1_s8/ei_depth3_f0_a1_s8/found_7.jsonl	9437290	565288b77e842b189c5f078bcfd8173f700f7a6e69a0b8f4a6478529a8f3c9b9	ok
artifacts/p2/ei_depth3_f0_a1_s8/ei_depth3_f0_a1_s8/found_8.jsonl	10448900	5642bf8479c41065be590dc33f9d39c4743062f8a4cbd6e2278b96ea27b5dd4a	ok
artifacts/p2/ei_depth3_f0_a1_s8/ei_depth3_f0_a1_s8/found_transfer_1.jsonl	505807	8f6c060bc139522a71a6f8da92f92ad64a1e21dcecb3d24c05ffc681c7554203	ok
artifacts/p2/ei_depth3_f0_a1_s8/ei_depth3_f0_a1_s8/found_transfer_2.jsonl	1287837	728e844339a87028acab41504661f4d079a10ac7a6e0ce99a08b02f7cb1e16b9	ok
artifacts/p2/ei_depth3_f0_a1_s8/ei_depth3_f0_a1_s8/found_transfer_3.jsonl	1724863	62e02dfa8140387bac999fd7e3ac0dacae23b56ee1f0d677374f0454a8bd33eb	ok
artifacts/p2/ei_depth3_f0_a1_s8/ei_depth3_f0_a1_s8/found_transfer_4.jsonl	2068265	e22dfa37bd6777c1b8e67f41b15beafb86e58c43a5af1ac8a4c64a4d0b71cf5b	ok
artifacts/p2/ei_depth3_f0_a1_s8/ei_depth3_f0_a1_s8/found_transfer_5.jsonl	2647384	254424ddc9ee69a0acae3adf69fe77d6843d491683d2bd1a4e303c5d00a6fcbe	ok
artifacts/p2/ei_depth3_f0_a1_s8/ei_depth3_f0_a1_s8/found_transfer_6.jsonl	3687834	88b153f05b1b49a82285b0b5ea1f99ebc5eefe7438c0f9e8fed4d115fad0c841	ok
artifacts/p2/ei_depth3_f0_a1_s8/ei_depth3_f0_a1_s8/found_transfer_7.jsonl	4381343	f233c4a9c54310073d85e478c669d5a0b2c95b288df4b3b6845cd40bba3da990	ok
artifacts/p2/ei_depth3_f0_a1_s8/ei_depth3_f0_a1_s8/found_transfer_8.jsonl	4879435	2444fd792a97883149949463279344aeb475eef7f530898f8d55fa4206867e2b	ok
artifacts/p2/ei_depth3_f0_a1_s8/ei_depth3_f0_a1_s8/mix_1.jsonl	6459262	a5a1b787c4878ca62a107d8801fbb441bc922f8bdd78efadd3d45de35196d2e8	ok
artifacts/p2/ei_depth3_f0_a1_s8/ei_depth3_f0_a1_s8/mix_2.jsonl	6978060	a76602786830664ffd5ec22561a24226d6031385d388a74c864d46e19d282765	ok
artifacts/p2/ei_depth3_f0_a1_s8/ei_depth3_f0_a1_s8/mix_3.jsonl	7158019	30707573adb853ce1c8f742d1629a2001921b0f3938b5affa81952e68470ba87	ok
artifacts/p2/ei_depth3_f0_a1_s8/ei_depth3_f0_a1_s8/mix_4.jsonl	7386826	2172768efb5158fb0bec54d66d0e3078c6cec8a0436dc8fca94badaf53f30166	ok
artifacts/p2/ei_depth3_f0_a1_s8/ei_depth3_f0_a1_s8/mix_5.jsonl	8133841	f1af5ff90e9719095c5f21a100afd629f668027d990e071dc2eef49bd28df113	ok
artifacts/p2/ei_depth3_f0_a1_s8/ei_depth3_f0_a1_s8/mix_6.jsonl	9405195	bc6c49290165f83fb3f9b5c8e43929d4fad17e2813da546f95a6f6fadf759edf	ok
artifacts/p2/ei_depth3_f0_a1_s8/ei_depth3_f0_a1_s8/mix_7.jsonl	9871122	dd61e6cad2865e951ba2aea7692a2e8fbf3e5fd377d3db314f2652b316d7f1bc	ok
artifacts/p2/ei_depth3_f0_a1_s8/ei_depth3_f0_a1_s8/mix_8.jsonl	10070883	e70f12ba963840be62a63704dc66aaf72466aa713fd69b8ba3f96e73d10dbab2	ok
artifacts/p2/ei_depth3_f0_a1_s8/found_8.jsonl	10448900	5642bf8479c41065be590dc33f9d39c4743062f8a4cbd6e2278b96ea27b5dd4a	ok
artifacts/p2/ei_depth3_f0_a1_s8/found_transfer_8.jsonl	4879435	2444fd792a97883149949463279344aeb475eef7f530898f8d55fa4206867e2b	ok
artifacts/p2/ei_depth3_f0_a1_s9/ei_depth3_f0_a1_s9/found_1.jsonl	1079551	9ee991fc94d42640d4e429729162fc7cce7ebd113ebb9116f9dd951c35d345cb	ok
artifacts/p2/ei_depth3_f0_a1_s9/ei_depth3_f0_a1_s9/found_2.jsonl	4074207	15b0493b3ed325cf1ef52df6125067daea230fe7df36dd24ea1dd6e25fc6544b	ok
artifacts/p2/ei_depth3_f0_a1_s9/ei_depth3_f0_a1_s9/found_3.jsonl	7247518	eae40b1ccb9dabd2d4511508356853774cb4108e6aede235051553727ed499fe	ok
artifacts/p2/ei_depth3_f0_a1_s9/ei_depth3_f0_a1_s9/found_4.jsonl	9218721	08ba3fad7f7a17bb94b65be816e7daa41f301327c30d2bd7d63316d957f5a4aa	ok
artifacts/p2/ei_depth3_f0_a1_s9/ei_depth3_f0_a1_s9/found_5.jsonl	10533995	de367586abb8fa7dce952ecf0aea68311e2ab8fd0f0f39a09a4ae99140672d31	ok
artifacts/p2/ei_depth3_f0_a1_s9/ei_depth3_f0_a1_s9/found_6.jsonl	11443643	ef6ec7686c2aca556e7b91a0120de17e4b51f25883481bbdbdf2e88793203ff4	ok
artifacts/p2/ei_depth3_f0_a1_s9/ei_depth3_f0_a1_s9/found_7.jsonl	12223416	5e53ce10bc6fd63884f5017d424e8d6931754fc38aa9329568f6f656e9078b1f	ok
artifacts/p2/ei_depth3_f0_a1_s9/ei_depth3_f0_a1_s9/found_8.jsonl	12889482	454bd07bedc7a29c6c88fe8658dd39a1daea52c6f1bc292bdf2a754b2ac67b7b	ok
artifacts/p2/ei_depth3_f0_a1_s9/ei_depth3_f0_a1_s9/found_transfer_1.jsonl	577489	0fefa78d7fb6bdc612c574e64e801b7fce57fd7d6384cf9798f215370fb27b40	ok
artifacts/p2/ei_depth3_f0_a1_s9/ei_depth3_f0_a1_s9/found_transfer_2.jsonl	1920829	0718e17d7ddcfda9b8b66e9544fc8f31a61e7ffb518de718ddbb2bf0721193fb	ok
artifacts/p2/ei_depth3_f0_a1_s9/ei_depth3_f0_a1_s9/found_transfer_3.jsonl	3511343	bb016856af49cd21c15196c739dcaa2eab0bb464c0f3ea9e0fe5df13760fe629	ok
artifacts/p2/ei_depth3_f0_a1_s9/ei_depth3_f0_a1_s9/found_transfer_4.jsonl	4502923	4b83718edb609e1f916bf534258ab5873066469dbc960a8ed0ec36ee84a02b81	ok
artifacts/p2/ei_depth3_f0_a1_s9/ei_depth3_f0_a1_s9/found_transfer_5.jsonl	5176916	5f7e6b3ebb0a274e6b8168e9f647c0a6e24488c730c926ffe95bfcc3ac63c4dc	ok
artifacts/p2/ei_depth3_f0_a1_s9/ei_depth3_f0_a1_s9/found_transfer_6.jsonl	5649359	f0ab0ee039561eab5fe23dfce442aee4e56a6a55adaafbdef4d13f1033dc4d29	ok
artifacts/p2/ei_depth3_f0_a1_s9/ei_depth3_f0_a1_s9/found_transfer_7.jsonl	6049166	f4150dc1abb4816c446330c285b0a8348caf5955c69056757d7fb8046ea1528c	ok
artifacts/p2/ei_depth3_f0_a1_s9/ei_depth3_f0_a1_s9/found_transfer_8.jsonl	6389500	81687d55fa97d47c36b6aa41dcbce62f8b3b33876ddf335acb2693301f38772f	ok
artifacts/p2/ei_depth3_f0_a1_s9/ei_depth3_f0_a1_s9/mix_1.jsonl	6600166	617fc021db77c1cff2f2608872164eae2217fceceadd87719df4963c8286e169	ok
artifacts/p2/ei_depth3_f0_a1_s9/ei_depth3_f0_a1_s9/mix_2.jsonl	8026581	42f3c0a4f02a954f4057ed4de0b4c7088b46a6112a38933bb59788e5020ff1dd	ok
artifacts/p2/ei_depth3_f0_a1_s9/ei_depth3_f0_a1_s9/mix_3.jsonl	9453669	5a280467ca146ea82dcd9ece75e993dfb0051059087cee28caac8526a284c918	ok
artifacts/p2/ei_depth3_f0_a1_s9/ei_depth3_f0_a1_s9/mix_4.jsonl	9967966	16d0915a724c483dc063d210c9011f1bd951a5382df9bde18e363af900779779	ok
artifacts/p2/ei_depth3_f0_a1_s9/ei_depth3_f0_a1_s9/mix_5.jsonl	10134953	ff8aadcf2b14bacc9c1670eaaaa923a216c060b259f202faffc246403d4d0fb9	ok
artifacts/p2/ei_depth3_f0_a1_s9/ei_depth3_f0_a1_s9/mix_6.jsonl	10195830	a5c7d1a17a9c15731eddd4fde40506a094d57f7bec87bcaa1fec12d1cbe18ceb	ok
artifacts/p2/ei_depth3_f0_a1_s9/ei_depth3_f0_a1_s9/mix_7.jsonl	10285818	16da1ef5b98c9c552c1d161ef9d0b738a82cf85d6575c84322a36b3c6a8dd1b7	ok
artifacts/p2/ei_depth3_f0_a1_s9/ei_depth3_f0_a1_s9/mix_8.jsonl	10338003	524ee917b569ca6b37b4b6cf63ebb19e414ea9c3ec01413e5032df294a5ef9b8	ok
artifacts/p2/ei_depth3_f0_a1_s9/found_8.jsonl	12889482	454bd07bedc7a29c6c88fe8658dd39a1daea52c6f1bc292bdf2a754b2ac67b7b	ok
artifacts/p2/ei_depth3_f0_a1_s9/found_transfer_8.jsonl	6389500	81687d55fa97d47c36b6aa41dcbce62f8b3b33876ddf335acb2693301f38772f	ok
artifacts/p2/ei_depth3_f0_a2_s0/found_8.jsonl	12920898	9ab4c46a1d67212c7e9b85c4987c41eec30b4c22eb99ffd017936139e0c18105	ok
artifacts/p2/ei_depth3_f0_a2_s0/found_transfer_8.jsonl	5943947	7d2f70d98548645a091982df37154c78a5ac60d16a62aa1ee882db36f21f1bce	ok
artifacts/p2/ei_depth3_f0_a2_s1/found_8.jsonl	12747585	8e21db9ba462069da4ea8f28368b0da02aa0c28dd099b63cb099b0ce6a8abb0a	ok
artifacts/p2/ei_depth3_f0_a2_s1/found_transfer_8.jsonl	6029467	80a224b643d2829412c30f30e55427711ca77310ed84d1a7afece28cd5ed3b82	ok
artifacts/p2/ei_depth3_f0_a3_s0/found_8.jsonl	11464691	5c672e710b86e4bd4e4e13aebb10a8773c5e33e1ce98cc9b11a3639d572851cb	ok
artifacts/p2/ei_depth3_f0_a3_s0/found_transfer_8.jsonl	5533109	7e1b5a924a10350689836ab8433229d27907310b8dc4336d10b4d1b089d9b051	ok
artifacts/p2/ei_depth3_f0_a3_s1/found_8.jsonl	12108329	4902cc1206264352f6a79288aea65276af30abe445a64df37c1d757fa3fe07f7	ok
artifacts/p2/ei_depth3_f0_a3_s1/found_transfer_8.jsonl	5880994	866ee5dc0fc32000a963078e42224d4721dd53cfc4ba2fefc7ee16f225fbbd57	ok
artifacts/p2/ei_depth3_f0_s0/found_8.jsonl	13341929	8fc42c224a48b345fe42e5311143aae8084e641025716f8bdf0d1058ff82c067	ok
artifacts/p2/ei_depth3_f0_s0/found_transfer_8.jsonl	6762467	a65831cd72b9ba73f0f34a7aa47a98fc8adf22690ebe3b9de3ac8971c6c54f40	ok
artifacts/p2/ei_depth3_f0_s1/found_8.jsonl	9817625	098078fa037ed4e809ff1f7a7607719f34b139d8eadb49722068a2a5c7036f20	ok
artifacts/p2/ei_depth3_f0_s1/found_transfer_8.jsonl	4682418	b5e3eed4c7f970693cd8697d19df166705a224cec49230c5aa762a856a3eefd8	ok
artifacts/p2/ei_derived_ore_f0.0001_s0/found_8.jsonl	10899258	9eae2c515b21a00bbebadf2a7e9bcfe216694d901d666261000a283afda045fe	ok
artifacts/p2/ei_derived_ore_f0.0001_s0/found_transfer_8.jsonl	6961159	b963bed5cb6d7d8e20555e248a2f0ea2122a5cd6c33aab8149ce20f9edc0f0b3	ok
artifacts/p2/ei_derived_ore_f0.001_s0/found_8.jsonl	10739723	ae93662575ecd85ef0ad1a2a0adb65e3683201e8f40f724674cca9fb71394f64	ok
artifacts/p2/ei_derived_ore_f0.001_s0/found_transfer_8.jsonl	6767773	d14ea57d77dace874f63f25bec4edbdf070de31d2cd495ecdc894de835958f03	ok
artifacts/p2/ei_derived_ore_f0.001_s1/found_8.jsonl	10451321	f1efdda545fba2d2c64292c58122defbda974ea67a2a2fa75edbf0132bbec043	ok
artifacts/p2/ei_derived_ore_f0.001_s1/found_transfer_8.jsonl	7257194	ab6e35a2e7627163ddc368c2a039381cedcfd2fff6498b1cf9837e411c65b625	ok
artifacts/p2/ei_derived_ore_f0.01_s0/found_8.jsonl	12687127	50dbc6add0ea59b8b0f8a5e6db884c673453a50e6206aee4451f49e222580195	ok
artifacts/p2/ei_derived_ore_f0.01_s0/found_transfer_8.jsonl	7322767	290a004d45c265d2aea4beb7cbf131e1c2323cef6dcb08306f7e06269df2215a	ok
artifacts/p2/ei_derived_ore_f0.02_s0/found_8.jsonl	10853796	3853e1147f0839a845acd39ca780364c9c3a64e67e0c7f9d70a9113193bfb6e7	ok
artifacts/p2/ei_derived_ore_f0.02_s0/found_transfer_8.jsonl	7256706	2ceca2ab035b65ea1df8f2b55fe9aa5e974842489f74d1f4c150f44625abfa5b	ok
artifacts/p2/ei_derived_ore_f0.02_s1/found_8.jsonl	13608970	8b9a607ed7ab1550a11fb3a689cc60412b9435e79d8a964dbc3e108619773d87	ok
artifacts/p2/ei_derived_ore_f0.02_s1/found_transfer_8.jsonl	7660642	191d931b0a4a978ccbd60b5b10308a4bc2b2843c2c1ad6a6dfa3568da9a5a892	ok
artifacts/p2/ei_derived_ore_f0_s0/found_8.jsonl	8257989	2d67233fccfb624f4952dff352aa57bdb8fc8f467abba840297a14767f47dc15	ok
artifacts/p2/ei_derived_ore_f0_s0/found_transfer_8.jsonl	7247552	eb878c8bf85e2a09b7754930ed88436606afbb48a753a5989b9027fbf7cddbeb	ok
artifacts/p2/ei_derived_ore_f0_s1/found_8.jsonl	7722466	02d3fa52d834207f805f74e62b2c3ad49cee0ac572f3b3509b6f1e731f7801b5	ok
artifacts/p2/ei_derived_ore_f0_s1/found_transfer_8.jsonl	6810835	f5dd9bb3c9cd0328db37870cbed39a7719e9bd006b04b27bd55ebba0f65d15d0	ok
artifacts/p2/ei_derived_ore_strict_f0.001_c8_s0/found_8.jsonl	8099565	e740b18df2796ab1e5b54dc9c260b7e38c7d774814d084329f210ca6f7ee8444	ok
artifacts/p2/ei_derived_ore_strict_f0.001_c8_s0/found_transfer_8.jsonl	3619873	3024aab743d1eb8f5dc4de6930cab6ab1b80bbd06d1ae6f6bf08b37d10c96d4d	ok
artifacts/p2/ei_derived_ore_strict_f0.01_c8_s0/found_8.jsonl	7914719	9cfd349f687671d0798f248ee5862b3e2f0f039bd2a7dabe3b02cac9622a5165	ok
artifacts/p2/ei_derived_ore_strict_f0.01_c8_s0/found_transfer_8.jsonl	3670392	16e87f37b3e88dca27fae4a4c9b69d2f7c3f77fc5a75d19df170a5aff7704a6c	ok
artifacts/p2/ei_derived_ore_strict_f0_c8_s0/found_8.jsonl	7559397	c206307faa19dd9924b871e76e547f8cb62f065ded61b03a64686fa9f0616011	ok
artifacts/p2/ei_derived_ore_strict_f0_c8_s0/found_transfer_8.jsonl	3228650	eceac1c6a95e2725eb318e5a28597404cba09272969d84764152a9b9a6d07615	ok
artifacts/p2/ei_derived_ore_strict_f0_c8_s1/found_8.jsonl	7914184	5a06f93bcc4d4ad990fa55333a3cf95a5965a7ec378ef60266eef46aad6b0351	ok
artifacts/p2/ei_derived_ore_strict_f0_c8_s1/found_transfer_8.jsonl	3760412	61f7814938ea17378150e5ef12f3df257a283d720aef68da1275cedc6a81d307	ok
artifacts/p2/ei_reductio_f0.0001_s0/found_8.jsonl	4020114	81e63db75d4a043902bff4679dbae87f1881c87173e61857a89eb0cd8faa984b	ok
artifacts/p2/ei_reductio_f0.0001_s0/found_transfer_8.jsonl	1338215	88a5752777b7548e214d49a4490a7b89113d8b4da59ffbea2ae5aff8fc8108ad	ok
artifacts/p2/ei_reductio_f0.001_s0/found_8.jsonl	3767414	1f4b47181362118783b00f981d826ef5a51062eefc0b4dfb58efe108d180a582	ok
artifacts/p2/ei_reductio_f0.001_s0/found_transfer_8.jsonl	1212301	3c109f2e8199f9d26ce0b57efb79a4682901c6d6b3e96f0f1da5a867a1fd9c56	ok
artifacts/p2/ei_reductio_f0.001_s1/found_8.jsonl	6163918	f161836b3573f7aa70b4200a1ffd6290e7c10af5319c4cdf7556712fe88e044d	ok
artifacts/p2/ei_reductio_f0.001_s1/found_transfer_8.jsonl	2487376	5b23a92ceb47f2fdb0f698f14b00f9b1c5ff2301e014bd9c38e43679bfd21aeb	ok
artifacts/p2/ei_reductio_f0.01_s0/found_8.jsonl	7635064	bae69c5dc48106d560c532cd280f8f812f84855b85a275929af9f0c1e76b044b	ok
artifacts/p2/ei_reductio_f0.01_s0/found_transfer_8.jsonl	2823154	6e87be171ebb0ae38e648e334adf513d6b8aece49fc7e19bd07ce5980c3e1a7f	ok
artifacts/p2/ei_reductio_f0.1_s0/found_8.jsonl	3615659	a980282db9abd3209a9837fe786826ca276fd47c0fa65057a55f4e11396c476f	ok
artifacts/p2/ei_reductio_f0.1_s0/found_transfer_8.jsonl	1132769	0cdf0f0c0bb481e495e66a0109a08ce88d3159031a80d0e5cfddf92194885512	ok
artifacts/p2/ei_reductio_f0.1_s0_t2/found_8.jsonl	1714318	226b61e47fe98e9b2a57c5e970b2164a1bac4338d5d0592f91dd6ab79628121b	ok
artifacts/p2/ei_reductio_f0.1_s0_t2/found_transfer_8.jsonl	784454	9da09ac55e1b45598151310df98e721d15fd9ad3eaa6b181fb0c639dd36857e1	ok
artifacts/p2/ei_reductio_f0.1_s1_t2/found_8.jsonl	1498220	f907bf9065db9b6b4888bf4fe6e08106ddf5a9a2557cad7181cdd8f4fa9dfd75	ok
artifacts/p2/ei_reductio_f0.1_s1_t2/found_transfer_8.jsonl	694949	a09b364a6a02c8c26157b2fed39a3da9113c7cc2a13aa96b2b3116065991840c	ok
artifacts/p2/ei_reductio_f0_s0/found_8.jsonl	8680046	36701ada204275225473d59024773fae561474862e1da3a9d74d84804ba486e8	ok
artifacts/p2/ei_reductio_f0_s0/found_transfer_8.jsonl	3157154	ccce19c9d634fe773f26f71c85b38abd0ab61cce446de167e138e859985e09f6	ok
artifacts/p2/ei_reductio_f0_s0_t2/found_8.jsonl	1190790	6b6fbcd7444063fe561e4b86c8c4773e3fc4d821571873203e6418fbbc0a572d	ok
artifacts/p2/ei_reductio_f0_s0_t2/found_transfer_8.jsonl	562663	e13f486bbbeef57a4555f9b7edc43470c3ae196fa2a1cd198d77e52b3bc0551a	ok
artifacts/p2/ei_reductio_f0_s1/found_8.jsonl	3442546	4bfe7d84cc9e1791b8e3338300a8d1eb34c694aa283043bf70b59f76c60a99f6	ok
artifacts/p2/ei_reductio_f0_s1/found_transfer_8.jsonl	1155319	be043228097c8b079b87c39ab17d21339a2cd54c257188478eda04500c23ebea	ok
artifacts/p2/ei_reductio_f0_s10_t2/found_8.jsonl	0	e3b0c44298fc1c149afbf4c8996fb92427ae41e4649b934ca495991b7852b855	ok
artifacts/p2/ei_reductio_f0_s10_t2/found_transfer_8.jsonl	0	e3b0c44298fc1c149afbf4c8996fb92427ae41e4649b934ca495991b7852b855	ok
artifacts/p2/ei_reductio_f0_s10_t2_ivK/found_8.jsonl	0	e3b0c44298fc1c149afbf4c8996fb92427ae41e4649b934ca495991b7852b855	ok
artifacts/p2/ei_reductio_f0_s10_t2_ivK/found_transfer_8.jsonl	0	e3b0c44298fc1c149afbf4c8996fb92427ae41e4649b934ca495991b7852b855	ok
artifacts/p2/ei_reductio_f0_s10_t2_ivS/found_8.jsonl	1396320	d6af5225e2677c02cd9976a5ba048c35d4dd32a7a3cedaec8135ebe592ad77dc	ok
artifacts/p2/ei_reductio_f0_s10_t2_ivS/found_transfer_8.jsonl	701296	bfc63a1544465264fed444ce703ad25e58146a79fdbc9fb280ad95a1172b0115	ok
artifacts/p2/ei_reductio_f0_s10_t2_ivT/found_8.jsonl	0	e3b0c44298fc1c149afbf4c8996fb92427ae41e4649b934ca495991b7852b855	ok
artifacts/p2/ei_reductio_f0_s10_t2_ivT/found_transfer_8.jsonl	0	e3b0c44298fc1c149afbf4c8996fb92427ae41e4649b934ca495991b7852b855	ok
artifacts/p2/ei_reductio_f0_s1_t2/found_8.jsonl	0	e3b0c44298fc1c149afbf4c8996fb92427ae41e4649b934ca495991b7852b855	ok
artifacts/p2/ei_reductio_f0_s1_t2/found_transfer_8.jsonl	0	e3b0c44298fc1c149afbf4c8996fb92427ae41e4649b934ca495991b7852b855	ok
artifacts/p2/ei_reductio_f0_s2_t2/found_8.jsonl	0	e3b0c44298fc1c149afbf4c8996fb92427ae41e4649b934ca495991b7852b855	ok
artifacts/p2/ei_reductio_f0_s2_t2/found_transfer_8.jsonl	0	e3b0c44298fc1c149afbf4c8996fb92427ae41e4649b934ca495991b7852b855	ok
artifacts/p2/ei_reductio_f0_s3_t2/ei_reductio_f0_s3_t2/found_1.jsonl	0	e3b0c44298fc1c149afbf4c8996fb92427ae41e4649b934ca495991b7852b855	ok
artifacts/p2/ei_reductio_f0_s3_t2/ei_reductio_f0_s3_t2/found_2.jsonl	0	e3b0c44298fc1c149afbf4c8996fb92427ae41e4649b934ca495991b7852b855	ok
artifacts/p2/ei_reductio_f0_s3_t2/ei_reductio_f0_s3_t2/found_3.jsonl	0	e3b0c44298fc1c149afbf4c8996fb92427ae41e4649b934ca495991b7852b855	ok
artifacts/p2/ei_reductio_f0_s3_t2/ei_reductio_f0_s3_t2/found_4.jsonl	0	e3b0c44298fc1c149afbf4c8996fb92427ae41e4649b934ca495991b7852b855	ok
artifacts/p2/ei_reductio_f0_s3_t2/ei_reductio_f0_s3_t2/found_5.jsonl	0	e3b0c44298fc1c149afbf4c8996fb92427ae41e4649b934ca495991b7852b855	ok
artifacts/p2/ei_reductio_f0_s3_t2/ei_reductio_f0_s3_t2/found_6.jsonl	496	43e54a208e78d9544518d7e62145e5227580363276f2674f3df3ef7a58e9a95c	ok
artifacts/p2/ei_reductio_f0_s3_t2/ei_reductio_f0_s3_t2/found_7.jsonl	16378	628e5baf17a5e533ca5ba45fc24ce6b73bf2db9844f442e55b70b6116e5b9efa	ok
artifacts/p2/ei_reductio_f0_s3_t2/ei_reductio_f0_s3_t2/found_8.jsonl	146029	4eb9035b20a01849d841a812db0e36ef85c190acc2c37580d715e0c3f153deb2	ok
artifacts/p2/ei_reductio_f0_s3_t2/ei_reductio_f0_s3_t2/found_transfer_1.jsonl	0	e3b0c44298fc1c149afbf4c8996fb92427ae41e4649b934ca495991b7852b855	ok
artifacts/p2/ei_reductio_f0_s3_t2/ei_reductio_f0_s3_t2/found_transfer_2.jsonl	0	e3b0c44298fc1c149afbf4c8996fb92427ae41e4649b934ca495991b7852b855	ok
artifacts/p2/ei_reductio_f0_s3_t2/ei_reductio_f0_s3_t2/found_transfer_3.jsonl	0	e3b0c44298fc1c149afbf4c8996fb92427ae41e4649b934ca495991b7852b855	ok
artifacts/p2/ei_reductio_f0_s3_t2/ei_reductio_f0_s3_t2/found_transfer_4.jsonl	0	e3b0c44298fc1c149afbf4c8996fb92427ae41e4649b934ca495991b7852b855	ok
artifacts/p2/ei_reductio_f0_s3_t2/ei_reductio_f0_s3_t2/found_transfer_5.jsonl	0	e3b0c44298fc1c149afbf4c8996fb92427ae41e4649b934ca495991b7852b855	ok
artifacts/p2/ei_reductio_f0_s3_t2/ei_reductio_f0_s3_t2/found_transfer_6.jsonl	0	e3b0c44298fc1c149afbf4c8996fb92427ae41e4649b934ca495991b7852b855	ok
artifacts/p2/ei_reductio_f0_s3_t2/ei_reductio_f0_s3_t2/found_transfer_7.jsonl	1022	f1242c486f3a4e2cc29dca9460b52caeaccebfd7ee545f84f1e7b43807f0ee0b	ok
artifacts/p2/ei_reductio_f0_s3_t2/ei_reductio_f0_s3_t2/found_transfer_8.jsonl	28994	45cbf23d25250e438f3a511870c891d5a290bc0ccc7256b65e60cd20022aace8	ok
artifacts/p2/ei_reductio_f0_s3_t2/ei_reductio_f0_s3_t2/mix_1.jsonl	5855233	7c8d1d1860aab9f15f66b2ff0de62dce2be3c3cf8bd2c68417a9ac7d0fdf82cc	ok
artifacts/p2/ei_reductio_f0_s3_t2/ei_reductio_f0_s3_t2/mix_2.jsonl	5830058	56d60b49032d0476294015e5f1c10ef97931ee7200af1a621295bdcdc5e833a4	ok
artifacts/p2/ei_reductio_f0_s3_t2/ei_reductio_f0_s3_t2/mix_3.jsonl	5816340	a43d5082eb4a6a3c37094c01c7aad45dae63d3ce0244d43d739337bef6fef6be	ok
artifacts/p2/ei_reductio_f0_s3_t2/ei_reductio_f0_s3_t2/mix_4.jsonl	5823751	d433fba27df32ff10500252bdbd9227f10f771a52da71b9cfee91a831b440be6	ok
artifacts/p2/ei_reductio_f0_s3_t2/ei_reductio_f0_s3_t2/mix_5.jsonl	5834635	fd39f4f75e59b11f05f2b56c818474e453a856403348ad86d16c3d09f112df4b	ok
artifacts/p2/ei_reductio_f0_s3_t2/ei_reductio_f0_s3_t2/mix_6.jsonl	5837910	815e6123f7f0fd5b9f33c86a22be4df066ca10207674f10a7680a5867ae5227e	ok
artifacts/p2/ei_reductio_f0_s3_t2/ei_reductio_f0_s3_t2/mix_7.jsonl	5870404	e30fe535f7ff438fb2b343b6e4260638129a639864311de0af968aa783b5a627	ok
artifacts/p2/ei_reductio_f0_s3_t2/ei_reductio_f0_s3_t2/mix_8.jsonl	5909694	974f3f2285304f2321083e45c70830a78951dc5eab64bce5664608fcee944bc6	ok
artifacts/p2/ei_reductio_f0_s3_t2/found_8.jsonl	146029	4eb9035b20a01849d841a812db0e36ef85c190acc2c37580d715e0c3f153deb2	ok
artifacts/p2/ei_reductio_f0_s3_t2/found_transfer_8.jsonl	28994	45cbf23d25250e438f3a511870c891d5a290bc0ccc7256b65e60cd20022aace8	ok
artifacts/p2/ei_reductio_f0_s3_t2_ivK/ei_reductio_f0_s3_t2_ivK/found_5.jsonl	1502	2ccafb47815c3dc7b64906f5fc4131f3f6fa79a5b428a9c5dce8ef3a83439e7b	ok
artifacts/p2/ei_reductio_f0_s3_t2_ivK/ei_reductio_f0_s3_t2_ivK/found_6.jsonl	91718	7385aaca2823ba30200f67a8a40f2f80bbe21c6c6de60845fb0307bc8cb1b763	ok
artifacts/p2/ei_reductio_f0_s3_t2_ivK/ei_reductio_f0_s3_t2_ivK/found_7.jsonl	278158	48731d718cb37f5c0c4934f2e3a2ffb5b0425b19bb57b218af7829f622bf7131	ok
artifacts/p2/ei_reductio_f0_s3_t2_ivK/ei_reductio_f0_s3_t2_ivK/found_8.jsonl	565798	bc652fdb752762a211ce58711ae25e512df7cf208ce1ef67075c0e83f74ed3c0	ok
artifacts/p2/ei_reductio_f0_s3_t2_ivK/ei_reductio_f0_s3_t2_ivK/found_transfer_5.jsonl	0	e3b0c44298fc1c149afbf4c8996fb92427ae41e4649b934ca495991b7852b855	ok
artifacts/p2/ei_reductio_f0_s3_t2_ivK/ei_reductio_f0_s3_t2_ivK/found_transfer_6.jsonl	20875	a5d7f802ec121976915b27dd3db22a08de79e363ec21a1db9e20b3bb5dfd3f03	ok
artifacts/p2/ei_reductio_f0_s3_t2_ivK/ei_reductio_f0_s3_t2_ivK/found_transfer_7.jsonl	61359	3cd194dfe48282d356bde677a639dfb8009f51fb524c8b6cf951176b235f6d6f	ok
artifacts/p2/ei_reductio_f0_s3_t2_ivK/ei_reductio_f0_s3_t2_ivK/found_transfer_8.jsonl	201801	1b1467224071f345d219094866c81fa8d5facd972906d01fafcaec8d8679a642	ok
artifacts/p2/ei_reductio_f0_s3_t2_ivK/ei_reductio_f0_s3_t2_ivK/mix_5.jsonl	5859534	08cadfe2f7fcaae372ff10b51e1c2f9e0adf23a36903fc696e9f6fafbb319aec	ok
artifacts/p2/ei_reductio_f0_s3_t2_ivK/ei_reductio_f0_s3_t2_ivK/mix_6.jsonl	5926977	9bc9b1af39a8aae2695ff92d490deab5d014acd071f55bd4d273238d6e93f420	ok
artifacts/p2/ei_reductio_f0_s3_t2_ivK/ei_reductio_f0_s3_t2_ivK/mix_7.jsonl	5964665	6a6de3aa1f0a5b141d3826f246d84c1eea6ff91ee80004ba3712c74114aa78a6	ok
artifacts/p2/ei_reductio_f0_s3_t2_ivK/ei_reductio_f0_s3_t2_ivK/mix_8.jsonl	6071339	803c18e8358a52a5ab7458acba746c81bc22e812354588fa7d236ff0b0c1e244	ok
artifacts/p2/ei_reductio_f0_s3_t2_ivK/found_8.jsonl	565798	bc652fdb752762a211ce58711ae25e512df7cf208ce1ef67075c0e83f74ed3c0	ok
artifacts/p2/ei_reductio_f0_s3_t2_ivK/found_transfer_8.jsonl	201801	1b1467224071f345d219094866c81fa8d5facd972906d01fafcaec8d8679a642	ok
artifacts/p2/ei_reductio_f0_s3_t2_ivS/ei_reductio_f0_s3_t2_ivS/found_5.jsonl	625254	99d93e63e0d700b086bde4ebfff73bb341d2c5a90465ab896f58c52c8d978eb6	ok
artifacts/p2/ei_reductio_f0_s3_t2_ivS/ei_reductio_f0_s3_t2_ivS/found_6.jsonl	954949	88ea76b8e768fc6442e5642b27ff6cc353ced1d19bcda9faef0c619d725da4b0	ok
artifacts/p2/ei_reductio_f0_s3_t2_ivS/ei_reductio_f0_s3_t2_ivS/found_7.jsonl	1183924	9123de78067dc7256bb5d0786cd5839a6696617cdb46a1cfb76afc0a488250b4	ok
artifacts/p2/ei_reductio_f0_s3_t2_ivS/ei_reductio_f0_s3_t2_ivS/found_8.jsonl	1422777	9b26d3d5a64e9306363e958b6748c5e1a5c39c74169c0955ed4b139076ef98eb	ok
artifacts/p2/ei_reductio_f0_s3_t2_ivS/ei_reductio_f0_s3_t2_ivS/found_transfer_5.jsonl	255371	67835d756fcd747e810ace6c761e0e9d8c47418da7ea1f4c8e4e8675f18f7538	ok
artifacts/p2/ei_reductio_f0_s3_t2_ivS/ei_reductio_f0_s3_t2_ivS/found_transfer_6.jsonl	390891	97a66525f43dfc08e7510599b061ea0c193d0d2f15b5c68ac69359c6413f3db7	ok
artifacts/p2/ei_reductio_f0_s3_t2_ivS/ei_reductio_f0_s3_t2_ivS/found_transfer_7.jsonl	488886	804fbb3b865412a0e5343c6f9c276484c63ecada10f1a6a27f990393fb54ee1a	ok
artifacts/p2/ei_reductio_f0_s3_t2_ivS/ei_reductio_f0_s3_t2_ivS/found_transfer_8.jsonl	585051	44a5296b5455db1ae176277b5bc93381f5d8759725a87baac31f3a93272d644d	ok
artifacts/p2/ei_reductio_f0_s3_t2_ivS/ei_reductio_f0_s3_t2_ivS/mix_5.jsonl	6171253	803d4059c82a3090d10e34d97414dc9cb0233aa974aa4334e2bc38afb4f1ad39	ok
artifacts/p2/ei_reductio_f0_s3_t2_ivS/ei_reductio_f0_s3_t2_ivS/mix_6.jsonl	6173549	b78e578ec6cb2e595e19a0bf9df2eef29b60ef16279236962bd453aa9c2136a4	ok
artifacts/p2/ei_reductio_f0_s3_t2_ivS/ei_reductio_f0_s3_t2_ivS/mix_7.jsonl	6223418	f06ef689294598829c8a0e52afe67d381f5fd9b1e2db83290d1d936cf05befef	ok
artifacts/p2/ei_reductio_f0_s3_t2_ivS/ei_reductio_f0_s3_t2_ivS/mix_8.jsonl	6287279	114a2bc9b487190a756c3dd5d50ab47e023c0d159727a803c7cf5ed872c2b570	ok
artifacts/p2/ei_reductio_f0_s3_t2_ivS/found_8.jsonl	1422777	9b26d3d5a64e9306363e958b6748c5e1a5c39c74169c0955ed4b139076ef98eb	ok
artifacts/p2/ei_reductio_f0_s3_t2_ivS/found_transfer_8.jsonl	585051	44a5296b5455db1ae176277b5bc93381f5d8759725a87baac31f3a93272d644d	ok
artifacts/p2/ei_reductio_f0_s3_t2_ivT/ei_reductio_f0_s3_t2_ivT/found_5.jsonl	0	e3b0c44298fc1c149afbf4c8996fb92427ae41e4649b934ca495991b7852b855	ok
artifacts/p2/ei_reductio_f0_s3_t2_ivT/ei_reductio_f0_s3_t2_ivT/found_6.jsonl	496	43e54a208e78d9544518d7e62145e5227580363276f2674f3df3ef7a58e9a95c	ok
artifacts/p2/ei_reductio_f0_s3_t2_ivT/ei_reductio_f0_s3_t2_ivT/found_7.jsonl	18884	82755e778f1ffcd6ff01351103070be36daa9c67ae26678d6dea9f360c0c24c2	ok
artifacts/p2/ei_reductio_f0_s3_t2_ivT/ei_reductio_f0_s3_t2_ivT/found_8.jsonl	141480	c60b22b2b2c88da00530569b138f8b5fbc98b0beda885ef78183ae782f7e75e2	ok
artifacts/p2/ei_reductio_f0_s3_t2_ivT/ei_reductio_f0_s3_t2_ivT/found_transfer_5.jsonl	0	e3b0c44298fc1c149afbf4c8996fb92427ae41e4649b934ca495991b7852b855	ok
artifacts/p2/ei_reductio_f0_s3_t2_ivT/ei_reductio_f0_s3_t2_ivT/found_transfer_6.jsonl	0	e3b0c44298fc1c149afbf4c8996fb92427ae41e4649b934ca495991b7852b855	ok
artifacts/p2/ei_reductio_f0_s3_t2_ivT/ei_reductio_f0_s3_t2_ivT/found_transfer_7.jsonl	894	2c09c063a511378deac40c1f8f3c3dd2b2398202d8a46ca628139f514e639edd	ok
artifacts/p2/ei_reductio_f0_s3_t2_ivT/ei_reductio_f0_s3_t2_ivT/found_transfer_8.jsonl	24353	e63daf02171a88025122127d98db6c20b1796b06bbf8469a9bb78126b8303c38	ok
artifacts/p2/ei_reductio_f0_s3_t2_ivT/ei_reductio_f0_s3_t2_ivT/mix_5.jsonl	5855233	7c8d1d1860aab9f15f66b2ff0de62dce2be3c3cf8bd2c68417a9ac7d0fdf82cc	ok
artifacts/p2/ei_reductio_f0_s3_t2_ivT/ei_reductio_f0_s3_t2_ivT/mix_6.jsonl	5856645	c478157eb2583bb0572f87af24d5374d9f7476d3ef802b558abf8ac79da449ab	ok
artifacts/p2/ei_reductio_f0_s3_t2_ivT/ei_reductio_f0_s3_t2_ivT/mix_7.jsonl	5848453	ccd639b1b0238cea65a419229e8dae04fea93fb0e78a8a7e24a67598ce2435d3	ok
artifacts/p2/ei_reductio_f0_s3_t2_ivT/ei_reductio_f0_s3_t2_ivT/mix_8.jsonl	5887724	69163b6406b3ef76268643f33f5f6b77ea3bf5c88c2e91bfb39a6011280acade	ok
artifacts/p2/ei_reductio_f0_s3_t2_ivT/found_8.jsonl	141480	c60b22b2b2c88da00530569b138f8b5fbc98b0beda885ef78183ae782f7e75e2	ok
artifacts/p2/ei_reductio_f0_s3_t2_ivT/found_transfer_8.jsonl	24353	e63daf02171a88025122127d98db6c20b1796b06bbf8469a9bb78126b8303c38	ok
artifacts/p2/ei_reductio_f0_s4_t2/ei_reductio_f0_s4_t2/found_1.jsonl	0	e3b0c44298fc1c149afbf4c8996fb92427ae41e4649b934ca495991b7852b855	ok
artifacts/p2/ei_reductio_f0_s4_t2/ei_reductio_f0_s4_t2/found_2.jsonl	0	e3b0c44298fc1c149afbf4c8996fb92427ae41e4649b934ca495991b7852b855	ok
artifacts/p2/ei_reductio_f0_s4_t2/ei_reductio_f0_s4_t2/found_3.jsonl	0	e3b0c44298fc1c149afbf4c8996fb92427ae41e4649b934ca495991b7852b855	ok
artifacts/p2/ei_reductio_f0_s4_t2/ei_reductio_f0_s4_t2/found_4.jsonl	0	e3b0c44298fc1c149afbf4c8996fb92427ae41e4649b934ca495991b7852b855	ok
artifacts/p2/ei_reductio_f0_s4_t2/ei_reductio_f0_s4_t2/found_5.jsonl	0	e3b0c44298fc1c149afbf4c8996fb92427ae41e4649b934ca495991b7852b855	ok
artifacts/p2/ei_reductio_f0_s4_t2/ei_reductio_f0_s4_t2/found_6.jsonl	0	e3b0c44298fc1c149afbf4c8996fb92427ae41e4649b934ca495991b7852b855	ok
artifacts/p2/ei_reductio_f0_s4_t2/ei_reductio_f0_s4_t2/found_7.jsonl	0	e3b0c44298fc1c149afbf4c8996fb92427ae41e4649b934ca495991b7852b855	ok
artifacts/p2/ei_reductio_f0_s4_t2/ei_reductio_f0_s4_t2/found_8.jsonl	0	e3b0c44298fc1c149afbf4c8996fb92427ae41e4649b934ca495991b7852b855	ok
artifacts/p2/ei_reductio_f0_s4_t2/ei_reductio_f0_s4_t2/found_transfer_1.jsonl	0	e3b0c44298fc1c149afbf4c8996fb92427ae41e4649b934ca495991b7852b855	ok
artifacts/p2/ei_reductio_f0_s4_t2/ei_reductio_f0_s4_t2/found_transfer_2.jsonl	0	e3b0c44298fc1c149afbf4c8996fb92427ae41e4649b934ca495991b7852b855	ok
artifacts/p2/ei_reductio_f0_s4_t2/ei_reductio_f0_s4_t2/found_transfer_3.jsonl	0	e3b0c44298fc1c149afbf4c8996fb92427ae41e4649b934ca495991b7852b855	ok
artifacts/p2/ei_reductio_f0_s4_t2/ei_reductio_f0_s4_t2/found_transfer_4.jsonl	0	e3b0c44298fc1c149afbf4c8996fb92427ae41e4649b934ca495991b7852b855	ok
artifacts/p2/ei_reductio_f0_s4_t2/ei_reductio_f0_s4_t2/found_transfer_5.jsonl	0	e3b0c44298fc1c149afbf4c8996fb92427ae41e4649b934ca495991b7852b855	ok
artifacts/p2/ei_reductio_f0_s4_t2/ei_reductio_f0_s4_t2/found_transfer_6.jsonl	0	e3b0c44298fc1c149afbf4c8996fb92427ae41e4649b934ca495991b7852b855	ok
artifacts/p2/ei_reductio_f0_s4_t2/ei_reductio_f0_s4_t2/found_transfer_7.jsonl	0	e3b0c44298fc1c149afbf4c8996fb92427ae41e4649b934ca495991b7852b855	ok
artifacts/p2/ei_reductio_f0_s4_t2/ei_reductio_f0_s4_t2/found_transfer_8.jsonl	0	e3b0c44298fc1c149afbf4c8996fb92427ae41e4649b934ca495991b7852b855	ok
artifacts/p2/ei_reductio_f0_s4_t2/ei_reductio_f0_s4_t2/mix_1.jsonl	5820195	384e74b8eb7ca1e45d9c6735c23f0e6d20d398fc3f5c8d24daab9e095c0fda48	ok
artifacts/p2/ei_reductio_f0_s4_t2/ei_reductio_f0_s4_t2/mix_2.jsonl	5839698	f2ebcdad49ec57eff37701bbc00cb48caa146f7791d16361d4c125c5628e7bc8	ok
artifacts/p2/ei_reductio_f0_s4_t2/ei_reductio_f0_s4_t2/mix_3.jsonl	5815729	ebeb424011f7aa514c2f8f0e2dc1f4293279f76f06561f57e2ff28d04b2cd26c	ok
artifacts/p2/ei_reductio_f0_s4_t2/ei_reductio_f0_s4_t2/mix_4.jsonl	5812263	4d8d6e445b857924970aaea798309cdd58bd743be62631abeb511780c549c6e6	ok
artifacts/p2/ei_reductio_f0_s4_t2/ei_reductio_f0_s4_t2/mix_5.jsonl	5814026	a19b56baf2a9a71e889f42d0e1cafc15379502a0322939bc0a365b47545cc5da	ok
artifacts/p2/ei_reductio_f0_s4_t2/ei_reductio_f0_s4_t2/mix_6.jsonl	5840474	f495a007146288e08c8766bbaf78597d2544a4e35a21589b497d939dcd990f7f	ok
artifacts/p2/ei_reductio_f0_s4_t2/ei_reductio_f0_s4_t2/mix_7.jsonl	5839294	e0f14fb3335dc60120ab5c3816e369fbb68a1c65a133f4533713fe93ea34bc21	ok
artifacts/p2/ei_reductio_f0_s4_t2/ei_reductio_f0_s4_t2/mix_8.jsonl	5842146	7c83cf8a20188fc9e56fabab32925120580adde206a74ffd574045586eb04673	ok
artifacts/p2/ei_reductio_f0_s4_t2/found_8.jsonl	0	e3b0c44298fc1c149afbf4c8996fb92427ae41e4649b934ca495991b7852b855	ok
artifacts/p2/ei_reductio_f0_s4_t2/found_transfer_8.jsonl	0	e3b0c44298fc1c149afbf4c8996fb92427ae41e4649b934ca495991b7852b855	ok
artifacts/p2/ei_reductio_f0_s4_t2_ivK/ei_reductio_f0_s4_t2_ivK/found_5.jsonl	0	e3b0c44298fc1c149afbf4c8996fb92427ae41e4649b934ca495991b7852b855	ok
artifacts/p2/ei_reductio_f0_s4_t2_ivK/ei_reductio_f0_s4_t2_ivK/found_6.jsonl	0	e3b0c44298fc1c149afbf4c8996fb92427ae41e4649b934ca495991b7852b855	ok
artifacts/p2/ei_reductio_f0_s4_t2_ivK/ei_reductio_f0_s4_t2_ivK/found_7.jsonl	0	e3b0c44298fc1c149afbf4c8996fb92427ae41e4649b934ca495991b7852b855	ok
artifacts/p2/ei_reductio_f0_s4_t2_ivK/ei_reductio_f0_s4_t2_ivK/found_8.jsonl	0	e3b0c44298fc1c149afbf4c8996fb92427ae41e4649b934ca495991b7852b855	ok
artifacts/p2/ei_reductio_f0_s4_t2_ivK/ei_reductio_f0_s4_t2_ivK/found_transfer_5.jsonl	0	e3b0c44298fc1c149afbf4c8996fb92427ae41e4649b934ca495991b7852b855	ok
artifacts/p2/ei_reductio_f0_s4_t2_ivK/ei_reductio_f0_s4_t2_ivK/found_transfer_6.jsonl	0	e3b0c44298fc1c149afbf4c8996fb92427ae41e4649b934ca495991b7852b855	ok
artifacts/p2/ei_reductio_f0_s4_t2_ivK/ei_reductio_f0_s4_t2_ivK/found_transfer_7.jsonl	0	e3b0c44298fc1c149afbf4c8996fb92427ae41e4649b934ca495991b7852b855	ok
artifacts/p2/ei_reductio_f0_s4_t2_ivK/ei_reductio_f0_s4_t2_ivK/found_transfer_8.jsonl	0	e3b0c44298fc1c149afbf4c8996fb92427ae41e4649b934ca495991b7852b855	ok
artifacts/p2/ei_reductio_f0_s4_t2_ivK/ei_reductio_f0_s4_t2_ivK/mix_5.jsonl	5820195	384e74b8eb7ca1e45d9c6735c23f0e6d20d398fc3f5c8d24daab9e095c0fda48	ok
artifacts/p2/ei_reductio_f0_s4_t2_ivK/ei_reductio_f0_s4_t2_ivK/mix_6.jsonl	5820195	384e74b8eb7ca1e45d9c6735c23f0e6d20d398fc3f5c8d24daab9e095c0fda48	ok
artifacts/p2/ei_reductio_f0_s4_t2_ivK/ei_reductio_f0_s4_t2_ivK/mix_7.jsonl	5839698	f2ebcdad49ec57eff37701bbc00cb48caa146f7791d16361d4c125c5628e7bc8	ok
artifacts/p2/ei_reductio_f0_s4_t2_ivK/ei_reductio_f0_s4_t2_ivK/mix_8.jsonl	5815729	ebeb424011f7aa514c2f8f0e2dc1f4293279f76f06561f57e2ff28d04b2cd26c	ok
artifacts/p2/ei_reductio_f0_s4_t2_ivK/found_8.jsonl	0	e3b0c44298fc1c149afbf4c8996fb92427ae41e4649b934ca495991b7852b855	ok
artifacts/p2/ei_reductio_f0_s4_t2_ivK/found_transfer_8.jsonl	0	e3b0c44298fc1c149afbf4c8996fb92427ae41e4649b934ca495991b7852b855	ok
artifacts/p2/ei_reductio_f0_s4_t2_ivS/ei_reductio_f0_s4_t2_ivS/found_5.jsonl	633238	bd00127c7281b104636c87bb90e0ada3d6f23e3c10b3698e6bc9d92a040bf623	ok
artifacts/p2/ei_reductio_f0_s4_t2_ivS/ei_reductio_f0_s4_t2_ivS/found_6.jsonl	996092	047fe3f05bba2f1713a17e3e1371b73db9507e8b53209ff1bd4b7591dd8d8285	ok
artifacts/p2/ei_reductio_f0_s4_t2_ivS/ei_reductio_f0_s4_t2_ivS/found_7.jsonl	1358417	9a2260565133c0c6438b61d6a2611caf16e5bae00576010579a44833ce9e8f2f	ok
artifacts/p2/ei_reductio_f0_s4_t2_ivS/ei_reductio_f0_s4_t2_ivS/found_8.jsonl	1723487	ac95a217f2f498d5c4125fc9bea7efc2ebb5fc48656077a3e8b6ece21e13e365	ok
artifacts/p2/ei_reductio_f0_s4_t2_ivS/ei_reductio_f0_s4_t2_ivS/found_transfer_5.jsonl	261907	632dab3a533b0c4b1caa2f4a5b825f01b5ba4b023855649c9d63729123ed811b	ok
artifacts/p2/ei_reductio_f0_s4_t2_ivS/ei_reductio_f0_s4_t2_ivS/found_transfer_6.jsonl	480024	2bc520b0178303bdf53437671565e00ceb4f7b9d97b4493e037890d0268039c9	ok
artifacts/p2/ei_reductio_f0_s4_t2_ivS/ei_reductio_f0_s4_t2_ivS/found_transfer_7.jsonl	641356	bc12ff5dc8fbef3585c1bf134f61e662fb262cf20757b390969cba3ce48f3fe9	ok
artifacts/p2/ei_reductio_f0_s4_t2_ivS/ei_reductio_f0_s4_t2_ivS/found_transfer_8.jsonl	800342	56913de166c336d7db0d9eec1110d29616cc57bd3b845e8ef1b8c511aa56abff	ok
artifacts/p2/ei_reductio_f0_s4_t2_ivS/ei_reductio_f0_s4_t2_ivS/mix_5.jsonl	6174091	5aa4f3fe8fab1b7d91d256497fb6af3f4e2c2b3f575b9f09459733bd303f2a74	ok
artifacts/p2/ei_reductio_f0_s4_t2_ivS/ei_reductio_f0_s4_t2_ivS/mix_6.jsonl	6247952	e18900942868b9962ebb49dee76091c416914d3a20ef976ed704e9d5a4d097da	ok
artifacts/p2/ei_reductio_f0_s4_t2_ivS/ei_reductio_f0_s4_t2_ivS/mix_7.jsonl	6358689	835f4bc02cd857b24d454e70cd6b33640fba19236e07507ae3d4d9f4781ff6b5	ok
artifacts/p2/ei_reductio_f0_s4_t2_ivS/ei_reductio_f0_s4_t2_ivS/mix_8.jsonl	6477023	70175cfb4b0ae0bbdb15f4dd0f833df0e71d7369e64329960ec7a1dd7e9091a6	ok
artifacts/p2/ei_reductio_f0_s4_t2_ivS/found_8.jsonl	1723487	ac95a217f2f498d5c4125fc9bea7efc2ebb5fc48656077a3e8b6ece21e13e365	ok
artifacts/p2/ei_reductio_f0_s4_t2_ivS/found_transfer_8.jsonl	800342	56913de166c336d7db0d9eec1110d29616cc57bd3b845e8ef1b8c511aa56abff	ok
artifacts/p2/ei_reductio_f0_s4_t2_ivT/ei_reductio_f0_s4_t2_ivT/found_5.jsonl	0	e3b0c44298fc1c149afbf4c8996fb92427ae41e4649b934ca495991b7852b855	ok
artifacts/p2/ei_reductio_f0_s4_t2_ivT/ei_reductio_f0_s4_t2_ivT/found_6.jsonl	0	e3b0c44298fc1c149afbf4c8996fb92427ae41e4649b934ca495991b7852b855	ok
artifacts/p2/ei_reductio_f0_s4_t2_ivT/ei_reductio_f0_s4_t2_ivT/found_7.jsonl	0	e3b0c44298fc1c149afbf4c8996fb92427ae41e4649b934ca495991b7852b855	ok
artifacts/p2/ei_reductio_f0_s4_t2_ivT/ei_reductio_f0_s4_t2_ivT/found_8.jsonl	0	e3b0c44298fc1c149afbf4c8996fb92427ae41e4649b934ca495991b7852b855	ok
artifacts/p2/ei_reductio_f0_s4_t2_ivT/ei_reductio_f0_s4_t2_ivT/found_transfer_5.jsonl	0	e3b0c44298fc1c149afbf4c8996fb92427ae41e4649b934ca495991b7852b855	ok
artifacts/p2/ei_reductio_f0_s4_t2_ivT/ei_reductio_f0_s4_t2_ivT/found_transfer_6.jsonl	0	e3b0c44298fc1c149afbf4c8996fb92427ae41e4649b934ca495991b7852b855	ok
artifacts/p2/ei_reductio_f0_s4_t2_ivT/ei_reductio_f0_s4_t2_ivT/found_transfer_7.jsonl	0	e3b0c44298fc1c149afbf4c8996fb92427ae41e4649b934ca495991b7852b855	ok
artifacts/p2/ei_reductio_f0_s4_t2_ivT/ei_reductio_f0_s4_t2_ivT/found_transfer_8.jsonl	0	e3b0c44298fc1c149afbf4c8996fb92427ae41e4649b934ca495991b7852b855	ok
artifacts/p2/ei_reductio_f0_s4_t2_ivT/ei_reductio_f0_s4_t2_ivT/mix_5.jsonl	5820195	384e74b8eb7ca1e45d9c6735c23f0e6d20d398fc3f5c8d24daab9e095c0fda48	ok
artifacts/p2/ei_reductio_f0_s4_t2_ivT/ei_reductio_f0_s4_t2_ivT/mix_6.jsonl	5820195	384e74b8eb7ca1e45d9c6735c23f0e6d20d398fc3f5c8d24daab9e095c0fda48	ok
artifacts/p2/ei_reductio_f0_s4_t2_ivT/ei_reductio_f0_s4_t2_ivT/mix_7.jsonl	5839698	f2ebcdad49ec57eff37701bbc00cb48caa146f7791d16361d4c125c5628e7bc8	ok
artifacts/p2/ei_reductio_f0_s4_t2_ivT/ei_reductio_f0_s4_t2_ivT/mix_8.jsonl	5815729	ebeb424011f7aa514c2f8f0e2dc1f4293279f76f06561f57e2ff28d04b2cd26c	ok
artifacts/p2/ei_reductio_f0_s4_t2_ivT/found_8.jsonl	0	e3b0c44298fc1c149afbf4c8996fb92427ae41e4649b934ca495991b7852b855	ok
artifacts/p2/ei_reductio_f0_s4_t2_ivT/found_transfer_8.jsonl	0	e3b0c44298fc1c149afbf4c8996fb92427ae41e4649b934ca495991b7852b855	ok
artifacts/p2/ei_reductio_f0_s5_t2/found_8.jsonl	0	e3b0c44298fc1c149afbf4c8996fb92427ae41e4649b934ca495991b7852b855	ok
artifacts/p2/ei_reductio_f0_s5_t2/found_transfer_8.jsonl	0	e3b0c44298fc1c149afbf4c8996fb92427ae41e4649b934ca495991b7852b855	ok
artifacts/p2/ei_reductio_f0_s5_t2_ivK/found_8.jsonl	0	e3b0c44298fc1c149afbf4c8996fb92427ae41e4649b934ca495991b7852b855	ok
artifacts/p2/ei_reductio_f0_s5_t2_ivK/found_transfer_8.jsonl	0	e3b0c44298fc1c149afbf4c8996fb92427ae41e4649b934ca495991b7852b855	ok
artifacts/p2/ei_reductio_f0_s5_t2_ivS/found_8.jsonl	1329166	82757c02265d8b27416b4eb1a0959b87f145f354efcb6e4beccd2d26601311bb	ok
artifacts/p2/ei_reductio_f0_s5_t2_ivS/found_transfer_8.jsonl	606780	616101bdf5cbfc1fbe6426701f66e04a4835270cedaec7ea72102e7be0dfd19f	ok
artifacts/p2/ei_reductio_f0_s5_t2_ivT/found_8.jsonl	0	e3b0c44298fc1c149afbf4c8996fb92427ae41e4649b934ca495991b7852b855	ok
artifacts/p2/ei_reductio_f0_s5_t2_ivT/found_transfer_8.jsonl	0	e3b0c44298fc1c149afbf4c8996fb92427ae41e4649b934ca495991b7852b855	ok
artifacts/p2/ei_reductio_f0_s6_t2/found_8.jsonl	0	e3b0c44298fc1c149afbf4c8996fb92427ae41e4649b934ca495991b7852b855	ok
artifacts/p2/ei_reductio_f0_s6_t2/found_transfer_8.jsonl	0	e3b0c44298fc1c149afbf4c8996fb92427ae41e4649b934ca495991b7852b855	ok
artifacts/p2/ei_reductio_f0_s6_t2_ivK/found_8.jsonl	0	e3b0c44298fc1c149afbf4c8996fb92427ae41e4649b934ca495991b7852b855	ok
artifacts/p2/ei_reductio_f0_s6_t2_ivK/found_transfer_8.jsonl	0	e3b0c44298fc1c149afbf4c8996fb92427ae41e4649b934ca495991b7852b855	ok
artifacts/p2/ei_reductio_f0_s6_t2_ivS/found_8.jsonl	1729689	ea1d24dc5153c3344593b5cae6ea310057b9ac67b22be215f6c404edd8227093	ok
artifacts/p2/ei_reductio_f0_s6_t2_ivS/found_transfer_8.jsonl	730400	888a7e57503507371c2d11e509132e5aec85e6f6fb34cce91c655550a2ff6f01	ok
artifacts/p2/ei_reductio_f0_s6_t2_ivT/found_8.jsonl	0	e3b0c44298fc1c149afbf4c8996fb92427ae41e4649b934ca495991b7852b855	ok
artifacts/p2/ei_reductio_f0_s6_t2_ivT/found_transfer_8.jsonl	0	e3b0c44298fc1c149afbf4c8996fb92427ae41e4649b934ca495991b7852b855	ok
artifacts/p2/ei_reductio_f0_s7_t2/found_8.jsonl	1928282	0516b87b31b33611c7f87e819c41b63fba8f6d389f6fe9d6665a9df7bb13127f	ok
artifacts/p2/ei_reductio_f0_s7_t2/found_transfer_8.jsonl	916612	663335a6acbb6c0e4c5e8f0bcdc0d2a9ec4088dfd1ab4cddad0959c624eace96	ok
artifacts/p2/ei_reductio_f0_s8_t2/found_8.jsonl	0	e3b0c44298fc1c149afbf4c8996fb92427ae41e4649b934ca495991b7852b855	ok
artifacts/p2/ei_reductio_f0_s8_t2/found_transfer_8.jsonl	0	e3b0c44298fc1c149afbf4c8996fb92427ae41e4649b934ca495991b7852b855	ok
artifacts/p2/ei_reductio_f0_s8_t2_ivK/found_8.jsonl	0	e3b0c44298fc1c149afbf4c8996fb92427ae41e4649b934ca495991b7852b855	ok
artifacts/p2/ei_reductio_f0_s8_t2_ivK/found_transfer_8.jsonl	0	e3b0c44298fc1c149afbf4c8996fb92427ae41e4649b934ca495991b7852b855	ok
artifacts/p2/ei_reductio_f0_s8_t2_ivS/found_8.jsonl	1660188	b7faf773d944407311b4280187d362e141a0f7d805a97794bae463c171f89e48	ok
artifacts/p2/ei_reductio_f0_s8_t2_ivS/found_transfer_8.jsonl	796026	756a1091979957b52e0aba623d21fc13e837d3c2ee7549b4df020baf20a3c5a7	ok
artifacts/p2/ei_reductio_f0_s8_t2_ivT/found_8.jsonl	0	e3b0c44298fc1c149afbf4c8996fb92427ae41e4649b934ca495991b7852b855	ok
artifacts/p2/ei_reductio_f0_s8_t2_ivT/found_transfer_8.jsonl	0	e3b0c44298fc1c149afbf4c8996fb92427ae41e4649b934ca495991b7852b855	ok
artifacts/p2/ei_reductio_f0_s9_t2/found_8.jsonl	466341	8cdbbb9eddf269c4e8f837abe6d2e4c1e8c399b1a2a6ebc10402427ed2bf86c0	ok
artifacts/p2/ei_reductio_f0_s9_t2/found_transfer_8.jsonl	201611	6f418712e06678fa6e389688d28f9f008cb2124119ca596a6c0dce917e038d2b	ok
artifacts/p2/ei_reductio_f0_s9_t2_ivK/found_8.jsonl	326682	a73f7dd6deb263fe2225d20a746b2b971a6b4ace1e29373f84f39e47a6773a14	ok
artifacts/p2/ei_reductio_f0_s9_t2_ivK/found_transfer_8.jsonl	169498	ddcef241ec5a47411df0493eb3ce11e41346daba5ab550f8528e1b80c9efe04e	ok
artifacts/p2/ei_reductio_f0_s9_t2_ivS/found_8.jsonl	965205	062ead4aacc0921085a3b27cfd45be07f44a10fc5c5f562b8ad479f18afd64d6	ok
artifacts/p2/ei_reductio_f0_s9_t2_ivS/found_transfer_8.jsonl	460633	f414a1d120c7e2068b64bd9909b7adc3f6680a5d7685ebea5b39a222f9c563c3	ok
artifacts/p2/ei_reductio_f0_s9_t2_ivT/found_8.jsonl	233558	f00b4ce64b6fadf50ae20efee7167f73cf1afdc55003ee9061a418acc2169aad	ok
artifacts/p2/ei_reductio_f0_s9_t2_ivT/found_transfer_8.jsonl	121394	b5bcd60c3f8be509d846307b7adbc5f949b7d72095d31d24f2e6bed77d82be24	ok
artifacts/p2/frozen_depth3_f0.1_b1_s0/found_8.jsonl	3689663	10f29079c03af23e3784198fd7a0246039eff938b384e895530343a90c7b1937	ok
artifacts/p2/frozen_depth3_f0.1_b1_s0/found_transfer_8.jsonl	1894226	a4ca5659d898d1ec3ae858c620bcbf52908eb473f90879d7434542365833e155	ok
artifacts/p2/frozen_depth3_f0.1_b1_s1/found_8.jsonl	3241564	fa05ae80d9a04ea4fe5d5f77b5c9c67232fb935546bf2231e7072435b3362923	ok
artifacts/p2/frozen_depth3_f0.1_b1_s1/found_transfer_8.jsonl	1657906	5a85d7df6120abc7f1a4262e9651d25766d4f92d9a0882303906595076cf6906	ok
artifacts/p2/frozen_depth3_f0.1_b2_s0/found_8.jsonl	2698786	8f3b9dd167ebc845e90984b596d8546498b9f420087d60bc507ea4185dc4dd26	ok
artifacts/p2/frozen_depth3_f0.1_b2_s0/found_transfer_8.jsonl	1326035	7c36a7cd58446db86bc1fff3a282484786d27f69cee10f36dac6e1d99332cd9c	ok
artifacts/p2/frozen_depth3_f0.1_b2_s1/found_8.jsonl	2932989	b170fed9644e05a878a3946404b82a8f5c8d2d86129e08c4b62197cc713e9f29	ok
artifacts/p2/frozen_depth3_f0.1_b2_s1/found_transfer_8.jsonl	1667700	86539949be2a61239e4630729bbc1c717041e1c4a765c0f8f54478bb87efc56f	ok
artifacts/p2/frozen_depth3_f0.1_s0/found_8.jsonl	2433935	dd81898163e006bf90682cb4de96d2be25fccabf86a9b2ff16b5a25b7a35f2c2	ok
artifacts/p2/frozen_depth3_f0.1_s0/found_transfer_8.jsonl	1328481	b2086a64691148fd57e86e8208def0a47d0d3b7820432afeecb2d768eef44155	ok
artifacts/p2/frozen_depth3_f0_a1_s0/found_8.jsonl	3811073	43ecc3d412bca74bd6d9170e6382781c29448dcbc9b394c7a4883079ae598e53	ok
artifacts/p2/frozen_depth3_f0_a1_s0/found_transfer_8.jsonl	1784063	ac3a1db4def7949050ee0c4631009e24052a7e79279d242aa0f1ba5f079aab5e	ok
artifacts/p2/frozen_depth3_f0_a1_s1/found_8.jsonl	3817214	0a2f5cda94443afa5bce8f30acf128f3385ae1dd6bfd171138b1c278433dab60	ok
artifacts/p2/frozen_depth3_f0_a1_s1/found_transfer_8.jsonl	2057811	748662925ef3fccff8fb844418de6bd0672e0b016e3b40fff24ef8a9893c856d	ok
artifacts/p2/frozen_depth3_f0_a2_s0/found_8.jsonl	3562643	2d0aa4ddb55e4f3df7af8d2ca4cbd86d69e104a7ac525ea51db72997989f5264	ok
artifacts/p2/frozen_depth3_f0_a2_s0/found_transfer_8.jsonl	1782301	28faff1abf7f39392d70f3842dfdb586548232bdc40f82de25baa26e8654af87	ok
artifacts/p2/frozen_depth3_f0_a2_s1/found_8.jsonl	2957229	e35af1cb086b6e822285bf0625070f7b5d384580463158cef2ff8ad29fe8052d	ok
artifacts/p2/frozen_depth3_f0_a2_s1/found_transfer_8.jsonl	1423388	76d652e57c6617b2335a973141d0f9fc1653bfb50a9244d880656450cad529a5	ok
artifacts/p2/frozen_depth3_f0_a3_s0/found_8.jsonl	1745469	a7d55a0db0f9da6c308e11f094ef13e6e681c17103a51a06b55f912d525cc73a	ok
artifacts/p2/frozen_depth3_f0_a3_s0/found_transfer_8.jsonl	867595	b02ea4f18450c242725e21d932bde853624883a032cfde3b2737bcc8a06ac578	ok
artifacts/p2/frozen_depth3_f0_a3_s1/found_8.jsonl	2593415	398b2a6f5c2c2ae43851f9bd6844d73f8e58dc1ffc74aaefbb9673bd7e1f758c	ok
artifacts/p2/frozen_depth3_f0_a3_s1/found_transfer_8.jsonl	1232643	8fb548e5bdb893b6577eef01c98b8e71411170637c7773c8cd91c43e9730e32c	ok
artifacts/p2/frozen_depth3_f0_s0/found_8.jsonl	641431	0f24e0a69536d6bbad8cb7f267b19d3ffc5d729a81b97998b09db97779e0334f	ok
artifacts/p2/frozen_depth3_f0_s0/found_transfer_8.jsonl	547585	3bb51e0a93479e76c39a42d050f70937b0dd9c5fdc51bf01dec27a86e1504960	ok
artifacts/p2/frozen_derived_ore_f0.02_s0/found_8.jsonl	1808166	e3daad5e69de7d29c0b9578916fe6cd08c83c4800fc036cadb002e7fffe12f27	ok
artifacts/p2/frozen_derived_ore_f0.02_s0/found_transfer_8.jsonl	1809935	3a36e33e08959b838dd50ef6ee52543fe90e2888284f1bc99cc734497fc73757	ok
artifacts/p2/frozen_derived_ore_f0_s0/found_8.jsonl	3103600	76087febc6ddae4afcbc27fb7849c2f5afefd36c967f47e2835c2acdc7c848c0	ok
artifacts/p2/frozen_derived_ore_f0_s0/found_transfer_8.jsonl	3205930	f5a39055c794fdca0d05399f36de030a620c2f0ccf0294ae107f4fe42fb5f270	ok
artifacts/p2/frozen_derived_ore_strict_f0_c8_s0/found_8.jsonl	4217486	76bce54da7fcbbea961e45127b98bb481494d3d159ddba7616483466013e3009	ok
artifacts/p2/frozen_derived_ore_strict_f0_c8_s0/found_transfer_8.jsonl	2572311	a2302ee44721e3a2dab510793e870be54b5152656eb8de8df2a310e087256ec1	ok
artifacts/p2/frozen_derived_ore_strict_f0_c8_s1/found_8.jsonl	4620792	b9e4234aedb93250604e9e649966bcfd2fe04132a8c861e579fcb4605c962cc8	ok
artifacts/p2/frozen_derived_ore_strict_f0_c8_s1/found_transfer_8.jsonl	3052947	2cdac66d5da28327f4e32a00ae63592e4aba0d4961affe5883c489788fbe9255	ok
artifacts/p2/frozen_reductio_f0.1_s0/found_8.jsonl	630901	96085b9b8f0fc694d0d9c399c8ef6a5d4ca8613822e8bbd0f32ee268b483b96e	ok
artifacts/p2/frozen_reductio_f0.1_s0/found_transfer_8.jsonl	130934	c07697cb9b1d5e4a6ae21045f22731f5337f1f9800cf3497d926a7fed56dee0c	ok
artifacts/p2/frozen_reductio_f0.1_s0_t2/found_8.jsonl	166499	00e1a418785dca29489cca9b813141c0292745d49e62a2a27c904ed5e623329e	ok
artifacts/p2/frozen_reductio_f0.1_s0_t2/found_transfer_8.jsonl	118558	e0fb4e8bed42d8fcf84c986876228a71a2b31cdbfbc859b8b212292cb123d728	ok
artifacts/p2/frozen_reductio_f0.1_s1_t2/found_8.jsonl	165214	c390942c5c8eb3541f8fd754dcc6df7917c648c18f1d3bb31c65e3ed54bdfc65	ok
artifacts/p2/frozen_reductio_f0.1_s1_t2/found_transfer_8.jsonl	45972	fad9ca388c86b3c0539b3629c0cfc12fc9f25ef4a9fcd3a9ceb2f9fec9191462	ok
artifacts/p2/frozen_reductio_f0_s0/found_8.jsonl	738901	b357d69527a68ec95f3f6860d6b1bd5d23c8132b6a6b91d6808f937e5f3049ba	ok
artifacts/p2/frozen_reductio_f0_s0/found_transfer_8.jsonl	245519	e02b67880ee9e27e02a3b1601e600b4184493483f65df72dba9b993df441b3bd	ok
artifacts/p2/frozen_reductio_f0_s0_t2/found_8.jsonl	1443	d91e4b51a68c3810f18d2a4c4bc74013679b69633b9a486da740cfbb162ba324	ok
artifacts/p2/frozen_reductio_f0_s0_t2/found_transfer_8.jsonl	424	64238f12de936e9fccd7e46bf271a8b60dab077c9d0216eaf9f5a4ac83290c9c	ok
artifacts/p2/frozen_reductio_f0_s1_t2/found_8.jsonl	0	e3b0c44298fc1c149afbf4c8996fb92427ae41e4649b934ca495991b7852b855	ok
artifacts/p2/frozen_reductio_f0_s1_t2/found_transfer_8.jsonl	0	e3b0c44298fc1c149afbf4c8996fb92427ae41e4649b934ca495991b7852b855	ok
artifacts/p2/frozen_reductio_f0_s2_t2/found_8.jsonl	0	e3b0c44298fc1c149afbf4c8996fb92427ae41e4649b934ca495991b7852b855	ok
artifacts/p2/frozen_reductio_f0_s2_t2/found_transfer_8.jsonl	0	e3b0c44298fc1c149afbf4c8996fb92427ae41e4649b934ca495991b7852b855	ok
artifacts/p2/novelty_depth3_f0.1_b1_s0_proofs.jsonl	2704459	8cd9078cdc22540fb843933fb1bce42dcc73eff7b3f88062932471386721fb22	ok
artifacts/p2/novelty_depth3_f0.1_b1_s0_theorems.jsonl	695987	11ddf7ae104c7bcb0cac7cd6a0d826dd11db9d8a2e68009ab38ccb2885528a6a	ok
artifacts/p2/novelty_depth3_f0.1_b1_s1_proofs.jsonl	1759002	f3ed9e3124beaab84bf01aa0c09b4d4a0fd4913f572ab3df188ffda28ae9a791	ok
artifacts/p2/novelty_depth3_f0.1_b1_s1_theorems.jsonl	511260	b46068d734c29ef1a1f289be5c69d848ff292d686e294e0789509e8b870fdadb	ok
artifacts/p2/novelty_depth3_f0.1_b2_s0_proofs.jsonl	2370017	9b68890c67c31e03a576af8654b78691f39be9787d86f8436d43743034d44041	ok
artifacts/p2/novelty_depth3_f0.1_b2_s0_theorems.jsonl	647936	34146b9e34ea0a8243357d0ff6c831aacbf50713745fd0d360f186003d0745dc	ok
artifacts/p2/novelty_depth3_f0.1_b2_s1_proofs.jsonl	2429971	9c2cba50b38e76ebd81bd59931bc0c1474fd31a3b449db46fc18d7e357de8236	ok
artifacts/p2/novelty_depth3_f0.1_b2_s1_theorems.jsonl	645397	1b383a0209a3996730cde1db0020daf94a2175e89f824be4c60a2fa26427ccb6	ok
artifacts/p2/novelty_depth3_f0_a1_s0_proofs.jsonl	2563980	0d1e98b8a6eb6c7f91aa138b35df6ac54397403029ff0d47c0ea57c70cc333f4	ok
artifacts/p2/novelty_depth3_f0_a1_s0_theorems.jsonl	685154	be5be81566d4f7927cad9f669ccac1ac185a2457b7410310e3fa1393f7f811c3	ok
artifacts/p2/novelty_depth3_f0_a1_s1_proofs.jsonl	2696218	869523eb536588b7538d1f8473df759f3697ee9eda16a89c1af970606a7777cf	ok
artifacts/p2/novelty_depth3_f0_a1_s1_theorems.jsonl	725696	9ceee97ea8faee6a64b519f0419605865fbcc49fff65dd234a986ad00a2a61db	ok
artifacts/p2/novelty_depth3_f0_a2_s0_proofs.jsonl	2330035	c7b5cfaf3e11e021cd2555b86098646c32b0b8dc54cd6628b0091049b581696d	ok
artifacts/p2/novelty_depth3_f0_a2_s0_theorems.jsonl	626206	5b10e9c13486922331b3962f9388ea74c07a8a92b5e51bd0b02a9aaac060be22	ok
artifacts/p2/novelty_depth3_f0_a2_s1_proofs.jsonl	2631923	f37ee978a285f19c8f2918c44ce1e439e14eec18482a5ff33696e02a226d6706	ok
artifacts/p2/novelty_depth3_f0_a2_s1_theorems.jsonl	689640	003c1e471cfffcd026a52a4ca13699ea1c16866c60367334c424eedb6bdd4038	ok
artifacts/p2/novelty_depth3_f0_a3_s0_proofs.jsonl	2447103	32dd6319341c23552bb55bad8f3adae205b3b4415036359415bb0daff21ca3ce	ok
artifacts/p2/novelty_depth3_f0_a3_s0_theorems.jsonl	645307	26adf8b78fc02a3a7fce32b7825ea4bdbfb076428380adea799c019b4f12c778	ok
artifacts/p2/novelty_depth3_f0_a3_s1_proofs.jsonl	2335896	24551457b145f59217458708a06118f314c767ebce3a8da14f09694040f272a1	ok
artifacts/p2/novelty_depth3_f0_a3_s1_theorems.jsonl	623780	50ab6ab27a87f18d08ef87674273fce01f815fdf551425b12b00fa591deaf4af	ok
artifacts/p2/novelty_depth3_f0_s0_proofs.jsonl	2439697	1773bb2f4ab2d9d44f623db019b993b56c987cec67576b563afae09dab0320eb	ok
artifacts/p2/novelty_depth3_f0_s1_proofs.jsonl	2241275	2020494a4dfc700716e3f8fc6fdde452c64b457bd584fd157dd806c297b7a606	ok
artifacts/p2/novelty_derived_ore_f0_s0_proofs.jsonl	1851431	3288af034fe5f96da4c62d50f87a43b73d3949e887d49b86ccadd01bc6f56bbf	ok
artifacts/p2/novelty_derived_ore_f0_s1_proofs.jsonl	1749851	54f82beca210f90870512f77532963cd7e5cfa8724c0b54444436636190d1d5b	ok
artifacts/p2/novelty_derived_ore_strict_f0.001_c8_s0_proofs.jsonl	2576162	7fe7cd05e75b95a8056c5fc315de4e8da8de248d2b90d66dee3fc9f1092f3ed2	ok
artifacts/p2/novelty_derived_ore_strict_f0.001_c8_s0_theorems.jsonl	240421	870a2f292c4b5dd976365f6a6c1c3e6a8486dc3af708e9418dd99e0aa31b71d1	ok
artifacts/p2/novelty_derived_ore_strict_f0.01_c8_s0_proofs.jsonl	2394865	4e02fb7f960df681a20bf622e24777cb12381ccd952c1f11036aece8bc11152a	ok
artifacts/p2/novelty_derived_ore_strict_f0.01_c8_s0_theorems.jsonl	254044	9fc29f2f002da682b06a22fdf1980042080d657c919a7ad258dd48c84684efa0	ok
artifacts/p2/novelty_derived_ore_strict_f0_c8_s0_proofs.jsonl	2294229	f22b4fffa3337fe3506eecb25ee79baa68e09e0a854dd88b881367c188f21929	ok
artifacts/p2/novelty_derived_ore_strict_f0_c8_s0_theorems.jsonl	235298	5d0f9dbfc9acee321cd1198465f159c2cdc274eafd3bc2a08d15f0872e801060	ok
artifacts/p2/novelty_derived_ore_strict_f0_c8_s1_proofs.jsonl	2327245	14424fe096dc7e1b457e75ed3db18388375157e0680260061d1dc5e51be5af82	ok
artifacts/p2/novelty_derived_ore_strict_f0_c8_s1_theorems.jsonl	234455	a589c7eef1fe6cb35af25a276dc7b1c7c6777030dcf91dd0a3d7f5edf5d416d2	ok
artifacts/p2/novelty_reductio_f0.1_s0_t2_proofs.jsonl	262770	670da23d3b1528b0ecf7a73469c315742aef49b6c20ca34c1d357f4d100283b9	ok
artifacts/p2/novelty_reductio_f0.1_s0_t2_theorems.jsonl	90724	79abc3054aa4481c8d60b457a28a895fe63f312e00495b9e51b051ce651d512b	ok
artifacts/p2/novelty_reductio_f0.1_s1_t2_proofs.jsonl	171576	7a0a76a0ce4a6fee62802e4c884e21a42a70603966e28ffeef4fc7d604368dfc	ok
artifacts/p2/novelty_reductio_f0.1_s1_t2_theorems.jsonl	61053	07b79d74131600828008f2cc70e6dfa7ad8b9f85022bc52c1832896bcf70dca5	ok
artifacts/p2/novelty_reductio_f0_s0_proofs.jsonl	1717544	a47c2c8f45dc0a8d235a4d4caf923e66e9e22bbcf704f3db50750a1eb70fcc5c	ok
artifacts/p2/novelty_reductio_f0_s0_t2_proofs.jsonl	168992	603958dcf866fb902db84786299ffccf78f0bf0e765ac493e23f916fc88ac0bf	ok
artifacts/p2/novelty_reductio_f0_s0_t2_theorems.jsonl	57563	3f237c1ecc7ad7f5a1d9d143502b8cb1777a8c26cb705f3abfb6fa4700dc6e4c	ok
artifacts/p2/novelty_reductio_f0_s0_theorems.jsonl	542379	698d2f8136c85f68d13b8d32cdd9f429650aad92f81795f6b37a16dd16ba21ec	ok
artifacts/p2/novelty_reductio_f0_s1_proofs.jsonl	537175	47a15380a5ef4aab614a44ccb93e3276e39e273894f1cb2e62c77876c93c80d0	ok
artifacts/p2/novelty_reductio_f0_s1_theorems.jsonl	154498	59f494583ba2daf986068ea77d0fb1c48436983cd7f80d84e0cbcc0e3a75a5e2	ok
artifacts/p3/ei_textbook/found_1.jsonl	1502662	641fdd5a96eec26790ecc1150b8a7dfd6bee37a16a898ec27309b01c675cf105	ok
artifacts/p3/ei_textbook/found_2.jsonl	2755068	b95c0d507f8fc1d83ed6b5d57584b0fd242376eee69a01f9ede4e31ba20a4124	ok
artifacts/p3/ei_textbook/found_3.jsonl	3626707	91263f7a259b6629db0b0ef6a7b3fd1c5fd5ab357acd76890d522e40b5f23098	ok
artifacts/p3/ei_textbook/found_4.jsonl	4171741	510bf865537b6cc81b7fb9925587c8a0b7a42b54ec1998c0d1c84e960d027d9f	ok
artifacts/p3/ei_textbook/found_5.jsonl	4483823	fc0b11e80bd1e421347106fed58dfec13614b1add68ac3d8679ef676e2a53d63	ok
artifacts/p3/ei_textbook/found_6.jsonl	4725759	0670ce277968679f59cc27d946adb29ce1aa1180bf4d442b77e17400f205c585	ok
artifacts/p3/ei_textbook/found_7.jsonl	4949346	de622f5fd451c47d3d008e49e1e1c84d7f3f3fb31f2e74d712a1961fc2261e78	ok
artifacts/p3/ei_textbook/found_8.jsonl	5157834	28d53f9672117e00e59e59dc31a5ee7a2454123feeda3945744402ff087bd47e	ok
artifacts/p3/ei_textbook/found_transfer_1.jsonl	5925336	9b42503f0fc21394338d5ff1585b7a0a205a25731c476138cf30b59aa307b4a8	ok
artifacts/p3/ei_textbook/found_transfer_2.jsonl	10199645	f7470275954e6badedfd8e9a89f133b518003c2e2874f7f2346013cefdc0cfaf	ok
artifacts/p3/ei_textbook/found_transfer_3.jsonl	13198887	81c80a9dea1583f82970e5387c8f85ec5018da37975d83429d3b7d3679f90710	ok
artifacts/p3/ei_textbook/found_transfer_4.jsonl	15625809	2727da665a3d1a19be30cb6547636a281716c82facc1476945b22cd1ff751339	ok
artifacts/p3/ei_textbook/found_transfer_5.jsonl	17547859	62e81a9aafead6bee45e3db42a6e23798df12528ba67225939bd97b8767c036c	ok
artifacts/p3/ei_textbook/found_transfer_6.jsonl	19140232	5c0d9973b80ad501d8e793f9ffa60d0ea9ec3e2fec789bdafdf8f4cac541d590	ok
artifacts/p3/ei_textbook/found_transfer_7.jsonl	20539843	7bc2bfecb9b610b560a9609ccdb0eb2ff49cf4b8decf0d36bd1705b750e809f0	ok
artifacts/p3/ei_textbook/found_transfer_8.jsonl	21638944	6d73f729ad533c1b425f36771dea2cd84f1a7142c419861edd526f9ec074a5fa	ok
artifacts/p3/ei_textbook/mix_1.jsonl	6352861	23ea59bff72db3662fbd689f64af173ccd3c7c8aafeabed727a05cff8c6741b3	ok
artifacts/p3/ei_textbook/mix_2.jsonl	6500891	09708e7a682f4211c628ad83f4023706c3077603e3cb0f80febf5f9997e85f64	ok
artifacts/p3/ei_textbook/mix_3.jsonl	6629902	bd15941d58fc4be9dbce9f126de0a9e3b3cbed53e0dc49989d40281565b27be5	ok
artifacts/p3/ei_textbook/mix_4.jsonl	6667197	c486e7eaafe84f55900c7d6a4bb4e02a42c6b1ac6d8da03a7876e7891347e099	ok
artifacts/p3/ei_textbook/mix_5.jsonl	6690740	6881886a7a6139ecfd68a398f4bc442bdf68cd30c1aa982471d91864737162a7	ok
artifacts/p3/ei_textbook/mix_6.jsonl	6701875	3778996f599862af70b21c4e8f73a7518d4a78607b09fa939a8b0c60980e5d9e	ok
artifacts/p3/ei_textbook/mix_7.jsonl	6699761	8adedf043b3405b8ad184159d4f914f4e5bdf0bddee68c3d9593f387c15f739c	ok
artifacts/p3/ei_textbook/mix_8.jsonl	6748201	28fc4825fa0a558115047c033e8439cb8c343fe00737c908f3c9b88dd9d668a7	ok
artifacts/p3/ei_textbook_precursor/found_1.jsonl	1502662	641fdd5a96eec26790ecc1150b8a7dfd6bee37a16a898ec27309b01c675cf105	ok
artifacts/p3/ei_textbook_precursor/found_2.jsonl	2856043	f08198f74af32126a7a9fa01ad8e6b0fc3e7d0e9b60615fdd508f0038d47a3d6	ok
artifacts/p3/ei_textbook_precursor/found_3.jsonl	3941302	016d6113093c0f41ca2faae9ea64ae63a4edb6dbf9ad82c27ea0d4d35f1eac8c	ok
artifacts/p3/ei_textbook_precursor/found_4.jsonl	4696012	21ab9c49d9798b3b334b7d806599852e948c6a2974716ae56367294b95e3e600	ok
artifacts/p3/ei_textbook_precursor/found_5.jsonl	5243884	b344fa48f519ea03f871ad99e19bf7f605b630833e00ed870d17b7a2da4be1d8	ok
artifacts/p3/ei_textbook_precursor/found_6.jsonl	5636903	f752699d76228fe77fe219db7143f9310358ef92b4db5fee053d37c9d1921650	ok
artifacts/p3/ei_textbook_precursor/found_7.jsonl	5904728	dae7eadf48bbc063ec59a4103582b8ef3c75fc2fa8c34e60714590e149744dfe	ok
artifacts/p3/ei_textbook_precursor/found_8.jsonl	6108326	0579e21fc84c73188e0338e6e50f852a584a3ccaed9e9765eba8a46facc8a8fd	ok
artifacts/p3/ei_textbook_precursor/found_transfer_1.jsonl	5925336	9b42503f0fc21394338d5ff1585b7a0a205a25731c476138cf30b59aa307b4a8	ok
artifacts/p3/ei_textbook_precursor/found_transfer_2.jsonl	9987210	cf73b8fd3a336836cd9c13c9346afceb667134a2de2c98cfc01897f24c5c2d52	ok
artifacts/p3/ei_textbook_precursor/found_transfer_3.jsonl	13075738	9eafa2eb9c4decd057f582876e12899856d3c15c978b6981c502a637ac2d296d	ok
artifacts/p3/ei_textbook_precursor/found_transfer_4.jsonl	15317307	8543eae6c6805698a455d09c562f803a8ef3294d577c38bcb8f08fef053694c0	ok
artifacts/p3/ei_textbook_precursor/found_transfer_5.jsonl	17173430	21bb698b65424617e1b3d375af19ddbeb2800cd39e0273c35fcd0f579d48ec9f	ok
artifacts/p3/ei_textbook_precursor/found_transfer_6.jsonl	18634335	0c5c532769e02878ba00a1a65360bcebfbdf2b58ec203fed0f51a30b2b1910a9	ok
artifacts/p3/ei_textbook_precursor/found_transfer_7.jsonl	20190271	0ec98b286376966178cc2d17d0af28b50c7a578351ffbc08162a477b052503f3	ok
artifacts/p3/ei_textbook_precursor/found_transfer_8.jsonl	21377240	faa81dfec34aa06d3a046c6227fb7270c8b5909f3563bd5ead0989cd9bc19acf	ok
artifacts/p3/ei_textbook_precursor/mix_1.jsonl	11480583	c3473269663e46a6384ee30581536f244502a72e80fbb70f70b114cd497e1d68	ok
artifacts/p3/ei_textbook_precursor/mix_2.jsonl	11670892	56e34f1ad67d924ac7749c5f623e3479883d4d38347ca86c2e4aa79971d8bd61	ok
artifacts/p3/ei_textbook_precursor/mix_3.jsonl	11771315	b60ec9022298952e6940d6af73e45b9717bf10c7be7e38c1614f43452ad23d4d	ok
artifacts/p3/ei_textbook_precursor/mix_4.jsonl	11828250	edb2d767cb0b74213698c0ba2d1c338d7aa788ca65240af9c126c6819ef92e15	ok
artifacts/p3/ei_textbook_precursor/mix_5.jsonl	11902061	3258734ccbc62344a3d1ce23b67186030dc0bfa82dcfc8dd001851c1200e248a	ok
artifacts/p3/ei_textbook_precursor/mix_6.jsonl	11937825	9c6e973a93a0c65c4401a9793fd04261dbeccaaf0b0722e99d4430862951637f	ok
artifacts/p3/ei_textbook_precursor/mix_7.jsonl	11935953	a2fa01a919dd587a01bb5322869797861fad660cb7c63e0bd86df0cf521c5ffc	ok
artifacts/p3/ei_textbook_precursor/mix_8.jsonl	11946475	c004e07120aa9f96e47223bf5b58cb1a8dd1969a8a0274b7e14a201a958280f8	ok
artifacts/p3/ei_textbook_precursor_r1_val36_greedy.jsonl	8215	c4552530e623307e0f5d3d6a79e72f9f34b15cd40d8618d7cd49216aa040e026	ok
artifacts/p3/ei_textbook_precursor_r1_val36_k32.jsonl	63443	69c23dfb44ba0d166b5b048f3cae1ef72f384ec817eefa76ed5e7e5ef3eeef34	ok
artifacts/p3/ei_textbook_precursor_r2_val36_greedy.jsonl	8465	3b596aa8dc324c25a8bf917ecca98c6320e2970ce2efe486042d88c60cd884c0	ok
artifacts/p3/ei_textbook_precursor_r2_val36_k32.jsonl	66732	ff0f90377ff7d0643fb890b8a9834b32efe75e1cd84729375c1d8afc2cec8c0e	ok
artifacts/p3/ei_textbook_precursor_r3_val36_greedy.jsonl	8481	a5582f1f935b48eb973ea4942dc89eb323d7ff03e5eae717ade9ab92075d3657	ok
artifacts/p3/ei_textbook_precursor_r3_val36_k32.jsonl	67539	4c6d135fff80f075fb1549debb8813f4eb0839c01d32757ce0e74841e8322463	ok
artifacts/p3/ei_textbook_precursor_r4_val36_greedy.jsonl	8318	ef015f748dc4484ec544c6744b08a2bcafd720f4bc3d61050662b691c0d4f45a	ok
artifacts/p3/ei_textbook_precursor_r4_val36_k32.jsonl	66441	8a8210e0c7ec5e6a680151e55c8a379d25e6ae6744515d36971c231b3329d504	ok
artifacts/p3/ei_textbook_precursor_r5_val36_greedy.jsonl	8173	1f8d104ee2df856c40289256f712d90a15e1231bc24a54e1227adda3a150bc3e	ok
artifacts/p3/ei_textbook_precursor_r5_val36_k32.jsonl	66581	10ccfbc633d2ef3df4cd540b14e04633a785a4b76263a076c5b4422e80c284f2	ok
artifacts/p3/ei_textbook_precursor_r6_val36_greedy.jsonl	8455	ee4e514b6d752905a131b4f713622e1a60374ce83c61da60232732decd98cd9f	ok
artifacts/p3/ei_textbook_precursor_r6_val36_k32.jsonl	68110	f4147956ef483436bf55d6873860e4e776394a13e96e490cb6c12a8aae879f6f	ok
artifacts/p3/ei_textbook_precursor_r7_val36_greedy.jsonl	8360	0cdc7b6390fd00a56c61b959c251a282679510a4b1d7ca84bdc95df5e9f91b3f	ok
artifacts/p3/ei_textbook_precursor_r7_val36_k32.jsonl	66983	e9ee63a14ab407f7689c3289656594fd11555402f2dadaf87aa272825fa45375	ok
artifacts/p3/ei_textbook_precursor_r8_val36_greedy.jsonl	8392	a0006b100fe2a2e290c36dbee896aa8afc89214956e1e600a7e7998f3a098efc	ok
artifacts/p3/ei_textbook_precursor_r8_val36_k32.jsonl	67558	08542efc277382124fbfa5d8ab3868c0934dec4afdd4d73b6afe43d9249446d1	ok
artifacts/p3/ei_textbook_r1_val36_greedy.jsonl	8343	b71d8901c6c371a5f45fac1c7bc09a7bfea0c794aba0f10c64082b0ee83b89f0	ok
artifacts/p3/ei_textbook_r1_val36_k32.jsonl	65433	13534895596fe202c1c5119b6537c1ced7406f2c73071b68e20612a438d26e55	ok
artifacts/p3/ei_textbook_r2_val36_greedy.jsonl	8267	a840748caf40609df6d556f2c750bd3f1412dc2f587732e60fc8cda18c290e53	ok
artifacts/p3/ei_textbook_r2_val36_k32.jsonl	63304	5510048ac0ea74f615205954c840e679261d2675fb3c4d97b06bf50d79892012	ok
artifacts/p3/ei_textbook_r3_val36_greedy.jsonl	8343	9114f347dd3307d98492586598889b302878cd02dc146d4dcadd9187d9921ac9	ok
artifacts/p3/ei_textbook_r3_val36_k32.jsonl	64277	939bdd2cb5ee0b0b825650b97439a11d98759c662696f039efec6712fa0cb388	ok
artifacts/p3/ei_textbook_r4_val36_greedy.jsonl	8199	c065fb3350b65ff31b824c633d3f8a43b9841cee203e6a5c17d6a0c4397984df	ok
artifacts/p3/ei_textbook_r4_val36_k32.jsonl	65452	667de13a9a8db73a937d5062787bd753297d91fd3a1e39fefff56056d1716674	ok
artifacts/p3/ei_textbook_r5_val36_greedy.jsonl	8322	36af0208b0612a79d0f4b81de7cd5ef3d6309da061d120a11c38552bbcfa4254	ok
artifacts/p3/ei_textbook_r5_val36_k32.jsonl	66554	4f5162afc27cb7b1b7f4098e861586d1587fde188d7222f8c1e5f1828c158f1f	ok
artifacts/p3/ei_textbook_r6_val36_greedy.jsonl	8265	4f2d3b0ddebda8670b2ed25b40f43cbdd6b930db49752b76d0de5006753d0aca	ok
artifacts/p3/ei_textbook_r6_val36_k32.jsonl	61202	fb3712716feb578e027c3005567ce27bbacf5f251c222cb2734aaf37c546b0e1	ok
artifacts/p3/ei_textbook_r7_val36_greedy.jsonl	8029	52326deff3eea8a746ae8e90755ba61b794fe043a640fe52ecadfd09be6d6e15	ok
artifacts/p3/ei_textbook_r7_val36_k32.jsonl	65323	8f661f063adce1f28e176f90887852b5abe898ee8a1e07c6af05216a92acc929	ok
artifacts/p3/ei_textbook_r8_val36_greedy.jsonl	8312	525218e14a5f97ff9a60db86c1ff09ef122ffaa06f1bffb4cf5655c719074934	ok
artifacts/p3/ei_textbook_r8_val36_k32.jsonl	64621	e33ef8a7e2c7f4ffe108b18911af660e38b5e302e7ff6a66c46280bc6eed0f8c	ok
artifacts/p3/frozen_textbook/found_8.jsonl	4204947	dd29df27051bb486322b31dc880600660ca864e5ab68fe74016309bb79dc51a0	ok
artifacts/p3/frozen_textbook/found_transfer_8.jsonl	19041967	bff72e2f413264b2e30720c4e3da69ca6aea32e754cf16c7f0c571096eed2e11	ok
artifacts/p3/novelty_phase3_proofs.jsonl	57292	ccfdc67de7d9b650c28a02e5f3d733c87ba92067cdbe25aac1b011ae1883a265	ok
artifacts/p3/novelty_phase3_theorems.jsonl	15219	a684e75da7f2cabb225061f196f853dc6773e06f56b1dc69b01cd2463b81009e	ok
artifacts/phase1_unsolved_by_base.jsonl	87157	03f20433c96d1d1c021ddc0df99b8645c21350bc128d4f1e6468b43dbcb0c858	ok
artifacts/r1/examples.jsonl	4963	ce998b001121a3c20da4a85ddd4f89de0010d91b20db838d6ec457494ecc48b4	ok
artifacts/r1/gens_qwen30b.jsonl	13070925	0da6295ea6868fe41bb8fa862f6ff5ef50010827e9a2cc7ac0becf7d5200e93f	ok
artifacts/r1/gens_scale_Qwen3-0.6B.jsonl	630510	ad68d687af8b82be8affead1f3f62261e89456e4279130f76f53dd45b253fa7f	ok
artifacts/r1/gens_scale_Qwen3-1.7B.jsonl	1111302	3f8778dc30dd38db0fd97f346b6e2120ca1f700c0aed67b77ea657dab44d217e	ok
artifacts/r1/gens_scale_Qwen3-14B.jsonl	874920	a99fd602a95a011530f28c9ac13e8a6936a9c3d5a3b64792cc2b2d6f5b748c3b	ok
artifacts/r1/gens_scale_Qwen3-32B.jsonl	912017	b78f41a5b739ea8d735b91d76aab3eae2b9736f5c1fa3f85159dc6d6b22ed077	ok
artifacts/r1/gens_scale_Qwen3-4B.jsonl	844938	4b41f24b4bdc5733079a28d74edd705d25fa34c28b5c27998fb73a1551b98b3e	ok
artifacts/r1/gens_scale_Qwen3-8B.jsonl	932928	fcbcd42967d8bdbed3f41e0d81507c769e30fc20cab92a1316aa8ff5b599de61	ok
artifacts/r1/lean_examples.jsonl	6727	bb457582c08b2f42f3092af0b36aaef2617455116cbdcb80a0f741a77f93af77	ok
artifacts/r1/lean_found_targets16.jsonl	59451760	e048b9e8f81897230bd361afe66cfa3aa3ffe192110a464da8d0977c4d6fbbfd	ok
artifacts/r1/lean_found_transfer16.jsonl	31809383	19df358e889a5f8deead4fa3f06af9f391d0e8c60aabc30b6241d61c80422d89	ok
artifacts/r1/lean_heldout.jsonl	1811147	e8d1661fda61e747e94b0de0619cac21f52ba4235e219c1107f069bec38de4d4	ok
artifacts/r1/lean_negatives.jsonl	1407748	289fddc5a0c5362469e31c19808da9727ee1eb137b2e828f8c24abba839a3b83	ok
artifacts/r1/lean_r2_depth4_found.jsonl	10467423	494ce113b603f7d6959114309610896b7822faa459e3efab2c491a9035667105	ok
artifacts/r1/lean_r5_c8_found.jsonl	1736871	784f9f1455b64bd229ed390653452ceeef06be562f8f82e0c81c54da78c6d1e5	ok
artifacts/r1/lean_r5_reductio_found.jsonl	993497	afebea4816b661513bdc28008bd0cbc132127d940f59a67a5be08cb7051b7692	ok
artifacts/r1/lean_rl_targets.jsonl	1919415	809b3036bf58113724e0bf62fe2fa3c3998f55eeaf4338a7878599848f7f9cc0	ok
artifacts/r1/lean_train10k.jsonl	3595309	2d9f62b6e50c61ed4374dfd8c360970f785b97d39fbc9b4f4cad747c3dbd4dbb	ok
artifacts/r1/lean_transfer.jsonl	1018362	6a47686c9c01521ce80467edc041bfa53a279e7e341ec5643e9d91cdbaf76b00	ok
artifacts/r1/lean_val36_ref.jsonl	14029	15d425c7c38e58b7453b58d71e183acdadb6ad55590d23b5f692fd96d6206f9a	ok
artifacts/r1/negatives.jsonl	1181109	a8827107e7e9002b7293b8c7b0ce85394cd413a20f680679cd69df61c7787e58	ok
artifacts/r1/scored_qwen30b.jsonl	17524936	6ccbe4fbe51fe676086a1724b40b9010002e8ddde67e3416e88dc6fdb833fcf6	ok
artifacts/r1/scored_scale_Qwen3-0.6B.jsonl	1208118	30ef5f6766924e812b35a33416cb1342f99cf5365114308b97914d344463163d	ok
artifacts/r1/scored_scale_Qwen3-1.7B.jsonl	1527612	1b2555fcc0ec9fc2c0293ece3d959ed462a06838cca45cc113b4be4a54c160a4	ok
artifacts/r1/scored_scale_Qwen3-14B.jsonl	1266740	e860f7ca2a56e69c666e25dd005a67f171430e9942b23cdd7ec533a1c3660b66	ok
artifacts/r1/scored_scale_Qwen3-32B.jsonl	1309550	98e291378fe4cb56b34f5427d7265ec457d490e27747969ea2c2f2dd4fda328e	ok
artifacts/r1/scored_scale_Qwen3-4B.jsonl	1328664	a991de5fd6346aa79e4876429199c90097350e646d5f15a0e5c7632eae2318fa	ok
artifacts/r1/scored_scale_Qwen3-8B.jsonl	1354128	5610b37010ed5d190adeb1da710735bba21d6f203b66307e95e2df6ec1f5ef03	ok
artifacts/r1/train_sample10k.jsonl	7570995	6b83edd04ed84e4890678eb280c2a022a3cfbc11e1003bfe05d017c0f811ce2f	ok
artifacts/r2/cov_depth4_c8ctl_s0.s0.jsonl	297224	8bfb25ae79b3206e54635ba0dec14b97a92b510800325b15fd4e2b0addbf53fe	ok
artifacts/r2/cov_depth4_c8ctl_s1.s0.jsonl	311172	11c5b33cd3828d1e9cad82ad26d01f0a35a0d9474b761c638b1a18c36ec81fb7	ok
artifacts/r2/cov_depth4_c8f0_s0.s0.jsonl	314791	d7632d8a787989cb94868087a6907b61f8f0fe07f5f10f46d9ebd217d0f5d432	ok
artifacts/r2/cov_depth4_c8f0_s1.s0.jsonl	304365	df10a3976d3966fe3e7717ce72575d818968ef0897bda06fed2eae0731353b23	ok
artifacts/r2/cov_depth4_s0.s0.jsonl	221841	060d7d9a222ba06f8ecab7534e6b3fe6afc0f3a0673a49858b9b3becefdbb505	ok
artifacts/r2/cov_depth4_s1.s0.jsonl	221805	3f7d9ec8ed6ea9d4677e8ac7289e0d8a0ae464524227b833e65ab926bf1f12f5	ok
artifacts/r2/cov_impe_chain4_s0.s0.jsonl	73752	08fc32e88902b7b4bf003b2920b48d3a865d201cbb2edd359742a521f772d062	ok
artifacts/r2/cov_impe_chain4_s1.s0.jsonl	230017	54c95d3e16663f9c61aa5238ee2b1a35cf7f76447fcfb9b4a9cac48259b19786	ok
artifacts/r2/cov_impi_ore_natctl_s0.s0.jsonl	209174	ab9f3253206f8338f437162e6d289178f9e242e4a0a8b4d385e6f7214f9d3013	ok
artifacts/r2/cov_impi_ore_natctl_s1.s0.jsonl	215151	6d5b9f2dc9997011cb6f2cad0659dc7693ac1b0d8c6c7cb4f3c61da6b748e0df	ok
artifacts/r2/cov_impi_ore_s0.s0.jsonl	204023	806329003ce2fa3b01f5d7a0d3c3f0401c1939db5928dcafe75c6c8b95838156	ok
artifacts/r2/cov_impi_ore_s1.s0.jsonl	204028	2a4983c1f22c0c8236d6dd308235c038ff85bd75f2632e06682860c9a78b5ca0	ok
artifacts/r2/cov_negi_ande_hyp_natctl_s0.s0.jsonl	206890	67be33d6e294bf0e9e9df510f3d8e66464b5d683557421627384e559d1009cb2	ok
artifacts/r2/cov_negi_ande_hyp_natctl_s1.s0.jsonl	208568	a69937206045fc9749d8346c95f4a634ab0dee6102e4a7c2b0ce37f9e3e7c536	ok
artifacts/r2/cov_negi_ande_hyp_s0.s0.jsonl	206916	5e2a3b884028b0b688f14d6f2d3feb8e4a852ede12e774adb2cbdf88cdb0b139	ok
artifacts/r2/cov_negi_ande_hyp_s1.s0.jsonl	207660	9129f596b09dcffdb53f5451a076cb16d0403b6972813cfddb8d7a3351e322bc	ok
artifacts/r2/cov_nested_ore_s0.s0.jsonl	187100	c07a2f6db8d5cdfc7bcd7699794c9fcbf79090c32c160f1c5d95377a77fb9765	ok
artifacts/r2/cov_nested_ore_s1.s0.jsonl	69026	8b9182924d67dddc2df18dfaabe2fc2be3db1cf9679ef5ddd9ba2e400b809a66	ok
artifacts/r2/cov_ori_ore_s0.s0.jsonl	307466	805c30c33887a97b39c0a3ad9262fea0a93d52445ed3548b17cf1610f62e677e	ok
artifacts/r2/cov_ori_ore_s1.s0.jsonl	336613	8fb5593622fcf498a3f484fe9f606203473eb4962ae8952bb4831ac380388165	ok
artifacts/r2/drift_negi_ande_hyp_s1_r4.s0.jsonl	219384	1cf2f26088bcd66861af4d8ac945ea3dd07af83141dd25e8f9199cc4b71ccb74	ok
artifacts/r2/ei_depth4_c8ctl_s0/found_8.jsonl	11756963	922865a1214f3ab17c05519b2914b389439091b25a61cbd222f6e9eccb34b3c4	ok
artifacts/r2/ei_depth4_c8ctl_s0/found_transfer_8.jsonl	4583826	5198b3e8aa7cda100377b5fc632e0feb118a55920f7927726234a2f5b4360048	ok
artifacts/r2/ei_depth4_c8ctl_s1/found_8.jsonl	12115288	798cae858778f528e84b04f5a6882474d8fd71a37f0f0c0f7ae7bd008e5a3228	ok
artifacts/r2/ei_depth4_c8ctl_s1/found_transfer_8.jsonl	4905691	f43bb38a91fed8f0bf68ec1e52e4c574db249f65a336e9866086b986083c4a31	ok
artifacts/r2/ei_depth4_c8f0_s0/found_8.jsonl	12347486	6df810df85b6ebfb7bd7b1e562eb1b883b94432fa2f8d533c167f284a3dc0836	ok
artifacts/r2/ei_depth4_c8f0_s0/found_transfer_8.jsonl	4928561	0e96e0fe815574f35d3f83a4e86d42fe6737db37e803ff27deadd4b98f674be7	ok
artifacts/r2/ei_depth4_c8f0_s1/found_8.jsonl	11502784	50d5634167d03a8189caff2be89dd405b66607a751c1c51a04a415878eb27038	ok
artifacts/r2/ei_depth4_c8f0_s1/found_transfer_8.jsonl	4613043	fa426c4e1a68596855fc7b79a0e26a8609a9f7841c7a8782e7edf447962c535c	ok
artifacts/r2/ei_depth4_s0/found_8.jsonl	0	e3b0c44298fc1c149afbf4c8996fb92427ae41e4649b934ca495991b7852b855	ok
artifacts/r2/ei_depth4_s0/found_transfer_8.jsonl	0	e3b0c44298fc1c149afbf4c8996fb92427ae41e4649b934ca495991b7852b855	ok
artifacts/r2/ei_depth4_s1/found_8.jsonl	0	e3b0c44298fc1c149afbf4c8996fb92427ae41e4649b934ca495991b7852b855	ok
artifacts/r2/ei_depth4_s1/found_transfer_8.jsonl	0	e3b0c44298fc1c149afbf4c8996fb92427ae41e4649b934ca495991b7852b855	ok
artifacts/r2/ei_impe_chain4_s0/found_8.jsonl	0	e3b0c44298fc1c149afbf4c8996fb92427ae41e4649b934ca495991b7852b855	ok
artifacts/r2/ei_impe_chain4_s0/found_transfer_8.jsonl	0	e3b0c44298fc1c149afbf4c8996fb92427ae41e4649b934ca495991b7852b855	ok
artifacts/r2/ei_impe_chain4_s1/found_8.jsonl	0	e3b0c44298fc1c149afbf4c8996fb92427ae41e4649b934ca495991b7852b855	ok
artifacts/r2/ei_impe_chain4_s1/found_transfer_8.jsonl	0	e3b0c44298fc1c149afbf4c8996fb92427ae41e4649b934ca495991b7852b855	ok
artifacts/r2/ei_impi_ore_natctl_s0/found_8.jsonl	2008239	1ae4a359f4e08defa757d8a4e22a5cb322155cacfe2aa43560786787edc80208	ok
artifacts/r2/ei_impi_ore_natctl_s0/found_transfer_8.jsonl	604809	a7f843cdb5316ba8b2f517872bd7e075c0ff13a8d372dc2d0a5396b978e1bcf8	ok
artifacts/r2/ei_impi_ore_natctl_s1/found_8.jsonl	2014933	a5a24e3a16c5c58d03d8dddbf4578de2d14ac275df5ebba2b3a5a8d61078da5f	ok
artifacts/r2/ei_impi_ore_natctl_s1/found_transfer_8.jsonl	739614	41dd0611661aa2365d6d1d80fba3cf2c30be3da9ef267df5c876cdad294eb613	ok
artifacts/r2/ei_impi_ore_s0/found_8.jsonl	0	e3b0c44298fc1c149afbf4c8996fb92427ae41e4649b934ca495991b7852b855	ok
artifacts/r2/ei_impi_ore_s0/found_transfer_8.jsonl	0	e3b0c44298fc1c149afbf4c8996fb92427ae41e4649b934ca495991b7852b855	ok
artifacts/r2/ei_impi_ore_s1/found_8.jsonl	0	e3b0c44298fc1c149afbf4c8996fb92427ae41e4649b934ca495991b7852b855	ok
artifacts/r2/ei_impi_ore_s1/found_transfer_8.jsonl	0	e3b0c44298fc1c149afbf4c8996fb92427ae41e4649b934ca495991b7852b855	ok
artifacts/r2/ei_negi_ande_hyp_natctl_s0/found_8.jsonl	0	e3b0c44298fc1c149afbf4c8996fb92427ae41e4649b934ca495991b7852b855	ok
artifacts/r2/ei_negi_ande_hyp_natctl_s0/found_transfer_8.jsonl	0	e3b0c44298fc1c149afbf4c8996fb92427ae41e4649b934ca495991b7852b855	ok
artifacts/r2/ei_negi_ande_hyp_natctl_s1/found_8.jsonl	212201	ba5e0c5cf8bbab3cb5174dd61c4840e46caa83a7756ef2b1cc0e8b260c7255c4	ok
artifacts/r2/ei_negi_ande_hyp_natctl_s1/found_transfer_8.jsonl	64207	1439e6a96b1e8a5f1ab1fda83f21075d7c92e587e17e25ffec1f57ea7ba42c37	ok
artifacts/r2/ei_negi_ande_hyp_s0/found_8.jsonl	0	e3b0c44298fc1c149afbf4c8996fb92427ae41e4649b934ca495991b7852b855	ok
artifacts/r2/ei_negi_ande_hyp_s0/found_transfer_8.jsonl	0	e3b0c44298fc1c149afbf4c8996fb92427ae41e4649b934ca495991b7852b855	ok
artifacts/r2/ei_negi_ande_hyp_s1/found_8.jsonl	957106	be7d6975cad5de4713216568569e7fb535beb32a8ab314dc22ed754c28e0a8ac	ok
artifacts/r2/ei_negi_ande_hyp_s1/found_transfer_8.jsonl	165459	c0c07907fc73d31c82323e7cf3d50f6eae799105b48094e67a22123d5a56d670	ok
artifacts/r2/ei_nested_ore_s0/found_8.jsonl	0	e3b0c44298fc1c149afbf4c8996fb92427ae41e4649b934ca495991b7852b855	ok
artifacts/r2/ei_nested_ore_s0/found_transfer_8.jsonl	0	e3b0c44298fc1c149afbf4c8996fb92427ae41e4649b934ca495991b7852b855	ok
artifacts/r2/ei_nested_ore_s1/found_8.jsonl	0	e3b0c44298fc1c149afbf4c8996fb92427ae41e4649b934ca495991b7852b855	ok
artifacts/r2/ei_nested_ore_s1/found_transfer_8.jsonl	0	e3b0c44298fc1c149afbf4c8996fb92427ae41e4649b934ca495991b7852b855	ok
artifacts/r2/ei_ori_ore_s0/found_8.jsonl	5332071	0f4912916b81f1ce796470444ed7bdcf82ca6240343543eda3904f1118b14819	ok
artifacts/r2/ei_ori_ore_s0/found_transfer_8.jsonl	1930916	9541b78d573dc2083e1ddda987b81c45ac9cfe9e56ccd64b1a3fa24341de95ac	ok
artifacts/r2/ei_ori_ore_s1/found_8.jsonl	5817257	30c553139fc4297c1ce7886966acfb718372968a7b63d97db9b56a95f8656313	ok
artifacts/r2/ei_ori_ore_s1/found_transfer_8.jsonl	2148536	7cf6c05facf8bb745d7614f01eb14ce8257672985cfd133c88a31240342b36b4	ok
artifacts/r2/frozen_depth4_c8ctl_s0/found_8.jsonl	3964406	98e329086dcf949337b0d30c7e86f408978ddc0676a0eb6a3d378e578b79601e	ok
artifacts/r2/frozen_depth4_c8ctl_s0/found_transfer_8.jsonl	1776104	0273606aea144a96b44840cb544c36facc87c2d9e439651aed2cce632e1e336f	ok
artifacts/r2/frozen_depth4_c8ctl_s1/found_8.jsonl	4438444	5c3cf4a0f2052808ccd35140a62474263da34085b22ed5274441d5b054f2b10e	ok
artifacts/r2/frozen_depth4_c8ctl_s1/found_transfer_8.jsonl	2273989	fab380a4769a8e23ef7f500abe652c317616d1c37ffe7fbaafc6ad366084c4e6	ok
artifacts/r2/frozen_depth4_c8f0_s1/found_8.jsonl	3945828	f71205d5420cf8dc6103dfd85619a998993078edb4eeafab9048394a58ab1abc	ok
artifacts/r2/frozen_depth4_c8f0_s1/found_transfer_8.jsonl	2150534	4eadb56bfce5f951e14c53d090cacbf1bdbbbe78bd714bac2a85283987269b2f	ok
artifacts/r2/frozen_depth4_s0/found_8.jsonl	0	e3b0c44298fc1c149afbf4c8996fb92427ae41e4649b934ca495991b7852b855	ok
artifacts/r2/frozen_depth4_s0/found_transfer_8.jsonl	0	e3b0c44298fc1c149afbf4c8996fb92427ae41e4649b934ca495991b7852b855	ok
artifacts/r2/frozen_depth4_s1/found_8.jsonl	0	e3b0c44298fc1c149afbf4c8996fb92427ae41e4649b934ca495991b7852b855	ok
artifacts/r2/frozen_depth4_s1/found_transfer_8.jsonl	0	e3b0c44298fc1c149afbf4c8996fb92427ae41e4649b934ca495991b7852b855	ok
artifacts/r2/frozen_impe_chain4_s0/found_8.jsonl	0	e3b0c44298fc1c149afbf4c8996fb92427ae41e4649b934ca495991b7852b855	ok
artifacts/r2/frozen_impe_chain4_s0/found_transfer_8.jsonl	0	e3b0c44298fc1c149afbf4c8996fb92427ae41e4649b934ca495991b7852b855	ok
artifacts/r2/frozen_impe_chain4_s1/found_8.jsonl	0	e3b0c44298fc1c149afbf4c8996fb92427ae41e4649b934ca495991b7852b855	ok
artifacts/r2/frozen_impe_chain4_s1/found_transfer_8.jsonl	0	e3b0c44298fc1c149afbf4c8996fb92427ae41e4649b934ca495991b7852b855	ok
artifacts/r2/frozen_impi_ore_natctl_s0/found_8.jsonl	27317	ed662b4c9e1055ff5cbd48d011f40f33dffd94ee08ce194ffccebf869afd50d5	ok
artifacts/r2/frozen_impi_ore_natctl_s0/found_transfer_8.jsonl	1820	85a160f24b7de4b9556e1326ea9f368ba57d7c85b4f174faa8696a4818c6d659	ok
artifacts/r2/frozen_impi_ore_natctl_s1/found_8.jsonl	74739	60e9f7e4c37b8f96b77f23f60d5be406a8d48b687e673dfd334c08d6ab6d4416	ok
artifacts/r2/frozen_impi_ore_natctl_s1/found_transfer_8.jsonl	45858	3a73cd9ef032b36da96bf5ea571312015cacf07246beb0c9eb1cb294662c398d	ok
artifacts/r2/frozen_impi_ore_s0/found_8.jsonl	0	e3b0c44298fc1c149afbf4c8996fb92427ae41e4649b934ca495991b7852b855	ok
artifacts/r2/frozen_impi_ore_s0/found_transfer_8.jsonl	0	e3b0c44298fc1c149afbf4c8996fb92427ae41e4649b934ca495991b7852b855	ok
artifacts/r2/frozen_impi_ore_s1/found_8.jsonl	0	e3b0c44298fc1c149afbf4c8996fb92427ae41e4649b934ca495991b7852b855	ok
artifacts/r2/frozen_impi_ore_s1/found_transfer_8.jsonl	0	e3b0c44298fc1c149afbf4c8996fb92427ae41e4649b934ca495991b7852b855	ok
artifacts/r2/frozen_negi_ande_hyp_natctl_s0/found_8.jsonl	0	e3b0c44298fc1c149afbf4c8996fb92427ae41e4649b934ca495991b7852b855	ok
artifacts/r2/frozen_negi_ande_hyp_natctl_s0/found_transfer_8.jsonl	0	e3b0c44298fc1c149afbf4c8996fb92427ae41e4649b934ca495991b7852b855	ok
artifacts/r2/frozen_negi_ande_hyp_natctl_s1/found_8.jsonl	1615	236f4fb555e2801859456cfc866bf53bd3ec8022291da465d0d17f9d3362e1b8	ok
artifacts/r2/frozen_negi_ande_hyp_natctl_s1/found_transfer_8.jsonl	1596	f31dc7fd0710d51d3d48dd085529e0ead4d50469df0c531951cfd88318ad1569	ok
artifacts/r2/frozen_negi_ande_hyp_s0/found_8.jsonl	0	e3b0c44298fc1c149afbf4c8996fb92427ae41e4649b934ca495991b7852b855	ok
artifacts/r2/frozen_negi_ande_hyp_s0/found_transfer_8.jsonl	0	e3b0c44298fc1c149afbf4c8996fb92427ae41e4649b934ca495991b7852b855	ok
artifacts/r2/frozen_negi_ande_hyp_s1/found_8.jsonl	964	36897e636c6ba940a7c9b18e5558005a5f04fdb86e5d1c318a87c6e00f4f131b	ok
artifacts/r2/frozen_negi_ande_hyp_s1/found_transfer_8.jsonl	426	caf639b18f3bd36668c12602c93590de2958691c5d234e3f243bf87a2ad54266	ok
artifacts/r2/frozen_nested_ore_s0/found_8.jsonl	0	e3b0c44298fc1c149afbf4c8996fb92427ae41e4649b934ca495991b7852b855	ok
artifacts/r2/frozen_nested_ore_s0/found_transfer_8.jsonl	0	e3b0c44298fc1c149afbf4c8996fb92427ae41e4649b934ca495991b7852b855	ok
artifacts/r2/frozen_nested_ore_s1/found_8.jsonl	0	e3b0c44298fc1c149afbf4c8996fb92427ae41e4649b934ca495991b7852b855	ok
artifacts/r2/frozen_nested_ore_s1/found_transfer_8.jsonl	0	e3b0c44298fc1c149afbf4c8996fb92427ae41e4649b934ca495991b7852b855	ok
artifacts/r2/frozen_ori_ore_s0/found_8.jsonl	2736360	aef3463c40e58e1270c662995f763709e9a436b78a7e26e50f60c199bb800f3f	ok
artifacts/r2/frozen_ori_ore_s0/found_transfer_8.jsonl	1167460	5205dbc333973b2f37f3025c0ffed81f691c80ea32f2f1a9c249fb7b688eb0ff	ok
artifacts/r2/frozen_ori_ore_s1/found_8.jsonl	3446251	5f74226efdbfa60883172c4955f3f4ec741ae4bc3565bb3bb1b2d968473fa6bc	ok
artifacts/r2/frozen_ori_ore_s1/found_transfer_8.jsonl	1557083	642a354c03a8ea9430d07e39bb698c4b6c42294f66b646a48b091fc4cf682540	ok
artifacts/r3/ei_depth3_f0_a1_s3_gen4/found_8.jsonl	11116193	7b6463baebb60be331c2be0e4f62b67b260496f61a5b9a8d3ed5f2660e279001	ok
artifacts/r3/ei_depth3_f0_a1_s3_gen4/found_transfer_8.jsonl	5471506	da30956bcde450fddf39bf8cad78631784341951f512ef1a6c16c78a3c7dd461	ok
artifacts/r3/ei_depth3_f0_a1_s3_inv4/found_8.jsonl	10590346	a0ec9602e04d81fdd15f1595bbc59ea54ffc2d741f0304a289684ff45936a4a9	ok
artifacts/r3/ei_depth3_f0_a1_s3_inv4/found_transfer_8.jsonl	5232841	c850aa51d7fef3a5a67b0a9cf78baef25ec5cf6c509d714141866fcdf823596e	ok
artifacts/r3/ei_depth3_f0_a1_s3_other4/found_8.jsonl	10671546	eafd580ea1c8e5a2f7cbc6e9e1f81ce03f94652067134de9e2939e19c5ffd350	ok
artifacts/r3/ei_depth3_f0_a1_s3_other4/found_transfer_8.jsonl	5213670	8250eeda6e0c9ce69f6ba4bbfee5e935c75e90cdf887ad0e80d14b8ae287ec31	ok
artifacts/r3/ei_depth3_f0_a1_s3_sib1/found_8.jsonl	10859891	eb20d05faa86ac55cbf762cb35c5bd0b00ace37c2e7902c5b6c91847f978b6d2	ok
artifacts/r3/ei_depth3_f0_a1_s3_sib1/found_transfer_8.jsonl	5397573	6fb53bfac4c899369a075a314a9483f14dbb3ffffbb8fad4a3882619d74e4637	ok
artifacts/r3/ei_depth3_f0_a1_s3_sib16/found_8.jsonl	10896191	f08677a0d8185c9610f76bfcfa363340d96644e2fd9c4346671118b8b4e0e6d3	ok
artifacts/r3/ei_depth3_f0_a1_s3_sib16/found_transfer_8.jsonl	5434317	5dca7f122982e35f165f7f21fbd4d1ea74e75bee7154612b126d14fcd040a4b7	ok
artifacts/r3/ei_depth3_f0_a1_s3_sib4/found_8.jsonl	10710145	4041af3936e15694f0f4c2823185f2da123b1b73b3d25228413790064f3dfbf1	ok
artifacts/r3/ei_depth3_f0_a1_s3_sib4/found_transfer_8.jsonl	5325672	46ae612ddb94e5773cb49eae21505bde7beaece9869f59f25259622e8a466d9a	ok
artifacts/r3/ei_depth3_f0_a1_s4_gen4/found_8.jsonl	8656021	d1d897d237ffb8ffddd4561974e73b58ee82c9b5c1a015b3926a8a788ec149b8	ok
artifacts/r3/ei_depth3_f0_a1_s4_gen4/found_transfer_8.jsonl	4216187	3621a5b9f3baf3e87e3c2d24edd543af0235bf37c96fb586f71389aadba06843	ok
artifacts/r3/ei_depth3_f0_a1_s4_inv4/found_8.jsonl	9236806	adea83ecefd1f9cbcd363b6d3e6d940081e586c2d5712490d6f3863cb6f05d47	ok
artifacts/r3/ei_depth3_f0_a1_s4_inv4/found_transfer_8.jsonl	4471824	f64f2ae9d097d186c257e81969eb6a175d756266f276fef84b40420f2e4d7a45	ok
artifacts/r3/ei_depth3_f0_a1_s4_other4/found_8.jsonl	6481044	55df569cf8eaef221470da233ca0ee620129b2af8a981060ae6bca669f9b8975	ok
artifacts/r3/ei_depth3_f0_a1_s4_other4/found_transfer_8.jsonl	3309583	41413640b27281a63ee5719bcda61caed590b0c5f6a9a40ceab3eb0738873e80	ok
artifacts/r3/ei_depth3_f0_a1_s4_sib1/found_8.jsonl	9498251	d5cd12f7336463a9b09229dd5772104e42694957bc61644aa4dcf614dda014ea	ok
artifacts/r3/ei_depth3_f0_a1_s4_sib1/found_transfer_8.jsonl	4748124	de136a2360267bd76afd328d481f8afcf2581423fe74c4b03f789305f6ad04c9	ok
artifacts/r3/ei_depth3_f0_a1_s4_sib16/found_8.jsonl	12015160	f214840af9a8bda0c8ac95ad39c66c26abbf66b928748b494d1d7140c6db326e	ok
artifacts/r3/ei_depth3_f0_a1_s4_sib16/found_transfer_8.jsonl	5815483	15aec5ce1c3f7c28035b9c201cae900f081f88581fe97b3e4c0efe2b3102804c	ok
artifacts/r3/ei_depth3_f0_a1_s4_sib4/found_8.jsonl	11142258	d3cdf11794bb35c5f73ee63b99897321425d89f1a8d99cffa12d3239daa93b96	ok
artifacts/r3/ei_depth3_f0_a1_s4_sib4/found_transfer_8.jsonl	5361736	6b86a8744b27b6b40eeab80fd3b4dcad389a146e5e11502f217ad9e0113aa934	ok
artifacts/r3/ei_depth3_f0_a1_s5_gen4/found_8.jsonl	10477531	10138854194cfc37c80bd161431dec6ba321436a746ec08499194ffaadf7b8c6	ok
artifacts/r3/ei_depth3_f0_a1_s5_gen4/found_transfer_8.jsonl	5222421	0a054ddf2b82491327448b471faed737cd9b86826f2150541bee4dae7bea52a0	ok
artifacts/r3/ei_depth3_f0_a1_s5_inv4/found_8.jsonl	7216758	29538dc1b530112c862ab027d4f84e03cf18f3e51f1c9352c4f8767a17376c9e	ok
artifacts/r3/ei_depth3_f0_a1_s5_inv4/found_transfer_8.jsonl	3699933	d45c39348bc08b88eaff0c546172c27dc5e916d913872b9e656895bb353eabdc	ok
artifacts/r3/ei_depth3_f0_a1_s5_other4/found_8.jsonl	7532677	d6a4b0edd51b08c1bf3488b727ffb6a215f03c0d47d792e33bd8674e21b84ac2	ok
artifacts/r3/ei_depth3_f0_a1_s5_other4/found_transfer_8.jsonl	3814277	8e6ddd1417266ad40d67339479353719acaf286cd1062338f26e1ac49de35802	ok
artifacts/r3/ei_depth3_f0_a1_s5_sib1/found_8.jsonl	11089108	a439b5c5e3ecdd22192803f5d7c693205674e8b702c5d997d16e564afce614b4	ok
artifacts/r3/ei_depth3_f0_a1_s5_sib1/found_transfer_8.jsonl	5425666	72c7e27b9dae41a80fa87eacefa787784382835fcaf4c62cbd008b3882962a7d	ok
artifacts/r3/ei_depth3_f0_a1_s5_sib16/found_8.jsonl	11907203	880f994a363a8bd7a63a47bde9a233ca549dde38e84c6a78c3222ce3df22f7ef	ok
artifacts/r3/ei_depth3_f0_a1_s5_sib16/found_transfer_8.jsonl	5894192	019777fb4e994ea2927b8aab12ef3ae1bb7849d5bb80528ce36e73c3d921d36f	ok
artifacts/r3/ei_depth3_f0_a1_s5_sib4/found_8.jsonl	11909642	e3bb2e80a7d8f48cc2d96d7f4d4ca467d702e2003438c21b6df18e12fbabb107	ok
artifacts/r3/ei_depth3_f0_a1_s5_sib4/found_transfer_8.jsonl	5791399	1cb01eb74791eb1575df6c883e2e87766b6938e36b4e90c275daa6dada4190a8	ok
artifacts/r3/ei_reductio_f0_s1_t2_gen4/found_8.jsonl	0	e3b0c44298fc1c149afbf4c8996fb92427ae41e4649b934ca495991b7852b855	ok
artifacts/r3/ei_reductio_f0_s1_t2_gen4/found_transfer_8.jsonl	0	e3b0c44298fc1c149afbf4c8996fb92427ae41e4649b934ca495991b7852b855	ok
artifacts/r3/ei_reductio_f0_s1_t2_inv4/found_8.jsonl	0	e3b0c44298fc1c149afbf4c8996fb92427ae41e4649b934ca495991b7852b855	ok
artifacts/r3/ei_reductio_f0_s1_t2_inv4/found_transfer_8.jsonl	0	e3b0c44298fc1c149afbf4c8996fb92427ae41e4649b934ca495991b7852b855	ok
artifacts/r3/ei_reductio_f0_s1_t2_other4/found_8.jsonl	0	e3b0c44298fc1c149afbf4c8996fb92427ae41e4649b934ca495991b7852b855	ok
artifacts/r3/ei_reductio_f0_s1_t2_other4/found_transfer_8.jsonl	0	e3b0c44298fc1c149afbf4c8996fb92427ae41e4649b934ca495991b7852b855	ok
artifacts/r3/ei_reductio_f0_s1_t2_sib1/found_8.jsonl	776585	b827ef804bb1f8cc9e12bd39f8e612646d70ccf93ef6d1867f1c94090bfacdf8	ok
artifacts/r3/ei_reductio_f0_s1_t2_sib1/found_transfer_8.jsonl	286650	8339d3cb40d95a2a02e6a304aa69a7932a0aa4386fd9680393fc83d18576b68a	ok
artifacts/r3/ei_reductio_f0_s1_t2_sib16/found_8.jsonl	1556798	da3f827d7b623734742544da464207eac714eb706be49597b9817d5d3d6e1203	ok
artifacts/r3/ei_reductio_f0_s1_t2_sib16/found_transfer_8.jsonl	745718	a41dd13dd865a7236f77c75cc369146798a907fd0abedbbc8e3b387022ac4ad6	ok
artifacts/r3/ei_reductio_f0_s1_t2_sib4/found_8.jsonl	855937	a96eaa47aea21e0a19de8b263a107af675522d972e2167228a4e443f71d228ee	ok
artifacts/r3/ei_reductio_f0_s1_t2_sib4/found_transfer_8.jsonl	342574	0f1a9b2b49f9a901a0907b2278753e8bc64f8e8a0fb06bcb3c11ac9978f6324d	ok
artifacts/r3/ei_reductio_f0_s2_t2_gen4/found_8.jsonl	1022426	688921ee064eedb0d633cc221198a5ad0af4d4c0d3bdf3cc7512ec0f0dc9cf62	ok
artifacts/r3/ei_reductio_f0_s2_t2_gen4/found_transfer_8.jsonl	473436	24e444c245c5e741ea43bf8992f573d77b33ed4c6a20ef324e3517725069b06e	ok
artifacts/r3/ei_reductio_f0_s2_t2_inv4/found_8.jsonl	108682	253157645b8f8521ab08ad12636b64f7b893d92db3cd13d39054981bbbbdf32b	ok
artifacts/r3/ei_reductio_f0_s2_t2_inv4/found_transfer_8.jsonl	28565	ae4251b52d91845afeb3ff8bd5e2a28e9d07897e8893403de02e046d18f2d768	ok
artifacts/r3/ei_reductio_f0_s2_t2_other4/found_8.jsonl	0	e3b0c44298fc1c149afbf4c8996fb92427ae41e4649b934ca495991b7852b855	ok
artifacts/r3/ei_reductio_f0_s2_t2_other4/found_transfer_8.jsonl	0	e3b0c44298fc1c149afbf4c8996fb92427ae41e4649b934ca495991b7852b855	ok
artifacts/r3/ei_reductio_f0_s2_t2_sib1/found_8.jsonl	1054080	f92af1763e34337d251ab2aac1f45db516006300c621b53e9b31242fd1a8528b	ok
artifacts/r3/ei_reductio_f0_s2_t2_sib1/found_transfer_8.jsonl	463727	649b16d8fce11431fd90e579092bab61dd952a9131593d03e0f5405ff0c0e4d5	ok
artifacts/r3/ei_reductio_f0_s2_t2_sib16/found_8.jsonl	1540875	39d8fabaaa24f2ce054de57b605ff5250417613574f56d9d61fda6e76ff757cd	ok
artifacts/r3/ei_reductio_f0_s2_t2_sib16/found_transfer_8.jsonl	771121	3f9aaa8b030aef021b7f77d92a92744beafb40ddd23b0838b42eca118820dafa	ok
artifacts/r3/ei_reductio_f0_s2_t2_sib4/found_8.jsonl	1230735	b5a40cd35cc9a351f8664316600ba42156eb303ee53694655f79bd594058e67e	ok
artifacts/r3/ei_reductio_f0_s2_t2_sib4/found_transfer_8.jsonl	534052	610cdc1347eb95eae5d3e42be6096ef3b9b41dd72531012b8a6a28acf65a5a2d	ok
artifacts/r4/grpo_g32_a1_s0/found_8.jsonl	763384	e71c3992c9ab0eededfb4dc774c312a68e2dd57cf1e5693ffbb14d71fd30359a	ok
artifacts/r4/grpo_g32_a1_s0/found_transfer_8.jsonl	215703	14585b9e585c9049e77864bbcd4365b40fbda1bbf77a30f1237c11619b476a3c	ok
artifacts/r4/grpo_g32_a1_s1/found_8.jsonl	857731	d816308b83fae59e1ad660ec832f178f65fd2c90fdb771f7b9ebd881371cc5b4	ok
artifacts/r4/grpo_g32_a1_s1/found_transfer_8.jsonl	275351	bca0fc4d5cf853eef10a68126e8fd16e26aa65122efc9a9f1e9735e2f2995746	ok
artifacts/r4/grpo_g32_a2_s0/found_8.jsonl	743351	ab58a901532929bbf97305d480b9e44325867ec381264454d36a5de3436fc2f7	ok
artifacts/r4/grpo_g32_a2_s0/found_transfer_8.jsonl	243443	3e496c8a32664de80113b2d2054a9330769e737dbdf4feaa8465b766015f006c	ok
artifacts/r4/grpo_g32_a2_s1/found_8.jsonl	712279	01697e3a804b3a87b5f90f849fe044f76387c6b128edcfda830e2f4af7eb0543	ok
artifacts/r4/grpo_g32_a2_s1/found_transfer_8.jsonl	247273	9e78c3327906b221de3df5cad44e5776656885cd20882b0f165618627f35aca6	ok
artifacts/r4/grpo_g32_a3_s0/found_8.jsonl	691354	16e0d6e73e0f996be65eee0f17df12690675afe56409f2e2df52f03817643d49	ok
artifacts/r4/grpo_g32_a3_s0/found_transfer_8.jsonl	216227	b3edd41910941b85f90c6ea8bd3e2b54d7ecdab6a792ea6e13e5d3a47e66f48b	ok
artifacts/r4/grpo_g32_a3_s1/found_8.jsonl	651181	3dc66a276fcc37418fcf220b9f86c407ffdf2050000125914b5623848883715c	ok
artifacts/r4/grpo_g32_a3_s1/found_transfer_8.jsonl	222770	08715655a0fb89da3eee808850b645246ffb5ac6a218519f88858a8529e4055d	ok
artifacts/r4/grpo_g8_a1_s1/found_8.jsonl	906194	bfbab9e10903667d0a734c0edb751a196db65a1154a29e9ce4a9a930f8f88471	ok
artifacts/r4/grpo_g8_a1_s1/found_transfer_8.jsonl	293108	cadaa94a2d16b0695150e46a1f7477817fef87903b9cd610dd2a71074e99f2df	ok
artifacts/r4/grpo_g8_a2_s0/found_8.jsonl	792850	b872ae6dbef378c3440de908fb84ed1ea940a8444bd8b27421dbbf2ec1794d88	ok
artifacts/r4/grpo_g8_a2_s0/found_transfer_8.jsonl	261313	2ac6249256f4fa747994a43a9fbf94fcf767b0b25d3d3d3e887bdc9492b4682c	ok
artifacts/r4/grpo_g8_a2_s1/found_8.jsonl	886899	83ba5afbe7c735fe22fc7bc99cba09145b59622e484ade12746699d743836cd9	ok
artifacts/r4/grpo_g8_a2_s1/found_transfer_8.jsonl	261739	b0d2966313e3613720b92b1ff7879853b09dd133c3643f7660882c66fcd9124e	ok
artifacts/r4/grpo_g8_a3_s0/found_8.jsonl	730010	307fb8a31d61fd1af69dca6fc23b685e594112a97b9ab4a5ba9118be9d8ccc9f	ok
artifacts/r4/grpo_g8_a3_s0/found_transfer_8.jsonl	242640	1e9d8c5ba222199c3f938e41b2489e6dbc35b2a8c36d3ad3d2a4af6e64ab2fc3	ok
artifacts/r4/grpo_g8_a3_s1/found_8.jsonl	851715	d7ea954fd834bbd6fa0e915d00d774a81a5060096d86caf5d88bb9a8f173637e	ok
artifacts/r4/grpo_g8_a3_s1/found_transfer_8.jsonl	249876	dedadd3096ec4f005c3990d24665790bd89f7a0e550024ab36671a8a4547c812	ok
artifacts/r5/cov_derived_ore_strict_f0_c8_s0_req.s0.jsonl	230291	8459e2408ac8f2703308b0f313ba2a03fa1663716359e02437b76ec381f42b4e	ok
artifacts/r5/cov_derived_ore_strict_f0_c8_s1_req.s0.jsonl	230370	254232ea265b740041a0746e30003ea531dd034d024fca13fe38368c3ae37799	ok
artifacts/r5/cov_reductio_f0_s0_req.s0.jsonl	209662	3d1e064722e70d76dd4651f2dbc5bf0ea59683953772f7dc7db44e7d6a3f5cef	ok
artifacts/r5/cov_reductio_f0_s1_req.s0.jsonl	207038	e90314fea1b3acc932446da12e494234064a187f313716993545ad12f2538c7e	ok
artifacts/r5/cov_reductio_f0_s2_req.s0.jsonl	207528	cd26f82a9bfd4fcc66bef2337fc4ce82c29e2fb9631548c528faddffbf93f396	ok
artifacts/r5/ei_derived_ore_strict_f0.01_c8_s0_req/found_1.jsonl	65779	94df4fa15a17c3c96a7b58aa8e8d0570777a51c007e7333fe5c43bd1ec95cde9	ok
artifacts/r5/ei_derived_ore_strict_f0.01_c8_s0_req/found_2.jsonl	282994	6553042642ab4db6b7c9dfab92408984cb7414b89e30d2aee7dbc97eb93e6798	ok
artifacts/r5/ei_derived_ore_strict_f0.01_c8_s0_req/found_3.jsonl	574074	8d71b9b6dcd66e40e1e43bf131c5572ebf432ee8dc291a302eefa66ce398d012	ok
artifacts/r5/ei_derived_ore_strict_f0.01_c8_s0_req/found_4.jsonl	815900	9eb7fd31323d33b8c29e096f1d21981a0fc1c06a695f55de14d621c80689368a	ok
artifacts/r5/ei_derived_ore_strict_f0.01_c8_s0_req/found_5.jsonl	965176	c9b32a2c3dacba3e8457bf18055e8ceadd74b018352f70a956ec68617678cbae	ok
artifacts/r5/ei_derived_ore_strict_f0.01_c8_s0_req/found_6.jsonl	1082059	273a9f91f41ee4968188d5155aa895b01c28a9c5f589da00d26e2d70ecaac072	ok
artifacts/r5/ei_derived_ore_strict_f0.01_c8_s0_req/found_7.jsonl	1211619	03c0019752997786bf967ba44088c2ab4f0946c8a7c8dd9b7c1683d9555e25b4	ok
artifacts/r5/ei_derived_ore_strict_f0.01_c8_s0_req/found_8.jsonl	1315868	f0ff07bc4d497d6be83ccb4cb280c334f5961c3476706151768f774efdbd1e64	ok
artifacts/r5/ei_derived_ore_strict_f0.01_c8_s0_req/found_transfer_1.jsonl	26343	9fa4d31c89d6bf048bd04aa87346df8875927d053d431aada27488a10e91be9f	ok
artifacts/r5/ei_derived_ore_strict_f0.01_c8_s0_req/found_transfer_2.jsonl	73533	f219a1f29036909e0b963740999bcaa3176ce01ad14acba4842d57aa9ac8afbc	ok
artifacts/r5/ei_derived_ore_strict_f0.01_c8_s0_req/found_transfer_3.jsonl	120296	52bd5002b500d3ec3d2f3dccdd1df3f8e3bc5ae02cd43989508e239e6ad98f96	ok
artifacts/r5/ei_derived_ore_strict_f0.01_c8_s0_req/found_transfer_4.jsonl	169524	e605ada7817d992c7963407b2a20248126f22926becbab02c068ad8fc0ff7e67	ok
artifacts/r5/ei_derived_ore_strict_f0.01_c8_s0_req/found_transfer_5.jsonl	205666	318ee6ed8a64a6ebf4fcc1457b0376846c158a0770107a23e38fb087e1ab3e69	ok
artifacts/r5/ei_derived_ore_strict_f0.01_c8_s0_req/found_transfer_6.jsonl	238319	80572b2c3d05f55a178f3396a3f91a32060231e73ac81513838bd465381821ab	ok
artifacts/r5/ei_derived_ore_strict_f0.01_c8_s0_req/found_transfer_7.jsonl	272786	2c9aa47227582ea3fec6628887f5e6648959654e229daf076a57288bea318e83	ok
artifacts/r5/ei_derived_ore_strict_f0.01_c8_s0_req/found_transfer_8.jsonl	298216	37105b8413e0dfd8729797080c70a61d5addcf7b201ab5e010ad346d1613fce4	ok
artifacts/r5/ei_derived_ore_strict_f0.01_c8_s1_req/found_1.jsonl	107246	2cc543b66b57e2070a1bbbe3cf0d9a9417d2f9a9b241bc0e05e017f4dde2ad8b	ok
artifacts/r5/ei_derived_ore_strict_f0.01_c8_s1_req/found_2.jsonl	415166	b5a991a1dfe2a273765c0cb2e516e741aa61afdc095fb12e5878f76fcaccb65e	ok
artifacts/r5/ei_derived_ore_strict_f0.01_c8_s1_req/found_3.jsonl	735483	1ed186f0b7b28a4373aeae8c89a2b5438b3ea435efc87866f7db2d01c035732a	ok
artifacts/r5/ei_derived_ore_strict_f0.01_c8_s1_req/found_4.jsonl	1031786	c37931c2fac38a342859d4b0a07b9605529c1943d8e97bbfc13919d1a3660eee	ok
artifacts/r5/ei_derived_ore_strict_f0.01_c8_s1_req/found_5.jsonl	1279407	50d2e3163533bd90d83ef818557e7916247b39f6b78aacadb06b3f56daa806cd	ok
artifacts/r5/ei_derived_ore_strict_f0.01_c8_s1_req/found_6.jsonl	1573108	67d42ccc65ca576fa18e218feaf743c2e099de82747d61910f79f074e78ae7a4	ok
artifacts/r5/ei_derived_ore_strict_f0.01_c8_s1_req/found_7.jsonl	1790967	04610215b6a1623ad293c040c8b3a23d710aaa57a729047b057222d2c962bc40	ok
artifacts/r5/ei_derived_ore_strict_f0.01_c8_s1_req/found_8.jsonl	1969074	733eab3802037b441a24f836cd41edaec526f1c3bd9887728021c525b2877641	ok
artifacts/r5/ei_derived_ore_strict_f0.01_c8_s1_req/found_transfer_1.jsonl	24982	606204f488604a4df32d96bb1b72da6963e3c8b33837a9c893b02870a385ca53	ok
artifacts/r5/ei_derived_ore_strict_f0.01_c8_s1_req/found_transfer_2.jsonl	90992	8c00fd21f840444bddd276afedfcdba0a389a3737fc1e88266972e4de91edd81	ok
artifacts/r5/ei_derived_ore_strict_f0.01_c8_s1_req/found_transfer_3.jsonl	176041	6a6daf5427a24a5ea179af4313758cc970f195c0dc5968d663cfc2a9680dc7d3	ok
artifacts/r5/ei_derived_ore_strict_f0.01_c8_s1_req/found_transfer_4.jsonl	242719	b271adbb686e5b58d2ff4d0a5336cd1403e6ba543180a083ccbe0de08646c50b	ok
artifacts/r5/ei_derived_ore_strict_f0.01_c8_s1_req/found_transfer_5.jsonl	291883	29b0a1cee58d559149d212d1087c2ebf978cad7fea889169bccb029d47cf3239	ok
artifacts/r5/ei_derived_ore_strict_f0.01_c8_s1_req/found_transfer_6.jsonl	323494	22c9ff04ab92616c5d164a39511b5865b1d5989e28a5aee13854909d8fc405e1	ok
artifacts/r5/ei_derived_ore_strict_f0.01_c8_s1_req/found_transfer_7.jsonl	362596	f57586cfeb1e76b7dc9c5776a5860f750a26467acccd8b760222880d8c64f160	ok
artifacts/r5/ei_derived_ore_strict_f0.01_c8_s1_req/found_transfer_8.jsonl	410247	2cf8ddaa4d68537b6f797b0c7d280a63101701d8a8c53e8c3da9c9fdc007bb60	ok
artifacts/r5/ei_derived_ore_strict_f0_c8_s0_req/found_1.jsonl	22334	e3ff968384d3e7a93fd315e8655d65a06b23ccb0d0101fed2abf3a576b59af5c	ok
artifacts/r5/ei_derived_ore_strict_f0_c8_s0_req/found_2.jsonl	125540	0bc17fe5e4490ec29353eb7465fadf2b9a35169af177616d774f45dccc469bb8	ok
artifacts/r5/ei_derived_ore_strict_f0_c8_s0_req/found_3.jsonl	240294	024e1b4eb905f102d226b4be3c075e528070f4ba5e4db3bb78f488188d98b81d	ok
artifacts/r5/ei_derived_ore_strict_f0_c8_s0_req/found_4.jsonl	364257	2c6ab6da62ac24aaf0c9e16fa456328f3c9418ad2979295293f907e7ca8988ec	ok
artifacts/r5/ei_derived_ore_strict_f0_c8_s0_req/found_5.jsonl	491993	a44fe689cc84c1607c5b36f1f1484554c6f9ddbf20b50f8b4fc3f513c7c7e814	ok
artifacts/r5/ei_derived_ore_strict_f0_c8_s0_req/found_6.jsonl	596927	e61be34bf07c9cf09ee2009bde07fe40cbd09f5af318c19d63efa856aabb47d5	ok
artifacts/r5/ei_derived_ore_strict_f0_c8_s0_req/found_7.jsonl	676063	aa97b18f266403fe71ef15e7544e9f70af2faebccd085c7bc4f2f2a4144eea04	ok
artifacts/r5/ei_derived_ore_strict_f0_c8_s0_req/found_8.jsonl	745870	57a77e2e416e6930fed8ef7c1ec51c3c1b519a11f98b84a78531157b5f38d8aa	ok
artifacts/r5/ei_derived_ore_strict_f0_c8_s0_req/found_transfer_1.jsonl	16055	0bdc62f6cd5dcb11b0d3aa8d9e5c3d33c77d5d18ceb1ee8ba24c76786e9e1086	ok
artifacts/r5/ei_derived_ore_strict_f0_c8_s0_req/found_transfer_2.jsonl	57742	5370dbfb0e840d48fee6cd2c3f3d074c228d63536ec80308498ce305362b9177	ok
artifacts/r5/ei_derived_ore_strict_f0_c8_s0_req/found_transfer_3.jsonl	90628	2fa88abca1e945a1afa801a77bb6bdf76f17f3cd72cce022fc1e896905fb9395	ok
artifacts/r5/ei_derived_ore_strict_f0_c8_s0_req/found_transfer_4.jsonl	114063	fd5db05697288ded8d5bf49d14b9b0f7912485a90c5a9bd265be4cfce590ddfe	ok
artifacts/r5/ei_derived_ore_strict_f0_c8_s0_req/found_transfer_5.jsonl	136502	0d577ccf16f1bdfc9ab253146aa51b81d242a72ea23df5af090b005fb2e39aa8	ok
artifacts/r5/ei_derived_ore_strict_f0_c8_s0_req/found_transfer_6.jsonl	155700	0d3703f9f8a3ce15254879878c78f538d6adb6a7b17f69788faf136008e4c2e2	ok
artifacts/r5/ei_derived_ore_strict_f0_c8_s0_req/found_transfer_7.jsonl	172733	fbfaa3653a450974c9a1522b4d3005b464f9f1ee6ac00df9264dd858d5cce67c	ok
artifacts/r5/ei_derived_ore_strict_f0_c8_s0_req/found_transfer_8.jsonl	183850	dee874b123c041e785f07af28262d49dafce28aa7f9c6447e5eb67f6597e8662	ok
artifacts/r5/ei_derived_ore_strict_f0_c8_s1_req/found_1.jsonl	27984	bd04dc12c2c78a566a130da253f6253c946680e49453b61a8e263b5a4b1cb272	ok
artifacts/r5/ei_derived_ore_strict_f0_c8_s1_req/found_2.jsonl	115545	68c37ea9827df0f7c886446cd8a0107c458183ca269f642f5941493cb5652963	ok
artifacts/r5/ei_derived_ore_strict_f0_c8_s1_req/found_3.jsonl	231085	d299150cfbb4a740ef159946d78f25fc6fee8fc24697dee3587ffb9b0194bea6	ok
artifacts/r5/ei_derived_ore_strict_f0_c8_s1_req/found_4.jsonl	327035	77a681ebb201f2528908f92ef8668e812234ee393a83103d1e80bdcc2ca7d627	ok
artifacts/r5/ei_derived_ore_strict_f0_c8_s1_req/found_5.jsonl	419465	984ac436bfd335104d04c1d80f0642db3e913c83991f36bb4d8edcc04616b930	ok
artifacts/r5/ei_derived_ore_strict_f0_c8_s1_req/found_6.jsonl	503409	c143ef4ce5727837a2c825d0516e38aca116b2d80149fca25875c8fc1fd1dd11	ok
artifacts/r5/ei_derived_ore_strict_f0_c8_s1_req/found_7.jsonl	592564	f506accf6a4b7acf798ea5e8382d37a496746cb11473ea1f4ff9d9e97e782cc5	ok
artifacts/r5/ei_derived_ore_strict_f0_c8_s1_req/found_8.jsonl	691702	1ed83ddf04c0a95a03dda72535c4f9d1f508a96782746834d260bc083d212d6e	ok
artifacts/r5/ei_derived_ore_strict_f0_c8_s1_req/found_transfer_1.jsonl	22955	5436f6fdeb9baf0f01c6c1a845621630ad3595cba88705f24acb5f0771fdb02c	ok
artifacts/r5/ei_derived_ore_strict_f0_c8_s1_req/found_transfer_2.jsonl	66688	c0c9f8366fa36a0da4ef7f6aa74629301214cd0b394d55ab0fdfd0fc8591ba6e	ok
artifacts/r5/ei_derived_ore_strict_f0_c8_s1_req/found_transfer_3.jsonl	96788	373a515e7484e3777ae747b867540e7beed4709a05fff688f06643bb92b94c7d	ok
artifacts/r5/ei_derived_ore_strict_f0_c8_s1_req/found_transfer_4.jsonl	129200	a86c275ec68347f8c199cf4feaf7d43e7cd5c58f75fe5ab77a7608f4f50f1de7	ok
artifacts/r5/ei_derived_ore_strict_f0_c8_s1_req/found_transfer_5.jsonl	147449	9f9236cb2e0e4ffe79be15c10e864c1e0bada39fbba41787479ccea0c5377b73	ok
artifacts/r5/ei_derived_ore_strict_f0_c8_s1_req/found_transfer_6.jsonl	177731	eb6585359c2c35dbd200bb1a56c0e2c6820a84c232673b2e7af8a112472551e6	ok
artifacts/r5/ei_derived_ore_strict_f0_c8_s1_req/found_transfer_7.jsonl	191361	ec5a745d83b8c42cc1c5ddecaaa6148461543c6c2cf71e7e13c92b8f81ea3c09	ok
artifacts/r5/ei_derived_ore_strict_f0_c8_s1_req/found_transfer_8.jsonl	222163	350e85d11c54807b24fb1c4e76e2991eb39c5ee9eaa95d5050ecc43b10815edc	ok
artifacts/r5/ei_reductio_f0.1_s0_req/found_1.jsonl	30392	eaf8285f90fc8bd6965e9c1264632dbb34a6381b71f22dc231b8dda35c2cba80	ok
artifacts/r5/ei_reductio_f0.1_s0_req/found_2.jsonl	379778	b7dc80980e364c7392972137f5299722d9c6ff0716f141d3ea1fa47dae32b960	ok
artifacts/r5/ei_reductio_f0.1_s0_req/found_3.jsonl	720925	eb883042dc67e4fe70a36b2f0bd689e07ab3037583bf9b3889f7728078b52a2b	ok
artifacts/r5/ei_reductio_f0.1_s0_req/found_4.jsonl	898317	ec97ca672510ea4c397d0d00b7ead07a6db06c3bae30b8a75e67230222bbfdd9	ok
artifacts/r5/ei_reductio_f0.1_s0_req/found_5.jsonl	989007	1445d96c757ef250d3b3206f23c83384b17f834f00e2853b7598dfa7babcb769	ok
artifacts/r5/ei_reductio_f0.1_s0_req/found_6.jsonl	1053510	f4ea1bca05c8677d89992b8ecd90b37078fa405c78436c1285552ba32be14920	ok
artifacts/r5/ei_reductio_f0.1_s0_req/found_7.jsonl	1094339	9dba308e9d1bb48b3651fbc2af3dbe418e100bb38c5ed2bbe927cb4e41c4904e	ok
artifacts/r5/ei_reductio_f0.1_s0_req/found_8.jsonl	1119826	a0f909a31cd246a5e11f1e2f82d10e0944a49d2cb9fc0d6c9909709fc5afeff3	ok
artifacts/r5/ei_reductio_f0.1_s0_req/found_transfer_1.jsonl	15006	48a24ab3d4fe4b4030c0a162d9a9edc6d27bdc2415f339e277cfc0ab68ecbd9e	ok
artifacts/r5/ei_reductio_f0.1_s0_req/found_transfer_2.jsonl	153356	cb0abe351efb594107c58fd9b775063d2931b990e5867e3aa4f5c56310ed302a	ok
artifacts/r5/ei_reductio_f0.1_s0_req/found_transfer_3.jsonl	323947	5347de247537aa03cbf71429d86ec236e22b61aa015f4ddee11b4142df294c1f	ok
artifacts/r5/ei_reductio_f0.1_s0_req/found_transfer_4.jsonl	433167	7c1cb667a154bc9cd23c57ef581def9f2d9c7a8caa9222497fe89a90764e6458	ok
artifacts/r5/ei_reductio_f0.1_s0_req/found_transfer_5.jsonl	489780	414ff9e2cc80e06fbef133fdd54b19adfd5cb561de6b2fd294b90d1c64e3e365	ok
artifacts/r5/ei_reductio_f0.1_s0_req/found_transfer_6.jsonl	532621	25c52b2dd7eaccca92072fbf7fe0cd4f87fa2d7f9a76458dd36f402bce32b066	ok
artifacts/r5/ei_reductio_f0.1_s0_req/found_transfer_7.jsonl	570830	850763f0ccd7f865c30c84a9cd43d7e223be1c478b5a6300728ed3155c732747	ok
artifacts/r5/ei_reductio_f0.1_s0_req/found_transfer_8.jsonl	594483	0723024733996ef9cd08320e217bfca320d55469f259567048c4dd80cd06dccc	ok
artifacts/r5/ei_reductio_f0.1_s1_req/found_1.jsonl	29618	a54303f13f20d00efab0fb11d08cf9a4b66910a5e9961b62a3f7d02f809725e3	ok
artifacts/r5/ei_reductio_f0.1_s1_req/found_2.jsonl	379632	8920c8366e7ff6138a61d3c5437667937fc59157623928d20f944079cd41d069	ok
artifacts/r5/ei_reductio_f0.1_s1_req/found_3.jsonl	806478	430831ab412dbb95c80bbfceea962737de06dfdd5ea6755632cfa36bd37ea0a4	ok
artifacts/r5/ei_reductio_f0.1_s1_req/found_4.jsonl	1007407	5a27ec552f24a3f6dccaf678d9641020998f20d49a90685179ee1d14686c6dc3	ok
artifacts/r5/ei_reductio_f0.1_s1_req/found_5.jsonl	1116449	651c6d147a986b89f80567bc0e739793a11dd455e43de63ea51cc2728cc27033	ok
artifacts/r5/ei_reductio_f0.1_s1_req/found_6.jsonl	1196604	bb257862e25cd2d3786b5fd162fd8cfe5246802383bfa1d9107318863bfc2688	ok
artifacts/r5/ei_reductio_f0.1_s1_req/found_7.jsonl	1237292	f975836da6c077b2e8b7930b79d418877b51c63641a1c21f652b22bdf2fd95b2	ok
artifacts/r5/ei_reductio_f0.1_s1_req/found_8.jsonl	1280390	703032861c97f5f0b77dc47380c6ca94e351de18e0153849717789b43b853598	ok
artifacts/r5/ei_reductio_f0.1_s1_req/found_transfer_1.jsonl	10737	c24075e4f75434e0ac53ddd62615fb42a0b83a6c254ce92f8f6ad07ffa3d8176	ok
artifacts/r5/ei_reductio_f0.1_s1_req/found_transfer_2.jsonl	154903	60e9d5bc8e67fb9062388518e5fdf097635bd05bbb2d0db2c3aa493a94cd464f	ok
artifacts/r5/ei_reductio_f0.1_s1_req/found_transfer_3.jsonl	366419	569e2b31cbd10fcc274a2b66c952764c2023c3427a4e0cb9fadcb0bfac064c1b	ok
artifacts/r5/ei_reductio_f0.1_s1_req/found_transfer_4.jsonl	495238	845f1e98ccf39aef621d8fa36de8406575bd9cb1230ea93627f8ff79a7cc08e8	ok
artifacts/r5/ei_reductio_f0.1_s1_req/found_transfer_5.jsonl	569972	d439e1dc3684c4f3cb867bbbf59e3022d9c43b40428b2cc5e6f13041cb419e15	ok
artifacts/r5/ei_reductio_f0.1_s1_req/found_transfer_6.jsonl	628445	ab580eb740ed9f9ace6d2c627b5b6b3f9358e63b9c60a44547b0fe64b9d0ae69	ok
artifacts/r5/ei_reductio_f0.1_s1_req/found_transfer_7.jsonl	652286	3e911e1fed6549f92ea51a09cba40ea791789113a7b2ae729d7967a5862290c3	ok
artifacts/r5/ei_reductio_f0.1_s1_req/found_transfer_8.jsonl	671598	c9fdd52cc2e60388b915ae7af55f58907709661ff396ed302ba9098aabee5750	ok
artifacts/r5/ei_reductio_f0_s0_req/found_1.jsonl	1036	f3072eea9885eef6ce900af299b4408d1a6223eda4efbe1075b3c279db30efdd	ok
artifacts/r5/ei_reductio_f0_s0_req/found_2.jsonl	53083	0aaf007f513cedbcd9f377b998766d611f2a0d96d626fe2c59159efe8f8125d1	ok
artifacts/r5/ei_reductio_f0_s0_req/found_3.jsonl	243173	26157db1b8c79016ddb2dde73a0172c4a4d42659c244a7e751f9ffbe4a8a5fd2	ok
artifacts/r5/ei_reductio_f0_s0_req/found_4.jsonl	621492	02a62bda57fb3700224b70a582527c7141c442b7a440d7030e7b9088592cd275	ok
artifacts/r5/ei_reductio_f0_s0_req/found_5.jsonl	908230	6d75516d1c858439a521e968de7ab3ded88e75ba9054569f72796cb1f28db522	ok
artifacts/r5/ei_reductio_f0_s0_req/found_6.jsonl	1006854	e9ffaeed5c071727b1c001ae657ca22384a148399bd333d599af71ed68843eef	ok
artifacts/r5/ei_reductio_f0_s0_req/found_7.jsonl	1065884	bb22a45d7ee27b0fbe42070bef54885a8f2f19f7ed4f1f885d20012d1e615292	ok
artifacts/r5/ei_reductio_f0_s0_req/found_8.jsonl	1120959	1bcc603864acfbbd47f64411e26e0b002d0e2825ec9ab45d2deaf8ec6aeb69aa	ok
artifacts/r5/ei_reductio_f0_s0_req/found_transfer_1.jsonl	1013	00fc4e31c446118c82ab551f497f04ed52d39af8948ce8c3262456f903c6f8a3	ok
artifacts/r5/ei_reductio_f0_s0_req/found_transfer_2.jsonl	17604	9d87fe5dd2b3fbc4a1ba22b0e6425fbdfdf08e6524c3d50610e0086b584f2d5a	ok
artifacts/r5/ei_reductio_f0_s0_req/found_transfer_3.jsonl	84664	b365c86bf415f9ac7b98c27041dc2fbd3d82ba6b1d80c1c9a5e6d5d1a189e3ce	ok
artifacts/r5/ei_reductio_f0_s0_req/found_transfer_4.jsonl	233644	f05577c4f92f9581db98fc50fa229a2318daf9e89a65887b727c7ed94ec2f2da	ok
artifacts/r5/ei_reductio_f0_s0_req/found_transfer_5.jsonl	399684	b5e8c4970164bff3044853298b12db43609c7e30e7ad201a08335569bba1a4e9	ok
artifacts/r5/ei_reductio_f0_s0_req/found_transfer_6.jsonl	451124	5c6ac44152a9528041739050a063eecd755888bc23f0c2ff8c97e8a10555bf53	ok
artifacts/r5/ei_reductio_f0_s0_req/found_transfer_7.jsonl	490779	20e24d0edf32f8fad1fbb2d8e0014b27a86f05ff958a2cf42ebbaad72543d9f1	ok
artifacts/r5/ei_reductio_f0_s0_req/found_transfer_8.jsonl	515052	9c797778a433b7ccb661c39d9fe469298e3c4b264b5bed5eb89ae36dba91e5a3	ok
artifacts/r5/ei_reductio_f0_s1_req/found_1.jsonl	0	e3b0c44298fc1c149afbf4c8996fb92427ae41e4649b934ca495991b7852b855	ok
artifacts/r5/ei_reductio_f0_s1_req/found_2.jsonl	0	e3b0c44298fc1c149afbf4c8996fb92427ae41e4649b934ca495991b7852b855	ok
artifacts/r5/ei_reductio_f0_s1_req/found_3.jsonl	0	e3b0c44298fc1c149afbf4c8996fb92427ae41e4649b934ca495991b7852b855	ok
artifacts/r5/ei_reductio_f0_s1_req/found_4.jsonl	0	e3b0c44298fc1c149afbf4c8996fb92427ae41e4649b934ca495991b7852b855	ok
artifacts/r5/ei_reductio_f0_s1_req/found_5.jsonl	0	e3b0c44298fc1c149afbf4c8996fb92427ae41e4649b934ca495991b7852b855	ok
artifacts/r5/ei_reductio_f0_s1_req/found_6.jsonl	0	e3b0c44298fc1c149afbf4c8996fb92427ae41e4649b934ca495991b7852b855	ok
artifacts/r5/ei_reductio_f0_s1_req/found_7.jsonl	0	e3b0c44298fc1c149afbf4c8996fb92427ae41e4649b934ca495991b7852b855	ok
artifacts/r5/ei_reductio_f0_s1_req/found_8.jsonl	0	e3b0c44298fc1c149afbf4c8996fb92427ae41e4649b934ca495991b7852b855	ok
artifacts/r5/ei_reductio_f0_s1_req/found_transfer_1.jsonl	0	e3b0c44298fc1c149afbf4c8996fb92427ae41e4649b934ca495991b7852b855	ok
artifacts/r5/ei_reductio_f0_s1_req/found_transfer_2.jsonl	0	e3b0c44298fc1c149afbf4c8996fb92427ae41e4649b934ca495991b7852b855	ok
artifacts/r5/ei_reductio_f0_s1_req/found_transfer_3.jsonl	0	e3b0c44298fc1c149afbf4c8996fb92427ae41e4649b934ca495991b7852b855	ok
artifacts/r5/ei_reductio_f0_s1_req/found_transfer_4.jsonl	0	e3b0c44298fc1c149afbf4c8996fb92427ae41e4649b934ca495991b7852b855	ok
artifacts/r5/ei_reductio_f0_s1_req/found_transfer_5.jsonl	0	e3b0c44298fc1c149afbf4c8996fb92427ae41e4649b934ca495991b7852b855	ok
artifacts/r5/ei_reductio_f0_s1_req/found_transfer_6.jsonl	0	e3b0c44298fc1c149afbf4c8996fb92427ae41e4649b934ca495991b7852b855	ok
artifacts/r5/ei_reductio_f0_s1_req/found_transfer_7.jsonl	0	e3b0c44298fc1c149afbf4c8996fb92427ae41e4649b934ca495991b7852b855	ok
artifacts/r5/ei_reductio_f0_s1_req/found_transfer_8.jsonl	0	e3b0c44298fc1c149afbf4c8996fb92427ae41e4649b934ca495991b7852b855	ok
artifacts/r5/ei_reductio_f0_s2_req/found_1.jsonl	0	e3b0c44298fc1c149afbf4c8996fb92427ae41e4649b934ca495991b7852b855	ok
artifacts/r5/ei_reductio_f0_s2_req/found_2.jsonl	0	e3b0c44298fc1c149afbf4c8996fb92427ae41e4649b934ca495991b7852b855	ok
artifacts/r5/ei_reductio_f0_s2_req/found_3.jsonl	0	e3b0c44298fc1c149afbf4c8996fb92427ae41e4649b934ca495991b7852b855	ok
artifacts/r5/ei_reductio_f0_s2_req/found_4.jsonl	0	e3b0c44298fc1c149afbf4c8996fb92427ae41e4649b934ca495991b7852b855	ok
artifacts/r5/ei_reductio_f0_s2_req/found_5.jsonl	0	e3b0c44298fc1c149afbf4c8996fb92427ae41e4649b934ca495991b7852b855	ok
artifacts/r5/ei_reductio_f0_s2_req/found_6.jsonl	0	e3b0c44298fc1c149afbf4c8996fb92427ae41e4649b934ca495991b7852b855	ok
artifacts/r5/ei_reductio_f0_s2_req/found_7.jsonl	0	e3b0c44298fc1c149afbf4c8996fb92427ae41e4649b934ca495991b7852b855	ok
artifacts/r5/ei_reductio_f0_s2_req/found_8.jsonl	0	e3b0c44298fc1c149afbf4c8996fb92427ae41e4649b934ca495991b7852b855	ok
artifacts/r5/ei_reductio_f0_s2_req/found_transfer_1.jsonl	0	e3b0c44298fc1c149afbf4c8996fb92427ae41e4649b934ca495991b7852b855	ok
artifacts/r5/ei_reductio_f0_s2_req/found_transfer_2.jsonl	0	e3b0c44298fc1c149afbf4c8996fb92427ae41e4649b934ca495991b7852b855	ok
artifacts/r5/ei_reductio_f0_s2_req/found_transfer_3.jsonl	0	e3b0c44298fc1c149afbf4c8996fb92427ae41e4649b934ca495991b7852b855	ok
artifacts/r5/ei_reductio_f0_s2_req/found_transfer_4.jsonl	0	e3b0c44298fc1c149afbf4c8996fb92427ae41e4649b934ca495991b7852b855	ok
artifacts/r5/ei_reductio_f0_s2_req/found_transfer_5.jsonl	0	e3b0c44298fc1c149afbf4c8996fb92427ae41e4649b934ca495991b7852b855	ok
artifacts/r5/ei_reductio_f0_s2_req/found_transfer_6.jsonl	0	e3b0c44298fc1c149afbf4c8996fb92427ae41e4649b934ca495991b7852b855	ok
artifacts/r5/ei_reductio_f0_s2_req/found_transfer_7.jsonl	0	e3b0c44298fc1c149afbf4c8996fb92427ae41e4649b934ca495991b7852b855	ok
artifacts/r5/ei_reductio_f0_s2_req/found_transfer_8.jsonl	0	e3b0c44298fc1c149afbf4c8996fb92427ae41e4649b934ca495991b7852b855	ok
artifacts/r5/frozen_derived_ore_strict_f0.01_c8_s0_req/found_1.jsonl	65779	94df4fa15a17c3c96a7b58aa8e8d0570777a51c007e7333fe5c43bd1ec95cde9	ok
artifacts/r5/frozen_derived_ore_strict_f0.01_c8_s0_req/found_2.jsonl	118241	414a5240d5f3e50faa109fa4712fad50b525ebd1bf177690ead8fb01ca3246df	ok
artifacts/r5/frozen_derived_ore_strict_f0.01_c8_s0_req/found_3.jsonl	157100	4201a9ddde8e76298a1dea97482c29f05759e4c7f888350520d2b99f6ff6abe1	ok
artifacts/r5/frozen_derived_ore_strict_f0.01_c8_s0_req/found_4.jsonl	198335	e92e9fc7b91fa8f7fd60efe91208f069e23ae53d42a624ee71cb07667240a660	ok
artifacts/r5/frozen_derived_ore_strict_f0.01_c8_s0_req/found_5.jsonl	232934	a3fabdbaa4f9b2fd6b79e03ac45cd575f2e479f305fd70f681529e7f7033ccbb	ok
artifacts/r5/frozen_derived_ore_strict_f0.01_c8_s0_req/found_6.jsonl	258944	1fe9ad5283efe3ad636d236eb674b711ca23e504efd42830e2b48399b6e95559	ok
artifacts/r5/frozen_derived_ore_strict_f0.01_c8_s0_req/found_7.jsonl	278268	4b7f3f9413cac7ee146b9f5a864eaa6561bf12f151aac69dc6f684161f04d031	ok
artifacts/r5/frozen_derived_ore_strict_f0.01_c8_s0_req/found_8.jsonl	302363	2ab1e3031c5c8701409c2c70595b9c70abd3dc871a8d46acd5f61211ce8e0931	ok
artifacts/r5/frozen_derived_ore_strict_f0.01_c8_s0_req/found_transfer_1.jsonl	26343	9fa4d31c89d6bf048bd04aa87346df8875927d053d431aada27488a10e91be9f	ok
artifacts/r5/frozen_derived_ore_strict_f0.01_c8_s0_req/found_transfer_2.jsonl	48433	a367212af46383b8ca1005e1941229d5ac1183591dee43c4e21eef0b28667c1a	ok
artifacts/r5/frozen_derived_ore_strict_f0.01_c8_s0_req/found_transfer_3.jsonl	67184	7dab0da413039f01d612a09e781a4a5790fc6aa93acb996a6460c9ba2649941e	ok
artifacts/r5/frozen_derived_ore_strict_f0.01_c8_s0_req/found_transfer_4.jsonl	80395	d8c69922499678d6abfd1b5e9addbeb4c466f57923cb282cffd3b26fea5340de	ok
artifacts/r5/frozen_derived_ore_strict_f0.01_c8_s0_req/found_transfer_5.jsonl	96599	4e4ee0ba7d45e7d449f9281a2faed122510f85168ff6ca565a31f725e394fe7b	ok
artifacts/r5/frozen_derived_ore_strict_f0.01_c8_s0_req/found_transfer_6.jsonl	108749	3d94b57796c35ac2c7d264965ea4d4ca6433930152e1c904aee1340d611e98f8	ok
artifacts/r5/frozen_derived_ore_strict_f0.01_c8_s0_req/found_transfer_7.jsonl	118324	3822a9357facbde7c87c252fc8a2e78fbd336e9bd0f33f5bae1417a3b5732ebc	ok
artifacts/r5/frozen_derived_ore_strict_f0.01_c8_s0_req/found_transfer_8.jsonl	124458	4544a9c48d12607ae490f4b247dba5b8ca8b3b8f8535bd33580fda2d2e3b3338	ok
artifacts/r5/frozen_derived_ore_strict_f0.01_c8_s1_req/found_1.jsonl	107246	2cc543b66b57e2070a1bbbe3cf0d9a9417d2f9a9b241bc0e05e017f4dde2ad8b	ok
artifacts/r5/frozen_derived_ore_strict_f0.01_c8_s1_req/found_2.jsonl	191835	b5bce2be8191c39a2de27d7d6418464b28d54581e5f16c1279f925d6ccdaa878	ok
artifacts/r5/frozen_derived_ore_strict_f0.01_c8_s1_req/found_3.jsonl	260091	9a5cdf89f63e2e7fce6d953aeb831e313cec930c485c71ee65a1fb989b248fcd	ok
artifacts/r5/frozen_derived_ore_strict_f0.01_c8_s1_req/found_4.jsonl	319596	1cd65f4863c904a506642703e3cdc0fa35f5c55d2950ec8a5aac665072ecc58c	ok
artifacts/r5/frozen_derived_ore_strict_f0.01_c8_s1_req/found_5.jsonl	373935	d9e4e377d96c5ad63e1d242089f457de3e35e523729caa60d6359f91e496f0a4	ok
artifacts/r5/frozen_derived_ore_strict_f0.01_c8_s1_req/found_6.jsonl	417880	6a06bd88ecc95f6cbc2e33975ce9d34a32c1563064da68ed48a5a2085b09c5dc	ok
artifacts/r5/frozen_derived_ore_strict_f0.01_c8_s1_req/found_7.jsonl	454423	2c34f7b664c4ea1e8dad91b7e8bcf8af8baa281ab236eadd902cd951a2c37188	ok
artifacts/r5/frozen_derived_ore_strict_f0.01_c8_s1_req/found_8.jsonl	487103	87d0b88290836951def9df99ef08a8bda2377314d7d9f51fd7cb784daa72f62c	ok
artifacts/r5/frozen_derived_ore_strict_f0.01_c8_s1_req/found_transfer_1.jsonl	24982	606204f488604a4df32d96bb1b72da6963e3c8b33837a9c893b02870a385ca53	ok
artifacts/r5/frozen_derived_ore_strict_f0.01_c8_s1_req/found_transfer_2.jsonl	53528	364c408e6fd49a5476ba7e5588c9d03628d2eecdea3387b42b91b177f22ba72c	ok
artifacts/r5/frozen_derived_ore_strict_f0.01_c8_s1_req/found_transfer_3.jsonl	72551	faa74af905b874b098c582cc533807a8f6035c49aba594d2514b4bd28590c2bd	ok
artifacts/r5/frozen_derived_ore_strict_f0.01_c8_s1_req/found_transfer_4.jsonl	85012	062df667aff16e79468a9608bd9d234c5e62d6c0e623998f45de9b186e3c52fd	ok
artifacts/r5/frozen_derived_ore_strict_f0.01_c8_s1_req/found_transfer_5.jsonl	103928	3f68575e4e8105437933fe557a6842aa2f37036178f757d2de50686d361dcc26	ok
artifacts/r5/frozen_derived_ore_strict_f0.01_c8_s1_req/found_transfer_6.jsonl	116504	06536f49b8b20b9b2e4e20615735df4b4171b94a6eeb5ddc9488c1a41ffbc423	ok
artifacts/r5/frozen_derived_ore_strict_f0.01_c8_s1_req/found_transfer_7.jsonl	126763	0a2610ea71dad88383c175bb987a5a59f1dd9d77b0c6e51fdffa59d79c4f3a72	ok
artifacts/r5/frozen_derived_ore_strict_f0.01_c8_s1_req/found_transfer_8.jsonl	132871	e448005f1f8102ddd29955c8b83c526689cfa9a1552395c0c399d8b8ec390b0a	ok
artifacts/r5/frozen_derived_ore_strict_f0_c8_s0_req/found_1.jsonl	22334	e3ff968384d3e7a93fd315e8655d65a06b23ccb0d0101fed2abf3a576b59af5c	ok
artifacts/r5/frozen_derived_ore_strict_f0_c8_s0_req/found_2.jsonl	40917	54d7504d59d60b181c85499ec665bce482d0d71762be6b678f2ec6327568cad8	ok
artifacts/r5/frozen_derived_ore_strict_f0_c8_s0_req/found_3.jsonl	61548	3c97026bf7e063ff2af4078e1ffcfa6e38190d53ae270b32dd6a5f0d40a4808d	ok
artifacts/r5/frozen_derived_ore_strict_f0_c8_s0_req/found_4.jsonl	80735	f38d02162f4875c12aa5a676a0c961b1978c5dc84441e7eeddb61c3fdebbe83c	ok
artifacts/r5/frozen_derived_ore_strict_f0_c8_s0_req/found_5.jsonl	93804	0ae763dea40e97ef3093f21a3f434f4fac01c28a52e01ecda9ffe18dc405a264	ok
artifacts/r5/frozen_derived_ore_strict_f0_c8_s0_req/found_6.jsonl	106881	a6e8270183f5ec4514501dbfd9b0e095fe4ededeeb7c7a2132d6b5a22a2dbcf7	ok
artifacts/r5/frozen_derived_ore_strict_f0_c8_s0_req/found_7.jsonl	115382	3c45ed457a36b7c1d1b5649ad7987a4590abccbd292d4158242814b3b5d532ac	ok
artifacts/r5/frozen_derived_ore_strict_f0_c8_s0_req/found_8.jsonl	125145	7be0898141d0479703580d7c4a421365aecb1abeea21936139d08ae0fe48bcd9	ok
artifacts/r5/frozen_derived_ore_strict_f0_c8_s0_req/found_transfer_1.jsonl	16055	0bdc62f6cd5dcb11b0d3aa8d9e5c3d33c77d5d18ceb1ee8ba24c76786e9e1086	ok
artifacts/r5/frozen_derived_ore_strict_f0_c8_s0_req/found_transfer_2.jsonl	31138	8dbf88d2b5dde110fe9db0031fc509272bcc3a3f12cdc6f2be7be1df2baf4dbc	ok
artifacts/r5/frozen_derived_ore_strict_f0_c8_s0_req/found_transfer_3.jsonl	47190	4cf727d01dadae149092ee5c5d7dc9ee424d1e27a863295e1fa7f437bd8aaa1f	ok
artifacts/r5/frozen_derived_ore_strict_f0_c8_s0_req/found_transfer_4.jsonl	57604	06c74b6549e5d8c161e32cf1418c737e95d19783670b3e246053cafeb68cd07f	ok
artifacts/r5/frozen_derived_ore_strict_f0_c8_s0_req/found_transfer_5.jsonl	71178	25c84756a741697af06648e89e761a883d866a952bc1636e5c4ade255ee80409	ok
artifacts/r5/frozen_derived_ore_strict_f0_c8_s0_req/found_transfer_6.jsonl	82724	81bf163acfc1743f7fcd275c14b311a2d681364b51e71dc679b8d9f6c3e4fec0	ok
artifacts/r5/frozen_derived_ore_strict_f0_c8_s0_req/found_transfer_7.jsonl	91232	f47d859d4bd6c1bfbdf09d4a4a3b459641efce517b340682b835a4c517803dc9	ok
artifacts/r5/frozen_derived_ore_strict_f0_c8_s0_req/found_transfer_8.jsonl	98420	afdbd7dd0b854cabcce0845fa2117a7ba13bc2759345f8382727261f38c60f2a	ok
artifacts/r5/frozen_derived_ore_strict_f0_c8_s1_req/found_1.jsonl	27984	bd04dc12c2c78a566a130da253f6253c946680e49453b61a8e263b5a4b1cb272	ok
artifacts/r5/frozen_derived_ore_strict_f0_c8_s1_req/found_2.jsonl	46439	1b93a3160b03d6c2580b076e5f2141579f8fdccd84a30bd42876e6fa1bde8bd9	ok
artifacts/r5/frozen_derived_ore_strict_f0_c8_s1_req/found_3.jsonl	60606	353f0f2593c19d792dc8651141fdb1275ece775fb3d7630d0f67de11ad7f856e	ok
artifacts/r5/frozen_derived_ore_strict_f0_c8_s1_req/found_4.jsonl	75909	0966797fc19b0dfe87dfe5b927f38185ff568568db700b4be68727e08b5a5cae	ok
artifacts/r5/frozen_derived_ore_strict_f0_c8_s1_req/found_5.jsonl	87638	ef7326696a8fc5bd49a491f31b0f3c03cf406ff9415a379c77292e2b1a645af6	ok
artifacts/r5/frozen_derived_ore_strict_f0_c8_s1_req/found_6.jsonl	104855	d589b0edb95dde9248e34ac56174c0268a191271c0056217388e6e6eb82833a9	ok
artifacts/r5/frozen_derived_ore_strict_f0_c8_s1_req/found_7.jsonl	113492	74034783a8fbb6335fae2ca94186863ff97017a8e337f6680bf79a494377dddb	ok
artifacts/r5/frozen_derived_ore_strict_f0_c8_s1_req/found_8.jsonl	121412	fa66f3e4eddf39a3a398b9b51b4dea4347cf70d73e189be05bffdcbe2a6f62d6	ok
artifacts/r5/frozen_derived_ore_strict_f0_c8_s1_req/found_transfer_1.jsonl	22955	5436f6fdeb9baf0f01c6c1a845621630ad3595cba88705f24acb5f0771fdb02c	ok
artifacts/r5/frozen_derived_ore_strict_f0_c8_s1_req/found_transfer_2.jsonl	41256	4fe755532e3368ede9ecf639dec8cb8ca5370e4eeaf68df2e2c452faf0e69607	ok
artifacts/r5/frozen_derived_ore_strict_f0_c8_s1_req/found_transfer_3.jsonl	57013	4fb10665ffa5dd0ad0d145aa98adcf45e4382362a3d9fbdb4fe3897ac99797bc	ok
artifacts/r5/frozen_derived_ore_strict_f0_c8_s1_req/found_transfer_4.jsonl	69720	fc625a0bd33f4d422727d38ccb125d79d9afc09bdf1a14dada59e6bf69c7b9c7	ok
artifacts/r5/frozen_derived_ore_strict_f0_c8_s1_req/found_transfer_5.jsonl	78409	01ddd5fecc0c005fba802838c3f0f205d84581c4388ae70240c5d98b21646448	ok
artifacts/r5/frozen_derived_ore_strict_f0_c8_s1_req/found_transfer_6.jsonl	84838	aaf853e112185dcf8ef350828ade0a87003b2b5abc6120101cad72f2e15fec42	ok
artifacts/r5/frozen_derived_ore_strict_f0_c8_s1_req/found_transfer_7.jsonl	93399	2b745c090879b095ad50a492399a355b3b598185512b46768542f262b2e760e1	ok
artifacts/r5/frozen_derived_ore_strict_f0_c8_s1_req/found_transfer_8.jsonl	100372	2c9873a3830bfa43dd9c72d57f144163a0d1673fa644bd742b95811570a82b7e	ok
artifacts/r5/frozen_reductio_f0.1_s0_req/found_1.jsonl	30392	eaf8285f90fc8bd6965e9c1264632dbb34a6381b71f22dc231b8dda35c2cba80	ok
artifacts/r5/frozen_reductio_f0.1_s0_req/found_2.jsonl	55291	1ce9a3646e03056db82c1f398bc1c8b12583e1b32f2e538d4fad401869dde4b2	ok
artifacts/r5/frozen_reductio_f0.1_s0_req/found_3.jsonl	78930	3619d36a772e13291a431e6640453ca25187aae280e7d27a486a04e005c4041d	ok
artifacts/r5/frozen_reductio_f0.1_s0_req/found_4.jsonl	98513	63f8ae281721dd43af920ab615f1b69b792813fda7394c499503bb7cb8d81fa1	ok
artifacts/r5/frozen_reductio_f0.1_s0_req/found_5.jsonl	115525	1e1d18e08a1588279baae3e6689b3787dabb070ff8be7572a445daf6db1de6e0	ok
artifacts/r5/frozen_reductio_f0.1_s0_req/found_6.jsonl	130846	e2fbdb8d149f4a71f15f3aa3175de6e312f30c6e6750bb1ad5c35cbb451bab9d	ok
artifacts/r5/frozen_reductio_f0.1_s0_req/found_7.jsonl	145808	25f82662e729dac7a6e97e254cc7086fd6b0faeab1bfe718ec15201cb19f3421	ok
artifacts/r5/frozen_reductio_f0.1_s0_req/found_8.jsonl	161442	dfd6ef32eb246766a45a028f23435562e845467c9655b2576948a7d9e5018f4c	ok
artifacts/r5/frozen_reductio_f0.1_s0_req/found_transfer_1.jsonl	15006	48a24ab3d4fe4b4030c0a162d9a9edc6d27bdc2415f339e277cfc0ab68ecbd9e	ok
artifacts/r5/frozen_reductio_f0.1_s0_req/found_transfer_2.jsonl	29880	c8cd478fe42c3369492e87eccbd60e8d13d3b56d4ebe5ad7de50431308216736	ok
artifacts/r5/frozen_reductio_f0.1_s0_req/found_transfer_3.jsonl	41673	63e8cc773e961166afed759d8a63706e04a5b35768f4145924776aadfb3607bc	ok
artifacts/r5/frozen_reductio_f0.1_s0_req/found_transfer_4.jsonl	50881	9684cedb64e4fe3b3ffa236b29fd1cb42c5eca7c6629f98d2e06635ab3485dcd	ok
artifacts/r5/frozen_reductio_f0.1_s0_req/found_transfer_5.jsonl	58053	5b331c40a1600bfa5e81afb94d73c7f562d2749034f8657d3ca3a49391380e64	ok
artifacts/r5/frozen_reductio_f0.1_s0_req/found_transfer_6.jsonl	67278	9302317253a7a813aa8ab0871bbe533c22cbdb0e633ee340f478118199d7906f	ok
artifacts/r5/frozen_reductio_f0.1_s0_req/found_transfer_7.jsonl	71897	3031654f518393302dcddac3ec86267b19e2f3ddcf5fa0e07b16a984c9b78f0d	ok
artifacts/r5/frozen_reductio_f0.1_s0_req/found_transfer_8.jsonl	77512	6c61a2b75ef06683f4525f64ce684de17ecfd530e3e9ac9b20ccca689b8b64dd	ok
artifacts/r5/frozen_reductio_f0.1_s1_req/found_1.jsonl	29618	a54303f13f20d00efab0fb11d08cf9a4b66910a5e9961b62a3f7d02f809725e3	ok
artifacts/r5/frozen_reductio_f0.1_s1_req/found_2.jsonl	49862	5a50e74cb44d29a10bf5b47bab99f0a4e2c38f312fdd130c37b7ec33f411fc35	ok
artifacts/r5/frozen_reductio_f0.1_s1_req/found_3.jsonl	67047	b8304ec91bda89012217ccf4a0e51447cb6d4c0066c198d85b86ff98557b1598	ok
artifacts/r5/frozen_reductio_f0.1_s1_req/found_4.jsonl	80876	f46a705749360733bd3ec39ae17cdeb6b88dc2e798e94c082a6e4623f79fe492	ok
artifacts/r5/frozen_reductio_f0.1_s1_req/found_5.jsonl	92243	74b17773b435c779e3cb4bccdb3e36a6cf4477c9b44d8d1dd5fc3ed187190b05	ok
artifacts/r5/frozen_reductio_f0.1_s1_req/found_6.jsonl	102381	94daa2f32160f5773d07911091237da4c2b64b8dfb0b4ea38da4c2b71b50e41c	ok
artifacts/r5/frozen_reductio_f0.1_s1_req/found_7.jsonl	113852	2fd983ab1781d825b75270eb9c4c5a2d10383f58a96bceec2b9ee7729a251223	ok
artifacts/r5/frozen_reductio_f0.1_s1_req/found_8.jsonl	123740	8df6dd7934f2e5e88b657773e957d4905001a8da59713b8ef625ae9d239622da	ok
artifacts/r5/frozen_reductio_f0.1_s1_req/found_transfer_1.jsonl	10737	c24075e4f75434e0ac53ddd62615fb42a0b83a6c254ce92f8f6ad07ffa3d8176	ok
artifacts/r5/frozen_reductio_f0.1_s1_req/found_transfer_2.jsonl	24831	361d042514701d03cbe1ffd4df28335f403808a2bb364db991495accc154d4b7	ok
artifacts/r5/frozen_reductio_f0.1_s1_req/found_transfer_3.jsonl	33102	2c5e4729bd3f91981d7ad0b518cf5df6d8a084433cda713d6f19ce1f2c200fd3	ok
artifacts/r5/frozen_reductio_f0.1_s1_req/found_transfer_4.jsonl	44910	f735a6a5d7997a8839580dcc1cc82d15b07b54ceab4f2be3788a29285b214ba0	ok
artifacts/r5/frozen_reductio_f0.1_s1_req/found_transfer_5.jsonl	50036	eadf60a24f07220bdb532ce913b4f74f4e0e34dbad94edbc1b43e22b36dc19a0	ok
artifacts/r5/frozen_reductio_f0.1_s1_req/found_transfer_6.jsonl	56300	7f4177566022efe7783c38735f7f172f31c1be2b4f6c1b75f8998d498e4e49fe	ok
artifacts/r5/frozen_reductio_f0.1_s1_req/found_transfer_7.jsonl	60528	eac4c93601b2afc32bc6b0f967062f12c6e210eca4b5298531e106f0cc59baf9	ok
artifacts/r5/frozen_reductio_f0.1_s1_req/found_transfer_8.jsonl	66782	a5a4883c1276a1611c805d4bdaefb61cf887273808d39fc50b89307b96a6cff8	ok
artifacts/r5/frozen_reductio_f0_s0_req/found_1.jsonl	1036	f3072eea9885eef6ce900af299b4408d1a6223eda4efbe1075b3c279db30efdd	ok
artifacts/r5/frozen_reductio_f0_s0_req/found_2.jsonl	1036	f3072eea9885eef6ce900af299b4408d1a6223eda4efbe1075b3c279db30efdd	ok
artifacts/r5/frozen_reductio_f0_s0_req/found_3.jsonl	1036	f3072eea9885eef6ce900af299b4408d1a6223eda4efbe1075b3c279db30efdd	ok
artifacts/r5/frozen_reductio_f0_s0_req/found_4.jsonl	1548	c244a14046425c738cda61006cde4c9d242c34761c32bdf90d6b972631c31f7f	ok
artifacts/r5/frozen_reductio_f0_s0_req/found_5.jsonl	1548	c244a14046425c738cda61006cde4c9d242c34761c32bdf90d6b972631c31f7f	ok
artifacts/r5/frozen_reductio_f0_s0_req/found_6.jsonl	1548	c244a14046425c738cda61006cde4c9d242c34761c32bdf90d6b972631c31f7f	ok
artifacts/r5/frozen_reductio_f0_s0_req/found_7.jsonl	1548	c244a14046425c738cda61006cde4c9d242c34761c32bdf90d6b972631c31f7f	ok
artifacts/r5/frozen_reductio_f0_s0_req/found_8.jsonl	2573	000a969a7c3084c0254cd1894a9137a22fb8de0f57bf6fb7a5fcdb39622762eb	ok
artifacts/r5/frozen_reductio_f0_s0_req/found_transfer_1.jsonl	1013	00fc4e31c446118c82ab551f497f04ed52d39af8948ce8c3262456f903c6f8a3	ok
artifacts/r5/frozen_reductio_f0_s0_req/found_transfer_2.jsonl	1013	00fc4e31c446118c82ab551f497f04ed52d39af8948ce8c3262456f903c6f8a3	ok
artifacts/r5/frozen_reductio_f0_s0_req/found_transfer_3.jsonl	1433	3561ae02feaed56f042c56841866427b6d30daeca1d750e85d467ef0dc0a50c8	ok
artifacts/r5/frozen_reductio_f0_s0_req/found_transfer_4.jsonl	1433	3561ae02feaed56f042c56841866427b6d30daeca1d750e85d467ef0dc0a50c8	ok
artifacts/r5/frozen_reductio_f0_s0_req/found_transfer_5.jsonl	1939	7d35edcce122a29a930cdfe12c971ee17648ded35f17f85ad152c8a5b58b6bcf	ok
artifacts/r5/frozen_reductio_f0_s0_req/found_transfer_6.jsonl	2366	6dfdc2d71fbe47e87eb75b4f5052e5c0fb6345d46b1acb485785e2b562bcc70a	ok
artifacts/r5/frozen_reductio_f0_s0_req/found_transfer_7.jsonl	2366	6dfdc2d71fbe47e87eb75b4f5052e5c0fb6345d46b1acb485785e2b562bcc70a	ok
artifacts/r5/frozen_reductio_f0_s0_req/found_transfer_8.jsonl	2366	6dfdc2d71fbe47e87eb75b4f5052e5c0fb6345d46b1acb485785e2b562bcc70a	ok
artifacts/r5/frozen_reductio_f0_s1_req/found_1.jsonl	0	e3b0c44298fc1c149afbf4c8996fb92427ae41e4649b934ca495991b7852b855	ok
artifacts/r5/frozen_reductio_f0_s1_req/found_2.jsonl	0	e3b0c44298fc1c149afbf4c8996fb92427ae41e4649b934ca495991b7852b855	ok
artifacts/r5/frozen_reductio_f0_s1_req/found_3.jsonl	0	e3b0c44298fc1c149afbf4c8996fb92427ae41e4649b934ca495991b7852b855	ok
artifacts/r5/frozen_reductio_f0_s1_req/found_4.jsonl	0	e3b0c44298fc1c149afbf4c8996fb92427ae41e4649b934ca495991b7852b855	ok
artifacts/r5/frozen_reductio_f0_s1_req/found_5.jsonl	0	e3b0c44298fc1c149afbf4c8996fb92427ae41e4649b934ca495991b7852b855	ok
artifacts/r5/frozen_reductio_f0_s1_req/found_6.jsonl	0	e3b0c44298fc1c149afbf4c8996fb92427ae41e4649b934ca495991b7852b855	ok
artifacts/r5/frozen_reductio_f0_s1_req/found_7.jsonl	0	e3b0c44298fc1c149afbf4c8996fb92427ae41e4649b934ca495991b7852b855	ok
artifacts/r5/frozen_reductio_f0_s1_req/found_8.jsonl	0	e3b0c44298fc1c149afbf4c8996fb92427ae41e4649b934ca495991b7852b855	ok
artifacts/r5/frozen_reductio_f0_s1_req/found_transfer_1.jsonl	0	e3b0c44298fc1c149afbf4c8996fb92427ae41e4649b934ca495991b7852b855	ok
artifacts/r5/frozen_reductio_f0_s1_req/found_transfer_2.jsonl	0	e3b0c44298fc1c149afbf4c8996fb92427ae41e4649b934ca495991b7852b855	ok
artifacts/r5/frozen_reductio_f0_s1_req/found_transfer_3.jsonl	0	e3b0c44298fc1c149afbf4c8996fb92427ae41e4649b934ca495991b7852b855	ok
artifacts/r5/frozen_reductio_f0_s1_req/found_transfer_4.jsonl	0	e3b0c44298fc1c149afbf4c8996fb92427ae41e4649b934ca495991b7852b855	ok
artifacts/r5/frozen_reductio_f0_s1_req/found_transfer_5.jsonl	0	e3b0c44298fc1c149afbf4c8996fb92427ae41e4649b934ca495991b7852b855	ok
artifacts/r5/frozen_reductio_f0_s1_req/found_transfer_6.jsonl	0	e3b0c44298fc1c149afbf4c8996fb92427ae41e4649b934ca495991b7852b855	ok
artifacts/r5/frozen_reductio_f0_s1_req/found_transfer_7.jsonl	0	e3b0c44298fc1c149afbf4c8996fb92427ae41e4649b934ca495991b7852b855	ok
artifacts/r5/frozen_reductio_f0_s1_req/found_transfer_8.jsonl	0	e3b0c44298fc1c149afbf4c8996fb92427ae41e4649b934ca495991b7852b855	ok
artifacts/r5/frozen_reductio_f0_s2_req/found_1.jsonl	0	e3b0c44298fc1c149afbf4c8996fb92427ae41e4649b934ca495991b7852b855	ok
artifacts/r5/frozen_reductio_f0_s2_req/found_2.jsonl	0	e3b0c44298fc1c149afbf4c8996fb92427ae41e4649b934ca495991b7852b855	ok
artifacts/r5/frozen_reductio_f0_s2_req/found_3.jsonl	0	e3b0c44298fc1c149afbf4c8996fb92427ae41e4649b934ca495991b7852b855	ok
artifacts/r5/frozen_reductio_f0_s2_req/found_4.jsonl	0	e3b0c44298fc1c149afbf4c8996fb92427ae41e4649b934ca495991b7852b855	ok
artifacts/r5/frozen_reductio_f0_s2_req/found_5.jsonl	0	e3b0c44298fc1c149afbf4c8996fb92427ae41e4649b934ca495991b7852b855	ok
artifacts/r5/frozen_reductio_f0_s2_req/found_6.jsonl	0	e3b0c44298fc1c149afbf4c8996fb92427ae41e4649b934ca495991b7852b855	ok
artifacts/r5/frozen_reductio_f0_s2_req/found_7.jsonl	0	e3b0c44298fc1c149afbf4c8996fb92427ae41e4649b934ca495991b7852b855	ok
artifacts/r5/frozen_reductio_f0_s2_req/found_8.jsonl	0	e3b0c44298fc1c149afbf4c8996fb92427ae41e4649b934ca495991b7852b855	ok
artifacts/r5/frozen_reductio_f0_s2_req/found_transfer_1.jsonl	0	e3b0c44298fc1c149afbf4c8996fb92427ae41e4649b934ca495991b7852b855	ok
artifacts/r5/frozen_reductio_f0_s2_req/found_transfer_2.jsonl	0	e3b0c44298fc1c149afbf4c8996fb92427ae41e4649b934ca495991b7852b855	ok
artifacts/r5/frozen_reductio_f0_s2_req/found_transfer_3.jsonl	0	e3b0c44298fc1c149afbf4c8996fb92427ae41e4649b934ca495991b7852b855	ok
artifacts/r5/frozen_reductio_f0_s2_req/found_transfer_4.jsonl	0	e3b0c44298fc1c149afbf4c8996fb92427ae41e4649b934ca495991b7852b855	ok
artifacts/r5/frozen_reductio_f0_s2_req/found_transfer_5.jsonl	0	e3b0c44298fc1c149afbf4c8996fb92427ae41e4649b934ca495991b7852b855	ok
artifacts/r5/frozen_reductio_f0_s2_req/found_transfer_6.jsonl	0	e3b0c44298fc1c149afbf4c8996fb92427ae41e4649b934ca495991b7852b855	ok
artifacts/r5/frozen_reductio_f0_s2_req/found_transfer_7.jsonl	0	e3b0c44298fc1c149afbf4c8996fb92427ae41e4649b934ca495991b7852b855	ok
artifacts/r5/frozen_reductio_f0_s2_req/found_transfer_8.jsonl	0	e3b0c44298fc1c149afbf4c8996fb92427ae41e4649b934ca495991b7852b855	ok
artifacts/results-registry/registry/20260929T004250Z_fcb96b167ba3_1309.jsonl	6346	a7dd1dc9442079550c0454581d854ead681837a48e8203827bcc03f45412d733	ok
artifacts/results-registry/registry/20260929T004314Z_fcb96b167ba3_3061.jsonl	2027	0392cb4f7e559a78b797f7b285850d8958a07801c3a2b9c2c94000794985c010	ok
artifacts/results-registry/registry/20260929T004322Z_fcb96b167ba3_3157.jsonl	3959	57a719af47eb88e9815f99974524f4f4c1c1a2c1f500901f0b2696269bf8f16f	ok
artifacts/results-registry/registry/20260929T004333Z_fcb96b167ba3_3248.jsonl	19554	f3aa2c936cc7a2ff0f5a8a0715b92a339c4942085783ba7ad8004d17111a4fef	ok
artifacts/results-registry/registry/20260929T004510Z_fcb96b167ba3_3390.jsonl	19630	0b497241ad53d7ba5de2b05ab26f40f51dc59b20cb878eac478321b4205b8c4d	ok
artifacts/results-registry/registry/20260929T004553Z_fcb96b167ba3_3566.jsonl	2562	aeed1a7e68f27d3b77797bd937fd987513ff70a0f7d637c2616c98eff6497b51	ok
artifacts/results-registry/registry/20260929T004600Z_fcb96b167ba3_3537.jsonl	19143	43cc78aa8d1f1443cdd02c93e8a358d5d6c38b8a80516d5971ce44fccc5a8e74	ok
artifacts/results-registry/registry/20260929T004620Z_fcb96b167ba3_3771.jsonl	2574	577b20c4159f1dd0a903618c48d78eab857a51bf5294878b6881827d2f12351c	ok
artifacts/results-registry/registry/backfill_cap-horizon.jsonl.gz	41972	1021af7bc3435af699e95bba1bf3bb48d19841dee71190c0b1a31e7b17a00445	ok
artifacts/results-registry/registry/backfill_ckpt-avg.jsonl.gz	270799	51540f9e582848e9453d536b369c772d8f8f89e8b52572c362cf6fb1322d3ece	ok
artifacts/results-registry/registry/backfill_ds-composition.jsonl.gz	161442	1fecc61372450f522f666c94670e4c9df773b2b9f7e0077c9b7b131e4b1cdc5c	ok
artifacts/results-registry/registry/backfill_ds-generator.jsonl.gz	57721	f99fc6182b2414203e80c720a8ac08b7f22eb0cc68702ce151d3f2b583560bd7	ok
artifacts/results-registry/registry/backfill_ds-rendering.jsonl.gz	53325	401f3dd96d69f8699276bf92665a10eda81e889051182a437675b8a5d323e53a	ok
artifacts/results-registry/registry/backfill_efficiency.jsonl.gz	25331	fd4385173e62958052a1530011521e4693085a41c5c129dbbda54d2deaa5e26c	ok
artifacts/results-registry/registry/backfill_fast-stage1.jsonl.gz	27359	86dfed662c097dcf00aa88f78a7d5bfa6eda97b3b93e36bd872228edde5f7536	ok
artifacts/results-registry/registry/backfill_followup.jsonl.gz	11732	eb4b77ecdbad60d2e7641bd0aac4097f5ac32bf9d76b0160bdb8787a62e895bb	ok
artifacts/results-registry/registry/backfill_ignition.jsonl.gz	29474	1f1a7d254a6e8e3a7df40a2d472b7f000d409ba3e86a7fc4eeabd42b168f5218	ok
artifacts/results-registry/registry/backfill_ladder-A.jsonl.gz	87207	6cc4c5658c55cf6c248f2fccf79895b92d5d4effcebb551980f1b8240877ced4	ok
artifacts/results-registry/registry/backfill_lean-format.jsonl.gz	47386	07c7597e57fd13f09af5953d3e1d402bdeabf66f59b2448ab803d913924d6ac2	ok
artifacts/results-registry/registry/backfill_lean-judge.jsonl.gz	2920	436accd025b2d087154dfca70640dcfe2bc7cf51cec4116849ef23a05fe83e1e	ok
artifacts/results-registry/registry/backfill_lean-prefilter.jsonl.gz	3602	c59b25ede9ed5f20b1bc97fea3864d7840c770315720d433f1c544e003851fba	ok
artifacts/results-registry/registry/backfill_lean-seed2.jsonl.gz	42990	7db944f35616ad7f0b732638ec39c061a7e510ddf57007ca4f60ce3cf2f23f68	ok
artifacts/results-registry/registry/backfill_noise-floor.jsonl.gz	73729	da7d52a1a41fe567ea01f4bb6577a008ad7835d119571f1d21b3e5d62dbf675b	ok
artifacts/results-registry/registry/backfill_novelty-campaign.jsonl.gz	162214	f9558ab528ce7822adbb43d2324c3e40f92c7785e1e501cb0b6b1be4d75faa5c	ok
artifacts/results-registry/registry/backfill_round2-run1.jsonl.gz	9391	8c3a05ab611c39ec6302f668f95220bf240084bc21b1dcc1709090f87bb57fe8	ok
artifacts/results-registry/registry/backfill_round2-run2.jsonl.gz	79486	e36b28bea09a14aae47ca0a9114e8a83a2dbbb2a65ec45d6a45b5784a7364925	ok
artifacts/results-registry/registry/backfill_round2-run3.jsonl.gz	24833	0357f2cc9761eb2421e5775837495cfbf94159700de693972a4e08f177f63d88	ok
artifacts/results-registry/registry/backfill_round2-run4.jsonl.gz	7510	f3e411b87a7e7bf80b1d6425baee520cb866597b1061cc6c3ffebf5e4508ec83	ok
artifacts/results-registry/registry/backfill_round2-run5.jsonl.gz	29874	5c1526274ed461e8f407148ac40b283650c976b765c2fb14e439f281a2ede705	ok
artifacts/results-registry/registry/backfill_round3-run1.jsonl.gz	100176	f9a45a693ea723f55f34ca735db4a2c7fe90d916d6c69892195c917adbb8a2e6	ok
artifacts/results-registry/registry/backfill_round3-run2.jsonl.gz	166561	536963d1e4c767dfea0641a56247ae01ed89a46d2ac46a4d344fc7ca0c5510ff	ok
artifacts/results-registry/registry/backfill_round3-run3.jsonl.gz	338129	f67847c45a597c3ca146439fe2694a15828e587ab86c612be4362cacc8e6b523	ok
artifacts/results-registry/registry/backfill_round3-run4a.jsonl.gz	55833	1742bba0a712056fd089435ce0625ed74e33d38862e52f0f821e247ffc7a338b	ok
artifacts/results-registry/registry/backfill_round3-run4b.jsonl.gz	78950	1e9f665c8595171780d59fd2c9b14a579c806990a3b45a4c8def8aaa77000539	ok
artifacts/results-registry/registry/backfill_run4-grpo.jsonl.gz	412145	6a60ba18f850b1329f848b478d8a2d5b547c4049dcd69c8d8481bd0fa82bcefb	ok
artifacts/results-registry/registry/backfill_stage1-dynamics.jsonl.gz	795590	ac4d3eb74a7ec44db79202365b8e94910e1eea4b8477692375ce3ef587d840f2	ok
artifacts/results-registry/registry/backfill_state-env.jsonl.gz	256155	80f2307f73bd78064387f8d073344fc2b2556c33ce00ee0c6aa77792bdd67d38	ok
artifacts/results-registry/registry/backfill_support-curves.jsonl.gz	259432	c58d5ac5694ec6a8ab65c3e124c26f0cb82a0084ee34d5e2753e144a17ecd963	ok
artifacts/results-registry/registry/backfill_support-followups.jsonl.gz	20575	5cb4194572e293d09268ea066370fb0e9872947ba0ec994d48808200ac3c149e	ok
artifacts/rr/cov_smoke.s0.jsonl	1574	1568a3e3b9e1d24fe76b8cc7300117e53385689e29de785e5c83501ab7ee0829	ok
artifacts/rr/ei_fast1_s0/found_1.jsonl	1119	4526487249e1e6d1f6fc1795ee54b276e4382feb3fd6ca26c2916a057de4e1d4	ok
artifacts/rr/ei_fast1_s0/found_2.jsonl	3926	5ef1e36fdd83a71b0a8bf83c51d022ced4b358a92567d2861381e285d3efa710	ok
artifacts/rr/ei_fast1_s0/found_transfer_1.jsonl	1477	11dce1c255faae9780ef147673e1ef1ef7adcc2450a91bb92870fed16332b143	ok
artifacts/rr/ei_fast1_s0/found_transfer_2.jsonl	6061	62a721bc4474a4f98e64d56377a473473b264829cff5e6feeccf32a78884f752	ok
artifacts/rr/ei_fast1_s0/mix_1.jsonl	141634	19066a3a0d21142912e97e88b127053e8330a4303218f12114e3c22a6982616a	ok
artifacts/rr/ei_fast1_s0/mix_2.jsonl	155607	d9f7665775c3466a40c4ce5cb861e026d26cab8a4bb8cdb7fb60d05ebf28eaf2	ok
artifacts/rr/ei_smoke2_s0/found_1.jsonl	0	e3b0c44298fc1c149afbf4c8996fb92427ae41e4649b934ca495991b7852b855	ok
artifacts/rr/ei_smoke2_s0/found_2.jsonl	0	e3b0c44298fc1c149afbf4c8996fb92427ae41e4649b934ca495991b7852b855	ok
artifacts/rr/ei_smoke2_s0/found_transfer_1.jsonl	0	e3b0c44298fc1c149afbf4c8996fb92427ae41e4649b934ca495991b7852b855	ok
artifacts/rr/ei_smoke2_s0/found_transfer_2.jsonl	0	e3b0c44298fc1c149afbf4c8996fb92427ae41e4649b934ca495991b7852b855	ok
artifacts/rr/ei_smoke2_s0/mix_1.jsonl	138330	37fe47029806bd2ad1915fe4f6c6c22b52ca73de99aaf64ad75598262464abd0	ok
artifacts/rr/ei_smoke2_s0/mix_2.jsonl	143672	0e95e772b0b8cb30e46785716aede133ffb8ef3914854fd72a8d8f27df871d5c	ok
artifacts/rr/ei_smoke_s0/found_1.jsonl	0	e3b0c44298fc1c149afbf4c8996fb92427ae41e4649b934ca495991b7852b855	ok
artifacts/rr/ei_smoke_s0/found_2.jsonl	0	e3b0c44298fc1c149afbf4c8996fb92427ae41e4649b934ca495991b7852b855	ok
artifacts/rr/ei_smoke_s0/found_transfer_1.jsonl	0	e3b0c44298fc1c149afbf4c8996fb92427ae41e4649b934ca495991b7852b855	ok
artifacts/rr/ei_smoke_s0/found_transfer_2.jsonl	0	e3b0c44298fc1c149afbf4c8996fb92427ae41e4649b934ca495991b7852b855	ok
artifacts/rr/ei_smoke_s0/mix_1.jsonl	138330	37fe47029806bd2ad1915fe4f6c6c22b52ca73de99aaf64ad75598262464abd0	ok
artifacts/rr/ei_smoke_s0/mix_2.jsonl	143672	0e95e772b0b8cb30e46785716aede133ffb8ef3914854fd72a8d8f27df871d5c	ok
artifacts/rr/heldout_greedy.jsonl	200332	35a5187cc87a48f6a92ed72a53cde3fc15bed2fd7e55259bb7988049a58b09e5	ok
artifacts/rr/smoke_train.jsonl	1767	afd8139ca29cfa19a6ba84e5976b567e9df6425a7c072dbfe2053770e86fddf6	ok
artifacts/test_long_final.jsonl	195877	d3f110d31c29ef880a286d5f6007df3ef22f847b432a1210ab20fa0b05921c83	ok
artifacts/test_long_stage1.jsonl	206095	bda43730d29cd6d97129566e4853f874305f59c51f1705732afea8bfeefe79f0	ok
artifacts/test_short_final.jsonl	63475	97c0d5f31015bd1d146f0202f7f8010d145e5fe6f4acfbf3d1647426c7a271cf	ok
artifacts/test_short_stage1.jsonl	65317	bb8881706bc03cffe458b830d08d558176066caee95f68b087f16f4027a746f8	ok
artifacts/val36_targets.jsonl	5527	61b071aa644fd7b594f73bf706b0aba5c0e51a8e2be451838405e2d475430bbe	ok
ckpts/final.pt	12859909	9aa0880a4f3b7fc28aa6f807c9dedede2600a02f2dfae92d19530cd4c732c0e8	ok
ckpts/stage1_abs.pt	12859381	65056ef5852fd5ee7d4d950c092a8cfb72f1d7bf3c4c1b08339144ff3591c668	ok
data/p2/run5_c8d_cands.jsonl	5410712	9c092216f589d7c077687d6c9eba433872cf1f7361cdb122c19f5015e9f6f7d0	ok
data/p2/run5_c8d_nec.jsonl	8144928	dcf527d555d6ceb478f7f8b3329efe22a4a420f07c504491d47a96b4f4118c3e	ok
data/r1/prompts.jsonl	42554288	6530af6ede578cd83a43ed16d47ddfe3e1018001f651db5f8907e2a0afa476de	ok
data/r2/nec_depth4.jsonl	11785496	9abc06b0fa050edd827f945231168d6b0b0ba66b46df17a16fad0d56f12bee9d	ok
data/r2/nec_impi_ore.jsonl	50218203	07757dcd42d2a90af88100c60d16bb25ee6029ade895745194240f679d82ea0b	ok
data/r2/nec_ori_ore.jsonl	6601865	50d2a16f93403ade0ad42f2f30cdeb9b72df4a896c582afd8a45ccf2079451d0	ok
data/train.jsonl.gz	10408271	af474e7b9f9f85d4d4503068add880f07db36ba97d6f9aa2bf807c02c05cd84d	ok
