START 2026-09-23T21:32:54Z python3 coverage.py --ckpt ckpts/dsr/stage1_a1_seq_s1.pt --in data/p2/targets_depth3.jsonl --k 2000 --temperature 0.8 --seed 0 --batch 2048 --max_new 400 --procs 12 --lenfield min_lines_ub --path fast --out artifacts/dsr/cov_d3_c0_s1
shard 0/1: 1000 theorems, 0 already done; k=2000 T=0.8 batch=2048
targets_depth3_0: n_ok 201/2000 distinct_ok 4 first_hit 3 written_hist {7: 3, 8: 1} (5s; 1 done, 5s/thm, ETA 76 min)
targets_depth3_1: n_ok 0/2000 distinct_ok 0 first_hit None written_hist {} (5s; 2 done, 5s/thm, ETA 78 min)
targets_depth3_2: n_ok 95/2000 distinct_ok 1 first_hit 6 written_hist {7: 1} (2s; 3 done, 4s/thm, ETA 65 min)
targets_depth3_3: n_ok 132/2000 distinct_ok 1 first_hit 26 written_hist {7: 1} (3s; 4 done, 4s/thm, ETA 60 min)
targets_depth3_4: n_ok 37/2000 distinct_ok 1 first_hit 79 written_hist {7: 1} (3s; 5 done, 3s/thm, ETA 57 min)
targets_depth3_5: n_ok 0/2000 distinct_ok 0 first_hit None written_hist {} (4s; 6 done, 4s/thm, ETA 60 min)
targets_depth3_6: n_ok 0/2000 distinct_ok 0 first_hit None written_hist {} (5s; 7 done, 4s/thm, ETA 63 min)
targets_depth3_7: n_ok 117/2000 distinct_ok 1 first_hit 12 written_hist {7: 1} (3s; 8 done, 4s/thm, ETA 60 min)
targets_depth3_8: n_ok 1/2000 distinct_ok 1 first_hit 503 written_hist {7: 1} (4s; 9 done, 4s/thm, ETA 61 min)
targets_depth3_9: n_ok 2/2000 distinct_ok 1 first_hit 1562 written_hist {7: 1} (3s; 10 done, 4s/thm, ETA 60 min)
targets_depth3_10: n_ok 0/2000 distinct_ok 0 first_hit None written_hist {} (4s; 11 done, 4s/thm, ETA 60 min)
targets_depth3_11: n_ok 282/2000 distinct_ok 2 first_hit 11 written_hist {7: 2} (2s; 12 done, 4s/thm, ETA 58 min)
targets_depth3_12: n_ok 12/2000 distinct_ok 1 first_hit 22 written_hist {7: 1} (3s; 13 done, 3s/thm, ETA 57 min)
targets_depth3_13: n_ok 0/2000 distinct_ok 0 first_hit None written_hist {} (7s; 14 done, 4s/thm, ETA 61 min)
targets_depth3_14: n_ok 716/2000 distinct_ok 1 first_hit 2 written_hist {7: 1} (2s; 15 done, 4s/thm, ETA 58 min)
targets_depth3_15: n_ok 545/2000 distinct_ok 2 first_hit 2 written_hist {7: 2} (2s; 16 done, 3s/thm, ETA 57 min)
targets_depth3_16: n_ok 0/2000 distinct_ok 0 first_hit None written_hist {} (4s; 17 done, 3s/thm, ETA 57 min)
targets_depth3_17: n_ok 0/2000 distinct_ok 0 first_hit None written_hist {} (5s; 18 done, 4s/thm, ETA 58 min)
targets_depth3_18: n_ok 1/2000 distinct_ok 1 first_hit 930 written_hist {7: 1} (3s; 19 done, 4s/thm, ETA 58 min)
targets_depth3_19: n_ok 190/2000 distinct_ok 1 first_hit 6 written_hist {7: 1} (2s; 20 done, 3s/thm, ETA 57 min)
targets_depth3_20: n_ok 14/2000 distinct_ok 1 first_hit 140 written_hist {7: 1} (4s; 21 done, 4s/thm, ETA 57 min)
targets_depth3_21: n_ok 0/2000 distinct_ok 0 first_hit None written_hist {} (2s; 22 done, 3s/thm, ETA 56 min)
targets_depth3_22: n_ok 0/2000 distinct_ok 0 first_hit None written_hist {} (4s; 23 done, 3s/thm, ETA 56 min)
targets_depth3_23: n_ok 0/2000 distinct_ok 0 first_hit None written_hist {} (4s; 24 done, 3s/thm, ETA 57 min)
targets_depth3_24: n_ok 0/2000 distinct_ok 0 first_hit None written_hist {} (4s; 25 done, 4s/thm, ETA 57 min)
targets_depth3_25: n_ok 267/2000 distinct_ok 1 first_hit 11 written_hist {7: 1} (3s; 26 done, 4s/thm, ETA 57 min)
targets_depth3_26: n_ok 0/2000 distinct_ok 0 first_hit None written_hist {} (4s; 27 done, 4s/thm, ETA 57 min)
targets_depth3_27: n_ok 0/2000 distinct_ok 0 first_hit None written_hist {} (5s; 28 done, 4s/thm, ETA 58 min)
targets_depth3_28: n_ok 16/2000 distinct_ok 2 first_hit 98 written_hist {7: 2} (3s; 29 done, 4s/thm, ETA 58 min)
targets_depth3_29: n_ok 0/2000 distinct_ok 0 first_hit None written_hist {} (6s; 30 done, 4s/thm, ETA 59 min)
targets_depth3_30: n_ok 0/2000 distinct_ok 0 first_hit None written_hist {} (4s; 31 done, 4s/thm, ETA 59 min)
targets_depth3_31: n_ok 477/2000 distinct_ok 2 first_hit 3 written_hist {7: 2} (2s; 32 done, 4s/thm, ETA 58 min)
targets_depth3_32: n_ok 1234/2000 distinct_ok 1 first_hit 1 written_hist {7: 1} (4s; 33 done, 4s/thm, ETA 59 min)
targets_depth3_33: n_ok 222/2000 distinct_ok 4 first_hit 3 written_hist {7: 4} (2s; 34 done, 4s/thm, ETA 57 min)
targets_depth3_34: n_ok 57/2000 distinct_ok 3 first_hit 55 written_hist {7: 3} (3s; 35 done, 4s/thm, ETA 57 min)
targets_depth3_35: n_ok 504/2000 distinct_ok 2 first_hit 5 written_hist {7: 2} (2s; 36 done, 4s/thm, ETA 56 min)
targets_depth3_36: n_ok 1/2000 distinct_ok 1 first_hit 76 written_hist {7: 1} (5s; 37 done, 4s/thm, ETA 57 min)
targets_depth3_37: n_ok 0/2000 distinct_ok 0 first_hit None written_hist {} (2s; 38 done, 4s/thm, ETA 56 min)
targets_depth3_38: n_ok 27/2000 distinct_ok 1 first_hit 24 written_hist {7: 1} (3s; 39 done, 4s/thm, ETA 56 min)
targets_depth3_39: n_ok 5/2000 distinct_ok 1 first_hit 95 written_hist {7: 1} (2s; 40 done, 3s/thm, ETA 55 min)
targets_depth3_40: n_ok 0/2000 distinct_ok 0 first_hit None written_hist {} (3s; 41 done, 3s/thm, ETA 55 min)
targets_depth3_41: n_ok 0/2000 distinct_ok 0 first_hit None written_hist {} (4s; 42 done, 3s/thm, ETA 55 min)
targets_depth3_42: n_ok 238/2000 distinct_ok 1 first_hit 4 written_hist {7: 1} (2s; 43 done, 3s/thm, ETA 55 min)
targets_depth3_43: n_ok 0/2000 distinct_ok 0 first_hit None written_hist {} (4s; 44 done, 3s/thm, ETA 55 min)
targets_depth3_44: n_ok 20/2000 distinct_ok 1 first_hit 10 written_hist {7: 1} (3s; 45 done, 3s/thm, ETA 55 min)
targets_depth3_45: n_ok 7/2000 distinct_ok 1 first_hit 13 written_hist {7: 1} (3s; 46 done, 3s/thm, ETA 54 min)
targets_depth3_46: n_ok 0/2000 distinct_ok 0 first_hit None written_hist {} (3s; 47 done, 3s/thm, ETA 54 min)
targets_depth3_47: n_ok 607/2000 distinct_ok 2 first_hit 1 written_hist {7: 2} (2s; 48 done, 3s/thm, ETA 54 min)
targets_depth3_48: n_ok 191/2000 distinct_ok 2 first_hit 12 written_hist {7: 2} (2s; 49 done, 3s/thm, ETA 53 min)
targets_depth3_49: n_ok 195/2000 distinct_ok 1 first_hit 8 written_hist {7: 1} (2s; 50 done, 3s/thm, ETA 53 min)
targets_depth3_50: n_ok 0/2000 distinct_ok 0 first_hit None written_hist {} (6s; 51 done, 3s/thm, ETA 54 min)
targets_depth3_51: n_ok 0/2000 distinct_ok 0 first_hit None written_hist {} (3s; 52 done, 3s/thm, ETA 54 min)
targets_depth3_52: n_ok 53/2000 distinct_ok 1 first_hit 91 written_hist {7: 1} (2s; 53 done, 3s/thm, ETA 53 min)
targets_depth3_53: n_ok 6/2000 distinct_ok 1 first_hit 642 written_hist {7: 1} (2s; 54 done, 3s/thm, ETA 53 min)
targets_depth3_54: n_ok 925/2000 distinct_ok 1 first_hit 4 written_hist {7: 1} (2s; 55 done, 3s/thm, ETA 52 min)
targets_depth3_55: n_ok 0/2000 distinct_ok 0 first_hit None written_hist {} (7s; 56 done, 3s/thm, ETA 53 min)
targets_depth3_56: n_ok 7/2000 distinct_ok 1 first_hit 472 written_hist {7: 1} (3s; 57 done, 3s/thm, ETA 53 min)
targets_depth3_57: n_ok 1/2000 distinct_ok 1 first_hit 1021 written_hist {7: 1} (2s; 58 done, 3s/thm, ETA 53 min)
targets_depth3_58: n_ok 0/2000 distinct_ok 0 first_hit None written_hist {} (3s; 59 done, 3s/thm, ETA 53 min)
targets_depth3_59: n_ok 4/2000 distinct_ok 3 first_hit 352 written_hist {7: 3} (3s; 60 done, 3s/thm, ETA 53 min)
targets_depth3_60: n_ok 37/2000 distinct_ok 1 first_hit 96 written_hist {7: 1} (2s; 61 done, 3s/thm, ETA 52 min)
targets_depth3_61: n_ok 0/2000 distinct_ok 0 first_hit None written_hist {} (3s; 62 done, 3s/thm, ETA 52 min)
targets_depth3_62: n_ok 0/2000 distinct_ok 0 first_hit None written_hist {} (4s; 63 done, 3s/thm, ETA 52 min)
targets_depth3_63: n_ok 0/2000 distinct_ok 0 first_hit None written_hist {} (3s; 64 done, 3s/thm, ETA 52 min)
targets_depth3_64: n_ok 204/2000 distinct_ok 1 first_hit 2 written_hist {7: 1} (2s; 65 done, 3s/thm, ETA 52 min)
targets_depth3_65: n_ok 157/2000 distinct_ok 1 first_hit 3 written_hist {7: 1} (2s; 66 done, 3s/thm, ETA 52 min)
targets_depth3_66: n_ok 308/2000 distinct_ok 2 first_hit 5 written_hist {7: 2} (3s; 67 done, 3s/thm, ETA 52 min)
targets_depth3_67: n_ok 0/2000 distinct_ok 0 first_hit None written_hist {} (3s; 68 done, 3s/thm, ETA 52 min)
targets_depth3_68: n_ok 2/2000 distinct_ok 1 first_hit 718 written_hist {7: 1} (2s; 69 done, 3s/thm, ETA 51 min)
targets_depth3_69: n_ok 0/2000 distinct_ok 0 first_hit None written_hist {} (3s; 70 done, 3s/thm, ETA 51 min)
targets_depth3_70: n_ok 7/2000 distinct_ok 1 first_hit 53 written_hist {7: 1} (3s; 71 done, 3s/thm, ETA 51 min)
targets_depth3_71: n_ok 8/2000 distinct_ok 1 first_hit 378 written_hist {7: 1} (3s; 72 done, 3s/thm, ETA 51 min)
targets_depth3_72: n_ok 336/2000 distinct_ok 1 first_hit 2 written_hist {7: 1} (2s; 73 done, 3s/thm, ETA 51 min)
targets_depth3_73: n_ok 24/2000 distinct_ok 1 first_hit 42 written_hist {7: 1} (3s; 74 done, 3s/thm, ETA 50 min)
targets_depth3_74: n_ok 2/2000 distinct_ok 1 first_hit 591 written_hist {7: 1} (3s; 75 done, 3s/thm, ETA 50 min)
targets_depth3_75: n_ok 127/2000 distinct_ok 1 first_hit 4 written_hist {7: 1} (2s; 76 done, 3s/thm, ETA 50 min)
targets_depth3_76: n_ok 0/2000 distinct_ok 0 first_hit None written_hist {} (4s; 77 done, 3s/thm, ETA 50 min)
targets_depth3_77: n_ok 0/2000 distinct_ok 0 first_hit None written_hist {} (3s; 78 done, 3s/thm, ETA 50 min)
targets_depth3_78: n_ok 20/2000 distinct_ok 1 first_hit 36 written_hist {7: 1} (3s; 79 done, 3s/thm, ETA 50 min)
targets_depth3_79: n_ok 0/2000 distinct_ok 0 first_hit None written_hist {} (5s; 80 done, 3s/thm, ETA 50 min)
targets_depth3_80: n_ok 0/2000 distinct_ok 0 first_hit None written_hist {} (4s; 81 done, 3s/thm, ETA 50 min)
targets_depth3_81: n_ok 1/2000 distinct_ok 1 first_hit 1648 written_hist {7: 1} (4s; 82 done, 3s/thm, ETA 50 min)
targets_depth3_82: n_ok 17/2000 distinct_ok 1 first_hit 69 written_hist {7: 1} (3s; 83 done, 3s/thm, ETA 50 min)
targets_depth3_83: n_ok 55/2000 distinct_ok 2 first_hit 27 written_hist {7: 2} (3s; 84 done, 3s/thm, ETA 50 min)
targets_depth3_84: n_ok 496/2000 distinct_ok 1 first_hit 3 written_hist {7: 1} (2s; 85 done, 3s/thm, ETA 50 min)
targets_depth3_85: n_ok 505/2000 distinct_ok 5 first_hit 2 written_hist {7: 5} (2s; 86 done, 3s/thm, ETA 50 min)
targets_depth3_86: n_ok 0/2000 distinct_ok 0 first_hit None written_hist {} (3s; 87 done, 3s/thm, ETA 49 min)
targets_depth3_87: n_ok 0/2000 distinct_ok 0 first_hit None written_hist {} (4s; 88 done, 3s/thm, ETA 50 min)
targets_depth3_88: n_ok 0/2000 distinct_ok 0 first_hit None written_hist {} (5s; 89 done, 3s/thm, ETA 50 min)
targets_depth3_89: n_ok 694/2000 distinct_ok 2 first_hit 3 written_hist {7: 2} (2s; 90 done, 3s/thm, ETA 50 min)
targets_depth3_90: n_ok 307/2000 distinct_ok 1 first_hit 21 written_hist {7: 1} (3s; 91 done, 3s/thm, ETA 49 min)
targets_depth3_91: n_ok 2/2000 distinct_ok 1 first_hit 37 written_hist {7: 1} (3s; 92 done, 3s/thm, ETA 49 min)
targets_depth3_92: n_ok 8/2000 distinct_ok 2 first_hit 94 written_hist {7: 2} (3s; 93 done, 3s/thm, ETA 49 min)
targets_depth3_93: n_ok 0/2000 distinct_ok 0 first_hit None written_hist {} (2s; 94 done, 3s/thm, ETA 49 min)
targets_depth3_94: n_ok 2/2000 distinct_ok 1 first_hit 678 written_hist {7: 1} (3s; 95 done, 3s/thm, ETA 49 min)
targets_depth3_95: n_ok 78/2000 distinct_ok 1 first_hit 10 written_hist {7: 1} (3s; 96 done, 3s/thm, ETA 49 min)
targets_depth3_96: n_ok 225/2000 distinct_ok 1 first_hit 11 written_hist {7: 1} (2s; 97 done, 3s/thm, ETA 49 min)
targets_depth3_97: n_ok 0/2000 distinct_ok 0 first_hit None written_hist {} (2s; 98 done, 3s/thm, ETA 48 min)
targets_depth3_98: n_ok 3/2000 distinct_ok 1 first_hit 867 written_hist {7: 1} (2s; 99 done, 3s/thm, ETA 48 min)
targets_depth3_99: n_ok 1/2000 distinct_ok 1 first_hit 475 written_hist {7: 1} (5s; 100 done, 3s/thm, ETA 48 min)
targets_depth3_100: n_ok 0/2000 distinct_ok 0 first_hit None written_hist {} (4s; 101 done, 3s/thm, ETA 48 min)
targets_depth3_101: n_ok 0/2000 distinct_ok 0 first_hit None written_hist {} (5s; 102 done, 3s/thm, ETA 49 min)
targets_depth3_102: n_ok 167/2000 distinct_ok 1 first_hit 1 written_hist {7: 1} (3s; 103 done, 3s/thm, ETA 48 min)
targets_depth3_103: n_ok 19/2000 distinct_ok 1 first_hit 101 written_hist {7: 1} (3s; 104 done, 3s/thm, ETA 48 min)
targets_depth3_104: n_ok 1/2000 distinct_ok 1 first_hit 687 written_hist {7: 1} (4s; 105 done, 3s/thm, ETA 48 min)
targets_depth3_105: n_ok 0/2000 distinct_ok 0 first_hit None written_hist {} (4s; 106 done, 3s/thm, ETA 48 min)
targets_depth3_106: n_ok 13/2000 distinct_ok 1 first_hit 57 written_hist {7: 1} (2s; 107 done, 3s/thm, ETA 48 min)
targets_depth3_107: n_ok 490/2000 distinct_ok 1 first_hit 3 written_hist {7: 1} (2s; 108 done, 3s/thm, ETA 48 min)
targets_depth3_108: n_ok 0/2000 distinct_ok 0 first_hit None written_hist {} (7s; 109 done, 3s/thm, ETA 49 min)
targets_depth3_109: n_ok 9/2000 distinct_ok 1 first_hit 101 written_hist {7: 1} (3s; 110 done, 3s/thm, ETA 48 min)
targets_depth3_110: n_ok 0/2000 distinct_ok 0 first_hit None written_hist {} (5s; 111 done, 3s/thm, ETA 49 min)
targets_depth3_111: n_ok 6/2000 distinct_ok 1 first_hit 667 written_hist {7: 1} (3s; 112 done, 3s/thm, ETA 48 min)
targets_depth3_112: n_ok 5/2000 distinct_ok 1 first_hit 260 written_hist {7: 1} (4s; 113 done, 3s/thm, ETA 48 min)
targets_depth3_113: n_ok 1/2000 distinct_ok 1 first_hit 1716 written_hist {7: 1} (3s; 114 done, 3s/thm, ETA 48 min)
targets_depth3_114: n_ok 382/2000 distinct_ok 2 first_hit 2 written_hist {7: 2} (2s; 115 done, 3s/thm, ETA 48 min)
targets_depth3_115: n_ok 372/2000 distinct_ok 1 first_hit 8 written_hist {7: 1} (2s; 116 done, 3s/thm, ETA 48 min)
targets_depth3_116: n_ok 133/2000 distinct_ok 1 first_hit 25 written_hist {7: 1} (2s; 117 done, 3s/thm, ETA 48 min)
targets_depth3_117: n_ok 6/2000 distinct_ok 1 first_hit 366 written_hist {7: 1} (4s; 118 done, 3s/thm, ETA 48 min)
targets_depth3_118: n_ok 111/2000 distinct_ok 1 first_hit 27 written_hist {7: 1} (2s; 119 done, 3s/thm, ETA 48 min)
targets_depth3_119: n_ok 0/2000 distinct_ok 0 first_hit None written_hist {} (6s; 120 done, 3s/thm, ETA 48 min)
targets_depth3_120: n_ok 1/2000 distinct_ok 1 first_hit 1015 written_hist {7: 1} (4s; 121 done, 3s/thm, ETA 48 min)
targets_depth3_121: n_ok 0/2000 distinct_ok 0 first_hit None written_hist {} (2s; 122 done, 3s/thm, ETA 48 min)
targets_depth3_122: n_ok 0/2000 distinct_ok 0 first_hit None written_hist {} (2s; 123 done, 3s/thm, ETA 48 min)
targets_depth3_123: n_ok 17/2000 distinct_ok 1 first_hit 55 written_hist {7: 1} (4s; 124 done, 3s/thm, ETA 48 min)
targets_depth3_124: n_ok 0/2000 distinct_ok 0 first_hit None written_hist {} (6s; 125 done, 3s/thm, ETA 48 min)
targets_depth3_125: n_ok 26/2000 distinct_ok 1 first_hit 41 written_hist {7: 1} (3s; 126 done, 3s/thm, ETA 48 min)
targets_depth3_126: n_ok 0/2000 distinct_ok 0 first_hit None written_hist {} (4s; 127 done, 3s/thm, ETA 48 min)
targets_depth3_127: n_ok 38/2000 distinct_ok 1 first_hit 4 written_hist {7: 1} (3s; 128 done, 3s/thm, ETA 48 min)
targets_depth3_128: n_ok 399/2000 distinct_ok 3 first_hit 15 written_hist {7: 2, 8: 1} (3s; 129 done, 3s/thm, ETA 48 min)
targets_depth3_129: n_ok 1/2000 distinct_ok 1 first_hit 113 written_hist {7: 1} (3s; 130 done, 3s/thm, ETA 48 min)
targets_depth3_130: n_ok 615/2000 distinct_ok 1 first_hit 3 written_hist {7: 1} (2s; 131 done, 3s/thm, ETA 47 min)
targets_depth3_131: n_ok 434/2000 distinct_ok 1 first_hit 1 written_hist {7: 1} (4s; 132 done, 3s/thm, ETA 47 min)
targets_depth3_132: n_ok 0/2000 distinct_ok 0 first_hit None written_hist {} (4s; 133 done, 3s/thm, ETA 47 min)
targets_depth3_133: n_ok 539/2000 distinct_ok 4 first_hit 6 written_hist {7: 4} (2s; 134 done, 3s/thm, ETA 47 min)
targets_depth3_134: n_ok 9/2000 distinct_ok 2 first_hit 447 written_hist {7: 2} (4s; 135 done, 3s/thm, ETA 47 min)
targets_depth3_135: n_ok 58/2000 distinct_ok 1 first_hit 2 written_hist {7: 1} (3s; 136 done, 3s/thm, ETA 47 min)
targets_depth3_136: n_ok 0/2000 distinct_ok 0 first_hit None written_hist {} (5s; 137 done, 3s/thm, ETA 47 min)
targets_depth3_137: n_ok 2/2000 distinct_ok 1 first_hit 1778 written_hist {7: 1} (2s; 138 done, 3s/thm, ETA 47 min)
targets_depth3_138: n_ok 1/2000 distinct_ok 1 first_hit 338 written_hist {7: 1} (3s; 139 done, 3s/thm, ETA 47 min)
targets_depth3_139: n_ok 0/2000 distinct_ok 0 first_hit None written_hist {} (5s; 140 done, 3s/thm, ETA 47 min)
targets_depth3_140: n_ok 0/2000 distinct_ok 0 first_hit None written_hist {} (3s; 141 done, 3s/thm, ETA 47 min)
targets_depth3_141: n_ok 0/2000 distinct_ok 0 first_hit None written_hist {} (7s; 142 done, 3s/thm, ETA 47 min)
targets_depth3_142: n_ok 1/2000 distinct_ok 1 first_hit 951 written_hist {7: 1} (3s; 143 done, 3s/thm, ETA 47 min)
targets_depth3_143: n_ok 0/2000 distinct_ok 0 first_hit None written_hist {} (5s; 144 done, 3s/thm, ETA 47 min)
targets_depth3_144: n_ok 113/2000 distinct_ok 2 first_hit 4 written_hist {7: 2} (2s; 145 done, 3s/thm, ETA 47 min)
targets_depth3_145: n_ok 1/2000 distinct_ok 1 first_hit 1170 written_hist {7: 1} (4s; 146 done, 3s/thm, ETA 47 min)
targets_depth3_146: n_ok 455/2000 distinct_ok 4 first_hit 21 written_hist {7: 4} (2s; 147 done, 3s/thm, ETA 47 min)
targets_depth3_147: n_ok 0/2000 distinct_ok 0 first_hit None written_hist {} (4s; 148 done, 3s/thm, ETA 47 min)
targets_depth3_148: n_ok 0/2000 distinct_ok 0 first_hit None written_hist {} (3s; 149 done, 3s/thm, ETA 47 min)
targets_depth3_149: n_ok 0/2000 distinct_ok 0 first_hit None written_hist {} (4s; 150 done, 3s/thm, ETA 47 min)
targets_depth3_150: n_ok 0/2000 distinct_ok 0 first_hit None written_hist {} (3s; 151 done, 3s/thm, ETA 47 min)
targets_depth3_151: n_ok 2/2000 distinct_ok 1 first_hit 705 written_hist {7: 1} (2s; 152 done, 3s/thm, ETA 47 min)
targets_depth3_152: n_ok 1/2000 distinct_ok 1 first_hit 1120 written_hist {7: 1} (4s; 153 done, 3s/thm, ETA 47 min)
targets_depth3_153: n_ok 112/2000 distinct_ok 1 first_hit 18 written_hist {7: 1} (3s; 154 done, 3s/thm, ETA 47 min)
targets_depth3_154: n_ok 88/2000 distinct_ok 1 first_hit 26 written_hist {7: 1} (2s; 155 done, 3s/thm, ETA 46 min)
targets_depth3_155: n_ok 2/2000 distinct_ok 1 first_hit 253 written_hist {7: 1} (5s; 156 done, 3s/thm, ETA 46 min)
targets_depth3_156: n_ok 327/2000 distinct_ok 4 first_hit 4 written_hist {7: 4} (2s; 157 done, 3s/thm, ETA 46 min)
targets_depth3_157: n_ok 0/2000 distinct_ok 0 first_hit None written_hist {} (4s; 158 done, 3s/thm, ETA 46 min)
targets_depth3_158: n_ok 23/2000 distinct_ok 1 first_hit 44 written_hist {7: 1} (3s; 159 done, 3s/thm, ETA 46 min)
targets_depth3_159: n_ok 1792/2000 distinct_ok 3 first_hit 2 written_hist {7: 3} (5s; 160 done, 3s/thm, ETA 46 min)
targets_depth3_160: n_ok 211/2000 distinct_ok 2 first_hit 2 written_hist {7: 2} (2s; 161 done, 3s/thm, ETA 46 min)
targets_depth3_161: n_ok 155/2000 distinct_ok 2 first_hit 4 written_hist {7: 2} (3s; 162 done, 3s/thm, ETA 46 min)
targets_depth3_162: n_ok 0/2000 distinct_ok 0 first_hit None written_hist {} (5s; 163 done, 3s/thm, ETA 46 min)
targets_depth3_163: n_ok 4/2000 distinct_ok 1 first_hit 398 written_hist {7: 1} (4s; 164 done, 3s/thm, ETA 46 min)
targets_depth3_164: n_ok 3/2000 distinct_ok 1 first_hit 795 written_hist {7: 1} (3s; 165 done, 3s/thm, ETA 46 min)
targets_depth3_165: n_ok 408/2000 distinct_ok 1 first_hit 1 written_hist {7: 1} (3s; 166 done, 3s/thm, ETA 46 min)
targets_depth3_166: n_ok 0/2000 distinct_ok 0 first_hit None written_hist {} (6s; 167 done, 3s/thm, ETA 46 min)
targets_depth3_167: n_ok 1/2000 distinct_ok 1 first_hit 1877 written_hist {8: 1} (4s; 168 done, 3s/thm, ETA 46 min)
targets_depth3_168: n_ok 0/2000 distinct_ok 0 first_hit None written_hist {} (4s; 169 done, 3s/thm, ETA 46 min)
targets_depth3_169: n_ok 20/2000 distinct_ok 1 first_hit 41 written_hist {8: 1} (5s; 170 done, 3s/thm, ETA 46 min)
targets_depth3_170: n_ok 0/2000 distinct_ok 0 first_hit None written_hist {} (4s; 171 done, 3s/thm, ETA 46 min)
targets_depth3_171: n_ok 1/2000 distinct_ok 1 first_hit 1300 written_hist {8: 1} (6s; 172 done, 3s/thm, ETA 46 min)
targets_depth3_172: n_ok 0/2000 distinct_ok 0 first_hit None written_hist {} (6s; 173 done, 3s/thm, ETA 46 min)
targets_depth3_173: n_ok 0/2000 distinct_ok 0 first_hit None written_hist {} (6s; 174 done, 3s/thm, ETA 47 min)
targets_depth3_174: n_ok 0/2000 distinct_ok 0 first_hit None written_hist {} (5s; 175 done, 3s/thm, ETA 47 min)
targets_depth3_175: n_ok 123/2000 distinct_ok 2 first_hit 7 written_hist {8: 1, 9: 1} (4s; 176 done, 3s/thm, ETA 47 min)
targets_depth3_176: n_ok 0/2000 distinct_ok 0 first_hit None written_hist {} (2s; 177 done, 3s/thm, ETA 46 min)
targets_depth3_177: n_ok 0/2000 distinct_ok 0 first_hit None written_hist {} (7s; 178 done, 3s/thm, ETA 47 min)
targets_depth3_178: n_ok 8/2000 distinct_ok 1 first_hit 357 written_hist {8: 1} (3s; 179 done, 3s/thm, ETA 47 min)
targets_depth3_179: n_ok 0/2000 distinct_ok 0 first_hit None written_hist {} (8s; 180 done, 3s/thm, ETA 47 min)
targets_depth3_180: n_ok 0/2000 distinct_ok 0 first_hit None written_hist {} (7s; 181 done, 3s/thm, ETA 47 min)
targets_depth3_181: n_ok 0/2000 distinct_ok 0 first_hit None written_hist {} (4s; 182 done, 3s/thm, ETA 47 min)
targets_depth3_182: n_ok 0/2000 distinct_ok 0 first_hit None written_hist {} (4s; 183 done, 3s/thm, ETA 47 min)
targets_depth3_183: n_ok 0/2000 distinct_ok 0 first_hit None written_hist {} (7s; 184 done, 3s/thm, ETA 47 min)
targets_depth3_184: n_ok 0/2000 distinct_ok 0 first_hit None written_hist {} (5s; 185 done, 3s/thm, ETA 47 min)
targets_depth3_185: n_ok 0/2000 distinct_ok 0 first_hit None written_hist {} (3s; 186 done, 3s/thm, ETA 47 min)
targets_depth3_186: n_ok 172/2000 distinct_ok 1 first_hit 8 written_hist {8: 1} (2s; 187 done, 3s/thm, ETA 47 min)
targets_depth3_187: n_ok 0/2000 distinct_ok 0 first_hit None written_hist {} (3s; 188 done, 3s/thm, ETA 47 min)
targets_depth3_188: n_ok 0/2000 distinct_ok 0 first_hit None written_hist {} (3s; 189 done, 3s/thm, ETA 47 min)
targets_depth3_189: n_ok 1/2000 distinct_ok 1 first_hit 1791 written_hist {8: 1} (3s; 190 done, 3s/thm, ETA 47 min)
targets_depth3_190: n_ok 0/2000 distinct_ok 0 first_hit None written_hist {} (5s; 191 done, 3s/thm, ETA 47 min)
targets_depth3_191: n_ok 6/2000 distinct_ok 1 first_hit 157 written_hist {8: 1} (3s; 192 done, 3s/thm, ETA 47 min)
targets_depth3_192: n_ok 24/2000 distinct_ok 1 first_hit 23 written_hist {8: 1} (2s; 193 done, 3s/thm, ETA 47 min)
targets_depth3_193: n_ok 0/2000 distinct_ok 0 first_hit None written_hist {} (5s; 194 done, 3s/thm, ETA 47 min)
targets_depth3_194: n_ok 0/2000 distinct_ok 0 first_hit None written_hist {} (5s; 195 done, 3s/thm, ETA 47 min)
targets_depth3_195: n_ok 0/2000 distinct_ok 0 first_hit None written_hist {} (3s; 196 done, 3s/thm, ETA 46 min)
targets_depth3_196: n_ok 0/2000 distinct_ok 0 first_hit None written_hist {} (9s; 197 done, 3s/thm, ETA 47 min)
targets_depth3_197: n_ok 0/2000 distinct_ok 0 first_hit None written_hist {} (2s; 198 done, 3s/thm, ETA 47 min)
targets_depth3_198: n_ok 0/2000 distinct_ok 0 first_hit None written_hist {} (2s; 199 done, 3s/thm, ETA 46 min)
targets_depth3_199: n_ok 0/2000 distinct_ok 0 first_hit None written_hist {} (3s; 200 done, 3s/thm, ETA 46 min)
targets_depth3_200: n_ok 0/2000 distinct_ok 0 first_hit None written_hist {} (4s; 201 done, 3s/thm, ETA 46 min)
targets_depth3_201: n_ok 0/2000 distinct_ok 0 first_hit None written_hist {} (5s; 202 done, 3s/thm, ETA 46 min)
targets_depth3_202: n_ok 0/2000 distinct_ok 0 first_hit None written_hist {} (4s; 203 done, 3s/thm, ETA 46 min)
targets_depth3_203: n_ok 1/2000 distinct_ok 1 first_hit 479 written_hist {8: 1} (4s; 204 done, 3s/thm, ETA 46 min)
targets_depth3_204: n_ok 0/2000 distinct_ok 0 first_hit None written_hist {} (4s; 205 done, 3s/thm, ETA 46 min)
targets_depth3_205: n_ok 34/2000 distinct_ok 2 first_hit 58 written_hist {7: 1, 8: 1} (2s; 206 done, 3s/thm, ETA 46 min)
targets_depth3_206: n_ok 139/2000 distinct_ok 1 first_hit 6 written_hist {8: 1} (4s; 207 done, 3s/thm, ETA 46 min)
targets_depth3_207: n_ok 0/2000 distinct_ok 0 first_hit None written_hist {} (3s; 208 done, 3s/thm, ETA 46 min)
targets_depth3_208: n_ok 1/2000 distinct_ok 1 first_hit 557 written_hist {8: 1} (5s; 209 done, 3s/thm, ETA 46 min)
targets_depth3_209: n_ok 0/2000 distinct_ok 0 first_hit None written_hist {} (4s; 210 done, 4s/thm, ETA 46 min)
targets_depth3_210: n_ok 0/2000 distinct_ok 0 first_hit None written_hist {} (4s; 211 done, 4s/thm, ETA 46 min)
targets_depth3_211: n_ok 0/2000 distinct_ok 0 first_hit None written_hist {} (4s; 212 done, 4s/thm, ETA 46 min)
targets_depth3_212: n_ok 50/2000 distinct_ok 1 first_hit 92 written_hist {8: 1} (2s; 213 done, 4s/thm, ETA 46 min)
targets_depth3_213: n_ok 0/2000 distinct_ok 0 first_hit None written_hist {} (5s; 214 done, 4s/thm, ETA 46 min)
targets_depth3_214: n_ok 5/2000 distinct_ok 1 first_hit 116 written_hist {8: 1} (3s; 215 done, 4s/thm, ETA 46 min)
targets_depth3_215: n_ok 0/2000 distinct_ok 0 first_hit None written_hist {} (5s; 216 done, 4s/thm, ETA 46 min)
targets_depth3_216: n_ok 1/2000 distinct_ok 1 first_hit 382 written_hist {9: 1} (3s; 217 done, 4s/thm, ETA 46 min)
targets_depth3_217: n_ok 10/2000 distinct_ok 1 first_hit 176 written_hist {8: 1} (3s; 218 done, 4s/thm, ETA 46 min)
targets_depth3_218: n_ok 0/2000 distinct_ok 0 first_hit None written_hist {} (3s; 219 done, 4s/thm, ETA 46 min)
targets_depth3_219: n_ok 1/2000 distinct_ok 1 first_hit 699 written_hist {7: 1} (3s; 220 done, 4s/thm, ETA 46 min)
targets_depth3_220: n_ok 8/2000 distinct_ok 1 first_hit 219 written_hist {8: 1} (1s; 221 done, 4s/thm, ETA 45 min)
targets_depth3_221: n_ok 0/2000 distinct_ok 0 first_hit None written_hist {} (4s; 222 done, 4s/thm, ETA 45 min)
targets_depth3_222: n_ok 258/2000 distinct_ok 1 first_hit 7 written_hist {8: 1} (2s; 223 done, 3s/thm, ETA 45 min)
targets_depth3_223: n_ok 1/2000 distinct_ok 1 first_hit 1491 written_hist {8: 1} (7s; 224 done, 4s/thm, ETA 45 min)
targets_depth3_224: n_ok 1/2000 distinct_ok 1 first_hit 1846 written_hist {8: 1} (4s; 225 done, 4s/thm, ETA 45 min)
targets_depth3_225: n_ok 0/2000 distinct_ok 0 first_hit None written_hist {} (5s; 226 done, 4s/thm, ETA 45 min)
targets_depth3_226: n_ok 0/2000 distinct_ok 0 first_hit None written_hist {} (5s; 227 done, 4s/thm, ETA 45 min)
targets_depth3_227: n_ok 0/2000 distinct_ok 0 first_hit None written_hist {} (3s; 228 done, 4s/thm, ETA 45 min)
targets_depth3_228: n_ok 1256/2000 distinct_ok 2 first_hit 1 written_hist {8: 2} (3s; 229 done, 4s/thm, ETA 45 min)
targets_depth3_229: n_ok 0/2000 distinct_ok 0 first_hit None written_hist {} (3s; 230 done, 4s/thm, ETA 45 min)
targets_depth3_230: n_ok 0/2000 distinct_ok 0 first_hit None written_hist {} (5s; 231 done, 4s/thm, ETA 45 min)
targets_depth3_231: n_ok 27/2000 distinct_ok 1 first_hit 3 written_hist {8: 1} (3s; 232 done, 4s/thm, ETA 45 min)
targets_depth3_232: n_ok 0/2000 distinct_ok 0 first_hit None written_hist {} (2s; 233 done, 4s/thm, ETA 45 min)
targets_depth3_233: n_ok 1/2000 distinct_ok 1 first_hit 117 written_hist {8: 1} (5s; 234 done, 4s/thm, ETA 45 min)
targets_depth3_234: n_ok 0/2000 distinct_ok 0 first_hit None written_hist {} (3s; 235 done, 4s/thm, ETA 45 min)
targets_depth3_235: n_ok 26/2000 distinct_ok 1 first_hit 336 written_hist {8: 1} (3s; 236 done, 4s/thm, ETA 45 min)
targets_depth3_236: n_ok 21/2000 distinct_ok 1 first_hit 46 written_hist {8: 1} (4s; 237 done, 4s/thm, ETA 45 min)
targets_depth3_237: n_ok 51/2000 distinct_ok 1 first_hit 21 written_hist {8: 1} (1s; 238 done, 4s/thm, ETA 45 min)
targets_depth3_238: n_ok 0/2000 distinct_ok 0 first_hit None written_hist {} (5s; 239 done, 4s/thm, ETA 45 min)
targets_depth3_239: n_ok 0/2000 distinct_ok 0 first_hit None written_hist {} (3s; 240 done, 4s/thm, ETA 45 min)
targets_depth3_240: n_ok 1/2000 distinct_ok 1 first_hit 1835 written_hist {8: 1} (4s; 241 done, 4s/thm, ETA 45 min)
targets_depth3_241: n_ok 0/2000 distinct_ok 0 first_hit None written_hist {} (5s; 242 done, 4s/thm, ETA 45 min)
targets_depth3_242: n_ok 0/2000 distinct_ok 0 first_hit None written_hist {} (5s; 243 done, 4s/thm, ETA 45 min)
targets_depth3_243: n_ok 0/2000 distinct_ok 0 first_hit None written_hist {} (4s; 244 done, 4s/thm, ETA 45 min)
targets_depth3_244: n_ok 0/2000 distinct_ok 0 first_hit None written_hist {} (2s; 245 done, 4s/thm, ETA 44 min)
targets_depth3_245: n_ok 0/2000 distinct_ok 0 first_hit None written_hist {} (4s; 246 done, 4s/thm, ETA 44 min)
targets_depth3_246: n_ok 0/2000 distinct_ok 0 first_hit None written_hist {} (4s; 247 done, 4s/thm, ETA 44 min)
targets_depth3_247: n_ok 0/2000 distinct_ok 0 first_hit None written_hist {} (7s; 248 done, 4s/thm, ETA 45 min)
targets_depth3_248: n_ok 0/2000 distinct_ok 0 first_hit None written_hist {} (6s; 249 done, 4s/thm, ETA 45 min)
targets_depth3_249: n_ok 370/2000 distinct_ok 2 first_hit 6 written_hist {7: 1, 8: 1} (3s; 250 done, 4s/thm, ETA 45 min)
targets_depth3_250: n_ok 0/2000 distinct_ok 0 first_hit None written_hist {} (2s; 251 done, 4s/thm, ETA 44 min)
targets_depth3_251: n_ok 15/2000 distinct_ok 1 first_hit 152 written_hist {8: 1} (4s; 252 done, 4s/thm, ETA 44 min)
targets_depth3_252: n_ok 0/2000 distinct_ok 0 first_hit None written_hist {} (7s; 253 done, 4s/thm, ETA 44 min)
targets_depth3_253: n_ok 0/2000 distinct_ok 0 first_hit None written_hist {} (2s; 254 done, 4s/thm, ETA 44 min)
targets_depth3_254: n_ok 0/2000 distinct_ok 0 first_hit None written_hist {} (3s; 255 done, 4s/thm, ETA 44 min)
targets_depth3_255: n_ok 0/2000 distinct_ok 0 first_hit None written_hist {} (2s; 256 done, 4s/thm, ETA 44 min)
targets_depth3_256: n_ok 433/2000 distinct_ok 1 first_hit 1 written_hist {7: 1} (2s; 257 done, 4s/thm, ETA 44 min)
targets_depth3_257: n_ok 0/2000 distinct_ok 0 first_hit None written_hist {} (4s; 258 done, 4s/thm, ETA 44 min)
targets_depth3_258: n_ok 0/2000 distinct_ok 0 first_hit None written_hist {} (3s; 259 done, 4s/thm, ETA 44 min)
targets_depth3_259: n_ok 11/2000 distinct_ok 1 first_hit 93 written_hist {8: 1} (2s; 260 done, 4s/thm, ETA 44 min)
targets_depth3_260: n_ok 0/2000 distinct_ok 0 first_hit None written_hist {} (5s; 261 done, 4s/thm, ETA 44 min)
targets_depth3_261: n_ok 0/2000 distinct_ok 0 first_hit None written_hist {} (2s; 262 done, 4s/thm, ETA 44 min)
targets_depth3_262: n_ok 4/2000 distinct_ok 3 first_hit 323 written_hist {8: 3} (2s; 263 done, 4s/thm, ETA 43 min)
targets_depth3_263: n_ok 1175/2000 distinct_ok 1 first_hit 1 written_hist {8: 1} (4s; 264 done, 4s/thm, ETA 43 min)
targets_depth3_264: n_ok 0/2000 distinct_ok 0 first_hit None written_hist {} (2s; 265 done, 4s/thm, ETA 43 min)
targets_depth3_265: n_ok 0/2000 distinct_ok 0 first_hit None written_hist {} (7s; 266 done, 4s/thm, ETA 43 min)
targets_depth3_266: n_ok 0/2000 distinct_ok 0 first_hit None written_hist {} (3s; 267 done, 4s/thm, ETA 43 min)
targets_depth3_267: n_ok 1/2000 distinct_ok 1 first_hit 1898 written_hist {7: 1} (2s; 268 done, 4s/thm, ETA 43 min)
targets_depth3_268: n_ok 0/2000 distinct_ok 0 first_hit None written_hist {} (3s; 269 done, 4s/thm, ETA 43 min)
targets_depth3_269: n_ok 5/2000 distinct_ok 1 first_hit 902 written_hist {8: 1} (4s; 270 done, 4s/thm, ETA 43 min)
targets_depth3_270: n_ok 0/2000 distinct_ok 0 first_hit None written_hist {} (3s; 271 done, 4s/thm, ETA 43 min)
targets_depth3_271: n_ok 0/2000 distinct_ok 0 first_hit None written_hist {} (8s; 272 done, 4s/thm, ETA 43 min)
targets_depth3_272: n_ok 8/2000 distinct_ok 1 first_hit 53 written_hist {8: 1} (5s; 273 done, 4s/thm, ETA 43 min)
targets_depth3_273: n_ok 163/2000 distinct_ok 1 first_hit 5 written_hist {8: 1} (3s; 274 done, 4s/thm, ETA 43 min)
targets_depth3_274: n_ok 0/2000 distinct_ok 0 first_hit None written_hist {} (2s; 275 done, 4s/thm, ETA 43 min)
targets_depth3_275: n_ok 17/2000 distinct_ok 1 first_hit 184 written_hist {8: 1} (4s; 276 done, 4s/thm, ETA 43 min)
targets_depth3_276: n_ok 4/2000 distinct_ok 2 first_hit 345 written_hist {8: 2} (5s; 277 done, 4s/thm, ETA 43 min)
targets_depth3_277: n_ok 11/2000 distinct_ok 1 first_hit 368 written_hist {8: 1} (2s; 278 done, 4s/thm, ETA 43 min)
targets_depth3_278: n_ok 0/2000 distinct_ok 0 first_hit None written_hist {} (5s; 279 done, 4s/thm, ETA 43 min)
targets_depth3_279: n_ok 140/2000 distinct_ok 1 first_hit 16 written_hist {8: 1} (3s; 280 done, 4s/thm, ETA 43 min)
targets_depth3_280: n_ok 0/2000 distinct_ok 0 first_hit None written_hist {} (4s; 281 done, 4s/thm, ETA 43 min)
targets_depth3_281: n_ok 3/2000 distinct_ok 1 first_hit 69 written_hist {8: 1} (3s; 282 done, 4s/thm, ETA 43 min)
targets_depth3_282: n_ok 0/2000 distinct_ok 0 first_hit None written_hist {} (5s; 283 done, 4s/thm, ETA 42 min)
targets_depth3_283: n_ok 9/2000 distinct_ok 1 first_hit 53 written_hist {8: 1} (4s; 284 done, 4s/thm, ETA 42 min)
targets_depth3_284: n_ok 173/2000 distinct_ok 2 first_hit 14 written_hist {7: 1, 8: 1} (1s; 285 done, 4s/thm, ETA 42 min)
targets_depth3_285: n_ok 5/2000 distinct_ok 1 first_hit 597 written_hist {8: 1} (3s; 286 done, 4s/thm, ETA 42 min)
targets_depth3_286: n_ok 7/2000 distinct_ok 1 first_hit 92 written_hist {8: 1} (5s; 287 done, 4s/thm, ETA 42 min)
targets_depth3_287: n_ok 0/2000 distinct_ok 0 first_hit None written_hist {} (3s; 288 done, 4s/thm, ETA 42 min)
targets_depth3_288: n_ok 8/2000 distinct_ok 1 first_hit 196 written_hist {8: 1} (3s; 289 done, 4s/thm, ETA 42 min)
targets_depth3_289: n_ok 0/2000 distinct_ok 0 first_hit None written_hist {} (3s; 290 done, 4s/thm, ETA 42 min)
targets_depth3_290: n_ok 0/2000 distinct_ok 0 first_hit None written_hist {} (5s; 291 done, 4s/thm, ETA 42 min)
targets_depth3_291: n_ok 0/2000 distinct_ok 0 first_hit None written_hist {} (4s; 292 done, 4s/thm, ETA 42 min)
targets_depth3_292: n_ok 220/2000 distinct_ok 1 first_hit 4 written_hist {7: 1} (1s; 293 done, 4s/thm, ETA 42 min)
targets_depth3_293: n_ok 0/2000 distinct_ok 0 first_hit None written_hist {} (6s; 294 done, 4s/thm, ETA 42 min)
targets_depth3_294: n_ok 170/2000 distinct_ok 1 first_hit 12 written_hist {7: 1} (2s; 295 done, 4s/thm, ETA 42 min)
targets_depth3_295: n_ok 0/2000 distinct_ok 0 first_hit None written_hist {} (6s; 296 done, 4s/thm, ETA 42 min)
targets_depth3_296: n_ok 0/2000 distinct_ok 0 first_hit None written_hist {} (3s; 297 done, 4s/thm, ETA 42 min)
targets_depth3_297: n_ok 1/2000 distinct_ok 1 first_hit 1822 written_hist {8: 1} (3s; 298 done, 4s/thm, ETA 42 min)
targets_depth3_298: n_ok 390/2000 distinct_ok 1 first_hit 2 written_hist {8: 1} (3s; 299 done, 4s/thm, ETA 41 min)
targets_depth3_299: n_ok 20/2000 distinct_ok 3 first_hit 121 written_hist {8: 3} (2s; 300 done, 4s/thm, ETA 41 min)
targets_depth3_300: n_ok 5/2000 distinct_ok 1 first_hit 136 written_hist {8: 1} (4s; 301 done, 4s/thm, ETA 41 min)
targets_depth3_301: n_ok 26/2000 distinct_ok 1 first_hit 1 written_hist {8: 1} (3s; 302 done, 4s/thm, ETA 41 min)
targets_depth3_302: n_ok 0/2000 distinct_ok 0 first_hit None written_hist {} (3s; 303 done, 4s/thm, ETA 41 min)
targets_depth3_303: n_ok 0/2000 distinct_ok 0 first_hit None written_hist {} (5s; 304 done, 4s/thm, ETA 41 min)
targets_depth3_304: n_ok 93/2000 distinct_ok 1 first_hit 17 written_hist {7: 1} (2s; 305 done, 4s/thm, ETA 41 min)
targets_depth3_305: n_ok 1/2000 distinct_ok 1 first_hit 1365 written_hist {8: 1} (4s; 306 done, 4s/thm, ETA 41 min)
targets_depth3_306: n_ok 1534/2000 distinct_ok 4 first_hit 2 written_hist {7: 2, 8: 2} (3s; 307 done, 4s/thm, ETA 41 min)
targets_depth3_307: n_ok 0/2000 distinct_ok 0 first_hit None written_hist {} (5s; 308 done, 4s/thm, ETA 41 min)
targets_depth3_308: n_ok 0/2000 distinct_ok 0 first_hit None written_hist {} (4s; 309 done, 4s/thm, ETA 41 min)
targets_depth3_309: n_ok 0/2000 distinct_ok 0 first_hit None written_hist {} (4s; 310 done, 4s/thm, ETA 41 min)
targets_depth3_310: n_ok 0/2000 distinct_ok 0 first_hit None written_hist {} (4s; 311 done, 4s/thm, ETA 41 min)
targets_depth3_311: n_ok 66/2000 distinct_ok 1 first_hit 55 written_hist {8: 1} (2s; 312 done, 4s/thm, ETA 41 min)
targets_depth3_312: n_ok 0/2000 distinct_ok 0 first_hit None written_hist {} (7s; 313 done, 4s/thm, ETA 41 min)
targets_depth3_313: n_ok 0/2000 distinct_ok 0 first_hit None written_hist {} (3s; 314 done, 4s/thm, ETA 41 min)
targets_depth3_314: n_ok 3/2000 distinct_ok 1 first_hit 460 written_hist {8: 1} (5s; 315 done, 4s/thm, ETA 41 min)
targets_depth3_315: n_ok 2/2000 distinct_ok 1 first_hit 136 written_hist {8: 1} (3s; 316 done, 4s/thm, ETA 41 min)
targets_depth3_316: n_ok 0/2000 distinct_ok 0 first_hit None written_hist {} (2s; 317 done, 4s/thm, ETA 40 min)
targets_depth3_317: n_ok 0/2000 distinct_ok 0 first_hit None written_hist {} (5s; 318 done, 4s/thm, ETA 40 min)
targets_depth3_318: n_ok 1/2000 distinct_ok 1 first_hit 994 written_hist {8: 1} (3s; 319 done, 4s/thm, ETA 40 min)
targets_depth3_319: n_ok 142/2000 distinct_ok 1 first_hit 17 written_hist {8: 1} (3s; 320 done, 4s/thm, ETA 40 min)
targets_depth3_320: n_ok 0/2000 distinct_ok 0 first_hit None written_hist {} (8s; 321 done, 4s/thm, ETA 40 min)
targets_depth3_321: n_ok 0/2000 distinct_ok 0 first_hit None written_hist {} (2s; 322 done, 4s/thm, ETA 40 min)
targets_depth3_322: n_ok 2/2000 distinct_ok 1 first_hit 359 written_hist {8: 1} (3s; 323 done, 4s/thm, ETA 40 min)
targets_depth3_323: n_ok 81/2000 distinct_ok 1 first_hit 2 written_hist {8: 1} (3s; 324 done, 4s/thm, ETA 40 min)
targets_depth3_324: n_ok 1/2000 distinct_ok 1 first_hit 1278 written_hist {8: 1} (2s; 325 done, 4s/thm, ETA 40 min)
targets_depth3_325: n_ok 19/2000 distinct_ok 1 first_hit 129 written_hist {8: 1} (4s; 326 done, 4s/thm, ETA 40 min)
targets_depth3_326: n_ok 18/2000 distinct_ok 4 first_hit 240 written_hist {8: 4} (2s; 327 done, 4s/thm, ETA 40 min)
targets_depth3_327: n_ok 2/2000 distinct_ok 1 first_hit 1449 written_hist {8: 1} (3s; 328 done, 4s/thm, ETA 40 min)
targets_depth3_328: n_ok 9/2000 distinct_ok 1 first_hit 26 written_hist {7: 1} (2s; 329 done, 4s/thm, ETA 40 min)
targets_depth3_329: n_ok 0/2000 distinct_ok 0 first_hit None written_hist {} (5s; 330 done, 4s/thm, ETA 40 min)
targets_depth3_330: n_ok 5/2000 distinct_ok 1 first_hit 422 written_hist {8: 1} (1s; 331 done, 4s/thm, ETA 40 min)
targets_depth3_331: n_ok 2/2000 distinct_ok 1 first_hit 235 written_hist {8: 1} (3s; 332 done, 4s/thm, ETA 39 min)
targets_depth3_332: n_ok 0/2000 distinct_ok 0 first_hit None written_hist {} (5s; 333 done, 4s/thm, ETA 39 min)
targets_depth3_333: n_ok 0/2000 distinct_ok 0 first_hit None written_hist {} (3s; 334 done, 4s/thm, ETA 39 min)
targets_depth3_334: n_ok 0/2000 distinct_ok 0 first_hit None written_hist {} (4s; 335 done, 4s/thm, ETA 39 min)
targets_depth3_335: n_ok 0/2000 distinct_ok 0 first_hit None written_hist {} (4s; 336 done, 4s/thm, ETA 39 min)
targets_depth3_336: n_ok 0/2000 distinct_ok 0 first_hit None written_hist {} (3s; 337 done, 4s/thm, ETA 39 min)
targets_depth3_337: n_ok 0/2000 distinct_ok 0 first_hit None written_hist {} (3s; 338 done, 4s/thm, ETA 39 min)
targets_depth3_338: n_ok 0/2000 distinct_ok 0 first_hit None written_hist {} (6s; 339 done, 4s/thm, ETA 39 min)
targets_depth3_339: n_ok 0/2000 distinct_ok 0 first_hit None written_hist {} (5s; 340 done, 4s/thm, ETA 39 min)
targets_depth3_340: n_ok 0/2000 distinct_ok 0 first_hit None written_hist {} (3s; 341 done, 4s/thm, ETA 39 min)
targets_depth3_341: n_ok 0/2000 distinct_ok 0 first_hit None written_hist {} (5s; 342 done, 4s/thm, ETA 39 min)
targets_depth3_342: n_ok 0/2000 distinct_ok 0 first_hit None written_hist {} (5s; 343 done, 4s/thm, ETA 39 min)
targets_depth3_343: n_ok 0/2000 distinct_ok 0 first_hit None written_hist {} (5s; 344 done, 4s/thm, ETA 39 min)
targets_depth3_344: n_ok 0/2000 distinct_ok 0 first_hit None written_hist {} (11s; 345 done, 4s/thm, ETA 39 min)
targets_depth3_345: n_ok 0/2000 distinct_ok 0 first_hit None written_hist {} (3s; 346 done, 4s/thm, ETA 39 min)
targets_depth3_346: n_ok 0/2000 distinct_ok 0 first_hit None written_hist {} (4s; 347 done, 4s/thm, ETA 39 min)
targets_depth3_347: n_ok 0/2000 distinct_ok 0 first_hit None written_hist {} (2s; 348 done, 4s/thm, ETA 39 min)
targets_depth3_348: n_ok 0/2000 distinct_ok 0 first_hit None written_hist {} (5s; 349 done, 4s/thm, ETA 39 min)
targets_depth3_349: n_ok 0/2000 distinct_ok 0 first_hit None written_hist {} (2s; 350 done, 4s/thm, ETA 39 min)
targets_depth3_350: n_ok 0/2000 distinct_ok 0 first_hit None written_hist {} (5s; 351 done, 4s/thm, ETA 39 min)
targets_depth3_351: n_ok 0/2000 distinct_ok 0 first_hit None written_hist {} (9s; 352 done, 4s/thm, ETA 39 min)
targets_depth3_352: n_ok 0/2000 distinct_ok 0 first_hit None written_hist {} (5s; 353 done, 4s/thm, ETA 39 min)
targets_depth3_353: n_ok 0/2000 distinct_ok 0 first_hit None written_hist {} (4s; 354 done, 4s/thm, ETA 39 min)
targets_depth3_354: n_ok 0/2000 distinct_ok 0 first_hit None written_hist {} (7s; 355 done, 4s/thm, ETA 39 min)
targets_depth3_355: n_ok 0/2000 distinct_ok 0 first_hit None written_hist {} (3s; 356 done, 4s/thm, ETA 39 min)
targets_depth3_356: n_ok 0/2000 distinct_ok 0 first_hit None written_hist {} (3s; 357 done, 4s/thm, ETA 39 min)
targets_depth3_357: n_ok 0/2000 distinct_ok 0 first_hit None written_hist {} (4s; 358 done, 4s/thm, ETA 39 min)
targets_depth3_358: n_ok 0/2000 distinct_ok 0 first_hit None written_hist {} (6s; 359 done, 4s/thm, ETA 39 min)
targets_depth3_359: n_ok 91/2000 distinct_ok 1 first_hit 3 written_hist {8: 1} (2s; 360 done, 4s/thm, ETA 39 min)
targets_depth3_360: n_ok 0/2000 distinct_ok 0 first_hit None written_hist {} (3s; 361 done, 4s/thm, ETA 39 min)
targets_depth3_361: n_ok 0/2000 distinct_ok 0 first_hit None written_hist {} (2s; 362 done, 4s/thm, ETA 38 min)
targets_depth3_362: n_ok 0/2000 distinct_ok 0 first_hit None written_hist {} (3s; 363 done, 4s/thm, ETA 38 min)
targets_depth3_363: n_ok 0/2000 distinct_ok 0 first_hit None written_hist {} (3s; 364 done, 4s/thm, ETA 38 min)
targets_depth3_364: n_ok 0/2000 distinct_ok 0 first_hit None written_hist {} (4s; 365 done, 4s/thm, ETA 38 min)
targets_depth3_365: n_ok 0/2000 distinct_ok 0 first_hit None written_hist {} (3s; 366 done, 4s/thm, ETA 38 min)
targets_depth3_366: n_ok 0/2000 distinct_ok 0 first_hit None written_hist {} (3s; 367 done, 4s/thm, ETA 38 min)
targets_depth3_367: n_ok 0/2000 distinct_ok 0 first_hit None written_hist {} (2s; 368 done, 4s/thm, ETA 38 min)
targets_depth3_368: n_ok 0/2000 distinct_ok 0 first_hit None written_hist {} (2s; 369 done, 4s/thm, ETA 38 min)
targets_depth3_369: n_ok 1/2000 distinct_ok 1 first_hit 42 written_hist {7: 1} (3s; 370 done, 4s/thm, ETA 38 min)
targets_depth3_370: n_ok 0/2000 distinct_ok 0 first_hit None written_hist {} (3s; 371 done, 4s/thm, ETA 38 min)
targets_depth3_371: n_ok 0/2000 distinct_ok 0 first_hit None written_hist {} (7s; 372 done, 4s/thm, ETA 38 min)
targets_depth3_372: n_ok 0/2000 distinct_ok 0 first_hit None written_hist {} (5s; 373 done, 4s/thm, ETA 38 min)
targets_depth3_373: n_ok 0/2000 distinct_ok 0 first_hit None written_hist {} (3s; 374 done, 4s/thm, ETA 38 min)
targets_depth3_374: n_ok 0/2000 distinct_ok 0 first_hit None written_hist {} (5s; 375 done, 4s/thm, ETA 38 min)
targets_depth3_375: n_ok 0/2000 distinct_ok 0 first_hit None written_hist {} (3s; 376 done, 4s/thm, ETA 38 min)
targets_depth3_376: n_ok 0/2000 distinct_ok 0 first_hit None written_hist {} (4s; 377 done, 4s/thm, ETA 37 min)
targets_depth3_377: n_ok 0/2000 distinct_ok 0 first_hit None written_hist {} (2s; 378 done, 4s/thm, ETA 37 min)
targets_depth3_378: n_ok 0/2000 distinct_ok 0 first_hit None written_hist {} (5s; 379 done, 4s/thm, ETA 37 min)
targets_depth3_379: n_ok 0/2000 distinct_ok 0 first_hit None written_hist {} (6s; 380 done, 4s/thm, ETA 37 min)
targets_depth3_380: n_ok 0/2000 distinct_ok 0 first_hit None written_hist {} (3s; 381 done, 4s/thm, ETA 37 min)
targets_depth3_381: n_ok 0/2000 distinct_ok 0 first_hit None written_hist {} (5s; 382 done, 4s/thm, ETA 37 min)
targets_depth3_382: n_ok 0/2000 distinct_ok 0 first_hit None written_hist {} (5s; 383 done, 4s/thm, ETA 37 min)
targets_depth3_383: n_ok 0/2000 distinct_ok 0 first_hit None written_hist {} (3s; 384 done, 4s/thm, ETA 37 min)
targets_depth3_384: n_ok 0/2000 distinct_ok 0 first_hit None written_hist {} (4s; 385 done, 4s/thm, ETA 37 min)
targets_depth3_385: n_ok 0/2000 distinct_ok 0 first_hit None written_hist {} (3s; 386 done, 4s/thm, ETA 37 min)
targets_depth3_386: n_ok 0/2000 distinct_ok 0 first_hit None written_hist {} (4s; 387 done, 4s/thm, ETA 37 min)
targets_depth3_387: n_ok 0/2000 distinct_ok 0 first_hit None written_hist {} (3s; 388 done, 4s/thm, ETA 37 min)
targets_depth3_388: n_ok 0/2000 distinct_ok 0 first_hit None written_hist {} (3s; 389 done, 4s/thm, ETA 37 min)
targets_depth3_389: n_ok 0/2000 distinct_ok 0 first_hit None written_hist {} (3s; 390 done, 4s/thm, ETA 37 min)
targets_depth3_390: n_ok 0/2000 distinct_ok 0 first_hit None written_hist {} (3s; 391 done, 4s/thm, ETA 37 min)
targets_depth3_391: n_ok 0/2000 distinct_ok 0 first_hit None written_hist {} (3s; 392 done, 4s/thm, ETA 37 min)
targets_depth3_392: n_ok 0/2000 distinct_ok 0 first_hit None written_hist {} (3s; 393 done, 4s/thm, ETA 37 min)
targets_depth3_393: n_ok 0/2000 distinct_ok 0 first_hit None written_hist {} (4s; 394 done, 4s/thm, ETA 37 min)
targets_depth3_394: n_ok 0/2000 distinct_ok 0 first_hit None written_hist {} (2s; 395 done, 4s/thm, ETA 36 min)
targets_depth3_395: n_ok 0/2000 distinct_ok 0 first_hit None written_hist {} (4s; 396 done, 4s/thm, ETA 36 min)
targets_depth3_396: n_ok 0/2000 distinct_ok 0 first_hit None written_hist {} (2s; 397 done, 4s/thm, ETA 36 min)
targets_depth3_397: n_ok 0/2000 distinct_ok 0 first_hit None written_hist {} (5s; 398 done, 4s/thm, ETA 36 min)
targets_depth3_398: n_ok 190/2000 distinct_ok 1 first_hit 1 written_hist {7: 1} (2s; 399 done, 4s/thm, ETA 36 min)
targets_depth3_399: n_ok 0/2000 distinct_ok 0 first_hit None written_hist {} (4s; 400 done, 4s/thm, ETA 36 min)
targets_depth3_400: n_ok 0/2000 distinct_ok 0 first_hit None written_hist {} (4s; 401 done, 4s/thm, ETA 36 min)
targets_depth3_401: n_ok 0/2000 distinct_ok 0 first_hit None written_hist {} (3s; 402 done, 4s/thm, ETA 36 min)
targets_depth3_402: n_ok 141/2000 distinct_ok 1 first_hit 5 written_hist {8: 1} (2s; 403 done, 4s/thm, ETA 36 min)
targets_depth3_403: n_ok 0/2000 distinct_ok 0 first_hit None written_hist {} (4s; 404 done, 4s/thm, ETA 36 min)
targets_depth3_404: n_ok 0/2000 distinct_ok 0 first_hit None written_hist {} (3s; 405 done, 4s/thm, ETA 36 min)
targets_depth3_405: n_ok 0/2000 distinct_ok 0 first_hit None written_hist {} (4s; 406 done, 4s/thm, ETA 36 min)
targets_depth3_406: n_ok 0/2000 distinct_ok 0 first_hit None written_hist {} (6s; 407 done, 4s/thm, ETA 36 min)
targets_depth3_407: n_ok 0/2000 distinct_ok 0 first_hit None written_hist {} (3s; 408 done, 4s/thm, ETA 36 min)
targets_depth3_408: n_ok 0/2000 distinct_ok 0 first_hit None written_hist {} (7s; 409 done, 4s/thm, ETA 36 min)
targets_depth3_409: n_ok 0/2000 distinct_ok 0 first_hit None written_hist {} (3s; 410 done, 4s/thm, ETA 36 min)
targets_depth3_410: n_ok 0/2000 distinct_ok 0 first_hit None written_hist {} (4s; 411 done, 4s/thm, ETA 35 min)
targets_depth3_411: n_ok 0/2000 distinct_ok 0 first_hit None written_hist {} (1s; 412 done, 4s/thm, ETA 35 min)
targets_depth3_412: n_ok 0/2000 distinct_ok 0 first_hit None written_hist {} (5s; 413 done, 4s/thm, ETA 35 min)
targets_depth3_413: n_ok 0/2000 distinct_ok 0 first_hit None written_hist {} (3s; 414 done, 4s/thm, ETA 35 min)
targets_depth3_414: n_ok 0/2000 distinct_ok 0 first_hit None written_hist {} (3s; 415 done, 4s/thm, ETA 35 min)
targets_depth3_415: n_ok 0/2000 distinct_ok 0 first_hit None written_hist {} (2s; 416 done, 4s/thm, ETA 35 min)
targets_depth3_416: n_ok 0/2000 distinct_ok 0 first_hit None written_hist {} (8s; 417 done, 4s/thm, ETA 35 min)
targets_depth3_417: n_ok 0/2000 distinct_ok 0 first_hit None written_hist {} (2s; 418 done, 4s/thm, ETA 35 min)
targets_depth3_418: n_ok 0/2000 distinct_ok 0 first_hit None written_hist {} (3s; 419 done, 4s/thm, ETA 35 min)
targets_depth3_419: n_ok 0/2000 distinct_ok 0 first_hit None written_hist {} (4s; 420 done, 4s/thm, ETA 35 min)
targets_depth3_420: n_ok 0/2000 distinct_ok 0 first_hit None written_hist {} (4s; 421 done, 4s/thm, ETA 35 min)
targets_depth3_421: n_ok 0/2000 distinct_ok 0 first_hit None written_hist {} (5s; 422 done, 4s/thm, ETA 35 min)
targets_depth3_422: n_ok 0/2000 distinct_ok 0 first_hit None written_hist {} (7s; 423 done, 4s/thm, ETA 35 min)
targets_depth3_423: n_ok 26/2000 distinct_ok 1 first_hit 20 written_hist {7: 1} (3s; 424 done, 4s/thm, ETA 35 min)
targets_depth3_424: n_ok 0/2000 distinct_ok 0 first_hit None written_hist {} (3s; 425 done, 4s/thm, ETA 35 min)
targets_depth3_425: n_ok 0/2000 distinct_ok 0 first_hit None written_hist {} (4s; 426 done, 4s/thm, ETA 35 min)
targets_depth3_426: n_ok 0/2000 distinct_ok 0 first_hit None written_hist {} (4s; 427 done, 4s/thm, ETA 35 min)
targets_depth3_427: n_ok 0/2000 distinct_ok 0 first_hit None written_hist {} (4s; 428 done, 4s/thm, ETA 35 min)
targets_depth3_428: n_ok 1/2000 distinct_ok 1 first_hit 441 written_hist {10: 1} (4s; 429 done, 4s/thm, ETA 35 min)
targets_depth3_429: n_ok 0/2000 distinct_ok 0 first_hit None written_hist {} (3s; 430 done, 4s/thm, ETA 34 min)
targets_depth3_430: n_ok 0/2000 distinct_ok 0 first_hit None written_hist {} (3s; 431 done, 4s/thm, ETA 34 min)
targets_depth3_431: n_ok 0/2000 distinct_ok 0 first_hit None written_hist {} (4s; 432 done, 4s/thm, ETA 34 min)
targets_depth3_432: n_ok 23/2000 distinct_ok 1 first_hit 8 written_hist {9: 1} (3s; 433 done, 4s/thm, ETA 34 min)
targets_depth3_433: n_ok 0/2000 distinct_ok 0 first_hit None written_hist {} (4s; 434 done, 4s/thm, ETA 34 min)
targets_depth3_434: n_ok 0/2000 distinct_ok 0 first_hit None written_hist {} (3s; 435 done, 4s/thm, ETA 34 min)
targets_depth3_435: n_ok 0/2000 distinct_ok 0 first_hit None written_hist {} (2s; 436 done, 4s/thm, ETA 34 min)
targets_depth3_436: n_ok 0/2000 distinct_ok 0 first_hit None written_hist {} (3s; 437 done, 4s/thm, ETA 34 min)
targets_depth3_437: n_ok 0/2000 distinct_ok 0 first_hit None written_hist {} (3s; 438 done, 4s/thm, ETA 34 min)
targets_depth3_438: n_ok 2/2000 distinct_ok 1 first_hit 237 written_hist {7: 1} (2s; 439 done, 4s/thm, ETA 34 min)
targets_depth3_439: n_ok 0/2000 distinct_ok 0 first_hit None written_hist {} (3s; 440 done, 4s/thm, ETA 34 min)
targets_depth3_440: n_ok 0/2000 distinct_ok 0 first_hit None written_hist {} (7s; 441 done, 4s/thm, ETA 34 min)
targets_depth3_441: n_ok 0/2000 distinct_ok 0 first_hit None written_hist {} (4s; 442 done, 4s/thm, ETA 34 min)
targets_depth3_442: n_ok 0/2000 distinct_ok 0 first_hit None written_hist {} (5s; 443 done, 4s/thm, ETA 34 min)
targets_depth3_443: n_ok 0/2000 distinct_ok 0 first_hit None written_hist {} (3s; 444 done, 4s/thm, ETA 34 min)
targets_depth3_444: n_ok 0/2000 distinct_ok 0 first_hit None written_hist {} (4s; 445 done, 4s/thm, ETA 34 min)
targets_depth3_445: n_ok 0/2000 distinct_ok 0 first_hit None written_hist {} (6s; 446 done, 4s/thm, ETA 34 min)
targets_depth3_446: n_ok 0/2000 distinct_ok 0 first_hit None written_hist {} (4s; 447 done, 4s/thm, ETA 33 min)
targets_depth3_447: n_ok 0/2000 distinct_ok 0 first_hit None written_hist {} (3s; 448 done, 4s/thm, ETA 33 min)
targets_depth3_448: n_ok 0/2000 distinct_ok 0 first_hit None written_hist {} (2s; 449 done, 4s/thm, ETA 33 min)
targets_depth3_449: n_ok 0/2000 distinct_ok 0 first_hit None written_hist {} (4s; 450 done, 4s/thm, ETA 33 min)
targets_depth3_450: n_ok 0/2000 distinct_ok 0 first_hit None written_hist {} (7s; 451 done, 4s/thm, ETA 33 min)
targets_depth3_451: n_ok 0/2000 distinct_ok 0 first_hit None written_hist {} (9s; 452 done, 4s/thm, ETA 33 min)
targets_depth3_452: n_ok 0/2000 distinct_ok 0 first_hit None written_hist {} (3s; 453 done, 4s/thm, ETA 33 min)
targets_depth3_453: n_ok 0/2000 distinct_ok 0 first_hit None written_hist {} (3s; 454 done, 4s/thm, ETA 33 min)
targets_depth3_454: n_ok 0/2000 distinct_ok 0 first_hit None written_hist {} (5s; 455 done, 4s/thm, ETA 33 min)
targets_depth3_455: n_ok 0/2000 distinct_ok 0 first_hit None written_hist {} (5s; 456 done, 4s/thm, ETA 33 min)
targets_depth3_456: n_ok 0/2000 distinct_ok 0 first_hit None written_hist {} (4s; 457 done, 4s/thm, ETA 33 min)
targets_depth3_457: n_ok 0/2000 distinct_ok 0 first_hit None written_hist {} (4s; 458 done, 4s/thm, ETA 33 min)
targets_depth3_458: n_ok 0/2000 distinct_ok 0 first_hit None written_hist {} (4s; 459 done, 4s/thm, ETA 33 min)
targets_depth3_459: n_ok 0/2000 distinct_ok 0 first_hit None written_hist {} (3s; 460 done, 4s/thm, ETA 33 min)
targets_depth3_460: n_ok 0/2000 distinct_ok 0 first_hit None written_hist {} (4s; 461 done, 4s/thm, ETA 33 min)
targets_depth3_461: n_ok 0/2000 distinct_ok 0 first_hit None written_hist {} (6s; 462 done, 4s/thm, ETA 33 min)
targets_depth3_462: n_ok 0/2000 distinct_ok 0 first_hit None written_hist {} (1s; 463 done, 4s/thm, ETA 33 min)
targets_depth3_463: n_ok 0/2000 distinct_ok 0 first_hit None written_hist {} (3s; 464 done, 4s/thm, ETA 33 min)
targets_depth3_464: n_ok 0/2000 distinct_ok 0 first_hit None written_hist {} (3s; 465 done, 4s/thm, ETA 33 min)
targets_depth3_465: n_ok 0/2000 distinct_ok 0 first_hit None written_hist {} (6s; 466 done, 4s/thm, ETA 33 min)
targets_depth3_466: n_ok 95/2000 distinct_ok 1 first_hit 19 written_hist {7: 1} (2s; 467 done, 4s/thm, ETA 32 min)
targets_depth3_467: n_ok 0/2000 distinct_ok 0 first_hit None written_hist {} (3s; 468 done, 4s/thm, ETA 32 min)
targets_depth3_468: n_ok 0/2000 distinct_ok 0 first_hit None written_hist {} (7s; 469 done, 4s/thm, ETA 32 min)
targets_depth3_469: n_ok 1/2000 distinct_ok 1 first_hit 410 written_hist {9: 1} (2s; 470 done, 4s/thm, ETA 32 min)
targets_depth3_470: n_ok 14/2000 distinct_ok 3 first_hit 31 written_hist {7: 1, 8: 2} (2s; 471 done, 4s/thm, ETA 32 min)
targets_depth3_471: n_ok 0/2000 distinct_ok 0 first_hit None written_hist {} (3s; 472 done, 4s/thm, ETA 32 min)
targets_depth3_472: n_ok 0/2000 distinct_ok 0 first_hit None written_hist {} (9s; 473 done, 4s/thm, ETA 32 min)
targets_depth3_473: n_ok 0/2000 distinct_ok 0 first_hit None written_hist {} (6s; 474 done, 4s/thm, ETA 32 min)
targets_depth3_474: n_ok 0/2000 distinct_ok 0 first_hit None written_hist {} (3s; 475 done, 4s/thm, ETA 32 min)
targets_depth3_475: n_ok 0/2000 distinct_ok 0 first_hit None written_hist {} (6s; 476 done, 4s/thm, ETA 32 min)
targets_depth3_476: n_ok 0/2000 distinct_ok 0 first_hit None written_hist {} (2s; 477 done, 4s/thm, ETA 32 min)
targets_depth3_477: n_ok 10/2000 distinct_ok 1 first_hit 189 written_hist {7: 1} (7s; 478 done, 4s/thm, ETA 32 min)
targets_depth3_478: n_ok 0/2000 distinct_ok 0 first_hit None written_hist {} (5s; 479 done, 4s/thm, ETA 32 min)
targets_depth3_479: n_ok 0/2000 distinct_ok 0 first_hit None written_hist {} (4s; 480 done, 4s/thm, ETA 32 min)
targets_depth3_480: n_ok 0/2000 distinct_ok 0 first_hit None written_hist {} (5s; 481 done, 4s/thm, ETA 32 min)
targets_depth3_481: n_ok 0/2000 distinct_ok 0 first_hit None written_hist {} (5s; 482 done, 4s/thm, ETA 32 min)
targets_depth3_482: n_ok 0/2000 distinct_ok 0 first_hit None written_hist {} (5s; 483 done, 4s/thm, ETA 32 min)
targets_depth3_483: n_ok 0/2000 distinct_ok 0 first_hit None written_hist {} (3s; 484 done, 4s/thm, ETA 32 min)
targets_depth3_484: n_ok 0/2000 distinct_ok 0 first_hit None written_hist {} (7s; 485 done, 4s/thm, ETA 32 min)
targets_depth3_485: n_ok 0/2000 distinct_ok 0 first_hit None written_hist {} (4s; 486 done, 4s/thm, ETA 32 min)
targets_depth3_486: n_ok 0/2000 distinct_ok 0 first_hit None written_hist {} (2s; 487 done, 4s/thm, ETA 31 min)
targets_depth3_487: n_ok 420/2000 distinct_ok 2 first_hit 3 written_hist {7: 1, 9: 1} (3s; 488 done, 4s/thm, ETA 31 min)
targets_depth3_488: n_ok 0/2000 distinct_ok 0 first_hit None written_hist {} (2s; 489 done, 4s/thm, ETA 31 min)
targets_depth3_489: n_ok 0/2000 distinct_ok 0 first_hit None written_hist {} (4s; 490 done, 4s/thm, ETA 31 min)
targets_depth3_490: n_ok 0/2000 distinct_ok 0 first_hit None written_hist {} (6s; 491 done, 4s/thm, ETA 31 min)
targets_depth3_491: n_ok 0/2000 distinct_ok 0 first_hit None written_hist {} (7s; 492 done, 4s/thm, ETA 31 min)
targets_depth3_492: n_ok 0/2000 distinct_ok 0 first_hit None written_hist {} (4s; 493 done, 4s/thm, ETA 31 min)
targets_depth3_493: n_ok 0/2000 distinct_ok 0 first_hit None written_hist {} (5s; 494 done, 4s/thm, ETA 31 min)
targets_depth3_494: n_ok 0/2000 distinct_ok 0 first_hit None written_hist {} (3s; 495 done, 4s/thm, ETA 31 min)
targets_depth3_495: n_ok 0/2000 distinct_ok 0 first_hit None written_hist {} (6s; 496 done, 4s/thm, ETA 31 min)
targets_depth3_496: n_ok 0/2000 distinct_ok 0 first_hit None written_hist {} (2s; 497 done, 4s/thm, ETA 31 min)
targets_depth3_497: n_ok 0/2000 distinct_ok 0 first_hit None written_hist {} (3s; 498 done, 4s/thm, ETA 31 min)
targets_depth3_498: n_ok 0/2000 distinct_ok 0 first_hit None written_hist {} (5s; 499 done, 4s/thm, ETA 31 min)
targets_depth3_499: n_ok 0/2000 distinct_ok 0 first_hit None written_hist {} (1s; 500 done, 4s/thm, ETA 31 min)
targets_depth3_500: n_ok 0/2000 distinct_ok 0 first_hit None written_hist {} (6s; 501 done, 4s/thm, ETA 31 min)
targets_depth3_501: n_ok 0/2000 distinct_ok 0 first_hit None written_hist {} (14s; 502 done, 4s/thm, ETA 31 min)
targets_depth3_502: n_ok 0/2000 distinct_ok 0 first_hit None written_hist {} (2s; 503 done, 4s/thm, ETA 31 min)
targets_depth3_503: n_ok 860/2000 distinct_ok 2 first_hit 4 written_hist {7: 2} (2s; 504 done, 4s/thm, ETA 31 min)
targets_depth3_504: n_ok 0/2000 distinct_ok 0 first_hit None written_hist {} (2s; 505 done, 4s/thm, ETA 31 min)
targets_depth3_505: n_ok 0/2000 distinct_ok 0 first_hit None written_hist {} (2s; 506 done, 4s/thm, ETA 30 min)
targets_depth3_506: n_ok 3/2000 distinct_ok 1 first_hit 1331 written_hist {7: 1} (4s; 507 done, 4s/thm, ETA 30 min)
targets_depth3_507: n_ok 0/2000 distinct_ok 0 first_hit None written_hist {} (3s; 508 done, 4s/thm, ETA 30 min)
targets_depth3_508: n_ok 0/2000 distinct_ok 0 first_hit None written_hist {} (7s; 509 done, 4s/thm, ETA 30 min)
targets_depth3_509: n_ok 0/2000 distinct_ok 0 first_hit None written_hist {} (4s; 510 done, 4s/thm, ETA 30 min)
targets_depth3_510: n_ok 1543/2000 distinct_ok 2 first_hit 1 written_hist {7: 1, 8: 1} (3s; 511 done, 4s/thm, ETA 30 min)
targets_depth3_511: n_ok 0/2000 distinct_ok 0 first_hit None written_hist {} (3s; 512 done, 4s/thm, ETA 30 min)
targets_depth3_512: n_ok 0/2000 distinct_ok 0 first_hit None written_hist {} (4s; 513 done, 4s/thm, ETA 30 min)
targets_depth3_513: n_ok 1/2000 distinct_ok 1 first_hit 1226 written_hist {7: 1} (5s; 514 done, 4s/thm, ETA 30 min)
targets_depth3_514: n_ok 0/2000 distinct_ok 0 first_hit None written_hist {} (3s; 515 done, 4s/thm, ETA 30 min)
targets_depth3_515: n_ok 0/2000 distinct_ok 0 first_hit None written_hist {} (4s; 516 done, 4s/thm, ETA 30 min)
targets_depth3_516: n_ok 0/2000 distinct_ok 0 first_hit None written_hist {} (3s; 517 done, 4s/thm, ETA 30 min)
targets_depth3_517: n_ok 0/2000 distinct_ok 0 first_hit None written_hist {} (5s; 518 done, 4s/thm, ETA 30 min)
targets_depth3_518: n_ok 10/2000 distinct_ok 1 first_hit 373 written_hist {7: 1} (2s; 519 done, 4s/thm, ETA 30 min)
targets_depth3_519: n_ok 1/2000 distinct_ok 1 first_hit 67 written_hist {7: 1} (2s; 520 done, 4s/thm, ETA 30 min)
targets_depth3_520: n_ok 2/2000 distinct_ok 2 first_hit 615 written_hist {9: 1, 10: 1} (3s; 521 done, 4s/thm, ETA 30 min)
targets_depth3_521: n_ok 0/2000 distinct_ok 0 first_hit None written_hist {} (6s; 522 done, 4s/thm, ETA 29 min)
targets_depth3_522: n_ok 0/2000 distinct_ok 0 first_hit None written_hist {} (3s; 523 done, 4s/thm, ETA 29 min)
targets_depth3_523: n_ok 0/2000 distinct_ok 0 first_hit None written_hist {} (5s; 524 done, 4s/thm, ETA 29 min)
targets_depth3_524: n_ok 0/2000 distinct_ok 0 first_hit None written_hist {} (4s; 525 done, 4s/thm, ETA 29 min)
targets_depth3_525: n_ok 0/2000 distinct_ok 0 first_hit None written_hist {} (2s; 526 done, 4s/thm, ETA 29 min)
targets_depth3_526: n_ok 129/2000 distinct_ok 1 first_hit 24 written_hist {7: 1} (2s; 527 done, 4s/thm, ETA 29 min)
targets_depth3_527: n_ok 0/2000 distinct_ok 0 first_hit None written_hist {} (6s; 528 done, 4s/thm, ETA 29 min)
targets_depth3_528: n_ok 0/2000 distinct_ok 0 first_hit None written_hist {} (6s; 529 done, 4s/thm, ETA 29 min)
targets_depth3_529: n_ok 1902/2000 distinct_ok 1 first_hit 1 written_hist {7: 1} (3s; 530 done, 4s/thm, ETA 29 min)
targets_depth3_530: n_ok 0/2000 distinct_ok 0 first_hit None written_hist {} (3s; 531 done, 4s/thm, ETA 29 min)
targets_depth3_531: n_ok 1279/2000 distinct_ok 1 first_hit 2 written_hist {7: 1} (2s; 532 done, 4s/thm, ETA 29 min)
targets_depth3_532: n_ok 1/2000 distinct_ok 1 first_hit 221 written_hist {9: 1} (4s; 533 done, 4s/thm, ETA 29 min)
targets_depth3_533: n_ok 942/2000 distinct_ok 3 first_hit 1 written_hist {7: 2, 8: 1} (2s; 534 done, 4s/thm, ETA 29 min)
targets_depth3_534: n_ok 1/2000 distinct_ok 1 first_hit 915 written_hist {7: 1} (5s; 535 done, 4s/thm, ETA 29 min)
targets_depth3_535: n_ok 0/2000 distinct_ok 0 first_hit None written_hist {} (8s; 536 done, 4s/thm, ETA 29 min)
targets_depth3_536: n_ok 0/2000 distinct_ok 0 first_hit None written_hist {} (4s; 537 done, 4s/thm, ETA 29 min)
targets_depth3_537: n_ok 0/2000 distinct_ok 0 first_hit None written_hist {} (5s; 538 done, 4s/thm, ETA 29 min)
targets_depth3_538: n_ok 2/2000 distinct_ok 1 first_hit 220 written_hist {7: 1} (2s; 539 done, 4s/thm, ETA 28 min)
targets_depth3_539: n_ok 0/2000 distinct_ok 0 first_hit None written_hist {} (4s; 540 done, 4s/thm, ETA 28 min)
targets_depth3_540: n_ok 0/2000 distinct_ok 0 first_hit None written_hist {} (2s; 541 done, 4s/thm, ETA 28 min)
targets_depth3_541: n_ok 0/2000 distinct_ok 0 first_hit None written_hist {} (2s; 542 done, 4s/thm, ETA 28 min)
targets_depth3_542: n_ok 0/2000 distinct_ok 0 first_hit None written_hist {} (3s; 543 done, 4s/thm, ETA 28 min)
targets_depth3_543: n_ok 16/2000 distinct_ok 1 first_hit 93 written_hist {7: 1} (2s; 544 done, 4s/thm, ETA 28 min)
targets_depth3_544: n_ok 0/2000 distinct_ok 0 first_hit None written_hist {} (2s; 545 done, 4s/thm, ETA 28 min)
targets_depth3_545: n_ok 0/2000 distinct_ok 0 first_hit None written_hist {} (2s; 546 done, 4s/thm, ETA 28 min)
targets_depth3_546: n_ok 0/2000 distinct_ok 0 first_hit None written_hist {} (3s; 547 done, 4s/thm, ETA 28 min)
targets_depth3_547: n_ok 0/2000 distinct_ok 0 first_hit None written_hist {} (6s; 548 done, 4s/thm, ETA 28 min)
targets_depth3_548: n_ok 1/2000 distinct_ok 1 first_hit 1777 written_hist {7: 1} (2s; 549 done, 4s/thm, ETA 28 min)
targets_depth3_549: n_ok 1199/2000 distinct_ok 1 first_hit 3 written_hist {7: 1} (5s; 550 done, 4s/thm, ETA 28 min)
targets_depth3_550: n_ok 0/2000 distinct_ok 0 first_hit None written_hist {} (3s; 551 done, 4s/thm, ETA 28 min)
targets_depth3_551: n_ok 0/2000 distinct_ok 0 first_hit None written_hist {} (5s; 552 done, 4s/thm, ETA 28 min)
targets_depth3_552: n_ok 1/2000 distinct_ok 1 first_hit 1675 written_hist {10: 1} (4s; 553 done, 4s/thm, ETA 28 min)
targets_depth3_553: n_ok 5/2000 distinct_ok 2 first_hit 852 written_hist {7: 2} (2s; 554 done, 4s/thm, ETA 27 min)
targets_depth3_554: n_ok 2/2000 distinct_ok 1 first_hit 213 written_hist {7: 1} (4s; 555 done, 4s/thm, ETA 27 min)
targets_depth3_555: n_ok 0/2000 distinct_ok 0 first_hit None written_hist {} (2s; 556 done, 4s/thm, ETA 27 min)
targets_depth3_556: n_ok 176/2000 distinct_ok 1 first_hit 14 written_hist {7: 1} (2s; 557 done, 4s/thm, ETA 27 min)
targets_depth3_557: n_ok 0/2000 distinct_ok 0 first_hit None written_hist {} (4s; 558 done, 4s/thm, ETA 27 min)
targets_depth3_558: n_ok 11/2000 distinct_ok 1 first_hit 269 written_hist {7: 1} (2s; 559 done, 4s/thm, ETA 27 min)
targets_depth3_559: n_ok 1/2000 distinct_ok 1 first_hit 1638 written_hist {7: 1} (2s; 560 done, 4s/thm, ETA 27 min)
targets_depth3_560: n_ok 1493/2000 distinct_ok 1 first_hit 1 written_hist {7: 1} (1s; 561 done, 4s/thm, ETA 27 min)
targets_depth3_561: n_ok 0/2000 distinct_ok 0 first_hit None written_hist {} (3s; 562 done, 4s/thm, ETA 27 min)
targets_depth3_562: n_ok 0/2000 distinct_ok 0 first_hit None written_hist {} (3s; 563 done, 4s/thm, ETA 27 min)
targets_depth3_563: n_ok 2/2000 distinct_ok 1 first_hit 502 written_hist {7: 1} (3s; 564 done, 4s/thm, ETA 27 min)
targets_depth3_564: n_ok 0/2000 distinct_ok 0 first_hit None written_hist {} (3s; 565 done, 4s/thm, ETA 27 min)
targets_depth3_565: n_ok 0/2000 distinct_ok 0 first_hit None written_hist {} (6s; 566 done, 4s/thm, ETA 27 min)
targets_depth3_566: n_ok 0/2000 distinct_ok 0 first_hit None written_hist {} (2s; 567 done, 4s/thm, ETA 27 min)
targets_depth3_567: n_ok 0/2000 distinct_ok 0 first_hit None written_hist {} (2s; 568 done, 4s/thm, ETA 26 min)
targets_depth3_568: n_ok 0/2000 distinct_ok 0 first_hit None written_hist {} (3s; 569 done, 4s/thm, ETA 26 min)
targets_depth3_569: n_ok 0/2000 distinct_ok 0 first_hit None written_hist {} (3s; 570 done, 4s/thm, ETA 26 min)
targets_depth3_570: n_ok 2/2000 distinct_ok 1 first_hit 995 written_hist {7: 1} (2s; 571 done, 4s/thm, ETA 26 min)
targets_depth3_571: n_ok 0/2000 distinct_ok 0 first_hit None written_hist {} (2s; 572 done, 4s/thm, ETA 26 min)
targets_depth3_572: n_ok 0/2000 distinct_ok 0 first_hit None written_hist {} (5s; 573 done, 4s/thm, ETA 26 min)
targets_depth3_573: n_ok 1828/2000 distinct_ok 6 first_hit 1 written_hist {7: 1, 8: 5} (2s; 574 done, 4s/thm, ETA 26 min)
targets_depth3_574: n_ok 0/2000 distinct_ok 0 first_hit None written_hist {} (4s; 575 done, 4s/thm, ETA 26 min)
targets_depth3_575: n_ok 0/2000 distinct_ok 0 first_hit None written_hist {} (6s; 576 done, 4s/thm, ETA 26 min)
targets_depth3_576: n_ok 0/2000 distinct_ok 0 first_hit None written_hist {} (3s; 577 done, 4s/thm, ETA 26 min)
targets_depth3_577: n_ok 0/2000 distinct_ok 0 first_hit None written_hist {} (3s; 578 done, 4s/thm, ETA 26 min)
targets_depth3_578: n_ok 0/2000 distinct_ok 0 first_hit None written_hist {} (2s; 579 done, 4s/thm, ETA 26 min)
targets_depth3_579: n_ok 0/2000 distinct_ok 0 first_hit None written_hist {} (9s; 580 done, 4s/thm, ETA 26 min)
targets_depth3_580: n_ok 413/2000 distinct_ok 2 first_hit 3 written_hist {7: 2} (1s; 581 done, 4s/thm, ETA 26 min)
targets_depth3_581: n_ok 0/2000 distinct_ok 0 first_hit None written_hist {} (3s; 582 done, 4s/thm, ETA 26 min)
targets_depth3_582: n_ok 0/2000 distinct_ok 0 first_hit None written_hist {} (2s; 583 done, 4s/thm, ETA 25 min)
targets_depth3_583: n_ok 335/2000 distinct_ok 1 first_hit 4 written_hist {7: 1} (2s; 584 done, 4s/thm, ETA 25 min)
targets_depth3_584: n_ok 230/2000 distinct_ok 1 first_hit 2 written_hist {7: 1} (2s; 585 done, 4s/thm, ETA 25 min)
targets_depth3_585: n_ok 50/2000 distinct_ok 1 first_hit 29 written_hist {7: 1} (2s; 586 done, 4s/thm, ETA 25 min)
targets_depth3_586: n_ok 0/2000 distinct_ok 0 first_hit None written_hist {} (7s; 587 done, 4s/thm, ETA 25 min)
targets_depth3_587: n_ok 0/2000 distinct_ok 0 first_hit None written_hist {} (2s; 588 done, 4s/thm, ETA 25 min)
targets_depth3_588: n_ok 1957/2000 distinct_ok 3 first_hit 1 written_hist {7: 1, 8: 2} (2s; 589 done, 4s/thm, ETA 25 min)
targets_depth3_589: n_ok 0/2000 distinct_ok 0 first_hit None written_hist {} (3s; 590 done, 4s/thm, ETA 25 min)
targets_depth3_590: n_ok 0/2000 distinct_ok 0 first_hit None written_hist {} (4s; 591 done, 4s/thm, ETA 25 min)
targets_depth3_591: n_ok 0/2000 distinct_ok 0 first_hit None written_hist {} (4s; 592 done, 4s/thm, ETA 25 min)
targets_depth3_592: n_ok 107/2000 distinct_ok 1 first_hit 12 written_hist {7: 1} (2s; 593 done, 4s/thm, ETA 25 min)
targets_depth3_593: n_ok 0/2000 distinct_ok 0 first_hit None written_hist {} (5s; 594 done, 4s/thm, ETA 25 min)
targets_depth3_594: n_ok 218/2000 distinct_ok 1 first_hit 5 written_hist {7: 1} (2s; 595 done, 4s/thm, ETA 25 min)
targets_depth3_595: n_ok 1582/2000 distinct_ok 3 first_hit 1 written_hist {7: 1, 8: 2} (3s; 596 done, 4s/thm, ETA 25 min)
targets_depth3_596: n_ok 0/2000 distinct_ok 0 first_hit None written_hist {} (2s; 597 done, 4s/thm, ETA 24 min)
targets_depth3_597: n_ok 0/2000 distinct_ok 0 first_hit None written_hist {} (4s; 598 done, 4s/thm, ETA 24 min)
targets_depth3_598: n_ok 0/2000 distinct_ok 0 first_hit None written_hist {} (6s; 599 done, 4s/thm, ETA 24 min)
targets_depth3_599: n_ok 0/2000 distinct_ok 0 first_hit None written_hist {} (4s; 600 done, 4s/thm, ETA 24 min)
targets_depth3_600: n_ok 1291/2000 distinct_ok 1 first_hit 1 written_hist {7: 1} (2s; 601 done, 4s/thm, ETA 24 min)
targets_depth3_601: n_ok 0/2000 distinct_ok 0 first_hit None written_hist {} (2s; 602 done, 4s/thm, ETA 24 min)
targets_depth3_602: n_ok 0/2000 distinct_ok 0 first_hit None written_hist {} (4s; 603 done, 4s/thm, ETA 24 min)
targets_depth3_603: n_ok 1445/2000 distinct_ok 1 first_hit 1 written_hist {7: 1} (2s; 604 done, 4s/thm, ETA 24 min)
targets_depth3_604: n_ok 0/2000 distinct_ok 0 first_hit None written_hist {} (2s; 605 done, 4s/thm, ETA 24 min)
targets_depth3_605: n_ok 0/2000 distinct_ok 0 first_hit None written_hist {} (4s; 606 done, 4s/thm, ETA 24 min)
targets_depth3_606: n_ok 0/2000 distinct_ok 0 first_hit None written_hist {} (4s; 607 done, 4s/thm, ETA 24 min)
targets_depth3_607: n_ok 0/2000 distinct_ok 0 first_hit None written_hist {} (2s; 608 done, 4s/thm, ETA 24 min)
targets_depth3_608: n_ok 1/2000 distinct_ok 1 first_hit 603 written_hist {7: 1} (2s; 609 done, 4s/thm, ETA 24 min)
targets_depth3_609: n_ok 0/2000 distinct_ok 0 first_hit None written_hist {} (3s; 610 done, 4s/thm, ETA 24 min)
targets_depth3_610: n_ok 0/2000 distinct_ok 0 first_hit None written_hist {} (2s; 611 done, 4s/thm, ETA 24 min)
targets_depth3_611: n_ok 0/2000 distinct_ok 0 first_hit None written_hist {} (8s; 612 done, 4s/thm, ETA 24 min)
targets_depth3_612: n_ok 0/2000 distinct_ok 0 first_hit None written_hist {} (1s; 613 done, 4s/thm, ETA 23 min)
targets_depth3_613: n_ok 191/2000 distinct_ok 3 first_hit 26 written_hist {7: 2, 8: 1} (2s; 614 done, 4s/thm, ETA 23 min)
targets_depth3_614: n_ok 0/2000 distinct_ok 0 first_hit None written_hist {} (9s; 615 done, 4s/thm, ETA 23 min)
targets_depth3_615: n_ok 0/2000 distinct_ok 0 first_hit None written_hist {} (3s; 616 done, 4s/thm, ETA 23 min)
targets_depth3_616: n_ok 27/2000 distinct_ok 1 first_hit 168 written_hist {7: 1} (2s; 617 done, 4s/thm, ETA 23 min)
targets_depth3_617: n_ok 0/2000 distinct_ok 0 first_hit None written_hist {} (3s; 618 done, 4s/thm, ETA 23 min)
targets_depth3_618: n_ok 902/2000 distinct_ok 2 first_hit 2 written_hist {7: 1, 8: 1} (2s; 619 done, 4s/thm, ETA 23 min)
targets_depth3_619: n_ok 0/2000 distinct_ok 0 first_hit None written_hist {} (3s; 620 done, 4s/thm, ETA 23 min)
targets_depth3_620: n_ok 141/2000 distinct_ok 1 first_hit 83 written_hist {7: 1} (3s; 621 done, 4s/thm, ETA 23 min)
targets_depth3_621: n_ok 0/2000 distinct_ok 0 first_hit None written_hist {} (2s; 622 done, 4s/thm, ETA 23 min)
targets_depth3_622: n_ok 4/2000 distinct_ok 1 first_hit 183 written_hist {7: 1} (3s; 623 done, 4s/thm, ETA 23 min)
targets_depth3_623: n_ok 0/2000 distinct_ok 0 first_hit None written_hist {} (5s; 624 done, 4s/thm, ETA 23 min)
targets_depth3_624: n_ok 0/2000 distinct_ok 0 first_hit None written_hist {} (2s; 625 done, 4s/thm, ETA 23 min)
targets_depth3_625: n_ok 0/2000 distinct_ok 0 first_hit None written_hist {} (3s; 626 done, 4s/thm, ETA 23 min)
targets_depth3_626: n_ok 0/2000 distinct_ok 0 first_hit None written_hist {} (3s; 627 done, 4s/thm, ETA 23 min)
targets_depth3_627: n_ok 0/2000 distinct_ok 0 first_hit None written_hist {} (2s; 628 done, 4s/thm, ETA 22 min)
targets_depth3_628: n_ok 55/2000 distinct_ok 1 first_hit 8 written_hist {9: 1} (3s; 629 done, 4s/thm, ETA 22 min)
targets_depth3_629: n_ok 79/2000 distinct_ok 1 first_hit 14 written_hist {7: 1} (2s; 630 done, 4s/thm, ETA 22 min)
targets_depth3_630: n_ok 0/2000 distinct_ok 0 first_hit None written_hist {} (3s; 631 done, 4s/thm, ETA 22 min)
targets_depth3_631: n_ok 0/2000 distinct_ok 0 first_hit None written_hist {} (5s; 632 done, 4s/thm, ETA 22 min)
targets_depth3_632: n_ok 3/2000 distinct_ok 1 first_hit 1353 written_hist {7: 1} (3s; 633 done, 4s/thm, ETA 22 min)
targets_depth3_633: n_ok 0/2000 distinct_ok 0 first_hit None written_hist {} (6s; 634 done, 4s/thm, ETA 22 min)
targets_depth3_634: n_ok 0/2000 distinct_ok 0 first_hit None written_hist {} (2s; 635 done, 4s/thm, ETA 22 min)
targets_depth3_635: n_ok 350/2000 distinct_ok 2 first_hit 6 written_hist {7: 2} (2s; 636 done, 4s/thm, ETA 22 min)
targets_depth3_636: n_ok 0/2000 distinct_ok 0 first_hit None written_hist {} (3s; 637 done, 4s/thm, ETA 22 min)
targets_depth3_637: n_ok 0/2000 distinct_ok 0 first_hit None written_hist {} (2s; 638 done, 4s/thm, ETA 22 min)
targets_depth3_638: n_ok 0/2000 distinct_ok 0 first_hit None written_hist {} (7s; 639 done, 4s/thm, ETA 22 min)
targets_depth3_639: n_ok 48/2000 distinct_ok 1 first_hit 5 written_hist {7: 1} (1s; 640 done, 4s/thm, ETA 22 min)
targets_depth3_640: n_ok 0/2000 distinct_ok 0 first_hit None written_hist {} (4s; 641 done, 4s/thm, ETA 22 min)
targets_depth3_641: n_ok 0/2000 distinct_ok 0 first_hit None written_hist {} (2s; 642 done, 4s/thm, ETA 22 min)
targets_depth3_642: n_ok 0/2000 distinct_ok 0 first_hit None written_hist {} (5s; 643 done, 4s/thm, ETA 21 min)
targets_depth3_643: n_ok 0/2000 distinct_ok 0 first_hit None written_hist {} (5s; 644 done, 4s/thm, ETA 21 min)
targets_depth3_644: n_ok 0/2000 distinct_ok 0 first_hit None written_hist {} (3s; 645 done, 4s/thm, ETA 21 min)
targets_depth3_645: n_ok 0/2000 distinct_ok 0 first_hit None written_hist {} (4s; 646 done, 4s/thm, ETA 21 min)
targets_depth3_646: n_ok 0/2000 distinct_ok 0 first_hit None written_hist {} (3s; 647 done, 4s/thm, ETA 21 min)
targets_depth3_647: n_ok 0/2000 distinct_ok 0 first_hit None written_hist {} (4s; 648 done, 4s/thm, ETA 21 min)
targets_depth3_648: n_ok 0/2000 distinct_ok 0 first_hit None written_hist {} (3s; 649 done, 4s/thm, ETA 21 min)
targets_depth3_649: n_ok 1298/2000 distinct_ok 1 first_hit 1 written_hist {7: 1} (2s; 650 done, 4s/thm, ETA 21 min)
targets_depth3_650: n_ok 0/2000 distinct_ok 0 first_hit None written_hist {} (9s; 651 done, 4s/thm, ETA 21 min)
targets_depth3_651: n_ok 59/2000 distinct_ok 1 first_hit 21 written_hist {7: 1} (2s; 652 done, 4s/thm, ETA 21 min)
targets_depth3_652: n_ok 5/2000 distinct_ok 1 first_hit 5 written_hist {7: 1} (2s; 653 done, 4s/thm, ETA 21 min)
targets_depth3_653: n_ok 0/2000 distinct_ok 0 first_hit None written_hist {} (4s; 654 done, 4s/thm, ETA 21 min)
targets_depth3_654: n_ok 1761/2000 distinct_ok 2 first_hit 1 written_hist {7: 2} (2s; 655 done, 4s/thm, ETA 21 min)
targets_depth3_655: n_ok 0/2000 distinct_ok 0 first_hit None written_hist {} (5s; 656 done, 4s/thm, ETA 21 min)
targets_depth3_656: n_ok 0/2000 distinct_ok 0 first_hit None written_hist {} (4s; 657 done, 4s/thm, ETA 21 min)
targets_depth3_657: n_ok 0/2000 distinct_ok 0 first_hit None written_hist {} (8s; 658 done, 4s/thm, ETA 21 min)
targets_depth3_658: n_ok 0/2000 distinct_ok 0 first_hit None written_hist {} (2s; 659 done, 4s/thm, ETA 21 min)
targets_depth3_659: n_ok 0/2000 distinct_ok 0 first_hit None written_hist {} (3s; 660 done, 4s/thm, ETA 21 min)
targets_depth3_660: n_ok 0/2000 distinct_ok 0 first_hit None written_hist {} (6s; 661 done, 4s/thm, ETA 20 min)
targets_depth3_661: n_ok 0/2000 distinct_ok 0 first_hit None written_hist {} (2s; 662 done, 4s/thm, ETA 20 min)
targets_depth3_662: n_ok 0/2000 distinct_ok 0 first_hit None written_hist {} (3s; 663 done, 4s/thm, ETA 20 min)
targets_depth3_663: n_ok 1539/2000 distinct_ok 2 first_hit 2 written_hist {7: 1, 8: 1} (2s; 664 done, 4s/thm, ETA 20 min)
targets_depth3_664: n_ok 0/2000 distinct_ok 0 first_hit None written_hist {} (7s; 665 done, 4s/thm, ETA 20 min)
targets_depth3_665: n_ok 0/2000 distinct_ok 0 first_hit None written_hist {} (2s; 666 done, 4s/thm, ETA 20 min)
targets_depth3_666: n_ok 0/2000 distinct_ok 0 first_hit None written_hist {} (4s; 667 done, 4s/thm, ETA 20 min)
targets_depth3_667: n_ok 0/2000 distinct_ok 0 first_hit None written_hist {} (2s; 668 done, 4s/thm, ETA 20 min)
targets_depth3_668: n_ok 1623/2000 distinct_ok 2 first_hit 1 written_hist {7: 1, 10: 1} (3s; 669 done, 4s/thm, ETA 20 min)
targets_depth3_669: n_ok 0/2000 distinct_ok 0 first_hit None written_hist {} (2s; 670 done, 4s/thm, ETA 20 min)
targets_depth3_670: n_ok 2/2000 distinct_ok 2 first_hit 553 written_hist {7: 1, 8: 1} (3s; 671 done, 4s/thm, ETA 20 min)
targets_depth3_671: n_ok 681/2000 distinct_ok 2 first_hit 1 written_hist {7: 1, 8: 1} (3s; 672 done, 4s/thm, ETA 20 min)
targets_depth3_672: n_ok 4/2000 distinct_ok 1 first_hit 658 written_hist {7: 1} (2s; 673 done, 4s/thm, ETA 20 min)
targets_depth3_673: n_ok 1319/2000 distinct_ok 1 first_hit 1 written_hist {7: 1} (3s; 674 done, 4s/thm, ETA 20 min)
targets_depth3_674: n_ok 1/2000 distinct_ok 1 first_hit 553 written_hist {7: 1} (2s; 675 done, 4s/thm, ETA 20 min)
targets_depth3_675: n_ok 0/2000 distinct_ok 0 first_hit None written_hist {} (3s; 676 done, 4s/thm, ETA 19 min)
targets_depth3_676: n_ok 0/2000 distinct_ok 0 first_hit None written_hist {} (8s; 677 done, 4s/thm, ETA 19 min)
targets_depth3_677: n_ok 1/2000 distinct_ok 1 first_hit 883 written_hist {8: 1} (3s; 678 done, 4s/thm, ETA 19 min)
targets_depth3_678: n_ok 0/2000 distinct_ok 0 first_hit None written_hist {} (2s; 679 done, 4s/thm, ETA 19 min)
targets_depth3_679: n_ok 12/2000 distinct_ok 1 first_hit 124 written_hist {7: 1} (2s; 680 done, 4s/thm, ETA 19 min)
targets_depth3_680: n_ok 1687/2000 distinct_ok 2 first_hit 1 written_hist {7: 1, 8: 1} (3s; 681 done, 4s/thm, ETA 19 min)
targets_depth3_681: n_ok 0/2000 distinct_ok 0 first_hit None written_hist {} (4s; 682 done, 4s/thm, ETA 19 min)
targets_depth3_682: n_ok 0/2000 distinct_ok 0 first_hit None written_hist {} (4s; 683 done, 4s/thm, ETA 19 min)
targets_depth3_683: n_ok 0/2000 distinct_ok 0 first_hit None written_hist {} (2s; 684 done, 4s/thm, ETA 19 min)
targets_depth3_684: n_ok 160/2000 distinct_ok 4 first_hit 17 written_hist {7: 1, 8: 3} (7s; 685 done, 4s/thm, ETA 19 min)
targets_depth3_685: n_ok 0/2000 distinct_ok 0 first_hit None written_hist {} (1s; 686 done, 4s/thm, ETA 19 min)
targets_depth3_686: n_ok 966/2000 distinct_ok 1 first_hit 1 written_hist {7: 1} (3s; 687 done, 4s/thm, ETA 19 min)
targets_depth3_687: n_ok 1/2000 distinct_ok 1 first_hit 472 written_hist {8: 1} (3s; 688 done, 4s/thm, ETA 19 min)
targets_depth3_688: n_ok 0/2000 distinct_ok 0 first_hit None written_hist {} (4s; 689 done, 4s/thm, ETA 19 min)
targets_depth3_689: n_ok 0/2000 distinct_ok 0 first_hit None written_hist {} (4s; 690 done, 4s/thm, ETA 19 min)
targets_depth3_690: n_ok 0/2000 distinct_ok 0 first_hit None written_hist {} (3s; 691 done, 4s/thm, ETA 19 min)
targets_depth3_691: n_ok 31/2000 distinct_ok 1 first_hit 64 written_hist {7: 1} (4s; 692 done, 4s/thm, ETA 18 min)
targets_depth3_692: n_ok 7/2000 distinct_ok 1 first_hit 2 written_hist {8: 1} (3s; 693 done, 4s/thm, ETA 18 min)
targets_depth3_693: n_ok 18/2000 distinct_ok 1 first_hit 52 written_hist {8: 1} (2s; 694 done, 4s/thm, ETA 18 min)
targets_depth3_694: n_ok 0/2000 distinct_ok 0 first_hit None written_hist {} (3s; 695 done, 4s/thm, ETA 18 min)
targets_depth3_695: n_ok 1800/2000 distinct_ok 1 first_hit 1 written_hist {7: 1} (2s; 696 done, 4s/thm, ETA 18 min)
targets_depth3_696: n_ok 19/2000 distinct_ok 1 first_hit 42 written_hist {7: 1} (3s; 697 done, 4s/thm, ETA 18 min)
targets_depth3_697: n_ok 0/2000 distinct_ok 0 first_hit None written_hist {} (3s; 698 done, 4s/thm, ETA 18 min)
targets_depth3_698: n_ok 0/2000 distinct_ok 0 first_hit None written_hist {} (3s; 699 done, 4s/thm, ETA 18 min)
targets_depth3_699: n_ok 1721/2000 distinct_ok 1 first_hit 1 written_hist {7: 1} (2s; 700 done, 4s/thm, ETA 18 min)
targets_depth3_700: n_ok 0/2000 distinct_ok 0 first_hit None written_hist {} (2s; 701 done, 4s/thm, ETA 18 min)
targets_depth3_701: n_ok 0/2000 distinct_ok 0 first_hit None written_hist {} (2s; 702 done, 4s/thm, ETA 18 min)
targets_depth3_702: n_ok 0/2000 distinct_ok 0 first_hit None written_hist {} (7s; 703 done, 4s/thm, ETA 18 min)
targets_depth3_703: n_ok 1762/2000 distinct_ok 3 first_hit 1 written_hist {7: 1, 8: 2} (5s; 704 done, 4s/thm, ETA 18 min)
targets_depth3_704: n_ok 5/2000 distinct_ok 1 first_hit 683 written_hist {7: 1} (5s; 705 done, 4s/thm, ETA 18 min)
targets_depth3_705: n_ok 1265/2000 distinct_ok 1 first_hit 1 written_hist {7: 1} (2s; 706 done, 4s/thm, ETA 18 min)
targets_depth3_706: n_ok 308/2000 distinct_ok 1 first_hit 3 written_hist {7: 1} (3s; 707 done, 4s/thm, ETA 18 min)
targets_depth3_707: n_ok 0/2000 distinct_ok 0 first_hit None written_hist {} (4s; 708 done, 4s/thm, ETA 17 min)
targets_depth3_708: n_ok 0/2000 distinct_ok 0 first_hit None written_hist {} (8s; 709 done, 4s/thm, ETA 17 min)
targets_depth3_709: n_ok 0/2000 distinct_ok 0 first_hit None written_hist {} (4s; 710 done, 4s/thm, ETA 17 min)
targets_depth3_710: n_ok 1336/2000 distinct_ok 2 first_hit 3 written_hist {7: 1, 8: 1} (2s; 711 done, 4s/thm, ETA 17 min)
targets_depth3_711: n_ok 0/2000 distinct_ok 0 first_hit None written_hist {} (6s; 712 done, 4s/thm, ETA 17 min)
targets_depth3_712: n_ok 0/2000 distinct_ok 0 first_hit None written_hist {} (4s; 713 done, 4s/thm, ETA 17 min)
targets_depth3_713: n_ok 0/2000 distinct_ok 0 first_hit None written_hist {} (4s; 714 done, 4s/thm, ETA 17 min)
targets_depth3_714: n_ok 0/2000 distinct_ok 0 first_hit None written_hist {} (2s; 715 done, 4s/thm, ETA 17 min)
targets_depth3_715: n_ok 21/2000 distinct_ok 2 first_hit 374 written_hist {8: 2} (2s; 716 done, 4s/thm, ETA 17 min)
targets_depth3_716: n_ok 86/2000 distinct_ok 1 first_hit 35 written_hist {7: 1} (4s; 717 done, 4s/thm, ETA 17 min)
targets_depth3_717: n_ok 14/2000 distinct_ok 4 first_hit 47 written_hist {7: 4} (2s; 718 done, 4s/thm, ETA 17 min)
targets_depth3_718: n_ok 1881/2000 distinct_ok 1 first_hit 1 written_hist {7: 1} (3s; 719 done, 4s/thm, ETA 17 min)
targets_depth3_719: n_ok 0/2000 distinct_ok 0 first_hit None written_hist {} (2s; 720 done, 4s/thm, ETA 17 min)
targets_depth3_720: n_ok 0/2000 distinct_ok 0 first_hit None written_hist {} (2s; 721 done, 4s/thm, ETA 17 min)
targets_depth3_721: n_ok 483/2000 distinct_ok 4 first_hit 1 written_hist {7: 4} (2s; 722 done, 4s/thm, ETA 17 min)
targets_depth3_722: n_ok 680/2000 distinct_ok 1 first_hit 1 written_hist {7: 1} (3s; 723 done, 4s/thm, ETA 17 min)
targets_depth3_723: n_ok 0/2000 distinct_ok 0 first_hit None written_hist {} (3s; 724 done, 4s/thm, ETA 16 min)
targets_depth3_724: n_ok 0/2000 distinct_ok 0 first_hit None written_hist {} (2s; 725 done, 4s/thm, ETA 16 min)
targets_depth3_725: n_ok 0/2000 distinct_ok 0 first_hit None written_hist {} (3s; 726 done, 4s/thm, ETA 16 min)
targets_depth3_726: n_ok 60/2000 distinct_ok 6 first_hit 16 written_hist {7: 4, 8: 2} (2s; 727 done, 4s/thm, ETA 16 min)
targets_depth3_727: n_ok 0/2000 distinct_ok 0 first_hit None written_hist {} (5s; 728 done, 4s/thm, ETA 16 min)
targets_depth3_728: n_ok 0/2000 distinct_ok 0 first_hit None written_hist {} (3s; 729 done, 4s/thm, ETA 16 min)
targets_depth3_729: n_ok 74/2000 distinct_ok 1 first_hit 76 written_hist {7: 1} (2s; 730 done, 4s/thm, ETA 16 min)
targets_depth3_730: n_ok 78/2000 distinct_ok 1 first_hit 15 written_hist {7: 1} (3s; 731 done, 4s/thm, ETA 16 min)
targets_depth3_731: n_ok 734/2000 distinct_ok 1 first_hit 3 written_hist {7: 1} (3s; 732 done, 4s/thm, ETA 16 min)
targets_depth3_732: n_ok 9/2000 distinct_ok 2 first_hit 159 written_hist {7: 2} (2s; 733 done, 4s/thm, ETA 16 min)
targets_depth3_733: n_ok 0/2000 distinct_ok 0 first_hit None written_hist {} (3s; 734 done, 4s/thm, ETA 16 min)
targets_depth3_734: n_ok 0/2000 distinct_ok 0 first_hit None written_hist {} (3s; 735 done, 4s/thm, ETA 16 min)
targets_depth3_735: n_ok 1902/2000 distinct_ok 9 first_hit 1 written_hist {7: 9} (3s; 736 done, 4s/thm, ETA 16 min)
targets_depth3_736: n_ok 552/2000 distinct_ok 2 first_hit 6 written_hist {7: 1, 8: 1} (3s; 737 done, 4s/thm, ETA 16 min)
targets_depth3_737: n_ok 0/2000 distinct_ok 0 first_hit None written_hist {} (3s; 738 done, 4s/thm, ETA 16 min)
targets_depth3_738: n_ok 0/2000 distinct_ok 0 first_hit None written_hist {} (2s; 739 done, 4s/thm, ETA 16 min)
targets_depth3_739: n_ok 549/2000 distinct_ok 2 first_hit 1 written_hist {7: 1, 10: 1} (2s; 740 done, 4s/thm, ETA 15 min)
targets_depth3_740: n_ok 1444/2000 distinct_ok 5 first_hit 2 written_hist {7: 2, 8: 3} (2s; 741 done, 4s/thm, ETA 15 min)
targets_depth3_741: n_ok 340/2000 distinct_ok 5 first_hit 3 written_hist {7: 4, 8: 1} (2s; 742 done, 4s/thm, ETA 15 min)
targets_depth3_742: n_ok 961/2000 distinct_ok 1 first_hit 2 written_hist {7: 1} (3s; 743 done, 4s/thm, ETA 15 min)
targets_depth3_743: n_ok 215/2000 distinct_ok 1 first_hit 21 written_hist {7: 1} (2s; 744 done, 4s/thm, ETA 15 min)
targets_depth3_744: n_ok 0/2000 distinct_ok 0 first_hit None written_hist {} (3s; 745 done, 4s/thm, ETA 15 min)
targets_depth3_745: n_ok 0/2000 distinct_ok 0 first_hit None written_hist {} (3s; 746 done, 4s/thm, ETA 15 min)
targets_depth3_746: n_ok 957/2000 distinct_ok 1 first_hit 1 written_hist {7: 1} (2s; 747 done, 4s/thm, ETA 15 min)
targets_depth3_747: n_ok 4/2000 distinct_ok 1 first_hit 512 written_hist {7: 1} (2s; 748 done, 4s/thm, ETA 15 min)
targets_depth3_748: n_ok 0/2000 distinct_ok 0 first_hit None written_hist {} (2s; 749 done, 4s/thm, ETA 15 min)
targets_depth3_749: n_ok 0/2000 distinct_ok 0 first_hit None written_hist {} (3s; 750 done, 4s/thm, ETA 15 min)
targets_depth3_750: n_ok 133/2000 distinct_ok 1 first_hit 56 written_hist {7: 1} (2s; 751 done, 4s/thm, ETA 15 min)
targets_depth3_751: n_ok 0/2000 distinct_ok 0 first_hit None written_hist {} (2s; 752 done, 4s/thm, ETA 15 min)
targets_depth3_752: n_ok 0/2000 distinct_ok 0 first_hit None written_hist {} (3s; 753 done, 4s/thm, ETA 15 min)
targets_depth3_753: n_ok 0/2000 distinct_ok 0 first_hit None written_hist {} (3s; 754 done, 4s/thm, ETA 15 min)
targets_depth3_754: n_ok 0/2000 distinct_ok 0 first_hit None written_hist {} (4s; 755 done, 4s/thm, ETA 14 min)
targets_depth3_755: n_ok 1952/2000 distinct_ok 1 first_hit 1 written_hist {7: 1} (2s; 756 done, 4s/thm, ETA 14 min)
targets_depth3_756: n_ok 1864/2000 distinct_ok 1 first_hit 1 written_hist {7: 1} (3s; 757 done, 4s/thm, ETA 14 min)
targets_depth3_757: n_ok 0/2000 distinct_ok 0 first_hit None written_hist {} (7s; 758 done, 4s/thm, ETA 14 min)
targets_depth3_758: n_ok 0/2000 distinct_ok 0 first_hit None written_hist {} (2s; 759 done, 4s/thm, ETA 14 min)
targets_depth3_759: n_ok 85/2000 distinct_ok 3 first_hit 34 written_hist {7: 1, 8: 2} (2s; 760 done, 4s/thm, ETA 14 min)
targets_depth3_760: n_ok 548/2000 distinct_ok 1 first_hit 1 written_hist {8: 1} (4s; 761 done, 4s/thm, ETA 14 min)
targets_depth3_761: n_ok 0/2000 distinct_ok 0 first_hit None written_hist {} (2s; 762 done, 4s/thm, ETA 14 min)
targets_depth3_762: n_ok 0/2000 distinct_ok 0 first_hit None written_hist {} (2s; 763 done, 4s/thm, ETA 14 min)
targets_depth3_763: n_ok 0/2000 distinct_ok 0 first_hit None written_hist {} (4s; 764 done, 4s/thm, ETA 14 min)
targets_depth3_764: n_ok 1/2000 distinct_ok 1 first_hit 723 written_hist {7: 1} (4s; 765 done, 4s/thm, ETA 14 min)
targets_depth3_765: n_ok 0/2000 distinct_ok 0 first_hit None written_hist {} (3s; 766 done, 4s/thm, ETA 14 min)
targets_depth3_766: n_ok 0/2000 distinct_ok 0 first_hit None written_hist {} (2s; 767 done, 4s/thm, ETA 14 min)
targets_depth3_767: n_ok 844/2000 distinct_ok 1 first_hit 3 written_hist {7: 1} (2s; 768 done, 4s/thm, ETA 14 min)
targets_depth3_768: n_ok 0/2000 distinct_ok 0 first_hit None written_hist {} (3s; 769 done, 4s/thm, ETA 14 min)
targets_depth3_769: n_ok 78/2000 distinct_ok 1 first_hit 13 written_hist {7: 1} (4s; 770 done, 4s/thm, ETA 14 min)
targets_depth3_770: n_ok 1894/2000 distinct_ok 2 first_hit 1 written_hist {7: 1, 8: 1} (3s; 771 done, 4s/thm, ETA 13 min)
targets_depth3_771: n_ok 0/2000 distinct_ok 0 first_hit None written_hist {} (6s; 772 done, 4s/thm, ETA 13 min)
targets_depth3_772: n_ok 1528/2000 distinct_ok 1 first_hit 1 written_hist {7: 1} (2s; 773 done, 4s/thm, ETA 13 min)
targets_depth3_773: n_ok 0/2000 distinct_ok 0 first_hit None written_hist {} (4s; 774 done, 4s/thm, ETA 13 min)
targets_depth3_774: n_ok 1/2000 distinct_ok 1 first_hit 1923 written_hist {7: 1} (2s; 775 done, 4s/thm, ETA 13 min)
targets_depth3_775: n_ok 1/2000 distinct_ok 1 first_hit 1063 written_hist {7: 1} (3s; 776 done, 4s/thm, ETA 13 min)
targets_depth3_776: n_ok 7/2000 distinct_ok 1 first_hit 117 written_hist {7: 1} (4s; 777 done, 4s/thm, ETA 13 min)
targets_depth3_777: n_ok 0/2000 distinct_ok 0 first_hit None written_hist {} (2s; 778 done, 4s/thm, ETA 13 min)
targets_depth3_778: n_ok 0/2000 distinct_ok 0 first_hit None written_hist {} (3s; 779 done, 4s/thm, ETA 13 min)
targets_depth3_779: n_ok 38/2000 distinct_ok 1 first_hit 19 written_hist {7: 1} (2s; 780 done, 4s/thm, ETA 13 min)
targets_depth3_780: n_ok 22/2000 distinct_ok 1 first_hit 222 written_hist {7: 1} (2s; 781 done, 4s/thm, ETA 13 min)
targets_depth3_781: n_ok 0/2000 distinct_ok 0 first_hit None written_hist {} (8s; 782 done, 4s/thm, ETA 13 min)
targets_depth3_782: n_ok 0/2000 distinct_ok 0 first_hit None written_hist {} (6s; 783 done, 4s/thm, ETA 13 min)
targets_depth3_783: n_ok 0/2000 distinct_ok 0 first_hit None written_hist {} (2s; 784 done, 4s/thm, ETA 13 min)
targets_depth3_784: n_ok 0/2000 distinct_ok 0 first_hit None written_hist {} (2s; 785 done, 4s/thm, ETA 13 min)
targets_depth3_785: n_ok 0/2000 distinct_ok 0 first_hit None written_hist {} (1s; 786 done, 4s/thm, ETA 13 min)
targets_depth3_786: n_ok 1670/2000 distinct_ok 2 first_hit 1 written_hist {7: 2} (3s; 787 done, 4s/thm, ETA 13 min)
targets_depth3_787: n_ok 960/2000 distinct_ok 1 first_hit 3 written_hist {7: 1} (3s; 788 done, 4s/thm, ETA 12 min)
targets_depth3_788: n_ok 0/2000 distinct_ok 0 first_hit None written_hist {} (4s; 789 done, 4s/thm, ETA 12 min)
targets_depth3_789: n_ok 565/2000 distinct_ok 2 first_hit 1 written_hist {7: 1, 8: 1} (4s; 790 done, 4s/thm, ETA 12 min)
targets_depth3_790: n_ok 0/2000 distinct_ok 0 first_hit None written_hist {} (6s; 791 done, 4s/thm, ETA 12 min)
targets_depth3_791: n_ok 0/2000 distinct_ok 0 first_hit None written_hist {} (5s; 792 done, 4s/thm, ETA 12 min)
targets_depth3_792: n_ok 0/2000 distinct_ok 0 first_hit None written_hist {} (2s; 793 done, 4s/thm, ETA 12 min)
targets_depth3_793: n_ok 1531/2000 distinct_ok 3 first_hit 1 written_hist {7: 1, 8: 2} (5s; 794 done, 4s/thm, ETA 12 min)
targets_depth3_794: n_ok 2/2000 distinct_ok 1 first_hit 972 written_hist {7: 1} (2s; 795 done, 4s/thm, ETA 12 min)
targets_depth3_795: n_ok 0/2000 distinct_ok 0 first_hit None written_hist {} (4s; 796 done, 4s/thm, ETA 12 min)
targets_depth3_796: n_ok 0/2000 distinct_ok 0 first_hit None written_hist {} (2s; 797 done, 4s/thm, ETA 12 min)
targets_depth3_797: n_ok 0/2000 distinct_ok 0 first_hit None written_hist {} (2s; 798 done, 4s/thm, ETA 12 min)
targets_depth3_798: n_ok 1951/2000 distinct_ok 1 first_hit 1 written_hist {7: 1} (3s; 799 done, 4s/thm, ETA 12 min)
targets_depth3_799: n_ok 0/2000 distinct_ok 0 first_hit None written_hist {} (5s; 800 done, 4s/thm, ETA 12 min)
targets_depth3_800: n_ok 1548/2000 distinct_ok 3 first_hit 1 written_hist {7: 1, 8: 2} (5s; 801 done, 4s/thm, ETA 12 min)
targets_depth3_801: n_ok 0/2000 distinct_ok 0 first_hit None written_hist {} (6s; 802 done, 4s/thm, ETA 12 min)
targets_depth3_802: n_ok 18/2000 distinct_ok 2 first_hit 9 written_hist {8: 2} (3s; 803 done, 4s/thm, ETA 12 min)
targets_depth3_803: n_ok 0/2000 distinct_ok 0 first_hit None written_hist {} (2s; 804 done, 4s/thm, ETA 12 min)
targets_depth3_804: n_ok 0/2000 distinct_ok 0 first_hit None written_hist {} (3s; 805 done, 4s/thm, ETA 11 min)
targets_depth3_805: n_ok 0/2000 distinct_ok 0 first_hit None written_hist {} (3s; 806 done, 4s/thm, ETA 11 min)
targets_depth3_806: n_ok 1618/2000 distinct_ok 1 first_hit 1 written_hist {7: 1} (3s; 807 done, 4s/thm, ETA 11 min)
targets_depth3_807: n_ok 10/2000 distinct_ok 1 first_hit 47 written_hist {8: 1} (4s; 808 done, 4s/thm, ETA 11 min)
targets_depth3_808: n_ok 0/2000 distinct_ok 0 first_hit None written_hist {} (8s; 809 done, 4s/thm, ETA 11 min)
targets_depth3_809: n_ok 0/2000 distinct_ok 0 first_hit None written_hist {} (4s; 810 done, 4s/thm, ETA 11 min)
targets_depth3_810: n_ok 1925/2000 distinct_ok 1 first_hit 1 written_hist {7: 1} (3s; 811 done, 4s/thm, ETA 11 min)
targets_depth3_811: n_ok 55/2000 distinct_ok 1 first_hit 27 written_hist {7: 1} (3s; 812 done, 4s/thm, ETA 11 min)
targets_depth3_812: n_ok 1882/2000 distinct_ok 1 first_hit 2 written_hist {7: 1} (2s; 813 done, 4s/thm, ETA 11 min)
targets_depth3_813: n_ok 0/2000 distinct_ok 0 first_hit None written_hist {} (2s; 814 done, 4s/thm, ETA 11 min)
targets_depth3_814: n_ok 1817/2000 distinct_ok 1 first_hit 1 written_hist {7: 1} (2s; 815 done, 4s/thm, ETA 11 min)
targets_depth3_815: n_ok 0/2000 distinct_ok 0 first_hit None written_hist {} (3s; 816 done, 4s/thm, ETA 11 min)
targets_depth3_816: n_ok 87/2000 distinct_ok 1 first_hit 19 written_hist {7: 1} (3s; 817 done, 4s/thm, ETA 11 min)
targets_depth3_817: n_ok 0/2000 distinct_ok 0 first_hit None written_hist {} (2s; 818 done, 4s/thm, ETA 11 min)
targets_depth3_818: n_ok 3/2000 distinct_ok 1 first_hit 702 written_hist {7: 1} (2s; 819 done, 4s/thm, ETA 11 min)
targets_depth3_819: n_ok 0/2000 distinct_ok 0 first_hit None written_hist {} (2s; 820 done, 4s/thm, ETA 11 min)
targets_depth3_820: n_ok 0/2000 distinct_ok 0 first_hit None written_hist {} (3s; 821 done, 4s/thm, ETA 11 min)
targets_depth3_821: n_ok 0/2000 distinct_ok 0 first_hit None written_hist {} (2s; 822 done, 4s/thm, ETA 10 min)
targets_depth3_822: n_ok 0/2000 distinct_ok 0 first_hit None written_hist {} (2s; 823 done, 4s/thm, ETA 10 min)
targets_depth3_823: n_ok 0/2000 distinct_ok 0 first_hit None written_hist {} (11s; 824 done, 4s/thm, ETA 10 min)
targets_depth3_824: n_ok 0/2000 distinct_ok 0 first_hit None written_hist {} (3s; 825 done, 4s/thm, ETA 10 min)
targets_depth3_825: n_ok 0/2000 distinct_ok 0 first_hit None written_hist {} (3s; 826 done, 4s/thm, ETA 10 min)
targets_depth3_826: n_ok 0/2000 distinct_ok 0 first_hit None written_hist {} (6s; 827 done, 4s/thm, ETA 10 min)
targets_depth3_827: n_ok 6/2000 distinct_ok 1 first_hit 323 written_hist {8: 1} (4s; 828 done, 4s/thm, ETA 10 min)
targets_depth3_828: n_ok 0/2000 distinct_ok 0 first_hit None written_hist {} (2s; 829 done, 4s/thm, ETA 10 min)
targets_depth3_829: n_ok 1878/2000 distinct_ok 2 first_hit 1 written_hist {7: 1, 8: 1} (3s; 830 done, 4s/thm, ETA 10 min)
targets_depth3_830: n_ok 0/2000 distinct_ok 0 first_hit None written_hist {} (3s; 831 done, 4s/thm, ETA 10 min)
targets_depth3_831: n_ok 0/2000 distinct_ok 0 first_hit None written_hist {} (5s; 832 done, 4s/thm, ETA 10 min)
targets_depth3_832: n_ok 0/2000 distinct_ok 0 first_hit None written_hist {} (11s; 833 done, 4s/thm, ETA 10 min)
targets_depth3_833: n_ok 47/2000 distinct_ok 1 first_hit 26 written_hist {7: 1} (4s; 834 done, 4s/thm, ETA 10 min)
targets_depth3_834: n_ok 0/2000 distinct_ok 0 first_hit None written_hist {} (3s; 835 done, 4s/thm, ETA 10 min)
targets_depth3_835: n_ok 131/2000 distinct_ok 1 first_hit 16 written_hist {7: 1} (3s; 836 done, 4s/thm, ETA 10 min)
targets_depth3_836: n_ok 517/2000 distinct_ok 9 first_hit 1 written_hist {7: 9} (2s; 837 done, 4s/thm, ETA 10 min)
targets_depth3_837: n_ok 952/2000 distinct_ok 1 first_hit 1 written_hist {7: 1} (5s; 838 done, 4s/thm, ETA 10 min)
targets_depth3_838: n_ok 1987/2000 distinct_ok 2 first_hit 1 written_hist {7: 2} (3s; 839 done, 4s/thm, ETA 10 min)
targets_depth3_839: n_ok 739/2000 distinct_ok 1 first_hit 1 written_hist {7: 1} (3s; 840 done, 4s/thm, ETA 9 min)
targets_depth3_840: n_ok 0/2000 distinct_ok 0 first_hit None written_hist {} (2s; 841 done, 4s/thm, ETA 9 min)
targets_depth3_841: n_ok 0/2000 distinct_ok 0 first_hit None written_hist {} (3s; 842 done, 4s/thm, ETA 9 min)
targets_depth3_842: n_ok 0/2000 distinct_ok 0 first_hit None written_hist {} (4s; 843 done, 4s/thm, ETA 9 min)
targets_depth3_843: n_ok 0/2000 distinct_ok 0 first_hit None written_hist {} (4s; 844 done, 4s/thm, ETA 9 min)
targets_depth3_844: n_ok 1835/2000 distinct_ok 1 first_hit 2 written_hist {7: 1} (6s; 845 done, 4s/thm, ETA 9 min)
targets_depth3_845: n_ok 16/2000 distinct_ok 1 first_hit 296 written_hist {7: 1} (6s; 846 done, 4s/thm, ETA 9 min)
targets_depth3_846: n_ok 1951/2000 distinct_ok 3 first_hit 1 written_hist {7: 1, 8: 2} (2s; 847 done, 4s/thm, ETA 9 min)
targets_depth3_847: n_ok 0/2000 distinct_ok 0 first_hit None written_hist {} (2s; 848 done, 4s/thm, ETA 9 min)
targets_depth3_848: n_ok 0/2000 distinct_ok 0 first_hit None written_hist {} (3s; 849 done, 4s/thm, ETA 9 min)
targets_depth3_849: n_ok 18/2000 distinct_ok 1 first_hit 20 written_hist {8: 1} (2s; 850 done, 4s/thm, ETA 9 min)
targets_depth3_850: n_ok 0/2000 distinct_ok 0 first_hit None written_hist {} (8s; 851 done, 4s/thm, ETA 9 min)
targets_depth3_851: n_ok 911/2000 distinct_ok 3 first_hit 2 written_hist {7: 1, 8: 2} (4s; 852 done, 4s/thm, ETA 9 min)
targets_depth3_852: n_ok 0/2000 distinct_ok 0 first_hit None written_hist {} (3s; 853 done, 4s/thm, ETA 9 min)
targets_depth3_853: n_ok 0/2000 distinct_ok 0 first_hit None written_hist {} (5s; 854 done, 4s/thm, ETA 9 min)
targets_depth3_854: n_ok 1283/2000 distinct_ok 1 first_hit 1 written_hist {7: 1} (5s; 855 done, 4s/thm, ETA 9 min)
targets_depth3_855: n_ok 0/2000 distinct_ok 0 first_hit None written_hist {} (2s; 856 done, 4s/thm, ETA 9 min)
targets_depth3_856: n_ok 0/2000 distinct_ok 0 first_hit None written_hist {} (3s; 857 done, 4s/thm, ETA 8 min)
targets_depth3_857: n_ok 1921/2000 distinct_ok 1 first_hit 1 written_hist {7: 1} (3s; 858 done, 4s/thm, ETA 8 min)
targets_depth3_858: n_ok 0/2000 distinct_ok 0 first_hit None written_hist {} (5s; 859 done, 4s/thm, ETA 8 min)
targets_depth3_859: n_ok 1987/2000 distinct_ok 1 first_hit 1 written_hist {7: 1} (3s; 860 done, 4s/thm, ETA 8 min)
targets_depth3_860: n_ok 1903/2000 distinct_ok 1 first_hit 1 written_hist {7: 1} (3s; 861 done, 4s/thm, ETA 8 min)
targets_depth3_861: n_ok 0/2000 distinct_ok 0 first_hit None written_hist {} (5s; 862 done, 4s/thm, ETA 8 min)
targets_depth3_862: n_ok 0/2000 distinct_ok 0 first_hit None written_hist {} (2s; 863 done, 4s/thm, ETA 8 min)
targets_depth3_863: n_ok 4/2000 distinct_ok 1 first_hit 1338 written_hist {7: 1} (4s; 864 done, 4s/thm, ETA 8 min)
targets_depth3_864: n_ok 0/2000 distinct_ok 0 first_hit None written_hist {} (3s; 865 done, 4s/thm, ETA 8 min)
targets_depth3_865: n_ok 1973/2000 distinct_ok 1 first_hit 1 written_hist {7: 1} (4s; 866 done, 4s/thm, ETA 8 min)
targets_depth3_866: n_ok 1683/2000 distinct_ok 2 first_hit 1 written_hist {7: 2} (3s; 867 done, 4s/thm, ETA 8 min)
targets_depth3_867: n_ok 1144/2000 distinct_ok 5 first_hit 1 written_hist {7: 2, 8: 3} (2s; 868 done, 4s/thm, ETA 8 min)
targets_depth3_868: n_ok 1989/2000 distinct_ok 1 first_hit 1 written_hist {7: 1} (5s; 869 done, 4s/thm, ETA 8 min)
targets_depth3_869: n_ok 17/2000 distinct_ok 1 first_hit 126 written_hist {7: 1} (3s; 870 done, 4s/thm, ETA 8 min)
targets_depth3_870: n_ok 0/2000 distinct_ok 0 first_hit None written_hist {} (4s; 871 done, 4s/thm, ETA 8 min)
targets_depth3_871: n_ok 538/2000 distinct_ok 1 first_hit 8 written_hist {7: 1} (3s; 872 done, 4s/thm, ETA 8 min)
targets_depth3_872: n_ok 1965/2000 distinct_ok 1 first_hit 1 written_hist {7: 1} (3s; 873 done, 4s/thm, ETA 8 min)
targets_depth3_873: n_ok 777/2000 distinct_ok 2 first_hit 7 written_hist {7: 2} (3s; 874 done, 4s/thm, ETA 7 min)
targets_depth3_874: n_ok 8/2000 distinct_ok 1 first_hit 33 written_hist {8: 1} (3s; 875 done, 4s/thm, ETA 7 min)
targets_depth3_875: n_ok 0/2000 distinct_ok 0 first_hit None written_hist {} (4s; 876 done, 4s/thm, ETA 7 min)
targets_depth3_876: n_ok 847/2000 distinct_ok 6 first_hit 1 written_hist {7: 6} (2s; 877 done, 4s/thm, ETA 7 min)
targets_depth3_877: n_ok 1750/2000 distinct_ok 3 first_hit 1 written_hist {7: 1, 8: 2} (2s; 878 done, 4s/thm, ETA 7 min)
targets_depth3_878: n_ok 8/2000 distinct_ok 1 first_hit 751 written_hist {8: 1} (4s; 879 done, 4s/thm, ETA 7 min)
targets_depth3_879: n_ok 0/2000 distinct_ok 0 first_hit None written_hist {} (6s; 880 done, 4s/thm, ETA 7 min)
targets_depth3_880: n_ok 1559/2000 distinct_ok 2 first_hit 1 written_hist {7: 2} (2s; 881 done, 4s/thm, ETA 7 min)
targets_depth3_881: n_ok 1095/2000 distinct_ok 1 first_hit 1 written_hist {7: 1} (6s; 882 done, 4s/thm, ETA 7 min)
targets_depth3_882: n_ok 344/2000 distinct_ok 1 first_hit 1 written_hist {7: 1} (4s; 883 done, 4s/thm, ETA 7 min)
targets_depth3_883: n_ok 0/2000 distinct_ok 0 first_hit None written_hist {} (2s; 884 done, 4s/thm, ETA 7 min)
targets_depth3_884: n_ok 1716/2000 distinct_ok 1 first_hit 1 written_hist {7: 1} (4s; 885 done, 4s/thm, ETA 7 min)
targets_depth3_885: n_ok 0/2000 distinct_ok 0 first_hit None written_hist {} (2s; 886 done, 4s/thm, ETA 7 min)
targets_depth3_886: n_ok 413/2000 distinct_ok 2 first_hit 6 written_hist {7: 1, 8: 1} (5s; 887 done, 4s/thm, ETA 7 min)
targets_depth3_887: n_ok 5/2000 distinct_ok 1 first_hit 553 written_hist {7: 1} (7s; 888 done, 4s/thm, ETA 7 min)
targets_depth3_888: n_ok 1849/2000 distinct_ok 8 first_hit 3 written_hist {7: 4, 8: 4} (2s; 889 done, 4s/thm, ETA 7 min)
targets_depth3_889: n_ok 0/2000 distinct_ok 0 first_hit None written_hist {} (2s; 890 done, 4s/thm, ETA 6 min)
targets_depth3_890: n_ok 0/2000 distinct_ok 0 first_hit None written_hist {} (4s; 891 done, 4s/thm, ETA 6 min)
targets_depth3_891: n_ok 0/2000 distinct_ok 0 first_hit None written_hist {} (3s; 892 done, 4s/thm, ETA 6 min)
targets_depth3_892: n_ok 1178/2000 distinct_ok 2 first_hit 1 written_hist {7: 2} (5s; 893 done, 4s/thm, ETA 6 min)
targets_depth3_893: n_ok 0/2000 distinct_ok 0 first_hit None written_hist {} (2s; 894 done, 4s/thm, ETA 6 min)
targets_depth3_894: n_ok 0/2000 distinct_ok 0 first_hit None written_hist {} (3s; 895 done, 4s/thm, ETA 6 min)
targets_depth3_895: n_ok 1948/2000 distinct_ok 1 first_hit 1 written_hist {7: 1} (6s; 896 done, 4s/thm, ETA 6 min)
targets_depth3_896: n_ok 7/2000 distinct_ok 1 first_hit 723 written_hist {7: 1} (3s; 897 done, 4s/thm, ETA 6 min)
targets_depth3_897: n_ok 1566/2000 distinct_ok 1 first_hit 1 written_hist {7: 1} (3s; 898 done, 4s/thm, ETA 6 min)
targets_depth3_898: n_ok 0/2000 distinct_ok 0 first_hit None written_hist {} (3s; 899 done, 4s/thm, ETA 6 min)
targets_depth3_899: n_ok 16/2000 distinct_ok 1 first_hit 11 written_hist {7: 1} (3s; 900 done, 4s/thm, ETA 6 min)
targets_depth3_900: n_ok 0/2000 distinct_ok 0 first_hit None written_hist {} (3s; 901 done, 4s/thm, ETA 6 min)
targets_depth3_901: n_ok 114/2000 distinct_ok 3 first_hit 4 written_hist {7: 1, 8: 2} (1s; 902 done, 4s/thm, ETA 6 min)
targets_depth3_902: n_ok 448/2000 distinct_ok 3 first_hit 1 written_hist {7: 2, 8: 1} (2s; 903 done, 4s/thm, ETA 6 min)
targets_depth3_903: n_ok 1779/2000 distinct_ok 1 first_hit 1 written_hist {7: 1} (3s; 904 done, 4s/thm, ETA 6 min)
targets_depth3_904: n_ok 3/2000 distinct_ok 1 first_hit 714 written_hist {7: 1} (3s; 905 done, 4s/thm, ETA 6 min)
targets_depth3_905: n_ok 120/2000 distinct_ok 1 first_hit 15 written_hist {7: 1} (4s; 906 done, 4s/thm, ETA 6 min)
targets_depth3_906: n_ok 1925/2000 distinct_ok 1 first_hit 1 written_hist {7: 1} (3s; 907 done, 4s/thm, ETA 5 min)
targets_depth3_907: n_ok 1563/2000 distinct_ok 3 first_hit 1 written_hist {7: 3} (3s; 908 done, 4s/thm, ETA 5 min)
targets_depth3_908: n_ok 0/2000 distinct_ok 0 first_hit None written_hist {} (4s; 909 done, 4s/thm, ETA 5 min)
targets_depth3_909: n_ok 19/2000 distinct_ok 1 first_hit 70 written_hist {7: 1} (2s; 910 done, 4s/thm, ETA 5 min)
targets_depth3_910: n_ok 0/2000 distinct_ok 0 first_hit None written_hist {} (5s; 911 done, 4s/thm, ETA 5 min)
targets_depth3_911: n_ok 1876/2000 distinct_ok 3 first_hit 1 written_hist {7: 3} (2s; 912 done, 4s/thm, ETA 5 min)
targets_depth3_912: n_ok 1668/2000 distinct_ok 1 first_hit 1 written_hist {7: 1} (7s; 913 done, 4s/thm, ETA 5 min)
targets_depth3_913: n_ok 1999/2000 distinct_ok 2 first_hit 1 written_hist {7: 2} (3s; 914 done, 4s/thm, ETA 5 min)
targets_depth3_914: n_ok 9/2000 distinct_ok 1 first_hit 5 written_hist {8: 1} (2s; 915 done, 4s/thm, ETA 5 min)
targets_depth3_915: n_ok 0/2000 distinct_ok 0 first_hit None written_hist {} (3s; 916 done, 4s/thm, ETA 5 min)
targets_depth3_916: n_ok 0/2000 distinct_ok 0 first_hit None written_hist {} (3s; 917 done, 4s/thm, ETA 5 min)
targets_depth3_917: n_ok 0/2000 distinct_ok 0 first_hit None written_hist {} (3s; 918 done, 4s/thm, ETA 5 min)
targets_depth3_918: n_ok 385/2000 distinct_ok 1 first_hit 2 written_hist {7: 1} (3s; 919 done, 4s/thm, ETA 5 min)
targets_depth3_919: n_ok 0/2000 distinct_ok 0 first_hit None written_hist {} (4s; 920 done, 4s/thm, ETA 5 min)
targets_depth3_920: n_ok 1868/2000 distinct_ok 1 first_hit 1 written_hist {7: 1} (4s; 921 done, 4s/thm, ETA 5 min)
targets_depth3_921: n_ok 0/2000 distinct_ok 0 first_hit None written_hist {} (3s; 922 done, 4s/thm, ETA 5 min)
targets_depth3_922: n_ok 1563/2000 distinct_ok 2 first_hit 1 written_hist {7: 2} (6s; 923 done, 4s/thm, ETA 5 min)
targets_depth3_923: n_ok 1892/2000 distinct_ok 2 first_hit 1 written_hist {7: 1, 8: 1} (2s; 924 done, 4s/thm, ETA 4 min)
targets_depth3_924: n_ok 0/2000 distinct_ok 0 first_hit None written_hist {} (3s; 925 done, 4s/thm, ETA 4 min)
targets_depth3_925: n_ok 0/2000 distinct_ok 0 first_hit None written_hist {} (1s; 926 done, 4s/thm, ETA 4 min)
targets_depth3_926: n_ok 0/2000 distinct_ok 0 first_hit None written_hist {} (7s; 927 done, 4s/thm, ETA 4 min)
targets_depth3_927: n_ok 167/2000 distinct_ok 2 first_hit 10 written_hist {7: 2} (3s; 928 done, 4s/thm, ETA 4 min)
targets_depth3_928: n_ok 0/2000 distinct_ok 0 first_hit None written_hist {} (4s; 929 done, 4s/thm, ETA 4 min)
targets_depth3_929: n_ok 1946/2000 distinct_ok 1 first_hit 1 written_hist {7: 1} (3s; 930 done, 4s/thm, ETA 4 min)
targets_depth3_930: n_ok 0/2000 distinct_ok 0 first_hit None written_hist {} (4s; 931 done, 4s/thm, ETA 4 min)
targets_depth3_931: n_ok 0/2000 distinct_ok 0 first_hit None written_hist {} (7s; 932 done, 4s/thm, ETA 4 min)
targets_depth3_932: n_ok 512/2000 distinct_ok 1 first_hit 1 written_hist {7: 1} (3s; 933 done, 4s/thm, ETA 4 min)
targets_depth3_933: n_ok 0/2000 distinct_ok 0 first_hit None written_hist {} (3s; 934 done, 4s/thm, ETA 4 min)
targets_depth3_934: n_ok 1907/2000 distinct_ok 2 first_hit 1 written_hist {7: 2} (3s; 935 done, 4s/thm, ETA 4 min)
targets_depth3_935: n_ok 554/2000 distinct_ok 1 first_hit 1 written_hist {7: 1} (4s; 936 done, 4s/thm, ETA 4 min)
targets_depth3_936: n_ok 1942/2000 distinct_ok 1 first_hit 1 written_hist {7: 1} (4s; 937 done, 4s/thm, ETA 4 min)
targets_depth3_937: n_ok 1591/2000 distinct_ok 2 first_hit 1 written_hist {7: 1, 8: 1} (2s; 938 done, 4s/thm, ETA 4 min)
targets_depth3_938: n_ok 1690/2000 distinct_ok 2 first_hit 1 written_hist {7: 1, 8: 1} (2s; 939 done, 4s/thm, ETA 4 min)
targets_depth3_939: n_ok 0/2000 distinct_ok 0 first_hit None written_hist {} (2s; 940 done, 4s/thm, ETA 4 min)
targets_depth3_940: n_ok 0/2000 distinct_ok 0 first_hit None written_hist {} (3s; 941 done, 4s/thm, ETA 3 min)
targets_depth3_941: n_ok 0/2000 distinct_ok 0 first_hit None written_hist {} (3s; 942 done, 4s/thm, ETA 3 min)
targets_depth3_942: n_ok 1959/2000 distinct_ok 1 first_hit 2 written_hist {7: 1} (5s; 943 done, 4s/thm, ETA 3 min)
targets_depth3_943: n_ok 0/2000 distinct_ok 0 first_hit None written_hist {} (4s; 944 done, 4s/thm, ETA 3 min)
targets_depth3_944: n_ok 0/2000 distinct_ok 0 first_hit None written_hist {} (2s; 945 done, 4s/thm, ETA 3 min)
targets_depth3_945: n_ok 0/2000 distinct_ok 0 first_hit None written_hist {} (3s; 946 done, 4s/thm, ETA 3 min)
targets_depth3_946: n_ok 0/2000 distinct_ok 0 first_hit None written_hist {} (3s; 947 done, 4s/thm, ETA 3 min)
targets_depth3_947: n_ok 1562/2000 distinct_ok 2 first_hit 1 written_hist {7: 2} (1s; 948 done, 4s/thm, ETA 3 min)
targets_depth3_948: n_ok 1541/2000 distinct_ok 4 first_hit 1 written_hist {7: 2, 8: 2} (2s; 949 done, 4s/thm, ETA 3 min)
targets_depth3_949: n_ok 0/2000 distinct_ok 0 first_hit None written_hist {} (3s; 950 done, 4s/thm, ETA 3 min)
targets_depth3_950: n_ok 1866/2000 distinct_ok 1 first_hit 1 written_hist {7: 1} (5s; 951 done, 4s/thm, ETA 3 min)
targets_depth3_951: n_ok 0/2000 distinct_ok 0 first_hit None written_hist {} (3s; 952 done, 4s/thm, ETA 3 min)
targets_depth3_952: n_ok 27/2000 distinct_ok 2 first_hit 127 written_hist {8: 2} (2s; 953 done, 4s/thm, ETA 3 min)
targets_depth3_953: n_ok 634/2000 distinct_ok 1 first_hit 2 written_hist {7: 1} (3s; 954 done, 4s/thm, ETA 3 min)
targets_depth3_954: n_ok 0/2000 distinct_ok 0 first_hit None written_hist {} (3s; 955 done, 4s/thm, ETA 3 min)
targets_depth3_955: n_ok 1216/2000 distinct_ok 3 first_hit 1 written_hist {7: 3} (4s; 956 done, 4s/thm, ETA 3 min)
targets_depth3_956: n_ok 33/2000 distinct_ok 3 first_hit 30 written_hist {7: 2, 8: 1} (2s; 957 done, 4s/thm, ETA 3 min)
targets_depth3_957: n_ok 0/2000 distinct_ok 0 first_hit None written_hist {} (3s; 958 done, 4s/thm, ETA 2 min)
targets_depth3_958: n_ok 0/2000 distinct_ok 0 first_hit None written_hist {} (2s; 959 done, 4s/thm, ETA 2 min)
targets_depth3_959: n_ok 1/2000 distinct_ok 1 first_hit 1932 written_hist {8: 1} (2s; 960 done, 4s/thm, ETA 2 min)
targets_depth3_960: n_ok 0/2000 distinct_ok 0 first_hit None written_hist {} (4s; 961 done, 4s/thm, ETA 2 min)
targets_depth3_961: n_ok 1444/2000 distinct_ok 10 first_hit 1 written_hist {7: 9, 8: 1} (1s; 962 done, 4s/thm, ETA 2 min)
targets_depth3_962: n_ok 90/2000 distinct_ok 1 first_hit 10 written_hist {7: 1} (3s; 963 done, 4s/thm, ETA 2 min)
targets_depth3_963: n_ok 0/2000 distinct_ok 0 first_hit None written_hist {} (5s; 964 done, 4s/thm, ETA 2 min)
targets_depth3_964: n_ok 827/2000 distinct_ok 1 first_hit 1 written_hist {7: 1} (3s; 965 done, 4s/thm, ETA 2 min)
targets_depth3_965: n_ok 789/2000 distinct_ok 1 first_hit 2 written_hist {7: 1} (6s; 966 done, 4s/thm, ETA 2 min)
targets_depth3_966: n_ok 0/2000 distinct_ok 0 first_hit None written_hist {} (4s; 967 done, 4s/thm, ETA 2 min)
targets_depth3_967: n_ok 1954/2000 distinct_ok 1 first_hit 1 written_hist {7: 1} (2s; 968 done, 4s/thm, ETA 2 min)
targets_depth3_968: n_ok 0/2000 distinct_ok 0 first_hit None written_hist {} (4s; 969 done, 4s/thm, ETA 2 min)
targets_depth3_969: n_ok 0/2000 distinct_ok 0 first_hit None written_hist {} (2s; 970 done, 4s/thm, ETA 2 min)
targets_depth3_970: n_ok 1827/2000 distinct_ok 1 first_hit 1 written_hist {7: 1} (3s; 971 done, 4s/thm, ETA 2 min)
targets_depth3_971: n_ok 0/2000 distinct_ok 0 first_hit None written_hist {} (5s; 972 done, 4s/thm, ETA 2 min)
targets_depth3_972: n_ok 394/2000 distinct_ok 4 first_hit 2 written_hist {8: 4} (3s; 973 done, 4s/thm, ETA 2 min)
targets_depth3_973: n_ok 1964/2000 distinct_ok 1 first_hit 1 written_hist {7: 1} (3s; 974 done, 4s/thm, ETA 2 min)
targets_depth3_974: n_ok 0/2000 distinct_ok 0 first_hit None written_hist {} (2s; 975 done, 4s/thm, ETA 1 min)
targets_depth3_975: n_ok 0/2000 distinct_ok 0 first_hit None written_hist {} (3s; 976 done, 4s/thm, ETA 1 min)
targets_depth3_976: n_ok 0/2000 distinct_ok 0 first_hit None written_hist {} (3s; 977 done, 4s/thm, ETA 1 min)
targets_depth3_977: n_ok 0/2000 distinct_ok 0 first_hit None written_hist {} (2s; 978 done, 4s/thm, ETA 1 min)
targets_depth3_978: n_ok 0/2000 distinct_ok 0 first_hit None written_hist {} (3s; 979 done, 4s/thm, ETA 1 min)
targets_depth3_979: n_ok 437/2000 distinct_ok 1 first_hit 2 written_hist {7: 1} (5s; 980 done, 4s/thm, ETA 1 min)
targets_depth3_980: n_ok 0/2000 distinct_ok 0 first_hit None written_hist {} (3s; 981 done, 4s/thm, ETA 1 min)
targets_depth3_981: n_ok 1834/2000 distinct_ok 1 first_hit 1 written_hist {7: 1} (4s; 982 done, 4s/thm, ETA 1 min)
targets_depth3_982: n_ok 0/2000 distinct_ok 0 first_hit None written_hist {} (3s; 983 done, 4s/thm, ETA 1 min)
targets_depth3_983: n_ok 0/2000 distinct_ok 0 first_hit None written_hist {} (3s; 984 done, 4s/thm, ETA 1 min)
targets_depth3_984: n_ok 0/2000 distinct_ok 0 first_hit None written_hist {} (3s; 985 done, 4s/thm, ETA 1 min)
targets_depth3_985: n_ok 0/2000 distinct_ok 0 first_hit None written_hist {} (4s; 986 done, 4s/thm, ETA 1 min)
targets_depth3_986: n_ok 211/2000 distinct_ok 1 first_hit 10 written_hist {7: 1} (4s; 987 done, 4s/thm, ETA 1 min)
targets_depth3_987: n_ok 1941/2000 distinct_ok 8 first_hit 1 written_hist {7: 4, 8: 4} (2s; 988 done, 4s/thm, ETA 1 min)
targets_depth3_988: n_ok 1970/2000 distinct_ok 2 first_hit 1 written_hist {7: 2} (3s; 989 done, 4s/thm, ETA 1 min)
targets_depth3_989: n_ok 0/2000 distinct_ok 0 first_hit None written_hist {} (4s; 990 done, 4s/thm, ETA 1 min)
targets_depth3_990: n_ok 0/2000 distinct_ok 0 first_hit None written_hist {} (3s; 991 done, 4s/thm, ETA 1 min)
targets_depth3_991: n_ok 0/2000 distinct_ok 0 first_hit None written_hist {} (1s; 992 done, 4s/thm, ETA 0 min)
targets_depth3_992: n_ok 0/2000 distinct_ok 0 first_hit None written_hist {} (2s; 993 done, 4s/thm, ETA 0 min)
targets_depth3_993: n_ok 4/2000 distinct_ok 1 first_hit 792 written_hist {8: 1} (3s; 994 done, 4s/thm, ETA 0 min)
targets_depth3_994: n_ok 738/2000 distinct_ok 2 first_hit 1 written_hist {7: 1, 8: 1} (2s; 995 done, 4s/thm, ETA 0 min)
targets_depth3_995: n_ok 143/2000 distinct_ok 1 first_hit 15 written_hist {7: 1} (2s; 996 done, 4s/thm, ETA 0 min)
targets_depth3_996: n_ok 0/2000 distinct_ok 0 first_hit None written_hist {} (3s; 997 done, 4s/thm, ETA 0 min)
targets_depth3_997: n_ok 0/2000 distinct_ok 0 first_hit None written_hist {} (3s; 998 done, 4s/thm, ETA 0 min)
targets_depth3_998: n_ok 0/2000 distinct_ok 0 first_hit None written_hist {} (3s; 999 done, 4s/thm, ETA 0 min)
targets_depth3_999: n_ok 1288/2000 distinct_ok 1 first_hit 3 written_hist {7: 1} (3s; 1000 done, 4s/thm, ETA 0 min)
DONE
END 2026-09-23T22:31:23Z
